[00:17:04] 🚀 BMS DAILY TRACKER STARTED (enhanced anti‑detection)
[00:17:04] [1/445] TGMR
[00:17:04] 🧠 New identity created
[00:17:05] [2/445] CXKR
[00:17:05] [3/445] SROP
[00:17:06] [4/445] GTSV
[00:17:07] [5/445] SNTY
[00:17:08] [6/445] SMYY
[00:17:09] [7/445] CNCS
[00:17:11] [8/445] CSTM
[00:17:12] [9/445] NUCD
[00:17:12] [10/445] SHCZ
[00:17:13] 🔄 Identity reset
[00:17:13] 🔄 Identity rotated (every 10 requests)
[00:17:13] 🔄 Retry 1/5 for SHCZ in 2.1s
[00:17:13] 🔄 Identity reset
[00:17:15] 🧠 New identity created
[00:17:15] [11/445] NJCT
[00:17:16] [12/445] COPC
[00:17:17] [13/445] STVV
[00:17:18] [14/445] SKRN
[00:17:19] [15/445] APPZ
[00:17:20] [16/445] YMGN
[00:17:21] [17/445] SVTU
[00:17:21] [18/445] GTAD
[00:17:23] [19/445] PSUS
[00:17:24] 🔄 Identity reset
[00:17:24] 🔄 Identity rotated (every 10 requests)
[00:17:24] 🔄 Retry 1/5 for PSUS in 2.2s
[00:17:24] 🔄 Identity reset
[00:17:26] 🧠 New identity created
[00:17:27] [20/445] SMCD
[00:17:28] [21/445] CMCM
[00:17:29] [22/445] SYCT
[00:17:30] [23/445] STLY
[00:17:31] [24/445] CMHU
[00:17:32] [25/445] CMSA
[00:17:33] [26/445] CLCU
[00:17:33] [27/445] PPNT
[00:17:34] [28/445] JTAB
[00:17:35] 🔄 Identity reset
[00:17:35] 🔄 Identity rotated (every 10 requests)
[00:17:35] [29/445] BUUC
[00:17:36] [30/445] BSVK
[00:17:37] [31/445] VVVQ
[00:17:38] [32/445] TKMU
[00:17:39] [33/445] ESYL
[00:17:40] [34/445] ACHP
[00:17:40] [35/445] BTKD
[00:17:41] [36/445] DESA
[00:17:42] [37/445] GBCT
[00:17:43] [38/445] BLLD
[00:17:43] 🔄 Identity reset
[00:17:43] 🔄 Identity rotated (every 10 requests)
[00:17:44] [39/445] SKNT
[00:17:44] [40/445] SSTE
[00:17:46] [41/445] VJMR
[00:17:47] [42/445] NTPU
[00:17:48] [43/445] RDKN
[00:17:49] [44/445] ADGC
[00:17:49] [45/445] VRBP
[00:17:50] [46/445] NMNA
[00:17:51] [47/445] CMMX
[00:17:52] [48/445] PTKO
[00:17:52] 🔄 Identity reset
[00:17:52] 🔄 Identity rotated (every 10 requests)
[00:17:52] 🔄 Retry 1/5 for PTKO in 2.4s
[00:17:52] 🔄 Identity reset
[00:17:55] 🧠 New identity created
[00:17:55] [49/445] RBML
[00:17:57] [50/445] SAIC
[00:17:58] [51/445] SVTJ
[00:17:59] [52/445] MRTE
[00:17:59] [53/445] RBTP
[00:18:00] [54/445] NLPS
[00:18:01] [55/445] GTNA
[00:18:02] [56/445] DGGC
[00:18:03] [57/445] SMCR
[00:18:03] 🔄 Identity reset
[00:18:03] 🔄 Identity rotated (every 10 requests)
[00:18:03] 🔄 Retry 1/5 for SMCR in 2.4s
[00:18:03] 🔄 Identity reset
[00:18:06] 🧠 New identity created
[00:18:06] [58/445] SCGD
[00:18:07] [59/445] SRRJ
[00:18:08] [60/445] CNRY
[00:18:09] [61/445] KTDI
[00:18:10] [62/445] SNJL
[00:18:11] [63/445] RKMD
[00:18:12] [64/445] SMDC
[00:18:13] [65/445] TADG
[00:18:14] [66/445] MCGS
[00:18:14] 🔄 Identity reset
[00:18:14] 🔄 Identity rotated (every 10 requests)
[00:18:14] 🔄 Retry 1/5 for MCGS in 2.2s
[00:18:14] 🔄 Identity reset
[00:18:16] 🧠 New identity created
[00:18:17] [67/445] PETK
[00:18:18] [68/445] CHAG
[00:18:18] [69/445] KSTL
[00:18:19] [70/445] AADS
[00:18:21] [71/445] NTHZ
[00:18:22] [72/445] HCKI
[00:18:24] [73/445] SSEF
[00:18:25] [74/445] MCGX
[00:18:26] [75/445] ERRA
[00:18:27] 🔄 Identity reset
[00:18:27] 🔄 Identity rotated (every 10 requests)
[00:18:27] [76/445] SDTW
[00:18:28] [77/445] RMPK
[00:18:29] [78/445] PTHK
[00:18:30] [79/445] PXCS
[00:18:31] [80/445] SVLU
[00:18:32] [81/445] STAH
[00:18:33] [82/445] JRGF
[00:18:34] [83/445] CDOK
[00:18:35] [84/445] CMSG
[00:18:36] [85/445] APTD
[00:18:36] 🔄 Identity reset
[00:18:36] 🔄 Identity rotated (every 10 requests)
[00:18:36] 🔄 Retry 1/5 for APTD in 2.9s
[00:18:36] 🔄 Identity reset
[00:18:39] 🧠 New identity created
[00:18:39] 🔄 Retry 2/5 for APTD in 4.1s
[00:18:39] 🔄 Identity reset
[00:18:43] 🧠 New identity created
[00:18:43] 🔄 Retry 3/5 for APTD in 8.8s
[00:18:43] 🔄 Identity reset
[00:18:52] 🧠 New identity created
[00:18:52] 🔄 Retry 4/5 for APTD in 16.3s
[00:18:52] 🔄 Identity reset
[00:19:09] 🧠 New identity created
[00:19:09] ❌ APTD failed after 5 attempts
[00:19:09] 🔄 Identity reset
[00:19:09] ❌ APTD final failure | RuntimeError | HTTP 403
[00:19:09] [86/445] KMPG
[00:19:10] 🧠 New identity created
[00:19:10] [87/445] MUTJ
[00:19:11] [88/445] VCCI
[00:19:12] [89/445] URBE
[00:19:13] [90/445] TCTS
[00:19:13] [91/445] STSN
[00:19:14] 🔄 Identity reset
[00:19:14] 🔄 Identity rotated (every 10 requests)
[00:19:14] 🔄 Retry 1/5 for STSN in 2.4s
[00:19:14] 🔄 Identity reset
[00:19:16] 🧠 New identity created
[00:19:16] 🔄 Retry 2/5 for STSN in 4.9s
[00:19:16] 🔄 Identity reset
[00:19:21] 🧠 New identity created
[00:19:22] [92/445] AKCH
[00:19:22] [93/445] APSC
[00:19:24] [94/445] VLTB
[00:19:26] [95/445] SANU
[00:19:27] [96/445] AXAM
[00:19:28] [97/445] MGMG
[00:19:28] [98/445] HTBY
[00:19:29] [99/445] MMZS
[00:19:30] 🔄 Identity reset
[00:19:30] 🔄 Identity rotated (every 10 requests)
[00:19:30] [100/445] SUDR
[00:19:31] [101/445] CCAD
[00:19:32] [102/445] SKKC
[00:19:33] [103/445] RMCD
[00:19:34] [104/445] SBCQ
[00:19:35] [105/445] DCCT
[00:19:36] [106/445] VTKP
[00:19:36] [107/445] MLAM
[00:19:37] [108/445] SAVT
[00:19:38] [109/445] GEPL
[00:19:39] 🔄 Identity reset
[00:19:39] 🔄 Identity rotated (every 10 requests)
[00:19:39] [110/445] AMCD
[00:19:40] [111/445] CCXR
[00:19:41] [112/445] GRNG
[00:19:42] [113/445] EBCA
[00:19:43] [114/445] CNVG
[00:19:44] [115/445] MWSS
[00:19:45] [116/445] VBOR
[00:19:45] [117/445] NEEB
[00:19:46] [118/445] SUTH
[00:19:48] [119/445] ANDB
[00:19:49] 🔄 Identity reset
[00:19:49] 🔄 Identity rotated (every 10 requests)
[00:19:49] [120/445] MMXS
[00:19:50] [121/445] CNPD
[00:19:51] [122/445] SDCE
[00:19:52] [123/445] DHCB
[00:19:52] [124/445] ODEN
[00:19:53] [125/445] TNTC
[00:19:54] [126/445] VBKM
[00:19:55] [127/445] RZYM
[00:19:56] [128/445] JEMC
[00:19:57] [129/445] CMAU
[00:19:57] 🔄 Identity reset
[00:19:57] 🔄 Identity rotated (every 10 requests)
[00:19:58] [130/445] SIVP
[00:19:59] [131/445] ATAG
[00:20:00] [132/445] CHTM
[00:20:01] [133/445] AAEE
[00:20:02] [134/445] IWPM
[00:20:02] [135/445] KCMW
[00:20:03] [136/445] MCTD
[00:20:04] [137/445] SPWR
[00:20:05] [138/445] SDPO
[00:20:06] [139/445] PCSK
[00:20:07] 🔄 Identity reset
[00:20:07] 🔄 Identity rotated (every 10 requests)
[00:20:07] [140/445] ACHV
[00:20:08] [141/445] SVLA
[00:20:09] [142/445] PICT
[00:20:10] [143/445] BXDR
[00:20:11] [144/445] SPWA
[00:20:11] [145/445] MCKO
[00:20:12] [146/445] RTHK
[00:20:13] [147/445] CCMF
[00:20:14] [148/445] MRGB
[00:20:15] [149/445] CPLC
[00:20:15] 🔄 Identity reset
[00:20:15] 🔄 Identity rotated (every 10 requests)
[00:20:15] 🔄 Retry 1/5 for CPLC in 2.8s
[00:20:15] 🔄 Identity reset
[00:20:18] 🧠 New identity created
[00:20:18] [150/445] RACD
[00:20:19] [151/445] ATKT
[00:20:20] [152/445] SARN
[00:20:21] [153/445] KKUI
[00:20:22] [154/445] RGCM
[00:20:23] [155/445] BRVP
[00:20:24] [156/445] HRSR
[00:20:24] [157/445] GKGM
[00:20:25] [158/445] TTCD
[00:20:26] 🔄 Identity reset
[00:20:26] 🔄 Identity rotated (every 10 requests)
[00:20:26] [159/445] PTTI
[00:20:27] [160/445] MPTT
[00:20:28] [161/445] CVTT
[00:20:29] [162/445] PCXD
[00:20:30] [163/445] GCDC
[00:20:30] [164/445] CCCF
[00:20:31] [165/445] MRAD
[00:20:32] [166/445] CPLK
[00:20:33] [167/445] SATB
[00:20:34] [168/445] SNVG
[00:20:34] 🔄 Identity reset
[00:20:34] 🔄 Identity rotated (every 10 requests)
[00:20:35] [169/445] JMBA
[00:20:35] [170/445] TEJA
[00:20:36] [171/445] STYO
[00:20:37] [172/445] JTBP
[00:20:38] [173/445] KRGD
[00:20:39] [174/445] SLJJ
[00:20:40] [175/445] SPTJ
[00:20:41] [176/445] SWJG
[00:20:42] [177/445] LKRT
[00:20:43] [178/445] KCKA
[00:20:43] 🔄 Identity reset
[00:20:43] 🔄 Identity rotated (every 10 requests)
[00:20:44] [179/445] SNCR
[00:20:44] [180/445] SMKL
[00:20:45] [181/445] GCFA
[00:20:46] [182/445] DDCK
[00:20:47] [183/445] NCHJ
[00:20:47] [184/445] RDMA
[00:20:48] [185/445] SVSV
[00:20:50] [186/445] SCJG
[00:20:51] [187/445] VKLP
[00:20:52] [188/445] NWCC
[00:20:52] 🔄 Identity reset
[00:20:52] 🔄 Identity rotated (every 10 requests)
[00:20:53] [189/445] VKNS
[00:20:53] [190/445] SDDP
[00:20:54] [191/445] ACSI
[00:20:55] [192/445] SATG
[00:20:56] [193/445] SCMW
[00:20:57] [194/445] LKTK
[00:20:57] [195/445] VCKV
[00:20:58] [196/445] KKPE
[00:20:59] [197/445] KIGH
[00:21:01] [198/445] SRPM
[00:21:01] 🔄 Identity reset
[00:21:01] 🔄 Identity rotated (every 10 requests)
[00:21:02] [199/445] SCAH
[00:21:03] [200/445] MUTA
[00:21:03] [201/445] SEPU
[00:21:04] [202/445] INOA
[00:21:05] [203/445] BASK
[00:21:06] [204/445] NECB
[00:21:07] [205/445] GTTG
[00:21:08] [206/445] ASSA
[00:21:09] [207/445] ANCL
[00:21:10] [208/445] GCTI
[00:21:10] 🔄 Identity reset
[00:21:10] 🔄 Identity rotated (every 10 requests)
[00:21:11] [209/445] RCTS
[00:21:12] [210/445] ACNL
[00:21:12] [211/445] MYCT
[00:21:13] [212/445] NMHT
[00:21:14] [213/445] MDIT
[00:21:15] [214/445] LATG
[00:21:16] [215/445] SMTY
[00:21:17] [216/445] CVCT
[00:21:18] [217/445] RAMB
[00:21:19] [218/445] TGMS
[00:21:19] 🔄 Identity reset
[00:21:19] 🔄 Identity rotated (every 10 requests)
[00:21:19] 🔄 Retry 1/5 for TGMS in 2.2s
[00:21:19] 🔄 Identity reset
[00:21:22] 🧠 New identity created
[00:21:22] [219/445] BHEL
[00:21:23] [220/445] SHCT
[00:21:24] [221/445] SVCT
[00:21:24] [222/445] MRIY
[00:21:25] [223/445] SARO
[00:21:26] [224/445] STCT
[00:21:27] [225/445] JKKC
[00:21:28] [226/445] PLTT
[00:21:29] [227/445] SRNT
[00:21:29] 🔄 Identity reset
[00:21:29] 🔄 Identity rotated (every 10 requests)
[00:21:30] [228/445] YAST
[00:21:31] [229/445] PERL
[00:21:31] [230/445] CICM
[00:21:33] [231/445] MMTR
[00:21:34] [232/445] ABTK
[00:21:35] [233/445] ATYY
[00:21:36] [234/445] ASTK
[00:21:36] [235/445] VVCK
[00:21:37] [236/445] ATKY
[00:21:38] [237/445] GWEK
[00:21:39] 🔄 Identity reset
[00:21:39] 🔄 Identity rotated (every 10 requests)
[00:21:39] 🔄 Retry 1/5 for GWEK in 2.6s
[00:21:39] 🔄 Identity reset
[00:21:42] 🧠 New identity created
[00:21:42] [238/445] SVFH
[00:21:43] [239/445] SLTA
[00:21:44] [240/445] AASH
[00:21:45] [241/445] ACXB
[00:21:45] [242/445] SMTX
[00:21:46] [243/445] AZDH
[00:21:47] [244/445] CMMH
[00:21:48] [245/445] SCSZ
[00:21:49] [246/445] SCKP
[00:21:50] 🔄 Identity reset
[00:21:50] 🔄 Identity rotated (every 10 requests)
[00:21:50] [247/445] NXTM
[00:21:52] [248/445] NWCS
[00:21:52] [249/445] CXMH
[00:21:53] [250/445] PCMA
[00:21:54] [251/445] SGCM
[00:21:55] [252/445] SDTU
[00:21:56] [253/445] MMVI
[00:21:57] [254/445] JKCM
[00:21:58] [255/445] VCMM
[00:21:59] [256/445] SYEE
[00:21:59] 🔄 Identity reset
[00:21:59] 🔄 Identity rotated (every 10 requests)
[00:22:00] [257/445] VASD
[00:22:01] [258/445] BDRB
[00:22:02] [259/445] LASM
[00:22:03] [260/445] DCRL
[00:22:03] [261/445] DVPM
[00:22:04] [262/445] SBMJ
[00:22:05] [263/445] CBMU
[00:22:06] [264/445] IUBS
[00:22:07] [265/445] INAP
[00:22:08] [266/445] SRRC
[00:22:08] 🔄 Identity reset
[00:22:08] 🔄 Identity rotated (every 10 requests)
[00:22:09] [267/445] SAGR
[00:22:10] [268/445] CPMJ
[00:22:12] [269/445] ATJL
[00:22:13] [270/445] NNTD
[00:22:13] [271/445] JHCJ
[00:22:14] [272/445] CMMP
[00:22:15] [273/445] RSDR
[00:22:16] [274/445] AMTI
[00:22:17] [275/445] NYSG
[00:22:18] [276/445] AVSG
[00:22:18] 🔄 Identity reset
[00:22:18] 🔄 Identity rotated (every 10 requests)
[00:22:18] [277/445] SYTP
[00:22:19] [278/445] LARC
[00:22:20] [279/445] RJTP
[00:22:22] [280/445] LAKC
[00:22:23] [281/445] MCXE
[00:22:24] [282/445] CCZC
[00:22:25] [283/445] AVCH
[00:22:26] [284/445] CMBE
[00:22:27] [285/445] MRRC
[00:22:28] [286/445] PCPY
[00:22:29] 🔄 Identity reset
[00:22:29] 🔄 Identity rotated (every 10 requests)
[00:22:29] [287/445] SRMH
[00:22:30] [288/445] SVGS
[00:22:31] [289/445] PCSE
[00:22:32] [290/445] SVFT
[00:22:33] [291/445] TNZP
[00:22:34] [292/445] ICTP
[00:22:35] [293/445] ACTZ
[00:22:36] [294/445] GTUR
[00:22:36] [295/445] MAFC
[00:22:37] [296/445] MINL
[00:22:38] 🔄 Identity reset
[00:22:38] 🔄 Identity rotated (every 10 requests)
[00:22:38] [297/445] MRCL
[00:22:39] [298/445] RCRP
[00:22:40] [299/445] RFFG
[00:22:41] [300/445] RMAS
[00:22:42] [301/445] INVR
[00:22:43] [302/445] RMAR
[00:22:44] [303/445] CNIS
[00:22:45] [304/445] RHRJ
[00:22:46] [305/445] INXR
[00:22:47] [306/445] VALT
[00:22:48] 🔄 Identity reset
[00:22:48] 🔄 Identity rotated (every 10 requests)
[00:22:48] [307/445] LCSH
[00:22:49] [308/445] CMVS
[00:22:50] [309/445] CNMS
[00:22:51] [310/445] ROOG
[00:22:52] [311/445] ISRM
[00:22:53] [312/445] RCRM
[00:22:54] [313/445] ACJA
[00:22:55] [314/445] RCVS
[00:22:56] [315/445] CPUS
[00:22:57] [316/445] TGCS
[00:22:57] 🔄 Identity reset
[00:22:57] 🔄 Identity rotated (every 10 requests)
[00:22:57] [317/445] RKCJ
[00:22:58] [318/445] MKSB
[00:22:59] [319/445] TCSJ
[00:23:00] [320/445] RMGP
[00:23:01] [321/445] CLLP
[00:23:02] [322/445] RCMV
[00:23:03] [323/445] CCKS
[00:23:04] [324/445] RSRP
[00:23:05] [325/445] APLP
[00:23:06] [326/445] CNVS
[00:23:07] 🔄 Identity reset
[00:23:07] 🔄 Identity rotated (every 10 requests)
[00:23:07] [327/445] RMVY
[00:23:08] [328/445] PGBD
[00:23:09] [329/445] KLMS
[00:23:10] [330/445] RUST
[00:23:11] [331/445] MASM
[00:23:12] [332/445] BACS
[00:23:13] [333/445] BWST
[00:23:14] [334/445] RRFH
[00:23:14] [335/445] SJTM
[00:23:15] [336/445] BEMR
[00:23:16] 🔄 Identity reset
[00:23:16] 🔄 Identity rotated (every 10 requests)
[00:23:16] [337/445] MCGR
[00:23:17] [338/445] SDSK
[00:23:18] [339/445] VBOL
[00:23:19] [340/445] RMGM
[00:23:20] [341/445] NOPL
[00:23:21] [342/445] MKJK
[00:23:22] [343/445] CVRN
[00:23:23] [344/445] MMEN
[00:23:24] [345/445] AMNG
[00:23:25] [346/445] INTM
[00:23:25] 🔄 Identity reset
[00:23:25] 🔄 Identity rotated (every 10 requests)
[00:23:26] [347/445] SLCZ
[00:23:26] [348/445] AMJN
[00:23:27] [349/445] ACJN
[00:23:28] [350/445] AMKN
[00:23:29] [351/445] BTCN
[00:23:31] [352/445] AMBT
[00:23:32] [353/445] PACN
[00:23:33] [354/445] LCNS
[00:23:34] [355/445] PPKC
[00:23:35] [356/445] JYYN
[00:23:35] 🔄 Identity reset
[00:23:35] 🔄 Identity rotated (every 10 requests)
[00:23:35] 🔄 Retry 1/5 for JYYN in 2.2s
[00:23:35] 🔄 Identity reset
[00:23:38] 🧠 New identity created
[00:23:38] 🔄 Retry 2/5 for JYYN in 4.5s
[00:23:38] 🔄 Identity reset
[00:23:42] 🧠 New identity created
[00:23:43] [357/445] JTNR
[00:23:43] [358/445] GTEE
[00:23:45] [359/445] SRNM
[00:23:46] [360/445] SDTC
[00:23:47] [361/445] VPCA
[00:23:48] [362/445] VLRA
[00:23:49] [363/445] SHKR
[00:23:50] [364/445] SBKD
[00:23:50] 🔄 Identity reset
[00:23:50] 🔄 Identity rotated (every 10 requests)
[00:23:51] [365/445] SAAD
[00:23:52] [366/445] JTGN
[00:23:53] [367/445] SLAM
[00:23:53] [368/445] VTPM
[00:23:55] [369/445] ANPT
[00:23:56] [370/445] PUNB
[00:23:57] [371/445] CPKT
[00:23:57] [372/445] CNWE
[00:23:58] [373/445] ECPP
[00:23:59] [374/445] CPAR
[00:24:00] 🔄 Identity reset
[00:24:00] 🔄 Identity rotated (every 10 requests)
[00:24:01] [375/445] ESBW
[00:24:02] [376/445] PKPU
[00:24:02] [377/445] CPRP
[00:24:03] [378/445] RAHU
[00:24:04] [379/445] RHMN
[00:24:06] [380/445] FMJP
[00:24:07] [381/445] CTMP
[00:24:07] [382/445] INPN
[00:24:08] [383/445] STTG
[00:24:09] [384/445] CTRD
[00:24:10] 🔄 Identity reset
[00:24:10] 🔄 Identity rotated (every 10 requests)
[00:24:10] 🔄 Retry 1/5 for CTRD in 3.0s
[00:24:10] 🔄 Identity reset
[00:24:13] 🧠 New identity created
[00:24:13] 🔄 Retry 2/5 for CTRD in 4.2s
[00:24:13] 🔄 Identity reset
[00:24:17] 🧠 New identity created
[00:24:17] [385/445] PUVB
[00:24:18] [386/445] ESVP
[00:24:19] [387/445] CPFT
[00:24:20] [388/445] LCPC
[00:24:21] [389/445] VBCT
[00:24:21] [390/445] FSCW
[00:24:22] [391/445] VCMP
[00:24:23] [392/445] ASHC
[00:24:24] 🔄 Identity reset
[00:24:24] 🔄 Identity rotated (every 10 requests)
[00:24:24] 🔄 Retry 1/5 for ASHC in 2.5s
[00:24:24] 🔄 Identity reset
[00:24:26] 🧠 New identity created
[00:24:26] 🔄 Retry 2/5 for ASHC in 4.2s
[00:24:26] 🔄 Identity reset
[00:24:31] 🧠 New identity created
[00:24:31] [393/445] VLCX
[00:24:32] [394/445] SHEV
[00:24:32] [395/445] APCO
[00:24:33] [396/445] SILC
[00:24:34] [397/445] SNMR
[00:24:35] [398/445] KYBO
[00:24:36] [399/445] SATK
[00:24:37] [400/445] SSCS
[00:24:37] 🔄 Identity reset
[00:24:37] 🔄 Identity rotated (every 10 requests)
[00:24:37] [401/445] CLSB
[00:24:38] [402/445] KMJR
[00:24:39] [403/445] FSCK
[00:24:40] [404/445] NNKA
[00:24:41] [405/445] CLMK
[00:24:42] [406/445] DMPZ
[00:24:43] [407/445] INQM
[00:24:44] [408/445] CAML
[00:24:44] [409/445] INRK
[00:24:45] [410/445] IMKN
[00:24:46] 🔄 Identity reset
[00:24:46] 🔄 Identity rotated (every 10 requests)
[00:24:46] [411/445] SVNR
[00:24:47] [412/445] INSL
[00:24:48] [413/445] MSMA
[00:24:49] [414/445] MCKK
[00:24:50] [415/445] FCHP
[00:24:51] [416/445] SFCR
[00:24:52] [417/445] NACK
[00:24:53] [418/445] PVAK
[00:24:54] [419/445] INER
[00:24:55] [420/445] RDBK
[00:24:55] 🔄 Identity reset
[00:24:55] 🔄 Identity rotated (every 10 requests)
[00:24:55] 🔄 Retry 1/5 for RDBK in 2.1s
[00:24:55] 🔄 Identity reset
[00:24:57] 🧠 New identity created
[00:24:58] [421/445] SVFN
[00:24:58] [422/445] IFRM
[00:24:59] [423/445] ATCK
[00:25:00] [424/445] ASKO
[00:25:01] [425/445] STKT
[00:25:02] [426/445] SVFB
[00:25:03] [427/445] INKS
[00:25:05] [428/445] PCRA
[00:25:06] [429/445] ATJA
[00:25:06] 🔄 Identity reset
[00:25:06] 🔄 Identity rotated (every 10 requests)
[00:25:06] 🔄 Retry 1/5 for ATJA in 2.9s
[00:25:06] 🔄 Identity reset
[00:25:09] 🧠 New identity created
[00:25:09] [430/445] IMJN
[00:25:10] [431/445] INHD
[00:25:12] [432/445] BARA
[00:25:13] [433/445] MCSL
[00:25:13] [434/445] RTOY
[00:25:15] [435/445] MENO
[00:25:16] [436/445] PUDM
[00:25:16] [437/445] PRCN
[00:25:18] [438/445] JMJR
[00:25:19] 🔄 Identity reset
[00:25:19] 🔄 Identity rotated (every 10 requests)
[00:25:19] 🔄 Retry 1/5 for JMJR in 2.1s
[00:25:19] 🔄 Identity reset
[00:25:21] 🧠 New identity created
[00:25:21] [439/445] SSGK
[00:25:22] [440/445] SSRL
[00:25:23] [441/445] JYKL
[00:25:24] [442/445] ACNB
[00:25:25] [443/445] SONP
[00:25:26] [444/445] EMCI
[00:25:26] [445/445] MRJH
[00:25:27] 🔁 RETRY ROUND 1 | Remaining: 1
[00:25:27] [RETRY-1] APTD
[00:25:30] ✅ DONE | Shows=11 | Movies=4
[01:09:43] 🚀 BMS DAILY TRACKER STARTED (enhanced anti‑detection)
[01:09:43] [1/445] TGMR
[01:09:44] 🧠 New identity created
[01:09:44] [2/445] CXKR
[01:09:45] [3/445] SROP
[01:09:46] [4/445] GTSV
[01:09:46] [5/445] SNTY
[01:09:47] [6/445] SMYY
[01:09:48] [7/445] CNCS
[01:09:49] [8/445] CSTM
[01:09:50] [9/445] NUCD
[01:09:51] [10/445] SHCZ
[01:09:51] 🔄 Identity reset
[01:09:51] 🔄 Identity rotated (every 10 requests)
[01:09:52] [11/445] NJCT
[01:09:52] [12/445] COPC
[01:09:53] [13/445] STVV
[01:09:54] [14/445] SKRN
[01:09:56] [15/445] APPZ
[01:09:56] [16/445] YMGN
[01:09:57] [17/445] SVTU
[01:09:58] [18/445] GTAD
[01:09:59] [19/445] PSUS
[01:10:01] [20/445] SMCD
[01:10:01] 🔄 Identity reset
[01:10:01] 🔄 Identity rotated (every 10 requests)
[01:10:02] [21/445] CMCM
[01:10:02] [22/445] SYCT
[01:10:03] [23/445] STLY
[01:10:04] [24/445] CMHU
[01:10:05] [25/445] CMSA
[01:10:06] [26/445] CLCU
[01:10:07] [27/445] PPNT
[01:10:08] [28/445] JTAB
[01:10:08] [29/445] BUUC
[01:10:09] [30/445] BSVK
[01:10:10] 🔄 Identity reset
[01:10:10] 🔄 Identity rotated (every 10 requests)
[01:10:10] 🔄 Retry 1/5 for BSVK in 2.2s
[01:10:10] 🔄 Identity reset
[01:10:12] 🧠 New identity created
[01:10:13] [31/445] VVVQ
[01:10:14] [32/445] TKMU
[01:10:14] [33/445] ESYL
[01:10:15] [34/445] ACHP
[01:10:16] [35/445] BTKD
[01:10:17] [36/445] DESA
[01:10:18] [37/445] GBCT
[01:10:19] [38/445] BLLD
[01:10:20] [39/445] SKNT
[01:10:21] 🔄 Identity reset
[01:10:21] 🔄 Identity rotated (every 10 requests)
[01:10:21] 🔄 Retry 1/5 for SKNT in 3.0s
[01:10:21] 🔄 Identity reset
[01:10:24] 🧠 New identity created
[01:10:24] 🔄 Retry 2/5 for SKNT in 4.3s
[01:10:24] 🔄 Identity reset
[01:10:28] 🧠 New identity created
[01:10:28] [40/445] SSTE
[01:10:30] [41/445] VJMR
[01:10:31] [42/445] NTPU
[01:10:32] [43/445] RDKN
[01:10:32] [44/445] ADGC
[01:10:33] [45/445] VRBP
[01:10:34] [46/445] NMNA
[01:10:35] [47/445] CMMX
[01:10:35] 🔄 Identity reset
[01:10:35] 🔄 Identity rotated (every 10 requests)
[01:10:36] [48/445] PTKO
[01:10:37] [49/445] RBML
[01:10:37] [50/445] SAIC
[01:10:38] [51/445] SVTJ
[01:10:39] [52/445] MRTE
[01:10:40] [53/445] RBTP
[01:10:41] [54/445] NLPS
[01:10:41] [55/445] GTNA
[01:10:42] [56/445] DGGC
[01:10:44] [57/445] SMCR
[01:10:44] 🔄 Identity reset
[01:10:44] 🔄 Identity rotated (every 10 requests)
[01:10:45] [58/445] SCGD
[01:10:46] [59/445] SRRJ
[01:10:46] [60/445] CNRY
[01:10:47] [61/445] KTDI
[01:10:48] [62/445] SNJL
[01:10:49] [63/445] RKMD
[01:10:50] [64/445] SMDC
[01:10:51] [65/445] TADG
[01:10:52] [66/445] MCGS
[01:10:54] [67/445] PETK
[01:10:54] 🔄 Identity reset
[01:10:54] 🔄 Identity rotated (every 10 requests)
[01:10:55] [68/445] CHAG
[01:10:55] [69/445] KSTL
[01:10:56] [70/445] AADS
[01:10:57] [71/445] NTHZ
[01:10:58] [72/445] HCKI
[01:10:59] [73/445] SSEF
[01:11:00] [74/445] MCGX
[01:11:02] [75/445] ERRA
[01:11:03] [76/445] SDTW
[01:11:04] [77/445] RMPK
[01:11:05] 🔄 Identity reset
[01:11:05] 🔄 Identity rotated (every 10 requests)
[01:11:05] [78/445] PTHK
[01:11:06] [79/445] PXCS
[01:11:08] [80/445] SVLU
[01:11:09] [81/445] STAH
[01:11:09] [82/445] JRGF
[01:11:10] [83/445] CDOK
[01:11:11] [84/445] CMSG
[01:11:12] [85/445] APTD
[01:11:13] [86/445] KMPG
[01:11:14] [87/445] MUTJ
[01:11:14] 🔄 Identity reset
[01:11:14] 🔄 Identity rotated (every 10 requests)
[01:11:15] [88/445] VCCI
[01:11:16] [89/445] URBE
[01:11:17] [90/445] TCTS
[01:11:18] [91/445] STSN
[01:11:19] [92/445] AKCH
[01:11:20] [93/445] APSC
[01:11:20] [94/445] VLTB
[01:11:21] [95/445] SANU
[01:11:22] [96/445] AXAM
[01:11:23] [97/445] MGMG
[01:11:24] 🔄 Identity reset
[01:11:24] 🔄 Identity rotated (every 10 requests)
[01:11:24] [98/445] HTBY
[01:11:25] [99/445] MMZS
[01:11:26] [100/445] SUDR
[01:11:27] [101/445] CCAD
[01:11:27] [102/445] SKKC
[01:11:28] [103/445] RMCD
[01:11:29] [104/445] SBCQ
[01:11:30] [105/445] DCCT
[01:11:31] [106/445] VTKP
[01:11:32] [107/445] MLAM
[01:11:32] 🔄 Identity reset
[01:11:32] 🔄 Identity rotated (every 10 requests)
[01:11:33] [108/445] SAVT
[01:11:34] [109/445] GEPL
[01:11:34] [110/445] AMCD
[01:11:35] [111/445] CCXR
[01:11:36] [112/445] GRNG
[01:11:37] [113/445] EBCA
[01:11:38] [114/445] CNVG
[01:11:39] [115/445] MWSS
[01:11:40] [116/445] VBOR
[01:11:41] [117/445] NEEB
[01:11:41] 🔄 Identity reset
[01:11:42] 🔄 Identity rotated (every 10 requests)
[01:11:42] [118/445] SUTH
[01:11:43] [119/445] ANDB
[01:11:44] [120/445] MMXS
[01:11:45] [121/445] CNPD
[01:11:46] [122/445] SDCE
[01:11:47] [123/445] DHCB
[01:11:48] [124/445] ODEN
[01:11:49] [125/445] TNTC
[01:11:50] [126/445] VBKM
[01:11:51] [127/445] RZYM
[01:11:51] 🔄 Identity reset
[01:11:51] 🔄 Identity rotated (every 10 requests)
[01:11:52] [128/445] JEMC
[01:11:52] [129/445] CMAU
[01:11:53] [130/445] SIVP
[01:11:54] [131/445] ATAG
[01:11:55] [132/445] CHTM
[01:11:56] [133/445] AAEE
[01:11:57] [134/445] IWPM
[01:11:58] [135/445] KCMW
[01:11:59] [136/445] MCTD
[01:11:59] [137/445] SPWR
[01:12:00] 🔄 Identity reset
[01:12:00] 🔄 Identity rotated (every 10 requests)
[01:12:00] [138/445] SDPO
[01:12:01] [139/445] PCSK
[01:12:02] [140/445] ACHV
[01:12:03] [141/445] SVLA
[01:12:04] [142/445] PICT
[01:12:05] [143/445] BXDR
[01:12:05] [144/445] SPWA
[01:12:06] [145/445] MCKO
[01:12:07] [146/445] RTHK
[01:12:08] [147/445] CCMF
[01:12:09] 🔄 Identity reset
[01:12:09] 🔄 Identity rotated (every 10 requests)
[01:12:10] [148/445] MRGB
[01:12:11] [149/445] CPLC
[01:12:11] [150/445] RACD
[01:12:12] [151/445] ATKT
[01:12:13] [152/445] SARN
[01:12:15] [153/445] KKUI
[01:12:16] [154/445] RGCM
[01:12:17] [155/445] BRVP
[01:12:17] [156/445] HRSR
[01:12:18] [157/445] GKGM
[01:12:19] 🔄 Identity reset
[01:12:19] 🔄 Identity rotated (every 10 requests)
[01:12:19] [158/445] TTCD
[01:12:20] [159/445] PTTI
[01:12:21] [160/445] MPTT
[01:12:22] [161/445] CVTT
[01:12:23] [162/445] PCXD
[01:12:24] [163/445] GCDC
[01:12:25] [164/445] CCCF
[01:12:25] [165/445] MRAD
[01:12:26] [166/445] CPLK
[01:12:27] [167/445] SATB
[01:12:28] 🔄 Identity reset
[01:12:28] 🔄 Identity rotated (every 10 requests)
[01:12:28] [168/445] SNVG
[01:12:29] [169/445] JMBA
[01:12:29] [170/445] TEJA
[01:12:30] [171/445] STYO
[01:12:31] [172/445] JTBP
[01:12:32] [173/445] KRGD
[01:12:33] [174/445] SLJJ
[01:12:34] [175/445] SPTJ
[01:12:34] [176/445] SWJG
[01:12:36] [177/445] LKRT
[01:12:37] 🔄 Identity reset
[01:12:37] 🔄 Identity rotated (every 10 requests)
[01:12:37] [178/445] KCKA
[01:12:38] [179/445] SNCR
[01:12:39] [180/445] SMKL
[01:12:40] [181/445] GCFA
[01:12:41] [182/445] DDCK
[01:12:42] [183/445] NCHJ
[01:12:43] [184/445] RDMA
[01:12:43] [185/445] SVSV
[01:12:44] [186/445] SCJG
[01:12:46] [187/445] VKLP
[01:12:47] 🔄 Identity reset
[01:12:47] 🔄 Identity rotated (every 10 requests)
[01:12:47] 🔄 Retry 1/5 for VKLP in 2.3s
[01:12:47] 🔄 Identity reset
[01:12:49] 🧠 New identity created
[01:12:49] [188/445] NWCC
[01:12:50] [189/445] VKNS
[01:12:51] [190/445] SDDP
[01:12:52] [191/445] ACSI
[01:12:53] [192/445] SATG
[01:12:54] [193/445] SCMW
[01:12:54] [194/445] LKTK
[01:12:55] [195/445] VCKV
[01:12:56] [196/445] KKPE
[01:12:57] 🔄 Identity reset
[01:12:57] 🔄 Identity rotated (every 10 requests)
[01:12:57] [197/445] KIGH
[01:12:58] [198/445] SRPM
[01:12:59] [199/445] SCAH
[01:13:00] [200/445] MUTA
[01:13:01] [201/445] SEPU
[01:13:01] [202/445] INOA
[01:13:02] [203/445] BASK
[01:13:03] [204/445] NECB
[01:13:04] [205/445] GTTG
[01:13:05] [206/445] ASSA
[01:13:06] 🔄 Identity reset
[01:13:06] 🔄 Identity rotated (every 10 requests)
[01:13:06] [207/445] ANCL
[01:13:07] [208/445] GCTI
[01:13:07] [209/445] RCTS
[01:13:08] [210/445] ACNL
[01:13:10] [211/445] MYCT
[01:13:11] [212/445] NMHT
[01:13:12] [213/445] MDIT
[01:13:12] [214/445] LATG
[01:13:14] [215/445] SMTY
[01:13:15] [216/445] CVCT
[01:13:15] 🔄 Identity reset
[01:13:15] 🔄 Identity rotated (every 10 requests)
[01:13:16] [217/445] RAMB
[01:13:17] [218/445] TGMS
[01:13:18] [219/445] BHEL
[01:13:18] [220/445] SHCT
[01:13:19] [221/445] SVCT
[01:13:20] [222/445] MRIY
[01:13:21] [223/445] SARO
[01:13:22] [224/445] STCT
[01:13:23] [225/445] JKKC
[01:13:23] [226/445] PLTT
[01:13:24] 🔄 Identity reset
[01:13:24] 🔄 Identity rotated (every 10 requests)
[01:13:24] [227/445] SRNT
[01:13:25] [228/445] YAST
[01:13:26] [229/445] PERL
[01:13:27] [230/445] CICM
[01:13:28] [231/445] MMTR
[01:13:28] [232/445] ABTK
[01:13:29] [233/445] ATYY
[01:13:30] [234/445] ASTK
[01:13:31] [235/445] VVCK
[01:13:32] [236/445] ATKY
[01:13:32] 🔄 Identity reset
[01:13:32] 🔄 Identity rotated (every 10 requests)
[01:13:33] [237/445] GWEK
[01:13:34] [238/445] SVFH
[01:13:34] [239/445] SLTA
[01:13:35] [240/445] AASH
[01:13:36] [241/445] ACXB
[01:13:38] [242/445] SMTX
[01:13:38] [243/445] AZDH
[01:13:39] [244/445] CMMH
[01:13:40] [245/445] SCSZ
[01:13:41] [246/445] SCKP
[01:13:42] 🔄 Identity reset
[01:13:42] 🔄 Identity rotated (every 10 requests)
[01:13:42] 🔄 Retry 1/5 for SCKP in 3.0s
[01:13:42] 🔄 Identity reset
[01:13:45] 🧠 New identity created
[01:13:45] 🔄 Retry 2/5 for SCKP in 4.9s
[01:13:45] 🔄 Identity reset
[01:13:50] 🧠 New identity created
[01:13:50] 🔄 Retry 3/5 for SCKP in 8.1s
[01:13:50] 🔄 Identity reset
[01:13:58] 🧠 New identity created
[01:13:58] 🔄 Retry 4/5 for SCKP in 16.6s
[01:13:58] 🔄 Identity reset
[01:14:15] 🧠 New identity created
[01:14:15] [247/445] NXTM
[01:14:16] [248/445] NWCS
[01:14:17] [249/445] CXMH
[01:14:18] [250/445] PCMA
[01:14:18] [251/445] SGCM
[01:14:19] [252/445] SDTU
[01:14:20] 🔄 Identity reset
[01:14:20] 🔄 Identity rotated (every 10 requests)
[01:14:24] [253/445] MMVI
[01:14:25] [254/445] JKCM
[01:14:26] [255/445] VCMM
[01:14:27] [256/445] SYEE
[01:14:29] [257/445] VASD
[01:14:30] [258/445] BDRB
[01:14:30] [259/445] LASM
[01:14:31] [260/445] DCRL
[01:14:32] [261/445] DVPM
[01:14:33] [262/445] SBMJ
[01:14:34] 🔄 Identity reset
[01:14:34] 🔄 Identity rotated (every 10 requests)
[01:14:34] [263/445] CBMU
[01:14:35] [264/445] IUBS
[01:14:36] [265/445] INAP
[01:14:37] [266/445] SRRC
[01:14:38] [267/445] SAGR
[01:14:40] [268/445] CPMJ
[01:14:41] [269/445] ATJL
[01:14:42] [270/445] NNTD
[01:14:43] [271/445] JHCJ
[01:14:44] [272/445] CMMP
[01:14:45] 🔄 Identity reset
[01:14:45] 🔄 Identity rotated (every 10 requests)
[01:14:45] 🔄 Retry 1/5 for CMMP in 2.5s
[01:14:45] 🔄 Identity reset
[01:14:47] 🧠 New identity created
[01:14:47] 🔄 Retry 2/5 for CMMP in 4.3s
[01:14:47] 🔄 Identity reset
[01:14:52] 🧠 New identity created
[01:14:52] [273/445] RSDR
[01:14:53] [274/445] AMTI
[01:14:54] [275/445] NYSG
[01:14:54] [276/445] AVSG
[01:14:55] [277/445] SYTP
[01:14:56] [278/445] LARC
[01:14:57] [279/445] RJTP
[01:14:58] [280/445] LAKC
[01:14:59] 🔄 Identity reset
[01:14:59] 🔄 Identity rotated (every 10 requests)
[01:14:59] [281/445] MCXE
[01:15:00] [282/445] CCZC
[01:15:01] [283/445] AVCH
[01:15:01] [284/445] CMBE
[01:15:02] [285/445] MRRC
[01:15:03] [286/445] PCPY
[01:15:04] [287/445] SRMH
[01:15:05] [288/445] SVGS
[01:15:05] [289/445] PCSE
[01:15:06] [290/445] SVFT
[01:15:07] 🔄 Identity reset
[01:15:07] 🔄 Identity rotated (every 10 requests)
[01:15:07] [291/445] TNZP
[01:15:08] [292/445] ICTP
[01:15:09] [293/445] ACTZ
[01:15:10] [294/445] GTUR
[01:15:11] [295/445] MAFC
[01:15:12] [296/445] MINL
[01:15:12] [297/445] MRCL
[01:15:13] [298/445] RCRP
[01:15:14] [299/445] RFFG
[01:15:15] [300/445] RMAS
[01:15:16] 🔄 Identity reset
[01:15:16] 🔄 Identity rotated (every 10 requests)
[01:15:16] 🔄 Retry 1/5 for RMAS in 2.3s
[01:15:16] 🔄 Identity reset
[01:15:18] 🧠 New identity created
[01:15:19] [301/445] INVR
[01:15:19] [302/445] RMAR
[01:15:20] [303/445] CNIS
[01:15:21] [304/445] RHRJ
[01:15:23] [305/445] INXR
[01:15:24] [306/445] VALT
[01:15:25] [307/445] LCSH
[01:15:26] [308/445] CMVS
[01:15:27] [309/445] CNMS
[01:15:28] 🔄 Identity reset
[01:15:28] 🔄 Identity rotated (every 10 requests)
[01:15:28] [310/445] ROOG
[01:15:29] [311/445] ISRM
[01:15:30] [312/445] RCRM
[01:15:31] [313/445] ACJA
[01:15:32] [314/445] RCVS
[01:15:33] [315/445] CPUS
[01:15:33] [316/445] TGCS
[01:15:34] [317/445] RKCJ
[01:15:35] [318/445] MKSB
[01:15:36] [319/445] TCSJ
[01:15:36] 🔄 Identity reset
[01:15:36] 🔄 Identity rotated (every 10 requests)
[01:15:37] [320/445] RMGP
[01:15:38] [321/445] CLLP
[01:15:39] [322/445] RCMV
[01:15:40] [323/445] CCKS
[01:15:41] [324/445] RSRP
[01:15:41] [325/445] APLP
[01:15:42] [326/445] CNVS
[01:15:43] [327/445] RMVY
[01:15:44] [328/445] PGBD
[01:15:44] [329/445] KLMS
[01:15:45] 🔄 Identity reset
[01:15:45] 🔄 Identity rotated (every 10 requests)
[01:15:45] [330/445] RUST
[01:15:46] [331/445] MASM
[01:15:47] [332/445] BACS
[01:15:48] [333/445] BWST
[01:15:49] [334/445] RRFH
[01:15:50] [335/445] SJTM
[01:15:51] [336/445] BEMR
[01:15:52] [337/445] MCGR
[01:15:52] [338/445] SDSK
[01:15:53] [339/445] VBOL
[01:15:54] 🔄 Identity reset
[01:15:54] 🔄 Identity rotated (every 10 requests)
[01:15:54] [340/445] RMGM
[01:15:55] [341/445] NOPL
[01:15:56] [342/445] MKJK
[01:15:57] [343/445] CVRN
[01:15:58] [344/445] MMEN
[01:15:59] [345/445] AMNG
[01:16:00] [346/445] INTM
[01:16:01] [347/445] SLCZ
[01:16:02] [348/445] AMJN
[01:16:03] [349/445] ACJN
[01:16:03] 🔄 Identity reset
[01:16:03] 🔄 Identity rotated (every 10 requests)
[01:16:04] [350/445] AMKN
[01:16:05] [351/445] BTCN
[01:16:05] [352/445] AMBT
[01:16:07] [353/445] PACN
[01:16:08] [354/445] LCNS
[01:16:09] [355/445] PPKC
[01:16:10] [356/445] JYYN
[01:16:11] [357/445] JTNR
[01:16:12] [358/445] GTEE
[01:16:13] [359/445] SRNM
[01:16:13] 🔄 Identity reset
[01:16:13] 🔄 Identity rotated (every 10 requests)
[01:16:14] [360/445] SDTC
[01:16:16] [361/445] VPCA
[01:16:17] [362/445] VLRA
[01:16:17] [363/445] SHKR
[01:16:18] [364/445] SBKD
[01:16:19] [365/445] SAAD
[01:16:21] [366/445] JTGN
[01:16:22] [367/445] SLAM
[01:16:23] [368/445] VTPM
[01:16:24] [369/445] ANPT
[01:16:24] 🔄 Identity reset
[01:16:24] 🔄 Identity rotated (every 10 requests)
[01:16:24] [370/445] PUNB
[01:16:25] [371/445] CPKT
[01:16:27] [372/445] CNWE
[01:16:28] [373/445] ECPP
[01:16:29] [374/445] CPAR
[01:16:29] [375/445] ESBW
[01:16:30] [376/445] PKPU
[01:16:31] [377/445] CPRP
[01:16:32] [378/445] RAHU
[01:16:33] [379/445] RHMN
[01:16:33] 🔄 Identity reset
[01:16:33] 🔄 Identity rotated (every 10 requests)
[01:16:34] [380/445] FMJP
[01:16:34] [381/445] CTMP
[01:16:35] [382/445] INPN
[01:16:36] [383/445] STTG
[01:16:37] [384/445] CTRD
[01:16:38] [385/445] PUVB
[01:16:39] [386/445] ESVP
[01:16:40] [387/445] CPFT
[01:16:41] [388/445] LCPC
[01:16:41] [389/445] VBCT
[01:16:42] 🔄 Identity reset
[01:16:42] 🔄 Identity rotated (every 10 requests)
[01:16:43] [390/445] FSCW
[01:16:44] [391/445] VCMP
[01:16:45] [392/445] ASHC
[01:16:46] [393/445] VLCX
[01:16:47] [394/445] SHEV
[01:16:48] [395/445] APCO
[01:16:49] [396/445] SILC
[01:16:50] [397/445] SNMR
[01:16:51] [398/445] KYBO
[01:16:52] [399/445] SATK
[01:16:52] 🔄 Identity reset
[01:16:52] 🔄 Identity rotated (every 10 requests)
[01:16:53] [400/445] SSCS
[01:16:54] [401/445] CLSB
[01:16:55] [402/445] KMJR
[01:16:56] [403/445] FSCK
[01:16:57] [404/445] NNKA
[01:16:58] [405/445] CLMK
[01:16:59] [406/445] DMPZ
[01:17:00] [407/445] INQM
[01:17:01] [408/445] CAML
[01:17:02] [409/445] INRK
[01:17:03] 🔄 Identity reset
[01:17:03] 🔄 Identity rotated (every 10 requests)
[01:17:03] [410/445] IMKN
[01:17:04] [411/445] SVNR
[01:17:05] [412/445] INSL
[01:17:06] [413/445] MSMA
[01:17:07] [414/445] MCKK
[01:17:07] [415/445] FCHP
[01:17:08] [416/445] SFCR
[01:17:09] [417/445] NACK
[01:17:10] [418/445] PVAK
[01:17:11] [419/445] INER
[01:17:12] 🔄 Identity reset
[01:17:12] 🔄 Identity rotated (every 10 requests)
[01:17:12] [420/445] RDBK
[01:17:13] [421/445] SVFN
[01:17:14] [422/445] IFRM
[01:17:15] [423/445] ATCK
[01:17:16] [424/445] ASKO
[01:17:17] [425/445] STKT
[01:17:18] [426/445] SVFB
[01:17:18] [427/445] INKS
[01:17:19] [428/445] PCRA
[01:17:20] [429/445] ATJA
[01:17:21] 🔄 Identity reset
[01:17:21] 🔄 Identity rotated (every 10 requests)
[01:17:21] [430/445] IMJN
[01:17:22] [431/445] INHD
[01:17:23] [432/445] BARA
[01:17:24] [433/445] MCSL
[01:17:25] [434/445] RTOY
[01:17:26] [435/445] MENO
[01:17:26] [436/445] PUDM
[01:17:27] [437/445] PRCN
[01:17:28] [438/445] JMJR
[01:17:29] [439/445] SSGK
[01:17:30] 🔄 Identity reset
[01:17:30] 🔄 Identity rotated (every 10 requests)
[01:17:30] [440/445] SSRL
[01:17:31] [441/445] JYKL
[01:17:31] [442/445] ACNB
[01:17:32] [443/445] SONP
[01:17:33] [444/445] EMCI
[01:17:34] [445/445] MRJH
[01:17:35] ✅ DONE | Shows=11 | Movies=4
[02:17:45] 🚀 BMS DAILY TRACKER STARTED (enhanced anti‑detection)
[02:17:45] [1/445] TGMR
[02:17:46] 🧠 New identity created
[02:17:46] [2/445] CXKR
[02:17:47] [3/445] SROP
[02:17:47] [4/445] GTSV
[02:17:48] [5/445] SNTY
[02:17:49] [6/445] SMYY
[02:17:50] [7/445] CNCS
[02:17:51] [8/445] CSTM
[02:17:52] [9/445] NUCD
[02:17:53] [10/445] SHCZ
[02:17:54] 🔄 Identity reset
[02:17:54] 🔄 Identity rotated (every 10 requests)
[02:17:54] [11/445] NJCT
[02:17:55] [12/445] COPC
[02:17:56] [13/445] STVV
[02:17:57] [14/445] SKRN
[02:17:58] [15/445] APPZ
[02:17:59] [16/445] YMGN
[02:18:01] [17/445] SVTU
[02:18:02] [18/445] GTAD
[02:18:03] [19/445] PSUS
[02:18:04] [20/445] SMCD
[02:18:05] 🔄 Identity reset
[02:18:05] 🔄 Identity rotated (every 10 requests)
[02:18:05] [21/445] CMCM
[02:18:06] [22/445] SYCT
[02:18:07] [23/445] STLY
[02:18:08] [24/445] CMHU
[02:18:08] [25/445] CMSA
[02:18:09] [26/445] CLCU
[02:18:10] [27/445] PPNT
[02:18:11] [28/445] JTAB
[02:18:12] [29/445] BUUC
[02:18:13] [30/445] BSVK
[02:18:14] 🔄 Identity reset
[02:18:14] 🔄 Identity rotated (every 10 requests)
[02:18:14] [31/445] VVVQ
[02:18:15] [32/445] TKMU
[02:18:17] [33/445] ESYL
[02:18:18] [34/445] ACHP
[02:18:18] [35/445] BTKD
[02:18:19] [36/445] DESA
[02:18:20] [37/445] GBCT
[02:18:21] [38/445] BLLD
[02:18:22] [39/445] SKNT
[02:18:23] [40/445] SSTE
[02:18:23] 🔄 Identity reset
[02:18:23] 🔄 Identity rotated (every 10 requests)
[02:18:23] [41/445] VJMR
[02:18:24] [42/445] NTPU
[02:18:25] [43/445] RDKN
[02:18:26] [44/445] ADGC
[02:18:27] [45/445] VRBP
[02:18:28] [46/445] NMNA
[02:18:29] [47/445] CMMX
[02:18:30] [48/445] PTKO
[02:18:30] [49/445] RBML
[02:18:31] [50/445] SAIC
[02:18:32] 🔄 Identity reset
[02:18:32] 🔄 Identity rotated (every 10 requests)
[02:18:32] [51/445] SVTJ
[02:18:34] [52/445] MRTE
[02:18:35] [53/445] RBTP
[02:18:36] [54/445] NLPS
[02:18:37] [55/445] GTNA
[02:18:38] [56/445] DGGC
[02:18:39] [57/445] SMCR
[02:18:39] [58/445] SCGD
[02:18:40] [59/445] SRRJ
[02:18:41] [60/445] CNRY
[02:18:42] 🔄 Identity reset
[02:18:42] 🔄 Identity rotated (every 10 requests)
[02:18:42] 🔄 Retry 1/5 for CNRY in 2.8s
[02:18:42] 🔄 Identity reset
[02:18:45] 🧠 New identity created
[02:18:45] [61/445] KTDI
[02:18:46] [62/445] SNJL
[02:18:47] [63/445] RKMD
[02:18:48] [64/445] SMDC
[02:18:49] [65/445] TADG
[02:18:51] [66/445] MCGS
[02:18:52] [67/445] PETK
[02:18:53] [68/445] CHAG
[02:18:54] [69/445] KSTL
[02:18:54] 🔄 Identity reset
[02:18:54] 🔄 Identity rotated (every 10 requests)
[02:18:55] [70/445] AADS
[02:18:56] [71/445] NTHZ
[02:18:56] [72/445] HCKI
[02:18:57] [73/445] SSEF
[02:18:58] [74/445] MCGX
[02:18:59] [75/445] ERRA
[02:19:00] [76/445] SDTW
[02:19:01] [77/445] RMPK
[02:19:02] [78/445] PTHK
[02:19:03] [79/445] PXCS
[02:19:03] 🔄 Identity reset
[02:19:03] 🔄 Identity rotated (every 10 requests)
[02:19:04] [80/445] SVLU
[02:19:05] [81/445] STAH
[02:19:05] [82/445] JRGF
[02:19:07] [83/445] CDOK
[02:19:07] [84/445] CMSG
[02:19:08] [85/445] APTD
[02:19:09] [86/445] KMPG
[02:19:10] [87/445] MUTJ
[02:19:11] [88/445] VCCI
[02:19:12] [89/445] URBE
[02:19:13] 🔄 Identity reset
[02:19:13] 🔄 Identity rotated (every 10 requests)
[02:19:13] [90/445] TCTS
[02:19:14] [91/445] STSN
[02:19:15] [92/445] AKCH
[02:19:16] [93/445] APSC
[02:19:17] [94/445] VLTB
[02:19:18] [95/445] SANU
[02:19:19] [96/445] AXAM
[02:19:20] [97/445] MGMG
[02:19:21] [98/445] HTBY
[02:19:22] [99/445] MMZS
[02:19:22] 🔄 Identity reset
[02:19:22] 🔄 Identity rotated (every 10 requests)
[02:19:22] [100/445] SUDR
[02:19:23] [101/445] CCAD
[02:19:24] [102/445] SKKC
[02:19:25] [103/445] RMCD
[02:19:26] [104/445] SBCQ
[02:19:27] [105/445] DCCT
[02:19:28] [106/445] VTKP
[02:19:29] [107/445] MLAM
[02:19:30] [108/445] SAVT
[02:19:31] [109/445] GEPL
[02:19:32] 🔄 Identity reset
[02:19:32] 🔄 Identity rotated (every 10 requests)
[02:19:32] [110/445] AMCD
[02:19:33] [111/445] CCXR
[02:19:34] [112/445] GRNG
[02:19:35] [113/445] EBCA
[02:19:36] [114/445] CNVG
[02:19:37] [115/445] MWSS
[02:19:37] [116/445] VBOR
[02:19:39] [117/445] NEEB
[02:19:39] [118/445] SUTH
[02:19:40] [119/445] ANDB
[02:19:41] 🔄 Identity reset
[02:19:41] 🔄 Identity rotated (every 10 requests)
[02:19:41] [120/445] MMXS
[02:19:42] [121/445] CNPD
[02:19:43] [122/445] SDCE
[02:19:44] [123/445] DHCB
[02:19:45] [124/445] ODEN
[02:19:46] [125/445] TNTC
[02:19:47] [126/445] VBKM
[02:19:48] [127/445] RZYM
[02:19:49] [128/445] JEMC
[02:19:50] [129/445] CMAU
[02:19:51] 🔄 Identity reset
[02:19:51] 🔄 Identity rotated (every 10 requests)
[02:19:51] [130/445] SIVP
[02:19:53] [131/445] ATAG
[02:19:54] [132/445] CHTM
[02:19:55] [133/445] AAEE
[02:19:56] [134/445] IWPM
[02:19:57] [135/445] KCMW
[02:19:58] [136/445] MCTD
[02:20:00] [137/445] SPWR
[02:20:01] [138/445] SDPO
[02:20:03] [139/445] PCSK
[02:20:03] 🔄 Identity reset
[02:20:03] 🔄 Identity rotated (every 10 requests)
[02:20:04] [140/445] ACHV
[02:20:05] [141/445] SVLA
[02:20:06] [142/445] PICT
[02:20:07] [143/445] BXDR
[02:20:08] [144/445] SPWA
[02:20:09] [145/445] MCKO
[02:20:10] [146/445] RTHK
[02:20:11] [147/445] CCMF
[02:20:12] [148/445] MRGB
[02:20:13] [149/445] CPLC
[02:20:13] 🔄 Identity reset
[02:20:13] 🔄 Identity rotated (every 10 requests)
[02:20:14] [150/445] RACD
[02:20:15] [151/445] ATKT
[02:20:16] [152/445] SARN
[02:20:17] [153/445] KKUI
[02:20:18] [154/445] RGCM
[02:20:19] [155/445] BRVP
[02:20:20] [156/445] HRSR
[02:20:21] [157/445] GKGM
[02:20:22] [158/445] TTCD
[02:20:22] [159/445] PTTI
[02:20:23] 🔄 Identity reset
[02:20:23] 🔄 Identity rotated (every 10 requests)
[02:20:23] [160/445] MPTT
[02:20:24] [161/445] CVTT
[02:20:25] [162/445] PCXD
[02:20:27] [163/445] GCDC
[02:20:28] [164/445] CCCF
[02:20:29] [165/445] MRAD
[02:20:30] [166/445] CPLK
[02:20:31] [167/445] SATB
[02:20:32] [168/445] SNVG
[02:20:33] [169/445] JMBA
[02:20:34] 🔄 Identity reset
[02:20:34] 🔄 Identity rotated (every 10 requests)
[02:20:34] [170/445] TEJA
[02:20:35] [171/445] STYO
[02:20:36] [172/445] JTBP
[02:20:37] [173/445] KRGD
[02:20:38] [174/445] SLJJ
[02:20:38] [175/445] SPTJ
[02:20:39] [176/445] SWJG
[02:20:40] [177/445] LKRT
[02:20:41] [178/445] KCKA
[02:20:42] [179/445] SNCR
[02:20:43] 🔄 Identity reset
[02:20:43] 🔄 Identity rotated (every 10 requests)
[02:20:43] [180/445] SMKL
[02:20:44] [181/445] GCFA
[02:20:45] [182/445] DDCK
[02:20:45] [183/445] NCHJ
[02:20:46] [184/445] RDMA
[02:20:47] [185/445] SVSV
[02:20:48] [186/445] SCJG
[02:20:49] [187/445] VKLP
[02:20:50] [188/445] NWCC
[02:20:51] [189/445] VKNS
[02:20:51] 🔄 Identity reset
[02:20:51] 🔄 Identity rotated (every 10 requests)
[02:20:51] [190/445] SDDP
[02:20:52] [191/445] ACSI
[02:20:53] [192/445] SATG
[02:20:54] [193/445] SCMW
[02:20:55] [194/445] LKTK
[02:20:56] [195/445] VCKV
[02:20:57] [196/445] KKPE
[02:20:58] [197/445] KIGH
[02:20:58] [198/445] SRPM
[02:21:00] [199/445] SCAH
[02:21:01] 🔄 Identity reset
[02:21:01] 🔄 Identity rotated (every 10 requests)
[02:21:01] [200/445] MUTA
[02:21:02] [201/445] SEPU
[02:21:04] [202/445] INOA
[02:21:05] [203/445] BASK
[02:21:06] [204/445] NECB
[02:21:06] [205/445] GTTG
[02:21:07] [206/445] ASSA
[02:21:08] [207/445] ANCL
[02:21:09] [208/445] GCTI
[02:21:10] [209/445] RCTS
[02:21:10] 🔄 Identity reset
[02:21:11] 🔄 Identity rotated (every 10 requests)
[02:21:11] [210/445] ACNL
[02:21:12] [211/445] MYCT
[02:21:12] [212/445] NMHT
[02:21:13] [213/445] MDIT
[02:21:14] [214/445] LATG
[02:21:15] [215/445] SMTY
[02:21:16] [216/445] CVCT
[02:21:17] [217/445] RAMB
[02:21:18] [218/445] TGMS
[02:21:19] [219/445] BHEL
[02:21:19] 🔄 Identity reset
[02:21:19] 🔄 Identity rotated (every 10 requests)
[02:21:20] [220/445] SHCT
[02:21:21] [221/445] SVCT
[02:21:21] [222/445] MRIY
[02:21:22] [223/445] SARO
[02:21:23] [224/445] STCT
[02:21:24] [225/445] JKKC
[02:21:25] [226/445] PLTT
[02:21:26] [227/445] SRNT
[02:21:27] [228/445] YAST
[02:21:28] [229/445] PERL
[02:21:28] 🔄 Identity reset
[02:21:28] 🔄 Identity rotated (every 10 requests)
[02:21:29] [230/445] CICM
[02:21:30] [231/445] MMTR
[02:21:31] [232/445] ABTK
[02:21:31] [233/445] ATYY
[02:21:32] [234/445] ASTK
[02:21:33] [235/445] VVCK
[02:21:34] [236/445] ATKY
[02:21:35] [237/445] GWEK
[02:21:36] [238/445] SVFH
[02:21:37] [239/445] SLTA
[02:21:37] 🔄 Identity reset
[02:21:37] 🔄 Identity rotated (every 10 requests)
[02:21:38] [240/445] AASH
[02:21:39] [241/445] ACXB
[02:21:39] [242/445] SMTX
[02:21:40] [243/445] AZDH
[02:21:41] [244/445] CMMH
[02:21:42] [245/445] SCSZ
[02:21:43] [246/445] SCKP
[02:21:44] [247/445] NXTM
[02:21:45] [248/445] NWCS
[02:21:46] [249/445] CXMH
[02:21:46] 🔄 Identity reset
[02:21:46] 🔄 Identity rotated (every 10 requests)
[02:21:47] [250/445] PCMA
[02:21:48] [251/445] SGCM
[02:21:48] [252/445] SDTU
[02:21:49] [253/445] MMVI
[02:21:50] [254/445] JKCM
[02:21:51] [255/445] VCMM
[02:21:52] [256/445] SYEE
[02:21:53] [257/445] VASD
[02:21:54] [258/445] BDRB
[02:21:54] [259/445] LASM
[02:21:55] 🔄 Identity reset
[02:21:55] 🔄 Identity rotated (every 10 requests)
[02:21:55] 🔄 Retry 1/5 for LASM in 2.5s
[02:21:55] 🔄 Identity reset
[02:21:58] 🧠 New identity created
[02:21:58] 🔄 Retry 2/5 for LASM in 4.7s
[02:21:58] 🔄 Identity reset
[02:22:02] 🧠 New identity created
[02:22:03] [260/445] DCRL
[02:22:04] [261/445] DVPM
[02:22:05] [262/445] SBMJ
[02:22:06] [263/445] CBMU
[02:22:07] [264/445] IUBS
[02:22:08] [265/445] INAP
[02:22:09] [266/445] SRRC
[02:22:10] [267/445] SAGR
[02:22:11] 🔄 Identity reset
[02:22:11] 🔄 Identity rotated (every 10 requests)
[02:22:12] [268/445] CPMJ
[02:22:13] [269/445] ATJL
[02:22:13] [270/445] NNTD
[02:22:15] [271/445] JHCJ
[02:22:16] [272/445] CMMP
[02:22:17] [273/445] RSDR
[02:22:18] [274/445] AMTI
[02:22:19] [275/445] NYSG
[02:22:20] [276/445] AVSG
[02:22:21] [277/445] SYTP
[02:22:21] 🔄 Identity reset
[02:22:21] 🔄 Identity rotated (every 10 requests)
[02:22:21] [278/445] LARC
[02:22:22] [279/445] RJTP
[02:22:23] [280/445] LAKC
[02:22:24] [281/445] MCXE
[02:22:25] [282/445] CCZC
[02:22:26] [283/445] AVCH
[02:22:27] [284/445] CMBE
[02:22:28] [285/445] MRRC
[02:22:29] [286/445] PCPY
[02:22:30] [287/445] SRMH
[02:22:30] 🔄 Identity reset
[02:22:30] 🔄 Identity rotated (every 10 requests)
[02:22:31] [288/445] SVGS
[02:22:31] [289/445] PCSE
[02:22:32] [290/445] SVFT
[02:22:33] [291/445] TNZP
[02:22:34] [292/445] ICTP
[02:22:36] [293/445] ACTZ
[02:22:37] [294/445] GTUR
[02:22:38] [295/445] MAFC
[02:22:39] [296/445] MINL
[02:22:40] [297/445] MRCL
[02:22:41] 🔄 Identity reset
[02:22:41] 🔄 Identity rotated (every 10 requests)
[02:22:41] 🔄 Retry 1/5 for MRCL in 2.6s
[02:22:41] 🔄 Identity reset
[02:22:43] 🧠 New identity created
[02:22:44] [298/445] RCRP
[02:22:44] [299/445] RFFG
[02:22:45] [300/445] RMAS
[02:22:46] [301/445] INVR
[02:22:47] [302/445] RMAR
[02:22:48] [303/445] CNIS
[02:22:49] [304/445] RHRJ
[02:22:51] [305/445] INXR
[02:22:51] [306/445] VALT
[02:22:52] 🔄 Identity reset
[02:22:52] 🔄 Identity rotated (every 10 requests)
[02:22:52] [307/445] LCSH
[02:22:53] [308/445] CMVS
[02:22:54] [309/445] CNMS
[02:22:55] [310/445] ROOG
[02:22:56] [311/445] ISRM
[02:22:58] [312/445] RCRM
[02:22:59] [313/445] ACJA
[02:22:59] [314/445] RCVS
[02:23:01] [315/445] CPUS
[02:23:02] [316/445] TGCS
[02:23:03] 🔄 Identity reset
[02:23:03] 🔄 Identity rotated (every 10 requests)
[02:23:03] 🔄 Retry 1/5 for TGCS in 2.1s
[02:23:03] 🔄 Identity reset
[02:23:05] 🧠 New identity created
[02:23:05] [317/445] RKCJ
[02:23:06] [318/445] MKSB
[02:23:07] [319/445] TCSJ
[02:23:08] [320/445] RMGP
[02:23:09] [321/445] CLLP
[02:23:09] [322/445] RCMV
[02:23:10] [323/445] CCKS
[02:23:11] [324/445] RSRP
[02:23:13] [325/445] APLP
[02:23:13] 🔄 Identity reset
[02:23:13] 🔄 Identity rotated (every 10 requests)
[02:23:14] [326/445] CNVS
[02:23:15] [327/445] RMVY
[02:23:17] [328/445] PGBD
[02:23:17] [329/445] KLMS
[02:23:18] [330/445] RUST
[02:23:20] [331/445] MASM
[02:23:21] [332/445] BACS
[02:23:22] [333/445] BWST
[02:23:22] [334/445] RRFH
[02:23:23] [335/445] SJTM
[02:23:24] 🔄 Identity reset
[02:23:24] 🔄 Identity rotated (every 10 requests)
[02:23:24] [336/445] BEMR
[02:23:25] [337/445] MCGR
[02:23:26] [338/445] SDSK
[02:23:28] [339/445] VBOL
[02:23:28] [340/445] RMGM
[02:23:29] [341/445] NOPL
[02:23:31] [342/445] MKJK
[02:23:32] [343/445] CVRN
[02:23:33] [344/445] MMEN
[02:23:34] [345/445] AMNG
[02:23:34] 🔄 Identity reset
[02:23:34] 🔄 Identity rotated (every 10 requests)
[02:23:34] [346/445] INTM
[02:23:36] [347/445] SLCZ
[02:23:37] [348/445] AMJN
[02:23:38] [349/445] ACJN
[02:23:39] [350/445] AMKN
[02:23:40] [351/445] BTCN
[02:23:40] [352/445] AMBT
[02:23:41] [353/445] PACN
[02:23:43] [354/445] LCNS
[02:23:44] [355/445] PPKC
[02:23:44] 🔄 Identity reset
[02:23:44] 🔄 Identity rotated (every 10 requests)
[02:23:45] [356/445] JYYN
[02:23:45] [357/445] JTNR
[02:23:47] [358/445] GTEE
[02:23:48] [359/445] SRNM
[02:23:49] [360/445] SDTC
[02:23:50] [361/445] VPCA
[02:23:51] [362/445] VLRA
[02:23:52] [363/445] SHKR
[02:23:54] [364/445] SBKD
[02:23:55] [365/445] SAAD
[02:23:55] 🔄 Identity reset
[02:23:55] 🔄 Identity rotated (every 10 requests)
[02:23:56] [366/445] JTGN
[02:23:57] [367/445] SLAM
[02:23:57] [368/445] VTPM
[02:23:58] [369/445] ANPT
[02:23:59] [370/445] PUNB
[02:24:00] [371/445] CPKT
[02:24:01] [372/445] CNWE
[02:24:02] [373/445] ECPP
[02:24:03] [374/445] CPAR
[02:24:04] [375/445] ESBW
[02:24:05] 🔄 Identity reset
[02:24:05] 🔄 Identity rotated (every 10 requests)
[02:24:05] [376/445] PKPU
[02:24:06] [377/445] CPRP
[02:24:07] [378/445] RAHU
[02:24:08] [379/445] RHMN
[02:24:08] [380/445] FMJP
[02:24:09] [381/445] CTMP
[02:24:10] [382/445] INPN
[02:24:11] [383/445] STTG
[02:24:12] [384/445] CTRD
[02:24:13] [385/445] PUVB
[02:24:14] 🔄 Identity reset
[02:24:14] 🔄 Identity rotated (every 10 requests)
[02:24:14] [386/445] ESVP
[02:24:15] [387/445] CPFT
[02:24:16] [388/445] LCPC
[02:24:17] [389/445] VBCT
[02:24:18] [390/445] FSCW
[02:24:19] [391/445] VCMP
[02:24:20] [392/445] ASHC
[02:24:21] [393/445] VLCX
[02:24:22] [394/445] SHEV
[02:24:23] [395/445] APCO
[02:24:23] 🔄 Identity reset
[02:24:23] 🔄 Identity rotated (every 10 requests)
[02:24:24] [396/445] SILC
[02:24:25] [397/445] SNMR
[02:24:25] [398/445] KYBO
[02:24:26] [399/445] SATK
[02:24:27] [400/445] SSCS
[02:24:28] [401/445] CLSB
[02:24:29] [402/445] KMJR
[02:24:30] [403/445] FSCK
[02:24:32] [404/445] NNKA
[02:24:33] [405/445] CLMK
[02:24:34] 🔄 Identity reset
[02:24:34] 🔄 Identity rotated (every 10 requests)
[02:24:34] [406/445] DMPZ
[02:24:35] [407/445] INQM
[02:24:36] [408/445] CAML
[02:24:37] [409/445] INRK
[02:24:38] [410/445] IMKN
[02:24:39] [411/445] SVNR
[02:24:40] [412/445] INSL
[02:24:41] [413/445] MSMA
[02:24:42] [414/445] MCKK
[02:24:43] [415/445] FCHP
[02:24:43] 🔄 Identity reset
[02:24:43] 🔄 Identity rotated (every 10 requests)
[02:24:44] [416/445] SFCR
[02:24:45] [417/445] NACK
[02:24:46] [418/445] PVAK
[02:24:46] [419/445] INER
[02:24:48] [420/445] RDBK
[02:24:49] [421/445] SVFN
[02:24:50] [422/445] IFRM
[02:24:52] [423/445] ATCK
[02:24:53] [424/445] ASKO
[02:24:54] [425/445] STKT
[02:24:54] 🔄 Identity reset
[02:24:54] 🔄 Identity rotated (every 10 requests)
[02:24:55] [426/445] SVFB
[02:24:55] [427/445] INKS
[02:24:56] [428/445] PCRA
[02:24:57] [429/445] ATJA
[02:24:58] [430/445] IMJN
[02:24:59] [431/445] INHD
[02:25:00] [432/445] BARA
[02:25:00] [433/445] MCSL
[02:25:01] [434/445] RTOY
[02:25:03] [435/445] MENO
[02:25:03] 🔄 Identity reset
[02:25:03] 🔄 Identity rotated (every 10 requests)
[02:25:04] [436/445] PUDM
[02:25:05] [437/445] PRCN
[02:25:06] [438/445] JMJR
[02:25:07] [439/445] SSGK
[02:25:08] [440/445] SSRL
[02:25:09] [441/445] JYKL
[02:25:11] [442/445] ACNB
[02:25:12] [443/445] SONP
[02:25:13] [444/445] EMCI
[02:25:14] [445/445] MRJH
[02:25:15] 🔄 Identity reset
[02:25:15] 🔄 Identity rotated (every 10 requests)
[02:25:15] ✅ DONE | Shows=12 | Movies=5
[02:45:58] 🚀 BMS DAILY TRACKER STARTED (enhanced anti‑detection)
[02:45:58] [1/445] TGMR
[02:45:58] 🧠 New identity created
[02:45:58] [2/445] CXKR
[02:45:59] [3/445] SROP
[02:46:00] [4/445] GTSV
[02:46:00] [5/445] SNTY
[02:46:01] [6/445] SMYY
[02:46:02] [7/445] CNCS
[02:46:03] [8/445] CSTM
[02:46:04] [9/445] NUCD
[02:46:05] [10/445] SHCZ
[02:46:05] 🔄 Identity reset
[02:46:05] 🔄 Identity rotated (every 10 requests)
[02:46:06] [11/445] NJCT
[02:46:07] [12/445] COPC
[02:46:08] [13/445] STVV
[02:46:09] [14/445] SKRN
[02:46:10] [15/445] APPZ
[02:46:11] [16/445] YMGN
[02:46:13] [17/445] SVTU
[02:46:14] [18/445] GTAD
[02:46:15] [19/445] PSUS
[02:46:15] [20/445] SMCD
[02:46:16] 🔄 Identity reset
[02:46:16] 🔄 Identity rotated (every 10 requests)
[02:46:17] [21/445] CMCM
[02:46:18] [22/445] SYCT
[02:46:19] [23/445] STLY
[02:46:20] [24/445] CMHU
[02:46:21] [25/445] CMSA
[02:46:22] [26/445] CLCU
[02:46:23] [27/445] PPNT
[02:46:24] [28/445] JTAB
[02:46:25] [29/445] BUUC
[02:46:25] [30/445] BSVK
[02:46:26] 🔄 Identity reset
[02:46:26] 🔄 Identity rotated (every 10 requests)
[02:46:26] [31/445] VVVQ
[02:46:27] [32/445] TKMU
[02:46:28] [33/445] ESYL
[02:46:29] [34/445] ACHP
[02:46:30] [35/445] BTKD
[02:46:31] [36/445] DESA
[02:46:32] [37/445] GBCT
[02:46:32] [38/445] BLLD
[02:46:33] [39/445] SKNT
[02:46:34] [40/445] SSTE
[02:46:35] 🔄 Identity reset
[02:46:35] 🔄 Identity rotated (every 10 requests)
[02:46:35] [41/445] VJMR
[02:46:36] [42/445] NTPU
[02:46:38] [43/445] RDKN
[02:46:39] [44/445] ADGC
[02:46:40] [45/445] VRBP
[02:46:41] [46/445] NMNA
[02:46:42] [47/445] CMMX
[02:46:43] [48/445] PTKO
[02:46:43] [49/445] RBML
[02:46:44] [50/445] SAIC
[02:46:45] 🔄 Identity reset
[02:46:45] 🔄 Identity rotated (every 10 requests)
[02:46:45] [51/445] SVTJ
[02:46:46] [52/445] MRTE
[02:46:47] [53/445] RBTP
[02:46:48] [54/445] NLPS
[02:46:49] [55/445] GTNA
[02:46:50] [56/445] DGGC
[02:46:51] [57/445] SMCR
[02:46:52] [58/445] SCGD
[02:46:53] [59/445] SRRJ
[02:46:53] [60/445] CNRY
[02:46:54] 🔄 Identity reset
[02:46:54] 🔄 Identity rotated (every 10 requests)
[02:46:55] [61/445] KTDI
[02:46:56] [62/445] SNJL
[02:46:58] [63/445] RKMD
[02:46:59] [64/445] SMDC
[02:47:00] [65/445] TADG
[02:47:01] [66/445] MCGS
[02:47:02] [67/445] PETK
[02:47:03] [68/445] CHAG
[02:47:05] [69/445] KSTL
[02:47:06] [70/445] AADS
[02:47:06] 🔄 Identity reset
[02:47:06] 🔄 Identity rotated (every 10 requests)
[02:47:07] [71/445] NTHZ
[02:47:08] [72/445] HCKI
[02:47:09] [73/445] SSEF
[02:47:10] [74/445] MCGX
[02:47:10] [75/445] ERRA
[02:47:11] [76/445] SDTW
[02:47:12] [77/445] RMPK
[02:47:13] [78/445] PTHK
[02:47:14] [79/445] PXCS
[02:47:15] [80/445] SVLU
[02:47:16] 🔄 Identity reset
[02:47:16] 🔄 Identity rotated (every 10 requests)
[02:47:17] [81/445] STAH
[02:47:18] [82/445] JRGF
[02:47:19] [83/445] CDOK
[02:47:19] [84/445] CMSG
[02:47:20] [85/445] APTD
[02:47:21] [86/445] KMPG
[02:47:22] [87/445] MUTJ
[02:47:23] [88/445] VCCI
[02:47:24] [89/445] URBE
[02:47:25] [90/445] TCTS
[02:47:25] 🔄 Identity reset
[02:47:25] 🔄 Identity rotated (every 10 requests)
[02:47:26] [91/445] STSN
[02:47:27] [92/445] AKCH
[02:47:28] [93/445] APSC
[02:47:29] [94/445] VLTB
[02:47:30] [95/445] SANU
[02:47:31] [96/445] AXAM
[02:47:33] [97/445] MGMG
[02:47:34] [98/445] HTBY
[02:47:34] [99/445] MMZS
[02:47:35] [100/445] SUDR
[02:47:36] 🔄 Identity reset
[02:47:36] 🔄 Identity rotated (every 10 requests)
[02:47:37] [101/445] CCAD
[02:47:38] [102/445] SKKC
[02:47:38] [103/445] RMCD
[02:47:39] [104/445] SBCQ
[02:47:40] [105/445] DCCT
[02:47:41] [106/445] VTKP
[02:47:42] [107/445] MLAM
[02:47:43] [108/445] SAVT
[02:47:44] [109/445] GEPL
[02:47:46] [110/445] AMCD
[02:47:46] 🔄 Identity reset
[02:47:46] 🔄 Identity rotated (every 10 requests)
[02:47:46] [111/445] CCXR
[02:47:47] [112/445] GRNG
[02:47:48] [113/445] EBCA
[02:47:49] [114/445] CNVG
[02:47:50] [115/445] MWSS
[02:47:51] [116/445] VBOR
[02:47:52] [117/445] NEEB
[02:47:53] [118/445] SUTH
[02:47:54] [119/445] ANDB
[02:47:54] [120/445] MMXS
[02:47:55] 🔄 Identity reset
[02:47:55] 🔄 Identity rotated (every 10 requests)
[02:47:55] [121/445] CNPD
[02:47:56] [122/445] SDCE
[02:47:57] [123/445] DHCB
[02:47:58] [124/445] ODEN
[02:47:59] [125/445] TNTC
[02:48:00] [126/445] VBKM
[02:48:00] [127/445] RZYM
[02:48:01] [128/445] JEMC
[02:48:02] [129/445] CMAU
[02:48:03] [130/445] SIVP
[02:48:04] 🔄 Identity reset
[02:48:04] 🔄 Identity rotated (every 10 requests)
[02:48:04] [131/445] ATAG
[02:48:05] [132/445] CHTM
[02:48:06] [133/445] AAEE
[02:48:07] [134/445] IWPM
[02:48:07] [135/445] KCMW
[02:48:08] [136/445] MCTD
[02:48:10] [137/445] SPWR
[02:48:11] [138/445] SDPO
[02:48:13] [139/445] PCSK
[02:48:14] [140/445] ACHV
[02:48:14] 🔄 Identity reset
[02:48:14] 🔄 Identity rotated (every 10 requests)
[02:48:15] [141/445] SVLA
[02:48:16] [142/445] PICT
[02:48:18] [143/445] BXDR
[02:48:19] [144/445] SPWA
[02:48:21] [145/445] MCKO
[02:48:21] [146/445] RTHK
[02:48:22] [147/445] CCMF
[02:48:23] [148/445] MRGB
[02:48:24] [149/445] CPLC
[02:48:25] [150/445] RACD
[02:48:26] 🔄 Identity reset
[02:48:26] 🔄 Identity rotated (every 10 requests)
[02:48:26] [151/445] ATKT
[02:48:27] [152/445] SARN
[02:48:28] [153/445] KKUI
[02:48:29] [154/445] RGCM
[02:48:30] [155/445] BRVP
[02:48:31] [156/445] HRSR
[02:48:32] [157/445] GKGM
[02:48:32] [158/445] TTCD
[02:48:33] [159/445] PTTI
[02:48:34] [160/445] MPTT
[02:48:35] 🔄 Identity reset
[02:48:35] 🔄 Identity rotated (every 10 requests)
[02:48:35] [161/445] CVTT
[02:48:36] [162/445] PCXD
[02:48:37] [163/445] GCDC
[02:48:38] [164/445] CCCF
[02:48:39] [165/445] MRAD
[02:48:39] [166/445] CPLK
[02:48:40] [167/445] SATB
[02:48:41] [168/445] SNVG
[02:48:42] [169/445] JMBA
[02:48:44] [170/445] TEJA
[02:48:44] 🔄 Identity reset
[02:48:44] 🔄 Identity rotated (every 10 requests)
[02:48:45] [171/445] STYO
[02:48:46] [172/445] JTBP
[02:48:47] [173/445] KRGD
[02:48:47] [174/445] SLJJ
[02:48:48] [175/445] SPTJ
[02:48:49] [176/445] SWJG
[02:48:50] [177/445] LKRT
[02:48:50] [178/445] KCKA
[02:48:51] [179/445] SNCR
[02:48:52] [180/445] SMKL
[02:48:53] 🔄 Identity reset
[02:48:53] 🔄 Identity rotated (every 10 requests)
[02:48:53] [181/445] GCFA
[02:48:54] [182/445] DDCK
[02:48:55] [183/445] NCHJ
[02:48:56] [184/445] RDMA
[02:48:57] [185/445] SVSV
[02:48:58] [186/445] SCJG
[02:48:59] [187/445] VKLP
[02:49:00] [188/445] NWCC
[02:49:01] [189/445] VKNS
[02:49:01] [190/445] SDDP
[02:49:02] 🔄 Identity reset
[02:49:02] 🔄 Identity rotated (every 10 requests)
[02:49:02] [191/445] ACSI
[02:49:03] [192/445] SATG
[02:49:05] [193/445] SCMW
[02:49:06] [194/445] LKTK
[02:49:06] [195/445] VCKV
[02:49:07] [196/445] KKPE
[02:49:08] [197/445] KIGH
[02:49:09] [198/445] SRPM
[02:49:10] [199/445] SCAH
[02:49:11] [200/445] MUTA
[02:49:11] 🔄 Identity reset
[02:49:11] 🔄 Identity rotated (every 10 requests)
[02:49:11] 🔄 Retry 1/5 for MUTA in 2.2s
[02:49:11] 🔄 Identity reset
[02:49:14] 🧠 New identity created
[02:49:14] [201/445] SEPU
[02:49:15] [202/445] INOA
[02:49:16] [203/445] BASK
[02:49:17] [204/445] NECB
[02:49:18] [205/445] GTTG
[02:49:19] [206/445] ASSA
[02:49:20] [207/445] ANCL
[02:49:20] [208/445] GCTI
[02:49:21] [209/445] RCTS
[02:49:22] 🔄 Identity reset
[02:49:22] 🔄 Identity rotated (every 10 requests)
[02:49:22] [210/445] ACNL
[02:49:23] [211/445] MYCT
[02:49:24] [212/445] NMHT
[02:49:25] [213/445] MDIT
[02:49:26] [214/445] LATG
[02:49:27] [215/445] SMTY
[02:49:28] [216/445] CVCT
[02:49:29] [217/445] RAMB
[02:49:30] [218/445] TGMS
[02:49:31] [219/445] BHEL
[02:49:31] 🔄 Identity reset
[02:49:31] 🔄 Identity rotated (every 10 requests)
[02:49:32] [220/445] SHCT
[02:49:33] [221/445] SVCT
[02:49:33] [222/445] MRIY
[02:49:34] [223/445] SARO
[02:49:35] [224/445] STCT
[02:49:36] [225/445] JKKC
[02:49:37] [226/445] PLTT
[02:49:38] [227/445] SRNT
[02:49:39] [228/445] YAST
[02:49:40] [229/445] PERL
[02:49:41] 🔄 Identity reset
[02:49:41] 🔄 Identity rotated (every 10 requests)
[02:49:41] [230/445] CICM
[02:49:42] [231/445] MMTR
[02:49:43] [232/445] ABTK
[02:49:44] [233/445] ATYY
[02:49:45] [234/445] ASTK
[02:49:46] [235/445] VVCK
[02:49:47] [236/445] ATKY
[02:49:48] [237/445] GWEK
[02:49:49] [238/445] SVFH
[02:49:50] [239/445] SLTA
[02:49:50] 🔄 Identity reset
[02:49:50] 🔄 Identity rotated (every 10 requests)
[02:49:50] 🔄 Retry 1/5 for SLTA in 2.2s
[02:49:50] 🔄 Identity reset
[02:49:52] 🧠 New identity created
[02:49:53] [240/445] AASH
[02:49:53] [241/445] ACXB
[02:49:55] [242/445] SMTX
[02:49:56] [243/445] AZDH
[02:49:57] [244/445] CMMH
[02:49:58] [245/445] SCSZ
[02:49:59] [246/445] SCKP
[02:49:59] [247/445] NXTM
[02:50:00] [248/445] NWCS
[02:50:01] 🔄 Identity reset
[02:50:01] 🔄 Identity rotated (every 10 requests)
[02:50:02] [249/445] CXMH
[02:50:03] [250/445] PCMA
[02:50:03] [251/445] SGCM
[02:50:04] [252/445] SDTU
[02:50:06] [253/445] MMVI
[02:50:07] [254/445] JKCM
[02:50:08] [255/445] VCMM
[02:50:09] [256/445] SYEE
[02:50:10] [257/445] VASD
[02:50:11] [258/445] BDRB
[02:50:12] 🔄 Identity reset
[02:50:12] 🔄 Identity rotated (every 10 requests)
[02:50:12] [259/445] LASM
[02:50:14] [260/445] DCRL
[02:50:14] [261/445] DVPM
[02:50:16] [262/445] SBMJ
[02:50:17] [263/445] CBMU
[02:50:18] [264/445] IUBS
[02:50:19] [265/445] INAP
[02:50:20] [266/445] SRRC
[02:50:21] [267/445] SAGR
[02:50:22] [268/445] CPMJ
[02:50:22] 🔄 Identity reset
[02:50:23] 🔄 Identity rotated (every 10 requests)
[02:50:23] [269/445] ATJL
[02:50:24] [270/445] NNTD
[02:50:25] [271/445] JHCJ
[02:50:26] [272/445] CMMP
[02:50:27] [273/445] RSDR
[02:50:27] [274/445] AMTI
[02:50:28] [275/445] NYSG
[02:50:29] [276/445] AVSG
[02:50:30] [277/445] SYTP
[02:50:31] [278/445] LARC
[02:50:32] 🔄 Identity reset
[02:50:32] 🔄 Identity rotated (every 10 requests)
[02:50:32] [279/445] RJTP
[02:50:33] [280/445] LAKC
[02:50:34] [281/445] MCXE
[02:50:35] [282/445] CCZC
[02:50:36] [283/445] AVCH
[02:50:37] [284/445] CMBE
[02:50:38] [285/445] MRRC
[02:50:38] [286/445] PCPY
[02:50:40] [287/445] SRMH
[02:50:41] [288/445] SVGS
[02:50:41] 🔄 Identity reset
[02:50:41] 🔄 Identity rotated (every 10 requests)
[02:50:42] [289/445] PCSE
[02:50:43] [290/445] SVFT
[02:50:44] [291/445] TNZP
[02:50:44] [292/445] ICTP
[02:50:45] [293/445] ACTZ
[02:50:46] [294/445] GTUR
[02:50:47] [295/445] MAFC
[02:50:49] [296/445] MINL
[02:50:50] [297/445] MRCL
[02:50:51] [298/445] RCRP
[02:50:51] 🔄 Identity reset
[02:50:51] 🔄 Identity rotated (every 10 requests)
[02:50:52] [299/445] RFFG
[02:50:53] [300/445] RMAS
[02:50:54] [301/445] INVR
[02:50:54] [302/445] RMAR
[02:50:55] [303/445] CNIS
[02:50:56] [304/445] RHRJ
[02:50:58] [305/445] INXR
[02:50:59] [306/445] VALT
[02:51:00] [307/445] LCSH
[02:51:01] [308/445] CMVS
[02:51:01] 🔄 Identity reset
[02:51:01] 🔄 Identity rotated (every 10 requests)
[02:51:03] [309/445] CNMS
[02:51:04] [310/445] ROOG
[02:51:06] [311/445] ISRM
[02:51:07] [312/445] RCRM
[02:51:08] [313/445] ACJA
[02:51:09] [314/445] RCVS
[02:51:10] [315/445] CPUS
[02:51:11] [316/445] TGCS
[02:51:12] [317/445] RKCJ
[02:51:13] [318/445] MKSB
[02:51:14] 🔄 Identity reset
[02:51:14] 🔄 Identity rotated (every 10 requests)
[02:51:14] [319/445] TCSJ
[02:51:15] [320/445] RMGP
[02:51:16] [321/445] CLLP
[02:51:17] [322/445] RCMV
[02:51:18] [323/445] CCKS
[02:51:19] [324/445] RSRP
[02:51:21] [325/445] APLP
[02:51:22] [326/445] CNVS
[02:51:22] [327/445] RMVY
[02:51:23] [328/445] PGBD
[02:51:24] 🔄 Identity reset
[02:51:24] 🔄 Identity rotated (every 10 requests)
[02:51:24] [329/445] KLMS
[02:51:25] [330/445] RUST
[02:51:26] [331/445] MASM
[02:51:27] [332/445] BACS
[02:51:28] [333/445] BWST
[02:51:29] [334/445] RRFH
[02:51:30] [335/445] SJTM
[02:51:31] [336/445] BEMR
[02:51:32] [337/445] MCGR
[02:51:33] [338/445] SDSK
[02:51:33] 🔄 Identity reset
[02:51:33] 🔄 Identity rotated (every 10 requests)
[02:51:34] [339/445] VBOL
[02:51:35] [340/445] RMGM
[02:51:36] [341/445] NOPL
[02:51:37] [342/445] MKJK
[02:51:38] [343/445] CVRN
[02:51:39] [344/445] MMEN
[02:51:40] [345/445] AMNG
[02:51:40] [346/445] INTM
[02:51:41] [347/445] SLCZ
[02:51:42] [348/445] AMJN
[02:51:43] 🔄 Identity reset
[02:51:43] 🔄 Identity rotated (every 10 requests)
[02:51:43] [349/445] ACJN
[02:51:44] [350/445] AMKN
[02:51:45] [351/445] BTCN
[02:51:46] [352/445] AMBT
[02:51:47] [353/445] PACN
[02:51:48] [354/445] LCNS
[02:51:49] [355/445] PPKC
[02:51:50] [356/445] JYYN
[02:51:51] [357/445] JTNR
[02:51:52] [358/445] GTEE
[02:51:53] 🔄 Identity reset
[02:51:53] 🔄 Identity rotated (every 10 requests)
[02:51:53] [359/445] SRNM
[02:51:54] [360/445] SDTC
[02:51:55] [361/445] VPCA
[02:51:56] [362/445] VLRA
[02:51:57] [363/445] SHKR
[02:51:59] [364/445] SBKD
[02:51:59] [365/445] SAAD
[02:52:00] [366/445] JTGN
[02:52:01] [367/445] SLAM
[02:52:02] [368/445] VTPM
[02:52:02] 🔄 Identity reset
[02:52:02] 🔄 Identity rotated (every 10 requests)
[02:52:03] [369/445] ANPT
[02:52:04] [370/445] PUNB
[02:52:05] [371/445] CPKT
[02:52:07] [372/445] CNWE
[02:52:08] [373/445] ECPP
[02:52:09] [374/445] CPAR
[02:52:10] [375/445] ESBW
[02:52:10] [376/445] PKPU
[02:52:11] [377/445] CPRP
[02:52:12] [378/445] RAHU
[02:52:13] 🔄 Identity reset
[02:52:13] 🔄 Identity rotated (every 10 requests)
[02:52:13] 🔄 Retry 1/5 for RAHU in 2.2s
[02:52:13] 🔄 Identity reset
[02:52:15] 🧠 New identity created
[02:52:15] [379/445] RHMN
[02:52:16] [380/445] FMJP
[02:52:17] [381/445] CTMP
[02:52:18] [382/445] INPN
[02:52:19] [383/445] STTG
[02:52:20] [384/445] CTRD
[02:52:21] [385/445] PUVB
[02:52:22] [386/445] ESVP
[02:52:22] [387/445] CPFT
[02:52:23] 🔄 Identity reset
[02:52:23] 🔄 Identity rotated (every 10 requests)
[02:52:23] [388/445] LCPC
[02:52:24] [389/445] VBCT
[02:52:25] [390/445] FSCW
[02:52:26] [391/445] VCMP
[02:52:27] [392/445] ASHC
[02:52:28] [393/445] VLCX
[02:52:29] [394/445] SHEV
[02:52:29] [395/445] APCO
[02:52:31] [396/445] SILC
[02:52:32] [397/445] SNMR
[02:52:33] 🔄 Identity reset
[02:52:33] 🔄 Identity rotated (every 10 requests)
[02:52:33] [398/445] KYBO
[02:52:34] [399/445] SATK
[02:52:35] [400/445] SSCS
[02:52:36] [401/445] CLSB
[02:52:36] [402/445] KMJR
[02:52:38] [403/445] FSCK
[02:52:39] [404/445] NNKA
[02:52:40] [405/445] CLMK
[02:52:42] [406/445] DMPZ
[02:52:42] [407/445] INQM
[02:52:43] 🔄 Identity reset
[02:52:43] 🔄 Identity rotated (every 10 requests)
[02:52:43] [408/445] CAML
[02:52:44] [409/445] INRK
[02:52:45] [410/445] IMKN
[02:52:46] [411/445] SVNR
[02:52:47] [412/445] INSL
[02:52:48] [413/445] MSMA
[02:52:49] [414/445] MCKK
[02:52:50] [415/445] FCHP
[02:52:51] [416/445] SFCR
[02:52:52] [417/445] NACK
[02:52:52] 🔄 Identity reset
[02:52:52] 🔄 Identity rotated (every 10 requests)
[02:52:52] 🔄 Retry 1/5 for NACK in 2.9s
[02:52:52] 🔄 Identity reset
[02:52:55] 🧠 New identity created
[02:52:55] [418/445] PVAK
[02:52:56] [419/445] INER
[02:52:57] [420/445] RDBK
[02:52:58] [421/445] SVFN
[02:52:59] [422/445] IFRM
[02:52:59] [423/445] ATCK
[02:53:01] [424/445] ASKO
[02:53:02] [425/445] STKT
[02:53:03] [426/445] SVFB
[02:53:04] 🔄 Identity reset
[02:53:04] 🔄 Identity rotated (every 10 requests)
[02:53:04] [427/445] INKS
[02:53:06] [428/445] PCRA
[02:53:07] [429/445] ATJA
[02:53:08] [430/445] IMJN
[02:53:09] [431/445] INHD
[02:53:11] [432/445] BARA
[02:53:11] [433/445] MCSL
[02:53:13] [434/445] RTOY
[02:53:14] [435/445] MENO
[02:53:15] [436/445] PUDM
[02:53:15] 🔄 Identity reset
[02:53:15] 🔄 Identity rotated (every 10 requests)
[02:53:16] [437/445] PRCN
[02:53:17] [438/445] JMJR
[02:53:18] [439/445] SSGK
[02:53:19] [440/445] SSRL
[02:53:20] [441/445] JYKL
[02:53:20] [442/445] ACNB
[02:53:21] [443/445] SONP
[02:53:22] [444/445] EMCI
[02:53:23] [445/445] MRJH
[02:53:24] ✅ DONE | Shows=27 | Movies=5
[03:17:05] 🚀 BMS DAILY TRACKER STARTED (enhanced anti‑detection)
[03:17:05] [1/445] TGMR
[03:17:05] 🧠 New identity created
[03:17:05] 🔄 Retry 1/5 for TGMR in 2.7s
[03:17:05] 🔄 Identity reset
[03:17:08] 🧠 New identity created
[03:17:08] [2/445] CXKR
[03:17:09] [3/445] SROP
[03:17:10] [4/445] GTSV
[03:17:11] [5/445] SNTY
[03:17:12] [6/445] SMYY
[03:17:13] [7/445] CNCS
[03:17:14] [8/445] CSTM
[03:17:15] [9/445] NUCD
[03:17:15] 🔄 Identity reset
[03:17:15] 🔄 Identity rotated (every 10 requests)
[03:17:16] [10/445] SHCZ
[03:17:17] [11/445] NJCT
[03:17:18] [12/445] COPC
[03:17:19] [13/445] STVV
[03:17:20] [14/445] SKRN
[03:17:21] [15/445] APPZ
[03:17:21] [16/445] YMGN
[03:17:23] [17/445] SVTU
[03:17:24] [18/445] GTAD
[03:17:25] [19/445] PSUS
[03:17:26] 🔄 Identity reset
[03:17:26] 🔄 Identity rotated (every 10 requests)
[03:17:26] [20/445] SMCD
[03:17:28] [21/445] CMCM
[03:17:29] [22/445] SYCT
[03:17:30] [23/445] STLY
[03:17:31] [24/445] CMHU
[03:17:32] [25/445] CMSA
[03:17:32] [26/445] CLCU
[03:17:33] [27/445] PPNT
[03:17:34] [28/445] JTAB
[03:17:35] [29/445] BUUC
[03:17:36] 🔄 Identity reset
[03:17:36] 🔄 Identity rotated (every 10 requests)
[03:17:36] [30/445] BSVK
[03:17:38] [31/445] VVVQ
[03:17:39] [32/445] TKMU
[03:17:44] [33/445] ESYL
[03:17:46] [34/445] ACHP
[03:17:47] [35/445] BTKD
[03:17:48] [36/445] DESA
[03:17:49] [37/445] GBCT
[03:17:50] [38/445] BLLD
[03:17:51] [39/445] SKNT
[03:17:51] 🔄 Identity reset
[03:17:51] 🔄 Identity rotated (every 10 requests)
[03:17:52] [40/445] SSTE
[03:17:53] [41/445] VJMR
[03:17:54] [42/445] NTPU
[03:17:55] [43/445] RDKN
[03:17:56] [44/445] ADGC
[03:17:56] [45/445] VRBP
[03:17:57] [46/445] NMNA
[03:17:59] [47/445] CMMX
[03:18:00] [48/445] PTKO
[03:18:01] [49/445] RBML
[03:18:02] 🔄 Identity reset
[03:18:02] 🔄 Identity rotated (every 10 requests)
[03:18:02] 🔄 Retry 1/5 for RBML in 2.9s
[03:18:02] 🔄 Identity reset
[03:18:05] 🧠 New identity created
[03:18:05] [50/445] SAIC
[03:18:06] [51/445] SVTJ
[03:18:07] [52/445] MRTE
[03:18:08] [53/445] RBTP
[03:18:09] [54/445] NLPS
[03:18:10] [55/445] GTNA
[03:18:11] [56/445] DGGC
[03:18:12] [57/445] SMCR
[03:18:13] [58/445] SCGD
[03:18:14] 🔄 Identity reset
[03:18:14] 🔄 Identity rotated (every 10 requests)
[03:18:14] 🔄 Retry 1/5 for SCGD in 2.7s
[03:18:14] 🔄 Identity reset
[03:18:17] 🧠 New identity created
[03:18:17] [59/445] SRRJ
[03:18:18] [60/445] CNRY
[03:18:19] [61/445] KTDI
[03:18:20] [62/445] SNJL
[03:18:22] [63/445] RKMD
[03:18:23] [64/445] SMDC
[03:18:23] [65/445] TADG
[03:18:24] [66/445] MCGS
[03:18:25] [67/445] PETK
[03:18:26] 🔄 Identity reset
[03:18:26] 🔄 Identity rotated (every 10 requests)
[03:18:26] 🔄 Retry 1/5 for PETK in 2.3s
[03:18:26] 🔄 Identity reset
[03:18:28] 🧠 New identity created
[03:18:29] [68/445] CHAG
[03:18:30] [69/445] KSTL
[03:18:31] [70/445] AADS
[03:18:32] [71/445] NTHZ
[03:18:33] [72/445] HCKI
[03:18:34] [73/445] SSEF
[03:18:36] [74/445] MCGX
[03:18:37] [75/445] ERRA
[03:18:39] [76/445] SDTW
[03:18:39] 🔄 Identity reset
[03:18:39] 🔄 Identity rotated (every 10 requests)
[03:18:40] [77/445] RMPK
[03:18:41] [78/445] PTHK
[03:18:42] [79/445] PXCS
[03:18:43] [80/445] SVLU
[03:18:44] [81/445] STAH
[03:18:45] [82/445] JRGF
[03:18:46] [83/445] CDOK
[03:18:47] [84/445] CMSG
[03:18:48] [85/445] APTD
[03:18:49] [86/445] KMPG
[03:18:50] 🔄 Identity reset
[03:18:50] 🔄 Identity rotated (every 10 requests)
[03:18:50] [87/445] MUTJ
[03:18:51] [88/445] VCCI
[03:18:52] [89/445] URBE
[03:18:53] [90/445] TCTS
[03:18:54] [91/445] STSN
[03:18:55] [92/445] AKCH
[03:18:56] [93/445] APSC
[03:18:57] [94/445] VLTB
[03:18:58] [95/445] SANU
[03:18:59] [96/445] AXAM
[03:18:59] 🔄 Identity reset
[03:18:59] 🔄 Identity rotated (every 10 requests)
[03:19:00] [97/445] MGMG
[03:19:01] [98/445] HTBY
[03:19:02] [99/445] MMZS
[03:19:04] [100/445] SUDR
[03:19:05] [101/445] CCAD
[03:19:06] [102/445] SKKC
[03:19:07] [103/445] RMCD
[03:19:08] [104/445] SBCQ
[03:19:08] [105/445] DCCT
[03:19:09] [106/445] VTKP
[03:19:10] 🔄 Identity reset
[03:19:10] 🔄 Identity rotated (every 10 requests)
[03:19:11] [107/445] MLAM
[03:19:12] [108/445] SAVT
[03:19:12] [109/445] GEPL
[03:19:13] [110/445] AMCD
[03:19:14] [111/445] CCXR
[03:19:15] [112/445] GRNG
[03:19:16] [113/445] EBCA
[03:19:17] [114/445] CNVG
[03:19:18] [115/445] MWSS
[03:19:19] [116/445] VBOR
[03:19:19] 🔄 Identity reset
[03:19:19] 🔄 Identity rotated (every 10 requests)
[03:19:20] [117/445] NEEB
[03:19:20] [118/445] SUTH
[03:19:21] [119/445] ANDB
[03:19:22] [120/445] MMXS
[03:19:24] [121/445] CNPD
[03:19:25] [122/445] SDCE
[03:19:26] [123/445] DHCB
[03:19:27] [124/445] ODEN
[03:19:28] [125/445] TNTC
[03:19:28] [126/445] VBKM
[03:19:29] 🔄 Identity reset
[03:19:29] 🔄 Identity rotated (every 10 requests)
[03:19:29] [127/445] RZYM
[03:19:30] [128/445] JEMC
[03:19:31] [129/445] CMAU
[03:19:32] [130/445] SIVP
[03:19:33] [131/445] ATAG
[03:19:33] [132/445] CHTM
[03:19:34] [133/445] AAEE
[03:19:35] [134/445] IWPM
[03:19:36] [135/445] KCMW
[03:19:37] [136/445] MCTD
[03:19:37] 🔄 Identity reset
[03:19:37] 🔄 Identity rotated (every 10 requests)
[03:19:38] [137/445] SPWR
[03:19:40] [138/445] SDPO
[03:19:42] [139/445] PCSK
[03:19:43] [140/445] ACHV
[03:19:44] [141/445] SVLA
[03:19:45] [142/445] PICT
[03:19:47] [143/445] BXDR
[03:19:48] [144/445] SPWA
[03:19:49] [145/445] MCKO
[03:19:50] [146/445] RTHK
[03:19:51] 🔄 Identity reset
[03:19:51] 🔄 Identity rotated (every 10 requests)
[03:19:51] 🔄 Retry 1/5 for RTHK in 2.7s
[03:19:51] 🔄 Identity reset
[03:19:53] 🧠 New identity created
[03:19:54] [147/445] CCMF
[03:19:55] [148/445] MRGB
[03:19:55] [149/445] CPLC
[03:19:56] [150/445] RACD
[03:19:57] [151/445] ATKT
[03:19:58] [152/445] SARN
[03:19:59] [153/445] KKUI
[03:20:00] [154/445] RGCM
[03:20:01] [155/445] BRVP
[03:20:01] 🔄 Identity reset
[03:20:01] 🔄 Identity rotated (every 10 requests)
[03:20:03] [156/445] HRSR
[03:20:03] [157/445] GKGM
[03:20:04] [158/445] TTCD
[03:20:05] [159/445] PTTI
[03:20:06] [160/445] MPTT
[03:20:07] [161/445] CVTT
[03:20:08] [162/445] PCXD
[03:20:09] [163/445] GCDC
[03:20:10] [164/445] CCCF
[03:20:11] [165/445] MRAD
[03:20:11] 🔄 Identity reset
[03:20:11] 🔄 Identity rotated (every 10 requests)
[03:20:12] [166/445] CPLK
[03:20:13] [167/445] SATB
[03:20:14] [168/445] SNVG
[03:20:15] [169/445] JMBA
[03:20:16] [170/445] TEJA
[03:20:17] [171/445] STYO
[03:20:18] [172/445] JTBP
[03:20:19] [173/445] KRGD
[03:20:20] [174/445] SLJJ
[03:20:20] [175/445] SPTJ
[03:20:21] 🔄 Identity reset
[03:20:21] 🔄 Identity rotated (every 10 requests)
[03:20:21] [176/445] SWJG
[03:20:22] [177/445] LKRT
[03:20:23] [178/445] KCKA
[03:20:24] [179/445] SNCR
[03:20:25] [180/445] SMKL
[03:20:26] [181/445] GCFA
[03:20:27] [182/445] DDCK
[03:20:28] [183/445] NCHJ
[03:20:29] [184/445] RDMA
[03:20:30] [185/445] SVSV
[03:20:30] 🔄 Identity reset
[03:20:30] 🔄 Identity rotated (every 10 requests)
[03:20:30] [186/445] SCJG
[03:20:32] [187/445] VKLP
[03:20:32] [188/445] NWCC
[03:20:34] [189/445] VKNS
[03:20:35] [190/445] SDDP
[03:20:36] [191/445] ACSI
[03:20:37] [192/445] SATG
[03:20:37] [193/445] SCMW
[03:20:38] [194/445] LKTK
[03:20:39] [195/445] VCKV
[03:20:40] 🔄 Identity reset
[03:20:40] 🔄 Identity rotated (every 10 requests)
[03:20:41] [196/445] KKPE
[03:20:42] [197/445] KIGH
[03:20:43] [198/445] SRPM
[03:20:45] [199/445] SCAH
[03:20:46] [200/445] MUTA
[03:20:47] [201/445] SEPU
[03:20:47] [202/445] INOA
[03:20:48] [203/445] BASK
[03:20:49] [204/445] NECB
[03:20:50] [205/445] GTTG
[03:20:51] 🔄 Identity reset
[03:20:51] 🔄 Identity rotated (every 10 requests)
[03:20:51] [206/445] ASSA
[03:20:52] [207/445] ANCL
[03:20:53] [208/445] GCTI
[03:20:54] [209/445] RCTS
[03:20:55] [210/445] ACNL
[03:20:55] [211/445] MYCT
[03:20:57] [212/445] NMHT
[03:20:57] [213/445] MDIT
[03:20:58] [214/445] LATG
[03:21:00] [215/445] SMTY
[03:21:00] 🔄 Identity reset
[03:21:00] 🔄 Identity rotated (every 10 requests)
[03:21:00] [216/445] CVCT
[03:21:01] [217/445] RAMB
[03:21:02] [218/445] TGMS
[03:21:03] [219/445] BHEL
[03:21:04] [220/445] SHCT
[03:21:06] [221/445] SVCT
[03:21:06] [222/445] MRIY
[03:21:07] [223/445] SARO
[03:21:08] [224/445] STCT
[03:21:09] [225/445] JKKC
[03:21:10] 🔄 Identity reset
[03:21:10] 🔄 Identity rotated (every 10 requests)
[03:21:10] [226/445] PLTT
[03:21:11] [227/445] SRNT
[03:21:12] [228/445] YAST
[03:21:14] [229/445] PERL
[03:21:14] [230/445] CICM
[03:21:15] [231/445] MMTR
[03:21:16] [232/445] ABTK
[03:21:17] [233/445] ATYY
[03:21:18] [234/445] ASTK
[03:21:18] [235/445] VVCK
[03:21:19] 🔄 Identity reset
[03:21:19] 🔄 Identity rotated (every 10 requests)
[03:21:20] [236/445] ATKY
[03:21:20] [237/445] GWEK
[03:21:21] [238/445] SVFH
[03:21:22] [239/445] SLTA
[03:21:23] [240/445] AASH
[03:21:24] [241/445] ACXB
[03:21:26] [242/445] SMTX
[03:21:27] [243/445] AZDH
[03:21:28] [244/445] CMMH
[03:21:29] [245/445] SCSZ
[03:21:30] 🔄 Identity reset
[03:21:30] 🔄 Identity rotated (every 10 requests)
[03:21:30] [246/445] SCKP
[03:21:31] [247/445] NXTM
[03:21:33] [248/445] NWCS
[03:21:33] [249/445] CXMH
[03:21:34] [250/445] PCMA
[03:21:35] [251/445] SGCM
[03:21:36] [252/445] SDTU
[03:21:37] [253/445] MMVI
[03:21:39] [254/445] JKCM
[03:21:40] [255/445] VCMM
[03:21:41] 🔄 Identity reset
[03:21:41] 🔄 Identity rotated (every 10 requests)
[03:21:41] [256/445] SYEE
[03:21:42] [257/445] VASD
[03:21:43] [258/445] BDRB
[03:21:44] [259/445] LASM
[03:21:45] [260/445] DCRL
[03:21:46] [261/445] DVPM
[03:21:48] [262/445] SBMJ
[03:21:49] [263/445] CBMU
[03:21:49] [264/445] IUBS
[03:21:50] [265/445] INAP
[03:21:51] 🔄 Identity reset
[03:21:51] 🔄 Identity rotated (every 10 requests)
[03:21:51] [266/445] SRRC
[03:21:52] [267/445] SAGR
[03:21:53] [268/445] CPMJ
[03:21:54] [269/445] ATJL
[03:21:55] [270/445] NNTD
[03:21:56] [271/445] JHCJ
[03:21:57] [272/445] CMMP
[03:21:58] [273/445] RSDR
[03:21:59] [274/445] AMTI
[03:22:00] [275/445] NYSG
[03:22:01] 🔄 Identity reset
[03:22:01] 🔄 Identity rotated (every 10 requests)
[03:22:01] [276/445] AVSG
[03:22:02] [277/445] SYTP
[03:22:03] [278/445] LARC
[03:22:04] [279/445] RJTP
[03:22:05] [280/445] LAKC
[03:22:06] [281/445] MCXE
[03:22:07] [282/445] CCZC
[03:22:08] [283/445] AVCH
[03:22:09] [284/445] CMBE
[03:22:10] [285/445] MRRC
[03:22:11] 🔄 Identity reset
[03:22:11] 🔄 Identity rotated (every 10 requests)
[03:22:11] [286/445] PCPY
[03:22:12] [287/445] SRMH
[03:22:13] [288/445] SVGS
[03:22:14] [289/445] PCSE
[03:22:15] [290/445] SVFT
[03:22:16] [291/445] TNZP
[03:22:18] [292/445] ICTP
[03:22:19] [293/445] ACTZ
[03:22:19] [294/445] GTUR
[03:22:21] [295/445] MAFC
[03:22:22] 🔄 Identity reset
[03:22:22] 🔄 Identity rotated (every 10 requests)
[03:22:23] [296/445] MINL
[03:22:24] [297/445] MRCL
[03:22:25] [298/445] RCRP
[03:22:25] [299/445] RFFG
[03:22:26] [300/445] RMAS
[03:22:27] [301/445] INVR
[03:22:28] [302/445] RMAR
[03:22:29] [303/445] CNIS
[03:22:31] [304/445] RHRJ
[03:22:32] [305/445] INXR
[03:22:32] 🔄 Identity reset
[03:22:32] 🔄 Identity rotated (every 10 requests)
[03:22:33] [306/445] VALT
[03:22:34] [307/445] LCSH
[03:22:36] [308/445] CMVS
[03:22:36] [309/445] CNMS
[03:22:37] [310/445] ROOG
[03:22:39] [311/445] ISRM
[03:22:40] [312/445] RCRM
[03:22:41] [313/445] ACJA
[03:22:42] [314/445] RCVS
[03:22:43] [315/445] CPUS
[03:22:43] 🔄 Identity reset
[03:22:43] 🔄 Identity rotated (every 10 requests)
[03:22:44] [316/445] TGCS
[03:22:44] [317/445] RKCJ
[03:22:45] [318/445] MKSB
[03:22:47] [319/445] TCSJ
[03:22:48] [320/445] RMGP
[03:22:49] [321/445] CLLP
[03:22:49] [322/445] RCMV
[03:22:50] [323/445] CCKS
[03:22:51] [324/445] RSRP
[03:22:52] [325/445] APLP
[03:22:53] 🔄 Identity reset
[03:22:53] 🔄 Identity rotated (every 10 requests)
[03:22:53] [326/445] CNVS
[03:22:54] [327/445] RMVY
[03:22:56] [328/445] PGBD
[03:22:57] [329/445] KLMS
[03:22:58] [330/445] RUST
[03:22:59] [331/445] MASM
[03:23:00] [332/445] BACS
[03:23:01] [333/445] BWST
[03:23:02] [334/445] RRFH
[03:23:03] [335/445] SJTM
[03:23:03] 🔄 Identity reset
[03:23:03] 🔄 Identity rotated (every 10 requests)
[03:23:03] 🔄 Retry 1/5 for SJTM in 2.8s
[03:23:03] 🔄 Identity reset
[03:23:06] 🧠 New identity created
[03:23:07] [336/445] BEMR
[03:23:07] [337/445] MCGR
[03:23:08] [338/445] SDSK
[03:23:09] [339/445] VBOL
[03:23:10] [340/445] RMGM
[03:23:11] [341/445] NOPL
[03:23:12] [342/445] MKJK
[03:23:13] [343/445] CVRN
[03:23:14] [344/445] MMEN
[03:23:14] 🔄 Identity reset
[03:23:14] 🔄 Identity rotated (every 10 requests)
[03:23:15] [345/445] AMNG
[03:23:16] [346/445] INTM
[03:23:17] [347/445] SLCZ
[03:23:18] [348/445] AMJN
[03:23:19] [349/445] ACJN
[03:23:20] [350/445] AMKN
[03:23:20] [351/445] BTCN
[03:23:21] [352/445] AMBT
[03:23:22] [353/445] PACN
[03:23:23] [354/445] LCNS
[03:23:24] 🔄 Identity reset
[03:23:24] 🔄 Identity rotated (every 10 requests)
[03:23:24] [355/445] PPKC
[03:23:25] [356/445] JYYN
[03:23:26] [357/445] JTNR
[03:23:27] [358/445] GTEE
[03:23:28] [359/445] SRNM
[03:23:29] [360/445] SDTC
[03:23:30] [361/445] VPCA
[03:23:31] [362/445] VLRA
[03:23:32] [363/445] SHKR
[03:23:34] [364/445] SBKD
[03:23:34] 🔄 Identity reset
[03:23:34] 🔄 Identity rotated (every 10 requests)
[03:23:35] [365/445] SAAD
[03:23:36] [366/445] JTGN
[03:23:37] [367/445] SLAM
[03:23:37] [368/445] VTPM
[03:23:39] [369/445] ANPT
[03:23:41] [370/445] PUNB
[03:23:42] [371/445] CPKT
[03:23:43] [372/445] CNWE
[03:23:44] [373/445] ECPP
[03:23:45] [374/445] CPAR
[03:23:45] 🔄 Identity reset
[03:23:45] 🔄 Identity rotated (every 10 requests)
[03:23:46] [375/445] ESBW
[03:23:47] [376/445] PKPU
[03:23:48] [377/445] CPRP
[03:23:48] [378/445] RAHU
[03:23:49] [379/445] RHMN
[03:23:51] [380/445] FMJP
[03:23:52] [381/445] CTMP
[03:23:53] [382/445] INPN
[03:23:54] [383/445] STTG
[03:23:55] [384/445] CTRD
[03:23:55] 🔄 Identity reset
[03:23:55] 🔄 Identity rotated (every 10 requests)
[03:23:56] [385/445] PUVB
[03:23:57] [386/445] ESVP
[03:23:58] [387/445] CPFT
[03:23:59] [388/445] LCPC
[03:23:59] [389/445] VBCT
[03:24:00] [390/445] FSCW
[03:24:01] [391/445] VCMP
[03:24:02] [392/445] ASHC
[03:24:03] [393/445] VLCX
[03:24:04] [394/445] SHEV
[03:24:05] 🔄 Identity reset
[03:24:05] 🔄 Identity rotated (every 10 requests)
[03:24:05] [395/445] APCO
[03:24:06] [396/445] SILC
[03:24:07] [397/445] SNMR
[03:24:08] [398/445] KYBO
[03:24:09] [399/445] SATK
[03:24:09] [400/445] SSCS
[03:24:10] [401/445] CLSB
[03:24:11] [402/445] KMJR
[03:24:13] [403/445] FSCK
[03:24:14] [404/445] NNKA
[03:24:14] 🔄 Identity reset
[03:24:14] 🔄 Identity rotated (every 10 requests)
[03:24:14] 🔄 Retry 1/5 for NNKA in 2.9s
[03:24:14] 🔄 Identity reset
[03:24:17] 🧠 New identity created
[03:24:18] [405/445] CLMK
[03:24:19] [406/445] DMPZ
[03:24:20] [407/445] INQM
[03:24:20] [408/445] CAML
[03:24:21] [409/445] INRK
[03:24:22] [410/445] IMKN
[03:24:23] [411/445] SVNR
[03:24:24] [412/445] INSL
[03:24:25] [413/445] MSMA
[03:24:25] 🔄 Identity reset
[03:24:25] 🔄 Identity rotated (every 10 requests)
[03:24:25] [414/445] MCKK
[03:24:26] [415/445] FCHP
[03:24:27] [416/445] SFCR
[03:24:28] [417/445] NACK
[03:24:29] [418/445] PVAK
[03:24:30] [419/445] INER
[03:24:31] [420/445] RDBK
[03:24:32] [421/445] SVFN
[03:24:33] [422/445] IFRM
[03:24:35] [423/445] ATCK
[03:24:35] 🔄 Identity reset
[03:24:35] 🔄 Identity rotated (every 10 requests)
[03:24:36] [424/445] ASKO
[03:24:37] [425/445] STKT
[03:24:37] [426/445] SVFB
[03:24:38] [427/445] INKS
[03:24:39] [428/445] PCRA
[03:24:40] [429/445] ATJA
[03:24:41] [430/445] IMJN
[03:24:42] [431/445] INHD
[03:24:43] [432/445] BARA
[03:24:44] [433/445] MCSL
[03:24:44] 🔄 Identity reset
[03:24:45] 🔄 Identity rotated (every 10 requests)
[03:24:45] [434/445] RTOY
[03:24:46] [435/445] MENO
[03:24:47] [436/445] PUDM
[03:24:48] [437/445] PRCN
[03:24:49] [438/445] JMJR
[03:24:50] [439/445] SSGK
[03:24:51] [440/445] SSRL
[03:24:52] [441/445] JYKL
[03:24:53] [442/445] ACNB
[03:24:53] [443/445] SONP
[03:24:54] 🔄 Identity reset
[03:24:54] 🔄 Identity rotated (every 10 requests)
[03:24:54] [444/445] EMCI
[03:24:55] [445/445] MRJH
[03:24:56] ✅ DONE | Shows=45 | Movies=6
[04:16:56] 🚀 BMS DAILY TRACKER STARTED (enhanced anti‑detection)
[04:16:56] [1/445] TGMR
[04:16:56] 🧠 New identity created
[04:16:56] 🔄 Retry 1/5 for TGMR in 2.2s
[04:16:56] 🔄 Identity reset
[04:16:59] 🧠 New identity created
[04:16:59] 🔄 Retry 2/5 for TGMR in 4.7s
[04:16:59] 🔄 Identity reset
[04:17:04] 🧠 New identity created
[04:17:04] 🔄 Retry 3/5 for TGMR in 8.4s
[04:17:04] 🔄 Identity reset
[04:17:12] 🧠 New identity created
[04:17:12] 🔄 Retry 4/5 for TGMR in 16.5s
[04:17:12] 🔄 Identity reset
[04:17:29] 🧠 New identity created
[04:17:29] ❌ TGMR failed after 5 attempts
[04:17:29] 🔄 Identity reset
[04:17:29] ❌ TGMR final failure | RuntimeError | HTTP 403
[04:17:29] [2/445] CXKR
[04:17:30] 🧠 New identity created
[04:17:30] 🔄 Retry 1/5 for CXKR in 2.6s
[04:17:30] 🔄 Identity reset
[04:17:33] 🧠 New identity created
[04:17:33] 🔄 Retry 2/5 for CXKR in 4.6s
[04:17:33] 🔄 Identity reset
[04:17:37] 🧠 New identity created
[04:17:38] [3/445] SROP
[04:17:39] [4/445] GTSV
[04:17:39] 🔄 Identity reset
[04:17:39] 🔄 Identity rotated (every 10 requests)
[04:17:39] 🔄 Retry 1/5 for GTSV in 2.8s
[04:17:39] 🔄 Identity reset
[04:17:42] 🧠 New identity created
[04:17:42] 🔄 Retry 2/5 for GTSV in 4.6s
[04:17:42] 🔄 Identity reset
[04:17:47] 🧠 New identity created
[04:17:47] [5/445] SNTY
[04:17:48] [6/445] SMYY
[04:17:49] [7/445] CNCS
[04:17:50] [8/445] CSTM
[04:17:51] [9/445] NUCD
[04:17:52] [10/445] SHCZ
[04:17:53] [11/445] NJCT
[04:17:54] [12/445] COPC
[04:17:54] 🔄 Identity reset
[04:17:54] 🔄 Identity rotated (every 10 requests)
[04:17:54] 🔄 Retry 1/5 for COPC in 2.5s
[04:17:54] 🔄 Identity reset
[04:17:57] 🧠 New identity created
[04:17:57] [13/445] STVV
[04:17:58] [14/445] SKRN
[04:17:59] [15/445] APPZ
[04:18:01] [16/445] YMGN
[04:18:02] [17/445] SVTU
[04:18:03] [18/445] GTAD
[04:18:04] [19/445] PSUS
[04:18:05] [20/445] SMCD
[04:18:06] [21/445] CMCM
[04:18:06] 🔄 Identity reset
[04:18:06] 🔄 Identity rotated (every 10 requests)
[04:18:07] [22/445] SYCT
[04:18:08] [23/445] STLY
[04:18:08] [24/445] CMHU
[04:18:10] [25/445] CMSA
[04:18:11] [26/445] CLCU
[04:18:12] [27/445] PPNT
[04:18:13] [28/445] JTAB
[04:18:14] [29/445] BUUC
[04:18:15] [30/445] BSVK
[04:18:15] [31/445] VVVQ
[04:18:16] 🔄 Identity reset
[04:18:16] 🔄 Identity rotated (every 10 requests)
[04:18:16] 🔄 Retry 1/5 for VVVQ in 2.2s
[04:18:16] 🔄 Identity reset
[04:18:18] 🧠 New identity created
[04:18:19] 🔄 Retry 2/5 for VVVQ in 4.5s
[04:18:19] 🔄 Identity reset
[04:18:23] 🧠 New identity created
[04:18:23] [32/445] TKMU
[04:18:24] [33/445] ESYL
[04:18:25] [34/445] ACHP
[04:18:26] [35/445] BTKD
[04:18:27] [36/445] DESA
[04:18:28] [37/445] GBCT
[04:18:29] [38/445] BLLD
[04:18:30] [39/445] SKNT
[04:18:31] 🔄 Identity reset
[04:18:31] 🔄 Identity rotated (every 10 requests)
[04:18:31] [40/445] SSTE
[04:18:32] [41/445] VJMR
[04:18:33] [42/445] NTPU
[04:18:35] [43/445] RDKN
[04:18:36] [44/445] ADGC
[04:18:37] [45/445] VRBP
[04:18:38] [46/445] NMNA
[04:18:38] [47/445] CMMX
[04:18:39] [48/445] PTKO
[04:18:40] [49/445] RBML
[04:18:41] 🔄 Identity reset
[04:18:41] 🔄 Identity rotated (every 10 requests)
[04:18:41] [50/445] SAIC
[04:18:42] [51/445] SVTJ
[04:18:44] [52/445] MRTE
[04:18:45] [53/445] RBTP
[04:18:46] [54/445] NLPS
[04:18:47] [55/445] GTNA
[04:18:48] [56/445] DGGC
[04:18:48] [57/445] SMCR
[04:18:49] [58/445] SCGD
[04:18:50] [59/445] SRRJ
[04:18:51] 🔄 Identity reset
[04:18:51] 🔄 Identity rotated (every 10 requests)
[04:18:51] [60/445] CNRY
[04:18:52] [61/445] KTDI
[04:18:53] [62/445] SNJL
[04:18:55] [63/445] RKMD
[04:18:56] [64/445] SMDC
[04:18:57] [65/445] TADG
[04:18:58] [66/445] MCGS
[04:19:00] [67/445] PETK
[04:19:01] [68/445] CHAG
[04:19:02] [69/445] KSTL
[04:19:02] 🔄 Identity reset
[04:19:02] 🔄 Identity rotated (every 10 requests)
[04:19:03] [70/445] AADS
[04:19:04] [71/445] NTHZ
[04:19:05] [72/445] HCKI
[04:19:06] [73/445] SSEF
[04:19:06] [74/445] MCGX
[04:19:08] [75/445] ERRA
[04:19:09] [76/445] SDTW
[04:19:10] [77/445] RMPK
[04:19:11] [78/445] PTHK
[04:19:12] [79/445] PXCS
[04:19:13] 🔄 Identity reset
[04:19:13] 🔄 Identity rotated (every 10 requests)
[04:19:13] [80/445] SVLU
[04:19:14] [81/445] STAH
[04:19:15] [82/445] JRGF
[04:19:16] [83/445] CDOK
[04:19:17] [84/445] CMSG
[04:19:18] [85/445] APTD
[04:19:19] [86/445] KMPG
[04:19:20] [87/445] MUTJ
[04:19:21] [88/445] VCCI
[04:19:22] [89/445] URBE
[04:19:22] 🔄 Identity reset
[04:19:22] 🔄 Identity rotated (every 10 requests)
[04:19:22] [90/445] TCTS
[04:19:23] [91/445] STSN
[04:19:25] [92/445] AKCH
[04:19:26] [93/445] APSC
[04:19:27] [94/445] VLTB
[04:19:28] [95/445] SANU
[04:19:29] [96/445] AXAM
[04:19:30] [97/445] MGMG
[04:19:31] [98/445] HTBY
[04:19:32] [99/445] MMZS
[04:19:33] 🔄 Identity reset
[04:19:33] 🔄 Identity rotated (every 10 requests)
[04:19:33] [100/445] SUDR
[04:19:34] [101/445] CCAD
[04:19:35] [102/445] SKKC
[04:19:36] [103/445] RMCD
[04:19:37] [104/445] SBCQ
[04:19:38] [105/445] DCCT
[04:19:39] [106/445] VTKP
[04:19:40] [107/445] MLAM
[04:19:41] [108/445] SAVT
[04:19:42] [109/445] GEPL
[04:19:43] 🔄 Identity reset
[04:19:43] 🔄 Identity rotated (every 10 requests)
[04:19:43] [110/445] AMCD
[04:19:44] [111/445] CCXR
[04:19:45] [112/445] GRNG
[04:19:46] [113/445] EBCA
[04:19:47] [114/445] CNVG
[04:19:48] [115/445] MWSS
[04:19:49] [116/445] VBOR
[04:19:50] [117/445] NEEB
[04:19:51] [118/445] SUTH
[04:19:52] [119/445] ANDB
[04:19:52] 🔄 Identity reset
[04:19:52] 🔄 Identity rotated (every 10 requests)
[04:19:53] [120/445] MMXS
[04:19:55] [121/445] CNPD
[04:19:56] [122/445] SDCE
[04:19:57] [123/445] DHCB
[04:19:58] [124/445] ODEN
[04:19:58] [125/445] TNTC
[04:19:59] [126/445] VBKM
[04:20:00] [127/445] RZYM
[04:20:02] [128/445] JEMC
[04:20:03] [129/445] CMAU
[04:20:03] 🔄 Identity reset
[04:20:03] 🔄 Identity rotated (every 10 requests)
[04:20:05] [130/445] SIVP
[04:20:06] [131/445] ATAG
[04:20:07] [132/445] CHTM
[04:20:08] [133/445] AAEE
[04:20:09] [134/445] IWPM
[04:20:10] [135/445] KCMW
[04:20:11] [136/445] MCTD
[04:20:13] [137/445] SPWR
[04:20:14] [138/445] SDPO
[04:20:16] [139/445] PCSK
[04:20:16] 🔄 Identity reset
[04:20:16] 🔄 Identity rotated (every 10 requests)
[04:20:17] [140/445] ACHV
[04:20:17] [141/445] SVLA
[04:20:19] [142/445] PICT
[04:20:21] [143/445] BXDR
[04:20:22] [144/445] SPWA
[04:20:23] [145/445] MCKO
[04:20:24] [146/445] RTHK
[04:20:25] [147/445] CCMF
[04:20:26] [148/445] MRGB
[04:20:27] [149/445] CPLC
[04:20:28] 🔄 Identity reset
[04:20:28] 🔄 Identity rotated (every 10 requests)
[04:20:28] [150/445] RACD
[04:20:30] [151/445] ATKT
[04:20:31] [152/445] SARN
[04:20:32] [153/445] KKUI
[04:20:33] [154/445] RGCM
[04:20:34] [155/445] BRVP
[04:20:35] [156/445] HRSR
[04:20:36] [157/445] GKGM
[04:20:36] [158/445] TTCD
[04:20:37] [159/445] PTTI
[04:20:38] 🔄 Identity reset
[04:20:38] 🔄 Identity rotated (every 10 requests)
[04:20:38] 🔄 Retry 1/5 for PTTI in 2.6s
[04:20:38] 🔄 Identity reset
[04:20:41] 🧠 New identity created
[04:20:41] [160/445] MPTT
[04:20:42] [161/445] CVTT
[04:20:43] [162/445] PCXD
[04:20:44] [163/445] GCDC
[04:20:45] [164/445] CCCF
[04:20:46] [165/445] MRAD
[04:20:47] [166/445] CPLK
[04:20:49] [167/445] SATB
[04:20:50] [168/445] SNVG
[04:20:51] 🔄 Identity reset
[04:20:51] 🔄 Identity rotated (every 10 requests)
[04:20:51] [169/445] JMBA
[04:20:52] [170/445] TEJA
[04:20:53] [171/445] STYO
[04:20:54] [172/445] JTBP
[04:20:55] [173/445] KRGD
[04:20:55] [174/445] SLJJ
[04:20:56] [175/445] SPTJ
[04:20:57] [176/445] SWJG
[04:20:58] [177/445] LKRT
[04:20:59] [178/445] KCKA
[04:20:59] 🔄 Identity reset
[04:20:59] 🔄 Identity rotated (every 10 requests)
[04:21:00] [179/445] SNCR
[04:21:01] [180/445] SMKL
[04:21:02] [181/445] GCFA
[04:21:03] [182/445] DDCK
[04:21:04] [183/445] NCHJ
[04:21:05] [184/445] RDMA
[04:21:06] [185/445] SVSV
[04:21:07] [186/445] SCJG
[04:21:08] [187/445] VKLP
[04:21:09] [188/445] NWCC
[04:21:09] 🔄 Identity reset
[04:21:09] 🔄 Identity rotated (every 10 requests)
[04:21:09] 🔄 Retry 1/5 for NWCC in 3.0s
[04:21:09] 🔄 Identity reset
[04:21:12] 🧠 New identity created
[04:21:12] 🔄 Retry 2/5 for NWCC in 4.9s
[04:21:12] 🔄 Identity reset
[04:21:17] 🧠 New identity created
[04:21:18] [189/445] VKNS
[04:21:19] [190/445] SDDP
[04:21:20] [191/445] ACSI
[04:21:21] [192/445] SATG
[04:21:22] [193/445] SCMW
[04:21:23] [194/445] LKTK
[04:21:23] [195/445] VCKV
[04:21:24] [196/445] KKPE
[04:21:25] 🔄 Identity reset
[04:21:25] 🔄 Identity rotated (every 10 requests)
[04:21:25] [197/445] KIGH
[04:21:26] [198/445] SRPM
[04:21:27] [199/445] SCAH
[04:21:28] [200/445] MUTA
[04:21:29] [201/445] SEPU
[04:21:30] [202/445] INOA
[04:21:32] [203/445] BASK
[04:21:33] [204/445] NECB
[04:21:34] [205/445] GTTG
[04:21:35] [206/445] ASSA
[04:21:35] 🔄 Identity reset
[04:21:35] 🔄 Identity rotated (every 10 requests)
[04:21:35] 🔄 Retry 1/5 for ASSA in 2.2s
[04:21:35] 🔄 Identity reset
[04:21:38] 🧠 New identity created
[04:21:38] [207/445] ANCL
[04:21:39] [208/445] GCTI
[04:21:40] [209/445] RCTS
[04:21:41] [210/445] ACNL
[04:21:42] [211/445] MYCT
[04:21:43] [212/445] NMHT
[04:21:44] [213/445] MDIT
[04:21:45] [214/445] LATG
[04:21:46] [215/445] SMTY
[04:21:46] 🔄 Identity reset
[04:21:46] 🔄 Identity rotated (every 10 requests)
[04:21:47] [216/445] CVCT
[04:21:48] [217/445] RAMB
[04:21:49] [218/445] TGMS
[04:21:50] [219/445] BHEL
[04:21:51] [220/445] SHCT
[04:21:53] [221/445] SVCT
[04:21:54] [222/445] MRIY
[04:21:55] [223/445] SARO
[04:21:56] [224/445] STCT
[04:21:57] [225/445] JKKC
[04:21:57] 🔄 Identity reset
[04:21:57] 🔄 Identity rotated (every 10 requests)
[04:21:58] 🔄 Retry 1/5 for JKKC in 2.9s
[04:21:58] 🔄 Identity reset
[04:22:00] 🧠 New identity created
[04:22:01] [226/445] PLTT
[04:22:02] [227/445] SRNT
[04:22:03] [228/445] YAST
[04:22:04] [229/445] PERL
[04:22:05] [230/445] CICM
[04:22:06] [231/445] MMTR
[04:22:07] [232/445] ABTK
[04:22:08] [233/445] ATYY
[04:22:09] [234/445] ASTK
[04:22:10] 🔄 Identity reset
[04:22:10] 🔄 Identity rotated (every 10 requests)
[04:22:10] 🔄 Retry 1/5 for ASTK in 2.1s
[04:22:10] 🔄 Identity reset
[04:22:12] 🧠 New identity created
[04:22:12] 🔄 Retry 2/5 for ASTK in 4.8s
[04:22:12] 🔄 Identity reset
[04:22:17] 🧠 New identity created
[04:22:17] [235/445] VVCK
[04:22:18] [236/445] ATKY
[04:22:19] [237/445] GWEK
[04:22:20] [238/445] SVFH
[04:22:22] [239/445] SLTA
[04:22:22] [240/445] AASH
[04:22:24] [241/445] ACXB
[04:22:26] [242/445] SMTX
[04:22:27] 🔄 Identity reset
[04:22:27] 🔄 Identity rotated (every 10 requests)
[04:22:27] 🔄 Retry 1/5 for SMTX in 2.8s
[04:22:27] 🔄 Identity reset
[04:22:29] 🧠 New identity created
[04:22:30] [243/445] AZDH
[04:22:32] [244/445] CMMH
[04:22:33] [245/445] SCSZ
[04:22:34] [246/445] SCKP
[04:22:35] [247/445] NXTM
[04:22:36] [248/445] NWCS
[04:22:37] [249/445] CXMH
[04:22:38] [250/445] PCMA
[04:22:38] [251/445] SGCM
[04:22:39] 🔄 Identity reset
[04:22:39] 🔄 Identity rotated (every 10 requests)
[04:22:40] [252/445] SDTU
[04:22:40] [253/445] MMVI
[04:22:42] [254/445] JKCM
[04:22:43] [255/445] VCMM
[04:22:44] [256/445] SYEE
[04:22:45] [257/445] VASD
[04:22:46] [258/445] BDRB
[04:22:47] [259/445] LASM
[04:22:49] [260/445] DCRL
[04:22:49] [261/445] DVPM
[04:22:50] 🔄 Identity reset
[04:22:50] 🔄 Identity rotated (every 10 requests)
[04:22:51] [262/445] SBMJ
[04:22:52] [263/445] CBMU
[04:22:53] [264/445] IUBS
[04:22:54] [265/445] INAP
[04:22:55] [266/445] SRRC
[04:22:56] [267/445] SAGR
[04:22:57] [268/445] CPMJ
[04:22:59] [269/445] ATJL
[04:22:59] [270/445] NNTD
[04:23:00] [271/445] JHCJ
[04:23:01] 🔄 Identity reset
[04:23:01] 🔄 Identity rotated (every 10 requests)
[04:23:01] [272/445] CMMP
[04:23:02] [273/445] RSDR
[04:23:03] [274/445] AMTI
[04:23:04] [275/445] NYSG
[04:23:05] [276/445] AVSG
[04:23:06] [277/445] SYTP
[04:23:07] [278/445] LARC
[04:23:08] [279/445] RJTP
[04:23:09] [280/445] LAKC
[04:23:10] [281/445] MCXE
[04:23:10] 🔄 Identity reset
[04:23:10] 🔄 Identity rotated (every 10 requests)
[04:23:11] [282/445] CCZC
[04:23:12] [283/445] AVCH
[04:23:13] [284/445] CMBE
[04:23:14] [285/445] MRRC
[04:23:15] [286/445] PCPY
[04:23:17] [287/445] SRMH
[04:23:18] [288/445] SVGS
[04:23:19] [289/445] PCSE
[04:23:20] [290/445] SVFT
[04:23:21] [291/445] TNZP
[04:23:21] 🔄 Identity reset
[04:23:21] 🔄 Identity rotated (every 10 requests)
[04:23:21] 🔄 Retry 1/5 for TNZP in 2.0s
[04:23:21] 🔄 Identity reset
[04:23:24] 🧠 New identity created
[04:23:25] [292/445] ICTP
[04:23:25] [293/445] ACTZ
[04:23:26] [294/445] GTUR
[04:23:27] [295/445] MAFC
[04:23:28] [296/445] MINL
[04:23:30] [297/445] MRCL
[04:23:31] [298/445] RCRP
[04:23:32] [299/445] RFFG
[04:23:33] [300/445] RMAS
[04:23:34] 🔄 Identity reset
[04:23:34] 🔄 Identity rotated (every 10 requests)
[04:23:35] [301/445] INVR
[04:23:37] [302/445] RMAR
[04:23:38] [303/445] CNIS
[04:23:40] [304/445] RHRJ
[04:23:41] [305/445] INXR
[04:23:42] [306/445] VALT
[04:23:43] [307/445] LCSH
[04:23:44] [308/445] CMVS
[04:23:45] [309/445] CNMS
[04:23:46] [310/445] ROOG
[04:23:47] 🔄 Identity reset
[04:23:47] 🔄 Identity rotated (every 10 requests)
[04:23:48] [311/445] ISRM
[04:23:49] [312/445] RCRM
[04:23:50] [313/445] ACJA
[04:23:51] [314/445] RCVS
[04:23:52] [315/445] CPUS
[04:23:53] [316/445] TGCS
[04:23:54] [317/445] RKCJ
[04:23:55] [318/445] MKSB
[04:23:56] [319/445] TCSJ
[04:23:57] [320/445] RMGP
[04:23:58] 🔄 Identity reset
[04:23:58] 🔄 Identity rotated (every 10 requests)
[04:23:58] [321/445] CLLP
[04:23:59] [322/445] RCMV
[04:24:00] [323/445] CCKS
[04:24:01] [324/445] RSRP
[04:24:02] [325/445] APLP
[04:24:03] [326/445] CNVS
[04:24:04] [327/445] RMVY
[04:24:06] [328/445] PGBD
[04:24:07] [329/445] KLMS
[04:24:07] [330/445] RUST
[04:24:08] 🔄 Identity reset
[04:24:08] 🔄 Identity rotated (every 10 requests)
[04:24:08] 🔄 Retry 1/5 for RUST in 2.1s
[04:24:08] 🔄 Identity reset
[04:24:10] 🧠 New identity created
[04:24:11] [331/445] MASM
[04:24:12] [332/445] BACS
[04:24:12] [333/445] BWST
[04:24:13] [334/445] RRFH
[04:24:15] [335/445] SJTM
[04:24:16] [336/445] BEMR
[04:24:17] [337/445] MCGR
[04:24:18] [338/445] SDSK
[04:24:19] [339/445] VBOL
[04:24:19] 🔄 Identity reset
[04:24:19] 🔄 Identity rotated (every 10 requests)
[04:24:20] [340/445] RMGM
[04:24:20] [341/445] NOPL
[04:24:21] [342/445] MKJK
[04:24:22] [343/445] CVRN
[04:24:24] [344/445] MMEN
[04:24:25] [345/445] AMNG
[04:24:26] [346/445] INTM
[04:24:27] [347/445] SLCZ
[04:24:28] [348/445] AMJN
[04:24:29] [349/445] ACJN
[04:24:29] 🔄 Identity reset
[04:24:29] 🔄 Identity rotated (every 10 requests)
[04:24:30] [350/445] AMKN
[04:24:31] [351/445] BTCN
[04:24:32] [352/445] AMBT
[04:24:32] [353/445] PACN
[04:24:33] [354/445] LCNS
[04:24:34] [355/445] PPKC
[04:24:35] [356/445] JYYN
[04:24:36] [357/445] JTNR
[04:24:37] [358/445] GTEE
[04:24:38] [359/445] SRNM
[04:24:38] 🔄 Identity reset
[04:24:38] 🔄 Identity rotated (every 10 requests)
[04:24:38] 🔄 Retry 1/5 for SRNM in 2.6s
[04:24:38] 🔄 Identity reset
[04:24:41] 🧠 New identity created
[04:24:41] [360/445] SDTC
[04:24:42] [361/445] VPCA
[04:24:43] [362/445] VLRA
[04:24:44] [363/445] SHKR
[04:24:46] [364/445] SBKD
[04:24:47] [365/445] SAAD
[04:24:48] [366/445] JTGN
[04:24:49] [367/445] SLAM
[04:24:50] [368/445] VTPM
[04:24:51] 🔄 Identity reset
[04:24:51] 🔄 Identity rotated (every 10 requests)
[04:24:51] [369/445] ANPT
[04:24:52] [370/445] PUNB
[04:24:53] [371/445] CPKT
[04:24:54] [372/445] CNWE
[04:24:55] [373/445] ECPP
[04:24:56] [374/445] CPAR
[04:24:57] [375/445] ESBW
[04:24:58] [376/445] PKPU
[04:24:59] [377/445] CPRP
[04:25:00] [378/445] RAHU
[04:25:00] 🔄 Identity reset
[04:25:00] 🔄 Identity rotated (every 10 requests)
[04:25:01] [379/445] RHMN
[04:25:02] [380/445] FMJP
[04:25:03] [381/445] CTMP
[04:25:04] [382/445] INPN
[04:25:04] [383/445] STTG
[04:25:05] [384/445] CTRD
[04:25:06] [385/445] PUVB
[04:25:07] [386/445] ESVP
[04:25:08] [387/445] CPFT
[04:25:09] [388/445] LCPC
[04:25:10] 🔄 Identity reset
[04:25:10] 🔄 Identity rotated (every 10 requests)
[04:25:10] [389/445] VBCT
[04:25:11] [390/445] FSCW
[04:25:12] [391/445] VCMP
[04:25:13] [392/445] ASHC
[04:25:14] [393/445] VLCX
[04:25:15] [394/445] SHEV
[04:25:16] [395/445] APCO
[04:25:17] [396/445] SILC
[04:25:18] [397/445] SNMR
[04:25:19] [398/445] KYBO
[04:25:20] 🔄 Identity reset
[04:25:20] 🔄 Identity rotated (every 10 requests)
[04:25:20] [399/445] SATK
[04:25:22] [400/445] SSCS
[04:25:23] [401/445] CLSB
[04:25:23] [402/445] KMJR
[04:25:25] [403/445] FSCK
[04:25:26] [404/445] NNKA
[04:25:27] [405/445] CLMK
[04:25:28] [406/445] DMPZ
[04:25:29] [407/445] INQM
[04:25:30] [408/445] CAML
[04:25:31] 🔄 Identity reset
[04:25:31] 🔄 Identity rotated (every 10 requests)
[04:25:31] [409/445] INRK
[04:25:32] [410/445] IMKN
[04:25:34] [411/445] SVNR
[04:25:35] [412/445] INSL
[04:25:36] [413/445] MSMA
[04:25:37] [414/445] MCKK
[04:25:38] [415/445] FCHP
[04:25:39] [416/445] SFCR
[04:25:39] [417/445] NACK
[04:25:40] [418/445] PVAK
[04:25:41] 🔄 Identity reset
[04:25:41] 🔄 Identity rotated (every 10 requests)
[04:25:42] [419/445] INER
[04:25:43] [420/445] RDBK
[04:25:44] [421/445] SVFN
[04:25:45] [422/445] IFRM
[04:25:46] [423/445] ATCK
[04:25:47] [424/445] ASKO
[04:25:47] [425/445] STKT
[04:25:48] [426/445] SVFB
[04:25:49] [427/445] INKS
[04:25:50] [428/445] PCRA
[04:25:51] 🔄 Identity reset
[04:25:51] 🔄 Identity rotated (every 10 requests)
[04:25:51] [429/445] ATJA
[04:25:52] [430/445] IMJN
[04:25:53] [431/445] INHD
[04:25:53] [432/445] BARA
[04:25:54] [433/445] MCSL
[04:25:55] [434/445] RTOY
[04:25:57] [435/445] MENO
[04:25:57] [436/445] PUDM
[04:25:58] [437/445] PRCN
[04:26:00] [438/445] JMJR
[04:26:00] 🔄 Identity reset
[04:26:00] 🔄 Identity rotated (every 10 requests)
[04:26:01] [439/445] SSGK
[04:26:01] [440/445] SSRL
[04:26:02] [441/445] JYKL
[04:26:03] [442/445] ACNB
[04:26:04] [443/445] SONP
[04:26:05] [444/445] EMCI
[04:26:06] [445/445] MRJH
[04:26:07] 🔁 RETRY ROUND 1 | Remaining: 1
[04:26:07] [RETRY-1] TGMR
[04:26:10] ✅ DONE | Shows=85 | Movies=7
[04:42:28] 🚀 BMS DAILY TRACKER STARTED (enhanced anti‑detection)
[04:42:28] [1/445] TGMR
[04:42:29] 🧠 New identity created
[04:42:29] 🔄 Retry 1/5 for TGMR in 2.7s
[04:42:29] 🔄 Identity reset
[04:42:31] 🧠 New identity created
[04:42:32] [2/445] CXKR
[04:42:33] [3/445] SROP
[04:42:34] [4/445] GTSV
[04:42:35] [5/445] SNTY
[04:42:36] [6/445] SMYY
[04:42:37] [7/445] CNCS
[04:42:38] [8/445] CSTM
[04:42:40] [9/445] NUCD
[04:42:40] 🔄 Identity reset
[04:42:40] 🔄 Identity rotated (every 10 requests)
[04:42:41] [10/445] SHCZ
[04:42:41] [11/445] NJCT
[04:42:42] [12/445] COPC
[04:42:43] [13/445] STVV
[04:42:44] [14/445] SKRN
[04:42:44] [15/445] APPZ
[04:42:45] [16/445] YMGN
[04:42:46] [17/445] SVTU
[04:42:47] [18/445] GTAD
[04:42:48] [19/445] PSUS
[04:42:48] 🔄 Identity reset
[04:42:48] 🔄 Identity rotated (every 10 requests)
[04:42:49] [20/445] SMCD
[04:42:50] [21/445] CMCM
[04:42:51] [22/445] SYCT
[04:42:52] [23/445] STLY
[04:42:53] [24/445] CMHU
[04:42:54] [25/445] CMSA
[04:42:55] [26/445] CLCU
[04:42:56] [27/445] PPNT
[04:42:57] [28/445] JTAB
[04:42:57] [29/445] BUUC
[04:42:58] 🔄 Identity reset
[04:42:58] 🔄 Identity rotated (every 10 requests)
[04:42:58] [30/445] BSVK
[04:43:00] [31/445] VVVQ
[04:43:01] [32/445] TKMU
[04:43:02] [33/445] ESYL
[04:43:02] [34/445] ACHP
[04:43:03] [35/445] BTKD
[04:43:04] [36/445] DESA
[04:43:05] [37/445] GBCT
[04:43:06] [38/445] BLLD
[04:43:07] [39/445] SKNT
[04:43:07] 🔄 Identity reset
[04:43:07] 🔄 Identity rotated (every 10 requests)
[04:43:07] [40/445] SSTE
[04:43:08] [41/445] VJMR
[04:43:09] [42/445] NTPU
[04:43:11] [43/445] RDKN
[04:43:12] [44/445] ADGC
[04:43:12] [45/445] VRBP
[04:43:13] [46/445] NMNA
[04:43:14] [47/445] CMMX
[04:43:15] [48/445] PTKO
[04:43:16] [49/445] RBML
[04:43:16] 🔄 Identity reset
[04:43:16] 🔄 Identity rotated (every 10 requests)
[04:43:16] 🔄 Retry 1/5 for RBML in 2.2s
[04:43:16] 🔄 Identity reset
[04:43:19] 🧠 New identity created
[04:43:19] [50/445] SAIC
[04:43:20] [51/445] SVTJ
[04:43:21] [52/445] MRTE
[04:43:21] [53/445] RBTP
[04:43:22] [54/445] NLPS
[04:43:23] [55/445] GTNA
[04:43:24] [56/445] DGGC
[04:43:25] [57/445] SMCR
[04:43:26] [58/445] SCGD
[04:43:26] 🔄 Identity reset
[04:43:26] 🔄 Identity rotated (every 10 requests)
[04:43:26] [59/445] SRRJ
[04:43:27] [60/445] CNRY
[04:43:28] [61/445] KTDI
[04:43:29] [62/445] SNJL
[04:43:30] [63/445] RKMD
[04:43:32] [64/445] SMDC
[04:43:33] [65/445] TADG
[04:43:33] [66/445] MCGS
[04:43:34] [67/445] PETK
[04:43:36] [68/445] CHAG
[04:43:36] 🔄 Identity reset
[04:43:36] 🔄 Identity rotated (every 10 requests)
[04:43:37] [69/445] KSTL
[04:43:38] [70/445] AADS
[04:43:39] [71/445] NTHZ
[04:43:39] [72/445] HCKI
[04:43:41] [73/445] SSEF
[04:43:42] [74/445] MCGX
[04:43:44] [75/445] ERRA
[04:43:45] [76/445] SDTW
[04:43:46] [77/445] RMPK
[04:43:46] [78/445] PTHK
[04:43:47] 🔄 Identity reset
[04:43:47] 🔄 Identity rotated (every 10 requests)
[04:43:47] 🔄 Retry 1/5 for PTHK in 2.2s
[04:43:47] 🔄 Identity reset
[04:43:49] 🧠 New identity created
[04:43:50] [79/445] PXCS
[04:43:50] [80/445] SVLU
[04:43:51] [81/445] STAH
[04:43:52] [82/445] JRGF
[04:43:54] [83/445] CDOK
[04:43:55] [84/445] CMSG
[04:43:55] [85/445] APTD
[04:43:56] [86/445] KMPG
[04:43:57] [87/445] MUTJ
[04:43:58] 🔄 Identity reset
[04:43:58] 🔄 Identity rotated (every 10 requests)
[04:43:58] [88/445] VCCI
[04:43:59] [89/445] URBE
[04:43:59] [90/445] TCTS
[04:44:00] [91/445] STSN
[04:44:01] [92/445] AKCH
[04:44:02] [93/445] APSC
[04:44:03] [94/445] VLTB
[04:44:04] [95/445] SANU
[04:44:05] [96/445] AXAM
[04:44:06] [97/445] MGMG
[04:44:06] 🔄 Identity reset
[04:44:06] 🔄 Identity rotated (every 10 requests)
[04:44:07] [98/445] HTBY
[04:44:07] [99/445] MMZS
[04:44:08] [100/445] SUDR
[04:44:09] [101/445] CCAD
[04:44:10] [102/445] SKKC
[04:44:11] [103/445] RMCD
[04:44:12] [104/445] SBCQ
[04:44:13] [105/445] DCCT
[04:44:14] [106/445] VTKP
[04:44:15] [107/445] MLAM
[04:44:15] 🔄 Identity reset
[04:44:15] 🔄 Identity rotated (every 10 requests)
[04:44:16] [108/445] SAVT
[04:44:16] [109/445] GEPL
[04:44:17] [110/445] AMCD
[04:44:18] [111/445] CCXR
[04:44:19] [112/445] GRNG
[04:44:20] [113/445] EBCA
[04:44:21] [114/445] CNVG
[04:44:22] [115/445] MWSS
[04:44:24] [116/445] VBOR
[04:44:24] [117/445] NEEB
[04:44:25] 🔄 Identity reset
[04:44:25] 🔄 Identity rotated (every 10 requests)
[04:44:25] [118/445] SUTH
[04:44:27] [119/445] ANDB
[04:44:28] [120/445] MMXS
[04:44:29] [121/445] CNPD
[04:44:29] [122/445] SDCE
[04:44:30] [123/445] DHCB
[04:44:31] [124/445] ODEN
[04:44:32] [125/445] TNTC
[04:44:33] [126/445] VBKM
[04:44:34] [127/445] RZYM
[04:44:34] 🔄 Identity reset
[04:44:34] 🔄 Identity rotated (every 10 requests)
[04:44:34] 🔄 Retry 1/5 for RZYM in 2.1s
[04:44:34] 🔄 Identity reset
[04:44:36] 🧠 New identity created
[04:44:36] 🔄 Retry 2/5 for RZYM in 4.1s
[04:44:36] 🔄 Identity reset
[04:44:41] 🧠 New identity created
[04:44:41] [128/445] JEMC
[04:44:43] [129/445] CMAU
[04:44:44] [130/445] SIVP
[04:44:44] [131/445] ATAG
[04:44:45] [132/445] CHTM
[04:44:46] [133/445] AAEE
[04:44:47] [134/445] IWPM
[04:44:48] [135/445] KCMW
[04:44:48] 🔄 Identity reset
[04:44:48] 🔄 Identity rotated (every 10 requests)
[04:44:48] 🔄 Retry 1/5 for KCMW in 2.1s
[04:44:48] 🔄 Identity reset
[04:44:50] 🧠 New identity created
[04:44:51] [136/445] MCTD
[04:44:52] [137/445] SPWR
[04:44:52] [138/445] SDPO
[04:44:53] [139/445] PCSK
[04:44:54] [140/445] ACHV
[04:44:55] [141/445] SVLA
[04:44:56] [142/445] PICT
[04:44:57] [143/445] BXDR
[04:44:58] [144/445] SPWA
[04:44:58] 🔄 Identity reset
[04:44:58] 🔄 Identity rotated (every 10 requests)
[04:44:58] 🔄 Retry 1/5 for SPWA in 2.3s
[04:44:58] 🔄 Identity reset
[04:45:00] 🧠 New identity created
[04:45:01] [145/445] MCKO
[04:45:02] [146/445] RTHK
[04:45:03] [147/445] CCMF
[04:45:04] [148/445] MRGB
[04:45:04] [149/445] CPLC
[04:45:05] [150/445] RACD
[04:45:06] [151/445] ATKT
[04:45:07] [152/445] SARN
[04:45:08] [153/445] KKUI
[04:45:09] 🔄 Identity reset
[04:45:09] 🔄 Identity rotated (every 10 requests)
[04:45:10] [154/445] RGCM
[04:45:11] [155/445] BRVP
[04:45:12] [156/445] HRSR
[04:45:12] [157/445] GKGM
[04:45:13] [158/445] TTCD
[04:45:14] [159/445] PTTI
[04:45:15] [160/445] MPTT
[04:45:16] [161/445] CVTT
[04:45:17] [162/445] PCXD
[04:45:18] [163/445] GCDC
[04:45:18] 🔄 Identity reset
[04:45:18] 🔄 Identity rotated (every 10 requests)
[04:45:18] [164/445] CCCF
[04:45:19] [165/445] MRAD
[04:45:20] [166/445] CPLK
[04:45:21] [167/445] SATB
[04:45:22] [168/445] SNVG
[04:45:23] [169/445] JMBA
[04:45:24] [170/445] TEJA
[04:45:25] [171/445] STYO
[04:45:26] [172/445] JTBP
[04:45:26] [173/445] KRGD
[04:45:27] 🔄 Identity reset
[04:45:27] 🔄 Identity rotated (every 10 requests)
[04:45:27] [174/445] SLJJ
[04:45:28] [175/445] SPTJ
[04:45:29] [176/445] SWJG
[04:45:30] [177/445] LKRT
[04:45:31] [178/445] KCKA
[04:45:32] [179/445] SNCR
[04:45:33] [180/445] SMKL
[04:45:34] [181/445] GCFA
[04:45:34] [182/445] DDCK
[04:45:35] [183/445] NCHJ
[04:45:36] 🔄 Identity reset
[04:45:36] 🔄 Identity rotated (every 10 requests)
[04:45:36] [184/445] RDMA
[04:45:37] [185/445] SVSV
[04:45:38] [186/445] SCJG
[04:45:39] [187/445] VKLP
[04:45:40] [188/445] NWCC
[04:45:40] [189/445] VKNS
[04:45:41] [190/445] SDDP
[04:45:42] [191/445] ACSI
[04:45:43] [192/445] SATG
[04:45:44] [193/445] SCMW
[04:45:44] 🔄 Identity reset
[04:45:44] 🔄 Identity rotated (every 10 requests)
[04:45:45] [194/445] LKTK
[04:45:46] [195/445] VCKV
[04:45:48] [196/445] KKPE
[04:45:49] [197/445] KIGH
[04:45:50] [198/445] SRPM
[04:45:50] [199/445] SCAH
[04:45:51] [200/445] MUTA
[04:45:52] [201/445] SEPU
[04:45:53] [202/445] INOA
[04:45:54] [203/445] BASK
[04:45:54] 🔄 Identity reset
[04:45:54] 🔄 Identity rotated (every 10 requests)
[04:45:55] [204/445] NECB
[04:45:56] [205/445] GTTG
[04:45:57] [206/445] ASSA
[04:45:58] [207/445] ANCL
[04:45:59] [208/445] GCTI
[04:46:00] [209/445] RCTS
[04:46:01] [210/445] ACNL
[04:46:01] [211/445] MYCT
[04:46:02] [212/445] NMHT
[04:46:03] [213/445] MDIT
[04:46:04] 🔄 Identity reset
[04:46:04] 🔄 Identity rotated (every 10 requests)
[04:46:04] 🔄 Retry 1/5 for MDIT in 2.8s
[04:46:04] 🔄 Identity reset
[04:46:07] 🧠 New identity created
[04:46:07] [214/445] LATG
[04:46:08] [215/445] SMTY
[04:46:08] [216/445] CVCT
[04:46:09] [217/445] RAMB
[04:46:10] [218/445] TGMS
[04:46:11] [219/445] BHEL
[04:46:12] [220/445] SHCT
[04:46:13] [221/445] SVCT
[04:46:14] [222/445] MRIY
[04:46:15] 🔄 Identity reset
[04:46:15] 🔄 Identity rotated (every 10 requests)
[04:46:15] [223/445] SARO
[04:46:16] [224/445] STCT
[04:46:17] [225/445] JKKC
[04:46:18] [226/445] PLTT
[04:46:19] [227/445] SRNT
[04:46:19] [228/445] YAST
[04:46:20] [229/445] PERL
[04:46:21] [230/445] CICM
[04:46:22] [231/445] MMTR
[04:46:23] [232/445] ABTK
[04:46:23] 🔄 Identity reset
[04:46:23] 🔄 Identity rotated (every 10 requests)
[04:46:24] [233/445] ATYY
[04:46:25] [234/445] ASTK
[04:46:26] [235/445] VVCK
[04:46:27] [236/445] ATKY
[04:46:28] [237/445] GWEK
[04:46:29] [238/445] SVFH
[04:46:30] [239/445] SLTA
[04:46:31] [240/445] AASH
[04:46:31] [241/445] ACXB
[04:46:32] [242/445] SMTX
[04:46:33] 🔄 Identity reset
[04:46:33] 🔄 Identity rotated (every 10 requests)
[04:46:33] 🔄 Retry 1/5 for SMTX in 2.8s
[04:46:33] 🔄 Identity reset
[04:46:36] 🧠 New identity created
[04:46:36] 🔄 Retry 2/5 for SMTX in 4.9s
[04:46:36] 🔄 Identity reset
[04:46:41] 🧠 New identity created
[04:46:42] [243/445] AZDH
[04:46:42] [244/445] CMMH
[04:46:44] [245/445] SCSZ
[04:46:44] [246/445] SCKP
[04:46:45] [247/445] NXTM
[04:46:47] [248/445] NWCS
[04:46:48] [249/445] CXMH
[04:46:49] [250/445] PCMA
[04:46:50] 🔄 Identity reset
[04:46:50] 🔄 Identity rotated (every 10 requests)
[04:46:50] [251/445] SGCM
[04:46:51] [252/445] SDTU
[04:46:52] [253/445] MMVI
[04:46:53] [254/445] JKCM
[04:46:54] [255/445] VCMM
[04:46:55] [256/445] SYEE
[04:46:56] [257/445] VASD
[04:46:57] [258/445] BDRB
[04:46:58] [259/445] LASM
[04:46:58] [260/445] DCRL
[04:46:59] 🔄 Identity reset
[04:46:59] 🔄 Identity rotated (every 10 requests)
[04:46:59] [261/445] DVPM
[04:47:00] [262/445] SBMJ
[04:47:01] [263/445] CBMU
[04:47:03] [264/445] IUBS
[04:47:04] [265/445] INAP
[04:47:04] [266/445] SRRC
[04:47:05] [267/445] SAGR
[04:47:06] [268/445] CPMJ
[04:47:07] [269/445] ATJL
[04:47:08] [270/445] NNTD
[04:47:09] 🔄 Identity reset
[04:47:09] 🔄 Identity rotated (every 10 requests)
[04:47:09] [271/445] JHCJ
[04:47:10] [272/445] CMMP
[04:47:11] [273/445] RSDR
[04:47:12] [274/445] AMTI
[04:47:12] [275/445] NYSG
[04:47:13] [276/445] AVSG
[04:47:14] [277/445] SYTP
[04:47:15] [278/445] LARC
[04:47:16] [279/445] RJTP
[04:47:17] [280/445] LAKC
[04:47:17] 🔄 Identity reset
[04:47:17] 🔄 Identity rotated (every 10 requests)
[04:47:17] [281/445] MCXE
[04:47:18] [282/445] CCZC
[04:47:19] [283/445] AVCH
[04:47:20] [284/445] CMBE
[04:47:21] [285/445] MRRC
[04:47:21] [286/445] PCPY
[04:47:22] [287/445] SRMH
[04:47:23] [288/445] SVGS
[04:47:24] [289/445] PCSE
[04:47:25] [290/445] SVFT
[04:47:26] 🔄 Identity reset
[04:47:26] 🔄 Identity rotated (every 10 requests)
[04:47:26] [291/445] TNZP
[04:47:27] [292/445] ICTP
[04:47:28] [293/445] ACTZ
[04:47:29] [294/445] GTUR
[04:47:29] [295/445] MAFC
[04:47:31] [296/445] MINL
[04:47:32] [297/445] MRCL
[04:47:33] [298/445] RCRP
[04:47:34] [299/445] RFFG
[04:47:34] [300/445] RMAS
[04:47:35] 🔄 Identity reset
[04:47:35] 🔄 Identity rotated (every 10 requests)
[04:47:35] [301/445] INVR
[04:47:36] [302/445] RMAR
[04:47:37] [303/445] CNIS
[04:47:38] [304/445] RHRJ
[04:47:39] [305/445] INXR
[04:47:40] [306/445] VALT
[04:47:40] [307/445] LCSH
[04:47:42] [308/445] CMVS
[04:47:43] [309/445] CNMS
[04:47:44] [310/445] ROOG
[04:47:44] 🔄 Identity reset
[04:47:44] 🔄 Identity rotated (every 10 requests)
[04:47:44] 🔄 Retry 1/5 for ROOG in 2.4s
[04:47:44] 🔄 Identity reset
[04:47:47] 🧠 New identity created
[04:47:47] 🔄 Retry 2/5 for ROOG in 4.6s
[04:47:47] 🔄 Identity reset
[04:47:51] 🧠 New identity created
[04:47:51] 🔄 Retry 3/5 for ROOG in 8.1s
[04:47:51] 🔄 Identity reset
[04:47:59] 🧠 New identity created
[04:48:00] 🔄 Retry 4/5 for ROOG in 16.7s
[04:48:00] 🔄 Identity reset
[04:48:16] 🧠 New identity created
[04:48:17] [311/445] ISRM
[04:48:17] [312/445] RCRM
[04:48:18] [313/445] ACJA
[04:48:20] [314/445] RCVS
[04:48:21] [315/445] CPUS
[04:48:22] [316/445] TGCS
[04:48:23] 🔄 Identity reset
[04:48:23] 🔄 Identity rotated (every 10 requests)
[04:48:23] [317/445] RKCJ
[04:48:24] [318/445] MKSB
[04:48:25] [319/445] TCSJ
[04:48:26] [320/445] RMGP
[04:48:26] [321/445] CLLP
[04:48:27] [322/445] RCMV
[04:48:28] [323/445] CCKS
[04:48:29] [324/445] RSRP
[04:48:30] [325/445] APLP
[04:48:30] [326/445] CNVS
[04:48:31] 🔄 Identity reset
[04:48:31] 🔄 Identity rotated (every 10 requests)
[04:48:31] 🔄 Retry 1/5 for CNVS in 2.2s
[04:48:31] 🔄 Identity reset
[04:48:33] 🧠 New identity created
[04:48:34] [327/445] RMVY
[04:48:35] [328/445] PGBD
[04:48:35] [329/445] KLMS
[04:48:36] [330/445] RUST
[04:48:37] [331/445] MASM
[04:48:38] [332/445] BACS
[04:48:38] [333/445] BWST
[04:48:39] [334/445] RRFH
[04:48:40] [335/445] SJTM
[04:48:41] 🔄 Identity reset
[04:48:41] 🔄 Identity rotated (every 10 requests)
[04:48:41] [336/445] BEMR
[04:48:42] [337/445] MCGR
[04:48:43] [338/445] SDSK
[04:48:43] [339/445] VBOL
[04:48:44] [340/445] RMGM
[04:48:45] [341/445] NOPL
[04:48:46] [342/445] MKJK
[04:48:47] [343/445] CVRN
[04:48:48] [344/445] MMEN
[04:48:49] [345/445] AMNG
[04:48:50] 🔄 Identity reset
[04:48:50] 🔄 Identity rotated (every 10 requests)
[04:48:50] [346/445] INTM
[04:48:51] [347/445] SLCZ
[04:48:52] [348/445] AMJN
[04:48:53] [349/445] ACJN
[04:48:55] [350/445] AMKN
[04:48:56] [351/445] BTCN
[04:48:56] [352/445] AMBT
[04:48:57] [353/445] PACN
[04:48:58] [354/445] LCNS
[04:48:59] [355/445] PPKC
[04:49:00] 🔄 Identity reset
[04:49:00] 🔄 Identity rotated (every 10 requests)
[04:49:00] [356/445] JYYN
[04:49:01] [357/445] JTNR
[04:49:02] [358/445] GTEE
[04:49:02] [359/445] SRNM
[04:49:03] [360/445] SDTC
[04:49:04] [361/445] VPCA
[04:49:05] [362/445] VLRA
[04:49:05] [363/445] SHKR
[04:49:06] [364/445] SBKD
[04:49:07] [365/445] SAAD
[04:49:08] 🔄 Identity reset
[04:49:08] 🔄 Identity rotated (every 10 requests)
[04:49:08] [366/445] JTGN
[04:49:09] [367/445] SLAM
[04:49:09] [368/445] VTPM
[04:49:10] [369/445] ANPT
[04:49:11] [370/445] PUNB
[04:49:12] [371/445] CPKT
[04:49:13] [372/445] CNWE
[04:49:14] [373/445] ECPP
[04:49:15] [374/445] CPAR
[04:49:15] [375/445] ESBW
[04:49:16] 🔄 Identity reset
[04:49:16] 🔄 Identity rotated (every 10 requests)
[04:49:16] [376/445] PKPU
[04:49:17] [377/445] CPRP
[04:49:18] [378/445] RAHU
[04:49:19] [379/445] RHMN
[04:49:20] [380/445] FMJP
[04:49:21] [381/445] CTMP
[04:49:22] [382/445] INPN
[04:49:22] [383/445] STTG
[04:49:23] [384/445] CTRD
[04:49:24] [385/445] PUVB
[04:49:25] 🔄 Identity reset
[04:49:25] 🔄 Identity rotated (every 10 requests)
[04:49:25] [386/445] ESVP
[04:49:26] [387/445] CPFT
[04:49:27] [388/445] LCPC
[04:49:28] [389/445] VBCT
[04:49:29] [390/445] FSCW
[04:49:30] [391/445] VCMP
[04:49:30] [392/445] ASHC
[04:49:32] [393/445] VLCX
[04:49:33] [394/445] SHEV
[04:49:34] [395/445] APCO
[04:49:34] 🔄 Identity reset
[04:49:34] 🔄 Identity rotated (every 10 requests)
[04:49:34] [396/445] SILC
[04:49:35] [397/445] SNMR
[04:49:36] [398/445] KYBO
[04:49:37] [399/445] SATK
[04:49:38] [400/445] SSCS
[04:49:39] [401/445] CLSB
[04:49:39] [402/445] KMJR
[04:49:40] [403/445] FSCK
[04:49:41] [404/445] NNKA
[04:49:42] [405/445] CLMK
[04:49:43] 🔄 Identity reset
[04:49:43] 🔄 Identity rotated (every 10 requests)
[04:49:43] 🔄 Retry 1/5 for CLMK in 2.4s
[04:49:43] 🔄 Identity reset
[04:49:45] 🧠 New identity created
[04:49:45] [406/445] DMPZ
[04:49:46] [407/445] INQM
[04:49:47] [408/445] CAML
[04:49:48] [409/445] INRK
[04:49:49] [410/445] IMKN
[04:49:50] [411/445] SVNR
[04:49:51] [412/445] INSL
[04:49:52] [413/445] MSMA
[04:49:53] [414/445] MCKK
[04:49:53] 🔄 Identity reset
[04:49:53] 🔄 Identity rotated (every 10 requests)
[04:49:53] 🔄 Retry 1/5 for MCKK in 2.9s
[04:49:53] 🔄 Identity reset
[04:49:56] 🧠 New identity created
[04:49:56] [415/445] FCHP
[04:49:57] [416/445] SFCR
[04:49:58] [417/445] NACK
[04:50:00] [418/445] PVAK
[04:50:00] [419/445] INER
[04:50:01] [420/445] RDBK
[04:50:02] [421/445] SVFN
[04:50:03] [422/445] IFRM
[04:50:04] [423/445] ATCK
[04:50:05] 🔄 Identity reset
[04:50:05] 🔄 Identity rotated (every 10 requests)
[04:50:05] [424/445] ASKO
[04:50:06] [425/445] STKT
[04:50:07] [426/445] SVFB
[04:50:08] [427/445] INKS
[04:50:10] [428/445] PCRA
[04:50:10] [429/445] ATJA
[04:50:11] [430/445] IMJN
[04:50:12] [431/445] INHD
[04:50:13] [432/445] BARA
[04:50:14] [433/445] MCSL
[04:50:14] 🔄 Identity reset
[04:50:14] 🔄 Identity rotated (every 10 requests)
[04:50:14] 🔄 Retry 1/5 for MCSL in 2.3s
[04:50:14] 🔄 Identity reset
[04:50:17] 🧠 New identity created
[04:50:17] [434/445] RTOY
[04:50:18] [435/445] MENO
[04:50:19] [436/445] PUDM
[04:50:20] [437/445] PRCN
[04:50:21] [438/445] JMJR
[04:50:22] [439/445] SSGK
[04:50:23] [440/445] SSRL
[04:50:24] [441/445] JYKL
[04:50:25] [442/445] ACNB
[04:50:26] 🔄 Identity reset
[04:50:26] 🔄 Identity rotated (every 10 requests)
[04:50:26] [443/445] SONP
[04:50:27] [444/445] EMCI
[04:50:28] [445/445] MRJH
[04:50:28] ✅ DONE | Shows=129 | Movies=8
[05:16:55] 🚀 BMS DAILY TRACKER STARTED (enhanced anti‑detection)
[05:16:55] [1/445] TGMR
[05:16:55] 🧠 New identity created
[05:16:56] [2/445] CXKR
[05:16:57] [3/445] SROP
[05:16:58] [4/445] GTSV
[05:16:59] [5/445] SNTY
[05:17:00] [6/445] SMYY
[05:17:01] [7/445] CNCS
[05:17:02] [8/445] CSTM
[05:17:02] [9/445] NUCD
[05:17:04] [10/445] SHCZ
[05:17:05] 🔄 Identity reset
[05:17:05] 🔄 Identity rotated (every 10 requests)
[05:17:05] [11/445] NJCT
[05:17:06] [12/445] COPC
[05:17:07] [13/445] STVV
[05:17:08] [14/445] SKRN
[05:17:09] [15/445] APPZ
[05:17:11] [16/445] YMGN
[05:17:12] [17/445] SVTU
[05:17:13] [18/445] GTAD
[05:17:14] [19/445] PSUS
[05:17:15] [20/445] SMCD
[05:17:15] 🔄 Identity reset
[05:17:15] 🔄 Identity rotated (every 10 requests)
[05:17:16] [21/445] CMCM
[05:17:17] [22/445] SYCT
[05:17:18] [23/445] STLY
[05:17:19] [24/445] CMHU
[05:17:20] [25/445] CMSA
[05:17:21] [26/445] CLCU
[05:17:21] [27/445] PPNT
[05:17:22] [28/445] JTAB
[05:17:23] [29/445] BUUC
[05:17:25] [30/445] BSVK
[05:17:25] 🔄 Identity reset
[05:17:25] 🔄 Identity rotated (every 10 requests)
[05:17:26] [31/445] VVVQ
[05:17:27] [32/445] TKMU
[05:17:28] [33/445] ESYL
[05:17:29] [34/445] ACHP
[05:17:30] [35/445] BTKD
[05:17:31] [36/445] DESA
[05:17:31] [37/445] GBCT
[05:17:32] [38/445] BLLD
[05:17:33] [39/445] SKNT
[05:17:34] [40/445] SSTE
[05:17:34] 🔄 Identity reset
[05:17:34] 🔄 Identity rotated (every 10 requests)
[05:17:35] [41/445] VJMR
[05:17:36] [42/445] NTPU
[05:17:37] [43/445] RDKN
[05:17:38] [44/445] ADGC
[05:17:40] [45/445] VRBP
[05:17:41] [46/445] NMNA
[05:17:42] [47/445] CMMX
[05:17:43] [48/445] PTKO
[05:17:44] [49/445] RBML
[05:17:45] [50/445] SAIC
[05:17:46] 🔄 Identity reset
[05:17:46] 🔄 Identity rotated (every 10 requests)
[05:17:46] [51/445] SVTJ
[05:17:48] [52/445] MRTE
[05:17:50] [53/445] RBTP
[05:17:50] [54/445] NLPS
[05:17:51] [55/445] GTNA
[05:17:52] [56/445] DGGC
[05:17:53] [57/445] SMCR
[05:17:54] [58/445] SCGD
[05:17:55] [59/445] SRRJ
[05:17:55] [60/445] CNRY
[05:17:56] 🔄 Identity reset
[05:17:56] 🔄 Identity rotated (every 10 requests)
[05:17:56] 🔄 Retry 1/5 for CNRY in 2.6s
[05:17:56] 🔄 Identity reset
[05:17:59] 🧠 New identity created
[05:17:59] [61/445] KTDI
[05:18:00] [62/445] SNJL
[05:18:01] [63/445] RKMD
[05:18:03] [64/445] SMDC
[05:18:04] [65/445] TADG
[05:18:05] [66/445] MCGS
[05:18:06] [67/445] PETK
[05:18:07] [68/445] CHAG
[05:18:08] [69/445] KSTL
[05:18:08] 🔄 Identity reset
[05:18:08] 🔄 Identity rotated (every 10 requests)
[05:18:09] [70/445] AADS
[05:18:11] [71/445] NTHZ
[05:18:12] [72/445] HCKI
[05:18:13] [73/445] SSEF
[05:18:14] [74/445] MCGX
[05:18:15] [75/445] ERRA
[05:18:16] [76/445] SDTW
[05:18:16] [77/445] RMPK
[05:18:17] [78/445] PTHK
[05:18:18] [79/445] PXCS
[05:18:19] 🔄 Identity reset
[05:18:19] 🔄 Identity rotated (every 10 requests)
[05:18:19] [80/445] SVLU
[05:18:20] [81/445] STAH
[05:18:21] [82/445] JRGF
[05:18:22] [83/445] CDOK
[05:18:23] [84/445] CMSG
[05:18:24] [85/445] APTD
[05:18:24] [86/445] KMPG
[05:18:25] [87/445] MUTJ
[05:18:26] [88/445] VCCI
[05:18:27] [89/445] URBE
[05:18:28] 🔄 Identity reset
[05:18:28] 🔄 Identity rotated (every 10 requests)
[05:18:28] [90/445] TCTS
[05:18:29] [91/445] STSN
[05:18:30] [92/445] AKCH
[05:18:32] [93/445] APSC
[05:18:32] [94/445] VLTB
[05:18:33] [95/445] SANU
[05:18:34] [96/445] AXAM
[05:18:36] [97/445] MGMG
[05:18:36] [98/445] HTBY
[05:18:37] [99/445] MMZS
[05:18:38] 🔄 Identity reset
[05:18:38] 🔄 Identity rotated (every 10 requests)
[05:18:38] [100/445] SUDR
[05:18:39] [101/445] CCAD
[05:18:40] [102/445] SKKC
[05:18:41] [103/445] RMCD
[05:18:42] [104/445] SBCQ
[05:18:42] [105/445] DCCT
[05:18:44] [106/445] VTKP
[05:18:45] [107/445] MLAM
[05:18:46] [108/445] SAVT
[05:18:47] [109/445] GEPL
[05:18:48] 🔄 Identity reset
[05:18:48] 🔄 Identity rotated (every 10 requests)
[05:18:48] [110/445] AMCD
[05:18:49] [111/445] CCXR
[05:18:50] [112/445] GRNG
[05:18:51] [113/445] EBCA
[05:18:51] [114/445] CNVG
[05:18:52] [115/445] MWSS
[05:18:53] [116/445] VBOR
[05:18:54] [117/445] NEEB
[05:18:55] [118/445] SUTH
[05:18:56] [119/445] ANDB
[05:18:57] 🔄 Identity reset
[05:18:57] 🔄 Identity rotated (every 10 requests)
[05:18:58] [120/445] MMXS
[05:18:59] [121/445] CNPD
[05:19:00] [122/445] SDCE
[05:19:01] [123/445] DHCB
[05:19:02] [124/445] ODEN
[05:19:03] [125/445] TNTC
[05:19:03] [126/445] VBKM
[05:19:04] [127/445] RZYM
[05:19:06] [128/445] JEMC
[05:19:07] [129/445] CMAU
[05:19:07] 🔄 Identity reset
[05:19:07] 🔄 Identity rotated (every 10 requests)
[05:19:08] [130/445] SIVP
[05:19:08] [131/445] ATAG
[05:19:09] [132/445] CHTM
[05:19:10] [133/445] AAEE
[05:19:11] [134/445] IWPM
[05:19:13] [135/445] KCMW
[05:19:14] [136/445] MCTD
[05:19:15] [137/445] SPWR
[05:19:16] [138/445] SDPO
[05:19:17] [139/445] PCSK
[05:19:18] 🔄 Identity reset
[05:19:18] 🔄 Identity rotated (every 10 requests)
[05:19:18] [140/445] ACHV
[05:19:19] [141/445] SVLA
[05:19:20] [142/445] PICT
[05:19:21] [143/445] BXDR
[05:19:22] [144/445] SPWA
[05:19:23] [145/445] MCKO
[05:19:24] [146/445] RTHK
[05:19:25] [147/445] CCMF
[05:19:26] [148/445] MRGB
[05:19:27] [149/445] CPLC
[05:19:27] 🔄 Identity reset
[05:19:28] 🔄 Identity rotated (every 10 requests)
[05:19:28] [150/445] RACD
[05:19:29] [151/445] ATKT
[05:19:30] [152/445] SARN
[05:19:30] [153/445] KKUI
[05:19:31] [154/445] RGCM
[05:19:32] [155/445] BRVP
[05:19:33] [156/445] HRSR
[05:19:35] [157/445] GKGM
[05:19:36] [158/445] TTCD
[05:19:36] [159/445] PTTI
[05:19:37] 🔄 Identity reset
[05:19:37] 🔄 Identity rotated (every 10 requests)
[05:19:37] 🔄 Retry 1/5 for PTTI in 2.1s
[05:19:37] 🔄 Identity reset
[05:19:39] 🧠 New identity created
[05:19:39] 🔄 Retry 2/5 for PTTI in 4.8s
[05:19:39] 🔄 Identity reset
[05:19:44] 🧠 New identity created
[05:19:44] 🔄 Retry 3/5 for PTTI in 8.0s
[05:19:44] 🔄 Identity reset
[05:19:52] 🧠 New identity created
[05:19:52] 🔄 Retry 4/5 for PTTI in 16.8s
[05:19:52] 🔄 Identity reset
[05:20:09] 🧠 New identity created
[05:20:09] [160/445] MPTT
[05:20:10] [161/445] CVTT
[05:20:11] [162/445] PCXD
[05:20:12] [163/445] GCDC
[05:20:13] [164/445] CCCF
[05:20:14] [165/445] MRAD
[05:20:15] 🔄 Identity reset
[05:20:15] 🔄 Identity rotated (every 10 requests)
[05:20:15] [166/445] CPLK
[05:20:17] [167/445] SATB
[05:20:18] [168/445] SNVG
[05:20:19] [169/445] JMBA
[05:20:20] [170/445] TEJA
[05:20:21] [171/445] STYO
[05:20:21] [172/445] JTBP
[05:20:22] [173/445] KRGD
[05:20:23] [174/445] SLJJ
[05:20:24] [175/445] SPTJ
[05:20:25] 🔄 Identity reset
[05:20:25] 🔄 Identity rotated (every 10 requests)
[05:20:25] [176/445] SWJG
[05:20:26] [177/445] LKRT
[05:20:27] [178/445] KCKA
[05:20:28] [179/445] SNCR
[05:20:29] [180/445] SMKL
[05:20:30] [181/445] GCFA
[05:20:31] [182/445] DDCK
[05:20:32] [183/445] NCHJ
[05:20:33] [184/445] RDMA
[05:20:33] [185/445] SVSV
[05:20:34] 🔄 Identity reset
[05:20:34] 🔄 Identity rotated (every 10 requests)
[05:20:34] [186/445] SCJG
[05:20:35] [187/445] VKLP
[05:20:36] [188/445] NWCC
[05:20:37] [189/445] VKNS
[05:20:38] [190/445] SDDP
[05:20:39] [191/445] ACSI
[05:20:40] [192/445] SATG
[05:20:41] [193/445] SCMW
[05:20:42] [194/445] LKTK
[05:20:42] [195/445] VCKV
[05:20:43] 🔄 Identity reset
[05:20:43] 🔄 Identity rotated (every 10 requests)
[05:20:43] [196/445] KKPE
[05:20:44] [197/445] KIGH
[05:20:45] [198/445] SRPM
[05:20:46] [199/445] SCAH
[05:20:47] [200/445] MUTA
[05:20:48] [201/445] SEPU
[05:20:49] [202/445] INOA
[05:20:50] [203/445] BASK
[05:20:51] [204/445] NECB
[05:20:51] [205/445] GTTG
[05:20:52] 🔄 Identity reset
[05:20:52] 🔄 Identity rotated (every 10 requests)
[05:20:52] [206/445] ASSA
[05:20:53] [207/445] ANCL
[05:20:54] [208/445] GCTI
[05:20:55] [209/445] RCTS
[05:20:56] [210/445] ACNL
[05:20:57] [211/445] MYCT
[05:20:57] [212/445] NMHT
[05:20:59] [213/445] MDIT
[05:21:00] [214/445] LATG
[05:21:01] [215/445] SMTY
[05:21:01] 🔄 Identity reset
[05:21:01] 🔄 Identity rotated (every 10 requests)
[05:21:01] [216/445] CVCT
[05:21:03] [217/445] RAMB
[05:21:04] [218/445] TGMS
[05:21:05] [219/445] BHEL
[05:21:06] [220/445] SHCT
[05:21:08] [221/445] SVCT
[05:21:09] [222/445] MRIY
[05:21:10] [223/445] SARO
[05:21:11] [224/445] STCT
[05:21:11] [225/445] JKKC
[05:21:12] 🔄 Identity reset
[05:21:12] 🔄 Identity rotated (every 10 requests)
[05:21:12] [226/445] PLTT
[05:21:13] [227/445] SRNT
[05:21:14] [228/445] YAST
[05:21:15] [229/445] PERL
[05:21:16] [230/445] CICM
[05:21:16] [231/445] MMTR
[05:21:17] [232/445] ABTK
[05:21:18] [233/445] ATYY
[05:21:19] [234/445] ASTK
[05:21:20] [235/445] VVCK
[05:21:20] 🔄 Identity reset
[05:21:20] 🔄 Identity rotated (every 10 requests)
[05:21:20] 🔄 Retry 1/5 for VVCK in 2.3s
[05:21:20] 🔄 Identity reset
[05:21:23] 🧠 New identity created
[05:21:23] [236/445] ATKY
[05:21:24] [237/445] GWEK
[05:21:25] [238/445] SVFH
[05:21:26] [239/445] SLTA
[05:21:26] [240/445] AASH
[05:21:27] [241/445] ACXB
[05:21:28] [242/445] SMTX
[05:21:29] [243/445] AZDH
[05:21:30] [244/445] CMMH
[05:21:31] 🔄 Identity reset
[05:21:31] 🔄 Identity rotated (every 10 requests)
[05:21:31] [245/445] SCSZ
[05:21:32] [246/445] SCKP
[05:21:33] [247/445] NXTM
[05:21:35] [248/445] NWCS
[05:21:36] [249/445] CXMH
[05:21:36] [250/445] PCMA
[05:21:37] [251/445] SGCM
[05:21:38] [252/445] SDTU
[05:21:39] [253/445] MMVI
[05:21:40] [254/445] JKCM
[05:21:40] 🔄 Identity reset
[05:21:40] 🔄 Identity rotated (every 10 requests)
[05:21:41] [255/445] VCMM
[05:21:42] [256/445] SYEE
[05:21:42] [257/445] VASD
[05:21:43] [258/445] BDRB
[05:21:44] [259/445] LASM
[05:21:45] [260/445] DCRL
[05:21:46] [261/445] DVPM
[05:21:47] [262/445] SBMJ
[05:21:48] [263/445] CBMU
[05:21:49] [264/445] IUBS
[05:21:50] 🔄 Identity reset
[05:21:50] 🔄 Identity rotated (every 10 requests)
[05:21:50] [265/445] INAP
[05:21:51] [266/445] SRRC
[05:21:53] [267/445] SAGR
[05:21:54] [268/445] CPMJ
[05:21:54] [269/445] ATJL
[05:21:55] [270/445] NNTD
[05:21:56] [271/445] JHCJ
[05:21:57] [272/445] CMMP
[05:21:58] [273/445] RSDR
[05:21:59] [274/445] AMTI
[05:22:00] 🔄 Identity reset
[05:22:00] 🔄 Identity rotated (every 10 requests)
[05:22:00] [275/445] NYSG
[05:22:01] [276/445] AVSG
[05:22:02] [277/445] SYTP
[05:22:03] [278/445] LARC
[05:22:04] [279/445] RJTP
[05:22:05] [280/445] LAKC
[05:22:06] [281/445] MCXE
[05:22:07] [282/445] CCZC
[05:22:08] [283/445] AVCH
[05:22:09] [284/445] CMBE
[05:22:09] 🔄 Identity reset
[05:22:09] 🔄 Identity rotated (every 10 requests)
[05:22:10] [285/445] MRRC
[05:22:10] [286/445] PCPY
[05:22:12] [287/445] SRMH
[05:22:13] [288/445] SVGS
[05:22:13] [289/445] PCSE
[05:22:14] [290/445] SVFT
[05:22:15] [291/445] TNZP
[05:22:17] [292/445] ICTP
[05:22:18] [293/445] ACTZ
[05:22:19] [294/445] GTUR
[05:22:19] 🔄 Identity reset
[05:22:19] 🔄 Identity rotated (every 10 requests)
[05:22:19] 🔄 Retry 1/5 for GTUR in 2.0s
[05:22:19] 🔄 Identity reset
[05:22:21] 🧠 New identity created
[05:22:22] [295/445] MAFC
[05:22:23] [296/445] MINL
[05:22:23] [297/445] MRCL
[05:22:24] [298/445] RCRP
[05:22:25] [299/445] RFFG
[05:22:26] [300/445] RMAS
[05:22:27] [301/445] INVR
[05:22:28] [302/445] RMAR
[05:22:29] [303/445] CNIS
[05:22:29] 🔄 Identity reset
[05:22:29] 🔄 Identity rotated (every 10 requests)
[05:22:29] [304/445] RHRJ
[05:22:31] [305/445] INXR
[05:22:32] [306/445] VALT
[05:22:32] [307/445] LCSH
[05:22:33] [308/445] CMVS
[05:22:34] [309/445] CNMS
[05:22:36] [310/445] ROOG
[05:22:38] [311/445] ISRM
[05:22:38] [312/445] RCRM
[05:22:39] [313/445] ACJA
[05:22:40] 🔄 Identity reset
[05:22:40] 🔄 Identity rotated (every 10 requests)
[05:22:40] [314/445] RCVS
[05:22:42] [315/445] CPUS
[05:22:43] [316/445] TGCS
[05:22:43] [317/445] RKCJ
[05:22:44] [318/445] MKSB
[05:22:46] [319/445] TCSJ
[05:22:47] [320/445] RMGP
[05:22:48] [321/445] CLLP
[05:22:49] [322/445] RCMV
[05:22:50] [323/445] CCKS
[05:22:51] 🔄 Identity reset
[05:22:51] 🔄 Identity rotated (every 10 requests)
[05:22:52] [324/445] RSRP
[05:22:53] [325/445] APLP
[05:22:54] [326/445] CNVS
[05:22:55] [327/445] RMVY
[05:22:57] [328/445] PGBD
[05:22:58] [329/445] KLMS
[05:22:59] [330/445] RUST
[05:22:59] [331/445] MASM
[05:23:01] [332/445] BACS
[05:23:02] [333/445] BWST
[05:23:02] 🔄 Identity reset
[05:23:02] 🔄 Identity rotated (every 10 requests)
[05:23:03] [334/445] RRFH
[05:23:04] [335/445] SJTM
[05:23:06] [336/445] BEMR
[05:23:07] [337/445] MCGR
[05:23:07] [338/445] SDSK
[05:23:08] [339/445] VBOL
[05:23:09] [340/445] RMGM
[05:23:10] [341/445] NOPL
[05:23:11] [342/445] MKJK
[05:23:12] [343/445] CVRN
[05:23:13] 🔄 Identity reset
[05:23:13] 🔄 Identity rotated (every 10 requests)
[05:23:13] [344/445] MMEN
[05:23:14] [345/445] AMNG
[05:23:15] [346/445] INTM
[05:23:15] [347/445] SLCZ
[05:23:16] [348/445] AMJN
[05:23:17] [349/445] ACJN
[05:23:18] [350/445] AMKN
[05:23:19] [351/445] BTCN
[05:23:20] [352/445] AMBT
[05:23:21] [353/445] PACN
[05:23:22] 🔄 Identity reset
[05:23:22] 🔄 Identity rotated (every 10 requests)
[05:23:22] [354/445] LCNS
[05:23:23] [355/445] PPKC
[05:23:24] [356/445] JYYN
[05:23:25] [357/445] JTNR
[05:23:26] [358/445] GTEE
[05:23:26] [359/445] SRNM
[05:23:27] [360/445] SDTC
[05:23:28] [361/445] VPCA
[05:23:29] [362/445] VLRA
[05:23:30] [363/445] SHKR
[05:23:31] 🔄 Identity reset
[05:23:31] 🔄 Identity rotated (every 10 requests)
[05:23:32] [364/445] SBKD
[05:23:33] [365/445] SAAD
[05:23:33] [366/445] JTGN
[05:23:34] [367/445] SLAM
[05:23:35] [368/445] VTPM
[05:23:36] [369/445] ANPT
[05:23:37] [370/445] PUNB
[05:23:39] [371/445] CPKT
[05:23:40] [372/445] CNWE
[05:23:40] [373/445] ECPP
[05:23:41] 🔄 Identity reset
[05:23:41] 🔄 Identity rotated (every 10 requests)
[05:23:41] 🔄 Retry 1/5 for ECPP in 2.4s
[05:23:41] 🔄 Identity reset
[05:23:44] 🧠 New identity created
[05:23:44] [374/445] CPAR
[05:23:45] [375/445] ESBW
[05:23:46] [376/445] PKPU
[05:23:47] [377/445] CPRP
[05:23:48] [378/445] RAHU
[05:23:49] [379/445] RHMN
[05:23:49] [380/445] FMJP
[05:23:50] [381/445] CTMP
[05:23:51] [382/445] INPN
[05:23:52] 🔄 Identity reset
[05:23:52] 🔄 Identity rotated (every 10 requests)
[05:23:52] [383/445] STTG
[05:23:53] [384/445] CTRD
[05:23:54] [385/445] PUVB
[05:23:55] [386/445] ESVP
[05:23:55] [387/445] CPFT
[05:23:56] [388/445] LCPC
[05:23:57] [389/445] VBCT
[05:23:59] [390/445] FSCW
[05:24:00] [391/445] VCMP
[05:24:01] [392/445] ASHC
[05:24:01] 🔄 Identity reset
[05:24:01] 🔄 Identity rotated (every 10 requests)
[05:24:01] [393/445] VLCX
[05:24:02] [394/445] SHEV
[05:24:03] [395/445] APCO
[05:24:04] [396/445] SILC
[05:24:06] [397/445] SNMR
[05:24:06] [398/445] KYBO
[05:24:07] [399/445] SATK
[05:24:08] [400/445] SSCS
[05:24:09] [401/445] CLSB
[05:24:10] [402/445] KMJR
[05:24:11] 🔄 Identity reset
[05:24:11] 🔄 Identity rotated (every 10 requests)
[05:24:11] [403/445] FSCK
[05:24:12] [404/445] NNKA
[05:24:13] [405/445] CLMK
[05:24:15] [406/445] DMPZ
[05:24:16] [407/445] INQM
[05:24:17] [408/445] CAML
[05:24:19] [409/445] INRK
[05:24:20] [410/445] IMKN
[05:24:20] [411/445] SVNR
[05:24:21] [412/445] INSL
[05:24:22] 🔄 Identity reset
[05:24:22] 🔄 Identity rotated (every 10 requests)
[05:24:22] [413/445] MSMA
[05:24:23] [414/445] MCKK
[05:24:24] [415/445] FCHP
[05:24:25] [416/445] SFCR
[05:24:27] [417/445] NACK
[05:24:28] [418/445] PVAK
[05:24:28] [419/445] INER
[05:24:29] [420/445] RDBK
[05:24:30] [421/445] SVFN
[05:24:31] [422/445] IFRM
[05:24:31] 🔄 Identity reset
[05:24:32] 🔄 Identity rotated (every 10 requests)
[05:24:32] [423/445] ATCK
[05:24:33] [424/445] ASKO
[05:24:34] [425/445] STKT
[05:24:35] [426/445] SVFB
[05:24:36] [427/445] INKS
[05:24:37] [428/445] PCRA
[05:24:38] [429/445] ATJA
[05:24:39] [430/445] IMJN
[05:24:39] [431/445] INHD
[05:24:40] [432/445] BARA
[05:24:41] 🔄 Identity reset
[05:24:41] 🔄 Identity rotated (every 10 requests)
[05:24:41] [433/445] MCSL
[05:24:42] [434/445] RTOY
[05:24:43] [435/445] MENO
[05:24:44] [436/445] PUDM
[05:24:45] [437/445] PRCN
[05:24:46] [438/445] JMJR
[05:24:47] [439/445] SSGK
[05:24:47] [440/445] SSRL
[05:24:48] [441/445] JYKL
[05:24:49] [442/445] ACNB
[05:24:50] 🔄 Identity reset
[05:24:50] 🔄 Identity rotated (every 10 requests)
[05:24:50] 🔄 Retry 1/5 for ACNB in 2.4s
[05:24:50] 🔄 Identity reset
[05:24:52] 🧠 New identity created
[05:24:53] [443/445] SONP
[05:24:54] [444/445] EMCI
[05:24:54] [445/445] MRJH
[05:24:55] ✅ DONE | Shows=164 | Movies=9
[06:06:58] 🚀 BMS DAILY TRACKER STARTED (enhanced anti‑detection)
[06:06:58] [1/445] TGMR
[06:06:59] 🧠 New identity created
[06:06:59] [2/445] CXKR
[06:07:00] [3/445] SROP
[06:07:01] [4/445] GTSV
[06:07:02] [5/445] SNTY
[06:07:02] [6/445] SMYY
[06:07:03] [7/445] CNCS
[06:07:04] [8/445] CSTM
[06:07:04] [9/445] NUCD
[06:07:05] [10/445] SHCZ
[06:07:05] 🔄 Identity reset
[06:07:05] 🔄 Identity rotated (every 10 requests)
[06:07:05] [11/445] NJCT
[06:07:06] [12/445] COPC
[06:07:07] [13/445] STVV
[06:07:08] [14/445] SKRN
[06:07:08] [15/445] APPZ
[06:07:09] [16/445] YMGN
[06:07:10] [17/445] SVTU
[06:07:10] [18/445] GTAD
[06:07:12] [19/445] PSUS
[06:07:13] [20/445] SMCD
[06:07:14] 🔄 Identity reset
[06:07:14] 🔄 Identity rotated (every 10 requests)
[06:07:14] [21/445] CMCM
[06:07:14] [22/445] SYCT
[06:07:15] [23/445] STLY
[06:07:16] [24/445] CMHU
[06:07:17] [25/445] CMSA
[06:07:18] [26/445] CLCU
[06:07:18] [27/445] PPNT
[06:07:19] [28/445] JTAB
[06:07:20] [29/445] BUUC
[06:07:21] [30/445] BSVK
[06:07:22] 🔄 Identity reset
[06:07:22] 🔄 Identity rotated (every 10 requests)
[06:07:22] [31/445] VVVQ
[06:07:23] [32/445] TKMU
[06:07:24] [33/445] ESYL
[06:07:24] [34/445] ACHP
[06:07:26] [35/445] BTKD
[06:07:27] [36/445] DESA
[06:07:27] [37/445] GBCT
[06:07:28] [38/445] BLLD
[06:07:29] [39/445] SKNT
[06:07:30] [40/445] SSTE
[06:07:31] 🔄 Identity reset
[06:07:31] 🔄 Identity rotated (every 10 requests)
[06:07:31] 🔄 Retry 1/5 for SSTE in 2.9s
[06:07:31] 🔄 Identity reset
[06:07:34] 🧠 New identity created
[06:07:34] 🔄 Retry 2/5 for SSTE in 4.9s
[06:07:34] 🔄 Identity reset
[06:07:39] 🧠 New identity created
[06:07:39] [41/445] VJMR
[06:07:39] [42/445] NTPU
[06:07:40] [43/445] RDKN
[06:07:41] [44/445] ADGC
[06:07:41] [45/445] VRBP
[06:07:42] [46/445] NMNA
[06:07:43] [47/445] CMMX
[06:07:43] [48/445] PTKO
[06:07:44] 🔄 Identity reset
[06:07:44] 🔄 Identity rotated (every 10 requests)
[06:07:44] [49/445] RBML
[06:07:44] [50/445] SAIC
[06:07:45] [51/445] SVTJ
[06:07:46] [52/445] MRTE
[06:07:47] [53/445] RBTP
[06:07:47] [54/445] NLPS
[06:07:48] [55/445] GTNA
[06:07:49] [56/445] DGGC
[06:07:49] [57/445] SMCR
[06:07:50] [58/445] SCGD
[06:07:51] 🔄 Identity reset
[06:07:51] 🔄 Identity rotated (every 10 requests)
[06:07:51] 🔄 Retry 1/5 for SCGD in 2.9s
[06:07:51] 🔄 Identity reset
[06:07:54] 🧠 New identity created
[06:07:54] [59/445] SRRJ
[06:07:55] [60/445] CNRY
[06:07:55] [61/445] KTDI
[06:07:57] [62/445] SNJL
[06:07:57] [63/445] RKMD
[06:07:58] [64/445] SMDC
[06:07:59] [65/445] TADG
[06:07:59] [66/445] MCGS
[06:08:00] [67/445] PETK
[06:08:01] 🔄 Identity reset
[06:08:01] 🔄 Identity rotated (every 10 requests)
[06:08:01] [68/445] CHAG
[06:08:02] [69/445] KSTL
[06:08:03] [70/445] AADS
[06:08:03] [71/445] NTHZ
[06:08:04] [72/445] HCKI
[06:08:05] [73/445] SSEF
[06:08:06] [74/445] MCGX
[06:08:07] [75/445] ERRA
[06:08:07] [76/445] SDTW
[06:08:08] [77/445] RMPK
[06:08:09] 🔄 Identity reset
[06:08:09] 🔄 Identity rotated (every 10 requests)
[06:08:09] 🔄 Retry 1/5 for RMPK in 3.0s
[06:08:09] 🔄 Identity reset
[06:08:12] 🧠 New identity created
[06:08:12] [78/445] PTHK
[06:08:13] [79/445] PXCS
[06:08:14] [80/445] SVLU
[06:08:15] [81/445] STAH
[06:08:15] [82/445] JRGF
[06:08:16] [83/445] CDOK
[06:08:17] [84/445] CMSG
[06:08:18] [85/445] APTD
[06:08:18] [86/445] KMPG
[06:08:19] 🔄 Identity reset
[06:08:19] 🔄 Identity rotated (every 10 requests)
[06:08:19] 🔄 Retry 1/5 for KMPG in 2.6s
[06:08:19] 🔄 Identity reset
[06:08:22] 🧠 New identity created
[06:08:22] 🔄 Retry 2/5 for KMPG in 4.5s
[06:08:22] 🔄 Identity reset
[06:08:26] 🧠 New identity created
[06:08:26] 🔄 Retry 3/5 for KMPG in 8.9s
[06:08:26] 🔄 Identity reset
[06:08:35] 🧠 New identity created
[06:08:35] 🔄 Retry 4/5 for KMPG in 16.8s
[06:08:35] 🔄 Identity reset
[06:08:52] 🧠 New identity created
[06:08:52] ❌ KMPG failed after 5 attempts
[06:08:52] 🔄 Identity reset
[06:08:52] ❌ KMPG final failure | RuntimeError | HTTP 403
[06:08:52] [87/445] MUTJ
[06:08:53] 🧠 New identity created
[06:08:53] [88/445] VCCI
[06:08:54] [89/445] URBE
[06:08:55] [90/445] TCTS
[06:08:55] [91/445] STSN
[06:08:56] [92/445] AKCH
[06:08:57] 🔄 Identity reset
[06:08:57] 🔄 Identity rotated (every 10 requests)
[06:08:57] 🔄 Retry 1/5 for AKCH in 2.2s
[06:08:57] 🔄 Identity reset
[06:08:59] 🧠 New identity created
[06:08:59] [93/445] APSC
[06:09:00] [94/445] VLTB
[06:09:01] [95/445] SANU
[06:09:01] [96/445] AXAM
[06:09:02] [97/445] MGMG
[06:09:03] [98/445] HTBY
[06:09:04] [99/445] MMZS
[06:09:04] [100/445] SUDR
[06:09:05] [101/445] CCAD
[06:09:06] 🔄 Identity reset
[06:09:06] 🔄 Identity rotated (every 10 requests)
[06:09:06] [102/445] SKKC
[06:09:07] [103/445] RMCD
[06:09:07] [104/445] SBCQ
[06:09:08] [105/445] DCCT
[06:09:09] [106/445] VTKP
[06:09:09] [107/445] MLAM
[06:09:10] [108/445] SAVT
[06:09:11] [109/445] GEPL
[06:09:12] [110/445] AMCD
[06:09:12] [111/445] CCXR
[06:09:13] 🔄 Identity reset
[06:09:13] 🔄 Identity rotated (every 10 requests)
[06:09:13] [112/445] GRNG
[06:09:14] [113/445] EBCA
[06:09:15] [114/445] CNVG
[06:09:16] [115/445] MWSS
[06:09:17] [116/445] VBOR
[06:09:17] [117/445] NEEB
[06:09:18] [118/445] SUTH
[06:09:19] [119/445] ANDB
[06:09:19] [120/445] MMXS
[06:09:20] [121/445] CNPD
[06:09:21] 🔄 Identity reset
[06:09:21] 🔄 Identity rotated (every 10 requests)
[06:09:21] [122/445] SDCE
[06:09:22] [123/445] DHCB
[06:09:23] [124/445] ODEN
[06:09:24] [125/445] TNTC
[06:09:24] [126/445] VBKM
[06:09:25] [127/445] RZYM
[06:09:26] [128/445] JEMC
[06:09:28] [129/445] CMAU
[06:09:28] [130/445] SIVP
[06:09:29] [131/445] ATAG
[06:09:30] 🔄 Identity reset
[06:09:30] 🔄 Identity rotated (every 10 requests)
[06:09:30] 🔄 Retry 1/5 for ATAG in 2.9s
[06:09:30] 🔄 Identity reset
[06:09:33] 🧠 New identity created
[06:09:33] 🔄 Retry 2/5 for ATAG in 4.6s
[06:09:33] 🔄 Identity reset
[06:09:38] 🧠 New identity created
[06:09:38] [132/445] CHTM
[06:09:39] [133/445] AAEE
[06:09:40] [134/445] IWPM
[06:09:41] [135/445] KCMW
[06:09:41] [136/445] MCTD
[06:09:42] [137/445] SPWR
[06:09:43] [138/445] SDPO
[06:09:44] [139/445] PCSK
[06:09:45] 🔄 Identity reset
[06:09:45] 🔄 Identity rotated (every 10 requests)
[06:09:45] 🔄 Retry 1/5 for PCSK in 2.7s
[06:09:45] 🔄 Identity reset
[06:09:47] 🧠 New identity created
[06:09:48] [140/445] ACHV
[06:09:48] [141/445] SVLA
[06:09:49] [142/445] PICT
[06:09:50] [143/445] BXDR
[06:09:51] [144/445] SPWA
[06:09:51] [145/445] MCKO
[06:09:52] [146/445] RTHK
[06:09:53] [147/445] CCMF
[06:09:53] [148/445] MRGB
[06:09:54] 🔄 Identity reset
[06:09:54] 🔄 Identity rotated (every 10 requests)
[06:09:54] [149/445] CPLC
[06:09:55] [150/445] RACD
[06:09:56] [151/445] ATKT
[06:09:57] [152/445] SARN
[06:09:58] [153/445] KKUI
[06:09:59] [154/445] RGCM
[06:10:00] [155/445] BRVP
[06:10:01] [156/445] HRSR
[06:10:01] [157/445] GKGM
[06:10:03] [158/445] TTCD
[06:10:04] 🔄 Identity reset
[06:10:04] 🔄 Identity rotated (every 10 requests)
[06:10:04] [159/445] PTTI
[06:10:04] [160/445] MPTT
[06:10:06] [161/445] CVTT
[06:10:06] [162/445] PCXD
[06:10:07] [163/445] GCDC
[06:10:08] [164/445] CCCF
[06:10:08] [165/445] MRAD
[06:10:10] [166/445] CPLK
[06:10:11] [167/445] SATB
[06:10:12] [168/445] SNVG
[06:10:12] 🔄 Identity reset
[06:10:12] 🔄 Identity rotated (every 10 requests)
[06:10:12] 🔄 Retry 1/5 for SNVG in 2.9s
[06:10:12] 🔄 Identity reset
[06:10:15] 🧠 New identity created
[06:10:16] [169/445] JMBA
[06:10:16] [170/445] TEJA
[06:10:17] [171/445] STYO
[06:10:18] [172/445] JTBP
[06:10:19] [173/445] KRGD
[06:10:20] [174/445] SLJJ
[06:10:21] [175/445] SPTJ
[06:10:22] [176/445] SWJG
[06:10:22] [177/445] LKRT
[06:10:23] 🔄 Identity reset
[06:10:23] 🔄 Identity rotated (every 10 requests)
[06:10:23] [178/445] KCKA
[06:10:24] [179/445] SNCR
[06:10:25] [180/445] SMKL
[06:10:25] [181/445] GCFA
[06:10:26] [182/445] DDCK
[06:10:27] [183/445] NCHJ
[06:10:28] [184/445] RDMA
[06:10:29] [185/445] SVSV
[06:10:30] [186/445] SCJG
[06:10:30] [187/445] VKLP
[06:10:31] 🔄 Identity reset
[06:10:31] 🔄 Identity rotated (every 10 requests)
[06:10:31] 🔄 Retry 1/5 for VKLP in 2.7s
[06:10:31] 🔄 Identity reset
[06:10:34] 🧠 New identity created
[06:10:34] 🔄 Retry 2/5 for VKLP in 4.0s
[06:10:34] 🔄 Identity reset
[06:10:38] 🧠 New identity created
[06:10:38] [188/445] NWCC
[06:10:39] [189/445] VKNS
[06:10:40] [190/445] SDDP
[06:10:41] [191/445] ACSI
[06:10:42] [192/445] SATG
[06:10:43] [193/445] SCMW
[06:10:43] [194/445] LKTK
[06:10:44] [195/445] VCKV
[06:10:45] 🔄 Identity reset
[06:10:45] 🔄 Identity rotated (every 10 requests)
[06:10:45] [196/445] KKPE
[06:10:46] [197/445] KIGH
[06:10:47] [198/445] SRPM
[06:10:48] [199/445] SCAH
[06:10:49] [200/445] MUTA
[06:10:49] [201/445] SEPU
[06:10:50] [202/445] INOA
[06:10:51] [203/445] BASK
[06:10:52] [204/445] NECB
[06:10:52] [205/445] GTTG
[06:10:53] 🔄 Identity reset
[06:10:53] 🔄 Identity rotated (every 10 requests)
[06:10:53] [206/445] ASSA
[06:10:54] [207/445] ANCL
[06:10:56] [208/445] GCTI
[06:10:56] [209/445] RCTS
[06:10:57] [210/445] ACNL
[06:10:58] [211/445] MYCT
[06:10:59] [212/445] NMHT
[06:11:00] [213/445] MDIT
[06:11:01] [214/445] LATG
[06:11:02] [215/445] SMTY
[06:11:02] 🔄 Identity reset
[06:11:02] 🔄 Identity rotated (every 10 requests)
[06:11:02] [216/445] CVCT
[06:11:03] [217/445] RAMB
[06:11:04] [218/445] TGMS
[06:11:05] [219/445] BHEL
[06:11:06] [220/445] SHCT
[06:11:07] [221/445] SVCT
[06:11:08] [222/445] MRIY
[06:11:09] [223/445] SARO
[06:11:09] [224/445] STCT
[06:11:10] [225/445] JKKC
[06:11:11] 🔄 Identity reset
[06:11:11] 🔄 Identity rotated (every 10 requests)
[06:11:11] [226/445] PLTT
[06:11:12] [227/445] SRNT
[06:11:13] [228/445] YAST
[06:11:14] [229/445] PERL
[06:11:15] [230/445] CICM
[06:11:16] [231/445] MMTR
[06:11:17] [232/445] ABTK
[06:11:17] [233/445] ATYY
[06:11:18] [234/445] ASTK
[06:11:19] [235/445] VVCK
[06:11:20] 🔄 Identity reset
[06:11:20] 🔄 Identity rotated (every 10 requests)
[06:11:20] 🔄 Retry 1/5 for VVCK in 3.0s
[06:11:20] 🔄 Identity reset
[06:11:23] 🧠 New identity created
[06:11:23] 🔄 Retry 2/5 for VVCK in 4.1s
[06:11:23] 🔄 Identity reset
[06:11:27] 🧠 New identity created
[06:11:27] [236/445] ATKY
[06:11:28] [237/445] GWEK
[06:11:29] [238/445] SVFH
[06:11:30] [239/445] SLTA
[06:11:31] [240/445] AASH
[06:11:32] [241/445] ACXB
[06:11:33] [242/445] SMTX
[06:11:33] [243/445] AZDH
[06:11:34] 🔄 Identity reset
[06:11:34] 🔄 Identity rotated (every 10 requests)
[06:11:34] [244/445] CMMH
[06:11:35] [245/445] SCSZ
[06:11:35] [246/445] SCKP
[06:11:36] [247/445] NXTM
[06:11:37] [248/445] NWCS
[06:11:39] [249/445] CXMH
[06:11:40] [250/445] PCMA
[06:11:41] [251/445] SGCM
[06:11:42] [252/445] SDTU
[06:11:43] [253/445] MMVI
[06:11:43] 🔄 Identity reset
[06:11:43] 🔄 Identity rotated (every 10 requests)
[06:11:44] [254/445] JKCM
[06:11:45] [255/445] VCMM
[06:11:46] [256/445] SYEE
[06:11:47] [257/445] VASD
[06:11:47] [258/445] BDRB
[06:11:48] [259/445] LASM
[06:11:50] [260/445] DCRL
[06:11:50] [261/445] DVPM
[06:11:51] [262/445] SBMJ
[06:11:52] [263/445] CBMU
[06:11:52] 🔄 Identity reset
[06:11:53] 🔄 Identity rotated (every 10 requests)
[06:11:53] [264/445] IUBS
[06:11:54] [265/445] INAP
[06:11:55] [266/445] SRRC
[06:11:56] [267/445] SAGR
[06:11:57] [268/445] CPMJ
[06:11:58] [269/445] ATJL
[06:11:59] [270/445] NNTD
[06:12:00] [271/445] JHCJ
[06:12:01] [272/445] CMMP
[06:12:02] [273/445] RSDR
[06:12:03] 🔄 Identity reset
[06:12:03] 🔄 Identity rotated (every 10 requests)
[06:12:03] [274/445] AMTI
[06:12:04] [275/445] NYSG
[06:12:05] [276/445] AVSG
[06:12:06] [277/445] SYTP
[06:12:07] [278/445] LARC
[06:12:07] [279/445] RJTP
[06:12:08] [280/445] LAKC
[06:12:09] [281/445] MCXE
[06:12:10] [282/445] CCZC
[06:12:10] [283/445] AVCH
[06:12:11] 🔄 Identity reset
[06:12:11] 🔄 Identity rotated (every 10 requests)
[06:12:11] [284/445] CMBE
[06:12:12] [285/445] MRRC
[06:12:13] [286/445] PCPY
[06:12:14] [287/445] SRMH
[06:12:15] [288/445] SVGS
[06:12:15] [289/445] PCSE
[06:12:16] [290/445] SVFT
[06:12:17] [291/445] TNZP
[06:12:18] [292/445] ICTP
[06:12:19] [293/445] ACTZ
[06:12:20] 🔄 Identity reset
[06:12:20] 🔄 Identity rotated (every 10 requests)
[06:12:20] [294/445] GTUR
[06:12:21] [295/445] MAFC
[06:12:22] [296/445] MINL
[06:12:23] [297/445] MRCL
[06:12:23] [298/445] RCRP
[06:12:24] [299/445] RFFG
[06:12:25] [300/445] RMAS
[06:12:26] [301/445] INVR
[06:12:27] [302/445] RMAR
[06:12:29] [303/445] CNIS
[06:12:29] 🔄 Identity reset
[06:12:29] 🔄 Identity rotated (every 10 requests)
[06:12:30] [304/445] RHRJ
[06:12:31] [305/445] INXR
[06:12:31] [306/445] VALT
[06:12:32] [307/445] LCSH
[06:12:33] [308/445] CMVS
[06:12:34] [309/445] CNMS
[06:12:35] [310/445] ROOG
[06:12:36] [311/445] ISRM
[06:12:37] [312/445] RCRM
[06:12:37] [313/445] ACJA
[06:12:38] 🔄 Identity reset
[06:12:38] 🔄 Identity rotated (every 10 requests)
[06:12:39] [314/445] RCVS
[06:12:40] [315/445] CPUS
[06:12:41] [316/445] TGCS
[06:12:42] [317/445] RKCJ
[06:12:43] [318/445] MKSB
[06:12:44] [319/445] TCSJ
[06:12:45] [320/445] RMGP
[06:12:45] [321/445] CLLP
[06:12:46] [322/445] RCMV
[06:12:47] [323/445] CCKS
[06:12:48] 🔄 Identity reset
[06:12:48] 🔄 Identity rotated (every 10 requests)
[06:12:48] [324/445] RSRP
[06:12:49] [325/445] APLP
[06:12:51] [326/445] CNVS
[06:12:52] [327/445] RMVY
[06:12:53] [328/445] PGBD
[06:12:53] [329/445] KLMS
[06:12:54] [330/445] RUST
[06:12:55] [331/445] MASM
[06:12:55] [332/445] BACS
[06:12:56] [333/445] BWST
[06:12:57] 🔄 Identity reset
[06:12:57] 🔄 Identity rotated (every 10 requests)
[06:12:57] 🔄 Retry 1/5 for BWST in 2.7s
[06:12:57] 🔄 Identity reset
[06:12:59] 🧠 New identity created
[06:13:01] [334/445] RRFH
[06:13:01] [335/445] SJTM
[06:13:02] [336/445] BEMR
[06:13:03] [337/445] MCGR
[06:13:04] [338/445] SDSK
[06:13:05] [339/445] VBOL
[06:13:06] [340/445] RMGM
[06:13:06] [341/445] NOPL
[06:13:07] [342/445] MKJK
[06:13:08] 🔄 Identity reset
[06:13:08] 🔄 Identity rotated (every 10 requests)
[06:13:08] [343/445] CVRN
[06:13:09] [344/445] MMEN
[06:13:10] [345/445] AMNG
[06:13:11] [346/445] INTM
[06:13:11] [347/445] SLCZ
[06:13:12] [348/445] AMJN
[06:13:13] [349/445] ACJN
[06:13:14] [350/445] AMKN
[06:13:15] [351/445] BTCN
[06:13:16] [352/445] AMBT
[06:13:16] 🔄 Identity reset
[06:13:16] 🔄 Identity rotated (every 10 requests)
[06:13:18] [353/445] PACN
[06:13:18] [354/445] LCNS
[06:13:19] [355/445] PPKC
[06:13:21] [356/445] JYYN
[06:13:22] [357/445] JTNR
[06:13:23] [358/445] GTEE
[06:13:24] [359/445] SRNM
[06:13:24] [360/445] SDTC
[06:13:25] [361/445] VPCA
[06:13:26] [362/445] VLRA
[06:13:27] 🔄 Identity reset
[06:13:27] 🔄 Identity rotated (every 10 requests)
[06:13:28] [363/445] SHKR
[06:13:28] [364/445] SBKD
[06:13:29] [365/445] SAAD
[06:13:31] [366/445] JTGN
[06:13:32] [367/445] SLAM
[06:13:33] [368/445] VTPM
[06:13:34] [369/445] ANPT
[06:13:35] [370/445] PUNB
[06:13:36] [371/445] CPKT
[06:13:36] [372/445] CNWE
[06:13:37] 🔄 Identity reset
[06:13:37] 🔄 Identity rotated (every 10 requests)
[06:13:38] [373/445] ECPP
[06:13:39] [374/445] CPAR
[06:13:40] [375/445] ESBW
[06:13:41] [376/445] PKPU
[06:13:42] [377/445] CPRP
[06:13:43] [378/445] RAHU
[06:13:43] [379/445] RHMN
[06:13:44] [380/445] FMJP
[06:13:45] [381/445] CTMP
[06:13:47] [382/445] INPN
[06:13:47] 🔄 Identity reset
[06:13:47] 🔄 Identity rotated (every 10 requests)
[06:13:47] [383/445] STTG
[06:13:48] [384/445] CTRD
[06:13:49] [385/445] PUVB
[06:13:50] [386/445] ESVP
[06:13:52] [387/445] CPFT
[06:13:53] [388/445] LCPC
[06:13:54] [389/445] VBCT
[06:13:54] [390/445] FSCW
[06:13:55] [391/445] VCMP
[06:13:56] [392/445] ASHC
[06:13:57] 🔄 Identity reset
[06:13:57] 🔄 Identity rotated (every 10 requests)
[06:13:57] 🔄 Retry 1/5 for ASHC in 2.7s
[06:13:57] 🔄 Identity reset
[06:14:00] 🧠 New identity created
[06:14:00] [393/445] VLCX
[06:14:00] [394/445] SHEV
[06:14:01] [395/445] APCO
[06:14:02] [396/445] SILC
[06:14:03] [397/445] SNMR
[06:14:04] [398/445] KYBO
[06:14:04] [399/445] SATK
[06:14:05] [400/445] SSCS
[06:14:06] [401/445] CLSB
[06:14:06] 🔄 Identity reset
[06:14:06] 🔄 Identity rotated (every 10 requests)
[06:14:07] 🔄 Retry 1/5 for CLSB in 2.7s
[06:14:07] 🔄 Identity reset
[06:14:09] 🧠 New identity created
[06:14:09] 🔄 Retry 2/5 for CLSB in 4.2s
[06:14:09] 🔄 Identity reset
[06:14:14] 🧠 New identity created
[06:14:14] 🔄 Retry 3/5 for CLSB in 8.7s
[06:14:14] 🔄 Identity reset
[06:14:22] 🧠 New identity created
[06:14:23] [402/445] KMJR
[06:14:24] [403/445] FSCK
[06:14:25] [404/445] NNKA
[06:14:25] [405/445] CLMK
[06:14:26] [406/445] DMPZ
[06:14:27] [407/445] INQM
[06:14:29] [408/445] CAML
[06:14:30] 🔄 Identity reset
[06:14:30] 🔄 Identity rotated (every 10 requests)
[06:14:30] 🔄 Retry 1/5 for CAML in 2.6s
[06:14:30] 🔄 Identity reset
[06:14:32] 🧠 New identity created
[06:14:32] 🔄 Retry 2/5 for CAML in 4.9s
[06:14:32] 🔄 Identity reset
[06:14:37] 🧠 New identity created
[06:14:37] [409/445] INRK
[06:14:38] [410/445] IMKN
[06:14:39] [411/445] SVNR
[06:14:40] [412/445] INSL
[06:14:41] [413/445] MSMA
[06:14:42] [414/445] MCKK
[06:14:43] [415/445] FCHP
[06:14:44] [416/445] SFCR
[06:14:45] 🔄 Identity reset
[06:14:45] 🔄 Identity rotated (every 10 requests)
[06:14:45] [417/445] NACK
[06:14:46] [418/445] PVAK
[06:14:47] [419/445] INER
[06:14:48] [420/445] RDBK
[06:14:48] [421/445] SVFN
[06:14:50] [422/445] IFRM
[06:14:51] [423/445] ATCK
[06:14:52] [424/445] ASKO
[06:14:52] [425/445] STKT
[06:14:53] [426/445] SVFB
[06:14:54] 🔄 Identity reset
[06:14:54] 🔄 Identity rotated (every 10 requests)
[06:14:54] [427/445] INKS
[06:14:55] [428/445] PCRA
[06:14:56] [429/445] ATJA
[06:14:57] [430/445] IMJN
[06:14:58] [431/445] INHD
[06:14:59] [432/445] BARA
[06:14:59] [433/445] MCSL
[06:15:00] [434/445] RTOY
[06:15:01] [435/445] MENO
[06:15:02] [436/445] PUDM
[06:15:03] 🔄 Identity reset
[06:15:03] 🔄 Identity rotated (every 10 requests)
[06:15:03] [437/445] PRCN
[06:15:04] [438/445] JMJR
[06:15:05] [439/445] SSGK
[06:15:06] [440/445] SSRL
[06:15:07] [441/445] JYKL
[06:15:08] [442/445] ACNB
[06:15:08] [443/445] SONP
[06:15:10] [444/445] EMCI
[06:15:11] [445/445] MRJH
[06:15:12] 🔁 RETRY ROUND 1 | Remaining: 1
[06:15:12] [RETRY-1] KMPG
[06:15:14] 🔄 Identity reset
[06:15:14] 🔄 Identity rotated (every 10 requests)
[06:15:15] ✅ DONE | Shows=315 | Movies=25
[07:06:52] 🚀 BMS DAILY TRACKER STARTED (enhanced anti‑detection)
[07:06:52] [1/445] TGMR
[07:06:53] 🧠 New identity created
[07:06:53] [2/445] CXKR
[07:06:53] [3/445] SROP
[07:06:54] [4/445] GTSV
[07:06:55] [5/445] SNTY
[07:06:56] [6/445] SMYY
[07:06:56] [7/445] CNCS
[07:06:57] [8/445] CSTM
[07:06:58] [9/445] NUCD
[07:06:59] [10/445] SHCZ
[07:06:59] 🔄 Identity reset
[07:06:59] 🔄 Identity rotated (every 10 requests)
[07:06:59] [11/445] NJCT
[07:07:00] [12/445] COPC
[07:07:01] [13/445] STVV
[07:07:02] [14/445] SKRN
[07:07:02] [15/445] APPZ
[07:07:04] [16/445] YMGN
[07:07:04] [17/445] SVTU
[07:07:05] [18/445] GTAD
[07:07:06] [19/445] PSUS
[07:07:06] [20/445] SMCD
[07:07:07] 🔄 Identity reset
[07:07:07] 🔄 Identity rotated (every 10 requests)
[07:07:07] [21/445] CMCM
[07:07:08] [22/445] SYCT
[07:07:09] [23/445] STLY
[07:07:09] [24/445] CMHU
[07:07:10] [25/445] CMSA
[07:07:11] [26/445] CLCU
[07:07:12] [27/445] PPNT
[07:07:13] [28/445] JTAB
[07:07:14] [29/445] BUUC
[07:07:15] [30/445] BSVK
[07:07:15] 🔄 Identity reset
[07:07:15] 🔄 Identity rotated (every 10 requests)
[07:07:15] 🔄 Retry 1/5 for BSVK in 2.8s
[07:07:15] 🔄 Identity reset
[07:07:18] 🧠 New identity created
[07:07:18] [31/445] VVVQ
[07:07:19] [32/445] TKMU
[07:07:20] [33/445] ESYL
[07:07:21] [34/445] ACHP
[07:07:21] [35/445] BTKD
[07:07:22] [36/445] DESA
[07:07:23] [37/445] GBCT
[07:07:24] [38/445] BLLD
[07:07:25] [39/445] SKNT
[07:07:25] 🔄 Identity reset
[07:07:25] 🔄 Identity rotated (every 10 requests)
[07:07:26] [40/445] SSTE
[07:07:26] [41/445] VJMR
[07:07:27] [42/445] NTPU
[07:07:28] [43/445] RDKN
[07:07:29] [44/445] ADGC
[07:07:29] [45/445] VRBP
[07:07:30] [46/445] NMNA
[07:07:31] [47/445] CMMX
[07:07:32] [48/445] PTKO
[07:07:32] [49/445] RBML
[07:07:33] 🔄 Identity reset
[07:07:33] 🔄 Identity rotated (every 10 requests)
[07:07:33] [50/445] SAIC
[07:07:34] [51/445] SVTJ
[07:07:35] [52/445] MRTE
[07:07:36] [53/445] RBTP
[07:07:36] [54/445] NLPS
[07:07:37] [55/445] GTNA
[07:07:38] [56/445] DGGC
[07:07:39] [57/445] SMCR
[07:07:39] [58/445] SCGD
[07:07:40] [59/445] SRRJ
[07:07:41] 🔄 Identity reset
[07:07:41] 🔄 Identity rotated (every 10 requests)
[07:07:41] [60/445] CNRY
[07:07:42] [61/445] KTDI
[07:07:43] [62/445] SNJL
[07:07:43] [63/445] RKMD
[07:07:44] [64/445] SMDC
[07:07:45] [65/445] TADG
[07:07:46] [66/445] MCGS
[07:07:47] [67/445] PETK
[07:07:48] [68/445] CHAG
[07:07:49] [69/445] KSTL
[07:07:50] 🔄 Identity reset
[07:07:50] 🔄 Identity rotated (every 10 requests)
[07:07:50] [70/445] AADS
[07:07:51] [71/445] NTHZ
[07:07:51] [72/445] HCKI
[07:07:52] [73/445] SSEF
[07:07:53] [74/445] MCGX
[07:07:54] [75/445] ERRA
[07:07:55] [76/445] SDTW
[07:07:55] [77/445] RMPK
[07:07:56] [78/445] PTHK
[07:07:57] [79/445] PXCS
[07:07:57] 🔄 Identity reset
[07:07:57] 🔄 Identity rotated (every 10 requests)
[07:07:57] 🔄 Retry 1/5 for PXCS in 2.7s
[07:07:57] 🔄 Identity reset
[07:08:00] 🧠 New identity created
[07:08:00] [80/445] SVLU
[07:08:01] [81/445] STAH
[07:08:01] [82/445] JRGF
[07:08:02] [83/445] CDOK
[07:08:03] [84/445] CMSG
[07:08:04] [85/445] APTD
[07:08:05] [86/445] KMPG
[07:08:06] [87/445] MUTJ
[07:08:07] [88/445] VCCI
[07:08:07] 🔄 Identity reset
[07:08:07] 🔄 Identity rotated (every 10 requests)
[07:08:07] 🔄 Retry 1/5 for VCCI in 3.0s
[07:08:07] 🔄 Identity reset
[07:08:10] 🧠 New identity created
[07:08:11] [89/445] URBE
[07:08:12] [90/445] TCTS
[07:08:13] [91/445] STSN
[07:08:14] [92/445] AKCH
[07:08:15] [93/445] APSC
[07:08:16] [94/445] VLTB
[07:08:17] [95/445] SANU
[07:08:18] [96/445] AXAM
[07:08:19] [97/445] MGMG
[07:08:20] 🔄 Identity reset
[07:08:20] 🔄 Identity rotated (every 10 requests)
[07:08:20] [98/445] HTBY
[07:08:21] [99/445] MMZS
[07:08:21] [100/445] SUDR
[07:08:22] [101/445] CCAD
[07:08:23] [102/445] SKKC
[07:08:24] [103/445] RMCD
[07:08:25] [104/445] SBCQ
[07:08:25] [105/445] DCCT
[07:08:26] [106/445] VTKP
[07:08:27] [107/445] MLAM
[07:08:27] 🔄 Identity reset
[07:08:27] 🔄 Identity rotated (every 10 requests)
[07:08:28] [108/445] SAVT
[07:08:29] [109/445] GEPL
[07:08:29] [110/445] AMCD
[07:08:31] [111/445] CCXR
[07:08:32] [112/445] GRNG
[07:08:33] [113/445] EBCA
[07:08:34] [114/445] CNVG
[07:08:34] [115/445] MWSS
[07:08:35] [116/445] VBOR
[07:08:36] [117/445] NEEB
[07:08:37] 🔄 Identity reset
[07:08:37] 🔄 Identity rotated (every 10 requests)
[07:08:37] [118/445] SUTH
[07:08:38] [119/445] ANDB
[07:08:38] [120/445] MMXS
[07:08:39] [121/445] CNPD
[07:08:40] [122/445] SDCE
[07:08:41] [123/445] DHCB
[07:08:42] [124/445] ODEN
[07:08:43] [125/445] TNTC
[07:08:43] [126/445] VBKM
[07:08:44] [127/445] RZYM
[07:08:45] 🔄 Identity reset
[07:08:45] 🔄 Identity rotated (every 10 requests)
[07:08:45] [128/445] JEMC
[07:08:46] [129/445] CMAU
[07:08:47] [130/445] SIVP
[07:08:47] [131/445] ATAG
[07:08:48] [132/445] CHTM
[07:08:49] [133/445] AAEE
[07:08:50] [134/445] IWPM
[07:08:51] [135/445] KCMW
[07:08:52] [136/445] MCTD
[07:08:53] [137/445] SPWR
[07:08:54] 🔄 Identity reset
[07:08:54] 🔄 Identity rotated (every 10 requests)
[07:08:54] [138/445] SDPO
[07:08:54] [139/445] PCSK
[07:08:56] [140/445] ACHV
[07:08:56] [141/445] SVLA
[07:08:57] [142/445] PICT
[07:08:58] [143/445] BXDR
[07:08:59] [144/445] SPWA
[07:09:00] [145/445] MCKO
[07:09:00] [146/445] RTHK
[07:09:01] [147/445] CCMF
[07:09:02] 🔄 Identity reset
[07:09:02] 🔄 Identity rotated (every 10 requests)
[07:09:02] [148/445] MRGB
[07:09:04] [149/445] CPLC
[07:09:05] [150/445] RACD
[07:09:06] [151/445] ATKT
[07:09:07] [152/445] SARN
[07:09:08] [153/445] KKUI
[07:09:09] [154/445] RGCM
[07:09:10] [155/445] BRVP
[07:09:11] [156/445] HRSR
[07:09:12] [157/445] GKGM
[07:09:13] 🔄 Identity reset
[07:09:13] 🔄 Identity rotated (every 10 requests)
[07:09:13] 🔄 Retry 1/5 for GKGM in 2.7s
[07:09:13] 🔄 Identity reset
[07:09:15] 🧠 New identity created
[07:09:16] [158/445] TTCD
[07:09:17] [159/445] PTTI
[07:09:17] [160/445] MPTT
[07:09:18] [161/445] CVTT
[07:09:19] [162/445] PCXD
[07:09:20] [163/445] GCDC
[07:09:21] [164/445] CCCF
[07:09:22] [165/445] MRAD
[07:09:23] [166/445] CPLK
[07:09:24] 🔄 Identity reset
[07:09:24] 🔄 Identity rotated (every 10 requests)
[07:09:24] [167/445] SATB
[07:09:25] [168/445] SNVG
[07:09:26] [169/445] JMBA
[07:09:26] [170/445] TEJA
[07:09:27] [171/445] STYO
[07:09:28] [172/445] JTBP
[07:09:28] [173/445] KRGD
[07:09:29] [174/445] SLJJ
[07:09:30] [175/445] SPTJ
[07:09:31] [176/445] SWJG
[07:09:32] 🔄 Identity reset
[07:09:32] 🔄 Identity rotated (every 10 requests)
[07:09:32] 🔄 Retry 1/5 for SWJG in 2.3s
[07:09:32] 🔄 Identity reset
[07:09:34] 🧠 New identity created
[07:09:34] [177/445] LKRT
[07:09:35] [178/445] KCKA
[07:09:36] [179/445] SNCR
[07:09:36] [180/445] SMKL
[07:09:37] [181/445] GCFA
[07:09:39] [182/445] DDCK
[07:09:40] [183/445] NCHJ
[07:09:41] [184/445] RDMA
[07:09:42] [185/445] SVSV
[07:09:43] 🔄 Identity reset
[07:09:43] 🔄 Identity rotated (every 10 requests)
[07:09:43] [186/445] SCJG
[07:09:44] [187/445] VKLP
[07:09:46] [188/445] NWCC
[07:09:46] [189/445] VKNS
[07:09:47] [190/445] SDDP
[07:09:48] [191/445] ACSI
[07:09:49] [192/445] SATG
[07:09:49] [193/445] SCMW
[07:09:50] [194/445] LKTK
[07:09:51] [195/445] VCKV
[07:09:52] 🔄 Identity reset
[07:09:52] 🔄 Identity rotated (every 10 requests)
[07:09:52] [196/445] KKPE
[07:09:53] [197/445] KIGH
[07:09:54] [198/445] SRPM
[07:09:56] [199/445] SCAH
[07:09:57] [200/445] MUTA
[07:09:58] [201/445] SEPU
[07:09:59] [202/445] INOA
[07:10:00] [203/445] BASK
[07:10:01] [204/445] NECB
[07:10:02] [205/445] GTTG
[07:10:02] 🔄 Identity reset
[07:10:02] 🔄 Identity rotated (every 10 requests)
[07:10:03] [206/445] ASSA
[07:10:04] [207/445] ANCL
[07:10:04] [208/445] GCTI
[07:10:05] [209/445] RCTS
[07:10:06] [210/445] ACNL
[07:10:07] [211/445] MYCT
[07:10:08] [212/445] NMHT
[07:10:08] [213/445] MDIT
[07:10:09] [214/445] LATG
[07:10:10] [215/445] SMTY
[07:10:11] 🔄 Identity reset
[07:10:11] 🔄 Identity rotated (every 10 requests)
[07:10:11] [216/445] CVCT
[07:10:12] [217/445] RAMB
[07:10:13] [218/445] TGMS
[07:10:13] [219/445] BHEL
[07:10:14] [220/445] SHCT
[07:10:15] [221/445] SVCT
[07:10:16] [222/445] MRIY
[07:10:17] [223/445] SARO
[07:10:17] [224/445] STCT
[07:10:18] [225/445] JKKC
[07:10:19] 🔄 Identity reset
[07:10:19] 🔄 Identity rotated (every 10 requests)
[07:10:19] [226/445] PLTT
[07:10:20] [227/445] SRNT
[07:10:21] [228/445] YAST
[07:10:21] [229/445] PERL
[07:10:22] [230/445] CICM
[07:10:23] [231/445] MMTR
[07:10:24] [232/445] ABTK
[07:10:25] [233/445] ATYY
[07:10:25] [234/445] ASTK
[07:10:26] [235/445] VVCK
[07:10:27] 🔄 Identity reset
[07:10:27] 🔄 Identity rotated (every 10 requests)
[07:10:27] 🔄 Retry 1/5 for VVCK in 2.7s
[07:10:27] 🔄 Identity reset
[07:10:30] 🧠 New identity created
[07:10:31] [236/445] ATKY
[07:10:31] [237/445] GWEK
[07:10:32] [238/445] SVFH
[07:10:33] [239/445] SLTA
[07:10:35] [240/445] AASH
[07:10:36] [241/445] ACXB
[07:10:36] [242/445] SMTX
[07:10:37] [243/445] AZDH
[07:10:38] [244/445] CMMH
[07:10:39] 🔄 Identity reset
[07:10:39] 🔄 Identity rotated (every 10 requests)
[07:10:39] [245/445] SCSZ
[07:10:40] [246/445] SCKP
[07:10:41] [247/445] NXTM
[07:10:42] [248/445] NWCS
[07:10:43] [249/445] CXMH
[07:10:44] [250/445] PCMA
[07:10:45] [251/445] SGCM
[07:10:46] [252/445] SDTU
[07:10:47] [253/445] MMVI
[07:10:47] [254/445] JKCM
[07:10:48] 🔄 Identity reset
[07:10:48] 🔄 Identity rotated (every 10 requests)
[07:10:48] [255/445] VCMM
[07:10:49] [256/445] SYEE
[07:10:50] [257/445] VASD
[07:10:51] [258/445] BDRB
[07:10:51] [259/445] LASM
[07:10:52] [260/445] DCRL
[07:10:53] [261/445] DVPM
[07:10:54] [262/445] SBMJ
[07:10:55] [263/445] CBMU
[07:10:56] [264/445] IUBS
[07:10:56] 🔄 Identity reset
[07:10:56] 🔄 Identity rotated (every 10 requests)
[07:10:57] [265/445] INAP
[07:10:57] [266/445] SRRC
[07:10:58] [267/445] SAGR
[07:11:00] [268/445] CPMJ
[07:11:01] [269/445] ATJL
[07:11:02] [270/445] NNTD
[07:11:03] [271/445] JHCJ
[07:11:03] [272/445] CMMP
[07:11:04] [273/445] RSDR
[07:11:05] [274/445] AMTI
[07:11:06] 🔄 Identity reset
[07:11:06] 🔄 Identity rotated (every 10 requests)
[07:11:06] [275/445] NYSG
[07:11:07] [276/445] AVSG
[07:11:08] [277/445] SYTP
[07:11:09] [278/445] LARC
[07:11:09] [279/445] RJTP
[07:11:10] [280/445] LAKC
[07:11:11] [281/445] MCXE
[07:11:12] [282/445] CCZC
[07:11:13] [283/445] AVCH
[07:11:14] [284/445] CMBE
[07:11:14] 🔄 Identity reset
[07:11:14] 🔄 Identity rotated (every 10 requests)
[07:11:15] [285/445] MRRC
[07:11:15] [286/445] PCPY
[07:11:16] [287/445] SRMH
[07:11:17] [288/445] SVGS
[07:11:18] [289/445] PCSE
[07:11:19] [290/445] SVFT
[07:11:19] [291/445] TNZP
[07:11:20] [292/445] ICTP
[07:11:21] [293/445] ACTZ
[07:11:22] [294/445] GTUR
[07:11:22] 🔄 Identity reset
[07:11:22] 🔄 Identity rotated (every 10 requests)
[07:11:22] [295/445] MAFC
[07:11:23] [296/445] MINL
[07:11:24] [297/445] MRCL
[07:11:25] [298/445] RCRP
[07:11:26] [299/445] RFFG
[07:11:27] [300/445] RMAS
[07:11:27] [301/445] INVR
[07:11:29] [302/445] RMAR
[07:11:30] [303/445] CNIS
[07:11:31] [304/445] RHRJ
[07:11:32] 🔄 Identity reset
[07:11:32] 🔄 Identity rotated (every 10 requests)
[07:11:32] [305/445] INXR
[07:11:33] [306/445] VALT
[07:11:34] [307/445] LCSH
[07:11:35] [308/445] CMVS
[07:11:36] [309/445] CNMS
[07:11:36] [310/445] ROOG
[07:11:37] [311/445] ISRM
[07:11:38] [312/445] RCRM
[07:11:39] [313/445] ACJA
[07:11:40] [314/445] RCVS
[07:11:41] 🔄 Identity reset
[07:11:41] 🔄 Identity rotated (every 10 requests)
[07:11:41] 🔄 Retry 1/5 for RCVS in 2.8s
[07:11:41] 🔄 Identity reset
[07:11:44] 🧠 New identity created
[07:11:44] 🔄 Retry 2/5 for RCVS in 4.3s
[07:11:44] 🔄 Identity reset
[07:11:48] 🧠 New identity created
[07:11:49] [315/445] CPUS
[07:11:50] [316/445] TGCS
[07:11:51] [317/445] RKCJ
[07:11:52] [318/445] MKSB
[07:11:52] [319/445] TCSJ
[07:11:53] [320/445] RMGP
[07:11:54] [321/445] CLLP
[07:11:55] [322/445] RCMV
[07:11:56] 🔄 Identity reset
[07:11:56] 🔄 Identity rotated (every 10 requests)
[07:11:56] [323/445] CCKS
[07:11:57] [324/445] RSRP
[07:11:58] [325/445] APLP
[07:11:59] [326/445] CNVS
[07:12:00] [327/445] RMVY
[07:12:01] [328/445] PGBD
[07:12:01] [329/445] KLMS
[07:12:02] [330/445] RUST
[07:12:03] [331/445] MASM
[07:12:04] [332/445] BACS
[07:12:05] 🔄 Identity reset
[07:12:05] 🔄 Identity rotated (every 10 requests)
[07:12:05] 🔄 Retry 1/5 for BACS in 2.6s
[07:12:05] 🔄 Identity reset
[07:12:07] 🧠 New identity created
[07:12:08] [333/445] BWST
[07:12:08] [334/445] RRFH
[07:12:09] [335/445] SJTM
[07:12:10] [336/445] BEMR
[07:12:11] [337/445] MCGR
[07:12:12] [338/445] SDSK
[07:12:12] [339/445] VBOL
[07:12:13] [340/445] RMGM
[07:12:14] [341/445] NOPL
[07:12:14] 🔄 Identity reset
[07:12:14] 🔄 Identity rotated (every 10 requests)
[07:12:15] [342/445] MKJK
[07:12:16] [343/445] CVRN
[07:12:17] [344/445] MMEN
[07:12:18] [345/445] AMNG
[07:12:19] [346/445] INTM
[07:12:19] [347/445] SLCZ
[07:12:21] [348/445] AMJN
[07:12:22] [349/445] ACJN
[07:12:23] [350/445] AMKN
[07:12:24] [351/445] BTCN
[07:12:24] 🔄 Identity reset
[07:12:24] 🔄 Identity rotated (every 10 requests)
[07:12:24] 🔄 Retry 1/5 for BTCN in 2.0s
[07:12:24] 🔄 Identity reset
[07:12:26] 🧠 New identity created
[07:12:27] [352/445] AMBT
[07:12:28] [353/445] PACN
[07:12:28] [354/445] LCNS
[07:12:29] [355/445] PPKC
[07:12:30] [356/445] JYYN
[07:12:31] [357/445] JTNR
[07:12:32] [358/445] GTEE
[07:12:34] [359/445] SRNM
[07:12:35] [360/445] SDTC
[07:12:35] 🔄 Identity reset
[07:12:35] 🔄 Identity rotated (every 10 requests)
[07:12:35] [361/445] VPCA
[07:12:37] [362/445] VLRA
[07:12:38] [363/445] SHKR
[07:12:38] [364/445] SBKD
[07:12:39] [365/445] SAAD
[07:12:40] [366/445] JTGN
[07:12:41] [367/445] SLAM
[07:12:42] [368/445] VTPM
[07:12:43] [369/445] ANPT
[07:12:44] [370/445] PUNB
[07:12:44] 🔄 Identity reset
[07:12:44] 🔄 Identity rotated (every 10 requests)
[07:12:45] [371/445] CPKT
[07:12:46] [372/445] CNWE
[07:12:47] [373/445] ECPP
[07:12:48] [374/445] CPAR
[07:12:49] [375/445] ESBW
[07:12:50] [376/445] PKPU
[07:12:51] [377/445] CPRP
[07:12:51] [378/445] RAHU
[07:12:52] [379/445] RHMN
[07:12:53] [380/445] FMJP
[07:12:54] 🔄 Identity reset
[07:12:54] 🔄 Identity rotated (every 10 requests)
[07:12:54] [381/445] CTMP
[07:12:55] [382/445] INPN
[07:12:56] [383/445] STTG
[07:12:56] [384/445] CTRD
[07:12:57] [385/445] PUVB
[07:12:59] [386/445] ESVP
[07:12:59] [387/445] CPFT
[07:13:00] [388/445] LCPC
[07:13:01] [389/445] VBCT
[07:13:02] [390/445] FSCW
[07:13:03] 🔄 Identity reset
[07:13:03] 🔄 Identity rotated (every 10 requests)
[07:13:03] 🔄 Retry 1/5 for FSCW in 2.5s
[07:13:03] 🔄 Identity reset
[07:13:05] 🧠 New identity created
[07:13:06] [391/445] VCMP
[07:13:07] [392/445] ASHC
[07:13:08] [393/445] VLCX
[07:13:08] [394/445] SHEV
[07:13:09] [395/445] APCO
[07:13:10] [396/445] SILC
[07:13:11] [397/445] SNMR
[07:13:12] [398/445] KYBO
[07:13:12] [399/445] SATK
[07:13:13] 🔄 Identity reset
[07:13:13] 🔄 Identity rotated (every 10 requests)
[07:13:13] [400/445] SSCS
[07:13:14] [401/445] CLSB
[07:13:15] [402/445] KMJR
[07:13:16] [403/445] FSCK
[07:13:17] [404/445] NNKA
[07:13:18] [405/445] CLMK
[07:13:18] [406/445] DMPZ
[07:13:20] [407/445] INQM
[07:13:21] [408/445] CAML
[07:13:21] [409/445] INRK
[07:13:22] 🔄 Identity reset
[07:13:22] 🔄 Identity rotated (every 10 requests)
[07:13:22] [410/445] IMKN
[07:13:23] [411/445] SVNR
[07:13:24] [412/445] INSL
[07:13:25] [413/445] MSMA
[07:13:26] [414/445] MCKK
[07:13:27] [415/445] FCHP
[07:13:28] [416/445] SFCR
[07:13:29] [417/445] NACK
[07:13:29] [418/445] PVAK
[07:13:30] [419/445] INER
[07:13:31] 🔄 Identity reset
[07:13:31] 🔄 Identity rotated (every 10 requests)
[07:13:31] [420/445] RDBK
[07:13:32] [421/445] SVFN
[07:13:33] [422/445] IFRM
[07:13:34] [423/445] ATCK
[07:13:35] [424/445] ASKO
[07:13:35] [425/445] STKT
[07:13:36] [426/445] SVFB
[07:13:37] [427/445] INKS
[07:13:38] [428/445] PCRA
[07:13:39] [429/445] ATJA
[07:13:39] 🔄 Identity reset
[07:13:39] 🔄 Identity rotated (every 10 requests)
[07:13:39] [430/445] IMJN
[07:13:40] [431/445] INHD
[07:13:41] [432/445] BARA
[07:13:42] [433/445] MCSL
[07:13:43] [434/445] RTOY
[07:13:45] [435/445] MENO
[07:13:45] [436/445] PUDM
[07:13:46] [437/445] PRCN
[07:13:47] [438/445] JMJR
[07:13:48] [439/445] SSGK
[07:13:48] 🔄 Identity reset
[07:13:49] 🔄 Identity rotated (every 10 requests)
[07:13:49] 🔄 Retry 1/5 for SSGK in 2.5s
[07:13:49] 🔄 Identity reset
[07:13:51] 🧠 New identity created
[07:13:51] [440/445] SSRL
[07:13:52] [441/445] JYKL
[07:13:53] [442/445] ACNB
[07:13:54] [443/445] SONP
[07:13:55] [444/445] EMCI
[07:13:56] [445/445] MRJH
[07:13:57] ✅ DONE | Shows=528 | Movies=38
[08:07:01] 🚀 BMS DAILY TRACKER STARTED (enhanced anti‑detection)
[08:07:01] [1/445] TGMR
[08:07:01] 🧠 New identity created
[08:07:02] [2/445] CXKR
[08:07:03] [3/445] SROP
[08:07:04] [4/445] GTSV
[08:07:05] [5/445] SNTY
[08:07:06] [6/445] SMYY
[08:07:07] [7/445] CNCS
[08:07:07] [8/445] CSTM
[08:07:08] [9/445] NUCD
[08:07:09] [10/445] SHCZ
[08:07:10] 🔄 Identity reset
[08:07:10] 🔄 Identity rotated (every 10 requests)
[08:07:10] [11/445] NJCT
[08:07:11] [12/445] COPC
[08:07:11] [13/445] STVV
[08:07:12] [14/445] SKRN
[08:07:13] [15/445] APPZ
[08:07:14] [16/445] YMGN
[08:07:15] [17/445] SVTU
[08:07:16] [18/445] GTAD
[08:07:17] [19/445] PSUS
[08:07:17] [20/445] SMCD
[08:07:18] 🔄 Identity reset
[08:07:18] 🔄 Identity rotated (every 10 requests)
[08:07:18] [21/445] CMCM
[08:07:19] [22/445] SYCT
[08:07:20] [23/445] STLY
[08:07:21] [24/445] CMHU
[08:07:22] [25/445] CMSA
[08:07:23] [26/445] CLCU
[08:07:24] [27/445] PPNT
[08:07:24] [28/445] JTAB
[08:07:25] [29/445] BUUC
[08:07:26] [30/445] BSVK
[08:07:27] 🔄 Identity reset
[08:07:27] 🔄 Identity rotated (every 10 requests)
[08:07:27] 🔄 Retry 1/5 for BSVK in 2.3s
[08:07:27] 🔄 Identity reset
[08:07:29] 🧠 New identity created
[08:07:29] [31/445] VVVQ
[08:07:30] [32/445] TKMU
[08:07:31] [33/445] ESYL
[08:07:32] [34/445] ACHP
[08:07:33] [35/445] BTKD
[08:07:34] [36/445] DESA
[08:07:34] [37/445] GBCT
[08:07:35] [38/445] BLLD
[08:07:36] [39/445] SKNT
[08:07:37] 🔄 Identity reset
[08:07:37] 🔄 Identity rotated (every 10 requests)
[08:07:37] [40/445] SSTE
[08:07:38] [41/445] VJMR
[08:07:38] [42/445] NTPU
[08:07:39] [43/445] RDKN
[08:07:40] [44/445] ADGC
[08:07:41] [45/445] VRBP
[08:07:42] [46/445] NMNA
[08:07:43] [47/445] CMMX
[08:07:44] [48/445] PTKO
[08:07:44] [49/445] RBML
[08:07:45] 🔄 Identity reset
[08:07:45] 🔄 Identity rotated (every 10 requests)
[08:07:45] [50/445] SAIC
[08:07:46] [51/445] SVTJ
[08:07:47] [52/445] MRTE
[08:07:48] [53/445] RBTP
[08:07:49] [54/445] NLPS
[08:07:50] [55/445] GTNA
[08:07:51] [56/445] DGGC
[08:07:52] [57/445] SMCR
[08:07:52] [58/445] SCGD
[08:07:53] [59/445] SRRJ
[08:07:54] 🔄 Identity reset
[08:07:54] 🔄 Identity rotated (every 10 requests)
[08:07:54] [60/445] CNRY
[08:07:55] [61/445] KTDI
[08:07:56] [62/445] SNJL
[08:07:57] [63/445] RKMD
[08:07:57] [64/445] SMDC
[08:07:58] [65/445] TADG
[08:07:59] [66/445] MCGS
[08:08:00] [67/445] PETK
[08:08:01] [68/445] CHAG
[08:08:02] [69/445] KSTL
[08:08:03] 🔄 Identity reset
[08:08:03] 🔄 Identity rotated (every 10 requests)
[08:08:03] [70/445] AADS
[08:08:04] [71/445] NTHZ
[08:08:05] [72/445] HCKI
[08:08:06] [73/445] SSEF
[08:08:07] [74/445] MCGX
[08:08:08] [75/445] ERRA
[08:08:09] [76/445] SDTW
[08:08:09] [77/445] RMPK
[08:08:10] [78/445] PTHK
[08:08:11] [79/445] PXCS
[08:08:12] 🔄 Identity reset
[08:08:12] 🔄 Identity rotated (every 10 requests)
[08:08:12] 🔄 Retry 1/5 for PXCS in 2.1s
[08:08:12] 🔄 Identity reset
[08:08:14] 🧠 New identity created
[08:08:14] [80/445] SVLU
[08:08:15] [81/445] STAH
[08:08:16] [82/445] JRGF
[08:08:17] [83/445] CDOK
[08:08:18] [84/445] CMSG
[08:08:19] [85/445] APTD
[08:08:19] [86/445] KMPG
[08:08:20] [87/445] MUTJ
[08:08:21] [88/445] VCCI
[08:08:22] 🔄 Identity reset
[08:08:22] 🔄 Identity rotated (every 10 requests)
[08:08:22] [89/445] URBE
[08:08:23] [90/445] TCTS
[08:08:24] [91/445] STSN
[08:08:24] [92/445] AKCH
[08:08:25] [93/445] APSC
[08:08:26] [94/445] VLTB
[08:08:27] [95/445] SANU
[08:08:28] [96/445] AXAM
[08:08:29] [97/445] MGMG
[08:08:29] [98/445] HTBY
[08:08:30] 🔄 Identity reset
[08:08:30] 🔄 Identity rotated (every 10 requests)
[08:08:30] [99/445] MMZS
[08:08:31] [100/445] SUDR
[08:08:32] [101/445] CCAD
[08:08:33] [102/445] SKKC
[08:08:34] [103/445] RMCD
[08:08:35] [104/445] SBCQ
[08:08:36] [105/445] DCCT
[08:08:37] [106/445] VTKP
[08:08:38] [107/445] MLAM
[08:08:39] [108/445] SAVT
[08:08:39] 🔄 Identity reset
[08:08:39] 🔄 Identity rotated (every 10 requests)
[08:08:40] [109/445] GEPL
[08:08:41] [110/445] AMCD
[08:08:41] [111/445] CCXR
[08:08:42] [112/445] GRNG
[08:08:43] [113/445] EBCA
[08:08:44] [114/445] CNVG
[08:08:45] [115/445] MWSS
[08:08:46] [116/445] VBOR
[08:08:47] [117/445] NEEB
[08:08:48] [118/445] SUTH
[08:08:48] 🔄 Identity reset
[08:08:48] 🔄 Identity rotated (every 10 requests)
[08:08:48] [119/445] ANDB
[08:08:49] [120/445] MMXS
[08:08:51] [121/445] CNPD
[08:08:52] [122/445] SDCE
[08:08:53] [123/445] DHCB
[08:08:54] [124/445] ODEN
[08:08:55] [125/445] TNTC
[08:08:56] [126/445] VBKM
[08:08:56] [127/445] RZYM
[08:08:57] [128/445] JEMC
[08:08:58] 🔄 Identity reset
[08:08:58] 🔄 Identity rotated (every 10 requests)
[08:08:58] [129/445] CMAU
[08:08:59] [130/445] SIVP
[08:09:00] [131/445] ATAG
[08:09:01] [132/445] CHTM
[08:09:01] [133/445] AAEE
[08:09:02] [134/445] IWPM
[08:09:03] [135/445] KCMW
[08:09:04] [136/445] MCTD
[08:09:05] [137/445] SPWR
[08:09:07] [138/445] SDPO
[08:09:07] 🔄 Identity reset
[08:09:07] 🔄 Identity rotated (every 10 requests)
[08:09:07] 🔄 Retry 1/5 for SDPO in 2.8s
[08:09:07] 🔄 Identity reset
[08:09:10] 🧠 New identity created
[08:09:10] [139/445] PCSK
[08:09:11] [140/445] ACHV
[08:09:12] [141/445] SVLA
[08:09:13] [142/445] PICT
[08:09:14] [143/445] BXDR
[08:09:15] [144/445] SPWA
[08:09:16] [145/445] MCKO
[08:09:16] [146/445] RTHK
[08:09:17] [147/445] CCMF
[08:09:18] 🔄 Identity reset
[08:09:18] 🔄 Identity rotated (every 10 requests)
[08:09:19] [148/445] MRGB
[08:09:20] [149/445] CPLC
[08:09:20] [150/445] RACD
[08:09:21] [151/445] ATKT
[08:09:22] [152/445] SARN
[08:09:23] [153/445] KKUI
[08:09:24] [154/445] RGCM
[08:09:24] [155/445] BRVP
[08:09:25] [156/445] HRSR
[08:09:26] [157/445] GKGM
[08:09:27] 🔄 Identity reset
[08:09:27] 🔄 Identity rotated (every 10 requests)
[08:09:27] [158/445] TTCD
[08:09:28] [159/445] PTTI
[08:09:29] [160/445] MPTT
[08:09:30] [161/445] CVTT
[08:09:31] [162/445] PCXD
[08:09:31] [163/445] GCDC
[08:09:32] [164/445] CCCF
[08:09:34] [165/445] MRAD
[08:09:35] [166/445] CPLK
[08:09:36] [167/445] SATB
[08:09:37] 🔄 Identity reset
[08:09:37] 🔄 Identity rotated (every 10 requests)
[08:09:37] [168/445] SNVG
[08:09:38] [169/445] JMBA
[08:09:39] [170/445] TEJA
[08:09:40] [171/445] STYO
[08:09:41] [172/445] JTBP
[08:09:42] [173/445] KRGD
[08:09:42] [174/445] SLJJ
[08:09:43] [175/445] SPTJ
[08:09:44] [176/445] SWJG
[08:09:45] [177/445] LKRT
[08:09:45] 🔄 Identity reset
[08:09:45] 🔄 Identity rotated (every 10 requests)
[08:09:46] [178/445] KCKA
[08:09:46] [179/445] SNCR
[08:09:47] [180/445] SMKL
[08:09:48] [181/445] GCFA
[08:09:49] [182/445] DDCK
[08:09:50] [183/445] NCHJ
[08:09:51] [184/445] RDMA
[08:09:52] [185/445] SVSV
[08:09:53] [186/445] SCJG
[08:09:54] [187/445] VKLP
[08:09:54] 🔄 Identity reset
[08:09:54] 🔄 Identity rotated (every 10 requests)
[08:09:55] [188/445] NWCC
[08:09:56] [189/445] VKNS
[08:09:56] [190/445] SDDP
[08:09:57] [191/445] ACSI
[08:09:58] [192/445] SATG
[08:09:59] [193/445] SCMW
[08:10:00] [194/445] LKTK
[08:10:01] [195/445] VCKV
[08:10:02] [196/445] KKPE
[08:10:03] [197/445] KIGH
[08:10:03] 🔄 Identity reset
[08:10:03] 🔄 Identity rotated (every 10 requests)
[08:10:03] 🔄 Retry 1/5 for KIGH in 2.6s
[08:10:03] 🔄 Identity reset
[08:10:06] 🧠 New identity created
[08:10:06] [198/445] SRPM
[08:10:07] [199/445] SCAH
[08:10:08] [200/445] MUTA
[08:10:09] [201/445] SEPU
[08:10:09] [202/445] INOA
[08:10:10] [203/445] BASK
[08:10:11] [204/445] NECB
[08:10:12] [205/445] GTTG
[08:10:13] [206/445] ASSA
[08:10:13] 🔄 Identity reset
[08:10:14] 🔄 Identity rotated (every 10 requests)
[08:10:14] [207/445] ANCL
[08:10:15] [208/445] GCTI
[08:10:15] [209/445] RCTS
[08:10:16] [210/445] ACNL
[08:10:17] [211/445] MYCT
[08:10:18] [212/445] NMHT
[08:10:18] [213/445] MDIT
[08:10:19] [214/445] LATG
[08:10:20] [215/445] SMTY
[08:10:21] [216/445] CVCT
[08:10:21] 🔄 Identity reset
[08:10:21] 🔄 Identity rotated (every 10 requests)
[08:10:22] 🔄 Retry 1/5 for CVCT in 2.2s
[08:10:22] 🔄 Identity reset
[08:10:24] 🧠 New identity created
[08:10:24] [217/445] RAMB
[08:10:25] [218/445] TGMS
[08:10:26] [219/445] BHEL
[08:10:27] [220/445] SHCT
[08:10:28] [221/445] SVCT
[08:10:29] [222/445] MRIY
[08:10:29] [223/445] SARO
[08:10:30] [224/445] STCT
[08:10:31] [225/445] JKKC
[08:10:32] 🔄 Identity reset
[08:10:32] 🔄 Identity rotated (every 10 requests)
[08:10:32] [226/445] PLTT
[08:10:33] [227/445] SRNT
[08:10:34] [228/445] YAST
[08:10:34] [229/445] PERL
[08:10:35] [230/445] CICM
[08:10:36] [231/445] MMTR
[08:10:37] [232/445] ABTK
[08:10:38] [233/445] ATYY
[08:10:39] [234/445] ASTK
[08:10:39] [235/445] VVCK
[08:10:40] 🔄 Identity reset
[08:10:40] 🔄 Identity rotated (every 10 requests)
[08:10:40] [236/445] ATKY
[08:10:41] [237/445] GWEK
[08:10:42] [238/445] SVFH
[08:10:43] [239/445] SLTA
[08:10:44] [240/445] AASH
[08:10:45] [241/445] ACXB
[08:10:46] [242/445] SMTX
[08:10:47] [243/445] AZDH
[08:10:48] [244/445] CMMH
[08:10:48] [245/445] SCSZ
[08:10:49] 🔄 Identity reset
[08:10:49] 🔄 Identity rotated (every 10 requests)
[08:10:49] [246/445] SCKP
[08:10:50] [247/445] NXTM
[08:10:51] [248/445] NWCS
[08:10:53] [249/445] CXMH
[08:10:54] [250/445] PCMA
[08:10:55] [251/445] SGCM
[08:10:56] [252/445] SDTU
[08:10:57] [253/445] MMVI
[08:10:58] [254/445] JKCM
[08:10:59] [255/445] VCMM
[08:10:59] 🔄 Identity reset
[08:10:59] 🔄 Identity rotated (every 10 requests)
[08:10:59] [256/445] SYEE
[08:11:00] [257/445] VASD
[08:11:01] [258/445] BDRB
[08:11:02] [259/445] LASM
[08:11:03] [260/445] DCRL
[08:11:04] [261/445] DVPM
[08:11:05] [262/445] SBMJ
[08:11:06] [263/445] CBMU
[08:11:07] [264/445] IUBS
[08:11:07] [265/445] INAP
[08:11:08] 🔄 Identity reset
[08:11:08] 🔄 Identity rotated (every 10 requests)
[08:11:08] [266/445] SRRC
[08:11:09] [267/445] SAGR
[08:11:10] [268/445] CPMJ
[08:11:11] [269/445] ATJL
[08:11:12] [270/445] NNTD
[08:11:13] [271/445] JHCJ
[08:11:14] [272/445] CMMP
[08:11:15] [273/445] RSDR
[08:11:16] [274/445] AMTI
[08:11:17] [275/445] NYSG
[08:11:18] 🔄 Identity reset
[08:11:18] 🔄 Identity rotated (every 10 requests)
[08:11:19] [276/445] AVSG
[08:11:19] [277/445] SYTP
[08:11:21] [278/445] LARC
[08:11:22] [279/445] RJTP
[08:11:23] [280/445] LAKC
[08:11:24] [281/445] MCXE
[08:11:24] [282/445] CCZC
[08:11:25] [283/445] AVCH
[08:11:26] [284/445] CMBE
[08:11:27] [285/445] MRRC
[08:11:27] 🔄 Identity reset
[08:11:27] 🔄 Identity rotated (every 10 requests)
[08:11:28] [286/445] PCPY
[08:11:28] [287/445] SRMH
[08:11:29] [288/445] SVGS
[08:11:30] [289/445] PCSE
[08:11:31] [290/445] SVFT
[08:11:32] [291/445] TNZP
[08:11:32] [292/445] ICTP
[08:11:33] [293/445] ACTZ
[08:11:34] [294/445] GTUR
[08:11:35] [295/445] MAFC
[08:11:36] 🔄 Identity reset
[08:11:36] 🔄 Identity rotated (every 10 requests)
[08:11:36] [296/445] MINL
[08:11:37] [297/445] MRCL
[08:11:38] [298/445] RCRP
[08:11:39] [299/445] RFFG
[08:11:40] [300/445] RMAS
[08:11:41] [301/445] INVR
[08:11:42] [302/445] RMAR
[08:11:43] [303/445] CNIS
[08:11:44] [304/445] RHRJ
[08:11:44] [305/445] INXR
[08:11:45] 🔄 Identity reset
[08:11:45] 🔄 Identity rotated (every 10 requests)
[08:11:45] [306/445] VALT
[08:11:46] [307/445] LCSH
[08:11:48] [308/445] CMVS
[08:11:49] [309/445] CNMS
[08:11:50] [310/445] ROOG
[08:11:50] [311/445] ISRM
[08:11:51] [312/445] RCRM
[08:11:52] [313/445] ACJA
[08:11:53] [314/445] RCVS
[08:11:54] [315/445] CPUS
[08:11:54] 🔄 Identity reset
[08:11:54] 🔄 Identity rotated (every 10 requests)
[08:11:55] [316/445] TGCS
[08:11:56] [317/445] RKCJ
[08:11:58] [318/445] MKSB
[08:11:58] [319/445] TCSJ
[08:11:59] [320/445] RMGP
[08:12:00] [321/445] CLLP
[08:12:01] [322/445] RCMV
[08:12:02] [323/445] CCKS
[08:12:03] [324/445] RSRP
[08:12:03] [325/445] APLP
[08:12:04] 🔄 Identity reset
[08:12:04] 🔄 Identity rotated (every 10 requests)
[08:12:04] [326/445] CNVS
[08:12:05] [327/445] RMVY
[08:12:06] [328/445] PGBD
[08:12:07] [329/445] KLMS
[08:12:08] [330/445] RUST
[08:12:09] [331/445] MASM
[08:12:10] [332/445] BACS
[08:12:10] [333/445] BWST
[08:12:11] [334/445] RRFH
[08:12:12] [335/445] SJTM
[08:12:13] 🔄 Identity reset
[08:12:13] 🔄 Identity rotated (every 10 requests)
[08:12:13] [336/445] BEMR
[08:12:14] [337/445] MCGR
[08:12:14] [338/445] SDSK
[08:12:15] [339/445] VBOL
[08:12:16] [340/445] RMGM
[08:12:17] [341/445] NOPL
[08:12:17] [342/445] MKJK
[08:12:18] [343/445] CVRN
[08:12:19] [344/445] MMEN
[08:12:20] [345/445] AMNG
[08:12:21] 🔄 Identity reset
[08:12:21] 🔄 Identity rotated (every 10 requests)
[08:12:21] [346/445] INTM
[08:12:22] [347/445] SLCZ
[08:12:23] [348/445] AMJN
[08:12:24] [349/445] ACJN
[08:12:25] [350/445] AMKN
[08:12:25] [351/445] BTCN
[08:12:26] [352/445] AMBT
[08:12:27] [353/445] PACN
[08:12:28] [354/445] LCNS
[08:12:29] [355/445] PPKC
[08:12:29] 🔄 Identity reset
[08:12:29] 🔄 Identity rotated (every 10 requests)
[08:12:30] [356/445] JYYN
[08:12:32] [357/445] JTNR
[08:12:32] [358/445] GTEE
[08:12:33] [359/445] SRNM
[08:12:34] [360/445] SDTC
[08:12:35] [361/445] VPCA
[08:12:36] [362/445] VLRA
[08:12:37] [363/445] SHKR
[08:12:38] [364/445] SBKD
[08:12:39] [365/445] SAAD
[08:12:40] 🔄 Identity reset
[08:12:40] 🔄 Identity rotated (every 10 requests)
[08:12:40] [366/445] JTGN
[08:12:41] [367/445] SLAM
[08:12:42] [368/445] VTPM
[08:12:42] [369/445] ANPT
[08:12:43] [370/445] PUNB
[08:12:44] [371/445] CPKT
[08:12:45] [372/445] CNWE
[08:12:46] [373/445] ECPP
[08:12:47] [374/445] CPAR
[08:12:47] [375/445] ESBW
[08:12:48] 🔄 Identity reset
[08:12:48] 🔄 Identity rotated (every 10 requests)
[08:12:48] [376/445] PKPU
[08:12:49] [377/445] CPRP
[08:12:50] [378/445] RAHU
[08:12:51] [379/445] RHMN
[08:12:52] [380/445] FMJP
[08:12:53] [381/445] CTMP
[08:12:53] [382/445] INPN
[08:12:54] [383/445] STTG
[08:12:55] [384/445] CTRD
[08:12:56] [385/445] PUVB
[08:12:57] 🔄 Identity reset
[08:12:57] 🔄 Identity rotated (every 10 requests)
[08:12:57] [386/445] ESVP
[08:12:58] [387/445] CPFT
[08:12:59] [388/445] LCPC
[08:13:00] [389/445] VBCT
[08:13:01] [390/445] FSCW
[08:13:02] [391/445] VCMP
[08:13:03] [392/445] ASHC
[08:13:04] [393/445] VLCX
[08:13:05] [394/445] SHEV
[08:13:05] [395/445] APCO
[08:13:06] 🔄 Identity reset
[08:13:06] 🔄 Identity rotated (every 10 requests)
[08:13:06] [396/445] SILC
[08:13:07] [397/445] SNMR
[08:13:08] [398/445] KYBO
[08:13:09] [399/445] SATK
[08:13:10] [400/445] SSCS
[08:13:11] [401/445] CLSB
[08:13:12] [402/445] KMJR
[08:13:13] [403/445] FSCK
[08:13:14] [404/445] NNKA
[08:13:14] [405/445] CLMK
[08:13:15] 🔄 Identity reset
[08:13:15] 🔄 Identity rotated (every 10 requests)
[08:13:15] 🔄 Retry 1/5 for CLMK in 2.4s
[08:13:15] 🔄 Identity reset
[08:13:17] 🧠 New identity created
[08:13:18] [406/445] DMPZ
[08:13:19] [407/445] INQM
[08:13:19] [408/445] CAML
[08:13:20] [409/445] INRK
[08:13:21] [410/445] IMKN
[08:13:22] [411/445] SVNR
[08:13:23] [412/445] INSL
[08:13:23] [413/445] MSMA
[08:13:24] [414/445] MCKK
[08:13:25] 🔄 Identity reset
[08:13:25] 🔄 Identity rotated (every 10 requests)
[08:13:25] [415/445] FCHP
[08:13:26] [416/445] SFCR
[08:13:27] [417/445] NACK
[08:13:28] [418/445] PVAK
[08:13:29] [419/445] INER
[08:13:29] [420/445] RDBK
[08:13:30] [421/445] SVFN
[08:13:31] [422/445] IFRM
[08:13:32] [423/445] ATCK
[08:13:33] [424/445] ASKO
[08:13:33] 🔄 Identity reset
[08:13:33] 🔄 Identity rotated (every 10 requests)
[08:13:34] [425/445] STKT
[08:13:35] [426/445] SVFB
[08:13:35] [427/445] INKS
[08:13:36] [428/445] PCRA
[08:13:37] [429/445] ATJA
[08:13:39] [430/445] IMJN
[08:13:39] [431/445] INHD
[08:13:40] [432/445] BARA
[08:13:41] [433/445] MCSL
[08:13:43] [434/445] RTOY
[08:13:43] 🔄 Identity reset
[08:13:43] 🔄 Identity rotated (every 10 requests)
[08:13:44] [435/445] MENO
[08:13:45] [436/445] PUDM
[08:13:46] [437/445] PRCN
[08:13:46] [438/445] JMJR
[08:13:47] [439/445] SSGK
[08:13:48] [440/445] SSRL
[08:13:49] [441/445] JYKL
[08:13:50] [442/445] ACNB
[08:13:50] [443/445] SONP
[08:13:51] [444/445] EMCI
[08:13:52] 🔄 Identity reset
[08:13:52] 🔄 Identity rotated (every 10 requests)
[08:13:52] [445/445] MRJH
[08:13:53] ✅ DONE | Shows=790 | Movies=55
[08:52:51] 🚀 BMS DAILY TRACKER STARTED (enhanced anti‑detection)
[08:52:51] [1/445] TGMR
[08:52:51] 🧠 New identity created
[08:52:52] [2/445] CXKR
[08:52:53] [3/445] SROP
[08:52:53] [4/445] GTSV
[08:52:54] [5/445] SNTY
[08:52:54] [6/445] SMYY
[08:52:55] [7/445] CNCS
[08:52:56] [8/445] CSTM
[08:52:57] [9/445] NUCD
[08:52:57] [10/445] SHCZ
[08:52:58] 🔄 Identity reset
[08:52:58] 🔄 Identity rotated (every 10 requests)
[08:52:58] [11/445] NJCT
[08:52:59] [12/445] COPC
[08:52:59] [13/445] STVV
[08:53:00] [14/445] SKRN
[08:53:01] [15/445] APPZ
[08:53:02] [16/445] YMGN
[08:53:02] [17/445] SVTU
[08:53:03] [18/445] GTAD
[08:53:04] [19/445] PSUS
[08:53:04] [20/445] SMCD
[08:53:05] 🔄 Identity reset
[08:53:05] 🔄 Identity rotated (every 10 requests)
[08:53:05] 🔄 Retry 1/5 for SMCD in 2.8s
[08:53:05] 🔄 Identity reset
[08:53:08] 🧠 New identity created
[08:53:08] [21/445] CMCM
[08:53:09] [22/445] SYCT
[08:53:09] [23/445] STLY
[08:53:10] [24/445] CMHU
[08:53:11] [25/445] CMSA
[08:53:11] [26/445] CLCU
[08:53:12] [27/445] PPNT
[08:53:13] [28/445] JTAB
[08:53:14] [29/445] BUUC
[08:53:14] 🔄 Identity reset
[08:53:14] 🔄 Identity rotated (every 10 requests)
[08:53:14] [30/445] BSVK
[08:53:15] [31/445] VVVQ
[08:53:16] [32/445] TKMU
[08:53:16] [33/445] ESYL
[08:53:17] [34/445] ACHP
[08:53:18] [35/445] BTKD
[08:53:18] [36/445] DESA
[08:53:19] [37/445] GBCT
[08:53:20] [38/445] BLLD
[08:53:20] [39/445] SKNT
[08:53:21] 🔄 Identity reset
[08:53:21] 🔄 Identity rotated (every 10 requests)
[08:53:21] [40/445] SSTE
[08:53:22] [41/445] VJMR
[08:53:23] [42/445] NTPU
[08:53:23] [43/445] RDKN
[08:53:24] [44/445] ADGC
[08:53:25] [45/445] VRBP
[08:53:26] [46/445] NMNA
[08:53:26] [47/445] CMMX
[08:53:27] [48/445] PTKO
[08:53:27] [49/445] RBML
[08:53:28] 🔄 Identity reset
[08:53:28] 🔄 Identity rotated (every 10 requests)
[08:53:28] 🔄 Retry 1/5 for RBML in 2.0s
[08:53:28] 🔄 Identity reset
[08:53:30] 🧠 New identity created
[08:53:30] [50/445] SAIC
[08:53:31] [51/445] SVTJ
[08:53:32] [52/445] MRTE
[08:53:33] [53/445] RBTP
[08:53:34] [54/445] NLPS
[08:53:34] [55/445] GTNA
[08:53:35] [56/445] DGGC
[08:53:36] [57/445] SMCR
[08:53:36] [58/445] SCGD
[08:53:37] 🔄 Identity reset
[08:53:37] 🔄 Identity rotated (every 10 requests)
[08:53:37] 🔄 Retry 1/5 for SCGD in 2.2s
[08:53:37] 🔄 Identity reset
[08:53:40] 🧠 New identity created
[08:53:40] 🔄 Retry 2/5 for SCGD in 4.1s
[08:53:40] 🔄 Identity reset
[08:53:44] 🧠 New identity created
[08:53:44] 🔄 Retry 3/5 for SCGD in 8.4s
[08:53:44] 🔄 Identity reset
[08:53:52] 🧠 New identity created
[08:53:53] [59/445] SRRJ
[08:53:53] [60/445] CNRY
[08:53:54] [61/445] KTDI
[08:53:55] [62/445] SNJL
[08:53:56] [63/445] RKMD
[08:53:56] [64/445] SMDC
[08:53:57] [65/445] TADG
[08:53:57] 🔄 Identity reset
[08:53:57] 🔄 Identity rotated (every 10 requests)
[08:53:58] [66/445] MCGS
[08:53:58] [67/445] PETK
[08:53:59] [68/445] CHAG
[08:54:00] [69/445] KSTL
[08:54:00] [70/445] AADS
[08:54:01] [71/445] NTHZ
[08:54:01] [72/445] HCKI
[08:54:02] [73/445] SSEF
[08:54:03] [74/445] MCGX
[08:54:03] [75/445] ERRA
[08:54:04] 🔄 Identity reset
[08:54:04] 🔄 Identity rotated (every 10 requests)
[08:54:04] 🔄 Retry 1/5 for ERRA in 2.1s
[08:54:04] 🔄 Identity reset
[08:54:06] 🧠 New identity created
[08:54:06] 🔄 Retry 2/5 for ERRA in 4.3s
[08:54:06] 🔄 Identity reset
[08:54:11] 🧠 New identity created
[08:54:11] 🔄 Retry 3/5 for ERRA in 8.9s
[08:54:11] 🔄 Identity reset
[08:54:20] 🧠 New identity created
[08:54:20] [76/445] SDTW
[08:54:21] [77/445] RMPK
[08:54:21] [78/445] PTHK
[08:54:22] [79/445] PXCS
[08:54:23] [80/445] SVLU
[08:54:24] [81/445] STAH
[08:54:24] [82/445] JRGF
[08:54:25] 🔄 Identity reset
[08:54:25] 🔄 Identity rotated (every 10 requests)
[08:54:25] [83/445] CDOK
[08:54:26] [84/445] CMSG
[08:54:27] [85/445] APTD
[08:54:27] [86/445] KMPG
[08:54:28] [87/445] MUTJ
[08:54:29] [88/445] VCCI
[08:54:30] [89/445] URBE
[08:54:30] [90/445] TCTS
[08:54:31] [91/445] STSN
[08:54:32] [92/445] AKCH
[08:54:32] 🔄 Identity reset
[08:54:32] 🔄 Identity rotated (every 10 requests)
[08:54:33] [93/445] APSC
[08:54:33] [94/445] VLTB
[08:54:34] [95/445] SANU
[08:54:35] [96/445] AXAM
[08:54:36] [97/445] MGMG
[08:54:36] [98/445] HTBY
[08:54:37] [99/445] MMZS
[08:54:38] [100/445] SUDR
[08:54:38] [101/445] CCAD
[08:54:39] [102/445] SKKC
[08:54:40] 🔄 Identity reset
[08:54:40] 🔄 Identity rotated (every 10 requests)
[08:54:40] 🔄 Retry 1/5 for SKKC in 2.1s
[08:54:40] 🔄 Identity reset
[08:54:42] 🧠 New identity created
[08:54:42] [103/445] RMCD
[08:54:43] [104/445] SBCQ
[08:54:43] [105/445] DCCT
[08:54:44] [106/445] VTKP
[08:54:45] [107/445] MLAM
[08:54:45] [108/445] SAVT
[08:54:46] [109/445] GEPL
[08:54:47] [110/445] AMCD
[08:54:47] [111/445] CCXR
[08:54:48] 🔄 Identity reset
[08:54:48] 🔄 Identity rotated (every 10 requests)
[08:54:48] [112/445] GRNG
[08:54:49] [113/445] EBCA
[08:54:49] [114/445] CNVG
[08:54:50] [115/445] MWSS
[08:54:51] [116/445] VBOR
[08:54:52] [117/445] NEEB
[08:54:52] [118/445] SUTH
[08:54:53] [119/445] ANDB
[08:54:53] [120/445] MMXS
[08:54:54] [121/445] CNPD
[08:54:55] 🔄 Identity reset
[08:54:55] 🔄 Identity rotated (every 10 requests)
[08:54:55] [122/445] SDCE
[08:54:56] [123/445] DHCB
[08:54:57] [124/445] ODEN
[08:54:57] [125/445] TNTC
[08:54:58] [126/445] VBKM
[08:54:59] [127/445] RZYM
[08:54:59] [128/445] JEMC
[08:55:00] [129/445] CMAU
[08:55:01] [130/445] SIVP
[08:55:02] [131/445] ATAG
[08:55:02] 🔄 Identity reset
[08:55:02] 🔄 Identity rotated (every 10 requests)
[08:55:02] 🔄 Retry 1/5 for ATAG in 2.8s
[08:55:02] 🔄 Identity reset
[08:55:05] 🧠 New identity created
[08:55:05] [132/445] CHTM
[08:55:06] [133/445] AAEE
[08:55:07] [134/445] IWPM
[08:55:07] [135/445] KCMW
[08:55:08] [136/445] MCTD
[08:55:09] [137/445] SPWR
[08:55:09] [138/445] SDPO
[08:55:10] [139/445] PCSK
[08:55:11] [140/445] ACHV
[08:55:12] 🔄 Identity reset
[08:55:12] 🔄 Identity rotated (every 10 requests)
[08:55:12] [141/445] SVLA
[08:55:12] [142/445] PICT
[08:55:13] [143/445] BXDR
[08:55:14] [144/445] SPWA
[08:55:15] [145/445] MCKO
[08:55:16] [146/445] RTHK
[08:55:16] [147/445] CCMF
[08:55:17] [148/445] MRGB
[08:55:18] [149/445] CPLC
[08:55:19] [150/445] RACD
[08:55:19] 🔄 Identity reset
[08:55:19] 🔄 Identity rotated (every 10 requests)
[08:55:20] [151/445] ATKT
[08:55:20] [152/445] SARN
[08:55:21] [153/445] KKUI
[08:55:22] [154/445] RGCM
[08:55:23] [155/445] BRVP
[08:55:23] [156/445] HRSR
[08:55:24] [157/445] GKGM
[08:55:25] [158/445] TTCD
[08:55:25] [159/445] PTTI
[08:55:26] [160/445] MPTT
[08:55:26] 🔄 Identity reset
[08:55:27] 🔄 Identity rotated (every 10 requests)
[08:55:27] [161/445] CVTT
[08:55:27] [162/445] PCXD
[08:55:28] [163/445] GCDC
[08:55:29] [164/445] CCCF
[08:55:29] [165/445] MRAD
[08:55:30] [166/445] CPLK
[08:55:31] [167/445] SATB
[08:55:32] [168/445] SNVG
[08:55:32] [169/445] JMBA
[08:55:33] [170/445] TEJA
[08:55:33] 🔄 Identity reset
[08:55:33] 🔄 Identity rotated (every 10 requests)
[08:55:33] [171/445] STYO
[08:55:34] [172/445] JTBP
[08:55:35] [173/445] KRGD
[08:55:36] [174/445] SLJJ
[08:55:36] [175/445] SPTJ
[08:55:37] [176/445] SWJG
[08:55:37] [177/445] LKRT
[08:55:38] [178/445] KCKA
[08:55:39] [179/445] SNCR
[08:55:39] [180/445] SMKL
[08:55:40] 🔄 Identity reset
[08:55:40] 🔄 Identity rotated (every 10 requests)
[08:55:40] 🔄 Retry 1/5 for SMKL in 2.5s
[08:55:40] 🔄 Identity reset
[08:55:43] 🧠 New identity created
[08:55:43] 🔄 Retry 2/5 for SMKL in 4.2s
[08:55:43] 🔄 Identity reset
[08:55:47] 🧠 New identity created
[08:55:47] [181/445] GCFA
[08:55:48] [182/445] DDCK
[08:55:49] [183/445] NCHJ
[08:55:49] [184/445] RDMA
[08:55:50] [185/445] SVSV
[08:55:51] [186/445] SCJG
[08:55:51] [187/445] VKLP
[08:55:52] [188/445] NWCC
[08:55:53] 🔄 Identity reset
[08:55:53] 🔄 Identity rotated (every 10 requests)
[08:55:53] 🔄 Retry 1/5 for NWCC in 2.4s
[08:55:53] 🔄 Identity reset
[08:55:55] 🧠 New identity created
[08:55:55] 🔄 Retry 2/5 for NWCC in 4.5s
[08:55:55] 🔄 Identity reset
[08:56:00] 🧠 New identity created
[08:56:00] [189/445] VKNS
[08:56:01] [190/445] SDDP
[08:56:01] [191/445] ACSI
[08:56:02] [192/445] SATG
[08:56:03] [193/445] SCMW
[08:56:04] [194/445] LKTK
[08:56:05] [195/445] VCKV
[08:56:05] [196/445] KKPE
[08:56:06] 🔄 Identity reset
[08:56:06] 🔄 Identity rotated (every 10 requests)
[08:56:06] [197/445] KIGH
[08:56:07] [198/445] SRPM
[08:56:07] [199/445] SCAH
[08:56:08] [200/445] MUTA
[08:56:09] [201/445] SEPU
[08:56:09] [202/445] INOA
[08:56:10] [203/445] BASK
[08:56:11] [204/445] NECB
[08:56:11] [205/445] GTTG
[08:56:12] [206/445] ASSA
[08:56:13] 🔄 Identity reset
[08:56:13] 🔄 Identity rotated (every 10 requests)
[08:56:13] [207/445] ANCL
[08:56:14] [208/445] GCTI
[08:56:15] [209/445] RCTS
[08:56:15] [210/445] ACNL
[08:56:16] [211/445] MYCT
[08:56:17] [212/445] NMHT
[08:56:18] [213/445] MDIT
[08:56:19] [214/445] LATG
[08:56:19] [215/445] SMTY
[08:56:20] [216/445] CVCT
[08:56:21] 🔄 Identity reset
[08:56:21] 🔄 Identity rotated (every 10 requests)
[08:56:21] [217/445] RAMB
[08:56:22] [218/445] TGMS
[08:56:22] [219/445] BHEL
[08:56:23] [220/445] SHCT
[08:56:24] [221/445] SVCT
[08:56:25] [222/445] MRIY
[08:56:25] [223/445] SARO
[08:56:26] [224/445] STCT
[08:56:27] [225/445] JKKC
[08:56:28] [226/445] PLTT
[08:56:28] 🔄 Identity reset
[08:56:28] 🔄 Identity rotated (every 10 requests)
[08:56:28] [227/445] SRNT
[08:56:29] [228/445] YAST
[08:56:30] [229/445] PERL
[08:56:30] [230/445] CICM
[08:56:31] [231/445] MMTR
[08:56:32] [232/445] ABTK
[08:56:33] [233/445] ATYY
[08:56:33] [234/445] ASTK
[08:56:34] [235/445] VVCK
[08:56:35] [236/445] ATKY
[08:56:36] 🔄 Identity reset
[08:56:36] 🔄 Identity rotated (every 10 requests)
[08:56:36] [237/445] GWEK
[08:56:36] [238/445] SVFH
[08:56:37] [239/445] SLTA
[08:56:38] [240/445] AASH
[08:56:39] [241/445] ACXB
[08:56:40] [242/445] SMTX
[08:56:40] [243/445] AZDH
[08:56:41] [244/445] CMMH
[08:56:42] [245/445] SCSZ
[08:56:42] [246/445] SCKP
[08:56:43] 🔄 Identity reset
[08:56:43] 🔄 Identity rotated (every 10 requests)
[08:56:43] [247/445] NXTM
[08:56:44] [248/445] NWCS
[08:56:45] [249/445] CXMH
[08:56:45] [250/445] PCMA
[08:56:46] [251/445] SGCM
[08:56:47] [252/445] SDTU
[08:56:48] [253/445] MMVI
[08:56:48] [254/445] JKCM
[08:56:49] [255/445] VCMM
[08:56:50] [256/445] SYEE
[08:56:50] 🔄 Identity reset
[08:56:50] 🔄 Identity rotated (every 10 requests)
[08:56:50] 🔄 Retry 1/5 for SYEE in 2.8s
[08:56:50] 🔄 Identity reset
[08:56:53] 🧠 New identity created
[08:56:53] [257/445] VASD
[08:56:54] [258/445] BDRB
[08:56:55] [259/445] LASM
[08:56:55] [260/445] DCRL
[08:56:56] [261/445] DVPM
[08:56:57] [262/445] SBMJ
[08:56:58] [263/445] CBMU
[08:56:58] [264/445] IUBS
[08:56:59] [265/445] INAP
[08:57:00] 🔄 Identity reset
[08:57:00] 🔄 Identity rotated (every 10 requests)
[08:57:00] [266/445] SRRC
[08:57:01] [267/445] SAGR
[08:57:01] [268/445] CPMJ
[08:57:02] [269/445] ATJL
[08:57:03] [270/445] NNTD
[08:57:03] [271/445] JHCJ
[08:57:04] [272/445] CMMP
[08:57:05] [273/445] RSDR
[08:57:06] [274/445] AMTI
[08:57:06] [275/445] NYSG
[08:57:07] 🔄 Identity reset
[08:57:07] 🔄 Identity rotated (every 10 requests)
[08:57:07] [276/445] AVSG
[08:57:08] [277/445] SYTP
[08:57:09] [278/445] LARC
[08:57:09] [279/445] RJTP
[08:57:10] [280/445] LAKC
[08:57:11] [281/445] MCXE
[08:57:12] [282/445] CCZC
[08:57:12] [283/445] AVCH
[08:57:13] [284/445] CMBE
[08:57:14] [285/445] MRRC
[08:57:14] 🔄 Identity reset
[08:57:14] 🔄 Identity rotated (every 10 requests)
[08:57:14] 🔄 Retry 1/5 for MRRC in 2.3s
[08:57:14] 🔄 Identity reset
[08:57:17] 🧠 New identity created
[08:57:17] [286/445] PCPY
[08:57:18] [287/445] SRMH
[08:57:19] [288/445] SVGS
[08:57:19] [289/445] PCSE
[08:57:20] [290/445] SVFT
[08:57:20] [291/445] TNZP
[08:57:21] [292/445] ICTP
[08:57:22] [293/445] ACTZ
[08:57:22] [294/445] GTUR
[08:57:23] 🔄 Identity reset
[08:57:23] 🔄 Identity rotated (every 10 requests)
[08:57:23] 🔄 Retry 1/5 for GTUR in 2.4s
[08:57:23] 🔄 Identity reset
[08:57:26] 🧠 New identity created
[08:57:26] 🔄 Retry 2/5 for GTUR in 4.1s
[08:57:26] 🔄 Identity reset
[08:57:30] 🧠 New identity created
[08:57:30] 🔄 Retry 3/5 for GTUR in 8.8s
[08:57:30] 🔄 Identity reset
[08:57:39] 🧠 New identity created
[08:57:39] [295/445] MAFC
[08:57:40] [296/445] MINL
[08:57:41] [297/445] MRCL
[08:57:41] [298/445] RCRP
[08:57:42] [299/445] RFFG
[08:57:43] [300/445] RMAS
[08:57:43] [301/445] INVR
[08:57:44] 🔄 Identity reset
[08:57:44] 🔄 Identity rotated (every 10 requests)
[08:57:44] [302/445] RMAR
[08:57:45] [303/445] CNIS
[08:57:45] [304/445] RHRJ
[08:57:46] [305/445] INXR
[08:57:47] [306/445] VALT
[08:57:47] [307/445] LCSH
[08:57:48] [308/445] CMVS
[08:57:49] [309/445] CNMS
[08:57:49] [310/445] ROOG
[08:57:51] [311/445] ISRM
[08:57:52] 🔄 Identity reset
[08:57:52] 🔄 Identity rotated (every 10 requests)
[08:57:52] [312/445] RCRM
[08:57:53] [313/445] ACJA
[08:57:53] [314/445] RCVS
[08:57:54] [315/445] CPUS
[08:57:55] [316/445] TGCS
[08:57:55] [317/445] RKCJ
[08:57:56] [318/445] MKSB
[08:57:57] [319/445] TCSJ
[08:57:57] [320/445] RMGP
[08:57:58] [321/445] CLLP
[08:57:59] 🔄 Identity reset
[08:57:59] 🔄 Identity rotated (every 10 requests)
[08:57:59] [322/445] RCMV
[08:58:00] [323/445] CCKS
[08:58:00] [324/445] RSRP
[08:58:01] [325/445] APLP
[08:58:02] [326/445] CNVS
[08:58:03] [327/445] RMVY
[08:58:03] [328/445] PGBD
[08:58:04] [329/445] KLMS
[08:58:05] [330/445] RUST
[08:58:05] [331/445] MASM
[08:58:06] 🔄 Identity reset
[08:58:06] 🔄 Identity rotated (every 10 requests)
[08:58:06] [332/445] BACS
[08:58:07] [333/445] BWST
[08:58:08] [334/445] RRFH
[08:58:08] [335/445] SJTM
[08:58:09] [336/445] BEMR
[08:58:10] [337/445] MCGR
[08:58:10] [338/445] SDSK
[08:58:11] [339/445] VBOL
[08:58:12] [340/445] RMGM
[08:58:12] [341/445] NOPL
[08:58:13] 🔄 Identity reset
[08:58:13] 🔄 Identity rotated (every 10 requests)
[08:58:13] [342/445] MKJK
[08:58:14] [343/445] CVRN
[08:58:14] [344/445] MMEN
[08:58:15] [345/445] AMNG
[08:58:16] [346/445] INTM
[08:58:16] [347/445] SLCZ
[08:58:17] [348/445] AMJN
[08:58:18] [349/445] ACJN
[08:58:18] [350/445] AMKN
[08:58:19] [351/445] BTCN
[08:58:19] 🔄 Identity reset
[08:58:19] 🔄 Identity rotated (every 10 requests)
[08:58:20] 🔄 Retry 1/5 for BTCN in 2.8s
[08:58:20] 🔄 Identity reset
[08:58:22] 🧠 New identity created
[08:58:23] [352/445] AMBT
[08:58:23] [353/445] PACN
[08:58:24] [354/445] LCNS
[08:58:25] [355/445] PPKC
[08:58:25] [356/445] JYYN
[08:58:26] [357/445] JTNR
[08:58:27] [358/445] GTEE
[08:58:28] [359/445] SRNM
[08:58:28] [360/445] SDTC
[08:58:29] 🔄 Identity reset
[08:58:29] 🔄 Identity rotated (every 10 requests)
[08:58:29] 🔄 Retry 1/5 for SDTC in 2.7s
[08:58:29] 🔄 Identity reset
[08:58:32] 🧠 New identity created
[08:58:32] [361/445] VPCA
[08:58:33] [362/445] VLRA
[08:58:34] [363/445] SHKR
[08:58:35] [364/445] SBKD
[08:58:35] [365/445] SAAD
[08:58:36] [366/445] JTGN
[08:58:37] [367/445] SLAM
[08:58:37] [368/445] VTPM
[08:58:38] [369/445] ANPT
[08:58:38] 🔄 Identity reset
[08:58:38] 🔄 Identity rotated (every 10 requests)
[08:58:39] [370/445] PUNB
[08:58:40] [371/445] CPKT
[08:58:40] [372/445] CNWE
[08:58:41] [373/445] ECPP
[08:58:42] [374/445] CPAR
[08:58:42] [375/445] ESBW
[08:58:43] [376/445] PKPU
[08:58:44] [377/445] CPRP
[08:58:44] [378/445] RAHU
[08:58:45] [379/445] RHMN
[08:58:45] 🔄 Identity reset
[08:58:45] 🔄 Identity rotated (every 10 requests)
[08:58:46] [380/445] FMJP
[08:58:46] [381/445] CTMP
[08:58:47] [382/445] INPN
[08:58:48] [383/445] STTG
[08:58:48] [384/445] CTRD
[08:58:49] [385/445] PUVB
[08:58:50] [386/445] ESVP
[08:58:50] [387/445] CPFT
[08:58:51] [388/445] LCPC
[08:58:51] [389/445] VBCT
[08:58:52] 🔄 Identity reset
[08:58:52] 🔄 Identity rotated (every 10 requests)
[08:58:53] [390/445] FSCW
[08:58:53] [391/445] VCMP
[08:58:54] [392/445] ASHC
[08:58:55] [393/445] VLCX
[08:58:55] [394/445] SHEV
[08:58:56] [395/445] APCO
[08:58:57] [396/445] SILC
[08:58:58] [397/445] SNMR
[08:58:58] [398/445] KYBO
[08:58:59] [399/445] SATK
[08:59:00] 🔄 Identity reset
[08:59:00] 🔄 Identity rotated (every 10 requests)
[08:59:00] [400/445] SSCS
[08:59:01] [401/445] CLSB
[08:59:02] [402/445] KMJR
[08:59:02] [403/445] FSCK
[08:59:03] [404/445] NNKA
[08:59:04] [405/445] CLMK
[08:59:04] [406/445] DMPZ
[08:59:05] [407/445] INQM
[08:59:06] [408/445] CAML
[08:59:06] [409/445] INRK
[08:59:07] 🔄 Identity reset
[08:59:07] 🔄 Identity rotated (every 10 requests)
[08:59:07] [410/445] IMKN
[08:59:08] [411/445] SVNR
[08:59:09] [412/445] INSL
[08:59:10] [413/445] MSMA
[08:59:11] [414/445] MCKK
[08:59:11] [415/445] FCHP
[08:59:12] [416/445] SFCR
[08:59:13] [417/445] NACK
[08:59:14] [418/445] PVAK
[08:59:14] [419/445] INER
[08:59:15] 🔄 Identity reset
[08:59:15] 🔄 Identity rotated (every 10 requests)
[08:59:15] [420/445] RDBK
[08:59:16] [421/445] SVFN
[08:59:17] [422/445] IFRM
[08:59:18] [423/445] ATCK
[08:59:18] [424/445] ASKO
[08:59:19] [425/445] STKT
[08:59:20] [426/445] SVFB
[08:59:20] [427/445] INKS
[08:59:21] [428/445] PCRA
[08:59:22] [429/445] ATJA
[08:59:23] 🔄 Identity reset
[08:59:23] 🔄 Identity rotated (every 10 requests)
[08:59:23] [430/445] IMJN
[08:59:23] [431/445] INHD
[08:59:24] [432/445] BARA
[08:59:25] [433/445] MCSL
[08:59:25] [434/445] RTOY
[08:59:26] [435/445] MENO
[08:59:27] [436/445] PUDM
[08:59:27] [437/445] PRCN
[08:59:28] [438/445] JMJR
[08:59:29] [439/445] SSGK
[08:59:29] 🔄 Identity reset
[08:59:29] 🔄 Identity rotated (every 10 requests)
[08:59:30] [440/445] SSRL
[08:59:30] [441/445] JYKL
[08:59:31] [442/445] ACNB
[08:59:32] [443/445] SONP
[08:59:33] [444/445] EMCI
[08:59:33] [445/445] MRJH
[08:59:34] ✅ DONE | Shows=978 | Movies=66
[09:07:00] 🚀 BMS DAILY TRACKER STARTED (enhanced anti‑detection)
[09:07:00] [1/445] TGMR
[09:07:00] 🧠 New identity created
[09:07:00] 🔄 Retry 1/5 for TGMR in 2.8s
[09:07:00] 🔄 Identity reset
[09:07:03] 🧠 New identity created
[09:07:03] [2/445] CXKR
[09:07:04] [3/445] SROP
[09:07:05] [4/445] GTSV
[09:07:06] [5/445] SNTY
[09:07:07] [6/445] SMYY
[09:07:08] [7/445] CNCS
[09:07:09] [8/445] CSTM
[09:07:09] [9/445] NUCD
[09:07:10] 🔄 Identity reset
[09:07:10] 🔄 Identity rotated (every 10 requests)
[09:07:10] [10/445] SHCZ
[09:07:11] [11/445] NJCT
[09:07:12] [12/445] COPC
[09:07:13] [13/445] STVV
[09:07:14] [14/445] SKRN
[09:07:15] [15/445] APPZ
[09:07:15] [16/445] YMGN
[09:07:16] [17/445] SVTU
[09:07:17] [18/445] GTAD
[09:07:18] [19/445] PSUS
[09:07:19] 🔄 Identity reset
[09:07:19] 🔄 Identity rotated (every 10 requests)
[09:07:19] [20/445] SMCD
[09:07:20] [21/445] CMCM
[09:07:21] [22/445] SYCT
[09:07:21] [23/445] STLY
[09:07:22] [24/445] CMHU
[09:07:23] [25/445] CMSA
[09:07:24] [26/445] CLCU
[09:07:24] [27/445] PPNT
[09:07:25] [28/445] JTAB
[09:07:26] [29/445] BUUC
[09:07:27] 🔄 Identity reset
[09:07:27] 🔄 Identity rotated (every 10 requests)
[09:07:27] [30/445] BSVK
[09:07:28] [31/445] VVVQ
[09:07:29] [32/445] TKMU
[09:07:29] [33/445] ESYL
[09:07:30] [34/445] ACHP
[09:07:31] [35/445] BTKD
[09:07:33] [36/445] DESA
[09:07:34] [37/445] GBCT
[09:07:35] [38/445] BLLD
[09:07:36] [39/445] SKNT
[09:07:36] 🔄 Identity reset
[09:07:36] 🔄 Identity rotated (every 10 requests)
[09:07:37] [40/445] SSTE
[09:07:38] [41/445] VJMR
[09:07:38] [42/445] NTPU
[09:07:40] [43/445] RDKN
[09:07:41] [44/445] ADGC
[09:07:41] [45/445] VRBP
[09:07:42] [46/445] NMNA
[09:07:43] [47/445] CMMX
[09:07:44] [48/445] PTKO
[09:07:45] [49/445] RBML
[09:07:45] 🔄 Identity reset
[09:07:45] 🔄 Identity rotated (every 10 requests)
[09:07:45] 🔄 Retry 1/5 for RBML in 2.0s
[09:07:45] 🔄 Identity reset
[09:07:47] 🧠 New identity created
[09:07:48] [50/445] SAIC
[09:07:49] [51/445] SVTJ
[09:07:50] [52/445] MRTE
[09:07:51] [53/445] RBTP
[09:07:52] [54/445] NLPS
[09:07:53] [55/445] GTNA
[09:07:54] [56/445] DGGC
[09:07:55] [57/445] SMCR
[09:07:56] [58/445] SCGD
[09:07:57] 🔄 Identity reset
[09:07:57] 🔄 Identity rotated (every 10 requests)
[09:07:57] 🔄 Retry 1/5 for SCGD in 2.8s
[09:07:57] 🔄 Identity reset
[09:07:59] 🧠 New identity created
[09:08:00] [59/445] SRRJ
[09:08:01] [60/445] CNRY
[09:08:02] [61/445] KTDI
[09:08:02] [62/445] SNJL
[09:08:03] [63/445] RKMD
[09:08:05] [64/445] SMDC
[09:08:06] [65/445] TADG
[09:08:07] [66/445] MCGS
[09:08:08] [67/445] PETK
[09:08:09] 🔄 Identity reset
[09:08:09] 🔄 Identity rotated (every 10 requests)
[09:08:09] [68/445] CHAG
[09:08:11] [69/445] KSTL
[09:08:12] [70/445] AADS
[09:08:13] [71/445] NTHZ
[09:08:14] [72/445] HCKI
[09:08:15] [73/445] SSEF
[09:08:16] [74/445] MCGX
[09:08:17] [75/445] ERRA
[09:08:18] [76/445] SDTW
[09:08:19] [77/445] RMPK
[09:08:20] 🔄 Identity reset
[09:08:20] 🔄 Identity rotated (every 10 requests)
[09:08:20] [78/445] PTHK
[09:08:21] [79/445] PXCS
[09:08:23] [80/445] SVLU
[09:08:24] [81/445] STAH
[09:08:25] [82/445] JRGF
[09:08:26] [83/445] CDOK
[09:08:26] [84/445] CMSG
[09:08:27] [85/445] APTD
[09:08:28] [86/445] KMPG
[09:08:29] [87/445] MUTJ
[09:08:29] 🔄 Identity reset
[09:08:29] 🔄 Identity rotated (every 10 requests)
[09:08:29] 🔄 Retry 1/5 for MUTJ in 2.9s
[09:08:29] 🔄 Identity reset
[09:08:32] 🧠 New identity created
[09:08:33] [88/445] VCCI
[09:08:33] [89/445] URBE
[09:08:35] [90/445] TCTS
[09:08:36] [91/445] STSN
[09:08:37] [92/445] AKCH
[09:08:37] [93/445] APSC
[09:08:39] [94/445] VLTB
[09:08:40] [95/445] SANU
[09:08:41] [96/445] AXAM
[09:08:41] 🔄 Identity reset
[09:08:41] 🔄 Identity rotated (every 10 requests)
[09:08:41] 🔄 Retry 1/5 for AXAM in 2.6s
[09:08:41] 🔄 Identity reset
[09:08:44] 🧠 New identity created
[09:08:44] [97/445] MGMG
[09:08:45] [98/445] HTBY
[09:08:46] [99/445] MMZS
[09:08:47] [100/445] SUDR
[09:08:48] [101/445] CCAD
[09:08:48] [102/445] SKKC
[09:08:49] [103/445] RMCD
[09:08:50] [104/445] SBCQ
[09:08:51] [105/445] DCCT
[09:08:51] 🔄 Identity reset
[09:08:51] 🔄 Identity rotated (every 10 requests)
[09:08:52] [106/445] VTKP
[09:08:53] [107/445] MLAM
[09:08:54] [108/445] SAVT
[09:08:55] [109/445] GEPL
[09:08:56] [110/445] AMCD
[09:08:57] [111/445] CCXR
[09:08:58] [112/445] GRNG
[09:08:58] [113/445] EBCA
[09:08:59] [114/445] CNVG
[09:09:00] [115/445] MWSS
[09:09:00] 🔄 Identity reset
[09:09:00] 🔄 Identity rotated (every 10 requests)
[09:09:01] [116/445] VBOR
[09:09:02] [117/445] NEEB
[09:09:02] [118/445] SUTH
[09:09:03] [119/445] ANDB
[09:09:04] [120/445] MMXS
[09:09:05] [121/445] CNPD
[09:09:06] [122/445] SDCE
[09:09:07] [123/445] DHCB
[09:09:08] [124/445] ODEN
[09:09:09] [125/445] TNTC
[09:09:09] 🔄 Identity reset
[09:09:09] 🔄 Identity rotated (every 10 requests)
[09:09:10] [126/445] VBKM
[09:09:11] [127/445] RZYM
[09:09:12] [128/445] JEMC
[09:09:13] [129/445] CMAU
[09:09:14] [130/445] SIVP
[09:09:15] [131/445] ATAG
[09:09:16] [132/445] CHTM
[09:09:17] [133/445] AAEE
[09:09:17] [134/445] IWPM
[09:09:18] [135/445] KCMW
[09:09:19] 🔄 Identity reset
[09:09:19] 🔄 Identity rotated (every 10 requests)
[09:09:19] [136/445] MCTD
[09:09:20] [137/445] SPWR
[09:09:21] [138/445] SDPO
[09:09:22] [139/445] PCSK
[09:09:23] [140/445] ACHV
[09:09:24] [141/445] SVLA
[09:09:26] [142/445] PICT
[09:09:27] [143/445] BXDR
[09:09:27] [144/445] SPWA
[09:09:28] [145/445] MCKO
[09:09:29] 🔄 Identity reset
[09:09:29] 🔄 Identity rotated (every 10 requests)
[09:09:29] [146/445] RTHK
[09:09:30] [147/445] CCMF
[09:09:31] [148/445] MRGB
[09:09:32] [149/445] CPLC
[09:09:32] [150/445] RACD
[09:09:33] [151/445] ATKT
[09:09:35] [152/445] SARN
[09:09:35] [153/445] KKUI
[09:09:37] [154/445] RGCM
[09:09:38] [155/445] BRVP
[09:09:38] 🔄 Identity reset
[09:09:38] 🔄 Identity rotated (every 10 requests)
[09:09:39] [156/445] HRSR
[09:09:40] [157/445] GKGM
[09:09:41] [158/445] TTCD
[09:09:41] [159/445] PTTI
[09:09:42] [160/445] MPTT
[09:09:43] [161/445] CVTT
[09:09:44] [162/445] PCXD
[09:09:44] [163/445] GCDC
[09:09:45] [164/445] CCCF
[09:09:46] [165/445] MRAD
[09:09:46] 🔄 Identity reset
[09:09:46] 🔄 Identity rotated (every 10 requests)
[09:09:47] [166/445] CPLK
[09:09:48] [167/445] SATB
[09:09:49] [168/445] SNVG
[09:09:49] [169/445] JMBA
[09:09:50] [170/445] TEJA
[09:09:51] [171/445] STYO
[09:09:52] [172/445] JTBP
[09:09:53] [173/445] KRGD
[09:09:54] [174/445] SLJJ
[09:09:55] [175/445] SPTJ
[09:09:55] 🔄 Identity reset
[09:09:55] 🔄 Identity rotated (every 10 requests)
[09:09:56] [176/445] SWJG
[09:09:57] [177/445] LKRT
[09:09:58] [178/445] KCKA
[09:09:59] [179/445] SNCR
[09:10:00] [180/445] SMKL
[09:10:01] [181/445] GCFA
[09:10:01] [182/445] DDCK
[09:10:02] [183/445] NCHJ
[09:10:03] [184/445] RDMA
[09:10:04] [185/445] SVSV
[09:10:04] 🔄 Identity reset
[09:10:04] 🔄 Identity rotated (every 10 requests)
[09:10:05] [186/445] SCJG
[09:10:06] [187/445] VKLP
[09:10:07] [188/445] NWCC
[09:10:08] [189/445] VKNS
[09:10:09] [190/445] SDDP
[09:10:10] [191/445] ACSI
[09:10:11] [192/445] SATG
[09:10:11] [193/445] SCMW
[09:10:12] [194/445] LKTK
[09:10:14] [195/445] VCKV
[09:10:14] 🔄 Identity reset
[09:10:14] 🔄 Identity rotated (every 10 requests)
[09:10:15] [196/445] KKPE
[09:10:16] [197/445] KIGH
[09:10:17] [198/445] SRPM
[09:10:17] [199/445] SCAH
[09:10:18] [200/445] MUTA
[09:10:19] [201/445] SEPU
[09:10:20] [202/445] INOA
[09:10:21] [203/445] BASK
[09:10:22] [204/445] NECB
[09:10:22] [205/445] GTTG
[09:10:23] 🔄 Identity reset
[09:10:23] 🔄 Identity rotated (every 10 requests)
[09:10:23] [206/445] ASSA
[09:10:24] [207/445] ANCL
[09:10:25] [208/445] GCTI
[09:10:26] [209/445] RCTS
[09:10:26] [210/445] ACNL
[09:10:27] [211/445] MYCT
[09:10:28] [212/445] NMHT
[09:10:29] [213/445] MDIT
[09:10:30] [214/445] LATG
[09:10:31] [215/445] SMTY
[09:10:31] 🔄 Identity reset
[09:10:31] 🔄 Identity rotated (every 10 requests)
[09:10:31] 🔄 Retry 1/5 for SMTY in 2.9s
[09:10:31] 🔄 Identity reset
[09:10:34] 🧠 New identity created
[09:10:35] [216/445] CVCT
[09:10:35] [217/445] RAMB
[09:10:36] [218/445] TGMS
[09:10:37] [219/445] BHEL
[09:10:38] [220/445] SHCT
[09:10:39] [221/445] SVCT
[09:10:40] [222/445] MRIY
[09:10:41] [223/445] SARO
[09:10:42] [224/445] STCT
[09:10:43] 🔄 Identity reset
[09:10:43] 🔄 Identity rotated (every 10 requests)
[09:10:43] [225/445] JKKC
[09:10:44] [226/445] PLTT
[09:10:45] [227/445] SRNT
[09:10:45] [228/445] YAST
[09:10:46] [229/445] PERL
[09:10:47] [230/445] CICM
[09:10:48] [231/445] MMTR
[09:10:49] [232/445] ABTK
[09:10:50] [233/445] ATYY
[09:10:50] [234/445] ASTK
[09:10:51] 🔄 Identity reset
[09:10:51] 🔄 Identity rotated (every 10 requests)
[09:10:51] 🔄 Retry 1/5 for ASTK in 2.3s
[09:10:51] 🔄 Identity reset
[09:10:53] 🧠 New identity created
[09:10:54] [235/445] VVCK
[09:10:54] [236/445] ATKY
[09:10:55] [237/445] GWEK
[09:10:57] [238/445] SVFH
[09:10:58] [239/445] SLTA
[09:10:59] [240/445] AASH
[09:11:00] [241/445] ACXB
[09:11:01] [242/445] SMTX
[09:11:01] [243/445] AZDH
[09:11:02] 🔄 Identity reset
[09:11:02] 🔄 Identity rotated (every 10 requests)
[09:11:02] [244/445] CMMH
[09:11:04] [245/445] SCSZ
[09:11:05] [246/445] SCKP
[09:11:06] [247/445] NXTM
[09:11:06] [248/445] NWCS
[09:11:07] [249/445] CXMH
[09:11:08] [250/445] PCMA
[09:11:09] [251/445] SGCM
[09:11:10] [252/445] SDTU
[09:11:11] [253/445] MMVI
[09:11:11] 🔄 Identity reset
[09:11:11] 🔄 Identity rotated (every 10 requests)
[09:11:12] [254/445] JKCM
[09:11:13] [255/445] VCMM
[09:11:13] [256/445] SYEE
[09:11:14] [257/445] VASD
[09:11:15] [258/445] BDRB
[09:11:16] [259/445] LASM
[09:11:17] [260/445] DCRL
[09:11:18] [261/445] DVPM
[09:11:18] [262/445] SBMJ
[09:11:19] [263/445] CBMU
[09:11:20] 🔄 Identity reset
[09:11:20] 🔄 Identity rotated (every 10 requests)
[09:11:20] 🔄 Retry 1/5 for CBMU in 2.3s
[09:11:20] 🔄 Identity reset
[09:11:22] 🧠 New identity created
[09:11:23] [264/445] IUBS
[09:11:23] [265/445] INAP
[09:11:24] [266/445] SRRC
[09:11:25] [267/445] SAGR
[09:11:26] [268/445] CPMJ
[09:11:27] [269/445] ATJL
[09:11:28] [270/445] NNTD
[09:11:29] [271/445] JHCJ
[09:11:31] [272/445] CMMP
[09:11:31] 🔄 Identity reset
[09:11:31] 🔄 Identity rotated (every 10 requests)
[09:11:31] [273/445] RSDR
[09:11:32] [274/445] AMTI
[09:11:33] [275/445] NYSG
[09:11:34] [276/445] AVSG
[09:11:35] [277/445] SYTP
[09:11:36] [278/445] LARC
[09:11:37] [279/445] RJTP
[09:11:38] [280/445] LAKC
[09:11:39] [281/445] MCXE
[09:11:40] [282/445] CCZC
[09:11:40] 🔄 Identity reset
[09:11:40] 🔄 Identity rotated (every 10 requests)
[09:11:41] [283/445] AVCH
[09:11:42] [284/445] CMBE
[09:11:43] [285/445] MRRC
[09:11:44] [286/445] PCPY
[09:11:45] [287/445] SRMH
[09:11:46] [288/445] SVGS
[09:11:47] [289/445] PCSE
[09:11:48] [290/445] SVFT
[09:11:49] [291/445] TNZP
[09:11:50] [292/445] ICTP
[09:11:51] 🔄 Identity reset
[09:11:51] 🔄 Identity rotated (every 10 requests)
[09:11:51] [293/445] ACTZ
[09:11:52] [294/445] GTUR
[09:11:53] [295/445] MAFC
[09:11:54] [296/445] MINL
[09:11:55] [297/445] MRCL
[09:11:56] [298/445] RCRP
[09:11:56] [299/445] RFFG
[09:11:57] [300/445] RMAS
[09:11:58] [301/445] INVR
[09:11:59] [302/445] RMAR
[09:12:00] 🔄 Identity reset
[09:12:00] 🔄 Identity rotated (every 10 requests)
[09:12:00] [303/445] CNIS
[09:12:01] [304/445] RHRJ
[09:12:02] [305/445] INXR
[09:12:03] [306/445] VALT
[09:12:03] [307/445] LCSH
[09:12:04] [308/445] CMVS
[09:12:05] [309/445] CNMS
[09:12:06] [310/445] ROOG
[09:12:07] [311/445] ISRM
[09:12:08] [312/445] RCRM
[09:12:09] 🔄 Identity reset
[09:12:09] 🔄 Identity rotated (every 10 requests)
[09:12:09] [313/445] ACJA
[09:12:10] [314/445] RCVS
[09:12:11] [315/445] CPUS
[09:12:12] [316/445] TGCS
[09:12:13] [317/445] RKCJ
[09:12:14] [318/445] MKSB
[09:12:15] [319/445] TCSJ
[09:12:16] [320/445] RMGP
[09:12:17] [321/445] CLLP
[09:12:18] [322/445] RCMV
[09:12:18] 🔄 Identity reset
[09:12:18] 🔄 Identity rotated (every 10 requests)
[09:12:18] [323/445] CCKS
[09:12:19] [324/445] RSRP
[09:12:20] [325/445] APLP
[09:12:21] [326/445] CNVS
[09:12:22] [327/445] RMVY
[09:12:23] [328/445] PGBD
[09:12:24] [329/445] KLMS
[09:12:25] [330/445] RUST
[09:12:26] [331/445] MASM
[09:12:27] [332/445] BACS
[09:12:27] 🔄 Identity reset
[09:12:27] 🔄 Identity rotated (every 10 requests)
[09:12:27] 🔄 Retry 1/5 for BACS in 2.5s
[09:12:27] 🔄 Identity reset
[09:12:30] 🧠 New identity created
[09:12:30] 🔄 Retry 2/5 for BACS in 4.7s
[09:12:30] 🔄 Identity reset
[09:12:35] 🧠 New identity created
[09:12:35] [333/445] BWST
[09:12:36] [334/445] RRFH
[09:12:37] [335/445] SJTM
[09:12:37] [336/445] BEMR
[09:12:38] [337/445] MCGR
[09:12:39] [338/445] SDSK
[09:12:40] [339/445] VBOL
[09:12:41] [340/445] RMGM
[09:12:41] 🔄 Identity reset
[09:12:41] 🔄 Identity rotated (every 10 requests)
[09:12:42] [341/445] NOPL
[09:12:43] [342/445] MKJK
[09:12:43] [343/445] CVRN
[09:12:44] [344/445] MMEN
[09:12:45] [345/445] AMNG
[09:12:46] [346/445] INTM
[09:12:47] [347/445] SLCZ
[09:12:48] [348/445] AMJN
[09:12:48] [349/445] ACJN
[09:12:49] [350/445] AMKN
[09:12:50] 🔄 Identity reset
[09:12:50] 🔄 Identity rotated (every 10 requests)
[09:12:50] [351/445] BTCN
[09:12:51] [352/445] AMBT
[09:12:53] [353/445] PACN
[09:12:54] [354/445] LCNS
[09:12:55] [355/445] PPKC
[09:12:55] [356/445] JYYN
[09:12:56] [357/445] JTNR
[09:12:57] [358/445] GTEE
[09:12:58] [359/445] SRNM
[09:12:59] [360/445] SDTC
[09:12:59] 🔄 Identity reset
[09:13:00] 🔄 Identity rotated (every 10 requests)
[09:13:00] [361/445] VPCA
[09:13:01] [362/445] VLRA
[09:13:02] [363/445] SHKR
[09:13:03] [364/445] SBKD
[09:13:04] [365/445] SAAD
[09:13:05] [366/445] JTGN
[09:13:05] [367/445] SLAM
[09:13:06] [368/445] VTPM
[09:13:07] [369/445] ANPT
[09:13:08] [370/445] PUNB
[09:13:09] 🔄 Identity reset
[09:13:09] 🔄 Identity rotated (every 10 requests)
[09:13:09] [371/445] CPKT
[09:13:10] [372/445] CNWE
[09:13:11] [373/445] ECPP
[09:13:11] [374/445] CPAR
[09:13:12] [375/445] ESBW
[09:13:13] [376/445] PKPU
[09:13:14] [377/445] CPRP
[09:13:15] [378/445] RAHU
[09:13:16] [379/445] RHMN
[09:13:17] [380/445] FMJP
[09:13:18] 🔄 Identity reset
[09:13:18] 🔄 Identity rotated (every 10 requests)
[09:13:18] [381/445] CTMP
[09:13:19] [382/445] INPN
[09:13:19] [383/445] STTG
[09:13:20] [384/445] CTRD
[09:13:21] [385/445] PUVB
[09:13:22] [386/445] ESVP
[09:13:23] [387/445] CPFT
[09:13:25] [388/445] LCPC
[09:13:26] [389/445] VBCT
[09:13:27] [390/445] FSCW
[09:13:27] 🔄 Identity reset
[09:13:27] 🔄 Identity rotated (every 10 requests)
[09:13:28] [391/445] VCMP
[09:13:29] [392/445] ASHC
[09:13:29] [393/445] VLCX
[09:13:30] [394/445] SHEV
[09:13:31] [395/445] APCO
[09:13:32] [396/445] SILC
[09:13:33] [397/445] SNMR
[09:13:34] [398/445] KYBO
[09:13:34] [399/445] SATK
[09:13:35] [400/445] SSCS
[09:13:36] 🔄 Identity reset
[09:13:36] 🔄 Identity rotated (every 10 requests)
[09:13:36] [401/445] CLSB
[09:13:37] [402/445] KMJR
[09:13:38] [403/445] FSCK
[09:13:39] [404/445] NNKA
[09:13:39] [405/445] CLMK
[09:13:40] [406/445] DMPZ
[09:13:41] [407/445] INQM
[09:13:42] [408/445] CAML
[09:13:43] [409/445] INRK
[09:13:44] [410/445] IMKN
[09:13:44] 🔄 Identity reset
[09:13:44] 🔄 Identity rotated (every 10 requests)
[09:13:44] [411/445] SVNR
[09:13:45] [412/445] INSL
[09:13:46] [413/445] MSMA
[09:13:47] [414/445] MCKK
[09:13:48] [415/445] FCHP
[09:13:49] [416/445] SFCR
[09:13:50] [417/445] NACK
[09:13:51] [418/445] PVAK
[09:13:52] [419/445] INER
[09:13:53] [420/445] RDBK
[09:13:53] 🔄 Identity reset
[09:13:53] 🔄 Identity rotated (every 10 requests)
[09:13:54] [421/445] SVFN
[09:13:54] [422/445] IFRM
[09:13:55] [423/445] ATCK
[09:13:56] [424/445] ASKO
[09:13:57] [425/445] STKT
[09:13:58] [426/445] SVFB
[09:13:59] [427/445] INKS
[09:13:59] [428/445] PCRA
[09:14:00] [429/445] ATJA
[09:14:01] [430/445] IMJN
[09:14:02] 🔄 Identity reset
[09:14:02] 🔄 Identity rotated (every 10 requests)
[09:14:02] [431/445] INHD
[09:14:03] [432/445] BARA
[09:14:04] [433/445] MCSL
[09:14:04] [434/445] RTOY
[09:14:05] [435/445] MENO
[09:14:06] [436/445] PUDM
[09:14:07] [437/445] PRCN
[09:14:09] [438/445] JMJR
[09:14:09] [439/445] SSGK
[09:14:10] [440/445] SSRL
[09:14:11] 🔄 Identity reset
[09:14:11] 🔄 Identity rotated (every 10 requests)
[09:14:11] [441/445] JYKL
[09:14:12] [442/445] ACNB
[09:14:13] [443/445] SONP
[09:14:14] [444/445] EMCI
[09:14:16] [445/445] MRJH
[09:14:17] ✅ DONE | Shows=1055 | Movies=68
[10:07:01] 🚀 BMS DAILY TRACKER STARTED (enhanced anti‑detection)
[10:07:01] [1/445] TGMR
[10:07:02] 🧠 New identity created
[10:07:02] [2/445] CXKR
[10:07:03] [3/445] SROP
[10:07:04] [4/445] GTSV
[10:07:05] [5/445] SNTY
[10:07:06] [6/445] SMYY
[10:07:07] [7/445] CNCS
[10:07:09] [8/445] CSTM
[10:07:10] [9/445] NUCD
[10:07:11] [10/445] SHCZ
[10:07:12] 🔄 Identity reset
[10:07:12] 🔄 Identity rotated (every 10 requests)
[10:07:12] [11/445] NJCT
[10:07:13] [12/445] COPC
[10:07:14] [13/445] STVV
[10:07:15] [14/445] SKRN
[10:07:16] [15/445] APPZ
[10:07:17] [16/445] YMGN
[10:07:18] [17/445] SVTU
[10:07:19] [18/445] GTAD
[10:07:20] [19/445] PSUS
[10:07:21] [20/445] SMCD
[10:07:21] 🔄 Identity reset
[10:07:21] 🔄 Identity rotated (every 10 requests)
[10:07:22] [21/445] CMCM
[10:07:23] [22/445] SYCT
[10:07:24] [23/445] STLY
[10:07:25] [24/445] CMHU
[10:07:26] [25/445] CMSA
[10:07:27] [26/445] CLCU
[10:07:28] [27/445] PPNT
[10:07:29] [28/445] JTAB
[10:07:30] [29/445] BUUC
[10:07:31] [30/445] BSVK
[10:07:32] 🔄 Identity reset
[10:07:32] 🔄 Identity rotated (every 10 requests)
[10:07:32] 🔄 Retry 1/5 for BSVK in 2.1s
[10:07:32] 🔄 Identity reset
[10:07:34] 🧠 New identity created
[10:07:34] 🔄 Retry 2/5 for BSVK in 4.9s
[10:07:34] 🔄 Identity reset
[10:07:39] 🧠 New identity created
[10:07:40] [31/445] VVVQ
[10:07:41] [32/445] TKMU
[10:07:41] [33/445] ESYL
[10:07:43] [34/445] ACHP
[10:07:44] [35/445] BTKD
[10:07:45] [36/445] DESA
[10:07:46] [37/445] GBCT
[10:07:47] [38/445] BLLD
[10:07:48] 🔄 Identity reset
[10:07:48] 🔄 Identity rotated (every 10 requests)
[10:07:48] [39/445] SKNT
[10:07:49] [40/445] SSTE
[10:07:50] [41/445] VJMR
[10:07:51] [42/445] NTPU
[10:07:51] [43/445] RDKN
[10:07:52] [44/445] ADGC
[10:07:53] [45/445] VRBP
[10:07:54] [46/445] NMNA
[10:07:55] [47/445] CMMX
[10:07:57] [48/445] PTKO
[10:07:57] 🔄 Identity reset
[10:07:57] 🔄 Identity rotated (every 10 requests)
[10:07:58] [49/445] RBML
[10:07:59] [50/445] SAIC
[10:08:00] [51/445] SVTJ
[10:08:00] [52/445] MRTE
[10:08:01] [53/445] RBTP
[10:08:02] [54/445] NLPS
[10:08:03] [55/445] GTNA
[10:08:04] [56/445] DGGC
[10:08:05] [57/445] SMCR
[10:08:06] [58/445] SCGD
[10:08:07] 🔄 Identity reset
[10:08:07] 🔄 Identity rotated (every 10 requests)
[10:08:07] [59/445] SRRJ
[10:08:08] [60/445] CNRY
[10:08:09] [61/445] KTDI
[10:08:10] [62/445] SNJL
[10:08:11] [63/445] RKMD
[10:08:12] [64/445] SMDC
[10:08:13] [65/445] TADG
[10:08:14] [66/445] MCGS
[10:08:15] [67/445] PETK
[10:08:16] [68/445] CHAG
[10:08:17] 🔄 Identity reset
[10:08:17] 🔄 Identity rotated (every 10 requests)
[10:08:17] [69/445] KSTL
[10:08:19] [70/445] AADS
[10:08:20] [71/445] NTHZ
[10:08:21] [72/445] HCKI
[10:08:22] [73/445] SSEF
[10:08:23] [74/445] MCGX
[10:08:24] [75/445] ERRA
[10:08:25] [76/445] SDTW
[10:08:26] [77/445] RMPK
[10:08:27] [78/445] PTHK
[10:08:27] 🔄 Identity reset
[10:08:28] 🔄 Identity rotated (every 10 requests)
[10:08:28] [79/445] PXCS
[10:08:29] [80/445] SVLU
[10:08:31] [81/445] STAH
[10:08:32] [82/445] JRGF
[10:08:33] [83/445] CDOK
[10:08:34] [84/445] CMSG
[10:08:35] [85/445] APTD
[10:08:35] [86/445] KMPG
[10:08:36] [87/445] MUTJ
[10:08:37] [88/445] VCCI
[10:08:38] 🔄 Identity reset
[10:08:38] 🔄 Identity rotated (every 10 requests)
[10:08:38] [89/445] URBE
[10:08:39] [90/445] TCTS
[10:08:40] [91/445] STSN
[10:08:41] [92/445] AKCH
[10:08:43] [93/445] APSC
[10:08:44] [94/445] VLTB
[10:08:44] [95/445] SANU
[10:08:46] [96/445] AXAM
[10:08:46] [97/445] MGMG
[10:08:47] [98/445] HTBY
[10:08:48] 🔄 Identity reset
[10:08:48] 🔄 Identity rotated (every 10 requests)
[10:08:48] 🔄 Retry 1/5 for HTBY in 2.8s
[10:08:48] 🔄 Identity reset
[10:08:51] 🧠 New identity created
[10:08:51] 🔄 Retry 2/5 for HTBY in 4.5s
[10:08:51] 🔄 Identity reset
[10:08:56] 🧠 New identity created
[10:08:56] 🔄 Retry 3/5 for HTBY in 8.4s
[10:08:56] 🔄 Identity reset
[10:09:04] 🧠 New identity created
[10:09:04] [99/445] MMZS
[10:09:05] [100/445] SUDR
[10:09:06] [101/445] CCAD
[10:09:07] [102/445] SKKC
[10:09:08] [103/445] RMCD
[10:09:09] [104/445] SBCQ
[10:09:10] [105/445] DCCT
[10:09:11] 🔄 Identity reset
[10:09:11] 🔄 Identity rotated (every 10 requests)
[10:09:11] 🔄 Retry 1/5 for DCCT in 2.6s
[10:09:11] 🔄 Identity reset
[10:09:13] 🧠 New identity created
[10:09:14] 🔄 Retry 2/5 for DCCT in 4.8s
[10:09:14] 🔄 Identity reset
[10:09:18] 🧠 New identity created
[10:09:19] [106/445] VTKP
[10:09:20] [107/445] MLAM
[10:09:21] [108/445] SAVT
[10:09:21] [109/445] GEPL
[10:09:22] [110/445] AMCD
[10:09:23] [111/445] CCXR
[10:09:24] [112/445] GRNG
[10:09:26] [113/445] EBCA
[10:09:26] 🔄 Identity reset
[10:09:26] 🔄 Identity rotated (every 10 requests)
[10:09:27] [114/445] CNVG
[10:09:28] [115/445] MWSS
[10:09:29] [116/445] VBOR
[10:09:29] [117/445] NEEB
[10:09:30] [118/445] SUTH
[10:09:31] [119/445] ANDB
[10:09:32] [120/445] MMXS
[10:09:33] [121/445] CNPD
[10:09:34] [122/445] SDCE
[10:09:35] [123/445] DHCB
[10:09:35] 🔄 Identity reset
[10:09:35] 🔄 Identity rotated (every 10 requests)
[10:09:36] [124/445] ODEN
[10:09:37] [125/445] TNTC
[10:09:38] [126/445] VBKM
[10:09:39] [127/445] RZYM
[10:09:40] [128/445] JEMC
[10:09:41] [129/445] CMAU
[10:09:42] [130/445] SIVP
[10:09:43] [131/445] ATAG
[10:09:44] [132/445] CHTM
[10:09:45] [133/445] AAEE
[10:09:46] 🔄 Identity reset
[10:09:46] 🔄 Identity rotated (every 10 requests)
[10:09:46] [134/445] IWPM
[10:09:47] [135/445] KCMW
[10:09:48] [136/445] MCTD
[10:09:49] [137/445] SPWR
[10:09:50] [138/445] SDPO
[10:09:51] [139/445] PCSK
[10:09:52] [140/445] ACHV
[10:09:53] [141/445] SVLA
[10:09:54] [142/445] PICT
[10:09:55] [143/445] BXDR
[10:09:56] 🔄 Identity reset
[10:09:56] 🔄 Identity rotated (every 10 requests)
[10:09:56] [144/445] SPWA
[10:09:57] [145/445] MCKO
[10:09:58] [146/445] RTHK
[10:09:59] [147/445] CCMF
[10:10:00] [148/445] MRGB
[10:10:01] [149/445] CPLC
[10:10:01] [150/445] RACD
[10:10:02] [151/445] ATKT
[10:10:03] [152/445] SARN
[10:10:04] [153/445] KKUI
[10:10:05] 🔄 Identity reset
[10:10:05] 🔄 Identity rotated (every 10 requests)
[10:10:05] [154/445] RGCM
[10:10:06] [155/445] BRVP
[10:10:07] [156/445] HRSR
[10:10:08] [157/445] GKGM
[10:10:09] [158/445] TTCD
[10:10:10] [159/445] PTTI
[10:10:10] [160/445] MPTT
[10:10:12] [161/445] CVTT
[10:10:13] [162/445] PCXD
[10:10:14] [163/445] GCDC
[10:10:15] 🔄 Identity reset
[10:10:15] 🔄 Identity rotated (every 10 requests)
[10:10:15] [164/445] CCCF
[10:10:16] [165/445] MRAD
[10:10:17] [166/445] CPLK
[10:10:18] [167/445] SATB
[10:10:19] [168/445] SNVG
[10:10:20] [169/445] JMBA
[10:10:20] [170/445] TEJA
[10:10:21] [171/445] STYO
[10:10:22] [172/445] JTBP
[10:10:23] [173/445] KRGD
[10:10:23] 🔄 Identity reset
[10:10:23] 🔄 Identity rotated (every 10 requests)
[10:10:24] [174/445] SLJJ
[10:10:25] [175/445] SPTJ
[10:10:26] [176/445] SWJG
[10:10:27] [177/445] LKRT
[10:10:28] [178/445] KCKA
[10:10:29] [179/445] SNCR
[10:10:30] [180/445] SMKL
[10:10:30] [181/445] GCFA
[10:10:31] [182/445] DDCK
[10:10:32] [183/445] NCHJ
[10:10:33] 🔄 Identity reset
[10:10:33] 🔄 Identity rotated (every 10 requests)
[10:10:33] [184/445] RDMA
[10:10:34] [185/445] SVSV
[10:10:35] [186/445] SCJG
[10:10:36] [187/445] VKLP
[10:10:37] [188/445] NWCC
[10:10:38] [189/445] VKNS
[10:10:39] [190/445] SDDP
[10:10:40] [191/445] ACSI
[10:10:41] [192/445] SATG
[10:10:42] [193/445] SCMW
[10:10:43] 🔄 Identity reset
[10:10:43] 🔄 Identity rotated (every 10 requests)
[10:10:43] 🔄 Retry 1/5 for SCMW in 2.8s
[10:10:43] 🔄 Identity reset
[10:10:46] 🧠 New identity created
[10:10:46] [194/445] LKTK
[10:10:47] [195/445] VCKV
[10:10:48] [196/445] KKPE
[10:10:49] [197/445] KIGH
[10:10:50] [198/445] SRPM
[10:10:50] [199/445] SCAH
[10:10:51] [200/445] MUTA
[10:10:53] [201/445] SEPU
[10:10:54] [202/445] INOA
[10:10:55] 🔄 Identity reset
[10:10:55] 🔄 Identity rotated (every 10 requests)
[10:10:55] 🔄 Retry 1/5 for INOA in 2.9s
[10:10:55] 🔄 Identity reset
[10:10:58] 🧠 New identity created
[10:10:58] [203/445] BASK
[10:10:59] [204/445] NECB
[10:11:00] [205/445] GTTG
[10:11:01] [206/445] ASSA
[10:11:03] [207/445] ANCL
[10:11:04] [208/445] GCTI
[10:11:04] [209/445] RCTS
[10:11:05] [210/445] ACNL
[10:11:06] [211/445] MYCT
[10:11:07] 🔄 Identity reset
[10:11:07] 🔄 Identity rotated (every 10 requests)
[10:11:07] [212/445] NMHT
[10:11:09] [213/445] MDIT
[10:11:10] [214/445] LATG
[10:11:11] [215/445] SMTY
[10:11:12] [216/445] CVCT
[10:11:13] [217/445] RAMB
[10:11:14] [218/445] TGMS
[10:11:15] [219/445] BHEL
[10:11:16] [220/445] SHCT
[10:11:18] [221/445] SVCT
[10:11:18] 🔄 Identity reset
[10:11:18] 🔄 Identity rotated (every 10 requests)
[10:11:18] [222/445] MRIY
[10:11:19] [223/445] SARO
[10:11:20] [224/445] STCT
[10:11:21] [225/445] JKKC
[10:11:22] [226/445] PLTT
[10:11:23] [227/445] SRNT
[10:11:24] [228/445] YAST
[10:11:26] [229/445] PERL
[10:11:26] [230/445] CICM
[10:11:28] [231/445] MMTR
[10:11:29] 🔄 Identity reset
[10:11:29] 🔄 Identity rotated (every 10 requests)
[10:11:29] [232/445] ABTK
[10:11:30] [233/445] ATYY
[10:11:31] [234/445] ASTK
[10:11:32] [235/445] VVCK
[10:11:33] [236/445] ATKY
[10:11:34] [237/445] GWEK
[10:11:35] [238/445] SVFH
[10:11:35] [239/445] SLTA
[10:11:36] [240/445] AASH
[10:11:37] [241/445] ACXB
[10:11:38] 🔄 Identity reset
[10:11:38] 🔄 Identity rotated (every 10 requests)
[10:11:38] [242/445] SMTX
[10:11:39] [243/445] AZDH
[10:11:40] [244/445] CMMH
[10:11:41] [245/445] SCSZ
[10:11:43] [246/445] SCKP
[10:11:44] [247/445] NXTM
[10:11:44] [248/445] NWCS
[10:11:45] [249/445] CXMH
[10:11:46] [250/445] PCMA
[10:11:47] [251/445] SGCM
[10:11:48] 🔄 Identity reset
[10:11:48] 🔄 Identity rotated (every 10 requests)
[10:11:48] [252/445] SDTU
[10:11:49] [253/445] MMVI
[10:11:50] [254/445] JKCM
[10:11:51] [255/445] VCMM
[10:11:52] [256/445] SYEE
[10:11:53] [257/445] VASD
[10:11:54] [258/445] BDRB
[10:11:55] [259/445] LASM
[10:11:56] [260/445] DCRL
[10:11:57] [261/445] DVPM
[10:11:57] 🔄 Identity reset
[10:11:57] 🔄 Identity rotated (every 10 requests)
[10:11:58] [262/445] SBMJ
[10:11:59] [263/445] CBMU
[10:11:59] [264/445] IUBS
[10:12:00] [265/445] INAP
[10:12:01] [266/445] SRRC
[10:12:02] [267/445] SAGR
[10:12:03] [268/445] CPMJ
[10:12:04] [269/445] ATJL
[10:12:05] [270/445] NNTD
[10:12:06] [271/445] JHCJ
[10:12:06] 🔄 Identity reset
[10:12:06] 🔄 Identity rotated (every 10 requests)
[10:12:07] [272/445] CMMP
[10:12:08] [273/445] RSDR
[10:12:09] [274/445] AMTI
[10:12:10] [275/445] NYSG
[10:12:11] [276/445] AVSG
[10:12:12] [277/445] SYTP
[10:12:13] [278/445] LARC
[10:12:13] [279/445] RJTP
[10:12:14] [280/445] LAKC
[10:12:15] [281/445] MCXE
[10:12:16] 🔄 Identity reset
[10:12:16] 🔄 Identity rotated (every 10 requests)
[10:12:16] [282/445] CCZC
[10:12:17] [283/445] AVCH
[10:12:18] [284/445] CMBE
[10:12:19] [285/445] MRRC
[10:12:20] [286/445] PCPY
[10:12:22] [287/445] SRMH
[10:12:23] [288/445] SVGS
[10:12:24] [289/445] PCSE
[10:12:25] [290/445] SVFT
[10:12:26] [291/445] TNZP
[10:12:27] 🔄 Identity reset
[10:12:27] 🔄 Identity rotated (every 10 requests)
[10:12:27] [292/445] ICTP
[10:12:28] [293/445] ACTZ
[10:12:29] [294/445] GTUR
[10:12:30] [295/445] MAFC
[10:12:31] [296/445] MINL
[10:12:32] [297/445] MRCL
[10:12:34] [298/445] RCRP
[10:12:34] [299/445] RFFG
[10:12:35] [300/445] RMAS
[10:12:37] [301/445] INVR
[10:12:38] 🔄 Identity reset
[10:12:38] 🔄 Identity rotated (every 10 requests)
[10:12:38] [302/445] RMAR
[10:12:39] [303/445] CNIS
[10:12:41] [304/445] RHRJ
[10:12:42] [305/445] INXR
[10:12:42] [306/445] VALT
[10:12:43] [307/445] LCSH
[10:12:44] [308/445] CMVS
[10:12:45] [309/445] CNMS
[10:12:46] [310/445] ROOG
[10:12:47] [311/445] ISRM
[10:12:47] 🔄 Identity reset
[10:12:47] 🔄 Identity rotated (every 10 requests)
[10:12:47] 🔄 Retry 1/5 for ISRM in 2.2s
[10:12:47] 🔄 Identity reset
[10:12:50] 🧠 New identity created
[10:12:50] [312/445] RCRM
[10:12:51] [313/445] ACJA
[10:12:52] [314/445] RCVS
[10:12:53] [315/445] CPUS
[10:12:54] [316/445] TGCS
[10:12:55] [317/445] RKCJ
[10:12:55] [318/445] MKSB
[10:12:56] [319/445] TCSJ
[10:12:57] [320/445] RMGP
[10:12:58] 🔄 Identity reset
[10:12:58] 🔄 Identity rotated (every 10 requests)
[10:12:58] [321/445] CLLP
[10:12:59] [322/445] RCMV
[10:13:00] [323/445] CCKS
[10:13:01] [324/445] RSRP
[10:13:03] [325/445] APLP
[10:13:03] [326/445] CNVS
[10:13:04] [327/445] RMVY
[10:13:06] [328/445] PGBD
[10:13:07] [329/445] KLMS
[10:13:08] [330/445] RUST
[10:13:09] 🔄 Identity reset
[10:13:09] 🔄 Identity rotated (every 10 requests)
[10:13:09] [331/445] MASM
[10:13:10] [332/445] BACS
[10:13:12] [333/445] BWST
[10:13:13] [334/445] RRFH
[10:13:14] [335/445] SJTM
[10:13:15] [336/445] BEMR
[10:13:16] [337/445] MCGR
[10:13:17] [338/445] SDSK
[10:13:18] [339/445] VBOL
[10:13:19] [340/445] RMGM
[10:13:20] 🔄 Identity reset
[10:13:20] 🔄 Identity rotated (every 10 requests)
[10:13:20] [341/445] NOPL
[10:13:21] [342/445] MKJK
[10:13:22] [343/445] CVRN
[10:13:23] [344/445] MMEN
[10:13:24] [345/445] AMNG
[10:13:25] [346/445] INTM
[10:13:26] [347/445] SLCZ
[10:13:28] [348/445] AMJN
[10:13:29] [349/445] ACJN
[10:13:29] [350/445] AMKN
[10:13:30] 🔄 Identity reset
[10:13:30] 🔄 Identity rotated (every 10 requests)
[10:13:30] [351/445] BTCN
[10:13:31] [352/445] AMBT
[10:13:33] [353/445] PACN
[10:13:34] [354/445] LCNS
[10:13:35] [355/445] PPKC
[10:13:36] [356/445] JYYN
[10:13:37] [357/445] JTNR
[10:13:38] [358/445] GTEE
[10:13:39] [359/445] SRNM
[10:13:41] [360/445] SDTC
[10:13:41] 🔄 Identity reset
[10:13:41] 🔄 Identity rotated (every 10 requests)
[10:13:42] [361/445] VPCA
[10:13:43] [362/445] VLRA
[10:13:44] [363/445] SHKR
[10:13:45] [364/445] SBKD
[10:13:45] [365/445] SAAD
[10:13:47] [366/445] JTGN
[10:13:48] [367/445] SLAM
[10:13:49] [368/445] VTPM
[10:13:50] [369/445] ANPT
[10:13:50] [370/445] PUNB
[10:13:51] 🔄 Identity reset
[10:13:51] 🔄 Identity rotated (every 10 requests)
[10:13:51] [371/445] CPKT
[10:13:52] [372/445] CNWE
[10:13:53] [373/445] ECPP
[10:13:55] [374/445] CPAR
[10:13:56] [375/445] ESBW
[10:13:57] [376/445] PKPU
[10:13:57] [377/445] CPRP
[10:13:58] [378/445] RAHU
[10:13:59] [379/445] RHMN
[10:14:00] [380/445] FMJP
[10:14:01] 🔄 Identity reset
[10:14:01] 🔄 Identity rotated (every 10 requests)
[10:14:01] 🔄 Retry 1/5 for FMJP in 2.0s
[10:14:01] 🔄 Identity reset
[10:14:03] 🧠 New identity created
[10:14:03] [381/445] CTMP
[10:14:04] [382/445] INPN
[10:14:05] [383/445] STTG
[10:14:06] [384/445] CTRD
[10:14:07] [385/445] PUVB
[10:14:08] [386/445] ESVP
[10:14:09] [387/445] CPFT
[10:14:10] [388/445] LCPC
[10:14:12] [389/445] VBCT
[10:14:13] 🔄 Identity reset
[10:14:13] 🔄 Identity rotated (every 10 requests)
[10:14:13] [390/445] FSCW
[10:14:14] [391/445] VCMP
[10:14:15] [392/445] ASHC
[10:14:17] [393/445] VLCX
[10:14:18] [394/445] SHEV
[10:14:18] [395/445] APCO
[10:14:19] [396/445] SILC
[10:14:20] [397/445] SNMR
[10:14:21] [398/445] KYBO
[10:14:23] [399/445] SATK
[10:14:24] 🔄 Identity reset
[10:14:24] 🔄 Identity rotated (every 10 requests)
[10:14:24] [400/445] SSCS
[10:14:25] [401/445] CLSB
[10:14:26] [402/445] KMJR
[10:14:27] [403/445] FSCK
[10:14:28] [404/445] NNKA
[10:14:29] [405/445] CLMK
[10:14:30] [406/445] DMPZ
[10:14:31] [407/445] INQM
[10:14:32] [408/445] CAML
[10:14:33] [409/445] INRK
[10:14:34] 🔄 Identity reset
[10:14:34] 🔄 Identity rotated (every 10 requests)
[10:14:34] 🔄 Retry 1/5 for INRK in 2.8s
[10:14:34] 🔄 Identity reset
[10:14:37] 🧠 New identity created
[10:14:37] [410/445] IMKN
[10:14:38] [411/445] SVNR
[10:14:39] [412/445] INSL
[10:14:40] [413/445] MSMA
[10:14:41] [414/445] MCKK
[10:14:42] [415/445] FCHP
[10:14:43] [416/445] SFCR
[10:14:44] [417/445] NACK
[10:14:44] [418/445] PVAK
[10:14:45] 🔄 Identity reset
[10:14:45] 🔄 Identity rotated (every 10 requests)
[10:14:45] [419/445] INER
[10:14:46] [420/445] RDBK
[10:14:47] [421/445] SVFN
[10:14:48] [422/445] IFRM
[10:14:49] [423/445] ATCK
[10:14:50] [424/445] ASKO
[10:14:50] [425/445] STKT
[10:14:51] [426/445] SVFB
[10:14:52] [427/445] INKS
[10:14:54] [428/445] PCRA
[10:14:55] 🔄 Identity reset
[10:14:55] 🔄 Identity rotated (every 10 requests)
[10:14:55] [429/445] ATJA
[10:14:56] [430/445] IMJN
[10:14:57] [431/445] INHD
[10:14:58] [432/445] BARA
[10:14:59] [433/445] MCSL
[10:15:00] [434/445] RTOY
[10:15:01] [435/445] MENO
[10:15:01] [436/445] PUDM
[10:15:02] [437/445] PRCN
[10:15:03] [438/445] JMJR
[10:15:04] 🔄 Identity reset
[10:15:04] 🔄 Identity rotated (every 10 requests)
[10:15:04] [439/445] SSGK
[10:15:06] [440/445] SSRL
[10:15:07] [441/445] JYKL
[10:15:08] [442/445] ACNB
[10:15:09] [443/445] SONP
[10:15:10] [444/445] EMCI
[10:15:11] [445/445] MRJH
[10:15:12] ✅ DONE | Shows=1287 | Movies=72
[11:06:58] 🚀 BMS DAILY TRACKER STARTED (enhanced anti‑detection)
[11:06:58] [1/445] TGMR
[11:06:59] 🧠 New identity created
[11:06:59] 🔄 Retry 1/5 for TGMR in 2.5s
[11:06:59] 🔄 Identity reset
[11:07:02] 🧠 New identity created
[11:07:02] 🔄 Retry 2/5 for TGMR in 4.6s
[11:07:02] 🔄 Identity reset
[11:07:06] 🧠 New identity created
[11:07:06] 🔄 Retry 3/5 for TGMR in 9.0s
[11:07:06] 🔄 Identity reset
[11:07:15] 🧠 New identity created
[11:07:16] [2/445] CXKR
[11:07:17] [3/445] SROP
[11:07:18] [4/445] GTSV
[11:07:19] [5/445] SNTY
[11:07:20] [6/445] SMYY
[11:07:21] [7/445] CNCS
[11:07:22] 🔄 Identity reset
[11:07:22] 🔄 Identity rotated (every 10 requests)
[11:07:22] [8/445] CSTM
[11:07:24] [9/445] NUCD
[11:07:25] [10/445] SHCZ
[11:07:26] [11/445] NJCT
[11:07:27] [12/445] COPC
[11:07:28] [13/445] STVV
[11:07:29] [14/445] SKRN
[11:07:30] [15/445] APPZ
[11:07:31] [16/445] YMGN
[11:07:32] [17/445] SVTU
[11:07:33] 🔄 Identity reset
[11:07:33] 🔄 Identity rotated (every 10 requests)
[11:07:33] 🔄 Retry 1/5 for SVTU in 2.5s
[11:07:33] 🔄 Identity reset
[11:07:36] 🧠 New identity created
[11:07:36] 🔄 Retry 2/5 for SVTU in 4.9s
[11:07:36] 🔄 Identity reset
[11:07:41] 🧠 New identity created
[11:07:41] [18/445] GTAD
[11:07:42] [19/445] PSUS
[11:07:44] [20/445] SMCD
[11:07:45] [21/445] CMCM
[11:07:46] [22/445] SYCT
[11:07:46] [23/445] STLY
[11:07:47] [24/445] CMHU
[11:07:48] [25/445] CMSA
[11:07:49] 🔄 Identity reset
[11:07:49] 🔄 Identity rotated (every 10 requests)
[11:07:49] [26/445] CLCU
[11:07:50] [27/445] PPNT
[11:07:51] [28/445] JTAB
[11:07:52] [29/445] BUUC
[11:07:53] [30/445] BSVK
[11:07:54] [31/445] VVVQ
[11:07:55] [32/445] TKMU
[11:07:55] [33/445] ESYL
[11:07:56] [34/445] ACHP
[11:07:58] [35/445] BTKD
[11:07:59] 🔄 Identity reset
[11:07:59] 🔄 Identity rotated (every 10 requests)
[11:07:59] 🔄 Retry 1/5 for BTKD in 2.7s
[11:07:59] 🔄 Identity reset
[11:08:02] 🧠 New identity created
[11:08:02] [36/445] DESA
[11:08:03] [37/445] GBCT
[11:08:04] [38/445] BLLD
[11:08:05] [39/445] SKNT
[11:08:05] [40/445] SSTE
[11:08:06] [41/445] VJMR
[11:08:07] [42/445] NTPU
[11:08:08] [43/445] RDKN
[11:08:09] [44/445] ADGC
[11:08:10] 🔄 Identity reset
[11:08:10] 🔄 Identity rotated (every 10 requests)
[11:08:10] 🔄 Retry 1/5 for ADGC in 2.1s
[11:08:10] 🔄 Identity reset
[11:08:12] 🧠 New identity created
[11:08:12] 🔄 Retry 2/5 for ADGC in 4.3s
[11:08:12] 🔄 Identity reset
[11:08:16] 🧠 New identity created
[11:08:16] [45/445] VRBP
[11:08:18] [46/445] NMNA
[11:08:19] [47/445] CMMX
[11:08:20] [48/445] PTKO
[11:08:21] [49/445] RBML
[11:08:22] [50/445] SAIC
[11:08:23] [51/445] SVTJ
[11:08:24] [52/445] MRTE
[11:08:24] 🔄 Identity reset
[11:08:24] 🔄 Identity rotated (every 10 requests)
[11:08:25] [53/445] RBTP
[11:08:26] [54/445] NLPS
[11:08:27] [55/445] GTNA
[11:08:28] [56/445] DGGC
[11:08:29] [57/445] SMCR
[11:08:30] [58/445] SCGD
[11:08:31] [59/445] SRRJ
[11:08:32] [60/445] CNRY
[11:08:33] [61/445] KTDI
[11:08:34] [62/445] SNJL
[11:08:34] 🔄 Identity reset
[11:08:34] 🔄 Identity rotated (every 10 requests)
[11:08:35] [63/445] RKMD
[11:08:36] [64/445] SMDC
[11:08:36] [65/445] TADG
[11:08:37] [66/445] MCGS
[11:08:38] [67/445] PETK
[11:08:40] [68/445] CHAG
[11:08:41] [69/445] KSTL
[11:08:42] [70/445] AADS
[11:08:43] [71/445] NTHZ
[11:08:44] [72/445] HCKI
[11:08:44] 🔄 Identity reset
[11:08:44] 🔄 Identity rotated (every 10 requests)
[11:08:45] [73/445] SSEF
[11:08:46] [74/445] MCGX
[11:08:47] [75/445] ERRA
[11:08:48] [76/445] SDTW
[11:08:50] [77/445] RMPK
[11:08:51] [78/445] PTHK
[11:08:52] [79/445] PXCS
[11:08:52] [80/445] SVLU
[11:08:54] [81/445] STAH
[11:08:55] [82/445] JRGF
[11:08:56] 🔄 Identity reset
[11:08:56] 🔄 Identity rotated (every 10 requests)
[11:08:56] 🔄 Retry 1/5 for JRGF in 2.6s
[11:08:56] 🔄 Identity reset
[11:08:58] 🧠 New identity created
[11:08:59] [83/445] CDOK
[11:09:00] [84/445] CMSG
[11:09:01] [85/445] APTD
[11:09:01] [86/445] KMPG
[11:09:03] [87/445] MUTJ
[11:09:05] [88/445] VCCI
[11:09:06] [89/445] URBE
[11:09:07] [90/445] TCTS
[11:09:08] [91/445] STSN
[11:09:09] 🔄 Identity reset
[11:09:09] 🔄 Identity rotated (every 10 requests)
[11:09:09] [92/445] AKCH
[11:09:11] [93/445] APSC
[11:09:12] [94/445] VLTB
[11:09:13] [95/445] SANU
[11:09:15] [96/445] AXAM
[11:09:15] [97/445] MGMG
[11:09:16] [98/445] HTBY
[11:09:17] [99/445] MMZS
[11:09:18] [100/445] SUDR
[11:09:19] [101/445] CCAD
[11:09:20] 🔄 Identity reset
[11:09:20] 🔄 Identity rotated (every 10 requests)
[11:09:20] [102/445] SKKC
[11:09:22] [103/445] RMCD
[11:09:22] [104/445] SBCQ
[11:09:23] [105/445] DCCT
[11:09:24] [106/445] VTKP
[11:09:25] [107/445] MLAM
[11:09:26] [108/445] SAVT
[11:09:27] [109/445] GEPL
[11:09:28] [110/445] AMCD
[11:09:29] [111/445] CCXR
[11:09:29] 🔄 Identity reset
[11:09:29] 🔄 Identity rotated (every 10 requests)
[11:09:30] [112/445] GRNG
[11:09:31] [113/445] EBCA
[11:09:32] [114/445] CNVG
[11:09:33] [115/445] MWSS
[11:09:34] [116/445] VBOR
[11:09:35] [117/445] NEEB
[11:09:36] [118/445] SUTH
[11:09:37] [119/445] ANDB
[11:09:38] [120/445] MMXS
[11:09:39] [121/445] CNPD
[11:09:40] 🔄 Identity reset
[11:09:40] 🔄 Identity rotated (every 10 requests)
[11:09:40] [122/445] SDCE
[11:09:41] [123/445] DHCB
[11:09:42] [124/445] ODEN
[11:09:43] [125/445] TNTC
[11:09:43] [126/445] VBKM
[11:09:45] [127/445] RZYM
[11:09:46] [128/445] JEMC
[11:09:47] [129/445] CMAU
[11:09:48] [130/445] SIVP
[11:09:49] [131/445] ATAG
[11:09:49] 🔄 Identity reset
[11:09:49] 🔄 Identity rotated (every 10 requests)
[11:09:50] [132/445] CHTM
[11:09:51] [133/445] AAEE
[11:09:52] [134/445] IWPM
[11:09:53] [135/445] KCMW
[11:09:54] [136/445] MCTD
[11:09:55] [137/445] SPWR
[11:09:56] [138/445] SDPO
[11:09:58] [139/445] PCSK
[11:09:59] [140/445] ACHV
[11:10:00] [141/445] SVLA
[11:10:00] 🔄 Identity reset
[11:10:00] 🔄 Identity rotated (every 10 requests)
[11:10:01] [142/445] PICT
[11:10:02] [143/445] BXDR
[11:10:03] [144/445] SPWA
[11:10:05] [145/445] MCKO
[11:10:06] [146/445] RTHK
[11:10:07] [147/445] CCMF
[11:10:08] [148/445] MRGB
[11:10:09] [149/445] CPLC
[11:10:10] [150/445] RACD
[11:10:11] [151/445] ATKT
[11:10:11] 🔄 Identity reset
[11:10:11] 🔄 Identity rotated (every 10 requests)
[11:10:11] 🔄 Retry 1/5 for ATKT in 2.1s
[11:10:11] 🔄 Identity reset
[11:10:13] 🧠 New identity created
[11:10:14] [152/445] SARN
[11:10:15] [153/445] KKUI
[11:10:15] [154/445] RGCM
[11:10:16] [155/445] BRVP
[11:10:18] [156/445] HRSR
[11:10:19] [157/445] GKGM
[11:10:20] [158/445] TTCD
[11:10:21] [159/445] PTTI
[11:10:22] [160/445] MPTT
[11:10:23] 🔄 Identity reset
[11:10:23] 🔄 Identity rotated (every 10 requests)
[11:10:23] [161/445] CVTT
[11:10:24] [162/445] PCXD
[11:10:25] [163/445] GCDC
[11:10:26] [164/445] CCCF
[11:10:27] [165/445] MRAD
[11:10:28] [166/445] CPLK
[11:10:29] [167/445] SATB
[11:10:30] [168/445] SNVG
[11:10:31] [169/445] JMBA
[11:10:32] [170/445] TEJA
[11:10:32] 🔄 Identity reset
[11:10:32] 🔄 Identity rotated (every 10 requests)
[11:10:33] 🔄 Retry 1/5 for TEJA in 2.0s
[11:10:33] 🔄 Identity reset
[11:10:35] 🧠 New identity created
[11:10:35] 🔄 Retry 2/5 for TEJA in 4.3s
[11:10:35] 🔄 Identity reset
[11:10:39] 🧠 New identity created
[11:10:39] [171/445] STYO
[11:10:40] [172/445] JTBP
[11:10:41] [173/445] KRGD
[11:10:42] [174/445] SLJJ
[11:10:44] [175/445] SPTJ
[11:10:45] [176/445] SWJG
[11:10:45] [177/445] LKRT
[11:10:46] [178/445] KCKA
[11:10:47] 🔄 Identity reset
[11:10:47] 🔄 Identity rotated (every 10 requests)
[11:10:47] 🔄 Retry 1/5 for KCKA in 2.7s
[11:10:47] 🔄 Identity reset
[11:10:50] 🧠 New identity created
[11:10:50] 🔄 Retry 2/5 for KCKA in 4.4s
[11:10:50] 🔄 Identity reset
[11:10:54] 🧠 New identity created
[11:10:54] [179/445] SNCR
[11:10:55] [180/445] SMKL
[11:10:56] [181/445] GCFA
[11:10:57] [182/445] DDCK
[11:10:58] [183/445] NCHJ
[11:10:59] [184/445] RDMA
[11:11:00] [185/445] SVSV
[11:11:01] [186/445] SCJG
[11:11:02] 🔄 Identity reset
[11:11:02] 🔄 Identity rotated (every 10 requests)
[11:11:02] 🔄 Retry 1/5 for SCJG in 2.5s
[11:11:02] 🔄 Identity reset
[11:11:04] 🧠 New identity created
[11:11:04] 🔄 Retry 2/5 for SCJG in 4.7s
[11:11:04] 🔄 Identity reset
[11:11:09] 🧠 New identity created
[11:11:10] [187/445] VKLP
[11:11:10] [188/445] NWCC
[11:11:11] [189/445] VKNS
[11:11:12] [190/445] SDDP
[11:11:13] [191/445] ACSI
[11:11:14] [192/445] SATG
[11:11:15] [193/445] SCMW
[11:11:15] [194/445] LKTK
[11:11:16] 🔄 Identity reset
[11:11:16] 🔄 Identity rotated (every 10 requests)
[11:11:17] [195/445] VCKV
[11:11:17] [196/445] KKPE
[11:11:18] [197/445] KIGH
[11:11:19] [198/445] SRPM
[11:11:20] [199/445] SCAH
[11:11:21] [200/445] MUTA
[11:11:23] [201/445] SEPU
[11:11:24] [202/445] INOA
[11:11:25] [203/445] BASK
[11:11:26] [204/445] NECB
[11:11:27] 🔄 Identity reset
[11:11:27] 🔄 Identity rotated (every 10 requests)
[11:11:28] [205/445] GTTG
[11:11:29] [206/445] ASSA
[11:11:30] [207/445] ANCL
[11:11:31] [208/445] GCTI
[11:11:32] [209/445] RCTS
[11:11:33] [210/445] ACNL
[11:11:34] [211/445] MYCT
[11:11:34] [212/445] NMHT
[11:11:35] [213/445] MDIT
[11:11:36] [214/445] LATG
[11:11:37] 🔄 Identity reset
[11:11:37] 🔄 Identity rotated (every 10 requests)
[11:11:37] 🔄 Retry 1/5 for LATG in 2.1s
[11:11:37] 🔄 Identity reset
[11:11:39] 🧠 New identity created
[11:11:40] [215/445] SMTY
[11:11:41] [216/445] CVCT
[11:11:42] [217/445] RAMB
[11:11:43] [218/445] TGMS
[11:11:43] [219/445] BHEL
[11:11:44] [220/445] SHCT
[11:11:46] [221/445] SVCT
[11:11:47] [222/445] MRIY
[11:11:48] [223/445] SARO
[11:11:48] 🔄 Identity reset
[11:11:48] 🔄 Identity rotated (every 10 requests)
[11:11:48] 🔄 Retry 1/5 for SARO in 2.9s
[11:11:48] 🔄 Identity reset
[11:11:51] 🧠 New identity created
[11:11:52] [224/445] STCT
[11:11:55] [225/445] JKKC
[11:11:56] [226/445] PLTT
[11:11:57] [227/445] SRNT
[11:11:58] [228/445] YAST
[11:11:59] [229/445] PERL
[11:12:00] [230/445] CICM
[11:12:01] [231/445] MMTR
[11:12:01] [232/445] ABTK
[11:12:02] 🔄 Identity reset
[11:12:02] 🔄 Identity rotated (every 10 requests)
[11:12:02] [233/445] ATYY
[11:12:03] [234/445] ASTK
[11:12:04] [235/445] VVCK
[11:12:05] [236/445] ATKY
[11:12:06] [237/445] GWEK
[11:12:07] [238/445] SVFH
[11:12:08] [239/445] SLTA
[11:12:09] [240/445] AASH
[11:12:10] [241/445] ACXB
[11:12:11] [242/445] SMTX
[11:12:12] 🔄 Identity reset
[11:12:12] 🔄 Identity rotated (every 10 requests)
[11:12:12] 🔄 Retry 1/5 for SMTX in 2.5s
[11:12:12] 🔄 Identity reset
[11:12:15] 🧠 New identity created
[11:12:15] 🔄 Retry 2/5 for SMTX in 4.8s
[11:12:15] 🔄 Identity reset
[11:12:19] 🧠 New identity created
[11:12:20] 🔄 Retry 3/5 for SMTX in 8.3s
[11:12:20] 🔄 Identity reset
[11:12:28] 🧠 New identity created
[11:12:28] 🔄 Retry 4/5 for SMTX in 17.0s
[11:12:28] 🔄 Identity reset
[11:12:45] 🧠 New identity created
[11:12:45] ❌ SMTX failed after 5 attempts
[11:12:45] 🔄 Identity reset
[11:12:45] ❌ SMTX final failure | RuntimeError | HTTP 403
[11:12:45] [243/445] AZDH
[11:12:46] 🧠 New identity created
[11:12:46] [244/445] CMMH
[11:12:47] [245/445] SCSZ
[11:12:48] [246/445] SCKP
[11:12:49] [247/445] NXTM
[11:12:50] [248/445] NWCS
[11:12:50] 🔄 Identity reset
[11:12:50] 🔄 Identity rotated (every 10 requests)
[11:12:51] [249/445] CXMH
[11:12:52] [250/445] PCMA
[11:12:52] [251/445] SGCM
[11:12:53] [252/445] SDTU
[11:12:54] [253/445] MMVI
[11:12:55] [254/445] JKCM
[11:12:56] [255/445] VCMM
[11:12:58] [256/445] SYEE
[11:12:59] [257/445] VASD
[11:13:00] [258/445] BDRB
[11:13:01] 🔄 Identity reset
[11:13:01] 🔄 Identity rotated (every 10 requests)
[11:13:01] [259/445] LASM
[11:13:02] [260/445] DCRL
[11:13:03] [261/445] DVPM
[11:13:04] [262/445] SBMJ
[11:13:05] [263/445] CBMU
[11:13:06] [264/445] IUBS
[11:13:07] [265/445] INAP
[11:13:07] [266/445] SRRC
[11:13:08] [267/445] SAGR
[11:13:09] [268/445] CPMJ
[11:13:10] 🔄 Identity reset
[11:13:10] 🔄 Identity rotated (every 10 requests)
[11:13:10] [269/445] ATJL
[11:13:11] [270/445] NNTD
[11:13:12] [271/445] JHCJ
[11:13:13] [272/445] CMMP
[11:13:14] [273/445] RSDR
[11:13:15] [274/445] AMTI
[11:13:16] [275/445] NYSG
[11:13:17] [276/445] AVSG
[11:13:17] [277/445] SYTP
[11:13:18] [278/445] LARC
[11:13:19] 🔄 Identity reset
[11:13:19] 🔄 Identity rotated (every 10 requests)
[11:13:19] [279/445] RJTP
[11:13:20] [280/445] LAKC
[11:13:22] [281/445] MCXE
[11:13:23] [282/445] CCZC
[11:13:24] [283/445] AVCH
[11:13:25] [284/445] CMBE
[11:13:27] [285/445] MRRC
[11:13:28] [286/445] PCPY
[11:13:30] [287/445] SRMH
[11:13:31] [288/445] SVGS
[11:13:31] 🔄 Identity reset
[11:13:31] 🔄 Identity rotated (every 10 requests)
[11:13:32] [289/445] PCSE
[11:13:33] [290/445] SVFT
[11:13:34] [291/445] TNZP
[11:13:34] [292/445] ICTP
[11:13:35] [293/445] ACTZ
[11:13:36] [294/445] GTUR
[11:13:37] [295/445] MAFC
[11:13:38] [296/445] MINL
[11:13:39] [297/445] MRCL
[11:13:40] [298/445] RCRP
[11:13:41] 🔄 Identity reset
[11:13:41] 🔄 Identity rotated (every 10 requests)
[11:13:41] [299/445] RFFG
[11:13:42] [300/445] RMAS
[11:13:43] [301/445] INVR
[11:13:44] [302/445] RMAR
[11:13:45] [303/445] CNIS
[11:13:46] [304/445] RHRJ
[11:13:47] [305/445] INXR
[11:13:48] [306/445] VALT
[11:13:48] [307/445] LCSH
[11:13:49] [308/445] CMVS
[11:13:50] 🔄 Identity reset
[11:13:50] 🔄 Identity rotated (every 10 requests)
[11:13:50] [309/445] CNMS
[11:13:51] [310/445] ROOG
[11:13:53] [311/445] ISRM
[11:13:54] [312/445] RCRM
[11:13:55] [313/445] ACJA
[11:13:56] [314/445] RCVS
[11:13:57] [315/445] CPUS
[11:13:58] [316/445] TGCS
[11:13:59] [317/445] RKCJ
[11:14:00] [318/445] MKSB
[11:14:01] 🔄 Identity reset
[11:14:01] 🔄 Identity rotated (every 10 requests)
[11:14:01] [319/445] TCSJ
[11:14:02] [320/445] RMGP
[11:14:03] [321/445] CLLP
[11:14:04] [322/445] RCMV
[11:14:05] [323/445] CCKS
[11:14:06] [324/445] RSRP
[11:14:07] [325/445] APLP
[11:14:08] [326/445] CNVS
[11:14:09] [327/445] RMVY
[11:14:11] [328/445] PGBD
[11:14:12] 🔄 Identity reset
[11:14:12] 🔄 Identity rotated (every 10 requests)
[11:14:12] [329/445] KLMS
[11:14:13] [330/445] RUST
[11:14:13] [331/445] MASM
[11:14:14] [332/445] BACS
[11:14:15] [333/445] BWST
[11:14:16] [334/445] RRFH
[11:14:17] [335/445] SJTM
[11:14:18] [336/445] BEMR
[11:14:19] [337/445] MCGR
[11:14:20] [338/445] SDSK
[11:14:21] 🔄 Identity reset
[11:14:21] 🔄 Identity rotated (every 10 requests)
[11:14:21] [339/445] VBOL
[11:14:22] [340/445] RMGM
[11:14:23] [341/445] NOPL
[11:14:24] [342/445] MKJK
[11:14:25] [343/445] CVRN
[11:14:25] [344/445] MMEN
[11:14:27] [345/445] AMNG
[11:14:28] [346/445] INTM
[11:14:29] [347/445] SLCZ
[11:14:30] [348/445] AMJN
[11:14:30] 🔄 Identity reset
[11:14:30] 🔄 Identity rotated (every 10 requests)
[11:14:31] [349/445] ACJN
[11:14:32] [350/445] AMKN
[11:14:33] [351/445] BTCN
[11:14:34] [352/445] AMBT
[11:14:35] [353/445] PACN
[11:14:36] [354/445] LCNS
[11:14:37] [355/445] PPKC
[11:14:38] [356/445] JYYN
[11:14:39] [357/445] JTNR
[11:14:40] [358/445] GTEE
[11:14:41] 🔄 Identity reset
[11:14:41] 🔄 Identity rotated (every 10 requests)
[11:14:41] 🔄 Retry 1/5 for GTEE in 2.8s
[11:14:41] 🔄 Identity reset
[11:14:43] 🧠 New identity created
[11:14:44] 🔄 Retry 2/5 for GTEE in 4.1s
[11:14:44] 🔄 Identity reset
[11:14:48] 🧠 New identity created
[11:14:48] [359/445] SRNM
[11:14:49] [360/445] SDTC
[11:14:50] [361/445] VPCA
[11:14:51] [362/445] VLRA
[11:14:52] [363/445] SHKR
[11:14:53] [364/445] SBKD
[11:14:54] [365/445] SAAD
[11:14:55] [366/445] JTGN
[11:14:55] 🔄 Identity reset
[11:14:55] 🔄 Identity rotated (every 10 requests)
[11:14:56] [367/445] SLAM
[11:14:57] [368/445] VTPM
[11:14:57] [369/445] ANPT
[11:14:58] [370/445] PUNB
[11:14:59] [371/445] CPKT
[11:15:00] [372/445] CNWE
[11:15:01] [373/445] ECPP
[11:15:02] [374/445] CPAR
[11:15:03] [375/445] ESBW
[11:15:04] [376/445] PKPU
[11:15:04] 🔄 Identity reset
[11:15:04] 🔄 Identity rotated (every 10 requests)
[11:15:05] [377/445] CPRP
[11:15:06] [378/445] RAHU
[11:15:07] [379/445] RHMN
[11:15:08] [380/445] FMJP
[11:15:09] [381/445] CTMP
[11:15:10] [382/445] INPN
[11:15:11] [383/445] STTG
[11:15:12] [384/445] CTRD
[11:15:13] [385/445] PUVB
[11:15:14] [386/445] ESVP
[11:15:14] 🔄 Identity reset
[11:15:14] 🔄 Identity rotated (every 10 requests)
[11:15:15] 🔄 Retry 1/5 for ESVP in 2.4s
[11:15:15] 🔄 Identity reset
[11:15:17] 🧠 New identity created
[11:15:17] [387/445] CPFT
[11:15:18] [388/445] LCPC
[11:15:19] [389/445] VBCT
[11:15:20] [390/445] FSCW
[11:15:21] [391/445] VCMP
[11:15:21] [392/445] ASHC
[11:15:22] [393/445] VLCX
[11:15:24] [394/445] SHEV
[11:15:24] [395/445] APCO
[11:15:25] 🔄 Identity reset
[11:15:25] 🔄 Identity rotated (every 10 requests)
[11:15:25] [396/445] SILC
[11:15:27] [397/445] SNMR
[11:15:28] [398/445] KYBO
[11:15:29] [399/445] SATK
[11:15:30] [400/445] SSCS
[11:15:31] [401/445] CLSB
[11:15:31] [402/445] KMJR
[11:15:32] [403/445] FSCK
[11:15:33] [404/445] NNKA
[11:15:34] [405/445] CLMK
[11:15:35] 🔄 Identity reset
[11:15:35] 🔄 Identity rotated (every 10 requests)
[11:15:35] [406/445] DMPZ
[11:15:36] [407/445] INQM
[11:15:38] [408/445] CAML
[11:15:38] [409/445] INRK
[11:15:39] [410/445] IMKN
[11:15:40] [411/445] SVNR
[11:15:41] [412/445] INSL
[11:15:42] [413/445] MSMA
[11:15:43] [414/445] MCKK
[11:15:44] [415/445] FCHP
[11:15:44] 🔄 Identity reset
[11:15:44] 🔄 Identity rotated (every 10 requests)
[11:15:45] [416/445] SFCR
[11:15:46] [417/445] NACK
[11:15:47] [418/445] PVAK
[11:15:47] [419/445] INER
[11:15:48] [420/445] RDBK
[11:15:49] [421/445] SVFN
[11:15:50] [422/445] IFRM
[11:15:51] [423/445] ATCK
[11:15:52] [424/445] ASKO
[11:15:54] [425/445] STKT
[11:15:54] 🔄 Identity reset
[11:15:54] 🔄 Identity rotated (every 10 requests)
[11:15:55] [426/445] SVFB
[11:15:56] [427/445] INKS
[11:15:57] [428/445] PCRA
[11:15:57] [429/445] ATJA
[11:15:58] [430/445] IMJN
[11:16:00] [431/445] INHD
[11:16:01] [432/445] BARA
[11:16:02] [433/445] MCSL
[11:16:03] [434/445] RTOY
[11:16:05] [435/445] MENO
[11:16:05] 🔄 Identity reset
[11:16:05] 🔄 Identity rotated (every 10 requests)
[11:16:05] 🔄 Retry 1/5 for MENO in 2.6s
[11:16:05] 🔄 Identity reset
[11:16:08] 🧠 New identity created
[11:16:08] [436/445] PUDM
[11:16:09] [437/445] PRCN
[11:16:11] [438/445] JMJR
[11:16:12] [439/445] SSGK
[11:16:14] [440/445] SSRL
[11:16:15] [441/445] JYKL
[11:16:16] [442/445] ACNB
[11:16:17] [443/445] SONP
[11:16:18] [444/445] EMCI
[11:16:19] 🔄 Identity reset
[11:16:19] 🔄 Identity rotated (every 10 requests)
[11:16:19] [445/445] MRJH
[11:16:20] 🔁 RETRY ROUND 1 | Remaining: 1
[11:16:20] [RETRY-1] SMTX
[11:16:23] ✅ DONE | Shows=1567 | Movies=79
[12:06:53] 🚀 BMS DAILY TRACKER STARTED (enhanced anti‑detection)
[12:06:53] [1/445] TGMR
[12:06:54] 🧠 New identity created
[12:06:55] [2/445] CXKR
[12:06:56] [3/445] SROP
[12:06:56] [4/445] GTSV
[12:06:57] [5/445] SNTY
[12:06:59] [6/445] SMYY
[12:07:00] [7/445] CNCS
[12:07:01] [8/445] CSTM
[12:07:02] [9/445] NUCD
[12:07:03] [10/445] SHCZ
[12:07:04] 🔄 Identity reset
[12:07:04] 🔄 Identity rotated (every 10 requests)
[12:07:04] [11/445] NJCT
[12:07:05] [12/445] COPC
[12:07:06] [13/445] STVV
[12:07:07] [14/445] SKRN
[12:07:08] [15/445] APPZ
[12:07:09] [16/445] YMGN
[12:07:11] [17/445] SVTU
[12:07:12] [18/445] GTAD
[12:07:13] [19/445] PSUS
[12:07:15] [20/445] SMCD
[12:07:15] 🔄 Identity reset
[12:07:15] 🔄 Identity rotated (every 10 requests)
[12:07:15] 🔄 Retry 1/5 for SMCD in 2.2s
[12:07:15] 🔄 Identity reset
[12:07:17] 🧠 New identity created
[12:07:18] [21/445] CMCM
[12:07:19] [22/445] SYCT
[12:07:20] [23/445] STLY
[12:07:21] [24/445] CMHU
[12:07:22] [25/445] CMSA
[12:07:23] [26/445] CLCU
[12:07:24] [27/445] PPNT
[12:07:25] [28/445] JTAB
[12:07:26] [29/445] BUUC
[12:07:26] 🔄 Identity reset
[12:07:26] 🔄 Identity rotated (every 10 requests)
[12:07:26] 🔄 Retry 1/5 for BUUC in 2.5s
[12:07:26] 🔄 Identity reset
[12:07:29] 🧠 New identity created
[12:07:29] [30/445] BSVK
[12:07:30] [31/445] VVVQ
[12:07:31] [32/445] TKMU
[12:07:32] [33/445] ESYL
[12:07:34] [34/445] ACHP
[12:07:35] [35/445] BTKD
[12:07:36] [36/445] DESA
[12:07:37] [37/445] GBCT
[12:07:38] [38/445] BLLD
[12:07:38] 🔄 Identity reset
[12:07:38] 🔄 Identity rotated (every 10 requests)
[12:07:39] [39/445] SKNT
[12:07:40] [40/445] SSTE
[12:07:41] [41/445] VJMR
[12:07:42] [42/445] NTPU
[12:07:43] [43/445] RDKN
[12:07:44] [44/445] ADGC
[12:07:45] [45/445] VRBP
[12:07:46] [46/445] NMNA
[12:07:46] [47/445] CMMX
[12:07:47] [48/445] PTKO
[12:07:48] 🔄 Identity reset
[12:07:48] 🔄 Identity rotated (every 10 requests)
[12:07:48] 🔄 Retry 1/5 for PTKO in 2.5s
[12:07:48] 🔄 Identity reset
[12:07:50] 🧠 New identity created
[12:07:51] [49/445] RBML
[12:07:52] [50/445] SAIC
[12:07:53] [51/445] SVTJ
[12:07:54] [52/445] MRTE
[12:07:55] [53/445] RBTP
[12:07:56] [54/445] NLPS
[12:07:57] [55/445] GTNA
[12:07:58] [56/445] DGGC
[12:07:59] [57/445] SMCR
[12:08:00] 🔄 Identity reset
[12:08:00] 🔄 Identity rotated (every 10 requests)
[12:08:00] 🔄 Retry 1/5 for SMCR in 2.2s
[12:08:00] 🔄 Identity reset
[12:08:02] 🧠 New identity created
[12:08:02] 🔄 Retry 2/5 for SMCR in 4.6s
[12:08:02] 🔄 Identity reset
[12:08:07] 🧠 New identity created
[12:08:07] 🔄 Retry 3/5 for SMCR in 8.0s
[12:08:07] 🔄 Identity reset
[12:08:15] 🧠 New identity created
[12:08:15] [58/445] SCGD
[12:08:17] [59/445] SRRJ
[12:08:18] [60/445] CNRY
[12:08:19] [61/445] KTDI
[12:08:20] [62/445] SNJL
[12:08:21] [63/445] RKMD
[12:08:22] [64/445] SMDC
[12:08:23] 🔄 Identity reset
[12:08:23] 🔄 Identity rotated (every 10 requests)
[12:08:23] 🔄 Retry 1/5 for SMDC in 2.4s
[12:08:23] 🔄 Identity reset
[12:08:25] 🧠 New identity created
[12:08:25] 🔄 Retry 2/5 for SMDC in 4.0s
[12:08:25] 🔄 Identity reset
[12:08:30] 🧠 New identity created
[12:08:30] [65/445] TADG
[12:08:31] [66/445] MCGS
[12:08:32] [67/445] PETK
[12:08:33] [68/445] CHAG
[12:08:33] [69/445] KSTL
[12:08:34] [70/445] AADS
[12:08:35] [71/445] NTHZ
[12:08:36] [72/445] HCKI
[12:08:36] 🔄 Identity reset
[12:08:36] 🔄 Identity rotated (every 10 requests)
[12:08:37] [73/445] SSEF
[12:08:38] [74/445] MCGX
[12:08:39] [75/445] ERRA
[12:08:40] [76/445] SDTW
[12:08:41] [77/445] RMPK
[12:08:42] [78/445] PTHK
[12:08:43] [79/445] PXCS
[12:08:44] [80/445] SVLU
[12:08:46] [81/445] STAH
[12:08:47] [82/445] JRGF
[12:08:47] 🔄 Identity reset
[12:08:47] 🔄 Identity rotated (every 10 requests)
[12:08:47] 🔄 Retry 1/5 for JRGF in 2.6s
[12:08:47] 🔄 Identity reset
[12:08:50] 🧠 New identity created
[12:08:50] 🔄 Retry 2/5 for JRGF in 4.2s
[12:08:50] 🔄 Identity reset
[12:08:54] 🧠 New identity created
[12:08:54] 🔄 Retry 3/5 for JRGF in 9.0s
[12:08:54] 🔄 Identity reset
[12:09:03] 🧠 New identity created
[12:09:03] 🔄 Retry 4/5 for JRGF in 16.1s
[12:09:03] 🔄 Identity reset
[12:09:19] 🧠 New identity created
[12:09:20] ❌ JRGF failed after 5 attempts
[12:09:20] 🔄 Identity reset
[12:09:20] ❌ JRGF final failure | RuntimeError | HTTP 403
[12:09:20] [83/445] CDOK
[12:09:20] 🧠 New identity created
[12:09:21] [84/445] CMSG
[12:09:22] [85/445] APTD
[12:09:23] [86/445] KMPG
[12:09:24] [87/445] MUTJ
[12:09:25] [88/445] VCCI
[12:09:26] 🔄 Identity reset
[12:09:26] 🔄 Identity rotated (every 10 requests)
[12:09:26] [89/445] URBE
[12:09:27] [90/445] TCTS
[12:09:28] [91/445] STSN
[12:09:29] [92/445] AKCH
[12:09:30] [93/445] APSC
[12:09:31] [94/445] VLTB
[12:09:32] [95/445] SANU
[12:09:33] [96/445] AXAM
[12:09:34] [97/445] MGMG
[12:09:35] [98/445] HTBY
[12:09:35] 🔄 Identity reset
[12:09:35] 🔄 Identity rotated (every 10 requests)
[12:09:35] [99/445] MMZS
[12:09:36] [100/445] SUDR
[12:09:37] [101/445] CCAD
[12:09:38] [102/445] SKKC
[12:09:39] [103/445] RMCD
[12:09:40] [104/445] SBCQ
[12:09:41] [105/445] DCCT
[12:09:42] [106/445] VTKP
[12:09:43] [107/445] MLAM
[12:09:44] [108/445] SAVT
[12:09:45] 🔄 Identity reset
[12:09:45] 🔄 Identity rotated (every 10 requests)
[12:09:45] [109/445] GEPL
[12:09:46] [110/445] AMCD
[12:09:47] [111/445] CCXR
[12:09:48] [112/445] GRNG
[12:09:49] [113/445] EBCA
[12:09:49] [114/445] CNVG
[12:09:50] [115/445] MWSS
[12:09:51] [116/445] VBOR
[12:09:52] [117/445] NEEB
[12:09:53] [118/445] SUTH
[12:09:53] 🔄 Identity reset
[12:09:53] 🔄 Identity rotated (every 10 requests)
[12:09:53] 🔄 Retry 1/5 for SUTH in 2.2s
[12:09:53] 🔄 Identity reset
[12:09:56] 🧠 New identity created
[12:09:56] [119/445] ANDB
[12:09:58] [120/445] MMXS
[12:09:58] [121/445] CNPD
[12:10:00] [122/445] SDCE
[12:10:01] [123/445] DHCB
[12:10:02] [124/445] ODEN
[12:10:03] [125/445] TNTC
[12:10:04] [126/445] VBKM
[12:10:05] [127/445] RZYM
[12:10:05] 🔄 Identity reset
[12:10:05] 🔄 Identity rotated (every 10 requests)
[12:10:05] 🔄 Retry 1/5 for RZYM in 2.7s
[12:10:05] 🔄 Identity reset
[12:10:08] 🧠 New identity created
[12:10:08] [128/445] JEMC
[12:10:09] [129/445] CMAU
[12:10:10] [130/445] SIVP
[12:10:11] [131/445] ATAG
[12:10:11] [132/445] CHTM
[12:10:12] [133/445] AAEE
[12:10:13] [134/445] IWPM
[12:10:14] [135/445] KCMW
[12:10:16] [136/445] MCTD
[12:10:17] 🔄 Identity reset
[12:10:17] 🔄 Identity rotated (every 10 requests)
[12:10:17] 🔄 Retry 1/5 for MCTD in 2.8s
[12:10:17] 🔄 Identity reset
[12:10:20] 🧠 New identity created
[12:10:20] 🔄 Retry 2/5 for MCTD in 4.6s
[12:10:20] 🔄 Identity reset
[12:10:24] 🧠 New identity created
[12:10:25] [137/445] SPWR
[12:10:25] [138/445] SDPO
[12:10:27] [139/445] PCSK
[12:10:28] [140/445] ACHV
[12:10:29] [141/445] SVLA
[12:10:30] [142/445] PICT
[12:10:32] [143/445] BXDR
[12:10:32] [144/445] SPWA
[12:10:33] 🔄 Identity reset
[12:10:33] 🔄 Identity rotated (every 10 requests)
[12:10:33] [145/445] MCKO
[12:10:34] [146/445] RTHK
[12:10:36] [147/445] CCMF
[12:10:38] [148/445] MRGB
[12:10:38] [149/445] CPLC
[12:10:39] [150/445] RACD
[12:10:40] [151/445] ATKT
[12:10:41] [152/445] SARN
[12:10:42] [153/445] KKUI
[12:10:44] [154/445] RGCM
[12:10:44] 🔄 Identity reset
[12:10:44] 🔄 Identity rotated (every 10 requests)
[12:10:44] 🔄 Retry 1/5 for RGCM in 2.5s
[12:10:44] 🔄 Identity reset
[12:10:47] 🧠 New identity created
[12:10:47] 🔄 Retry 2/5 for RGCM in 4.4s
[12:10:47] 🔄 Identity reset
[12:10:51] 🧠 New identity created
[12:10:52] [155/445] BRVP
[12:10:53] [156/445] HRSR
[12:10:54] [157/445] GKGM
[12:10:56] [158/445] TTCD
[12:10:57] [159/445] PTTI
[12:10:58] [160/445] MPTT
[12:10:59] [161/445] CVTT
[12:11:00] [162/445] PCXD
[12:11:01] 🔄 Identity reset
[12:11:01] 🔄 Identity rotated (every 10 requests)
[12:11:01] 🔄 Retry 1/5 for PCXD in 3.0s
[12:11:01] 🔄 Identity reset
[12:11:04] 🧠 New identity created
[12:11:04] [163/445] GCDC
[12:11:05] [164/445] CCCF
[12:11:06] [165/445] MRAD
[12:11:07] [166/445] CPLK
[12:11:08] [167/445] SATB
[12:11:09] [168/445] SNVG
[12:11:10] [169/445] JMBA
[12:11:11] [170/445] TEJA
[12:11:12] [171/445] STYO
[12:11:12] 🔄 Identity reset
[12:11:12] 🔄 Identity rotated (every 10 requests)
[12:11:12] [172/445] JTBP
[12:11:13] [173/445] KRGD
[12:11:14] [174/445] SLJJ
[12:11:15] [175/445] SPTJ
[12:11:16] [176/445] SWJG
[12:11:17] [177/445] LKRT
[12:11:18] [178/445] KCKA
[12:11:19] [179/445] SNCR
[12:11:20] [180/445] SMKL
[12:11:20] [181/445] GCFA
[12:11:21] 🔄 Identity reset
[12:11:21] 🔄 Identity rotated (every 10 requests)
[12:11:21] [182/445] DDCK
[12:11:22] [183/445] NCHJ
[12:11:23] [184/445] RDMA
[12:11:24] [185/445] SVSV
[12:11:25] [186/445] SCJG
[12:11:26] [187/445] VKLP
[12:11:27] [188/445] NWCC
[12:11:28] [189/445] VKNS
[12:11:29] [190/445] SDDP
[12:11:30] [191/445] ACSI
[12:11:31] 🔄 Identity reset
[12:11:31] 🔄 Identity rotated (every 10 requests)
[12:11:31] [192/445] SATG
[12:11:32] [193/445] SCMW
[12:11:33] [194/445] LKTK
[12:11:34] [195/445] VCKV
[12:11:35] [196/445] KKPE
[12:11:35] [197/445] KIGH
[12:11:36] [198/445] SRPM
[12:11:37] [199/445] SCAH
[12:11:38] [200/445] MUTA
[12:11:39] [201/445] SEPU
[12:11:39] 🔄 Identity reset
[12:11:39] 🔄 Identity rotated (every 10 requests)
[12:11:39] 🔄 Retry 1/5 for SEPU in 2.4s
[12:11:39] 🔄 Identity reset
[12:11:42] 🧠 New identity created
[12:11:42] 🔄 Retry 2/5 for SEPU in 4.7s
[12:11:42] 🔄 Identity reset
[12:11:47] 🧠 New identity created
[12:11:47] 🔄 Retry 3/5 for SEPU in 8.4s
[12:11:47] 🔄 Identity reset
[12:11:55] 🧠 New identity created
[12:11:56] [202/445] INOA
[12:11:57] [203/445] BASK
[12:11:58] [204/445] NECB
[12:11:59] [205/445] GTTG
[12:12:00] [206/445] ASSA
[12:12:01] [207/445] ANCL
[12:12:01] [208/445] GCTI
[12:12:02] 🔄 Identity reset
[12:12:02] 🔄 Identity rotated (every 10 requests)
[12:12:02] 🔄 Retry 1/5 for GCTI in 2.1s
[12:12:02] 🔄 Identity reset
[12:12:04] 🧠 New identity created
[12:12:04] 🔄 Retry 2/5 for GCTI in 4.7s
[12:12:04] 🔄 Identity reset
[12:12:09] 🧠 New identity created
[12:12:09] [209/445] RCTS
[12:12:10] [210/445] ACNL
[12:12:11] [211/445] MYCT
[12:12:12] [212/445] NMHT
[12:12:13] [213/445] MDIT
[12:12:14] [214/445] LATG
[12:12:15] [215/445] SMTY
[12:12:16] [216/445] CVCT
[12:12:16] 🔄 Identity reset
[12:12:16] 🔄 Identity rotated (every 10 requests)
[12:12:17] [217/445] RAMB
[12:12:18] [218/445] TGMS
[12:12:19] [219/445] BHEL
[12:12:20] [220/445] SHCT
[12:12:21] [221/445] SVCT
[12:12:22] [222/445] MRIY
[12:12:23] [223/445] SARO
[12:12:24] [224/445] STCT
[12:12:25] [225/445] JKKC
[12:12:26] [226/445] PLTT
[12:12:26] 🔄 Identity reset
[12:12:26] 🔄 Identity rotated (every 10 requests)
[12:12:26] 🔄 Retry 1/5 for PLTT in 2.1s
[12:12:26] 🔄 Identity reset
[12:12:29] 🧠 New identity created
[12:12:29] [227/445] SRNT
[12:12:30] [228/445] YAST
[12:12:31] [229/445] PERL
[12:12:32] [230/445] CICM
[12:12:33] [231/445] MMTR
[12:12:34] [232/445] ABTK
[12:12:35] [233/445] ATYY
[12:12:36] [234/445] ASTK
[12:12:37] [235/445] VVCK
[12:12:38] 🔄 Identity reset
[12:12:38] 🔄 Identity rotated (every 10 requests)
[12:12:38] 🔄 Retry 1/5 for VVCK in 2.4s
[12:12:38] 🔄 Identity reset
[12:12:40] 🧠 New identity created
[12:12:41] [236/445] ATKY
[12:12:42] [237/445] GWEK
[12:12:43] [238/445] SVFH
[12:12:44] [239/445] SLTA
[12:12:45] [240/445] AASH
[12:12:46] [241/445] ACXB
[12:12:46] [242/445] SMTX
[12:12:47] [243/445] AZDH
[12:12:48] [244/445] CMMH
[12:12:49] 🔄 Identity reset
[12:12:49] 🔄 Identity rotated (every 10 requests)
[12:12:49] [245/445] SCSZ
[12:12:51] [246/445] SCKP
[12:12:51] [247/445] NXTM
[12:12:52] [248/445] NWCS
[12:12:53] [249/445] CXMH
[12:12:54] [250/445] PCMA
[12:12:55] [251/445] SGCM
[12:12:56] [252/445] SDTU
[12:12:57] [253/445] MMVI
[12:12:58] [254/445] JKCM
[12:12:58] 🔄 Identity reset
[12:12:58] 🔄 Identity rotated (every 10 requests)
[12:12:59] [255/445] VCMM
[12:12:59] [256/445] SYEE
[12:13:00] [257/445] VASD
[12:13:01] [258/445] BDRB
[12:13:02] [259/445] LASM
[12:13:03] [260/445] DCRL
[12:13:03] [261/445] DVPM
[12:13:04] [262/445] SBMJ
[12:13:05] [263/445] CBMU
[12:13:06] [264/445] IUBS
[12:13:07] 🔄 Identity reset
[12:13:07] 🔄 Identity rotated (every 10 requests)
[12:13:07] [265/445] INAP
[12:13:08] [266/445] SRRC
[12:13:09] [267/445] SAGR
[12:13:10] [268/445] CPMJ
[12:13:11] [269/445] ATJL
[12:13:12] [270/445] NNTD
[12:13:13] [271/445] JHCJ
[12:13:14] [272/445] CMMP
[12:13:15] [273/445] RSDR
[12:13:15] [274/445] AMTI
[12:13:16] 🔄 Identity reset
[12:13:16] 🔄 Identity rotated (every 10 requests)
[12:13:16] [275/445] NYSG
[12:13:17] [276/445] AVSG
[12:13:18] [277/445] SYTP
[12:13:19] [278/445] LARC
[12:13:20] [279/445] RJTP
[12:13:21] [280/445] LAKC
[12:13:22] [281/445] MCXE
[12:13:23] [282/445] CCZC
[12:13:24] [283/445] AVCH
[12:13:25] [284/445] CMBE
[12:13:25] 🔄 Identity reset
[12:13:25] 🔄 Identity rotated (every 10 requests)
[12:13:26] [285/445] MRRC
[12:13:26] [286/445] PCPY
[12:13:27] [287/445] SRMH
[12:13:28] [288/445] SVGS
[12:13:29] [289/445] PCSE
[12:13:30] [290/445] SVFT
[12:13:31] [291/445] TNZP
[12:13:32] [292/445] ICTP
[12:13:33] [293/445] ACTZ
[12:13:33] [294/445] GTUR
[12:13:34] 🔄 Identity reset
[12:13:34] 🔄 Identity rotated (every 10 requests)
[12:13:34] [295/445] MAFC
[12:13:36] [296/445] MINL
[12:13:37] [297/445] MRCL
[12:13:38] [298/445] RCRP
[12:13:39] [299/445] RFFG
[12:13:40] [300/445] RMAS
[12:13:41] [301/445] INVR
[12:13:42] [302/445] RMAR
[12:13:43] [303/445] CNIS
[12:13:44] [304/445] RHRJ
[12:13:44] 🔄 Identity reset
[12:13:44] 🔄 Identity rotated (every 10 requests)
[12:13:45] [305/445] INXR
[12:13:46] [306/445] VALT
[12:13:47] [307/445] LCSH
[12:13:48] [308/445] CMVS
[12:13:49] [309/445] CNMS
[12:13:50] [310/445] ROOG
[12:13:51] [311/445] ISRM
[12:13:52] [312/445] RCRM
[12:13:53] [313/445] ACJA
[12:13:54] [314/445] RCVS
[12:13:55] 🔄 Identity reset
[12:13:55] 🔄 Identity rotated (every 10 requests)
[12:13:55] [315/445] CPUS
[12:13:56] [316/445] TGCS
[12:13:57] [317/445] RKCJ
[12:13:58] [318/445] MKSB
[12:13:59] [319/445] TCSJ
[12:14:00] [320/445] RMGP
[12:14:01] [321/445] CLLP
[12:14:01] [322/445] RCMV
[12:14:02] [323/445] CCKS
[12:14:03] [324/445] RSRP
[12:14:04] 🔄 Identity reset
[12:14:04] 🔄 Identity rotated (every 10 requests)
[12:14:04] [325/445] APLP
[12:14:06] [326/445] CNVS
[12:14:07] [327/445] RMVY
[12:14:09] [328/445] PGBD
[12:14:10] [329/445] KLMS
[12:14:11] [330/445] RUST
[12:14:12] [331/445] MASM
[12:14:13] [332/445] BACS
[12:14:13] [333/445] BWST
[12:14:14] [334/445] RRFH
[12:14:15] 🔄 Identity reset
[12:14:15] 🔄 Identity rotated (every 10 requests)
[12:14:15] [335/445] SJTM
[12:14:16] [336/445] BEMR
[12:14:17] [337/445] MCGR
[12:14:18] [338/445] SDSK
[12:14:19] [339/445] VBOL
[12:14:19] [340/445] RMGM
[12:14:20] [341/445] NOPL
[12:14:21] [342/445] MKJK
[12:14:22] [343/445] CVRN
[12:14:23] [344/445] MMEN
[12:14:24] 🔄 Identity reset
[12:14:24] 🔄 Identity rotated (every 10 requests)
[12:14:25] [345/445] AMNG
[12:14:26] [346/445] INTM
[12:14:27] [347/445] SLCZ
[12:14:28] [348/445] AMJN
[12:14:29] [349/445] ACJN
[12:14:30] [350/445] AMKN
[12:14:31] [351/445] BTCN
[12:14:32] [352/445] AMBT
[12:14:33] [353/445] PACN
[12:14:34] [354/445] LCNS
[12:14:35] 🔄 Identity reset
[12:14:35] 🔄 Identity rotated (every 10 requests)
[12:14:35] [355/445] PPKC
[12:14:36] [356/445] JYYN
[12:14:37] [357/445] JTNR
[12:14:38] [358/445] GTEE
[12:14:39] [359/445] SRNM
[12:14:40] [360/445] SDTC
[12:14:41] [361/445] VPCA
[12:14:42] [362/445] VLRA
[12:14:43] [363/445] SHKR
[12:14:44] [364/445] SBKD
[12:14:45] 🔄 Identity reset
[12:14:45] 🔄 Identity rotated (every 10 requests)
[12:14:45] [365/445] SAAD
[12:14:47] [366/445] JTGN
[12:14:48] [367/445] SLAM
[12:14:49] [368/445] VTPM
[12:14:50] [369/445] ANPT
[12:14:51] [370/445] PUNB
[12:14:52] [371/445] CPKT
[12:14:52] [372/445] CNWE
[12:14:53] [373/445] ECPP
[12:14:54] [374/445] CPAR
[12:14:55] 🔄 Identity reset
[12:14:55] 🔄 Identity rotated (every 10 requests)
[12:14:55] [375/445] ESBW
[12:14:57] [376/445] PKPU
[12:14:58] [377/445] CPRP
[12:14:59] [378/445] RAHU
[12:15:00] [379/445] RHMN
[12:15:01] [380/445] FMJP
[12:15:03] [381/445] CTMP
[12:15:04] [382/445] INPN
[12:15:05] [383/445] STTG
[12:15:05] [384/445] CTRD
[12:15:06] 🔄 Identity reset
[12:15:06] 🔄 Identity rotated (every 10 requests)
[12:15:06] [385/445] PUVB
[12:15:07] [386/445] ESVP
[12:15:08] [387/445] CPFT
[12:15:09] [388/445] LCPC
[12:15:10] [389/445] VBCT
[12:15:11] [390/445] FSCW
[12:15:12] [391/445] VCMP
[12:15:13] [392/445] ASHC
[12:15:13] [393/445] VLCX
[12:15:14] [394/445] SHEV
[12:15:15] 🔄 Identity reset
[12:15:15] 🔄 Identity rotated (every 10 requests)
[12:15:15] [395/445] APCO
[12:15:16] [396/445] SILC
[12:15:17] [397/445] SNMR
[12:15:18] [398/445] KYBO
[12:15:20] [399/445] SATK
[12:15:21] [400/445] SSCS
[12:15:22] [401/445] CLSB
[12:15:23] [402/445] KMJR
[12:15:24] [403/445] FSCK
[12:15:25] [404/445] NNKA
[12:15:26] 🔄 Identity reset
[12:15:26] 🔄 Identity rotated (every 10 requests)
[12:15:26] 🔄 Retry 1/5 for NNKA in 2.2s
[12:15:26] 🔄 Identity reset
[12:15:28] 🧠 New identity created
[12:15:28] [405/445] CLMK
[12:15:29] [406/445] DMPZ
[12:15:30] [407/445] INQM
[12:15:31] [408/445] CAML
[12:15:32] [409/445] INRK
[12:15:33] [410/445] IMKN
[12:15:34] [411/445] SVNR
[12:15:35] [412/445] INSL
[12:15:36] [413/445] MSMA
[12:15:36] 🔄 Identity reset
[12:15:36] 🔄 Identity rotated (every 10 requests)
[12:15:37] [414/445] MCKK
[12:15:37] [415/445] FCHP
[12:15:38] [416/445] SFCR
[12:15:39] [417/445] NACK
[12:15:40] [418/445] PVAK
[12:15:41] [419/445] INER
[12:15:42] [420/445] RDBK
[12:15:44] [421/445] SVFN
[12:15:45] [422/445] IFRM
[12:15:46] [423/445] ATCK
[12:15:46] 🔄 Identity reset
[12:15:46] 🔄 Identity rotated (every 10 requests)
[12:15:47] [424/445] ASKO
[12:15:47] [425/445] STKT
[12:15:48] [426/445] SVFB
[12:15:49] [427/445] INKS
[12:15:50] [428/445] PCRA
[12:15:51] [429/445] ATJA
[12:15:52] [430/445] IMJN
[12:15:53] [431/445] INHD
[12:15:54] [432/445] BARA
[12:15:55] [433/445] MCSL
[12:15:55] 🔄 Identity reset
[12:15:55] 🔄 Identity rotated (every 10 requests)
[12:15:55] 🔄 Retry 1/5 for MCSL in 2.9s
[12:15:55] 🔄 Identity reset
[12:15:58] 🧠 New identity created
[12:15:58] [434/445] RTOY
[12:15:59] [435/445] MENO
[12:16:00] [436/445] PUDM
[12:16:01] [437/445] PRCN
[12:16:02] [438/445] JMJR
[12:16:03] [439/445] SSGK
[12:16:04] [440/445] SSRL
[12:16:05] [441/445] JYKL
[12:16:05] [442/445] ACNB
[12:16:06] 🔄 Identity reset
[12:16:06] 🔄 Identity rotated (every 10 requests)
[12:16:07] [443/445] SONP
[12:16:08] [444/445] EMCI
[12:16:09] [445/445] MRJH
[12:16:10] 🔁 RETRY ROUND 1 | Remaining: 1
[12:16:10] [RETRY-1] JRGF
[12:16:13] ✅ DONE | Shows=1851 | Movies=82
[13:06:59] 🚀 BMS DAILY TRACKER STARTED (enhanced anti‑detection)
[13:06:59] [1/445] TGMR
[13:07:00] 🧠 New identity created
[13:07:00] [2/445] CXKR
[13:07:01] [3/445] SROP
[13:07:02] [4/445] GTSV
[13:07:03] [5/445] SNTY
[13:07:03] [6/445] SMYY
[13:07:05] [7/445] CNCS
[13:07:06] [8/445] CSTM
[13:07:07] [9/445] NUCD
[13:07:08] [10/445] SHCZ
[13:07:08] 🔄 Identity reset
[13:07:08] 🔄 Identity rotated (every 10 requests)
[13:07:08] [11/445] NJCT
[13:07:09] [12/445] COPC
[13:07:10] [13/445] STVV
[13:07:11] [14/445] SKRN
[13:07:12] [15/445] APPZ
[13:07:12] [16/445] YMGN
[13:07:13] [17/445] SVTU
[13:07:14] [18/445] GTAD
[13:07:15] [19/445] PSUS
[13:07:16] [20/445] SMCD
[13:07:16] 🔄 Identity reset
[13:07:16] 🔄 Identity rotated (every 10 requests)
[13:07:17] [21/445] CMCM
[13:07:17] [22/445] SYCT
[13:07:18] [23/445] STLY
[13:07:19] [24/445] CMHU
[13:07:20] [25/445] CMSA
[13:07:21] [26/445] CLCU
[13:07:21] [27/445] PPNT
[13:07:22] [28/445] JTAB
[13:07:23] [29/445] BUUC
[13:07:24] [30/445] BSVK
[13:07:24] 🔄 Identity reset
[13:07:24] 🔄 Identity rotated (every 10 requests)
[13:07:25] [31/445] VVVQ
[13:07:25] [32/445] TKMU
[13:07:26] [33/445] ESYL
[13:07:27] [34/445] ACHP
[13:07:28] [35/445] BTKD
[13:07:29] [36/445] DESA
[13:07:30] [37/445] GBCT
[13:07:30] [38/445] BLLD
[13:07:32] [39/445] SKNT
[13:07:33] [40/445] SSTE
[13:07:33] 🔄 Identity reset
[13:07:33] 🔄 Identity rotated (every 10 requests)
[13:07:33] [41/445] VJMR
[13:07:34] [42/445] NTPU
[13:07:35] [43/445] RDKN
[13:07:37] [44/445] ADGC
[13:07:38] [45/445] VRBP
[13:07:38] [46/445] NMNA
[13:07:39] [47/445] CMMX
[13:07:41] [48/445] PTKO
[13:07:41] [49/445] RBML
[13:07:42] [50/445] SAIC
[13:07:43] 🔄 Identity reset
[13:07:43] 🔄 Identity rotated (every 10 requests)
[13:07:43] 🔄 Retry 1/5 for SAIC in 2.0s
[13:07:43] 🔄 Identity reset
[13:07:45] 🧠 New identity created
[13:07:45] [51/445] SVTJ
[13:07:46] [52/445] MRTE
[13:07:47] [53/445] RBTP
[13:07:48] [54/445] NLPS
[13:07:50] [55/445] GTNA
[13:07:51] [56/445] DGGC
[13:07:51] [57/445] SMCR
[13:07:52] [58/445] SCGD
[13:07:53] [59/445] SRRJ
[13:07:54] 🔄 Identity reset
[13:07:54] 🔄 Identity rotated (every 10 requests)
[13:07:54] [60/445] CNRY
[13:07:55] [61/445] KTDI
[13:07:56] [62/445] SNJL
[13:07:58] [63/445] RKMD
[13:07:59] [64/445] SMDC
[13:07:59] [65/445] TADG
[13:08:00] [66/445] MCGS
[13:08:01] [67/445] PETK
[13:08:02] [68/445] CHAG
[13:08:03] [69/445] KSTL
[13:08:03] 🔄 Identity reset
[13:08:03] 🔄 Identity rotated (every 10 requests)
[13:08:04] [70/445] AADS
[13:08:04] [71/445] NTHZ
[13:08:05] [72/445] HCKI
[13:08:06] [73/445] SSEF
[13:08:07] [74/445] MCGX
[13:08:08] [75/445] ERRA
[13:08:08] [76/445] SDTW
[13:08:09] [77/445] RMPK
[13:08:10] [78/445] PTHK
[13:08:11] [79/445] PXCS
[13:08:11] 🔄 Identity reset
[13:08:11] 🔄 Identity rotated (every 10 requests)
[13:08:12] [80/445] SVLU
[13:08:13] [81/445] STAH
[13:08:14] [82/445] JRGF
[13:08:15] [83/445] CDOK
[13:08:16] [84/445] CMSG
[13:08:17] [85/445] APTD
[13:08:18] [86/445] KMPG
[13:08:18] [87/445] MUTJ
[13:08:19] [88/445] VCCI
[13:08:20] [89/445] URBE
[13:08:21] 🔄 Identity reset
[13:08:21] 🔄 Identity rotated (every 10 requests)
[13:08:21] [90/445] TCTS
[13:08:22] [91/445] STSN
[13:08:23] [92/445] AKCH
[13:08:24] [93/445] APSC
[13:08:25] [94/445] VLTB
[13:08:26] [95/445] SANU
[13:08:27] [96/445] AXAM
[13:08:28] [97/445] MGMG
[13:08:29] [98/445] HTBY
[13:08:30] [99/445] MMZS
[13:08:31] 🔄 Identity reset
[13:08:31] 🔄 Identity rotated (every 10 requests)
[13:08:31] [100/445] SUDR
[13:08:32] [101/445] CCAD
[13:08:33] [102/445] SKKC
[13:08:34] [103/445] RMCD
[13:08:35] [104/445] SBCQ
[13:08:36] [105/445] DCCT
[13:08:37] [106/445] VTKP
[13:08:38] [107/445] MLAM
[13:08:39] [108/445] SAVT
[13:08:39] [109/445] GEPL
[13:08:40] 🔄 Identity reset
[13:08:40] 🔄 Identity rotated (every 10 requests)
[13:08:41] [110/445] AMCD
[13:08:41] [111/445] CCXR
[13:08:42] [112/445] GRNG
[13:08:43] [113/445] EBCA
[13:08:45] [114/445] CNVG
[13:08:45] [115/445] MWSS
[13:08:46] [116/445] VBOR
[13:08:47] [117/445] NEEB
[13:08:48] [118/445] SUTH
[13:08:49] [119/445] ANDB
[13:08:49] 🔄 Identity reset
[13:08:49] 🔄 Identity rotated (every 10 requests)
[13:08:50] [120/445] MMXS
[13:08:51] [121/445] CNPD
[13:08:52] [122/445] SDCE
[13:08:53] [123/445] DHCB
[13:08:53] [124/445] ODEN
[13:08:54] [125/445] TNTC
[13:08:55] [126/445] VBKM
[13:08:56] [127/445] RZYM
[13:08:57] [128/445] JEMC
[13:08:57] [129/445] CMAU
[13:08:58] 🔄 Identity reset
[13:08:58] 🔄 Identity rotated (every 10 requests)
[13:08:58] [130/445] SIVP
[13:08:59] [131/445] ATAG
[13:09:00] [132/445] CHTM
[13:09:00] [133/445] AAEE
[13:09:01] [134/445] IWPM
[13:09:02] [135/445] KCMW
[13:09:03] [136/445] MCTD
[13:09:04] [137/445] SPWR
[13:09:05] [138/445] SDPO
[13:09:06] [139/445] PCSK
[13:09:06] 🔄 Identity reset
[13:09:06] 🔄 Identity rotated (every 10 requests)
[13:09:06] [140/445] ACHV
[13:09:07] [141/445] SVLA
[13:09:08] [142/445] PICT
[13:09:09] [143/445] BXDR
[13:09:10] [144/445] SPWA
[13:09:11] [145/445] MCKO
[13:09:11] [146/445] RTHK
[13:09:12] [147/445] CCMF
[13:09:13] [148/445] MRGB
[13:09:14] [149/445] CPLC
[13:09:14] 🔄 Identity reset
[13:09:14] 🔄 Identity rotated (every 10 requests)
[13:09:15] [150/445] RACD
[13:09:15] [151/445] ATKT
[13:09:16] [152/445] SARN
[13:09:17] [153/445] KKUI
[13:09:18] [154/445] RGCM
[13:09:19] [155/445] BRVP
[13:09:20] [156/445] HRSR
[13:09:20] [157/445] GKGM
[13:09:21] [158/445] TTCD
[13:09:22] [159/445] PTTI
[13:09:23] 🔄 Identity reset
[13:09:23] 🔄 Identity rotated (every 10 requests)
[13:09:23] [160/445] MPTT
[13:09:24] [161/445] CVTT
[13:09:25] [162/445] PCXD
[13:09:25] [163/445] GCDC
[13:09:26] [164/445] CCCF
[13:09:27] [165/445] MRAD
[13:09:28] [166/445] CPLK
[13:09:29] [167/445] SATB
[13:09:29] [168/445] SNVG
[13:09:30] [169/445] JMBA
[13:09:31] 🔄 Identity reset
[13:09:31] 🔄 Identity rotated (every 10 requests)
[13:09:31] [170/445] TEJA
[13:09:32] [171/445] STYO
[13:09:33] [172/445] JTBP
[13:09:34] [173/445] KRGD
[13:09:35] [174/445] SLJJ
[13:09:36] [175/445] SPTJ
[13:09:37] [176/445] SWJG
[13:09:38] [177/445] LKRT
[13:09:38] [178/445] KCKA
[13:09:39] [179/445] SNCR
[13:09:40] 🔄 Identity reset
[13:09:40] 🔄 Identity rotated (every 10 requests)
[13:09:40] [180/445] SMKL
[13:09:41] [181/445] GCFA
[13:09:42] [182/445] DDCK
[13:09:43] [183/445] NCHJ
[13:09:45] [184/445] RDMA
[13:09:45] [185/445] SVSV
[13:09:46] [186/445] SCJG
[13:09:48] [187/445] VKLP
[13:09:49] [188/445] NWCC
[13:09:49] [189/445] VKNS
[13:09:50] 🔄 Identity reset
[13:09:50] 🔄 Identity rotated (every 10 requests)
[13:09:50] [190/445] SDDP
[13:09:51] [191/445] ACSI
[13:09:52] [192/445] SATG
[13:09:53] [193/445] SCMW
[13:09:53] [194/445] LKTK
[13:09:54] [195/445] VCKV
[13:09:55] [196/445] KKPE
[13:09:56] [197/445] KIGH
[13:09:57] [198/445] SRPM
[13:09:58] [199/445] SCAH
[13:09:59] 🔄 Identity reset
[13:09:59] 🔄 Identity rotated (every 10 requests)
[13:09:59] [200/445] MUTA
[13:10:00] [201/445] SEPU
[13:10:01] [202/445] INOA
[13:10:02] [203/445] BASK
[13:10:03] [204/445] NECB
[13:10:04] [205/445] GTTG
[13:10:05] [206/445] ASSA
[13:10:06] [207/445] ANCL
[13:10:07] [208/445] GCTI
[13:10:08] [209/445] RCTS
[13:10:08] 🔄 Identity reset
[13:10:08] 🔄 Identity rotated (every 10 requests)
[13:10:08] [210/445] ACNL
[13:10:09] [211/445] MYCT
[13:10:11] [212/445] NMHT
[13:10:11] [213/445] MDIT
[13:10:12] [214/445] LATG
[13:10:13] [215/445] SMTY
[13:10:14] [216/445] CVCT
[13:10:15] [217/445] RAMB
[13:10:16] [218/445] TGMS
[13:10:16] [219/445] BHEL
[13:10:17] 🔄 Identity reset
[13:10:17] 🔄 Identity rotated (every 10 requests)
[13:10:17] [220/445] SHCT
[13:10:18] [221/445] SVCT
[13:10:19] [222/445] MRIY
[13:10:20] [223/445] SARO
[13:10:21] [224/445] STCT
[13:10:22] [225/445] JKKC
[13:10:23] [226/445] PLTT
[13:10:24] [227/445] SRNT
[13:10:24] [228/445] YAST
[13:10:25] [229/445] PERL
[13:10:26] 🔄 Identity reset
[13:10:26] 🔄 Identity rotated (every 10 requests)
[13:10:27] [230/445] CICM
[13:10:28] [231/445] MMTR
[13:10:28] [232/445] ABTK
[13:10:29] [233/445] ATYY
[13:10:30] [234/445] ASTK
[13:10:31] [235/445] VVCK
[13:10:32] [236/445] ATKY
[13:10:32] [237/445] GWEK
[13:10:33] [238/445] SVFH
[13:10:34] [239/445] SLTA
[13:10:35] 🔄 Identity reset
[13:10:35] 🔄 Identity rotated (every 10 requests)
[13:10:35] 🔄 Retry 1/5 for SLTA in 2.2s
[13:10:35] 🔄 Identity reset
[13:10:37] 🧠 New identity created
[13:10:37] [240/445] AASH
[13:10:38] [241/445] ACXB
[13:10:39] [242/445] SMTX
[13:10:40] [243/445] AZDH
[13:10:41] [244/445] CMMH
[13:10:42] [245/445] SCSZ
[13:10:42] [246/445] SCKP
[13:10:44] [247/445] NXTM
[13:10:45] [248/445] NWCS
[13:10:45] 🔄 Identity reset
[13:10:45] 🔄 Identity rotated (every 10 requests)
[13:10:46] [249/445] CXMH
[13:10:46] [250/445] PCMA
[13:10:47] [251/445] SGCM
[13:10:48] [252/445] SDTU
[13:10:49] [253/445] MMVI
[13:10:50] [254/445] JKCM
[13:10:51] [255/445] VCMM
[13:10:52] [256/445] SYEE
[13:10:52] [257/445] VASD
[13:10:53] [258/445] BDRB
[13:10:54] 🔄 Identity reset
[13:10:54] 🔄 Identity rotated (every 10 requests)
[13:10:54] [259/445] LASM
[13:10:55] [260/445] DCRL
[13:10:56] [261/445] DVPM
[13:10:57] [262/445] SBMJ
[13:10:58] [263/445] CBMU
[13:10:58] [264/445] IUBS
[13:10:59] [265/445] INAP
[13:11:00] [266/445] SRRC
[13:11:02] [267/445] SAGR
[13:11:03] [268/445] CPMJ
[13:11:03] 🔄 Identity reset
[13:11:03] 🔄 Identity rotated (every 10 requests)
[13:11:04] [269/445] ATJL
[13:11:05] [270/445] NNTD
[13:11:06] [271/445] JHCJ
[13:11:07] [272/445] CMMP
[13:11:08] [273/445] RSDR
[13:11:09] [274/445] AMTI
[13:11:10] [275/445] NYSG
[13:11:10] [276/445] AVSG
[13:11:11] [277/445] SYTP
[13:11:13] [278/445] LARC
[13:11:13] 🔄 Identity reset
[13:11:13] 🔄 Identity rotated (every 10 requests)
[13:11:13] 🔄 Retry 1/5 for LARC in 2.9s
[13:11:13] 🔄 Identity reset
[13:11:16] 🧠 New identity created
[13:11:16] [279/445] RJTP
[13:11:17] [280/445] LAKC
[13:11:18] [281/445] MCXE
[13:11:19] [282/445] CCZC
[13:11:20] [283/445] AVCH
[13:11:20] [284/445] CMBE
[13:11:21] [285/445] MRRC
[13:11:22] [286/445] PCPY
[13:11:23] [287/445] SRMH
[13:11:24] 🔄 Identity reset
[13:11:24] 🔄 Identity rotated (every 10 requests)
[13:11:24] [288/445] SVGS
[13:11:25] [289/445] PCSE
[13:11:26] [290/445] SVFT
[13:11:26] [291/445] TNZP
[13:11:27] [292/445] ICTP
[13:11:28] [293/445] ACTZ
[13:11:29] [294/445] GTUR
[13:11:30] [295/445] MAFC
[13:11:31] [296/445] MINL
[13:11:32] [297/445] MRCL
[13:11:32] 🔄 Identity reset
[13:11:32] 🔄 Identity rotated (every 10 requests)
[13:11:33] [298/445] RCRP
[13:11:34] [299/445] RFFG
[13:11:34] [300/445] RMAS
[13:11:35] [301/445] INVR
[13:11:36] [302/445] RMAR
[13:11:37] [303/445] CNIS
[13:11:38] [304/445] RHRJ
[13:11:39] [305/445] INXR
[13:11:40] [306/445] VALT
[13:11:41] [307/445] LCSH
[13:11:41] 🔄 Identity reset
[13:11:42] 🔄 Identity rotated (every 10 requests)
[13:11:42] [308/445] CMVS
[13:11:43] [309/445] CNMS
[13:11:43] [310/445] ROOG
[13:11:44] [311/445] ISRM
[13:11:45] [312/445] RCRM
[13:11:46] [313/445] ACJA
[13:11:47] [314/445] RCVS
[13:11:48] [315/445] CPUS
[13:11:49] [316/445] TGCS
[13:11:50] [317/445] RKCJ
[13:11:50] 🔄 Identity reset
[13:11:50] 🔄 Identity rotated (every 10 requests)
[13:11:50] [318/445] MKSB
[13:11:51] [319/445] TCSJ
[13:11:52] [320/445] RMGP
[13:11:53] [321/445] CLLP
[13:11:53] [322/445] RCMV
[13:11:55] [323/445] CCKS
[13:11:56] [324/445] RSRP
[13:11:57] [325/445] APLP
[13:11:58] [326/445] CNVS
[13:11:59] [327/445] RMVY
[13:11:59] 🔄 Identity reset
[13:11:59] 🔄 Identity rotated (every 10 requests)
[13:12:00] [328/445] PGBD
[13:12:01] [329/445] KLMS
[13:12:01] [330/445] RUST
[13:12:02] [331/445] MASM
[13:12:04] [332/445] BACS
[13:12:05] [333/445] BWST
[13:12:06] [334/445] RRFH
[13:12:06] [335/445] SJTM
[13:12:07] [336/445] BEMR
[13:12:08] [337/445] MCGR
[13:12:09] 🔄 Identity reset
[13:12:09] 🔄 Identity rotated (every 10 requests)
[13:12:09] [338/445] SDSK
[13:12:10] [339/445] VBOL
[13:12:11] [340/445] RMGM
[13:12:12] [341/445] NOPL
[13:12:12] [342/445] MKJK
[13:12:13] [343/445] CVRN
[13:12:14] [344/445] MMEN
[13:12:15] [345/445] AMNG
[13:12:16] [346/445] INTM
[13:12:17] [347/445] SLCZ
[13:12:18] 🔄 Identity reset
[13:12:18] 🔄 Identity rotated (every 10 requests)
[13:12:19] [348/445] AMJN
[13:12:20] [349/445] ACJN
[13:12:21] [350/445] AMKN
[13:12:21] [351/445] BTCN
[13:12:22] [352/445] AMBT
[13:12:23] [353/445] PACN
[13:12:24] [354/445] LCNS
[13:12:25] [355/445] PPKC
[13:12:26] [356/445] JYYN
[13:12:27] [357/445] JTNR
[13:12:28] 🔄 Identity reset
[13:12:28] 🔄 Identity rotated (every 10 requests)
[13:12:28] [358/445] GTEE
[13:12:29] [359/445] SRNM
[13:12:30] [360/445] SDTC
[13:12:30] [361/445] VPCA
[13:12:32] [362/445] VLRA
[13:12:33] [363/445] SHKR
[13:12:34] [364/445] SBKD
[13:12:34] [365/445] SAAD
[13:12:35] [366/445] JTGN
[13:12:36] [367/445] SLAM
[13:12:37] 🔄 Identity reset
[13:12:37] 🔄 Identity rotated (every 10 requests)
[13:12:37] [368/445] VTPM
[13:12:38] [369/445] ANPT
[13:12:39] [370/445] PUNB
[13:12:40] [371/445] CPKT
[13:12:41] [372/445] CNWE
[13:12:41] [373/445] ECPP
[13:12:42] [374/445] CPAR
[13:12:43] [375/445] ESBW
[13:12:44] [376/445] PKPU
[13:12:45] [377/445] CPRP
[13:12:45] 🔄 Identity reset
[13:12:45] 🔄 Identity rotated (every 10 requests)
[13:12:46] [378/445] RAHU
[13:12:47] [379/445] RHMN
[13:12:48] [380/445] FMJP
[13:12:49] [381/445] CTMP
[13:12:50] [382/445] INPN
[13:12:51] [383/445] STTG
[13:12:52] [384/445] CTRD
[13:12:53] [385/445] PUVB
[13:12:54] [386/445] ESVP
[13:12:55] [387/445] CPFT
[13:12:55] 🔄 Identity reset
[13:12:55] 🔄 Identity rotated (every 10 requests)
[13:12:56] [388/445] LCPC
[13:12:57] [389/445] VBCT
[13:12:57] [390/445] FSCW
[13:12:58] [391/445] VCMP
[13:12:59] [392/445] ASHC
[13:13:00] [393/445] VLCX
[13:13:01] [394/445] SHEV
[13:13:02] [395/445] APCO
[13:13:03] [396/445] SILC
[13:13:04] [397/445] SNMR
[13:13:04] 🔄 Identity reset
[13:13:04] 🔄 Identity rotated (every 10 requests)
[13:13:04] [398/445] KYBO
[13:13:06] [399/445] SATK
[13:13:07] [400/445] SSCS
[13:13:08] [401/445] CLSB
[13:13:08] [402/445] KMJR
[13:13:09] [403/445] FSCK
[13:13:10] [404/445] NNKA
[13:13:11] [405/445] CLMK
[13:13:12] [406/445] DMPZ
[13:13:12] [407/445] INQM
[13:13:13] 🔄 Identity reset
[13:13:13] 🔄 Identity rotated (every 10 requests)
[13:13:13] [408/445] CAML
[13:13:14] [409/445] INRK
[13:13:15] [410/445] IMKN
[13:13:16] [411/445] SVNR
[13:13:17] [412/445] INSL
[13:13:18] [413/445] MSMA
[13:13:19] [414/445] MCKK
[13:13:19] [415/445] FCHP
[13:13:20] [416/445] SFCR
[13:13:21] [417/445] NACK
[13:13:22] 🔄 Identity reset
[13:13:22] 🔄 Identity rotated (every 10 requests)
[13:13:22] [418/445] PVAK
[13:13:23] [419/445] INER
[13:13:24] [420/445] RDBK
[13:13:25] [421/445] SVFN
[13:13:26] [422/445] IFRM
[13:13:26] [423/445] ATCK
[13:13:27] [424/445] ASKO
[13:13:28] [425/445] STKT
[13:13:29] [426/445] SVFB
[13:13:30] [427/445] INKS
[13:13:30] 🔄 Identity reset
[13:13:30] 🔄 Identity rotated (every 10 requests)
[13:13:31] [428/445] PCRA
[13:13:32] [429/445] ATJA
[13:13:33] [430/445] IMJN
[13:13:34] [431/445] INHD
[13:13:35] [432/445] BARA
[13:13:36] [433/445] MCSL
[13:13:37] [434/445] RTOY
[13:13:38] [435/445] MENO
[13:13:38] [436/445] PUDM
[13:13:40] [437/445] PRCN
[13:13:40] 🔄 Identity reset
[13:13:40] 🔄 Identity rotated (every 10 requests)
[13:13:41] [438/445] JMJR
[13:13:41] [439/445] SSGK
[13:13:42] [440/445] SSRL
[13:13:43] [441/445] JYKL
[13:13:44] [442/445] ACNB
[13:13:45] [443/445] SONP
[13:13:46] [444/445] EMCI
[13:13:47] [445/445] MRJH
[13:13:48] ✅ DONE | Shows=2083 | Movies=85
[14:09:23] 🚀 BMS DAILY TRACKER STARTED (enhanced anti‑detection)
[14:09:23] [1/445] TGMR
[14:09:24] 🧠 New identity created
[14:09:24] [2/445] CXKR
[14:09:25] [3/445] SROP
[14:09:26] [4/445] GTSV
[14:09:27] [5/445] SNTY
[14:09:28] [6/445] SMYY
[14:09:29] [7/445] CNCS
[14:09:30] [8/445] CSTM
[14:09:31] [9/445] NUCD
[14:09:32] [10/445] SHCZ
[14:09:33] 🔄 Identity reset
[14:09:33] 🔄 Identity rotated (every 10 requests)
[14:09:33] [11/445] NJCT
[14:09:34] [12/445] COPC
[14:09:35] [13/445] STVV
[14:09:36] [14/445] SKRN
[14:09:37] [15/445] APPZ
[14:09:38] [16/445] YMGN
[14:09:39] [17/445] SVTU
[14:09:40] [18/445] GTAD
[14:09:41] [19/445] PSUS
[14:09:41] [20/445] SMCD
[14:09:42] 🔄 Identity reset
[14:09:42] 🔄 Identity rotated (every 10 requests)
[14:09:42] 🔄 Retry 1/5 for SMCD in 2.2s
[14:09:42] 🔄 Identity reset
[14:09:44] 🧠 New identity created
[14:09:44] [21/445] CMCM
[14:09:46] [22/445] SYCT
[14:09:47] [23/445] STLY
[14:09:47] [24/445] CMHU
[14:09:48] [25/445] CMSA
[14:09:49] [26/445] CLCU
[14:09:50] [27/445] PPNT
[14:09:51] [28/445] JTAB
[14:09:51] [29/445] BUUC
[14:09:52] 🔄 Identity reset
[14:09:52] 🔄 Identity rotated (every 10 requests)
[14:09:52] [30/445] BSVK
[14:09:53] [31/445] VVVQ
[14:09:54] [32/445] TKMU
[14:09:55] [33/445] ESYL
[14:09:56] [34/445] ACHP
[14:09:57] [35/445] BTKD
[14:09:57] [36/445] DESA
[14:09:58] [37/445] GBCT
[14:09:59] [38/445] BLLD
[14:10:00] [39/445] SKNT
[14:10:00] 🔄 Identity reset
[14:10:00] 🔄 Identity rotated (every 10 requests)
[14:10:01] [40/445] SSTE
[14:10:02] [41/445] VJMR
[14:10:03] [42/445] NTPU
[14:10:04] [43/445] RDKN
[14:10:05] [44/445] ADGC
[14:10:06] [45/445] VRBP
[14:10:07] [46/445] NMNA
[14:10:07] [47/445] CMMX
[14:10:08] [48/445] PTKO
[14:10:09] [49/445] RBML
[14:10:10] 🔄 Identity reset
[14:10:10] 🔄 Identity rotated (every 10 requests)
[14:10:10] [50/445] SAIC
[14:10:11] [51/445] SVTJ
[14:10:11] [52/445] MRTE
[14:10:12] [53/445] RBTP
[14:10:13] [54/445] NLPS
[14:10:14] [55/445] GTNA
[14:10:15] [56/445] DGGC
[14:10:16] [57/445] SMCR
[14:10:17] [58/445] SCGD
[14:10:18] [59/445] SRRJ
[14:10:19] 🔄 Identity reset
[14:10:19] 🔄 Identity rotated (every 10 requests)
[14:10:19] [60/445] CNRY
[14:10:20] [61/445] KTDI
[14:10:21] [62/445] SNJL
[14:10:22] [63/445] RKMD
[14:10:23] [64/445] SMDC
[14:10:24] [65/445] TADG
[14:10:25] [66/445] MCGS
[14:10:25] [67/445] PETK
[14:10:26] [68/445] CHAG
[14:10:27] [69/445] KSTL
[14:10:28] 🔄 Identity reset
[14:10:28] 🔄 Identity rotated (every 10 requests)
[14:10:28] [70/445] AADS
[14:10:29] [71/445] NTHZ
[14:10:31] [72/445] HCKI
[14:10:31] [73/445] SSEF
[14:10:32] [74/445] MCGX
[14:10:33] [75/445] ERRA
[14:10:34] [76/445] SDTW
[14:10:35] [77/445] RMPK
[14:10:35] [78/445] PTHK
[14:10:37] [79/445] PXCS
[14:10:38] 🔄 Identity reset
[14:10:38] 🔄 Identity rotated (every 10 requests)
[14:10:38] [80/445] SVLU
[14:10:39] [81/445] STAH
[14:10:39] [82/445] JRGF
[14:10:40] [83/445] CDOK
[14:10:41] [84/445] CMSG
[14:10:42] [85/445] APTD
[14:10:43] [86/445] KMPG
[14:10:45] [87/445] MUTJ
[14:10:45] [88/445] VCCI
[14:10:46] [89/445] URBE
[14:10:47] 🔄 Identity reset
[14:10:47] 🔄 Identity rotated (every 10 requests)
[14:10:48] [90/445] TCTS
[14:10:49] [91/445] STSN
[14:10:50] [92/445] AKCH
[14:10:50] [93/445] APSC
[14:10:51] [94/445] VLTB
[14:10:52] [95/445] SANU
[14:10:53] [96/445] AXAM
[14:10:55] [97/445] MGMG
[14:10:56] [98/445] HTBY
[14:10:57] [99/445] MMZS
[14:10:57] 🔄 Identity reset
[14:10:57] 🔄 Identity rotated (every 10 requests)
[14:10:58] [100/445] SUDR
[14:10:59] [101/445] CCAD
[14:11:01] [102/445] SKKC
[14:11:02] [103/445] RMCD
[14:11:03] [104/445] SBCQ
[14:11:04] [105/445] DCCT
[14:11:05] [106/445] VTKP
[14:11:07] [107/445] MLAM
[14:11:08] [108/445] SAVT
[14:11:09] [109/445] GEPL
[14:11:09] 🔄 Identity reset
[14:11:09] 🔄 Identity rotated (every 10 requests)
[14:11:10] [110/445] AMCD
[14:11:11] [111/445] CCXR
[14:11:11] [112/445] GRNG
[14:11:12] [113/445] EBCA
[14:11:13] [114/445] CNVG
[14:11:14] [115/445] MWSS
[14:11:15] [116/445] VBOR
[14:11:16] [117/445] NEEB
[14:11:17] [118/445] SUTH
[14:11:18] [119/445] ANDB
[14:11:18] 🔄 Identity reset
[14:11:18] 🔄 Identity rotated (every 10 requests)
[14:11:19] [120/445] MMXS
[14:11:20] [121/445] CNPD
[14:11:20] [122/445] SDCE
[14:11:21] [123/445] DHCB
[14:11:22] [124/445] ODEN
[14:11:23] [125/445] TNTC
[14:11:24] [126/445] VBKM
[14:11:24] [127/445] RZYM
[14:11:25] [128/445] JEMC
[14:11:26] [129/445] CMAU
[14:11:27] 🔄 Identity reset
[14:11:27] 🔄 Identity rotated (every 10 requests)
[14:11:27] [130/445] SIVP
[14:11:28] [131/445] ATAG
[14:11:29] [132/445] CHTM
[14:11:30] [133/445] AAEE
[14:11:31] [134/445] IWPM
[14:11:32] [135/445] KCMW
[14:11:33] [136/445] MCTD
[14:11:34] [137/445] SPWR
[14:11:34] [138/445] SDPO
[14:11:35] [139/445] PCSK
[14:11:36] 🔄 Identity reset
[14:11:36] 🔄 Identity rotated (every 10 requests)
[14:11:36] [140/445] ACHV
[14:11:37] [141/445] SVLA
[14:11:38] [142/445] PICT
[14:11:39] [143/445] BXDR
[14:11:39] [144/445] SPWA
[14:11:40] [145/445] MCKO
[14:11:41] [146/445] RTHK
[14:11:42] [147/445] CCMF
[14:11:43] [148/445] MRGB
[14:11:44] [149/445] CPLC
[14:11:45] 🔄 Identity reset
[14:11:45] 🔄 Identity rotated (every 10 requests)
[14:11:45] [150/445] RACD
[14:11:46] [151/445] ATKT
[14:11:47] [152/445] SARN
[14:11:48] [153/445] KKUI
[14:11:49] [154/445] RGCM
[14:11:50] [155/445] BRVP
[14:11:51] [156/445] HRSR
[14:11:52] [157/445] GKGM
[14:11:53] [158/445] TTCD
[14:11:54] [159/445] PTTI
[14:11:54] 🔄 Identity reset
[14:11:54] 🔄 Identity rotated (every 10 requests)
[14:11:55] [160/445] MPTT
[14:11:55] [161/445] CVTT
[14:11:56] [162/445] PCXD
[14:11:57] [163/445] GCDC
[14:11:58] [164/445] CCCF
[14:11:59] [165/445] MRAD
[14:12:00] [166/445] CPLK
[14:12:01] [167/445] SATB
[14:12:02] [168/445] SNVG
[14:12:03] [169/445] JMBA
[14:12:03] 🔄 Identity reset
[14:12:03] 🔄 Identity rotated (every 10 requests)
[14:12:04] [170/445] TEJA
[14:12:04] [171/445] STYO
[14:12:06] [172/445] JTBP
[14:12:07] [173/445] KRGD
[14:12:08] [174/445] SLJJ
[14:12:09] [175/445] SPTJ
[14:12:09] [176/445] SWJG
[14:12:10] [177/445] LKRT
[14:12:11] [178/445] KCKA
[14:12:12] [179/445] SNCR
[14:12:13] 🔄 Identity reset
[14:12:13] 🔄 Identity rotated (every 10 requests)
[14:12:13] [180/445] SMKL
[14:12:14] [181/445] GCFA
[14:12:15] [182/445] DDCK
[14:12:16] [183/445] NCHJ
[14:12:17] [184/445] RDMA
[14:12:17] [185/445] SVSV
[14:12:18] [186/445] SCJG
[14:12:20] [187/445] VKLP
[14:12:21] [188/445] NWCC
[14:12:22] [189/445] VKNS
[14:12:22] 🔄 Identity reset
[14:12:22] 🔄 Identity rotated (every 10 requests)
[14:12:23] [190/445] SDDP
[14:12:24] [191/445] ACSI
[14:12:24] [192/445] SATG
[14:12:25] [193/445] SCMW
[14:12:26] [194/445] LKTK
[14:12:27] [195/445] VCKV
[14:12:28] [196/445] KKPE
[14:12:29] [197/445] KIGH
[14:12:30] [198/445] SRPM
[14:12:31] [199/445] SCAH
[14:12:31] 🔄 Identity reset
[14:12:31] 🔄 Identity rotated (every 10 requests)
[14:12:32] [200/445] MUTA
[14:12:32] [201/445] SEPU
[14:12:33] [202/445] INOA
[14:12:34] [203/445] BASK
[14:12:35] [204/445] NECB
[14:12:36] [205/445] GTTG
[14:12:37] [206/445] ASSA
[14:12:38] [207/445] ANCL
[14:12:39] [208/445] GCTI
[14:12:40] [209/445] RCTS
[14:12:40] 🔄 Identity reset
[14:12:40] 🔄 Identity rotated (every 10 requests)
[14:12:40] [210/445] ACNL
[14:12:41] [211/445] MYCT
[14:12:42] [212/445] NMHT
[14:12:43] [213/445] MDIT
[14:12:44] [214/445] LATG
[14:12:45] [215/445] SMTY
[14:12:46] [216/445] CVCT
[14:12:46] [217/445] RAMB
[14:12:47] [218/445] TGMS
[14:12:48] [219/445] BHEL
[14:12:49] 🔄 Identity reset
[14:12:49] 🔄 Identity rotated (every 10 requests)
[14:12:49] [220/445] SHCT
[14:12:50] [221/445] SVCT
[14:12:50] [222/445] MRIY
[14:12:51] [223/445] SARO
[14:12:52] [224/445] STCT
[14:12:54] [225/445] JKKC
[14:12:55] [226/445] PLTT
[14:12:55] [227/445] SRNT
[14:12:56] [228/445] YAST
[14:12:58] [229/445] PERL
[14:12:58] 🔄 Identity reset
[14:12:58] 🔄 Identity rotated (every 10 requests)
[14:12:58] 🔄 Retry 1/5 for PERL in 2.7s
[14:12:58] 🔄 Identity reset
[14:13:01] 🧠 New identity created
[14:13:01] [230/445] CICM
[14:13:03] [231/445] MMTR
[14:13:04] [232/445] ABTK
[14:13:05] [233/445] ATYY
[14:13:06] [234/445] ASTK
[14:13:06] [235/445] VVCK
[14:13:07] [236/445] ATKY
[14:13:08] [237/445] GWEK
[14:13:09] [238/445] SVFH
[14:13:09] 🔄 Identity reset
[14:13:09] 🔄 Identity rotated (every 10 requests)
[14:13:10] [239/445] SLTA
[14:13:10] [240/445] AASH
[14:13:11] [241/445] ACXB
[14:13:12] [242/445] SMTX
[14:13:13] [243/445] AZDH
[14:13:14] [244/445] CMMH
[14:13:15] [245/445] SCSZ
[14:13:16] [246/445] SCKP
[14:13:16] [247/445] NXTM
[14:13:17] [248/445] NWCS
[14:13:18] 🔄 Identity reset
[14:13:18] 🔄 Identity rotated (every 10 requests)
[14:13:18] 🔄 Retry 1/5 for NWCS in 2.1s
[14:13:18] 🔄 Identity reset
[14:13:20] 🧠 New identity created
[14:13:20] [249/445] CXMH
[14:13:22] [250/445] PCMA
[14:13:22] [251/445] SGCM
[14:13:23] [252/445] SDTU
[14:13:24] [253/445] MMVI
[14:13:25] [254/445] JKCM
[14:13:26] [255/445] VCMM
[14:13:27] [256/445] SYEE
[14:13:28] [257/445] VASD
[14:13:28] 🔄 Identity reset
[14:13:28] 🔄 Identity rotated (every 10 requests)
[14:13:29] [258/445] BDRB
[14:13:29] [259/445] LASM
[14:13:30] [260/445] DCRL
[14:13:32] [261/445] DVPM
[14:13:33] [262/445] SBMJ
[14:13:33] [263/445] CBMU
[14:13:34] [264/445] IUBS
[14:13:35] [265/445] INAP
[14:13:36] [266/445] SRRC
[14:13:37] [267/445] SAGR
[14:13:38] 🔄 Identity reset
[14:13:38] 🔄 Identity rotated (every 10 requests)
[14:13:38] 🔄 Retry 1/5 for SAGR in 2.3s
[14:13:38] 🔄 Identity reset
[14:13:40] 🧠 New identity created
[14:13:40] [268/445] CPMJ
[14:13:41] [269/445] ATJL
[14:13:42] [270/445] NNTD
[14:13:44] [271/445] JHCJ
[14:13:44] [272/445] CMMP
[14:13:45] [273/445] RSDR
[14:13:46] [274/445] AMTI
[14:13:47] [275/445] NYSG
[14:13:48] [276/445] AVSG
[14:13:48] 🔄 Identity reset
[14:13:48] 🔄 Identity rotated (every 10 requests)
[14:13:49] [277/445] SYTP
[14:13:49] [278/445] LARC
[14:13:50] [279/445] RJTP
[14:13:51] [280/445] LAKC
[14:13:52] [281/445] MCXE
[14:13:53] [282/445] CCZC
[14:13:54] [283/445] AVCH
[14:13:54] [284/445] CMBE
[14:13:55] [285/445] MRRC
[14:13:56] [286/445] PCPY
[14:13:56] 🔄 Identity reset
[14:13:56] 🔄 Identity rotated (every 10 requests)
[14:13:58] [287/445] SRMH
[14:13:58] [288/445] SVGS
[14:13:59] [289/445] PCSE
[14:14:00] [290/445] SVFT
[14:14:01] [291/445] TNZP
[14:14:02] [292/445] ICTP
[14:14:02] [293/445] ACTZ
[14:14:03] [294/445] GTUR
[14:14:04] [295/445] MAFC
[14:14:05] [296/445] MINL
[14:14:05] 🔄 Identity reset
[14:14:05] 🔄 Identity rotated (every 10 requests)
[14:14:06] [297/445] MRCL
[14:14:07] [298/445] RCRP
[14:14:08] [299/445] RFFG
[14:14:09] [300/445] RMAS
[14:14:10] [301/445] INVR
[14:14:11] [302/445] RMAR
[14:14:12] [303/445] CNIS
[14:14:13] [304/445] RHRJ
[14:14:14] [305/445] INXR
[14:14:14] [306/445] VALT
[14:14:15] 🔄 Identity reset
[14:14:15] 🔄 Identity rotated (every 10 requests)
[14:14:15] 🔄 Retry 1/5 for VALT in 2.1s
[14:14:15] 🔄 Identity reset
[14:14:17] 🧠 New identity created
[14:14:18] [307/445] LCSH
[14:14:18] [308/445] CMVS
[14:14:19] [309/445] CNMS
[14:14:21] [310/445] ROOG
[14:14:21] [311/445] ISRM
[14:14:22] [312/445] RCRM
[14:14:24] [313/445] ACJA
[14:14:25] [314/445] RCVS
[14:14:25] [315/445] CPUS
[14:14:26] 🔄 Identity reset
[14:14:26] 🔄 Identity rotated (every 10 requests)
[14:14:26] [316/445] TGCS
[14:14:28] [317/445] RKCJ
[14:14:29] [318/445] MKSB
[14:14:29] [319/445] TCSJ
[14:14:30] [320/445] RMGP
[14:14:31] [321/445] CLLP
[14:14:32] [322/445] RCMV
[14:14:33] [323/445] CCKS
[14:14:34] [324/445] RSRP
[14:14:35] [325/445] APLP
[14:14:36] 🔄 Identity reset
[14:14:36] 🔄 Identity rotated (every 10 requests)
[14:14:36] [326/445] CNVS
[14:14:37] [327/445] RMVY
[14:14:38] [328/445] PGBD
[14:14:39] [329/445] KLMS
[14:14:39] [330/445] RUST
[14:14:40] [331/445] MASM
[14:14:41] [332/445] BACS
[14:14:42] [333/445] BWST
[14:14:43] [334/445] RRFH
[14:14:44] [335/445] SJTM
[14:14:44] 🔄 Identity reset
[14:14:44] 🔄 Identity rotated (every 10 requests)
[14:14:45] [336/445] BEMR
[14:14:46] [337/445] MCGR
[14:14:46] [338/445] SDSK
[14:14:47] [339/445] VBOL
[14:14:48] [340/445] RMGM
[14:14:49] [341/445] NOPL
[14:14:50] [342/445] MKJK
[14:14:51] [343/445] CVRN
[14:14:52] [344/445] MMEN
[14:14:53] [345/445] AMNG
[14:14:53] 🔄 Identity reset
[14:14:53] 🔄 Identity rotated (every 10 requests)
[14:14:53] [346/445] INTM
[14:14:54] [347/445] SLCZ
[14:14:55] [348/445] AMJN
[14:14:56] [349/445] ACJN
[14:14:57] [350/445] AMKN
[14:14:58] [351/445] BTCN
[14:14:59] [352/445] AMBT
[14:14:59] [353/445] PACN
[14:15:00] [354/445] LCNS
[14:15:01] [355/445] PPKC
[14:15:02] 🔄 Identity reset
[14:15:02] 🔄 Identity rotated (every 10 requests)
[14:15:02] [356/445] JYYN
[14:15:03] [357/445] JTNR
[14:15:04] [358/445] GTEE
[14:15:04] [359/445] SRNM
[14:15:05] [360/445] SDTC
[14:15:06] [361/445] VPCA
[14:15:07] [362/445] VLRA
[14:15:08] [363/445] SHKR
[14:15:09] [364/445] SBKD
[14:15:09] [365/445] SAAD
[14:15:10] 🔄 Identity reset
[14:15:10] 🔄 Identity rotated (every 10 requests)
[14:15:10] [366/445] JTGN
[14:15:11] [367/445] SLAM
[14:15:12] [368/445] VTPM
[14:15:13] [369/445] ANPT
[14:15:13] [370/445] PUNB
[14:15:15] [371/445] CPKT
[14:15:16] [372/445] CNWE
[14:15:16] [373/445] ECPP
[14:15:17] [374/445] CPAR
[14:15:18] [375/445] ESBW
[14:15:18] 🔄 Identity reset
[14:15:19] 🔄 Identity rotated (every 10 requests)
[14:15:19] [376/445] PKPU
[14:15:20] [377/445] CPRP
[14:15:20] [378/445] RAHU
[14:15:21] [379/445] RHMN
[14:15:22] [380/445] FMJP
[14:15:23] [381/445] CTMP
[14:15:24] [382/445] INPN
[14:15:25] [383/445] STTG
[14:15:26] [384/445] CTRD
[14:15:27] [385/445] PUVB
[14:15:27] 🔄 Identity reset
[14:15:28] 🔄 Identity rotated (every 10 requests)
[14:15:28] [386/445] ESVP
[14:15:29] [387/445] CPFT
[14:15:29] [388/445] LCPC
[14:15:30] [389/445] VBCT
[14:15:31] [390/445] FSCW
[14:15:32] [391/445] VCMP
[14:15:33] [392/445] ASHC
[14:15:33] [393/445] VLCX
[14:15:34] [394/445] SHEV
[14:15:35] [395/445] APCO
[14:15:36] 🔄 Identity reset
[14:15:36] 🔄 Identity rotated (every 10 requests)
[14:15:36] [396/445] SILC
[14:15:37] [397/445] SNMR
[14:15:38] [398/445] KYBO
[14:15:38] [399/445] SATK
[14:15:39] [400/445] SSCS
[14:15:40] [401/445] CLSB
[14:15:41] [402/445] KMJR
[14:15:42] [403/445] FSCK
[14:15:42] [404/445] NNKA
[14:15:43] [405/445] CLMK
[14:15:44] 🔄 Identity reset
[14:15:44] 🔄 Identity rotated (every 10 requests)
[14:15:45] [406/445] DMPZ
[14:15:46] [407/445] INQM
[14:15:47] [408/445] CAML
[14:15:48] [409/445] INRK
[14:15:48] [410/445] IMKN
[14:15:49] [411/445] SVNR
[14:15:50] [412/445] INSL
[14:15:51] [413/445] MSMA
[14:15:52] [414/445] MCKK
[14:15:53] [415/445] FCHP
[14:15:53] 🔄 Identity reset
[14:15:53] 🔄 Identity rotated (every 10 requests)
[14:15:54] [416/445] SFCR
[14:15:55] [417/445] NACK
[14:15:56] [418/445] PVAK
[14:15:57] [419/445] INER
[14:15:58] [420/445] RDBK
[14:16:00] [421/445] SVFN
[14:16:01] [422/445] IFRM
[14:16:02] [423/445] ATCK
[14:16:02] [424/445] ASKO
[14:16:03] [425/445] STKT
[14:16:04] 🔄 Identity reset
[14:16:04] 🔄 Identity rotated (every 10 requests)
[14:16:04] [426/445] SVFB
[14:16:05] [427/445] INKS
[14:16:06] [428/445] PCRA
[14:16:08] [429/445] ATJA
[14:16:08] [430/445] IMJN
[14:16:10] [431/445] INHD
[14:16:10] [432/445] BARA
[14:16:11] [433/445] MCSL
[14:16:12] [434/445] RTOY
[14:16:13] [435/445] MENO
[14:16:14] 🔄 Identity reset
[14:16:14] 🔄 Identity rotated (every 10 requests)
[14:16:14] [436/445] PUDM
[14:16:15] [437/445] PRCN
[14:16:16] [438/445] JMJR
[14:16:17] [439/445] SSGK
[14:16:18] [440/445] SSRL
[14:16:19] [441/445] JYKL
[14:16:19] [442/445] ACNB
[14:16:20] [443/445] SONP
[14:16:21] [444/445] EMCI
[14:16:22] [445/445] MRJH
[14:16:23] 🔄 Identity reset
[14:16:23] 🔄 Identity rotated (every 10 requests)
[14:16:23] ✅ DONE | Shows=2268 | Movies=87
[15:09:39] 🚀 BMS DAILY TRACKER STARTED (enhanced anti‑detection)
[15:09:39] [1/445] TGMR
[15:09:40] 🧠 New identity created
[15:09:40] [2/445] CXKR
[15:09:41] [3/445] SROP
[15:09:42] [4/445] GTSV
[15:09:43] [5/445] SNTY
[15:09:43] [6/445] SMYY
[15:09:45] [7/445] CNCS
[15:09:46] [8/445] CSTM
[15:09:47] [9/445] NUCD
[15:09:48] [10/445] SHCZ
[15:09:48] 🔄 Identity reset
[15:09:48] 🔄 Identity rotated (every 10 requests)
[15:09:49] [11/445] NJCT
[15:09:49] [12/445] COPC
[15:09:51] [13/445] STVV
[15:09:52] [14/445] SKRN
[15:09:53] [15/445] APPZ
[15:09:54] [16/445] YMGN
[15:09:56] [17/445] SVTU
[15:09:57] [18/445] GTAD
[15:09:58] [19/445] PSUS
[15:09:59] [20/445] SMCD
[15:10:00] 🔄 Identity reset
[15:10:00] 🔄 Identity rotated (every 10 requests)
[15:10:00] [21/445] CMCM
[15:10:01] [22/445] SYCT
[15:10:02] [23/445] STLY
[15:10:03] [24/445] CMHU
[15:10:04] [25/445] CMSA
[15:10:05] [26/445] CLCU
[15:10:06] [27/445] PPNT
[15:10:06] [28/445] JTAB
[15:10:08] [29/445] BUUC
[15:10:08] [30/445] BSVK
[15:10:09] 🔄 Identity reset
[15:10:09] 🔄 Identity rotated (every 10 requests)
[15:10:10] [31/445] VVVQ
[15:10:11] [32/445] TKMU
[15:10:12] [33/445] ESYL
[15:10:13] [34/445] ACHP
[15:10:14] [35/445] BTKD
[15:10:16] [36/445] DESA
[15:10:17] [37/445] GBCT
[15:10:18] [38/445] BLLD
[15:10:19] [39/445] SKNT
[15:10:20] [40/445] SSTE
[15:10:20] 🔄 Identity reset
[15:10:21] 🔄 Identity rotated (every 10 requests)
[15:10:21] [41/445] VJMR
[15:10:22] [42/445] NTPU
[15:10:23] [43/445] RDKN
[15:10:24] [44/445] ADGC
[15:10:25] [45/445] VRBP
[15:10:27] [46/445] NMNA
[15:10:28] [47/445] CMMX
[15:10:29] [48/445] PTKO
[15:10:30] [49/445] RBML
[15:10:31] [50/445] SAIC
[15:10:31] 🔄 Identity reset
[15:10:31] 🔄 Identity rotated (every 10 requests)
[15:10:31] [51/445] SVTJ
[15:10:32] [52/445] MRTE
[15:10:34] [53/445] RBTP
[15:10:34] [54/445] NLPS
[15:10:35] [55/445] GTNA
[15:10:36] [56/445] DGGC
[15:10:37] [57/445] SMCR
[15:10:38] [58/445] SCGD
[15:10:39] [59/445] SRRJ
[15:10:40] [60/445] CNRY
[15:10:40] 🔄 Identity reset
[15:10:40] 🔄 Identity rotated (every 10 requests)
[15:10:41] [61/445] KTDI
[15:10:42] [62/445] SNJL
[15:10:42] [63/445] RKMD
[15:10:44] [64/445] SMDC
[15:10:45] [65/445] TADG
[15:10:46] [66/445] MCGS
[15:10:47] [67/445] PETK
[15:10:48] [68/445] CHAG
[15:10:49] [69/445] KSTL
[15:10:50] [70/445] AADS
[15:10:50] 🔄 Identity reset
[15:10:51] 🔄 Identity rotated (every 10 requests)
[15:10:51] [71/445] NTHZ
[15:10:52] [72/445] HCKI
[15:10:53] [73/445] SSEF
[15:10:54] [74/445] MCGX
[15:10:55] [75/445] ERRA
[15:10:56] [76/445] SDTW
[15:10:57] [77/445] RMPK
[15:10:57] [78/445] PTHK
[15:10:58] [79/445] PXCS
[15:10:59] [80/445] SVLU
[15:11:00] 🔄 Identity reset
[15:11:00] 🔄 Identity rotated (every 10 requests)
[15:11:00] [81/445] STAH
[15:11:01] [82/445] JRGF
[15:11:02] [83/445] CDOK
[15:11:03] [84/445] CMSG
[15:11:04] [85/445] APTD
[15:11:05] [86/445] KMPG
[15:11:06] [87/445] MUTJ
[15:11:07] [88/445] VCCI
[15:11:08] [89/445] URBE
[15:11:09] [90/445] TCTS
[15:11:09] 🔄 Identity reset
[15:11:09] 🔄 Identity rotated (every 10 requests)
[15:11:10] [91/445] STSN
[15:11:10] [92/445] AKCH
[15:11:11] [93/445] APSC
[15:11:12] [94/445] VLTB
[15:11:13] [95/445] SANU
[15:11:14] [96/445] AXAM
[15:11:15] [97/445] MGMG
[15:11:16] [98/445] HTBY
[15:11:17] [99/445] MMZS
[15:11:18] [100/445] SUDR
[15:11:19] 🔄 Identity reset
[15:11:19] 🔄 Identity rotated (every 10 requests)
[15:11:19] [101/445] CCAD
[15:11:20] [102/445] SKKC
[15:11:21] [103/445] RMCD
[15:11:21] [104/445] SBCQ
[15:11:22] [105/445] DCCT
[15:11:23] [106/445] VTKP
[15:11:24] [107/445] MLAM
[15:11:26] [108/445] SAVT
[15:11:27] [109/445] GEPL
[15:11:27] [110/445] AMCD
[15:11:28] 🔄 Identity reset
[15:11:28] 🔄 Identity rotated (every 10 requests)
[15:11:28] [111/445] CCXR
[15:11:29] [112/445] GRNG
[15:11:30] [113/445] EBCA
[15:11:31] [114/445] CNVG
[15:11:33] [115/445] MWSS
[15:11:34] [116/445] VBOR
[15:11:35] [117/445] NEEB
[15:11:36] [118/445] SUTH
[15:11:37] [119/445] ANDB
[15:11:38] [120/445] MMXS
[15:11:39] 🔄 Identity reset
[15:11:39] 🔄 Identity rotated (every 10 requests)
[15:11:39] [121/445] CNPD
[15:11:41] [122/445] SDCE
[15:11:42] [123/445] DHCB
[15:11:43] [124/445] ODEN
[15:11:44] [125/445] TNTC
[15:11:45] [126/445] VBKM
[15:11:45] [127/445] RZYM
[15:11:46] [128/445] JEMC
[15:11:47] [129/445] CMAU
[15:11:48] [130/445] SIVP
[15:11:49] 🔄 Identity reset
[15:11:49] 🔄 Identity rotated (every 10 requests)
[15:11:49] [131/445] ATAG
[15:11:50] [132/445] CHTM
[15:11:51] [133/445] AAEE
[15:11:52] [134/445] IWPM
[15:11:53] [135/445] KCMW
[15:11:54] [136/445] MCTD
[15:11:56] [137/445] SPWR
[15:11:57] [138/445] SDPO
[15:11:58] [139/445] PCSK
[15:11:59] [140/445] ACHV
[15:11:59] 🔄 Identity reset
[15:11:59] 🔄 Identity rotated (every 10 requests)
[15:11:59] [141/445] SVLA
[15:12:01] [142/445] PICT
[15:12:03] [143/445] BXDR
[15:12:04] [144/445] SPWA
[15:12:04] [145/445] MCKO
[15:12:06] [146/445] RTHK
[15:12:06] [147/445] CCMF
[15:12:07] [148/445] MRGB
[15:12:09] [149/445] CPLC
[15:12:10] [150/445] RACD
[15:12:11] 🔄 Identity reset
[15:12:11] 🔄 Identity rotated (every 10 requests)
[15:12:11] 🔄 Retry 1/5 for RACD in 2.2s
[15:12:11] 🔄 Identity reset
[15:12:13] 🧠 New identity created
[15:12:13] [151/445] ATKT
[15:12:14] [152/445] SARN
[15:12:15] [153/445] KKUI
[15:12:16] [154/445] RGCM
[15:12:17] [155/445] BRVP
[15:12:18] [156/445] HRSR
[15:12:19] [157/445] GKGM
[15:12:20] [158/445] TTCD
[15:12:21] [159/445] PTTI
[15:12:22] 🔄 Identity reset
[15:12:22] 🔄 Identity rotated (every 10 requests)
[15:12:22] [160/445] MPTT
[15:12:23] [161/445] CVTT
[15:12:24] [162/445] PCXD
[15:12:25] [163/445] GCDC
[15:12:25] [164/445] CCCF
[15:12:26] [165/445] MRAD
[15:12:27] [166/445] CPLK
[15:12:28] [167/445] SATB
[15:12:29] [168/445] SNVG
[15:12:30] [169/445] JMBA
[15:12:31] 🔄 Identity reset
[15:12:31] 🔄 Identity rotated (every 10 requests)
[15:12:31] [170/445] TEJA
[15:12:32] [171/445] STYO
[15:12:33] [172/445] JTBP
[15:12:35] [173/445] KRGD
[15:12:36] [174/445] SLJJ
[15:12:37] [175/445] SPTJ
[15:12:38] [176/445] SWJG
[15:12:39] [177/445] LKRT
[15:12:40] [178/445] KCKA
[15:12:41] [179/445] SNCR
[15:12:42] 🔄 Identity reset
[15:12:42] 🔄 Identity rotated (every 10 requests)
[15:12:42] [180/445] SMKL
[15:12:43] [181/445] GCFA
[15:12:44] [182/445] DDCK
[15:12:45] [183/445] NCHJ
[15:12:46] [184/445] RDMA
[15:12:47] [185/445] SVSV
[15:12:48] [186/445] SCJG
[15:12:49] [187/445] VKLP
[15:12:50] [188/445] NWCC
[15:12:51] [189/445] VKNS
[15:12:52] 🔄 Identity reset
[15:12:52] 🔄 Identity rotated (every 10 requests)
[15:12:52] [190/445] SDDP
[15:12:53] [191/445] ACSI
[15:12:54] [192/445] SATG
[15:12:55] [193/445] SCMW
[15:12:55] [194/445] LKTK
[15:12:56] [195/445] VCKV
[15:12:57] [196/445] KKPE
[15:12:58] [197/445] KIGH
[15:12:59] [198/445] SRPM
[15:13:00] [199/445] SCAH
[15:13:00] 🔄 Identity reset
[15:13:00] 🔄 Identity rotated (every 10 requests)
[15:13:01] [200/445] MUTA
[15:13:02] [201/445] SEPU
[15:13:03] [202/445] INOA
[15:13:03] [203/445] BASK
[15:13:04] [204/445] NECB
[15:13:05] [205/445] GTTG
[15:13:06] [206/445] ASSA
[15:13:07] [207/445] ANCL
[15:13:08] [208/445] GCTI
[15:13:09] [209/445] RCTS
[15:13:09] 🔄 Identity reset
[15:13:09] 🔄 Identity rotated (every 10 requests)
[15:13:10] [210/445] ACNL
[15:13:11] [211/445] MYCT
[15:13:11] [212/445] NMHT
[15:13:12] [213/445] MDIT
[15:13:13] [214/445] LATG
[15:13:15] [215/445] SMTY
[15:13:15] [216/445] CVCT
[15:13:16] [217/445] RAMB
[15:13:17] [218/445] TGMS
[15:13:18] [219/445] BHEL
[15:13:19] 🔄 Identity reset
[15:13:19] 🔄 Identity rotated (every 10 requests)
[15:13:19] [220/445] SHCT
[15:13:21] [221/445] SVCT
[15:13:22] [222/445] MRIY
[15:13:22] [223/445] SARO
[15:13:23] [224/445] STCT
[15:13:24] [225/445] JKKC
[15:13:25] [226/445] PLTT
[15:13:26] [227/445] SRNT
[15:13:27] [228/445] YAST
[15:13:28] [229/445] PERL
[15:13:29] 🔄 Identity reset
[15:13:29] 🔄 Identity rotated (every 10 requests)
[15:13:29] [230/445] CICM
[15:13:30] [231/445] MMTR
[15:13:31] [232/445] ABTK
[15:13:32] [233/445] ATYY
[15:13:33] [234/445] ASTK
[15:13:34] [235/445] VVCK
[15:13:35] [236/445] ATKY
[15:13:36] [237/445] GWEK
[15:13:37] [238/445] SVFH
[15:13:38] [239/445] SLTA
[15:13:38] 🔄 Identity reset
[15:13:38] 🔄 Identity rotated (every 10 requests)
[15:13:39] [240/445] AASH
[15:13:40] [241/445] ACXB
[15:13:40] [242/445] SMTX
[15:13:41] [243/445] AZDH
[15:13:42] [244/445] CMMH
[15:13:43] [245/445] SCSZ
[15:13:44] [246/445] SCKP
[15:13:45] [247/445] NXTM
[15:13:46] [248/445] NWCS
[15:13:47] [249/445] CXMH
[15:13:47] 🔄 Identity reset
[15:13:47] 🔄 Identity rotated (every 10 requests)
[15:13:47] [250/445] PCMA
[15:13:48] [251/445] SGCM
[15:13:49] [252/445] SDTU
[15:13:50] [253/445] MMVI
[15:13:51] [254/445] JKCM
[15:13:52] [255/445] VCMM
[15:13:54] [256/445] SYEE
[15:13:55] [257/445] VASD
[15:13:56] [258/445] BDRB
[15:13:57] [259/445] LASM
[15:13:57] 🔄 Identity reset
[15:13:57] 🔄 Identity rotated (every 10 requests)
[15:13:57] [260/445] DCRL
[15:13:58] [261/445] DVPM
[15:13:59] [262/445] SBMJ
[15:14:00] [263/445] CBMU
[15:14:01] [264/445] IUBS
[15:14:02] [265/445] INAP
[15:14:03] [266/445] SRRC
[15:14:05] [267/445] SAGR
[15:14:06] [268/445] CPMJ
[15:14:08] [269/445] ATJL
[15:14:08] 🔄 Identity reset
[15:14:08] 🔄 Identity rotated (every 10 requests)
[15:14:09] [270/445] NNTD
[15:14:10] [271/445] JHCJ
[15:14:11] [272/445] CMMP
[15:14:11] [273/445] RSDR
[15:14:13] [274/445] AMTI
[15:14:14] [275/445] NYSG
[15:14:15] [276/445] AVSG
[15:14:17] [277/445] SYTP
[15:14:18] [278/445] LARC
[15:14:18] [279/445] RJTP
[15:14:19] 🔄 Identity reset
[15:14:19] 🔄 Identity rotated (every 10 requests)
[15:14:20] [280/445] LAKC
[15:14:21] [281/445] MCXE
[15:14:22] [282/445] CCZC
[15:14:23] [283/445] AVCH
[15:14:24] [284/445] CMBE
[15:14:25] [285/445] MRRC
[15:14:25] [286/445] PCPY
[15:14:26] [287/445] SRMH
[15:14:27] [288/445] SVGS
[15:14:28] [289/445] PCSE
[15:14:29] 🔄 Identity reset
[15:14:29] 🔄 Identity rotated (every 10 requests)
[15:14:29] [290/445] SVFT
[15:14:30] [291/445] TNZP
[15:14:31] [292/445] ICTP
[15:14:32] [293/445] ACTZ
[15:14:33] [294/445] GTUR
[15:14:35] [295/445] MAFC
[15:14:36] [296/445] MINL
[15:14:37] [297/445] MRCL
[15:14:38] [298/445] RCRP
[15:14:39] [299/445] RFFG
[15:14:39] 🔄 Identity reset
[15:14:39] 🔄 Identity rotated (every 10 requests)
[15:14:40] [300/445] RMAS
[15:14:41] [301/445] INVR
[15:14:42] [302/445] RMAR
[15:14:43] [303/445] CNIS
[15:14:44] [304/445] RHRJ
[15:14:45] [305/445] INXR
[15:14:46] [306/445] VALT
[15:14:47] [307/445] LCSH
[15:14:48] [308/445] CMVS
[15:14:49] [309/445] CNMS
[15:14:49] 🔄 Identity reset
[15:14:49] 🔄 Identity rotated (every 10 requests)
[15:14:49] [310/445] ROOG
[15:14:51] [311/445] ISRM
[15:14:52] [312/445] RCRM
[15:14:53] [313/445] ACJA
[15:14:54] [314/445] RCVS
[15:14:55] [315/445] CPUS
[15:14:56] [316/445] TGCS
[15:14:57] [317/445] RKCJ
[15:14:58] [318/445] MKSB
[15:14:58] [319/445] TCSJ
[15:14:59] 🔄 Identity reset
[15:14:59] 🔄 Identity rotated (every 10 requests)
[15:14:59] [320/445] RMGP
[15:15:00] [321/445] CLLP
[15:15:01] [322/445] RCMV
[15:15:02] [323/445] CCKS
[15:15:03] [324/445] RSRP
[15:15:05] [325/445] APLP
[15:15:06] [326/445] CNVS
[15:15:06] [327/445] RMVY
[15:15:07] [328/445] PGBD
[15:15:08] [329/445] KLMS
[15:15:09] 🔄 Identity reset
[15:15:09] 🔄 Identity rotated (every 10 requests)
[15:15:09] [330/445] RUST
[15:15:10] [331/445] MASM
[15:15:11] [332/445] BACS
[15:15:12] [333/445] BWST
[15:15:13] [334/445] RRFH
[15:15:14] [335/445] SJTM
[15:15:15] [336/445] BEMR
[15:15:16] [337/445] MCGR
[15:15:17] [338/445] SDSK
[15:15:19] [339/445] VBOL
[15:15:20] 🔄 Identity reset
[15:15:20] 🔄 Identity rotated (every 10 requests)
[15:15:20] [340/445] RMGM
[15:15:21] [341/445] NOPL
[15:15:22] [342/445] MKJK
[15:15:23] [343/445] CVRN
[15:15:24] [344/445] MMEN
[15:15:25] [345/445] AMNG
[15:15:26] [346/445] INTM
[15:15:27] [347/445] SLCZ
[15:15:28] [348/445] AMJN
[15:15:29] [349/445] ACJN
[15:15:30] 🔄 Identity reset
[15:15:30] 🔄 Identity rotated (every 10 requests)
[15:15:30] [350/445] AMKN
[15:15:31] [351/445] BTCN
[15:15:32] [352/445] AMBT
[15:15:33] [353/445] PACN
[15:15:34] [354/445] LCNS
[15:15:35] [355/445] PPKC
[15:15:36] [356/445] JYYN
[15:15:38] [357/445] JTNR
[15:15:39] [358/445] GTEE
[15:15:40] [359/445] SRNM
[15:15:41] 🔄 Identity reset
[15:15:41] 🔄 Identity rotated (every 10 requests)
[15:15:41] [360/445] SDTC
[15:15:43] [361/445] VPCA
[15:15:44] [362/445] VLRA
[15:15:45] [363/445] SHKR
[15:15:47] [364/445] SBKD
[15:15:47] [365/445] SAAD
[15:15:49] [366/445] JTGN
[15:15:50] [367/445] SLAM
[15:15:51] [368/445] VTPM
[15:15:52] [369/445] ANPT
[15:15:53] 🔄 Identity reset
[15:15:53] 🔄 Identity rotated (every 10 requests)
[15:15:53] [370/445] PUNB
[15:15:55] [371/445] CPKT
[15:15:56] [372/445] CNWE
[15:15:56] [373/445] ECPP
[15:15:58] [374/445] CPAR
[15:15:59] [375/445] ESBW
[15:16:00] [376/445] PKPU
[15:16:01] [377/445] CPRP
[15:16:02] [378/445] RAHU
[15:16:03] [379/445] RHMN
[15:16:03] 🔄 Identity reset
[15:16:03] 🔄 Identity rotated (every 10 requests)
[15:16:03] [380/445] FMJP
[15:16:04] [381/445] CTMP
[15:16:05] [382/445] INPN
[15:16:06] [383/445] STTG
[15:16:07] [384/445] CTRD
[15:16:08] [385/445] PUVB
[15:16:10] [386/445] ESVP
[15:16:11] [387/445] CPFT
[15:16:12] [388/445] LCPC
[15:16:13] [389/445] VBCT
[15:16:14] 🔄 Identity reset
[15:16:14] 🔄 Identity rotated (every 10 requests)
[15:16:14] [390/445] FSCW
[15:16:15] [391/445] VCMP
[15:16:16] [392/445] ASHC
[15:16:17] [393/445] VLCX
[15:16:18] [394/445] SHEV
[15:16:19] [395/445] APCO
[15:16:19] [396/445] SILC
[15:16:21] [397/445] SNMR
[15:16:22] [398/445] KYBO
[15:16:23] [399/445] SATK
[15:16:23] 🔄 Identity reset
[15:16:23] 🔄 Identity rotated (every 10 requests)
[15:16:24] [400/445] SSCS
[15:16:25] [401/445] CLSB
[15:16:27] [402/445] KMJR
[15:16:28] [403/445] FSCK
[15:16:29] [404/445] NNKA
[15:16:29] [405/445] CLMK
[15:16:30] [406/445] DMPZ
[15:16:31] [407/445] INQM
[15:16:32] [408/445] CAML
[15:16:33] [409/445] INRK
[15:16:33] 🔄 Identity reset
[15:16:33] 🔄 Identity rotated (every 10 requests)
[15:16:34] [410/445] IMKN
[15:16:34] [411/445] SVNR
[15:16:35] [412/445] INSL
[15:16:36] [413/445] MSMA
[15:16:37] [414/445] MCKK
[15:16:38] [415/445] FCHP
[15:16:39] [416/445] SFCR
[15:16:40] [417/445] NACK
[15:16:41] [418/445] PVAK
[15:16:42] [419/445] INER
[15:16:43] 🔄 Identity reset
[15:16:43] 🔄 Identity rotated (every 10 requests)
[15:16:43] [420/445] RDBK
[15:16:44] [421/445] SVFN
[15:16:45] [422/445] IFRM
[15:16:47] [423/445] ATCK
[15:16:48] [424/445] ASKO
[15:16:49] [425/445] STKT
[15:16:49] [426/445] SVFB
[15:16:50] [427/445] INKS
[15:16:51] [428/445] PCRA
[15:16:52] [429/445] ATJA
[15:16:53] 🔄 Identity reset
[15:16:53] 🔄 Identity rotated (every 10 requests)
[15:16:53] [430/445] IMJN
[15:16:54] [431/445] INHD
[15:16:56] [432/445] BARA
[15:16:57] [433/445] MCSL
[15:16:58] [434/445] RTOY
[15:16:59] [435/445] MENO
[15:17:00] [436/445] PUDM
[15:17:01] [437/445] PRCN
[15:17:02] [438/445] JMJR
[15:17:03] [439/445] SSGK
[15:17:04] 🔄 Identity reset
[15:17:04] 🔄 Identity rotated (every 10 requests)
[15:17:04] [440/445] SSRL
[15:17:06] [441/445] JYKL
[15:17:06] [442/445] ACNB
[15:17:07] [443/445] SONP
[15:17:08] [444/445] EMCI
[15:17:09] [445/445] MRJH
[15:17:10] ✅ DONE | Shows=2622 | Movies=89
[16:09:40] 🚀 BMS DAILY TRACKER STARTED (enhanced anti‑detection)
[16:09:40] [1/445] TGMR
[16:09:40] 🧠 New identity created
[16:09:41] [2/445] CXKR
[16:09:42] [3/445] SROP
[16:09:43] [4/445] GTSV
[16:09:44] [5/445] SNTY
[16:09:45] [6/445] SMYY
[16:09:46] [7/445] CNCS
[16:09:47] [8/445] CSTM
[16:09:48] [9/445] NUCD
[16:09:49] [10/445] SHCZ
[16:09:49] 🔄 Identity reset
[16:09:49] 🔄 Identity rotated (every 10 requests)
[16:09:50] [11/445] NJCT
[16:09:51] [12/445] COPC
[16:09:52] [13/445] STVV
[16:09:53] [14/445] SKRN
[16:09:53] [15/445] APPZ
[16:09:54] [16/445] YMGN
[16:09:56] [17/445] SVTU
[16:09:56] [18/445] GTAD
[16:09:57] [19/445] PSUS
[16:09:58] [20/445] SMCD
[16:09:59] 🔄 Identity reset
[16:09:59] 🔄 Identity rotated (every 10 requests)
[16:09:59] [21/445] CMCM
[16:10:00] [22/445] SYCT
[16:10:01] [23/445] STLY
[16:10:02] [24/445] CMHU
[16:10:02] [25/445] CMSA
[16:10:04] [26/445] CLCU
[16:10:05] [27/445] PPNT
[16:10:06] [28/445] JTAB
[16:10:07] [29/445] BUUC
[16:10:08] [30/445] BSVK
[16:10:08] 🔄 Identity reset
[16:10:08] 🔄 Identity rotated (every 10 requests)
[16:10:08] [31/445] VVVQ
[16:10:09] [32/445] TKMU
[16:10:10] [33/445] ESYL
[16:10:11] [34/445] ACHP
[16:10:12] [35/445] BTKD
[16:10:13] [36/445] DESA
[16:10:14] [37/445] GBCT
[16:10:15] [38/445] BLLD
[16:10:15] [39/445] SKNT
[16:10:16] [40/445] SSTE
[16:10:17] 🔄 Identity reset
[16:10:17] 🔄 Identity rotated (every 10 requests)
[16:10:17] [41/445] VJMR
[16:10:18] [42/445] NTPU
[16:10:19] [43/445] RDKN
[16:10:20] [44/445] ADGC
[16:10:21] [45/445] VRBP
[16:10:22] [46/445] NMNA
[16:10:23] [47/445] CMMX
[16:10:24] [48/445] PTKO
[16:10:25] [49/445] RBML
[16:10:26] [50/445] SAIC
[16:10:27] 🔄 Identity reset
[16:10:27] 🔄 Identity rotated (every 10 requests)
[16:10:27] [51/445] SVTJ
[16:10:28] [52/445] MRTE
[16:10:29] [53/445] RBTP
[16:10:30] [54/445] NLPS
[16:10:31] [55/445] GTNA
[16:10:32] [56/445] DGGC
[16:10:33] [57/445] SMCR
[16:10:34] [58/445] SCGD
[16:10:35] [59/445] SRRJ
[16:10:37] [60/445] CNRY
[16:10:37] 🔄 Identity reset
[16:10:37] 🔄 Identity rotated (every 10 requests)
[16:10:38] [61/445] KTDI
[16:10:39] [62/445] SNJL
[16:10:40] [63/445] RKMD
[16:10:41] [64/445] SMDC
[16:10:42] [65/445] TADG
[16:10:43] [66/445] MCGS
[16:10:43] [67/445] PETK
[16:10:44] [68/445] CHAG
[16:10:45] [69/445] KSTL
[16:10:46] [70/445] AADS
[16:10:47] 🔄 Identity reset
[16:10:47] 🔄 Identity rotated (every 10 requests)
[16:10:47] [71/445] NTHZ
[16:10:48] [72/445] HCKI
[16:10:49] [73/445] SSEF
[16:10:50] [74/445] MCGX
[16:10:51] [75/445] ERRA
[16:10:53] [76/445] SDTW
[16:10:54] [77/445] RMPK
[16:10:55] [78/445] PTHK
[16:10:56] [79/445] PXCS
[16:10:57] [80/445] SVLU
[16:10:57] 🔄 Identity reset
[16:10:57] 🔄 Identity rotated (every 10 requests)
[16:10:58] [81/445] STAH
[16:10:59] [82/445] JRGF
[16:11:00] [83/445] CDOK
[16:11:02] [84/445] CMSG
[16:11:02] [85/445] APTD
[16:11:03] [86/445] KMPG
[16:11:04] [87/445] MUTJ
[16:11:05] [88/445] VCCI
[16:11:07] [89/445] URBE
[16:11:08] [90/445] TCTS
[16:11:08] 🔄 Identity reset
[16:11:08] 🔄 Identity rotated (every 10 requests)
[16:11:09] [91/445] STSN
[16:11:10] [92/445] AKCH
[16:11:11] [93/445] APSC
[16:11:12] [94/445] VLTB
[16:11:12] [95/445] SANU
[16:11:13] [96/445] AXAM
[16:11:15] [97/445] MGMG
[16:11:16] [98/445] HTBY
[16:11:17] [99/445] MMZS
[16:11:18] [100/445] SUDR
[16:11:19] 🔄 Identity reset
[16:11:19] 🔄 Identity rotated (every 10 requests)
[16:11:19] [101/445] CCAD
[16:11:20] [102/445] SKKC
[16:11:21] [103/445] RMCD
[16:11:22] [104/445] SBCQ
[16:11:22] [105/445] DCCT
[16:11:23] [106/445] VTKP
[16:11:24] [107/445] MLAM
[16:11:25] [108/445] SAVT
[16:11:26] [109/445] GEPL
[16:11:27] [110/445] AMCD
[16:11:27] 🔄 Identity reset
[16:11:27] 🔄 Identity rotated (every 10 requests)
[16:11:28] [111/445] CCXR
[16:11:29] [112/445] GRNG
[16:11:30] [113/445] EBCA
[16:11:31] [114/445] CNVG
[16:11:31] [115/445] MWSS
[16:11:32] [116/445] VBOR
[16:11:33] [117/445] NEEB
[16:11:34] [118/445] SUTH
[16:11:35] [119/445] ANDB
[16:11:36] [120/445] MMXS
[16:11:36] 🔄 Identity reset
[16:11:36] 🔄 Identity rotated (every 10 requests)
[16:11:37] [121/445] CNPD
[16:11:38] [122/445] SDCE
[16:11:38] [123/445] DHCB
[16:11:39] [124/445] ODEN
[16:11:40] [125/445] TNTC
[16:11:41] [126/445] VBKM
[16:11:42] [127/445] RZYM
[16:11:43] [128/445] JEMC
[16:11:44] [129/445] CMAU
[16:11:44] [130/445] SIVP
[16:11:45] 🔄 Identity reset
[16:11:45] 🔄 Identity rotated (every 10 requests)
[16:11:45] [131/445] ATAG
[16:11:48] [132/445] CHTM
[16:11:49] [133/445] AAEE
[16:11:51] [134/445] IWPM
[16:11:52] [135/445] KCMW
[16:11:53] [136/445] MCTD
[16:11:54] [137/445] SPWR
[16:11:55] [138/445] SDPO
[16:11:57] [139/445] PCSK
[16:11:57] [140/445] ACHV
[16:11:58] 🔄 Identity reset
[16:11:58] 🔄 Identity rotated (every 10 requests)
[16:11:58] [141/445] SVLA
[16:11:59] [142/445] PICT
[16:12:01] [143/445] BXDR
[16:12:02] [144/445] SPWA
[16:12:03] [145/445] MCKO
[16:12:03] [146/445] RTHK
[16:12:05] [147/445] CCMF
[16:12:06] [148/445] MRGB
[16:12:07] [149/445] CPLC
[16:12:08] [150/445] RACD
[16:12:08] 🔄 Identity reset
[16:12:08] 🔄 Identity rotated (every 10 requests)
[16:12:09] [151/445] ATKT
[16:12:10] [152/445] SARN
[16:12:10] [153/445] KKUI
[16:12:11] [154/445] RGCM
[16:12:12] [155/445] BRVP
[16:12:13] [156/445] HRSR
[16:12:14] [157/445] GKGM
[16:12:15] [158/445] TTCD
[16:12:16] [159/445] PTTI
[16:12:17] [160/445] MPTT
[16:12:17] 🔄 Identity reset
[16:12:17] 🔄 Identity rotated (every 10 requests)
[16:12:17] [161/445] CVTT
[16:12:18] [162/445] PCXD
[16:12:19] [163/445] GCDC
[16:12:20] [164/445] CCCF
[16:12:21] [165/445] MRAD
[16:12:22] [166/445] CPLK
[16:12:23] [167/445] SATB
[16:12:24] [168/445] SNVG
[16:12:26] [169/445] JMBA
[16:12:27] [170/445] TEJA
[16:12:27] 🔄 Identity reset
[16:12:27] 🔄 Identity rotated (every 10 requests)
[16:12:28] [171/445] STYO
[16:12:28] [172/445] JTBP
[16:12:29] [173/445] KRGD
[16:12:30] [174/445] SLJJ
[16:12:31] [175/445] SPTJ
[16:12:32] [176/445] SWJG
[16:12:33] [177/445] LKRT
[16:12:34] [178/445] KCKA
[16:12:35] [179/445] SNCR
[16:12:35] [180/445] SMKL
[16:12:36] 🔄 Identity reset
[16:12:36] 🔄 Identity rotated (every 10 requests)
[16:12:36] [181/445] GCFA
[16:12:37] [182/445] DDCK
[16:12:38] [183/445] NCHJ
[16:12:39] [184/445] RDMA
[16:12:40] [185/445] SVSV
[16:12:41] [186/445] SCJG
[16:12:41] [187/445] VKLP
[16:12:43] [188/445] NWCC
[16:12:43] [189/445] VKNS
[16:12:44] [190/445] SDDP
[16:12:45] 🔄 Identity reset
[16:12:45] 🔄 Identity rotated (every 10 requests)
[16:12:45] [191/445] ACSI
[16:12:46] [192/445] SATG
[16:12:47] [193/445] SCMW
[16:12:48] [194/445] LKTK
[16:12:49] [195/445] VCKV
[16:12:50] [196/445] KKPE
[16:12:51] [197/445] KIGH
[16:12:52] [198/445] SRPM
[16:12:53] [199/445] SCAH
[16:12:54] [200/445] MUTA
[16:12:54] 🔄 Identity reset
[16:12:54] 🔄 Identity rotated (every 10 requests)
[16:12:55] [201/445] SEPU
[16:12:55] [202/445] INOA
[16:12:56] [203/445] BASK
[16:12:57] [204/445] NECB
[16:12:58] [205/445] GTTG
[16:12:59] [206/445] ASSA
[16:13:00] [207/445] ANCL
[16:13:01] [208/445] GCTI
[16:13:02] [209/445] RCTS
[16:13:03] [210/445] ACNL
[16:13:04] 🔄 Identity reset
[16:13:04] 🔄 Identity rotated (every 10 requests)
[16:13:04] [211/445] MYCT
[16:13:05] [212/445] NMHT
[16:13:06] [213/445] MDIT
[16:13:07] [214/445] LATG
[16:13:08] [215/445] SMTY
[16:13:09] [216/445] CVCT
[16:13:10] [217/445] RAMB
[16:13:11] [218/445] TGMS
[16:13:12] [219/445] BHEL
[16:13:13] [220/445] SHCT
[16:13:13] 🔄 Identity reset
[16:13:13] 🔄 Identity rotated (every 10 requests)
[16:13:14] [221/445] SVCT
[16:13:15] [222/445] MRIY
[16:13:16] [223/445] SARO
[16:13:17] [224/445] STCT
[16:13:18] [225/445] JKKC
[16:13:20] [226/445] PLTT
[16:13:21] [227/445] SRNT
[16:13:22] [228/445] YAST
[16:13:23] [229/445] PERL
[16:13:24] [230/445] CICM
[16:13:25] 🔄 Identity reset
[16:13:25] 🔄 Identity rotated (every 10 requests)
[16:13:25] [231/445] MMTR
[16:13:26] [232/445] ABTK
[16:13:26] [233/445] ATYY
[16:13:27] [234/445] ASTK
[16:13:28] [235/445] VVCK
[16:13:29] [236/445] ATKY
[16:13:30] [237/445] GWEK
[16:13:31] [238/445] SVFH
[16:13:32] [239/445] SLTA
[16:13:33] [240/445] AASH
[16:13:34] 🔄 Identity reset
[16:13:34] 🔄 Identity rotated (every 10 requests)
[16:13:34] [241/445] ACXB
[16:13:35] [242/445] SMTX
[16:13:36] [243/445] AZDH
[16:13:37] [244/445] CMMH
[16:13:39] [245/445] SCSZ
[16:13:41] [246/445] SCKP
[16:13:41] [247/445] NXTM
[16:13:42] [248/445] NWCS
[16:13:43] [249/445] CXMH
[16:13:44] [250/445] PCMA
[16:13:44] 🔄 Identity reset
[16:13:44] 🔄 Identity rotated (every 10 requests)
[16:13:45] [251/445] SGCM
[16:13:46] [252/445] SDTU
[16:13:47] [253/445] MMVI
[16:13:49] [254/445] JKCM
[16:13:50] [255/445] VCMM
[16:13:51] [256/445] SYEE
[16:13:51] [257/445] VASD
[16:13:52] [258/445] BDRB
[16:13:53] [259/445] LASM
[16:13:54] [260/445] DCRL
[16:13:55] 🔄 Identity reset
[16:13:55] 🔄 Identity rotated (every 10 requests)
[16:13:55] [261/445] DVPM
[16:13:56] [262/445] SBMJ
[16:13:57] [263/445] CBMU
[16:13:58] [264/445] IUBS
[16:14:00] [265/445] INAP
[16:14:01] [266/445] SRRC
[16:14:02] [267/445] SAGR
[16:14:03] [268/445] CPMJ
[16:14:04] [269/445] ATJL
[16:14:05] [270/445] NNTD
[16:14:06] 🔄 Identity reset
[16:14:06] 🔄 Identity rotated (every 10 requests)
[16:14:06] [271/445] JHCJ
[16:14:07] [272/445] CMMP
[16:14:08] [273/445] RSDR
[16:14:09] [274/445] AMTI
[16:14:10] [275/445] NYSG
[16:14:11] [276/445] AVSG
[16:14:13] [277/445] SYTP
[16:14:13] [278/445] LARC
[16:14:14] [279/445] RJTP
[16:14:15] [280/445] LAKC
[16:14:16] 🔄 Identity reset
[16:14:16] 🔄 Identity rotated (every 10 requests)
[16:14:16] [281/445] MCXE
[16:14:17] [282/445] CCZC
[16:14:18] [283/445] AVCH
[16:14:19] [284/445] CMBE
[16:14:20] [285/445] MRRC
[16:14:21] [286/445] PCPY
[16:14:22] [287/445] SRMH
[16:14:23] [288/445] SVGS
[16:14:24] [289/445] PCSE
[16:14:25] [290/445] SVFT
[16:14:26] 🔄 Identity reset
[16:14:26] 🔄 Identity rotated (every 10 requests)
[16:14:26] [291/445] TNZP
[16:14:27] [292/445] ICTP
[16:14:28] [293/445] ACTZ
[16:14:29] [294/445] GTUR
[16:14:30] [295/445] MAFC
[16:14:31] [296/445] MINL
[16:14:32] [297/445] MRCL
[16:14:33] [298/445] RCRP
[16:14:34] [299/445] RFFG
[16:14:35] [300/445] RMAS
[16:14:36] 🔄 Identity reset
[16:14:36] 🔄 Identity rotated (every 10 requests)
[16:14:37] [301/445] INVR
[16:14:38] [302/445] RMAR
[16:14:39] [303/445] CNIS
[16:14:40] [304/445] RHRJ
[16:14:40] [305/445] INXR
[16:14:41] [306/445] VALT
[16:14:42] [307/445] LCSH
[16:14:43] [308/445] CMVS
[16:14:44] [309/445] CNMS
[16:14:45] [310/445] ROOG
[16:14:45] 🔄 Identity reset
[16:14:45] 🔄 Identity rotated (every 10 requests)
[16:14:46] [311/445] ISRM
[16:14:47] [312/445] RCRM
[16:14:48] [313/445] ACJA
[16:14:49] [314/445] RCVS
[16:14:51] [315/445] CPUS
[16:14:51] [316/445] TGCS
[16:14:52] [317/445] RKCJ
[16:14:53] [318/445] MKSB
[16:14:55] [319/445] TCSJ
[16:14:56] [320/445] RMGP
[16:14:56] 🔄 Identity reset
[16:14:56] 🔄 Identity rotated (every 10 requests)
[16:14:57] [321/445] CLLP
[16:14:58] [322/445] RCMV
[16:14:59] [323/445] CCKS
[16:14:59] [324/445] RSRP
[16:15:01] [325/445] APLP
[16:15:02] [326/445] CNVS
[16:15:04] [327/445] RMVY
[16:15:05] [328/445] PGBD
[16:15:06] [329/445] KLMS
[16:15:07] [330/445] RUST
[16:15:07] 🔄 Identity reset
[16:15:07] 🔄 Identity rotated (every 10 requests)
[16:15:08] [331/445] MASM
[16:15:09] [332/445] BACS
[16:15:09] [333/445] BWST
[16:15:10] [334/445] RRFH
[16:15:11] [335/445] SJTM
[16:15:12] [336/445] BEMR
[16:15:13] [337/445] MCGR
[16:15:14] [338/445] SDSK
[16:15:15] [339/445] VBOL
[16:15:16] [340/445] RMGM
[16:15:17] 🔄 Identity reset
[16:15:17] 🔄 Identity rotated (every 10 requests)
[16:15:17] [341/445] NOPL
[16:15:18] [342/445] MKJK
[16:15:19] [343/445] CVRN
[16:15:19] [344/445] MMEN
[16:15:20] [345/445] AMNG
[16:15:21] [346/445] INTM
[16:15:22] [347/445] SLCZ
[16:15:23] [348/445] AMJN
[16:15:24] [349/445] ACJN
[16:15:25] [350/445] AMKN
[16:15:25] 🔄 Identity reset
[16:15:25] 🔄 Identity rotated (every 10 requests)
[16:15:25] 🔄 Retry 1/5 for AMKN in 2.7s
[16:15:25] 🔄 Identity reset
[16:15:28] 🧠 New identity created
[16:15:28] 🔄 Retry 2/5 for AMKN in 4.3s
[16:15:28] 🔄 Identity reset
[16:15:33] 🧠 New identity created
[16:15:33] [351/445] BTCN
[16:15:34] [352/445] AMBT
[16:15:35] [353/445] PACN
[16:15:35] [354/445] LCNS
[16:15:36] [355/445] PPKC
[16:15:37] [356/445] JYYN
[16:15:38] [357/445] JTNR
[16:15:39] [358/445] GTEE
[16:15:40] 🔄 Identity reset
[16:15:40] 🔄 Identity rotated (every 10 requests)
[16:15:40] [359/445] SRNM
[16:15:42] [360/445] SDTC
[16:15:43] [361/445] VPCA
[16:15:44] [362/445] VLRA
[16:15:45] [363/445] SHKR
[16:15:46] [364/445] SBKD
[16:15:47] [365/445] SAAD
[16:15:48] [366/445] JTGN
[16:15:48] [367/445] SLAM
[16:15:49] [368/445] VTPM
[16:15:50] 🔄 Identity reset
[16:15:50] 🔄 Identity rotated (every 10 requests)
[16:15:50] [369/445] ANPT
[16:15:52] [370/445] PUNB
[16:15:53] [371/445] CPKT
[16:15:54] [372/445] CNWE
[16:15:55] [373/445] ECPP
[16:15:56] [374/445] CPAR
[16:15:57] [375/445] ESBW
[16:15:58] [376/445] PKPU
[16:15:59] [377/445] CPRP
[16:16:00] [378/445] RAHU
[16:16:01] 🔄 Identity reset
[16:16:01] 🔄 Identity rotated (every 10 requests)
[16:16:01] [379/445] RHMN
[16:16:02] [380/445] FMJP
[16:16:03] [381/445] CTMP
[16:16:04] [382/445] INPN
[16:16:05] [383/445] STTG
[16:16:06] [384/445] CTRD
[16:16:07] [385/445] PUVB
[16:16:08] [386/445] ESVP
[16:16:10] [387/445] CPFT
[16:16:11] [388/445] LCPC
[16:16:11] 🔄 Identity reset
[16:16:11] 🔄 Identity rotated (every 10 requests)
[16:16:12] [389/445] VBCT
[16:16:13] [390/445] FSCW
[16:16:14] [391/445] VCMP
[16:16:15] [392/445] ASHC
[16:16:16] [393/445] VLCX
[16:16:17] [394/445] SHEV
[16:16:18] [395/445] APCO
[16:16:19] [396/445] SILC
[16:16:20] [397/445] SNMR
[16:16:21] [398/445] KYBO
[16:16:21] 🔄 Identity reset
[16:16:21] 🔄 Identity rotated (every 10 requests)
[16:16:21] [399/445] SATK
[16:16:23] [400/445] SSCS
[16:16:24] [401/445] CLSB
[16:16:25] [402/445] KMJR
[16:16:26] [403/445] FSCK
[16:16:27] [404/445] NNKA
[16:16:28] [405/445] CLMK
[16:16:29] [406/445] DMPZ
[16:16:30] [407/445] INQM
[16:16:31] [408/445] CAML
[16:16:32] 🔄 Identity reset
[16:16:32] 🔄 Identity rotated (every 10 requests)
[16:16:32] [409/445] INRK
[16:16:33] [410/445] IMKN
[16:16:34] [411/445] SVNR
[16:16:35] [412/445] INSL
[16:16:36] [413/445] MSMA
[16:16:37] [414/445] MCKK
[16:16:38] [415/445] FCHP
[16:16:39] [416/445] SFCR
[16:16:40] [417/445] NACK
[16:16:41] [418/445] PVAK
[16:16:41] 🔄 Identity reset
[16:16:41] 🔄 Identity rotated (every 10 requests)
[16:16:42] [419/445] INER
[16:16:43] [420/445] RDBK
[16:16:44] [421/445] SVFN
[16:16:44] [422/445] IFRM
[16:16:45] [423/445] ATCK
[16:16:46] [424/445] ASKO
[16:16:47] [425/445] STKT
[16:16:49] [426/445] SVFB
[16:16:49] [427/445] INKS
[16:16:50] [428/445] PCRA
[16:16:51] 🔄 Identity reset
[16:16:51] 🔄 Identity rotated (every 10 requests)
[16:16:51] [429/445] ATJA
[16:16:52] [430/445] IMJN
[16:16:53] [431/445] INHD
[16:16:54] [432/445] BARA
[16:16:55] [433/445] MCSL
[16:16:56] [434/445] RTOY
[16:16:57] [435/445] MENO
[16:16:58] [436/445] PUDM
[16:16:58] [437/445] PRCN
[16:16:59] [438/445] JMJR
[16:17:00] 🔄 Identity reset
[16:17:00] 🔄 Identity rotated (every 10 requests)
[16:17:00] [439/445] SSGK
[16:17:01] [440/445] SSRL
[16:17:02] [441/445] JYKL
[16:17:03] [442/445] ACNB
[16:17:04] [443/445] SONP
[16:17:06] [444/445] EMCI
[16:17:07] [445/445] MRJH
[16:17:08] ✅ DONE | Shows=2873 | Movies=89
