[00:17:10] 🚀 BMS DAILY TRACKER STARTED (enhanced anti‑detection)
[00:17:10] [1/322] CDCA
[00:17:11] 🧠 New identity created
[00:17:11] [2/322] VBCZ
[00:17:13] [3/322] MSDR
[00:17:13] [4/322] ACPV
[00:17:14] [5/322] PVHB
[00:17:15] [6/322] RCNH
[00:17:16] [7/322] IOMH
[00:17:17] [8/322] ILKS
[00:17:19] [9/322] AMSN
[00:17:20] [10/322] ANTP
[00:17:21] 🔄 Identity reset
[00:17:21] 🔄 Identity rotated (every 10 requests)
[00:17:21] [11/322] SSEK
[00:17:23] [12/322] PICP
[00:17:24] [13/322] SICO
[00:17:25] [14/322] SISP
[00:17:26] [15/322] SCPI
[00:17:27] [16/322] CRPR
[00:17:28] [17/322] DCTW
[00:17:28] [18/322] DCSP
[00:17:29] [19/322] KRPM
[00:17:30] [20/322] THKK
[00:17:31] 🔄 Identity reset
[00:17:31] 🔄 Identity rotated (every 10 requests)
[00:17:31] [21/322] SNMY
[00:17:32] [22/322] AKCC
[00:17:33] [23/322] PCAT
[00:17:33] [24/322] RFGO
[00:17:34] [25/322] GGCS
[00:17:35] [26/322] ACKR
[00:17:36] [27/322] STDO
[00:17:36] [28/322] ACKB
[00:17:37] [29/322] ALUC
[00:17:39] [30/322] MNSR
[00:17:39] 🔄 Identity reset
[00:17:39] 🔄 Identity rotated (every 10 requests)
[00:17:40] [31/322] CSSL
[00:17:41] [32/322] BGGM
[00:17:42] [33/322] MANT
[00:17:43] [34/322] SOOY
[00:17:43] [35/322] VPPK
[00:17:44] [36/322] MYHJ
[00:17:45] [37/322] KSCK
[00:17:46] [38/322] KATK
[00:17:47] [39/322] RTRT
[00:17:48] [40/322] SSTT
[00:17:48] 🔄 Identity reset
[00:17:48] 🔄 Identity rotated (every 10 requests)
[00:17:49] [41/322] SSTV
[00:17:50] [42/322] LACM
[00:17:51] [43/322] SGMG
[00:17:52] [44/322] KACX
[00:17:52] [45/322] GVCP
[00:17:54] [46/322] CSNC
[00:17:55] [47/322] SXCB
[00:17:56] [48/322] BAHS
[00:17:57] [49/322] PCBI
[00:17:58] [50/322] PSSM
[00:17:59] 🔄 Identity reset
[00:17:59] 🔄 Identity rotated (every 10 requests)
[00:17:59] [51/322] RCOK
[00:18:00] [52/322] SCPF
[00:18:01] [53/322] SSAS
[00:18:02] [54/322] EVMM
[00:18:03] [55/322] SYCB
[00:18:03] [56/322] GCKI
[00:18:04] [57/322] IAET
[00:18:05] [58/322] DDTD
[00:18:06] [59/322] GMDH
[00:18:07] [60/322] STLE
[00:18:08] 🔄 Identity reset
[00:18:08] 🔄 Identity rotated (every 10 requests)
[00:18:08] [61/322] JTRA
[00:18:09] [62/322] RPPA
[00:18:10] [63/322] ARUT
[00:18:11] [64/322] JTVM
[00:18:13] [65/322] SWRH
[00:18:13] [66/322] DCPC
[00:18:14] [67/322] RAPR
[00:18:15] [68/322] GCRT
[00:18:16] [69/322] ATUN
[00:18:17] [70/322] LTRM
[00:18:17] 🔄 Identity reset
[00:18:17] 🔄 Identity rotated (every 10 requests)
[00:18:18] [71/322] TASR
[00:18:19] [72/322] RLLC
[00:18:20] [73/322] MABI
[00:18:21] [74/322] SVHB
[00:18:22] [75/322] NVTB
[00:18:23] [76/322] KCKG
[00:18:24] [77/322] SSRN
[00:18:25] [78/322] VDDC
[00:18:25] [79/322] GKTK
[00:18:27] [80/322] YFSN
[00:18:28] 🔄 Identity reset
[00:18:28] 🔄 Identity rotated (every 10 requests)
[00:18:28] [81/322] GCSG
[00:18:29] [82/322] ESSM
[00:18:30] [83/322] KRIH
[00:18:30] [84/322] GCDS
[00:18:31] [85/322] CCSH
[00:18:32] [86/322] ACSK
[00:18:33] [87/322] APRK
[00:18:34] [88/322] ADKM
[00:18:35] [89/322] SRDM
[00:18:35] [90/322] SJMY
[00:18:36] 🔄 Identity reset
[00:18:36] 🔄 Identity rotated (every 10 requests)
[00:18:36] [91/322] PGGC
[00:18:37] [92/322] INGM
[00:18:38] [93/322] LSCB
[00:18:39] [94/322] STAD
[00:18:40] [95/322] MCCR
[00:18:40] [96/322] ABCC
[00:18:41] [97/322] RKCC
[00:18:42] [98/322] RTCR
[00:18:43] [99/322] GGBC
[00:18:44] [100/322] GCSD
[00:18:45] 🔄 Identity reset
[00:18:45] 🔄 Identity rotated (every 10 requests)
[00:18:45] [101/322] LPTY
[00:18:46] [102/322] MCFD
[00:18:47] [103/322] HENN
[00:18:48] [104/322] SMKU
[00:18:49] [105/322] TNZC
[00:18:49] [106/322] DRCD
[00:18:50] [107/322] DLCD
[00:18:51] [108/322] RCDA
[00:18:52] [109/322] COSM
[00:18:54] [110/322] MCMJ
[00:18:54] 🔄 Identity reset
[00:18:54] 🔄 Identity rotated (every 10 requests)
[00:18:55] [111/322] CSTR
[00:18:56] [112/322] CVDK
[00:18:57] [113/322] INRR
[00:18:58] [114/322] RJRT
[00:19:00] [115/322] IRMR
[00:19:01] [116/322] SRCF
[00:19:02] [117/322] GRCR
[00:19:03] [118/322] SURC
[00:19:04] [119/322] NMNH
[00:19:04] [120/322] SVBL
[00:19:05] 🔄 Identity reset
[00:19:05] 🔄 Identity rotated (every 10 requests)
[00:19:06] [121/322] KACI
[00:19:07] [122/322] TDGO
[00:19:08] [123/322] KTBR
[00:19:09] [124/322] PMAD
[00:19:10] [125/322] CCPN
[00:19:11] [126/322] SBTK
[00:19:12] [127/322] LMDK
[00:19:13] [128/322] PGDA
[00:19:14] [129/322] SRML
[00:19:14] [130/322] EVCK
[00:19:15] 🔄 Identity reset
[00:19:15] 🔄 Identity rotated (every 10 requests)
[00:19:15] [131/322] RTTK
[00:19:16] [132/322] SRTU
[00:19:17] [133/322] VRSA
[00:19:18] [134/322] VARS
[00:19:19] [135/322] DSCZ
[00:19:20] [136/322] GAGA
[00:19:21] [137/322] SARV
[00:19:22] [138/322] SEEG
[00:19:23] [139/322] GLCA
[00:19:24] [140/322] APAS
[00:19:25] 🔄 Identity reset
[00:19:25] 🔄 Identity rotated (every 10 requests)
[00:19:25] [141/322] VCIA
[00:19:26] [142/322] SJTA
[00:19:27] [143/322] SABM
[00:19:28] [144/322] PPAG
[00:19:29] [145/322] RVCA
[00:19:30] [146/322] CCIA
[00:19:30] [147/322] HTAG
[00:19:31] [148/322] SMBI
[00:19:32] [149/322] MCJR
[00:19:33] [150/322] CCJR
[00:19:34] 🔄 Identity reset
[00:19:34] 🔄 Identity rotated (every 10 requests)
[00:19:34] 🔄 Retry 1/5 for CCJR in 2.7s
[00:19:34] 🔄 Identity reset
[00:19:36] 🧠 New identity created
[00:19:37] [151/322] SINF
[00:19:38] [152/322] CPLX
[00:19:39] [153/322] KKTJ
[00:19:39] [154/322] GDBW
[00:19:40] [155/322] CSUB
[00:19:41] [156/322] DABA
[00:19:42] [157/322] TITR
[00:19:43] [158/322] NYCR
[00:19:44] [159/322] RTRY
[00:19:45] 🔄 Identity reset
[00:19:45] 🔄 Identity rotated (every 10 requests)
[00:19:45] 🔄 Retry 1/5 for RTRY in 3.0s
[00:19:45] 🔄 Identity reset
[00:19:48] 🧠 New identity created
[00:19:48] [160/322] JTJL
[00:19:49] [161/322] SJCP
[00:19:50] [162/322] KCCA
[00:19:51] [163/322] MLPG
[00:19:52] [164/322] VRCK
[00:19:53] [165/322] SRIN
[00:19:54] [166/322] CXMK
[00:19:55] [167/322] SKAD
[00:19:56] [168/322] AVTR
[00:19:56] 🔄 Identity reset
[00:19:56] 🔄 Identity rotated (every 10 requests)
[00:19:56] 🔄 Retry 1/5 for AVTR in 2.4s
[00:19:56] 🔄 Identity reset
[00:19:59] 🧠 New identity created
[00:19:59] [169/322] PTAJ
[00:20:00] [170/322] SCNK
[00:20:01] [171/322] STTI
[00:20:02] [172/322] KACR
[00:20:02] [173/322] SSDX
[00:20:03] [174/322] VRTJ
[00:20:04] [175/322] RAJD
[00:20:05] [176/322] SCIP
[00:20:05] [177/322] RJSL
[00:20:06] 🔄 Identity reset
[00:20:06] 🔄 Identity rotated (every 10 requests)
[00:20:06] [178/322] ARRS
[00:20:07] [179/322] ASMS
[00:20:08] [180/322] RDTS
[00:20:09] [181/322] DVMY
[00:20:10] [182/322] RASA
[00:20:11] [183/322] INOM
[00:20:12] [184/322] SPRS
[00:20:12] [185/322] SGCS
[00:20:13] [186/322] SALM
[00:20:14] [187/322] PKHC
[00:20:15] 🔄 Identity reset
[00:20:15] 🔄 Identity rotated (every 10 requests)
[00:20:15] [188/322] RCSV
[00:20:16] [189/322] CPKC
[00:20:18] [190/322] AACD
[00:20:19] [191/322] GGCV
[00:20:20] [192/322] SMKD
[00:20:21] [193/322] NBCH
[00:20:21] [194/322] AMCB
[00:20:22] [195/322] OPCN
[00:20:23] [196/322] DCIN
[00:20:24] [197/322] INGW
[00:20:24] 🔄 Identity reset
[00:20:24] 🔄 Identity rotated (every 10 requests)
[00:20:25] [198/322] PKKW
[00:20:26] [199/322] FNGW
[00:20:27] [200/322] GCGD
[00:20:27] [201/322] MSTW
[00:20:28] [202/322] KCCG
[00:20:29] [203/322] MRSS
[00:20:30] [204/322] CLCF
[00:20:31] [205/322] EETS
[00:20:32] [206/322] AATR
[00:20:33] [207/322] CMMN
[00:20:33] 🔄 Identity reset
[00:20:33] 🔄 Identity rotated (every 10 requests)
[00:20:34] [208/322] SCCJ
[00:20:35] [209/322] CDTK
[00:20:36] [210/322] AICP
[00:20:37] [211/322] FNBP
[00:20:37] [212/322] CBPB
[00:20:38] [213/322] CPAS
[00:20:39] [214/322] MAPM
[00:20:40] [215/322] PASD
[00:20:41] [216/322] JCMN
[00:20:41] [217/322] MALB
[00:20:42] 🔄 Identity reset
[00:20:42] 🔄 Identity rotated (every 10 requests)
[00:20:42] 🔄 Retry 1/5 for MALB in 2.1s
[00:20:42] 🔄 Identity reset
[00:20:44] 🧠 New identity created
[00:20:44] [218/322] SACG
[00:20:45] [219/322] DDRX
[00:20:46] [220/322] DDXB
[00:20:47] [221/322] RAMC
[00:20:48] [222/322] SANC
[00:20:49] [223/322] BCBP
[00:20:50] [224/322] ALPC
[00:20:50] [225/322] RBAC
[00:20:52] [226/322] RAJL
[00:20:53] 🔄 Identity reset
[00:20:53] 🔄 Identity rotated (every 10 requests)
[00:20:53] 🔄 Retry 1/5 for RAJL in 2.8s
[00:20:53] 🔄 Identity reset
[00:20:56] 🧠 New identity created
[00:20:56] [227/322] MPDX
[00:20:57] [228/322] MUSC
[00:20:58] [229/322] VKMK
[00:20:59] [230/322] SKCG
[00:20:59] [231/322] ANCN
[00:21:01] [232/322] MMCJ
[00:21:02] [233/322] DCAK
[00:21:03] [234/322] SCKG
[00:21:03] [235/322] LMCK
[00:21:04] 🔄 Identity reset
[00:21:04] 🔄 Identity rotated (every 10 requests)
[00:21:04] [236/322] CKKX
[00:21:05] [237/322] ANKU
[00:21:06] [238/322] CSMD
[00:21:07] [239/322] MKMP
[00:21:08] [240/322] SVBG
[00:21:08] [241/322] ROOP
[00:21:09] [242/322] GDMT
[00:21:10] [243/322] FPPF
[00:21:11] [244/322] SFUU
[00:21:12] [245/322] ANCB
[00:21:12] 🔄 Identity reset
[00:21:12] 🔄 Identity rotated (every 10 requests)
[00:21:13] [246/322] SMMC
[00:21:14] [247/322] UGKT
[00:21:15] [248/322] JVRM
[00:21:16] [249/322] BATG
[00:21:17] [250/322] RATE
[00:21:18] [251/322] SKME
[00:21:18] [252/322] LMTP
[00:21:19] [253/322] TCBD
[00:21:21] [254/322] ESBD
[00:21:22] [255/322] GDCU
[00:21:23] 🔄 Identity reset
[00:21:23] 🔄 Identity rotated (every 10 requests)
[00:21:23] [256/322] SNKT
[00:21:24] [257/322] SRNK
[00:21:25] [258/322] SMED
[00:21:26] [259/322] CSQS
[00:21:27] [260/322] ALCS
[00:21:28] [261/322] KCKN
[00:21:28] [262/322] VCCL
[00:21:29] [263/322] MCDA
[00:21:30] [264/322] SHMI
[00:21:31] [265/322] SKHA
[00:21:31] 🔄 Identity reset
[00:21:31] 🔄 Identity rotated (every 10 requests)
[00:21:31] [266/322] SVFK
[00:21:32] [267/322] INVB
[00:21:33] [268/322] MELD
[00:21:34] [269/322] JTYS
[00:21:35] [270/322] INCM
[00:21:36] [271/322] MCDV
[00:21:37] [272/322] KSGK
[00:21:39] [273/322] ICMG
[00:21:39] [274/322] CSCV
[00:21:40] [275/322] STMD
[00:21:41] 🔄 Identity reset
[00:21:41] 🔄 Identity rotated (every 10 requests)
[00:21:41] [276/322] STTR
[00:21:42] [277/322] INVC
[00:21:43] [278/322] JTBL
[00:21:44] [279/322] SRVV
[00:21:45] [280/322] MAVC
[00:21:45] [281/322] SRPP
[00:21:46] [282/322] JGDM
[00:21:47] [283/322] MBSJ
[00:21:48] [284/322] SSLL
[00:21:48] [285/322] SLKP
[00:21:49] 🔄 Identity reset
[00:21:49] 🔄 Identity rotated (every 10 requests)
[00:21:49] 🔄 Retry 1/5 for SLKP in 2.9s
[00:21:49] 🔄 Identity reset
[00:21:52] 🧠 New identity created
[00:21:52] [286/322] NSRV
[00:21:53] [287/322] UTDV
[00:21:54] [288/322] KICM
[00:21:55] [289/322] KCMD
[00:21:55] [290/322] TTPP
[00:21:56] [291/322] KMPV
[00:21:58] [292/322] SKTV
[00:21:59] [293/322] STCV
[00:22:00] [294/322] SRDA
[00:22:00] 🔄 Identity reset
[00:22:00] 🔄 Identity rotated (every 10 requests)
[00:22:01] [295/322] JTSX
[00:22:02] [296/322] STBV
[00:22:02] [297/322] APVZ
[00:22:03] [298/322] GSTV
[00:22:05] [299/322] NMVS
[00:22:06] [300/322] SKRT
[00:22:06] [301/322] RMDV
[00:22:07] [302/322] RATG
[00:22:08] [303/322] SJYV
[00:22:09] [304/322] NDGP
[00:22:10] 🔄 Identity reset
[00:22:10] 🔄 Identity rotated (every 10 requests)
[00:22:10] [305/322] SNDG
[00:22:11] [306/322] INSR
[00:22:11] [307/322] INSO
[00:22:12] [308/322] CCSI
[00:22:13] [309/322] RASM
[00:22:14] [310/322] NEWC
[00:22:15] [311/322] VSHL
[00:22:16] [312/322] BISW
[00:22:17] [313/322] GCNG
[00:22:18] [314/322] CWSC
[00:22:18] 🔄 Identity reset
[00:22:18] 🔄 Identity rotated (every 10 requests)
[00:22:19] [315/322] SKAN
[00:22:19] [316/322] CCOA
[00:22:20] [317/322] MCAJ
[00:22:21] [318/322] ACDE
[00:22:22] [319/322] AACM
[00:22:22] [320/322] JJCK
[00:22:23] [321/322] RCMO
[00:22:25] [322/322] GDAW
[00:22:26] ✅ DONE | Shows=1 | Movies=1
[01:10:09] 🚀 BMS DAILY TRACKER STARTED (enhanced anti‑detection)
[01:10:09] [1/322] CDCA
[01:10:09] 🧠 New identity created
[01:10:10] [2/322] VBCZ
[01:10:11] [3/322] MSDR
[01:10:12] [4/322] ACPV
[01:10:13] [5/322] PVHB
[01:10:14] [6/322] RCNH
[01:10:15] [7/322] IOMH
[01:10:15] [8/322] ILKS
[01:10:17] [9/322] AMSN
[01:10:17] [10/322] ANTP
[01:10:18] 🔄 Identity reset
[01:10:18] 🔄 Identity rotated (every 10 requests)
[01:10:19] [11/322] SSEK
[01:10:19] [12/322] PICP
[01:10:21] [13/322] SICO
[01:10:22] [14/322] SISP
[01:10:23] [15/322] SCPI
[01:10:24] [16/322] CRPR
[01:10:25] [17/322] DCTW
[01:10:26] [18/322] DCSP
[01:10:27] [19/322] KRPM
[01:10:28] [20/322] THKK
[01:10:29] 🔄 Identity reset
[01:10:29] 🔄 Identity rotated (every 10 requests)
[01:10:29] [21/322] SNMY
[01:10:30] [22/322] AKCC
[01:10:32] [23/322] PCAT
[01:10:33] [24/322] RFGO
[01:10:36] [25/322] GGCS
[01:10:37] [26/322] ACKR
[01:10:37] [27/322] STDO
[01:10:39] [28/322] ACKB
[01:10:40] [29/322] ALUC
[01:10:41] [30/322] MNSR
[01:10:41] 🔄 Identity reset
[01:10:41] 🔄 Identity rotated (every 10 requests)
[01:10:42] 🔄 Retry 1/5 for MNSR in 2.4s
[01:10:42] 🔄 Identity reset
[01:10:44] 🧠 New identity created
[01:10:44] [31/322] CSSL
[01:10:45] [32/322] BGGM
[01:10:46] [33/322] MANT
[01:10:47] [34/322] SOOY
[01:10:48] [35/322] VPPK
[01:10:50] [36/322] MYHJ
[01:10:51] [37/322] KSCK
[01:10:51] [38/322] KATK
[01:10:52] [39/322] RTRT
[01:10:53] 🔄 Identity reset
[01:10:53] 🔄 Identity rotated (every 10 requests)
[01:10:53] [40/322] SSTT
[01:10:54] [41/322] SSTV
[01:10:55] [42/322] LACM
[01:10:56] [43/322] SGMG
[01:10:58] [44/322] KACX
[01:10:59] [45/322] GVCP
[01:11:00] [46/322] CSNC
[01:11:01] [47/322] SXCB
[01:11:02] [48/322] BAHS
[01:11:03] [49/322] PCBI
[01:11:03] 🔄 Identity reset
[01:11:03] 🔄 Identity rotated (every 10 requests)
[01:11:04] [50/322] PSSM
[01:11:04] [51/322] RCOK
[01:11:06] [52/322] SCPF
[01:11:07] [53/322] SSAS
[01:11:08] [54/322] EVMM
[01:11:09] [55/322] SYCB
[01:11:10] [56/322] GCKI
[01:11:11] [57/322] IAET
[01:11:12] [58/322] DDTD
[01:11:12] [59/322] GMDH
[01:11:13] 🔄 Identity reset
[01:11:13] 🔄 Identity rotated (every 10 requests)
[01:11:13] [60/322] STLE
[01:11:14] [61/322] JTRA
[01:11:15] [62/322] RPPA
[01:11:16] [63/322] ARUT
[01:11:17] [64/322] JTVM
[01:11:18] [65/322] SWRH
[01:11:19] [66/322] DCPC
[01:11:20] [67/322] RAPR
[01:11:21] [68/322] GCRT
[01:11:22] [69/322] ATUN
[01:11:23] 🔄 Identity reset
[01:11:23] 🔄 Identity rotated (every 10 requests)
[01:11:26] [70/322] LTRM
[01:11:27] [71/322] TASR
[01:11:28] [72/322] RLLC
[01:11:30] [73/322] MABI
[01:11:31] [74/322] SVHB
[01:11:32] [75/322] NVTB
[01:11:33] [76/322] KCKG
[01:11:34] [77/322] SSRN
[01:11:35] [78/322] VDDC
[01:11:36] [79/322] GKTK
[01:11:37] 🔄 Identity reset
[01:11:37] 🔄 Identity rotated (every 10 requests)
[01:11:37] [80/322] YFSN
[01:11:38] [81/322] GCSG
[01:11:39] [82/322] ESSM
[01:11:40] [83/322] KRIH
[01:11:42] [84/322] GCDS
[01:11:43] [85/322] CCSH
[01:11:44] [86/322] ACSK
[01:11:45] [87/322] APRK
[01:11:46] [88/322] ADKM
[01:11:48] [89/322] SRDM
[01:11:48] 🔄 Identity reset
[01:11:48] 🔄 Identity rotated (every 10 requests)
[01:11:49] [90/322] SJMY
[01:11:49] [91/322] PGGC
[01:11:50] [92/322] INGM
[01:11:51] [93/322] LSCB
[01:11:52] [94/322] STAD
[01:11:54] [95/322] MCCR
[01:11:55] [96/322] ABCC
[01:11:56] [97/322] RKCC
[01:11:58] [98/322] RTCR
[01:11:58] [99/322] GGBC
[01:11:59] 🔄 Identity reset
[01:11:59] 🔄 Identity rotated (every 10 requests)
[01:11:59] [100/322] GCSD
[01:12:00] [101/322] LPTY
[01:12:01] [102/322] MCFD
[01:12:02] [103/322] HENN
[01:12:03] [104/322] SMKU
[01:12:05] [105/322] TNZC
[01:12:06] [106/322] DRCD
[01:12:07] [107/322] DLCD
[01:12:08] [108/322] RCDA
[01:12:20] 🔄 Retry 1/5 for RCDA in 2.4s
[01:12:20] 🔄 Identity reset
[01:12:23] 🧠 New identity created
[01:12:23] 🔄 Identity reset
[01:12:23] 🔄 Identity rotated (every 10 requests)
[01:12:29] [109/322] COSM
[01:12:30] [110/322] MCMJ
[01:12:30] [111/322] CSTR
[01:12:31] [112/322] CVDK
[01:12:32] [113/322] INRR
[01:12:33] [114/322] RJRT
[01:12:34] [115/322] IRMR
[01:12:35] [116/322] SRCF
[01:12:36] [117/322] GRCR
[01:12:37] [118/322] SURC
[01:12:38] 🔄 Identity reset
[01:12:38] 🔄 Identity rotated (every 10 requests)
[01:12:38] [119/322] NMNH
[01:12:39] [120/322] SVBL
[01:12:40] [121/322] KACI
[01:12:40] [122/322] TDGO
[01:12:42] [123/322] KTBR
[01:12:43] [124/322] PMAD
[01:12:44] [125/322] CCPN
[01:12:46] [126/322] SBTK
[01:12:48] [127/322] LMDK
[01:12:48] [128/322] PGDA
[01:12:49] 🔄 Identity reset
[01:12:49] 🔄 Identity rotated (every 10 requests)
[01:12:49] [129/322] SRML
[01:12:50] [130/322] EVCK
[01:12:52] [131/322] RTTK
[01:12:53] [132/322] SRTU
[01:12:54] [133/322] VRSA
[01:12:56] [134/322] VARS
[01:12:57] [135/322] DSCZ
[01:12:58] [136/322] GAGA
[01:12:59] [137/322] SARV
[01:13:00] [138/322] SEEG
[01:13:00] 🔄 Identity reset
[01:13:00] 🔄 Identity rotated (every 10 requests)
[01:13:01] [139/322] GLCA
[01:13:02] [140/322] APAS
[01:13:03] [141/322] VCIA
[01:13:03] [142/322] SJTA
[01:13:04] [143/322] SABM
[01:13:05] [144/322] PPAG
[01:13:07] [145/322] RVCA
[01:13:08] [146/322] CCIA
[01:13:09] [147/322] HTAG
[01:13:10] [148/322] SMBI
[01:13:10] 🔄 Identity reset
[01:13:10] 🔄 Identity rotated (every 10 requests)
[01:13:11] [149/322] MCJR
[01:13:12] [150/322] CCJR
[01:13:14] [151/322] SINF
[01:13:15] [152/322] CPLX
[01:13:16] [153/322] KKTJ
[01:13:17] [154/322] GDBW
[01:13:19] [155/322] CSUB
[01:13:20] [156/322] DABA
[01:13:21] [157/322] TITR
[01:13:22] [158/322] NYCR
[01:13:22] 🔄 Identity reset
[01:13:23] 🔄 Identity rotated (every 10 requests)
[01:13:24] [159/322] RTRY
[01:13:25] [160/322] JTJL
[01:13:26] [161/322] SJCP
[01:13:26] [162/322] KCCA
[01:13:27] [163/322] MLPG
[01:13:29] [164/322] VRCK
[01:13:29] [165/322] SRIN
[01:13:30] [166/322] CXMK
[01:13:32] [167/322] SKAD
[01:13:34] [168/322] AVTR
[01:13:35] 🔄 Identity reset
[01:13:35] 🔄 Identity rotated (every 10 requests)
[01:13:35] [169/322] PTAJ
[01:13:36] [170/322] SCNK
[01:13:37] [171/322] STTI
[01:13:39] [172/322] KACR
[01:13:40] [173/322] SSDX
[01:13:52] 🔄 Retry 1/5 for SSDX in 2.0s
[01:13:52] 🔄 Identity reset
[01:13:54] 🧠 New identity created
[01:14:01] [174/322] VRTJ
[01:14:02] [175/322] RAJD
[01:14:04] [176/322] SCIP
[01:14:05] [177/322] RJSL
[01:14:06] 🔄 Identity reset
[01:14:06] 🔄 Identity rotated (every 10 requests)
[01:14:06] 🔄 Retry 1/5 for RJSL in 2.8s
[01:14:06] 🔄 Identity reset
[01:14:08] 🧠 New identity created
[01:14:09] [178/322] ARRS
[01:14:10] [179/322] ASMS
[01:14:12] [180/322] RDTS
[01:14:14] [181/322] DVMY
[01:14:15] [182/322] RASA
[01:14:16] [183/322] INOM
[01:14:17] [184/322] SPRS
[01:14:18] [185/322] SGCS
[01:14:18] [186/322] SALM
[01:14:19] 🔄 Identity reset
[01:14:19] 🔄 Identity rotated (every 10 requests)
[01:14:19] [187/322] PKHC
[01:14:20] [188/322] RCSV
[01:14:21] [189/322] CPKC
[01:14:22] [190/322] AACD
[01:14:23] [191/322] GGCV
[01:14:24] [192/322] SMKD
[01:14:25] [193/322] NBCH
[01:14:26] [194/322] AMCB
[01:14:26] [195/322] OPCN
[01:14:27] [196/322] DCIN
[01:14:28] 🔄 Identity reset
[01:14:28] 🔄 Identity rotated (every 10 requests)
[01:14:28] 🔄 Retry 1/5 for DCIN in 2.9s
[01:14:28] 🔄 Identity reset
[01:14:31] 🧠 New identity created
[01:14:31] [197/322] INGW
[01:14:32] [198/322] PKKW
[01:14:34] [199/322] FNGW
[01:14:34] [200/322] GCGD
[01:14:37] [201/322] MSTW
[01:14:37] [202/322] KCCG
[01:14:38] [203/322] MRSS
[01:14:39] [204/322] CLCF
[01:14:41] [205/322] EETS
[01:14:42] 🔄 Identity reset
[01:14:42] 🔄 Identity rotated (every 10 requests)
[01:14:42] [206/322] AATR
[01:14:43] [207/322] CMMN
[01:14:45] [208/322] SCCJ
[01:14:46] [209/322] CDTK
[01:14:47] [210/322] AICP
[01:14:49] [211/322] FNBP
[01:14:50] [212/322] CBPB
[01:14:51] [213/322] CPAS
[01:14:52] [214/322] MAPM
[01:14:53] [215/322] PASD
[01:14:53] 🔄 Identity reset
[01:14:53] 🔄 Identity rotated (every 10 requests)
[01:14:53] 🔄 Retry 1/5 for PASD in 2.2s
[01:14:53] 🔄 Identity reset
[01:14:56] 🧠 New identity created
[01:14:56] [216/322] JCMN
[01:14:57] [217/322] MALB
[01:14:58] [218/322] SACG
[01:14:59] [219/322] DDRX
[01:15:00] [220/322] DDXB
[01:15:01] [221/322] RAMC
[01:15:02] [222/322] SANC
[01:15:03] [223/322] BCBP
[01:15:03] [224/322] ALPC
[01:15:04] 🔄 Identity reset
[01:15:04] 🔄 Identity rotated (every 10 requests)
[01:15:04] [225/322] RBAC
[01:15:05] [226/322] RAJL
[01:15:06] [227/322] MPDX
[01:15:07] [228/322] MUSC
[01:15:08] [229/322] VKMK
[01:15:09] [230/322] SKCG
[01:15:10] [231/322] ANCN
[01:15:11] [232/322] MMCJ
[01:15:12] [233/322] DCAK
[01:15:13] [234/322] SCKG
[01:15:14] 🔄 Identity reset
[01:15:14] 🔄 Identity rotated (every 10 requests)
[01:15:14] [235/322] LMCK
[01:15:15] [236/322] CKKX
[01:15:16] [237/322] ANKU
[01:15:17] [238/322] CSMD
[01:15:18] [239/322] MKMP
[01:15:19] [240/322] SVBG
[01:15:20] [241/322] ROOP
[01:15:21] [242/322] GDMT
[01:15:22] [243/322] FPPF
[01:15:23] [244/322] SFUU
[01:15:23] 🔄 Identity reset
[01:15:23] 🔄 Identity rotated (every 10 requests)
[01:15:23] 🔄 Retry 1/5 for SFUU in 2.5s
[01:15:23] 🔄 Identity reset
[01:15:26] 🧠 New identity created
[01:15:26] 🔄 Retry 2/5 for SFUU in 4.5s
[01:15:26] 🔄 Identity reset
[01:15:31] 🧠 New identity created
[01:15:31] [245/322] ANCB
[01:15:32] [246/322] SMMC
[01:15:33] [247/322] UGKT
[01:15:34] [248/322] JVRM
[01:15:35] [249/322] BATG
[01:15:36] [250/322] RATE
[01:15:37] [251/322] SKME
[01:15:38] [252/322] LMTP
[01:15:39] 🔄 Identity reset
[01:15:39] 🔄 Identity rotated (every 10 requests)
[01:15:39] [253/322] TCBD
[01:15:40] [254/322] ESBD
[01:15:41] [255/322] GDCU
[01:15:42] [256/322] SNKT
[01:15:43] [257/322] SRNK
[01:15:44] [258/322] SMED
[01:15:45] [259/322] CSQS
[01:15:46] [260/322] ALCS
[01:15:47] [261/322] KCKN
[01:15:48] [262/322] VCCL
[01:15:48] 🔄 Identity reset
[01:15:48] 🔄 Identity rotated (every 10 requests)
[01:15:49] [263/322] MCDA
[01:15:50] [264/322] SHMI
[01:15:50] [265/322] SKHA
[01:15:51] [266/322] SVFK
[01:15:52] [267/322] INVB
[01:15:53] [268/322] MELD
[01:15:54] [269/322] JTYS
[01:15:55] [270/322] INCM
[01:15:56] [271/322] MCDV
[01:15:57] [272/322] KSGK
[01:15:57] 🔄 Identity reset
[01:15:57] 🔄 Identity rotated (every 10 requests)
[01:15:58] [273/322] ICMG
[01:15:59] [274/322] CSCV
[01:15:59] [275/322] STMD
[01:16:00] [276/322] STTR
[01:16:01] [277/322] INVC
[01:16:02] [278/322] JTBL
[01:16:03] [279/322] SRVV
[01:16:04] [280/322] MAVC
[01:16:05] [281/322] SRPP
[01:16:06] [282/322] JGDM
[01:16:06] 🔄 Identity reset
[01:16:06] 🔄 Identity rotated (every 10 requests)
[01:16:07] [283/322] MBSJ
[01:16:08] [284/322] SSLL
[01:16:09] [285/322] SLKP
[01:16:10] [286/322] NSRV
[01:16:11] [287/322] UTDV
[01:16:12] [288/322] KICM
[01:16:13] [289/322] KCMD
[01:16:14] [290/322] TTPP
[01:16:15] [291/322] KMPV
[01:16:16] [292/322] SKTV
[01:16:16] 🔄 Identity reset
[01:16:16] 🔄 Identity rotated (every 10 requests)
[01:16:17] [293/322] STCV
[01:16:17] [294/322] SRDA
[01:16:18] [295/322] JTSX
[01:16:19] [296/322] STBV
[01:16:20] [297/322] APVZ
[01:16:22] [298/322] GSTV
[01:16:22] [299/322] NMVS
[01:16:23] [300/322] SKRT
[01:16:25] [301/322] RMDV
[01:16:26] [302/322] RATG
[01:16:26] 🔄 Identity reset
[01:16:26] 🔄 Identity rotated (every 10 requests)
[01:16:27] [303/322] SJYV
[01:16:28] [304/322] NDGP
[01:16:29] [305/322] SNDG
[01:16:30] [306/322] INSR
[01:16:32] [307/322] INSO
[01:16:33] [308/322] CCSI
[01:16:34] [309/322] RASM
[01:16:35] [310/322] NEWC
[01:16:36] [311/322] VSHL
[01:16:37] [312/322] BISW
[01:16:37] 🔄 Identity reset
[01:16:37] 🔄 Identity rotated (every 10 requests)
[01:16:38] [313/322] GCNG
[01:16:39] [314/322] CWSC
[01:16:39] [315/322] SKAN
[01:16:40] [316/322] CCOA
[01:16:41] [317/322] MCAJ
[01:16:42] [318/322] ACDE
[01:16:43] [319/322] AACM
[01:16:44] [320/322] JJCK
[01:16:45] [321/322] RCMO
[01:16:46] [322/322] GDAW
[01:16:46] 🔄 Identity reset
[01:16:46] 🔄 Identity rotated (every 10 requests)
[01:16:46] 🔄 Retry 1/5 for GDAW in 3.0s
[01:16:46] 🔄 Identity reset
[01:16:49] 🧠 New identity created
[01:16:50] ✅ DONE | Shows=1 | Movies=1
[02:17:05] 🚀 BMS DAILY TRACKER STARTED (enhanced anti‑detection)
[02:17:05] [1/322] CDCA
[02:17:06] 🧠 New identity created
[02:17:07] [2/322] VBCZ
[02:17:09] [3/322] MSDR
[02:17:10] [4/322] ACPV
[02:17:11] [5/322] PVHB
[02:17:12] [6/322] RCNH
[02:17:13] [7/322] IOMH
[02:17:14] [8/322] ILKS
[02:17:15] [9/322] AMSN
[02:17:15] [10/322] ANTP
[02:17:16] 🔄 Identity reset
[02:17:16] 🔄 Identity rotated (every 10 requests)
[02:17:17] [11/322] SSEK
[02:17:17] [12/322] PICP
[02:17:19] [13/322] SICO
[02:17:20] [14/322] SISP
[02:17:21] [15/322] SCPI
[02:17:22] [16/322] CRPR
[02:17:23] [17/322] DCTW
[02:17:24] [18/322] DCSP
[02:17:25] [19/322] KRPM
[02:17:26] [20/322] THKK
[02:17:27] 🔄 Identity reset
[02:17:27] 🔄 Identity rotated (every 10 requests)
[02:17:27] 🔄 Retry 1/5 for THKK in 2.5s
[02:17:27] 🔄 Identity reset
[02:17:29] 🧠 New identity created
[02:17:29] 🔄 Retry 2/5 for THKK in 4.0s
[02:17:29] 🔄 Identity reset
[02:17:33] 🧠 New identity created
[02:17:33] 🔄 Retry 3/5 for THKK in 8.2s
[02:17:33] 🔄 Identity reset
[02:17:42] 🧠 New identity created
[02:17:42] 🔄 Retry 4/5 for THKK in 16.8s
[02:17:42] 🔄 Identity reset
[02:17:58] 🧠 New identity created
[02:17:59] [21/322] SNMY
[02:18:00] [22/322] AKCC
[02:18:01] [23/322] PCAT
[02:18:02] [24/322] RFGO
[02:18:03] [25/322] GGCS
[02:18:04] [26/322] ACKR
[02:18:05] 🔄 Identity reset
[02:18:05] 🔄 Identity rotated (every 10 requests)
[02:18:05] [27/322] STDO
[02:18:06] [28/322] ACKB
[02:18:08] [29/322] ALUC
[02:18:09] [30/322] MNSR
[02:18:10] [31/322] CSSL
[02:18:11] [32/322] BGGM
[02:18:12] [33/322] MANT
[02:18:14] [34/322] SOOY
[02:18:15] [35/322] VPPK
[02:18:16] [36/322] MYHJ
[02:18:16] 🔄 Identity reset
[02:18:16] 🔄 Identity rotated (every 10 requests)
[02:18:16] 🔄 Retry 1/5 for MYHJ in 2.9s
[02:18:16] 🔄 Identity reset
[02:18:19] 🧠 New identity created
[02:18:20] [37/322] KSCK
[02:18:21] [38/322] KATK
[02:18:22] [39/322] RTRT
[02:18:23] [40/322] SSTT
[02:18:24] [41/322] SSTV
[02:18:25] [42/322] LACM
[02:18:26] [43/322] SGMG
[02:18:27] [44/322] KACX
[02:18:28] [45/322] GVCP
[02:18:28] 🔄 Identity reset
[02:18:28] 🔄 Identity rotated (every 10 requests)
[02:18:28] 🔄 Retry 1/5 for GVCP in 2.6s
[02:18:28] 🔄 Identity reset
[02:18:31] 🧠 New identity created
[02:18:31] 🔄 Retry 2/5 for GVCP in 4.9s
[02:18:31] 🔄 Identity reset
[02:18:36] 🧠 New identity created
[02:18:36] 🔄 Retry 3/5 for GVCP in 8.3s
[02:18:36] 🔄 Identity reset
[02:18:44] 🧠 New identity created
[02:18:45] [46/322] CSNC
[02:18:46] [47/322] SXCB
[02:18:46] [48/322] BAHS
[02:18:47] [49/322] PCBI
[02:18:48] [50/322] PSSM
[02:18:49] [51/322] RCOK
[02:18:51] [52/322] SCPF
[02:18:51] 🔄 Identity reset
[02:18:51] 🔄 Identity rotated (every 10 requests)
[02:18:52] [53/322] SSAS
[02:18:53] [54/322] EVMM
[02:18:54] [55/322] SYCB
[02:18:55] [56/322] GCKI
[02:18:55] [57/322] IAET
[02:18:56] [58/322] DDTD
[02:18:57] [59/322] GMDH
[02:18:58] [60/322] STLE
[02:18:59] [61/322] JTRA
[02:19:00] [62/322] RPPA
[02:19:00] 🔄 Identity reset
[02:19:00] 🔄 Identity rotated (every 10 requests)
[02:19:00] 🔄 Retry 1/5 for RPPA in 2.7s
[02:19:00] 🔄 Identity reset
[02:19:03] 🧠 New identity created
[02:19:03] [63/322] ARUT
[02:19:04] [64/322] JTVM
[02:19:05] [65/322] SWRH
[02:19:06] [66/322] DCPC
[02:19:07] [67/322] RAPR
[02:19:08] [68/322] GCRT
[02:19:09] [69/322] ATUN
[02:19:10] [70/322] LTRM
[02:19:11] [71/322] TASR
[02:19:11] 🔄 Identity reset
[02:19:11] 🔄 Identity rotated (every 10 requests)
[02:19:12] [72/322] RLLC
[02:19:13] [73/322] MABI
[02:19:14] [74/322] SVHB
[02:19:15] [75/322] NVTB
[02:19:16] [76/322] KCKG
[02:19:17] [77/322] SSRN
[02:19:18] [78/322] VDDC
[02:19:19] [79/322] GKTK
[02:19:20] [80/322] YFSN
[02:19:21] [81/322] GCSG
[02:19:21] 🔄 Identity reset
[02:19:21] 🔄 Identity rotated (every 10 requests)
[02:19:21] [82/322] ESSM
[02:19:23] [83/322] KRIH
[02:19:25] [84/322] GCDS
[02:19:26] [85/322] CCSH
[02:19:26] [86/322] ACSK
[02:19:28] [87/322] APRK
[02:19:30] [88/322] ADKM
[02:19:31] [89/322] SRDM
[02:19:31] [90/322] SJMY
[02:19:32] [91/322] PGGC
[02:19:33] 🔄 Identity reset
[02:19:33] 🔄 Identity rotated (every 10 requests)
[02:19:33] 🔄 Retry 1/5 for PGGC in 2.7s
[02:19:33] 🔄 Identity reset
[02:19:35] 🧠 New identity created
[02:19:35] 🔄 Retry 2/5 for PGGC in 4.8s
[02:19:35] 🔄 Identity reset
[02:19:40] 🧠 New identity created
[02:19:40] 🔄 Retry 3/5 for PGGC in 8.4s
[02:19:40] 🔄 Identity reset
[02:19:49] 🧠 New identity created
[02:19:49] 🔄 Retry 4/5 for PGGC in 16.9s
[02:19:49] 🔄 Identity reset
[02:20:06] 🧠 New identity created
[02:20:07] [92/322] INGM
[02:20:08] [93/322] LSCB
[02:20:10] [94/322] STAD
[02:20:11] [95/322] MCCR
[02:20:12] [96/322] ABCC
[02:20:13] [97/322] RKCC
[02:20:14] 🔄 Identity reset
[02:20:14] 🔄 Identity rotated (every 10 requests)
[02:20:14] 🔄 Retry 1/5 for RKCC in 2.3s
[02:20:14] 🔄 Identity reset
[02:20:16] 🧠 New identity created
[02:20:16] 🔄 Retry 2/5 for RKCC in 4.3s
[02:20:16] 🔄 Identity reset
[02:20:20] 🧠 New identity created
[02:20:20] 🔄 Retry 3/5 for RKCC in 8.1s
[02:20:20] 🔄 Identity reset
[02:20:29] 🧠 New identity created
[02:20:29] [98/322] RTCR
[02:20:30] [99/322] GGBC
[02:20:32] [100/322] GCSD
[02:20:32] [101/322] LPTY
[02:20:33] [102/322] MCFD
[02:20:34] [103/322] HENN
[02:20:35] [104/322] SMKU
[02:20:36] 🔄 Identity reset
[02:20:36] 🔄 Identity rotated (every 10 requests)
[02:20:36] 🔄 Retry 1/5 for SMKU in 2.7s
[02:20:36] 🔄 Identity reset
[02:20:38] 🧠 New identity created
[02:20:38] 🔄 Retry 2/5 for SMKU in 5.0s
[02:20:38] 🔄 Identity reset
[02:20:43] 🧠 New identity created
[02:20:44] [105/322] TNZC
[02:20:45] [106/322] DRCD
[02:20:46] [107/322] DLCD
[02:20:46] [108/322] RCDA
[02:20:48] [109/322] COSM
[02:20:49] [110/322] MCMJ
[02:20:51] [111/322] CSTR
[02:20:51] [112/322] CVDK
[02:20:52] 🔄 Identity reset
[02:20:52] 🔄 Identity rotated (every 10 requests)
[02:20:52] [113/322] INRR
[02:20:53] [114/322] RJRT
[02:20:54] [115/322] IRMR
[02:20:55] [116/322] SRCF
[02:20:56] [117/322] GRCR
[02:20:57] [118/322] SURC
[02:20:58] [119/322] NMNH
[02:20:59] [120/322] SVBL
[02:20:59] [121/322] KACI
[02:21:00] [122/322] TDGO
[02:21:01] 🔄 Identity reset
[02:21:01] 🔄 Identity rotated (every 10 requests)
[02:21:01] [123/322] KTBR
[02:21:02] [124/322] PMAD
[02:21:04] [125/322] CCPN
[02:21:04] [126/322] SBTK
[02:21:05] [127/322] LMDK
[02:21:06] [128/322] PGDA
[02:21:07] [129/322] SRML
[02:21:08] [130/322] EVCK
[02:21:09] [131/322] RTTK
[02:21:10] [132/322] SRTU
[02:21:10] 🔄 Identity reset
[02:21:10] 🔄 Identity rotated (every 10 requests)
[02:21:10] 🔄 Retry 1/5 for SRTU in 2.9s
[02:21:10] 🔄 Identity reset
[02:21:13] 🧠 New identity created
[02:21:14] [133/322] VRSA
[02:21:16] [134/322] VARS
[02:21:17] [135/322] DSCZ
[02:21:18] [136/322] GAGA
[02:21:19] [137/322] SARV
[02:21:20] [138/322] SEEG
[02:21:21] [139/322] GLCA
[02:21:22] [140/322] APAS
[02:21:23] [141/322] VCIA
[02:21:23] 🔄 Identity reset
[02:21:23] 🔄 Identity rotated (every 10 requests)
[02:21:23] [142/322] SJTA
[02:21:24] [143/322] SABM
[02:21:26] [144/322] PPAG
[02:21:28] [145/322] RVCA
[02:21:29] [146/322] CCIA
[02:21:31] [147/322] HTAG
[02:21:32] [148/322] SMBI
[02:21:33] [149/322] MCJR
[02:21:34] [150/322] CCJR
[02:21:35] [151/322] SINF
[02:21:36] 🔄 Identity reset
[02:21:36] 🔄 Identity rotated (every 10 requests)
[02:21:36] 🔄 Retry 1/5 for SINF in 2.0s
[02:21:36] 🔄 Identity reset
[02:21:38] 🧠 New identity created
[02:21:38] [152/322] CPLX
[02:21:40] [153/322] KKTJ
[02:21:41] [154/322] GDBW
[02:21:42] [155/322] CSUB
[02:21:43] [156/322] DABA
[02:21:44] [157/322] TITR
[02:21:45] [158/322] NYCR
[02:21:46] [159/322] RTRY
[02:21:47] [160/322] JTJL
[02:21:47] 🔄 Identity reset
[02:21:47] 🔄 Identity rotated (every 10 requests)
[02:21:47] 🔄 Retry 1/5 for JTJL in 2.1s
[02:21:47] 🔄 Identity reset
[02:21:49] 🧠 New identity created
[02:21:50] [161/322] SJCP
[02:21:51] [162/322] KCCA
[02:21:52] [163/322] MLPG
[02:21:53] [164/322] VRCK
[02:21:54] [165/322] SRIN
[02:21:55] [166/322] CXMK
[02:21:57] [167/322] SKAD
[02:21:58] [168/322] AVTR
[02:21:59] [169/322] PTAJ
[02:21:59] 🔄 Identity reset
[02:21:59] 🔄 Identity rotated (every 10 requests)
[02:21:59] 🔄 Retry 1/5 for PTAJ in 2.4s
[02:21:59] 🔄 Identity reset
[02:22:02] 🧠 New identity created
[02:22:02] 🔄 Retry 2/5 for PTAJ in 4.9s
[02:22:02] 🔄 Identity reset
[02:22:07] 🧠 New identity created
[02:22:07] 🔄 Retry 3/5 for PTAJ in 8.9s
[02:22:07] 🔄 Identity reset
[02:22:16] 🧠 New identity created
[02:22:16] 🔄 Retry 4/5 for PTAJ in 17.0s
[02:22:16] 🔄 Identity reset
[02:22:33] 🧠 New identity created
[02:22:33] ❌ PTAJ failed after 5 attempts
[02:22:33] 🔄 Identity reset
[02:22:33] ❌ PTAJ final failure | RuntimeError | HTTP 403
[02:22:33] [170/322] SCNK
[02:22:34] 🧠 New identity created
[02:22:34] [171/322] STTI
[02:22:35] [172/322] KACR
[02:22:36] [173/322] SSDX
[02:22:37] [174/322] VRTJ
[02:22:38] [175/322] RAJD
[02:22:38] 🔄 Identity reset
[02:22:38] 🔄 Identity rotated (every 10 requests)
[02:22:38] 🔄 Retry 1/5 for RAJD in 3.0s
[02:22:38] 🔄 Identity reset
[02:22:41] 🧠 New identity created
[02:22:41] 🔄 Retry 2/5 for RAJD in 4.9s
[02:22:41] 🔄 Identity reset
[02:22:46] 🧠 New identity created
[02:22:46] 🔄 Retry 3/5 for RAJD in 8.9s
[02:22:46] 🔄 Identity reset
[02:22:55] 🧠 New identity created
[02:22:55] 🔄 Retry 4/5 for RAJD in 16.5s
[02:22:55] 🔄 Identity reset
[02:23:12] 🧠 New identity created
[02:23:12] [176/322] SCIP
[02:23:13] [177/322] RJSL
[02:23:14] [178/322] ARRS
[02:23:16] [179/322] ASMS
[02:23:17] [180/322] RDTS
[02:23:18] [181/322] DVMY
[02:23:19] 🔄 Identity reset
[02:23:19] 🔄 Identity rotated (every 10 requests)
[02:23:19] 🔄 Retry 1/5 for DVMY in 2.2s
[02:23:19] 🔄 Identity reset
[02:23:21] 🧠 New identity created
[02:23:21] 🔄 Retry 2/5 for DVMY in 4.5s
[02:23:21] 🔄 Identity reset
[02:23:26] 🧠 New identity created
[02:23:26] [182/322] RASA
[02:23:27] [183/322] INOM
[02:23:28] [184/322] SPRS
[02:23:30] [185/322] SGCS
[02:23:30] [186/322] SALM
[02:23:32] [187/322] PKHC
[02:23:33] [188/322] RCSV
[02:23:35] [189/322] CPKC
[02:23:35] 🔄 Identity reset
[02:23:35] 🔄 Identity rotated (every 10 requests)
[02:23:36] [190/322] AACD
[02:23:37] [191/322] GGCV
[02:23:38] [192/322] SMKD
[02:23:38] [193/322] NBCH
[02:23:39] [194/322] AMCB
[02:23:41] [195/322] OPCN
[02:23:42] [196/322] DCIN
[02:23:43] [197/322] INGW
[02:23:44] [198/322] PKKW
[02:23:45] [199/322] FNGW
[02:23:46] 🔄 Identity reset
[02:23:46] 🔄 Identity rotated (every 10 requests)
[02:23:46] 🔄 Retry 1/5 for FNGW in 2.6s
[02:23:46] 🔄 Identity reset
[02:23:48] 🧠 New identity created
[02:23:49] [200/322] GCGD
[02:23:50] [201/322] MSTW
[02:23:50] [202/322] KCCG
[02:23:52] [203/322] MRSS
[02:23:53] [204/322] CLCF
[02:23:55] [205/322] EETS
[02:23:56] [206/322] AATR
[02:23:57] [207/322] CMMN
[02:23:58] [208/322] SCCJ
[02:23:58] 🔄 Identity reset
[02:23:58] 🔄 Identity rotated (every 10 requests)
[02:23:59] [209/322] CDTK
[02:24:00] [210/322] AICP
[02:24:02] [211/322] FNBP
[02:24:03] [212/322] CBPB
[02:24:04] [213/322] CPAS
[02:24:05] [214/322] MAPM
[02:24:06] [215/322] PASD
[02:24:07] [216/322] JCMN
[02:24:08] [217/322] MALB
[02:24:08] [218/322] SACG
[02:24:09] 🔄 Identity reset
[02:24:09] 🔄 Identity rotated (every 10 requests)
[02:24:09] 🔄 Retry 1/5 for SACG in 2.2s
[02:24:09] 🔄 Identity reset
[02:24:12] 🧠 New identity created
[02:24:12] [219/322] DDRX
[02:24:13] [220/322] DDXB
[02:24:14] [221/322] RAMC
[02:24:14] [222/322] SANC
[02:24:15] [223/322] BCBP
[02:24:16] [224/322] ALPC
[02:24:17] [225/322] RBAC
[02:24:19] [226/322] RAJL
[02:24:19] [227/322] MPDX
[02:24:20] 🔄 Identity reset
[02:24:20] 🔄 Identity rotated (every 10 requests)
[02:24:20] [228/322] MUSC
[02:24:22] [229/322] VKMK
[02:24:23] [230/322] SKCG
[02:24:24] [231/322] ANCN
[02:24:25] [232/322] MMCJ
[02:24:26] [233/322] DCAK
[02:24:28] [234/322] SCKG
[02:24:29] [235/322] LMCK
[02:24:30] [236/322] CKKX
[02:24:32] [237/322] ANKU
[02:24:32] 🔄 Identity reset
[02:24:32] 🔄 Identity rotated (every 10 requests)
[02:24:33] [238/322] CSMD
[02:24:34] [239/322] MKMP
[02:24:35] [240/322] SVBG
[02:24:36] [241/322] ROOP
[02:24:37] [242/322] GDMT
[02:24:38] [243/322] FPPF
[02:24:39] [244/322] SFUU
[02:24:41] [245/322] ANCB
[02:24:41] [246/322] SMMC
[02:24:42] [247/322] UGKT
[02:24:43] 🔄 Identity reset
[02:24:43] 🔄 Identity rotated (every 10 requests)
[02:24:44] [248/322] JVRM
[02:24:45] [249/322] BATG
[02:24:46] [250/322] RATE
[02:24:47] [251/322] SKME
[02:24:48] [252/322] LMTP
[02:24:49] [253/322] TCBD
[02:24:49] [254/322] ESBD
[02:24:50] [255/322] GDCU
[02:24:51] [256/322] SNKT
[02:24:52] [257/322] SRNK
[02:24:53] 🔄 Identity reset
[02:24:53] 🔄 Identity rotated (every 10 requests)
[02:24:53] [258/322] SMED
[02:24:54] [259/322] CSQS
[02:24:55] [260/322] ALCS
[02:24:56] [261/322] KCKN
[02:24:57] [262/322] VCCL
[02:24:58] [263/322] MCDA
[02:24:59] [264/322] SHMI
[02:25:00] [265/322] SKHA
[02:25:01] [266/322] SVFK
[02:25:02] [267/322] INVB
[02:25:02] 🔄 Identity reset
[02:25:02] 🔄 Identity rotated (every 10 requests)
[02:25:03] [268/322] MELD
[02:25:04] [269/322] JTYS
[02:25:05] [270/322] INCM
[02:25:06] [271/322] MCDV
[02:25:07] [272/322] KSGK
[02:25:09] [273/322] ICMG
[02:25:10] [274/322] CSCV
[02:25:11] [275/322] STMD
[02:25:12] [276/322] STTR
[02:25:13] [277/322] INVC
[02:25:13] 🔄 Identity reset
[02:25:13] 🔄 Identity rotated (every 10 requests)
[02:25:14] [278/322] JTBL
[02:25:15] [279/322] SRVV
[02:25:16] [280/322] MAVC
[02:25:17] [281/322] SRPP
[02:25:18] [282/322] JGDM
[02:25:20] [283/322] MBSJ
[02:25:21] [284/322] SSLL
[02:25:22] [285/322] SLKP
[02:25:23] [286/322] NSRV
[02:25:24] [287/322] UTDV
[02:25:25] 🔄 Identity reset
[02:25:25] 🔄 Identity rotated (every 10 requests)
[02:25:25] [288/322] KICM
[02:25:26] [289/322] KCMD
[02:25:27] [290/322] TTPP
[02:25:28] [291/322] KMPV
[02:25:29] [292/322] SKTV
[02:25:30] [293/322] STCV
[02:25:31] [294/322] SRDA
[02:25:31] [295/322] JTSX
[02:25:32] [296/322] STBV
[02:25:33] [297/322] APVZ
[02:25:34] 🔄 Identity reset
[02:25:34] 🔄 Identity rotated (every 10 requests)
[02:25:34] [298/322] GSTV
[02:25:35] [299/322] NMVS
[02:25:36] [300/322] SKRT
[02:25:38] [301/322] RMDV
[02:25:39] [302/322] RATG
[02:25:40] [303/322] SJYV
[02:25:41] [304/322] NDGP
[02:25:42] [305/322] SNDG
[02:25:43] [306/322] INSR
[02:25:44] [307/322] INSO
[02:25:44] 🔄 Identity reset
[02:25:44] 🔄 Identity rotated (every 10 requests)
[02:25:46] [308/322] CCSI
[02:25:46] [309/322] RASM
[02:25:47] [310/322] NEWC
[02:25:48] [311/322] VSHL
[02:25:49] [312/322] BISW
[02:25:50] [313/322] GCNG
[02:25:51] [314/322] CWSC
[02:25:52] [315/322] SKAN
[02:25:52] [316/322] CCOA
[02:25:53] [317/322] MCAJ
[02:25:54] 🔄 Identity reset
[02:25:54] 🔄 Identity rotated (every 10 requests)
[02:25:54] [318/322] ACDE
[02:25:55] [319/322] AACM
[02:25:57] [320/322] JJCK
[02:25:58] [321/322] RCMO
[02:25:59] [322/322] GDAW
[02:26:00] 🔁 RETRY ROUND 1 | Remaining: 1
[02:26:00] [RETRY-1] PTAJ
[02:26:02] ✅ DONE | Shows=1 | Movies=1
[02:47:26] 🚀 BMS DAILY TRACKER STARTED (enhanced anti‑detection)
[02:47:26] [1/322] CDCA
[02:47:27] 🧠 New identity created
[02:47:27] [2/322] VBCZ
[02:47:28] [3/322] MSDR
[02:47:29] [4/322] ACPV
[02:47:30] [5/322] PVHB
[02:47:31] [6/322] RCNH
[02:47:31] [7/322] IOMH
[02:47:32] [8/322] ILKS
[02:47:33] [9/322] AMSN
[02:47:34] [10/322] ANTP
[02:47:35] 🔄 Identity reset
[02:47:35] 🔄 Identity rotated (every 10 requests)
[02:47:35] [11/322] SSEK
[02:47:36] [12/322] PICP
[02:47:38] [13/322] SICO
[02:47:39] [14/322] SISP
[02:47:40] [15/322] SCPI
[02:47:41] [16/322] CRPR
[02:47:42] [17/322] DCTW
[02:47:42] [18/322] DCSP
[02:47:44] [19/322] KRPM
[02:47:46] [20/322] THKK
[02:47:47] 🔄 Identity reset
[02:47:47] 🔄 Identity rotated (every 10 requests)
[02:47:47] [21/322] SNMY
[02:47:48] [22/322] AKCC
[02:47:49] [23/322] PCAT
[02:47:50] [24/322] RFGO
[02:47:51] [25/322] GGCS
[02:47:52] [26/322] ACKR
[02:47:53] [27/322] STDO
[02:47:54] [28/322] ACKB
[02:47:56] [29/322] ALUC
[02:47:57] [30/322] MNSR
[02:47:57] 🔄 Identity reset
[02:47:57] 🔄 Identity rotated (every 10 requests)
[02:47:58] [31/322] CSSL
[02:47:59] [32/322] BGGM
[02:48:00] [33/322] MANT
[02:48:01] [34/322] SOOY
[02:48:01] [35/322] VPPK
[02:48:02] [36/322] MYHJ
[02:48:03] [37/322] KSCK
[02:48:04] [38/322] KATK
[02:48:05] [39/322] RTRT
[02:48:06] [40/322] SSTT
[02:48:07] 🔄 Identity reset
[02:48:07] 🔄 Identity rotated (every 10 requests)
[02:48:07] [41/322] SSTV
[02:48:08] [42/322] LACM
[02:48:09] [43/322] SGMG
[02:48:11] [44/322] KACX
[02:48:12] [45/322] GVCP
[02:48:12] [46/322] CSNC
[02:48:13] [47/322] SXCB
[02:48:14] [48/322] BAHS
[02:48:15] [49/322] PCBI
[02:48:16] [50/322] PSSM
[02:48:17] 🔄 Identity reset
[02:48:17] 🔄 Identity rotated (every 10 requests)
[02:48:17] [51/322] RCOK
[02:48:18] [52/322] SCPF
[02:48:19] [53/322] SSAS
[02:48:20] [54/322] EVMM
[02:48:21] [55/322] SYCB
[02:48:22] [56/322] GCKI
[02:48:23] [57/322] IAET
[02:48:24] [58/322] DDTD
[02:48:26] [59/322] GMDH
[02:48:27] [60/322] STLE
[02:48:27] 🔄 Identity reset
[02:48:27] 🔄 Identity rotated (every 10 requests)
[02:48:28] [61/322] JTRA
[02:48:28] [62/322] RPPA
[02:48:29] [63/322] ARUT
[02:48:31] [64/322] JTVM
[02:48:32] [65/322] SWRH
[02:48:33] [66/322] DCPC
[02:48:33] [67/322] RAPR
[02:48:34] [68/322] GCRT
[02:48:36] [69/322] ATUN
[02:48:37] [70/322] LTRM
[02:48:37] 🔄 Identity reset
[02:48:37] 🔄 Identity rotated (every 10 requests)
[02:48:38] [71/322] TASR
[02:48:39] [72/322] RLLC
[02:48:39] [73/322] MABI
[02:48:40] [74/322] SVHB
[02:48:41] [75/322] NVTB
[02:48:42] [76/322] KCKG
[02:48:43] [77/322] SSRN
[02:48:44] [78/322] VDDC
[02:48:45] [79/322] GKTK
[02:48:46] [80/322] YFSN
[02:48:47] 🔄 Identity reset
[02:48:47] 🔄 Identity rotated (every 10 requests)
[02:48:47] [81/322] GCSG
[02:48:48] [82/322] ESSM
[02:48:49] [83/322] KRIH
[02:48:51] [84/322] GCDS
[02:48:52] [85/322] CCSH
[02:48:53] [86/322] ACSK
[02:48:54] [87/322] APRK
[02:48:55] [88/322] ADKM
[02:48:56] [89/322] SRDM
[02:48:57] [90/322] SJMY
[02:48:58] 🔄 Identity reset
[02:48:58] 🔄 Identity rotated (every 10 requests)
[02:48:58] [91/322] PGGC
[02:48:59] [92/322] INGM
[02:49:00] [93/322] LSCB
[02:49:01] [94/322] STAD
[02:49:02] [95/322] MCCR
[02:49:03] [96/322] ABCC
[02:49:04] [97/322] RKCC
[02:49:05] [98/322] RTCR
[02:49:06] [99/322] GGBC
[02:49:07] [100/322] GCSD
[02:49:08] 🔄 Identity reset
[02:49:08] 🔄 Identity rotated (every 10 requests)
[02:49:08] [101/322] LPTY
[02:49:09] [102/322] MCFD
[02:49:10] [103/322] HENN
[02:49:11] [104/322] SMKU
[02:49:13] [105/322] TNZC
[02:49:13] [106/322] DRCD
[02:49:14] [107/322] DLCD
[02:49:15] [108/322] RCDA
[02:49:16] [109/322] COSM
[02:49:17] [110/322] MCMJ
[02:49:18] 🔄 Identity reset
[02:49:18] 🔄 Identity rotated (every 10 requests)
[02:49:18] [111/322] CSTR
[02:49:19] [112/322] CVDK
[02:49:20] [113/322] INRR
[02:49:21] [114/322] RJRT
[02:49:21] [115/322] IRMR
[02:49:23] [116/322] SRCF
[02:49:24] [117/322] GRCR
[02:49:25] [118/322] SURC
[02:49:26] [119/322] NMNH
[02:49:27] [120/322] SVBL
[02:49:28] 🔄 Identity reset
[02:49:28] 🔄 Identity rotated (every 10 requests)
[02:49:28] [121/322] KACI
[02:49:29] [122/322] TDGO
[02:49:30] [123/322] KTBR
[02:49:31] [124/322] PMAD
[02:49:32] [125/322] CCPN
[02:49:34] [126/322] SBTK
[02:49:35] [127/322] LMDK
[02:49:36] [128/322] PGDA
[02:49:37] [129/322] SRML
[02:49:38] [130/322] EVCK
[02:49:39] 🔄 Identity reset
[02:49:39] 🔄 Identity rotated (every 10 requests)
[02:49:39] [131/322] RTTK
[02:49:40] [132/322] SRTU
[02:49:41] [133/322] VRSA
[02:49:42] [134/322] VARS
[02:49:43] [135/322] DSCZ
[02:49:43] [136/322] GAGA
[02:49:45] [137/322] SARV
[02:49:46] [138/322] SEEG
[02:49:47] [139/322] GLCA
[02:49:48] [140/322] APAS
[02:49:48] 🔄 Identity reset
[02:49:48] 🔄 Identity rotated (every 10 requests)
[02:49:49] [141/322] VCIA
[02:49:49] [142/322] SJTA
[02:49:50] [143/322] SABM
[02:49:51] [144/322] PPAG
[02:49:54] [145/322] RVCA
[02:49:55] [146/322] CCIA
[02:49:56] [147/322] HTAG
[02:49:57] [148/322] SMBI
[02:49:58] [149/322] MCJR
[02:49:59] [150/322] CCJR
[02:50:00] 🔄 Identity reset
[02:50:00] 🔄 Identity rotated (every 10 requests)
[02:50:01] [151/322] SINF
[02:50:02] [152/322] CPLX
[02:50:02] [153/322] KKTJ
[02:50:03] [154/322] GDBW
[02:50:04] [155/322] CSUB
[02:50:05] [156/322] DABA
[02:50:06] [157/322] TITR
[02:50:07] [158/322] NYCR
[02:50:08] [159/322] RTRY
[02:50:08] [160/322] JTJL
[02:50:09] 🔄 Identity reset
[02:50:09] 🔄 Identity rotated (every 10 requests)
[02:50:09] [161/322] SJCP
[02:50:10] [162/322] KCCA
[02:50:11] [163/322] MLPG
[02:50:12] [164/322] VRCK
[02:50:13] [165/322] SRIN
[02:50:14] [166/322] CXMK
[02:50:15] [167/322] SKAD
[02:50:16] [168/322] AVTR
[02:50:17] [169/322] PTAJ
[02:50:17] [170/322] SCNK
[02:50:18] 🔄 Identity reset
[02:50:18] 🔄 Identity rotated (every 10 requests)
[02:50:18] [171/322] STTI
[02:50:19] [172/322] KACR
[02:50:21] [173/322] SSDX
[02:50:22] [174/322] VRTJ
[02:50:22] [175/322] RAJD
[02:50:23] [176/322] SCIP
[02:50:24] [177/322] RJSL
[02:50:25] [178/322] ARRS
[02:50:27] [179/322] ASMS
[02:50:28] [180/322] RDTS
[02:50:29] 🔄 Identity reset
[02:50:29] 🔄 Identity rotated (every 10 requests)
[02:50:30] [181/322] DVMY
[02:50:31] [182/322] RASA
[02:50:32] [183/322] INOM
[02:50:33] [184/322] SPRS
[02:50:34] [185/322] SGCS
[02:50:35] [186/322] SALM
[02:50:36] [187/322] PKHC
[02:50:37] [188/322] RCSV
[02:50:38] [189/322] CPKC
[02:50:39] [190/322] AACD
[02:50:40] 🔄 Identity reset
[02:50:40] 🔄 Identity rotated (every 10 requests)
[02:50:40] [191/322] GGCV
[02:50:41] [192/322] SMKD
[02:50:43] [193/322] NBCH
[02:50:44] [194/322] AMCB
[02:50:45] [195/322] OPCN
[02:50:46] [196/322] DCIN
[02:50:47] [197/322] INGW
[02:50:48] [198/322] PKKW
[02:50:49] [199/322] FNGW
[02:50:50] [200/322] GCGD
[02:50:51] 🔄 Identity reset
[02:50:51] 🔄 Identity rotated (every 10 requests)
[02:50:51] [201/322] MSTW
[02:50:52] [202/322] KCCG
[02:50:53] [203/322] MRSS
[02:50:54] [204/322] CLCF
[02:50:56] [205/322] EETS
[02:50:57] [206/322] AATR
[02:50:57] [207/322] CMMN
[02:50:58] [208/322] SCCJ
[02:51:00] [209/322] CDTK
[02:51:00] [210/322] AICP
[02:51:01] 🔄 Identity reset
[02:51:01] 🔄 Identity rotated (every 10 requests)
[02:51:01] [211/322] FNBP
[02:51:02] [212/322] CBPB
[02:51:03] [213/322] CPAS
[02:51:04] [214/322] MAPM
[02:51:05] [215/322] PASD
[02:51:06] [216/322] JCMN
[02:51:07] [217/322] MALB
[02:51:08] [218/322] SACG
[02:51:10] [219/322] DDRX
[02:51:11] [220/322] DDXB
[02:51:12] 🔄 Identity reset
[02:51:12] 🔄 Identity rotated (every 10 requests)
[02:51:12] [221/322] RAMC
[02:51:13] [222/322] SANC
[02:51:14] [223/322] BCBP
[02:51:15] [224/322] ALPC
[02:51:17] [225/322] RBAC
[02:51:18] [226/322] RAJL
[02:51:19] [227/322] MPDX
[02:51:20] [228/322] MUSC
[02:51:21] [229/322] VKMK
[02:51:22] [230/322] SKCG
[02:51:23] 🔄 Identity reset
[02:51:23] 🔄 Identity rotated (every 10 requests)
[02:51:23] [231/322] ANCN
[02:51:24] [232/322] MMCJ
[02:51:26] [233/322] DCAK
[02:51:27] [234/322] SCKG
[02:51:28] [235/322] LMCK
[02:51:28] [236/322] CKKX
[02:51:29] [237/322] ANKU
[02:51:30] [238/322] CSMD
[02:51:32] [239/322] MKMP
[02:51:33] [240/322] SVBG
[02:51:33] 🔄 Identity reset
[02:51:33] 🔄 Identity rotated (every 10 requests)
[02:51:34] [241/322] ROOP
[02:51:35] [242/322] GDMT
[02:51:35] [243/322] FPPF
[02:51:36] [244/322] SFUU
[02:51:37] [245/322] ANCB
[02:51:38] [246/322] SMMC
[02:51:39] [247/322] UGKT
[02:51:40] [248/322] JVRM
[02:51:41] [249/322] BATG
[02:51:42] [250/322] RATE
[02:51:42] 🔄 Identity reset
[02:51:42] 🔄 Identity rotated (every 10 requests)
[02:51:43] [251/322] SKME
[02:51:44] [252/322] LMTP
[02:51:44] [253/322] TCBD
[02:51:45] [254/322] ESBD
[02:51:46] [255/322] GDCU
[02:51:48] [256/322] SNKT
[02:51:49] [257/322] SRNK
[02:51:50] [258/322] SMED
[02:51:51] [259/322] CSQS
[02:51:52] [260/322] ALCS
[02:51:53] 🔄 Identity reset
[02:51:53] 🔄 Identity rotated (every 10 requests)
[02:51:53] [261/322] KCKN
[02:51:54] [262/322] VCCL
[02:51:55] [263/322] MCDA
[02:51:56] [264/322] SHMI
[02:51:57] [265/322] SKHA
[02:52:01] [266/322] SVFK
[02:52:02] [267/322] INVB
[02:52:02] [268/322] MELD
[02:52:03] [269/322] JTYS
[02:52:04] [270/322] INCM
[02:52:05] 🔄 Identity reset
[02:52:05] 🔄 Identity rotated (every 10 requests)
[02:52:05] [271/322] MCDV
[02:52:06] [272/322] KSGK
[02:52:07] [273/322] ICMG
[02:52:08] [274/322] CSCV
[02:52:09] [275/322] STMD
[02:52:10] [276/322] STTR
[02:52:11] [277/322] INVC
[02:52:12] [278/322] JTBL
[02:52:14] [279/322] SRVV
[02:52:14] [280/322] MAVC
[02:52:15] 🔄 Identity reset
[02:52:15] 🔄 Identity rotated (every 10 requests)
[02:52:16] [281/322] SRPP
[02:52:16] [282/322] JGDM
[02:52:18] [283/322] MBSJ
[02:52:20] [284/322] SSLL
[02:52:21] [285/322] SLKP
[02:52:22] [286/322] NSRV
[02:52:22] [287/322] UTDV
[02:52:24] [288/322] KICM
[02:52:25] [289/322] KCMD
[02:52:26] [290/322] TTPP
[02:52:26] 🔄 Identity reset
[02:52:26] 🔄 Identity rotated (every 10 requests)
[02:52:27] [291/322] KMPV
[02:52:27] [292/322] SKTV
[02:52:29] [293/322] STCV
[02:52:30] [294/322] SRDA
[02:52:31] [295/322] JTSX
[02:52:31] [296/322] STBV
[02:52:32] [297/322] APVZ
[02:52:33] [298/322] GSTV
[02:52:34] [299/322] NMVS
[02:52:36] [300/322] SKRT
[02:52:36] 🔄 Identity reset
[02:52:36] 🔄 Identity rotated (every 10 requests)
[02:52:37] [301/322] RMDV
[02:52:38] [302/322] RATG
[02:52:39] [303/322] SJYV
[02:52:40] [304/322] NDGP
[02:52:41] [305/322] SNDG
[02:52:43] [306/322] INSR
[02:52:44] [307/322] INSO
[02:52:45] [308/322] CCSI
[02:52:47] [309/322] RASM
[02:52:47] [310/322] NEWC
[02:52:48] 🔄 Identity reset
[02:52:48] 🔄 Identity rotated (every 10 requests)
[02:52:48] [311/322] VSHL
[02:52:49] [312/322] BISW
[02:52:50] [313/322] GCNG
[02:52:51] [314/322] CWSC
[02:52:52] [315/322] SKAN
[02:52:53] [316/322] CCOA
[02:52:54] [317/322] MCAJ
[02:52:55] [318/322] ACDE
[02:52:55] [319/322] AACM
[02:52:56] [320/322] JJCK
[02:52:57] 🔄 Identity reset
[02:52:57] 🔄 Identity rotated (every 10 requests)
[02:52:57] [321/322] RCMO
[02:52:58] [322/322] GDAW
[02:52:59] ✅ DONE | Shows=4 | Movies=3
[03:17:08] 🚀 BMS DAILY TRACKER STARTED (enhanced anti‑detection)
[03:17:08] [1/322] CDCA
[03:17:09] 🧠 New identity created
[03:17:09] [2/322] VBCZ
[03:17:10] [3/322] MSDR
[03:17:11] [4/322] ACPV
[03:17:12] [5/322] PVHB
[03:17:12] [6/322] RCNH
[03:17:13] [7/322] IOMH
[03:17:14] [8/322] ILKS
[03:17:15] [9/322] AMSN
[03:17:16] [10/322] ANTP
[03:17:16] 🔄 Identity reset
[03:17:16] 🔄 Identity rotated (every 10 requests)
[03:17:16] [11/322] SSEK
[03:17:17] [12/322] PICP
[03:17:18] [13/322] SICO
[03:17:19] [14/322] SISP
[03:17:20] [15/322] SCPI
[03:17:21] [16/322] CRPR
[03:17:22] [17/322] DCTW
[03:17:23] [18/322] DCSP
[03:17:23] [19/322] KRPM
[03:17:24] [20/322] THKK
[03:17:25] 🔄 Identity reset
[03:17:25] 🔄 Identity rotated (every 10 requests)
[03:17:25] [21/322] SNMY
[03:17:26] [22/322] AKCC
[03:17:27] [23/322] PCAT
[03:17:28] [24/322] RFGO
[03:17:28] [25/322] GGCS
[03:17:29] [26/322] ACKR
[03:17:30] [27/322] STDO
[03:17:32] [28/322] ACKB
[03:17:32] [29/322] ALUC
[03:17:33] [30/322] MNSR
[03:17:34] 🔄 Identity reset
[03:17:34] 🔄 Identity rotated (every 10 requests)
[03:17:34] [31/322] CSSL
[03:17:35] [32/322] BGGM
[03:17:36] [33/322] MANT
[03:17:37] [34/322] SOOY
[03:17:37] [35/322] VPPK
[03:17:38] [36/322] MYHJ
[03:17:39] [37/322] KSCK
[03:17:40] [38/322] KATK
[03:17:41] [39/322] RTRT
[03:17:41] [40/322] SSTT
[03:17:42] 🔄 Identity reset
[03:17:42] 🔄 Identity rotated (every 10 requests)
[03:17:42] [41/322] SSTV
[03:17:43] [42/322] LACM
[03:17:44] [43/322] SGMG
[03:17:45] [44/322] KACX
[03:17:46] [45/322] GVCP
[03:17:47] [46/322] CSNC
[03:17:47] [47/322] SXCB
[03:17:48] [48/322] BAHS
[03:17:49] [49/322] PCBI
[03:17:50] [50/322] PSSM
[03:17:50] 🔄 Identity reset
[03:17:51] 🔄 Identity rotated (every 10 requests)
[03:17:51] [51/322] RCOK
[03:17:52] [52/322] SCPF
[03:17:52] [53/322] SSAS
[03:17:53] [54/322] EVMM
[03:17:54] [55/322] SYCB
[03:17:55] [56/322] GCKI
[03:17:56] [57/322] IAET
[03:17:57] [58/322] DDTD
[03:17:58] [59/322] GMDH
[03:17:59] [60/322] STLE
[03:17:59] 🔄 Identity reset
[03:17:59] 🔄 Identity rotated (every 10 requests)
[03:17:59] [61/322] JTRA
[03:18:01] [62/322] RPPA
[03:18:02] [63/322] ARUT
[03:18:03] [64/322] JTVM
[03:18:04] [65/322] SWRH
[03:18:04] [66/322] DCPC
[03:18:05] [67/322] RAPR
[03:18:06] [68/322] GCRT
[03:18:07] [69/322] ATUN
[03:18:08] [70/322] LTRM
[03:18:08] 🔄 Identity reset
[03:18:08] 🔄 Identity rotated (every 10 requests)
[03:18:09] [71/322] TASR
[03:18:10] [72/322] RLLC
[03:18:11] [73/322] MABI
[03:18:11] [74/322] SVHB
[03:18:12] [75/322] NVTB
[03:18:13] [76/322] KCKG
[03:18:14] [77/322] SSRN
[03:18:15] [78/322] VDDC
[03:18:16] [79/322] GKTK
[03:18:17] [80/322] YFSN
[03:18:17] 🔄 Identity reset
[03:18:17] 🔄 Identity rotated (every 10 requests)
[03:18:18] [81/322] GCSG
[03:18:18] [82/322] ESSM
[03:18:19] [83/322] KRIH
[03:18:20] [84/322] GCDS
[03:18:22] [85/322] CCSH
[03:18:23] [86/322] ACSK
[03:18:23] [87/322] APRK
[03:18:25] [88/322] ADKM
[03:18:26] [89/322] SRDM
[03:18:27] [90/322] SJMY
[03:18:28] 🔄 Identity reset
[03:18:28] 🔄 Identity rotated (every 10 requests)
[03:18:28] 🔄 Retry 1/5 for SJMY in 2.0s
[03:18:28] 🔄 Identity reset
[03:18:30] 🧠 New identity created
[03:18:30] [91/322] PGGC
[03:18:31] [92/322] INGM
[03:18:32] [93/322] LSCB
[03:18:33] [94/322] STAD
[03:18:34] [95/322] MCCR
[03:18:35] [96/322] ABCC
[03:18:35] [97/322] RKCC
[03:18:36] [98/322] RTCR
[03:18:37] [99/322] GGBC
[03:18:38] 🔄 Identity reset
[03:18:38] 🔄 Identity rotated (every 10 requests)
[03:18:38] [100/322] GCSD
[03:18:39] [101/322] LPTY
[03:18:40] [102/322] MCFD
[03:18:41] [103/322] HENN
[03:18:41] [104/322] SMKU
[03:18:42] [105/322] TNZC
[03:18:43] [106/322] DRCD
[03:18:44] [107/322] DLCD
[03:18:45] [108/322] RCDA
[03:18:46] [109/322] COSM
[03:18:47] 🔄 Identity reset
[03:18:47] 🔄 Identity rotated (every 10 requests)
[03:18:47] [110/322] MCMJ
[03:18:48] [111/322] CSTR
[03:18:50] [112/322] CVDK
[03:18:51] [113/322] INRR
[03:18:52] [114/322] RJRT
[03:18:52] [115/322] IRMR
[03:18:53] [116/322] SRCF
[03:18:54] [117/322] GRCR
[03:18:55] [118/322] SURC
[03:18:56] [119/322] NMNH
[03:18:56] 🔄 Identity reset
[03:18:56] 🔄 Identity rotated (every 10 requests)
[03:18:57] [120/322] SVBL
[03:18:58] [121/322] KACI
[03:18:59] [122/322] TDGO
[03:19:00] [123/322] KTBR
[03:19:01] [124/322] PMAD
[03:19:02] [125/322] CCPN
[03:19:03] [126/322] SBTK
[03:19:04] [127/322] LMDK
[03:19:04] [128/322] PGDA
[03:19:06] [129/322] SRML
[03:19:06] 🔄 Identity reset
[03:19:06] 🔄 Identity rotated (every 10 requests)
[03:19:07] [130/322] EVCK
[03:19:08] [131/322] RTTK
[03:19:08] [132/322] SRTU
[03:19:09] [133/322] VRSA
[03:19:10] [134/322] VARS
[03:19:11] [135/322] DSCZ
[03:19:12] [136/322] GAGA
[03:19:14] [137/322] SARV
[03:19:15] [138/322] SEEG
[03:19:16] [139/322] GLCA
[03:19:17] 🔄 Identity reset
[03:19:17] 🔄 Identity rotated (every 10 requests)
[03:19:17] 🔄 Retry 1/5 for GLCA in 3.0s
[03:19:17] 🔄 Identity reset
[03:19:20] 🧠 New identity created
[03:19:20] [140/322] APAS
[03:19:21] [141/322] VCIA
[03:19:22] [142/322] SJTA
[03:19:23] [143/322] SABM
[03:19:24] [144/322] PPAG
[03:19:25] [145/322] RVCA
[03:19:25] [146/322] CCIA
[03:19:26] [147/322] HTAG
[03:19:27] [148/322] SMBI
[03:19:28] 🔄 Identity reset
[03:19:28] 🔄 Identity rotated (every 10 requests)
[03:19:28] [149/322] MCJR
[03:19:29] [150/322] CCJR
[03:19:30] [151/322] SINF
[03:19:31] [152/322] CPLX
[03:19:32] [153/322] KKTJ
[03:19:32] [154/322] GDBW
[03:19:33] [155/322] CSUB
[03:19:34] [156/322] DABA
[03:19:35] [157/322] TITR
[03:19:36] [158/322] NYCR
[03:19:36] 🔄 Identity reset
[03:19:36] 🔄 Identity rotated (every 10 requests)
[03:19:36] [159/322] RTRY
[03:19:38] [160/322] JTJL
[03:19:38] [161/322] SJCP
[03:19:39] [162/322] KCCA
[03:19:40] [163/322] MLPG
[03:19:41] [164/322] VRCK
[03:19:42] [165/322] SRIN
[03:19:43] [166/322] CXMK
[03:19:43] [167/322] SKAD
[03:19:44] [168/322] AVTR
[03:19:45] 🔄 Identity reset
[03:19:45] 🔄 Identity rotated (every 10 requests)
[03:19:45] [169/322] PTAJ
[03:19:46] [170/322] SCNK
[03:19:47] [171/322] STTI
[03:19:48] [172/322] KACR
[03:19:49] [173/322] SSDX
[03:19:50] [174/322] VRTJ
[03:19:50] [175/322] RAJD
[03:19:51] [176/322] SCIP
[03:19:52] [177/322] RJSL
[03:19:53] [178/322] ARRS
[03:19:53] 🔄 Identity reset
[03:19:53] 🔄 Identity rotated (every 10 requests)
[03:19:54] [179/322] ASMS
[03:19:55] [180/322] RDTS
[03:19:56] [181/322] DVMY
[03:19:57] [182/322] RASA
[03:19:58] [183/322] INOM
[03:19:58] [184/322] SPRS
[03:19:59] [185/322] SGCS
[03:20:00] [186/322] SALM
[03:20:01] [187/322] PKHC
[03:20:02] [188/322] RCSV
[03:20:02] 🔄 Identity reset
[03:20:02] 🔄 Identity rotated (every 10 requests)
[03:20:03] [189/322] CPKC
[03:20:04] [190/322] AACD
[03:20:05] [191/322] GGCV
[03:20:06] [192/322] SMKD
[03:20:08] [193/322] NBCH
[03:20:09] [194/322] AMCB
[03:20:10] [195/322] OPCN
[03:20:11] [196/322] DCIN
[03:20:12] [197/322] INGW
[03:20:13] [198/322] PKKW
[03:20:14] 🔄 Identity reset
[03:20:14] 🔄 Identity rotated (every 10 requests)
[03:20:14] [199/322] FNGW
[03:20:15] [200/322] GCGD
[03:20:16] [201/322] MSTW
[03:20:16] [202/322] KCCG
[03:20:17] [203/322] MRSS
[03:20:18] [204/322] CLCF
[03:20:19] [205/322] EETS
[03:20:20] [206/322] AATR
[03:20:21] [207/322] CMMN
[03:20:22] [208/322] SCCJ
[03:20:22] 🔄 Identity reset
[03:20:22] 🔄 Identity rotated (every 10 requests)
[03:20:23] [209/322] CDTK
[03:20:24] [210/322] AICP
[03:20:24] [211/322] FNBP
[03:20:26] [212/322] CBPB
[03:20:27] [213/322] CPAS
[03:20:28] [214/322] MAPM
[03:20:29] [215/322] PASD
[03:20:30] [216/322] JCMN
[03:20:31] [217/322] MALB
[03:20:31] [218/322] SACG
[03:20:32] 🔄 Identity reset
[03:20:32] 🔄 Identity rotated (every 10 requests)
[03:20:32] 🔄 Retry 1/5 for SACG in 2.9s
[03:20:32] 🔄 Identity reset
[03:20:35] 🧠 New identity created
[03:20:35] [219/322] DDRX
[03:20:36] [220/322] DDXB
[03:20:37] [221/322] RAMC
[03:20:38] [222/322] SANC
[03:20:38] [223/322] BCBP
[03:20:39] [224/322] ALPC
[03:20:40] [225/322] RBAC
[03:20:42] [226/322] RAJL
[03:20:42] [227/322] MPDX
[03:20:43] 🔄 Identity reset
[03:20:43] 🔄 Identity rotated (every 10 requests)
[03:20:43] [228/322] MUSC
[03:20:44] [229/322] VKMK
[03:20:45] [230/322] SKCG
[03:20:46] [231/322] ANCN
[03:20:47] [232/322] MMCJ
[03:20:47] [233/322] DCAK
[03:20:48] [234/322] SCKG
[03:20:49] [235/322] LMCK
[03:20:50] [236/322] CKKX
[03:20:51] [237/322] ANKU
[03:20:51] 🔄 Identity reset
[03:20:51] 🔄 Identity rotated (every 10 requests)
[03:20:52] [238/322] CSMD
[03:20:53] [239/322] MKMP
[03:20:53] [240/322] SVBG
[03:20:54] [241/322] ROOP
[03:20:55] [242/322] GDMT
[03:20:57] [243/322] FPPF
[03:20:57] [244/322] SFUU
[03:20:58] [245/322] ANCB
[03:20:59] [246/322] SMMC
[03:21:00] [247/322] UGKT
[03:21:01] 🔄 Identity reset
[03:21:01] 🔄 Identity rotated (every 10 requests)
[03:21:02] [248/322] JVRM
[03:21:03] [249/322] BATG
[03:21:03] [250/322] RATE
[03:21:05] [251/322] SKME
[03:21:06] [252/322] LMTP
[03:21:07] [253/322] TCBD
[03:21:07] [254/322] ESBD
[03:21:09] [255/322] GDCU
[03:21:10] [256/322] SNKT
[03:21:11] [257/322] SRNK
[03:21:12] 🔄 Identity reset
[03:21:12] 🔄 Identity rotated (every 10 requests)
[03:21:12] [258/322] SMED
[03:21:14] [259/322] CSQS
[03:21:15] [260/322] ALCS
[03:21:15] [261/322] KCKN
[03:21:16] [262/322] VCCL
[03:21:17] [263/322] MCDA
[03:21:18] [264/322] SHMI
[03:21:19] [265/322] SKHA
[03:21:20] [266/322] SVFK
[03:21:21] [267/322] INVB
[03:21:21] 🔄 Identity reset
[03:21:21] 🔄 Identity rotated (every 10 requests)
[03:21:22] [268/322] MELD
[03:21:23] [269/322] JTYS
[03:21:23] [270/322] INCM
[03:21:24] [271/322] MCDV
[03:21:25] [272/322] KSGK
[03:21:26] [273/322] ICMG
[03:21:26] [274/322] CSCV
[03:21:27] [275/322] STMD
[03:21:28] [276/322] STTR
[03:21:30] [277/322] INVC
[03:21:30] 🔄 Identity reset
[03:21:30] 🔄 Identity rotated (every 10 requests)
[03:21:31] [278/322] JTBL
[03:21:32] [279/322] SRVV
[03:21:32] [280/322] MAVC
[03:21:34] [281/322] SRPP
[03:21:34] [282/322] JGDM
[03:21:35] [283/322] MBSJ
[03:21:36] [284/322] SSLL
[03:21:37] [285/322] SLKP
[03:21:38] [286/322] NSRV
[03:21:39] [287/322] UTDV
[03:21:39] 🔄 Identity reset
[03:21:39] 🔄 Identity rotated (every 10 requests)
[03:21:39] [288/322] KICM
[03:21:40] [289/322] KCMD
[03:21:41] [290/322] TTPP
[03:21:42] [291/322] KMPV
[03:21:43] [292/322] SKTV
[03:21:44] [293/322] STCV
[03:21:45] [294/322] SRDA
[03:21:46] [295/322] JTSX
[03:21:47] [296/322] STBV
[03:21:48] [297/322] APVZ
[03:21:49] 🔄 Identity reset
[03:21:49] 🔄 Identity rotated (every 10 requests)
[03:21:49] [298/322] GSTV
[03:21:50] [299/322] NMVS
[03:21:50] [300/322] SKRT
[03:21:51] [301/322] RMDV
[03:21:52] [302/322] RATG
[03:21:53] [303/322] SJYV
[03:21:54] [304/322] NDGP
[03:21:55] [305/322] SNDG
[03:21:56] [306/322] INSR
[03:21:57] [307/322] INSO
[03:21:58] 🔄 Identity reset
[03:21:58] 🔄 Identity rotated (every 10 requests)
[03:21:58] [308/322] CCSI
[03:22:00] [309/322] RASM
[03:22:00] [310/322] NEWC
[03:22:01] [311/322] VSHL
[03:22:02] [312/322] BISW
[03:22:03] [313/322] GCNG
[03:22:04] [314/322] CWSC
[03:22:05] [315/322] SKAN
[03:22:05] [316/322] CCOA
[03:22:06] [317/322] MCAJ
[03:22:07] 🔄 Identity reset
[03:22:07] 🔄 Identity rotated (every 10 requests)
[03:22:07] [318/322] ACDE
[03:22:08] [319/322] AACM
[03:22:09] [320/322] JJCK
[03:22:09] [321/322] RCMO
[03:22:10] [322/322] GDAW
[03:22:11] ✅ DONE | Shows=5 | Movies=4
[04:16:49] 🚀 BMS DAILY TRACKER STARTED (enhanced anti‑detection)
[04:16:49] [1/322] CDCA
[04:16:49] 🧠 New identity created
[04:16:50] [2/322] VBCZ
[04:16:52] [3/322] MSDR
[04:16:53] [4/322] ACPV
[04:16:53] [5/322] PVHB
[04:16:54] [6/322] RCNH
[04:16:56] [7/322] IOMH
[04:16:56] [8/322] ILKS
[04:16:57] [9/322] AMSN
[04:16:58] [10/322] ANTP
[04:16:59] 🔄 Identity reset
[04:16:59] 🔄 Identity rotated (every 10 requests)
[04:16:59] [11/322] SSEK
[04:17:01] [12/322] PICP
[04:17:02] [13/322] SICO
[04:17:02] [14/322] SISP
[04:17:03] [15/322] SCPI
[04:17:04] [16/322] CRPR
[04:17:05] [17/322] DCTW
[04:17:05] [18/322] DCSP
[04:17:06] [19/322] KRPM
[04:17:07] [20/322] THKK
[04:17:07] 🔄 Identity reset
[04:17:07] 🔄 Identity rotated (every 10 requests)
[04:17:08] [21/322] SNMY
[04:17:09] [22/322] AKCC
[04:17:10] [23/322] PCAT
[04:17:10] [24/322] RFGO
[04:17:11] [25/322] GGCS
[04:17:12] [26/322] ACKR
[04:17:13] [27/322] STDO
[04:17:14] [28/322] ACKB
[04:17:16] [29/322] ALUC
[04:17:17] [30/322] MNSR
[04:17:18] 🔄 Identity reset
[04:17:18] 🔄 Identity rotated (every 10 requests)
[04:17:18] 🔄 Retry 1/5 for MNSR in 2.8s
[04:17:18] 🔄 Identity reset
[04:17:21] 🧠 New identity created
[04:17:21] 🔄 Retry 2/5 for MNSR in 4.6s
[04:17:21] 🔄 Identity reset
[04:17:25] 🧠 New identity created
[04:17:25] 🔄 Retry 3/5 for MNSR in 8.1s
[04:17:25] 🔄 Identity reset
[04:17:34] 🧠 New identity created
[04:17:34] [31/322] CSSL
[04:17:35] [32/322] BGGM
[04:17:36] [33/322] MANT
[04:17:36] [34/322] SOOY
[04:17:37] [35/322] VPPK
[04:17:38] [36/322] MYHJ
[04:17:40] [37/322] KSCK
[04:17:40] 🔄 Identity reset
[04:17:40] 🔄 Identity rotated (every 10 requests)
[04:17:40] 🔄 Retry 1/5 for KSCK in 2.1s
[04:17:40] 🔄 Identity reset
[04:17:43] 🧠 New identity created
[04:17:43] 🔄 Retry 2/5 for KSCK in 4.4s
[04:17:43] 🔄 Identity reset
[04:17:47] 🧠 New identity created
[04:17:47] 🔄 Retry 3/5 for KSCK in 8.5s
[04:17:47] 🔄 Identity reset
[04:17:56] 🧠 New identity created
[04:17:56] [38/322] KATK
[04:17:57] [39/322] RTRT
[04:17:58] [40/322] SSTT
[04:17:59] [41/322] SSTV
[04:18:00] [42/322] LACM
[04:18:01] [43/322] SGMG
[04:18:02] [44/322] KACX
[04:18:02] 🔄 Identity reset
[04:18:03] 🔄 Identity rotated (every 10 requests)
[04:18:03] [45/322] GVCP
[04:18:04] [46/322] CSNC
[04:18:04] [47/322] SXCB
[04:18:05] [48/322] BAHS
[04:18:06] [49/322] PCBI
[04:18:07] [50/322] PSSM
[04:18:08] [51/322] RCOK
[04:18:08] [52/322] SCPF
[04:18:09] [53/322] SSAS
[04:18:10] [54/322] EVMM
[04:18:10] 🔄 Identity reset
[04:18:10] 🔄 Identity rotated (every 10 requests)
[04:18:11] [55/322] SYCB
[04:18:12] [56/322] GCKI
[04:18:13] [57/322] IAET
[04:18:14] [58/322] DDTD
[04:18:15] [59/322] GMDH
[04:18:16] [60/322] STLE
[04:18:17] [61/322] JTRA
[04:18:17] [62/322] RPPA
[04:18:19] [63/322] ARUT
[04:18:20] [64/322] JTVM
[04:18:21] 🔄 Identity reset
[04:18:21] 🔄 Identity rotated (every 10 requests)
[04:18:21] 🔄 Retry 1/5 for JTVM in 2.5s
[04:18:21] 🔄 Identity reset
[04:18:23] 🧠 New identity created
[04:18:23] [65/322] SWRH
[04:18:24] [66/322] DCPC
[04:18:25] [67/322] RAPR
[04:18:26] [68/322] GCRT
[04:18:27] [69/322] ATUN
[04:18:28] [70/322] LTRM
[04:18:29] [71/322] TASR
[04:18:30] [72/322] RLLC
[04:18:31] [73/322] MABI
[04:18:32] 🔄 Identity reset
[04:18:32] 🔄 Identity rotated (every 10 requests)
[04:18:32] [74/322] SVHB
[04:18:33] [75/322] NVTB
[04:18:34] [76/322] KCKG
[04:18:34] [77/322] SSRN
[04:18:35] [78/322] VDDC
[04:18:36] [79/322] GKTK
[04:18:37] [80/322] YFSN
[04:18:38] [81/322] GCSG
[04:18:39] [82/322] ESSM
[04:18:40] [83/322] KRIH
[04:18:40] 🔄 Identity reset
[04:18:40] 🔄 Identity rotated (every 10 requests)
[04:18:40] 🔄 Retry 1/5 for KRIH in 2.5s
[04:18:40] 🔄 Identity reset
[04:18:43] 🧠 New identity created
[04:18:43] 🔄 Retry 2/5 for KRIH in 4.3s
[04:18:43] 🔄 Identity reset
[04:18:47] 🧠 New identity created
[04:18:47] 🔄 Retry 3/5 for KRIH in 8.9s
[04:18:47] 🔄 Identity reset
[04:18:56] 🧠 New identity created
[04:18:56] 🔄 Retry 4/5 for KRIH in 16.4s
[04:18:56] 🔄 Identity reset
[04:19:13] 🧠 New identity created
[04:19:13] [84/322] GCDS
[04:19:14] [85/322] CCSH
[04:19:15] [86/322] ACSK
[04:19:16] [87/322] APRK
[04:19:18] [88/322] ADKM
[04:19:19] [89/322] SRDM
[04:19:19] 🔄 Identity reset
[04:19:19] 🔄 Identity rotated (every 10 requests)
[04:19:19] [90/322] SJMY
[04:19:20] [91/322] PGGC
[04:19:21] [92/322] INGM
[04:19:22] [93/322] LSCB
[04:19:23] [94/322] STAD
[04:19:24] [95/322] MCCR
[04:19:25] [96/322] ABCC
[04:19:26] [97/322] RKCC
[04:19:27] [98/322] RTCR
[04:19:28] [99/322] GGBC
[04:19:29] 🔄 Identity reset
[04:19:29] 🔄 Identity rotated (every 10 requests)
[04:19:29] [100/322] GCSD
[04:19:30] [101/322] LPTY
[04:19:31] [102/322] MCFD
[04:19:31] [103/322] HENN
[04:19:32] [104/322] SMKU
[04:19:33] [105/322] TNZC
[04:19:34] [106/322] DRCD
[04:19:35] [107/322] DLCD
[04:19:35] [108/322] RCDA
[04:19:36] [109/322] COSM
[04:19:37] 🔄 Identity reset
[04:19:37] 🔄 Identity rotated (every 10 requests)
[04:19:37] [110/322] MCMJ
[04:19:38] [111/322] CSTR
[04:19:39] [112/322] CVDK
[04:19:40] [113/322] INRR
[04:19:41] [114/322] RJRT
[04:19:42] [115/322] IRMR
[04:19:43] [116/322] SRCF
[04:19:43] [117/322] GRCR
[04:19:44] [118/322] SURC
[04:19:45] [119/322] NMNH
[04:19:46] 🔄 Identity reset
[04:19:46] 🔄 Identity rotated (every 10 requests)
[04:19:58] 🔄 Retry 1/5 for NMNH in 2.1s
[04:19:58] 🔄 Identity reset
[04:20:00] 🧠 New identity created
[04:20:05] [120/322] SVBL
[04:20:06] [121/322] KACI
[04:20:07] [122/322] TDGO
[04:20:08] [123/322] KTBR
[04:20:09] [124/322] PMAD
[04:20:09] [125/322] CCPN
[04:20:10] [126/322] SBTK
[04:20:11] [127/322] LMDK
[04:20:12] [128/322] PGDA
[04:20:12] 🔄 Identity reset
[04:20:12] 🔄 Identity rotated (every 10 requests)
[04:20:12] [129/322] SRML
[04:20:13] [130/322] EVCK
[04:20:14] [131/322] RTTK
[04:20:15] [132/322] SRTU
[04:20:16] [133/322] VRSA
[04:20:17] [134/322] VARS
[04:20:18] [135/322] DSCZ
[04:20:19] [136/322] GAGA
[04:20:20] [137/322] SARV
[04:20:21] [138/322] SEEG
[04:20:22] 🔄 Identity reset
[04:20:22] 🔄 Identity rotated (every 10 requests)
[04:20:22] [139/322] GLCA
[04:20:24] [140/322] APAS
[04:20:25] [141/322] VCIA
[04:20:26] [142/322] SJTA
[04:20:27] [143/322] SABM
[04:20:27] [144/322] PPAG
[04:20:28] [145/322] RVCA
[04:20:29] [146/322] CCIA
[04:20:30] [147/322] HTAG
[04:20:31] [148/322] SMBI
[04:20:32] 🔄 Identity reset
[04:20:32] 🔄 Identity rotated (every 10 requests)
[04:20:32] 🔄 Retry 1/5 for SMBI in 2.9s
[04:20:32] 🔄 Identity reset
[04:20:35] 🧠 New identity created
[04:20:35] [149/322] MCJR
[04:20:36] [150/322] CCJR
[04:20:37] [151/322] SINF
[04:20:37] [152/322] CPLX
[04:20:38] [153/322] KKTJ
[04:20:40] [154/322] GDBW
[04:20:41] [155/322] CSUB
[04:20:42] [156/322] DABA
[04:20:42] [157/322] TITR
[04:20:43] 🔄 Identity reset
[04:20:43] 🔄 Identity rotated (every 10 requests)
[04:20:43] 🔄 Retry 1/5 for TITR in 2.0s
[04:20:43] 🔄 Identity reset
[04:20:45] 🧠 New identity created
[04:20:45] 🔄 Retry 2/5 for TITR in 4.3s
[04:20:45] 🔄 Identity reset
[04:20:50] 🧠 New identity created
[04:20:50] [158/322] NYCR
[04:20:51] [159/322] RTRY
[04:20:52] [160/322] JTJL
[04:20:52] [161/322] SJCP
[04:20:54] [162/322] KCCA
[04:20:55] [163/322] MLPG
[04:20:55] [164/322] VRCK
[04:20:56] [165/322] SRIN
[04:20:57] 🔄 Identity reset
[04:20:57] 🔄 Identity rotated (every 10 requests)
[04:20:57] [166/322] CXMK
[04:20:58] [167/322] SKAD
[04:20:59] [168/322] AVTR
[04:21:00] [169/322] PTAJ
[04:21:01] [170/322] SCNK
[04:21:02] [171/322] STTI
[04:21:03] [172/322] KACR
[04:21:03] [173/322] SSDX
[04:21:05] [174/322] VRTJ
[04:21:06] [175/322] RAJD
[04:21:06] 🔄 Identity reset
[04:21:06] 🔄 Identity rotated (every 10 requests)
[04:21:07] [176/322] SCIP
[04:21:08] [177/322] RJSL
[04:21:10] [178/322] ARRS
[04:21:10] [179/322] ASMS
[04:21:11] [180/322] RDTS
[04:21:12] [181/322] DVMY
[04:21:13] [182/322] RASA
[04:21:14] [183/322] INOM
[04:21:15] [184/322] SPRS
[04:21:15] [185/322] SGCS
[04:21:16] 🔄 Identity reset
[04:21:16] 🔄 Identity rotated (every 10 requests)
[04:21:16] [186/322] SALM
[04:21:17] [187/322] PKHC
[04:21:18] [188/322] RCSV
[04:21:19] [189/322] CPKC
[04:21:20] [190/322] AACD
[04:21:21] [191/322] GGCV
[04:21:21] [192/322] SMKD
[04:21:22] [193/322] NBCH
[04:21:23] [194/322] AMCB
[04:21:24] [195/322] OPCN
[04:21:25] 🔄 Identity reset
[04:21:25] 🔄 Identity rotated (every 10 requests)
[04:21:25] [196/322] DCIN
[04:21:27] [197/322] INGW
[04:21:27] [198/322] PKKW
[04:21:28] [199/322] FNGW
[04:21:29] [200/322] GCGD
[04:21:30] [201/322] MSTW
[04:21:31] [202/322] KCCG
[04:21:31] [203/322] MRSS
[04:21:32] [204/322] CLCF
[04:21:33] [205/322] EETS
[04:21:34] 🔄 Identity reset
[04:21:34] 🔄 Identity rotated (every 10 requests)
[04:21:34] 🔄 Retry 1/5 for EETS in 3.0s
[04:21:34] 🔄 Identity reset
[04:21:37] 🧠 New identity created
[04:21:37] [206/322] AATR
[04:21:38] [207/322] CMMN
[04:21:39] [208/322] SCCJ
[04:21:40] [209/322] CDTK
[04:21:41] [210/322] AICP
[04:21:42] [211/322] FNBP
[04:21:43] [212/322] CBPB
[04:21:43] [213/322] CPAS
[04:21:44] [214/322] MAPM
[04:21:45] 🔄 Identity reset
[04:21:45] 🔄 Identity rotated (every 10 requests)
[04:21:45] [215/322] PASD
[04:21:46] [216/322] JCMN
[04:21:47] [217/322] MALB
[04:21:48] [218/322] SACG
[04:21:48] [219/322] DDRX
[04:21:49] [220/322] DDXB
[04:21:50] [221/322] RAMC
[04:21:51] [222/322] SANC
[04:21:52] [223/322] BCBP
[04:21:53] [224/322] ALPC
[04:21:53] 🔄 Identity reset
[04:21:53] 🔄 Identity rotated (every 10 requests)
[04:21:53] 🔄 Retry 1/5 for ALPC in 2.0s
[04:21:53] 🔄 Identity reset
[04:21:55] 🧠 New identity created
[04:21:56] [225/322] RBAC
[04:21:56] [226/322] RAJL
[04:21:57] [227/322] MPDX
[04:21:58] [228/322] MUSC
[04:21:59] [229/322] VKMK
[04:22:00] [230/322] SKCG
[04:22:01] [231/322] ANCN
[04:22:02] [232/322] MMCJ
[04:22:03] [233/322] DCAK
[04:22:04] 🔄 Identity reset
[04:22:04] 🔄 Identity rotated (every 10 requests)
[04:22:04] [234/322] SCKG
[04:22:05] [235/322] LMCK
[04:22:06] [236/322] CKKX
[04:22:07] [237/322] ANKU
[04:22:08] [238/322] CSMD
[04:22:08] [239/322] MKMP
[04:22:10] [240/322] SVBG
[04:22:11] [241/322] ROOP
[04:22:12] [242/322] GDMT
[04:22:13] [243/322] FPPF
[04:22:13] 🔄 Identity reset
[04:22:13] 🔄 Identity rotated (every 10 requests)
[04:22:13] 🔄 Retry 1/5 for FPPF in 2.9s
[04:22:13] 🔄 Identity reset
[04:22:16] 🧠 New identity created
[04:22:16] 🔄 Retry 2/5 for FPPF in 4.9s
[04:22:16] 🔄 Identity reset
[04:22:21] 🧠 New identity created
[04:22:22] [244/322] SFUU
[04:22:22] [245/322] ANCB
[04:22:23] [246/322] SMMC
[04:22:24] [247/322] UGKT
[04:22:25] [248/322] JVRM
[04:22:26] [249/322] BATG
[04:22:27] [250/322] RATE
[04:22:28] [251/322] SKME
[04:22:28] 🔄 Identity reset
[04:22:28] 🔄 Identity rotated (every 10 requests)
[04:22:28] [252/322] LMTP
[04:22:29] [253/322] TCBD
[04:22:30] [254/322] ESBD
[04:22:31] [255/322] GDCU
[04:22:32] [256/322] SNKT
[04:22:33] [257/322] SRNK
[04:22:34] [258/322] SMED
[04:22:34] [259/322] CSQS
[04:22:35] [260/322] ALCS
[04:22:36] [261/322] KCKN
[04:22:37] 🔄 Identity reset
[04:22:37] 🔄 Identity rotated (every 10 requests)
[04:22:37] [262/322] VCCL
[04:22:38] [263/322] MCDA
[04:22:39] [264/322] SHMI
[04:22:40] [265/322] SKHA
[04:22:41] [266/322] SVFK
[04:22:42] [267/322] INVB
[04:22:43] [268/322] MELD
[04:22:44] [269/322] JTYS
[04:22:45] [270/322] INCM
[04:22:46] [271/322] MCDV
[04:22:46] 🔄 Identity reset
[04:22:46] 🔄 Identity rotated (every 10 requests)
[04:22:46] [272/322] KSGK
[04:22:47] [273/322] ICMG
[04:22:48] [274/322] CSCV
[04:22:49] [275/322] STMD
[04:22:50] [276/322] STTR
[04:22:51] [277/322] INVC
[04:22:51] [278/322] JTBL
[04:22:53] [279/322] SRVV
[04:22:54] [280/322] MAVC
[04:22:55] [281/322] SRPP
[04:22:55] 🔄 Identity reset
[04:22:55] 🔄 Identity rotated (every 10 requests)
[04:22:55] 🔄 Retry 1/5 for SRPP in 2.1s
[04:22:55] 🔄 Identity reset
[04:22:57] 🧠 New identity created
[04:22:58] 🔄 Retry 2/5 for SRPP in 4.6s
[04:22:58] 🔄 Identity reset
[04:23:02] 🧠 New identity created
[04:23:02] [282/322] JGDM
[04:23:03] [283/322] MBSJ
[04:23:04] [284/322] SSLL
[04:23:05] [285/322] SLKP
[04:23:06] [286/322] NSRV
[04:23:07] [287/322] UTDV
[04:23:08] [288/322] KICM
[04:23:08] [289/322] KCMD
[04:23:09] 🔄 Identity reset
[04:23:09] 🔄 Identity rotated (every 10 requests)
[04:23:09] 🔄 Retry 1/5 for KCMD in 2.2s
[04:23:09] 🔄 Identity reset
[04:23:11] 🧠 New identity created
[04:23:12] [290/322] TTPP
[04:23:12] [291/322] KMPV
[04:23:13] [292/322] SKTV
[04:23:14] [293/322] STCV
[04:23:15] [294/322] SRDA
[04:23:16] [295/322] JTSX
[04:23:17] [296/322] STBV
[04:23:18] [297/322] APVZ
[04:23:18] [298/322] GSTV
[04:23:19] 🔄 Identity reset
[04:23:19] 🔄 Identity rotated (every 10 requests)
[04:23:19] [299/322] NMVS
[04:23:20] [300/322] SKRT
[04:23:21] [301/322] RMDV
[04:23:22] [302/322] RATG
[04:23:23] [303/322] SJYV
[04:23:24] [304/322] NDGP
[04:23:25] [305/322] SNDG
[04:23:25] [306/322] INSR
[04:23:26] [307/322] INSO
[04:23:27] [308/322] CCSI
[04:23:28] 🔄 Identity reset
[04:23:28] 🔄 Identity rotated (every 10 requests)
[04:23:29] [309/322] RASM
[04:23:30] [310/322] NEWC
[04:23:30] [311/322] VSHL
[04:23:31] [312/322] BISW
[04:23:32] [313/322] GCNG
[04:23:33] [314/322] CWSC
[04:23:33] [315/322] SKAN
[04:23:35] [316/322] CCOA
[04:23:36] [317/322] MCAJ
[04:23:37] [318/322] ACDE
[04:23:37] 🔄 Identity reset
[04:23:37] 🔄 Identity rotated (every 10 requests)
[04:23:37] [319/322] AACM
[04:23:38] [320/322] JJCK
[04:23:39] [321/322] RCMO
[04:23:40] [322/322] GDAW
[04:23:41] ✅ DONE | Shows=19 | Movies=6
[04:42:48] 🚀 BMS DAILY TRACKER STARTED (enhanced anti‑detection)
[04:42:48] [1/322] CDCA
[04:42:49] 🧠 New identity created
[04:42:49] [2/322] VBCZ
[04:42:50] [3/322] MSDR
[04:42:51] [4/322] ACPV
[04:42:52] [5/322] PVHB
[04:42:52] [6/322] RCNH
[04:42:53] [7/322] IOMH
[04:42:54] [8/322] ILKS
[04:42:55] [9/322] AMSN
[04:42:57] [10/322] ANTP
[04:42:57] 🔄 Identity reset
[04:42:57] 🔄 Identity rotated (every 10 requests)
[04:42:57] 🔄 Retry 1/5 for ANTP in 2.5s
[04:42:57] 🔄 Identity reset
[04:43:00] 🧠 New identity created
[04:43:00] [11/322] SSEK
[04:43:01] [12/322] PICP
[04:43:02] [13/322] SICO
[04:43:03] [14/322] SISP
[04:43:04] [15/322] SCPI
[04:43:05] [16/322] CRPR
[04:43:06] [17/322] DCTW
[04:43:07] [18/322] DCSP
[04:43:08] [19/322] KRPM
[04:43:08] 🔄 Identity reset
[04:43:08] 🔄 Identity rotated (every 10 requests)
[04:43:08] [20/322] THKK
[04:43:09] [21/322] SNMY
[04:43:10] [22/322] AKCC
[04:43:11] [23/322] PCAT
[04:43:12] [24/322] RFGO
[04:43:12] [25/322] GGCS
[04:43:13] [26/322] ACKR
[04:43:14] [27/322] STDO
[04:43:15] [28/322] ACKB
[04:43:17] [29/322] ALUC
[04:43:17] 🔄 Identity reset
[04:43:17] 🔄 Identity rotated (every 10 requests)
[04:43:17] [30/322] MNSR
[04:43:18] [31/322] CSSL
[04:43:19] [32/322] BGGM
[04:43:20] [33/322] MANT
[04:43:21] [34/322] SOOY
[04:43:22] [35/322] VPPK
[04:43:24] [36/322] MYHJ
[04:43:25] [37/322] KSCK
[04:43:26] [38/322] KATK
[04:43:27] [39/322] RTRT
[04:43:27] 🔄 Identity reset
[04:43:27] 🔄 Identity rotated (every 10 requests)
[04:43:28] [40/322] SSTT
[04:43:28] [41/322] SSTV
[04:43:29] [42/322] LACM
[04:43:30] [43/322] SGMG
[04:43:32] [44/322] KACX
[04:43:32] [45/322] GVCP
[04:43:33] [46/322] CSNC
[04:43:34] [47/322] SXCB
[04:43:35] [48/322] BAHS
[04:43:36] [49/322] PCBI
[04:43:37] 🔄 Identity reset
[04:43:37] 🔄 Identity rotated (every 10 requests)
[04:43:37] [50/322] PSSM
[04:43:38] [51/322] RCOK
[04:43:39] [52/322] SCPF
[04:43:40] [53/322] SSAS
[04:43:41] [54/322] EVMM
[04:43:42] [55/322] SYCB
[04:43:43] [56/322] GCKI
[04:43:43] [57/322] IAET
[04:43:44] [58/322] DDTD
[04:43:45] [59/322] GMDH
[04:43:46] 🔄 Identity reset
[04:43:46] 🔄 Identity rotated (every 10 requests)
[04:43:46] [60/322] STLE
[04:43:47] [61/322] JTRA
[04:43:48] [62/322] RPPA
[04:43:49] [63/322] ARUT
[04:43:50] [64/322] JTVM
[04:43:51] [65/322] SWRH
[04:43:52] [66/322] DCPC
[04:43:54] [67/322] RAPR
[04:43:54] [68/322] GCRT
[04:43:56] [69/322] ATUN
[04:43:57] 🔄 Identity reset
[04:43:57] 🔄 Identity rotated (every 10 requests)
[04:43:57] [70/322] LTRM
[04:43:58] [71/322] TASR
[04:43:59] [72/322] RLLC
[04:44:00] [73/322] MABI
[04:44:01] [74/322] SVHB
[04:44:01] [75/322] NVTB
[04:44:02] [76/322] KCKG
[04:44:03] [77/322] SSRN
[04:44:04] [78/322] VDDC
[04:44:05] [79/322] GKTK
[04:44:05] 🔄 Identity reset
[04:44:05] 🔄 Identity rotated (every 10 requests)
[04:44:06] [80/322] YFSN
[04:44:07] [81/322] GCSG
[04:44:08] [82/322] ESSM
[04:44:09] [83/322] KRIH
[04:44:10] [84/322] GCDS
[04:44:11] [85/322] CCSH
[04:44:12] [86/322] ACSK
[04:44:13] [87/322] APRK
[04:44:14] [88/322] ADKM
[04:44:15] [89/322] SRDM
[04:44:16] 🔄 Identity reset
[04:44:16] 🔄 Identity rotated (every 10 requests)
[04:44:16] [90/322] SJMY
[04:44:17] [91/322] PGGC
[04:44:18] [92/322] INGM
[04:44:19] [93/322] LSCB
[04:44:20] [94/322] STAD
[04:44:21] [95/322] MCCR
[04:44:22] [96/322] ABCC
[04:44:23] [97/322] RKCC
[04:44:24] [98/322] RTCR
[04:44:25] [99/322] GGBC
[04:44:26] 🔄 Identity reset
[04:44:26] 🔄 Identity rotated (every 10 requests)
[04:44:26] [100/322] GCSD
[04:44:27] [101/322] LPTY
[04:44:28] [102/322] MCFD
[04:44:28] [103/322] HENN
[04:44:29] [104/322] SMKU
[04:44:30] [105/322] TNZC
[04:44:31] [106/322] DRCD
[04:44:33] [107/322] DLCD
[04:44:34] [108/322] RCDA
[04:44:34] [109/322] COSM
[04:44:35] 🔄 Identity reset
[04:44:35] 🔄 Identity rotated (every 10 requests)
[04:44:35] 🔄 Retry 1/5 for COSM in 2.1s
[04:44:35] 🔄 Identity reset
[04:44:37] 🧠 New identity created
[04:44:38] [110/322] MCMJ
[04:44:39] [111/322] CSTR
[04:44:40] [112/322] CVDK
[04:44:41] [113/322] INRR
[04:44:42] [114/322] RJRT
[04:44:43] [115/322] IRMR
[04:44:44] [116/322] SRCF
[04:44:45] [117/322] GRCR
[04:44:46] [118/322] SURC
[04:44:47] 🔄 Identity reset
[04:44:47] 🔄 Identity rotated (every 10 requests)
[04:44:47] [119/322] NMNH
[04:44:48] [120/322] SVBL
[04:44:49] [121/322] KACI
[04:44:50] [122/322] TDGO
[04:44:51] [123/322] KTBR
[04:44:52] [124/322] PMAD
[04:44:52] [125/322] CCPN
[04:44:53] [126/322] SBTK
[04:44:54] [127/322] LMDK
[04:44:55] [128/322] PGDA
[04:44:55] 🔄 Identity reset
[04:44:55] 🔄 Identity rotated (every 10 requests)
[04:44:56] [129/322] SRML
[04:44:57] [130/322] EVCK
[04:44:57] [131/322] RTTK
[04:44:58] [132/322] SRTU
[04:45:00] [133/322] VRSA
[04:45:01] [134/322] VARS
[04:45:02] [135/322] DSCZ
[04:45:03] [136/322] GAGA
[04:45:04] [137/322] SARV
[04:45:05] [138/322] SEEG
[04:45:06] 🔄 Identity reset
[04:45:06] 🔄 Identity rotated (every 10 requests)
[04:45:06] [139/322] GLCA
[04:45:07] [140/322] APAS
[04:45:08] [141/322] VCIA
[04:45:09] [142/322] SJTA
[04:45:10] [143/322] SABM
[04:45:11] [144/322] PPAG
[04:45:13] [145/322] RVCA
[04:45:15] [146/322] CCIA
[04:45:17] [147/322] HTAG
[04:45:17] [148/322] SMBI
[04:45:18] 🔄 Identity reset
[04:45:18] 🔄 Identity rotated (every 10 requests)
[04:45:19] [149/322] MCJR
[04:45:20] [150/322] CCJR
[04:45:21] [151/322] SINF
[04:45:22] [152/322] CPLX
[04:45:23] [153/322] KKTJ
[04:45:24] [154/322] GDBW
[04:45:24] [155/322] CSUB
[04:45:25] [156/322] DABA
[04:45:26] [157/322] TITR
[04:45:28] [158/322] NYCR
[04:45:29] 🔄 Identity reset
[04:45:29] 🔄 Identity rotated (every 10 requests)
[04:45:29] [159/322] RTRY
[04:45:30] [160/322] JTJL
[04:45:31] [161/322] SJCP
[04:45:32] [162/322] KCCA
[04:45:33] [163/322] MLPG
[04:45:33] [164/322] VRCK
[04:45:34] [165/322] SRIN
[04:45:35] [166/322] CXMK
[04:45:37] [167/322] SKAD
[04:45:38] [168/322] AVTR
[04:45:38] 🔄 Identity reset
[04:45:38] 🔄 Identity rotated (every 10 requests)
[04:45:39] [169/322] PTAJ
[04:45:40] [170/322] SCNK
[04:45:40] [171/322] STTI
[04:45:41] [172/322] KACR
[04:45:42] [173/322] SSDX
[04:45:43] [174/322] VRTJ
[04:45:44] [175/322] RAJD
[04:45:45] [176/322] SCIP
[04:45:45] [177/322] RJSL
[04:45:46] [178/322] ARRS
[04:45:47] 🔄 Identity reset
[04:45:47] 🔄 Identity rotated (every 10 requests)
[04:45:47] [179/322] ASMS
[04:45:49] [180/322] RDTS
[04:45:50] [181/322] DVMY
[04:45:51] [182/322] RASA
[04:45:51] [183/322] INOM
[04:45:52] [184/322] SPRS
[04:45:53] [185/322] SGCS
[04:45:55] [186/322] SALM
[04:45:56] [187/322] PKHC
[04:45:57] [188/322] RCSV
[04:45:57] 🔄 Identity reset
[04:45:57] 🔄 Identity rotated (every 10 requests)
[04:45:57] [189/322] CPKC
[04:45:58] [190/322] AACD
[04:45:59] [191/322] GGCV
[04:46:00] [192/322] SMKD
[04:46:02] [193/322] NBCH
[04:46:03] [194/322] AMCB
[04:46:04] [195/322] OPCN
[04:46:05] [196/322] DCIN
[04:46:05] [197/322] INGW
[04:46:06] [198/322] PKKW
[04:46:07] 🔄 Identity reset
[04:46:07] 🔄 Identity rotated (every 10 requests)
[04:46:07] [199/322] FNGW
[04:46:08] [200/322] GCGD
[04:46:09] [201/322] MSTW
[04:46:10] [202/322] KCCG
[04:46:12] [203/322] MRSS
[04:46:13] [204/322] CLCF
[04:46:14] [205/322] EETS
[04:46:15] [206/322] AATR
[04:46:16] [207/322] CMMN
[04:46:17] [208/322] SCCJ
[04:46:18] 🔄 Identity reset
[04:46:18] 🔄 Identity rotated (every 10 requests)
[04:46:18] [209/322] CDTK
[04:46:19] [210/322] AICP
[04:46:21] [211/322] FNBP
[04:46:22] [212/322] CBPB
[04:46:23] [213/322] CPAS
[04:46:24] [214/322] MAPM
[04:46:25] [215/322] PASD
[04:46:26] [216/322] JCMN
[04:46:27] [217/322] MALB
[04:46:27] [218/322] SACG
[04:46:28] 🔄 Identity reset
[04:46:28] 🔄 Identity rotated (every 10 requests)
[04:46:28] [219/322] DDRX
[04:46:29] [220/322] DDXB
[04:46:30] [221/322] RAMC
[04:46:31] [222/322] SANC
[04:46:32] [223/322] BCBP
[04:46:33] [224/322] ALPC
[04:46:34] [225/322] RBAC
[04:46:36] [226/322] RAJL
[04:46:37] [227/322] MPDX
[04:46:37] [228/322] MUSC
[04:46:38] 🔄 Identity reset
[04:46:38] 🔄 Identity rotated (every 10 requests)
[04:46:38] [229/322] VKMK
[04:46:39] [230/322] SKCG
[04:46:40] [231/322] ANCN
[04:46:41] [232/322] MMCJ
[04:46:42] [233/322] DCAK
[04:46:43] [234/322] SCKG
[04:46:44] [235/322] LMCK
[04:46:45] [236/322] CKKX
[04:46:46] [237/322] ANKU
[04:46:47] [238/322] CSMD
[04:46:47] 🔄 Identity reset
[04:46:47] 🔄 Identity rotated (every 10 requests)
[04:46:48] [239/322] MKMP
[04:46:49] [240/322] SVBG
[04:46:50] [241/322] ROOP
[04:46:51] [242/322] GDMT
[04:46:52] [243/322] FPPF
[04:46:53] [244/322] SFUU
[04:46:54] [245/322] ANCB
[04:46:55] [246/322] SMMC
[04:46:56] [247/322] UGKT
[04:46:57] [248/322] JVRM
[04:46:58] 🔄 Identity reset
[04:46:58] 🔄 Identity rotated (every 10 requests)
[04:46:58] [249/322] BATG
[04:46:59] [250/322] RATE
[04:47:00] [251/322] SKME
[04:47:01] [252/322] LMTP
[04:47:02] [253/322] TCBD
[04:47:03] [254/322] ESBD
[04:47:04] [255/322] GDCU
[04:47:05] [256/322] SNKT
[04:47:06] [257/322] SRNK
[04:47:06] [258/322] SMED
[04:47:07] 🔄 Identity reset
[04:47:07] 🔄 Identity rotated (every 10 requests)
[04:47:08] [259/322] CSQS
[04:47:09] [260/322] ALCS
[04:47:10] [261/322] KCKN
[04:47:11] [262/322] VCCL
[04:47:12] [263/322] MCDA
[04:47:13] [264/322] SHMI
[04:47:14] [265/322] SKHA
[04:47:15] [266/322] SVFK
[04:47:16] [267/322] INVB
[04:47:17] [268/322] MELD
[04:47:17] 🔄 Identity reset
[04:47:17] 🔄 Identity rotated (every 10 requests)
[04:47:18] [269/322] JTYS
[04:47:18] [270/322] INCM
[04:47:20] [271/322] MCDV
[04:47:20] [272/322] KSGK
[04:47:21] [273/322] ICMG
[04:47:22] [274/322] CSCV
[04:47:23] [275/322] STMD
[04:47:24] [276/322] STTR
[04:47:25] [277/322] INVC
[04:47:26] [278/322] JTBL
[04:47:27] 🔄 Identity reset
[04:47:27] 🔄 Identity rotated (every 10 requests)
[04:47:28] [279/322] SRVV
[04:47:29] [280/322] MAVC
[04:47:30] [281/322] SRPP
[04:47:31] [282/322] JGDM
[04:47:33] [283/322] MBSJ
[04:47:34] [284/322] SSLL
[04:47:35] [285/322] SLKP
[04:47:36] [286/322] NSRV
[04:47:37] [287/322] UTDV
[04:47:38] [288/322] KICM
[04:47:39] 🔄 Identity reset
[04:47:39] 🔄 Identity rotated (every 10 requests)
[04:47:39] 🔄 Retry 1/5 for KICM in 2.8s
[04:47:39] 🔄 Identity reset
[04:47:42] 🧠 New identity created
[04:47:42] [289/322] KCMD
[04:47:43] [290/322] TTPP
[04:47:44] [291/322] KMPV
[04:47:45] [292/322] SKTV
[04:47:46] [293/322] STCV
[04:47:47] [294/322] SRDA
[04:47:48] [295/322] JTSX
[04:47:49] [296/322] STBV
[04:47:50] [297/322] APVZ
[04:47:51] 🔄 Identity reset
[04:47:51] 🔄 Identity rotated (every 10 requests)
[04:47:51] 🔄 Retry 1/5 for APVZ in 2.1s
[04:47:51] 🔄 Identity reset
[04:47:53] 🧠 New identity created
[04:47:53] [298/322] GSTV
[04:47:54] [299/322] NMVS
[04:47:55] [300/322] SKRT
[04:47:56] [301/322] RMDV
[04:47:57] [302/322] RATG
[04:47:58] [303/322] SJYV
[04:47:58] [304/322] NDGP
[04:47:59] [305/322] SNDG
[04:48:00] [306/322] INSR
[04:48:01] 🔄 Identity reset
[04:48:01] 🔄 Identity rotated (every 10 requests)
[04:48:01] 🔄 Retry 1/5 for INSR in 2.8s
[04:48:01] 🔄 Identity reset
[04:48:04] 🧠 New identity created
[04:48:04] [307/322] INSO
[04:48:05] [308/322] CCSI
[04:48:06] [309/322] RASM
[04:48:07] [310/322] NEWC
[04:48:08] [311/322] VSHL
[04:48:09] [312/322] BISW
[04:48:10] [313/322] GCNG
[04:48:11] [314/322] CWSC
[04:48:12] [315/322] SKAN
[04:48:12] 🔄 Identity reset
[04:48:12] 🔄 Identity rotated (every 10 requests)
[04:48:13] [316/322] CCOA
[04:48:14] [317/322] MCAJ
[04:48:15] [318/322] ACDE
[04:48:16] [319/322] AACM
[04:48:17] [320/322] JJCK
[04:48:18] [321/322] RCMO
[04:48:19] [322/322] GDAW
[04:48:20] ✅ DONE | Shows=32 | Movies=6
[05:17:02] 🚀 BMS DAILY TRACKER STARTED (enhanced anti‑detection)
[05:17:02] [1/322] CDCA
[05:17:02] 🧠 New identity created
[05:17:03] 🔄 Retry 1/5 for CDCA in 2.1s
[05:17:03] 🔄 Identity reset
[05:17:05] 🧠 New identity created
[05:17:05] [2/322] VBCZ
[05:17:06] [3/322] MSDR
[05:17:07] [4/322] ACPV
[05:17:08] [5/322] PVHB
[05:17:09] [6/322] RCNH
[05:17:10] [7/322] IOMH
[05:17:11] [8/322] ILKS
[05:17:12] [9/322] AMSN
[05:17:12] 🔄 Identity reset
[05:17:12] 🔄 Identity rotated (every 10 requests)
[05:17:13] [10/322] ANTP
[05:17:14] [11/322] SSEK
[05:17:14] [12/322] PICP
[05:17:16] [13/322] SICO
[05:17:16] [14/322] SISP
[05:17:17] [15/322] SCPI
[05:17:18] [16/322] CRPR
[05:17:19] [17/322] DCTW
[05:17:20] [18/322] DCSP
[05:17:21] [19/322] KRPM
[05:17:21] 🔄 Identity reset
[05:17:21] 🔄 Identity rotated (every 10 requests)
[05:17:22] [20/322] THKK
[05:17:23] [21/322] SNMY
[05:17:24] [22/322] AKCC
[05:17:25] [23/322] PCAT
[05:17:26] [24/322] RFGO
[05:17:27] [25/322] GGCS
[05:17:28] [26/322] ACKR
[05:17:29] [27/322] STDO
[05:17:30] [28/322] ACKB
[05:17:32] [29/322] ALUC
[05:17:32] 🔄 Identity reset
[05:17:32] 🔄 Identity rotated (every 10 requests)
[05:17:33] [30/322] MNSR
[05:17:34] [31/322] CSSL
[05:17:35] [32/322] BGGM
[05:17:36] [33/322] MANT
[05:17:37] [34/322] SOOY
[05:17:38] [35/322] VPPK
[05:17:38] [36/322] MYHJ
[05:17:39] [37/322] KSCK
[05:17:40] [38/322] KATK
[05:17:42] [39/322] RTRT
[05:17:42] 🔄 Identity reset
[05:17:42] 🔄 Identity rotated (every 10 requests)
[05:17:43] [40/322] SSTT
[05:17:44] [41/322] SSTV
[05:17:45] [42/322] LACM
[05:17:45] [43/322] SGMG
[05:17:47] [44/322] KACX
[05:17:48] [45/322] GVCP
[05:17:49] [46/322] CSNC
[05:17:50] [47/322] SXCB
[05:17:52] [48/322] BAHS
[05:17:52] [49/322] PCBI
[05:17:53] 🔄 Identity reset
[05:17:53] 🔄 Identity rotated (every 10 requests)
[05:17:53] 🔄 Retry 1/5 for PCBI in 2.2s
[05:17:53] 🔄 Identity reset
[05:17:55] 🧠 New identity created
[05:17:56] [50/322] PSSM
[05:17:57] [51/322] RCOK
[05:17:58] [52/322] SCPF
[05:17:59] [53/322] SSAS
[05:18:00] [54/322] EVMM
[05:18:01] [55/322] SYCB
[05:18:02] [56/322] GCKI
[05:18:03] [57/322] IAET
[05:18:04] [58/322] DDTD
[05:18:04] 🔄 Identity reset
[05:18:04] 🔄 Identity rotated (every 10 requests)
[05:18:05] [59/322] GMDH
[05:18:06] [60/322] STLE
[05:18:06] [61/322] JTRA
[05:18:07] [62/322] RPPA
[05:18:08] [63/322] ARUT
[05:18:09] [64/322] JTVM
[05:18:11] [65/322] SWRH
[05:18:12] [66/322] DCPC
[05:18:13] [67/322] RAPR
[05:18:13] [68/322] GCRT
[05:18:14] 🔄 Identity reset
[05:18:14] 🔄 Identity rotated (every 10 requests)
[05:18:15] [69/322] ATUN
[05:18:16] [70/322] LTRM
[05:18:17] [71/322] TASR
[05:18:18] [72/322] RLLC
[05:18:20] [73/322] MABI
[05:18:21] [74/322] SVHB
[05:18:22] [75/322] NVTB
[05:18:23] [76/322] KCKG
[05:18:24] [77/322] SSRN
[05:18:25] [78/322] VDDC
[05:18:25] 🔄 Identity reset
[05:18:25] 🔄 Identity rotated (every 10 requests)
[05:18:26] [79/322] GKTK
[05:18:26] [80/322] YFSN
[05:18:27] [81/322] GCSG
[05:18:28] [82/322] ESSM
[05:18:29] [83/322] KRIH
[05:18:31] [84/322] GCDS
[05:18:32] [85/322] CCSH
[05:18:33] [86/322] ACSK
[05:18:34] [87/322] APRK
[05:18:36] [88/322] ADKM
[05:18:37] 🔄 Identity reset
[05:18:37] 🔄 Identity rotated (every 10 requests)
[05:18:37] [89/322] SRDM
[05:18:38] [90/322] SJMY
[05:18:39] [91/322] PGGC
[05:18:40] [92/322] INGM
[05:18:41] [93/322] LSCB
[05:18:43] [94/322] STAD
[05:18:43] [95/322] MCCR
[05:18:44] [96/322] ABCC
[05:18:45] [97/322] RKCC
[05:18:46] [98/322] RTCR
[05:18:47] 🔄 Identity reset
[05:18:47] 🔄 Identity rotated (every 10 requests)
[05:18:47] 🔄 Retry 1/5 for RTCR in 2.6s
[05:18:47] 🔄 Identity reset
[05:18:49] 🧠 New identity created
[05:18:50] [99/322] GGBC
[05:18:51] [100/322] GCSD
[05:18:52] [101/322] LPTY
[05:18:53] [102/322] MCFD
[05:18:53] [103/322] HENN
[05:18:54] [104/322] SMKU
[05:18:55] [105/322] TNZC
[05:18:56] [106/322] DRCD
[05:18:58] [107/322] DLCD
[05:18:58] 🔄 Identity reset
[05:18:58] 🔄 Identity rotated (every 10 requests)
[05:18:58] 🔄 Retry 1/5 for DLCD in 2.7s
[05:18:58] 🔄 Identity reset
[05:19:01] 🧠 New identity created
[05:19:01] [108/322] RCDA
[05:19:02] [109/322] COSM
[05:19:03] [110/322] MCMJ
[05:19:04] [111/322] CSTR
[05:19:05] [112/322] CVDK
[05:19:06] [113/322] INRR
[05:19:07] [114/322] RJRT
[05:19:08] [115/322] IRMR
[05:19:09] [116/322] SRCF
[05:19:09] 🔄 Identity reset
[05:19:09] 🔄 Identity rotated (every 10 requests)
[05:19:10] [117/322] GRCR
[05:19:11] [118/322] SURC
[05:19:12] [119/322] NMNH
[05:19:13] [120/322] SVBL
[05:19:14] [121/322] KACI
[05:19:15] [122/322] TDGO
[05:19:16] [123/322] KTBR
[05:19:17] [124/322] PMAD
[05:19:18] [125/322] CCPN
[05:19:19] [126/322] SBTK
[05:19:19] 🔄 Identity reset
[05:19:19] 🔄 Identity rotated (every 10 requests)
[05:19:20] [127/322] LMDK
[05:19:21] [128/322] PGDA
[05:19:21] [129/322] SRML
[05:19:23] [130/322] EVCK
[05:19:25] [131/322] RTTK
[05:19:27] [132/322] SRTU
[05:19:28] [133/322] VRSA
[05:19:29] [134/322] VARS
[05:19:30] [135/322] DSCZ
[05:19:31] [136/322] GAGA
[05:19:31] 🔄 Identity reset
[05:19:31] 🔄 Identity rotated (every 10 requests)
[05:19:31] 🔄 Retry 1/5 for GAGA in 3.0s
[05:19:31] 🔄 Identity reset
[05:19:34] 🧠 New identity created
[05:19:34] 🔄 Retry 2/5 for GAGA in 4.6s
[05:19:34] 🔄 Identity reset
[05:19:39] 🧠 New identity created
[05:19:40] [137/322] SARV
[05:19:40] [138/322] SEEG
[05:19:42] [139/322] GLCA
[05:19:44] [140/322] APAS
[05:19:45] [141/322] VCIA
[05:19:46] [142/322] SJTA
[05:19:46] [143/322] SABM
[05:19:47] [144/322] PPAG
[05:19:48] 🔄 Identity reset
[05:19:48] 🔄 Identity rotated (every 10 requests)
[05:19:49] [145/322] RVCA
[05:19:51] [146/322] CCIA
[05:19:52] [147/322] HTAG
[05:19:53] [148/322] SMBI
[05:19:54] [149/322] MCJR
[05:19:55] [150/322] CCJR
[05:19:57] [151/322] SINF
[05:19:58] [152/322] CPLX
[05:19:59] [153/322] KKTJ
[05:20:00] [154/322] GDBW
[05:20:00] 🔄 Identity reset
[05:20:00] 🔄 Identity rotated (every 10 requests)
[05:20:00] 🔄 Retry 1/5 for GDBW in 2.9s
[05:20:00] 🔄 Identity reset
[05:20:03] 🧠 New identity created
[05:20:03] 🔄 Retry 2/5 for GDBW in 4.3s
[05:20:03] 🔄 Identity reset
[05:20:08] 🧠 New identity created
[05:20:09] [155/322] CSUB
[05:20:10] [156/322] DABA
[05:20:11] [157/322] TITR
[05:20:12] [158/322] NYCR
[05:20:13] [159/322] RTRY
[05:20:13] [160/322] JTJL
[05:20:14] [161/322] SJCP
[05:20:15] [162/322] KCCA
[05:20:16] 🔄 Identity reset
[05:20:16] 🔄 Identity rotated (every 10 requests)
[05:20:16] 🔄 Retry 1/5 for KCCA in 2.7s
[05:20:16] 🔄 Identity reset
[05:20:19] 🧠 New identity created
[05:20:19] 🔄 Retry 2/5 for KCCA in 4.9s
[05:20:19] 🔄 Identity reset
[05:20:24] 🧠 New identity created
[05:20:24] [163/322] MLPG
[05:20:25] [164/322] VRCK
[05:20:26] [165/322] SRIN
[05:20:27] [166/322] CXMK
[05:20:28] [167/322] SKAD
[05:20:29] [168/322] AVTR
[05:20:30] [169/322] PTAJ
[05:20:31] [170/322] SCNK
[05:20:32] 🔄 Identity reset
[05:20:32] 🔄 Identity rotated (every 10 requests)
[05:20:32] [171/322] STTI
[05:20:33] [172/322] KACR
[05:20:34] [173/322] SSDX
[05:20:35] [174/322] VRTJ
[05:20:36] [175/322] RAJD
[05:20:37] [176/322] SCIP
[05:20:39] [177/322] RJSL
[05:20:40] [178/322] ARRS
[05:20:40] [179/322] ASMS
[05:20:42] [180/322] RDTS
[05:20:43] 🔄 Identity reset
[05:20:43] 🔄 Identity rotated (every 10 requests)
[05:20:43] 🔄 Retry 1/5 for RDTS in 3.0s
[05:20:43] 🔄 Identity reset
[05:20:46] 🧠 New identity created
[05:20:46] [181/322] DVMY
[05:20:47] [182/322] RASA
[05:20:48] [183/322] INOM
[05:20:50] [184/322] SPRS
[05:20:51] [185/322] SGCS
[05:20:52] [186/322] SALM
[05:20:54] [187/322] PKHC
[05:20:55] [188/322] RCSV
[05:20:56] [189/322] CPKC
[05:20:57] 🔄 Identity reset
[05:20:57] 🔄 Identity rotated (every 10 requests)
[05:20:57] [190/322] AACD
[05:20:58] [191/322] GGCV
[05:20:59] [192/322] SMKD
[05:21:00] [193/322] NBCH
[05:21:01] [194/322] AMCB
[05:21:01] [195/322] OPCN
[05:21:03] [196/322] DCIN
[05:21:04] [197/322] INGW
[05:21:05] [198/322] PKKW
[05:21:07] [199/322] FNGW
[05:21:08] 🔄 Identity reset
[05:21:08] 🔄 Identity rotated (every 10 requests)
[05:21:08] [200/322] GCGD
[05:21:09] [201/322] MSTW
[05:21:10] [202/322] KCCG
[05:21:11] [203/322] MRSS
[05:21:12] [204/322] CLCF
[05:21:12] [205/322] EETS
[05:21:13] [206/322] AATR
[05:21:14] [207/322] CMMN
[05:21:15] [208/322] SCCJ
[05:21:16] [209/322] CDTK
[05:21:17] 🔄 Identity reset
[05:21:17] 🔄 Identity rotated (every 10 requests)
[05:21:17] [210/322] AICP
[05:21:19] [211/322] FNBP
[05:21:20] [212/322] CBPB
[05:21:22] [213/322] CPAS
[05:21:22] [214/322] MAPM
[05:21:23] [215/322] PASD
[05:21:25] [216/322] JCMN
[05:21:26] [217/322] MALB
[05:21:27] [218/322] SACG
[05:21:28] [219/322] DDRX
[05:21:28] 🔄 Identity reset
[05:21:28] 🔄 Identity rotated (every 10 requests)
[05:21:29] [220/322] DDXB
[05:21:29] [221/322] RAMC
[05:21:30] [222/322] SANC
[05:21:31] [223/322] BCBP
[05:21:32] [224/322] ALPC
[05:21:34] [225/322] RBAC
[05:21:36] [226/322] RAJL
[05:21:37] [227/322] MPDX
[05:21:38] [228/322] MUSC
[05:21:38] [229/322] VKMK
[05:21:39] 🔄 Identity reset
[05:21:39] 🔄 Identity rotated (every 10 requests)
[05:21:39] [230/322] SKCG
[05:21:40] [231/322] ANCN
[05:21:41] [232/322] MMCJ
[05:21:42] [233/322] DCAK
[05:21:43] [234/322] SCKG
[05:21:45] [235/322] LMCK
[05:21:46] [236/322] CKKX
[05:21:47] [237/322] ANKU
[05:21:48] [238/322] CSMD
[05:21:49] [239/322] MKMP
[05:21:49] 🔄 Identity reset
[05:21:49] 🔄 Identity rotated (every 10 requests)
[05:21:49] 🔄 Retry 1/5 for MKMP in 2.2s
[05:21:49] 🔄 Identity reset
[05:21:51] 🧠 New identity created
[05:21:52] [240/322] SVBG
[05:21:53] [241/322] ROOP
[05:21:53] [242/322] GDMT
[05:21:55] [243/322] FPPF
[05:21:56] [244/322] SFUU
[05:21:57] [245/322] ANCB
[05:21:58] [246/322] SMMC
[05:21:59] [247/322] UGKT
[05:22:00] [248/322] JVRM
[05:22:00] 🔄 Identity reset
[05:22:00] 🔄 Identity rotated (every 10 requests)
[05:22:00] 🔄 Retry 1/5 for JVRM in 2.4s
[05:22:00] 🔄 Identity reset
[05:22:03] 🧠 New identity created
[05:22:03] [249/322] BATG
[05:22:04] [250/322] RATE
[05:22:06] [251/322] SKME
[05:22:07] [252/322] LMTP
[05:22:08] [253/322] TCBD
[05:22:09] [254/322] ESBD
[05:22:10] [255/322] GDCU
[05:22:11] [256/322] SNKT
[05:22:12] [257/322] SRNK
[05:22:13] 🔄 Identity reset
[05:22:13] 🔄 Identity rotated (every 10 requests)
[05:22:13] [258/322] SMED
[05:22:14] [259/322] CSQS
[05:22:15] [260/322] ALCS
[05:22:16] [261/322] KCKN
[05:22:17] [262/322] VCCL
[05:22:18] [263/322] MCDA
[05:22:20] [264/322] SHMI
[05:22:21] [265/322] SKHA
[05:22:22] [266/322] SVFK
[05:22:23] [267/322] INVB
[05:22:24] 🔄 Identity reset
[05:22:24] 🔄 Identity rotated (every 10 requests)
[05:22:24] 🔄 Retry 1/5 for INVB in 2.5s
[05:22:24] 🔄 Identity reset
[05:22:26] 🧠 New identity created
[05:22:27] [268/322] MELD
[05:22:28] [269/322] JTYS
[05:22:29] [270/322] INCM
[05:22:30] [271/322] MCDV
[05:22:31] [272/322] KSGK
[05:22:32] [273/322] ICMG
[05:22:33] [274/322] CSCV
[05:22:33] [275/322] STMD
[05:22:34] [276/322] STTR
[05:22:35] 🔄 Identity reset
[05:22:35] 🔄 Identity rotated (every 10 requests)
[05:22:35] [277/322] INVC
[05:22:36] [278/322] JTBL
[05:22:37] [279/322] SRVV
[05:22:38] [280/322] MAVC
[05:22:39] [281/322] SRPP
[05:22:40] [282/322] JGDM
[05:22:42] [283/322] MBSJ
[05:22:43] [284/322] SSLL
[05:22:44] [285/322] SLKP
[05:22:45] [286/322] NSRV
[05:22:46] 🔄 Identity reset
[05:22:46] 🔄 Identity rotated (every 10 requests)
[05:22:46] 🔄 Retry 1/5 for NSRV in 2.1s
[05:22:46] 🔄 Identity reset
[05:22:48] 🧠 New identity created
[05:22:49] [287/322] UTDV
[05:22:50] [288/322] KICM
[05:22:51] [289/322] KCMD
[05:22:53] [290/322] TTPP
[05:22:54] [291/322] KMPV
[05:22:55] [292/322] SKTV
[05:22:56] [293/322] STCV
[05:22:57] [294/322] SRDA
[05:22:58] [295/322] JTSX
[05:22:59] 🔄 Identity reset
[05:22:59] 🔄 Identity rotated (every 10 requests)
[05:22:59] [296/322] STBV
[05:23:01] [297/322] APVZ
[05:23:02] [298/322] GSTV
[05:23:02] [299/322] NMVS
[05:23:03] [300/322] SKRT
[05:23:04] [301/322] RMDV
[05:23:05] [302/322] RATG
[05:23:06] [303/322] SJYV
[05:23:07] [304/322] NDGP
[05:23:08] [305/322] SNDG
[05:23:09] 🔄 Identity reset
[05:23:09] 🔄 Identity rotated (every 10 requests)
[05:23:09] [306/322] INSR
[05:23:10] [307/322] INSO
[05:23:11] [308/322] CCSI
[05:23:12] [309/322] RASM
[05:23:14] [310/322] NEWC
[05:23:15] [311/322] VSHL
[05:23:16] [312/322] BISW
[05:23:17] [313/322] GCNG
[05:23:18] [314/322] CWSC
[05:23:20] [315/322] SKAN
[05:23:20] 🔄 Identity reset
[05:23:20] 🔄 Identity rotated (every 10 requests)
[05:23:21] [316/322] CCOA
[05:23:22] [317/322] MCAJ
[05:23:23] [318/322] ACDE
[05:23:24] [319/322] AACM
[05:23:24] [320/322] JJCK
[05:23:25] [321/322] RCMO
[05:23:26] [322/322] GDAW
[05:23:27] ✅ DONE | Shows=47 | Movies=8
[06:07:02] 🚀 BMS DAILY TRACKER STARTED (enhanced anti‑detection)
[06:07:02] [1/322] CDCA
[06:07:02] 🧠 New identity created
[06:07:02] 🔄 Retry 1/5 for CDCA in 2.8s
[06:07:02] 🔄 Identity reset
[06:07:05] 🧠 New identity created
[06:07:05] [2/322] VBCZ
[06:07:06] [3/322] MSDR
[06:07:07] [4/322] ACPV
[06:07:08] [5/322] PVHB
[06:07:09] [6/322] RCNH
[06:07:10] [7/322] IOMH
[06:07:11] [8/322] ILKS
[06:07:13] [9/322] AMSN
[06:07:13] 🔄 Identity reset
[06:07:13] 🔄 Identity rotated (every 10 requests)
[06:07:13] [10/322] ANTP
[06:07:14] [11/322] SSEK
[06:07:15] [12/322] PICP
[06:07:17] [13/322] SICO
[06:07:18] [14/322] SISP
[06:07:19] [15/322] SCPI
[06:07:19] [16/322] CRPR
[06:07:21] [17/322] DCTW
[06:07:22] [18/322] DCSP
[06:07:23] [19/322] KRPM
[06:07:24] 🔄 Identity reset
[06:07:24] 🔄 Identity rotated (every 10 requests)
[06:07:24] [20/322] THKK
[06:07:26] [21/322] SNMY
[06:07:27] [22/322] AKCC
[06:07:27] [23/322] PCAT
[06:07:28] [24/322] RFGO
[06:07:29] [25/322] GGCS
[06:07:31] [26/322] ACKR
[06:07:32] [27/322] STDO
[06:07:33] [28/322] ACKB
[06:07:34] [29/322] ALUC
[06:07:35] 🔄 Identity reset
[06:07:35] 🔄 Identity rotated (every 10 requests)
[06:07:35] 🔄 Retry 1/5 for ALUC in 2.7s
[06:07:35] 🔄 Identity reset
[06:07:38] 🧠 New identity created
[06:07:38] 🔄 Retry 2/5 for ALUC in 4.3s
[06:07:38] 🔄 Identity reset
[06:07:42] 🧠 New identity created
[06:07:42] 🔄 Retry 3/5 for ALUC in 8.9s
[06:07:42] 🔄 Identity reset
[06:07:51] 🧠 New identity created
[06:07:51] 🔄 Retry 4/5 for ALUC in 16.5s
[06:07:51] 🔄 Identity reset
[06:08:07] 🧠 New identity created
[06:08:07] ❌ ALUC failed after 5 attempts
[06:08:07] 🔄 Identity reset
[06:08:07] ❌ ALUC final failure | RuntimeError | HTTP 403
[06:08:07] [30/322] MNSR
[06:08:08] 🧠 New identity created
[06:08:09] [31/322] CSSL
[06:08:10] [32/322] BGGM
[06:08:11] [33/322] MANT
[06:08:12] [34/322] SOOY
[06:08:13] [35/322] VPPK
[06:08:13] 🔄 Identity reset
[06:08:13] 🔄 Identity rotated (every 10 requests)
[06:08:13] [36/322] MYHJ
[06:08:14] [37/322] KSCK
[06:08:15] [38/322] KATK
[06:08:16] [39/322] RTRT
[06:08:18] [40/322] SSTT
[06:08:19] [41/322] SSTV
[06:08:19] [42/322] LACM
[06:08:20] [43/322] SGMG
[06:08:21] [44/322] KACX
[06:08:22] [45/322] GVCP
[06:08:22] 🔄 Identity reset
[06:08:22] 🔄 Identity rotated (every 10 requests)
[06:08:23] [46/322] CSNC
[06:08:23] [47/322] SXCB
[06:08:24] [48/322] BAHS
[06:08:25] [49/322] PCBI
[06:08:26] [50/322] PSSM
[06:08:27] [51/322] RCOK
[06:08:29] [52/322] SCPF
[06:08:30] [53/322] SSAS
[06:08:31] [54/322] EVMM
[06:08:32] [55/322] SYCB
[06:08:32] 🔄 Identity reset
[06:08:32] 🔄 Identity rotated (every 10 requests)
[06:08:32] 🔄 Retry 1/5 for SYCB in 2.8s
[06:08:32] 🔄 Identity reset
[06:08:35] 🧠 New identity created
[06:08:35] 🔄 Retry 2/5 for SYCB in 4.5s
[06:08:35] 🔄 Identity reset
[06:08:40] 🧠 New identity created
[06:08:40] [56/322] GCKI
[06:08:42] [57/322] IAET
[06:08:43] [58/322] DDTD
[06:08:44] [59/322] GMDH
[06:08:45] [60/322] STLE
[06:08:46] [61/322] JTRA
[06:08:47] [62/322] RPPA
[06:08:48] [63/322] ARUT
[06:08:48] 🔄 Identity reset
[06:08:48] 🔄 Identity rotated (every 10 requests)
[06:08:48] 🔄 Retry 1/5 for ARUT in 2.6s
[06:08:48] 🔄 Identity reset
[06:08:51] 🧠 New identity created
[06:08:51] [64/322] JTVM
[06:08:52] [65/322] SWRH
[06:08:53] [66/322] DCPC
[06:08:53] [67/322] RAPR
[06:08:55] [68/322] GCRT
[06:08:57] [69/322] ATUN
[06:08:58] [70/322] LTRM
[06:08:59] [71/322] TASR
[06:09:00] [72/322] RLLC
[06:09:01] 🔄 Identity reset
[06:09:01] 🔄 Identity rotated (every 10 requests)
[06:09:01] [73/322] MABI
[06:09:02] [74/322] SVHB
[06:09:03] [75/322] NVTB
[06:09:04] [76/322] KCKG
[06:09:05] [77/322] SSRN
[06:09:06] [78/322] VDDC
[06:09:07] [79/322] GKTK
[06:09:08] [80/322] YFSN
[06:09:09] [81/322] GCSG
[06:09:10] [82/322] ESSM
[06:09:11] 🔄 Identity reset
[06:09:11] 🔄 Identity rotated (every 10 requests)
[06:09:11] 🔄 Retry 1/5 for ESSM in 2.3s
[06:09:11] 🔄 Identity reset
[06:09:13] 🧠 New identity created
[06:09:13] 🔄 Retry 2/5 for ESSM in 4.4s
[06:09:13] 🔄 Identity reset
[06:09:18] 🧠 New identity created
[06:09:18] 🔄 Retry 3/5 for ESSM in 9.0s
[06:09:18] 🔄 Identity reset
[06:09:27] 🧠 New identity created
[06:09:27] 🔄 Retry 4/5 for ESSM in 16.1s
[06:09:27] 🔄 Identity reset
[06:09:43] 🧠 New identity created
[06:09:43] [83/322] KRIH
[06:09:45] [84/322] GCDS
[06:09:46] [85/322] CCSH
[06:09:46] [86/322] ACSK
[06:09:47] [87/322] APRK
[06:09:49] [88/322] ADKM
[06:09:50] 🔄 Identity reset
[06:09:50] 🔄 Identity rotated (every 10 requests)
[06:09:50] [89/322] SRDM
[06:09:51] [90/322] SJMY
[06:09:52] [91/322] PGGC
[06:09:52] [92/322] INGM
[06:09:53] [93/322] LSCB
[06:09:54] [94/322] STAD
[06:09:55] [95/322] MCCR
[06:09:56] [96/322] ABCC
[06:09:57] [97/322] RKCC
[06:09:58] [98/322] RTCR
[06:09:58] 🔄 Identity reset
[06:09:58] 🔄 Identity rotated (every 10 requests)
[06:09:58] 🔄 Retry 1/5 for RTCR in 2.8s
[06:09:58] 🔄 Identity reset
[06:10:01] 🧠 New identity created
[06:10:01] [99/322] GGBC
[06:10:02] [100/322] GCSD
[06:10:03] [101/322] LPTY
[06:10:04] [102/322] MCFD
[06:10:05] [103/322] HENN
[06:10:07] [104/322] SMKU
[06:10:08] [105/322] TNZC
[06:10:09] [106/322] DRCD
[06:10:10] [107/322] DLCD
[06:10:11] 🔄 Identity reset
[06:10:11] 🔄 Identity rotated (every 10 requests)
[06:10:11] 🔄 Retry 1/5 for DLCD in 2.5s
[06:10:11] 🔄 Identity reset
[06:10:13] 🧠 New identity created
[06:10:14] [108/322] RCDA
[06:10:15] [109/322] COSM
[06:10:15] [110/322] MCMJ
[06:10:16] [111/322] CSTR
[06:10:18] [112/322] CVDK
[06:10:19] [113/322] INRR
[06:10:20] [114/322] RJRT
[06:10:20] [115/322] IRMR
[06:10:21] [116/322] SRCF
[06:10:22] 🔄 Identity reset
[06:10:22] 🔄 Identity rotated (every 10 requests)
[06:10:22] [117/322] GRCR
[06:10:23] [118/322] SURC
[06:10:24] [119/322] NMNH
[06:10:24] [120/322] SVBL
[06:10:25] [121/322] KACI
[06:10:26] [122/322] TDGO
[06:10:27] [123/322] KTBR
[06:10:28] [124/322] PMAD
[06:10:30] [125/322] CCPN
[06:10:31] [126/322] SBTK
[06:10:31] 🔄 Identity reset
[06:10:31] 🔄 Identity rotated (every 10 requests)
[06:10:31] 🔄 Retry 1/5 for SBTK in 2.2s
[06:10:31] 🔄 Identity reset
[06:10:33] 🧠 New identity created
[06:10:34] 🔄 Retry 2/5 for SBTK in 4.7s
[06:10:34] 🔄 Identity reset
[06:10:38] 🧠 New identity created
[06:10:38] 🔄 Retry 3/5 for SBTK in 8.6s
[06:10:38] 🔄 Identity reset
[06:10:47] 🧠 New identity created
[06:10:47] [127/322] LMDK
[06:10:48] [128/322] PGDA
[06:10:49] [129/322] SRML
[06:10:50] [130/322] EVCK
[06:10:51] [131/322] RTTK
[06:10:52] [132/322] SRTU
[06:10:53] [133/322] VRSA
[06:10:54] 🔄 Identity reset
[06:10:54] 🔄 Identity rotated (every 10 requests)
[06:10:55] [134/322] VARS
[06:10:56] [135/322] DSCZ
[06:10:57] [136/322] GAGA
[06:10:59] [137/322] SARV
[06:11:01] [138/322] SEEG
[06:11:01] [139/322] GLCA
[06:11:02] [140/322] APAS
[06:11:03] [141/322] VCIA
[06:11:04] [142/322] SJTA
[06:11:05] [143/322] SABM
[06:11:06] 🔄 Identity reset
[06:11:06] 🔄 Identity rotated (every 10 requests)
[06:11:06] 🔄 Retry 1/5 for SABM in 2.9s
[06:11:06] 🔄 Identity reset
[06:11:09] 🧠 New identity created
[06:11:09] 🔄 Retry 2/5 for SABM in 4.4s
[06:11:09] 🔄 Identity reset
[06:11:13] 🧠 New identity created
[06:11:14] [144/322] PPAG
[06:11:16] [145/322] RVCA
[06:11:17] [146/322] CCIA
[06:11:18] [147/322] HTAG
[06:11:20] [148/322] SMBI
[06:11:22] [149/322] MCJR
[06:11:22] [150/322] CCJR
[06:11:24] [151/322] SINF
[06:11:25] 🔄 Identity reset
[06:11:25] 🔄 Identity rotated (every 10 requests)
[06:11:25] [152/322] CPLX
[06:11:27] [153/322] KKTJ
[06:11:28] [154/322] GDBW
[06:11:28] [155/322] CSUB
[06:11:30] [156/322] DABA
[06:11:31] [157/322] TITR
[06:11:32] [158/322] NYCR
[06:11:33] [159/322] RTRY
[06:11:34] [160/322] JTJL
[06:11:34] [161/322] SJCP
[06:11:35] 🔄 Identity reset
[06:11:35] 🔄 Identity rotated (every 10 requests)
[06:11:35] [162/322] KCCA
[06:11:36] [163/322] MLPG
[06:11:37] [164/322] VRCK
[06:11:38] [165/322] SRIN
[06:11:39] [166/322] CXMK
[06:11:40] [167/322] SKAD
[06:11:42] [168/322] AVTR
[06:11:43] [169/322] PTAJ
[06:11:43] [170/322] SCNK
[06:11:44] [171/322] STTI
[06:11:45] 🔄 Identity reset
[06:11:45] 🔄 Identity rotated (every 10 requests)
[06:11:45] 🔄 Retry 1/5 for STTI in 2.2s
[06:11:45] 🔄 Identity reset
[06:11:47] 🧠 New identity created
[06:11:47] 🔄 Retry 2/5 for STTI in 4.8s
[06:11:47] 🔄 Identity reset
[06:11:52] 🧠 New identity created
[06:11:52] 🔄 Retry 3/5 for STTI in 8.2s
[06:11:52] 🔄 Identity reset
[06:12:01] 🧠 New identity created
[06:12:01] 🔄 Retry 4/5 for STTI in 16.0s
[06:12:01] 🔄 Identity reset
[06:12:17] 🧠 New identity created
[06:12:17] ❌ STTI failed after 5 attempts
[06:12:17] 🔄 Identity reset
[06:12:17] ❌ STTI final failure | RuntimeError | HTTP 403
[06:12:17] [172/322] KACR
[06:12:17] 🧠 New identity created
[06:12:18] [173/322] SSDX
[06:12:19] [174/322] VRTJ
[06:12:21] [175/322] RAJD
[06:12:22] [176/322] SCIP
[06:12:22] [177/322] RJSL
[06:12:23] 🔄 Identity reset
[06:12:23] 🔄 Identity rotated (every 10 requests)
[06:12:23] 🔄 Retry 1/5 for RJSL in 2.3s
[06:12:23] 🔄 Identity reset
[06:12:25] 🧠 New identity created
[06:12:26] [178/322] ARRS
[06:12:27] [179/322] ASMS
[06:12:27] [180/322] RDTS
[06:12:28] [181/322] DVMY
[06:12:29] [182/322] RASA
[06:12:30] [183/322] INOM
[06:12:31] [184/322] SPRS
[06:12:32] [185/322] SGCS
[06:12:33] [186/322] SALM
[06:12:33] 🔄 Identity reset
[06:12:33] 🔄 Identity rotated (every 10 requests)
[06:12:33] 🔄 Retry 1/5 for SALM in 2.3s
[06:12:33] 🔄 Identity reset
[06:12:36] 🧠 New identity created
[06:12:37] [187/322] PKHC
[06:12:37] [188/322] RCSV
[06:12:38] [189/322] CPKC
[06:12:39] [190/322] AACD
[06:12:40] [191/322] GGCV
[06:12:41] [192/322] SMKD
[06:12:42] [193/322] NBCH
[06:12:43] [194/322] AMCB
[06:12:44] [195/322] OPCN
[06:12:45] 🔄 Identity reset
[06:12:45] 🔄 Identity rotated (every 10 requests)
[06:12:45] [196/322] DCIN
[06:12:46] [197/322] INGW
[06:12:47] [198/322] PKKW
[06:12:47] [199/322] FNGW
[06:12:48] [200/322] GCGD
[06:12:49] [201/322] MSTW
[06:12:50] [202/322] KCCG
[06:12:51] [203/322] MRSS
[06:12:52] [204/322] CLCF
[06:12:54] [205/322] EETS
[06:12:55] 🔄 Identity reset
[06:12:55] 🔄 Identity rotated (every 10 requests)
[06:12:55] [206/322] AATR
[06:12:56] [207/322] CMMN
[06:12:57] [208/322] SCCJ
[06:12:58] [209/322] CDTK
[06:12:59] [210/322] AICP
[06:13:00] [211/322] FNBP
[06:13:01] [212/322] CBPB
[06:13:02] [213/322] CPAS
[06:13:03] [214/322] MAPM
[06:13:04] [215/322] PASD
[06:13:05] 🔄 Identity reset
[06:13:05] 🔄 Identity rotated (every 10 requests)
[06:13:06] [216/322] JCMN
[06:13:06] [217/322] MALB
[06:13:07] [218/322] SACG
[06:13:08] [219/322] DDRX
[06:13:09] [220/322] DDXB
[06:13:10] [221/322] RAMC
[06:13:12] [222/322] SANC
[06:13:13] [223/322] BCBP
[06:13:14] [224/322] ALPC
[06:13:15] [225/322] RBAC
[06:13:16] 🔄 Identity reset
[06:13:16] 🔄 Identity rotated (every 10 requests)
[06:13:16] [226/322] RAJL
[06:13:17] [227/322] MPDX
[06:13:18] [228/322] MUSC
[06:13:19] [229/322] VKMK
[06:13:20] [230/322] SKCG
[06:13:21] [231/322] ANCN
[06:13:22] [232/322] MMCJ
[06:13:23] [233/322] DCAK
[06:13:23] [234/322] SCKG
[06:13:24] [235/322] LMCK
[06:13:25] 🔄 Identity reset
[06:13:25] 🔄 Identity rotated (every 10 requests)
[06:13:25] 🔄 Retry 1/5 for LMCK in 3.0s
[06:13:25] 🔄 Identity reset
[06:13:28] 🧠 New identity created
[06:13:28] [236/322] CKKX
[06:13:29] [237/322] ANKU
[06:13:30] [238/322] CSMD
[06:13:31] [239/322] MKMP
[06:13:33] [240/322] SVBG
[06:13:34] [241/322] ROOP
[06:13:34] [242/322] GDMT
[06:13:35] [243/322] FPPF
[06:13:36] [244/322] SFUU
[06:13:37] 🔄 Identity reset
[06:13:37] 🔄 Identity rotated (every 10 requests)
[06:13:37] 🔄 Retry 1/5 for SFUU in 2.2s
[06:13:37] 🔄 Identity reset
[06:13:39] 🧠 New identity created
[06:13:40] [245/322] ANCB
[06:13:40] [246/322] SMMC
[06:13:41] [247/322] UGKT
[06:13:42] [248/322] JVRM
[06:13:43] [249/322] BATG
[06:13:44] [250/322] RATE
[06:13:45] [251/322] SKME
[06:13:45] [252/322] LMTP
[06:13:46] [253/322] TCBD
[06:13:47] 🔄 Identity reset
[06:13:47] 🔄 Identity rotated (every 10 requests)
[06:13:48] [254/322] ESBD
[06:13:49] [255/322] GDCU
[06:13:50] [256/322] SNKT
[06:13:51] [257/322] SRNK
[06:13:52] [258/322] SMED
[06:13:53] [259/322] CSQS
[06:13:54] [260/322] ALCS
[06:13:55] [261/322] KCKN
[06:13:56] [262/322] VCCL
[06:13:57] [263/322] MCDA
[06:13:58] 🔄 Identity reset
[06:13:58] 🔄 Identity rotated (every 10 requests)
[06:13:58] [264/322] SHMI
[06:13:59] [265/322] SKHA
[06:14:00] [266/322] SVFK
[06:14:02] [267/322] INVB
[06:14:03] [268/322] MELD
[06:14:04] [269/322] JTYS
[06:14:04] [270/322] INCM
[06:14:05] [271/322] MCDV
[06:14:06] [272/322] KSGK
[06:14:07] [273/322] ICMG
[06:14:08] 🔄 Identity reset
[06:14:08] 🔄 Identity rotated (every 10 requests)
[06:14:08] [274/322] CSCV
[06:14:09] [275/322] STMD
[06:14:11] [276/322] STTR
[06:14:12] [277/322] INVC
[06:14:13] [278/322] JTBL
[06:14:15] [279/322] SRVV
[06:14:16] [280/322] MAVC
[06:14:17] [281/322] SRPP
[06:14:18] [282/322] JGDM
[06:14:20] [283/322] MBSJ
[06:14:20] 🔄 Identity reset
[06:14:20] 🔄 Identity rotated (every 10 requests)
[06:14:21] [284/322] SSLL
[06:14:22] [285/322] SLKP
[06:14:23] [286/322] NSRV
[06:14:24] [287/322] UTDV
[06:14:25] [288/322] KICM
[06:14:25] [289/322] KCMD
[06:14:26] [290/322] TTPP
[06:14:27] [291/322] KMPV
[06:14:28] [292/322] SKTV
[06:14:30] [293/322] STCV
[06:14:30] 🔄 Identity reset
[06:14:30] 🔄 Identity rotated (every 10 requests)
[06:14:30] [294/322] SRDA
[06:14:31] [295/322] JTSX
[06:14:32] [296/322] STBV
[06:14:33] [297/322] APVZ
[06:14:34] [298/322] GSTV
[06:14:36] [299/322] NMVS
[06:14:36] [300/322] SKRT
[06:14:37] [301/322] RMDV
[06:14:38] [302/322] RATG
[06:14:39] [303/322] SJYV
[06:14:40] 🔄 Identity reset
[06:14:40] 🔄 Identity rotated (every 10 requests)
[06:14:40] 🔄 Retry 1/5 for SJYV in 2.7s
[06:14:40] 🔄 Identity reset
[06:14:43] 🧠 New identity created
[06:14:43] [304/322] NDGP
[06:14:45] [305/322] SNDG
[06:14:45] [306/322] INSR
[06:14:46] [307/322] INSO
[06:14:48] [308/322] CCSI
[06:14:49] [309/322] RASM
[06:14:50] [310/322] NEWC
[06:14:51] [311/322] VSHL
[06:14:52] [312/322] BISW
[06:14:52] 🔄 Identity reset
[06:14:52] 🔄 Identity rotated (every 10 requests)
[06:14:52] [313/322] GCNG
[06:14:54] [314/322] CWSC
[06:14:55] [315/322] SKAN
[06:14:55] [316/322] CCOA
[06:14:56] [317/322] MCAJ
[06:14:57] [318/322] ACDE
[06:14:59] [319/322] AACM
[06:15:00] [320/322] JJCK
[06:15:01] [321/322] RCMO
[06:15:02] [322/322] GDAW
[06:15:02] 🔄 Identity reset
[06:15:02] 🔄 Identity rotated (every 10 requests)
[06:15:02] 🔄 Retry 1/5 for GDAW in 2.1s
[06:15:02] 🔄 Identity reset
[06:15:04] 🧠 New identity created
[06:15:05] 🔁 RETRY ROUND 1 | Remaining: 2
[06:15:05] [RETRY-1] STTI
[06:15:08] [RETRY-1] ALUC
[06:15:10] ✅ DONE | Shows=113 | Movies=16
[07:07:07] 🚀 BMS DAILY TRACKER STARTED (enhanced anti‑detection)
[07:07:07] [1/322] CDCA
[07:07:07] 🧠 New identity created
[07:07:07] [2/322] VBCZ
[07:07:08] [3/322] MSDR
[07:07:09] [4/322] ACPV
[07:07:09] [5/322] PVHB
[07:07:10] [6/322] RCNH
[07:07:11] [7/322] IOMH
[07:07:11] [8/322] ILKS
[07:07:12] [9/322] AMSN
[07:07:13] [10/322] ANTP
[07:07:13] 🔄 Identity reset
[07:07:13] 🔄 Identity rotated (every 10 requests)
[07:07:13] 🔄 Retry 1/5 for ANTP in 2.5s
[07:07:13] 🔄 Identity reset
[07:07:16] 🧠 New identity created
[07:07:16] [11/322] SSEK
[07:07:16] [12/322] PICP
[07:07:17] [13/322] SICO
[07:07:18] [14/322] SISP
[07:07:18] [15/322] SCPI
[07:07:19] [16/322] CRPR
[07:07:19] [17/322] DCTW
[07:07:20] [18/322] DCSP
[07:07:21] [19/322] KRPM
[07:07:22] 🔄 Identity reset
[07:07:22] 🔄 Identity rotated (every 10 requests)
[07:07:22] 🔄 Retry 1/5 for KRPM in 2.3s
[07:07:22] 🔄 Identity reset
[07:07:24] 🧠 New identity created
[07:07:24] 🔄 Retry 2/5 for KRPM in 4.8s
[07:07:24] 🔄 Identity reset
[07:07:29] 🧠 New identity created
[07:07:29] [20/322] THKK
[07:07:30] [21/322] SNMY
[07:07:30] [22/322] AKCC
[07:07:31] [23/322] PCAT
[07:07:31] [24/322] RFGO
[07:07:32] [25/322] GGCS
[07:07:32] [26/322] ACKR
[07:07:33] [27/322] STDO
[07:07:33] 🔄 Identity reset
[07:07:33] 🔄 Identity rotated (every 10 requests)
[07:07:34] 🔄 Retry 1/5 for STDO in 2.6s
[07:07:34] 🔄 Identity reset
[07:07:36] 🧠 New identity created
[07:07:36] 🔄 Retry 2/5 for STDO in 4.3s
[07:07:36] 🔄 Identity reset
[07:07:41] 🧠 New identity created
[07:07:41] 🔄 Retry 3/5 for STDO in 9.0s
[07:07:41] 🔄 Identity reset
[07:07:50] 🧠 New identity created
[07:07:50] 🔄 Retry 4/5 for STDO in 16.5s
[07:07:50] 🔄 Identity reset
[07:08:06] 🧠 New identity created
[07:08:06] ❌ STDO failed after 5 attempts
[07:08:06] 🔄 Identity reset
[07:08:06] ❌ STDO final failure | RuntimeError | HTTP 403
[07:08:06] [28/322] ACKB
[07:08:07] 🧠 New identity created
[07:08:07] [29/322] ALUC
[07:08:08] [30/322] MNSR
[07:08:08] [31/322] CSSL
[07:08:09] [32/322] BGGM
[07:08:09] [33/322] MANT
[07:08:10] 🔄 Identity reset
[07:08:10] 🔄 Identity rotated (every 10 requests)
[07:08:10] [34/322] SOOY
[07:08:11] [35/322] VPPK
[07:08:11] [36/322] MYHJ
[07:08:12] [37/322] KSCK
[07:08:12] [38/322] KATK
[07:08:13] [39/322] RTRT
[07:08:14] [40/322] SSTT
[07:08:14] [41/322] SSTV
[07:08:15] [42/322] LACM
[07:08:15] [43/322] SGMG
[07:08:16] 🔄 Identity reset
[07:08:16] 🔄 Identity rotated (every 10 requests)
[07:08:16] 🔄 Retry 1/5 for SGMG in 2.0s
[07:08:16] 🔄 Identity reset
[07:08:18] 🧠 New identity created
[07:08:18] [44/322] KACX
[07:08:19] [45/322] GVCP
[07:08:19] [46/322] CSNC
[07:08:20] [47/322] SXCB
[07:08:21] [48/322] BAHS
[07:08:21] [49/322] PCBI
[07:08:22] [50/322] PSSM
[07:08:23] [51/322] RCOK
[07:08:23] [52/322] SCPF
[07:08:24] 🔄 Identity reset
[07:08:24] 🔄 Identity rotated (every 10 requests)
[07:08:24] 🔄 Retry 1/5 for SCPF in 3.0s
[07:08:24] 🔄 Identity reset
[07:08:27] 🧠 New identity created
[07:08:27] 🔄 Retry 2/5 for SCPF in 4.9s
[07:08:27] 🔄 Identity reset
[07:08:32] 🧠 New identity created
[07:08:32] 🔄 Retry 3/5 for SCPF in 8.5s
[07:08:32] 🔄 Identity reset
[07:08:41] 🧠 New identity created
[07:08:41] [53/322] SSAS
[07:08:41] [54/322] EVMM
[07:08:42] [55/322] SYCB
[07:08:43] [56/322] GCKI
[07:08:43] [57/322] IAET
[07:08:44] [58/322] DDTD
[07:08:44] [59/322] GMDH
[07:08:45] 🔄 Identity reset
[07:08:45] 🔄 Identity rotated (every 10 requests)
[07:08:45] 🔄 Retry 1/5 for GMDH in 2.2s
[07:08:45] 🔄 Identity reset
[07:08:47] 🧠 New identity created
[07:08:47] [60/322] STLE
[07:08:48] [61/322] JTRA
[07:08:48] [62/322] RPPA
[07:08:49] [63/322] ARUT
[07:08:50] [64/322] JTVM
[07:08:50] [65/322] SWRH
[07:08:51] [66/322] DCPC
[07:08:51] [67/322] RAPR
[07:08:52] [68/322] GCRT
[07:08:53] 🔄 Identity reset
[07:08:53] 🔄 Identity rotated (every 10 requests)
[07:08:53] [69/322] ATUN
[07:08:53] [70/322] LTRM
[07:08:54] [71/322] TASR
[07:08:55] [72/322] RLLC
[07:08:55] [73/322] MABI
[07:08:56] [74/322] SVHB
[07:08:56] [75/322] NVTB
[07:08:57] [76/322] KCKG
[07:08:58] [77/322] SSRN
[07:08:59] [78/322] VDDC
[07:08:59] 🔄 Identity reset
[07:08:59] 🔄 Identity rotated (every 10 requests)
[07:08:59] 🔄 Retry 1/5 for VDDC in 2.3s
[07:08:59] 🔄 Identity reset
[07:09:02] 🧠 New identity created
[07:09:02] 🔄 Retry 2/5 for VDDC in 4.4s
[07:09:02] 🔄 Identity reset
[07:09:06] 🧠 New identity created
[07:09:06] [79/322] GKTK
[07:09:07] [80/322] YFSN
[07:09:07] [81/322] GCSG
[07:09:08] [82/322] ESSM
[07:09:09] [83/322] KRIH
[07:09:09] [84/322] GCDS
[07:09:10] [85/322] CCSH
[07:09:11] [86/322] ACSK
[07:09:11] 🔄 Identity reset
[07:09:11] 🔄 Identity rotated (every 10 requests)
[07:09:11] 🔄 Retry 1/5 for ACSK in 2.7s
[07:09:11] 🔄 Identity reset
[07:09:14] 🧠 New identity created
[07:09:14] [87/322] APRK
[07:09:15] [88/322] ADKM
[07:09:15] [89/322] SRDM
[07:09:16] [90/322] SJMY
[07:09:16] [91/322] PGGC
[07:09:17] [92/322] INGM
[07:09:18] [93/322] LSCB
[07:09:19] [94/322] STAD
[07:09:19] [95/322] MCCR
[07:09:20] 🔄 Identity reset
[07:09:20] 🔄 Identity rotated (every 10 requests)
[07:09:20] [96/322] ABCC
[07:09:21] [97/322] RKCC
[07:09:21] [98/322] RTCR
[07:09:22] [99/322] GGBC
[07:09:22] [100/322] GCSD
[07:09:23] [101/322] LPTY
[07:09:24] [102/322] MCFD
[07:09:24] [103/322] HENN
[07:09:25] [104/322] SMKU
[07:09:25] [105/322] TNZC
[07:09:26] 🔄 Identity reset
[07:09:26] 🔄 Identity rotated (every 10 requests)
[07:09:26] 🔄 Retry 1/5 for TNZC in 2.3s
[07:09:26] 🔄 Identity reset
[07:09:28] 🧠 New identity created
[07:09:28] 🔄 Retry 2/5 for TNZC in 4.2s
[07:09:28] 🔄 Identity reset
[07:09:33] 🧠 New identity created
[07:09:33] [106/322] DRCD
[07:09:33] [107/322] DLCD
[07:09:34] [108/322] RCDA
[07:09:34] [109/322] COSM
[07:09:35] [110/322] MCMJ
[07:09:36] [111/322] CSTR
[07:09:36] [112/322] CVDK
[07:09:37] [113/322] INRR
[07:09:37] 🔄 Identity reset
[07:09:37] 🔄 Identity rotated (every 10 requests)
[07:09:38] [114/322] RJRT
[07:09:38] [115/322] IRMR
[07:09:39] [116/322] SRCF
[07:09:39] [117/322] GRCR
[07:09:40] [118/322] SURC
[07:09:41] [119/322] NMNH
[07:09:42] [120/322] SVBL
[07:09:42] [121/322] KACI
[07:09:43] [122/322] TDGO
[07:09:43] [123/322] KTBR
[07:09:44] 🔄 Identity reset
[07:09:44] 🔄 Identity rotated (every 10 requests)
[07:09:44] [124/322] PMAD
[07:09:45] [125/322] CCPN
[07:09:46] [126/322] SBTK
[07:09:46] [127/322] LMDK
[07:09:47] [128/322] PGDA
[07:09:48] [129/322] SRML
[07:09:48] [130/322] EVCK
[07:09:49] [131/322] RTTK
[07:09:50] [132/322] SRTU
[07:09:50] [133/322] VRSA
[07:09:51] 🔄 Identity reset
[07:09:51] 🔄 Identity rotated (every 10 requests)
[07:09:51] [134/322] VARS
[07:09:52] [135/322] DSCZ
[07:09:52] [136/322] GAGA
[07:09:53] [137/322] SARV
[07:09:54] [138/322] SEEG
[07:09:54] [139/322] GLCA
[07:09:55] [140/322] APAS
[07:09:56] [141/322] VCIA
[07:09:56] [142/322] SJTA
[07:09:57] [143/322] SABM
[07:09:58] 🔄 Identity reset
[07:09:58] 🔄 Identity rotated (every 10 requests)
[07:09:58] [144/322] PPAG
[07:09:58] [145/322] RVCA
[07:09:59] [146/322] CCIA
[07:09:59] [147/322] HTAG
[07:10:00] [148/322] SMBI
[07:10:01] [149/322] MCJR
[07:10:02] [150/322] CCJR
[07:10:02] [151/322] SINF
[07:10:03] [152/322] CPLX
[07:10:03] [153/322] KKTJ
[07:10:04] 🔄 Identity reset
[07:10:04] 🔄 Identity rotated (every 10 requests)
[07:10:04] 🔄 Retry 1/5 for KKTJ in 2.1s
[07:10:04] 🔄 Identity reset
[07:10:06] 🧠 New identity created
[07:10:06] [154/322] GDBW
[07:10:07] [155/322] CSUB
[07:10:08] [156/322] DABA
[07:10:09] [157/322] TITR
[07:10:09] [158/322] NYCR
[07:10:10] [159/322] RTRY
[07:10:11] [160/322] JTJL
[07:10:11] [161/322] SJCP
[07:10:12] [162/322] KCCA
[07:10:12] 🔄 Identity reset
[07:10:12] 🔄 Identity rotated (every 10 requests)
[07:10:12] [163/322] MLPG
[07:10:13] [164/322] VRCK
[07:10:14] [165/322] SRIN
[07:10:14] [166/322] CXMK
[07:10:15] [167/322] SKAD
[07:10:15] [168/322] AVTR
[07:10:16] [169/322] PTAJ
[07:10:17] [170/322] SCNK
[07:10:18] [171/322] STTI
[07:10:18] [172/322] KACR
[07:10:19] 🔄 Identity reset
[07:10:19] 🔄 Identity rotated (every 10 requests)
[07:10:19] [173/322] SSDX
[07:10:20] [174/322] VRTJ
[07:10:20] [175/322] RAJD
[07:10:21] [176/322] SCIP
[07:10:21] [177/322] RJSL
[07:10:22] [178/322] ARRS
[07:10:22] [179/322] ASMS
[07:10:23] [180/322] RDTS
[07:10:24] [181/322] DVMY
[07:10:24] [182/322] RASA
[07:10:25] 🔄 Identity reset
[07:10:25] 🔄 Identity rotated (every 10 requests)
[07:10:25] 🔄 Retry 1/5 for RASA in 2.9s
[07:10:25] 🔄 Identity reset
[07:10:28] 🧠 New identity created
[07:10:28] 🔄 Retry 2/5 for RASA in 4.6s
[07:10:28] 🔄 Identity reset
[07:10:32] 🧠 New identity created
[07:10:32] [183/322] INOM
[07:10:33] [184/322] SPRS
[07:10:34] [185/322] SGCS
[07:10:34] [186/322] SALM
[07:10:35] [187/322] PKHC
[07:10:35] [188/322] RCSV
[07:10:36] [189/322] CPKC
[07:10:36] [190/322] AACD
[07:10:37] 🔄 Identity reset
[07:10:37] 🔄 Identity rotated (every 10 requests)
[07:10:37] [191/322] GGCV
[07:10:38] [192/322] SMKD
[07:10:39] [193/322] NBCH
[07:10:39] [194/322] AMCB
[07:10:40] [195/322] OPCN
[07:10:41] [196/322] DCIN
[07:10:42] [197/322] INGW
[07:10:42] [198/322] PKKW
[07:10:43] [199/322] FNGW
[07:10:43] [200/322] GCGD
[07:10:44] 🔄 Identity reset
[07:10:44] 🔄 Identity rotated (every 10 requests)
[07:10:44] [201/322] MSTW
[07:10:45] [202/322] KCCG
[07:10:46] [203/322] MRSS
[07:10:46] [204/322] CLCF
[07:10:47] [205/322] EETS
[07:10:47] [206/322] AATR
[07:10:48] [207/322] CMMN
[07:10:49] [208/322] SCCJ
[07:10:50] [209/322] CDTK
[07:10:50] [210/322] AICP
[07:10:51] 🔄 Identity reset
[07:10:51] 🔄 Identity rotated (every 10 requests)
[07:10:51] 🔄 Retry 1/5 for AICP in 2.7s
[07:10:51] 🔄 Identity reset
[07:10:53] 🧠 New identity created
[07:10:54] 🔄 Retry 2/5 for AICP in 4.0s
[07:10:54] 🔄 Identity reset
[07:10:58] 🧠 New identity created
[07:10:58] 🔄 Retry 3/5 for AICP in 8.3s
[07:10:58] 🔄 Identity reset
[07:11:06] 🧠 New identity created
[07:11:06] [211/322] FNBP
[07:11:07] [212/322] CBPB
[07:11:07] [213/322] CPAS
[07:11:08] [214/322] MAPM
[07:11:09] [215/322] PASD
[07:11:10] [216/322] JCMN
[07:11:10] [217/322] MALB
[07:11:11] 🔄 Identity reset
[07:11:11] 🔄 Identity rotated (every 10 requests)
[07:11:11] 🔄 Retry 1/5 for MALB in 2.1s
[07:11:11] 🔄 Identity reset
[07:11:13] 🧠 New identity created
[07:11:13] [218/322] SACG
[07:11:14] [219/322] DDRX
[07:11:14] [220/322] DDXB
[07:11:15] [221/322] RAMC
[07:11:15] [222/322] SANC
[07:11:16] [223/322] BCBP
[07:11:17] [224/322] ALPC
[07:11:17] [225/322] RBAC
[07:11:18] [226/322] RAJL
[07:11:18] 🔄 Identity reset
[07:11:18] 🔄 Identity rotated (every 10 requests)
[07:11:18] [227/322] MPDX
[07:11:19] [228/322] MUSC
[07:11:20] [229/322] VKMK
[07:11:21] [230/322] SKCG
[07:11:21] [231/322] ANCN
[07:11:22] [232/322] MMCJ
[07:11:22] [233/322] DCAK
[07:11:23] [234/322] SCKG
[07:11:24] [235/322] LMCK
[07:11:24] [236/322] CKKX
[07:11:25] 🔄 Identity reset
[07:11:25] 🔄 Identity rotated (every 10 requests)
[07:11:25] 🔄 Retry 1/5 for CKKX in 2.9s
[07:11:25] 🔄 Identity reset
[07:11:28] 🧠 New identity created
[07:11:28] [237/322] ANKU
[07:11:28] [238/322] CSMD
[07:11:29] [239/322] MKMP
[07:11:30] [240/322] SVBG
[07:11:30] [241/322] ROOP
[07:11:31] [242/322] GDMT
[07:11:32] [243/322] FPPF
[07:11:33] [244/322] SFUU
[07:11:34] [245/322] ANCB
[07:11:34] 🔄 Identity reset
[07:11:34] 🔄 Identity rotated (every 10 requests)
[07:11:34] [246/322] SMMC
[07:11:35] [247/322] UGKT
[07:11:35] [248/322] JVRM
[07:11:36] [249/322] BATG
[07:11:37] [250/322] RATE
[07:11:37] [251/322] SKME
[07:11:38] [252/322] LMTP
[07:11:39] [253/322] TCBD
[07:11:39] [254/322] ESBD
[07:11:40] [255/322] GDCU
[07:11:41] 🔄 Identity reset
[07:11:41] 🔄 Identity rotated (every 10 requests)
[07:11:41] [256/322] SNKT
[07:11:42] [257/322] SRNK
[07:11:42] [258/322] SMED
[07:11:43] [259/322] CSQS
[07:11:43] [260/322] ALCS
[07:11:44] [261/322] KCKN
[07:11:44] [262/322] VCCL
[07:11:45] [263/322] MCDA
[07:11:46] [264/322] SHMI
[07:11:46] [265/322] SKHA
[07:11:47] 🔄 Identity reset
[07:11:47] 🔄 Identity rotated (every 10 requests)
[07:11:47] 🔄 Retry 1/5 for SKHA in 2.7s
[07:11:47] 🔄 Identity reset
[07:11:50] 🧠 New identity created
[07:11:50] [266/322] SVFK
[07:11:50] [267/322] INVB
[07:11:51] [268/322] MELD
[07:11:51] [269/322] JTYS
[07:11:52] [270/322] INCM
[07:11:53] [271/322] MCDV
[07:11:54] [272/322] KSGK
[07:11:54] [273/322] ICMG
[07:11:55] [274/322] CSCV
[07:11:56] 🔄 Identity reset
[07:11:56] 🔄 Identity rotated (every 10 requests)
[07:11:56] [275/322] STMD
[07:11:56] [276/322] STTR
[07:11:57] [277/322] INVC
[07:11:58] [278/322] JTBL
[07:11:58] [279/322] SRVV
[07:11:59] [280/322] MAVC
[07:12:00] [281/322] SRPP
[07:12:01] [282/322] JGDM
[07:12:02] [283/322] MBSJ
[07:12:03] [284/322] SSLL
[07:12:03] 🔄 Identity reset
[07:12:03] 🔄 Identity rotated (every 10 requests)
[07:12:04] [285/322] SLKP
[07:12:04] [286/322] NSRV
[07:12:05] [287/322] UTDV
[07:12:06] [288/322] KICM
[07:12:06] [289/322] KCMD
[07:12:07] [290/322] TTPP
[07:12:08] [291/322] KMPV
[07:12:08] [292/322] SKTV
[07:12:09] [293/322] STCV
[07:12:10] [294/322] SRDA
[07:12:10] 🔄 Identity reset
[07:12:10] 🔄 Identity rotated (every 10 requests)
[07:12:10] [295/322] JTSX
[07:12:11] [296/322] STBV
[07:12:12] [297/322] APVZ
[07:12:12] [298/322] GSTV
[07:12:13] [299/322] NMVS
[07:12:14] [300/322] SKRT
[07:12:15] [301/322] RMDV
[07:12:15] [302/322] RATG
[07:12:16] [303/322] SJYV
[07:12:17] [304/322] NDGP
[07:12:17] 🔄 Identity reset
[07:12:17] 🔄 Identity rotated (every 10 requests)
[07:12:17] [305/322] SNDG
[07:12:18] [306/322] INSR
[07:12:19] [307/322] INSO
[07:12:19] [308/322] CCSI
[07:12:20] [309/322] RASM
[07:12:21] [310/322] NEWC
[07:12:22] [311/322] VSHL
[07:12:22] [312/322] BISW
[07:12:23] [313/322] GCNG
[07:12:24] [314/322] CWSC
[07:12:24] 🔄 Identity reset
[07:12:24] 🔄 Identity rotated (every 10 requests)
[07:12:25] [315/322] SKAN
[07:12:26] [316/322] CCOA
[07:12:27] [317/322] MCAJ
[07:12:27] [318/322] ACDE
[07:12:28] [319/322] AACM
[07:12:29] [320/322] JJCK
[07:12:29] [321/322] RCMO
[07:12:30] [322/322] GDAW
[07:12:30] 🔁 RETRY ROUND 1 | Remaining: 1
[07:12:30] [RETRY-1] STDO
[07:12:33] ✅ DONE | Shows=287 | Movies=34
[08:06:53] 🚀 BMS DAILY TRACKER STARTED (enhanced anti‑detection)
[08:06:53] [1/322] CDCA
[08:06:54] 🧠 New identity created
[08:06:54] [2/322] VBCZ
[08:06:55] [3/322] MSDR
[08:06:56] [4/322] ACPV
[08:06:56] [5/322] PVHB
[08:06:57] [6/322] RCNH
[08:06:58] [7/322] IOMH
[08:06:59] [8/322] ILKS
[08:06:59] [9/322] AMSN
[08:07:00] [10/322] ANTP
[08:07:00] 🔄 Identity reset
[08:07:00] 🔄 Identity rotated (every 10 requests)
[08:07:01] [11/322] SSEK
[08:07:01] [12/322] PICP
[08:07:02] [13/322] SICO
[08:07:03] [14/322] SISP
[08:07:03] [15/322] SCPI
[08:07:04] [16/322] CRPR
[08:07:04] [17/322] DCTW
[08:07:05] [18/322] DCSP
[08:07:06] [19/322] KRPM
[08:07:06] [20/322] THKK
[08:07:07] 🔄 Identity reset
[08:07:07] 🔄 Identity rotated (every 10 requests)
[08:07:07] [21/322] SNMY
[08:07:07] [22/322] AKCC
[08:07:08] [23/322] PCAT
[08:07:09] [24/322] RFGO
[08:07:09] [25/322] GGCS
[08:07:10] [26/322] ACKR
[08:07:10] [27/322] STDO
[08:07:11] [28/322] ACKB
[08:07:12] [29/322] ALUC
[08:07:12] [30/322] MNSR
[08:07:13] 🔄 Identity reset
[08:07:13] 🔄 Identity rotated (every 10 requests)
[08:07:13] [31/322] CSSL
[08:07:14] [32/322] BGGM
[08:07:15] [33/322] MANT
[08:07:16] [34/322] SOOY
[08:07:17] [35/322] VPPK
[08:07:17] [36/322] MYHJ
[08:07:18] [37/322] KSCK
[08:07:19] [38/322] KATK
[08:07:20] [39/322] RTRT
[08:07:21] [40/322] SSTT
[08:07:22] 🔄 Identity reset
[08:07:22] 🔄 Identity rotated (every 10 requests)
[08:07:22] [41/322] SSTV
[08:07:23] [42/322] LACM
[08:07:24] [43/322] SGMG
[08:07:25] [44/322] KACX
[08:07:26] [45/322] GVCP
[08:07:27] [46/322] CSNC
[08:07:27] [47/322] SXCB
[08:07:28] [48/322] BAHS
[08:07:30] [49/322] PCBI
[08:07:30] [50/322] PSSM
[08:07:31] 🔄 Identity reset
[08:07:31] 🔄 Identity rotated (every 10 requests)
[08:07:31] [51/322] RCOK
[08:07:32] [52/322] SCPF
[08:07:33] [53/322] SSAS
[08:07:34] [54/322] EVMM
[08:07:35] [55/322] SYCB
[08:07:36] [56/322] GCKI
[08:07:36] [57/322] IAET
[08:07:37] [58/322] DDTD
[08:07:38] [59/322] GMDH
[08:07:39] [60/322] STLE
[08:07:40] 🔄 Identity reset
[08:07:40] 🔄 Identity rotated (every 10 requests)
[08:07:40] [61/322] JTRA
[08:07:42] [62/322] RPPA
[08:07:42] [63/322] ARUT
[08:07:43] [64/322] JTVM
[08:07:44] [65/322] SWRH
[08:07:45] [66/322] DCPC
[08:07:46] [67/322] RAPR
[08:07:47] [68/322] GCRT
[08:07:48] [69/322] ATUN
[08:07:48] [70/322] LTRM
[08:07:49] 🔄 Identity reset
[08:07:49] 🔄 Identity rotated (every 10 requests)
[08:07:49] [71/322] TASR
[08:07:50] [72/322] RLLC
[08:07:51] [73/322] MABI
[08:07:52] [74/322] SVHB
[08:07:53] [75/322] NVTB
[08:07:54] [76/322] KCKG
[08:07:54] [77/322] SSRN
[08:07:55] [78/322] VDDC
[08:07:57] [79/322] GKTK
[08:07:57] [80/322] YFSN
[08:07:58] 🔄 Identity reset
[08:07:58] 🔄 Identity rotated (every 10 requests)
[08:07:58] 🔄 Retry 1/5 for YFSN in 2.4s
[08:07:58] 🔄 Identity reset
[08:08:00] 🧠 New identity created
[08:08:01] [81/322] GCSG
[08:08:01] [82/322] ESSM
[08:08:02] [83/322] KRIH
[08:08:03] [84/322] GCDS
[08:08:04] [85/322] CCSH
[08:08:06] [86/322] ACSK
[08:08:06] [87/322] APRK
[08:08:07] [88/322] ADKM
[08:08:08] [89/322] SRDM
[08:08:09] 🔄 Identity reset
[08:08:09] 🔄 Identity rotated (every 10 requests)
[08:08:10] [90/322] SJMY
[08:08:11] [91/322] PGGC
[08:08:12] [92/322] INGM
[08:08:12] [93/322] LSCB
[08:08:14] [94/322] STAD
[08:08:14] [95/322] MCCR
[08:08:15] [96/322] ABCC
[08:08:16] [97/322] RKCC
[08:08:17] [98/322] RTCR
[08:08:18] [99/322] GGBC
[08:08:19] 🔄 Identity reset
[08:08:19] 🔄 Identity rotated (every 10 requests)
[08:08:19] [100/322] GCSD
[08:08:20] [101/322] LPTY
[08:08:20] [102/322] MCFD
[08:08:21] [103/322] HENN
[08:08:22] [104/322] SMKU
[08:08:23] [105/322] TNZC
[08:08:24] [106/322] DRCD
[08:08:25] [107/322] DLCD
[08:08:25] [108/322] RCDA
[08:08:26] [109/322] COSM
[08:08:27] 🔄 Identity reset
[08:08:27] 🔄 Identity rotated (every 10 requests)
[08:08:27] [110/322] MCMJ
[08:08:28] [111/322] CSTR
[08:08:29] [112/322] CVDK
[08:08:30] [113/322] INRR
[08:08:30] [114/322] RJRT
[08:08:31] [115/322] IRMR
[08:08:32] [116/322] SRCF
[08:08:33] [117/322] GRCR
[08:08:34] [118/322] SURC
[08:08:35] [119/322] NMNH
[08:08:35] 🔄 Identity reset
[08:08:35] 🔄 Identity rotated (every 10 requests)
[08:08:36] [120/322] SVBL
[08:08:36] [121/322] KACI
[08:08:37] [122/322] TDGO
[08:08:38] [123/322] KTBR
[08:08:39] [124/322] PMAD
[08:08:40] [125/322] CCPN
[08:08:41] [126/322] SBTK
[08:08:42] [127/322] LMDK
[08:08:43] [128/322] PGDA
[08:08:44] [129/322] SRML
[08:08:45] 🔄 Identity reset
[08:08:45] 🔄 Identity rotated (every 10 requests)
[08:08:45] [130/322] EVCK
[08:08:46] [131/322] RTTK
[08:08:47] [132/322] SRTU
[08:08:47] [133/322] VRSA
[08:08:48] [134/322] VARS
[08:08:50] [135/322] DSCZ
[08:08:50] [136/322] GAGA
[08:08:51] [137/322] SARV
[08:08:52] [138/322] SEEG
[08:08:53] [139/322] GLCA
[08:08:54] 🔄 Identity reset
[08:08:54] 🔄 Identity rotated (every 10 requests)
[08:08:55] [140/322] APAS
[08:08:56] [141/322] VCIA
[08:08:56] [142/322] SJTA
[08:08:57] [143/322] SABM
[08:08:58] [144/322] PPAG
[08:08:59] [145/322] RVCA
[08:09:00] [146/322] CCIA
[08:09:00] [147/322] HTAG
[08:09:01] [148/322] SMBI
[08:09:02] [149/322] MCJR
[08:09:03] 🔄 Identity reset
[08:09:03] 🔄 Identity rotated (every 10 requests)
[08:09:03] 🔄 Retry 1/5 for MCJR in 3.0s
[08:09:03] 🔄 Identity reset
[08:09:06] 🧠 New identity created
[08:09:07] [150/322] CCJR
[08:09:08] [151/322] SINF
[08:09:09] [152/322] CPLX
[08:09:09] [153/322] KKTJ
[08:09:10] [154/322] GDBW
[08:09:11] [155/322] CSUB
[08:09:12] [156/322] DABA
[08:09:13] [157/322] TITR
[08:09:14] [158/322] NYCR
[08:09:15] 🔄 Identity reset
[08:09:15] 🔄 Identity rotated (every 10 requests)
[08:09:15] [159/322] RTRY
[08:09:16] [160/322] JTJL
[08:09:17] [161/322] SJCP
[08:09:18] [162/322] KCCA
[08:09:19] [163/322] MLPG
[08:09:20] [164/322] VRCK
[08:09:22] [165/322] SRIN
[08:09:22] [166/322] CXMK
[08:09:23] [167/322] SKAD
[08:09:24] [168/322] AVTR
[08:09:25] 🔄 Identity reset
[08:09:25] 🔄 Identity rotated (every 10 requests)
[08:09:25] 🔄 Retry 1/5 for AVTR in 2.1s
[08:09:25] 🔄 Identity reset
[08:09:27] 🧠 New identity created
[08:09:28] [169/322] PTAJ
[08:09:29] [170/322] SCNK
[08:09:30] [171/322] STTI
[08:09:31] [172/322] KACR
[08:09:31] [173/322] SSDX
[08:09:32] [174/322] VRTJ
[08:09:33] [175/322] RAJD
[08:09:34] [176/322] SCIP
[08:09:35] [177/322] RJSL
[08:09:35] 🔄 Identity reset
[08:09:35] 🔄 Identity rotated (every 10 requests)
[08:09:35] [178/322] ARRS
[08:09:36] [179/322] ASMS
[08:09:37] [180/322] RDTS
[08:09:38] [181/322] DVMY
[08:09:40] [182/322] RASA
[08:09:41] [183/322] INOM
[08:09:42] [184/322] SPRS
[08:09:43] [185/322] SGCS
[08:09:44] [186/322] SALM
[08:09:45] [187/322] PKHC
[08:09:46] 🔄 Identity reset
[08:09:46] 🔄 Identity rotated (every 10 requests)
[08:09:46] [188/322] RCSV
[08:09:47] [189/322] CPKC
[08:09:48] [190/322] AACD
[08:09:48] [191/322] GGCV
[08:09:50] [192/322] SMKD
[08:09:51] [193/322] NBCH
[08:09:52] [194/322] AMCB
[08:09:54] [195/322] OPCN
[08:09:54] [196/322] DCIN
[08:09:55] [197/322] INGW
[08:09:56] 🔄 Identity reset
[08:09:56] 🔄 Identity rotated (every 10 requests)
[08:09:56] [198/322] PKKW
[08:09:57] [199/322] FNGW
[08:09:58] [200/322] GCGD
[08:09:59] [201/322] MSTW
[08:10:00] [202/322] KCCG
[08:10:01] [203/322] MRSS
[08:10:02] [204/322] CLCF
[08:10:03] [205/322] EETS
[08:10:03] [206/322] AATR
[08:10:04] [207/322] CMMN
[08:10:05] 🔄 Identity reset
[08:10:05] 🔄 Identity rotated (every 10 requests)
[08:10:05] [208/322] SCCJ
[08:10:06] [209/322] CDTK
[08:10:07] [210/322] AICP
[08:10:08] [211/322] FNBP
[08:10:09] [212/322] CBPB
[08:10:10] [213/322] CPAS
[08:10:11] [214/322] MAPM
[08:10:12] [215/322] PASD
[08:10:13] [216/322] JCMN
[08:10:14] [217/322] MALB
[08:10:15] 🔄 Identity reset
[08:10:15] 🔄 Identity rotated (every 10 requests)
[08:10:15] [218/322] SACG
[08:10:16] [219/322] DDRX
[08:10:17] [220/322] DDXB
[08:10:18] [221/322] RAMC
[08:10:18] [222/322] SANC
[08:10:19] [223/322] BCBP
[08:10:20] [224/322] ALPC
[08:10:21] [225/322] RBAC
[08:10:22] [226/322] RAJL
[08:10:23] [227/322] MPDX
[08:10:24] 🔄 Identity reset
[08:10:24] 🔄 Identity rotated (every 10 requests)
[08:10:25] [228/322] MUSC
[08:10:25] [229/322] VKMK
[08:10:26] [230/322] SKCG
[08:10:27] [231/322] ANCN
[08:10:28] [232/322] MMCJ
[08:10:29] [233/322] DCAK
[08:10:30] [234/322] SCKG
[08:10:30] [235/322] LMCK
[08:10:31] [236/322] CKKX
[08:10:32] [237/322] ANKU
[08:10:32] 🔄 Identity reset
[08:10:33] 🔄 Identity rotated (every 10 requests)
[08:10:33] 🔄 Retry 1/5 for ANKU in 3.0s
[08:10:33] 🔄 Identity reset
[08:10:36] 🧠 New identity created
[08:10:36] [238/322] CSMD
[08:10:37] [239/322] MKMP
[08:10:38] [240/322] SVBG
[08:10:40] [241/322] ROOP
[08:10:41] [242/322] GDMT
[08:10:41] [243/322] FPPF
[08:10:42] [244/322] SFUU
[08:10:43] [245/322] ANCB
[08:10:44] [246/322] SMMC
[08:10:45] 🔄 Identity reset
[08:10:45] 🔄 Identity rotated (every 10 requests)
[08:10:45] 🔄 Retry 1/5 for SMMC in 2.6s
[08:10:45] 🔄 Identity reset
[08:10:47] 🧠 New identity created
[08:10:48] [247/322] UGKT
[08:10:49] [248/322] JVRM
[08:10:50] [249/322] BATG
[08:10:51] [250/322] RATE
[08:10:51] [251/322] SKME
[08:10:53] [252/322] LMTP
[08:10:54] [253/322] TCBD
[08:10:55] [254/322] ESBD
[08:10:56] [255/322] GDCU
[08:10:56] 🔄 Identity reset
[08:10:56] 🔄 Identity rotated (every 10 requests)
[08:10:57] [256/322] SNKT
[08:10:58] [257/322] SRNK
[08:10:59] [258/322] SMED
[08:11:00] [259/322] CSQS
[08:11:00] [260/322] ALCS
[08:11:01] [261/322] KCKN
[08:11:02] [262/322] VCCL
[08:11:03] [263/322] MCDA
[08:11:04] [264/322] SHMI
[08:11:04] [265/322] SKHA
[08:11:05] 🔄 Identity reset
[08:11:05] 🔄 Identity rotated (every 10 requests)
[08:11:05] [266/322] SVFK
[08:11:06] [267/322] INVB
[08:11:07] [268/322] MELD
[08:11:08] [269/322] JTYS
[08:11:09] [270/322] INCM
[08:11:10] [271/322] MCDV
[08:11:10] [272/322] KSGK
[08:11:11] [273/322] ICMG
[08:11:12] [274/322] CSCV
[08:11:13] [275/322] STMD
[08:11:14] 🔄 Identity reset
[08:11:14] 🔄 Identity rotated (every 10 requests)
[08:11:14] [276/322] STTR
[08:11:15] [277/322] INVC
[08:11:16] [278/322] JTBL
[08:11:17] [279/322] SRVV
[08:11:18] [280/322] MAVC
[08:11:19] [281/322] SRPP
[08:11:20] [282/322] JGDM
[08:11:21] [283/322] MBSJ
[08:11:22] [284/322] SSLL
[08:11:22] [285/322] SLKP
[08:11:23] 🔄 Identity reset
[08:11:23] 🔄 Identity rotated (every 10 requests)
[08:11:23] [286/322] NSRV
[08:11:24] [287/322] UTDV
[08:11:25] [288/322] KICM
[08:11:26] [289/322] KCMD
[08:11:27] [290/322] TTPP
[08:11:29] [291/322] KMPV
[08:11:30] [292/322] SKTV
[08:11:31] [293/322] STCV
[08:11:32] [294/322] SRDA
[08:11:33] [295/322] JTSX
[08:11:34] 🔄 Identity reset
[08:11:34] 🔄 Identity rotated (every 10 requests)
[08:11:34] [296/322] STBV
[08:11:35] [297/322] APVZ
[08:11:36] [298/322] GSTV
[08:11:37] [299/322] NMVS
[08:11:38] [300/322] SKRT
[08:11:39] [301/322] RMDV
[08:11:40] [302/322] RATG
[08:11:41] [303/322] SJYV
[08:11:41] [304/322] NDGP
[08:11:42] [305/322] SNDG
[08:11:43] 🔄 Identity reset
[08:11:43] 🔄 Identity rotated (every 10 requests)
[08:11:43] [306/322] INSR
[08:11:44] [307/322] INSO
[08:11:45] [308/322] CCSI
[08:11:46] [309/322] RASM
[08:11:47] [310/322] NEWC
[08:11:48] [311/322] VSHL
[08:11:49] [312/322] BISW
[08:11:49] [313/322] GCNG
[08:11:50] [314/322] CWSC
[08:11:51] [315/322] SKAN
[08:11:52] 🔄 Identity reset
[08:11:52] 🔄 Identity rotated (every 10 requests)
[08:11:52] [316/322] CCOA
[08:11:53] [317/322] MCAJ
[08:11:54] [318/322] ACDE
[08:11:55] [319/322] AACM
[08:11:56] [320/322] JJCK
[08:11:56] [321/322] RCMO
[08:11:57] [322/322] GDAW
[08:11:58] ✅ DONE | Shows=490 | Movies=47
[08:52:43] 🚀 BMS DAILY TRACKER STARTED (enhanced anti‑detection)
[08:52:43] [1/322] CDCA
[08:52:44] 🧠 New identity created
[08:52:44] [2/322] VBCZ
[08:52:45] [3/322] MSDR
[08:52:46] [4/322] ACPV
[08:52:46] [5/322] PVHB
[08:52:47] [6/322] RCNH
[08:52:48] [7/322] IOMH
[08:52:49] [8/322] ILKS
[08:52:49] [9/322] AMSN
[08:52:50] [10/322] ANTP
[08:52:51] 🔄 Identity reset
[08:52:51] 🔄 Identity rotated (every 10 requests)
[08:52:51] 🔄 Retry 1/5 for ANTP in 2.8s
[08:52:51] 🔄 Identity reset
[08:52:54] 🧠 New identity created
[08:52:54] [11/322] SSEK
[08:52:56] [12/322] PICP
[08:52:56] [13/322] SICO
[08:52:57] [14/322] SISP
[08:52:59] [15/322] SCPI
[08:52:59] [16/322] CRPR
[08:53:00] [17/322] DCTW
[08:53:01] [18/322] DCSP
[08:53:02] [19/322] KRPM
[08:53:03] 🔄 Identity reset
[08:53:03] 🔄 Identity rotated (every 10 requests)
[08:53:03] [20/322] THKK
[08:53:04] [21/322] SNMY
[08:53:05] [22/322] AKCC
[08:53:06] [23/322] PCAT
[08:53:07] [24/322] RFGO
[08:53:08] [25/322] GGCS
[08:53:09] [26/322] ACKR
[08:53:10] [27/322] STDO
[08:53:12] [28/322] ACKB
[08:53:13] [29/322] ALUC
[08:53:13] 🔄 Identity reset
[08:53:13] 🔄 Identity rotated (every 10 requests)
[08:53:13] [30/322] MNSR
[08:53:14] [31/322] CSSL
[08:53:15] [32/322] BGGM
[08:53:16] [33/322] MANT
[08:53:17] [34/322] SOOY
[08:53:17] [35/322] VPPK
[08:53:18] [36/322] MYHJ
[08:53:19] [37/322] KSCK
[08:53:20] [38/322] KATK
[08:53:21] [39/322] RTRT
[08:53:21] 🔄 Identity reset
[08:53:21] 🔄 Identity rotated (every 10 requests)
[08:53:22] [40/322] SSTT
[08:53:23] [41/322] SSTV
[08:53:24] [42/322] LACM
[08:53:24] [43/322] SGMG
[08:53:25] [44/322] KACX
[08:53:26] [45/322] GVCP
[08:53:27] [46/322] CSNC
[08:53:28] [47/322] SXCB
[08:53:28] [48/322] BAHS
[08:53:29] [49/322] PCBI
[08:53:30] 🔄 Identity reset
[08:53:30] 🔄 Identity rotated (every 10 requests)
[08:53:30] [50/322] PSSM
[08:53:31] [51/322] RCOK
[08:53:32] [52/322] SCPF
[08:53:32] [53/322] SSAS
[08:53:33] [54/322] EVMM
[08:53:34] [55/322] SYCB
[08:53:35] [56/322] GCKI
[08:53:36] [57/322] IAET
[08:53:37] [58/322] DDTD
[08:53:38] [59/322] GMDH
[08:53:38] 🔄 Identity reset
[08:53:38] 🔄 Identity rotated (every 10 requests)
[08:53:39] [60/322] STLE
[08:53:39] [61/322] JTRA
[08:53:40] [62/322] RPPA
[08:53:42] [63/322] ARUT
[08:53:43] [64/322] JTVM
[08:53:44] [65/322] SWRH
[08:53:45] [66/322] DCPC
[08:53:45] [67/322] RAPR
[08:53:46] [68/322] GCRT
[08:53:47] [69/322] ATUN
[08:53:48] 🔄 Identity reset
[08:53:48] 🔄 Identity rotated (every 10 requests)
[08:53:48] [70/322] LTRM
[08:53:49] [71/322] TASR
[08:53:49] [72/322] RLLC
[08:53:50] [73/322] MABI
[08:53:52] [74/322] SVHB
[08:53:53] [75/322] NVTB
[08:53:53] [76/322] KCKG
[08:53:54] [77/322] SSRN
[08:53:55] [78/322] VDDC
[08:53:56] [79/322] GKTK
[08:53:57] 🔄 Identity reset
[08:53:57] 🔄 Identity rotated (every 10 requests)
[08:53:58] [80/322] YFSN
[08:53:59] [81/322] GCSG
[08:54:00] [82/322] ESSM
[08:54:00] [83/322] KRIH
[08:54:01] [84/322] GCDS
[08:54:02] [85/322] CCSH
[08:54:03] [86/322] ACSK
[08:54:04] [87/322] APRK
[08:54:06] [88/322] ADKM
[08:54:07] [89/322] SRDM
[08:54:07] 🔄 Identity reset
[08:54:07] 🔄 Identity rotated (every 10 requests)
[08:54:07] [90/322] SJMY
[08:54:08] [91/322] PGGC
[08:54:09] [92/322] INGM
[08:54:10] [93/322] LSCB
[08:54:11] [94/322] STAD
[08:54:11] [95/322] MCCR
[08:54:13] [96/322] ABCC
[08:54:14] [97/322] RKCC
[08:54:15] [98/322] RTCR
[08:54:16] [99/322] GGBC
[08:54:17] 🔄 Identity reset
[08:54:17] 🔄 Identity rotated (every 10 requests)
[08:54:17] [100/322] GCSD
[08:54:18] [101/322] LPTY
[08:54:19] [102/322] MCFD
[08:54:20] [103/322] HENN
[08:54:21] [104/322] SMKU
[08:54:22] [105/322] TNZC
[08:54:23] [106/322] DRCD
[08:54:24] [107/322] DLCD
[08:54:25] [108/322] RCDA
[08:54:26] [109/322] COSM
[08:54:26] 🔄 Identity reset
[08:54:26] 🔄 Identity rotated (every 10 requests)
[08:54:27] [110/322] MCMJ
[08:54:27] [111/322] CSTR
[08:54:28] [112/322] CVDK
[08:54:30] [113/322] INRR
[08:54:31] [114/322] RJRT
[08:54:31] [115/322] IRMR
[08:54:32] [116/322] SRCF
[08:54:33] [117/322] GRCR
[08:54:34] [118/322] SURC
[08:54:34] [119/322] NMNH
[08:54:35] 🔄 Identity reset
[08:54:35] 🔄 Identity rotated (every 10 requests)
[08:54:35] [120/322] SVBL
[08:54:36] [121/322] KACI
[08:54:37] [122/322] TDGO
[08:54:38] [123/322] KTBR
[08:54:38] [124/322] PMAD
[08:54:39] [125/322] CCPN
[08:54:40] [126/322] SBTK
[08:54:41] [127/322] LMDK
[08:54:41] [128/322] PGDA
[08:54:42] [129/322] SRML
[08:54:43] 🔄 Identity reset
[08:54:43] 🔄 Identity rotated (every 10 requests)
[08:54:43] 🔄 Retry 1/5 for SRML in 2.9s
[08:54:43] 🔄 Identity reset
[08:54:46] 🧠 New identity created
[08:54:46] [130/322] EVCK
[08:54:48] [131/322] RTTK
[08:54:49] [132/322] SRTU
[08:54:49] [133/322] VRSA
[08:54:50] [134/322] VARS
[08:54:51] [135/322] DSCZ
[08:54:52] [136/322] GAGA
[08:54:53] [137/322] SARV
[08:54:54] [138/322] SEEG
[08:54:54] 🔄 Identity reset
[08:54:54] 🔄 Identity rotated (every 10 requests)
[08:54:55] [139/322] GLCA
[08:54:56] [140/322] APAS
[08:54:57] [141/322] VCIA
[08:54:57] [142/322] SJTA
[08:54:58] [143/322] SABM
[08:54:59] [144/322] PPAG
[08:55:00] [145/322] RVCA
[08:55:01] [146/322] CCIA
[08:55:02] [147/322] HTAG
[08:55:03] [148/322] SMBI
[08:55:04] 🔄 Identity reset
[08:55:04] 🔄 Identity rotated (every 10 requests)
[08:55:04] [149/322] MCJR
[08:55:05] [150/322] CCJR
[08:55:05] [151/322] SINF
[08:55:06] [152/322] CPLX
[08:55:08] [153/322] KKTJ
[08:55:09] [154/322] GDBW
[08:55:10] [155/322] CSUB
[08:55:10] [156/322] DABA
[08:55:11] [157/322] TITR
[08:55:12] [158/322] NYCR
[08:55:13] 🔄 Identity reset
[08:55:13] 🔄 Identity rotated (every 10 requests)
[08:55:13] [159/322] RTRY
[08:55:14] [160/322] JTJL
[08:55:15] [161/322] SJCP
[08:55:16] [162/322] KCCA
[08:55:16] [163/322] MLPG
[08:55:17] [164/322] VRCK
[08:55:18] [165/322] SRIN
[08:55:19] [166/322] CXMK
[08:55:20] [167/322] SKAD
[08:55:21] [168/322] AVTR
[08:55:22] 🔄 Identity reset
[08:55:22] 🔄 Identity rotated (every 10 requests)
[08:55:22] 🔄 Retry 1/5 for AVTR in 2.8s
[08:55:22] 🔄 Identity reset
[08:55:25] 🧠 New identity created
[08:55:25] [169/322] PTAJ
[08:55:26] [170/322] SCNK
[08:55:27] [171/322] STTI
[08:55:28] [172/322] KACR
[08:55:28] [173/322] SSDX
[08:55:30] [174/322] VRTJ
[08:55:31] [175/322] RAJD
[08:55:33] [176/322] SCIP
[08:55:34] [177/322] RJSL
[08:55:34] 🔄 Identity reset
[08:55:34] 🔄 Identity rotated (every 10 requests)
[08:55:35] [178/322] ARRS
[08:55:35] [179/322] ASMS
[08:55:36] [180/322] RDTS
[08:55:37] [181/322] DVMY
[08:55:38] [182/322] RASA
[08:55:39] [183/322] INOM
[08:55:39] [184/322] SPRS
[08:55:40] [185/322] SGCS
[08:55:41] [186/322] SALM
[08:55:42] [187/322] PKHC
[08:55:43] 🔄 Identity reset
[08:55:43] 🔄 Identity rotated (every 10 requests)
[08:55:44] [188/322] RCSV
[08:55:45] [189/322] CPKC
[08:55:45] [190/322] AACD
[08:55:46] [191/322] GGCV
[08:55:47] [192/322] SMKD
[08:55:48] [193/322] NBCH
[08:55:49] [194/322] AMCB
[08:55:50] [195/322] OPCN
[08:55:50] [196/322] DCIN
[08:55:51] [197/322] INGW
[08:55:52] 🔄 Identity reset
[08:55:52] 🔄 Identity rotated (every 10 requests)
[08:55:52] [198/322] PKKW
[08:55:53] [199/322] FNGW
[08:55:55] [200/322] GCGD
[08:55:55] [201/322] MSTW
[08:55:56] [202/322] KCCG
[08:55:57] [203/322] MRSS
[08:55:58] [204/322] CLCF
[08:55:59] [205/322] EETS
[08:56:00] [206/322] AATR
[08:56:01] [207/322] CMMN
[08:56:01] 🔄 Identity reset
[08:56:01] 🔄 Identity rotated (every 10 requests)
[08:56:02] [208/322] SCCJ
[08:56:03] [209/322] CDTK
[08:56:03] [210/322] AICP
[08:56:04] [211/322] FNBP
[08:56:04] [212/322] CBPB
[08:56:05] [213/322] CPAS
[08:56:06] [214/322] MAPM
[08:56:06] [215/322] PASD
[08:56:07] [216/322] JCMN
[08:56:08] [217/322] MALB
[08:56:09] 🔄 Identity reset
[08:56:09] 🔄 Identity rotated (every 10 requests)
[08:56:09] [218/322] SACG
[08:56:10] [219/322] DDRX
[08:56:11] [220/322] DDXB
[08:56:12] [221/322] RAMC
[08:56:12] [222/322] SANC
[08:56:13] [223/322] BCBP
[08:56:14] [224/322] ALPC
[08:56:15] [225/322] RBAC
[08:56:16] [226/322] RAJL
[08:56:17] [227/322] MPDX
[08:56:18] 🔄 Identity reset
[08:56:18] 🔄 Identity rotated (every 10 requests)
[08:56:18] [228/322] MUSC
[08:56:19] [229/322] VKMK
[08:56:20] [230/322] SKCG
[08:56:20] [231/322] ANCN
[08:56:21] [232/322] MMCJ
[08:56:22] [233/322] DCAK
[08:56:22] [234/322] SCKG
[08:56:23] [235/322] LMCK
[08:56:24] [236/322] CKKX
[08:56:25] [237/322] ANKU
[08:56:25] 🔄 Identity reset
[08:56:25] 🔄 Identity rotated (every 10 requests)
[08:56:25] [238/322] CSMD
[08:56:26] [239/322] MKMP
[08:56:27] [240/322] SVBG
[08:56:28] [241/322] ROOP
[08:56:29] [242/322] GDMT
[08:56:29] [243/322] FPPF
[08:56:30] [244/322] SFUU
[08:56:31] [245/322] ANCB
[08:56:32] [246/322] SMMC
[08:56:33] [247/322] UGKT
[08:56:33] 🔄 Identity reset
[08:56:33] 🔄 Identity rotated (every 10 requests)
[08:56:34] [248/322] JVRM
[08:56:35] [249/322] BATG
[08:56:36] [250/322] RATE
[08:56:37] [251/322] SKME
[08:56:37] [252/322] LMTP
[08:56:38] [253/322] TCBD
[08:56:39] [254/322] ESBD
[08:56:40] [255/322] GDCU
[08:56:40] [256/322] SNKT
[08:56:41] [257/322] SRNK
[08:56:42] 🔄 Identity reset
[08:56:42] 🔄 Identity rotated (every 10 requests)
[08:56:42] [258/322] SMED
[08:56:43] [259/322] CSQS
[08:56:44] [260/322] ALCS
[08:56:44] [261/322] KCKN
[08:56:45] [262/322] VCCL
[08:56:46] [263/322] MCDA
[08:56:47] [264/322] SHMI
[08:56:48] [265/322] SKHA
[08:56:49] [266/322] SVFK
[08:56:50] [267/322] INVB
[08:56:50] 🔄 Identity reset
[08:56:51] 🔄 Identity rotated (every 10 requests)
[08:56:51] 🔄 Retry 1/5 for INVB in 2.2s
[08:56:51] 🔄 Identity reset
[08:56:53] 🧠 New identity created
[08:56:53] [268/322] MELD
[08:56:54] [269/322] JTYS
[08:56:55] [270/322] INCM
[08:56:55] [271/322] MCDV
[08:56:56] [272/322] KSGK
[08:56:57] [273/322] ICMG
[08:56:58] [274/322] CSCV
[08:56:58] [275/322] STMD
[08:56:59] [276/322] STTR
[08:57:00] 🔄 Identity reset
[08:57:00] 🔄 Identity rotated (every 10 requests)
[08:57:00] [277/322] INVC
[08:57:01] [278/322] JTBL
[08:57:02] [279/322] SRVV
[08:57:02] [280/322] MAVC
[08:57:03] [281/322] SRPP
[08:57:04] [282/322] JGDM
[08:57:05] [283/322] MBSJ
[08:57:06] [284/322] SSLL
[08:57:08] [285/322] SLKP
[08:57:09] [286/322] NSRV
[08:57:09] 🔄 Identity reset
[08:57:09] 🔄 Identity rotated (every 10 requests)
[08:57:10] [287/322] UTDV
[08:57:10] [288/322] KICM
[08:57:11] [289/322] KCMD
[08:57:12] [290/322] TTPP
[08:57:13] [291/322] KMPV
[08:57:14] [292/322] SKTV
[08:57:15] [293/322] STCV
[08:57:16] [294/322] SRDA
[08:57:17] [295/322] JTSX
[08:57:18] [296/322] STBV
[08:57:18] 🔄 Identity reset
[08:57:18] 🔄 Identity rotated (every 10 requests)
[08:57:19] [297/322] APVZ
[08:57:19] [298/322] GSTV
[08:57:20] [299/322] NMVS
[08:57:21] [300/322] SKRT
[08:57:22] [301/322] RMDV
[08:57:22] [302/322] RATG
[08:57:23] [303/322] SJYV
[08:57:24] [304/322] NDGP
[08:57:25] [305/322] SNDG
[08:57:26] [306/322] INSR
[08:57:27] 🔄 Identity reset
[08:57:27] 🔄 Identity rotated (every 10 requests)
[08:57:27] [307/322] INSO
[08:57:27] [308/322] CCSI
[08:57:28] [309/322] RASM
[08:57:29] [310/322] NEWC
[08:57:30] [311/322] VSHL
[08:57:31] [312/322] BISW
[08:57:31] [313/322] GCNG
[08:57:32] [314/322] CWSC
[08:57:33] [315/322] SKAN
[08:57:33] [316/322] CCOA
[08:57:34] 🔄 Identity reset
[08:57:34] 🔄 Identity rotated (every 10 requests)
[08:57:34] [317/322] MCAJ
[08:57:35] [318/322] ACDE
[08:57:36] [319/322] AACM
[08:57:36] [320/322] JJCK
[08:57:37] [321/322] RCMO
[08:57:38] [322/322] GDAW
[08:57:39] ✅ DONE | Shows=621 | Movies=55
[09:06:55] 🚀 BMS DAILY TRACKER STARTED (enhanced anti‑detection)
[09:06:55] [1/322] CDCA
[09:06:56] 🧠 New identity created
[09:06:56] [2/322] VBCZ
[09:06:57] [3/322] MSDR
[09:06:58] [4/322] ACPV
[09:06:58] [5/322] PVHB
[09:06:59] [6/322] RCNH
[09:07:00] [7/322] IOMH
[09:07:01] [8/322] ILKS
[09:07:01] [9/322] AMSN
[09:07:02] [10/322] ANTP
[09:07:02] 🔄 Identity reset
[09:07:02] 🔄 Identity rotated (every 10 requests)
[09:07:02] 🔄 Retry 1/5 for ANTP in 2.7s
[09:07:02] 🔄 Identity reset
[09:07:05] 🧠 New identity created
[09:07:05] [11/322] SSEK
[09:07:06] [12/322] PICP
[09:07:07] [13/322] SICO
[09:07:07] [14/322] SISP
[09:07:08] [15/322] SCPI
[09:07:09] [16/322] CRPR
[09:07:09] [17/322] DCTW
[09:07:10] [18/322] DCSP
[09:07:11] [19/322] KRPM
[09:07:11] 🔄 Identity reset
[09:07:11] 🔄 Identity rotated (every 10 requests)
[09:07:11] [20/322] THKK
[09:07:12] [21/322] SNMY
[09:07:13] [22/322] AKCC
[09:07:13] [23/322] PCAT
[09:07:14] [24/322] RFGO
[09:07:15] [25/322] GGCS
[09:07:15] [26/322] ACKR
[09:07:16] [27/322] STDO
[09:07:17] [28/322] ACKB
[09:07:17] [29/322] ALUC
[09:07:18] 🔄 Identity reset
[09:07:18] 🔄 Identity rotated (every 10 requests)
[09:07:18] [30/322] MNSR
[09:07:19] [31/322] CSSL
[09:07:20] [32/322] BGGM
[09:07:21] [33/322] MANT
[09:07:21] [34/322] SOOY
[09:07:22] [35/322] VPPK
[09:07:23] [36/322] MYHJ
[09:07:24] [37/322] KSCK
[09:07:25] [38/322] KATK
[09:07:26] [39/322] RTRT
[09:07:26] 🔄 Identity reset
[09:07:26] 🔄 Identity rotated (every 10 requests)
[09:07:27] [40/322] SSTT
[09:07:28] [41/322] SSTV
[09:07:29] [42/322] LACM
[09:07:30] [43/322] SGMG
[09:07:30] [44/322] KACX
[09:07:31] [45/322] GVCP
[09:07:32] [46/322] CSNC
[09:07:33] [47/322] SXCB
[09:07:33] [48/322] BAHS
[09:07:35] [49/322] PCBI
[09:07:35] 🔄 Identity reset
[09:07:35] 🔄 Identity rotated (every 10 requests)
[09:07:36] [50/322] PSSM
[09:07:37] [51/322] RCOK
[09:07:38] [52/322] SCPF
[09:07:39] [53/322] SSAS
[09:07:40] [54/322] EVMM
[09:07:41] [55/322] SYCB
[09:07:41] [56/322] GCKI
[09:07:42] [57/322] IAET
[09:07:43] [58/322] DDTD
[09:07:44] [59/322] GMDH
[09:07:45] 🔄 Identity reset
[09:07:45] 🔄 Identity rotated (every 10 requests)
[09:07:45] 🔄 Retry 1/5 for GMDH in 2.2s
[09:07:45] 🔄 Identity reset
[09:07:47] 🧠 New identity created
[09:07:47] 🔄 Retry 2/5 for GMDH in 4.5s
[09:07:47] 🔄 Identity reset
[09:07:51] 🧠 New identity created
[09:07:52] [60/322] STLE
[09:07:52] [61/322] JTRA
[09:07:53] [62/322] RPPA
[09:07:55] [63/322] ARUT
[09:07:56] [64/322] JTVM
[09:07:57] [65/322] SWRH
[09:07:57] [66/322] DCPC
[09:07:58] [67/322] RAPR
[09:07:59] 🔄 Identity reset
[09:07:59] 🔄 Identity rotated (every 10 requests)
[09:07:59] [68/322] GCRT
[09:08:00] [69/322] ATUN
[09:08:01] [70/322] LTRM
[09:08:02] [71/322] TASR
[09:08:03] [72/322] RLLC
[09:08:04] [73/322] MABI
[09:08:05] [74/322] SVHB
[09:08:05] [75/322] NVTB
[09:08:06] [76/322] KCKG
[09:08:07] [77/322] SSRN
[09:08:07] 🔄 Identity reset
[09:08:07] 🔄 Identity rotated (every 10 requests)
[09:08:07] 🔄 Retry 1/5 for SSRN in 2.6s
[09:08:07] 🔄 Identity reset
[09:08:10] 🧠 New identity created
[09:08:10] [78/322] VDDC
[09:08:11] [79/322] GKTK
[09:08:12] [80/322] YFSN
[09:08:13] [81/322] GCSG
[09:08:14] [82/322] ESSM
[09:08:15] [83/322] KRIH
[09:08:16] [84/322] GCDS
[09:08:16] [85/322] CCSH
[09:08:17] [86/322] ACSK
[09:08:18] 🔄 Identity reset
[09:08:18] 🔄 Identity rotated (every 10 requests)
[09:08:18] [87/322] APRK
[09:08:19] [88/322] ADKM
[09:08:21] [89/322] SRDM
[09:08:21] [90/322] SJMY
[09:08:22] [91/322] PGGC
[09:08:23] [92/322] INGM
[09:08:24] [93/322] LSCB
[09:08:25] [94/322] STAD
[09:08:26] [95/322] MCCR
[09:08:27] [96/322] ABCC
[09:08:27] 🔄 Identity reset
[09:08:27] 🔄 Identity rotated (every 10 requests)
[09:08:27] [97/322] RKCC
[09:08:28] [98/322] RTCR
[09:08:30] [99/322] GGBC
[09:08:31] [100/322] GCSD
[09:08:32] [101/322] LPTY
[09:08:33] [102/322] MCFD
[09:08:33] [103/322] HENN
[09:08:34] [104/322] SMKU
[09:08:35] [105/322] TNZC
[09:08:36] [106/322] DRCD
[09:08:37] 🔄 Identity reset
[09:08:37] 🔄 Identity rotated (every 10 requests)
[09:08:37] [107/322] DLCD
[09:08:38] [108/322] RCDA
[09:08:39] [109/322] COSM
[09:08:39] [110/322] MCMJ
[09:08:40] [111/322] CSTR
[09:08:41] [112/322] CVDK
[09:08:42] [113/322] INRR
[09:08:43] [114/322] RJRT
[09:08:44] [115/322] IRMR
[09:08:45] [116/322] SRCF
[09:08:45] 🔄 Identity reset
[09:08:45] 🔄 Identity rotated (every 10 requests)
[09:08:46] [117/322] GRCR
[09:08:47] [118/322] SURC
[09:08:48] [119/322] NMNH
[09:08:48] [120/322] SVBL
[09:08:49] [121/322] KACI
[09:08:50] [122/322] TDGO
[09:08:51] [123/322] KTBR
[09:08:52] [124/322] PMAD
[09:08:53] [125/322] CCPN
[09:08:54] [126/322] SBTK
[09:08:54] 🔄 Identity reset
[09:08:54] 🔄 Identity rotated (every 10 requests)
[09:08:55] [127/322] LMDK
[09:08:56] [128/322] PGDA
[09:08:56] [129/322] SRML
[09:08:57] [130/322] EVCK
[09:08:58] [131/322] RTTK
[09:08:59] [132/322] SRTU
[09:09:00] [133/322] VRSA
[09:09:01] [134/322] VARS
[09:09:01] [135/322] DSCZ
[09:09:02] [136/322] GAGA
[09:09:03] 🔄 Identity reset
[09:09:03] 🔄 Identity rotated (every 10 requests)
[09:09:03] [137/322] SARV
[09:09:04] [138/322] SEEG
[09:09:05] [139/322] GLCA
[09:09:06] [140/322] APAS
[09:09:07] [141/322] VCIA
[09:09:08] [142/322] SJTA
[09:09:09] [143/322] SABM
[09:09:09] [144/322] PPAG
[09:09:10] [145/322] RVCA
[09:09:11] [146/322] CCIA
[09:09:12] 🔄 Identity reset
[09:09:12] 🔄 Identity rotated (every 10 requests)
[09:09:12] [147/322] HTAG
[09:09:13] [148/322] SMBI
[09:09:14] [149/322] MCJR
[09:09:15] [150/322] CCJR
[09:09:16] [151/322] SINF
[09:09:17] [152/322] CPLX
[09:09:18] [153/322] KKTJ
[09:09:19] [154/322] GDBW
[09:09:20] [155/322] CSUB
[09:09:20] [156/322] DABA
[09:09:21] 🔄 Identity reset
[09:09:21] 🔄 Identity rotated (every 10 requests)
[09:09:21] [157/322] TITR
[09:09:22] [158/322] NYCR
[09:09:23] [159/322] RTRY
[09:09:24] [160/322] JTJL
[09:09:25] [161/322] SJCP
[09:09:26] [162/322] KCCA
[09:09:27] [163/322] MLPG
[09:09:28] [164/322] VRCK
[09:09:29] [165/322] SRIN
[09:09:30] [166/322] CXMK
[09:09:31] 🔄 Identity reset
[09:09:31] 🔄 Identity rotated (every 10 requests)
[09:09:31] [167/322] SKAD
[09:09:32] [168/322] AVTR
[09:09:33] [169/322] PTAJ
[09:09:34] [170/322] SCNK
[09:09:35] [171/322] STTI
[09:09:36] [172/322] KACR
[09:09:36] [173/322] SSDX
[09:09:37] [174/322] VRTJ
[09:09:38] [175/322] RAJD
[09:09:39] [176/322] SCIP
[09:09:40] 🔄 Identity reset
[09:09:40] 🔄 Identity rotated (every 10 requests)
[09:09:40] 🔄 Retry 1/5 for SCIP in 2.6s
[09:09:40] 🔄 Identity reset
[09:09:42] 🧠 New identity created
[09:09:43] [177/322] RJSL
[09:09:44] [178/322] ARRS
[09:09:45] [179/322] ASMS
[09:09:46] [180/322] RDTS
[09:09:47] [181/322] DVMY
[09:09:48] [182/322] RASA
[09:09:49] [183/322] INOM
[09:09:50] [184/322] SPRS
[09:09:51] [185/322] SGCS
[09:09:51] 🔄 Identity reset
[09:09:51] 🔄 Identity rotated (every 10 requests)
[09:09:52] [186/322] SALM
[09:09:53] [187/322] PKHC
[09:09:54] [188/322] RCSV
[09:09:55] [189/322] CPKC
[09:09:57] [190/322] AACD
[09:09:58] [191/322] GGCV
[09:09:58] [192/322] SMKD
[09:09:59] [193/322] NBCH
[09:10:00] [194/322] AMCB
[09:10:01] [195/322] OPCN
[09:10:02] 🔄 Identity reset
[09:10:02] 🔄 Identity rotated (every 10 requests)
[09:10:02] 🔄 Retry 1/5 for OPCN in 2.3s
[09:10:02] 🔄 Identity reset
[09:10:04] 🧠 New identity created
[09:10:04] [196/322] DCIN
[09:10:05] [197/322] INGW
[09:10:06] [198/322] PKKW
[09:10:07] [199/322] FNGW
[09:10:08] [200/322] GCGD
[09:10:09] [201/322] MSTW
[09:10:09] [202/322] KCCG
[09:10:10] [203/322] MRSS
[09:10:11] [204/322] CLCF
[09:10:11] 🔄 Identity reset
[09:10:11] 🔄 Identity rotated (every 10 requests)
[09:10:11] 🔄 Retry 1/5 for CLCF in 3.0s
[09:10:11] 🔄 Identity reset
[09:10:14] 🧠 New identity created
[09:10:15] 🔄 Retry 2/5 for CLCF in 4.6s
[09:10:15] 🔄 Identity reset
[09:10:19] 🧠 New identity created
[09:10:19] [205/322] EETS
[09:10:20] [206/322] AATR
[09:10:21] [207/322] CMMN
[09:10:22] [208/322] SCCJ
[09:10:23] [209/322] CDTK
[09:10:24] [210/322] AICP
[09:10:24] [211/322] FNBP
[09:10:25] [212/322] CBPB
[09:10:26] 🔄 Identity reset
[09:10:26] 🔄 Identity rotated (every 10 requests)
[09:10:26] [213/322] CPAS
[09:10:27] [214/322] MAPM
[09:10:28] [215/322] PASD
[09:10:28] [216/322] JCMN
[09:10:29] [217/322] MALB
[09:10:30] [218/322] SACG
[09:10:31] [219/322] DDRX
[09:10:32] [220/322] DDXB
[09:10:33] [221/322] RAMC
[09:10:33] [222/322] SANC
[09:10:34] 🔄 Identity reset
[09:10:34] 🔄 Identity rotated (every 10 requests)
[09:10:34] 🔄 Retry 1/5 for SANC in 2.7s
[09:10:34] 🔄 Identity reset
[09:10:37] 🧠 New identity created
[09:10:37] [223/322] BCBP
[09:10:38] [224/322] ALPC
[09:10:39] [225/322] RBAC
[09:10:39] [226/322] RAJL
[09:10:40] [227/322] MPDX
[09:10:41] [228/322] MUSC
[09:10:43] [229/322] VKMK
[09:10:44] [230/322] SKCG
[09:10:45] [231/322] ANCN
[09:10:45] 🔄 Identity reset
[09:10:45] 🔄 Identity rotated (every 10 requests)
[09:10:45] [232/322] MMCJ
[09:10:46] [233/322] DCAK
[09:10:47] [234/322] SCKG
[09:10:48] [235/322] LMCK
[09:10:49] [236/322] CKKX
[09:10:50] [237/322] ANKU
[09:10:51] [238/322] CSMD
[09:10:52] [239/322] MKMP
[09:10:53] [240/322] SVBG
[09:10:53] [241/322] ROOP
[09:10:54] 🔄 Identity reset
[09:10:54] 🔄 Identity rotated (every 10 requests)
[09:10:54] 🔄 Retry 1/5 for ROOP in 2.4s
[09:10:54] 🔄 Identity reset
[09:10:56] 🧠 New identity created
[09:10:57] [242/322] GDMT
[09:10:58] [243/322] FPPF
[09:10:58] [244/322] SFUU
[09:10:59] [245/322] ANCB
[09:11:00] [246/322] SMMC
[09:11:01] [247/322] UGKT
[09:11:02] [248/322] JVRM
[09:11:03] [249/322] BATG
[09:11:04] [250/322] RATE
[09:11:04] 🔄 Identity reset
[09:11:04] 🔄 Identity rotated (every 10 requests)
[09:11:04] 🔄 Retry 1/5 for RATE in 2.1s
[09:11:04] 🔄 Identity reset
[09:11:06] 🧠 New identity created
[09:11:06] 🔄 Retry 2/5 for RATE in 4.6s
[09:11:06] 🔄 Identity reset
[09:11:11] 🧠 New identity created
[09:11:11] [251/322] SKME
[09:11:12] [252/322] LMTP
[09:11:13] [253/322] TCBD
[09:11:14] [254/322] ESBD
[09:11:15] [255/322] GDCU
[09:11:16] [256/322] SNKT
[09:11:17] [257/322] SRNK
[09:11:17] [258/322] SMED
[09:11:18] 🔄 Identity reset
[09:11:18] 🔄 Identity rotated (every 10 requests)
[09:11:18] [259/322] CSQS
[09:11:19] [260/322] ALCS
[09:11:20] [261/322] KCKN
[09:11:21] [262/322] VCCL
[09:11:22] [263/322] MCDA
[09:11:23] [264/322] SHMI
[09:11:23] [265/322] SKHA
[09:11:24] [266/322] SVFK
[09:11:26] [267/322] INVB
[09:11:26] [268/322] MELD
[09:11:27] 🔄 Identity reset
[09:11:27] 🔄 Identity rotated (every 10 requests)
[09:11:27] [269/322] JTYS
[09:11:28] [270/322] INCM
[09:11:29] [271/322] MCDV
[09:11:30] [272/322] KSGK
[09:11:31] [273/322] ICMG
[09:11:31] [274/322] CSCV
[09:11:33] [275/322] STMD
[09:11:34] [276/322] STTR
[09:11:35] [277/322] INVC
[09:11:36] [278/322] JTBL
[09:11:36] 🔄 Identity reset
[09:11:36] 🔄 Identity rotated (every 10 requests)
[09:11:37] [279/322] SRVV
[09:11:38] [280/322] MAVC
[09:11:39] [281/322] SRPP
[09:11:40] [282/322] JGDM
[09:11:40] [283/322] MBSJ
[09:11:41] [284/322] SSLL
[09:11:42] [285/322] SLKP
[09:11:44] [286/322] NSRV
[09:11:45] [287/322] UTDV
[09:11:46] [288/322] KICM
[09:11:47] 🔄 Identity reset
[09:11:47] 🔄 Identity rotated (every 10 requests)
[09:11:47] [289/322] KCMD
[09:11:48] [290/322] TTPP
[09:11:49] [291/322] KMPV
[09:11:50] [292/322] SKTV
[09:11:51] [293/322] STCV
[09:11:52] [294/322] SRDA
[09:11:53] [295/322] JTSX
[09:11:54] [296/322] STBV
[09:11:55] [297/322] APVZ
[09:11:56] [298/322] GSTV
[09:11:56] 🔄 Identity reset
[09:11:56] 🔄 Identity rotated (every 10 requests)
[09:11:57] [299/322] NMVS
[09:11:59] [300/322] SKRT
[09:12:00] [301/322] RMDV
[09:12:01] [302/322] RATG
[09:12:01] [303/322] SJYV
[09:12:02] [304/322] NDGP
[09:12:03] [305/322] SNDG
[09:12:04] [306/322] INSR
[09:12:05] [307/322] INSO
[09:12:06] [308/322] CCSI
[09:12:06] 🔄 Identity reset
[09:12:06] 🔄 Identity rotated (every 10 requests)
[09:12:06] [309/322] RASM
[09:12:07] [310/322] NEWC
[09:12:08] [311/322] VSHL
[09:12:09] [312/322] BISW
[09:12:10] [313/322] GCNG
[09:12:10] [314/322] CWSC
[09:12:11] [315/322] SKAN
[09:12:12] [316/322] CCOA
[09:12:13] [317/322] MCAJ
[09:12:14] [318/322] ACDE
[09:12:14] 🔄 Identity reset
[09:12:14] 🔄 Identity rotated (every 10 requests)
[09:12:15] [319/322] AACM
[09:12:16] [320/322] JJCK
[09:12:18] [321/322] RCMO
[09:12:19] [322/322] GDAW
[09:12:19] ✅ DONE | Shows=651 | Movies=55
[10:06:58] 🚀 BMS DAILY TRACKER STARTED (enhanced anti‑detection)
[10:06:58] [1/322] CDCA
[10:06:59] 🧠 New identity created
[10:07:00] [2/322] VBCZ
[10:07:00] [3/322] MSDR
[10:07:01] [4/322] ACPV
[10:07:02] [5/322] PVHB
[10:07:02] [6/322] RCNH
[10:07:03] [7/322] IOMH
[10:07:04] [8/322] ILKS
[10:07:04] [9/322] AMSN
[10:07:05] [10/322] ANTP
[10:07:06] 🔄 Identity reset
[10:07:06] 🔄 Identity rotated (every 10 requests)
[10:07:06] [11/322] SSEK
[10:07:06] [12/322] PICP
[10:07:07] [13/322] SICO
[10:07:07] [14/322] SISP
[10:07:08] [15/322] SCPI
[10:07:09] [16/322] CRPR
[10:07:09] [17/322] DCTW
[10:07:10] [18/322] DCSP
[10:07:11] [19/322] KRPM
[10:07:11] [20/322] THKK
[10:07:12] 🔄 Identity reset
[10:07:12] 🔄 Identity rotated (every 10 requests)
[10:07:12] 🔄 Retry 1/5 for THKK in 2.7s
[10:07:12] 🔄 Identity reset
[10:07:15] 🧠 New identity created
[10:07:15] 🔄 Retry 2/5 for THKK in 4.4s
[10:07:15] 🔄 Identity reset
[10:07:19] 🧠 New identity created
[10:07:19] [21/322] SNMY
[10:07:20] [22/322] AKCC
[10:07:20] [23/322] PCAT
[10:07:21] [24/322] RFGO
[10:07:22] [25/322] GGCS
[10:07:22] [26/322] ACKR
[10:07:23] [27/322] STDO
[10:07:23] [28/322] ACKB
[10:07:24] 🔄 Identity reset
[10:07:24] 🔄 Identity rotated (every 10 requests)
[10:07:24] [29/322] ALUC
[10:07:25] [30/322] MNSR
[10:07:26] [31/322] CSSL
[10:07:27] [32/322] BGGM
[10:07:28] [33/322] MANT
[10:07:28] [34/322] SOOY
[10:07:29] [35/322] VPPK
[10:07:31] [36/322] MYHJ
[10:07:32] [37/322] KSCK
[10:07:33] [38/322] KATK
[10:07:34] 🔄 Identity reset
[10:07:34] 🔄 Identity rotated (every 10 requests)
[10:07:34] 🔄 Retry 1/5 for KATK in 2.9s
[10:07:34] 🔄 Identity reset
[10:07:37] 🧠 New identity created
[10:07:37] [39/322] RTRT
[10:07:39] [40/322] SSTT
[10:07:40] [41/322] SSTV
[10:07:41] [42/322] LACM
[10:07:41] [43/322] SGMG
[10:07:42] [44/322] KACX
[10:07:43] [45/322] GVCP
[10:07:44] [46/322] CSNC
[10:07:45] [47/322] SXCB
[10:07:45] 🔄 Identity reset
[10:07:45] 🔄 Identity rotated (every 10 requests)
[10:07:46] [48/322] BAHS
[10:07:47] [49/322] PCBI
[10:07:48] [50/322] PSSM
[10:07:49] [51/322] RCOK
[10:07:50] [52/322] SCPF
[10:07:50] [53/322] SSAS
[10:07:51] [54/322] EVMM
[10:07:52] [55/322] SYCB
[10:07:53] [56/322] GCKI
[10:07:54] [57/322] IAET
[10:07:55] 🔄 Identity reset
[10:07:55] 🔄 Identity rotated (every 10 requests)
[10:07:55] 🔄 Retry 1/5 for IAET in 2.8s
[10:07:55] 🔄 Identity reset
[10:07:57] 🧠 New identity created
[10:07:58] [58/322] DDTD
[10:07:59] [59/322] GMDH
[10:08:00] [60/322] STLE
[10:08:01] [61/322] JTRA
[10:08:01] [62/322] RPPA
[10:08:03] [63/322] ARUT
[10:08:04] [64/322] JTVM
[10:08:06] [65/322] SWRH
[10:08:06] [66/322] DCPC
[10:08:07] 🔄 Identity reset
[10:08:07] 🔄 Identity rotated (every 10 requests)
[10:08:08] [67/322] RAPR
[10:08:09] [68/322] GCRT
[10:08:10] [69/322] ATUN
[10:08:10] [70/322] LTRM
[10:08:11] [71/322] TASR
[10:08:12] [72/322] RLLC
[10:08:13] [73/322] MABI
[10:08:14] [74/322] SVHB
[10:08:15] [75/322] NVTB
[10:08:16] [76/322] KCKG
[10:08:16] 🔄 Identity reset
[10:08:16] 🔄 Identity rotated (every 10 requests)
[10:08:17] [77/322] SSRN
[10:08:17] [78/322] VDDC
[10:08:18] [79/322] GKTK
[10:08:19] [80/322] YFSN
[10:08:20] [81/322] GCSG
[10:08:21] [82/322] ESSM
[10:08:22] [83/322] KRIH
[10:08:23] [84/322] GCDS
[10:08:24] [85/322] CCSH
[10:08:25] [86/322] ACSK
[10:08:25] 🔄 Identity reset
[10:08:25] 🔄 Identity rotated (every 10 requests)
[10:08:25] 🔄 Retry 1/5 for ACSK in 2.3s
[10:08:25] 🔄 Identity reset
[10:08:27] 🧠 New identity created
[10:08:28] [87/322] APRK
[10:08:28] [88/322] ADKM
[10:08:29] [89/322] SRDM
[10:08:30] [90/322] SJMY
[10:08:31] [91/322] PGGC
[10:08:32] [92/322] INGM
[10:08:33] [93/322] LSCB
[10:08:33] [94/322] STAD
[10:08:34] [95/322] MCCR
[10:08:35] 🔄 Identity reset
[10:08:35] 🔄 Identity rotated (every 10 requests)
[10:08:35] 🔄 Retry 1/5 for MCCR in 2.1s
[10:08:35] 🔄 Identity reset
[10:08:37] 🧠 New identity created
[10:08:37] [96/322] ABCC
[10:08:38] [97/322] RKCC
[10:08:39] [98/322] RTCR
[10:08:40] [99/322] GGBC
[10:08:41] [100/322] GCSD
[10:08:42] [101/322] LPTY
[10:08:43] [102/322] MCFD
[10:08:44] [103/322] HENN
[10:08:45] [104/322] SMKU
[10:08:45] 🔄 Identity reset
[10:08:45] 🔄 Identity rotated (every 10 requests)
[10:08:45] [105/322] TNZC
[10:08:46] [106/322] DRCD
[10:08:47] [107/322] DLCD
[10:08:48] [108/322] RCDA
[10:08:49] [109/322] COSM
[10:08:50] [110/322] MCMJ
[10:08:51] [111/322] CSTR
[10:08:52] [112/322] CVDK
[10:08:53] [113/322] INRR
[10:08:54] [114/322] RJRT
[10:08:54] 🔄 Identity reset
[10:08:54] 🔄 Identity rotated (every 10 requests)
[10:08:54] 🔄 Retry 1/5 for RJRT in 2.9s
[10:08:54] 🔄 Identity reset
[10:08:57] 🧠 New identity created
[10:08:58] [115/322] IRMR
[10:08:58] [116/322] SRCF
[10:08:59] [117/322] GRCR
[10:09:00] [118/322] SURC
[10:09:01] [119/322] NMNH
[10:09:02] [120/322] SVBL
[10:09:03] [121/322] KACI
[10:09:04] [122/322] TDGO
[10:09:04] [123/322] KTBR
[10:09:05] 🔄 Identity reset
[10:09:05] 🔄 Identity rotated (every 10 requests)
[10:09:05] 🔄 Retry 1/5 for KTBR in 2.5s
[10:09:05] 🔄 Identity reset
[10:09:07] 🧠 New identity created
[10:09:08] [124/322] PMAD
[10:09:08] [125/322] CCPN
[10:09:09] [126/322] SBTK
[10:09:10] [127/322] LMDK
[10:09:11] [128/322] PGDA
[10:09:12] [129/322] SRML
[10:09:13] [130/322] EVCK
[10:09:14] [131/322] RTTK
[10:09:14] [132/322] SRTU
[10:09:15] 🔄 Identity reset
[10:09:15] 🔄 Identity rotated (every 10 requests)
[10:09:15] [133/322] VRSA
[10:09:17] [134/322] VARS
[10:09:18] [135/322] DSCZ
[10:09:19] [136/322] GAGA
[10:09:20] [137/322] SARV
[10:09:21] [138/322] SEEG
[10:09:22] [139/322] GLCA
[10:09:24] [140/322] APAS
[10:09:25] [141/322] VCIA
[10:09:26] [142/322] SJTA
[10:09:27] 🔄 Identity reset
[10:09:27] 🔄 Identity rotated (every 10 requests)
[10:09:27] 🔄 Retry 1/5 for SJTA in 2.8s
[10:09:27] 🔄 Identity reset
[10:09:30] 🧠 New identity created
[10:09:30] [143/322] SABM
[10:09:31] [144/322] PPAG
[10:09:31] [145/322] RVCA
[10:09:32] [146/322] CCIA
[10:09:33] [147/322] HTAG
[10:09:34] [148/322] SMBI
[10:09:35] [149/322] MCJR
[10:09:35] [150/322] CCJR
[10:09:36] [151/322] SINF
[10:09:37] 🔄 Identity reset
[10:09:37] 🔄 Identity rotated (every 10 requests)
[10:09:37] 🔄 Retry 1/5 for SINF in 2.1s
[10:09:37] 🔄 Identity reset
[10:09:39] 🧠 New identity created
[10:09:39] [152/322] CPLX
[10:09:40] [153/322] KKTJ
[10:09:42] [154/322] GDBW
[10:09:43] [155/322] CSUB
[10:09:43] [156/322] DABA
[10:09:44] [157/322] TITR
[10:09:45] [158/322] NYCR
[10:09:46] [159/322] RTRY
[10:09:47] [160/322] JTJL
[10:09:47] 🔄 Identity reset
[10:09:47] 🔄 Identity rotated (every 10 requests)
[10:09:48] [161/322] SJCP
[10:09:49] [162/322] KCCA
[10:09:50] [163/322] MLPG
[10:09:50] [164/322] VRCK
[10:09:51] [165/322] SRIN
[10:09:52] [166/322] CXMK
[10:09:53] [167/322] SKAD
[10:09:55] [168/322] AVTR
[10:09:55] [169/322] PTAJ
[10:09:56] [170/322] SCNK
[10:09:57] 🔄 Identity reset
[10:09:57] 🔄 Identity rotated (every 10 requests)
[10:09:57] 🔄 Retry 1/5 for SCNK in 2.7s
[10:09:57] 🔄 Identity reset
[10:09:59] 🧠 New identity created
[10:09:59] 🔄 Retry 2/5 for SCNK in 4.3s
[10:09:59] 🔄 Identity reset
[10:10:04] 🧠 New identity created
[10:10:04] 🔄 Retry 3/5 for SCNK in 8.5s
[10:10:04] 🔄 Identity reset
[10:10:12] 🧠 New identity created
[10:10:12] 🔄 Retry 4/5 for SCNK in 16.6s
[10:10:12] 🔄 Identity reset
[10:10:29] 🧠 New identity created
[10:10:29] ❌ SCNK failed after 5 attempts
[10:10:29] 🔄 Identity reset
[10:10:29] ❌ SCNK final failure | RuntimeError | HTTP 403
[10:10:29] [171/322] STTI
[10:10:30] 🧠 New identity created
[10:10:30] 🔄 Retry 1/5 for STTI in 2.9s
[10:10:30] 🔄 Identity reset
[10:10:33] 🧠 New identity created
[10:10:33] 🔄 Retry 2/5 for STTI in 4.9s
[10:10:33] 🔄 Identity reset
[10:10:38] 🧠 New identity created
[10:10:38] [172/322] KACR
[10:10:39] [173/322] SSDX
[10:10:40] [174/322] VRTJ
[10:10:40] 🔄 Identity reset
[10:10:40] 🔄 Identity rotated (every 10 requests)
[10:10:40] 🔄 Retry 1/5 for VRTJ in 2.8s
[10:10:40] 🔄 Identity reset
[10:10:43] 🧠 New identity created
[10:10:43] 🔄 Retry 2/5 for VRTJ in 4.6s
[10:10:43] 🔄 Identity reset
[10:10:48] 🧠 New identity created
[10:10:48] 🔄 Retry 3/5 for VRTJ in 8.9s
[10:10:48] 🔄 Identity reset
[10:10:57] 🧠 New identity created
[10:10:57] [175/322] RAJD
[10:10:58] [176/322] SCIP
[10:10:59] [177/322] RJSL
[10:11:00] [178/322] ARRS
[10:11:01] [179/322] ASMS
[10:11:02] [180/322] RDTS
[10:11:03] [181/322] DVMY
[10:11:04] 🔄 Identity reset
[10:11:04] 🔄 Identity rotated (every 10 requests)
[10:11:04] [182/322] RASA
[10:11:05] [183/322] INOM
[10:11:06] [184/322] SPRS
[10:11:06] [185/322] SGCS
[10:11:07] [186/322] SALM
[10:11:08] [187/322] PKHC
[10:11:09] [188/322] RCSV
[10:11:10] [189/322] CPKC
[10:11:11] [190/322] AACD
[10:11:12] [191/322] GGCV
[10:11:13] 🔄 Identity reset
[10:11:13] 🔄 Identity rotated (every 10 requests)
[10:11:13] [192/322] SMKD
[10:11:14] [193/322] NBCH
[10:11:15] [194/322] AMCB
[10:11:16] [195/322] OPCN
[10:11:17] [196/322] DCIN
[10:11:18] [197/322] INGW
[10:11:19] [198/322] PKKW
[10:11:19] [199/322] FNGW
[10:11:20] [200/322] GCGD
[10:11:21] [201/322] MSTW
[10:11:22] 🔄 Identity reset
[10:11:22] 🔄 Identity rotated (every 10 requests)
[10:11:22] [202/322] KCCG
[10:11:23] [203/322] MRSS
[10:11:24] [204/322] CLCF
[10:11:25] [205/322] EETS
[10:11:25] [206/322] AATR
[10:11:26] [207/322] CMMN
[10:11:27] [208/322] SCCJ
[10:11:28] [209/322] CDTK
[10:11:29] [210/322] AICP
[10:11:29] [211/322] FNBP
[10:11:30] 🔄 Identity reset
[10:11:30] 🔄 Identity rotated (every 10 requests)
[10:11:30] [212/322] CBPB
[10:11:31] [213/322] CPAS
[10:11:32] [214/322] MAPM
[10:11:33] [215/322] PASD
[10:11:35] [216/322] JCMN
[10:11:36] [217/322] MALB
[10:11:37] [218/322] SACG
[10:11:38] [219/322] DDRX
[10:11:38] [220/322] DDXB
[10:11:39] [221/322] RAMC
[10:11:40] 🔄 Identity reset
[10:11:40] 🔄 Identity rotated (every 10 requests)
[10:11:41] [222/322] SANC
[10:11:42] [223/322] BCBP
[10:11:43] [224/322] ALPC
[10:11:44] [225/322] RBAC
[10:11:46] [226/322] RAJL
[10:11:46] [227/322] MPDX
[10:11:47] [228/322] MUSC
[10:11:48] [229/322] VKMK
[10:11:49] [230/322] SKCG
[10:11:50] [231/322] ANCN
[10:11:50] 🔄 Identity reset
[10:11:50] 🔄 Identity rotated (every 10 requests)
[10:11:50] 🔄 Retry 1/5 for ANCN in 2.9s
[10:11:50] 🔄 Identity reset
[10:11:53] 🧠 New identity created
[10:11:54] [232/322] MMCJ
[10:11:55] [233/322] DCAK
[10:11:56] [234/322] SCKG
[10:11:56] [235/322] LMCK
[10:11:57] [236/322] CKKX
[10:11:58] [237/322] ANKU
[10:12:00] [238/322] CSMD
[10:12:01] [239/322] MKMP
[10:12:02] [240/322] SVBG
[10:12:02] 🔄 Identity reset
[10:12:02] 🔄 Identity rotated (every 10 requests)
[10:12:03] [241/322] ROOP
[10:12:03] [242/322] GDMT
[10:12:04] [243/322] FPPF
[10:12:05] [244/322] SFUU
[10:12:06] [245/322] ANCB
[10:12:07] [246/322] SMMC
[10:12:08] [247/322] UGKT
[10:12:09] [248/322] JVRM
[10:12:10] [249/322] BATG
[10:12:11] [250/322] RATE
[10:12:11] 🔄 Identity reset
[10:12:11] 🔄 Identity rotated (every 10 requests)
[10:12:11] 🔄 Retry 1/5 for RATE in 2.0s
[10:12:11] 🔄 Identity reset
[10:12:13] 🧠 New identity created
[10:12:13] 🔄 Retry 2/5 for RATE in 4.8s
[10:12:13] 🔄 Identity reset
[10:12:18] 🧠 New identity created
[10:12:19] [251/322] SKME
[10:12:20] [252/322] LMTP
[10:12:21] [253/322] TCBD
[10:12:22] [254/322] ESBD
[10:12:23] [255/322] GDCU
[10:12:24] [256/322] SNKT
[10:12:25] [257/322] SRNK
[10:12:26] [258/322] SMED
[10:12:27] 🔄 Identity reset
[10:12:27] 🔄 Identity rotated (every 10 requests)
[10:12:27] [259/322] CSQS
[10:12:28] [260/322] ALCS
[10:12:28] [261/322] KCKN
[10:12:29] [262/322] VCCL
[10:12:30] [263/322] MCDA
[10:12:31] [264/322] SHMI
[10:12:32] [265/322] SKHA
[10:12:32] [266/322] SVFK
[10:12:33] [267/322] INVB
[10:12:34] [268/322] MELD
[10:12:35] 🔄 Identity reset
[10:12:35] 🔄 Identity rotated (every 10 requests)
[10:12:35] [269/322] JTYS
[10:12:36] [270/322] INCM
[10:12:38] [271/322] MCDV
[10:12:40] [272/322] KSGK
[10:12:40] [273/322] ICMG
[10:12:41] [274/322] CSCV
[10:12:42] [275/322] STMD
[10:12:43] [276/322] STTR
[10:12:44] [277/322] INVC
[10:12:45] [278/322] JTBL
[10:12:46] 🔄 Identity reset
[10:12:46] 🔄 Identity rotated (every 10 requests)
[10:12:46] [279/322] SRVV
[10:12:47] [280/322] MAVC
[10:12:48] [281/322] SRPP
[10:12:49] [282/322] JGDM
[10:12:49] [283/322] MBSJ
[10:12:50] [284/322] SSLL
[10:12:51] [285/322] SLKP
[10:12:52] [286/322] NSRV
[10:12:53] [287/322] UTDV
[10:12:54] [288/322] KICM
[10:12:54] 🔄 Identity reset
[10:12:54] 🔄 Identity rotated (every 10 requests)
[10:12:54] 🔄 Retry 1/5 for KICM in 2.7s
[10:12:54] 🔄 Identity reset
[10:12:57] 🧠 New identity created
[10:12:57] 🔄 Retry 2/5 for KICM in 4.3s
[10:12:57] 🔄 Identity reset
[10:13:01] 🧠 New identity created
[10:13:02] [289/322] KCMD
[10:13:03] [290/322] TTPP
[10:13:04] [291/322] KMPV
[10:13:05] [292/322] SKTV
[10:13:05] [293/322] STCV
[10:13:06] [294/322] SRDA
[10:13:07] [295/322] JTSX
[10:13:08] [296/322] STBV
[10:13:08] 🔄 Identity reset
[10:13:08] 🔄 Identity rotated (every 10 requests)
[10:13:08] 🔄 Retry 1/5 for STBV in 3.0s
[10:13:08] 🔄 Identity reset
[10:13:11] 🧠 New identity created
[10:13:12] [297/322] APVZ
[10:13:13] [298/322] GSTV
[10:13:14] [299/322] NMVS
[10:13:14] [300/322] SKRT
[10:13:15] [301/322] RMDV
[10:13:17] [302/322] RATG
[10:13:18] [303/322] SJYV
[10:13:18] [304/322] NDGP
[10:13:19] [305/322] SNDG
[10:13:20] 🔄 Identity reset
[10:13:20] 🔄 Identity rotated (every 10 requests)
[10:13:20] [306/322] INSR
[10:13:21] [307/322] INSO
[10:13:22] [308/322] CCSI
[10:13:23] [309/322] RASM
[10:13:24] [310/322] NEWC
[10:13:25] [311/322] VSHL
[10:13:25] [312/322] BISW
[10:13:26] [313/322] GCNG
[10:13:28] [314/322] CWSC
[10:13:29] [315/322] SKAN
[10:13:29] 🔄 Identity reset
[10:13:29] 🔄 Identity rotated (every 10 requests)
[10:13:29] 🔄 Retry 1/5 for SKAN in 2.0s
[10:13:29] 🔄 Identity reset
[10:13:31] 🧠 New identity created
[10:13:31] 🔄 Retry 2/5 for SKAN in 4.7s
[10:13:31] 🔄 Identity reset
[10:13:36] 🧠 New identity created
[10:13:37] [316/322] CCOA
[10:13:38] [317/322] MCAJ
[10:13:39] [318/322] ACDE
[10:13:40] [319/322] AACM
[10:13:40] [320/322] JJCK
[10:13:41] [321/322] RCMO
[10:13:42] [322/322] GDAW
[10:13:43] 🔁 RETRY ROUND 1 | Remaining: 1
[10:13:43] [RETRY-1] SCNK
[10:13:45] 🔄 Identity reset
[10:13:45] 🔄 Identity rotated (every 10 requests)
[10:13:46] ✅ DONE | Shows=828 | Movies=65
[11:06:49] 🚀 BMS DAILY TRACKER STARTED (enhanced anti‑detection)
[11:06:49] [1/322] CDCA
[11:06:50] 🧠 New identity created
[11:06:50] 🔄 Retry 1/5 for CDCA in 2.3s
[11:06:50] 🔄 Identity reset
[11:06:52] 🧠 New identity created
[11:06:52] 🔄 Retry 2/5 for CDCA in 5.0s
[11:06:52] 🔄 Identity reset
[11:06:57] 🧠 New identity created
[11:06:58] [2/322] VBCZ
[11:06:59] [3/322] MSDR
[11:06:59] [4/322] ACPV
[11:07:00] [5/322] PVHB
[11:07:01] [6/322] RCNH
[11:07:02] [7/322] IOMH
[11:07:03] [8/322] ILKS
[11:07:04] 🔄 Identity reset
[11:07:04] 🔄 Identity rotated (every 10 requests)
[11:07:04] [9/322] AMSN
[11:07:05] [10/322] ANTP
[11:07:06] [11/322] SSEK
[11:07:07] [12/322] PICP
[11:07:09] [13/322] SICO
[11:07:10] [14/322] SISP
[11:07:10] [15/322] SCPI
[11:07:11] [16/322] CRPR
[11:07:12] [17/322] DCTW
[11:07:13] [18/322] DCSP
[11:07:14] 🔄 Identity reset
[11:07:14] 🔄 Identity rotated (every 10 requests)
[11:07:14] [19/322] KRPM
[11:07:15] [20/322] THKK
[11:07:16] [21/322] SNMY
[11:07:17] [22/322] AKCC
[11:07:18] [23/322] PCAT
[11:07:19] [24/322] RFGO
[11:07:20] [25/322] GGCS
[11:07:21] [26/322] ACKR
[11:07:22] [27/322] STDO
[11:07:23] [28/322] ACKB
[11:07:23] 🔄 Identity reset
[11:07:23] 🔄 Identity rotated (every 10 requests)
[11:07:24] [29/322] ALUC
[11:07:25] [30/322] MNSR
[11:07:26] [31/322] CSSL
[11:07:28] [32/322] BGGM
[11:07:29] [33/322] MANT
[11:07:30] [34/322] SOOY
[11:07:31] [35/322] VPPK
[11:07:32] [36/322] MYHJ
[11:07:33] [37/322] KSCK
[11:07:34] [38/322] KATK
[11:07:35] 🔄 Identity reset
[11:07:35] 🔄 Identity rotated (every 10 requests)
[11:07:35] [39/322] RTRT
[11:07:36] [40/322] SSTT
[11:07:37] [41/322] SSTV
[11:07:38] [42/322] LACM
[11:07:39] [43/322] SGMG
[11:07:41] [44/322] KACX
[11:07:42] [45/322] GVCP
[11:07:43] [46/322] CSNC
[11:07:44] [47/322] SXCB
[11:07:45] [48/322] BAHS
[11:07:45] 🔄 Identity reset
[11:07:45] 🔄 Identity rotated (every 10 requests)
[11:07:46] [49/322] PCBI
[11:07:47] [50/322] PSSM
[11:07:48] [51/322] RCOK
[11:07:49] [52/322] SCPF
[11:07:50] [53/322] SSAS
[11:07:51] [54/322] EVMM
[11:07:52] [55/322] SYCB
[11:07:52] [56/322] GCKI
[11:07:54] [57/322] IAET
[11:07:55] [58/322] DDTD
[11:07:55] 🔄 Identity reset
[11:07:55] 🔄 Identity rotated (every 10 requests)
[11:07:55] [59/322] GMDH
[11:07:56] [60/322] STLE
[11:07:57] [61/322] JTRA
[11:07:58] [62/322] RPPA
[11:07:59] [63/322] ARUT
[11:08:00] [64/322] JTVM
[11:08:01] [65/322] SWRH
[11:08:03] [66/322] DCPC
[11:08:03] [67/322] RAPR
[11:08:04] [68/322] GCRT
[11:08:05] 🔄 Identity reset
[11:08:05] 🔄 Identity rotated (every 10 requests)
[11:08:05] [69/322] ATUN
[11:08:07] [70/322] LTRM
[11:08:07] [71/322] TASR
[11:08:08] [72/322] RLLC
[11:08:09] [73/322] MABI
[11:08:10] [74/322] SVHB
[11:08:11] [75/322] NVTB
[11:08:12] [76/322] KCKG
[11:08:13] [77/322] SSRN
[11:08:14] [78/322] VDDC
[11:08:15] 🔄 Identity reset
[11:08:15] 🔄 Identity rotated (every 10 requests)
[11:08:16] [79/322] GKTK
[11:08:17] [80/322] YFSN
[11:08:17] [81/322] GCSG
[11:08:19] [82/322] ESSM
[11:08:20] [83/322] KRIH
[11:08:22] [84/322] GCDS
[11:08:22] [85/322] CCSH
[11:08:24] [86/322] ACSK
[11:08:25] [87/322] APRK
[11:08:26] [88/322] ADKM
[11:08:27] 🔄 Identity reset
[11:08:27] 🔄 Identity rotated (every 10 requests)
[11:08:27] 🔄 Retry 1/5 for ADKM in 2.1s
[11:08:27] 🔄 Identity reset
[11:08:29] 🧠 New identity created
[11:08:29] 🔄 Retry 2/5 for ADKM in 4.7s
[11:08:29] 🔄 Identity reset
[11:08:34] 🧠 New identity created
[11:08:34] [89/322] SRDM
[11:08:35] [90/322] SJMY
[11:08:36] [91/322] PGGC
[11:08:37] [92/322] INGM
[11:08:38] [93/322] LSCB
[11:08:39] [94/322] STAD
[11:08:40] [95/322] MCCR
[11:08:41] [96/322] ABCC
[11:08:41] 🔄 Identity reset
[11:08:41] 🔄 Identity rotated (every 10 requests)
[11:08:42] [97/322] RKCC
[11:08:43] [98/322] RTCR
[11:08:43] [99/322] GGBC
[11:08:44] [100/322] GCSD
[11:08:45] [101/322] LPTY
[11:08:46] [102/322] MCFD
[11:08:47] [103/322] HENN
[11:08:48] [104/322] SMKU
[11:08:49] [105/322] TNZC
[11:08:51] [106/322] DRCD
[11:08:52] 🔄 Identity reset
[11:08:52] 🔄 Identity rotated (every 10 requests)
[11:08:52] [107/322] DLCD
[11:08:53] [108/322] RCDA
[11:08:54] [109/322] COSM
[11:08:54] [110/322] MCMJ
[11:08:55] [111/322] CSTR
[11:08:56] [112/322] CVDK
[11:08:57] [113/322] INRR
[11:08:58] [114/322] RJRT
[11:08:59] [115/322] IRMR
[11:09:00] [116/322] SRCF
[11:09:00] 🔄 Identity reset
[11:09:00] 🔄 Identity rotated (every 10 requests)
[11:09:00] [117/322] GRCR
[11:09:01] [118/322] SURC
[11:09:02] [119/322] NMNH
[11:09:03] [120/322] SVBL
[11:09:04] [121/322] KACI
[11:09:05] [122/322] TDGO
[11:09:06] [123/322] KTBR
[11:09:07] [124/322] PMAD
[11:09:09] [125/322] CCPN
[11:09:10] [126/322] SBTK
[11:09:10] 🔄 Identity reset
[11:09:10] 🔄 Identity rotated (every 10 requests)
[11:09:11] [127/322] LMDK
[11:09:12] [128/322] PGDA
[11:09:13] [129/322] SRML
[11:09:13] [130/322] EVCK
[11:09:14] [131/322] RTTK
[11:09:15] [132/322] SRTU
[11:09:16] [133/322] VRSA
[11:09:18] [134/322] VARS
[11:09:18] [135/322] DSCZ
[11:09:19] [136/322] GAGA
[11:09:20] 🔄 Identity reset
[11:09:20] 🔄 Identity rotated (every 10 requests)
[11:09:20] 🔄 Retry 1/5 for GAGA in 2.9s
[11:09:20] 🔄 Identity reset
[11:09:23] 🧠 New identity created
[11:09:23] [137/322] SARV
[11:09:24] [138/322] SEEG
[11:09:25] [139/322] GLCA
[11:09:26] [140/322] APAS
[11:09:27] [141/322] VCIA
[11:09:29] [142/322] SJTA
[11:09:29] [143/322] SABM
[11:09:30] [144/322] PPAG
[11:09:32] [145/322] RVCA
[11:09:32] 🔄 Identity reset
[11:09:32] 🔄 Identity rotated (every 10 requests)
[11:09:32] 🔄 Retry 1/5 for RVCA in 2.0s
[11:09:32] 🔄 Identity reset
[11:09:34] 🧠 New identity created
[11:09:34] 🔄 Retry 2/5 for RVCA in 4.9s
[11:09:34] 🔄 Identity reset
[11:09:39] 🧠 New identity created
[11:09:40] [146/322] CCIA
[11:09:41] [147/322] HTAG
[11:09:41] [148/322] SMBI
[11:09:43] [149/322] MCJR
[11:09:44] [150/322] CCJR
[11:09:45] [151/322] SINF
[11:09:46] [152/322] CPLX
[11:09:47] [153/322] KKTJ
[11:09:47] 🔄 Identity reset
[11:09:47] 🔄 Identity rotated (every 10 requests)
[11:09:47] 🔄 Retry 1/5 for KKTJ in 2.7s
[11:09:47] 🔄 Identity reset
[11:09:50] 🧠 New identity created
[11:09:50] [154/322] GDBW
[11:09:51] [155/322] CSUB
[11:09:52] [156/322] DABA
[11:09:53] [157/322] TITR
[11:09:54] [158/322] NYCR
[11:09:55] [159/322] RTRY
[11:09:56] [160/322] JTJL
[11:09:57] [161/322] SJCP
[11:09:58] [162/322] KCCA
[11:09:58] 🔄 Identity reset
[11:09:58] 🔄 Identity rotated (every 10 requests)
[11:09:59] [163/322] MLPG
[11:10:00] [164/322] VRCK
[11:10:01] [165/322] SRIN
[11:10:02] [166/322] CXMK
[11:10:03] [167/322] SKAD
[11:10:05] [168/322] AVTR
[11:10:05] [169/322] PTAJ
[11:10:07] [170/322] SCNK
[11:10:08] [171/322] STTI
[11:10:09] [172/322] KACR
[11:10:09] 🔄 Identity reset
[11:10:09] 🔄 Identity rotated (every 10 requests)
[11:10:10] [173/322] SSDX
[11:10:11] [174/322] VRTJ
[11:10:12] [175/322] RAJD
[11:10:13] [176/322] SCIP
[11:10:14] [177/322] RJSL
[11:10:16] [178/322] ARRS
[11:10:17] [179/322] ASMS
[11:10:18] [180/322] RDTS
[11:10:18] [181/322] DVMY
[11:10:19] [182/322] RASA
[11:10:20] 🔄 Identity reset
[11:10:20] 🔄 Identity rotated (every 10 requests)
[11:10:20] [183/322] INOM
[11:10:21] [184/322] SPRS
[11:10:22] [185/322] SGCS
[11:10:23] [186/322] SALM
[11:10:25] [187/322] PKHC
[11:10:26] [188/322] RCSV
[11:10:27] [189/322] CPKC
[11:10:27] [190/322] AACD
[11:10:28] [191/322] GGCV
[11:10:29] [192/322] SMKD
[11:10:30] 🔄 Identity reset
[11:10:30] 🔄 Identity rotated (every 10 requests)
[11:10:30] 🔄 Retry 1/5 for SMKD in 2.2s
[11:10:30] 🔄 Identity reset
[11:10:32] 🧠 New identity created
[11:10:33] [193/322] NBCH
[11:10:34] [194/322] AMCB
[11:10:35] [195/322] OPCN
[11:10:36] [196/322] DCIN
[11:10:37] [197/322] INGW
[11:10:38] [198/322] PKKW
[11:10:39] [199/322] FNGW
[11:10:39] [200/322] GCGD
[11:10:40] [201/322] MSTW
[11:10:41] 🔄 Identity reset
[11:10:41] 🔄 Identity rotated (every 10 requests)
[11:10:41] [202/322] KCCG
[11:10:42] [203/322] MRSS
[11:10:43] [204/322] CLCF
[11:10:44] [205/322] EETS
[11:10:45] [206/322] AATR
[11:10:45] [207/322] CMMN
[11:10:46] [208/322] SCCJ
[11:10:47] [209/322] CDTK
[11:10:48] [210/322] AICP
[11:10:49] [211/322] FNBP
[11:10:50] 🔄 Identity reset
[11:10:50] 🔄 Identity rotated (every 10 requests)
[11:10:50] 🔄 Retry 1/5 for FNBP in 2.2s
[11:10:50] 🔄 Identity reset
[11:10:52] 🧠 New identity created
[11:10:53] [212/322] CBPB
[11:10:54] [213/322] CPAS
[11:10:55] [214/322] MAPM
[11:10:56] [215/322] PASD
[11:10:57] [216/322] JCMN
[11:10:57] [217/322] MALB
[11:10:58] [218/322] SACG
[11:10:59] [219/322] DDRX
[11:11:00] [220/322] DDXB
[11:11:01] 🔄 Identity reset
[11:11:01] 🔄 Identity rotated (every 10 requests)
[11:11:01] [221/322] RAMC
[11:11:02] [222/322] SANC
[11:11:03] [223/322] BCBP
[11:11:04] [224/322] ALPC
[11:11:05] [225/322] RBAC
[11:11:06] [226/322] RAJL
[11:11:07] [227/322] MPDX
[11:11:08] [228/322] MUSC
[11:11:09] [229/322] VKMK
[11:11:11] [230/322] SKCG
[11:11:11] 🔄 Identity reset
[11:11:11] 🔄 Identity rotated (every 10 requests)
[11:11:12] [231/322] ANCN
[11:11:13] [232/322] MMCJ
[11:11:14] [233/322] DCAK
[11:11:15] [234/322] SCKG
[11:11:16] [235/322] LMCK
[11:11:17] [236/322] CKKX
[11:11:17] [237/322] ANKU
[11:11:18] [238/322] CSMD
[11:11:19] [239/322] MKMP
[11:11:21] [240/322] SVBG
[11:11:21] 🔄 Identity reset
[11:11:21] 🔄 Identity rotated (every 10 requests)
[11:11:22] [241/322] ROOP
[11:11:23] [242/322] GDMT
[11:11:24] [243/322] FPPF
[11:11:26] [244/322] SFUU
[11:11:26] [245/322] ANCB
[11:11:27] [246/322] SMMC
[11:11:28] [247/322] UGKT
[11:11:30] [248/322] JVRM
[11:11:30] [249/322] BATG
[11:11:31] [250/322] RATE
[11:11:32] 🔄 Identity reset
[11:11:32] 🔄 Identity rotated (every 10 requests)
[11:11:32] [251/322] SKME
[11:11:33] [252/322] LMTP
[11:11:34] [253/322] TCBD
[11:11:35] [254/322] ESBD
[11:11:36] [255/322] GDCU
[11:11:37] [256/322] SNKT
[11:11:38] [257/322] SRNK
[11:11:40] [258/322] SMED
[11:11:41] [259/322] CSQS
[11:11:42] [260/322] ALCS
[11:11:43] 🔄 Identity reset
[11:11:43] 🔄 Identity rotated (every 10 requests)
[11:11:43] 🔄 Retry 1/5 for ALCS in 2.7s
[11:11:43] 🔄 Identity reset
[11:11:45] 🧠 New identity created
[11:11:46] 🔄 Retry 2/5 for ALCS in 4.4s
[11:11:46] 🔄 Identity reset
[11:11:50] 🧠 New identity created
[11:11:50] 🔄 Retry 3/5 for ALCS in 8.9s
[11:11:50] 🔄 Identity reset
[11:11:59] 🧠 New identity created
[11:11:59] 🔄 Retry 4/5 for ALCS in 16.7s
[11:11:59] 🔄 Identity reset
[11:12:16] 🧠 New identity created
[11:12:16] [261/322] KCKN
[11:12:17] [262/322] VCCL
[11:12:18] [263/322] MCDA
[11:12:19] [264/322] SHMI
[11:12:19] [265/322] SKHA
[11:12:20] [266/322] SVFK
[11:12:21] 🔄 Identity reset
[11:12:21] 🔄 Identity rotated (every 10 requests)
[11:12:21] 🔄 Retry 1/5 for SVFK in 2.6s
[11:12:21] 🔄 Identity reset
[11:12:24] 🧠 New identity created
[11:12:24] [267/322] INVB
[11:12:25] [268/322] MELD
[11:12:26] [269/322] JTYS
[11:12:27] [270/322] INCM
[11:12:28] [271/322] MCDV
[11:12:29] [272/322] KSGK
[11:12:30] [273/322] ICMG
[11:12:31] [274/322] CSCV
[11:12:32] [275/322] STMD
[11:12:32] 🔄 Identity reset
[11:12:32] 🔄 Identity rotated (every 10 requests)
[11:12:33] [276/322] STTR
[11:12:34] [277/322] INVC
[11:12:35] [278/322] JTBL
[11:12:36] [279/322] SRVV
[11:12:37] [280/322] MAVC
[11:12:38] [281/322] SRPP
[11:12:39] [282/322] JGDM
[11:12:41] [283/322] MBSJ
[11:12:42] [284/322] SSLL
[11:12:42] [285/322] SLKP
[11:12:43] 🔄 Identity reset
[11:12:43] 🔄 Identity rotated (every 10 requests)
[11:12:43] [286/322] NSRV
[11:12:44] [287/322] UTDV
[11:12:46] [288/322] KICM
[11:12:47] [289/322] KCMD
[11:12:48] [290/322] TTPP
[11:12:49] [291/322] KMPV
[11:12:50] [292/322] SKTV
[11:12:51] [293/322] STCV
[11:12:52] [294/322] SRDA
[11:12:53] [295/322] JTSX
[11:12:53] 🔄 Identity reset
[11:12:53] 🔄 Identity rotated (every 10 requests)
[11:12:53] 🔄 Retry 1/5 for JTSX in 2.2s
[11:12:53] 🔄 Identity reset
[11:12:56] 🧠 New identity created
[11:12:56] [296/322] STBV
[11:12:57] [297/322] APVZ
[11:12:58] [298/322] GSTV
[11:12:59] [299/322] NMVS
[11:13:00] [300/322] SKRT
[11:13:02] [301/322] RMDV
[11:13:03] [302/322] RATG
[11:13:04] [303/322] SJYV
[11:13:04] [304/322] NDGP
[11:13:05] 🔄 Identity reset
[11:13:05] 🔄 Identity rotated (every 10 requests)
[11:13:05] 🔄 Retry 1/5 for NDGP in 2.4s
[11:13:05] 🔄 Identity reset
[11:13:07] 🧠 New identity created
[11:13:08] [305/322] SNDG
[11:13:09] [306/322] INSR
[11:13:10] [307/322] INSO
[11:13:11] [308/322] CCSI
[11:13:12] [309/322] RASM
[11:13:13] [310/322] NEWC
[11:13:14] [311/322] VSHL
[11:13:15] [312/322] BISW
[11:13:16] [313/322] GCNG
[11:13:17] 🔄 Identity reset
[11:13:17] 🔄 Identity rotated (every 10 requests)
[11:13:17] [314/322] CWSC
[11:13:18] [315/322] SKAN
[11:13:19] [316/322] CCOA
[11:13:20] [317/322] MCAJ
[11:13:22] [318/322] ACDE
[11:13:23] [319/322] AACM
[11:13:24] [320/322] JJCK
[11:13:25] [321/322] RCMO
[11:13:26] [322/322] GDAW
[11:13:27] ✅ DONE | Shows=1027 | Movies=69
[12:06:54] 🚀 BMS DAILY TRACKER STARTED (enhanced anti‑detection)
[12:06:54] [1/322] CDCA
[12:06:54] 🧠 New identity created
[12:06:54] [2/322] VBCZ
[12:06:56] [3/322] MSDR
[12:06:57] [4/322] ACPV
[12:06:57] [5/322] PVHB
[12:06:58] [6/322] RCNH
[12:06:59] [7/322] IOMH
[12:06:59] [8/322] ILKS
[12:07:00] [9/322] AMSN
[12:07:01] [10/322] ANTP
[12:07:01] 🔄 Identity reset
[12:07:01] 🔄 Identity rotated (every 10 requests)
[12:07:02] [11/322] SSEK
[12:07:02] [12/322] PICP
[12:07:03] [13/322] SICO
[12:07:04] [14/322] SISP
[12:07:04] [15/322] SCPI
[12:07:05] [16/322] CRPR
[12:07:05] [17/322] DCTW
[12:07:06] [18/322] DCSP
[12:07:07] [19/322] KRPM
[12:07:08] [20/322] THKK
[12:07:08] 🔄 Identity reset
[12:07:08] 🔄 Identity rotated (every 10 requests)
[12:07:08] [21/322] SNMY
[12:07:09] [22/322] AKCC
[12:07:10] [23/322] PCAT
[12:07:11] [24/322] RFGO
[12:07:11] [25/322] GGCS
[12:07:12] [26/322] ACKR
[12:07:13] [27/322] STDO
[12:07:13] [28/322] ACKB
[12:07:14] [29/322] ALUC
[12:07:15] [30/322] MNSR
[12:07:15] 🔄 Identity reset
[12:07:15] 🔄 Identity rotated (every 10 requests)
[12:07:15] [31/322] CSSL
[12:07:16] [32/322] BGGM
[12:07:17] [33/322] MANT
[12:07:18] [34/322] SOOY
[12:07:19] [35/322] VPPK
[12:07:20] [36/322] MYHJ
[12:07:22] [37/322] KSCK
[12:07:23] [38/322] KATK
[12:07:24] [39/322] RTRT
[12:07:25] [40/322] SSTT
[12:07:26] 🔄 Identity reset
[12:07:26] 🔄 Identity rotated (every 10 requests)
[12:07:26] [41/322] SSTV
[12:07:27] [42/322] LACM
[12:07:28] [43/322] SGMG
[12:07:29] [44/322] KACX
[12:07:30] [45/322] GVCP
[12:07:31] [46/322] CSNC
[12:07:32] [47/322] SXCB
[12:07:33] [48/322] BAHS
[12:07:34] [49/322] PCBI
[12:07:35] [50/322] PSSM
[12:07:35] 🔄 Identity reset
[12:07:35] 🔄 Identity rotated (every 10 requests)
[12:07:36] [51/322] RCOK
[12:07:37] [52/322] SCPF
[12:07:38] [53/322] SSAS
[12:07:39] [54/322] EVMM
[12:07:41] [55/322] SYCB
[12:07:42] [56/322] GCKI
[12:07:43] [57/322] IAET
[12:07:44] [58/322] DDTD
[12:07:44] [59/322] GMDH
[12:07:45] [60/322] STLE
[12:07:46] 🔄 Identity reset
[12:07:46] 🔄 Identity rotated (every 10 requests)
[12:07:46] [61/322] JTRA
[12:07:47] [62/322] RPPA
[12:07:48] [63/322] ARUT
[12:07:49] [64/322] JTVM
[12:07:50] [65/322] SWRH
[12:07:51] [66/322] DCPC
[12:07:52] [67/322] RAPR
[12:07:53] [68/322] GCRT
[12:07:55] [69/322] ATUN
[12:07:56] [70/322] LTRM
[12:07:56] 🔄 Identity reset
[12:07:56] 🔄 Identity rotated (every 10 requests)
[12:07:57] [71/322] TASR
[12:07:58] [72/322] RLLC
[12:07:58] [73/322] MABI
[12:07:59] [74/322] SVHB
[12:08:00] [75/322] NVTB
[12:08:01] [76/322] KCKG
[12:08:02] [77/322] SSRN
[12:08:03] [78/322] VDDC
[12:08:04] [79/322] GKTK
[12:08:05] [80/322] YFSN
[12:08:05] 🔄 Identity reset
[12:08:05] 🔄 Identity rotated (every 10 requests)
[12:08:06] [81/322] GCSG
[12:08:07] [82/322] ESSM
[12:08:07] [83/322] KRIH
[12:08:09] [84/322] GCDS
[12:08:10] [85/322] CCSH
[12:08:12] [86/322] ACSK
[12:08:13] [87/322] APRK
[12:08:14] [88/322] ADKM
[12:08:15] [89/322] SRDM
[12:08:17] [90/322] SJMY
[12:08:18] 🔄 Identity reset
[12:08:18] 🔄 Identity rotated (every 10 requests)
[12:08:18] [91/322] PGGC
[12:08:19] [92/322] INGM
[12:08:20] [93/322] LSCB
[12:08:21] [94/322] STAD
[12:08:21] [95/322] MCCR
[12:08:22] [96/322] ABCC
[12:08:23] [97/322] RKCC
[12:08:24] [98/322] RTCR
[12:08:25] [99/322] GGBC
[12:08:26] [100/322] GCSD
[12:08:26] 🔄 Identity reset
[12:08:26] 🔄 Identity rotated (every 10 requests)
[12:08:26] [101/322] LPTY
[12:08:27] [102/322] MCFD
[12:08:28] [103/322] HENN
[12:08:29] [104/322] SMKU
[12:08:30] [105/322] TNZC
[12:08:31] [106/322] DRCD
[12:08:32] [107/322] DLCD
[12:08:34] [108/322] RCDA
[12:08:35] [109/322] COSM
[12:08:36] [110/322] MCMJ
[12:08:37] 🔄 Identity reset
[12:08:37] 🔄 Identity rotated (every 10 requests)
[12:08:37] [111/322] CSTR
[12:08:38] [112/322] CVDK
[12:08:39] [113/322] INRR
[12:08:40] [114/322] RJRT
[12:08:41] [115/322] IRMR
[12:08:42] [116/322] SRCF
[12:08:43] [117/322] GRCR
[12:08:43] [118/322] SURC
[12:08:44] [119/322] NMNH
[12:08:46] [120/322] SVBL
[12:08:46] 🔄 Identity reset
[12:08:46] 🔄 Identity rotated (every 10 requests)
[12:08:47] [121/322] KACI
[12:08:48] [122/322] TDGO
[12:08:49] [123/322] KTBR
[12:08:50] [124/322] PMAD
[12:08:52] [125/322] CCPN
[12:08:53] [126/322] SBTK
[12:08:54] [127/322] LMDK
[12:08:55] [128/322] PGDA
[12:08:56] [129/322] SRML
[12:08:57] [130/322] EVCK
[12:08:57] 🔄 Identity reset
[12:08:57] 🔄 Identity rotated (every 10 requests)
[12:08:59] [131/322] RTTK
[12:09:00] [132/322] SRTU
[12:09:01] [133/322] VRSA
[12:09:01] [134/322] VARS
[12:09:02] [135/322] DSCZ
[12:09:04] [136/322] GAGA
[12:09:05] [137/322] SARV
[12:09:05] [138/322] SEEG
[12:09:06] [139/322] GLCA
[12:09:08] [140/322] APAS
[12:09:08] 🔄 Identity reset
[12:09:08] 🔄 Identity rotated (every 10 requests)
[12:09:09] [141/322] VCIA
[12:09:10] [142/322] SJTA
[12:09:11] [143/322] SABM
[12:09:12] [144/322] PPAG
[12:09:13] [145/322] RVCA
[12:09:14] [146/322] CCIA
[12:09:15] [147/322] HTAG
[12:09:16] [148/322] SMBI
[12:09:17] [149/322] MCJR
[12:09:18] [150/322] CCJR
[12:09:19] 🔄 Identity reset
[12:09:19] 🔄 Identity rotated (every 10 requests)
[12:09:19] [151/322] SINF
[12:09:20] [152/322] CPLX
[12:09:22] [153/322] KKTJ
[12:09:23] [154/322] GDBW
[12:09:23] [155/322] CSUB
[12:09:24] [156/322] DABA
[12:09:25] [157/322] TITR
[12:09:26] [158/322] NYCR
[12:09:27] [159/322] RTRY
[12:09:28] [160/322] JTJL
[12:09:28] 🔄 Identity reset
[12:09:28] 🔄 Identity rotated (every 10 requests)
[12:09:30] [161/322] SJCP
[12:09:31] [162/322] KCCA
[12:09:32] [163/322] MLPG
[12:09:33] [164/322] VRCK
[12:09:33] [165/322] SRIN
[12:09:34] [166/322] CXMK
[12:09:35] [167/322] SKAD
[12:09:37] [168/322] AVTR
[12:09:38] [169/322] PTAJ
[12:09:39] [170/322] SCNK
[12:09:40] 🔄 Identity reset
[12:09:40] 🔄 Identity rotated (every 10 requests)
[12:09:40] [171/322] STTI
[12:09:41] [172/322] KACR
[12:09:42] [173/322] SSDX
[12:09:44] [174/322] VRTJ
[12:09:45] [175/322] RAJD
[12:09:46] [176/322] SCIP
[12:09:47] [177/322] RJSL
[12:09:48] [178/322] ARRS
[12:09:49] [179/322] ASMS
[12:09:49] [180/322] RDTS
[12:09:50] 🔄 Identity reset
[12:09:50] 🔄 Identity rotated (every 10 requests)
[12:09:51] [181/322] DVMY
[12:09:51] [182/322] RASA
[12:09:52] [183/322] INOM
[12:09:54] [184/322] SPRS
[12:09:55] [185/322] SGCS
[12:09:57] [186/322] SALM
[12:09:58] [187/322] PKHC
[12:10:00] [188/322] RCSV
[12:10:01] [189/322] CPKC
[12:10:02] [190/322] AACD
[12:10:02] 🔄 Identity reset
[12:10:02] 🔄 Identity rotated (every 10 requests)
[12:10:03] [191/322] GGCV
[12:10:04] [192/322] SMKD
[12:10:05] [193/322] NBCH
[12:10:06] [194/322] AMCB
[12:10:07] [195/322] OPCN
[12:10:08] [196/322] DCIN
[12:10:09] [197/322] INGW
[12:10:10] [198/322] PKKW
[12:10:11] [199/322] FNGW
[12:10:12] [200/322] GCGD
[12:10:13] 🔄 Identity reset
[12:10:13] 🔄 Identity rotated (every 10 requests)
[12:10:14] [201/322] MSTW
[12:10:15] [202/322] KCCG
[12:10:16] [203/322] MRSS
[12:10:17] [204/322] CLCF
[12:10:18] [205/322] EETS
[12:10:19] [206/322] AATR
[12:10:19] [207/322] CMMN
[12:10:20] [208/322] SCCJ
[12:10:21] [209/322] CDTK
[12:10:22] [210/322] AICP
[12:10:23] 🔄 Identity reset
[12:10:23] 🔄 Identity rotated (every 10 requests)
[12:10:24] [211/322] FNBP
[12:10:25] [212/322] CBPB
[12:10:26] [213/322] CPAS
[12:10:26] [214/322] MAPM
[12:10:27] [215/322] PASD
[12:10:29] [216/322] JCMN
[12:10:30] [217/322] MALB
[12:10:31] [218/322] SACG
[12:10:32] [219/322] DDRX
[12:10:33] [220/322] DDXB
[12:10:33] 🔄 Identity reset
[12:10:33] 🔄 Identity rotated (every 10 requests)
[12:10:34] [221/322] RAMC
[12:10:35] [222/322] SANC
[12:10:36] [223/322] BCBP
[12:10:37] [224/322] ALPC
[12:10:37] [225/322] RBAC
[12:10:39] [226/322] RAJL
[12:10:40] [227/322] MPDX
[12:10:41] [228/322] MUSC
[12:10:43] [229/322] VKMK
[12:10:44] [230/322] SKCG
[12:10:44] 🔄 Identity reset
[12:10:44] 🔄 Identity rotated (every 10 requests)
[12:10:45] [231/322] ANCN
[12:10:45] [232/322] MMCJ
[12:10:46] [233/322] DCAK
[12:10:47] [234/322] SCKG
[12:10:48] [235/322] LMCK
[12:10:49] [236/322] CKKX
[12:10:50] [237/322] ANKU
[12:10:52] [238/322] CSMD
[12:10:52] [239/322] MKMP
[12:10:54] [240/322] SVBG
[12:10:55] 🔄 Identity reset
[12:10:55] 🔄 Identity rotated (every 10 requests)
[12:10:55] [241/322] ROOP
[12:10:57] [242/322] GDMT
[12:10:58] [243/322] FPPF
[12:10:59] [244/322] SFUU
[12:11:00] [245/322] ANCB
[12:11:01] [246/322] SMMC
[12:11:01] [247/322] UGKT
[12:11:02] [248/322] JVRM
[12:11:03] [249/322] BATG
[12:11:04] [250/322] RATE
[12:11:05] 🔄 Identity reset
[12:11:05] 🔄 Identity rotated (every 10 requests)
[12:11:05] [251/322] SKME
[12:11:06] [252/322] LMTP
[12:11:07] [253/322] TCBD
[12:11:08] [254/322] ESBD
[12:11:08] [255/322] GDCU
[12:11:09] [256/322] SNKT
[12:11:10] [257/322] SRNK
[12:11:11] [258/322] SMED
[12:11:12] [259/322] CSQS
[12:11:13] [260/322] ALCS
[12:11:13] 🔄 Identity reset
[12:11:13] 🔄 Identity rotated (every 10 requests)
[12:11:14] [261/322] KCKN
[12:11:16] [262/322] VCCL
[12:11:17] [263/322] MCDA
[12:11:18] [264/322] SHMI
[12:11:19] [265/322] SKHA
[12:11:20] [266/322] SVFK
[12:11:21] [267/322] INVB
[12:11:22] [268/322] MELD
[12:11:23] [269/322] JTYS
[12:11:24] [270/322] INCM
[12:11:25] 🔄 Identity reset
[12:11:25] 🔄 Identity rotated (every 10 requests)
[12:11:25] [271/322] MCDV
[12:11:26] [272/322] KSGK
[12:11:27] [273/322] ICMG
[12:11:28] [274/322] CSCV
[12:11:29] [275/322] STMD
[12:11:30] [276/322] STTR
[12:11:30] [277/322] INVC
[12:11:31] [278/322] JTBL
[12:11:32] [279/322] SRVV
[12:11:33] [280/322] MAVC
[12:11:34] 🔄 Identity reset
[12:11:34] 🔄 Identity rotated (every 10 requests)
[12:11:34] [281/322] SRPP
[12:11:35] [282/322] JGDM
[12:11:37] [283/322] MBSJ
[12:11:38] [284/322] SSLL
[12:11:39] [285/322] SLKP
[12:11:39] [286/322] NSRV
[12:11:40] [287/322] UTDV
[12:11:41] [288/322] KICM
[12:11:42] [289/322] KCMD
[12:11:43] [290/322] TTPP
[12:11:43] 🔄 Identity reset
[12:11:43] 🔄 Identity rotated (every 10 requests)
[12:11:44] [291/322] KMPV
[12:11:45] [292/322] SKTV
[12:11:46] [293/322] STCV
[12:11:47] [294/322] SRDA
[12:11:48] [295/322] JTSX
[12:11:49] [296/322] STBV
[12:11:50] [297/322] APVZ
[12:11:51] [298/322] GSTV
[12:11:52] [299/322] NMVS
[12:11:52] [300/322] SKRT
[12:11:53] 🔄 Identity reset
[12:11:53] 🔄 Identity rotated (every 10 requests)
[12:11:53] [301/322] RMDV
[12:11:55] [302/322] RATG
[12:11:55] [303/322] SJYV
[12:11:56] [304/322] NDGP
[12:11:58] [305/322] SNDG
[12:12:00] [306/322] INSR
[12:12:01] [307/322] INSO
[12:12:02] [308/322] CCSI
[12:12:03] [309/322] RASM
[12:12:04] [310/322] NEWC
[12:12:05] 🔄 Identity reset
[12:12:05] 🔄 Identity rotated (every 10 requests)
[12:12:05] [311/322] VSHL
[12:12:06] [312/322] BISW
[12:12:08] [313/322] GCNG
[12:12:09] [314/322] CWSC
[12:12:10] [315/322] SKAN
[12:12:11] [316/322] CCOA
[12:12:11] [317/322] MCAJ
[12:12:12] [318/322] ACDE
[12:12:13] [319/322] AACM
[12:12:14] [320/322] JJCK
[12:12:15] 🔄 Identity reset
[12:12:15] 🔄 Identity rotated (every 10 requests)
[12:12:15] [321/322] RCMO
[12:12:16] [322/322] GDAW
[12:12:17] ✅ DONE | Shows=1230 | Movies=71
[13:07:05] 🚀 BMS DAILY TRACKER STARTED (enhanced anti‑detection)
[13:07:05] [1/322] CDCA
[13:07:06] 🧠 New identity created
[13:07:06] [2/322] VBCZ
[13:07:07] [3/322] MSDR
[13:07:09] [4/322] ACPV
[13:07:10] [5/322] PVHB
[13:07:11] [6/322] RCNH
[13:07:12] [7/322] IOMH
[13:07:13] [8/322] ILKS
[13:07:14] [9/322] AMSN
[13:07:15] [10/322] ANTP
[13:07:15] 🔄 Identity reset
[13:07:15] 🔄 Identity rotated (every 10 requests)
[13:07:16] [11/322] SSEK
[13:07:16] [12/322] PICP
[13:07:17] [13/322] SICO
[13:07:18] [14/322] SISP
[13:07:19] [15/322] SCPI
[13:07:20] [16/322] CRPR
[13:07:21] [17/322] DCTW
[13:07:21] [18/322] DCSP
[13:07:22] [19/322] KRPM
[13:07:23] [20/322] THKK
[13:07:24] 🔄 Identity reset
[13:07:24] 🔄 Identity rotated (every 10 requests)
[13:07:24] [21/322] SNMY
[13:07:25] [22/322] AKCC
[13:07:26] [23/322] PCAT
[13:07:27] [24/322] RFGO
[13:07:28] [25/322] GGCS
[13:07:29] [26/322] ACKR
[13:07:30] [27/322] STDO
[13:07:31] [28/322] ACKB
[13:07:32] [29/322] ALUC
[13:07:33] [30/322] MNSR
[13:07:34] 🔄 Identity reset
[13:07:34] 🔄 Identity rotated (every 10 requests)
[13:07:34] [31/322] CSSL
[13:07:35] [32/322] BGGM
[13:07:36] [33/322] MANT
[13:07:37] [34/322] SOOY
[13:07:38] [35/322] VPPK
[13:07:39] [36/322] MYHJ
[13:07:40] [37/322] KSCK
[13:07:40] [38/322] KATK
[13:07:42] [39/322] RTRT
[13:07:44] [40/322] SSTT
[13:07:44] 🔄 Identity reset
[13:07:44] 🔄 Identity rotated (every 10 requests)
[13:07:45] [41/322] SSTV
[13:07:46] [42/322] LACM
[13:07:47] [43/322] SGMG
[13:07:48] [44/322] KACX
[13:07:48] [45/322] GVCP
[13:07:49] [46/322] CSNC
[13:07:50] [47/322] SXCB
[13:07:51] [48/322] BAHS
[13:07:52] [49/322] PCBI
[13:07:53] [50/322] PSSM
[13:07:54] 🔄 Identity reset
[13:07:54] 🔄 Identity rotated (every 10 requests)
[13:07:54] [51/322] RCOK
[13:07:55] [52/322] SCPF
[13:07:56] [53/322] SSAS
[13:07:57] [54/322] EVMM
[13:07:58] [55/322] SYCB
[13:07:59] [56/322] GCKI
[13:08:00] [57/322] IAET
[13:08:01] [58/322] DDTD
[13:08:03] [59/322] GMDH
[13:08:04] [60/322] STLE
[13:08:04] 🔄 Identity reset
[13:08:04] 🔄 Identity rotated (every 10 requests)
[13:08:05] [61/322] JTRA
[13:08:06] [62/322] RPPA
[13:08:07] [63/322] ARUT
[13:08:08] [64/322] JTVM
[13:08:09] [65/322] SWRH
[13:08:10] [66/322] DCPC
[13:08:11] [67/322] RAPR
[13:08:12] [68/322] GCRT
[13:08:12] [69/322] ATUN
[13:08:13] [70/322] LTRM
[13:08:14] 🔄 Identity reset
[13:08:14] 🔄 Identity rotated (every 10 requests)
[13:08:14] [71/322] TASR
[13:08:15] [72/322] RLLC
[13:08:16] [73/322] MABI
[13:08:17] [74/322] SVHB
[13:08:18] [75/322] NVTB
[13:08:19] [76/322] KCKG
[13:08:20] [77/322] SSRN
[13:08:21] [78/322] VDDC
[13:08:23] [79/322] GKTK
[13:08:24] [80/322] YFSN
[13:08:24] 🔄 Identity reset
[13:08:24] 🔄 Identity rotated (every 10 requests)
[13:08:25] [81/322] GCSG
[13:08:26] [82/322] ESSM
[13:08:27] [83/322] KRIH
[13:08:28] [84/322] GCDS
[13:08:28] [85/322] CCSH
[13:08:29] [86/322] ACSK
[13:08:30] [87/322] APRK
[13:08:31] [88/322] ADKM
[13:08:32] [89/322] SRDM
[13:08:33] [90/322] SJMY
[13:08:34] 🔄 Identity reset
[13:08:34] 🔄 Identity rotated (every 10 requests)
[13:08:34] [91/322] PGGC
[13:08:35] [92/322] INGM
[13:08:36] [93/322] LSCB
[13:08:36] [94/322] STAD
[13:08:38] [95/322] MCCR
[13:08:39] [96/322] ABCC
[13:08:40] [97/322] RKCC
[13:08:40] [98/322] RTCR
[13:08:41] [99/322] GGBC
[13:08:42] [100/322] GCSD
[13:08:43] 🔄 Identity reset
[13:08:43] 🔄 Identity rotated (every 10 requests)
[13:08:43] [101/322] LPTY
[13:08:44] [102/322] MCFD
[13:08:46] [103/322] HENN
[13:08:46] [104/322] SMKU
[13:08:47] [105/322] TNZC
[13:08:48] [106/322] DRCD
[13:08:49] [107/322] DLCD
[13:08:50] [108/322] RCDA
[13:08:51] [109/322] COSM
[13:08:52] [110/322] MCMJ
[13:08:52] 🔄 Identity reset
[13:08:52] 🔄 Identity rotated (every 10 requests)
[13:08:53] [111/322] CSTR
[13:08:54] [112/322] CVDK
[13:08:55] [113/322] INRR
[13:08:56] [114/322] RJRT
[13:08:57] [115/322] IRMR
[13:08:58] [116/322] SRCF
[13:08:59] [117/322] GRCR
[13:09:00] [118/322] SURC
[13:09:02] [119/322] NMNH
[13:09:02] [120/322] SVBL
[13:09:03] 🔄 Identity reset
[13:09:03] 🔄 Identity rotated (every 10 requests)
[13:09:04] [121/322] KACI
[13:09:05] [122/322] TDGO
[13:09:06] [123/322] KTBR
[13:09:07] [124/322] PMAD
[13:09:07] [125/322] CCPN
[13:09:08] [126/322] SBTK
[13:09:09] [127/322] LMDK
[13:09:10] [128/322] PGDA
[13:09:11] [129/322] SRML
[13:09:12] [130/322] EVCK
[13:09:13] 🔄 Identity reset
[13:09:13] 🔄 Identity rotated (every 10 requests)
[13:09:13] [131/322] RTTK
[13:09:14] [132/322] SRTU
[13:09:14] [133/322] VRSA
[13:09:15] [134/322] VARS
[13:09:16] [135/322] DSCZ
[13:09:17] [136/322] GAGA
[13:09:18] [137/322] SARV
[13:09:19] [138/322] SEEG
[13:09:20] [139/322] GLCA
[13:09:21] [140/322] APAS
[13:09:21] 🔄 Identity reset
[13:09:22] 🔄 Identity rotated (every 10 requests)
[13:09:22] [141/322] VCIA
[13:09:23] [142/322] SJTA
[13:09:24] [143/322] SABM
[13:09:24] [144/322] PPAG
[13:09:25] [145/322] RVCA
[13:09:26] [146/322] CCIA
[13:09:27] [147/322] HTAG
[13:09:28] [148/322] SMBI
[13:09:29] [149/322] MCJR
[13:09:30] [150/322] CCJR
[13:09:31] 🔄 Identity reset
[13:09:31] 🔄 Identity rotated (every 10 requests)
[13:09:31] [151/322] SINF
[13:09:32] [152/322] CPLX
[13:09:33] [153/322] KKTJ
[13:09:34] [154/322] GDBW
[13:09:34] [155/322] CSUB
[13:09:35] [156/322] DABA
[13:09:36] [157/322] TITR
[13:09:37] [158/322] NYCR
[13:09:38] [159/322] RTRY
[13:09:40] [160/322] JTJL
[13:09:40] 🔄 Identity reset
[13:09:40] 🔄 Identity rotated (every 10 requests)
[13:09:40] 🔄 Retry 1/5 for JTJL in 2.5s
[13:09:40] 🔄 Identity reset
[13:09:43] 🧠 New identity created
[13:09:43] [161/322] SJCP
[13:09:44] [162/322] KCCA
[13:09:45] [163/322] MLPG
[13:09:46] [164/322] VRCK
[13:09:47] [165/322] SRIN
[13:09:48] [166/322] CXMK
[13:09:50] [167/322] SKAD
[13:09:51] [168/322] AVTR
[13:09:51] [169/322] PTAJ
[13:09:52] 🔄 Identity reset
[13:09:52] 🔄 Identity rotated (every 10 requests)
[13:09:53] [170/322] SCNK
[13:09:54] [171/322] STTI
[13:09:55] [172/322] KACR
[13:09:56] [173/322] SSDX
[13:09:56] [174/322] VRTJ
[13:09:57] [175/322] RAJD
[13:09:59] [176/322] SCIP
[13:10:00] [177/322] RJSL
[13:10:01] [178/322] ARRS
[13:10:02] [179/322] ASMS
[13:10:02] 🔄 Identity reset
[13:10:02] 🔄 Identity rotated (every 10 requests)
[13:10:02] [180/322] RDTS
[13:10:03] [181/322] DVMY
[13:10:04] [182/322] RASA
[13:10:06] [183/322] INOM
[13:10:06] [184/322] SPRS
[13:10:07] [185/322] SGCS
[13:10:08] [186/322] SALM
[13:10:09] [187/322] PKHC
[13:10:10] [188/322] RCSV
[13:10:11] [189/322] CPKC
[13:10:12] 🔄 Identity reset
[13:10:12] 🔄 Identity rotated (every 10 requests)
[13:10:13] [190/322] AACD
[13:10:13] [191/322] GGCV
[13:10:15] [192/322] SMKD
[13:10:16] [193/322] NBCH
[13:10:17] [194/322] AMCB
[13:10:17] [195/322] OPCN
[13:10:18] [196/322] DCIN
[13:10:20] [197/322] INGW
[13:10:21] [198/322] PKKW
[13:10:21] [199/322] FNGW
[13:10:22] 🔄 Identity reset
[13:10:22] 🔄 Identity rotated (every 10 requests)
[13:10:22] [200/322] GCGD
[13:10:23] [201/322] MSTW
[13:10:24] [202/322] KCCG
[13:10:25] [203/322] MRSS
[13:10:26] [204/322] CLCF
[13:10:26] [205/322] EETS
[13:10:27] [206/322] AATR
[13:10:28] [207/322] CMMN
[13:10:29] [208/322] SCCJ
[13:10:30] [209/322] CDTK
[13:10:31] 🔄 Identity reset
[13:10:31] 🔄 Identity rotated (every 10 requests)
[13:10:31] [210/322] AICP
[13:10:32] [211/322] FNBP
[13:10:33] [212/322] CBPB
[13:10:34] [213/322] CPAS
[13:10:35] [214/322] MAPM
[13:10:36] [215/322] PASD
[13:10:38] [216/322] JCMN
[13:10:39] [217/322] MALB
[13:10:40] [218/322] SACG
[13:10:40] [219/322] DDRX
[13:10:41] 🔄 Identity reset
[13:10:41] 🔄 Identity rotated (every 10 requests)
[13:10:41] [220/322] DDXB
[13:10:42] [221/322] RAMC
[13:10:43] [222/322] SANC
[13:10:44] [223/322] BCBP
[13:10:45] [224/322] ALPC
[13:10:46] [225/322] RBAC
[13:10:47] [226/322] RAJL
[13:10:48] [227/322] MPDX
[13:10:49] [228/322] MUSC
[13:10:50] [229/322] VKMK
[13:10:50] 🔄 Identity reset
[13:10:50] 🔄 Identity rotated (every 10 requests)
[13:10:50] [230/322] SKCG
[13:10:51] [231/322] ANCN
[13:10:52] [232/322] MMCJ
[13:10:53] [233/322] DCAK
[13:10:54] [234/322] SCKG
[13:10:55] [235/322] LMCK
[13:10:57] [236/322] CKKX
[13:10:58] [237/322] ANKU
[13:10:59] [238/322] CSMD
[13:11:00] [239/322] MKMP
[13:11:01] 🔄 Identity reset
[13:11:01] 🔄 Identity rotated (every 10 requests)
[13:11:01] [240/322] SVBG
[13:11:02] [241/322] ROOP
[13:11:03] [242/322] GDMT
[13:11:04] [243/322] FPPF
[13:11:05] [244/322] SFUU
[13:11:06] [245/322] ANCB
[13:11:07] [246/322] SMMC
[13:11:08] [247/322] UGKT
[13:11:09] [248/322] JVRM
[13:11:10] [249/322] BATG
[13:11:10] 🔄 Identity reset
[13:11:10] 🔄 Identity rotated (every 10 requests)
[13:11:10] [250/322] RATE
[13:11:11] [251/322] SKME
[13:11:13] [252/322] LMTP
[13:11:14] [253/322] TCBD
[13:11:15] [254/322] ESBD
[13:11:16] [255/322] GDCU
[13:11:17] [256/322] SNKT
[13:11:17] [257/322] SRNK
[13:11:18] [258/322] SMED
[13:11:19] [259/322] CSQS
[13:11:20] 🔄 Identity reset
[13:11:20] 🔄 Identity rotated (every 10 requests)
[13:11:20] [260/322] ALCS
[13:11:21] [261/322] KCKN
[13:11:22] [262/322] VCCL
[13:11:23] [263/322] MCDA
[13:11:24] [264/322] SHMI
[13:11:25] [265/322] SKHA
[13:11:26] [266/322] SVFK
[13:11:27] [267/322] INVB
[13:11:28] [268/322] MELD
[13:11:30] [269/322] JTYS
[13:11:31] 🔄 Identity reset
[13:11:31] 🔄 Identity rotated (every 10 requests)
[13:11:31] [270/322] INCM
[13:11:32] [271/322] MCDV
[13:11:32] [272/322] KSGK
[13:11:34] [273/322] ICMG
[13:11:35] [274/322] CSCV
[13:11:36] [275/322] STMD
[13:11:37] [276/322] STTR
[13:11:38] [277/322] INVC
[13:11:39] [278/322] JTBL
[13:11:40] [279/322] SRVV
[13:11:41] 🔄 Identity reset
[13:11:41] 🔄 Identity rotated (every 10 requests)
[13:11:41] [280/322] MAVC
[13:11:42] [281/322] SRPP
[13:11:43] [282/322] JGDM
[13:11:43] [283/322] MBSJ
[13:11:44] [284/322] SSLL
[13:11:45] [285/322] SLKP
[13:11:46] [286/322] NSRV
[13:11:47] [287/322] UTDV
[13:11:48] [288/322] KICM
[13:11:49] [289/322] KCMD
[13:11:49] 🔄 Identity reset
[13:11:49] 🔄 Identity rotated (every 10 requests)
[13:11:50] [290/322] TTPP
[13:11:51] [291/322] KMPV
[13:11:52] [292/322] SKTV
[13:11:52] [293/322] STCV
[13:11:53] [294/322] SRDA
[13:11:54] [295/322] JTSX
[13:11:55] [296/322] STBV
[13:11:56] [297/322] APVZ
[13:11:57] [298/322] GSTV
[13:11:58] [299/322] NMVS
[13:11:59] 🔄 Identity reset
[13:11:59] 🔄 Identity rotated (every 10 requests)
[13:11:59] [300/322] SKRT
[13:12:00] [301/322] RMDV
[13:12:01] [302/322] RATG
[13:12:02] [303/322] SJYV
[13:12:03] [304/322] NDGP
[13:12:04] [305/322] SNDG
[13:12:05] [306/322] INSR
[13:12:06] [307/322] INSO
[13:12:07] [308/322] CCSI
[13:12:08] [309/322] RASM
[13:12:08] 🔄 Identity reset
[13:12:08] 🔄 Identity rotated (every 10 requests)
[13:12:09] [310/322] NEWC
[13:12:10] [311/322] VSHL
[13:12:11] [312/322] BISW
[13:12:12] [313/322] GCNG
[13:12:13] [314/322] CWSC
[13:12:14] [315/322] SKAN
[13:12:15] [316/322] CCOA
[13:12:16] [317/322] MCAJ
[13:12:17] [318/322] ACDE
[13:12:18] [319/322] AACM
[13:12:18] 🔄 Identity reset
[13:12:18] 🔄 Identity rotated (every 10 requests)
[13:12:18] [320/322] JJCK
[13:12:19] [321/322] RCMO
[13:12:20] [322/322] GDAW
[13:12:21] ✅ DONE | Shows=1408 | Movies=73
[14:09:34] 🚀 BMS DAILY TRACKER STARTED (enhanced anti‑detection)
[14:09:34] [1/322] CDCA
[14:09:35] 🧠 New identity created
[14:09:35] [2/322] VBCZ
[14:09:36] [3/322] MSDR
[14:09:37] [4/322] ACPV
[14:09:38] [5/322] PVHB
[14:09:39] [6/322] RCNH
[14:09:40] [7/322] IOMH
[14:09:40] [8/322] ILKS
[14:09:41] [9/322] AMSN
[14:09:42] [10/322] ANTP
[14:09:43] 🔄 Identity reset
[14:09:43] 🔄 Identity rotated (every 10 requests)
[14:09:43] [11/322] SSEK
[14:09:44] [12/322] PICP
[14:09:45] [13/322] SICO
[14:09:47] [14/322] SISP
[14:09:48] [15/322] SCPI
[14:09:48] [16/322] CRPR
[14:09:50] [17/322] DCTW
[14:09:51] [18/322] DCSP
[14:09:52] [19/322] KRPM
[14:09:53] [20/322] THKK
[14:09:54] 🔄 Identity reset
[14:09:54] 🔄 Identity rotated (every 10 requests)
[14:09:54] [21/322] SNMY
[14:09:56] [22/322] AKCC
[14:09:58] [23/322] PCAT
[14:09:58] [24/322] RFGO
[14:09:59] [25/322] GGCS
[14:10:00] [26/322] ACKR
[14:10:01] [27/322] STDO
[14:10:03] [28/322] ACKB
[14:10:04] [29/322] ALUC
[14:10:05] [30/322] MNSR
[14:10:05] 🔄 Identity reset
[14:10:05] 🔄 Identity rotated (every 10 requests)
[14:10:05] [31/322] CSSL
[14:10:07] [32/322] BGGM
[14:10:08] [33/322] MANT
[14:10:09] [34/322] SOOY
[14:10:09] [35/322] VPPK
[14:10:10] [36/322] MYHJ
[14:10:11] [37/322] KSCK
[14:10:12] [38/322] KATK
[14:10:13] [39/322] RTRT
[14:10:14] [40/322] SSTT
[14:10:15] 🔄 Identity reset
[14:10:15] 🔄 Identity rotated (every 10 requests)
[14:10:15] [41/322] SSTV
[14:10:16] [42/322] LACM
[14:10:17] [43/322] SGMG
[14:10:18] [44/322] KACX
[14:10:19] [45/322] GVCP
[14:10:19] [46/322] CSNC
[14:10:20] [47/322] SXCB
[14:10:21] [48/322] BAHS
[14:10:22] [49/322] PCBI
[14:10:23] [50/322] PSSM
[14:10:23] 🔄 Identity reset
[14:10:23] 🔄 Identity rotated (every 10 requests)
[14:10:24] [51/322] RCOK
[14:10:25] [52/322] SCPF
[14:10:27] [53/322] SSAS
[14:10:28] [54/322] EVMM
[14:10:29] [55/322] SYCB
[14:10:29] [56/322] GCKI
[14:10:31] [57/322] IAET
[14:10:33] [58/322] DDTD
[14:10:33] [59/322] GMDH
[14:10:34] [60/322] STLE
[14:10:35] 🔄 Identity reset
[14:10:35] 🔄 Identity rotated (every 10 requests)
[14:10:36] [61/322] JTRA
[14:10:37] [62/322] RPPA
[14:10:38] [63/322] ARUT
[14:10:39] [64/322] JTVM
[14:10:40] [65/322] SWRH
[14:10:41] [66/322] DCPC
[14:10:42] [67/322] RAPR
[14:10:43] [68/322] GCRT
[14:10:44] [69/322] ATUN
[14:10:45] [70/322] LTRM
[14:10:45] 🔄 Identity reset
[14:10:45] 🔄 Identity rotated (every 10 requests)
[14:10:45] [71/322] TASR
[14:10:46] [72/322] RLLC
[14:10:47] [73/322] MABI
[14:10:48] [74/322] SVHB
[14:10:49] [75/322] NVTB
[14:10:50] [76/322] KCKG
[14:10:51] [77/322] SSRN
[14:10:52] [78/322] VDDC
[14:10:53] [79/322] GKTK
[14:10:54] [80/322] YFSN
[14:10:54] 🔄 Identity reset
[14:10:54] 🔄 Identity rotated (every 10 requests)
[14:10:55] [81/322] GCSG
[14:10:56] [82/322] ESSM
[14:10:57] [83/322] KRIH
[14:10:58] [84/322] GCDS
[14:10:58] [85/322] CCSH
[14:10:59] [86/322] ACSK
[14:11:00] [87/322] APRK
[14:11:02] [88/322] ADKM
[14:11:03] [89/322] SRDM
[14:11:04] [90/322] SJMY
[14:11:04] 🔄 Identity reset
[14:11:04] 🔄 Identity rotated (every 10 requests)
[14:11:04] [91/322] PGGC
[14:11:05] [92/322] INGM
[14:11:06] [93/322] LSCB
[14:11:07] [94/322] STAD
[14:11:08] [95/322] MCCR
[14:11:09] [96/322] ABCC
[14:11:10] [97/322] RKCC
[14:11:11] [98/322] RTCR
[14:11:12] [99/322] GGBC
[14:11:12] [100/322] GCSD
[14:11:13] 🔄 Identity reset
[14:11:13] 🔄 Identity rotated (every 10 requests)
[14:11:13] [101/322] LPTY
[14:11:14] [102/322] MCFD
[14:11:15] [103/322] HENN
[14:11:16] [104/322] SMKU
[14:11:17] [105/322] TNZC
[14:11:18] [106/322] DRCD
[14:11:19] [107/322] DLCD
[14:11:20] [108/322] RCDA
[14:11:22] [109/322] COSM
[14:11:23] [110/322] MCMJ
[14:11:23] 🔄 Identity reset
[14:11:24] 🔄 Identity rotated (every 10 requests)
[14:11:24] [111/322] CSTR
[14:11:25] [112/322] CVDK
[14:11:25] [113/322] INRR
[14:11:26] [114/322] RJRT
[14:11:27] [115/322] IRMR
[14:11:28] [116/322] SRCF
[14:11:29] [117/322] GRCR
[14:11:30] [118/322] SURC
[14:11:31] [119/322] NMNH
[14:11:33] [120/322] SVBL
[14:11:34] 🔄 Identity reset
[14:11:34] 🔄 Identity rotated (every 10 requests)
[14:11:34] [121/322] KACI
[14:11:35] [122/322] TDGO
[14:11:36] [123/322] KTBR
[14:11:37] [124/322] PMAD
[14:11:38] [125/322] CCPN
[14:11:39] [126/322] SBTK
[14:11:40] [127/322] LMDK
[14:11:40] [128/322] PGDA
[14:11:41] [129/322] SRML
[14:11:42] [130/322] EVCK
[14:11:43] 🔄 Identity reset
[14:11:43] 🔄 Identity rotated (every 10 requests)
[14:11:43] [131/322] RTTK
[14:11:44] [132/322] SRTU
[14:11:45] [133/322] VRSA
[14:11:47] [134/322] VARS
[14:11:48] [135/322] DSCZ
[14:11:48] [136/322] GAGA
[14:11:50] [137/322] SARV
[14:11:51] [138/322] SEEG
[14:11:53] [139/322] GLCA
[14:11:54] [140/322] APAS
[14:11:54] 🔄 Identity reset
[14:11:54] 🔄 Identity rotated (every 10 requests)
[14:11:55] [141/322] VCIA
[14:11:55] [142/322] SJTA
[14:11:56] [143/322] SABM
[14:11:57] [144/322] PPAG
[14:11:59] [145/322] RVCA
[14:12:00] [146/322] CCIA
[14:12:01] [147/322] HTAG
[14:12:01] [148/322] SMBI
[14:12:03] [149/322] MCJR
[14:12:04] [150/322] CCJR
[14:12:05] 🔄 Identity reset
[14:12:05] 🔄 Identity rotated (every 10 requests)
[14:12:05] [151/322] SINF
[14:12:06] [152/322] CPLX
[14:12:07] [153/322] KKTJ
[14:12:08] [154/322] GDBW
[14:12:09] [155/322] CSUB
[14:12:10] [156/322] DABA
[14:12:11] [157/322] TITR
[14:12:12] [158/322] NYCR
[14:12:12] [159/322] RTRY
[14:12:13] [160/322] JTJL
[14:12:14] 🔄 Identity reset
[14:12:14] 🔄 Identity rotated (every 10 requests)
[14:12:14] [161/322] SJCP
[14:12:16] [162/322] KCCA
[14:12:16] [163/322] MLPG
[14:12:17] [164/322] VRCK
[14:12:18] [165/322] SRIN
[14:12:19] [166/322] CXMK
[14:12:21] [167/322] SKAD
[14:12:22] [168/322] AVTR
[14:12:23] [169/322] PTAJ
[14:12:24] [170/322] SCNK
[14:12:25] 🔄 Identity reset
[14:12:25] 🔄 Identity rotated (every 10 requests)
[14:12:25] 🔄 Retry 1/5 for SCNK in 2.4s
[14:12:25] 🔄 Identity reset
[14:12:27] 🧠 New identity created
[14:12:27] [171/322] STTI
[14:12:28] [172/322] KACR
[14:12:29] [173/322] SSDX
[14:12:31] [174/322] VRTJ
[14:12:32] [175/322] RAJD
[14:12:33] [176/322] SCIP
[14:12:33] [177/322] RJSL
[14:12:34] [178/322] ARRS
[14:12:35] [179/322] ASMS
[14:12:36] 🔄 Identity reset
[14:12:36] 🔄 Identity rotated (every 10 requests)
[14:12:36] [180/322] RDTS
[14:12:37] [181/322] DVMY
[14:12:38] [182/322] RASA
[14:12:39] [183/322] INOM
[14:12:39] [184/322] SPRS
[14:12:41] [185/322] SGCS
[14:12:42] [186/322] SALM
[14:12:43] [187/322] PKHC
[14:12:44] [188/322] RCSV
[14:12:45] [189/322] CPKC
[14:12:46] 🔄 Identity reset
[14:12:46] 🔄 Identity rotated (every 10 requests)
[14:12:46] [190/322] AACD
[14:12:47] [191/322] GGCV
[14:12:48] [192/322] SMKD
[14:12:49] [193/322] NBCH
[14:12:50] [194/322] AMCB
[14:12:51] [195/322] OPCN
[14:12:52] [196/322] DCIN
[14:12:53] [197/322] INGW
[14:12:53] [198/322] PKKW
[14:12:54] [199/322] FNGW
[14:12:55] 🔄 Identity reset
[14:12:55] 🔄 Identity rotated (every 10 requests)
[14:12:55] [200/322] GCGD
[14:12:56] [201/322] MSTW
[14:12:57] [202/322] KCCG
[14:12:58] [203/322] MRSS
[14:12:59] [204/322] CLCF
[14:13:00] [205/322] EETS
[14:13:01] [206/322] AATR
[14:13:01] [207/322] CMMN
[14:13:02] [208/322] SCCJ
[14:13:03] [209/322] CDTK
[14:13:04] 🔄 Identity reset
[14:13:04] 🔄 Identity rotated (every 10 requests)
[14:13:04] [210/322] AICP
[14:13:06] [211/322] FNBP
[14:13:07] [212/322] CBPB
[14:13:07] [213/322] CPAS
[14:13:09] [214/322] MAPM
[14:13:10] [215/322] PASD
[14:13:11] [216/322] JCMN
[14:13:12] [217/322] MALB
[14:13:13] [218/322] SACG
[14:13:14] [219/322] DDRX
[14:13:14] 🔄 Identity reset
[14:13:14] 🔄 Identity rotated (every 10 requests)
[14:13:15] [220/322] DDXB
[14:13:16] [221/322] RAMC
[14:13:16] [222/322] SANC
[14:13:17] [223/322] BCBP
[14:13:18] [224/322] ALPC
[14:13:19] [225/322] RBAC
[14:13:20] [226/322] RAJL
[14:13:21] [227/322] MPDX
[14:13:22] [228/322] MUSC
[14:13:23] [229/322] VKMK
[14:13:24] 🔄 Identity reset
[14:13:24] 🔄 Identity rotated (every 10 requests)
[14:13:24] [230/322] SKCG
[14:13:25] [231/322] ANCN
[14:13:26] [232/322] MMCJ
[14:13:27] [233/322] DCAK
[14:13:28] [234/322] SCKG
[14:13:29] [235/322] LMCK
[14:13:30] [236/322] CKKX
[14:13:31] [237/322] ANKU
[14:13:32] [238/322] CSMD
[14:13:33] [239/322] MKMP
[14:13:33] 🔄 Identity reset
[14:13:33] 🔄 Identity rotated (every 10 requests)
[14:13:34] [240/322] SVBG
[14:13:35] [241/322] ROOP
[14:13:36] [242/322] GDMT
[14:13:37] [243/322] FPPF
[14:13:38] [244/322] SFUU
[14:13:39] [245/322] ANCB
[14:13:40] [246/322] SMMC
[14:13:41] [247/322] UGKT
[14:13:42] [248/322] JVRM
[14:13:43] [249/322] BATG
[14:13:44] 🔄 Identity reset
[14:13:44] 🔄 Identity rotated (every 10 requests)
[14:13:44] [250/322] RATE
[14:13:45] [251/322] SKME
[14:13:46] [252/322] LMTP
[14:13:47] [253/322] TCBD
[14:13:48] [254/322] ESBD
[14:13:49] [255/322] GDCU
[14:13:49] [256/322] SNKT
[14:13:50] [257/322] SRNK
[14:13:51] [258/322] SMED
[14:13:52] [259/322] CSQS
[14:13:53] 🔄 Identity reset
[14:13:53] 🔄 Identity rotated (every 10 requests)
[14:13:53] [260/322] ALCS
[14:13:54] [261/322] KCKN
[14:13:55] [262/322] VCCL
[14:13:56] [263/322] MCDA
[14:13:57] [264/322] SHMI
[14:13:58] [265/322] SKHA
[14:13:59] [266/322] SVFK
[14:14:00] [267/322] INVB
[14:14:00] [268/322] MELD
[14:14:01] [269/322] JTYS
[14:14:02] 🔄 Identity reset
[14:14:02] 🔄 Identity rotated (every 10 requests)
[14:14:03] [270/322] INCM
[14:14:04] [271/322] MCDV
[14:14:05] [272/322] KSGK
[14:14:06] [273/322] ICMG
[14:14:07] [274/322] CSCV
[14:14:08] [275/322] STMD
[14:14:09] [276/322] STTR
[14:14:10] [277/322] INVC
[14:14:11] [278/322] JTBL
[14:14:11] [279/322] SRVV
[14:14:12] 🔄 Identity reset
[14:14:12] 🔄 Identity rotated (every 10 requests)
[14:14:12] [280/322] MAVC
[14:14:13] [281/322] SRPP
[14:14:14] [282/322] JGDM
[14:14:16] [283/322] MBSJ
[14:14:16] [284/322] SSLL
[14:14:17] [285/322] SLKP
[14:14:18] [286/322] NSRV
[14:14:19] [287/322] UTDV
[14:14:20] [288/322] KICM
[14:14:21] [289/322] KCMD
[14:14:22] 🔄 Identity reset
[14:14:22] 🔄 Identity rotated (every 10 requests)
[14:14:22] [290/322] TTPP
[14:14:23] [291/322] KMPV
[14:14:24] [292/322] SKTV
[14:14:25] [293/322] STCV
[14:14:26] [294/322] SRDA
[14:14:27] [295/322] JTSX
[14:14:28] [296/322] STBV
[14:14:29] [297/322] APVZ
[14:14:30] [298/322] GSTV
[14:14:31] [299/322] NMVS
[14:14:32] 🔄 Identity reset
[14:14:32] 🔄 Identity rotated (every 10 requests)
[14:14:32] [300/322] SKRT
[14:14:33] [301/322] RMDV
[14:14:34] [302/322] RATG
[14:14:35] [303/322] SJYV
[14:14:37] [304/322] NDGP
[14:14:39] [305/322] SNDG
[14:14:39] [306/322] INSR
[14:14:40] [307/322] INSO
[14:14:41] [308/322] CCSI
[14:14:43] [309/322] RASM
[14:14:44] 🔄 Identity reset
[14:14:44] 🔄 Identity rotated (every 10 requests)
[14:14:44] [310/322] NEWC
[14:14:45] [311/322] VSHL
[14:14:46] [312/322] BISW
[14:14:47] [313/322] GCNG
[14:14:47] [314/322] CWSC
[14:14:48] [315/322] SKAN
[14:14:49] [316/322] CCOA
[14:14:50] [317/322] MCAJ
[14:14:51] [318/322] ACDE
[14:14:52] [319/322] AACM
[14:14:52] 🔄 Identity reset
[14:14:52] 🔄 Identity rotated (every 10 requests)
[14:14:53] [320/322] JJCK
[14:14:53] [321/322] RCMO
[14:14:54] [322/322] GDAW
[14:14:55] ✅ DONE | Shows=1503 | Movies=75
[15:10:00] 🚀 BMS DAILY TRACKER STARTED (enhanced anti‑detection)
[15:10:00] [1/322] CDCA
[15:10:01] 🧠 New identity created
[15:10:01] [2/322] VBCZ
[15:10:02] [3/322] MSDR
[15:10:03] [4/322] ACPV
[15:10:04] [5/322] PVHB
[15:10:04] [6/322] RCNH
[15:10:05] [7/322] IOMH
[15:10:06] [8/322] ILKS
[15:10:06] [9/322] AMSN
[15:10:07] [10/322] ANTP
[15:10:08] 🔄 Identity reset
[15:10:08] 🔄 Identity rotated (every 10 requests)
[15:10:08] [11/322] SSEK
[15:10:09] [12/322] PICP
[15:10:09] [13/322] SICO
[15:10:10] [14/322] SISP
[15:10:10] [15/322] SCPI
[15:10:11] [16/322] CRPR
[15:10:12] [17/322] DCTW
[15:10:12] [18/322] DCSP
[15:10:13] [19/322] KRPM
[15:10:14] [20/322] THKK
[15:10:14] 🔄 Identity reset
[15:10:14] 🔄 Identity rotated (every 10 requests)
[15:10:14] [21/322] SNMY
[15:10:15] [22/322] AKCC
[15:10:16] [23/322] PCAT
[15:10:16] [24/322] RFGO
[15:10:17] [25/322] GGCS
[15:10:18] [26/322] ACKR
[15:10:18] [27/322] STDO
[15:10:19] [28/322] ACKB
[15:10:20] [29/322] ALUC
[15:10:20] [30/322] MNSR
[15:10:21] 🔄 Identity reset
[15:10:21] 🔄 Identity rotated (every 10 requests)
[15:10:22] [31/322] CSSL
[15:10:23] [32/322] BGGM
[15:10:23] [33/322] MANT
[15:10:24] [34/322] SOOY
[15:10:25] [35/322] VPPK
[15:10:26] [36/322] MYHJ
[15:10:27] [37/322] KSCK
[15:10:28] [38/322] KATK
[15:10:29] [39/322] RTRT
[15:10:29] [40/322] SSTT
[15:10:30] 🔄 Identity reset
[15:10:30] 🔄 Identity rotated (every 10 requests)
[15:10:30] [41/322] SSTV
[15:10:31] [42/322] LACM
[15:10:32] [43/322] SGMG
[15:10:33] [44/322] KACX
[15:10:34] [45/322] GVCP
[15:10:35] [46/322] CSNC
[15:10:36] [47/322] SXCB
[15:10:37] [48/322] BAHS
[15:10:38] [49/322] PCBI
[15:10:40] [50/322] PSSM
[15:10:40] 🔄 Identity reset
[15:10:40] 🔄 Identity rotated (every 10 requests)
[15:10:41] [51/322] RCOK
[15:10:43] [52/322] SCPF
[15:10:43] [53/322] SSAS
[15:10:44] [54/322] EVMM
[15:10:45] [55/322] SYCB
[15:10:46] [56/322] GCKI
[15:10:47] [57/322] IAET
[15:10:48] [58/322] DDTD
[15:10:49] [59/322] GMDH
[15:10:50] [60/322] STLE
[15:10:50] 🔄 Identity reset
[15:10:50] 🔄 Identity rotated (every 10 requests)
[15:10:51] 🔄 Retry 1/5 for STLE in 2.0s
[15:10:51] 🔄 Identity reset
[15:10:53] 🧠 New identity created
[15:10:53] [61/322] JTRA
[15:10:54] [62/322] RPPA
[15:10:55] [63/322] ARUT
[15:10:56] [64/322] JTVM
[15:10:56] [65/322] SWRH
[15:10:57] [66/322] DCPC
[15:10:58] [67/322] RAPR
[15:10:59] [68/322] GCRT
[15:11:01] [69/322] ATUN
[15:11:02] 🔄 Identity reset
[15:11:02] 🔄 Identity rotated (every 10 requests)
[15:11:02] [70/322] LTRM
[15:11:03] [71/322] TASR
[15:11:04] [72/322] RLLC
[15:11:05] [73/322] MABI
[15:11:06] [74/322] SVHB
[15:11:07] [75/322] NVTB
[15:11:08] [76/322] KCKG
[15:11:09] [77/322] SSRN
[15:11:10] [78/322] VDDC
[15:11:11] [79/322] GKTK
[15:11:12] 🔄 Identity reset
[15:11:12] 🔄 Identity rotated (every 10 requests)
[15:11:13] [80/322] YFSN
[15:11:15] [81/322] GCSG
[15:11:16] [82/322] ESSM
[15:11:16] [83/322] KRIH
[15:11:18] [84/322] GCDS
[15:11:19] [85/322] CCSH
[15:11:20] [86/322] ACSK
[15:11:21] [87/322] APRK
[15:11:22] [88/322] ADKM
[15:11:23] [89/322] SRDM
[15:11:24] 🔄 Identity reset
[15:11:24] 🔄 Identity rotated (every 10 requests)
[15:11:25] [90/322] SJMY
[15:11:26] [91/322] PGGC
[15:11:27] [92/322] INGM
[15:11:28] [93/322] LSCB
[15:11:29] [94/322] STAD
[15:11:30] [95/322] MCCR
[15:11:31] [96/322] ABCC
[15:11:32] [97/322] RKCC
[15:11:33] [98/322] RTCR
[15:11:34] [99/322] GGBC
[15:11:34] 🔄 Identity reset
[15:11:34] 🔄 Identity rotated (every 10 requests)
[15:11:35] [100/322] GCSD
[15:11:35] [101/322] LPTY
[15:11:36] [102/322] MCFD
[15:11:37] [103/322] HENN
[15:11:38] [104/322] SMKU
[15:11:39] [105/322] TNZC
[15:11:40] [106/322] DRCD
[15:11:41] [107/322] DLCD
[15:11:42] [108/322] RCDA
[15:11:43] [109/322] COSM
[15:11:44] 🔄 Identity reset
[15:11:44] 🔄 Identity rotated (every 10 requests)
[15:11:44] [110/322] MCMJ
[15:11:45] [111/322] CSTR
[15:11:46] [112/322] CVDK
[15:11:47] [113/322] INRR
[15:11:48] [114/322] RJRT
[15:11:49] [115/322] IRMR
[15:11:50] [116/322] SRCF
[15:11:51] [117/322] GRCR
[15:11:52] [118/322] SURC
[15:11:53] [119/322] NMNH
[15:11:54] 🔄 Identity reset
[15:11:54] 🔄 Identity rotated (every 10 requests)
[15:11:54] [120/322] SVBL
[15:11:55] [121/322] KACI
[15:11:56] [122/322] TDGO
[15:11:57] [123/322] KTBR
[15:11:58] [124/322] PMAD
[15:11:59] [125/322] CCPN
[15:11:59] [126/322] SBTK
[15:12:00] [127/322] LMDK
[15:12:01] [128/322] PGDA
[15:12:02] [129/322] SRML
[15:12:03] 🔄 Identity reset
[15:12:03] 🔄 Identity rotated (every 10 requests)
[15:12:03] [130/322] EVCK
[15:12:04] [131/322] RTTK
[15:12:05] [132/322] SRTU
[15:12:06] [133/322] VRSA
[15:12:07] [134/322] VARS
[15:12:08] [135/322] DSCZ
[15:12:09] [136/322] GAGA
[15:12:11] [137/322] SARV
[15:12:12] [138/322] SEEG
[15:12:13] [139/322] GLCA
[15:12:13] 🔄 Identity reset
[15:12:13] 🔄 Identity rotated (every 10 requests)
[15:12:14] [140/322] APAS
[15:12:14] [141/322] VCIA
[15:12:15] [142/322] SJTA
[15:12:16] [143/322] SABM
[15:12:17] [144/322] PPAG
[15:12:19] [145/322] RVCA
[15:12:20] [146/322] CCIA
[15:12:21] [147/322] HTAG
[15:12:22] [148/322] SMBI
[15:12:23] [149/322] MCJR
[15:12:24] 🔄 Identity reset
[15:12:24] 🔄 Identity rotated (every 10 requests)
[15:12:24] [150/322] CCJR
[15:12:25] [151/322] SINF
[15:12:26] [152/322] CPLX
[15:12:27] [153/322] KKTJ
[15:12:29] [154/322] GDBW
[15:12:30] [155/322] CSUB
[15:12:31] [156/322] DABA
[15:12:32] [157/322] TITR
[15:12:33] [158/322] NYCR
[15:12:34] [159/322] RTRY
[15:12:34] 🔄 Identity reset
[15:12:34] 🔄 Identity rotated (every 10 requests)
[15:12:35] [160/322] JTJL
[15:12:36] [161/322] SJCP
[15:12:37] [162/322] KCCA
[15:12:38] [163/322] MLPG
[15:12:39] [164/322] VRCK
[15:12:40] [165/322] SRIN
[15:12:41] [166/322] CXMK
[15:12:42] [167/322] SKAD
[15:12:43] [168/322] AVTR
[15:12:43] [169/322] PTAJ
[15:12:44] 🔄 Identity reset
[15:12:44] 🔄 Identity rotated (every 10 requests)
[15:12:44] [170/322] SCNK
[15:12:45] [171/322] STTI
[15:12:47] [172/322] KACR
[15:12:47] [173/322] SSDX
[15:12:48] [174/322] VRTJ
[15:12:49] [175/322] RAJD
[15:12:51] [176/322] SCIP
[15:12:52] [177/322] RJSL
[15:12:53] [178/322] ARRS
[15:12:54] [179/322] ASMS
[15:12:54] 🔄 Identity reset
[15:12:54] 🔄 Identity rotated (every 10 requests)
[15:12:55] [180/322] RDTS
[15:12:56] [181/322] DVMY
[15:12:56] [182/322] RASA
[15:12:57] [183/322] INOM
[15:12:58] [184/322] SPRS
[15:12:59] [185/322] SGCS
[15:13:00] [186/322] SALM
[15:13:01] [187/322] PKHC
[15:13:02] [188/322] RCSV
[15:13:03] [189/322] CPKC
[15:13:04] 🔄 Identity reset
[15:13:04] 🔄 Identity rotated (every 10 requests)
[15:13:04] [190/322] AACD
[15:13:05] [191/322] GGCV
[15:13:06] [192/322] SMKD
[15:13:07] [193/322] NBCH
[15:13:08] [194/322] AMCB
[15:13:09] [195/322] OPCN
[15:13:10] [196/322] DCIN
[15:13:12] [197/322] INGW
[15:13:13] [198/322] PKKW
[15:13:14] [199/322] FNGW
[15:13:14] 🔄 Identity reset
[15:13:14] 🔄 Identity rotated (every 10 requests)
[15:13:16] [200/322] GCGD
[15:13:16] [201/322] MSTW
[15:13:17] [202/322] KCCG
[15:13:18] [203/322] MRSS
[15:13:19] [204/322] CLCF
[15:13:20] [205/322] EETS
[15:13:21] [206/322] AATR
[15:13:22] [207/322] CMMN
[15:13:23] [208/322] SCCJ
[15:13:24] [209/322] CDTK
[15:13:24] 🔄 Identity reset
[15:13:24] 🔄 Identity rotated (every 10 requests)
[15:13:25] [210/322] AICP
[15:13:26] [211/322] FNBP
[15:13:27] [212/322] CBPB
[15:13:28] [213/322] CPAS
[15:13:29] [214/322] MAPM
[15:13:30] [215/322] PASD
[15:13:32] [216/322] JCMN
[15:13:33] [217/322] MALB
[15:13:34] [218/322] SACG
[15:13:36] [219/322] DDRX
[15:13:36] 🔄 Identity reset
[15:13:36] 🔄 Identity rotated (every 10 requests)
[15:13:37] [220/322] DDXB
[15:13:38] [221/322] RAMC
[15:13:39] [222/322] SANC
[15:13:40] [223/322] BCBP
[15:13:41] [224/322] ALPC
[15:13:42] [225/322] RBAC
[15:13:44] [226/322] RAJL
[15:13:45] [227/322] MPDX
[15:13:46] [228/322] MUSC
[15:13:46] [229/322] VKMK
[15:13:47] 🔄 Identity reset
[15:13:47] 🔄 Identity rotated (every 10 requests)
[15:13:48] [230/322] SKCG
[15:13:49] [231/322] ANCN
[15:13:50] [232/322] MMCJ
[15:13:51] [233/322] DCAK
[15:13:52] [234/322] SCKG
[15:13:53] [235/322] LMCK
[15:13:54] [236/322] CKKX
[15:13:55] [237/322] ANKU
[15:13:56] [238/322] CSMD
[15:13:57] [239/322] MKMP
[15:13:58] 🔄 Identity reset
[15:13:58] 🔄 Identity rotated (every 10 requests)
[15:13:58] [240/322] SVBG
[15:13:59] [241/322] ROOP
[15:14:00] [242/322] GDMT
[15:14:01] [243/322] FPPF
[15:14:01] [244/322] SFUU
[15:14:02] [245/322] ANCB
[15:14:03] [246/322] SMMC
[15:14:04] [247/322] UGKT
[15:14:05] [248/322] JVRM
[15:14:07] [249/322] BATG
[15:14:07] 🔄 Identity reset
[15:14:07] 🔄 Identity rotated (every 10 requests)
[15:14:07] 🔄 Retry 1/5 for BATG in 2.6s
[15:14:07] 🔄 Identity reset
[15:14:10] 🧠 New identity created
[15:14:11] [250/322] RATE
[15:14:11] [251/322] SKME
[15:14:12] [252/322] LMTP
[15:14:13] [253/322] TCBD
[15:14:14] [254/322] ESBD
[15:14:16] [255/322] GDCU
[15:14:17] [256/322] SNKT
[15:14:18] [257/322] SRNK
[15:14:19] [258/322] SMED
[15:14:20] 🔄 Identity reset
[15:14:20] 🔄 Identity rotated (every 10 requests)
[15:14:20] [259/322] CSQS
[15:14:21] [260/322] ALCS
[15:14:22] [261/322] KCKN
[15:14:23] [262/322] VCCL
[15:14:24] [263/322] MCDA
[15:14:25] [264/322] SHMI
[15:14:26] [265/322] SKHA
[15:14:27] [266/322] SVFK
[15:14:27] [267/322] INVB
[15:14:29] [268/322] MELD
[15:14:30] 🔄 Identity reset
[15:14:30] 🔄 Identity rotated (every 10 requests)
[15:14:31] [269/322] JTYS
[15:14:32] [270/322] INCM
[15:14:33] [271/322] MCDV
[15:14:34] [272/322] KSGK
[15:14:35] [273/322] ICMG
[15:14:36] [274/322] CSCV
[15:14:37] [275/322] STMD
[15:14:38] [276/322] STTR
[15:14:39] [277/322] INVC
[15:14:40] [278/322] JTBL
[15:14:41] 🔄 Identity reset
[15:14:41] 🔄 Identity rotated (every 10 requests)
[15:14:41] [279/322] SRVV
[15:14:42] [280/322] MAVC
[15:14:43] [281/322] SRPP
[15:14:44] [282/322] JGDM
[15:14:46] [283/322] MBSJ
[15:14:47] [284/322] SSLL
[15:14:48] [285/322] SLKP
[15:14:49] [286/322] NSRV
[15:14:50] [287/322] UTDV
[15:14:51] [288/322] KICM
[15:14:51] 🔄 Identity reset
[15:14:51] 🔄 Identity rotated (every 10 requests)
[15:14:52] [289/322] KCMD
[15:14:52] [290/322] TTPP
[15:14:53] [291/322] KMPV
[15:14:54] [292/322] SKTV
[15:14:55] [293/322] STCV
[15:14:56] [294/322] SRDA
[15:14:57] [295/322] JTSX
[15:14:58] [296/322] STBV
[15:14:59] [297/322] APVZ
[15:15:00] [298/322] GSTV
[15:15:01] 🔄 Identity reset
[15:15:01] 🔄 Identity rotated (every 10 requests)
[15:15:01] [299/322] NMVS
[15:15:02] [300/322] SKRT
[15:15:03] [301/322] RMDV
[15:15:04] [302/322] RATG
[15:15:05] [303/322] SJYV
[15:15:06] [304/322] NDGP
[15:15:07] [305/322] SNDG
[15:15:08] [306/322] INSR
[15:15:09] [307/322] INSO
[15:15:10] [308/322] CCSI
[15:15:11] 🔄 Identity reset
[15:15:11] 🔄 Identity rotated (every 10 requests)
[15:15:11] [309/322] RASM
[15:15:12] [310/322] NEWC
[15:15:13] [311/322] VSHL
[15:15:14] [312/322] BISW
[15:15:15] [313/322] GCNG
[15:15:15] [314/322] CWSC
[15:15:16] [315/322] SKAN
[15:15:17] [316/322] CCOA
[15:15:19] [317/322] MCAJ
[15:15:20] [318/322] ACDE
[15:15:21] 🔄 Identity reset
[15:15:21] 🔄 Identity rotated (every 10 requests)
[15:15:21] [319/322] AACM
[15:15:22] [320/322] JJCK
[15:15:23] [321/322] RCMO
[15:15:24] [322/322] GDAW
[15:15:25] ✅ DONE | Shows=1779 | Movies=75
[16:09:50] 🚀 BMS DAILY TRACKER STARTED (enhanced anti‑detection)
[16:09:50] [1/322] CDCA
[16:09:50] 🧠 New identity created
[16:09:51] [2/322] VBCZ
[16:09:52] [3/322] MSDR
[16:09:53] [4/322] ACPV
[16:09:53] [5/322] PVHB
[16:09:54] [6/322] RCNH
[16:09:55] [7/322] IOMH
[16:09:56] [8/322] ILKS
[16:09:56] [9/322] AMSN
[16:09:58] [10/322] ANTP
[16:09:59] 🔄 Identity reset
[16:09:59] 🔄 Identity rotated (every 10 requests)
[16:09:59] [11/322] SSEK
[16:10:00] [12/322] PICP
[16:10:02] [13/322] SICO
[16:10:02] [14/322] SISP
[16:10:03] [15/322] SCPI
[16:10:04] [16/322] CRPR
[16:10:05] [17/322] DCTW
[16:10:06] [18/322] DCSP
[16:10:07] [19/322] KRPM
[16:10:08] [20/322] THKK
[16:10:08] 🔄 Identity reset
[16:10:08] 🔄 Identity rotated (every 10 requests)
[16:10:09] [21/322] SNMY
[16:10:10] [22/322] AKCC
[16:10:11] [23/322] PCAT
[16:10:11] [24/322] RFGO
[16:10:12] [25/322] GGCS
[16:10:13] [26/322] ACKR
[16:10:14] [27/322] STDO
[16:10:15] [28/322] ACKB
[16:10:17] [29/322] ALUC
[16:10:18] [30/322] MNSR
[16:10:18] 🔄 Identity reset
[16:10:18] 🔄 Identity rotated (every 10 requests)
[16:10:18] [31/322] CSSL
[16:10:19] [32/322] BGGM
[16:10:20] [33/322] MANT
[16:10:21] [34/322] SOOY
[16:10:22] [35/322] VPPK
[16:10:23] [36/322] MYHJ
[16:10:24] [37/322] KSCK
[16:10:25] [38/322] KATK
[16:10:25] [39/322] RTRT
[16:10:26] [40/322] SSTT
[16:10:27] 🔄 Identity reset
[16:10:27] 🔄 Identity rotated (every 10 requests)
[16:10:27] [41/322] SSTV
[16:10:28] [42/322] LACM
[16:10:29] [43/322] SGMG
[16:10:30] [44/322] KACX
[16:10:31] [45/322] GVCP
[16:10:32] [46/322] CSNC
[16:10:32] [47/322] SXCB
[16:10:33] [48/322] BAHS
[16:10:35] [49/322] PCBI
[16:10:35] [50/322] PSSM
[16:10:36] 🔄 Identity reset
[16:10:36] 🔄 Identity rotated (every 10 requests)
[16:10:36] [51/322] RCOK
[16:10:38] [52/322] SCPF
[16:10:39] [53/322] SSAS
[16:10:40] [54/322] EVMM
[16:10:41] [55/322] SYCB
[16:10:42] [56/322] GCKI
[16:10:42] [57/322] IAET
[16:10:43] [58/322] DDTD
[16:10:44] [59/322] GMDH
[16:10:46] [60/322] STLE
[16:10:46] 🔄 Identity reset
[16:10:46] 🔄 Identity rotated (every 10 requests)
[16:10:47] [61/322] JTRA
[16:10:48] [62/322] RPPA
[16:10:48] [63/322] ARUT
[16:10:50] [64/322] JTVM
[16:10:51] [65/322] SWRH
[16:10:51] [66/322] DCPC
[16:10:52] [67/322] RAPR
[16:10:54] [68/322] GCRT
[16:10:56] [69/322] ATUN
[16:10:56] [70/322] LTRM
[16:10:57] 🔄 Identity reset
[16:10:57] 🔄 Identity rotated (every 10 requests)
[16:10:57] [71/322] TASR
[16:10:59] [72/322] RLLC
[16:11:00] [73/322] MABI
[16:11:01] [74/322] SVHB
[16:11:02] [75/322] NVTB
[16:11:03] [76/322] KCKG
[16:11:04] [77/322] SSRN
[16:11:06] [78/322] VDDC
[16:11:06] [79/322] GKTK
[16:11:07] [80/322] YFSN
[16:11:08] 🔄 Identity reset
[16:11:08] 🔄 Identity rotated (every 10 requests)
[16:11:08] [81/322] GCSG
[16:11:09] [82/322] ESSM
[16:11:10] [83/322] KRIH
[16:11:12] [84/322] GCDS
[16:11:13] [85/322] CCSH
[16:11:14] [86/322] ACSK
[16:11:15] [87/322] APRK
[16:11:16] [88/322] ADKM
[16:11:17] [89/322] SRDM
[16:11:18] [90/322] SJMY
[16:11:19] 🔄 Identity reset
[16:11:19] 🔄 Identity rotated (every 10 requests)
[16:11:19] [91/322] PGGC
[16:11:20] [92/322] INGM
[16:11:21] [93/322] LSCB
[16:11:23] [94/322] STAD
[16:11:24] [95/322] MCCR
[16:11:24] [96/322] ABCC
[16:11:25] [97/322] RKCC
[16:11:26] [98/322] RTCR
[16:11:27] [99/322] GGBC
[16:11:28] [100/322] GCSD
[16:11:29] 🔄 Identity reset
[16:11:29] 🔄 Identity rotated (every 10 requests)
[16:11:29] [101/322] LPTY
[16:11:31] [102/322] MCFD
[16:11:31] [103/322] HENN
[16:11:32] [104/322] SMKU
[16:11:33] [105/322] TNZC
[16:11:34] [106/322] DRCD
[16:11:35] [107/322] DLCD
[16:11:37] [108/322] RCDA
[16:11:39] [109/322] COSM
[16:11:40] [110/322] MCMJ
[16:11:40] 🔄 Identity reset
[16:11:40] 🔄 Identity rotated (every 10 requests)
[16:11:41] [111/322] CSTR
[16:11:41] [112/322] CVDK
[16:11:42] [113/322] INRR
[16:11:43] [114/322] RJRT
[16:11:44] [115/322] IRMR
[16:11:45] [116/322] SRCF
[16:11:46] [117/322] GRCR
[16:11:47] [118/322] SURC
[16:11:48] [119/322] NMNH
[16:11:49] [120/322] SVBL
[16:11:49] 🔄 Identity reset
[16:11:49] 🔄 Identity rotated (every 10 requests)
[16:11:49] 🔄 Retry 1/5 for SVBL in 2.8s
[16:11:49] 🔄 Identity reset
[16:11:52] 🧠 New identity created
[16:11:52] [121/322] KACI
[16:11:53] [122/322] TDGO
[16:11:54] [123/322] KTBR
[16:11:55] [124/322] PMAD
[16:11:56] [125/322] CCPN
[16:11:57] [126/322] SBTK
[16:11:58] [127/322] LMDK
[16:12:00] [128/322] PGDA
[16:12:01] [129/322] SRML
[16:12:02] 🔄 Identity reset
[16:12:02] 🔄 Identity rotated (every 10 requests)
[16:12:02] 🔄 Retry 1/5 for SRML in 2.3s
[16:12:02] 🔄 Identity reset
[16:12:04] 🧠 New identity created
[16:12:04] [130/322] EVCK
[16:12:05] [131/322] RTTK
[16:12:07] [132/322] SRTU
[16:12:08] [133/322] VRSA
[16:12:08] [134/322] VARS
[16:12:09] [135/322] DSCZ
[16:12:10] [136/322] GAGA
[16:12:11] [137/322] SARV
[16:12:12] [138/322] SEEG
[16:12:12] 🔄 Identity reset
[16:12:12] 🔄 Identity rotated (every 10 requests)
[16:12:12] [139/322] GLCA
[16:12:13] [140/322] APAS
[16:12:15] [141/322] VCIA
[16:12:16] [142/322] SJTA
[16:12:17] [143/322] SABM
[16:12:18] [144/322] PPAG
[16:12:19] [145/322] RVCA
[16:12:20] [146/322] CCIA
[16:12:22] [147/322] HTAG
[16:12:23] [148/322] SMBI
[16:12:23] 🔄 Identity reset
[16:12:24] 🔄 Identity rotated (every 10 requests)
[16:12:25] [149/322] MCJR
[16:12:26] [150/322] CCJR
[16:12:27] [151/322] SINF
[16:12:28] [152/322] CPLX
[16:12:29] [153/322] KKTJ
[16:12:30] [154/322] GDBW
[16:12:31] [155/322] CSUB
[16:12:32] [156/322] DABA
[16:12:33] [157/322] TITR
[16:12:34] [158/322] NYCR
[16:12:35] 🔄 Identity reset
[16:12:35] 🔄 Identity rotated (every 10 requests)
[16:12:35] [159/322] RTRY
[16:12:36] [160/322] JTJL
[16:12:37] [161/322] SJCP
[16:12:38] [162/322] KCCA
[16:12:39] [163/322] MLPG
[16:12:40] [164/322] VRCK
[16:12:41] [165/322] SRIN
[16:12:42] [166/322] CXMK
[16:12:43] [167/322] SKAD
[16:12:45] [168/322] AVTR
[16:12:46] 🔄 Identity reset
[16:12:46] 🔄 Identity rotated (every 10 requests)
[16:12:46] [169/322] PTAJ
[16:12:47] [170/322] SCNK
[16:12:48] [171/322] STTI
[16:12:49] [172/322] KACR
[16:12:49] [173/322] SSDX
[16:12:51] [174/322] VRTJ
[16:12:52] [175/322] RAJD
[16:12:53] [176/322] SCIP
[16:12:54] [177/322] RJSL
[16:12:55] [178/322] ARRS
[16:12:55] 🔄 Identity reset
[16:12:55] 🔄 Identity rotated (every 10 requests)
[16:12:55] [179/322] ASMS
[16:12:57] [180/322] RDTS
[16:12:58] [181/322] DVMY
[16:12:59] [182/322] RASA
[16:13:00] [183/322] INOM
[16:13:01] [184/322] SPRS
[16:13:02] [185/322] SGCS
[16:13:03] [186/322] SALM
[16:13:04] [187/322] PKHC
[16:13:05] [188/322] RCSV
[16:13:06] 🔄 Identity reset
[16:13:06] 🔄 Identity rotated (every 10 requests)
[16:13:06] [189/322] CPKC
[16:13:07] [190/322] AACD
[16:13:09] [191/322] GGCV
[16:13:09] [192/322] SMKD
[16:13:11] [193/322] NBCH
[16:13:13] [194/322] AMCB
[16:13:13] [195/322] OPCN
[16:13:14] [196/322] DCIN
[16:13:15] [197/322] INGW
[16:13:16] [198/322] PKKW
[16:13:17] 🔄 Identity reset
[16:13:17] 🔄 Identity rotated (every 10 requests)
[16:13:18] [199/322] FNGW
[16:13:19] [200/322] GCGD
[16:13:20] [201/322] MSTW
[16:13:21] [202/322] KCCG
[16:13:21] [203/322] MRSS
[16:13:22] [204/322] CLCF
[16:13:23] [205/322] EETS
[16:13:24] [206/322] AATR
[16:13:26] [207/322] CMMN
[16:13:27] [208/322] SCCJ
[16:13:27] 🔄 Identity reset
[16:13:27] 🔄 Identity rotated (every 10 requests)
[16:13:27] [209/322] CDTK
[16:13:28] [210/322] AICP
[16:13:29] [211/322] FNBP
[16:13:30] [212/322] CBPB
[16:13:31] [213/322] CPAS
[16:13:32] [214/322] MAPM
[16:13:33] [215/322] PASD
[16:13:33] [216/322] JCMN
[16:13:34] [217/322] MALB
[16:13:35] [218/322] SACG
[16:13:36] 🔄 Identity reset
[16:13:36] 🔄 Identity rotated (every 10 requests)
[16:13:37] [219/322] DDRX
[16:13:38] [220/322] DDXB
[16:13:39] [221/322] RAMC
[16:13:40] [222/322] SANC
[16:13:40] [223/322] BCBP
[16:13:41] [224/322] ALPC
[16:13:42] [225/322] RBAC
[16:13:44] [226/322] RAJL
[16:13:45] [227/322] MPDX
[16:13:46] [228/322] MUSC
[16:13:46] 🔄 Identity reset
[16:13:46] 🔄 Identity rotated (every 10 requests)
[16:13:47] [229/322] VKMK
[16:13:47] [230/322] SKCG
[16:13:48] [231/322] ANCN
[16:13:49] [232/322] MMCJ
[16:13:50] [233/322] DCAK
[16:13:51] [234/322] SCKG
[16:13:52] [235/322] LMCK
[16:13:53] [236/322] CKKX
[16:13:55] [237/322] ANKU
[16:13:55] [238/322] CSMD
[16:13:56] 🔄 Identity reset
[16:13:56] 🔄 Identity rotated (every 10 requests)
[16:13:56] [239/322] MKMP
[16:13:57] [240/322] SVBG
[16:13:58] [241/322] ROOP
[16:14:00] [242/322] GDMT
[16:14:01] [243/322] FPPF
[16:14:02] [244/322] SFUU
[16:14:03] [245/322] ANCB
[16:14:04] [246/322] SMMC
[16:14:05] [247/322] UGKT
[16:14:06] [248/322] JVRM
[16:14:07] 🔄 Identity reset
[16:14:07] 🔄 Identity rotated (every 10 requests)
[16:14:07] [249/322] BATG
[16:14:08] [250/322] RATE
[16:14:08] [251/322] SKME
[16:14:09] [252/322] LMTP
[16:14:10] [253/322] TCBD
[16:14:11] [254/322] ESBD
[16:14:12] [255/322] GDCU
[16:14:13] [256/322] SNKT
[16:14:14] [257/322] SRNK
[16:14:15] [258/322] SMED
[16:14:15] 🔄 Identity reset
[16:14:15] 🔄 Identity rotated (every 10 requests)
[16:14:15] 🔄 Retry 1/5 for SMED in 2.6s
[16:14:15] 🔄 Identity reset
[16:14:18] 🧠 New identity created
[16:14:18] [259/322] CSQS
[16:14:19] [260/322] ALCS
[16:14:20] [261/322] KCKN
[16:14:21] [262/322] VCCL
[16:14:22] [263/322] MCDA
[16:14:22] [264/322] SHMI
[16:14:23] [265/322] SKHA
[16:14:24] [266/322] SVFK
[16:14:25] [267/322] INVB
[16:14:26] 🔄 Identity reset
[16:14:26] 🔄 Identity rotated (every 10 requests)
[16:14:26] [268/322] MELD
[16:14:27] [269/322] JTYS
[16:14:28] [270/322] INCM
[16:14:29] [271/322] MCDV
[16:14:29] [272/322] KSGK
[16:14:30] [273/322] ICMG
[16:14:31] [274/322] CSCV
[16:14:32] [275/322] STMD
[16:14:33] [276/322] STTR
[16:14:34] [277/322] INVC
[16:14:35] 🔄 Identity reset
[16:14:35] 🔄 Identity rotated (every 10 requests)
[16:14:35] [278/322] JTBL
[16:14:36] [279/322] SRVV
[16:14:37] [280/322] MAVC
[16:14:38] [281/322] SRPP
[16:14:39] [282/322] JGDM
[16:14:40] [283/322] MBSJ
[16:14:41] [284/322] SSLL
[16:14:42] [285/322] SLKP
[16:14:43] [286/322] NSRV
[16:14:44] [287/322] UTDV
[16:14:45] 🔄 Identity reset
[16:14:45] 🔄 Identity rotated (every 10 requests)
[16:14:45] [288/322] KICM
[16:14:46] [289/322] KCMD
[16:14:47] [290/322] TTPP
[16:14:48] [291/322] KMPV
[16:14:49] [292/322] SKTV
[16:14:49] [293/322] STCV
[16:14:50] [294/322] SRDA
[16:14:51] [295/322] JTSX
[16:14:52] [296/322] STBV
[16:14:53] [297/322] APVZ
[16:14:53] 🔄 Identity reset
[16:14:53] 🔄 Identity rotated (every 10 requests)
[16:14:54] [298/322] GSTV
[16:14:55] [299/322] NMVS
[16:14:55] [300/322] SKRT
[16:14:56] [301/322] RMDV
[16:14:57] [302/322] RATG
[16:14:58] [303/322] SJYV
[16:14:59] [304/322] NDGP
[16:15:01] [305/322] SNDG
[16:15:01] [306/322] INSR
[16:15:03] [307/322] INSO
[16:15:04] 🔄 Identity reset
[16:15:04] 🔄 Identity rotated (every 10 requests)
[16:15:04] [308/322] CCSI
[16:15:05] [309/322] RASM
[16:15:07] [310/322] NEWC
[16:15:08] [311/322] VSHL
[16:15:08] [312/322] BISW
[16:15:09] [313/322] GCNG
[16:15:10] [314/322] CWSC
[16:15:11] [315/322] SKAN
[16:15:12] [316/322] CCOA
[16:15:13] [317/322] MCAJ
[16:15:13] 🔄 Identity reset
[16:15:13] 🔄 Identity rotated (every 10 requests)
[16:15:14] [318/322] ACDE
[16:15:16] [319/322] AACM
[16:15:16] [320/322] JJCK
[16:15:17] [321/322] RCMO
[16:15:18] [322/322] GDAW
[16:15:19] ✅ DONE | Shows=1981 | Movies=77
