[00:17:23] 🚀 BMS DAILY TRACKER STARTED (enhanced anti‑detection)
[00:17:24] [1/455] MXGN
[00:17:24] 🧠 New identity created
[00:17:24] 🔄 Retry 1/5 for MXGN in 2.0s
[00:17:24] 🔄 Identity reset
[00:17:26] 🧠 New identity created
[00:17:27] [2/455] PGGM
[00:17:28] [3/455] IPMJ
[00:17:29] [4/455] M2PP
[00:17:30] [5/455] PMMS
[00:17:31] [6/455] SCJN
[00:17:32] [7/455] CPUM
[00:17:33] [8/455] SCND
[00:17:34] [9/455] INWM
[00:17:35] 🔄 Identity reset
[00:17:35] 🔄 Identity rotated (every 10 requests)
[00:17:35] [10/455] DVDC
[00:17:36] [11/455] WVND
[00:17:37] [12/455] LBDL
[00:17:38] [13/455] CRGM
[00:17:39] [14/455] PVKS
[00:17:40] [15/455] PBLL
[00:17:40] [16/455] FNLN
[00:17:41] [17/455] PPDA
[00:17:42] [18/455] SCPT
[00:17:44] [19/455] IAJS
[00:17:44] 🔄 Identity reset
[00:17:44] 🔄 Identity rotated (every 10 requests)
[00:17:45] 🔄 Retry 1/5 for IAJS in 2.2s
[00:17:45] 🔄 Identity reset
[00:17:47] 🧠 New identity created
[00:17:47] [20/455] MMZG
[00:17:48] [21/455] MCTI
[00:17:49] [22/455] PPMF
[00:17:49] [23/455] FNSD
[00:17:50] [24/455] M2RH
[00:17:51] [25/455] CPGV
[00:17:52] [26/455] PECD
[00:17:54] [27/455] CTEE
[00:17:55] [28/455] IOMG
[00:17:56] 🔄 Identity reset
[00:17:56] 🔄 Identity rotated (every 10 requests)
[00:17:57] [29/455] CIJA
[00:17:58] [30/455] NYCG
[00:17:59] [31/455] CEST
[00:18:00] [32/455] WVRG
[00:18:01] [33/455] DPDC
[00:18:02] [34/455] PDIV
[00:18:03] [35/455] MTPP
[00:18:04] [36/455] MHNU
[00:18:05] [37/455] WUPG
[00:18:07] [38/455] USCO
[00:18:07] 🔄 Identity reset
[00:18:07] 🔄 Identity rotated (every 10 requests)
[00:18:07] 🔄 Retry 1/5 for USCO in 2.8s
[00:18:07] 🔄 Identity reset
[00:18:10] 🧠 New identity created
[00:18:10] 🔄 Retry 2/5 for USCO in 4.5s
[00:18:10] 🔄 Identity reset
[00:18:15] 🧠 New identity created
[00:18:15] [39/455] INFR
[00:18:16] [40/455] PVPD
[00:18:17] [41/455] RONC
[00:18:18] [42/455] IOCP
[00:18:19] [43/455] EMPS
[00:18:19] [44/455] PNAD
[00:18:20] [45/455] VVGZ
[00:18:21] [46/455] MDDC
[00:18:22] 🔄 Identity reset
[00:18:22] 🔄 Identity rotated (every 10 requests)
[00:18:22] [47/455] MMAP
[00:18:23] [48/455] GPDC
[00:18:24] [49/455] PVPU
[00:18:25] [50/455] DCMV
[00:18:26] [51/455] PCCF
[00:18:27] [52/455] MCEF
[00:18:28] [53/455] INRD
[00:18:29] [54/455] CCPZ
[00:18:31] [55/455] BCWG
[00:18:32] [56/455] PMGU
[00:18:32] 🔄 Identity reset
[00:18:32] 🔄 Identity rotated (every 10 requests)
[00:18:32] 🔄 Retry 1/5 for PMGU in 2.9s
[00:18:32] 🔄 Identity reset
[00:18:35] 🧠 New identity created
[00:18:35] 🔄 Retry 2/5 for PMGU in 4.0s
[00:18:35] 🔄 Identity reset
[00:18:39] 🧠 New identity created
[00:18:40] [57/455] MCVM
[00:18:41] [58/455] MCDE
[00:18:42] [59/455] IEFM
[00:18:43] [60/455] MXCS
[00:18:44] [61/455] RNMT
[00:18:44] [62/455] PSDD
[00:18:45] [63/455] PETA
[00:18:47] [64/455] IZOP
[00:18:47] 🔄 Identity reset
[00:18:47] 🔄 Identity rotated (every 10 requests)
[00:18:47] 🔄 Retry 1/5 for IZOP in 2.1s
[00:18:47] 🔄 Identity reset
[00:18:49] 🧠 New identity created
[00:18:49] 🔄 Retry 2/5 for IZOP in 4.5s
[00:18:49] 🔄 Identity reset
[00:18:54] 🧠 New identity created
[00:18:54] 🔄 Retry 3/5 for IZOP in 8.4s
[00:18:54] 🔄 Identity reset
[00:19:02] 🧠 New identity created
[00:19:03] [65/455] PDEI
[00:19:04] [66/455] MTND
[00:19:05] [67/455] PCPL
[00:19:06] [68/455] LSCM
[00:19:07] [69/455] BTFD
[00:19:08] [70/455] MERM
[00:19:09] [71/455] PVMS
[00:19:09] 🔄 Identity reset
[00:19:09] 🔄 Identity rotated (every 10 requests)
[00:19:09] 🔄 Retry 1/5 for PVMS in 2.3s
[00:19:09] 🔄 Identity reset
[00:19:12] 🧠 New identity created
[00:19:12] 🔄 Retry 2/5 for PVMS in 4.2s
[00:19:12] 🔄 Identity reset
[00:19:16] 🧠 New identity created
[00:19:16] [72/455] CIGK
[00:19:17] [73/455] INSG
[00:19:18] [74/455] IDEN
[00:19:19] [75/455] MCGN
[00:19:20] [76/455] IGAM
[00:19:21] [77/455] SLCU
[00:19:22] [78/455] MIMU
[00:19:24] [79/455] QLAC
[00:19:24] 🔄 Identity reset
[00:19:24] 🔄 Identity rotated (every 10 requests)
[00:19:25] [80/455] MENL
[00:19:26] [81/455] SCUR
[00:19:27] [82/455] MDGD
[00:19:28] [83/455] LSRS
[00:19:29] [84/455] KMLG
[00:19:30] [85/455] MKLJ
[00:19:31] [86/455] IBYG
[00:19:32] [87/455] ISML
[00:19:33] [88/455] MJMM
[00:19:35] [89/455] RCGD
[00:19:35] 🔄 Identity reset
[00:19:35] 🔄 Identity rotated (every 10 requests)
[00:19:36] [90/455] MMOC
[00:19:37] [91/455] RRCO
[00:19:37] [92/455] MEDM
[00:19:38] [93/455] MCAZ
[00:19:40] [94/455] STWA
[00:19:41] [95/455] PFFG
[00:19:42] [96/455] GAGC
[00:19:43] [97/455] PMPM
[00:19:44] [98/455] HVCD
[00:19:45] [99/455] AKRF
[00:19:45] 🔄 Identity reset
[00:19:45] 🔄 Identity rotated (every 10 requests)
[00:19:46] [100/455] AKRC
[00:19:47] [101/455] MIDA
[00:19:48] [102/455] MAGX
[00:19:49] [103/455] ESOS
[00:19:50] [104/455] BBCL
[00:19:51] [105/455] LYAS
[00:19:52] [106/455] NRMS
[00:19:52] [107/455] BHUC
[00:19:54] [108/455] SRIC
[00:19:55] [109/455] PDME
[00:19:55] 🔄 Identity reset
[00:19:55] 🔄 Identity rotated (every 10 requests)
[00:19:56] [110/455] MJCS
[00:19:57] [111/455] NRAA
[00:19:58] [112/455] VATA
[00:19:59] [113/455] MNKC
[00:20:00] [114/455] DHCL
[00:20:01] [115/455] JCPC
[00:20:02] [116/455] CTML
[00:20:02] [117/455] RMMR
[00:20:03] [118/455] STTL
[00:20:04] [119/455] CNPS
[00:20:05] 🔄 Identity reset
[00:20:05] 🔄 Identity rotated (every 10 requests)
[00:20:05] 🔄 Retry 1/5 for CNPS in 2.7s
[00:20:05] 🔄 Identity reset
[00:20:08] 🧠 New identity created
[00:20:08] [120/455] ACKL
[00:20:09] [121/455] SCAU
[00:20:10] [122/455] RMIA
[00:20:11] [123/455] MANU
[00:20:12] [124/455] ARDC
[00:20:13] [125/455] GLDA
[00:20:14] [126/455] KVSW
[00:20:15] [127/455] CGCA
[00:20:16] [128/455] CMLO
[00:20:16] 🔄 Identity reset
[00:20:16] 🔄 Identity rotated (every 10 requests)
[00:20:16] 🔄 Retry 1/5 for CMLO in 2.3s
[00:20:16] 🔄 Identity reset
[00:20:19] 🧠 New identity created
[00:20:19] [129/455] CECB
[00:20:20] [130/455] RCPN
[00:20:21] [131/455] ASMW
[00:20:22] [132/455] PWLM
[00:20:23] [133/455] ASGM
[00:20:24] [134/455] ACWH
[00:20:24] [135/455] AAPW
[00:20:25] [136/455] RTWA
[00:20:26] [137/455] RAMW
[00:20:27] 🔄 Identity reset
[00:20:27] 🔄 Identity rotated (every 10 requests)
[00:20:27] [138/455] VKTR
[00:20:28] [139/455] SMBH
[00:20:29] [140/455] BVDR
[00:20:30] [141/455] MRTP
[00:20:31] [142/455] BLBR
[00:20:32] [143/455] LPIN
[00:20:33] [144/455] SNPC
[00:20:34] [145/455] PDCB
[00:20:35] [146/455] DYPK
[00:20:36] [147/455] INMK
[00:20:36] 🔄 Identity reset
[00:20:36] 🔄 Identity rotated (every 10 requests)
[00:20:37] [148/455] PDCK
[00:20:38] [149/455] PCKR
[00:20:38] [150/455] SHUA
[00:20:40] [151/455] SCVK
[00:20:42] [152/455] STPA
[00:20:42] [153/455] WVHD
[00:20:43] [154/455] MRCH
[00:20:44] [155/455] MCNP
[00:20:45] [156/455] RCAG
[00:20:45] [157/455] JTSN
[00:20:46] 🔄 Identity reset
[00:20:46] 🔄 Identity rotated (every 10 requests)
[00:20:46] [158/455] AANS
[00:20:47] [159/455] GDDR
[00:20:49] [160/455] SRER
[00:20:49] [161/455] JKMA
[00:20:50] [162/455] ARAN
[00:20:51] [163/455] ALCT
[00:20:52] [164/455] CCTA
[00:20:53] [165/455] CNCT
[00:20:54] [166/455] NZBL
[00:20:55] [167/455] SRRA
[00:20:56] 🔄 Identity reset
[00:20:56] 🔄 Identity rotated (every 10 requests)
[00:20:56] 🔄 Retry 1/5 for SRRA in 2.9s
[00:20:56] 🔄 Identity reset
[00:20:59] 🧠 New identity created
[00:20:59] 🔄 Retry 2/5 for SRRA in 4.6s
[00:20:59] 🔄 Identity reset
[00:21:03] 🧠 New identity created
[00:21:03] [168/455] SVPW
[00:21:04] [169/455] SRTW
[00:21:05] [170/455] XMTD
[00:21:06] [171/455] SCCZ
[00:21:06] [172/455] PBCR
[00:21:07] [173/455] RTSC
[00:21:08] [174/455] TLSV
[00:21:09] [175/455] RMTK
[00:21:09] 🔄 Identity reset
[00:21:09] 🔄 Identity rotated (every 10 requests)
[00:21:09] 🔄 Retry 1/5 for RMTK in 2.9s
[00:21:09] 🔄 Identity reset
[00:21:12] 🧠 New identity created
[00:21:12] [176/455] SRAT
[00:21:13] [177/455] GCYC
[00:21:13] [178/455] HCAJ
[00:21:14] [179/455] LCXA
[00:21:15] [180/455] BINT
[00:21:15] [181/455] IXIM
[00:21:16] [182/455] MBCR
[00:21:17] [183/455] BMCJ
[00:21:18] [184/455] NICJ
[00:21:18] 🔄 Identity reset
[00:21:18] 🔄 Identity rotated (every 10 requests)
[00:21:18] [185/455] SCAJ
[00:21:19] [186/455] CMXS
[00:21:19] [187/455] MMSR
[00:21:20] [188/455] PRKT
[00:21:21] [189/455] LPTH
[00:21:21] [190/455] SARP
[00:21:22] [191/455] MNPP
[00:21:23] [192/455] PRLR
[00:21:23] [193/455] RCMW
[00:21:24] [194/455] FCMG
[00:21:25] 🔄 Identity reset
[00:21:25] 🔄 Identity rotated (every 10 requests)
[00:21:25] 🔄 Retry 1/5 for FCMG in 2.6s
[00:21:25] 🔄 Identity reset
[00:21:27] 🧠 New identity created
[00:21:27] 🔄 Retry 2/5 for FCMG in 4.6s
[00:21:27] 🔄 Identity reset
[00:21:32] 🧠 New identity created
[00:21:32] [195/455] RTNK
[00:21:33] [196/455] LRCP
[00:21:33] [197/455] DBJR
[00:21:34] [198/455] CACN
[00:21:35] [199/455] AMRL
[00:21:35] [200/455] SBBC
[00:21:36] [201/455] VENN
[00:21:37] [202/455] STSS
[00:21:37] 🔄 Identity reset
[00:21:37] 🔄 Identity rotated (every 10 requests)
[00:21:37] [203/455] SMRB
[00:21:38] [204/455] CCMX
[00:21:39] [205/455] KCMR
[00:21:39] [206/455] SALH
[00:21:40] [207/455] CGTT
[00:21:40] [208/455] PMDR
[00:21:41] [209/455] VCPM
[00:21:42] [210/455] RZMX
[00:21:42] [211/455] TMSY
[00:21:43] [212/455] NTMS
[00:21:44] 🔄 Identity reset
[00:21:44] 🔄 Identity rotated (every 10 requests)
[00:21:44] 🔄 Retry 1/5 for NTMS in 2.7s
[00:21:44] 🔄 Identity reset
[00:21:46] 🧠 New identity created
[00:21:46] 🔄 Retry 2/5 for NTMS in 4.4s
[00:21:46] 🔄 Identity reset
[00:21:51] 🧠 New identity created
[00:21:51] 🔄 Retry 3/5 for NTMS in 8.5s
[00:21:51] 🔄 Identity reset
[00:21:59] 🧠 New identity created
[00:22:00] [213/455] VTAG
[00:22:00] [214/455] REMA
[00:22:01] [215/455] NXCC
[00:22:02] [216/455] SKYM
[00:22:02] [217/455] CCMO
[00:22:03] [218/455] DMXM
[00:22:04] [219/455] SPPM
[00:22:04] 🔄 Identity reset
[00:22:04] 🔄 Identity rotated (every 10 requests)
[00:22:04] 🔄 Retry 1/5 for SPPM in 2.5s
[00:22:04] 🔄 Identity reset
[00:22:07] 🧠 New identity created
[00:22:07] 🔄 Retry 2/5 for SPPM in 4.4s
[00:22:07] 🔄 Identity reset
[00:22:11] 🧠 New identity created
[00:22:11] [220/455] PTKL
[00:22:12] [221/455] SLVO
[00:22:13] [222/455] VASL
[00:22:13] [223/455] CBCM
[00:22:14] [224/455] STMA
[00:22:15] [225/455] LASK
[00:22:15] [226/455] VITE
[00:22:16] [227/455] AAST
[00:22:16] 🔄 Identity reset
[00:22:16] 🔄 Identity rotated (every 10 requests)
[00:22:17] 🔄 Retry 1/5 for AAST in 2.2s
[00:22:17] 🔄 Identity reset
[00:22:19] 🧠 New identity created
[00:22:19] 🔄 Retry 2/5 for AAST in 5.0s
[00:22:19] 🔄 Identity reset
[00:22:24] 🧠 New identity created
[00:22:24] [228/455] JTPT
[00:22:24] [229/455] RRSH
[00:22:25] [230/455] CINL
[00:22:26] [231/455] MCSR
[00:22:26] [232/455] SBCF
[00:22:27] [233/455] GCDU
[00:22:28] [234/455] PSPR
[00:22:28] [235/455] IMMO
[00:22:29] 🔄 Identity reset
[00:22:29] 🔄 Identity rotated (every 10 requests)
[00:22:29] [236/455] CLGM
[00:22:30] [237/455] PBMM
[00:22:30] [238/455] CEHR
[00:22:31] [239/455] CPOE
[00:22:32] [240/455] PGFD
[00:22:32] [241/455] PSLC
[00:22:33] [242/455] MSMD
[00:22:34] [243/455] FMFB
[00:22:34] [244/455] RKCL
[00:22:35] [245/455] PMMC
[00:22:35] 🔄 Identity reset
[00:22:35] 🔄 Identity rotated (every 10 requests)
[00:22:35] [246/455] SKMM
[00:22:36] [247/455] VOIB
[00:22:37] [248/455] KINO
[00:22:37] [249/455] VCTP
[00:22:38] [250/455] PDWR
[00:22:38] [251/455] SAED
[00:22:39] [252/455] SRRT
[00:22:39] [253/455] CVLG
[00:22:40] [254/455] SNGN
[00:22:41] [255/455] SIDA
[00:22:41] 🔄 Identity reset
[00:22:41] 🔄 Identity rotated (every 10 requests)
[00:22:42] [256/455] IMCB
[00:22:42] [257/455] SMHP
[00:22:43] [258/455] GDTY
[00:22:43] [259/455] VYCH
[00:22:44] [260/455] PDYA
[00:22:45] [261/455] RKDO
[00:22:45] [262/455] VECG
[00:22:46] [263/455] NFGD
[00:22:46] [264/455] SNDC
[00:22:47] [265/455] SDJH
[00:22:48] 🔄 Identity reset
[00:22:48] 🔄 Identity rotated (every 10 requests)
[00:22:48] [266/455] HASV
[00:22:48] [267/455] PTYK
[00:22:49] [268/455] MUTB
[00:22:50] [269/455] AMRT
[00:22:50] [270/455] VACD
[00:22:51] [271/455] SKDD
[00:22:52] [272/455] STGR
[00:22:52] [273/455] GDAK
[00:22:53] [274/455] SKHK
[00:22:53] [275/455] SLND
[00:22:54] 🔄 Identity reset
[00:22:54] 🔄 Identity rotated (every 10 requests)
[00:22:54] [276/455] APAP
[00:22:55] [277/455] AYYA
[00:22:56] [278/455] VCCZ
[00:22:56] [279/455] MEML
[00:22:57] [280/455] MAOU
[00:22:57] [281/455] ESND
[00:22:58] [282/455] PTBZ
[00:22:59] [283/455] LBCN
[00:22:59] [284/455] PAWA
[00:23:00] [285/455] ZEIC
[00:23:00] 🔄 Identity reset
[00:23:00] 🔄 Identity rotated (every 10 requests)
[00:23:01] [286/455] CGMM
[00:23:01] [287/455] PJPM
[00:23:02] [288/455] ECMR
[00:23:02] [289/455] SHMZ
[00:23:03] [290/455] STCA
[00:23:04] [291/455] VDRC
[00:23:04] [292/455] SEEM
[00:23:05] [293/455] MKNS
[00:23:06] [294/455] KPPP
[00:23:07] [295/455] CCML
[00:23:07] 🔄 Identity reset
[00:23:07] 🔄 Identity rotated (every 10 requests)
[00:23:07] [296/455] CIBA
[00:23:08] [297/455] NACS
[00:23:09] [298/455] CTMK
[00:23:09] [299/455] CTCT
[00:23:10] [300/455] MCSN
[00:23:11] [301/455] MAXX
[00:23:11] [302/455] MECB
[00:23:12] [303/455] NTBY
[00:23:12] [304/455] UTBI
[00:23:13] [305/455] RADK
[00:23:14] 🔄 Identity reset
[00:23:14] 🔄 Identity rotated (every 10 requests)
[00:23:14] 🔄 Retry 1/5 for RADK in 2.1s
[00:23:14] 🔄 Identity reset
[00:23:16] 🧠 New identity created
[00:23:16] [306/455] STBY
[00:23:17] [307/455] GTBY
[00:23:18] [308/455] RRMB
[00:23:18] [309/455] ABRN
[00:23:19] [310/455] GTSG
[00:23:19] [311/455] GBTG
[00:23:20] [312/455] SBGS
[00:23:21] [313/455] KBPM
[00:23:22] [314/455] SMHT
[00:23:22] 🔄 Identity reset
[00:23:22] 🔄 Identity rotated (every 10 requests)
[00:23:22] [315/455] VTDM
[00:23:23] [316/455] ASCT
[00:23:24] [317/455] AWCT
[00:23:24] [318/455] DCCU
[00:23:25] [319/455] PSCE
[00:23:26] [320/455] KSNY
[00:23:26] [321/455] ACID
[00:23:27] [322/455] LVCD
[00:23:27] [323/455] KSSB
[00:23:28] [324/455] SWTD
[00:23:29] 🔄 Identity reset
[00:23:29] 🔄 Identity rotated (every 10 requests)
[00:23:29] 🔄 Retry 1/5 for SWTD in 2.2s
[00:23:29] 🔄 Identity reset
[00:23:31] 🧠 New identity created
[00:23:31] 🔄 Retry 2/5 for SWTD in 4.4s
[00:23:31] 🔄 Identity reset
[00:23:35] 🧠 New identity created
[00:23:35] [325/455] RBMR
[00:23:36] [326/455] SCBC
[00:23:37] [327/455] RKME
[00:23:37] [328/455] GALX
[00:23:38] [329/455] GCCH
[00:23:38] [330/455] RATR
[00:23:39] [331/455] GTGA
[00:23:40] [332/455] LTTR
[00:23:40] 🔄 Identity reset
[00:23:40] 🔄 Identity rotated (every 10 requests)
[00:23:40] 🔄 Retry 1/5 for LTTR in 2.5s
[00:23:40] 🔄 Identity reset
[00:23:43] 🧠 New identity created
[00:23:43] 🔄 Retry 2/5 for LTTR in 4.8s
[00:23:43] 🔄 Identity reset
[00:23:48] 🧠 New identity created
[00:23:48] [333/455] TTAA
[00:23:48] [334/455] TVHP
[00:23:49] [335/455] KVCS
[00:23:50] [336/455] CBMC
[00:23:50] [337/455] MAYJ
[00:23:51] [338/455] INPR
[00:23:52] [339/455] RSSC
[00:23:52] [340/455] PCAN
[00:23:53] 🔄 Identity reset
[00:23:53] 🔄 Identity rotated (every 10 requests)
[00:23:53] [341/455] PVHR
[00:23:54] [342/455] AGSM
[00:23:55] [343/455] PVES
[00:23:55] [344/455] INTO
[00:23:56] [345/455] ACON
[00:23:57] [346/455] PVPZ
[00:23:57] [347/455] PVHC
[00:23:58] [348/455] KSTK
[00:23:58] [349/455] PVSR
[00:23:59] [350/455] ACTN
[00:24:00] 🔄 Identity reset
[00:24:00] 🔄 Identity rotated (every 10 requests)
[00:24:00] [351/455] FMCN
[00:24:01] [352/455] PABC
[00:24:01] [353/455] SUTC
[00:24:02] [354/455] PGMV
[00:24:03] [355/455] GKCP
[00:24:03] [356/455] INCH
[00:24:04] [357/455] MLMT
[00:24:05] [358/455] SSCC
[00:24:05] [359/455] SLMP
[00:24:06] [360/455] VVTN
[00:24:07] 🔄 Identity reset
[00:24:07] 🔄 Identity rotated (every 10 requests)
[00:24:07] 🔄 Retry 1/5 for VVTN in 2.2s
[00:24:07] 🔄 Identity reset
[00:24:09] 🧠 New identity created
[00:24:09] [361/455] SBTR
[00:24:09] [362/455] PGRA
[00:24:10] [363/455] PBRM
[00:24:11] [364/455] GCRP
[00:24:12] [365/455] MCSK
[00:24:12] [366/455] NLTC
[00:24:13] [367/455] MTLM
[00:24:13] [368/455] VECT
[00:24:14] [369/455] KMRM
[00:24:15] 🔄 Identity reset
[00:24:15] 🔄 Identity rotated (every 10 requests)
[00:24:15] [370/455] RACM
[00:24:16] [371/455] WSTC
[00:24:16] [372/455] PVTJ
[00:24:17] [373/455] MMKC
[00:24:18] [374/455] SVWT
[00:24:19] [375/455] JOTG
[00:24:19] [376/455] VCDK
[00:24:20] [377/455] ANAC
[00:24:21] [378/455] GRTC
[00:24:22] [379/455] JTPL
[00:24:22] 🔄 Identity reset
[00:24:22] 🔄 Identity rotated (every 10 requests)
[00:24:22] [380/455] VRCP
[00:24:23] [381/455] REMC
[00:24:24] [382/455] ATMG
[00:24:24] [383/455] GAHC
[00:24:26] [384/455] JTMV
[00:24:26] [385/455] OMTT
[00:24:27] [386/455] GKKC
[00:24:28] [387/455] BBPO
[00:24:28] [388/455] ZCBB
[00:24:29] [389/455] DCGO
[00:24:30] 🔄 Identity reset
[00:24:30] 🔄 Identity rotated (every 10 requests)
[00:24:30] 🔄 Retry 1/5 for DCGO in 2.7s
[00:24:30] 🔄 Identity reset
[00:24:32] 🧠 New identity created
[00:24:32] 🔄 Retry 2/5 for DCGO in 4.8s
[00:24:32] 🔄 Identity reset
[00:24:37] 🧠 New identity created
[00:24:37] 🔄 Retry 3/5 for DCGO in 8.3s
[00:24:37] 🔄 Identity reset
[00:24:46] 🧠 New identity created
[00:24:46] [390/455] STOP
[00:24:46] [391/455] BSPC
[00:24:47] [392/455] SOND
[00:24:48] [393/455] GCKG
[00:24:49] [394/455] PCDB
[00:24:49] [395/455] PGRC
[00:24:50] [396/455] CSCT
[00:24:50] 🔄 Identity reset
[00:24:50] 🔄 Identity rotated (every 10 requests)
[00:24:50] [397/455] STDA
[00:24:51] [398/455] JAYD
[00:24:52] [399/455] PPPD
[00:24:52] [400/455] KRTT
[00:24:53] [401/455] PTDT
[00:24:54] [402/455] TRSV
[00:24:54] [403/455] VELR
[00:24:55] [404/455] STDT
[00:24:56] [405/455] SATT
[00:24:57] [406/455] KCPM
[00:24:57] 🔄 Identity reset
[00:24:57] 🔄 Identity rotated (every 10 requests)
[00:24:57] [407/455] MFCP
[00:24:58] [408/455] AXMP
[00:24:59] [409/455] LTVB
[00:24:59] [410/455] APST
[00:25:00] [411/455] DTVP
[00:25:00] [412/455] AAVB
[00:25:01] [413/455] PMBL
[00:25:02] [414/455] STKC
[00:25:02] [415/455] KKMA
[00:25:03] [416/455] NMXS
[00:25:03] 🔄 Identity reset
[00:25:04] 🔄 Identity rotated (every 10 requests)
[00:25:04] 🔄 Retry 1/5 for NMXS in 3.0s
[00:25:04] 🔄 Identity reset
[00:25:07] 🧠 New identity created
[00:25:07] [417/455] DECX
[00:25:07] [418/455] MAPJ
[00:25:08] [419/455] SMLK
[00:25:09] [420/455] PMPU
[00:25:09] [421/455] AFST
[00:25:10] [422/455] SRSY
[00:25:11] [423/455] RMKT
[00:25:11] [424/455] RAJX
[00:25:12] [425/455] UVCD
[00:25:13] 🔄 Identity reset
[00:25:13] 🔄 Identity rotated (every 10 requests)
[00:25:13] [426/455] LISA
[00:25:13] [427/455] LMSR
[00:25:14] [428/455] PMCA
[00:25:15] [429/455] INPO
[00:25:15] [430/455] INGO
[00:25:16] [431/455] HFSQ
[00:25:17] [432/455] INMG
[00:25:17] [433/455] NYCP
[00:25:18] [434/455] HFSV
[00:25:19] [435/455] MMZP
[00:25:19] 🔄 Identity reset
[00:25:19] 🔄 Identity rotated (every 10 requests)
[00:25:20] [436/455] KSES
[00:25:20] [437/455] HFSA
[00:25:21] [438/455] ACMM
[00:25:22] [439/455] RCKD
[00:25:22] [440/455] BCKR
[00:25:23] [441/455] SFCO
[00:25:24] [442/455] JCCB
[00:25:24] [443/455] BCCR
[00:25:25] [444/455] NWCB
[00:25:26] [445/455] SAMT
[00:25:26] 🔄 Identity reset
[00:25:27] 🔄 Identity rotated (every 10 requests)
[00:25:27] [446/455] TMST
[00:25:27] [447/455] SJCN
[00:25:28] [448/455] MCBS
[00:25:29] [449/455] CMKR
[00:25:29] [450/455] INPM
[00:25:30] [451/455] WVMT
[00:25:31] [452/455] NYSM
[00:25:31] [453/455] RCMA
[00:25:32] [454/455] RECM
[00:25:33] [455/455] CYCM
[00:25:33] 🔄 Identity reset
[00:25:34] 🔄 Identity rotated (every 10 requests)
[00:25:34] ✅ DONE | Shows=2 | Movies=1
[01:09:37] 🚀 BMS DAILY TRACKER STARTED (enhanced anti‑detection)
[01:09:37] [1/455] MXGN
[01:09:37] 🧠 New identity created
[01:09:38] [2/455] PGGM
[01:09:39] [3/455] IPMJ
[01:09:40] [4/455] M2PP
[01:09:40] [5/455] PMMS
[01:09:41] [6/455] SCJN
[01:09:42] [7/455] CPUM
[01:09:43] [8/455] SCND
[01:09:44] [9/455] INWM
[01:09:45] [10/455] DVDC
[01:09:45] 🔄 Identity reset
[01:09:45] 🔄 Identity rotated (every 10 requests)
[01:09:46] [11/455] WVND
[01:09:47] [12/455] LBDL
[01:09:48] [13/455] CRGM
[01:09:49] [14/455] PVKS
[01:09:50] [15/455] PBLL
[01:09:51] [16/455] FNLN
[01:09:52] [17/455] PPDA
[01:09:53] [18/455] SCPT
[01:09:54] [19/455] IAJS
[01:09:55] [20/455] MMZG
[01:09:55] 🔄 Identity reset
[01:09:55] 🔄 Identity rotated (every 10 requests)
[01:09:55] 🔄 Retry 1/5 for MMZG in 2.1s
[01:09:55] 🔄 Identity reset
[01:09:58] 🧠 New identity created
[01:09:58] [21/455] MCTI
[01:09:59] [22/455] PPMF
[01:09:59] [23/455] FNSD
[01:10:00] [24/455] M2RH
[01:10:01] [25/455] CPGV
[01:10:02] [26/455] PECD
[01:10:03] [27/455] CTEE
[01:10:04] [28/455] IOMG
[01:10:05] [29/455] CIJA
[01:10:05] 🔄 Identity reset
[01:10:05] 🔄 Identity rotated (every 10 requests)
[01:10:06] [30/455] NYCG
[01:10:06] [31/455] CEST
[01:10:07] [32/455] WVRG
[01:10:08] [33/455] DPDC
[01:10:09] [34/455] PDIV
[01:10:10] [35/455] MTPP
[01:10:12] [36/455] MHNU
[01:10:13] [37/455] WUPG
[01:10:14] [38/455] USCO
[01:10:16] [39/455] INFR
[01:10:16] 🔄 Identity reset
[01:10:16] 🔄 Identity rotated (every 10 requests)
[01:10:17] [40/455] PVPD
[01:10:18] [41/455] RONC
[01:10:19] [42/455] IOCP
[01:10:19] [43/455] EMPS
[01:10:20] [44/455] PNAD
[01:10:21] [45/455] VVGZ
[01:10:22] [46/455] MDDC
[01:10:23] [47/455] MMAP
[01:10:23] [48/455] GPDC
[01:10:25] [49/455] PVPU
[01:10:25] 🔄 Identity reset
[01:10:25] 🔄 Identity rotated (every 10 requests)
[01:10:26] [50/455] DCMV
[01:10:26] [51/455] PCCF
[01:10:27] [52/455] MCEF
[01:10:28] [53/455] INRD
[01:10:29] [54/455] CCPZ
[01:10:30] [55/455] BCWG
[01:10:31] [56/455] PMGU
[01:10:32] [57/455] MCVM
[01:10:32] [58/455] MCDE
[01:10:33] [59/455] IEFM
[01:10:34] 🔄 Identity reset
[01:10:34] 🔄 Identity rotated (every 10 requests)
[01:10:34] [60/455] MXCS
[01:10:36] [61/455] RNMT
[01:10:36] [62/455] PSDD
[01:10:37] [63/455] PETA
[01:10:39] [64/455] IZOP
[01:10:40] [65/455] PDEI
[01:10:41] [66/455] MTND
[01:10:42] [67/455] PCPL
[01:10:43] [68/455] LSCM
[01:10:45] [69/455] BTFD
[01:10:45] 🔄 Identity reset
[01:10:45] 🔄 Identity rotated (every 10 requests)
[01:10:46] [70/455] MERM
[01:10:46] [71/455] PVMS
[01:10:47] [72/455] CIGK
[01:10:48] [73/455] INSG
[01:10:49] [74/455] IDEN
[01:10:51] [75/455] MCGN
[01:10:52] [76/455] IGAM
[01:10:52] [77/455] SLCU
[01:10:53] [78/455] MIMU
[01:10:54] [79/455] QLAC
[01:10:55] 🔄 Identity reset
[01:10:55] 🔄 Identity rotated (every 10 requests)
[01:10:55] [80/455] MENL
[01:10:56] [81/455] SCUR
[01:10:57] [82/455] MDGD
[01:10:58] [83/455] LSRS
[01:10:58] [84/455] KMLG
[01:10:59] [85/455] MKLJ
[01:11:00] [86/455] IBYG
[01:11:01] [87/455] ISML
[01:11:02] [88/455] MJMM
[01:11:03] [89/455] RCGD
[01:11:04] 🔄 Identity reset
[01:11:04] 🔄 Identity rotated (every 10 requests)
[01:11:04] [90/455] MMOC
[01:11:05] [91/455] RRCO
[01:11:06] [92/455] MEDM
[01:11:07] [93/455] MCAZ
[01:11:08] [94/455] STWA
[01:11:09] [95/455] PFFG
[01:11:11] [96/455] GAGC
[01:11:11] [97/455] PMPM
[01:11:12] [98/455] HVCD
[01:11:13] [99/455] AKRF
[01:11:14] 🔄 Identity reset
[01:11:14] 🔄 Identity rotated (every 10 requests)
[01:11:14] [100/455] AKRC
[01:11:15] [101/455] MIDA
[01:11:16] [102/455] MAGX
[01:11:17] [103/455] ESOS
[01:11:18] [104/455] BBCL
[01:11:19] [105/455] LYAS
[01:11:19] [106/455] NRMS
[01:11:20] [107/455] BHUC
[01:11:21] [108/455] SRIC
[01:11:22] [109/455] PDME
[01:11:23] 🔄 Identity reset
[01:11:23] 🔄 Identity rotated (every 10 requests)
[01:11:23] [110/455] MJCS
[01:11:24] [111/455] NRAA
[01:11:25] [112/455] VATA
[01:11:25] [113/455] MNKC
[01:11:26] [114/455] DHCL
[01:11:27] [115/455] JCPC
[01:11:28] [116/455] CTML
[01:11:29] [117/455] RMMR
[01:11:30] [118/455] STTL
[01:11:31] [119/455] CNPS
[01:11:31] 🔄 Identity reset
[01:11:31] 🔄 Identity rotated (every 10 requests)
[01:11:31] 🔄 Retry 1/5 for CNPS in 2.3s
[01:11:31] 🔄 Identity reset
[01:11:34] 🧠 New identity created
[01:11:35] [120/455] ACKL
[01:11:36] [121/455] SCAU
[01:11:36] [122/455] RMIA
[01:11:37] [123/455] MANU
[01:11:38] [124/455] ARDC
[01:11:39] [125/455] GLDA
[01:11:40] [126/455] KVSW
[01:11:41] [127/455] CGCA
[01:11:41] [128/455] CMLO
[01:11:42] 🔄 Identity reset
[01:11:42] 🔄 Identity rotated (every 10 requests)
[01:11:42] [129/455] CECB
[01:11:43] [130/455] RCPN
[01:11:44] [131/455] ASMW
[01:11:45] [132/455] PWLM
[01:11:46] [133/455] ASGM
[01:11:47] [134/455] ACWH
[01:11:48] [135/455] AAPW
[01:11:49] [136/455] RTWA
[01:11:50] [137/455] RAMW
[01:11:51] [138/455] VKTR
[01:11:52] 🔄 Identity reset
[01:11:52] 🔄 Identity rotated (every 10 requests)
[01:11:52] [139/455] SMBH
[01:11:53] [140/455] BVDR
[01:11:54] [141/455] MRTP
[01:11:55] [142/455] BLBR
[01:11:56] [143/455] LPIN
[01:11:57] [144/455] SNPC
[01:11:58] [145/455] PDCB
[01:11:58] [146/455] DYPK
[01:11:59] [147/455] INMK
[01:12:00] [148/455] PDCK
[01:12:01] 🔄 Identity reset
[01:12:01] 🔄 Identity rotated (every 10 requests)
[01:12:01] [149/455] PCKR
[01:12:02] [150/455] SHUA
[01:12:03] [151/455] SCVK
[01:12:04] [152/455] STPA
[01:12:05] [153/455] WVHD
[01:12:06] [154/455] MRCH
[01:12:07] [155/455] MCNP
[01:12:08] [156/455] RCAG
[01:12:08] [157/455] JTSN
[01:12:09] [158/455] AANS
[01:12:10] 🔄 Identity reset
[01:12:10] 🔄 Identity rotated (every 10 requests)
[01:12:10] [159/455] GDDR
[01:12:11] [160/455] SRER
[01:12:12] [161/455] JKMA
[01:12:13] [162/455] ARAN
[01:12:13] [163/455] ALCT
[01:12:14] [164/455] CCTA
[01:12:16] [165/455] CNCT
[01:12:17] [166/455] NZBL
[01:12:17] [167/455] SRRA
[01:12:18] [168/455] SVPW
[01:12:19] 🔄 Identity reset
[01:12:19] 🔄 Identity rotated (every 10 requests)
[01:12:19] [169/455] SRTW
[01:12:20] [170/455] XMTD
[01:12:21] [171/455] SCCZ
[01:12:22] [172/455] PBCR
[01:12:23] [173/455] RTSC
[01:12:24] [174/455] TLSV
[01:12:25] [175/455] RMTK
[01:12:26] [176/455] SRAT
[01:12:27] [177/455] GCYC
[01:12:27] [178/455] HCAJ
[01:12:28] 🔄 Identity reset
[01:12:28] 🔄 Identity rotated (every 10 requests)
[01:12:28] [179/455] LCXA
[01:12:29] [180/455] BINT
[01:12:30] [181/455] IXIM
[01:12:31] [182/455] MBCR
[01:12:32] [183/455] BMCJ
[01:12:33] [184/455] NICJ
[01:12:34] [185/455] SCAJ
[01:12:35] [186/455] CMXS
[01:12:36] [187/455] MMSR
[01:12:36] [188/455] PRKT
[01:12:37] 🔄 Identity reset
[01:12:37] 🔄 Identity rotated (every 10 requests)
[01:12:37] [189/455] LPTH
[01:12:38] [190/455] SARP
[01:12:39] [191/455] MNPP
[01:12:40] [192/455] PRLR
[01:12:41] [193/455] RCMW
[01:12:42] [194/455] FCMG
[01:12:43] [195/455] RTNK
[01:12:44] [196/455] LRCP
[01:12:44] [197/455] DBJR
[01:12:45] [198/455] CACN
[01:12:46] 🔄 Identity reset
[01:12:46] 🔄 Identity rotated (every 10 requests)
[01:12:46] [199/455] AMRL
[01:12:48] [200/455] SBBC
[01:12:49] [201/455] VENN
[01:12:50] [202/455] STSS
[01:12:51] [203/455] SMRB
[01:12:52] [204/455] CCMX
[01:12:52] [205/455] KCMR
[01:12:53] [206/455] SALH
[01:12:54] [207/455] CGTT
[01:12:55] [208/455] PMDR
[01:12:56] 🔄 Identity reset
[01:12:56] 🔄 Identity rotated (every 10 requests)
[01:12:56] [209/455] VCPM
[01:12:57] [210/455] RZMX
[01:12:57] [211/455] TMSY
[01:12:58] [212/455] NTMS
[01:12:59] [213/455] VTAG
[01:13:00] [214/455] REMA
[01:13:01] [215/455] NXCC
[01:13:01] [216/455] SKYM
[01:13:02] [217/455] CCMO
[01:13:03] [218/455] DMXM
[01:13:04] 🔄 Identity reset
[01:13:04] 🔄 Identity rotated (every 10 requests)
[01:13:04] [219/455] SPPM
[01:13:05] [220/455] PTKL
[01:13:06] [221/455] SLVO
[01:13:07] [222/455] VASL
[01:13:07] [223/455] CBCM
[01:13:08] [224/455] STMA
[01:13:09] [225/455] LASK
[01:13:10] [226/455] VITE
[01:13:11] [227/455] AAST
[01:13:12] [228/455] JTPT
[01:13:13] 🔄 Identity reset
[01:13:13] 🔄 Identity rotated (every 10 requests)
[01:13:13] [229/455] RRSH
[01:13:14] [230/455] CINL
[01:13:15] [231/455] MCSR
[01:13:16] [232/455] SBCF
[01:13:17] [233/455] GCDU
[01:13:17] [234/455] PSPR
[01:13:19] [235/455] IMMO
[01:13:20] [236/455] CLGM
[01:13:21] [237/455] PBMM
[01:13:22] [238/455] CEHR
[01:13:23] 🔄 Identity reset
[01:13:23] 🔄 Identity rotated (every 10 requests)
[01:13:23] [239/455] CPOE
[01:13:24] [240/455] PGFD
[01:13:25] [241/455] PSLC
[01:13:26] [242/455] MSMD
[01:13:27] [243/455] FMFB
[01:13:27] [244/455] RKCL
[01:13:28] [245/455] PMMC
[01:13:30] [246/455] SKMM
[01:13:31] [247/455] VOIB
[01:13:32] [248/455] KINO
[01:13:32] 🔄 Identity reset
[01:13:32] 🔄 Identity rotated (every 10 requests)
[01:13:33] [249/455] VCTP
[01:13:33] [250/455] PDWR
[01:13:35] [251/455] SAED
[01:13:36] [252/455] SRRT
[01:13:37] [253/455] CVLG
[01:13:37] [254/455] SNGN
[01:13:38] [255/455] SIDA
[01:13:39] [256/455] IMCB
[01:13:40] [257/455] SMHP
[01:13:41] [258/455] GDTY
[01:13:41] 🔄 Identity reset
[01:13:41] 🔄 Identity rotated (every 10 requests)
[01:13:42] [259/455] VYCH
[01:13:42] [260/455] PDYA
[01:13:43] [261/455] RKDO
[01:13:44] [262/455] VECG
[01:13:45] [263/455] NFGD
[01:13:46] [264/455] SNDC
[01:13:47] [265/455] SDJH
[01:13:48] [266/455] HASV
[01:13:49] [267/455] PTYK
[01:13:50] [268/455] MUTB
[01:13:51] 🔄 Identity reset
[01:13:51] 🔄 Identity rotated (every 10 requests)
[01:13:51] 🔄 Retry 1/5 for MUTB in 2.8s
[01:13:51] 🔄 Identity reset
[01:13:53] 🧠 New identity created
[01:13:53] 🔄 Retry 2/5 for MUTB in 4.0s
[01:13:53] 🔄 Identity reset
[01:13:58] 🧠 New identity created
[01:13:58] [269/455] AMRT
[01:13:59] [270/455] VACD
[01:14:00] [271/455] SKDD
[01:14:01] [272/455] STGR
[01:14:03] [273/455] GDAK
[01:14:03] [274/455] SKHK
[01:14:04] [275/455] SLND
[01:14:05] [276/455] APAP
[01:14:06] 🔄 Identity reset
[01:14:06] 🔄 Identity rotated (every 10 requests)
[01:14:06] [277/455] AYYA
[01:14:07] [278/455] VCCZ
[01:14:08] [279/455] MEML
[01:14:09] [280/455] MAOU
[01:14:10] [281/455] ESND
[01:14:11] [282/455] PTBZ
[01:14:12] [283/455] LBCN
[01:14:12] [284/455] PAWA
[01:14:13] [285/455] ZEIC
[01:14:14] [286/455] CGMM
[01:14:15] 🔄 Identity reset
[01:14:15] 🔄 Identity rotated (every 10 requests)
[01:14:15] [287/455] PJPM
[01:14:16] [288/455] ECMR
[01:14:17] [289/455] SHMZ
[01:14:18] [290/455] STCA
[01:14:19] [291/455] VDRC
[01:14:19] [292/455] SEEM
[01:14:20] [293/455] MKNS
[01:14:21] [294/455] KPPP
[01:14:22] [295/455] CCML
[01:14:23] [296/455] CIBA
[01:14:24] 🔄 Identity reset
[01:14:24] 🔄 Identity rotated (every 10 requests)
[01:14:24] [297/455] NACS
[01:14:25] [298/455] CTMK
[01:14:26] [299/455] CTCT
[01:14:27] [300/455] MCSN
[01:14:28] [301/455] MAXX
[01:14:29] [302/455] MECB
[01:14:30] [303/455] NTBY
[01:14:31] [304/455] UTBI
[01:14:31] [305/455] RADK
[01:14:32] [306/455] STBY
[01:14:33] 🔄 Identity reset
[01:14:33] 🔄 Identity rotated (every 10 requests)
[01:14:33] [307/455] GTBY
[01:14:34] [308/455] RRMB
[01:14:35] [309/455] ABRN
[01:14:36] [310/455] GTSG
[01:14:37] [311/455] GBTG
[01:14:38] [312/455] SBGS
[01:14:39] [313/455] KBPM
[01:14:40] [314/455] SMHT
[01:14:40] [315/455] VTDM
[01:14:41] [316/455] ASCT
[01:14:42] 🔄 Identity reset
[01:14:42] 🔄 Identity rotated (every 10 requests)
[01:14:42] [317/455] AWCT
[01:14:44] [318/455] DCCU
[01:14:45] [319/455] PSCE
[01:14:45] [320/455] KSNY
[01:14:46] [321/455] ACID
[01:14:47] [322/455] LVCD
[01:14:48] [323/455] KSSB
[01:14:49] [324/455] SWTD
[01:14:49] [325/455] RBMR
[01:14:50] [326/455] SCBC
[01:14:51] 🔄 Identity reset
[01:14:51] 🔄 Identity rotated (every 10 requests)
[01:14:51] [327/455] RKME
[01:14:52] [328/455] GALX
[01:14:53] [329/455] GCCH
[01:14:54] [330/455] RATR
[01:14:55] [331/455] GTGA
[01:14:56] [332/455] LTTR
[01:14:57] [333/455] TTAA
[01:14:58] [334/455] TVHP
[01:14:58] [335/455] KVCS
[01:14:59] [336/455] CBMC
[01:15:00] 🔄 Identity reset
[01:15:00] 🔄 Identity rotated (every 10 requests)
[01:15:00] [337/455] MAYJ
[01:15:01] [338/455] INPR
[01:15:02] [339/455] RSSC
[01:15:03] [340/455] PCAN
[01:15:04] [341/455] PVHR
[01:15:05] [342/455] AGSM
[01:15:05] [343/455] PVES
[01:15:06] [344/455] INTO
[01:15:07] [345/455] ACON
[01:15:08] [346/455] PVPZ
[01:15:09] 🔄 Identity reset
[01:15:09] 🔄 Identity rotated (every 10 requests)
[01:15:09] [347/455] PVHC
[01:15:10] [348/455] KSTK
[01:15:11] [349/455] PVSR
[01:15:12] [350/455] ACTN
[01:15:12] [351/455] FMCN
[01:15:13] [352/455] PABC
[01:15:14] [353/455] SUTC
[01:15:15] [354/455] PGMV
[01:15:16] [355/455] GKCP
[01:15:17] [356/455] INCH
[01:15:17] 🔄 Identity reset
[01:15:17] 🔄 Identity rotated (every 10 requests)
[01:15:18] [357/455] MLMT
[01:15:18] [358/455] SSCC
[01:15:19] [359/455] SLMP
[01:15:20] [360/455] VVTN
[01:15:21] [361/455] SBTR
[01:15:22] [362/455] PGRA
[01:15:23] [363/455] PBRM
[01:15:24] [364/455] GCRP
[01:15:24] [365/455] MCSK
[01:15:25] [366/455] NLTC
[01:15:26] 🔄 Identity reset
[01:15:26] 🔄 Identity rotated (every 10 requests)
[01:15:26] [367/455] MTLM
[01:15:27] [368/455] VECT
[01:15:28] [369/455] KMRM
[01:15:28] [370/455] RACM
[01:15:34] [371/455] WSTC
[01:15:35] [372/455] PVTJ
[01:15:36] [373/455] MMKC
[01:15:36] [374/455] SVWT
[01:15:37] [375/455] JOTG
[01:15:38] [376/455] VCDK
[01:15:39] 🔄 Identity reset
[01:15:39] 🔄 Identity rotated (every 10 requests)
[01:15:39] [377/455] ANAC
[01:15:40] [378/455] GRTC
[01:15:41] [379/455] JTPL
[01:15:42] [380/455] VRCP
[01:15:43] [381/455] REMC
[01:15:44] [382/455] ATMG
[01:15:45] [383/455] GAHC
[01:15:46] [384/455] JTMV
[01:15:47] [385/455] OMTT
[01:15:48] [386/455] GKKC
[01:15:49] 🔄 Identity reset
[01:15:49] 🔄 Identity rotated (every 10 requests)
[01:15:49] [387/455] BBPO
[01:15:50] [388/455] ZCBB
[01:15:51] [389/455] DCGO
[01:15:52] [390/455] STOP
[01:15:53] [391/455] BSPC
[01:15:54] [392/455] SOND
[01:15:55] [393/455] GCKG
[01:15:56] [394/455] PCDB
[01:15:56] [395/455] PGRC
[01:15:57] [396/455] CSCT
[01:15:58] 🔄 Identity reset
[01:15:58] 🔄 Identity rotated (every 10 requests)
[01:15:58] [397/455] STDA
[01:15:59] [398/455] JAYD
[01:16:00] [399/455] PPPD
[01:16:01] [400/455] KRTT
[01:16:02] [401/455] PTDT
[01:16:03] [402/455] TRSV
[01:16:04] [403/455] VELR
[01:16:05] [404/455] STDT
[01:16:06] [405/455] SATT
[01:16:07] [406/455] KCPM
[01:16:07] 🔄 Identity reset
[01:16:07] 🔄 Identity rotated (every 10 requests)
[01:16:08] [407/455] MFCP
[01:16:08] [408/455] AXMP
[01:16:09] [409/455] LTVB
[01:16:10] [410/455] APST
[01:16:11] [411/455] DTVP
[01:16:12] [412/455] AAVB
[01:16:13] [413/455] PMBL
[01:16:13] [414/455] STKC
[01:16:14] [415/455] KKMA
[01:16:15] [416/455] NMXS
[01:16:16] 🔄 Identity reset
[01:16:16] 🔄 Identity rotated (every 10 requests)
[01:16:16] 🔄 Retry 1/5 for NMXS in 2.6s
[01:16:16] 🔄 Identity reset
[01:16:18] 🧠 New identity created
[01:16:19] [417/455] DECX
[01:16:20] [418/455] MAPJ
[01:16:21] [419/455] SMLK
[01:16:22] [420/455] PMPU
[01:16:23] [421/455] AFST
[01:16:24] [422/455] SRSY
[01:16:24] [423/455] RMKT
[01:16:25] [424/455] RAJX
[01:16:26] [425/455] UVCD
[01:16:27] 🔄 Identity reset
[01:16:27] 🔄 Identity rotated (every 10 requests)
[01:16:27] [426/455] LISA
[01:16:28] [427/455] LMSR
[01:16:29] [428/455] PMCA
[01:16:30] [429/455] INPO
[01:16:31] [430/455] INGO
[01:16:32] [431/455] HFSQ
[01:16:33] [432/455] INMG
[01:16:34] [433/455] NYCP
[01:16:35] [434/455] HFSV
[01:16:36] [435/455] MMZP
[01:16:37] 🔄 Identity reset
[01:16:37] 🔄 Identity rotated (every 10 requests)
[01:16:37] [436/455] KSES
[01:16:38] [437/455] HFSA
[01:16:39] [438/455] ACMM
[01:16:40] [439/455] RCKD
[01:16:41] [440/455] BCKR
[01:16:42] [441/455] SFCO
[01:16:43] [442/455] JCCB
[01:16:44] [443/455] BCCR
[01:16:45] [444/455] NWCB
[01:16:46] [445/455] SAMT
[01:16:47] 🔄 Identity reset
[01:16:47] 🔄 Identity rotated (every 10 requests)
[01:16:47] [446/455] TMST
[01:16:48] [447/455] SJCN
[01:16:49] [448/455] MCBS
[01:16:50] [449/455] CMKR
[01:16:51] [450/455] INPM
[01:16:51] [451/455] WVMT
[01:16:52] [452/455] NYSM
[01:16:53] [453/455] RCMA
[01:16:55] [454/455] RECM
[01:16:56] [455/455] CYCM
[01:16:57] 🔄 Identity reset
[01:16:57] 🔄 Identity rotated (every 10 requests)
[01:16:57] ✅ DONE | Shows=2 | Movies=1
[02:17:11] 🚀 BMS DAILY TRACKER STARTED (enhanced anti‑detection)
[02:17:11] [1/455] MXGN
[02:17:11] 🧠 New identity created
[02:17:12] [2/455] PGGM
[02:17:14] [3/455] IPMJ
[02:17:15] [4/455] M2PP
[02:17:15] [5/455] PMMS
[02:17:16] [6/455] SCJN
[02:17:18] [7/455] CPUM
[02:17:19] [8/455] SCND
[02:17:20] [9/455] INWM
[02:17:21] [10/455] DVDC
[02:17:22] 🔄 Identity reset
[02:17:22] 🔄 Identity rotated (every 10 requests)
[02:17:22] [11/455] WVND
[02:17:23] [12/455] LBDL
[02:17:24] [13/455] CRGM
[02:17:26] [14/455] PVKS
[02:17:27] [15/455] PBLL
[02:17:28] [16/455] FNLN
[02:17:29] [17/455] PPDA
[02:17:30] [18/455] SCPT
[02:17:31] [19/455] IAJS
[02:17:32] [20/455] MMZG
[02:17:33] 🔄 Identity reset
[02:17:33] 🔄 Identity rotated (every 10 requests)
[02:17:33] [21/455] MCTI
[02:17:34] [22/455] PPMF
[02:17:35] [23/455] FNSD
[02:17:36] [24/455] M2RH
[02:17:37] [25/455] CPGV
[02:17:38] [26/455] PECD
[02:17:39] [27/455] CTEE
[02:17:40] [28/455] IOMG
[02:17:41] [29/455] CIJA
[02:17:41] [30/455] NYCG
[02:17:42] 🔄 Identity reset
[02:17:42] 🔄 Identity rotated (every 10 requests)
[02:17:43] [31/455] CEST
[02:17:44] [32/455] WVRG
[02:17:45] [33/455] DPDC
[02:17:46] [34/455] PDIV
[02:17:47] [35/455] MTPP
[02:17:48] [36/455] MHNU
[02:17:49] [37/455] WUPG
[02:17:49] [38/455] USCO
[02:17:50] [39/455] INFR
[02:17:51] [40/455] PVPD
[02:17:52] 🔄 Identity reset
[02:17:52] 🔄 Identity rotated (every 10 requests)
[02:17:52] [41/455] RONC
[02:17:53] [42/455] IOCP
[02:17:54] [43/455] EMPS
[02:17:55] [44/455] PNAD
[02:17:56] [45/455] VVGZ
[02:17:57] [46/455] MDDC
[02:17:58] [47/455] MMAP
[02:17:58] [48/455] GPDC
[02:17:59] [49/455] PVPU
[02:18:00] [50/455] DCMV
[02:18:01] 🔄 Identity reset
[02:18:01] 🔄 Identity rotated (every 10 requests)
[02:18:01] [51/455] PCCF
[02:18:02] [52/455] MCEF
[02:18:03] [53/455] INRD
[02:18:05] [54/455] CCPZ
[02:18:06] [55/455] BCWG
[02:18:06] [56/455] PMGU
[02:18:07] [57/455] MCVM
[02:18:08] [58/455] MCDE
[02:18:09] [59/455] IEFM
[02:18:10] [60/455] MXCS
[02:18:11] 🔄 Identity reset
[02:18:11] 🔄 Identity rotated (every 10 requests)
[02:18:11] [61/455] RNMT
[02:18:12] [62/455] PSDD
[02:18:13] [63/455] PETA
[02:18:13] [64/455] IZOP
[02:18:15] [65/455] PDEI
[02:18:16] [66/455] MTND
[02:18:17] [67/455] PCPL
[02:18:18] [68/455] LSCM
[02:18:19] [69/455] BTFD
[02:18:20] [70/455] MERM
[02:18:21] 🔄 Identity reset
[02:18:21] 🔄 Identity rotated (every 10 requests)
[02:18:21] [71/455] PVMS
[02:18:22] [72/455] CIGK
[02:18:23] [73/455] INSG
[02:18:24] [74/455] IDEN
[02:18:26] [75/455] MCGN
[02:18:26] [76/455] IGAM
[02:18:27] [77/455] SLCU
[02:18:29] [78/455] MIMU
[02:18:30] [79/455] QLAC
[02:18:32] [80/455] MENL
[02:18:32] 🔄 Identity reset
[02:18:32] 🔄 Identity rotated (every 10 requests)
[02:18:33] [81/455] SCUR
[02:18:34] [82/455] MDGD
[02:18:34] [83/455] LSRS
[02:18:36] [84/455] KMLG
[02:18:37] [85/455] MKLJ
[02:18:38] [86/455] IBYG
[02:18:39] [87/455] ISML
[02:18:40] [88/455] MJMM
[02:18:41] [89/455] RCGD
[02:18:42] [90/455] MMOC
[02:18:42] 🔄 Identity reset
[02:18:43] 🔄 Identity rotated (every 10 requests)
[02:18:43] [91/455] RRCO
[02:18:44] [92/455] MEDM
[02:18:45] [93/455] MCAZ
[02:18:46] [94/455] STWA
[02:18:47] [95/455] PFFG
[02:18:48] [96/455] GAGC
[02:18:50] [97/455] PMPM
[02:18:51] [98/455] HVCD
[02:18:52] [99/455] AKRF
[02:18:53] [100/455] AKRC
[02:18:53] 🔄 Identity reset
[02:18:53] 🔄 Identity rotated (every 10 requests)
[02:18:54] [101/455] MIDA
[02:18:55] [102/455] MAGX
[02:18:56] [103/455] ESOS
[02:18:56] [104/455] BBCL
[02:18:57] [105/455] LYAS
[02:18:58] [106/455] NRMS
[02:18:59] [107/455] BHUC
[02:19:00] [108/455] SRIC
[02:19:01] [109/455] PDME
[02:19:02] [110/455] MJCS
[02:19:02] 🔄 Identity reset
[02:19:02] 🔄 Identity rotated (every 10 requests)
[02:19:03] [111/455] NRAA
[02:19:05] [112/455] VATA
[02:19:05] [113/455] MNKC
[02:19:06] [114/455] DHCL
[02:19:07] [115/455] JCPC
[02:19:09] [116/455] CTML
[02:19:10] [117/455] RMMR
[02:19:11] [118/455] STTL
[02:19:12] [119/455] CNPS
[02:19:13] [120/455] ACKL
[02:19:13] 🔄 Identity reset
[02:19:13] 🔄 Identity rotated (every 10 requests)
[02:19:14] [121/455] SCAU
[02:19:15] [122/455] RMIA
[02:19:16] [123/455] MANU
[02:19:17] [124/455] ARDC
[02:19:18] [125/455] GLDA
[02:19:19] [126/455] KVSW
[02:19:21] [127/455] CGCA
[02:19:22] [128/455] CMLO
[02:19:23] [129/455] CECB
[02:19:24] [130/455] RCPN
[02:19:25] 🔄 Identity reset
[02:19:25] 🔄 Identity rotated (every 10 requests)
[02:19:25] [131/455] ASMW
[02:19:26] [132/455] PWLM
[02:19:27] [133/455] ASGM
[02:19:28] [134/455] ACWH
[02:19:29] [135/455] AAPW
[02:19:30] [136/455] RTWA
[02:19:31] [137/455] RAMW
[02:19:32] [138/455] VKTR
[02:19:34] [139/455] SMBH
[02:19:34] [140/455] BVDR
[02:19:35] 🔄 Identity reset
[02:19:35] 🔄 Identity rotated (every 10 requests)
[02:19:35] [141/455] MRTP
[02:19:36] [142/455] BLBR
[02:19:37] [143/455] LPIN
[02:19:38] [144/455] SNPC
[02:19:39] [145/455] PDCB
[02:19:41] [146/455] DYPK
[02:19:42] [147/455] INMK
[02:19:44] [148/455] PDCK
[02:19:45] [149/455] PCKR
[02:19:46] [150/455] SHUA
[02:19:46] 🔄 Identity reset
[02:19:46] 🔄 Identity rotated (every 10 requests)
[02:19:46] [151/455] SCVK
[02:19:47] [152/455] STPA
[02:19:48] [153/455] WVHD
[02:19:49] [154/455] MRCH
[02:19:50] [155/455] MCNP
[02:19:51] [156/455] RCAG
[02:19:52] [157/455] JTSN
[02:19:52] [158/455] AANS
[02:19:53] [159/455] GDDR
[02:19:54] [160/455] SRER
[02:19:55] 🔄 Identity reset
[02:19:55] 🔄 Identity rotated (every 10 requests)
[02:19:55] [161/455] JKMA
[02:19:56] [162/455] ARAN
[02:19:57] [163/455] ALCT
[02:19:58] [164/455] CCTA
[02:19:59] [165/455] CNCT
[02:20:00] [166/455] NZBL
[02:20:01] [167/455] SRRA
[02:20:03] [168/455] SVPW
[02:20:04] [169/455] SRTW
[02:20:05] [170/455] XMTD
[02:20:06] 🔄 Identity reset
[02:20:06] 🔄 Identity rotated (every 10 requests)
[02:20:07] [171/455] SCCZ
[02:20:08] [172/455] PBCR
[02:20:09] [173/455] RTSC
[02:20:10] [174/455] TLSV
[02:20:11] [175/455] RMTK
[02:20:12] [176/455] SRAT
[02:20:13] [177/455] GCYC
[02:20:14] [178/455] HCAJ
[02:20:15] [179/455] LCXA
[02:20:16] [180/455] BINT
[02:20:16] 🔄 Identity reset
[02:20:16] 🔄 Identity rotated (every 10 requests)
[02:20:17] [181/455] IXIM
[02:20:18] [182/455] MBCR
[02:20:20] [183/455] BMCJ
[02:20:21] [184/455] NICJ
[02:20:22] [185/455] SCAJ
[02:20:24] [186/455] CMXS
[02:20:25] [187/455] MMSR
[02:20:26] [188/455] PRKT
[02:20:27] [189/455] LPTH
[02:20:28] [190/455] SARP
[02:20:29] 🔄 Identity reset
[02:20:29] 🔄 Identity rotated (every 10 requests)
[02:20:29] [191/455] MNPP
[02:20:30] [192/455] PRLR
[02:20:31] [193/455] RCMW
[02:20:32] [194/455] FCMG
[02:20:33] [195/455] RTNK
[02:20:34] [196/455] LRCP
[02:20:35] [197/455] DBJR
[02:20:36] [198/455] CACN
[02:20:37] [199/455] AMRL
[02:20:38] [200/455] SBBC
[02:20:38] 🔄 Identity reset
[02:20:38] 🔄 Identity rotated (every 10 requests)
[02:20:39] [201/455] VENN
[02:20:40] [202/455] STSS
[02:20:41] [203/455] SMRB
[02:20:41] [204/455] CCMX
[02:20:43] [205/455] KCMR
[02:20:44] [206/455] SALH
[02:20:45] [207/455] CGTT
[02:20:46] [208/455] PMDR
[02:20:47] [209/455] VCPM
[02:20:48] [210/455] RZMX
[02:20:48] 🔄 Identity reset
[02:20:48] 🔄 Identity rotated (every 10 requests)
[02:20:49] [211/455] TMSY
[02:20:50] [212/455] NTMS
[02:20:51] [213/455] VTAG
[02:20:52] [214/455] REMA
[02:20:53] [215/455] NXCC
[02:20:54] [216/455] SKYM
[02:20:55] [217/455] CCMO
[02:20:56] [218/455] DMXM
[02:20:57] [219/455] SPPM
[02:20:59] [220/455] PTKL
[02:20:59] 🔄 Identity reset
[02:20:59] 🔄 Identity rotated (every 10 requests)
[02:20:59] [221/455] SLVO
[02:21:00] [222/455] VASL
[02:21:01] [223/455] CBCM
[02:21:02] [224/455] STMA
[02:21:03] [225/455] LASK
[02:21:04] [226/455] VITE
[02:21:06] [227/455] AAST
[02:21:08] [228/455] JTPT
[02:21:08] [229/455] RRSH
[02:21:10] [230/455] CINL
[02:21:11] 🔄 Identity reset
[02:21:11] 🔄 Identity rotated (every 10 requests)
[02:21:11] [231/455] MCSR
[02:21:12] [232/455] SBCF
[02:21:13] [233/455] GCDU
[02:21:14] [234/455] PSPR
[02:21:15] [235/455] IMMO
[02:21:16] [236/455] CLGM
[02:21:17] [237/455] PBMM
[02:21:18] [238/455] CEHR
[02:21:19] [239/455] CPOE
[02:21:19] [240/455] PGFD
[02:21:20] 🔄 Identity reset
[02:21:20] 🔄 Identity rotated (every 10 requests)
[02:21:20] [241/455] PSLC
[02:21:21] [242/455] MSMD
[02:21:22] [243/455] FMFB
[02:21:23] [244/455] RKCL
[02:21:24] [245/455] PMMC
[02:21:25] [246/455] SKMM
[02:21:26] [247/455] VOIB
[02:21:26] [248/455] KINO
[02:21:28] [249/455] VCTP
[02:21:29] [250/455] PDWR
[02:21:30] 🔄 Identity reset
[02:21:30] 🔄 Identity rotated (every 10 requests)
[02:21:30] [251/455] SAED
[02:21:31] [252/455] SRRT
[02:21:32] [253/455] CVLG
[02:21:33] [254/455] SNGN
[02:21:35] [255/455] SIDA
[02:21:37] [256/455] IMCB
[02:21:38] [257/455] SMHP
[02:21:39] [258/455] GDTY
[02:21:40] [259/455] VYCH
[02:21:41] [260/455] PDYA
[02:21:41] 🔄 Identity reset
[02:21:41] 🔄 Identity rotated (every 10 requests)
[02:21:42] [261/455] RKDO
[02:21:43] [262/455] VECG
[02:21:43] [263/455] NFGD
[02:21:44] [264/455] SNDC
[02:21:45] [265/455] SDJH
[02:21:47] [266/455] HASV
[02:21:48] [267/455] PTYK
[02:21:49] [268/455] MUTB
[02:21:49] [269/455] AMRT
[02:21:50] [270/455] VACD
[02:21:51] 🔄 Identity reset
[02:21:51] 🔄 Identity rotated (every 10 requests)
[02:21:51] [271/455] SKDD
[02:21:52] [272/455] STGR
[02:21:53] [273/455] GDAK
[02:21:54] [274/455] SKHK
[02:21:55] [275/455] SLND
[02:21:56] [276/455] APAP
[02:21:57] [277/455] AYYA
[02:21:58] [278/455] VCCZ
[02:21:58] [279/455] MEML
[02:21:59] [280/455] MAOU
[02:22:00] 🔄 Identity reset
[02:22:00] 🔄 Identity rotated (every 10 requests)
[02:22:00] [281/455] ESND
[02:22:02] [282/455] PTBZ
[02:22:03] [283/455] LBCN
[02:22:04] [284/455] PAWA
[02:22:05] [285/455] ZEIC
[02:22:06] [286/455] CGMM
[02:22:07] [287/455] PJPM
[02:22:08] [288/455] ECMR
[02:22:09] [289/455] SHMZ
[02:22:11] [290/455] STCA
[02:22:11] 🔄 Identity reset
[02:22:11] 🔄 Identity rotated (every 10 requests)
[02:22:12] [291/455] VDRC
[02:22:13] [292/455] SEEM
[02:22:15] [293/455] MKNS
[02:22:16] [294/455] KPPP
[02:22:17] [295/455] CCML
[02:22:18] [296/455] CIBA
[02:22:19] [297/455] NACS
[02:22:20] [298/455] CTMK
[02:22:21] [299/455] CTCT
[02:22:22] [300/455] MCSN
[02:22:22] 🔄 Identity reset
[02:22:22] 🔄 Identity rotated (every 10 requests)
[02:22:23] [301/455] MAXX
[02:22:24] [302/455] MECB
[02:22:25] [303/455] NTBY
[02:22:26] [304/455] UTBI
[02:22:27] [305/455] RADK
[02:22:28] [306/455] STBY
[02:22:29] [307/455] GTBY
[02:22:30] [308/455] RRMB
[02:22:31] [309/455] ABRN
[02:22:32] [310/455] GTSG
[02:22:33] 🔄 Identity reset
[02:22:33] 🔄 Identity rotated (every 10 requests)
[02:22:33] [311/455] GBTG
[02:22:34] [312/455] SBGS
[02:22:35] [313/455] KBPM
[02:22:36] [314/455] SMHT
[02:22:37] [315/455] VTDM
[02:22:37] [316/455] ASCT
[02:22:38] [317/455] AWCT
[02:22:39] [318/455] DCCU
[02:22:40] [319/455] PSCE
[02:22:41] [320/455] KSNY
[02:22:42] 🔄 Identity reset
[02:22:42] 🔄 Identity rotated (every 10 requests)
[02:22:42] [321/455] ACID
[02:22:43] [322/455] LVCD
[02:22:44] [323/455] KSSB
[02:22:45] [324/455] SWTD
[02:22:45] [325/455] RBMR
[02:22:46] [326/455] SCBC
[02:22:47] [327/455] RKME
[02:22:48] [328/455] GALX
[02:22:49] [329/455] GCCH
[02:22:50] [330/455] RATR
[02:22:51] 🔄 Identity reset
[02:22:51] 🔄 Identity rotated (every 10 requests)
[02:22:51] [331/455] GTGA
[02:22:52] [332/455] LTTR
[02:22:53] [333/455] TTAA
[02:22:54] [334/455] TVHP
[02:22:55] [335/455] KVCS
[02:22:56] [336/455] CBMC
[02:22:57] [337/455] MAYJ
[02:22:58] [338/455] INPR
[02:22:59] [339/455] RSSC
[02:23:00] [340/455] PCAN
[02:23:00] 🔄 Identity reset
[02:23:00] 🔄 Identity rotated (every 10 requests)
[02:23:00] [341/455] PVHR
[02:23:01] [342/455] AGSM
[02:23:02] [343/455] PVES
[02:23:03] [344/455] INTO
[02:23:04] [345/455] ACON
[02:23:05] [346/455] PVPZ
[02:23:06] [347/455] PVHC
[02:23:07] [348/455] KSTK
[02:23:08] [349/455] PVSR
[02:23:09] [350/455] ACTN
[02:23:10] 🔄 Identity reset
[02:23:10] 🔄 Identity rotated (every 10 requests)
[02:23:10] [351/455] FMCN
[02:23:12] [352/455] PABC
[02:23:13] [353/455] SUTC
[02:23:14] [354/455] PGMV
[02:23:15] [355/455] GKCP
[02:23:16] [356/455] INCH
[02:23:17] [357/455] MLMT
[02:23:18] [358/455] SSCC
[02:23:19] [359/455] SLMP
[02:23:20] [360/455] VVTN
[02:23:20] 🔄 Identity reset
[02:23:20] 🔄 Identity rotated (every 10 requests)
[02:23:21] [361/455] SBTR
[02:23:22] [362/455] PGRA
[02:23:23] [363/455] PBRM
[02:23:24] [364/455] GCRP
[02:23:25] [365/455] MCSK
[02:23:26] [366/455] NLTC
[02:23:27] [367/455] MTLM
[02:23:28] [368/455] VECT
[02:23:29] [369/455] KMRM
[02:23:30] [370/455] RACM
[02:23:31] 🔄 Identity reset
[02:23:31] 🔄 Identity rotated (every 10 requests)
[02:23:31] [371/455] WSTC
[02:23:32] [372/455] PVTJ
[02:23:33] [373/455] MMKC
[02:23:34] [374/455] SVWT
[02:23:35] [375/455] JOTG
[02:23:36] [376/455] VCDK
[02:23:37] [377/455] ANAC
[02:23:37] [378/455] GRTC
[02:23:39] [379/455] JTPL
[02:23:39] [380/455] VRCP
[02:23:40] 🔄 Identity reset
[02:23:40] 🔄 Identity rotated (every 10 requests)
[02:23:40] [381/455] REMC
[02:23:42] [382/455] ATMG
[02:23:42] [383/455] GAHC
[02:23:43] [384/455] JTMV
[02:23:44] [385/455] OMTT
[02:23:45] [386/455] GKKC
[02:23:46] [387/455] BBPO
[02:23:47] [388/455] ZCBB
[02:23:48] [389/455] DCGO
[02:23:49] [390/455] STOP
[02:23:49] 🔄 Identity reset
[02:23:50] 🔄 Identity rotated (every 10 requests)
[02:23:50] [391/455] BSPC
[02:23:51] [392/455] SOND
[02:23:51] [393/455] GCKG
[02:23:52] [394/455] PCDB
[02:23:53] [395/455] PGRC
[02:23:54] [396/455] CSCT
[02:23:55] [397/455] STDA
[02:23:56] [398/455] JAYD
[02:23:57] [399/455] PPPD
[02:23:58] [400/455] KRTT
[02:23:59] 🔄 Identity reset
[02:23:59] 🔄 Identity rotated (every 10 requests)
[02:23:59] [401/455] PTDT
[02:24:00] [402/455] TRSV
[02:24:01] [403/455] VELR
[02:24:02] [404/455] STDT
[02:24:03] [405/455] SATT
[02:24:04] [406/455] KCPM
[02:24:05] [407/455] MFCP
[02:24:06] [408/455] AXMP
[02:24:07] [409/455] LTVB
[02:24:08] [410/455] APST
[02:24:09] 🔄 Identity reset
[02:24:09] 🔄 Identity rotated (every 10 requests)
[02:24:09] [411/455] DTVP
[02:24:10] [412/455] AAVB
[02:24:12] [413/455] PMBL
[02:24:14] [414/455] STKC
[02:24:15] [415/455] KKMA
[02:24:16] [416/455] NMXS
[02:24:17] [417/455] DECX
[02:24:18] [418/455] MAPJ
[02:24:19] [419/455] SMLK
[02:24:20] [420/455] PMPU
[02:24:20] 🔄 Identity reset
[02:24:20] 🔄 Identity rotated (every 10 requests)
[02:24:21] [421/455] AFST
[02:24:22] [422/455] SRSY
[02:24:23] [423/455] RMKT
[02:24:24] [424/455] RAJX
[02:24:24] [425/455] UVCD
[02:24:25] [426/455] LISA
[02:24:26] [427/455] LMSR
[02:24:27] [428/455] PMCA
[02:24:28] [429/455] INPO
[02:24:29] [430/455] INGO
[02:24:30] 🔄 Identity reset
[02:24:30] 🔄 Identity rotated (every 10 requests)
[02:24:30] [431/455] HFSQ
[02:24:31] [432/455] INMG
[02:24:32] [433/455] NYCP
[02:24:33] [434/455] HFSV
[02:24:33] [435/455] MMZP
[02:24:34] [436/455] KSES
[02:24:35] [437/455] HFSA
[02:24:36] [438/455] ACMM
[02:24:37] [439/455] RCKD
[02:24:38] [440/455] BCKR
[02:24:39] 🔄 Identity reset
[02:24:39] 🔄 Identity rotated (every 10 requests)
[02:24:39] [441/455] SFCO
[02:24:40] [442/455] JCCB
[02:24:41] [443/455] BCCR
[02:24:42] [444/455] NWCB
[02:24:43] [445/455] SAMT
[02:24:44] [446/455] TMST
[02:24:45] [447/455] SJCN
[02:24:47] [448/455] MCBS
[02:24:48] [449/455] CMKR
[02:24:49] [450/455] INPM
[02:24:49] 🔄 Identity reset
[02:24:49] 🔄 Identity rotated (every 10 requests)
[02:24:50] [451/455] WVMT
[02:24:52] [452/455] NYSM
[02:24:52] [453/455] RCMA
[02:24:53] [454/455] RECM
[02:24:54] [455/455] CYCM
[02:24:55] ✅ DONE | Shows=2 | Movies=1
[02:45:37] 🚀 BMS DAILY TRACKER STARTED (enhanced anti‑detection)
[02:45:37] [1/455] MXGN
[02:45:37] 🧠 New identity created
[02:45:37] [2/455] PGGM
[02:45:39] [3/455] IPMJ
[02:45:40] [4/455] M2PP
[02:45:41] [5/455] PMMS
[02:45:41] [6/455] SCJN
[02:45:43] [7/455] CPUM
[02:45:44] [8/455] SCND
[02:45:45] [9/455] INWM
[02:45:46] [10/455] DVDC
[02:45:46] 🔄 Identity reset
[02:45:46] 🔄 Identity rotated (every 10 requests)
[02:45:47] [11/455] WVND
[02:45:48] [12/455] LBDL
[02:45:49] [13/455] CRGM
[02:45:49] [14/455] PVKS
[02:45:50] [15/455] PBLL
[02:45:51] [16/455] FNLN
[02:45:52] [17/455] PPDA
[02:45:53] [18/455] SCPT
[02:45:54] [19/455] IAJS
[02:45:54] [20/455] MMZG
[02:45:55] 🔄 Identity reset
[02:45:55] 🔄 Identity rotated (every 10 requests)
[02:45:55] [21/455] MCTI
[02:45:56] [22/455] PPMF
[02:45:57] [23/455] FNSD
[02:45:58] [24/455] M2RH
[02:45:59] [25/455] CPGV
[02:46:00] [26/455] PECD
[02:46:01] [27/455] CTEE
[02:46:02] [28/455] IOMG
[02:46:03] [29/455] CIJA
[02:46:04] [30/455] NYCG
[02:46:04] 🔄 Identity reset
[02:46:04] 🔄 Identity rotated (every 10 requests)
[02:46:05] [31/455] CEST
[02:46:06] [32/455] WVRG
[02:46:07] [33/455] DPDC
[02:46:08] [34/455] PDIV
[02:46:09] [35/455] MTPP
[02:46:10] [36/455] MHNU
[02:46:10] [37/455] WUPG
[02:46:11] [38/455] USCO
[02:46:12] [39/455] INFR
[02:46:13] [40/455] PVPD
[02:46:14] 🔄 Identity reset
[02:46:14] 🔄 Identity rotated (every 10 requests)
[02:46:14] [41/455] RONC
[02:46:16] [42/455] IOCP
[02:46:17] [43/455] EMPS
[02:46:17] [44/455] PNAD
[02:46:18] [45/455] VVGZ
[02:46:19] [46/455] MDDC
[02:46:20] [47/455] MMAP
[02:46:21] [48/455] GPDC
[02:46:21] [49/455] PVPU
[02:46:22] [50/455] DCMV
[02:46:23] 🔄 Identity reset
[02:46:23] 🔄 Identity rotated (every 10 requests)
[02:46:23] [51/455] PCCF
[02:46:24] [52/455] MCEF
[02:46:26] [53/455] INRD
[02:46:27] [54/455] CCPZ
[02:46:28] [55/455] BCWG
[02:46:30] [56/455] PMGU
[02:46:31] [57/455] MCVM
[02:46:31] [58/455] MCDE
[02:46:32] [59/455] IEFM
[02:46:33] [60/455] MXCS
[02:46:34] 🔄 Identity reset
[02:46:34] 🔄 Identity rotated (every 10 requests)
[02:46:34] [61/455] RNMT
[02:46:35] [62/455] PSDD
[02:46:36] [63/455] PETA
[02:46:37] [64/455] IZOP
[02:46:37] [65/455] PDEI
[02:46:38] [66/455] MTND
[02:46:40] [67/455] PCPL
[02:46:41] [68/455] LSCM
[02:46:42] [69/455] BTFD
[02:46:43] [70/455] MERM
[02:46:43] 🔄 Identity reset
[02:46:43] 🔄 Identity rotated (every 10 requests)
[02:46:43] 🔄 Retry 1/5 for MERM in 2.7s
[02:46:43] 🔄 Identity reset
[02:46:46] 🧠 New identity created
[02:46:46] [71/455] PVMS
[02:46:47] [72/455] CIGK
[02:46:48] [73/455] INSG
[02:46:49] [74/455] IDEN
[02:46:50] [75/455] MCGN
[02:46:51] [76/455] IGAM
[02:46:51] [77/455] SLCU
[02:46:52] [78/455] MIMU
[02:46:53] [79/455] QLAC
[02:46:54] 🔄 Identity reset
[02:46:54] 🔄 Identity rotated (every 10 requests)
[02:46:54] 🔄 Retry 1/5 for QLAC in 2.6s
[02:46:54] 🔄 Identity reset
[02:46:56] 🧠 New identity created
[02:46:57] [80/455] MENL
[02:46:57] [81/455] SCUR
[02:46:58] [82/455] MDGD
[02:46:59] [83/455] LSRS
[02:47:00] [84/455] KMLG
[02:47:01] [85/455] MKLJ
[02:47:02] [86/455] IBYG
[02:47:03] [87/455] ISML
[02:47:04] [88/455] MJMM
[02:47:05] 🔄 Identity reset
[02:47:05] 🔄 Identity rotated (every 10 requests)
[02:47:05] [89/455] RCGD
[02:47:06] [90/455] MMOC
[02:47:07] [91/455] RRCO
[02:47:08] [92/455] MEDM
[02:47:09] [93/455] MCAZ
[02:47:09] [94/455] STWA
[02:47:10] [95/455] PFFG
[02:47:11] [96/455] GAGC
[02:47:12] [97/455] PMPM
[02:47:12] [98/455] HVCD
[02:47:13] 🔄 Identity reset
[02:47:13] 🔄 Identity rotated (every 10 requests)
[02:47:13] [99/455] AKRF
[02:47:14] [100/455] AKRC
[02:47:15] [101/455] MIDA
[02:47:16] [102/455] MAGX
[02:47:17] [103/455] ESOS
[02:47:18] [104/455] BBCL
[02:47:19] [105/455] LYAS
[02:47:20] [106/455] NRMS
[02:47:22] [107/455] BHUC
[02:47:23] [108/455] SRIC
[02:47:24] 🔄 Identity reset
[02:47:24] 🔄 Identity rotated (every 10 requests)
[02:47:24] [109/455] PDME
[02:47:26] [110/455] MJCS
[02:47:27] [111/455] NRAA
[02:47:27] [112/455] VATA
[02:47:28] [113/455] MNKC
[02:47:29] [114/455] DHCL
[02:47:30] [115/455] JCPC
[02:47:31] [116/455] CTML
[02:47:32] [117/455] RMMR
[02:47:33] [118/455] STTL
[02:47:33] 🔄 Identity reset
[02:47:33] 🔄 Identity rotated (every 10 requests)
[02:47:34] [119/455] CNPS
[02:47:35] [120/455] ACKL
[02:47:35] [121/455] SCAU
[02:47:36] [122/455] RMIA
[02:47:37] [123/455] MANU
[02:47:38] [124/455] ARDC
[02:47:39] [125/455] GLDA
[02:47:40] [126/455] KVSW
[02:47:41] [127/455] CGCA
[02:47:42] [128/455] CMLO
[02:47:43] 🔄 Identity reset
[02:47:43] 🔄 Identity rotated (every 10 requests)
[02:47:43] [129/455] CECB
[02:47:44] [130/455] RCPN
[02:47:45] [131/455] ASMW
[02:47:46] [132/455] PWLM
[02:47:47] [133/455] ASGM
[02:47:48] [134/455] ACWH
[02:47:48] [135/455] AAPW
[02:47:49] [136/455] RTWA
[02:47:50] [137/455] RAMW
[02:47:51] [138/455] VKTR
[02:47:52] 🔄 Identity reset
[02:47:52] 🔄 Identity rotated (every 10 requests)
[02:47:52] [139/455] SMBH
[02:47:53] [140/455] BVDR
[02:47:54] [141/455] MRTP
[02:47:55] [142/455] BLBR
[02:47:56] [143/455] LPIN
[02:47:57] [144/455] SNPC
[02:47:57] [145/455] PDCB
[02:47:58] [146/455] DYPK
[02:47:59] [147/455] INMK
[02:48:00] [148/455] PDCK
[02:48:01] 🔄 Identity reset
[02:48:01] 🔄 Identity rotated (every 10 requests)
[02:48:01] [149/455] PCKR
[02:48:02] [150/455] SHUA
[02:48:03] [151/455] SCVK
[02:48:04] [152/455] STPA
[02:48:04] [153/455] WVHD
[02:48:05] [154/455] MRCH
[02:48:06] [155/455] MCNP
[02:48:07] [156/455] RCAG
[02:48:08] [157/455] JTSN
[02:48:09] [158/455] AANS
[02:48:09] 🔄 Identity reset
[02:48:09] 🔄 Identity rotated (every 10 requests)
[02:48:10] [159/455] GDDR
[02:48:10] [160/455] SRER
[02:48:11] [161/455] JKMA
[02:48:12] [162/455] ARAN
[02:48:13] [163/455] ALCT
[02:48:14] [164/455] CCTA
[02:48:15] [165/455] CNCT
[02:48:16] [166/455] NZBL
[02:48:17] [167/455] SRRA
[02:48:17] [168/455] SVPW
[02:48:18] 🔄 Identity reset
[02:48:18] 🔄 Identity rotated (every 10 requests)
[02:48:19] [169/455] SRTW
[02:48:20] [170/455] XMTD
[02:48:21] [171/455] SCCZ
[02:48:22] [172/455] PBCR
[02:48:22] [173/455] RTSC
[02:48:24] [174/455] TLSV
[02:48:25] [175/455] RMTK
[02:48:26] [176/455] SRAT
[02:48:27] [177/455] GCYC
[02:48:28] [178/455] HCAJ
[02:48:29] 🔄 Identity reset
[02:48:29] 🔄 Identity rotated (every 10 requests)
[02:48:30] [179/455] LCXA
[02:48:32] [180/455] BINT
[02:48:33] [181/455] IXIM
[02:48:34] [182/455] MBCR
[02:48:35] [183/455] BMCJ
[02:48:36] [184/455] NICJ
[02:48:36] [185/455] SCAJ
[02:48:37] [186/455] CMXS
[02:48:38] [187/455] MMSR
[02:48:39] [188/455] PRKT
[02:48:39] 🔄 Identity reset
[02:48:39] 🔄 Identity rotated (every 10 requests)
[02:48:40] [189/455] LPTH
[02:48:40] [190/455] SARP
[02:48:41] [191/455] MNPP
[02:48:42] [192/455] PRLR
[02:48:43] [193/455] RCMW
[02:48:44] [194/455] FCMG
[02:48:45] [195/455] RTNK
[02:48:46] [196/455] LRCP
[02:48:46] [197/455] DBJR
[02:48:47] [198/455] CACN
[02:48:48] 🔄 Identity reset
[02:48:48] 🔄 Identity rotated (every 10 requests)
[02:48:48] [199/455] AMRL
[02:48:49] [200/455] SBBC
[02:48:50] [201/455] VENN
[02:48:51] [202/455] STSS
[02:48:51] [203/455] SMRB
[02:48:52] [204/455] CCMX
[02:48:53] [205/455] KCMR
[02:48:54] [206/455] SALH
[02:48:55] [207/455] CGTT
[02:48:56] [208/455] PMDR
[02:48:56] 🔄 Identity reset
[02:48:56] 🔄 Identity rotated (every 10 requests)
[02:48:57] [209/455] VCPM
[02:48:57] [210/455] RZMX
[02:48:58] [211/455] TMSY
[02:48:59] [212/455] NTMS
[02:49:00] [213/455] VTAG
[02:49:01] [214/455] REMA
[02:49:02] [215/455] NXCC
[02:49:02] [216/455] SKYM
[02:49:04] [217/455] CCMO
[02:49:05] [218/455] DMXM
[02:49:05] 🔄 Identity reset
[02:49:05] 🔄 Identity rotated (every 10 requests)
[02:49:06] [219/455] SPPM
[02:49:06] [220/455] PTKL
[02:49:08] [221/455] SLVO
[02:49:09] [222/455] VASL
[02:49:10] [223/455] CBCM
[02:49:10] [224/455] STMA
[02:49:11] [225/455] LASK
[02:49:12] [226/455] VITE
[02:49:13] [227/455] AAST
[02:49:14] [228/455] JTPT
[02:49:14] 🔄 Identity reset
[02:49:14] 🔄 Identity rotated (every 10 requests)
[02:49:15] [229/455] RRSH
[02:49:15] [230/455] CINL
[02:49:16] [231/455] MCSR
[02:49:17] [232/455] SBCF
[02:49:18] [233/455] GCDU
[02:49:19] [234/455] PSPR
[02:49:20] [235/455] IMMO
[02:49:21] [236/455] CLGM
[02:49:21] [237/455] PBMM
[02:49:22] [238/455] CEHR
[02:49:23] 🔄 Identity reset
[02:49:23] 🔄 Identity rotated (every 10 requests)
[02:49:23] 🔄 Retry 1/5 for CEHR in 2.5s
[02:49:23] 🔄 Identity reset
[02:49:25] 🧠 New identity created
[02:49:26] [239/455] CPOE
[02:49:27] [240/455] PGFD
[02:49:27] [241/455] PSLC
[02:49:29] [242/455] MSMD
[02:49:30] [243/455] FMFB
[02:49:31] [244/455] RKCL
[02:49:32] [245/455] PMMC
[02:49:32] [246/455] SKMM
[02:49:33] [247/455] VOIB
[02:49:34] 🔄 Identity reset
[02:49:34] 🔄 Identity rotated (every 10 requests)
[02:49:34] [248/455] KINO
[02:49:35] [249/455] VCTP
[02:49:36] [250/455] PDWR
[02:49:37] [251/455] SAED
[02:49:38] [252/455] SRRT
[02:49:39] [253/455] CVLG
[02:49:40] [254/455] SNGN
[02:49:40] [255/455] SIDA
[02:49:41] [256/455] IMCB
[02:49:42] [257/455] SMHP
[02:49:43] 🔄 Identity reset
[02:49:43] 🔄 Identity rotated (every 10 requests)
[02:49:43] [258/455] GDTY
[02:49:44] [259/455] VYCH
[02:49:45] [260/455] PDYA
[02:49:46] [261/455] RKDO
[02:49:47] [262/455] VECG
[02:49:48] [263/455] NFGD
[02:49:49] [264/455] SNDC
[02:49:50] [265/455] SDJH
[02:49:51] [266/455] HASV
[02:49:52] [267/455] PTYK
[02:49:53] 🔄 Identity reset
[02:49:53] 🔄 Identity rotated (every 10 requests)
[02:49:53] [268/455] MUTB
[02:49:54] [269/455] AMRT
[02:49:55] [270/455] VACD
[02:49:56] [271/455] SKDD
[02:49:57] [272/455] STGR
[02:49:58] [273/455] GDAK
[02:49:59] [274/455] SKHK
[02:50:00] [275/455] SLND
[02:50:01] [276/455] APAP
[02:50:02] [277/455] AYYA
[02:50:03] 🔄 Identity reset
[02:50:03] 🔄 Identity rotated (every 10 requests)
[02:50:03] [278/455] VCCZ
[02:50:04] [279/455] MEML
[02:50:05] [280/455] MAOU
[02:50:07] [281/455] ESND
[02:50:08] [282/455] PTBZ
[02:50:08] [283/455] LBCN
[02:50:09] [284/455] PAWA
[02:50:10] [285/455] ZEIC
[02:50:11] [286/455] CGMM
[02:50:13] [287/455] PJPM
[02:50:13] 🔄 Identity reset
[02:50:13] 🔄 Identity rotated (every 10 requests)
[02:50:14] [288/455] ECMR
[02:50:14] [289/455] SHMZ
[02:50:15] [290/455] STCA
[02:50:16] [291/455] VDRC
[02:50:17] [292/455] SEEM
[02:50:18] [293/455] MKNS
[02:50:18] [294/455] KPPP
[02:50:20] [295/455] CCML
[02:50:21] [296/455] CIBA
[02:50:22] [297/455] NACS
[02:50:23] 🔄 Identity reset
[02:50:23] 🔄 Identity rotated (every 10 requests)
[02:50:23] [298/455] CTMK
[02:50:24] [299/455] CTCT
[02:50:25] [300/455] MCSN
[02:50:26] [301/455] MAXX
[02:50:27] [302/455] MECB
[02:50:28] [303/455] NTBY
[02:50:28] [304/455] UTBI
[02:50:29] [305/455] RADK
[02:50:30] [306/455] STBY
[02:50:31] [307/455] GTBY
[02:50:31] 🔄 Identity reset
[02:50:31] 🔄 Identity rotated (every 10 requests)
[02:50:32] [308/455] RRMB
[02:50:33] [309/455] ABRN
[02:50:34] [310/455] GTSG
[02:50:35] [311/455] GBTG
[02:50:36] [312/455] SBGS
[02:50:37] [313/455] KBPM
[02:50:38] [314/455] SMHT
[02:50:39] [315/455] VTDM
[02:50:40] [316/455] ASCT
[02:50:41] [317/455] AWCT
[02:50:42] 🔄 Identity reset
[02:50:42] 🔄 Identity rotated (every 10 requests)
[02:50:42] [318/455] DCCU
[02:50:43] [319/455] PSCE
[02:50:44] [320/455] KSNY
[02:50:44] [321/455] ACID
[02:50:45] [322/455] LVCD
[02:50:46] [323/455] KSSB
[02:50:47] [324/455] SWTD
[02:50:48] [325/455] RBMR
[02:50:49] [326/455] SCBC
[02:50:50] [327/455] RKME
[02:50:51] 🔄 Identity reset
[02:50:51] 🔄 Identity rotated (every 10 requests)
[02:50:51] [328/455] GALX
[02:50:52] [329/455] GCCH
[02:50:53] [330/455] RATR
[02:50:54] [331/455] GTGA
[02:50:55] [332/455] LTTR
[02:50:56] [333/455] TTAA
[02:50:57] [334/455] TVHP
[02:50:58] [335/455] KVCS
[02:50:59] [336/455] CBMC
[02:51:00] [337/455] MAYJ
[02:51:01] 🔄 Identity reset
[02:51:01] 🔄 Identity rotated (every 10 requests)
[02:51:01] [338/455] INPR
[02:51:02] [339/455] RSSC
[02:51:03] [340/455] PCAN
[02:51:04] [341/455] PVHR
[02:51:05] [342/455] AGSM
[02:51:05] [343/455] PVES
[02:51:06] [344/455] INTO
[02:51:07] [345/455] ACON
[02:51:08] [346/455] PVPZ
[02:51:10] [347/455] PVHC
[02:51:10] 🔄 Identity reset
[02:51:10] 🔄 Identity rotated (every 10 requests)
[02:51:10] [348/455] KSTK
[02:51:11] [349/455] PVSR
[02:51:12] [350/455] ACTN
[02:51:13] [351/455] FMCN
[02:51:14] [352/455] PABC
[02:51:15] [353/455] SUTC
[02:51:15] [354/455] PGMV
[02:51:16] [355/455] GKCP
[02:51:17] [356/455] INCH
[02:51:18] [357/455] MLMT
[02:51:18] 🔄 Identity reset
[02:51:18] 🔄 Identity rotated (every 10 requests)
[02:51:19] [358/455] SSCC
[02:51:20] [359/455] SLMP
[02:51:20] [360/455] VVTN
[02:51:21] [361/455] SBTR
[02:51:22] [362/455] PGRA
[02:51:23] [363/455] PBRM
[02:51:24] [364/455] GCRP
[02:51:24] [365/455] MCSK
[02:51:25] [366/455] NLTC
[02:51:26] [367/455] MTLM
[02:51:27] 🔄 Identity reset
[02:51:27] 🔄 Identity rotated (every 10 requests)
[02:51:27] [368/455] VECT
[02:51:28] [369/455] KMRM
[02:51:29] [370/455] RACM
[02:51:30] [371/455] WSTC
[02:51:30] [372/455] PVTJ
[02:51:31] [373/455] MMKC
[02:51:32] [374/455] SVWT
[02:51:33] [375/455] JOTG
[02:51:34] [376/455] VCDK
[02:51:35] [377/455] ANAC
[02:51:35] 🔄 Identity reset
[02:51:35] 🔄 Identity rotated (every 10 requests)
[02:51:35] [378/455] GRTC
[02:51:36] [379/455] JTPL
[02:51:37] [380/455] VRCP
[02:51:38] [381/455] REMC
[02:51:39] [382/455] ATMG
[02:51:40] [383/455] GAHC
[02:51:40] [384/455] JTMV
[02:51:41] [385/455] OMTT
[02:51:42] [386/455] GKKC
[02:51:43] [387/455] BBPO
[02:51:44] 🔄 Identity reset
[02:51:44] 🔄 Identity rotated (every 10 requests)
[02:51:44] [388/455] ZCBB
[02:51:45] [389/455] DCGO
[02:51:46] [390/455] STOP
[02:51:46] [391/455] BSPC
[02:51:47] [392/455] SOND
[02:51:49] [393/455] GCKG
[02:51:50] [394/455] PCDB
[02:51:50] [395/455] PGRC
[02:51:51] [396/455] CSCT
[02:51:52] [397/455] STDA
[02:51:53] 🔄 Identity reset
[02:51:53] 🔄 Identity rotated (every 10 requests)
[02:51:53] [398/455] JAYD
[02:51:54] [399/455] PPPD
[02:51:55] [400/455] KRTT
[02:51:55] [401/455] PTDT
[02:51:56] [402/455] TRSV
[02:51:58] [403/455] VELR
[02:51:58] [404/455] STDT
[02:51:59] [405/455] SATT
[02:52:00] [406/455] KCPM
[02:52:01] [407/455] MFCP
[02:52:01] 🔄 Identity reset
[02:52:01] 🔄 Identity rotated (every 10 requests)
[02:52:02] [408/455] AXMP
[02:52:03] [409/455] LTVB
[02:52:05] [410/455] APST
[02:52:05] [411/455] DTVP
[02:52:06] [412/455] AAVB
[02:52:07] [413/455] PMBL
[02:52:08] [414/455] STKC
[02:52:09] [415/455] KKMA
[02:52:10] [416/455] NMXS
[02:52:11] [417/455] DECX
[02:52:12] 🔄 Identity reset
[02:52:12] 🔄 Identity rotated (every 10 requests)
[02:52:12] [418/455] MAPJ
[02:52:13] [419/455] SMLK
[02:52:14] [420/455] PMPU
[02:52:15] [421/455] AFST
[02:52:16] [422/455] SRSY
[02:52:16] [423/455] RMKT
[02:52:17] [424/455] RAJX
[02:52:19] [425/455] UVCD
[02:52:20] [426/455] LISA
[02:52:21] [427/455] LMSR
[02:52:21] 🔄 Identity reset
[02:52:21] 🔄 Identity rotated (every 10 requests)
[02:52:21] [428/455] PMCA
[02:52:22] [429/455] INPO
[02:52:23] [430/455] INGO
[02:52:24] [431/455] HFSQ
[02:52:25] [432/455] INMG
[02:52:25] [433/455] NYCP
[02:52:26] [434/455] HFSV
[02:52:27] [435/455] MMZP
[02:52:29] [436/455] KSES
[02:52:30] [437/455] HFSA
[02:52:31] 🔄 Identity reset
[02:52:31] 🔄 Identity rotated (every 10 requests)
[02:52:31] [438/455] ACMM
[02:52:32] [439/455] RCKD
[02:52:33] [440/455] BCKR
[02:52:34] [441/455] SFCO
[02:52:35] [442/455] JCCB
[02:52:36] [443/455] BCCR
[02:52:37] [444/455] NWCB
[02:52:38] [445/455] SAMT
[02:52:39] [446/455] TMST
[02:52:40] [447/455] SJCN
[02:52:40] 🔄 Identity reset
[02:52:40] 🔄 Identity rotated (every 10 requests)
[02:52:40] 🔄 Retry 1/5 for SJCN in 2.7s
[02:52:40] 🔄 Identity reset
[02:52:43] 🧠 New identity created
[02:52:43] [448/455] MCBS
[02:52:44] [449/455] CMKR
[02:52:45] [450/455] INPM
[02:52:46] [451/455] WVMT
[02:52:47] [452/455] NYSM
[02:52:49] [453/455] RCMA
[02:52:50] [454/455] RECM
[02:52:51] [455/455] CYCM
[02:52:52] ✅ DONE | Shows=7 | Movies=3
[03:16:57] 🚀 BMS DAILY TRACKER STARTED (enhanced anti‑detection)
[03:16:57] [1/455] MXGN
[03:16:57] 🧠 New identity created
[03:16:58] [2/455] PGGM
[03:17:00] [3/455] IPMJ
[03:17:00] [4/455] M2PP
[03:17:01] [5/455] PMMS
[03:17:02] [6/455] SCJN
[03:17:03] [7/455] CPUM
[03:17:04] [8/455] SCND
[03:17:05] [9/455] INWM
[03:17:06] [10/455] DVDC
[03:17:07] 🔄 Identity reset
[03:17:07] 🔄 Identity rotated (every 10 requests)
[03:17:07] [11/455] WVND
[03:17:08] [12/455] LBDL
[03:17:09] [13/455] CRGM
[03:17:10] [14/455] PVKS
[03:17:11] [15/455] PBLL
[03:17:12] [16/455] FNLN
[03:17:13] [17/455] PPDA
[03:17:14] [18/455] SCPT
[03:17:15] [19/455] IAJS
[03:17:16] [20/455] MMZG
[03:17:17] 🔄 Identity reset
[03:17:17] 🔄 Identity rotated (every 10 requests)
[03:17:17] [21/455] MCTI
[03:17:18] [22/455] PPMF
[03:17:19] [23/455] FNSD
[03:17:20] [24/455] M2RH
[03:17:21] [25/455] CPGV
[03:17:21] [26/455] PECD
[03:17:22] [27/455] CTEE
[03:17:23] [28/455] IOMG
[03:17:25] [29/455] CIJA
[03:17:26] [30/455] NYCG
[03:17:26] 🔄 Identity reset
[03:17:26] 🔄 Identity rotated (every 10 requests)
[03:17:27] [31/455] CEST
[03:17:27] [32/455] WVRG
[03:17:28] [33/455] DPDC
[03:17:29] [34/455] PDIV
[03:17:30] [35/455] MTPP
[03:17:32] [36/455] MHNU
[03:17:33] [37/455] WUPG
[03:17:34] [38/455] USCO
[03:17:35] [39/455] INFR
[03:17:36] [40/455] PVPD
[03:17:36] 🔄 Identity reset
[03:17:36] 🔄 Identity rotated (every 10 requests)
[03:17:37] 🔄 Retry 1/5 for PVPD in 2.1s
[03:17:37] 🔄 Identity reset
[03:17:39] 🧠 New identity created
[03:17:40] [41/455] RONC
[03:17:41] [42/455] IOCP
[03:17:42] [43/455] EMPS
[03:17:43] [44/455] PNAD
[03:17:44] [45/455] VVGZ
[03:17:45] [46/455] MDDC
[03:17:46] [47/455] MMAP
[03:17:47] [48/455] GPDC
[03:17:48] [49/455] PVPU
[03:17:49] 🔄 Identity reset
[03:17:49] 🔄 Identity rotated (every 10 requests)
[03:17:49] [50/455] DCMV
[03:17:50] [51/455] PCCF
[03:17:51] [52/455] MCEF
[03:17:52] [53/455] INRD
[03:17:53] [54/455] CCPZ
[03:17:54] [55/455] BCWG
[03:17:55] [56/455] PMGU
[03:17:55] [57/455] MCVM
[03:17:56] [58/455] MCDE
[03:17:57] [59/455] IEFM
[03:17:58] 🔄 Identity reset
[03:17:58] 🔄 Identity rotated (every 10 requests)
[03:17:58] [60/455] MXCS
[03:17:59] [61/455] RNMT
[03:18:00] [62/455] PSDD
[03:18:01] [63/455] PETA
[03:18:02] [64/455] IZOP
[03:18:03] [65/455] PDEI
[03:18:04] [66/455] MTND
[03:18:05] [67/455] PCPL
[03:18:06] [68/455] LSCM
[03:18:08] [69/455] BTFD
[03:18:08] 🔄 Identity reset
[03:18:08] 🔄 Identity rotated (every 10 requests)
[03:18:09] [70/455] MERM
[03:18:10] [71/455] PVMS
[03:18:10] [72/455] CIGK
[03:18:11] [73/455] INSG
[03:18:12] [74/455] IDEN
[03:18:14] [75/455] MCGN
[03:18:15] [76/455] IGAM
[03:18:16] [77/455] SLCU
[03:18:17] [78/455] MIMU
[03:18:19] [79/455] QLAC
[03:18:19] 🔄 Identity reset
[03:18:19] 🔄 Identity rotated (every 10 requests)
[03:18:20] [80/455] MENL
[03:18:21] [81/455] SCUR
[03:18:22] [82/455] MDGD
[03:18:22] [83/455] LSRS
[03:18:23] [84/455] KMLG
[03:18:24] [85/455] MKLJ
[03:18:25] [86/455] IBYG
[03:18:26] [87/455] ISML
[03:18:27] [88/455] MJMM
[03:18:28] [89/455] RCGD
[03:18:29] 🔄 Identity reset
[03:18:29] 🔄 Identity rotated (every 10 requests)
[03:18:29] [90/455] MMOC
[03:18:30] [91/455] RRCO
[03:18:31] [92/455] MEDM
[03:18:32] [93/455] MCAZ
[03:18:33] [94/455] STWA
[03:18:34] [95/455] PFFG
[03:18:34] [96/455] GAGC
[03:18:35] [97/455] PMPM
[03:18:36] [98/455] HVCD
[03:18:37] [99/455] AKRF
[03:18:38] 🔄 Identity reset
[03:18:38] 🔄 Identity rotated (every 10 requests)
[03:18:38] [100/455] AKRC
[03:18:39] [101/455] MIDA
[03:18:40] [102/455] MAGX
[03:18:41] [103/455] ESOS
[03:18:42] [104/455] BBCL
[03:18:42] [105/455] LYAS
[03:18:43] [106/455] NRMS
[03:18:44] [107/455] BHUC
[03:18:45] [108/455] SRIC
[03:18:46] [109/455] PDME
[03:18:47] 🔄 Identity reset
[03:18:47] 🔄 Identity rotated (every 10 requests)
[03:18:48] [110/455] MJCS
[03:18:48] [111/455] NRAA
[03:18:49] [112/455] VATA
[03:18:50] [113/455] MNKC
[03:18:51] [114/455] DHCL
[03:18:52] [115/455] JCPC
[03:18:53] [116/455] CTML
[03:18:55] [117/455] RMMR
[03:18:56] [118/455] STTL
[03:18:57] [119/455] CNPS
[03:18:58] 🔄 Identity reset
[03:18:58] 🔄 Identity rotated (every 10 requests)
[03:18:58] [120/455] ACKL
[03:18:59] [121/455] SCAU
[03:19:00] [122/455] RMIA
[03:19:01] [123/455] MANU
[03:19:01] [124/455] ARDC
[03:19:02] [125/455] GLDA
[03:19:03] [126/455] KVSW
[03:19:05] [127/455] CGCA
[03:19:05] [128/455] CMLO
[03:19:06] [129/455] CECB
[03:19:07] 🔄 Identity reset
[03:19:07] 🔄 Identity rotated (every 10 requests)
[03:19:07] [130/455] RCPN
[03:19:09] [131/455] ASMW
[03:19:10] [132/455] PWLM
[03:19:11] [133/455] ASGM
[03:19:12] [134/455] ACWH
[03:19:14] [135/455] AAPW
[03:19:15] [136/455] RTWA
[03:19:16] [137/455] RAMW
[03:19:17] [138/455] VKTR
[03:19:18] [139/455] SMBH
[03:19:18] 🔄 Identity reset
[03:19:18] 🔄 Identity rotated (every 10 requests)
[03:19:19] [140/455] BVDR
[03:19:20] [141/455] MRTP
[03:19:21] [142/455] BLBR
[03:19:21] [143/455] LPIN
[03:19:22] [144/455] SNPC
[03:19:23] [145/455] PDCB
[03:19:24] [146/455] DYPK
[03:19:25] [147/455] INMK
[03:19:26] [148/455] PDCK
[03:19:27] [149/455] PCKR
[03:19:27] 🔄 Identity reset
[03:19:27] 🔄 Identity rotated (every 10 requests)
[03:19:28] [150/455] SHUA
[03:19:29] [151/455] SCVK
[03:19:30] [152/455] STPA
[03:19:31] [153/455] WVHD
[03:19:32] [154/455] MRCH
[03:19:33] [155/455] MCNP
[03:19:35] [156/455] RCAG
[03:19:36] [157/455] JTSN
[03:19:36] [158/455] AANS
[03:19:37] [159/455] GDDR
[03:19:38] 🔄 Identity reset
[03:19:38] 🔄 Identity rotated (every 10 requests)
[03:19:39] [160/455] SRER
[03:19:40] [161/455] JKMA
[03:19:41] [162/455] ARAN
[03:19:42] [163/455] ALCT
[03:19:43] [164/455] CCTA
[03:19:44] [165/455] CNCT
[03:19:45] [166/455] NZBL
[03:19:46] [167/455] SRRA
[03:19:46] [168/455] SVPW
[03:19:47] [169/455] SRTW
[03:19:48] 🔄 Identity reset
[03:19:48] 🔄 Identity rotated (every 10 requests)
[03:19:49] [170/455] XMTD
[03:19:50] [171/455] SCCZ
[03:19:51] [172/455] PBCR
[03:19:52] [173/455] RTSC
[03:19:52] [174/455] TLSV
[03:19:53] [175/455] RMTK
[03:19:54] [176/455] SRAT
[03:19:55] [177/455] GCYC
[03:19:56] [178/455] HCAJ
[03:19:57] [179/455] LCXA
[03:19:57] 🔄 Identity reset
[03:19:57] 🔄 Identity rotated (every 10 requests)
[03:19:57] [180/455] BINT
[03:19:58] [181/455] IXIM
[03:20:00] [182/455] MBCR
[03:20:00] [183/455] BMCJ
[03:20:01] [184/455] NICJ
[03:20:03] [185/455] SCAJ
[03:20:04] [186/455] CMXS
[03:20:05] [187/455] MMSR
[03:20:06] [188/455] PRKT
[03:20:07] [189/455] LPTH
[03:20:07] 🔄 Identity reset
[03:20:07] 🔄 Identity rotated (every 10 requests)
[03:20:08] 🔄 Retry 1/5 for LPTH in 2.3s
[03:20:08] 🔄 Identity reset
[03:20:10] 🧠 New identity created
[03:20:10] [190/455] SARP
[03:20:12] [191/455] MNPP
[03:20:13] [192/455] PRLR
[03:20:14] [193/455] RCMW
[03:20:14] [194/455] FCMG
[03:20:15] [195/455] RTNK
[03:20:16] [196/455] LRCP
[03:20:17] [197/455] DBJR
[03:20:18] [198/455] CACN
[03:20:19] 🔄 Identity reset
[03:20:19] 🔄 Identity rotated (every 10 requests)
[03:20:19] [199/455] AMRL
[03:20:21] [200/455] SBBC
[03:20:22] [201/455] VENN
[03:20:22] [202/455] STSS
[03:20:23] [203/455] SMRB
[03:20:24] [204/455] CCMX
[03:20:25] [205/455] KCMR
[03:20:26] [206/455] SALH
[03:20:27] [207/455] CGTT
[03:20:28] [208/455] PMDR
[03:20:28] 🔄 Identity reset
[03:20:28] 🔄 Identity rotated (every 10 requests)
[03:20:29] [209/455] VCPM
[03:20:29] [210/455] RZMX
[03:20:30] [211/455] TMSY
[03:20:31] [212/455] NTMS
[03:20:32] [213/455] VTAG
[03:20:33] [214/455] REMA
[03:20:34] [215/455] NXCC
[03:20:35] [216/455] SKYM
[03:20:36] [217/455] CCMO
[03:20:37] [218/455] DMXM
[03:20:38] 🔄 Identity reset
[03:20:38] 🔄 Identity rotated (every 10 requests)
[03:20:38] [219/455] SPPM
[03:20:39] [220/455] PTKL
[03:20:40] [221/455] SLVO
[03:20:41] [222/455] VASL
[03:20:42] [223/455] CBCM
[03:20:43] [224/455] STMA
[03:20:43] [225/455] LASK
[03:20:44] [226/455] VITE
[03:20:45] [227/455] AAST
[03:20:47] [228/455] JTPT
[03:20:47] 🔄 Identity reset
[03:20:47] 🔄 Identity rotated (every 10 requests)
[03:20:47] 🔄 Retry 1/5 for JTPT in 2.1s
[03:20:47] 🔄 Identity reset
[03:20:49] 🧠 New identity created
[03:20:50] [229/455] RRSH
[03:20:51] [230/455] CINL
[03:20:52] [231/455] MCSR
[03:20:59] [232/455] SBCF
[03:21:00] [233/455] GCDU
[03:21:01] [234/455] PSPR
[03:21:02] [235/455] IMMO
[03:21:03] [236/455] CLGM
[03:21:04] [237/455] PBMM
[03:21:05] 🔄 Identity reset
[03:21:05] 🔄 Identity rotated (every 10 requests)
[03:21:05] [238/455] CEHR
[03:21:07] [239/455] CPOE
[03:21:08] [240/455] PGFD
[03:21:09] [241/455] PSLC
[03:21:10] [242/455] MSMD
[03:21:10] [243/455] FMFB
[03:21:12] [244/455] RKCL
[03:21:13] [245/455] PMMC
[03:21:14] [246/455] SKMM
[03:21:15] [247/455] VOIB
[03:21:16] 🔄 Identity reset
[03:21:16] 🔄 Identity rotated (every 10 requests)
[03:21:17] [248/455] KINO
[03:21:18] [249/455] VCTP
[03:21:19] [250/455] PDWR
[03:21:19] [251/455] SAED
[03:21:20] [252/455] SRRT
[03:21:21] [253/455] CVLG
[03:21:22] [254/455] SNGN
[03:21:23] [255/455] SIDA
[03:21:24] [256/455] IMCB
[03:21:25] [257/455] SMHP
[03:21:26] 🔄 Identity reset
[03:21:26] 🔄 Identity rotated (every 10 requests)
[03:21:26] [258/455] GDTY
[03:21:27] [259/455] VYCH
[03:21:28] [260/455] PDYA
[03:21:29] [261/455] RKDO
[03:21:31] [262/455] VECG
[03:21:32] [263/455] NFGD
[03:21:32] [264/455] SNDC
[03:21:33] [265/455] SDJH
[03:21:34] [266/455] HASV
[03:21:36] [267/455] PTYK
[03:21:36] 🔄 Identity reset
[03:21:36] 🔄 Identity rotated (every 10 requests)
[03:21:37] [268/455] MUTB
[03:21:38] [269/455] AMRT
[03:21:39] [270/455] VACD
[03:21:40] [271/455] SKDD
[03:21:41] [272/455] STGR
[03:21:42] [273/455] GDAK
[03:21:43] [274/455] SKHK
[03:21:44] [275/455] SLND
[03:21:45] [276/455] APAP
[03:21:45] [277/455] AYYA
[03:21:46] 🔄 Identity reset
[03:21:46] 🔄 Identity rotated (every 10 requests)
[03:21:47] [278/455] VCCZ
[03:21:47] [279/455] MEML
[03:21:48] [280/455] MAOU
[03:21:49] [281/455] ESND
[03:21:51] [282/455] PTBZ
[03:21:52] [283/455] LBCN
[03:21:53] [284/455] PAWA
[03:21:54] [285/455] ZEIC
[03:21:55] [286/455] CGMM
[03:21:55] [287/455] PJPM
[03:21:56] 🔄 Identity reset
[03:21:56] 🔄 Identity rotated (every 10 requests)
[03:21:57] [288/455] ECMR
[03:21:57] [289/455] SHMZ
[03:21:58] [290/455] STCA
[03:21:59] [291/455] VDRC
[03:22:00] [292/455] SEEM
[03:22:00] [293/455] MKNS
[03:22:01] [294/455] KPPP
[03:22:02] [295/455] CCML
[03:22:03] [296/455] CIBA
[03:22:04] [297/455] NACS
[03:22:05] 🔄 Identity reset
[03:22:05] 🔄 Identity rotated (every 10 requests)
[03:22:05] [298/455] CTMK
[03:22:06] [299/455] CTCT
[03:22:07] [300/455] MCSN
[03:22:08] [301/455] MAXX
[03:22:08] [302/455] MECB
[03:22:10] [303/455] NTBY
[03:22:11] [304/455] UTBI
[03:22:12] [305/455] RADK
[03:22:13] [306/455] STBY
[03:22:14] [307/455] GTBY
[03:22:15] 🔄 Identity reset
[03:22:15] 🔄 Identity rotated (every 10 requests)
[03:22:16] [308/455] RRMB
[03:22:16] [309/455] ABRN
[03:22:17] [310/455] GTSG
[03:22:18] [311/455] GBTG
[03:22:19] [312/455] SBGS
[03:22:20] [313/455] KBPM
[03:22:21] [314/455] SMHT
[03:22:22] [315/455] VTDM
[03:22:24] [316/455] ASCT
[03:22:25] [317/455] AWCT
[03:22:25] 🔄 Identity reset
[03:22:25] 🔄 Identity rotated (every 10 requests)
[03:22:26] [318/455] DCCU
[03:22:27] [319/455] PSCE
[03:22:28] [320/455] KSNY
[03:22:28] [321/455] ACID
[03:22:29] [322/455] LVCD
[03:22:30] [323/455] KSSB
[03:22:31] [324/455] SWTD
[03:22:32] [325/455] RBMR
[03:22:33] [326/455] SCBC
[03:22:34] [327/455] RKME
[03:22:34] 🔄 Identity reset
[03:22:34] 🔄 Identity rotated (every 10 requests)
[03:22:35] [328/455] GALX
[03:22:36] [329/455] GCCH
[03:22:37] [330/455] RATR
[03:22:37] [331/455] GTGA
[03:22:39] [332/455] LTTR
[03:22:40] [333/455] TTAA
[03:22:41] [334/455] TVHP
[03:22:41] [335/455] KVCS
[03:22:42] [336/455] CBMC
[03:22:43] [337/455] MAYJ
[03:22:44] 🔄 Identity reset
[03:22:44] 🔄 Identity rotated (every 10 requests)
[03:22:44] 🔄 Retry 1/5 for MAYJ in 2.1s
[03:22:44] 🔄 Identity reset
[03:22:46] 🧠 New identity created
[03:22:46] [338/455] INPR
[03:22:47] [339/455] RSSC
[03:22:48] [340/455] PCAN
[03:22:49] [341/455] PVHR
[03:22:50] [342/455] AGSM
[03:22:51] [343/455] PVES
[03:22:52] [344/455] INTO
[03:22:53] [345/455] ACON
[03:22:53] [346/455] PVPZ
[03:22:54] 🔄 Identity reset
[03:22:54] 🔄 Identity rotated (every 10 requests)
[03:22:54] [347/455] PVHC
[03:22:56] [348/455] KSTK
[03:22:57] [349/455] PVSR
[03:22:58] [350/455] ACTN
[03:22:59] [351/455] FMCN
[03:23:00] [352/455] PABC
[03:23:01] [353/455] SUTC
[03:23:01] [354/455] PGMV
[03:23:02] [355/455] GKCP
[03:23:03] [356/455] INCH
[03:23:03] 🔄 Identity reset
[03:23:03] 🔄 Identity rotated (every 10 requests)
[03:23:04] [357/455] MLMT
[03:23:05] [358/455] SSCC
[03:23:05] [359/455] SLMP
[03:23:06] [360/455] VVTN
[03:23:07] [361/455] SBTR
[03:23:08] [362/455] PGRA
[03:23:09] [363/455] PBRM
[03:23:10] [364/455] GCRP
[03:23:11] [365/455] MCSK
[03:23:12] [366/455] NLTC
[03:23:12] 🔄 Identity reset
[03:23:12] 🔄 Identity rotated (every 10 requests)
[03:23:13] [367/455] MTLM
[03:23:14] [368/455] VECT
[03:23:15] [369/455] KMRM
[03:23:16] [370/455] RACM
[03:23:17] [371/455] WSTC
[03:23:18] [372/455] PVTJ
[03:23:19] [373/455] MMKC
[03:23:20] [374/455] SVWT
[03:23:21] [375/455] JOTG
[03:23:23] [376/455] VCDK
[03:23:23] 🔄 Identity reset
[03:23:23] 🔄 Identity rotated (every 10 requests)
[03:23:24] [377/455] ANAC
[03:23:24] [378/455] GRTC
[03:23:25] [379/455] JTPL
[03:23:26] [380/455] VRCP
[03:23:27] [381/455] REMC
[03:23:28] [382/455] ATMG
[03:23:29] [383/455] GAHC
[03:23:30] [384/455] JTMV
[03:23:30] [385/455] OMTT
[03:23:31] [386/455] GKKC
[03:23:32] 🔄 Identity reset
[03:23:32] 🔄 Identity rotated (every 10 requests)
[03:23:33] [387/455] BBPO
[03:23:34] [388/455] ZCBB
[03:23:35] [389/455] DCGO
[03:23:36] [390/455] STOP
[03:23:36] [391/455] BSPC
[03:23:37] [392/455] SOND
[03:23:38] [393/455] GCKG
[03:23:40] [394/455] PCDB
[03:23:41] [395/455] PGRC
[03:23:41] [396/455] CSCT
[03:23:42] 🔄 Identity reset
[03:23:42] 🔄 Identity rotated (every 10 requests)
[03:23:42] [397/455] STDA
[03:23:43] [398/455] JAYD
[03:23:44] [399/455] PPPD
[03:23:45] [400/455] KRTT
[03:23:46] [401/455] PTDT
[03:23:47] [402/455] TRSV
[03:23:48] [403/455] VELR
[03:23:49] [404/455] STDT
[03:23:50] [405/455] SATT
[03:23:51] [406/455] KCPM
[03:23:51] 🔄 Identity reset
[03:23:52] 🔄 Identity rotated (every 10 requests)
[03:23:52] [407/455] MFCP
[03:23:53] [408/455] AXMP
[03:23:54] [409/455] LTVB
[03:23:55] [410/455] APST
[03:23:56] [411/455] DTVP
[03:23:57] [412/455] AAVB
[03:23:58] [413/455] PMBL
[03:23:59] [414/455] STKC
[03:24:00] [415/455] KKMA
[03:24:01] [416/455] NMXS
[03:24:01] 🔄 Identity reset
[03:24:01] 🔄 Identity rotated (every 10 requests)
[03:24:01] 🔄 Retry 1/5 for NMXS in 2.4s
[03:24:01] 🔄 Identity reset
[03:24:04] 🧠 New identity created
[03:24:04] [417/455] DECX
[03:24:05] [418/455] MAPJ
[03:24:07] [419/455] SMLK
[03:24:08] [420/455] PMPU
[03:24:08] [421/455] AFST
[03:24:09] [422/455] SRSY
[03:24:10] [423/455] RMKT
[03:24:11] [424/455] RAJX
[03:24:12] [425/455] UVCD
[03:24:12] 🔄 Identity reset
[03:24:13] 🔄 Identity rotated (every 10 requests)
[03:24:13] [426/455] LISA
[03:24:14] [427/455] LMSR
[03:24:15] [428/455] PMCA
[03:24:16] [429/455] INPO
[03:24:17] [430/455] INGO
[03:24:18] [431/455] HFSQ
[03:24:20] [432/455] INMG
[03:24:20] [433/455] NYCP
[03:24:21] [434/455] HFSV
[03:24:22] [435/455] MMZP
[03:24:23] 🔄 Identity reset
[03:24:23] 🔄 Identity rotated (every 10 requests)
[03:24:23] [436/455] KSES
[03:24:24] [437/455] HFSA
[03:24:25] [438/455] ACMM
[03:24:26] [439/455] RCKD
[03:24:27] [440/455] BCKR
[03:24:28] [441/455] SFCO
[03:24:29] [442/455] JCCB
[03:24:30] [443/455] BCCR
[03:24:31] [444/455] NWCB
[03:24:31] [445/455] SAMT
[03:24:32] 🔄 Identity reset
[03:24:32] 🔄 Identity rotated (every 10 requests)
[03:24:33] [446/455] TMST
[03:24:34] [447/455] SJCN
[03:24:35] [448/455] MCBS
[03:24:35] [449/455] CMKR
[03:24:36] [450/455] INPM
[03:24:37] [451/455] WVMT
[03:24:38] [452/455] NYSM
[03:24:39] [453/455] RCMA
[03:24:39] [454/455] RECM
[03:24:40] [455/455] CYCM
[03:24:41] 🔄 Identity reset
[03:24:41] 🔄 Identity rotated (every 10 requests)
[03:24:41] ✅ DONE | Shows=19 | Movies=4
[04:17:06] 🚀 BMS DAILY TRACKER STARTED (enhanced anti‑detection)
[04:17:06] [1/455] MXGN
[04:17:06] 🧠 New identity created
[04:17:06] [2/455] PGGM
[04:17:07] [3/455] IPMJ
[04:17:08] [4/455] M2PP
[04:17:09] [5/455] PMMS
[04:17:10] [6/455] SCJN
[04:17:11] [7/455] CPUM
[04:17:12] [8/455] SCND
[04:17:13] [9/455] INWM
[04:17:14] [10/455] DVDC
[04:17:15] 🔄 Identity reset
[04:17:15] 🔄 Identity rotated (every 10 requests)
[04:17:15] [11/455] WVND
[04:17:16] [12/455] LBDL
[04:17:17] [13/455] CRGM
[04:17:19] [14/455] PVKS
[04:17:20] [15/455] PBLL
[04:17:21] [16/455] FNLN
[04:17:23] [17/455] PPDA
[04:17:23] [18/455] SCPT
[04:17:24] [19/455] IAJS
[04:17:25] [20/455] MMZG
[04:17:26] 🔄 Identity reset
[04:17:26] 🔄 Identity rotated (every 10 requests)
[04:17:26] [21/455] MCTI
[04:17:27] [22/455] PPMF
[04:17:28] [23/455] FNSD
[04:17:29] [24/455] M2RH
[04:17:30] [25/455] CPGV
[04:17:31] [26/455] PECD
[04:17:32] [27/455] CTEE
[04:17:33] [28/455] IOMG
[04:17:34] [29/455] CIJA
[04:17:35] [30/455] NYCG
[04:17:36] 🔄 Identity reset
[04:17:36] 🔄 Identity rotated (every 10 requests)
[04:17:36] [31/455] CEST
[04:17:38] [32/455] WVRG
[04:17:39] [33/455] DPDC
[04:17:39] [34/455] PDIV
[04:17:40] [35/455] MTPP
[04:17:41] [36/455] MHNU
[04:17:42] [37/455] WUPG
[04:17:43] [38/455] USCO
[04:17:44] [39/455] INFR
[04:17:45] [40/455] PVPD
[04:17:45] 🔄 Identity reset
[04:17:45] 🔄 Identity rotated (every 10 requests)
[04:17:46] [41/455] RONC
[04:17:47] [42/455] IOCP
[04:17:48] [43/455] EMPS
[04:17:49] [44/455] PNAD
[04:17:49] [45/455] VVGZ
[04:17:50] [46/455] MDDC
[04:17:51] [47/455] MMAP
[04:17:53] [48/455] GPDC
[04:17:54] [49/455] PVPU
[04:17:55] [50/455] DCMV
[04:17:56] 🔄 Identity reset
[04:17:56] 🔄 Identity rotated (every 10 requests)
[04:17:56] [51/455] PCCF
[04:17:57] [52/455] MCEF
[04:17:58] [53/455] INRD
[04:17:59] [54/455] CCPZ
[04:18:00] [55/455] BCWG
[04:18:01] [56/455] PMGU
[04:18:02] [57/455] MCVM
[04:18:03] [58/455] MCDE
[04:18:04] [59/455] IEFM
[04:18:05] [60/455] MXCS
[04:18:06] 🔄 Identity reset
[04:18:06] 🔄 Identity rotated (every 10 requests)
[04:18:06] [61/455] RNMT
[04:18:07] [62/455] PSDD
[04:18:08] [63/455] PETA
[04:18:09] [64/455] IZOP
[04:18:10] [65/455] PDEI
[04:18:11] [66/455] MTND
[04:18:12] [67/455] PCPL
[04:18:14] [68/455] LSCM
[04:18:15] [69/455] BTFD
[04:18:16] [70/455] MERM
[04:18:16] 🔄 Identity reset
[04:18:16] 🔄 Identity rotated (every 10 requests)
[04:18:17] [71/455] PVMS
[04:18:18] [72/455] CIGK
[04:18:18] [73/455] INSG
[04:18:19] [74/455] IDEN
[04:18:20] [75/455] MCGN
[04:18:21] [76/455] IGAM
[04:18:22] [77/455] SLCU
[04:18:23] [78/455] MIMU
[04:18:24] [79/455] QLAC
[04:18:25] [80/455] MENL
[04:18:26] 🔄 Identity reset
[04:18:26] 🔄 Identity rotated (every 10 requests)
[04:18:27] [81/455] SCUR
[04:18:28] [82/455] MDGD
[04:18:29] [83/455] LSRS
[04:18:30] [84/455] KMLG
[04:18:31] [85/455] MKLJ
[04:18:32] [86/455] IBYG
[04:18:33] [87/455] ISML
[04:18:34] [88/455] MJMM
[04:18:34] [89/455] RCGD
[04:18:36] [90/455] MMOC
[04:18:37] 🔄 Identity reset
[04:18:37] 🔄 Identity rotated (every 10 requests)
[04:18:37] 🔄 Retry 1/5 for MMOC in 2.5s
[04:18:37] 🔄 Identity reset
[04:18:39] 🧠 New identity created
[04:18:40] [91/455] RRCO
[04:18:41] [92/455] MEDM
[04:18:42] [93/455] MCAZ
[04:18:43] [94/455] STWA
[04:18:45] [95/455] PFFG
[04:18:46] [96/455] GAGC
[04:18:47] [97/455] PMPM
[04:18:48] [98/455] HVCD
[04:18:49] [99/455] AKRF
[04:18:49] 🔄 Identity reset
[04:18:49] 🔄 Identity rotated (every 10 requests)
[04:18:50] [100/455] AKRC
[04:18:50] [101/455] MIDA
[04:18:51] [102/455] MAGX
[04:18:52] [103/455] ESOS
[04:18:54] [104/455] BBCL
[04:18:55] [105/455] LYAS
[04:18:56] [106/455] NRMS
[04:18:57] [107/455] BHUC
[04:18:57] [108/455] SRIC
[04:18:58] [109/455] PDME
[04:18:59] 🔄 Identity reset
[04:18:59] 🔄 Identity rotated (every 10 requests)
[04:18:59] [110/455] MJCS
[04:19:00] [111/455] NRAA
[04:19:02] [112/455] VATA
[04:19:03] [113/455] MNKC
[04:19:04] [114/455] DHCL
[04:19:05] [115/455] JCPC
[04:19:06] [116/455] CTML
[04:19:06] [117/455] RMMR
[04:19:08] [118/455] STTL
[04:19:09] [119/455] CNPS
[04:19:10] 🔄 Identity reset
[04:19:10] 🔄 Identity rotated (every 10 requests)
[04:19:10] [120/455] ACKL
[04:19:11] [121/455] SCAU
[04:19:12] [122/455] RMIA
[04:19:13] [123/455] MANU
[04:19:14] [124/455] ARDC
[04:19:15] [125/455] GLDA
[04:19:16] [126/455] KVSW
[04:19:18] [127/455] CGCA
[04:19:19] [128/455] CMLO
[04:19:20] [129/455] CECB
[04:19:20] 🔄 Identity reset
[04:19:20] 🔄 Identity rotated (every 10 requests)
[04:19:20] 🔄 Retry 1/5 for CECB in 2.5s
[04:19:20] 🔄 Identity reset
[04:19:23] 🧠 New identity created
[04:19:23] [130/455] RCPN
[04:19:24] [131/455] ASMW
[04:19:25] [132/455] PWLM
[04:19:26] [133/455] ASGM
[04:19:28] [134/455] ACWH
[04:19:29] [135/455] AAPW
[04:19:30] [136/455] RTWA
[04:19:31] [137/455] RAMW
[04:19:32] [138/455] VKTR
[04:19:33] 🔄 Identity reset
[04:19:33] 🔄 Identity rotated (every 10 requests)
[04:19:33] 🔄 Retry 1/5 for VKTR in 2.8s
[04:19:33] 🔄 Identity reset
[04:19:36] 🧠 New identity created
[04:19:37] [139/455] SMBH
[04:19:38] [140/455] BVDR
[04:19:38] [141/455] MRTP
[04:19:39] [142/455] BLBR
[04:19:40] [143/455] LPIN
[04:19:41] [144/455] SNPC
[04:19:42] [145/455] PDCB
[04:19:43] [146/455] DYPK
[04:19:44] [147/455] INMK
[04:19:44] 🔄 Identity reset
[04:19:44] 🔄 Identity rotated (every 10 requests)
[04:19:46] [148/455] PDCK
[04:19:47] [149/455] PCKR
[04:19:48] [150/455] SHUA
[04:19:48] [151/455] SCVK
[04:19:49] [152/455] STPA
[04:19:50] [153/455] WVHD
[04:19:51] [154/455] MRCH
[04:19:53] [155/455] MCNP
[04:19:53] [156/455] RCAG
[04:19:54] [157/455] JTSN
[04:19:55] 🔄 Identity reset
[04:19:55] 🔄 Identity rotated (every 10 requests)
[04:19:55] [158/455] AANS
[04:19:56] [159/455] GDDR
[04:19:57] [160/455] SRER
[04:19:58] [161/455] JKMA
[04:20:00] [162/455] ARAN
[04:20:02] [163/455] ALCT
[04:20:03] [164/455] CCTA
[04:20:03] [165/455] CNCT
[04:20:04] [166/455] NZBL
[04:20:05] [167/455] SRRA
[04:20:06] 🔄 Identity reset
[04:20:06] 🔄 Identity rotated (every 10 requests)
[04:20:06] [168/455] SVPW
[04:20:07] [169/455] SRTW
[04:20:08] [170/455] XMTD
[04:20:09] [171/455] SCCZ
[04:20:10] [172/455] PBCR
[04:20:11] [173/455] RTSC
[04:20:12] [174/455] TLSV
[04:20:13] [175/455] RMTK
[04:20:14] [176/455] SRAT
[04:20:15] [177/455] GCYC
[04:20:15] 🔄 Identity reset
[04:20:15] 🔄 Identity rotated (every 10 requests)
[04:20:15] 🔄 Retry 1/5 for GCYC in 2.5s
[04:20:15] 🔄 Identity reset
[04:20:18] 🧠 New identity created
[04:20:18] [178/455] HCAJ
[04:20:19] [179/455] LCXA
[04:20:21] [180/455] BINT
[04:20:22] [181/455] IXIM
[04:20:22] [182/455] MBCR
[04:20:24] [183/455] BMCJ
[04:20:25] [184/455] NICJ
[04:20:26] [185/455] SCAJ
[04:20:28] [186/455] CMXS
[04:20:28] 🔄 Identity reset
[04:20:28] 🔄 Identity rotated (every 10 requests)
[04:20:29] [187/455] MMSR
[04:20:30] [188/455] PRKT
[04:20:32] [189/455] LPTH
[04:20:33] [190/455] SARP
[04:20:35] [191/455] MNPP
[04:20:36] [192/455] PRLR
[04:20:37] [193/455] RCMW
[04:20:38] [194/455] FCMG
[04:20:38] [195/455] RTNK
[04:20:39] [196/455] LRCP
[04:20:40] 🔄 Identity reset
[04:20:40] 🔄 Identity rotated (every 10 requests)
[04:20:41] [197/455] DBJR
[04:20:42] [198/455] CACN
[04:20:43] [199/455] AMRL
[04:20:44] [200/455] SBBC
[04:20:45] [201/455] VENN
[04:20:45] [202/455] STSS
[04:20:46] [203/455] SMRB
[04:20:48] [204/455] CCMX
[04:20:49] [205/455] KCMR
[04:20:50] [206/455] SALH
[04:20:51] 🔄 Identity reset
[04:20:51] 🔄 Identity rotated (every 10 requests)
[04:20:51] 🔄 Retry 1/5 for SALH in 2.6s
[04:20:51] 🔄 Identity reset
[04:20:54] 🧠 New identity created
[04:20:54] [207/455] CGTT
[04:20:55] [208/455] PMDR
[04:20:56] [209/455] VCPM
[04:20:57] [210/455] RZMX
[04:20:58] [211/455] TMSY
[04:20:59] [212/455] NTMS
[04:21:00] [213/455] VTAG
[04:21:01] [214/455] REMA
[04:21:02] [215/455] NXCC
[04:21:02] 🔄 Identity reset
[04:21:02] 🔄 Identity rotated (every 10 requests)
[04:21:03] [216/455] SKYM
[04:21:04] [217/455] CCMO
[04:21:05] [218/455] DMXM
[04:21:06] [219/455] SPPM
[04:21:07] [220/455] PTKL
[04:21:08] [221/455] SLVO
[04:21:09] [222/455] VASL
[04:21:10] [223/455] CBCM
[04:21:11] [224/455] STMA
[04:21:12] [225/455] LASK
[04:21:12] 🔄 Identity reset
[04:21:12] 🔄 Identity rotated (every 10 requests)
[04:21:13] [226/455] VITE
[04:21:14] [227/455] AAST
[04:21:15] [228/455] JTPT
[04:21:16] [229/455] RRSH
[04:21:18] [230/455] CINL
[04:21:19] [231/455] MCSR
[04:21:20] [232/455] SBCF
[04:21:21] [233/455] GCDU
[04:21:21] [234/455] PSPR
[04:21:22] [235/455] IMMO
[04:21:23] 🔄 Identity reset
[04:21:23] 🔄 Identity rotated (every 10 requests)
[04:21:23] [236/455] CLGM
[04:21:24] [237/455] PBMM
[04:21:25] [238/455] CEHR
[04:21:27] [239/455] CPOE
[04:21:28] [240/455] PGFD
[04:21:29] [241/455] PSLC
[04:21:30] [242/455] MSMD
[04:21:31] [243/455] FMFB
[04:21:32] [244/455] RKCL
[04:21:33] [245/455] PMMC
[04:21:33] 🔄 Identity reset
[04:21:33] 🔄 Identity rotated (every 10 requests)
[04:21:33] 🔄 Retry 1/5 for PMMC in 2.8s
[04:21:33] 🔄 Identity reset
[04:21:36] 🧠 New identity created
[04:21:37] [246/455] SKMM
[04:21:38] [247/455] VOIB
[04:21:39] [248/455] KINO
[04:21:40] [249/455] VCTP
[04:21:41] [250/455] PDWR
[04:21:42] [251/455] SAED
[04:21:43] [252/455] SRRT
[04:21:43] [253/455] CVLG
[04:21:45] [254/455] SNGN
[04:21:46] 🔄 Identity reset
[04:21:46] 🔄 Identity rotated (every 10 requests)
[04:21:46] [255/455] SIDA
[04:21:47] [256/455] IMCB
[04:21:49] [257/455] SMHP
[04:21:50] [258/455] GDTY
[04:21:51] [259/455] VYCH
[04:21:52] [260/455] PDYA
[04:21:53] [261/455] RKDO
[04:21:54] [262/455] VECG
[04:21:55] [263/455] NFGD
[04:21:56] [264/455] SNDC
[04:21:56] 🔄 Identity reset
[04:21:56] 🔄 Identity rotated (every 10 requests)
[04:21:57] [265/455] SDJH
[04:21:58] [266/455] HASV
[04:21:59] [267/455] PTYK
[04:21:59] [268/455] MUTB
[04:22:01] [269/455] AMRT
[04:22:02] [270/455] VACD
[04:22:03] [271/455] SKDD
[04:22:04] [272/455] STGR
[04:22:05] [273/455] GDAK
[04:22:05] [274/455] SKHK
[04:22:06] 🔄 Identity reset
[04:22:06] 🔄 Identity rotated (every 10 requests)
[04:22:07] [275/455] SLND
[04:22:07] [276/455] APAP
[04:22:08] [277/455] AYYA
[04:22:09] [278/455] VCCZ
[04:22:10] [279/455] MEML
[04:22:11] [280/455] MAOU
[04:22:12] [281/455] ESND
[04:22:14] [282/455] PTBZ
[04:22:15] [283/455] LBCN
[04:22:16] [284/455] PAWA
[04:22:16] 🔄 Identity reset
[04:22:16] 🔄 Identity rotated (every 10 requests)
[04:22:17] [285/455] ZEIC
[04:22:17] [286/455] CGMM
[04:22:18] [287/455] PJPM
[04:22:19] [288/455] ECMR
[04:22:20] [289/455] SHMZ
[04:22:21] [290/455] STCA
[04:22:23] [291/455] VDRC
[04:22:24] [292/455] SEEM
[04:22:24] [293/455] MKNS
[04:22:25] [294/455] KPPP
[04:22:26] 🔄 Identity reset
[04:22:26] 🔄 Identity rotated (every 10 requests)
[04:22:26] [295/455] CCML
[04:22:27] [296/455] CIBA
[04:22:28] [297/455] NACS
[04:22:29] [298/455] CTMK
[04:22:31] [299/455] CTCT
[04:22:31] [300/455] MCSN
[04:22:32] [301/455] MAXX
[04:22:33] [302/455] MECB
[04:22:35] [303/455] NTBY
[04:22:36] [304/455] UTBI
[04:22:36] 🔄 Identity reset
[04:22:36] 🔄 Identity rotated (every 10 requests)
[04:22:37] [305/455] RADK
[04:22:37] [306/455] STBY
[04:22:38] [307/455] GTBY
[04:22:39] [308/455] RRMB
[04:22:40] [309/455] ABRN
[04:22:41] [310/455] GTSG
[04:22:42] [311/455] GBTG
[04:22:43] [312/455] SBGS
[04:22:44] [313/455] KBPM
[04:22:45] [314/455] SMHT
[04:22:46] 🔄 Identity reset
[04:22:46] 🔄 Identity rotated (every 10 requests)
[04:22:46] 🔄 Retry 1/5 for SMHT in 2.1s
[04:22:46] 🔄 Identity reset
[04:22:48] 🧠 New identity created
[04:22:48] [315/455] VTDM
[04:22:49] [316/455] ASCT
[04:22:50] [317/455] AWCT
[04:22:52] [318/455] DCCU
[04:22:53] [319/455] PSCE
[04:22:54] [320/455] KSNY
[04:22:54] [321/455] ACID
[04:22:55] [322/455] LVCD
[04:22:57] [323/455] KSSB
[04:22:57] 🔄 Identity reset
[04:22:57] 🔄 Identity rotated (every 10 requests)
[04:22:58] [324/455] SWTD
[04:22:59] [325/455] RBMR
[04:23:00] [326/455] SCBC
[04:23:01] [327/455] RKME
[04:23:02] [328/455] GALX
[04:23:02] [329/455] GCCH
[04:23:03] [330/455] RATR
[04:23:04] [331/455] GTGA
[04:23:05] [332/455] LTTR
[04:23:06] [333/455] TTAA
[04:23:06] 🔄 Identity reset
[04:23:06] 🔄 Identity rotated (every 10 requests)
[04:23:07] [334/455] TVHP
[04:23:07] [335/455] KVCS
[04:23:09] [336/455] CBMC
[04:23:10] [337/455] MAYJ
[04:23:11] [338/455] INPR
[04:23:12] [339/455] RSSC
[04:23:12] [340/455] PCAN
[04:23:13] [341/455] PVHR
[04:23:15] [342/455] AGSM
[04:23:15] [343/455] PVES
[04:23:16] 🔄 Identity reset
[04:23:16] 🔄 Identity rotated (every 10 requests)
[04:23:17] [344/455] INTO
[04:23:18] [345/455] ACON
[04:23:19] [346/455] PVPZ
[04:23:20] [347/455] PVHC
[04:23:21] [348/455] KSTK
[04:23:22] [349/455] PVSR
[04:23:23] [350/455] ACTN
[04:23:23] [351/455] FMCN
[04:23:24] [352/455] PABC
[04:23:25] [353/455] SUTC
[04:23:26] 🔄 Identity reset
[04:23:26] 🔄 Identity rotated (every 10 requests)
[04:23:26] [354/455] PGMV
[04:23:27] [355/455] GKCP
[04:23:28] [356/455] INCH
[04:23:29] [357/455] MLMT
[04:23:30] [358/455] SSCC
[04:23:31] [359/455] SLMP
[04:23:32] [360/455] VVTN
[04:23:33] [361/455] SBTR
[04:23:34] [362/455] PGRA
[04:23:35] [363/455] PBRM
[04:23:36] 🔄 Identity reset
[04:23:36] 🔄 Identity rotated (every 10 requests)
[04:23:36] [364/455] GCRP
[04:23:37] [365/455] MCSK
[04:23:38] [366/455] NLTC
[04:23:40] [367/455] MTLM
[04:23:41] [368/455] VECT
[04:23:42] [369/455] KMRM
[04:23:43] [370/455] RACM
[04:23:44] [371/455] WSTC
[04:23:46] [372/455] PVTJ
[04:23:47] [373/455] MMKC
[04:23:47] 🔄 Identity reset
[04:23:48] 🔄 Identity rotated (every 10 requests)
[04:23:48] [374/455] SVWT
[04:23:49] [375/455] JOTG
[04:23:51] [376/455] VCDK
[04:23:52] [377/455] ANAC
[04:23:52] [378/455] GRTC
[04:23:53] [379/455] JTPL
[04:23:54] [380/455] VRCP
[04:23:55] [381/455] REMC
[04:23:56] [382/455] ATMG
[04:23:58] [383/455] GAHC
[04:23:58] 🔄 Identity reset
[04:23:58] 🔄 Identity rotated (every 10 requests)
[04:23:59] [384/455] JTMV
[04:24:00] [385/455] OMTT
[04:24:01] [386/455] GKKC
[04:24:02] [387/455] BBPO
[04:24:02] [388/455] ZCBB
[04:24:04] [389/455] DCGO
[04:24:04] [390/455] STOP
[04:24:05] [391/455] BSPC
[04:24:06] [392/455] SOND
[04:24:07] [393/455] GCKG
[04:24:08] 🔄 Identity reset
[04:24:08] 🔄 Identity rotated (every 10 requests)
[04:24:08] [394/455] PCDB
[04:24:09] [395/455] PGRC
[04:24:10] [396/455] CSCT
[04:24:11] [397/455] STDA
[04:24:12] [398/455] JAYD
[04:24:13] [399/455] PPPD
[04:24:14] [400/455] KRTT
[04:24:15] [401/455] PTDT
[04:24:16] [402/455] TRSV
[04:24:16] [403/455] VELR
[04:24:17] 🔄 Identity reset
[04:24:17] 🔄 Identity rotated (every 10 requests)
[04:24:17] [404/455] STDT
[04:24:18] [405/455] SATT
[04:24:19] [406/455] KCPM
[04:24:20] [407/455] MFCP
[04:24:21] [408/455] AXMP
[04:24:22] [409/455] LTVB
[04:24:23] [410/455] APST
[04:24:23] [411/455] DTVP
[04:24:25] [412/455] AAVB
[04:24:26] [413/455] PMBL
[04:24:26] 🔄 Identity reset
[04:24:26] 🔄 Identity rotated (every 10 requests)
[04:24:27] [414/455] STKC
[04:24:28] [415/455] KKMA
[04:24:29] [416/455] NMXS
[04:24:30] [417/455] DECX
[04:24:31] [418/455] MAPJ
[04:24:32] [419/455] SMLK
[04:24:33] [420/455] PMPU
[04:24:34] [421/455] AFST
[04:24:35] [422/455] SRSY
[04:24:36] [423/455] RMKT
[04:24:36] 🔄 Identity reset
[04:24:36] 🔄 Identity rotated (every 10 requests)
[04:24:36] 🔄 Retry 1/5 for RMKT in 2.7s
[04:24:36] 🔄 Identity reset
[04:24:39] 🧠 New identity created
[04:24:40] [424/455] RAJX
[04:24:40] [425/455] UVCD
[04:24:41] [426/455] LISA
[04:24:42] [427/455] LMSR
[04:24:44] [428/455] PMCA
[04:24:45] [429/455] INPO
[04:24:45] [430/455] INGO
[04:24:46] [431/455] HFSQ
[04:24:47] [432/455] INMG
[04:24:48] 🔄 Identity reset
[04:24:48] 🔄 Identity rotated (every 10 requests)
[04:24:48] [433/455] NYCP
[04:24:49] [434/455] HFSV
[04:24:50] [435/455] MMZP
[04:24:51] [436/455] KSES
[04:24:52] [437/455] HFSA
[04:24:53] [438/455] ACMM
[04:24:54] [439/455] RCKD
[04:24:55] [440/455] BCKR
[04:24:56] [441/455] SFCO
[04:24:57] [442/455] JCCB
[04:24:57] 🔄 Identity reset
[04:24:57] 🔄 Identity rotated (every 10 requests)
[04:24:58] [443/455] BCCR
[04:24:59] [444/455] NWCB
[04:25:01] [445/455] SAMT
[04:25:02] [446/455] TMST
[04:25:03] [447/455] SJCN
[04:25:04] [448/455] MCBS
[04:25:05] [449/455] CMKR
[04:25:06] [450/455] INPM
[04:25:07] [451/455] WVMT
[04:25:09] [452/455] NYSM
[04:25:09] 🔄 Identity reset
[04:25:09] 🔄 Identity rotated (every 10 requests)
[04:25:10] [453/455] RCMA
[04:25:11] [454/455] RECM
[04:25:11] [455/455] CYCM
[04:25:12] ✅ DONE | Shows=66 | Movies=7
[04:42:32] 🚀 BMS DAILY TRACKER STARTED (enhanced anti‑detection)
[04:42:32] [1/455] MXGN
[04:42:33] 🧠 New identity created
[04:42:33] [2/455] PGGM
[04:42:34] [3/455] IPMJ
[04:42:35] [4/455] M2PP
[04:42:36] [5/455] PMMS
[04:42:37] [6/455] SCJN
[04:42:38] [7/455] CPUM
[04:42:39] [8/455] SCND
[04:42:40] [9/455] INWM
[04:42:40] [10/455] DVDC
[04:42:41] 🔄 Identity reset
[04:42:41] 🔄 Identity rotated (every 10 requests)
[04:42:41] [11/455] WVND
[04:42:42] [12/455] LBDL
[04:42:43] [13/455] CRGM
[04:42:44] [14/455] PVKS
[04:42:45] [15/455] PBLL
[04:42:46] [16/455] FNLN
[04:42:48] [17/455] PPDA
[04:42:49] [18/455] SCPT
[04:42:50] [19/455] IAJS
[04:42:51] [20/455] MMZG
[04:42:52] 🔄 Identity reset
[04:42:52] 🔄 Identity rotated (every 10 requests)
[04:42:52] 🔄 Retry 1/5 for MMZG in 2.1s
[04:42:52] 🔄 Identity reset
[04:42:54] 🧠 New identity created
[04:42:54] 🔄 Retry 2/5 for MMZG in 4.1s
[04:42:54] 🔄 Identity reset
[04:42:58] 🧠 New identity created
[04:42:58] [21/455] MCTI
[04:42:59] [22/455] PPMF
[04:43:01] [23/455] FNSD
[04:43:02] [24/455] M2RH
[04:43:03] [25/455] CPGV
[04:43:03] [26/455] PECD
[04:43:04] [27/455] CTEE
[04:43:05] [28/455] IOMG
[04:43:06] 🔄 Identity reset
[04:43:06] 🔄 Identity rotated (every 10 requests)
[04:43:07] [29/455] CIJA
[04:43:08] [30/455] NYCG
[04:43:09] [31/455] CEST
[04:43:10] [32/455] WVRG
[04:43:11] [33/455] DPDC
[04:43:12] [34/455] PDIV
[04:43:13] [35/455] MTPP
[04:43:14] [36/455] MHNU
[04:43:15] [37/455] WUPG
[04:43:16] [38/455] USCO
[04:43:16] 🔄 Identity reset
[04:43:16] 🔄 Identity rotated (every 10 requests)
[04:43:17] [39/455] INFR
[04:43:18] [40/455] PVPD
[04:43:18] [41/455] RONC
[04:43:19] [42/455] IOCP
[04:43:20] [43/455] EMPS
[04:43:21] [44/455] PNAD
[04:43:22] [45/455] VVGZ
[04:43:23] [46/455] MDDC
[04:43:24] [47/455] MMAP
[04:43:25] [48/455] GPDC
[04:43:26] 🔄 Identity reset
[04:43:26] 🔄 Identity rotated (every 10 requests)
[04:43:26] [49/455] PVPU
[04:43:27] [50/455] DCMV
[04:43:29] [51/455] PCCF
[04:43:30] [52/455] MCEF
[04:43:31] [53/455] INRD
[04:43:32] [54/455] CCPZ
[04:43:33] [55/455] BCWG
[04:43:34] [56/455] PMGU
[04:43:35] [57/455] MCVM
[04:43:36] [58/455] MCDE
[04:43:36] 🔄 Identity reset
[04:43:36] 🔄 Identity rotated (every 10 requests)
[04:43:37] [59/455] IEFM
[04:43:38] [60/455] MXCS
[04:43:38] [61/455] RNMT
[04:43:39] [62/455] PSDD
[04:43:40] [63/455] PETA
[04:43:41] [64/455] IZOP
[04:43:42] [65/455] PDEI
[04:43:43] [66/455] MTND
[04:43:44] [67/455] PCPL
[04:43:45] [68/455] LSCM
[04:43:45] 🔄 Identity reset
[04:43:45] 🔄 Identity rotated (every 10 requests)
[04:43:46] 🔄 Retry 1/5 for LSCM in 2.9s
[04:43:46] 🔄 Identity reset
[04:43:48] 🧠 New identity created
[04:43:49] [69/455] BTFD
[04:43:50] [70/455] MERM
[04:43:51] [71/455] PVMS
[04:43:51] [72/455] CIGK
[04:43:52] [73/455] INSG
[04:43:53] [74/455] IDEN
[04:43:55] [75/455] MCGN
[04:43:56] [76/455] IGAM
[04:43:57] [77/455] SLCU
[04:43:57] 🔄 Identity reset
[04:43:57] 🔄 Identity rotated (every 10 requests)
[04:43:58] [78/455] MIMU
[04:43:59] [79/455] QLAC
[04:44:01] [80/455] MENL
[04:44:02] [81/455] SCUR
[04:44:03] [82/455] MDGD
[04:44:04] [83/455] LSRS
[04:44:05] [84/455] KMLG
[04:44:06] [85/455] MKLJ
[04:44:07] [86/455] IBYG
[04:44:07] [87/455] ISML
[04:44:08] 🔄 Identity reset
[04:44:08] 🔄 Identity rotated (every 10 requests)
[04:44:08] 🔄 Retry 1/5 for ISML in 2.0s
[04:44:08] 🔄 Identity reset
[04:44:10] 🧠 New identity created
[04:44:10] 🔄 Retry 2/5 for ISML in 4.7s
[04:44:10] 🔄 Identity reset
[04:44:15] 🧠 New identity created
[04:44:15] [88/455] MJMM
[04:44:16] [89/455] RCGD
[04:44:18] [90/455] MMOC
[04:44:19] [91/455] RRCO
[04:44:20] [92/455] MEDM
[04:44:21] [93/455] MCAZ
[04:44:22] [94/455] STWA
[04:44:23] [95/455] PFFG
[04:44:24] 🔄 Identity reset
[04:44:24] 🔄 Identity rotated (every 10 requests)
[04:44:24] [96/455] GAGC
[04:44:25] [97/455] PMPM
[04:44:26] [98/455] HVCD
[04:44:27] [99/455] AKRF
[04:44:28] [100/455] AKRC
[04:44:29] [101/455] MIDA
[04:44:30] [102/455] MAGX
[04:44:30] [103/455] ESOS
[04:44:31] [104/455] BBCL
[04:44:32] [105/455] LYAS
[04:44:33] 🔄 Identity reset
[04:44:33] 🔄 Identity rotated (every 10 requests)
[04:44:33] 🔄 Retry 1/5 for LYAS in 2.3s
[04:44:33] 🔄 Identity reset
[04:44:35] 🧠 New identity created
[04:44:35] 🔄 Retry 2/5 for LYAS in 4.2s
[04:44:35] 🔄 Identity reset
[04:44:39] 🧠 New identity created
[04:44:40] [106/455] NRMS
[04:44:41] [107/455] BHUC
[04:44:41] [108/455] SRIC
[04:44:42] [109/455] PDME
[04:44:43] [110/455] MJCS
[04:44:44] [111/455] NRAA
[04:44:45] [112/455] VATA
[04:44:46] [113/455] MNKC
[04:44:47] 🔄 Identity reset
[04:44:47] 🔄 Identity rotated (every 10 requests)
[04:44:47] 🔄 Retry 1/5 for MNKC in 2.9s
[04:44:47] 🔄 Identity reset
[04:44:50] 🧠 New identity created
[04:44:50] [114/455] DHCL
[04:44:51] [115/455] JCPC
[04:44:52] [116/455] CTML
[04:44:53] [117/455] RMMR
[04:44:54] [118/455] STTL
[04:44:55] [119/455] CNPS
[04:44:56] [120/455] ACKL
[04:44:57] [121/455] SCAU
[04:44:58] [122/455] RMIA
[04:44:58] 🔄 Identity reset
[04:44:58] 🔄 Identity rotated (every 10 requests)
[04:44:59] [123/455] MANU
[04:45:00] [124/455] ARDC
[04:45:00] [125/455] GLDA
[04:45:01] [126/455] KVSW
[04:45:03] [127/455] CGCA
[04:45:04] [128/455] CMLO
[04:45:05] [129/455] CECB
[04:45:06] [130/455] RCPN
[04:45:07] [131/455] ASMW
[04:45:08] [132/455] PWLM
[04:45:09] 🔄 Identity reset
[04:45:09] 🔄 Identity rotated (every 10 requests)
[04:45:09] 🔄 Retry 1/5 for PWLM in 3.0s
[04:45:09] 🔄 Identity reset
[04:45:12] 🧠 New identity created
[04:45:12] [133/455] ASGM
[04:45:14] [134/455] ACWH
[04:45:15] [135/455] AAPW
[04:45:16] [136/455] RTWA
[04:45:17] [137/455] RAMW
[04:45:18] [138/455] VKTR
[04:45:20] [139/455] SMBH
[04:45:21] [140/455] BVDR
[04:45:21] [141/455] MRTP
[04:45:22] 🔄 Identity reset
[04:45:22] 🔄 Identity rotated (every 10 requests)
[04:45:22] [142/455] BLBR
[04:45:23] [143/455] LPIN
[04:45:24] [144/455] SNPC
[04:45:25] [145/455] PDCB
[04:45:26] [146/455] DYPK
[04:45:27] [147/455] INMK
[04:45:28] [148/455] PDCK
[04:45:29] [149/455] PCKR
[04:45:30] [150/455] SHUA
[04:45:31] [151/455] SCVK
[04:45:32] 🔄 Identity reset
[04:45:32] 🔄 Identity rotated (every 10 requests)
[04:45:32] [152/455] STPA
[04:45:33] [153/455] WVHD
[04:45:34] [154/455] MRCH
[04:45:36] [155/455] MCNP
[04:45:36] [156/455] RCAG
[04:45:37] [157/455] JTSN
[04:45:38] [158/455] AANS
[04:45:39] [159/455] GDDR
[04:45:40] [160/455] SRER
[04:45:41] [161/455] JKMA
[04:45:41] 🔄 Identity reset
[04:45:41] 🔄 Identity rotated (every 10 requests)
[04:45:42] [162/455] ARAN
[04:45:43] [163/455] ALCT
[04:45:43] [164/455] CCTA
[04:45:44] [165/455] CNCT
[04:45:45] [166/455] NZBL
[04:45:46] [167/455] SRRA
[04:45:47] [168/455] SVPW
[04:45:48] [169/455] SRTW
[04:45:49] [170/455] XMTD
[04:45:50] [171/455] SCCZ
[04:45:50] 🔄 Identity reset
[04:45:50] 🔄 Identity rotated (every 10 requests)
[04:45:50] 🔄 Retry 1/5 for SCCZ in 2.9s
[04:45:50] 🔄 Identity reset
[04:45:53] 🧠 New identity created
[04:45:53] 🔄 Retry 2/5 for SCCZ in 4.8s
[04:45:53] 🔄 Identity reset
[04:45:58] 🧠 New identity created
[04:45:58] 🔄 Retry 3/5 for SCCZ in 8.7s
[04:45:58] 🔄 Identity reset
[04:46:07] 🧠 New identity created
[04:46:07] [172/455] PBCR
[04:46:08] [173/455] RTSC
[04:46:09] [174/455] TLSV
[04:46:10] [175/455] RMTK
[04:46:11] [176/455] SRAT
[04:46:12] [177/455] GCYC
[04:46:13] [178/455] HCAJ
[04:46:14] 🔄 Identity reset
[04:46:14] 🔄 Identity rotated (every 10 requests)
[04:46:14] [179/455] LCXA
[04:46:15] [180/455] BINT
[04:46:16] [181/455] IXIM
[04:46:17] [182/455] MBCR
[04:46:18] [183/455] BMCJ
[04:46:19] [184/455] NICJ
[04:46:21] [185/455] SCAJ
[04:46:23] [186/455] CMXS
[04:46:24] [187/455] MMSR
[04:46:25] [188/455] PRKT
[04:46:25] 🔄 Identity reset
[04:46:25] 🔄 Identity rotated (every 10 requests)
[04:46:26] [189/455] LPTH
[04:46:27] [190/455] SARP
[04:46:28] [191/455] MNPP
[04:46:29] [192/455] PRLR
[04:46:31] [193/455] RCMW
[04:46:32] [194/455] FCMG
[04:46:33] [195/455] RTNK
[04:46:34] [196/455] LRCP
[04:46:35] [197/455] DBJR
[04:46:36] [198/455] CACN
[04:46:36] 🔄 Identity reset
[04:46:36] 🔄 Identity rotated (every 10 requests)
[04:46:36] 🔄 Retry 1/5 for CACN in 2.0s
[04:46:36] 🔄 Identity reset
[04:46:38] 🧠 New identity created
[04:46:38] 🔄 Retry 2/5 for CACN in 4.7s
[04:46:38] 🔄 Identity reset
[04:46:43] 🧠 New identity created
[04:46:43] 🔄 Retry 3/5 for CACN in 9.0s
[04:46:43] 🔄 Identity reset
[04:46:52] 🧠 New identity created
[04:46:53] [199/455] AMRL
[04:46:54] [200/455] SBBC
[04:46:55] [201/455] VENN
[04:46:56] [202/455] STSS
[04:46:58] [203/455] SMRB
[04:46:59] [204/455] CCMX
[04:47:00] [205/455] KCMR
[04:47:00] 🔄 Identity reset
[04:47:00] 🔄 Identity rotated (every 10 requests)
[04:47:00] 🔄 Retry 1/5 for KCMR in 2.4s
[04:47:00] 🔄 Identity reset
[04:47:03] 🧠 New identity created
[04:47:03] [206/455] SALH
[04:47:04] [207/455] CGTT
[04:47:05] [208/455] PMDR
[04:47:06] [209/455] VCPM
[04:47:07] [210/455] RZMX
[04:47:08] [211/455] TMSY
[04:47:09] [212/455] NTMS
[04:47:10] [213/455] VTAG
[04:47:10] [214/455] REMA
[04:47:11] 🔄 Identity reset
[04:47:11] 🔄 Identity rotated (every 10 requests)
[04:47:11] [215/455] NXCC
[04:47:12] [216/455] SKYM
[04:47:14] [217/455] CCMO
[04:47:15] [218/455] DMXM
[04:47:16] [219/455] SPPM
[04:47:17] [220/455] PTKL
[04:47:18] [221/455] SLVO
[04:47:19] [222/455] VASL
[04:47:19] [223/455] CBCM
[04:47:21] [224/455] STMA
[04:47:22] 🔄 Identity reset
[04:47:22] 🔄 Identity rotated (every 10 requests)
[04:47:22] 🔄 Retry 1/5 for STMA in 2.9s
[04:47:22] 🔄 Identity reset
[04:47:25] 🧠 New identity created
[04:47:25] [225/455] LASK
[04:47:26] [226/455] VITE
[04:47:27] [227/455] AAST
[04:47:29] [228/455] JTPT
[04:47:29] [229/455] RRSH
[04:47:30] [230/455] CINL
[04:47:31] [231/455] MCSR
[04:47:32] [232/455] SBCF
[04:47:33] [233/455] GCDU
[04:47:33] 🔄 Identity reset
[04:47:33] 🔄 Identity rotated (every 10 requests)
[04:47:33] 🔄 Retry 1/5 for GCDU in 2.5s
[04:47:33] 🔄 Identity reset
[04:47:36] 🧠 New identity created
[04:47:37] [234/455] PSPR
[04:47:38] [235/455] IMMO
[04:47:38] [236/455] CLGM
[04:47:39] [237/455] PBMM
[04:47:40] [238/455] CEHR
[04:47:42] [239/455] CPOE
[04:47:43] [240/455] PGFD
[04:47:44] [241/455] PSLC
[04:47:45] [242/455] MSMD
[04:47:45] 🔄 Identity reset
[04:47:45] 🔄 Identity rotated (every 10 requests)
[04:47:46] [243/455] FMFB
[04:47:46] [244/455] RKCL
[04:47:47] [245/455] PMMC
[04:47:48] [246/455] SKMM
[04:47:49] [247/455] VOIB
[04:47:50] [248/455] KINO
[04:47:51] [249/455] VCTP
[04:47:52] [250/455] PDWR
[04:47:53] [251/455] SAED
[04:47:53] [252/455] SRRT
[04:47:54] 🔄 Identity reset
[04:47:54] 🔄 Identity rotated (every 10 requests)
[04:47:54] 🔄 Retry 1/5 for SRRT in 2.8s
[04:47:54] 🔄 Identity reset
[04:47:57] 🧠 New identity created
[04:47:57] 🔄 Retry 2/5 for SRRT in 4.2s
[04:47:57] 🔄 Identity reset
[04:48:01] 🧠 New identity created
[04:48:01] [253/455] CVLG
[04:48:02] [254/455] SNGN
[04:48:03] [255/455] SIDA
[04:48:04] [256/455] IMCB
[04:48:05] [257/455] SMHP
[04:48:06] [258/455] GDTY
[04:48:07] [259/455] VYCH
[04:48:08] [260/455] PDYA
[04:48:08] 🔄 Identity reset
[04:48:08] 🔄 Identity rotated (every 10 requests)
[04:48:09] [261/455] RKDO
[04:48:10] [262/455] VECG
[04:48:10] [263/455] NFGD
[04:48:11] [264/455] SNDC
[04:48:12] [265/455] SDJH
[04:48:13] [266/455] HASV
[04:48:14] [267/455] PTYK
[04:48:15] [268/455] MUTB
[04:48:16] [269/455] AMRT
[04:48:18] [270/455] VACD
[04:48:18] 🔄 Identity reset
[04:48:18] 🔄 Identity rotated (every 10 requests)
[04:48:18] [271/455] SKDD
[04:48:19] [272/455] STGR
[04:48:20] [273/455] GDAK
[04:48:21] [274/455] SKHK
[04:48:22] [275/455] SLND
[04:48:23] [276/455] APAP
[04:48:24] [277/455] AYYA
[04:48:25] [278/455] VCCZ
[04:48:26] [279/455] MEML
[04:48:27] [280/455] MAOU
[04:48:28] 🔄 Identity reset
[04:48:28] 🔄 Identity rotated (every 10 requests)
[04:48:28] 🔄 Retry 1/5 for MAOU in 2.6s
[04:48:28] 🔄 Identity reset
[04:48:30] 🧠 New identity created
[04:48:31] [281/455] ESND
[04:48:32] [282/455] PTBZ
[04:48:33] [283/455] LBCN
[04:48:34] [284/455] PAWA
[04:48:36] [285/455] ZEIC
[04:48:36] [286/455] CGMM
[04:48:37] [287/455] PJPM
[04:48:38] [288/455] ECMR
[04:48:39] [289/455] SHMZ
[04:48:40] 🔄 Identity reset
[04:48:40] 🔄 Identity rotated (every 10 requests)
[04:48:40] [290/455] STCA
[04:48:41] [291/455] VDRC
[04:48:42] [292/455] SEEM
[04:48:43] [293/455] MKNS
[04:48:44] [294/455] KPPP
[04:48:45] [295/455] CCML
[04:48:45] [296/455] CIBA
[04:48:46] [297/455] NACS
[04:48:47] [298/455] CTMK
[04:48:49] [299/455] CTCT
[04:48:49] 🔄 Identity reset
[04:48:49] 🔄 Identity rotated (every 10 requests)
[04:48:49] 🔄 Retry 1/5 for CTCT in 2.9s
[04:48:49] 🔄 Identity reset
[04:48:52] 🧠 New identity created
[04:48:52] 🔄 Retry 2/5 for CTCT in 4.5s
[04:48:52] 🔄 Identity reset
[04:48:57] 🧠 New identity created
[04:48:57] [300/455] MCSN
[04:48:59] [301/455] MAXX
[04:49:00] [302/455] MECB
[04:49:01] [303/455] NTBY
[04:49:02] [304/455] UTBI
[04:49:03] [305/455] RADK
[04:49:04] [306/455] STBY
[04:49:05] [307/455] GTBY
[04:49:06] 🔄 Identity reset
[04:49:06] 🔄 Identity rotated (every 10 requests)
[04:49:06] [308/455] RRMB
[04:49:07] [309/455] ABRN
[04:49:08] [310/455] GTSG
[04:49:09] [311/455] GBTG
[04:49:10] [312/455] SBGS
[04:49:11] [313/455] KBPM
[04:49:12] [314/455] SMHT
[04:49:13] [315/455] VTDM
[04:49:14] [316/455] ASCT
[04:49:15] [317/455] AWCT
[04:49:16] 🔄 Identity reset
[04:49:16] 🔄 Identity rotated (every 10 requests)
[04:49:16] 🔄 Retry 1/5 for AWCT in 2.8s
[04:49:16] 🔄 Identity reset
[04:49:18] 🧠 New identity created
[04:49:20] [318/455] DCCU
[04:49:20] [319/455] PSCE
[04:49:21] [320/455] KSNY
[04:49:23] [321/455] ACID
[04:49:24] [322/455] LVCD
[04:49:25] [323/455] KSSB
[04:49:26] [324/455] SWTD
[04:49:27] [325/455] RBMR
[04:49:28] [326/455] SCBC
[04:49:28] 🔄 Identity reset
[04:49:28] 🔄 Identity rotated (every 10 requests)
[04:49:29] [327/455] RKME
[04:49:30] [328/455] GALX
[04:49:31] [329/455] GCCH
[04:49:31] [330/455] RATR
[04:49:32] [331/455] GTGA
[04:49:33] [332/455] LTTR
[04:49:34] [333/455] TTAA
[04:49:35] [334/455] TVHP
[04:49:36] [335/455] KVCS
[04:49:36] [336/455] CBMC
[04:49:37] 🔄 Identity reset
[04:49:37] 🔄 Identity rotated (every 10 requests)
[04:49:38] [337/455] MAYJ
[04:49:39] [338/455] INPR
[04:49:40] [339/455] RSSC
[04:49:41] [340/455] PCAN
[04:49:42] [341/455] PVHR
[04:49:43] [342/455] AGSM
[04:49:44] [343/455] PVES
[04:49:45] [344/455] INTO
[04:49:47] [345/455] ACON
[04:49:48] [346/455] PVPZ
[04:49:49] 🔄 Identity reset
[04:49:49] 🔄 Identity rotated (every 10 requests)
[04:49:49] [347/455] PVHC
[04:49:50] [348/455] KSTK
[04:49:51] [349/455] PVSR
[04:49:52] [350/455] ACTN
[04:49:53] [351/455] FMCN
[04:49:54] [352/455] PABC
[04:49:55] [353/455] SUTC
[04:49:56] [354/455] PGMV
[04:49:57] [355/455] GKCP
[04:49:58] [356/455] INCH
[04:49:58] 🔄 Identity reset
[04:49:58] 🔄 Identity rotated (every 10 requests)
[04:49:59] [357/455] MLMT
[04:50:00] [358/455] SSCC
[04:50:01] [359/455] SLMP
[04:50:02] [360/455] VVTN
[04:50:03] [361/455] SBTR
[04:50:04] [362/455] PGRA
[04:50:05] [363/455] PBRM
[04:50:06] [364/455] GCRP
[04:50:07] [365/455] MCSK
[04:50:08] [366/455] NLTC
[04:50:09] 🔄 Identity reset
[04:50:09] 🔄 Identity rotated (every 10 requests)
[04:50:09] [367/455] MTLM
[04:50:10] [368/455] VECT
[04:50:11] [369/455] KMRM
[04:50:11] [370/455] RACM
[04:50:13] [371/455] WSTC
[04:50:14] [372/455] PVTJ
[04:50:15] [373/455] MMKC
[04:50:16] [374/455] SVWT
[04:50:17] [375/455] JOTG
[04:50:18] [376/455] VCDK
[04:50:18] 🔄 Identity reset
[04:50:18] 🔄 Identity rotated (every 10 requests)
[04:50:19] [377/455] ANAC
[04:50:19] [378/455] GRTC
[04:50:20] [379/455] JTPL
[04:50:21] [380/455] VRCP
[04:50:22] [381/455] REMC
[04:50:23] [382/455] ATMG
[04:50:24] [383/455] GAHC
[04:50:26] [384/455] JTMV
[04:50:28] [385/455] OMTT
[04:50:29] [386/455] GKKC
[04:50:29] 🔄 Identity reset
[04:50:29] 🔄 Identity rotated (every 10 requests)
[04:50:29] [387/455] BBPO
[04:50:30] [388/455] ZCBB
[04:50:32] [389/455] DCGO
[04:50:33] [390/455] STOP
[04:50:34] [391/455] BSPC
[04:50:35] [392/455] SOND
[04:50:36] [393/455] GCKG
[04:50:37] [394/455] PCDB
[04:50:39] [395/455] PGRC
[04:50:40] [396/455] CSCT
[04:50:41] 🔄 Identity reset
[04:50:41] 🔄 Identity rotated (every 10 requests)
[04:50:42] [397/455] STDA
[04:50:43] [398/455] JAYD
[04:50:44] [399/455] PPPD
[04:50:45] [400/455] KRTT
[04:50:45] [401/455] PTDT
[04:50:46] [402/455] TRSV
[04:50:47] [403/455] VELR
[04:50:48] [404/455] STDT
[04:50:49] [405/455] SATT
[04:50:50] [406/455] KCPM
[04:50:50] 🔄 Identity reset
[04:50:50] 🔄 Identity rotated (every 10 requests)
[04:50:51] [407/455] MFCP
[04:50:52] [408/455] AXMP
[04:50:53] [409/455] LTVB
[04:50:54] [410/455] APST
[04:50:55] [411/455] DTVP
[04:50:56] [412/455] AAVB
[04:50:57] [413/455] PMBL
[04:50:58] [414/455] STKC
[04:50:59] [415/455] KKMA
[04:51:00] [416/455] NMXS
[04:51:01] 🔄 Identity reset
[04:51:01] 🔄 Identity rotated (every 10 requests)
[04:51:01] [417/455] DECX
[04:51:02] [418/455] MAPJ
[04:51:03] [419/455] SMLK
[04:51:04] [420/455] PMPU
[04:51:04] [421/455] AFST
[04:51:05] [422/455] SRSY
[04:51:06] [423/455] RMKT
[04:51:08] [424/455] RAJX
[04:51:09] [425/455] UVCD
[04:51:10] [426/455] LISA
[04:51:11] 🔄 Identity reset
[04:51:11] 🔄 Identity rotated (every 10 requests)
[04:51:11] [427/455] LMSR
[04:51:12] [428/455] PMCA
[04:51:13] [429/455] INPO
[04:51:14] [430/455] INGO
[04:51:15] [431/455] HFSQ
[04:51:16] [432/455] INMG
[04:51:17] [433/455] NYCP
[04:51:18] [434/455] HFSV
[04:51:20] [435/455] MMZP
[04:51:21] [436/455] KSES
[04:51:21] 🔄 Identity reset
[04:51:21] 🔄 Identity rotated (every 10 requests)
[04:51:21] 🔄 Retry 1/5 for KSES in 2.2s
[04:51:21] 🔄 Identity reset
[04:51:24] 🧠 New identity created
[04:51:24] [437/455] HFSA
[04:51:25] [438/455] ACMM
[04:51:26] [439/455] RCKD
[04:51:26] [440/455] BCKR
[04:51:27] [441/455] SFCO
[04:51:28] [442/455] JCCB
[04:51:29] [443/455] BCCR
[04:51:31] [444/455] NWCB
[04:51:32] [445/455] SAMT
[04:51:32] 🔄 Identity reset
[04:51:32] 🔄 Identity rotated (every 10 requests)
[04:51:32] [446/455] TMST
[04:51:33] [447/455] SJCN
[04:51:34] [448/455] MCBS
[04:51:35] [449/455] CMKR
[04:51:36] [450/455] INPM
[04:51:37] [451/455] WVMT
[04:51:38] [452/455] NYSM
[04:51:40] [453/455] RCMA
[04:51:40] [454/455] RECM
[04:51:42] [455/455] CYCM
[04:51:43] 🔄 Identity reset
[04:51:43] 🔄 Identity rotated (every 10 requests)
[04:51:43] ✅ DONE | Shows=104 | Movies=10
[05:17:09] 🚀 BMS DAILY TRACKER STARTED (enhanced anti‑detection)
[05:17:09] [1/455] MXGN
[05:17:10] 🧠 New identity created
[05:17:10] [2/455] PGGM
[05:17:11] [3/455] IPMJ
[05:17:12] [4/455] M2PP
[05:17:14] [5/455] PMMS
[05:17:15] [6/455] SCJN
[05:17:16] [7/455] CPUM
[05:17:17] [8/455] SCND
[05:17:18] [9/455] INWM
[05:17:19] [10/455] DVDC
[05:17:20] 🔄 Identity reset
[05:17:20] 🔄 Identity rotated (every 10 requests)
[05:17:20] [11/455] WVND
[05:17:21] [12/455] LBDL
[05:17:22] [13/455] CRGM
[05:17:24] [14/455] PVKS
[05:17:25] [15/455] PBLL
[05:17:26] [16/455] FNLN
[05:17:27] [17/455] PPDA
[05:17:28] [18/455] SCPT
[05:17:29] [19/455] IAJS
[05:17:30] [20/455] MMZG
[05:17:31] 🔄 Identity reset
[05:17:31] 🔄 Identity rotated (every 10 requests)
[05:17:32] [21/455] MCTI
[05:17:33] [22/455] PPMF
[05:17:34] [23/455] FNSD
[05:17:35] [24/455] M2RH
[05:17:36] [25/455] CPGV
[05:17:37] [26/455] PECD
[05:17:38] [27/455] CTEE
[05:17:38] [28/455] IOMG
[05:17:39] [29/455] CIJA
[05:17:40] [30/455] NYCG
[05:17:41] 🔄 Identity reset
[05:17:41] 🔄 Identity rotated (every 10 requests)
[05:17:41] [31/455] CEST
[05:17:43] [32/455] WVRG
[05:17:44] [33/455] DPDC
[05:17:45] [34/455] PDIV
[05:17:46] [35/455] MTPP
[05:17:46] [36/455] MHNU
[05:17:47] [37/455] WUPG
[05:17:49] [38/455] USCO
[05:17:50] [39/455] INFR
[05:17:51] [40/455] PVPD
[05:17:51] 🔄 Identity reset
[05:17:51] 🔄 Identity rotated (every 10 requests)
[05:17:51] 🔄 Retry 1/5 for PVPD in 2.7s
[05:17:51] 🔄 Identity reset
[05:17:54] 🧠 New identity created
[05:17:54] 🔄 Retry 2/5 for PVPD in 4.3s
[05:17:54] 🔄 Identity reset
[05:17:58] 🧠 New identity created
[05:17:59] 🔄 Retry 3/5 for PVPD in 8.9s
[05:17:59] 🔄 Identity reset
[05:18:07] 🧠 New identity created
[05:18:08] 🔄 Retry 4/5 for PVPD in 16.6s
[05:18:08] 🔄 Identity reset
[05:18:24] 🧠 New identity created
[05:18:25] [41/455] RONC
[05:18:26] [42/455] IOCP
[05:18:27] [43/455] EMPS
[05:18:28] [44/455] PNAD
[05:18:29] [45/455] VVGZ
[05:18:30] [46/455] MDDC
[05:18:31] 🔄 Identity reset
[05:18:31] 🔄 Identity rotated (every 10 requests)
[05:18:31] 🔄 Retry 1/5 for MDDC in 2.0s
[05:18:31] 🔄 Identity reset
[05:18:33] 🧠 New identity created
[05:18:33] [47/455] MMAP
[05:18:34] [48/455] GPDC
[05:18:35] [49/455] PVPU
[05:18:36] [50/455] DCMV
[05:18:37] [51/455] PCCF
[05:18:37] [52/455] MCEF
[05:18:38] [53/455] INRD
[05:18:40] [54/455] CCPZ
[05:18:41] [55/455] BCWG
[05:18:42] 🔄 Identity reset
[05:18:42] 🔄 Identity rotated (every 10 requests)
[05:18:42] 🔄 Retry 1/5 for BCWG in 2.4s
[05:18:42] 🔄 Identity reset
[05:18:44] 🧠 New identity created
[05:18:44] [56/455] PMGU
[05:18:45] [57/455] MCVM
[05:18:46] [58/455] MCDE
[05:18:47] [59/455] IEFM
[05:18:48] [60/455] MXCS
[05:18:49] [61/455] RNMT
[05:18:50] [62/455] PSDD
[05:18:51] [63/455] PETA
[05:18:52] [64/455] IZOP
[05:18:52] 🔄 Identity reset
[05:18:52] 🔄 Identity rotated (every 10 requests)
[05:18:52] 🔄 Retry 1/5 for IZOP in 2.2s
[05:18:52] 🔄 Identity reset
[05:18:55] 🧠 New identity created
[05:18:55] [65/455] PDEI
[05:18:56] [66/455] MTND
[05:18:57] [67/455] PCPL
[05:18:58] [68/455] LSCM
[05:19:00] [69/455] BTFD
[05:19:01] [70/455] MERM
[05:19:02] [71/455] PVMS
[05:19:03] [72/455] CIGK
[05:19:03] [73/455] INSG
[05:19:04] 🔄 Identity reset
[05:19:04] 🔄 Identity rotated (every 10 requests)
[05:19:04] [74/455] IDEN
[05:19:05] [75/455] MCGN
[05:19:06] [76/455] IGAM
[05:19:07] [77/455] SLCU
[05:19:08] [78/455] MIMU
[05:19:09] [79/455] QLAC
[05:19:11] [80/455] MENL
[05:19:12] [81/455] SCUR
[05:19:14] [82/455] MDGD
[05:19:15] [83/455] LSRS
[05:19:15] 🔄 Identity reset
[05:19:15] 🔄 Identity rotated (every 10 requests)
[05:19:15] 🔄 Retry 1/5 for LSRS in 2.8s
[05:19:15] 🔄 Identity reset
[05:19:18] 🧠 New identity created
[05:19:18] 🔄 Retry 2/5 for LSRS in 4.1s
[05:19:18] 🔄 Identity reset
[05:19:22] 🧠 New identity created
[05:19:22] 🔄 Retry 3/5 for LSRS in 8.5s
[05:19:22] 🔄 Identity reset
[05:19:31] 🧠 New identity created
[05:19:31] [84/455] KMLG
[05:19:32] [85/455] MKLJ
[05:19:34] [86/455] IBYG
[05:19:35] [87/455] ISML
[05:19:36] [88/455] MJMM
[05:19:37] [89/455] RCGD
[05:19:38] [90/455] MMOC
[05:19:38] 🔄 Identity reset
[05:19:38] 🔄 Identity rotated (every 10 requests)
[05:19:38] 🔄 Retry 1/5 for MMOC in 2.7s
[05:19:38] 🔄 Identity reset
[05:19:41] 🧠 New identity created
[05:19:41] [91/455] RRCO
[05:19:42] [92/455] MEDM
[05:19:43] [93/455] MCAZ
[05:19:45] [94/455] STWA
[05:19:46] [95/455] PFFG
[05:19:47] [96/455] GAGC
[05:19:48] [97/455] PMPM
[05:19:49] [98/455] HVCD
[05:19:50] [99/455] AKRF
[05:19:50] 🔄 Identity reset
[05:19:50] 🔄 Identity rotated (every 10 requests)
[05:19:51] [100/455] AKRC
[05:19:53] [101/455] MIDA
[05:19:54] [102/455] MAGX
[05:19:55] [103/455] ESOS
[05:19:56] [104/455] BBCL
[05:19:56] [105/455] LYAS
[05:19:57] [106/455] NRMS
[05:19:58] [107/455] BHUC
[05:19:59] [108/455] SRIC
[05:20:00] [109/455] PDME
[05:20:01] 🔄 Identity reset
[05:20:01] 🔄 Identity rotated (every 10 requests)
[05:20:01] [110/455] MJCS
[05:20:02] [111/455] NRAA
[05:20:03] [112/455] VATA
[05:20:04] [113/455] MNKC
[05:20:05] [114/455] DHCL
[05:20:06] [115/455] JCPC
[05:20:07] [116/455] CTML
[05:20:08] [117/455] RMMR
[05:20:09] [118/455] STTL
[05:20:11] [119/455] CNPS
[05:20:11] 🔄 Identity reset
[05:20:11] 🔄 Identity rotated (every 10 requests)
[05:20:12] [120/455] ACKL
[05:20:13] [121/455] SCAU
[05:20:14] [122/455] RMIA
[05:20:15] [123/455] MANU
[05:20:16] [124/455] ARDC
[05:20:17] [125/455] GLDA
[05:20:18] [126/455] KVSW
[05:20:19] [127/455] CGCA
[05:20:20] [128/455] CMLO
[05:20:21] [129/455] CECB
[05:20:22] 🔄 Identity reset
[05:20:22] 🔄 Identity rotated (every 10 requests)
[05:20:22] [130/455] RCPN
[05:20:23] [131/455] ASMW
[05:20:25] [132/455] PWLM
[05:20:26] [133/455] ASGM
[05:20:27] [134/455] ACWH
[05:20:28] [135/455] AAPW
[05:20:29] [136/455] RTWA
[05:20:30] [137/455] RAMW
[05:20:31] [138/455] VKTR
[05:20:32] [139/455] SMBH
[05:20:33] 🔄 Identity reset
[05:20:33] 🔄 Identity rotated (every 10 requests)
[05:20:34] [140/455] BVDR
[05:20:35] [141/455] MRTP
[05:20:35] [142/455] BLBR
[05:20:36] [143/455] LPIN
[05:20:37] [144/455] SNPC
[05:20:38] [145/455] PDCB
[05:20:39] [146/455] DYPK
[05:20:40] [147/455] INMK
[05:20:41] [148/455] PDCK
[05:20:42] [149/455] PCKR
[05:20:43] 🔄 Identity reset
[05:20:43] 🔄 Identity rotated (every 10 requests)
[05:20:43] 🔄 Retry 1/5 for PCKR in 2.6s
[05:20:43] 🔄 Identity reset
[05:20:46] 🧠 New identity created
[05:20:46] 🔄 Retry 2/5 for PCKR in 4.4s
[05:20:46] 🔄 Identity reset
[05:20:50] 🧠 New identity created
[05:20:50] 🔄 Retry 3/5 for PCKR in 8.2s
[05:20:50] 🔄 Identity reset
[05:20:59] 🧠 New identity created
[05:20:59] [150/455] SHUA
[05:21:00] [151/455] SCVK
[05:21:01] [152/455] STPA
[05:21:02] [153/455] WVHD
[05:21:02] [154/455] MRCH
[05:21:03] [155/455] MCNP
[05:21:04] [156/455] RCAG
[05:21:05] 🔄 Identity reset
[05:21:05] 🔄 Identity rotated (every 10 requests)
[05:21:05] [157/455] JTSN
[05:21:06] [158/455] AANS
[05:21:07] [159/455] GDDR
[05:21:08] [160/455] SRER
[05:21:09] [161/455] JKMA
[05:21:10] [162/455] ARAN
[05:21:11] [163/455] ALCT
[05:21:12] [164/455] CCTA
[05:21:13] [165/455] CNCT
[05:21:15] [166/455] NZBL
[05:21:15] 🔄 Identity reset
[05:21:15] 🔄 Identity rotated (every 10 requests)
[05:21:15] 🔄 Retry 1/5 for NZBL in 2.4s
[05:21:15] 🔄 Identity reset
[05:21:18] 🧠 New identity created
[05:21:18] [167/455] SRRA
[05:21:20] [168/455] SVPW
[05:21:20] [169/455] SRTW
[05:21:21] [170/455] XMTD
[05:21:23] [171/455] SCCZ
[05:21:25] [172/455] PBCR
[05:21:26] [173/455] RTSC
[05:21:27] [174/455] TLSV
[05:21:28] [175/455] RMTK
[05:21:29] 🔄 Identity reset
[05:21:29] 🔄 Identity rotated (every 10 requests)
[05:21:29] 🔄 Retry 1/5 for RMTK in 2.9s
[05:21:29] 🔄 Identity reset
[05:21:32] 🧠 New identity created
[05:21:32] 🔄 Retry 2/5 for RMTK in 4.6s
[05:21:32] 🔄 Identity reset
[05:21:37] 🧠 New identity created
[05:21:37] [176/455] SRAT
[05:21:38] [177/455] GCYC
[05:21:38] [178/455] HCAJ
[05:21:40] [179/455] LCXA
[05:21:41] [180/455] BINT
[05:21:42] [181/455] IXIM
[05:21:43] [182/455] MBCR
[05:21:44] [183/455] BMCJ
[05:21:44] 🔄 Identity reset
[05:21:44] 🔄 Identity rotated (every 10 requests)
[05:21:45] [184/455] NICJ
[05:21:47] [185/455] SCAJ
[05:21:49] [186/455] CMXS
[05:21:49] [187/455] MMSR
[05:21:50] [188/455] PRKT
[05:21:52] [189/455] LPTH
[05:21:53] [190/455] SARP
[05:21:54] [191/455] MNPP
[05:21:55] [192/455] PRLR
[05:21:56] [193/455] RCMW
[05:21:57] 🔄 Identity reset
[05:21:57] 🔄 Identity rotated (every 10 requests)
[05:21:57] [194/455] FCMG
[05:21:58] [195/455] RTNK
[05:21:59] [196/455] LRCP
[05:22:01] [197/455] DBJR
[05:22:02] [198/455] CACN
[05:22:03] [199/455] AMRL
[05:22:04] [200/455] SBBC
[05:22:04] [201/455] VENN
[05:22:05] [202/455] STSS
[05:22:06] [203/455] SMRB
[05:22:07] 🔄 Identity reset
[05:22:07] 🔄 Identity rotated (every 10 requests)
[05:22:07] [204/455] CCMX
[05:22:08] [205/455] KCMR
[05:22:09] [206/455] SALH
[05:22:10] [207/455] CGTT
[05:22:11] [208/455] PMDR
[05:22:12] [209/455] VCPM
[05:22:13] [210/455] RZMX
[05:22:14] [211/455] TMSY
[05:22:15] [212/455] NTMS
[05:22:15] [213/455] VTAG
[05:22:16] 🔄 Identity reset
[05:22:16] 🔄 Identity rotated (every 10 requests)
[05:22:17] [214/455] REMA
[05:22:17] [215/455] NXCC
[05:22:18] [216/455] SKYM
[05:22:19] [217/455] CCMO
[05:22:20] [218/455] DMXM
[05:22:21] [219/455] SPPM
[05:22:22] [220/455] PTKL
[05:22:23] [221/455] SLVO
[05:22:25] [222/455] VASL
[05:22:26] [223/455] CBCM
[05:22:26] 🔄 Identity reset
[05:22:27] 🔄 Identity rotated (every 10 requests)
[05:22:27] 🔄 Retry 1/5 for CBCM in 2.5s
[05:22:27] 🔄 Identity reset
[05:22:29] 🧠 New identity created
[05:22:29] [224/455] STMA
[05:22:30] [225/455] LASK
[05:22:31] [226/455] VITE
[05:22:32] [227/455] AAST
[05:22:34] [228/455] JTPT
[05:22:35] [229/455] RRSH
[05:22:36] [230/455] CINL
[05:22:37] [231/455] MCSR
[05:22:38] [232/455] SBCF
[05:22:39] 🔄 Identity reset
[05:22:39] 🔄 Identity rotated (every 10 requests)
[05:22:39] [233/455] GCDU
[05:22:40] [234/455] PSPR
[05:22:41] [235/455] IMMO
[05:22:42] [236/455] CLGM
[05:22:43] [237/455] PBMM
[05:22:44] [238/455] CEHR
[05:22:45] [239/455] CPOE
[05:22:46] [240/455] PGFD
[05:22:47] [241/455] PSLC
[05:22:47] [242/455] MSMD
[05:22:48] 🔄 Identity reset
[05:22:48] 🔄 Identity rotated (every 10 requests)
[05:22:48] [243/455] FMFB
[05:22:49] [244/455] RKCL
[05:22:51] [245/455] PMMC
[05:22:52] [246/455] SKMM
[05:22:53] [247/455] VOIB
[05:22:54] [248/455] KINO
[05:22:55] [249/455] VCTP
[05:22:56] [250/455] PDWR
[05:22:57] [251/455] SAED
[05:22:58] [252/455] SRRT
[05:22:59] 🔄 Identity reset
[05:22:59] 🔄 Identity rotated (every 10 requests)
[05:22:59] 🔄 Retry 1/5 for SRRT in 3.0s
[05:22:59] 🔄 Identity reset
[05:23:02] 🧠 New identity created
[05:23:02] 🔄 Retry 2/5 for SRRT in 4.2s
[05:23:02] 🔄 Identity reset
[05:23:06] 🧠 New identity created
[05:23:07] [253/455] CVLG
[05:23:08] [254/455] SNGN
[05:23:09] [255/455] SIDA
[05:23:10] [256/455] IMCB
[05:23:11] [257/455] SMHP
[05:23:12] [258/455] GDTY
[05:23:13] [259/455] VYCH
[05:23:14] [260/455] PDYA
[05:23:14] 🔄 Identity reset
[05:23:14] 🔄 Identity rotated (every 10 requests)
[05:23:15] [261/455] RKDO
[05:23:16] [262/455] VECG
[05:23:16] [263/455] NFGD
[05:23:18] [264/455] SNDC
[05:23:19] [265/455] SDJH
[05:23:20] [266/455] HASV
[05:23:22] [267/455] PTYK
[05:23:23] [268/455] MUTB
[05:23:23] [269/455] AMRT
[05:23:24] [270/455] VACD
[05:23:25] 🔄 Identity reset
[05:23:25] 🔄 Identity rotated (every 10 requests)
[05:23:25] 🔄 Retry 1/5 for VACD in 2.6s
[05:23:25] 🔄 Identity reset
[05:23:28] 🧠 New identity created
[05:23:28] 🔄 Retry 2/5 for VACD in 4.3s
[05:23:28] 🔄 Identity reset
[05:23:32] 🧠 New identity created
[05:23:33] [271/455] SKDD
[05:23:34] [272/455] STGR
[05:23:35] [273/455] GDAK
[05:23:36] [274/455] SKHK
[05:23:37] [275/455] SLND
[05:23:37] [276/455] APAP
[05:23:38] [277/455] AYYA
[05:23:39] [278/455] VCCZ
[05:23:40] 🔄 Identity reset
[05:23:40] 🔄 Identity rotated (every 10 requests)
[05:23:40] 🔄 Retry 1/5 for VCCZ in 3.0s
[05:23:40] 🔄 Identity reset
[05:23:43] 🧠 New identity created
[05:23:43] 🔄 Retry 2/5 for VCCZ in 4.4s
[05:23:43] 🔄 Identity reset
[05:23:47] 🧠 New identity created
[05:23:48] [279/455] MEML
[05:23:49] [280/455] MAOU
[05:23:50] [281/455] ESND
[05:23:51] [282/455] PTBZ
[05:23:52] [283/455] LBCN
[05:23:53] [284/455] PAWA
[05:23:54] [285/455] ZEIC
[05:23:55] [286/455] CGMM
[05:23:56] 🔄 Identity reset
[05:23:56] 🔄 Identity rotated (every 10 requests)
[05:23:56] [287/455] PJPM
[05:23:57] [288/455] ECMR
[05:23:58] [289/455] SHMZ
[05:23:59] [290/455] STCA
[05:24:00] [291/455] VDRC
[05:24:00] [292/455] SEEM
[05:24:01] [293/455] MKNS
[05:24:02] [294/455] KPPP
[05:24:03] [295/455] CCML
[05:24:04] [296/455] CIBA
[05:24:04] 🔄 Identity reset
[05:24:05] 🔄 Identity rotated (every 10 requests)
[05:24:05] [297/455] NACS
[05:24:06] [298/455] CTMK
[05:24:07] [299/455] CTCT
[05:24:08] [300/455] MCSN
[05:24:09] [301/455] MAXX
[05:24:10] [302/455] MECB
[05:24:11] [303/455] NTBY
[05:24:12] [304/455] UTBI
[05:24:13] [305/455] RADK
[05:24:14] [306/455] STBY
[05:24:14] 🔄 Identity reset
[05:24:14] 🔄 Identity rotated (every 10 requests)
[05:24:15] [307/455] GTBY
[05:24:16] [308/455] RRMB
[05:24:17] [309/455] ABRN
[05:24:17] [310/455] GTSG
[05:24:19] [311/455] GBTG
[05:24:19] [312/455] SBGS
[05:24:20] [313/455] KBPM
[05:24:21] [314/455] SMHT
[05:24:22] [315/455] VTDM
[05:24:23] [316/455] ASCT
[05:24:24] 🔄 Identity reset
[05:24:24] 🔄 Identity rotated (every 10 requests)
[05:24:24] 🔄 Retry 1/5 for ASCT in 2.0s
[05:24:24] 🔄 Identity reset
[05:24:26] 🧠 New identity created
[05:24:26] 🔄 Retry 2/5 for ASCT in 4.0s
[05:24:26] 🔄 Identity reset
[05:24:30] 🧠 New identity created
[05:24:30] [317/455] AWCT
[05:24:31] [318/455] DCCU
[05:24:32] [319/455] PSCE
[05:24:33] [320/455] KSNY
[05:24:35] [321/455] ACID
[05:24:35] [322/455] LVCD
[05:24:36] [323/455] KSSB
[05:24:37] [324/455] SWTD
[05:24:38] 🔄 Identity reset
[05:24:38] 🔄 Identity rotated (every 10 requests)
[05:24:38] [325/455] RBMR
[05:24:39] [326/455] SCBC
[05:24:40] [327/455] RKME
[05:24:41] [328/455] GALX
[05:24:43] [329/455] GCCH
[05:24:44] [330/455] RATR
[05:24:44] [331/455] GTGA
[05:24:45] [332/455] LTTR
[05:24:46] [333/455] TTAA
[05:24:47] [334/455] TVHP
[05:24:48] 🔄 Identity reset
[05:24:48] 🔄 Identity rotated (every 10 requests)
[05:24:48] [335/455] KVCS
[05:24:49] [336/455] CBMC
[05:24:50] [337/455] MAYJ
[05:24:51] [338/455] INPR
[05:24:52] [339/455] RSSC
[05:24:52] [340/455] PCAN
[05:24:53] [341/455] PVHR
[05:24:54] [342/455] AGSM
[05:24:55] [343/455] PVES
[05:24:56] [344/455] INTO
[05:24:57] 🔄 Identity reset
[05:24:57] 🔄 Identity rotated (every 10 requests)
[05:24:57] [345/455] ACON
[05:24:58] [346/455] PVPZ
[05:24:59] [347/455] PVHC
[05:25:00] [348/455] KSTK
[05:25:01] [349/455] PVSR
[05:25:02] [350/455] ACTN
[05:25:03] [351/455] FMCN
[05:25:05] [352/455] PABC
[05:25:06] [353/455] SUTC
[05:25:06] [354/455] PGMV
[05:25:07] 🔄 Identity reset
[05:25:07] 🔄 Identity rotated (every 10 requests)
[05:25:07] 🔄 Retry 1/5 for PGMV in 2.7s
[05:25:07] 🔄 Identity reset
[05:25:10] 🧠 New identity created
[05:25:10] 🔄 Retry 2/5 for PGMV in 4.8s
[05:25:10] 🔄 Identity reset
[05:25:15] 🧠 New identity created
[05:25:15] [355/455] GKCP
[05:25:16] [356/455] INCH
[05:25:17] [357/455] MLMT
[05:25:18] [358/455] SSCC
[05:25:19] [359/455] SLMP
[05:25:20] [360/455] VVTN
[05:25:20] [361/455] SBTR
[05:25:21] [362/455] PGRA
[05:25:22] 🔄 Identity reset
[05:25:22] 🔄 Identity rotated (every 10 requests)
[05:25:22] 🔄 Retry 1/5 for PGRA in 2.9s
[05:25:22] 🔄 Identity reset
[05:25:25] 🧠 New identity created
[05:25:25] [363/455] PBRM
[05:25:26] [364/455] GCRP
[05:25:28] [365/455] MCSK
[05:25:28] [366/455] NLTC
[05:25:29] [367/455] MTLM
[05:25:30] [368/455] VECT
[05:25:31] [369/455] KMRM
[05:25:32] [370/455] RACM
[05:25:33] [371/455] WSTC
[05:25:33] 🔄 Identity reset
[05:25:33] 🔄 Identity rotated (every 10 requests)
[05:25:34] [372/455] PVTJ
[05:25:35] [373/455] MMKC
[05:25:35] [374/455] SVWT
[05:25:36] [375/455] JOTG
[05:25:37] [376/455] VCDK
[05:25:38] [377/455] ANAC
[05:25:39] [378/455] GRTC
[05:25:39] [379/455] JTPL
[05:25:40] [380/455] VRCP
[05:25:41] [381/455] REMC
[05:25:42] 🔄 Identity reset
[05:25:42] 🔄 Identity rotated (every 10 requests)
[05:25:42] 🔄 Retry 1/5 for REMC in 2.7s
[05:25:42] 🔄 Identity reset
[05:25:44] 🧠 New identity created
[05:25:45] [382/455] ATMG
[05:25:45] [383/455] GAHC
[05:25:47] [384/455] JTMV
[05:25:48] [385/455] OMTT
[05:25:49] [386/455] GKKC
[05:25:50] [387/455] BBPO
[05:25:50] [388/455] ZCBB
[05:25:52] [389/455] DCGO
[05:25:52] [390/455] STOP
[05:25:53] 🔄 Identity reset
[05:25:53] 🔄 Identity rotated (every 10 requests)
[05:25:53] 🔄 Retry 1/5 for STOP in 2.7s
[05:25:53] 🔄 Identity reset
[05:25:56] 🧠 New identity created
[05:25:56] [391/455] BSPC
[05:25:57] [392/455] SOND
[05:25:58] [393/455] GCKG
[05:25:59] [394/455] PCDB
[05:26:00] [395/455] PGRC
[05:26:01] [396/455] CSCT
[05:26:02] [397/455] STDA
[05:26:03] [398/455] JAYD
[05:26:04] [399/455] PPPD
[05:26:05] 🔄 Identity reset
[05:26:05] 🔄 Identity rotated (every 10 requests)
[05:26:05] [400/455] KRTT
[05:26:06] [401/455] PTDT
[05:26:07] [402/455] TRSV
[05:26:08] [403/455] VELR
[05:26:10] [404/455] STDT
[05:26:11] [405/455] SATT
[05:26:12] [406/455] KCPM
[05:26:13] [407/455] MFCP
[05:26:14] [408/455] AXMP
[05:26:15] [409/455] LTVB
[05:26:15] 🔄 Identity reset
[05:26:15] 🔄 Identity rotated (every 10 requests)
[05:26:16] [410/455] APST
[05:26:17] [411/455] DTVP
[05:26:17] [412/455] AAVB
[05:26:18] [413/455] PMBL
[05:26:20] [414/455] STKC
[05:26:21] [415/455] KKMA
[05:26:23] [416/455] NMXS
[05:26:23] [417/455] DECX
[05:26:24] [418/455] MAPJ
[05:26:25] [419/455] SMLK
[05:26:26] 🔄 Identity reset
[05:26:26] 🔄 Identity rotated (every 10 requests)
[05:26:27] [420/455] PMPU
[05:26:28] [421/455] AFST
[05:26:28] [422/455] SRSY
[05:26:29] [423/455] RMKT
[05:26:30] [424/455] RAJX
[05:26:31] [425/455] UVCD
[05:26:32] [426/455] LISA
[05:26:33] [427/455] LMSR
[05:26:33] [428/455] PMCA
[05:26:34] [429/455] INPO
[05:26:35] 🔄 Identity reset
[05:26:35] 🔄 Identity rotated (every 10 requests)
[05:26:35] [430/455] INGO
[05:26:37] [431/455] HFSQ
[05:26:38] [432/455] INMG
[05:26:39] [433/455] NYCP
[05:26:39] [434/455] HFSV
[05:26:40] [435/455] MMZP
[05:26:41] [436/455] KSES
[05:26:42] [437/455] HFSA
[05:26:43] [438/455] ACMM
[05:26:44] [439/455] RCKD
[05:26:45] 🔄 Identity reset
[05:26:45] 🔄 Identity rotated (every 10 requests)
[05:26:45] [440/455] BCKR
[05:26:46] [441/455] SFCO
[05:26:47] [442/455] JCCB
[05:26:47] [443/455] BCCR
[05:26:48] [444/455] NWCB
[05:26:49] [445/455] SAMT
[05:26:50] [446/455] TMST
[05:26:51] [447/455] SJCN
[05:26:52] [448/455] MCBS
[05:26:53] [449/455] CMKR
[05:26:54] 🔄 Identity reset
[05:26:54] 🔄 Identity rotated (every 10 requests)
[05:26:54] 🔄 Retry 1/5 for CMKR in 2.5s
[05:26:54] 🔄 Identity reset
[05:26:56] 🧠 New identity created
[05:26:56] [450/455] INPM
[05:26:57] [451/455] WVMT
[05:26:59] [452/455] NYSM
[05:27:00] [453/455] RCMA
[05:27:01] [454/455] RECM
[05:27:02] [455/455] CYCM
[05:27:02] ✅ DONE | Shows=138 | Movies=13
[06:07:01] 🚀 BMS DAILY TRACKER STARTED (enhanced anti‑detection)
[06:07:01] [1/455] MXGN
[06:07:02] 🧠 New identity created
[06:07:02] [2/455] PGGM
[06:07:03] [3/455] IPMJ
[06:07:03] [4/455] M2PP
[06:07:04] [5/455] PMMS
[06:07:05] [6/455] SCJN
[06:07:05] [7/455] CPUM
[06:07:06] [8/455] SCND
[06:07:06] [9/455] INWM
[06:07:07] [10/455] DVDC
[06:07:08] 🔄 Identity reset
[06:07:08] 🔄 Identity rotated (every 10 requests)
[06:07:08] [11/455] WVND
[06:07:08] [12/455] LBDL
[06:07:09] [13/455] CRGM
[06:07:10] [14/455] PVKS
[06:07:10] [15/455] PBLL
[06:07:11] [16/455] FNLN
[06:07:11] [17/455] PPDA
[06:07:12] [18/455] SCPT
[06:07:13] [19/455] IAJS
[06:07:13] [20/455] MMZG
[06:07:14] 🔄 Identity reset
[06:07:14] 🔄 Identity rotated (every 10 requests)
[06:07:14] [21/455] MCTI
[06:07:15] [22/455] PPMF
[06:07:16] [23/455] FNSD
[06:07:16] [24/455] M2RH
[06:07:17] [25/455] CPGV
[06:07:18] [26/455] PECD
[06:07:18] [27/455] CTEE
[06:07:19] [28/455] IOMG
[06:07:20] [29/455] CIJA
[06:07:20] [30/455] NYCG
[06:07:21] 🔄 Identity reset
[06:07:21] 🔄 Identity rotated (every 10 requests)
[06:07:21] [31/455] CEST
[06:07:22] [32/455] WVRG
[06:07:22] [33/455] DPDC
[06:07:23] [34/455] PDIV
[06:07:24] [35/455] MTPP
[06:07:24] [36/455] MHNU
[06:07:25] [37/455] WUPG
[06:07:26] [38/455] USCO
[06:07:26] [39/455] INFR
[06:07:27] [40/455] PVPD
[06:07:27] 🔄 Identity reset
[06:07:27] 🔄 Identity rotated (every 10 requests)
[06:07:28] [41/455] RONC
[06:07:28] [42/455] IOCP
[06:07:29] [43/455] EMPS
[06:07:29] [44/455] PNAD
[06:07:30] [45/455] VVGZ
[06:07:31] [46/455] MDDC
[06:07:31] [47/455] MMAP
[06:07:32] [48/455] GPDC
[06:07:33] [49/455] PVPU
[06:07:33] [50/455] DCMV
[06:07:34] 🔄 Identity reset
[06:07:34] 🔄 Identity rotated (every 10 requests)
[06:07:34] [51/455] PCCF
[06:07:35] [52/455] MCEF
[06:07:35] [53/455] INRD
[06:07:36] [54/455] CCPZ
[06:07:37] [55/455] BCWG
[06:07:37] [56/455] PMGU
[06:07:38] [57/455] MCVM
[06:07:39] [58/455] MCDE
[06:07:39] [59/455] IEFM
[06:07:40] [60/455] MXCS
[06:07:40] 🔄 Identity reset
[06:07:40] 🔄 Identity rotated (every 10 requests)
[06:07:40] 🔄 Retry 1/5 for MXCS in 2.3s
[06:07:40] 🔄 Identity reset
[06:07:43] 🧠 New identity created
[06:07:43] [61/455] RNMT
[06:07:43] [62/455] PSDD
[06:07:44] [63/455] PETA
[06:07:45] [64/455] IZOP
[06:07:45] [65/455] PDEI
[06:07:46] [66/455] MTND
[06:07:47] [67/455] PCPL
[06:07:47] [68/455] LSCM
[06:07:48] [69/455] BTFD
[06:07:49] 🔄 Identity reset
[06:07:49] 🔄 Identity rotated (every 10 requests)
[06:07:49] [70/455] MERM
[06:07:50] [71/455] PVMS
[06:07:50] [72/455] CIGK
[06:07:51] [73/455] INSG
[06:07:52] [74/455] IDEN
[06:07:52] [75/455] MCGN
[06:07:53] [76/455] IGAM
[06:07:53] [77/455] SLCU
[06:07:54] [78/455] MIMU
[06:07:55] [79/455] QLAC
[06:07:56] 🔄 Identity reset
[06:07:56] 🔄 Identity rotated (every 10 requests)
[06:07:56] 🔄 Retry 1/5 for QLAC in 2.7s
[06:07:56] 🔄 Identity reset
[06:07:58] 🧠 New identity created
[06:07:58] [80/455] MENL
[06:07:59] [81/455] SCUR
[06:08:00] [82/455] MDGD
[06:08:00] [83/455] LSRS
[06:08:01] [84/455] KMLG
[06:08:02] [85/455] MKLJ
[06:08:02] [86/455] IBYG
[06:08:03] [87/455] ISML
[06:08:04] [88/455] MJMM
[06:08:04] 🔄 Identity reset
[06:08:04] 🔄 Identity rotated (every 10 requests)
[06:08:04] [89/455] RCGD
[06:08:05] [90/455] MMOC
[06:08:06] [91/455] RRCO
[06:08:06] [92/455] MEDM
[06:08:07] [93/455] MCAZ
[06:08:08] [94/455] STWA
[06:08:08] [95/455] PFFG
[06:08:09] [96/455] GAGC
[06:08:10] [97/455] PMPM
[06:08:10] [98/455] HVCD
[06:08:11] 🔄 Identity reset
[06:08:11] 🔄 Identity rotated (every 10 requests)
[06:08:11] [99/455] AKRF
[06:08:12] [100/455] AKRC
[06:08:12] [101/455] MIDA
[06:08:13] [102/455] MAGX
[06:08:14] [103/455] ESOS
[06:08:14] [104/455] BBCL
[06:08:15] [105/455] LYAS
[06:08:15] [106/455] NRMS
[06:08:16] [107/455] BHUC
[06:08:17] [108/455] SRIC
[06:08:17] 🔄 Identity reset
[06:08:17] 🔄 Identity rotated (every 10 requests)
[06:08:17] 🔄 Retry 1/5 for SRIC in 2.7s
[06:08:17] 🔄 Identity reset
[06:08:20] 🧠 New identity created
[06:08:20] [109/455] PDME
[06:08:21] [110/455] MJCS
[06:08:21] [111/455] NRAA
[06:08:22] [112/455] VATA
[06:08:22] [113/455] MNKC
[06:08:23] [114/455] DHCL
[06:08:23] [115/455] JCPC
[06:08:24] [116/455] CTML
[06:08:25] [117/455] RMMR
[06:08:25] 🔄 Identity reset
[06:08:25] 🔄 Identity rotated (every 10 requests)
[06:08:26] [118/455] STTL
[06:08:26] [119/455] CNPS
[06:08:27] [120/455] ACKL
[06:08:27] [121/455] SCAU
[06:08:28] [122/455] RMIA
[06:08:29] [123/455] MANU
[06:08:30] [124/455] ARDC
[06:08:30] [125/455] GLDA
[06:08:31] [126/455] KVSW
[06:08:31] [127/455] CGCA
[06:08:32] 🔄 Identity reset
[06:08:32] 🔄 Identity rotated (every 10 requests)
[06:08:32] [128/455] CMLO
[06:08:33] [129/455] CECB
[06:08:34] [130/455] RCPN
[06:08:34] [131/455] ASMW
[06:08:35] [132/455] PWLM
[06:08:36] [133/455] ASGM
[06:08:36] [134/455] ACWH
[06:08:37] [135/455] AAPW
[06:08:38] [136/455] RTWA
[06:08:38] [137/455] RAMW
[06:08:39] 🔄 Identity reset
[06:08:39] 🔄 Identity rotated (every 10 requests)
[06:08:39] 🔄 Retry 1/5 for RAMW in 2.5s
[06:08:39] 🔄 Identity reset
[06:08:41] 🧠 New identity created
[06:08:41] [138/455] VKTR
[06:08:42] [139/455] SMBH
[06:08:43] [140/455] BVDR
[06:08:43] [141/455] MRTP
[06:08:44] [142/455] BLBR
[06:08:45] [143/455] LPIN
[06:08:45] [144/455] SNPC
[06:08:46] [145/455] PDCB
[06:08:47] [146/455] DYPK
[06:08:47] 🔄 Identity reset
[06:08:47] 🔄 Identity rotated (every 10 requests)
[06:08:47] [147/455] INMK
[06:08:48] [148/455] PDCK
[06:08:48] [149/455] PCKR
[06:08:49] [150/455] SHUA
[06:08:50] [151/455] SCVK
[06:08:50] [152/455] STPA
[06:08:51] [153/455] WVHD
[06:08:51] [154/455] MRCH
[06:08:52] [155/455] MCNP
[06:08:53] [156/455] RCAG
[06:08:53] 🔄 Identity reset
[06:08:53] 🔄 Identity rotated (every 10 requests)
[06:08:53] [157/455] JTSN
[06:08:54] [158/455] AANS
[06:08:55] [159/455] GDDR
[06:08:56] [160/455] SRER
[06:08:56] [161/455] JKMA
[06:08:57] [162/455] ARAN
[06:08:58] [163/455] ALCT
[06:08:58] [164/455] CCTA
[06:08:59] [165/455] CNCT
[06:09:00] [166/455] NZBL
[06:09:00] 🔄 Identity reset
[06:09:00] 🔄 Identity rotated (every 10 requests)
[06:09:00] [167/455] SRRA
[06:09:01] [168/455] SVPW
[06:09:01] [169/455] SRTW
[06:09:02] [170/455] XMTD
[06:09:03] [171/455] SCCZ
[06:09:03] [172/455] PBCR
[06:09:04] [173/455] RTSC
[06:09:04] [174/455] TLSV
[06:09:05] [175/455] RMTK
[06:09:06] [176/455] SRAT
[06:09:06] 🔄 Identity reset
[06:09:06] 🔄 Identity rotated (every 10 requests)
[06:09:06] [177/455] GCYC
[06:09:07] [178/455] HCAJ
[06:09:08] [179/455] LCXA
[06:09:08] [180/455] BINT
[06:09:09] [181/455] IXIM
[06:09:10] [182/455] MBCR
[06:09:10] [183/455] BMCJ
[06:09:11] [184/455] NICJ
[06:09:12] [185/455] SCAJ
[06:09:12] [186/455] CMXS
[06:09:13] 🔄 Identity reset
[06:09:13] 🔄 Identity rotated (every 10 requests)
[06:09:13] [187/455] MMSR
[06:09:14] [188/455] PRKT
[06:09:14] [189/455] LPTH
[06:09:15] [190/455] SARP
[06:09:15] [191/455] MNPP
[06:09:16] [192/455] PRLR
[06:09:17] [193/455] RCMW
[06:09:17] [194/455] FCMG
[06:09:18] [195/455] RTNK
[06:09:19] [196/455] LRCP
[06:09:19] 🔄 Identity reset
[06:09:19] 🔄 Identity rotated (every 10 requests)
[06:09:19] [197/455] DBJR
[06:09:20] [198/455] CACN
[06:09:21] [199/455] AMRL
[06:09:21] [200/455] SBBC
[06:09:22] [201/455] VENN
[06:09:23] [202/455] STSS
[06:09:23] [203/455] SMRB
[06:09:24] [204/455] CCMX
[06:09:25] [205/455] KCMR
[06:09:25] [206/455] SALH
[06:09:26] 🔄 Identity reset
[06:09:26] 🔄 Identity rotated (every 10 requests)
[06:09:26] [207/455] CGTT
[06:09:27] [208/455] PMDR
[06:09:27] [209/455] VCPM
[06:09:28] [210/455] RZMX
[06:09:29] [211/455] TMSY
[06:09:29] [212/455] NTMS
[06:09:30] [213/455] VTAG
[06:09:31] [214/455] REMA
[06:09:31] [215/455] NXCC
[06:09:32] [216/455] SKYM
[06:09:33] 🔄 Identity reset
[06:09:33] 🔄 Identity rotated (every 10 requests)
[06:09:33] [217/455] CCMO
[06:09:33] [218/455] DMXM
[06:09:34] [219/455] SPPM
[06:09:35] [220/455] PTKL
[06:09:36] [221/455] SLVO
[06:09:36] [222/455] VASL
[06:09:37] [223/455] CBCM
[06:09:38] [224/455] STMA
[06:09:38] [225/455] LASK
[06:09:39] [226/455] VITE
[06:09:40] 🔄 Identity reset
[06:09:40] 🔄 Identity rotated (every 10 requests)
[06:09:40] [227/455] AAST
[06:09:40] [228/455] JTPT
[06:09:41] [229/455] RRSH
[06:09:42] [230/455] CINL
[06:09:42] [231/455] MCSR
[06:09:43] [232/455] SBCF
[06:09:44] [233/455] GCDU
[06:09:44] [234/455] PSPR
[06:09:45] [235/455] IMMO
[06:09:45] [236/455] CLGM
[06:09:46] 🔄 Identity reset
[06:09:46] 🔄 Identity rotated (every 10 requests)
[06:09:46] [237/455] PBMM
[06:09:47] [238/455] CEHR
[06:09:47] [239/455] CPOE
[06:09:48] [240/455] PGFD
[06:09:49] [241/455] PSLC
[06:09:49] [242/455] MSMD
[06:09:50] [243/455] FMFB
[06:09:51] [244/455] RKCL
[06:09:51] [245/455] PMMC
[06:09:52] [246/455] SKMM
[06:09:53] 🔄 Identity reset
[06:09:53] 🔄 Identity rotated (every 10 requests)
[06:09:53] [247/455] VOIB
[06:09:53] [248/455] KINO
[06:09:54] [249/455] VCTP
[06:09:55] [250/455] PDWR
[06:09:56] [251/455] SAED
[06:09:56] [252/455] SRRT
[06:09:57] [253/455] CVLG
[06:09:58] [254/455] SNGN
[06:09:58] [255/455] SIDA
[06:09:59] [256/455] IMCB
[06:10:00] 🔄 Identity reset
[06:10:00] 🔄 Identity rotated (every 10 requests)
[06:10:00] [257/455] SMHP
[06:10:00] [258/455] GDTY
[06:10:01] [259/455] VYCH
[06:10:02] [260/455] PDYA
[06:10:02] [261/455] RKDO
[06:10:03] [262/455] VECG
[06:10:04] [263/455] NFGD
[06:10:04] [264/455] SNDC
[06:10:05] [265/455] SDJH
[06:10:06] [266/455] HASV
[06:10:06] 🔄 Identity reset
[06:10:06] 🔄 Identity rotated (every 10 requests)
[06:10:06] [267/455] PTYK
[06:10:07] [268/455] MUTB
[06:10:08] [269/455] AMRT
[06:10:08] [270/455] VACD
[06:10:09] [271/455] SKDD
[06:10:10] [272/455] STGR
[06:10:10] [273/455] GDAK
[06:10:11] [274/455] SKHK
[06:10:12] [275/455] SLND
[06:10:12] [276/455] APAP
[06:10:13] 🔄 Identity reset
[06:10:13] 🔄 Identity rotated (every 10 requests)
[06:10:13] [277/455] AYYA
[06:10:13] [278/455] VCCZ
[06:10:14] [279/455] MEML
[06:10:15] [280/455] MAOU
[06:10:16] [281/455] ESND
[06:10:16] [282/455] PTBZ
[06:10:17] [283/455] LBCN
[06:10:18] [284/455] PAWA
[06:10:18] [285/455] ZEIC
[06:10:19] [286/455] CGMM
[06:10:19] 🔄 Identity reset
[06:10:19] 🔄 Identity rotated (every 10 requests)
[06:10:20] [287/455] PJPM
[06:10:20] [288/455] ECMR
[06:10:21] [289/455] SHMZ
[06:10:22] [290/455] STCA
[06:10:22] [291/455] VDRC
[06:10:23] [292/455] SEEM
[06:10:24] [293/455] MKNS
[06:10:24] [294/455] KPPP
[06:10:25] [295/455] CCML
[06:10:26] [296/455] CIBA
[06:10:26] 🔄 Identity reset
[06:10:26] 🔄 Identity rotated (every 10 requests)
[06:10:26] [297/455] NACS
[06:10:27] [298/455] CTMK
[06:10:27] [299/455] CTCT
[06:10:28] [300/455] MCSN
[06:10:29] [301/455] MAXX
[06:10:29] [302/455] MECB
[06:10:30] [303/455] NTBY
[06:10:31] [304/455] UTBI
[06:10:31] [305/455] RADK
[06:10:32] [306/455] STBY
[06:10:32] 🔄 Identity reset
[06:10:32] 🔄 Identity rotated (every 10 requests)
[06:10:33] [307/455] GTBY
[06:10:33] [308/455] RRMB
[06:10:34] [309/455] ABRN
[06:10:34] [310/455] GTSG
[06:10:35] [311/455] GBTG
[06:10:36] [312/455] SBGS
[06:10:36] [313/455] KBPM
[06:10:37] [314/455] SMHT
[06:10:38] [315/455] VTDM
[06:10:38] [316/455] ASCT
[06:10:39] 🔄 Identity reset
[06:10:39] 🔄 Identity rotated (every 10 requests)
[06:10:39] [317/455] AWCT
[06:10:40] [318/455] DCCU
[06:10:40] [319/455] PSCE
[06:10:41] [320/455] KSNY
[06:10:42] [321/455] ACID
[06:10:42] [322/455] LVCD
[06:10:43] [323/455] KSSB
[06:10:44] [324/455] SWTD
[06:10:44] [325/455] RBMR
[06:10:45] [326/455] SCBC
[06:10:46] 🔄 Identity reset
[06:10:46] 🔄 Identity rotated (every 10 requests)
[06:10:46] [327/455] RKME
[06:10:46] [328/455] GALX
[06:10:47] [329/455] GCCH
[06:10:48] [330/455] RATR
[06:10:48] [331/455] GTGA
[06:10:49] [332/455] LTTR
[06:10:50] [333/455] TTAA
[06:10:50] [334/455] TVHP
[06:10:51] [335/455] KVCS
[06:10:52] [336/455] CBMC
[06:10:52] 🔄 Identity reset
[06:10:52] 🔄 Identity rotated (every 10 requests)
[06:10:52] [337/455] MAYJ
[06:10:53] [338/455] INPR
[06:10:54] [339/455] RSSC
[06:10:55] [340/455] PCAN
[06:10:55] [341/455] PVHR
[06:10:56] [342/455] AGSM
[06:10:56] [343/455] PVES
[06:10:57] [344/455] INTO
[06:10:58] [345/455] ACON
[06:10:58] [346/455] PVPZ
[06:10:59] 🔄 Identity reset
[06:10:59] 🔄 Identity rotated (every 10 requests)
[06:10:59] [347/455] PVHC
[06:11:00] [348/455] KSTK
[06:11:00] [349/455] PVSR
[06:11:01] [350/455] ACTN
[06:11:01] [351/455] FMCN
[06:11:02] [352/455] PABC
[06:11:03] [353/455] SUTC
[06:11:03] [354/455] PGMV
[06:11:04] [355/455] GKCP
[06:11:05] [356/455] INCH
[06:11:06] 🔄 Identity reset
[06:11:06] 🔄 Identity rotated (every 10 requests)
[06:11:06] [357/455] MLMT
[06:11:06] [358/455] SSCC
[06:11:07] [359/455] SLMP
[06:11:08] [360/455] VVTN
[06:11:08] [361/455] SBTR
[06:11:09] [362/455] PGRA
[06:11:09] [363/455] PBRM
[06:11:10] [364/455] GCRP
[06:11:11] [365/455] MCSK
[06:11:11] [366/455] NLTC
[06:11:12] 🔄 Identity reset
[06:11:12] 🔄 Identity rotated (every 10 requests)
[06:11:12] [367/455] MTLM
[06:11:13] [368/455] VECT
[06:11:13] [369/455] KMRM
[06:11:14] [370/455] RACM
[06:11:15] [371/455] WSTC
[06:11:16] [372/455] PVTJ
[06:11:16] [373/455] MMKC
[06:11:17] [374/455] SVWT
[06:11:18] [375/455] JOTG
[06:11:18] [376/455] VCDK
[06:11:19] 🔄 Identity reset
[06:11:19] 🔄 Identity rotated (every 10 requests)
[06:11:19] [377/455] ANAC
[06:11:20] [378/455] GRTC
[06:11:20] [379/455] JTPL
[06:11:21] [380/455] VRCP
[06:11:22] [381/455] REMC
[06:11:22] [382/455] ATMG
[06:11:23] [383/455] GAHC
[06:11:24] [384/455] JTMV
[06:11:24] [385/455] OMTT
[06:11:25] [386/455] GKKC
[06:11:26] 🔄 Identity reset
[06:11:26] 🔄 Identity rotated (every 10 requests)
[06:11:26] [387/455] BBPO
[06:11:26] [388/455] ZCBB
[06:11:27] [389/455] DCGO
[06:11:28] [390/455] STOP
[06:11:28] [391/455] BSPC
[06:11:29] [392/455] SOND
[06:11:30] [393/455] GCKG
[06:11:30] [394/455] PCDB
[06:11:31] [395/455] PGRC
[06:11:32] [396/455] CSCT
[06:11:32] 🔄 Identity reset
[06:11:32] 🔄 Identity rotated (every 10 requests)
[06:11:32] [397/455] STDA
[06:11:33] [398/455] JAYD
[06:11:34] [399/455] PPPD
[06:11:34] [400/455] KRTT
[06:11:35] [401/455] PTDT
[06:11:36] [402/455] TRSV
[06:11:36] [403/455] VELR
[06:11:37] [404/455] STDT
[06:11:38] [405/455] SATT
[06:11:38] [406/455] KCPM
[06:11:39] 🔄 Identity reset
[06:11:39] 🔄 Identity rotated (every 10 requests)
[06:11:39] [407/455] MFCP
[06:11:40] [408/455] AXMP
[06:11:41] [409/455] LTVB
[06:11:41] [410/455] APST
[06:11:42] [411/455] DTVP
[06:11:43] [412/455] AAVB
[06:11:43] [413/455] PMBL
[06:11:44] [414/455] STKC
[06:11:45] [415/455] KKMA
[06:11:46] [416/455] NMXS
[06:11:46] 🔄 Identity reset
[06:11:46] 🔄 Identity rotated (every 10 requests)
[06:11:46] [417/455] DECX
[06:11:47] [418/455] MAPJ
[06:11:48] [419/455] SMLK
[06:11:48] [420/455] PMPU
[06:11:49] [421/455] AFST
[06:11:50] [422/455] SRSY
[06:11:50] [423/455] RMKT
[06:11:51] [424/455] RAJX
[06:11:51] [425/455] UVCD
[06:11:52] [426/455] LISA
[06:11:53] 🔄 Identity reset
[06:11:53] 🔄 Identity rotated (every 10 requests)
[06:11:53] [427/455] LMSR
[06:11:53] [428/455] PMCA
[06:11:54] [429/455] INPO
[06:11:55] [430/455] INGO
[06:11:55] [431/455] HFSQ
[06:11:56] [432/455] INMG
[06:11:57] [433/455] NYCP
[06:11:57] [434/455] HFSV
[06:11:58] [435/455] MMZP
[06:11:59] [436/455] KSES
[06:11:59] 🔄 Identity reset
[06:11:59] 🔄 Identity rotated (every 10 requests)
[06:11:59] [437/455] HFSA
[06:12:00] [438/455] ACMM
[06:12:01] [439/455] RCKD
[06:12:01] [440/455] BCKR
[06:12:02] [441/455] SFCO
[06:12:03] [442/455] JCCB
[06:12:04] [443/455] BCCR
[06:12:04] [444/455] NWCB
[06:12:05] [445/455] SAMT
[06:12:06] [446/455] TMST
[06:12:06] 🔄 Identity reset
[06:12:06] 🔄 Identity rotated (every 10 requests)
[06:12:06] 🔄 Retry 1/5 for TMST in 2.1s
[06:12:06] 🔄 Identity reset
[06:12:09] 🧠 New identity created
[06:12:09] [447/455] SJCN
[06:12:09] [448/455] MCBS
[06:12:10] [449/455] CMKR
[06:12:11] [450/455] INPM
[06:12:11] [451/455] WVMT
[06:12:12] [452/455] NYSM
[06:12:12] [453/455] RCMA
[06:12:13] [454/455] RECM
[06:12:14] [455/455] CYCM
[06:12:14] 🔄 Identity reset
[06:12:14] 🔄 Identity rotated (every 10 requests)
[06:12:15] ✅ DONE | Shows=370 | Movies=25
[07:07:17] 🚀 BMS DAILY TRACKER STARTED (enhanced anti‑detection)
[07:07:17] [1/455] MXGN
[07:07:17] 🧠 New identity created
[07:07:17] [2/455] PGGM
[07:07:18] [3/455] IPMJ
[07:07:19] [4/455] M2PP
[07:07:20] [5/455] PMMS
[07:07:20] [6/455] SCJN
[07:07:21] [7/455] CPUM
[07:07:22] [8/455] SCND
[07:07:22] [9/455] INWM
[07:07:23] [10/455] DVDC
[07:07:24] 🔄 Identity reset
[07:07:24] 🔄 Identity rotated (every 10 requests)
[07:07:24] [11/455] WVND
[07:07:24] [12/455] LBDL
[07:07:25] [13/455] CRGM
[07:07:26] [14/455] PVKS
[07:07:26] [15/455] PBLL
[07:07:27] [16/455] FNLN
[07:07:28] [17/455] PPDA
[07:07:28] [18/455] SCPT
[07:07:29] [19/455] IAJS
[07:07:30] [20/455] MMZG
[07:07:30] 🔄 Identity reset
[07:07:30] 🔄 Identity rotated (every 10 requests)
[07:07:30] [21/455] MCTI
[07:07:31] [22/455] PPMF
[07:07:32] [23/455] FNSD
[07:07:32] [24/455] M2RH
[07:07:33] [25/455] CPGV
[07:07:33] [26/455] PECD
[07:07:34] [27/455] CTEE
[07:07:35] [28/455] IOMG
[07:07:35] [29/455] CIJA
[07:07:36] [30/455] NYCG
[07:07:37] 🔄 Identity reset
[07:07:37] 🔄 Identity rotated (every 10 requests)
[07:07:37] 🔄 Retry 1/5 for NYCG in 2.5s
[07:07:37] 🔄 Identity reset
[07:07:39] 🧠 New identity created
[07:07:39] 🔄 Retry 2/5 for NYCG in 4.8s
[07:07:39] 🔄 Identity reset
[07:07:44] 🧠 New identity created
[07:07:44] [31/455] CEST
[07:07:45] [32/455] WVRG
[07:07:46] [33/455] DPDC
[07:07:46] [34/455] PDIV
[07:07:47] [35/455] MTPP
[07:07:48] [36/455] MHNU
[07:07:48] [37/455] WUPG
[07:07:49] [38/455] USCO
[07:07:50] 🔄 Identity reset
[07:07:50] 🔄 Identity rotated (every 10 requests)
[07:07:50] [39/455] INFR
[07:07:51] [40/455] PVPD
[07:07:51] [41/455] RONC
[07:07:52] [42/455] IOCP
[07:07:53] [43/455] EMPS
[07:07:53] [44/455] PNAD
[07:07:54] [45/455] VVGZ
[07:07:55] [46/455] MDDC
[07:07:56] [47/455] MMAP
[07:07:56] [48/455] GPDC
[07:07:57] 🔄 Identity reset
[07:07:57] 🔄 Identity rotated (every 10 requests)
[07:07:57] 🔄 Retry 1/5 for GPDC in 2.8s
[07:07:57] 🔄 Identity reset
[07:08:00] 🧠 New identity created
[07:08:00] [49/455] PVPU
[07:08:01] [50/455] DCMV
[07:08:01] [51/455] PCCF
[07:08:02] [52/455] MCEF
[07:08:03] [53/455] INRD
[07:08:03] [54/455] CCPZ
[07:08:04] [55/455] BCWG
[07:08:05] [56/455] PMGU
[07:08:05] [57/455] MCVM
[07:08:06] 🔄 Identity reset
[07:08:06] 🔄 Identity rotated (every 10 requests)
[07:08:06] [58/455] MCDE
[07:08:07] [59/455] IEFM
[07:08:08] [60/455] MXCS
[07:08:08] [61/455] RNMT
[07:08:09] [62/455] PSDD
[07:08:10] [63/455] PETA
[07:08:10] [64/455] IZOP
[07:08:11] [65/455] PDEI
[07:08:12] [66/455] MTND
[07:08:12] [67/455] PCPL
[07:08:13] 🔄 Identity reset
[07:08:13] 🔄 Identity rotated (every 10 requests)
[07:08:13] 🔄 Retry 1/5 for PCPL in 2.4s
[07:08:13] 🔄 Identity reset
[07:08:16] 🧠 New identity created
[07:08:16] 🔄 Retry 2/5 for PCPL in 4.4s
[07:08:16] 🔄 Identity reset
[07:08:20] 🧠 New identity created
[07:08:20] [68/455] LSCM
[07:08:21] [69/455] BTFD
[07:08:22] [70/455] MERM
[07:08:22] [71/455] PVMS
[07:08:23] [72/455] CIGK
[07:08:24] [73/455] INSG
[07:08:24] [74/455] IDEN
[07:08:25] [75/455] MCGN
[07:08:26] 🔄 Identity reset
[07:08:26] 🔄 Identity rotated (every 10 requests)
[07:08:26] 🔄 Retry 1/5 for MCGN in 2.2s
[07:08:26] 🔄 Identity reset
[07:08:28] 🧠 New identity created
[07:08:28] 🔄 Retry 2/5 for MCGN in 4.9s
[07:08:28] 🔄 Identity reset
[07:08:33] 🧠 New identity created
[07:08:33] 🔄 Retry 3/5 for MCGN in 8.2s
[07:08:33] 🔄 Identity reset
[07:08:41] 🧠 New identity created
[07:08:41] 🔄 Retry 4/5 for MCGN in 16.7s
[07:08:41] 🔄 Identity reset
[07:08:58] 🧠 New identity created
[07:08:58] ❌ MCGN failed after 5 attempts
[07:08:58] 🔄 Identity reset
[07:08:58] ❌ MCGN final failure | RuntimeError | HTTP 403
[07:08:58] [76/455] IGAM
[07:08:59] 🧠 New identity created
[07:08:59] 🔄 Retry 1/5 for IGAM in 2.8s
[07:08:59] 🔄 Identity reset
[07:09:02] 🧠 New identity created
[07:09:02] 🔄 Retry 2/5 for IGAM in 4.4s
[07:09:02] 🔄 Identity reset
[07:09:06] 🧠 New identity created
[07:09:06] 🔄 Retry 3/5 for IGAM in 8.8s
[07:09:06] 🔄 Identity reset
[07:09:15] 🧠 New identity created
[07:09:15] [77/455] SLCU
[07:09:16] [78/455] MIMU
[07:09:17] 🔄 Identity reset
[07:09:17] 🔄 Identity rotated (every 10 requests)
[07:09:17] 🔄 Retry 1/5 for MIMU in 2.8s
[07:09:17] 🔄 Identity reset
[07:09:20] 🧠 New identity created
[07:09:20] 🔄 Retry 2/5 for MIMU in 5.0s
[07:09:20] 🔄 Identity reset
[07:09:25] 🧠 New identity created
[07:09:25] 🔄 Retry 3/5 for MIMU in 8.6s
[07:09:25] 🔄 Identity reset
[07:09:33] 🧠 New identity created
[07:09:33] 🔄 Retry 4/5 for MIMU in 16.1s
[07:09:33] 🔄 Identity reset
[07:09:50] 🧠 New identity created
[07:09:50] [79/455] QLAC
[07:09:50] [80/455] MENL
[07:09:51] [81/455] SCUR
[07:09:52] [82/455] MDGD
[07:09:52] [83/455] LSRS
[07:09:53] [84/455] KMLG
[07:09:54] 🔄 Identity reset
[07:09:54] 🔄 Identity rotated (every 10 requests)
[07:09:54] 🔄 Retry 1/5 for KMLG in 2.7s
[07:09:54] 🔄 Identity reset
[07:09:56] 🧠 New identity created
[07:09:57] 🔄 Retry 2/5 for KMLG in 4.6s
[07:09:57] 🔄 Identity reset
[07:10:01] 🧠 New identity created
[07:10:01] [85/455] MKLJ
[07:10:02] [86/455] IBYG
[07:10:03] [87/455] ISML
[07:10:03] [88/455] MJMM
[07:10:04] [89/455] RCGD
[07:10:05] [90/455] MMOC
[07:10:05] [91/455] RRCO
[07:10:06] [92/455] MEDM
[07:10:07] 🔄 Identity reset
[07:10:07] 🔄 Identity rotated (every 10 requests)
[07:10:07] 🔄 Retry 1/5 for MEDM in 2.8s
[07:10:07] 🔄 Identity reset
[07:10:10] 🧠 New identity created
[07:10:10] 🔄 Retry 2/5 for MEDM in 4.9s
[07:10:10] 🔄 Identity reset
[07:10:15] 🧠 New identity created
[07:10:15] 🔄 Retry 3/5 for MEDM in 8.6s
[07:10:15] 🔄 Identity reset
[07:10:23] 🧠 New identity created
[07:10:23] 🔄 Retry 4/5 for MEDM in 16.2s
[07:10:23] 🔄 Identity reset
[07:10:40] 🧠 New identity created
[07:10:40] [93/455] MCAZ
[07:10:40] [94/455] STWA
[07:10:41] [95/455] PFFG
[07:10:42] [96/455] GAGC
[07:10:43] [97/455] PMPM
[07:10:43] [98/455] HVCD
[07:10:44] 🔄 Identity reset
[07:10:44] 🔄 Identity rotated (every 10 requests)
[07:10:44] [99/455] AKRF
[07:10:45] [100/455] AKRC
[07:10:45] [101/455] MIDA
[07:10:46] [102/455] MAGX
[07:10:47] [103/455] ESOS
[07:10:47] [104/455] BBCL
[07:10:48] [105/455] LYAS
[07:10:49] [106/455] NRMS
[07:10:49] [107/455] BHUC
[07:10:50] [108/455] SRIC
[07:10:51] 🔄 Identity reset
[07:10:51] 🔄 Identity rotated (every 10 requests)
[07:10:51] [109/455] PDME
[07:10:52] [110/455] MJCS
[07:10:52] [111/455] NRAA
[07:10:53] [112/455] VATA
[07:10:54] [113/455] MNKC
[07:10:55] [114/455] DHCL
[07:10:55] [115/455] JCPC
[07:10:56] [116/455] CTML
[07:10:57] [117/455] RMMR
[07:10:57] [118/455] STTL
[07:10:58] 🔄 Identity reset
[07:10:58] 🔄 Identity rotated (every 10 requests)
[07:10:58] 🔄 Retry 1/5 for STTL in 2.5s
[07:10:58] 🔄 Identity reset
[07:11:01] 🧠 New identity created
[07:11:01] [119/455] CNPS
[07:11:02] [120/455] ACKL
[07:11:03] [121/455] SCAU
[07:11:03] [122/455] RMIA
[07:11:04] [123/455] MANU
[07:11:04] [124/455] ARDC
[07:11:05] [125/455] GLDA
[07:11:06] [126/455] KVSW
[07:11:07] [127/455] CGCA
[07:11:07] 🔄 Identity reset
[07:11:07] 🔄 Identity rotated (every 10 requests)
[07:11:07] [128/455] CMLO
[07:11:08] [129/455] CECB
[07:11:09] [130/455] RCPN
[07:11:09] [131/455] ASMW
[07:11:10] [132/455] PWLM
[07:11:11] [133/455] ASGM
[07:11:11] [134/455] ACWH
[07:11:12] [135/455] AAPW
[07:11:13] [136/455] RTWA
[07:11:13] [137/455] RAMW
[07:11:14] 🔄 Identity reset
[07:11:14] 🔄 Identity rotated (every 10 requests)
[07:11:14] 🔄 Retry 1/5 for RAMW in 2.8s
[07:11:14] 🔄 Identity reset
[07:11:17] 🧠 New identity created
[07:11:17] [138/455] VKTR
[07:11:18] [139/455] SMBH
[07:11:19] [140/455] BVDR
[07:11:19] [141/455] MRTP
[07:11:20] [142/455] BLBR
[07:11:21] [143/455] LPIN
[07:11:22] [144/455] SNPC
[07:11:22] [145/455] PDCB
[07:11:23] [146/455] DYPK
[07:11:24] 🔄 Identity reset
[07:11:24] 🔄 Identity rotated (every 10 requests)
[07:11:24] 🔄 Retry 1/5 for DYPK in 2.6s
[07:11:24] 🔄 Identity reset
[07:11:26] 🧠 New identity created
[07:11:27] 🔄 Retry 2/5 for DYPK in 4.4s
[07:11:27] 🔄 Identity reset
[07:11:31] 🧠 New identity created
[07:11:31] 🔄 Retry 3/5 for DYPK in 8.7s
[07:11:31] 🔄 Identity reset
[07:11:40] 🧠 New identity created
[07:11:40] [147/455] INMK
[07:11:41] [148/455] PDCK
[07:11:42] [149/455] PCKR
[07:11:42] [150/455] SHUA
[07:11:43] [151/455] SCVK
[07:11:44] [152/455] STPA
[07:11:45] [153/455] WVHD
[07:11:45] 🔄 Identity reset
[07:11:45] 🔄 Identity rotated (every 10 requests)
[07:11:45] [154/455] MRCH
[07:11:46] [155/455] MCNP
[07:11:47] [156/455] RCAG
[07:11:47] [157/455] JTSN
[07:11:48] [158/455] AANS
[07:11:49] [159/455] GDDR
[07:11:49] [160/455] SRER
[07:11:50] [161/455] JKMA
[07:11:51] [162/455] ARAN
[07:11:52] [163/455] ALCT
[07:11:52] 🔄 Identity reset
[07:11:52] 🔄 Identity rotated (every 10 requests)
[07:11:53] 🔄 Retry 1/5 for ALCT in 2.8s
[07:11:53] 🔄 Identity reset
[07:11:55] 🧠 New identity created
[07:11:56] [164/455] CCTA
[07:11:56] [165/455] CNCT
[07:11:57] [166/455] NZBL
[07:11:57] [167/455] SRRA
[07:11:59] [168/455] SVPW
[07:12:00] [169/455] SRTW
[07:12:01] [170/455] XMTD
[07:12:01] [171/455] SCCZ
[07:12:02] [172/455] PBCR
[07:12:02] 🔄 Identity reset
[07:12:03] 🔄 Identity rotated (every 10 requests)
[07:12:03] [173/455] RTSC
[07:12:03] [174/455] TLSV
[07:12:04] [175/455] RMTK
[07:12:05] [176/455] SRAT
[07:12:05] [177/455] GCYC
[07:12:06] [178/455] HCAJ
[07:12:07] [179/455] LCXA
[07:12:07] [180/455] BINT
[07:12:08] [181/455] IXIM
[07:12:09] [182/455] MBCR
[07:12:09] 🔄 Identity reset
[07:12:09] 🔄 Identity rotated (every 10 requests)
[07:12:09] [183/455] BMCJ
[07:12:10] [184/455] NICJ
[07:12:11] [185/455] SCAJ
[07:12:12] [186/455] CMXS
[07:12:12] [187/455] MMSR
[07:12:13] [188/455] PRKT
[07:12:14] [189/455] LPTH
[07:12:14] [190/455] SARP
[07:12:15] [191/455] MNPP
[07:12:16] [192/455] PRLR
[07:12:17] 🔄 Identity reset
[07:12:17] 🔄 Identity rotated (every 10 requests)
[07:12:17] 🔄 Retry 1/5 for PRLR in 2.8s
[07:12:17] 🔄 Identity reset
[07:12:20] 🧠 New identity created
[07:12:20] [193/455] RCMW
[07:12:20] [194/455] FCMG
[07:12:21] [195/455] RTNK
[07:12:22] [196/455] LRCP
[07:12:23] [197/455] DBJR
[07:12:23] [198/455] CACN
[07:12:24] [199/455] AMRL
[07:12:25] [200/455] SBBC
[07:12:26] [201/455] VENN
[07:12:27] 🔄 Identity reset
[07:12:27] 🔄 Identity rotated (every 10 requests)
[07:12:27] 🔄 Retry 1/5 for VENN in 2.4s
[07:12:27] 🔄 Identity reset
[07:12:29] 🧠 New identity created
[07:12:29] 🔄 Retry 2/5 for VENN in 5.0s
[07:12:29] 🔄 Identity reset
[07:12:34] 🧠 New identity created
[07:12:34] [202/455] STSS
[07:12:35] [203/455] SMRB
[07:12:36] [204/455] CCMX
[07:12:36] [205/455] KCMR
[07:12:37] [206/455] SALH
[07:12:38] [207/455] CGTT
[07:12:38] [208/455] PMDR
[07:12:39] [209/455] VCPM
[07:12:39] 🔄 Identity reset
[07:12:39] 🔄 Identity rotated (every 10 requests)
[07:12:40] [210/455] RZMX
[07:12:41] [211/455] TMSY
[07:12:41] [212/455] NTMS
[07:12:42] [213/455] VTAG
[07:12:43] [214/455] REMA
[07:12:44] [215/455] NXCC
[07:12:44] [216/455] SKYM
[07:12:45] [217/455] CCMO
[07:12:46] [218/455] DMXM
[07:12:46] [219/455] SPPM
[07:12:47] 🔄 Identity reset
[07:12:47] 🔄 Identity rotated (every 10 requests)
[07:12:47] 🔄 Retry 1/5 for SPPM in 2.5s
[07:12:47] 🔄 Identity reset
[07:12:49] 🧠 New identity created
[07:12:50] [220/455] PTKL
[07:12:50] [221/455] SLVO
[07:12:51] [222/455] VASL
[07:12:52] [223/455] CBCM
[07:12:52] [224/455] STMA
[07:12:53] [225/455] LASK
[07:12:54] [226/455] VITE
[07:12:54] [227/455] AAST
[07:12:55] [228/455] JTPT
[07:12:56] 🔄 Identity reset
[07:12:56] 🔄 Identity rotated (every 10 requests)
[07:12:56] [229/455] RRSH
[07:12:57] [230/455] CINL
[07:12:58] [231/455] MCSR
[07:12:58] [232/455] SBCF
[07:12:59] [233/455] GCDU
[07:13:00] [234/455] PSPR
[07:13:00] [235/455] IMMO
[07:13:01] [236/455] CLGM
[07:13:02] [237/455] PBMM
[07:13:03] [238/455] CEHR
[07:13:03] 🔄 Identity reset
[07:13:03] 🔄 Identity rotated (every 10 requests)
[07:13:04] [239/455] CPOE
[07:13:05] [240/455] PGFD
[07:13:06] [241/455] PSLC
[07:13:06] [242/455] MSMD
[07:13:07] [243/455] FMFB
[07:13:08] [244/455] RKCL
[07:13:09] [245/455] PMMC
[07:13:09] [246/455] SKMM
[07:13:10] [247/455] VOIB
[07:13:11] [248/455] KINO
[07:13:11] 🔄 Identity reset
[07:13:11] 🔄 Identity rotated (every 10 requests)
[07:13:11] [249/455] VCTP
[07:13:12] [250/455] PDWR
[07:13:13] [251/455] SAED
[07:13:13] [252/455] SRRT
[07:13:14] [253/455] CVLG
[07:13:15] [254/455] SNGN
[07:13:16] [255/455] SIDA
[07:13:17] [256/455] IMCB
[07:13:17] [257/455] SMHP
[07:13:18] [258/455] GDTY
[07:13:18] 🔄 Identity reset
[07:13:19] 🔄 Identity rotated (every 10 requests)
[07:13:19] 🔄 Retry 1/5 for GDTY in 2.1s
[07:13:19] 🔄 Identity reset
[07:13:21] 🧠 New identity created
[07:13:21] 🔄 Retry 2/5 for GDTY in 4.1s
[07:13:21] 🔄 Identity reset
[07:13:25] 🧠 New identity created
[07:13:25] [259/455] VYCH
[07:13:26] [260/455] PDYA
[07:13:27] [261/455] RKDO
[07:13:27] [262/455] VECG
[07:13:28] [263/455] NFGD
[07:13:28] [264/455] SNDC
[07:13:29] [265/455] SDJH
[07:13:29] [266/455] HASV
[07:13:30] 🔄 Identity reset
[07:13:30] 🔄 Identity rotated (every 10 requests)
[07:13:30] [267/455] PTYK
[07:13:31] [268/455] MUTB
[07:13:32] [269/455] AMRT
[07:13:33] [270/455] VACD
[07:13:33] [271/455] SKDD
[07:13:34] [272/455] STGR
[07:13:35] [273/455] GDAK
[07:13:36] [274/455] SKHK
[07:13:37] [275/455] SLND
[07:13:37] [276/455] APAP
[07:13:38] 🔄 Identity reset
[07:13:38] 🔄 Identity rotated (every 10 requests)
[07:13:38] 🔄 Retry 1/5 for APAP in 2.4s
[07:13:38] 🔄 Identity reset
[07:13:41] 🧠 New identity created
[07:13:41] 🔄 Retry 2/5 for APAP in 4.0s
[07:13:41] 🔄 Identity reset
[07:13:45] 🧠 New identity created
[07:13:45] 🔄 Retry 3/5 for APAP in 8.1s
[07:13:45] 🔄 Identity reset
[07:13:53] 🧠 New identity created
[07:13:53] [277/455] AYYA
[07:13:54] [278/455] VCCZ
[07:13:54] [279/455] MEML
[07:13:55] [280/455] MAOU
[07:13:56] [281/455] ESND
[07:13:57] [282/455] PTBZ
[07:13:57] [283/455] LBCN
[07:13:58] 🔄 Identity reset
[07:13:58] 🔄 Identity rotated (every 10 requests)
[07:13:58] [284/455] PAWA
[07:13:59] [285/455] ZEIC
[07:14:00] [286/455] CGMM
[07:14:00] [287/455] PJPM
[07:14:01] [288/455] ECMR
[07:14:02] [289/455] SHMZ
[07:14:03] [290/455] STCA
[07:14:03] [291/455] VDRC
[07:14:04] [292/455] SEEM
[07:14:05] [293/455] MKNS
[07:14:05] 🔄 Identity reset
[07:14:05] 🔄 Identity rotated (every 10 requests)
[07:14:06] 🔄 Retry 1/5 for MKNS in 2.6s
[07:14:06] 🔄 Identity reset
[07:14:08] 🧠 New identity created
[07:14:08] [294/455] KPPP
[07:14:09] [295/455] CCML
[07:14:10] [296/455] CIBA
[07:14:11] [297/455] NACS
[07:14:12] [298/455] CTMK
[07:14:12] [299/455] CTCT
[07:14:13] [300/455] MCSN
[07:14:14] [301/455] MAXX
[07:14:15] [302/455] MECB
[07:14:15] 🔄 Identity reset
[07:14:15] 🔄 Identity rotated (every 10 requests)
[07:14:16] [303/455] NTBY
[07:14:17] [304/455] UTBI
[07:14:18] [305/455] RADK
[07:14:19] [306/455] STBY
[07:14:19] [307/455] GTBY
[07:14:20] [308/455] RRMB
[07:14:21] [309/455] ABRN
[07:14:22] [310/455] GTSG
[07:14:22] [311/455] GBTG
[07:14:23] [312/455] SBGS
[07:14:24] 🔄 Identity reset
[07:14:24] 🔄 Identity rotated (every 10 requests)
[07:14:24] [313/455] KBPM
[07:14:24] [314/455] SMHT
[07:14:25] [315/455] VTDM
[07:14:26] [316/455] ASCT
[07:14:26] [317/455] AWCT
[07:14:27] [318/455] DCCU
[07:14:28] [319/455] PSCE
[07:14:30] [320/455] KSNY
[07:14:30] [321/455] ACID
[07:14:31] [322/455] LVCD
[07:14:32] 🔄 Identity reset
[07:14:32] 🔄 Identity rotated (every 10 requests)
[07:14:32] 🔄 Retry 1/5 for LVCD in 2.3s
[07:14:32] 🔄 Identity reset
[07:14:34] 🧠 New identity created
[07:14:34] [323/455] KSSB
[07:14:35] [324/455] SWTD
[07:14:36] [325/455] RBMR
[07:14:37] [326/455] SCBC
[07:14:37] [327/455] RKME
[07:14:38] [328/455] GALX
[07:14:39] [329/455] GCCH
[07:14:39] [330/455] RATR
[07:14:40] [331/455] GTGA
[07:14:40] 🔄 Identity reset
[07:14:41] 🔄 Identity rotated (every 10 requests)
[07:14:41] 🔄 Retry 1/5 for GTGA in 2.9s
[07:14:41] 🔄 Identity reset
[07:14:44] 🧠 New identity created
[07:14:44] [332/455] LTTR
[07:14:44] [333/455] TTAA
[07:14:45] [334/455] TVHP
[07:14:45] [335/455] KVCS
[07:14:46] [336/455] CBMC
[07:14:47] [337/455] MAYJ
[07:14:48] [338/455] INPR
[07:14:48] [339/455] RSSC
[07:14:49] [340/455] PCAN
[07:14:50] 🔄 Identity reset
[07:14:50] 🔄 Identity rotated (every 10 requests)
[07:14:50] [341/455] PVHR
[07:14:52] [342/455] AGSM
[07:14:52] [343/455] PVES
[07:14:53] [344/455] INTO
[07:14:54] [345/455] ACON
[07:14:54] [346/455] PVPZ
[07:14:55] [347/455] PVHC
[07:14:56] [348/455] KSTK
[07:14:56] [349/455] PVSR
[07:14:58] [350/455] ACTN
[07:14:59] 🔄 Identity reset
[07:14:59] 🔄 Identity rotated (every 10 requests)
[07:14:59] 🔄 Retry 1/5 for ACTN in 2.9s
[07:14:59] 🔄 Identity reset
[07:15:02] 🧠 New identity created
[07:15:02] 🔄 Retry 2/5 for ACTN in 4.1s
[07:15:02] 🔄 Identity reset
[07:15:06] 🧠 New identity created
[07:15:06] [351/455] FMCN
[07:15:07] [352/455] PABC
[07:15:08] [353/455] SUTC
[07:15:08] [354/455] PGMV
[07:15:09] [355/455] GKCP
[07:15:10] [356/455] INCH
[07:15:10] [357/455] MLMT
[07:15:11] [358/455] SSCC
[07:15:12] 🔄 Identity reset
[07:15:12] 🔄 Identity rotated (every 10 requests)
[07:15:12] [359/455] SLMP
[07:15:13] [360/455] VVTN
[07:15:13] [361/455] SBTR
[07:15:14] [362/455] PGRA
[07:15:15] [363/455] PBRM
[07:15:16] [364/455] GCRP
[07:15:16] [365/455] MCSK
[07:15:17] [366/455] NLTC
[07:15:18] [367/455] MTLM
[07:15:18] [368/455] VECT
[07:15:19] 🔄 Identity reset
[07:15:19] 🔄 Identity rotated (every 10 requests)
[07:15:19] [369/455] KMRM
[07:15:20] [370/455] RACM
[07:15:21] [371/455] WSTC
[07:15:22] [372/455] PVTJ
[07:15:22] [373/455] MMKC
[07:15:23] [374/455] SVWT
[07:15:24] [375/455] JOTG
[07:15:25] [376/455] VCDK
[07:15:25] [377/455] ANAC
[07:15:26] [378/455] GRTC
[07:15:27] 🔄 Identity reset
[07:15:27] 🔄 Identity rotated (every 10 requests)
[07:15:27] [379/455] JTPL
[07:15:28] [380/455] VRCP
[07:15:28] [381/455] REMC
[07:15:29] [382/455] ATMG
[07:15:30] [383/455] GAHC
[07:15:30] [384/455] JTMV
[07:15:31] [385/455] OMTT
[07:15:32] [386/455] GKKC
[07:15:32] [387/455] BBPO
[07:15:33] [388/455] ZCBB
[07:15:34] 🔄 Identity reset
[07:15:34] 🔄 Identity rotated (every 10 requests)
[07:15:34] 🔄 Retry 1/5 for ZCBB in 2.8s
[07:15:34] 🔄 Identity reset
[07:15:37] 🧠 New identity created
[07:15:37] 🔄 Retry 2/5 for ZCBB in 4.6s
[07:15:37] 🔄 Identity reset
[07:15:41] 🧠 New identity created
[07:15:42] [389/455] DCGO
[07:15:42] [390/455] STOP
[07:15:43] [391/455] BSPC
[07:15:44] [392/455] SOND
[07:15:44] [393/455] GCKG
[07:15:46] [394/455] PCDB
[07:15:47] [395/455] PGRC
[07:15:48] [396/455] CSCT
[07:15:48] 🔄 Identity reset
[07:15:48] 🔄 Identity rotated (every 10 requests)
[07:15:48] [397/455] STDA
[07:15:49] [398/455] JAYD
[07:15:50] [399/455] PPPD
[07:15:50] [400/455] KRTT
[07:15:51] [401/455] PTDT
[07:15:53] [402/455] TRSV
[07:15:54] [403/455] VELR
[07:15:54] [404/455] STDT
[07:15:56] [405/455] SATT
[07:15:56] [406/455] KCPM
[07:15:57] 🔄 Identity reset
[07:15:57] 🔄 Identity rotated (every 10 requests)
[07:15:57] [407/455] MFCP
[07:15:58] [408/455] AXMP
[07:15:59] [409/455] LTVB
[07:15:59] [410/455] APST
[07:16:00] [411/455] DTVP
[07:16:01] [412/455] AAVB
[07:16:02] [413/455] PMBL
[07:16:02] [414/455] STKC
[07:16:03] [415/455] KKMA
[07:16:04] [416/455] NMXS
[07:16:05] 🔄 Identity reset
[07:16:05] 🔄 Identity rotated (every 10 requests)
[07:16:05] [417/455] DECX
[07:16:05] [418/455] MAPJ
[07:16:06] [419/455] SMLK
[07:16:07] [420/455] PMPU
[07:16:08] [421/455] AFST
[07:16:08] [422/455] SRSY
[07:16:09] [423/455] RMKT
[07:16:10] [424/455] RAJX
[07:16:11] [425/455] UVCD
[07:16:11] [426/455] LISA
[07:16:12] 🔄 Identity reset
[07:16:12] 🔄 Identity rotated (every 10 requests)
[07:16:12] 🔄 Retry 1/5 for LISA in 2.6s
[07:16:12] 🔄 Identity reset
[07:16:15] 🧠 New identity created
[07:16:15] [427/455] LMSR
[07:16:15] [428/455] PMCA
[07:16:16] [429/455] INPO
[07:16:17] [430/455] INGO
[07:16:17] [431/455] HFSQ
[07:16:18] [432/455] INMG
[07:16:19] [433/455] NYCP
[07:16:20] [434/455] HFSV
[07:16:21] [435/455] MMZP
[07:16:21] 🔄 Identity reset
[07:16:21] 🔄 Identity rotated (every 10 requests)
[07:16:22] [436/455] KSES
[07:16:22] [437/455] HFSA
[07:16:23] [438/455] ACMM
[07:16:24] [439/455] RCKD
[07:16:24] [440/455] BCKR
[07:16:25] [441/455] SFCO
[07:16:26] [442/455] JCCB
[07:16:26] [443/455] BCCR
[07:16:27] [444/455] NWCB
[07:16:27] [445/455] SAMT
[07:16:28] 🔄 Identity reset
[07:16:28] 🔄 Identity rotated (every 10 requests)
[07:16:28] [446/455] TMST
[07:16:29] [447/455] SJCN
[07:16:30] [448/455] MCBS
[07:16:30] [449/455] CMKR
[07:16:31] [450/455] INPM
[07:16:32] [451/455] WVMT
[07:16:33] [452/455] NYSM
[07:16:33] [453/455] RCMA
[07:16:34] [454/455] RECM
[07:16:35] [455/455] CYCM
[07:16:35] 🔄 Identity reset
[07:16:35] 🔄 Identity rotated (every 10 requests)
[07:16:36] 🔁 RETRY ROUND 1 | Remaining: 1
[07:16:36] [RETRY-1] MCGN
[07:16:39] ✅ DONE | Shows=739 | Movies=45
[08:06:53] 🚀 BMS DAILY TRACKER STARTED (enhanced anti‑detection)
[08:06:53] [1/455] MXGN
[08:06:54] 🧠 New identity created
[08:06:54] [2/455] PGGM
[08:06:55] [3/455] IPMJ
[08:06:57] [4/455] M2PP
[08:06:57] [5/455] PMMS
[08:06:58] [6/455] SCJN
[08:06:59] [7/455] CPUM
[08:07:01] [8/455] SCND
[08:07:02] [9/455] INWM
[08:07:03] [10/455] DVDC
[08:07:03] 🔄 Identity reset
[08:07:03] 🔄 Identity rotated (every 10 requests)
[08:07:03] [11/455] WVND
[08:07:04] [12/455] LBDL
[08:07:05] [13/455] CRGM
[08:07:06] [14/455] PVKS
[08:07:07] [15/455] PBLL
[08:07:08] [16/455] FNLN
[08:07:08] [17/455] PPDA
[08:07:09] [18/455] SCPT
[08:07:10] [19/455] IAJS
[08:07:11] [20/455] MMZG
[08:07:11] 🔄 Identity reset
[08:07:11] 🔄 Identity rotated (every 10 requests)
[08:07:12] [21/455] MCTI
[08:07:13] [22/455] PPMF
[08:07:14] [23/455] FNSD
[08:07:15] [24/455] M2RH
[08:07:16] [25/455] CPGV
[08:07:16] [26/455] PECD
[08:07:17] [27/455] CTEE
[08:07:18] [28/455] IOMG
[08:07:19] [29/455] CIJA
[08:07:20] [30/455] NYCG
[08:07:21] 🔄 Identity reset
[08:07:21] 🔄 Identity rotated (every 10 requests)
[08:07:21] [31/455] CEST
[08:07:22] [32/455] WVRG
[08:07:23] [33/455] DPDC
[08:07:24] [34/455] PDIV
[08:07:25] [35/455] MTPP
[08:07:25] [36/455] MHNU
[08:07:26] [37/455] WUPG
[08:07:27] [38/455] USCO
[08:07:28] [39/455] INFR
[08:07:29] [40/455] PVPD
[08:07:30] 🔄 Identity reset
[08:07:30] 🔄 Identity rotated (every 10 requests)
[08:07:30] [41/455] RONC
[08:07:31] [42/455] IOCP
[08:07:32] [43/455] EMPS
[08:07:33] [44/455] PNAD
[08:07:34] [45/455] VVGZ
[08:07:35] [46/455] MDDC
[08:07:35] [47/455] MMAP
[08:07:36] [48/455] GPDC
[08:07:37] [49/455] PVPU
[08:07:37] [50/455] DCMV
[08:07:38] 🔄 Identity reset
[08:07:38] 🔄 Identity rotated (every 10 requests)
[08:07:38] 🔄 Retry 1/5 for DCMV in 2.4s
[08:07:38] 🔄 Identity reset
[08:07:40] 🧠 New identity created
[08:07:40] 🔄 Retry 2/5 for DCMV in 4.2s
[08:07:40] 🔄 Identity reset
[08:07:45] 🧠 New identity created
[08:07:45] [51/455] PCCF
[08:07:46] [52/455] MCEF
[08:07:47] [53/455] INRD
[08:07:47] [54/455] CCPZ
[08:07:48] [55/455] BCWG
[08:07:49] [56/455] PMGU
[08:07:50] [57/455] MCVM
[08:07:51] [58/455] MCDE
[08:07:52] 🔄 Identity reset
[08:07:52] 🔄 Identity rotated (every 10 requests)
[08:07:52] [59/455] IEFM
[08:07:53] [60/455] MXCS
[08:07:54] [61/455] RNMT
[08:07:54] [62/455] PSDD
[08:07:55] [63/455] PETA
[08:07:56] [64/455] IZOP
[08:07:57] [65/455] PDEI
[08:07:58] [66/455] MTND
[08:07:59] [67/455] PCPL
[08:08:00] [68/455] LSCM
[08:08:00] 🔄 Identity reset
[08:08:00] 🔄 Identity rotated (every 10 requests)
[08:08:01] [69/455] BTFD
[08:08:02] [70/455] MERM
[08:08:03] [71/455] PVMS
[08:08:04] [72/455] CIGK
[08:08:05] [73/455] INSG
[08:08:06] [74/455] IDEN
[08:08:07] [75/455] MCGN
[08:08:08] [76/455] IGAM
[08:08:09] [77/455] SLCU
[08:08:10] [78/455] MIMU
[08:08:10] 🔄 Identity reset
[08:08:10] 🔄 Identity rotated (every 10 requests)
[08:08:11] [79/455] QLAC
[08:08:12] [80/455] MENL
[08:08:12] [81/455] SCUR
[08:08:14] [82/455] MDGD
[08:08:15] [83/455] LSRS
[08:08:16] [84/455] KMLG
[08:08:17] [85/455] MKLJ
[08:08:18] [86/455] IBYG
[08:08:18] [87/455] ISML
[08:08:19] [88/455] MJMM
[08:08:20] 🔄 Identity reset
[08:08:20] 🔄 Identity rotated (every 10 requests)
[08:08:20] 🔄 Retry 1/5 for MJMM in 2.7s
[08:08:20] 🔄 Identity reset
[08:08:22] 🧠 New identity created
[08:08:23] 🔄 Retry 2/5 for MJMM in 4.7s
[08:08:23] 🔄 Identity reset
[08:08:27] 🧠 New identity created
[08:08:27] [89/455] RCGD
[08:08:28] [90/455] MMOC
[08:08:30] [91/455] RRCO
[08:08:31] [92/455] MEDM
[08:08:31] [93/455] MCAZ
[08:08:32] [94/455] STWA
[08:08:33] [95/455] PFFG
[08:08:34] [96/455] GAGC
[08:08:34] 🔄 Identity reset
[08:08:34] 🔄 Identity rotated (every 10 requests)
[08:08:34] 🔄 Retry 1/5 for GAGC in 2.4s
[08:08:34] 🔄 Identity reset
[08:08:37] 🧠 New identity created
[08:08:37] [97/455] PMPM
[08:08:39] [98/455] HVCD
[08:08:40] [99/455] AKRF
[08:08:40] [100/455] AKRC
[08:08:41] [101/455] MIDA
[08:08:42] [102/455] MAGX
[08:08:43] [103/455] ESOS
[08:08:44] [104/455] BBCL
[08:08:45] [105/455] LYAS
[08:08:45] 🔄 Identity reset
[08:08:45] 🔄 Identity rotated (every 10 requests)
[08:08:45] [106/455] NRMS
[08:08:46] [107/455] BHUC
[08:08:47] [108/455] SRIC
[08:08:48] [109/455] PDME
[08:08:49] [110/455] MJCS
[08:08:49] [111/455] NRAA
[08:08:50] [112/455] VATA
[08:08:51] [113/455] MNKC
[08:08:52] [114/455] DHCL
[08:08:53] [115/455] JCPC
[08:08:53] 🔄 Identity reset
[08:08:53] 🔄 Identity rotated (every 10 requests)
[08:08:54] [116/455] CTML
[08:08:55] [117/455] RMMR
[08:08:56] [118/455] STTL
[08:08:57] [119/455] CNPS
[08:08:58] [120/455] ACKL
[08:08:59] [121/455] SCAU
[08:09:00] [122/455] RMIA
[08:09:01] [123/455] MANU
[08:09:02] [124/455] ARDC
[08:09:02] [125/455] GLDA
[08:09:03] 🔄 Identity reset
[08:09:03] 🔄 Identity rotated (every 10 requests)
[08:09:03] [126/455] KVSW
[08:09:04] [127/455] CGCA
[08:09:05] [128/455] CMLO
[08:09:05] [129/455] CECB
[08:09:06] [130/455] RCPN
[08:09:07] [131/455] ASMW
[08:09:08] [132/455] PWLM
[08:09:09] [133/455] ASGM
[08:09:10] [134/455] ACWH
[08:09:11] [135/455] AAPW
[08:09:12] 🔄 Identity reset
[08:09:12] 🔄 Identity rotated (every 10 requests)
[08:09:12] [136/455] RTWA
[08:09:13] [137/455] RAMW
[08:09:14] [138/455] VKTR
[08:09:15] [139/455] SMBH
[08:09:16] [140/455] BVDR
[08:09:17] [141/455] MRTP
[08:09:19] [142/455] BLBR
[08:09:20] [143/455] LPIN
[08:09:20] [144/455] SNPC
[08:09:22] [145/455] PDCB
[08:09:23] 🔄 Identity reset
[08:09:23] 🔄 Identity rotated (every 10 requests)
[08:09:23] [146/455] DYPK
[08:09:24] [147/455] INMK
[08:09:24] [148/455] PDCK
[08:09:26] [149/455] PCKR
[08:09:28] [150/455] SHUA
[08:09:29] [151/455] SCVK
[08:09:29] [152/455] STPA
[08:09:31] [153/455] WVHD
[08:09:32] [154/455] MRCH
[08:09:33] [155/455] MCNP
[08:09:34] 🔄 Identity reset
[08:09:34] 🔄 Identity rotated (every 10 requests)
[08:09:34] [156/455] RCAG
[08:09:35] [157/455] JTSN
[08:09:36] [158/455] AANS
[08:09:36] [159/455] GDDR
[08:09:37] [160/455] SRER
[08:09:38] [161/455] JKMA
[08:09:39] [162/455] ARAN
[08:09:40] [163/455] ALCT
[08:09:41] [164/455] CCTA
[08:09:42] [165/455] CNCT
[08:09:43] 🔄 Identity reset
[08:09:43] 🔄 Identity rotated (every 10 requests)
[08:09:43] 🔄 Retry 1/5 for CNCT in 2.2s
[08:09:43] 🔄 Identity reset
[08:09:45] 🧠 New identity created
[08:09:45] [166/455] NZBL
[08:09:46] [167/455] SRRA
[08:09:47] [168/455] SVPW
[08:09:48] [169/455] SRTW
[08:09:49] [170/455] XMTD
[08:09:50] [171/455] SCCZ
[08:09:51] [172/455] PBCR
[08:09:51] [173/455] RTSC
[08:09:52] [174/455] TLSV
[08:09:53] 🔄 Identity reset
[08:09:53] 🔄 Identity rotated (every 10 requests)
[08:09:53] [175/455] RMTK
[08:09:55] [176/455] SRAT
[08:09:55] [177/455] GCYC
[08:09:56] [178/455] HCAJ
[08:09:57] [179/455] LCXA
[08:09:58] [180/455] BINT
[08:09:59] [181/455] IXIM
[08:10:00] [182/455] MBCR
[08:10:01] [183/455] BMCJ
[08:10:02] [184/455] NICJ
[08:10:03] 🔄 Identity reset
[08:10:03] 🔄 Identity rotated (every 10 requests)
[08:10:03] [185/455] SCAJ
[08:10:04] [186/455] CMXS
[08:10:05] [187/455] MMSR
[08:10:05] [188/455] PRKT
[08:10:06] [189/455] LPTH
[08:10:07] [190/455] SARP
[08:10:08] [191/455] MNPP
[08:10:09] [192/455] PRLR
[08:10:10] [193/455] RCMW
[08:10:10] [194/455] FCMG
[08:10:11] 🔄 Identity reset
[08:10:11] 🔄 Identity rotated (every 10 requests)
[08:10:12] [195/455] RTNK
[08:10:13] [196/455] LRCP
[08:10:14] [197/455] DBJR
[08:10:15] [198/455] CACN
[08:10:16] [199/455] AMRL
[08:10:17] [200/455] SBBC
[08:10:18] [201/455] VENN
[08:10:19] [202/455] STSS
[08:10:20] [203/455] SMRB
[08:10:21] [204/455] CCMX
[08:10:21] 🔄 Identity reset
[08:10:21] 🔄 Identity rotated (every 10 requests)
[08:10:21] 🔄 Retry 1/5 for CCMX in 2.7s
[08:10:21] 🔄 Identity reset
[08:10:24] 🧠 New identity created
[08:10:24] [205/455] KCMR
[08:10:25] [206/455] SALH
[08:10:26] [207/455] CGTT
[08:10:27] [208/455] PMDR
[08:10:28] [209/455] VCPM
[08:10:28] [210/455] RZMX
[08:10:29] [211/455] TMSY
[08:10:30] [212/455] NTMS
[08:10:31] [213/455] VTAG
[08:10:32] 🔄 Identity reset
[08:10:32] 🔄 Identity rotated (every 10 requests)
[08:10:32] [214/455] REMA
[08:10:33] [215/455] NXCC
[08:10:34] [216/455] SKYM
[08:10:35] [217/455] CCMO
[08:10:35] [218/455] DMXM
[08:10:36] [219/455] SPPM
[08:10:37] [220/455] PTKL
[08:10:38] [221/455] SLVO
[08:10:39] [222/455] VASL
[08:10:39] [223/455] CBCM
[08:10:40] 🔄 Identity reset
[08:10:40] 🔄 Identity rotated (every 10 requests)
[08:10:40] 🔄 Retry 1/5 for CBCM in 2.1s
[08:10:40] 🔄 Identity reset
[08:10:42] 🧠 New identity created
[08:10:43] [224/455] STMA
[08:10:43] [225/455] LASK
[08:10:44] [226/455] VITE
[08:10:45] [227/455] AAST
[08:10:46] [228/455] JTPT
[08:10:47] [229/455] RRSH
[08:10:47] [230/455] CINL
[08:10:48] [231/455] MCSR
[08:10:49] [232/455] SBCF
[08:10:50] 🔄 Identity reset
[08:10:50] 🔄 Identity rotated (every 10 requests)
[08:10:50] [233/455] GCDU
[08:10:51] [234/455] PSPR
[08:10:51] [235/455] IMMO
[08:10:53] [236/455] CLGM
[08:10:54] [237/455] PBMM
[08:10:55] [238/455] CEHR
[08:10:55] [239/455] CPOE
[08:10:56] [240/455] PGFD
[08:10:57] [241/455] PSLC
[08:10:59] [242/455] MSMD
[08:10:59] 🔄 Identity reset
[08:10:59] 🔄 Identity rotated (every 10 requests)
[08:11:00] [243/455] FMFB
[08:11:00] [244/455] RKCL
[08:11:01] [245/455] PMMC
[08:11:02] [246/455] SKMM
[08:11:03] [247/455] VOIB
[08:11:04] [248/455] KINO
[08:11:05] [249/455] VCTP
[08:11:05] [250/455] PDWR
[08:11:06] [251/455] SAED
[08:11:07] [252/455] SRRT
[08:11:08] 🔄 Identity reset
[08:11:08] 🔄 Identity rotated (every 10 requests)
[08:11:08] [253/455] CVLG
[08:11:09] [254/455] SNGN
[08:11:10] [255/455] SIDA
[08:11:10] [256/455] IMCB
[08:11:11] [257/455] SMHP
[08:11:12] [258/455] GDTY
[08:11:13] [259/455] VYCH
[08:11:14] [260/455] PDYA
[08:11:15] [261/455] RKDO
[08:11:15] [262/455] VECG
[08:11:16] 🔄 Identity reset
[08:11:16] 🔄 Identity rotated (every 10 requests)
[08:11:17] [263/455] NFGD
[08:11:18] [264/455] SNDC
[08:11:19] [265/455] SDJH
[08:11:20] [266/455] HASV
[08:11:21] [267/455] PTYK
[08:11:23] [268/455] MUTB
[08:11:23] [269/455] AMRT
[08:11:24] [270/455] VACD
[08:11:25] [271/455] SKDD
[08:11:26] [272/455] STGR
[08:11:27] 🔄 Identity reset
[08:11:27] 🔄 Identity rotated (every 10 requests)
[08:11:27] [273/455] GDAK
[08:11:28] [274/455] SKHK
[08:11:29] [275/455] SLND
[08:11:30] [276/455] APAP
[08:11:31] [277/455] AYYA
[08:11:32] [278/455] VCCZ
[08:11:32] [279/455] MEML
[08:11:33] [280/455] MAOU
[08:11:34] [281/455] ESND
[08:11:35] [282/455] PTBZ
[08:11:36] 🔄 Identity reset
[08:11:36] 🔄 Identity rotated (every 10 requests)
[08:11:36] [283/455] LBCN
[08:11:37] [284/455] PAWA
[08:11:38] [285/455] ZEIC
[08:11:39] [286/455] CGMM
[08:11:40] [287/455] PJPM
[08:11:41] [288/455] ECMR
[08:11:41] [289/455] SHMZ
[08:11:42] [290/455] STCA
[08:11:43] [291/455] VDRC
[08:11:44] [292/455] SEEM
[08:11:44] 🔄 Identity reset
[08:11:44] 🔄 Identity rotated (every 10 requests)
[08:11:45] [293/455] MKNS
[08:11:45] [294/455] KPPP
[08:11:46] [295/455] CCML
[08:11:47] [296/455] CIBA
[08:11:48] [297/455] NACS
[08:11:49] [298/455] CTMK
[08:11:50] [299/455] CTCT
[08:11:51] [300/455] MCSN
[08:11:52] [301/455] MAXX
[08:11:53] [302/455] MECB
[08:11:53] 🔄 Identity reset
[08:11:53] 🔄 Identity rotated (every 10 requests)
[08:11:53] 🔄 Retry 1/5 for MECB in 2.1s
[08:11:53] 🔄 Identity reset
[08:11:56] 🧠 New identity created
[08:11:56] [303/455] NTBY
[08:11:57] [304/455] UTBI
[08:11:58] [305/455] RADK
[08:11:59] [306/455] STBY
[08:12:00] [307/455] GTBY
[08:12:01] [308/455] RRMB
[08:12:01] [309/455] ABRN
[08:12:02] [310/455] GTSG
[08:12:04] [311/455] GBTG
[08:12:05] 🔄 Identity reset
[08:12:05] 🔄 Identity rotated (every 10 requests)
[08:12:05] [312/455] SBGS
[08:12:06] [313/455] KBPM
[08:12:07] [314/455] SMHT
[08:12:08] [315/455] VTDM
[08:12:08] [316/455] ASCT
[08:12:10] [317/455] AWCT
[08:12:11] [318/455] DCCU
[08:12:11] [319/455] PSCE
[08:12:12] [320/455] KSNY
[08:12:13] [321/455] ACID
[08:12:14] 🔄 Identity reset
[08:12:14] 🔄 Identity rotated (every 10 requests)
[08:12:14] [322/455] LVCD
[08:12:15] [323/455] KSSB
[08:12:16] [324/455] SWTD
[08:12:17] [325/455] RBMR
[08:12:18] [326/455] SCBC
[08:12:19] [327/455] RKME
[08:12:20] [328/455] GALX
[08:12:21] [329/455] GCCH
[08:12:22] [330/455] RATR
[08:12:23] [331/455] GTGA
[08:12:24] 🔄 Identity reset
[08:12:24] 🔄 Identity rotated (every 10 requests)
[08:12:24] [332/455] LTTR
[08:12:25] [333/455] TTAA
[08:12:26] [334/455] TVHP
[08:12:27] [335/455] KVCS
[08:12:27] [336/455] CBMC
[08:12:28] [337/455] MAYJ
[08:12:29] [338/455] INPR
[08:12:30] [339/455] RSSC
[08:12:31] [340/455] PCAN
[08:12:32] [341/455] PVHR
[08:12:32] 🔄 Identity reset
[08:12:32] 🔄 Identity rotated (every 10 requests)
[08:12:32] [342/455] AGSM
[08:12:33] [343/455] PVES
[08:12:34] [344/455] INTO
[08:12:35] [345/455] ACON
[08:12:36] [346/455] PVPZ
[08:12:37] [347/455] PVHC
[08:12:37] [348/455] KSTK
[08:12:38] [349/455] PVSR
[08:12:39] [350/455] ACTN
[08:12:40] [351/455] FMCN
[08:12:40] 🔄 Identity reset
[08:12:40] 🔄 Identity rotated (every 10 requests)
[08:12:41] [352/455] PABC
[08:12:42] [353/455] SUTC
[08:12:42] [354/455] PGMV
[08:12:43] [355/455] GKCP
[08:12:44] [356/455] INCH
[08:12:45] [357/455] MLMT
[08:12:46] [358/455] SSCC
[08:12:47] [359/455] SLMP
[08:12:48] [360/455] VVTN
[08:12:48] [361/455] SBTR
[08:12:49] 🔄 Identity reset
[08:12:49] 🔄 Identity rotated (every 10 requests)
[08:12:49] [362/455] PGRA
[08:12:51] [363/455] PBRM
[08:12:51] [364/455] GCRP
[08:12:52] [365/455] MCSK
[08:12:53] [366/455] NLTC
[08:12:54] [367/455] MTLM
[08:12:55] [368/455] VECT
[08:12:56] [369/455] KMRM
[08:12:56] [370/455] RACM
[08:12:57] [371/455] WSTC
[08:12:58] 🔄 Identity reset
[08:12:58] 🔄 Identity rotated (every 10 requests)
[08:12:58] 🔄 Retry 1/5 for WSTC in 2.4s
[08:12:58] 🔄 Identity reset
[08:13:00] 🧠 New identity created
[08:13:00] 🔄 Retry 2/5 for WSTC in 4.7s
[08:13:00] 🔄 Identity reset
[08:13:05] 🧠 New identity created
[08:13:05] [372/455] PVTJ
[08:13:06] [373/455] MMKC
[08:13:07] [374/455] SVWT
[08:13:08] [375/455] JOTG
[08:13:09] [376/455] VCDK
[08:13:10] [377/455] ANAC
[08:13:10] [378/455] GRTC
[08:13:11] [379/455] JTPL
[08:13:12] 🔄 Identity reset
[08:13:12] 🔄 Identity rotated (every 10 requests)
[08:13:12] [380/455] VRCP
[08:13:13] [381/455] REMC
[08:13:14] [382/455] ATMG
[08:13:14] [383/455] GAHC
[08:13:15] [384/455] JTMV
[08:13:16] [385/455] OMTT
[08:13:17] [386/455] GKKC
[08:13:18] [387/455] BBPO
[08:13:19] [388/455] ZCBB
[08:13:20] [389/455] DCGO
[08:13:20] 🔄 Identity reset
[08:13:20] 🔄 Identity rotated (every 10 requests)
[08:13:20] 🔄 Retry 1/5 for DCGO in 2.3s
[08:13:20] 🔄 Identity reset
[08:13:22] 🧠 New identity created
[08:13:23] [390/455] STOP
[08:13:23] [391/455] BSPC
[08:13:24] [392/455] SOND
[08:13:25] [393/455] GCKG
[08:13:26] [394/455] PCDB
[08:13:27] [395/455] PGRC
[08:13:28] [396/455] CSCT
[08:13:28] [397/455] STDA
[08:13:29] [398/455] JAYD
[08:13:30] 🔄 Identity reset
[08:13:30] 🔄 Identity rotated (every 10 requests)
[08:13:30] [399/455] PPPD
[08:13:31] [400/455] KRTT
[08:13:32] [401/455] PTDT
[08:13:32] [402/455] TRSV
[08:13:33] [403/455] VELR
[08:13:34] [404/455] STDT
[08:13:35] [405/455] SATT
[08:13:36] [406/455] KCPM
[08:13:36] [407/455] MFCP
[08:13:37] [408/455] AXMP
[08:13:38] 🔄 Identity reset
[08:13:38] 🔄 Identity rotated (every 10 requests)
[08:13:38] [409/455] LTVB
[08:13:39] [410/455] APST
[08:13:40] [411/455] DTVP
[08:13:41] [412/455] AAVB
[08:13:42] [413/455] PMBL
[08:13:43] [414/455] STKC
[08:13:44] [415/455] KKMA
[08:13:45] [416/455] NMXS
[08:13:46] [417/455] DECX
[08:13:46] [418/455] MAPJ
[08:13:47] 🔄 Identity reset
[08:13:47] 🔄 Identity rotated (every 10 requests)
[08:13:47] [419/455] SMLK
[08:13:48] [420/455] PMPU
[08:13:49] [421/455] AFST
[08:13:50] [422/455] SRSY
[08:13:50] [423/455] RMKT
[08:13:51] [424/455] RAJX
[08:13:52] [425/455] UVCD
[08:13:53] [426/455] LISA
[08:13:54] [427/455] LMSR
[08:13:55] [428/455] PMCA
[08:13:55] 🔄 Identity reset
[08:13:55] 🔄 Identity rotated (every 10 requests)
[08:13:55] [429/455] INPO
[08:13:56] [430/455] INGO
[08:13:57] [431/455] HFSQ
[08:13:58] [432/455] INMG
[08:13:59] [433/455] NYCP
[08:14:00] [434/455] HFSV
[08:14:00] [435/455] MMZP
[08:14:01] [436/455] KSES
[08:14:03] [437/455] HFSA
[08:14:04] [438/455] ACMM
[08:14:04] 🔄 Identity reset
[08:14:04] 🔄 Identity rotated (every 10 requests)
[08:14:05] [439/455] RCKD
[08:14:06] [440/455] BCKR
[08:14:07] [441/455] SFCO
[08:14:07] [442/455] JCCB
[08:14:08] [443/455] BCCR
[08:14:09] [444/455] NWCB
[08:14:10] [445/455] SAMT
[08:14:11] [446/455] TMST
[08:14:11] [447/455] SJCN
[08:14:12] [448/455] MCBS
[08:14:13] 🔄 Identity reset
[08:14:13] 🔄 Identity rotated (every 10 requests)
[08:14:13] [449/455] CMKR
[08:14:15] [450/455] INPM
[08:14:15] [451/455] WVMT
[08:14:16] [452/455] NYSM
[08:14:17] [453/455] RCMA
[08:14:18] [454/455] RECM
[08:14:19] [455/455] CYCM
[08:14:20] ✅ DONE | Shows=1014 | Movies=56
[08:52:59] 🚀 BMS DAILY TRACKER STARTED (enhanced anti‑detection)
[08:52:59] [1/455] MXGN
[08:53:00] 🧠 New identity created
[08:53:00] [2/455] PGGM
[08:53:01] [3/455] IPMJ
[08:53:02] [4/455] M2PP
[08:53:03] [5/455] PMMS
[08:53:05] [6/455] SCJN
[08:53:05] [7/455] CPUM
[08:53:06] [8/455] SCND
[08:53:06] [9/455] INWM
[08:53:07] [10/455] DVDC
[08:53:08] 🔄 Identity reset
[08:53:08] 🔄 Identity rotated (every 10 requests)
[08:53:08] [11/455] WVND
[08:53:09] [12/455] LBDL
[08:53:09] [13/455] CRGM
[08:53:10] [14/455] PVKS
[08:53:11] [15/455] PBLL
[08:53:11] [16/455] FNLN
[08:53:12] [17/455] PPDA
[08:53:13] [18/455] SCPT
[08:53:14] [19/455] IAJS
[08:53:14] [20/455] MMZG
[08:53:15] 🔄 Identity reset
[08:53:15] 🔄 Identity rotated (every 10 requests)
[08:53:15] [21/455] MCTI
[08:53:16] [22/455] PPMF
[08:53:16] [23/455] FNSD
[08:53:17] [24/455] M2RH
[08:53:18] [25/455] CPGV
[08:53:18] [26/455] PECD
[08:53:19] [27/455] CTEE
[08:53:20] [28/455] IOMG
[08:53:20] [29/455] CIJA
[08:53:21] [30/455] NYCG
[08:53:22] 🔄 Identity reset
[08:53:22] 🔄 Identity rotated (every 10 requests)
[08:53:22] [31/455] CEST
[08:53:23] [32/455] WVRG
[08:53:24] [33/455] DPDC
[08:53:24] [34/455] PDIV
[08:53:26] [35/455] MTPP
[08:53:27] [36/455] MHNU
[08:53:28] [37/455] WUPG
[08:53:28] [38/455] USCO
[08:53:29] [39/455] INFR
[08:53:30] [40/455] PVPD
[08:53:31] 🔄 Identity reset
[08:53:31] 🔄 Identity rotated (every 10 requests)
[08:53:31] [41/455] RONC
[08:53:32] [42/455] IOCP
[08:53:33] [43/455] EMPS
[08:53:34] [44/455] PNAD
[08:53:35] [45/455] VVGZ
[08:53:37] [46/455] MDDC
[08:53:37] [47/455] MMAP
[08:53:38] [48/455] GPDC
[08:53:39] [49/455] PVPU
[08:53:40] [50/455] DCMV
[08:53:41] 🔄 Identity reset
[08:53:41] 🔄 Identity rotated (every 10 requests)
[08:53:41] [51/455] PCCF
[08:53:41] [52/455] MCEF
[08:53:42] [53/455] INRD
[08:53:43] [54/455] CCPZ
[08:53:43] [55/455] BCWG
[08:53:44] [56/455] PMGU
[08:53:45] [57/455] MCVM
[08:53:46] [58/455] MCDE
[08:53:46] [59/455] IEFM
[08:53:47] [60/455] MXCS
[08:53:48] 🔄 Identity reset
[08:53:48] 🔄 Identity rotated (every 10 requests)
[08:53:48] 🔄 Retry 1/5 for MXCS in 2.6s
[08:53:48] 🔄 Identity reset
[08:53:50] 🧠 New identity created
[08:53:51] [61/455] RNMT
[08:53:52] [62/455] PSDD
[08:53:53] [63/455] PETA
[08:53:53] [64/455] IZOP
[08:53:54] [65/455] PDEI
[08:53:55] [66/455] MTND
[08:53:56] [67/455] PCPL
[08:53:57] [68/455] LSCM
[08:53:58] [69/455] BTFD
[08:53:58] 🔄 Identity reset
[08:53:58] 🔄 Identity rotated (every 10 requests)
[08:53:59] [70/455] MERM
[08:53:59] [71/455] PVMS
[08:54:00] [72/455] CIGK
[08:54:02] [73/455] INSG
[08:54:03] [74/455] IDEN
[08:54:04] [75/455] MCGN
[08:54:04] [76/455] IGAM
[08:54:05] [77/455] SLCU
[08:54:06] [78/455] MIMU
[08:54:07] [79/455] QLAC
[08:54:07] 🔄 Identity reset
[08:54:08] 🔄 Identity rotated (every 10 requests)
[08:54:08] [80/455] MENL
[08:54:09] [81/455] SCUR
[08:54:11] [82/455] MDGD
[08:54:12] [83/455] LSRS
[08:54:13] [84/455] KMLG
[08:54:14] [85/455] MKLJ
[08:54:15] [86/455] IBYG
[08:54:16] [87/455] ISML
[08:54:17] [88/455] MJMM
[08:54:18] [89/455] RCGD
[08:54:18] 🔄 Identity reset
[08:54:18] 🔄 Identity rotated (every 10 requests)
[08:54:18] [90/455] MMOC
[08:54:19] [91/455] RRCO
[08:54:20] [92/455] MEDM
[08:54:21] [93/455] MCAZ
[08:54:22] [94/455] STWA
[08:54:22] [95/455] PFFG
[08:54:23] [96/455] GAGC
[08:54:23] [97/455] PMPM
[08:54:24] [98/455] HVCD
[08:54:25] [99/455] AKRF
[08:54:25] 🔄 Identity reset
[08:54:25] 🔄 Identity rotated (every 10 requests)
[08:54:26] [100/455] AKRC
[08:54:27] [101/455] MIDA
[08:54:28] [102/455] MAGX
[08:54:30] [103/455] ESOS
[08:54:30] [104/455] BBCL
[08:54:32] [105/455] LYAS
[08:54:33] [106/455] NRMS
[08:54:34] [107/455] BHUC
[08:54:35] [108/455] SRIC
[08:54:36] [109/455] PDME
[08:54:36] 🔄 Identity reset
[08:54:36] 🔄 Identity rotated (every 10 requests)
[08:54:36] [110/455] MJCS
[08:54:37] [111/455] NRAA
[08:54:37] [112/455] VATA
[08:54:38] [113/455] MNKC
[08:54:39] [114/455] DHCL
[08:54:40] [115/455] JCPC
[08:54:40] [116/455] CTML
[08:54:41] [117/455] RMMR
[08:54:42] [118/455] STTL
[08:54:42] [119/455] CNPS
[08:54:43] 🔄 Identity reset
[08:54:43] 🔄 Identity rotated (every 10 requests)
[08:54:43] [120/455] ACKL
[08:54:44] [121/455] SCAU
[08:54:45] [122/455] RMIA
[08:54:46] [123/455] MANU
[08:54:47] [124/455] ARDC
[08:54:48] [125/455] GLDA
[08:54:49] [126/455] KVSW
[08:54:50] [127/455] CGCA
[08:54:50] [128/455] CMLO
[08:54:51] [129/455] CECB
[08:54:52] 🔄 Identity reset
[08:54:52] 🔄 Identity rotated (every 10 requests)
[08:54:52] [130/455] RCPN
[08:54:52] [131/455] ASMW
[08:54:53] [132/455] PWLM
[08:54:54] [133/455] ASGM
[08:54:54] [134/455] ACWH
[08:54:55] [135/455] AAPW
[08:54:56] [136/455] RTWA
[08:54:57] [137/455] RAMW
[08:54:57] [138/455] VKTR
[08:54:58] [139/455] SMBH
[08:54:58] 🔄 Identity reset
[08:54:58] 🔄 Identity rotated (every 10 requests)
[08:54:59] 🔄 Retry 1/5 for SMBH in 2.6s
[08:54:59] 🔄 Identity reset
[08:55:01] 🧠 New identity created
[08:55:01] 🔄 Retry 2/5 for SMBH in 4.2s
[08:55:01] 🔄 Identity reset
[08:55:05] 🧠 New identity created
[08:55:06] [140/455] BVDR
[08:55:07] [141/455] MRTP
[08:55:07] [142/455] BLBR
[08:55:08] [143/455] LPIN
[08:55:09] [144/455] SNPC
[08:55:10] [145/455] PDCB
[08:55:11] [146/455] DYPK
[08:55:12] [147/455] INMK
[08:55:13] 🔄 Identity reset
[08:55:13] 🔄 Identity rotated (every 10 requests)
[08:55:13] [148/455] PDCK
[08:55:14] [149/455] PCKR
[08:55:15] [150/455] SHUA
[08:55:16] [151/455] SCVK
[08:55:17] [152/455] STPA
[08:55:18] [153/455] WVHD
[08:55:19] [154/455] MRCH
[08:55:20] [155/455] MCNP
[08:55:21] [156/455] RCAG
[08:55:22] [157/455] JTSN
[08:55:22] 🔄 Identity reset
[08:55:22] 🔄 Identity rotated (every 10 requests)
[08:55:23] [158/455] AANS
[08:55:23] [159/455] GDDR
[08:55:24] [160/455] SRER
[08:55:25] [161/455] JKMA
[08:55:26] [162/455] ARAN
[08:55:27] [163/455] ALCT
[08:55:28] [164/455] CCTA
[08:55:29] [165/455] CNCT
[08:55:29] [166/455] NZBL
[08:55:30] [167/455] SRRA
[08:55:31] 🔄 Identity reset
[08:55:31] 🔄 Identity rotated (every 10 requests)
[08:55:31] [168/455] SVPW
[08:55:31] [169/455] SRTW
[08:55:32] [170/455] XMTD
[08:55:33] [171/455] SCCZ
[08:55:33] [172/455] PBCR
[08:55:34] [173/455] RTSC
[08:55:35] [174/455] TLSV
[08:55:36] [175/455] RMTK
[08:55:36] [176/455] SRAT
[08:55:37] [177/455] GCYC
[08:55:38] 🔄 Identity reset
[08:55:38] 🔄 Identity rotated (every 10 requests)
[08:55:38] [178/455] HCAJ
[08:55:39] [179/455] LCXA
[08:55:40] [180/455] BINT
[08:55:41] [181/455] IXIM
[08:55:42] [182/455] MBCR
[08:55:42] [183/455] BMCJ
[08:55:43] [184/455] NICJ
[08:55:44] [185/455] SCAJ
[08:55:45] [186/455] CMXS
[08:55:46] [187/455] MMSR
[08:55:46] 🔄 Identity reset
[08:55:46] 🔄 Identity rotated (every 10 requests)
[08:55:47] [188/455] PRKT
[08:55:48] [189/455] LPTH
[08:55:49] [190/455] SARP
[08:55:50] [191/455] MNPP
[08:55:51] [192/455] PRLR
[08:55:52] [193/455] RCMW
[08:55:53] [194/455] FCMG
[08:55:54] [195/455] RTNK
[08:55:55] [196/455] LRCP
[08:55:56] [197/455] DBJR
[08:55:56] 🔄 Identity reset
[08:55:56] 🔄 Identity rotated (every 10 requests)
[08:55:56] [198/455] CACN
[08:55:57] [199/455] AMRL
[08:55:58] [200/455] SBBC
[08:55:58] [201/455] VENN
[08:55:59] [202/455] STSS
[08:56:00] [203/455] SMRB
[08:56:01] [204/455] CCMX
[08:56:01] [205/455] KCMR
[08:56:02] [206/455] SALH
[08:56:02] [207/455] CGTT
[08:56:03] 🔄 Identity reset
[08:56:03] 🔄 Identity rotated (every 10 requests)
[08:56:03] [208/455] PMDR
[08:56:04] [209/455] VCPM
[08:56:05] [210/455] RZMX
[08:56:05] [211/455] TMSY
[08:56:06] [212/455] NTMS
[08:56:06] [213/455] VTAG
[08:56:07] [214/455] REMA
[08:56:08] [215/455] NXCC
[08:56:09] [216/455] SKYM
[08:56:09] [217/455] CCMO
[08:56:10] 🔄 Identity reset
[08:56:10] 🔄 Identity rotated (every 10 requests)
[08:56:10] [218/455] DMXM
[08:56:11] [219/455] SPPM
[08:56:12] [220/455] PTKL
[08:56:13] [221/455] SLVO
[08:56:14] [222/455] VASL
[08:56:15] [223/455] CBCM
[08:56:16] [224/455] STMA
[08:56:17] [225/455] LASK
[08:56:18] [226/455] VITE
[08:56:18] [227/455] AAST
[08:56:19] 🔄 Identity reset
[08:56:19] 🔄 Identity rotated (every 10 requests)
[08:56:19] [228/455] JTPT
[08:56:20] [229/455] RRSH
[08:56:21] [230/455] CINL
[08:56:22] [231/455] MCSR
[08:56:22] [232/455] SBCF
[08:56:23] [233/455] GCDU
[08:56:24] [234/455] PSPR
[08:56:25] [235/455] IMMO
[08:56:26] [236/455] CLGM
[08:56:26] [237/455] PBMM
[08:56:27] 🔄 Identity reset
[08:56:27] 🔄 Identity rotated (every 10 requests)
[08:56:27] [238/455] CEHR
[08:56:28] [239/455] CPOE
[08:56:29] [240/455] PGFD
[08:56:30] [241/455] PSLC
[08:56:30] [242/455] MSMD
[08:56:31] [243/455] FMFB
[08:56:32] [244/455] RKCL
[08:56:33] [245/455] PMMC
[08:56:34] [246/455] SKMM
[08:56:35] [247/455] VOIB
[08:56:36] 🔄 Identity reset
[08:56:36] 🔄 Identity rotated (every 10 requests)
[08:56:36] [248/455] KINO
[08:56:37] [249/455] VCTP
[08:56:37] [250/455] PDWR
[08:56:38] [251/455] SAED
[08:56:39] [252/455] SRRT
[08:56:39] [253/455] CVLG
[08:56:40] [254/455] SNGN
[08:56:41] [255/455] SIDA
[08:56:41] [256/455] IMCB
[08:56:42] [257/455] SMHP
[08:56:42] 🔄 Identity reset
[08:56:42] 🔄 Identity rotated (every 10 requests)
[08:56:42] 🔄 Retry 1/5 for SMHP in 2.9s
[08:56:42] 🔄 Identity reset
[08:56:45] 🧠 New identity created
[08:56:45] [258/455] GDTY
[08:56:46] [259/455] VYCH
[08:56:47] [260/455] PDYA
[08:56:48] [261/455] RKDO
[08:56:49] [262/455] VECG
[08:56:50] [263/455] NFGD
[08:56:51] [264/455] SNDC
[08:56:52] [265/455] SDJH
[08:56:53] [266/455] HASV
[08:56:53] 🔄 Identity reset
[08:56:53] 🔄 Identity rotated (every 10 requests)
[08:56:53] [267/455] PTYK
[08:56:55] [268/455] MUTB
[08:56:56] [269/455] AMRT
[08:56:57] [270/455] VACD
[08:56:59] [271/455] SKDD
[08:56:59] [272/455] STGR
[08:57:00] [273/455] GDAK
[08:57:01] [274/455] SKHK
[08:57:03] [275/455] SLND
[08:57:03] [276/455] APAP
[08:57:04] 🔄 Identity reset
[08:57:04] 🔄 Identity rotated (every 10 requests)
[08:57:04] [277/455] AYYA
[08:57:05] [278/455] VCCZ
[08:57:06] [279/455] MEML
[08:57:07] [280/455] MAOU
[08:57:08] [281/455] ESND
[08:57:09] [282/455] PTBZ
[08:57:10] [283/455] LBCN
[08:57:11] [284/455] PAWA
[08:57:12] [285/455] ZEIC
[08:57:12] [286/455] CGMM
[08:57:13] 🔄 Identity reset
[08:57:13] 🔄 Identity rotated (every 10 requests)
[08:57:13] [287/455] PJPM
[08:57:14] [288/455] ECMR
[08:57:14] [289/455] SHMZ
[08:57:16] [290/455] STCA
[08:57:17] [291/455] VDRC
[08:57:18] [292/455] SEEM
[08:57:19] [293/455] MKNS
[08:57:19] [294/455] KPPP
[08:57:20] [295/455] CCML
[08:57:21] [296/455] CIBA
[08:57:21] 🔄 Identity reset
[08:57:21] 🔄 Identity rotated (every 10 requests)
[08:57:22] [297/455] NACS
[08:57:23] [298/455] CTMK
[08:57:23] [299/455] CTCT
[08:57:24] [300/455] MCSN
[08:57:25] [301/455] MAXX
[08:57:26] [302/455] MECB
[08:57:26] [303/455] NTBY
[08:57:27] [304/455] UTBI
[08:57:28] [305/455] RADK
[08:57:29] [306/455] STBY
[08:57:30] 🔄 Identity reset
[08:57:30] 🔄 Identity rotated (every 10 requests)
[08:57:30] 🔄 Retry 1/5 for STBY in 2.5s
[08:57:30] 🔄 Identity reset
[08:57:32] 🧠 New identity created
[08:57:33] [307/455] GTBY
[08:57:33] [308/455] RRMB
[08:57:34] [309/455] ABRN
[08:57:35] [310/455] GTSG
[08:57:36] [311/455] GBTG
[08:57:36] [312/455] SBGS
[08:57:37] [313/455] KBPM
[08:57:38] [314/455] SMHT
[08:57:39] [315/455] VTDM
[08:57:40] 🔄 Identity reset
[08:57:40] 🔄 Identity rotated (every 10 requests)
[08:57:40] 🔄 Retry 1/5 for VTDM in 3.0s
[08:57:40] 🔄 Identity reset
[08:57:43] 🧠 New identity created
[08:57:43] [316/455] ASCT
[08:57:44] [317/455] AWCT
[08:57:45] [318/455] DCCU
[08:57:45] [319/455] PSCE
[08:57:46] [320/455] KSNY
[08:57:47] [321/455] ACID
[08:57:47] [322/455] LVCD
[08:57:48] [323/455] KSSB
[08:57:49] [324/455] SWTD
[08:57:49] 🔄 Identity reset
[08:57:49] 🔄 Identity rotated (every 10 requests)
[08:57:50] 🔄 Retry 1/5 for SWTD in 3.0s
[08:57:50] 🔄 Identity reset
[08:57:53] 🧠 New identity created
[08:57:53] [325/455] RBMR
[08:57:54] [326/455] SCBC
[08:57:55] [327/455] RKME
[08:57:56] [328/455] GALX
[08:57:56] [329/455] GCCH
[08:57:57] [330/455] RATR
[08:57:58] [331/455] GTGA
[08:57:59] [332/455] LTTR
[08:58:00] [333/455] TTAA
[08:58:00] 🔄 Identity reset
[08:58:00] 🔄 Identity rotated (every 10 requests)
[08:58:01] [334/455] TVHP
[08:58:02] [335/455] KVCS
[08:58:02] [336/455] CBMC
[08:58:03] [337/455] MAYJ
[08:58:04] [338/455] INPR
[08:58:05] [339/455] RSSC
[08:58:05] [340/455] PCAN
[08:58:06] [341/455] PVHR
[08:58:08] [342/455] AGSM
[08:58:09] [343/455] PVES
[08:58:09] 🔄 Identity reset
[08:58:09] 🔄 Identity rotated (every 10 requests)
[08:58:10] [344/455] INTO
[08:58:10] [345/455] ACON
[08:58:11] [346/455] PVPZ
[08:58:12] [347/455] PVHC
[08:58:12] [348/455] KSTK
[08:58:13] [349/455] PVSR
[08:58:14] [350/455] ACTN
[08:58:15] [351/455] FMCN
[08:58:15] [352/455] PABC
[08:58:16] [353/455] SUTC
[08:58:17] 🔄 Identity reset
[08:58:17] 🔄 Identity rotated (every 10 requests)
[08:58:17] 🔄 Retry 1/5 for SUTC in 2.6s
[08:58:17] 🔄 Identity reset
[08:58:20] 🧠 New identity created
[08:58:20] [354/455] PGMV
[08:58:21] [355/455] GKCP
[08:58:21] [356/455] INCH
[08:58:22] [357/455] MLMT
[08:58:23] [358/455] SSCC
[08:58:24] [359/455] SLMP
[08:58:24] [360/455] VVTN
[08:58:25] [361/455] SBTR
[08:58:26] [362/455] PGRA
[08:58:27] 🔄 Identity reset
[08:58:27] 🔄 Identity rotated (every 10 requests)
[08:58:27] 🔄 Retry 1/5 for PGRA in 2.1s
[08:58:27] 🔄 Identity reset
[08:58:29] 🧠 New identity created
[08:58:29] [363/455] PBRM
[08:58:30] [364/455] GCRP
[08:58:31] [365/455] MCSK
[08:58:32] [366/455] NLTC
[08:58:32] [367/455] MTLM
[08:58:33] [368/455] VECT
[08:58:34] [369/455] KMRM
[08:58:34] [370/455] RACM
[08:58:35] [371/455] WSTC
[08:58:36] 🔄 Identity reset
[08:58:36] 🔄 Identity rotated (every 10 requests)
[08:58:36] [372/455] PVTJ
[08:58:37] [373/455] MMKC
[08:58:38] [374/455] SVWT
[08:58:39] [375/455] JOTG
[08:58:39] [376/455] VCDK
[08:58:40] [377/455] ANAC
[08:58:41] [378/455] GRTC
[08:58:42] [379/455] JTPL
[08:58:42] [380/455] VRCP
[08:58:43] [381/455] REMC
[08:58:44] 🔄 Identity reset
[08:58:44] 🔄 Identity rotated (every 10 requests)
[08:58:44] [382/455] ATMG
[08:58:45] [383/455] GAHC
[08:58:45] [384/455] JTMV
[08:58:46] [385/455] OMTT
[08:58:47] [386/455] GKKC
[08:58:48] [387/455] BBPO
[08:58:48] [388/455] ZCBB
[08:58:49] [389/455] DCGO
[08:58:50] [390/455] STOP
[08:58:51] [391/455] BSPC
[08:58:51] 🔄 Identity reset
[08:58:51] 🔄 Identity rotated (every 10 requests)
[08:58:51] [392/455] SOND
[08:58:52] [393/455] GCKG
[08:58:53] [394/455] PCDB
[08:58:54] [395/455] PGRC
[08:58:54] [396/455] CSCT
[08:58:55] [397/455] STDA
[08:58:56] [398/455] JAYD
[08:58:57] [399/455] PPPD
[08:58:57] [400/455] KRTT
[08:58:58] [401/455] PTDT
[08:58:58] 🔄 Identity reset
[08:58:58] 🔄 Identity rotated (every 10 requests)
[08:58:58] 🔄 Retry 1/5 for PTDT in 2.1s
[08:58:58] 🔄 Identity reset
[08:59:00] 🧠 New identity created
[08:59:01] [402/455] TRSV
[08:59:01] [403/455] VELR
[08:59:02] [404/455] STDT
[08:59:03] [405/455] SATT
[08:59:04] [406/455] KCPM
[08:59:05] [407/455] MFCP
[08:59:05] [408/455] AXMP
[08:59:06] [409/455] LTVB
[08:59:07] [410/455] APST
[08:59:07] 🔄 Identity reset
[08:59:07] 🔄 Identity rotated (every 10 requests)
[08:59:07] 🔄 Retry 1/5 for APST in 2.6s
[08:59:07] 🔄 Identity reset
[08:59:10] 🧠 New identity created
[08:59:10] 🔄 Retry 2/5 for APST in 4.7s
[08:59:10] 🔄 Identity reset
[08:59:15] 🧠 New identity created
[08:59:15] [411/455] DTVP
[08:59:16] [412/455] AAVB
[08:59:17] [413/455] PMBL
[08:59:18] [414/455] STKC
[08:59:19] [415/455] KKMA
[08:59:19] [416/455] NMXS
[08:59:20] [417/455] DECX
[08:59:21] [418/455] MAPJ
[08:59:22] 🔄 Identity reset
[08:59:22] 🔄 Identity rotated (every 10 requests)
[08:59:22] [419/455] SMLK
[08:59:23] [420/455] PMPU
[08:59:23] [421/455] AFST
[08:59:24] [422/455] SRSY
[08:59:25] [423/455] RMKT
[08:59:26] [424/455] RAJX
[08:59:26] [425/455] UVCD
[08:59:27] [426/455] LISA
[08:59:27] [427/455] LMSR
[08:59:28] [428/455] PMCA
[08:59:29] 🔄 Identity reset
[08:59:29] 🔄 Identity rotated (every 10 requests)
[08:59:29] [429/455] INPO
[08:59:30] [430/455] INGO
[08:59:30] [431/455] HFSQ
[08:59:31] [432/455] INMG
[08:59:32] [433/455] NYCP
[08:59:32] [434/455] HFSV
[08:59:33] [435/455] MMZP
[08:59:34] [436/455] KSES
[08:59:34] [437/455] HFSA
[08:59:35] [438/455] ACMM
[08:59:36] 🔄 Identity reset
[08:59:36] 🔄 Identity rotated (every 10 requests)
[08:59:36] [439/455] RCKD
[08:59:37] [440/455] BCKR
[08:59:37] [441/455] SFCO
[08:59:38] [442/455] JCCB
[08:59:39] [443/455] BCCR
[08:59:39] [444/455] NWCB
[08:59:40] [445/455] SAMT
[08:59:41] [446/455] TMST
[08:59:42] [447/455] SJCN
[08:59:43] [448/455] MCBS
[08:59:43] 🔄 Identity reset
[08:59:43] 🔄 Identity rotated (every 10 requests)
[08:59:44] [449/455] CMKR
[08:59:44] [450/455] INPM
[08:59:45] [451/455] WVMT
[08:59:47] [452/455] NYSM
[08:59:47] [453/455] RCMA
[08:59:48] [454/455] RECM
[08:59:49] [455/455] CYCM
[08:59:50] ✅ DONE | Shows=1266 | Movies=67
[09:07:10] 🚀 BMS DAILY TRACKER STARTED (enhanced anti‑detection)
[09:07:10] [1/455] MXGN
[09:07:10] 🧠 New identity created
[09:07:10] [2/455] PGGM
[09:07:11] [3/455] IPMJ
[09:07:12] [4/455] M2PP
[09:07:13] [5/455] PMMS
[09:07:14] [6/455] SCJN
[09:07:16] [7/455] CPUM
[09:07:17] [8/455] SCND
[09:07:18] [9/455] INWM
[09:07:19] [10/455] DVDC
[09:07:19] 🔄 Identity reset
[09:07:19] 🔄 Identity rotated (every 10 requests)
[09:07:20] [11/455] WVND
[09:07:21] [12/455] LBDL
[09:07:22] [13/455] CRGM
[09:07:23] [14/455] PVKS
[09:07:24] [15/455] PBLL
[09:07:25] [16/455] FNLN
[09:07:25] [17/455] PPDA
[09:07:27] [18/455] SCPT
[09:07:28] [19/455] IAJS
[09:07:29] [20/455] MMZG
[09:07:29] 🔄 Identity reset
[09:07:29] 🔄 Identity rotated (every 10 requests)
[09:07:30] [21/455] MCTI
[09:07:31] [22/455] PPMF
[09:07:32] [23/455] FNSD
[09:07:33] [24/455] M2RH
[09:07:34] [25/455] CPGV
[09:07:36] [26/455] PECD
[09:07:37] [27/455] CTEE
[09:07:37] [28/455] IOMG
[09:07:38] [29/455] CIJA
[09:07:40] [30/455] NYCG
[09:07:40] 🔄 Identity reset
[09:07:40] 🔄 Identity rotated (every 10 requests)
[09:07:41] [31/455] CEST
[09:07:43] [32/455] WVRG
[09:07:45] [33/455] DPDC
[09:07:46] [34/455] PDIV
[09:07:47] [35/455] MTPP
[09:07:48] [36/455] MHNU
[09:07:49] [37/455] WUPG
[09:07:50] [38/455] USCO
[09:07:51] [39/455] INFR
[09:07:52] [40/455] PVPD
[09:07:53] 🔄 Identity reset
[09:07:53] 🔄 Identity rotated (every 10 requests)
[09:07:53] [41/455] RONC
[09:07:54] [42/455] IOCP
[09:07:55] [43/455] EMPS
[09:07:56] [44/455] PNAD
[09:07:57] [45/455] VVGZ
[09:07:58] [46/455] MDDC
[09:07:59] [47/455] MMAP
[09:08:00] [48/455] GPDC
[09:08:01] [49/455] PVPU
[09:08:02] [50/455] DCMV
[09:08:02] 🔄 Identity reset
[09:08:02] 🔄 Identity rotated (every 10 requests)
[09:08:02] 🔄 Retry 1/5 for DCMV in 2.5s
[09:08:02] 🔄 Identity reset
[09:08:05] 🧠 New identity created
[09:08:05] [51/455] PCCF
[09:08:06] [52/455] MCEF
[09:08:07] [53/455] INRD
[09:08:08] [54/455] CCPZ
[09:08:09] [55/455] BCWG
[09:08:10] [56/455] PMGU
[09:08:11] [57/455] MCVM
[09:08:12] [58/455] MCDE
[09:08:13] [59/455] IEFM
[09:08:13] 🔄 Identity reset
[09:08:13] 🔄 Identity rotated (every 10 requests)
[09:08:13] [60/455] MXCS
[09:08:14] [61/455] RNMT
[09:08:15] [62/455] PSDD
[09:08:16] [63/455] PETA
[09:08:17] [64/455] IZOP
[09:08:18] [65/455] PDEI
[09:08:19] [66/455] MTND
[09:08:20] [67/455] PCPL
[09:08:21] [68/455] LSCM
[09:08:22] [69/455] BTFD
[09:08:22] 🔄 Identity reset
[09:08:22] 🔄 Identity rotated (every 10 requests)
[09:08:23] [70/455] MERM
[09:08:24] [71/455] PVMS
[09:08:25] [72/455] CIGK
[09:08:26] [73/455] INSG
[09:08:27] [74/455] IDEN
[09:08:28] [75/455] MCGN
[09:08:29] [76/455] IGAM
[09:08:30] [77/455] SLCU
[09:08:31] [78/455] MIMU
[09:08:32] [79/455] QLAC
[09:08:33] 🔄 Identity reset
[09:08:33] 🔄 Identity rotated (every 10 requests)
[09:08:34] [80/455] MENL
[09:08:35] [81/455] SCUR
[09:08:36] [82/455] MDGD
[09:08:37] [83/455] LSRS
[09:08:39] [84/455] KMLG
[09:08:40] [85/455] MKLJ
[09:08:41] [86/455] IBYG
[09:08:42] [87/455] ISML
[09:08:43] [88/455] MJMM
[09:08:45] [89/455] RCGD
[09:08:45] 🔄 Identity reset
[09:08:45] 🔄 Identity rotated (every 10 requests)
[09:08:45] 🔄 Retry 1/5 for RCGD in 2.6s
[09:08:45] 🔄 Identity reset
[09:08:48] 🧠 New identity created
[09:08:48] 🔄 Retry 2/5 for RCGD in 4.4s
[09:08:48] 🔄 Identity reset
[09:08:52] 🧠 New identity created
[09:08:52] 🔄 Retry 3/5 for RCGD in 8.1s
[09:08:52] 🔄 Identity reset
[09:09:00] 🧠 New identity created
[09:09:01] [90/455] MMOC
[09:09:02] [91/455] RRCO
[09:09:02] [92/455] MEDM
[09:09:04] [93/455] MCAZ
[09:09:06] [94/455] STWA
[09:09:07] [95/455] PFFG
[09:09:08] [96/455] GAGC
[09:09:09] 🔄 Identity reset
[09:09:09] 🔄 Identity rotated (every 10 requests)
[09:09:09] [97/455] PMPM
[09:09:11] [98/455] HVCD
[09:09:12] [99/455] AKRF
[09:09:13] [100/455] AKRC
[09:09:14] [101/455] MIDA
[09:09:14] [102/455] MAGX
[09:09:15] [103/455] ESOS
[09:09:16] [104/455] BBCL
[09:09:17] [105/455] LYAS
[09:09:19] [106/455] NRMS
[09:09:19] 🔄 Identity reset
[09:09:19] 🔄 Identity rotated (every 10 requests)
[09:09:21] [107/455] BHUC
[09:09:21] [108/455] SRIC
[09:09:22] [109/455] PDME
[09:09:24] [110/455] MJCS
[09:09:25] [111/455] NRAA
[09:09:26] [112/455] VATA
[09:09:27] [113/455] MNKC
[09:09:27] [114/455] DHCL
[09:09:28] [115/455] JCPC
[09:09:29] [116/455] CTML
[09:09:30] 🔄 Identity reset
[09:09:30] 🔄 Identity rotated (every 10 requests)
[09:09:30] [117/455] RMMR
[09:09:31] [118/455] STTL
[09:09:32] [119/455] CNPS
[09:09:33] [120/455] ACKL
[09:09:33] [121/455] SCAU
[09:09:34] [122/455] RMIA
[09:09:35] [123/455] MANU
[09:09:36] [124/455] ARDC
[09:09:37] [125/455] GLDA
[09:09:38] [126/455] KVSW
[09:09:38] 🔄 Identity reset
[09:09:38] 🔄 Identity rotated (every 10 requests)
[09:09:39] [127/455] CGCA
[09:09:40] [128/455] CMLO
[09:09:41] [129/455] CECB
[09:09:42] [130/455] RCPN
[09:09:43] [131/455] ASMW
[09:09:45] [132/455] PWLM
[09:09:46] [133/455] ASGM
[09:09:48] [134/455] ACWH
[09:09:50] [135/455] AAPW
[09:09:51] [136/455] RTWA
[09:09:51] 🔄 Identity reset
[09:09:51] 🔄 Identity rotated (every 10 requests)
[09:09:51] [137/455] RAMW
[09:09:52] [138/455] VKTR
[09:09:53] [139/455] SMBH
[09:09:54] [140/455] BVDR
[09:09:55] [141/455] MRTP
[09:09:56] [142/455] BLBR
[09:09:57] [143/455] LPIN
[09:09:58] [144/455] SNPC
[09:10:00] [145/455] PDCB
[09:10:01] [146/455] DYPK
[09:10:01] 🔄 Identity reset
[09:10:01] 🔄 Identity rotated (every 10 requests)
[09:10:01] [147/455] INMK
[09:10:02] [148/455] PDCK
[09:10:03] [149/455] PCKR
[09:10:04] [150/455] SHUA
[09:10:05] [151/455] SCVK
[09:10:06] [152/455] STPA
[09:10:07] [153/455] WVHD
[09:10:08] [154/455] MRCH
[09:10:09] [155/455] MCNP
[09:10:10] [156/455] RCAG
[09:10:11] 🔄 Identity reset
[09:10:11] 🔄 Identity rotated (every 10 requests)
[09:10:11] [157/455] JTSN
[09:10:12] [158/455] AANS
[09:10:13] [159/455] GDDR
[09:10:15] [160/455] SRER
[09:10:15] [161/455] JKMA
[09:10:16] [162/455] ARAN
[09:10:17] [163/455] ALCT
[09:10:18] [164/455] CCTA
[09:10:19] [165/455] CNCT
[09:10:20] [166/455] NZBL
[09:10:20] 🔄 Identity reset
[09:10:20] 🔄 Identity rotated (every 10 requests)
[09:10:21] [167/455] SRRA
[09:10:21] [168/455] SVPW
[09:10:23] [169/455] SRTW
[09:10:24] [170/455] XMTD
[09:10:24] [171/455] SCCZ
[09:10:25] [172/455] PBCR
[09:10:26] [173/455] RTSC
[09:10:27] [174/455] TLSV
[09:10:28] [175/455] RMTK
[09:10:28] [176/455] SRAT
[09:10:29] 🔄 Identity reset
[09:10:29] 🔄 Identity rotated (every 10 requests)
[09:10:29] [177/455] GCYC
[09:10:30] [178/455] HCAJ
[09:10:31] [179/455] LCXA
[09:10:32] [180/455] BINT
[09:10:33] [181/455] IXIM
[09:10:34] [182/455] MBCR
[09:10:35] [183/455] BMCJ
[09:10:36] [184/455] NICJ
[09:10:37] [185/455] SCAJ
[09:10:39] [186/455] CMXS
[09:10:40] 🔄 Identity reset
[09:10:40] 🔄 Identity rotated (every 10 requests)
[09:10:40] [187/455] MMSR
[09:10:41] [188/455] PRKT
[09:10:43] [189/455] LPTH
[09:10:43] [190/455] SARP
[09:10:44] [191/455] MNPP
[09:10:45] [192/455] PRLR
[09:10:46] [193/455] RCMW
[09:10:47] [194/455] FCMG
[09:10:48] [195/455] RTNK
[09:10:49] [196/455] LRCP
[09:10:50] 🔄 Identity reset
[09:10:50] 🔄 Identity rotated (every 10 requests)
[09:10:50] [197/455] DBJR
[09:10:52] [198/455] CACN
[09:10:52] [199/455] AMRL
[09:10:54] [200/455] SBBC
[09:10:55] [201/455] VENN
[09:10:56] [202/455] STSS
[09:10:57] [203/455] SMRB
[09:10:58] [204/455] CCMX
[09:10:59] [205/455] KCMR
[09:11:00] [206/455] SALH
[09:11:00] 🔄 Identity reset
[09:11:01] 🔄 Identity rotated (every 10 requests)
[09:11:01] 🔄 Retry 1/5 for SALH in 2.2s
[09:11:01] 🔄 Identity reset
[09:11:03] 🧠 New identity created
[09:11:03] [207/455] CGTT
[09:11:04] [208/455] PMDR
[09:11:05] [209/455] VCPM
[09:11:06] [210/455] RZMX
[09:11:07] [211/455] TMSY
[09:11:08] [212/455] NTMS
[09:11:09] [213/455] VTAG
[09:11:10] [214/455] REMA
[09:11:10] [215/455] NXCC
[09:11:11] 🔄 Identity reset
[09:11:11] 🔄 Identity rotated (every 10 requests)
[09:11:11] 🔄 Retry 1/5 for NXCC in 2.9s
[09:11:11] 🔄 Identity reset
[09:11:14] 🧠 New identity created
[09:11:14] 🔄 Retry 2/5 for NXCC in 4.8s
[09:11:14] 🔄 Identity reset
[09:11:19] 🧠 New identity created
[09:11:19] 🔄 Retry 3/5 for NXCC in 8.6s
[09:11:19] 🔄 Identity reset
[09:11:28] 🧠 New identity created
[09:11:28] [216/455] SKYM
[09:11:29] [217/455] CCMO
[09:11:30] [218/455] DMXM
[09:11:31] [219/455] SPPM
[09:11:32] [220/455] PTKL
[09:11:33] [221/455] SLVO
[09:11:34] [222/455] VASL
[09:11:35] 🔄 Identity reset
[09:11:35] 🔄 Identity rotated (every 10 requests)
[09:11:35] [223/455] CBCM
[09:11:36] [224/455] STMA
[09:11:37] [225/455] LASK
[09:11:39] [226/455] VITE
[09:11:40] [227/455] AAST
[09:11:41] [228/455] JTPT
[09:11:42] [229/455] RRSH
[09:11:43] [230/455] CINL
[09:11:44] [231/455] MCSR
[09:11:45] [232/455] SBCF
[09:11:45] 🔄 Identity reset
[09:11:45] 🔄 Identity rotated (every 10 requests)
[09:11:45] 🔄 Retry 1/5 for SBCF in 2.2s
[09:11:45] 🔄 Identity reset
[09:11:48] 🧠 New identity created
[09:11:48] [233/455] GCDU
[09:11:49] [234/455] PSPR
[09:11:50] [235/455] IMMO
[09:11:50] [236/455] CLGM
[09:11:51] [237/455] PBMM
[09:11:52] [238/455] CEHR
[09:11:54] [239/455] CPOE
[09:11:55] [240/455] PGFD
[09:11:56] [241/455] PSLC
[09:11:56] 🔄 Identity reset
[09:11:56] 🔄 Identity rotated (every 10 requests)
[09:11:57] [242/455] MSMD
[09:11:58] [243/455] FMFB
[09:11:59] [244/455] RKCL
[09:11:59] [245/455] PMMC
[09:12:00] [246/455] SKMM
[09:12:02] [247/455] VOIB
[09:12:03] [248/455] KINO
[09:12:04] [249/455] VCTP
[09:12:05] [250/455] PDWR
[09:12:06] [251/455] SAED
[09:12:07] 🔄 Identity reset
[09:12:07] 🔄 Identity rotated (every 10 requests)
[09:12:07] [252/455] SRRT
[09:12:08] [253/455] CVLG
[09:12:09] [254/455] SNGN
[09:12:10] [255/455] SIDA
[09:12:11] [256/455] IMCB
[09:12:12] [257/455] SMHP
[09:12:13] [258/455] GDTY
[09:12:14] [259/455] VYCH
[09:12:15] [260/455] PDYA
[09:12:15] [261/455] RKDO
[09:12:16] 🔄 Identity reset
[09:12:16] 🔄 Identity rotated (every 10 requests)
[09:12:16] 🔄 Retry 1/5 for RKDO in 2.2s
[09:12:16] 🔄 Identity reset
[09:12:18] 🧠 New identity created
[09:12:19] [262/455] VECG
[09:12:20] [263/455] NFGD
[09:12:21] [264/455] SNDC
[09:12:21] [265/455] SDJH
[09:12:23] [266/455] HASV
[09:12:23] [267/455] PTYK
[09:12:24] [268/455] MUTB
[09:12:25] [269/455] AMRT
[09:12:26] [270/455] VACD
[09:12:26] 🔄 Identity reset
[09:12:27] 🔄 Identity rotated (every 10 requests)
[09:12:27] [271/455] SKDD
[09:12:28] [272/455] STGR
[09:12:29] [273/455] GDAK
[09:12:29] [274/455] SKHK
[09:12:30] [275/455] SLND
[09:12:31] [276/455] APAP
[09:12:32] [277/455] AYYA
[09:12:33] [278/455] VCCZ
[09:12:34] [279/455] MEML
[09:12:35] [280/455] MAOU
[09:12:36] 🔄 Identity reset
[09:12:36] 🔄 Identity rotated (every 10 requests)
[09:12:36] [281/455] ESND
[09:12:38] [282/455] PTBZ
[09:12:38] [283/455] LBCN
[09:12:39] [284/455] PAWA
[09:12:40] [285/455] ZEIC
[09:12:41] [286/455] CGMM
[09:12:42] [287/455] PJPM
[09:12:43] [288/455] ECMR
[09:12:44] [289/455] SHMZ
[09:12:45] [290/455] STCA
[09:12:46] 🔄 Identity reset
[09:12:46] 🔄 Identity rotated (every 10 requests)
[09:12:46] 🔄 Retry 1/5 for STCA in 2.9s
[09:12:46] 🔄 Identity reset
[09:12:49] 🧠 New identity created
[09:12:49] [291/455] VDRC
[09:12:50] [292/455] SEEM
[09:12:51] [293/455] MKNS
[09:12:52] [294/455] KPPP
[09:12:52] [295/455] CCML
[09:12:53] [296/455] CIBA
[09:12:54] [297/455] NACS
[09:12:55] [298/455] CTMK
[09:12:57] [299/455] CTCT
[09:12:58] 🔄 Identity reset
[09:12:58] 🔄 Identity rotated (every 10 requests)
[09:12:58] [300/455] MCSN
[09:12:59] [301/455] MAXX
[09:13:00] [302/455] MECB
[09:13:01] [303/455] NTBY
[09:13:01] [304/455] UTBI
[09:13:02] [305/455] RADK
[09:13:03] [306/455] STBY
[09:13:05] [307/455] GTBY
[09:13:06] [308/455] RRMB
[09:13:07] [309/455] ABRN
[09:13:07] 🔄 Identity reset
[09:13:07] 🔄 Identity rotated (every 10 requests)
[09:13:08] [310/455] GTSG
[09:13:08] [311/455] GBTG
[09:13:09] [312/455] SBGS
[09:13:10] [313/455] KBPM
[09:13:11] [314/455] SMHT
[09:13:12] [315/455] VTDM
[09:13:13] [316/455] ASCT
[09:13:14] [317/455] AWCT
[09:13:15] [318/455] DCCU
[09:13:16] [319/455] PSCE
[09:13:17] 🔄 Identity reset
[09:13:17] 🔄 Identity rotated (every 10 requests)
[09:13:17] [320/455] KSNY
[09:13:18] [321/455] ACID
[09:13:19] [322/455] LVCD
[09:13:20] [323/455] KSSB
[09:13:22] [324/455] SWTD
[09:13:23] [325/455] RBMR
[09:13:25] [326/455] SCBC
[09:13:25] [327/455] RKME
[09:13:26] [328/455] GALX
[09:13:27] [329/455] GCCH
[09:13:28] 🔄 Identity reset
[09:13:28] 🔄 Identity rotated (every 10 requests)
[09:13:28] [330/455] RATR
[09:13:29] [331/455] GTGA
[09:13:30] [332/455] LTTR
[09:13:31] [333/455] TTAA
[09:13:32] [334/455] TVHP
[09:13:33] [335/455] KVCS
[09:13:34] [336/455] CBMC
[09:13:35] [337/455] MAYJ
[09:13:36] [338/455] INPR
[09:13:37] [339/455] RSSC
[09:13:37] 🔄 Identity reset
[09:13:37] 🔄 Identity rotated (every 10 requests)
[09:13:38] [340/455] PCAN
[09:13:39] [341/455] PVHR
[09:13:40] [342/455] AGSM
[09:13:40] [343/455] PVES
[09:13:41] [344/455] INTO
[09:13:42] [345/455] ACON
[09:13:43] [346/455] PVPZ
[09:13:44] [347/455] PVHC
[09:13:45] [348/455] KSTK
[09:13:46] [349/455] PVSR
[09:13:46] 🔄 Identity reset
[09:13:46] 🔄 Identity rotated (every 10 requests)
[09:13:46] [350/455] ACTN
[09:13:47] [351/455] FMCN
[09:13:48] [352/455] PABC
[09:13:49] [353/455] SUTC
[09:13:50] [354/455] PGMV
[09:13:51] [355/455] GKCP
[09:13:52] [356/455] INCH
[09:13:53] [357/455] MLMT
[09:13:54] [358/455] SSCC
[09:13:54] [359/455] SLMP
[09:13:55] 🔄 Identity reset
[09:13:55] 🔄 Identity rotated (every 10 requests)
[09:13:55] [360/455] VVTN
[09:13:56] [361/455] SBTR
[09:13:57] [362/455] PGRA
[09:13:58] [363/455] PBRM
[09:13:59] [364/455] GCRP
[09:14:00] [365/455] MCSK
[09:14:02] [366/455] NLTC
[09:14:03] [367/455] MTLM
[09:14:04] [368/455] VECT
[09:14:05] [369/455] KMRM
[09:14:05] 🔄 Identity reset
[09:14:05] 🔄 Identity rotated (every 10 requests)
[09:14:05] 🔄 Retry 1/5 for KMRM in 2.3s
[09:14:05] 🔄 Identity reset
[09:14:08] 🧠 New identity created
[09:14:08] 🔄 Retry 2/5 for KMRM in 4.9s
[09:14:08] 🔄 Identity reset
[09:14:13] 🧠 New identity created
[09:14:13] [370/455] RACM
[09:14:26] 🔄 Retry 1/5 for RACM in 2.4s
[09:14:26] 🔄 Identity reset
[09:14:28] 🧠 New identity created
[09:14:34] [371/455] WSTC
[09:14:35] [372/455] PVTJ
[09:14:36] [373/455] MMKC
[09:14:37] [374/455] SVWT
[09:14:38] [375/455] JOTG
[09:14:39] [376/455] VCDK
[09:14:40] 🔄 Identity reset
[09:14:40] 🔄 Identity rotated (every 10 requests)
[09:14:40] 🔄 Retry 1/5 for VCDK in 2.8s
[09:14:40] 🔄 Identity reset
[09:14:43] 🧠 New identity created
[09:14:43] [377/455] ANAC
[09:14:44] [378/455] GRTC
[09:14:45] [379/455] JTPL
[09:14:46] [380/455] VRCP
[09:14:47] [381/455] REMC
[09:14:48] [382/455] ATMG
[09:14:49] [383/455] GAHC
[09:14:51] [384/455] JTMV
[09:14:52] [385/455] OMTT
[09:14:52] 🔄 Identity reset
[09:14:52] 🔄 Identity rotated (every 10 requests)
[09:14:53] [386/455] GKKC
[09:14:54] [387/455] BBPO
[09:14:55] [388/455] ZCBB
[09:14:56] [389/455] DCGO
[09:14:57] [390/455] STOP
[09:14:57] [391/455] BSPC
[09:14:58] [392/455] SOND
[09:14:59] [393/455] GCKG
[09:15:00] [394/455] PCDB
[09:15:01] [395/455] PGRC
[09:15:02] 🔄 Identity reset
[09:15:02] 🔄 Identity rotated (every 10 requests)
[09:15:02] [396/455] CSCT
[09:15:03] [397/455] STDA
[09:15:04] [398/455] JAYD
[09:15:05] [399/455] PPPD
[09:15:06] [400/455] KRTT
[09:15:07] [401/455] PTDT
[09:15:08] [402/455] TRSV
[09:15:09] [403/455] VELR
[09:15:10] [404/455] STDT
[09:15:11] [405/455] SATT
[09:15:11] 🔄 Identity reset
[09:15:11] 🔄 Identity rotated (every 10 requests)
[09:15:11] 🔄 Retry 1/5 for SATT in 2.4s
[09:15:11] 🔄 Identity reset
[09:15:13] 🧠 New identity created
[09:15:14] [406/455] KCPM
[09:15:16] [407/455] MFCP
[09:15:16] [408/455] AXMP
[09:15:17] [409/455] LTVB
[09:15:18] [410/455] APST
[09:15:19] [411/455] DTVP
[09:15:20] [412/455] AAVB
[09:15:21] [413/455] PMBL
[09:15:22] [414/455] STKC
[09:15:22] 🔄 Identity reset
[09:15:23] 🔄 Identity rotated (every 10 requests)
[09:15:23] [415/455] KKMA
[09:15:24] [416/455] NMXS
[09:15:25] [417/455] DECX
[09:15:26] [418/455] MAPJ
[09:15:27] [419/455] SMLK
[09:15:28] [420/455] PMPU
[09:15:29] [421/455] AFST
[09:15:30] [422/455] SRSY
[09:15:30] [423/455] RMKT
[09:15:31] [424/455] RAJX
[09:15:32] 🔄 Identity reset
[09:15:32] 🔄 Identity rotated (every 10 requests)
[09:15:32] 🔄 Retry 1/5 for RAJX in 2.2s
[09:15:32] 🔄 Identity reset
[09:15:34] 🧠 New identity created
[09:15:34] 🔄 Retry 2/5 for RAJX in 4.6s
[09:15:34] 🔄 Identity reset
[09:15:39] 🧠 New identity created
[09:15:39] [425/455] UVCD
[09:15:40] [426/455] LISA
[09:15:41] [427/455] LMSR
[09:15:42] [428/455] PMCA
[09:15:43] [429/455] INPO
[09:15:44] [430/455] INGO
[09:15:45] [431/455] HFSQ
[09:15:46] [432/455] INMG
[09:15:46] 🔄 Identity reset
[09:15:46] 🔄 Identity rotated (every 10 requests)
[09:15:47] 🔄 Retry 1/5 for INMG in 2.6s
[09:15:47] 🔄 Identity reset
[09:15:49] 🧠 New identity created
[09:15:49] 🔄 Retry 2/5 for INMG in 4.0s
[09:15:49] 🔄 Identity reset
[09:15:53] 🧠 New identity created
[09:15:53] 🔄 Retry 3/5 for INMG in 8.9s
[09:15:53] 🔄 Identity reset
[09:16:02] 🧠 New identity created
[09:16:02] 🔄 Retry 4/5 for INMG in 16.7s
[09:16:02] 🔄 Identity reset
[09:16:19] 🧠 New identity created
[09:16:19] ❌ INMG failed after 5 attempts
[09:16:19] 🔄 Identity reset
[09:16:19] ❌ INMG final failure | RuntimeError | HTTP 403
[09:16:19] [433/455] NYCP
[09:16:20] 🧠 New identity created
[09:16:20] [434/455] HFSV
[09:16:22] [435/455] MMZP
[09:16:23] [436/455] KSES
[09:16:24] [437/455] HFSA
[09:16:25] [438/455] ACMM
[09:16:25] 🔄 Identity reset
[09:16:25] 🔄 Identity rotated (every 10 requests)
[09:16:26] [439/455] RCKD
[09:16:26] [440/455] BCKR
[09:16:27] [441/455] SFCO
[09:16:29] [442/455] JCCB
[09:16:30] [443/455] BCCR
[09:16:31] [444/455] NWCB
[09:16:32] [445/455] SAMT
[09:16:32] [446/455] TMST
[09:16:34] [447/455] SJCN
[09:16:35] [448/455] MCBS
[09:16:35] 🔄 Identity reset
[09:16:35] 🔄 Identity rotated (every 10 requests)
[09:16:36] [449/455] CMKR
[09:16:36] [450/455] INPM
[09:16:37] [451/455] WVMT
[09:16:38] [452/455] NYSM
[09:16:39] [453/455] RCMA
[09:16:40] [454/455] RECM
[09:16:42] [455/455] CYCM
[09:16:43] 🔁 RETRY ROUND 1 | Remaining: 1
[09:16:43] [RETRY-1] INMG
[09:16:46] ✅ DONE | Shows=1395 | Movies=75
[10:06:56] 🚀 BMS DAILY TRACKER STARTED (enhanced anti‑detection)
[10:06:56] [1/455] MXGN
[10:06:57] 🧠 New identity created
[10:06:57] 🔄 Retry 1/5 for MXGN in 3.0s
[10:06:57] 🔄 Identity reset
[10:07:00] 🧠 New identity created
[10:07:00] 🔄 Retry 2/5 for MXGN in 4.3s
[10:07:00] 🔄 Identity reset
[10:07:04] 🧠 New identity created
[10:07:04] 🔄 Retry 3/5 for MXGN in 8.6s
[10:07:04] 🔄 Identity reset
[10:07:13] 🧠 New identity created
[10:07:14] [2/455] PGGM
[10:07:15] [3/455] IPMJ
[10:07:16] [4/455] M2PP
[10:07:16] [5/455] PMMS
[10:07:17] [6/455] SCJN
[10:07:18] [7/455] CPUM
[10:07:19] 🔄 Identity reset
[10:07:19] 🔄 Identity rotated (every 10 requests)
[10:07:19] 🔄 Retry 1/5 for CPUM in 2.7s
[10:07:19] 🔄 Identity reset
[10:07:21] 🧠 New identity created
[10:07:21] 🔄 Retry 2/5 for CPUM in 4.8s
[10:07:21] 🔄 Identity reset
[10:07:26] 🧠 New identity created
[10:07:26] 🔄 Retry 3/5 for CPUM in 8.3s
[10:07:26] 🔄 Identity reset
[10:07:35] 🧠 New identity created
[10:07:35] 🔄 Retry 4/5 for CPUM in 16.8s
[10:07:35] 🔄 Identity reset
[10:07:52] 🧠 New identity created
[10:07:52] ❌ CPUM failed after 5 attempts
[10:07:52] 🔄 Identity reset
[10:07:52] ❌ CPUM final failure | RuntimeError | HTTP 403
[10:07:52] [8/455] SCND
[10:07:53] 🧠 New identity created
[10:07:53] [9/455] INWM
[10:07:54] [10/455] DVDC
[10:07:55] [11/455] WVND
[10:07:55] [12/455] LBDL
[10:07:56] [13/455] CRGM
[10:07:57] 🔄 Identity reset
[10:07:57] 🔄 Identity rotated (every 10 requests)
[10:07:57] [14/455] PVKS
[10:07:58] [15/455] PBLL
[10:07:59] [16/455] FNLN
[10:07:59] [17/455] PPDA
[10:08:01] [18/455] SCPT
[10:08:02] [19/455] IAJS
[10:08:03] [20/455] MMZG
[10:08:04] [21/455] MCTI
[10:08:05] [22/455] PPMF
[10:08:06] [23/455] FNSD
[10:08:07] 🔄 Identity reset
[10:08:07] 🔄 Identity rotated (every 10 requests)
[10:08:07] 🔄 Retry 1/5 for FNSD in 2.4s
[10:08:07] 🔄 Identity reset
[10:08:09] 🧠 New identity created
[10:08:09] 🔄 Retry 2/5 for FNSD in 5.0s
[10:08:09] 🔄 Identity reset
[10:08:14] 🧠 New identity created
[10:08:14] 🔄 Retry 3/5 for FNSD in 8.4s
[10:08:14] 🔄 Identity reset
[10:08:23] 🧠 New identity created
[10:08:23] 🔄 Retry 4/5 for FNSD in 16.6s
[10:08:23] 🔄 Identity reset
[10:08:39] 🧠 New identity created
[10:08:39] ❌ FNSD failed after 5 attempts
[10:08:39] 🔄 Identity reset
[10:08:39] ❌ FNSD final failure | RuntimeError | HTTP 403
[10:08:39] [24/455] M2RH
[10:08:40] 🧠 New identity created
[10:08:40] 🔄 Retry 1/5 for M2RH in 2.6s
[10:08:40] 🔄 Identity reset
[10:08:43] 🧠 New identity created
[10:08:43] 🔄 Retry 2/5 for M2RH in 4.8s
[10:08:43] 🔄 Identity reset
[10:08:48] 🧠 New identity created
[10:08:48] 🔄 Retry 3/5 for M2RH in 8.6s
[10:08:48] 🔄 Identity reset
[10:08:56] 🧠 New identity created
[10:08:57] 🔄 Retry 4/5 for M2RH in 16.1s
[10:08:57] 🔄 Identity reset
[10:09:13] 🧠 New identity created
[10:09:13] ❌ M2RH failed after 5 attempts
[10:09:13] 🔄 Identity reset
[10:09:13] ❌ M2RH final failure | RuntimeError | HTTP 403
[10:09:13] [25/455] CPGV
[10:09:14] 🧠 New identity created
[10:09:14] 🔄 Identity reset
[10:09:14] 🔄 Identity rotated (every 10 requests)
[10:09:14] 🔄 Retry 1/5 for CPGV in 2.7s
[10:09:14] 🔄 Identity reset
[10:09:16] 🧠 New identity created
[10:09:16] 🔄 Retry 2/5 for CPGV in 4.9s
[10:09:16] 🔄 Identity reset
[10:09:21] 🧠 New identity created
[10:09:21] 🔄 Retry 3/5 for CPGV in 8.0s
[10:09:21] 🔄 Identity reset
[10:09:29] 🧠 New identity created
[10:09:30] 🔄 Retry 4/5 for CPGV in 16.9s
[10:09:30] 🔄 Identity reset
[10:09:46] 🧠 New identity created
[10:09:47] ❌ CPGV failed after 5 attempts
[10:09:47] 🔄 Identity reset
[10:09:47] ❌ CPGV final failure | RuntimeError | HTTP 403
[10:09:47] [26/455] PECD
[10:09:48] 🧠 New identity created
[10:09:48] 🔄 Retry 1/5 for PECD in 2.8s
[10:09:48] 🔄 Identity reset
[10:09:51] 🧠 New identity created
[10:09:51] 🔄 Retry 2/5 for PECD in 4.6s
[10:09:51] 🔄 Identity reset
[10:09:55] 🧠 New identity created
[10:09:55] 🔄 Retry 3/5 for PECD in 8.4s
[10:09:55] 🔄 Identity reset
[10:10:04] 🧠 New identity created
[10:10:04] 🔄 Retry 4/5 for PECD in 16.3s
[10:10:04] 🔄 Identity reset
[10:10:20] 🧠 New identity created
[10:10:20] [27/455] CTEE
[10:10:21] 🔄 Identity reset
[10:10:21] 🔄 Identity rotated (every 10 requests)
[10:10:21] 🔄 Retry 1/5 for CTEE in 2.9s
[10:10:21] 🔄 Identity reset
[10:10:24] 🧠 New identity created
[10:10:24] 🔄 Retry 2/5 for CTEE in 4.1s
[10:10:24] 🔄 Identity reset
[10:10:28] 🧠 New identity created
[10:10:28] 🔄 Retry 3/5 for CTEE in 8.7s
[10:10:28] 🔄 Identity reset
[10:10:37] 🧠 New identity created
[10:10:37] 🔄 Retry 4/5 for CTEE in 16.1s
[10:10:37] 🔄 Identity reset
[10:10:53] 🧠 New identity created
[10:10:54] [28/455] IOMG
[10:10:55] [29/455] CIJA
[10:10:56] [30/455] NYCG
[10:10:57] [31/455] CEST
[10:10:58] [32/455] WVRG
[10:10:59] [33/455] DPDC
[10:10:59] 🔄 Identity reset
[10:10:59] 🔄 Identity rotated (every 10 requests)
[10:11:00] [34/455] PDIV
[10:11:00] [35/455] MTPP
[10:11:01] [36/455] MHNU
[10:11:02] [37/455] WUPG
[10:11:04] [38/455] USCO
[10:11:05] [39/455] INFR
[10:11:07] [40/455] PVPD
[10:11:08] [41/455] RONC
[10:11:08] [42/455] IOCP
[10:11:09] [43/455] EMPS
[10:11:10] 🔄 Identity reset
[10:11:10] 🔄 Identity rotated (every 10 requests)
[10:11:10] 🔄 Retry 1/5 for EMPS in 2.5s
[10:11:10] 🔄 Identity reset
[10:11:12] 🧠 New identity created
[10:11:13] [44/455] PNAD
[10:11:13] [45/455] VVGZ
[10:11:14] [46/455] MDDC
[10:11:16] [47/455] MMAP
[10:11:17] [48/455] GPDC
[10:11:17] [49/455] PVPU
[10:11:18] [50/455] DCMV
[10:11:19] [51/455] PCCF
[10:11:20] [52/455] MCEF
[10:11:21] 🔄 Identity reset
[10:11:21] 🔄 Identity rotated (every 10 requests)
[10:11:21] [53/455] INRD
[10:11:22] [54/455] CCPZ
[10:11:23] [55/455] BCWG
[10:11:23] [56/455] PMGU
[10:11:24] [57/455] MCVM
[10:11:25] [58/455] MCDE
[10:11:26] [59/455] IEFM
[10:11:27] [60/455] MXCS
[10:11:28] [61/455] RNMT
[10:11:29] [62/455] PSDD
[10:11:29] 🔄 Identity reset
[10:11:29] 🔄 Identity rotated (every 10 requests)
[10:11:30] 🔄 Retry 1/5 for PSDD in 2.7s
[10:11:30] 🔄 Identity reset
[10:11:32] 🧠 New identity created
[10:11:33] [63/455] PETA
[10:11:34] [64/455] IZOP
[10:11:35] [65/455] PDEI
[10:11:36] [66/455] MTND
[10:11:36] [67/455] PCPL
[10:11:37] [68/455] LSCM
[10:11:38] [69/455] BTFD
[10:11:39] [70/455] MERM
[10:11:40] [71/455] PVMS
[10:11:40] 🔄 Identity reset
[10:11:40] 🔄 Identity rotated (every 10 requests)
[10:11:41] [72/455] CIGK
[10:11:41] [73/455] INSG
[10:11:42] [74/455] IDEN
[10:11:43] [75/455] MCGN
[10:11:44] [76/455] IGAM
[10:11:45] [77/455] SLCU
[10:11:45] [78/455] MIMU
[10:11:46] [79/455] QLAC
[10:11:47] [80/455] MENL
[10:11:48] [81/455] SCUR
[10:11:49] 🔄 Identity reset
[10:11:49] 🔄 Identity rotated (every 10 requests)
[10:11:49] 🔄 Retry 1/5 for SCUR in 2.0s
[10:11:49] 🔄 Identity reset
[10:11:51] 🧠 New identity created
[10:11:51] 🔄 Retry 2/5 for SCUR in 5.0s
[10:11:51] 🔄 Identity reset
[10:11:56] 🧠 New identity created
[10:11:56] [82/455] MDGD
[10:11:57] [83/455] LSRS
[10:11:58] [84/455] KMLG
[10:11:59] [85/455] MKLJ
[10:12:00] [86/455] IBYG
[10:12:01] [87/455] ISML
[10:12:02] [88/455] MJMM
[10:12:02] [89/455] RCGD
[10:12:03] 🔄 Identity reset
[10:12:03] 🔄 Identity rotated (every 10 requests)
[10:12:03] [90/455] MMOC
[10:12:04] [91/455] RRCO
[10:12:05] [92/455] MEDM
[10:12:06] [93/455] MCAZ
[10:12:07] [94/455] STWA
[10:12:08] [95/455] PFFG
[10:12:09] [96/455] GAGC
[10:12:09] [97/455] PMPM
[10:12:10] [98/455] HVCD
[10:12:11] [99/455] AKRF
[10:12:12] 🔄 Identity reset
[10:12:12] 🔄 Identity rotated (every 10 requests)
[10:12:12] 🔄 Retry 1/5 for AKRF in 2.1s
[10:12:12] 🔄 Identity reset
[10:12:14] 🧠 New identity created
[10:12:14] 🔄 Retry 2/5 for AKRF in 4.3s
[10:12:14] 🔄 Identity reset
[10:12:18] 🧠 New identity created
[10:12:19] [100/455] AKRC
[10:12:19] [101/455] MIDA
[10:12:20] [102/455] MAGX
[10:12:21] [103/455] ESOS
[10:12:22] [104/455] BBCL
[10:12:23] [105/455] LYAS
[10:12:24] [106/455] NRMS
[10:12:25] [107/455] BHUC
[10:12:26] 🔄 Identity reset
[10:12:26] 🔄 Identity rotated (every 10 requests)
[10:12:26] 🔄 Retry 1/5 for BHUC in 2.7s
[10:12:26] 🔄 Identity reset
[10:12:29] 🧠 New identity created
[10:12:29] 🔄 Retry 2/5 for BHUC in 4.7s
[10:12:29] 🔄 Identity reset
[10:12:34] 🧠 New identity created
[10:12:34] [108/455] SRIC
[10:12:35] [109/455] PDME
[10:12:35] [110/455] MJCS
[10:12:36] [111/455] NRAA
[10:12:38] [112/455] VATA
[10:12:39] [113/455] MNKC
[10:12:40] [114/455] DHCL
[10:12:41] [115/455] JCPC
[10:12:42] 🔄 Identity reset
[10:12:42] 🔄 Identity rotated (every 10 requests)
[10:12:42] 🔄 Retry 1/5 for JCPC in 2.7s
[10:12:42] 🔄 Identity reset
[10:12:45] 🧠 New identity created
[10:12:45] 🔄 Retry 2/5 for JCPC in 4.3s
[10:12:45] 🔄 Identity reset
[10:12:49] 🧠 New identity created
[10:12:49] 🔄 Retry 3/5 for JCPC in 8.9s
[10:12:49] 🔄 Identity reset
[10:12:58] 🧠 New identity created
[10:12:58] [116/455] CTML
[10:13:00] [117/455] RMMR
[10:13:01] [118/455] STTL
[10:13:01] [119/455] CNPS
[10:13:03] [120/455] ACKL
[10:13:04] [121/455] SCAU
[10:13:05] [122/455] RMIA
[10:13:05] 🔄 Identity reset
[10:13:05] 🔄 Identity rotated (every 10 requests)
[10:13:06] [123/455] MANU
[10:13:07] [124/455] ARDC
[10:13:08] [125/455] GLDA
[10:13:08] [126/455] KVSW
[10:13:09] [127/455] CGCA
[10:13:10] [128/455] CMLO
[10:13:11] [129/455] CECB
[10:13:12] [130/455] RCPN
[10:13:13] [131/455] ASMW
[10:13:14] [132/455] PWLM
[10:13:14] 🔄 Identity reset
[10:13:14] 🔄 Identity rotated (every 10 requests)
[10:13:15] 🔄 Retry 1/5 for PWLM in 2.5s
[10:13:15] 🔄 Identity reset
[10:13:17] 🧠 New identity created
[10:13:17] [133/455] ASGM
[10:13:19] [134/455] ACWH
[10:13:20] [135/455] AAPW
[10:13:20] [136/455] RTWA
[10:13:21] [137/455] RAMW
[10:13:22] [138/455] VKTR
[10:13:23] [139/455] SMBH
[10:13:25] [140/455] BVDR
[10:13:26] [141/455] MRTP
[10:13:26] 🔄 Identity reset
[10:13:26] 🔄 Identity rotated (every 10 requests)
[10:13:26] 🔄 Retry 1/5 for MRTP in 2.9s
[10:13:26] 🔄 Identity reset
[10:13:29] 🧠 New identity created
[10:13:30] [142/455] BLBR
[10:13:31] [143/455] LPIN
[10:13:31] [144/455] SNPC
[10:13:32] [145/455] PDCB
[10:13:33] [146/455] DYPK
[10:13:35] [147/455] INMK
[10:13:35] [148/455] PDCK
[10:13:36] [149/455] PCKR
[10:13:37] [150/455] SHUA
[10:13:38] 🔄 Identity reset
[10:13:38] 🔄 Identity rotated (every 10 requests)
[10:13:38] 🔄 Retry 1/5 for SHUA in 2.4s
[10:13:38] 🔄 Identity reset
[10:13:40] 🧠 New identity created
[10:13:41] 🔄 Retry 2/5 for SHUA in 4.3s
[10:13:41] 🔄 Identity reset
[10:13:45] 🧠 New identity created
[10:13:45] 🔄 Retry 3/5 for SHUA in 8.2s
[10:13:45] 🔄 Identity reset
[10:13:53] 🧠 New identity created
[10:13:53] 🔄 Retry 4/5 for SHUA in 16.1s
[10:13:53] 🔄 Identity reset
[10:14:09] 🧠 New identity created
[10:14:09] ❌ SHUA failed after 5 attempts
[10:14:09] 🔄 Identity reset
[10:14:09] ❌ SHUA final failure | RuntimeError | HTTP 403
[10:14:09] [151/455] SCVK
[10:14:10] 🧠 New identity created
[10:14:11] [152/455] STPA
[10:14:11] [153/455] WVHD
[10:14:12] [154/455] MRCH
[10:14:13] [155/455] MCNP
[10:14:15] [156/455] RCAG
[10:14:15] 🔄 Identity reset
[10:14:15] 🔄 Identity rotated (every 10 requests)
[10:14:15] 🔄 Retry 1/5 for RCAG in 2.9s
[10:14:15] 🔄 Identity reset
[10:14:18] 🧠 New identity created
[10:14:19] [157/455] JTSN
[10:14:20] [158/455] AANS
[10:14:20] [159/455] GDDR
[10:14:21] [160/455] SRER
[10:14:22] [161/455] JKMA
[10:14:23] [162/455] ARAN
[10:14:24] [163/455] ALCT
[10:14:25] [164/455] CCTA
[10:14:26] [165/455] CNCT
[10:14:26] 🔄 Identity reset
[10:14:26] 🔄 Identity rotated (every 10 requests)
[10:14:26] 🔄 Retry 1/5 for CNCT in 2.9s
[10:14:26] 🔄 Identity reset
[10:14:29] 🧠 New identity created
[10:14:29] 🔄 Retry 2/5 for CNCT in 4.6s
[10:14:29] 🔄 Identity reset
[10:14:34] 🧠 New identity created
[10:14:34] 🔄 Retry 3/5 for CNCT in 8.5s
[10:14:34] 🔄 Identity reset
[10:14:43] 🧠 New identity created
[10:14:43] 🔄 Retry 4/5 for CNCT in 16.0s
[10:14:43] 🔄 Identity reset
[10:14:59] 🧠 New identity created
[10:14:59] ❌ CNCT failed after 5 attempts
[10:14:59] 🔄 Identity reset
[10:14:59] ❌ CNCT final failure | RuntimeError | HTTP 403
[10:14:59] [166/455] NZBL
[10:15:00] 🧠 New identity created
[10:15:00] 🔄 Retry 1/5 for NZBL in 3.0s
[10:15:00] 🔄 Identity reset
[10:15:03] 🧠 New identity created
[10:15:03] [167/455] SRRA
[10:15:04] [168/455] SVPW
[10:15:05] [169/455] SRTW
[10:15:06] [170/455] XMTD
[10:15:06] 🔄 Identity reset
[10:15:06] 🔄 Identity rotated (every 10 requests)
[10:15:06] 🔄 Retry 1/5 for XMTD in 2.5s
[10:15:06] 🔄 Identity reset
[10:15:09] 🧠 New identity created
[10:15:09] 🔄 Retry 2/5 for XMTD in 4.2s
[10:15:09] 🔄 Identity reset
[10:15:13] 🧠 New identity created
[10:15:13] [171/455] SCCZ
[10:15:14] [172/455] PBCR
[10:15:16] [173/455] RTSC
[10:15:17] [174/455] TLSV
[10:15:18] [175/455] RMTK
[10:15:19] [176/455] SRAT
[10:15:20] [177/455] GCYC
[10:15:21] [178/455] HCAJ
[10:15:21] 🔄 Identity reset
[10:15:21] 🔄 Identity rotated (every 10 requests)
[10:15:22] [179/455] LCXA
[10:15:23] [180/455] BINT
[10:15:24] [181/455] IXIM
[10:15:26] [182/455] MBCR
[10:15:27] [183/455] BMCJ
[10:15:28] [184/455] NICJ
[10:15:28] [185/455] SCAJ
[10:15:29] [186/455] CMXS
[10:15:31] [187/455] MMSR
[10:15:33] [188/455] PRKT
[10:15:33] 🔄 Identity reset
[10:15:33] 🔄 Identity rotated (every 10 requests)
[10:15:33] 🔄 Retry 1/5 for PRKT in 2.8s
[10:15:33] 🔄 Identity reset
[10:15:36] 🧠 New identity created
[10:15:36] 🔄 Retry 2/5 for PRKT in 4.0s
[10:15:36] 🔄 Identity reset
[10:15:40] 🧠 New identity created
[10:15:41] [189/455] LPTH
[10:15:42] [190/455] SARP
[10:15:43] [191/455] MNPP
[10:15:44] [192/455] PRLR
[10:15:45] [193/455] RCMW
[10:15:47] [194/455] FCMG
[10:15:48] [195/455] RTNK
[10:15:48] [196/455] LRCP
[10:15:49] 🔄 Identity reset
[10:15:49] 🔄 Identity rotated (every 10 requests)
[10:15:49] [197/455] DBJR
[10:15:50] [198/455] CACN
[10:15:52] [199/455] AMRL
[10:15:52] [200/455] SBBC
[10:15:53] [201/455] VENN
[10:15:54] [202/455] STSS
[10:15:55] [203/455] SMRB
[10:15:55] [204/455] CCMX
[10:15:56] [205/455] KCMR
[10:15:57] [206/455] SALH
[10:15:57] 🔄 Identity reset
[10:15:57] 🔄 Identity rotated (every 10 requests)
[10:15:58] [207/455] CGTT
[10:15:59] [208/455] PMDR
[10:16:00] [209/455] VCPM
[10:16:00] [210/455] RZMX
[10:16:01] [211/455] TMSY
[10:16:02] [212/455] NTMS
[10:16:03] [213/455] VTAG
[10:16:04] [214/455] REMA
[10:16:05] [215/455] NXCC
[10:16:05] [216/455] SKYM
[10:16:06] 🔄 Identity reset
[10:16:06] 🔄 Identity rotated (every 10 requests)
[10:16:06] 🔄 Retry 1/5 for SKYM in 2.5s
[10:16:06] 🔄 Identity reset
[10:16:09] 🧠 New identity created
[10:16:09] [217/455] CCMO
[10:16:10] [218/455] DMXM
[10:16:11] [219/455] SPPM
[10:16:12] [220/455] PTKL
[10:16:13] [221/455] SLVO
[10:16:14] [222/455] VASL
[10:16:15] [223/455] CBCM
[10:16:15] [224/455] STMA
[10:16:16] [225/455] LASK
[10:16:17] 🔄 Identity reset
[10:16:17] 🔄 Identity rotated (every 10 requests)
[10:16:17] [226/455] VITE
[10:16:19] [227/455] AAST
[10:16:19] [228/455] JTPT
[10:16:20] [229/455] RRSH
[10:16:21] [230/455] CINL
[10:16:22] [231/455] MCSR
[10:16:23] [232/455] SBCF
[10:16:23] [233/455] GCDU
[10:16:24] [234/455] PSPR
[10:16:26] [235/455] IMMO
[10:16:27] 🔄 Identity reset
[10:16:27] 🔄 Identity rotated (every 10 requests)
[10:16:27] 🔄 Retry 1/5 for IMMO in 3.0s
[10:16:27] 🔄 Identity reset
[10:16:30] 🧠 New identity created
[10:16:30] [236/455] CLGM
[10:16:31] [237/455] PBMM
[10:16:32] [238/455] CEHR
[10:16:33] [239/455] CPOE
[10:16:34] [240/455] PGFD
[10:16:34] [241/455] PSLC
[10:16:35] [242/455] MSMD
[10:16:37] [243/455] FMFB
[10:16:38] [244/455] RKCL
[10:16:38] 🔄 Identity reset
[10:16:38] 🔄 Identity rotated (every 10 requests)
[10:16:38] 🔄 Retry 1/5 for RKCL in 2.4s
[10:16:38] 🔄 Identity reset
[10:16:41] 🧠 New identity created
[10:16:41] 🔄 Retry 2/5 for RKCL in 4.6s
[10:16:41] 🔄 Identity reset
[10:16:45] 🧠 New identity created
[10:16:46] [245/455] PMMC
[10:16:47] [246/455] SKMM
[10:16:48] [247/455] VOIB
[10:16:49] [248/455] KINO
[10:16:50] [249/455] VCTP
[10:16:51] [250/455] PDWR
[10:16:52] [251/455] SAED
[10:16:53] [252/455] SRRT
[10:16:53] 🔄 Identity reset
[10:16:53] 🔄 Identity rotated (every 10 requests)
[10:16:54] [253/455] CVLG
[10:16:55] [254/455] SNGN
[10:16:56] [255/455] SIDA
[10:16:56] [256/455] IMCB
[10:16:57] [257/455] SMHP
[10:16:58] [258/455] GDTY
[10:16:59] [259/455] VYCH
[10:17:00] [260/455] PDYA
[10:17:00] [261/455] RKDO
[10:17:01] [262/455] VECG
[10:17:02] 🔄 Identity reset
[10:17:02] 🔄 Identity rotated (every 10 requests)
[10:17:02] 🔄 Retry 1/5 for VECG in 2.1s
[10:17:02] 🔄 Identity reset
[10:17:04] 🧠 New identity created
[10:17:04] 🔄 Retry 2/5 for VECG in 4.7s
[10:17:04] 🔄 Identity reset
[10:17:09] 🧠 New identity created
[10:17:09] [263/455] NFGD
[10:17:10] [264/455] SNDC
[10:17:11] [265/455] SDJH
[10:17:12] [266/455] HASV
[10:17:13] [267/455] PTYK
[10:17:14] [268/455] MUTB
[10:17:14] [269/455] AMRT
[10:17:15] [270/455] VACD
[10:17:16] 🔄 Identity reset
[10:17:16] 🔄 Identity rotated (every 10 requests)
[10:17:16] [271/455] SKDD
[10:17:17] [272/455] STGR
[10:17:18] [273/455] GDAK
[10:17:19] [274/455] SKHK
[10:17:20] [275/455] SLND
[10:17:21] [276/455] APAP
[10:17:21] [277/455] AYYA
[10:17:22] [278/455] VCCZ
[10:17:23] [279/455] MEML
[10:17:24] [280/455] MAOU
[10:17:25] 🔄 Identity reset
[10:17:25] 🔄 Identity rotated (every 10 requests)
[10:17:25] [281/455] ESND
[10:17:26] [282/455] PTBZ
[10:17:27] [283/455] LBCN
[10:17:27] [284/455] PAWA
[10:17:28] [285/455] ZEIC
[10:17:30] [286/455] CGMM
[10:17:31] [287/455] PJPM
[10:17:31] [288/455] ECMR
[10:17:32] [289/455] SHMZ
[10:17:33] [290/455] STCA
[10:17:34] 🔄 Identity reset
[10:17:34] 🔄 Identity rotated (every 10 requests)
[10:17:34] 🔄 Retry 1/5 for STCA in 2.8s
[10:17:34] 🔄 Identity reset
[10:17:37] 🧠 New identity created
[10:17:37] [291/455] VDRC
[10:17:38] [292/455] SEEM
[10:17:39] [293/455] MKNS
[10:17:40] [294/455] KPPP
[10:17:42] [295/455] CCML
[10:17:43] [296/455] CIBA
[10:17:44] [297/455] NACS
[10:17:45] [298/455] CTMK
[10:17:47] [299/455] CTCT
[10:17:48] 🔄 Identity reset
[10:17:48] 🔄 Identity rotated (every 10 requests)
[10:17:48] 🔄 Retry 1/5 for CTCT in 3.0s
[10:17:48] 🔄 Identity reset
[10:17:51] 🧠 New identity created
[10:17:51] [300/455] MCSN
[10:17:52] [301/455] MAXX
[10:17:53] [302/455] MECB
[10:17:54] [303/455] NTBY
[10:17:55] [304/455] UTBI
[10:17:56] [305/455] RADK
[10:17:57] [306/455] STBY
[10:17:58] [307/455] GTBY
[10:17:59] [308/455] RRMB
[10:17:59] 🔄 Identity reset
[10:17:59] 🔄 Identity rotated (every 10 requests)
[10:18:00] [309/455] ABRN
[10:18:01] [310/455] GTSG
[10:18:02] [311/455] GBTG
[10:18:03] [312/455] SBGS
[10:18:03] [313/455] KBPM
[10:18:04] [314/455] SMHT
[10:18:05] [315/455] VTDM
[10:18:07] [316/455] ASCT
[10:18:08] [317/455] AWCT
[10:18:09] [318/455] DCCU
[10:18:09] 🔄 Identity reset
[10:18:09] 🔄 Identity rotated (every 10 requests)
[10:18:09] [319/455] PSCE
[10:18:10] [320/455] KSNY
[10:18:11] [321/455] ACID
[10:18:12] [322/455] LVCD
[10:18:13] [323/455] KSSB
[10:18:14] [324/455] SWTD
[10:18:15] [325/455] RBMR
[10:18:16] [326/455] SCBC
[10:18:17] [327/455] RKME
[10:18:17] [328/455] GALX
[10:18:18] 🔄 Identity reset
[10:18:18] 🔄 Identity rotated (every 10 requests)
[10:18:18] [329/455] GCCH
[10:18:19] [330/455] RATR
[10:18:21] [331/455] GTGA
[10:18:22] [332/455] LTTR
[10:18:23] [333/455] TTAA
[10:18:24] [334/455] TVHP
[10:18:25] [335/455] KVCS
[10:18:25] [336/455] CBMC
[10:18:26] [337/455] MAYJ
[10:18:27] [338/455] INPR
[10:18:28] 🔄 Identity reset
[10:18:28] 🔄 Identity rotated (every 10 requests)
[10:18:28] 🔄 Retry 1/5 for INPR in 2.6s
[10:18:28] 🔄 Identity reset
[10:18:31] 🧠 New identity created
[10:18:31] 🔄 Retry 2/5 for INPR in 4.9s
[10:18:31] 🔄 Identity reset
[10:18:36] 🧠 New identity created
[10:18:36] [339/455] RSSC
[10:18:37] [340/455] PCAN
[10:18:38] [341/455] PVHR
[10:18:38] [342/455] AGSM
[10:18:39] [343/455] PVES
[10:18:41] [344/455] INTO
[10:18:42] [345/455] ACON
[10:18:43] [346/455] PVPZ
[10:18:43] 🔄 Identity reset
[10:18:43] 🔄 Identity rotated (every 10 requests)
[10:18:43] 🔄 Retry 1/5 for PVPZ in 2.3s
[10:18:43] 🔄 Identity reset
[10:18:46] 🧠 New identity created
[10:18:46] [347/455] PVHC
[10:18:47] [348/455] KSTK
[10:18:48] [349/455] PVSR
[10:18:49] [350/455] ACTN
[10:18:50] [351/455] FMCN
[10:18:51] [352/455] PABC
[10:18:53] [353/455] SUTC
[10:18:53] [354/455] PGMV
[10:18:54] [355/455] GKCP
[10:18:55] 🔄 Identity reset
[10:18:55] 🔄 Identity rotated (every 10 requests)
[10:18:55] [356/455] INCH
[10:18:56] [357/455] MLMT
[10:18:57] [358/455] SSCC
[10:18:58] [359/455] SLMP
[10:18:59] [360/455] VVTN
[10:19:00] [361/455] SBTR
[10:19:01] [362/455] PGRA
[10:19:02] [363/455] PBRM
[10:19:03] [364/455] GCRP
[10:19:04] [365/455] MCSK
[10:19:05] 🔄 Identity reset
[10:19:05] 🔄 Identity rotated (every 10 requests)
[10:19:05] 🔄 Retry 1/5 for MCSK in 2.7s
[10:19:05] 🔄 Identity reset
[10:19:07] 🧠 New identity created
[10:19:08] [366/455] NLTC
[10:19:08] [367/455] MTLM
[10:19:09] [368/455] VECT
[10:19:10] [369/455] KMRM
[10:19:11] [370/455] RACM
[10:19:12] [371/455] WSTC
[10:19:13] [372/455] PVTJ
[10:19:14] [373/455] MMKC
[10:19:14] [374/455] SVWT
[10:19:15] 🔄 Identity reset
[10:19:15] 🔄 Identity rotated (every 10 requests)
[10:19:15] [375/455] JOTG
[10:19:16] [376/455] VCDK
[10:19:18] [377/455] ANAC
[10:19:19] [378/455] GRTC
[10:19:20] [379/455] JTPL
[10:19:21] [380/455] VRCP
[10:19:22] [381/455] REMC
[10:19:23] [382/455] ATMG
[10:19:24] [383/455] GAHC
[10:19:25] [384/455] JTMV
[10:19:25] 🔄 Identity reset
[10:19:25] 🔄 Identity rotated (every 10 requests)
[10:19:26] [385/455] OMTT
[10:19:26] [386/455] GKKC
[10:19:27] [387/455] BBPO
[10:19:28] [388/455] ZCBB
[10:19:29] [389/455] DCGO
[10:19:30] [390/455] STOP
[10:19:31] [391/455] BSPC
[10:19:32] [392/455] SOND
[10:19:32] [393/455] GCKG
[10:19:33] [394/455] PCDB
[10:19:34] 🔄 Identity reset
[10:19:34] 🔄 Identity rotated (every 10 requests)
[10:19:34] 🔄 Retry 1/5 for PCDB in 2.9s
[10:19:34] 🔄 Identity reset
[10:19:37] 🧠 New identity created
[10:19:37] 🔄 Retry 2/5 for PCDB in 4.4s
[10:19:37] 🔄 Identity reset
[10:19:41] 🧠 New identity created
[10:19:54] [395/455] PGRC
[10:19:54] [396/455] CSCT
[10:19:56] [397/455] STDA
[10:19:57] [398/455] JAYD
[10:19:58] [399/455] PPPD
[10:19:59] [400/455] KRTT
[10:20:00] [401/455] PTDT
[10:20:01] [402/455] TRSV
[10:20:02] 🔄 Identity reset
[10:20:02] 🔄 Identity rotated (every 10 requests)
[10:20:02] 🔄 Retry 1/5 for TRSV in 2.2s
[10:20:02] 🔄 Identity reset
[10:20:04] 🧠 New identity created
[10:20:04] 🔄 Retry 2/5 for TRSV in 4.9s
[10:20:04] 🔄 Identity reset
[10:20:09] 🧠 New identity created
[10:20:21] 🔄 Retry 3/5 for TRSV in 8.4s
[10:20:21] 🔄 Identity reset
[10:20:29] 🧠 New identity created
[10:20:30] [403/455] VELR
[10:20:31] [404/455] STDT
[10:20:31] [405/455] SATT
[10:20:32] [406/455] KCPM
[10:20:33] [407/455] MFCP
[10:20:34] [408/455] AXMP
[10:20:35] [409/455] LTVB
[10:20:36] 🔄 Identity reset
[10:20:36] 🔄 Identity rotated (every 10 requests)
[10:20:36] [410/455] APST
[10:20:37] [411/455] DTVP
[10:20:38] [412/455] AAVB
[10:20:39] [413/455] PMBL
[10:20:39] [414/455] STKC
[10:20:40] [415/455] KKMA
[10:20:41] [416/455] NMXS
[10:20:42] [417/455] DECX
[10:20:43] [418/455] MAPJ
[10:20:44] [419/455] SMLK
[10:20:45] 🔄 Identity reset
[10:20:45] 🔄 Identity rotated (every 10 requests)
[10:20:45] [420/455] PMPU
[10:20:46] [421/455] AFST
[10:20:47] [422/455] SRSY
[10:20:47] [423/455] RMKT
[10:20:49] [424/455] RAJX
[10:20:50] [425/455] UVCD
[10:20:51] [426/455] LISA
[10:20:52] [427/455] LMSR
[10:20:53] [428/455] PMCA
[10:20:54] [429/455] INPO
[10:20:54] 🔄 Identity reset
[10:20:54] 🔄 Identity rotated (every 10 requests)
[10:20:54] [430/455] INGO
[10:20:55] [431/455] HFSQ
[10:20:56] [432/455] INMG
[10:20:57] [433/455] NYCP
[10:20:58] [434/455] HFSV
[10:21:00] [435/455] MMZP
[10:21:01] [436/455] KSES
[10:21:03] [437/455] HFSA
[10:21:04] [438/455] ACMM
[10:21:05] [439/455] RCKD
[10:21:05] 🔄 Identity reset
[10:21:05] 🔄 Identity rotated (every 10 requests)
[10:21:05] 🔄 Retry 1/5 for RCKD in 2.7s
[10:21:05] 🔄 Identity reset
[10:21:08] 🧠 New identity created
[10:21:08] 🔄 Retry 2/5 for RCKD in 4.7s
[10:21:08] 🔄 Identity reset
[10:21:13] 🧠 New identity created
[10:21:13] [440/455] BCKR
[10:21:14] [441/455] SFCO
[10:21:15] [442/455] JCCB
[10:21:15] [443/455] BCCR
[10:21:16] [444/455] NWCB
[10:21:17] [445/455] SAMT
[10:21:18] [446/455] TMST
[10:21:19] [447/455] SJCN
[10:21:19] 🔄 Identity reset
[10:21:19] 🔄 Identity rotated (every 10 requests)
[10:21:20] [448/455] MCBS
[10:21:20] [449/455] CMKR
[10:21:21] [450/455] INPM
[10:21:22] [451/455] WVMT
[10:21:23] [452/455] NYSM
[10:21:24] [453/455] RCMA
[10:21:25] [454/455] RECM
[10:21:26] [455/455] CYCM
[10:21:27] 🔁 RETRY ROUND 1 | Remaining: 6
[10:21:27] [RETRY-1] CNCT
[10:21:31] [RETRY-1] CPGV
[10:21:32] 🔄 Identity reset
[10:21:32] 🔄 Identity rotated (every 10 requests)
[10:21:32] 🔄 Retry 1/5 for CPGV in 3.0s
[10:21:32] 🔄 Identity reset
[10:21:35] 🧠 New identity created
[10:21:35] 🔄 Retry 2/5 for CPGV in 4.5s
[10:21:35] 🔄 Identity reset
[10:21:40] 🧠 New identity created
[10:21:42] [RETRY-1] M2RH
[10:21:46] [RETRY-1] CPUM
[10:21:49] [RETRY-1] FNSD
[10:21:52] [RETRY-1] SHUA
[10:21:54] ✅ DONE | Shows=1804 | Movies=82
[11:07:16] 🚀 BMS DAILY TRACKER STARTED (enhanced anti‑detection)
[11:07:16] [1/455] MXGN
[11:07:17] 🧠 New identity created
[11:07:17] 🔄 Retry 1/5 for MXGN in 2.2s
[11:07:17] 🔄 Identity reset
[11:07:19] 🧠 New identity created
[11:07:19] 🔄 Retry 2/5 for MXGN in 4.1s
[11:07:19] 🔄 Identity reset
[11:07:23] 🧠 New identity created
[11:07:23] 🔄 Retry 3/5 for MXGN in 8.9s
[11:07:23] 🔄 Identity reset
[11:07:32] 🧠 New identity created
[11:07:33] [2/455] PGGM
[11:07:34] [3/455] IPMJ
[11:07:35] [4/455] M2PP
[11:07:36] [5/455] PMMS
[11:07:37] [6/455] SCJN
[11:07:37] [7/455] CPUM
[11:07:38] 🔄 Identity reset
[11:07:38] 🔄 Identity rotated (every 10 requests)
[11:07:38] [8/455] SCND
[11:07:39] [9/455] INWM
[11:07:40] [10/455] DVDC
[11:07:41] [11/455] WVND
[11:07:42] [12/455] LBDL
[11:07:43] [13/455] CRGM
[11:07:44] [14/455] PVKS
[11:07:45] [15/455] PBLL
[11:07:46] [16/455] FNLN
[11:07:47] [17/455] PPDA
[11:07:48] 🔄 Identity reset
[11:07:48] 🔄 Identity rotated (every 10 requests)
[11:07:48] 🔄 Retry 1/5 for PPDA in 2.8s
[11:07:48] 🔄 Identity reset
[11:07:51] 🧠 New identity created
[11:07:51] [18/455] SCPT
[11:07:52] [19/455] IAJS
[11:07:53] [20/455] MMZG
[11:07:54] [21/455] MCTI
[11:07:55] [22/455] PPMF
[11:07:55] [23/455] FNSD
[11:07:57] [24/455] M2RH
[11:07:58] [25/455] CPGV
[11:07:59] [26/455] PECD
[11:07:59] 🔄 Identity reset
[11:07:59] 🔄 Identity rotated (every 10 requests)
[11:07:59] 🔄 Retry 1/5 for PECD in 2.9s
[11:07:59] 🔄 Identity reset
[11:08:02] 🧠 New identity created
[11:08:02] 🔄 Retry 2/5 for PECD in 4.6s
[11:08:02] 🔄 Identity reset
[11:08:07] 🧠 New identity created
[11:08:07] [27/455] CTEE
[11:08:08] [28/455] IOMG
[11:08:09] [29/455] CIJA
[11:08:10] [30/455] NYCG
[11:08:11] [31/455] CEST
[11:08:11] [32/455] WVRG
[11:08:13] [33/455] DPDC
[11:08:13] [34/455] PDIV
[11:08:14] 🔄 Identity reset
[11:08:14] 🔄 Identity rotated (every 10 requests)
[11:08:14] 🔄 Retry 1/5 for PDIV in 2.4s
[11:08:14] 🔄 Identity reset
[11:08:17] 🧠 New identity created
[11:08:17] 🔄 Retry 2/5 for PDIV in 4.1s
[11:08:17] 🔄 Identity reset
[11:08:21] 🧠 New identity created
[11:08:21] 🔄 Retry 3/5 for PDIV in 8.4s
[11:08:21] 🔄 Identity reset
[11:08:29] 🧠 New identity created
[11:08:30] [35/455] MTPP
[11:08:31] [36/455] MHNU
[11:08:32] [37/455] WUPG
[11:08:33] [38/455] USCO
[11:08:34] [39/455] INFR
[11:08:35] [40/455] PVPD
[11:08:36] [41/455] RONC
[11:08:36] 🔄 Identity reset
[11:08:36] 🔄 Identity rotated (every 10 requests)
[11:08:36] 🔄 Retry 1/5 for RONC in 2.5s
[11:08:36] 🔄 Identity reset
[11:08:39] 🧠 New identity created
[11:08:39] 🔄 Retry 2/5 for RONC in 4.2s
[11:08:39] 🔄 Identity reset
[11:08:43] 🧠 New identity created
[11:08:44] [42/455] IOCP
[11:08:44] [43/455] EMPS
[11:08:45] [44/455] PNAD
[11:08:46] [45/455] VVGZ
[11:08:47] [46/455] MDDC
[11:08:48] [47/455] MMAP
[11:08:49] [48/455] GPDC
[11:08:50] [49/455] PVPU
[11:08:51] 🔄 Identity reset
[11:08:51] 🔄 Identity rotated (every 10 requests)
[11:08:51] 🔄 Retry 1/5 for PVPU in 2.2s
[11:08:51] 🔄 Identity reset
[11:08:53] 🧠 New identity created
[11:08:53] 🔄 Retry 2/5 for PVPU in 4.5s
[11:08:53] 🔄 Identity reset
[11:08:58] 🧠 New identity created
[11:08:58] 🔄 Retry 3/5 for PVPU in 8.8s
[11:08:58] 🔄 Identity reset
[11:09:07] 🧠 New identity created
[11:09:07] 🔄 Retry 4/5 for PVPU in 16.8s
[11:09:07] 🔄 Identity reset
[11:09:24] 🧠 New identity created
[11:09:24] ❌ PVPU failed after 5 attempts
[11:09:24] 🔄 Identity reset
[11:09:24] ❌ PVPU final failure | RuntimeError | HTTP 403
[11:09:24] [50/455] DCMV
[11:09:24] 🧠 New identity created
[11:09:24] 🔄 Retry 1/5 for DCMV in 2.9s
[11:09:24] 🔄 Identity reset
[11:09:27] 🧠 New identity created
[11:09:27] 🔄 Retry 2/5 for DCMV in 5.0s
[11:09:27] 🔄 Identity reset
[11:09:32] 🧠 New identity created
[11:09:32] 🔄 Retry 3/5 for DCMV in 8.4s
[11:09:32] 🔄 Identity reset
[11:09:41] 🧠 New identity created
[11:09:41] [51/455] PCCF
[11:09:42] [52/455] MCEF
[11:09:43] 🔄 Identity reset
[11:09:43] 🔄 Identity rotated (every 10 requests)
[11:09:43] 🔄 Retry 1/5 for MCEF in 2.7s
[11:09:43] 🔄 Identity reset
[11:09:45] 🧠 New identity created
[11:09:46] [53/455] INRD
[11:09:47] [54/455] CCPZ
[11:09:48] [55/455] BCWG
[11:09:49] [56/455] PMGU
[11:09:50] [57/455] MCVM
[11:09:50] [58/455] MCDE
[11:09:51] [59/455] IEFM
[11:09:52] [60/455] MXCS
[11:09:53] [61/455] RNMT
[11:09:54] 🔄 Identity reset
[11:09:54] 🔄 Identity rotated (every 10 requests)
[11:09:54] 🔄 Retry 1/5 for RNMT in 2.3s
[11:09:54] 🔄 Identity reset
[11:09:56] 🧠 New identity created
[11:09:56] 🔄 Retry 2/5 for RNMT in 4.9s
[11:09:56] 🔄 Identity reset
[11:10:01] 🧠 New identity created
[11:10:01] [62/455] PSDD
[11:10:02] [63/455] PETA
[11:10:04] [64/455] IZOP
[11:10:04] [65/455] PDEI
[11:10:06] [66/455] MTND
[11:10:06] [67/455] PCPL
[11:10:07] [68/455] LSCM
[11:10:08] [69/455] BTFD
[11:10:09] 🔄 Identity reset
[11:10:09] 🔄 Identity rotated (every 10 requests)
[11:10:09] [70/455] MERM
[11:10:11] [71/455] PVMS
[11:10:12] [72/455] CIGK
[11:10:13] [73/455] INSG
[11:10:13] [74/455] IDEN
[11:10:15] [75/455] MCGN
[11:10:16] [76/455] IGAM
[11:10:17] [77/455] SLCU
[11:10:18] [78/455] MIMU
[11:10:19] [79/455] QLAC
[11:10:20] 🔄 Identity reset
[11:10:20] 🔄 Identity rotated (every 10 requests)
[11:10:20] 🔄 Retry 1/5 for QLAC in 2.3s
[11:10:20] 🔄 Identity reset
[11:10:22] 🧠 New identity created
[11:10:22] 🔄 Retry 2/5 for QLAC in 4.0s
[11:10:22] 🔄 Identity reset
[11:10:26] 🧠 New identity created
[11:10:26] 🔄 Retry 3/5 for QLAC in 8.5s
[11:10:26] 🔄 Identity reset
[11:10:35] 🧠 New identity created
[11:10:36] [80/455] MENL
[11:10:36] [81/455] SCUR
[11:10:37] [82/455] MDGD
[11:10:39] [83/455] LSRS
[11:10:40] [84/455] KMLG
[11:10:41] [85/455] MKLJ
[11:10:41] [86/455] IBYG
[11:10:42] 🔄 Identity reset
[11:10:42] 🔄 Identity rotated (every 10 requests)
[11:10:43] [87/455] ISML
[11:10:43] [88/455] MJMM
[11:10:44] [89/455] RCGD
[11:10:45] [90/455] MMOC
[11:10:46] [91/455] RRCO
[11:10:48] [92/455] MEDM
[11:10:48] [93/455] MCAZ
[11:10:49] [94/455] STWA
[11:10:50] [95/455] PFFG
[11:10:51] [96/455] GAGC
[11:10:52] 🔄 Identity reset
[11:10:52] 🔄 Identity rotated (every 10 requests)
[11:10:52] [97/455] PMPM
[11:10:53] [98/455] HVCD
[11:10:54] [99/455] AKRF
[11:10:55] [100/455] AKRC
[11:10:56] [101/455] MIDA
[11:10:57] [102/455] MAGX
[11:10:58] [103/455] ESOS
[11:10:59] [104/455] BBCL
[11:11:00] [105/455] LYAS
[11:11:01] [106/455] NRMS
[11:11:01] 🔄 Identity reset
[11:11:01] 🔄 Identity rotated (every 10 requests)
[11:11:01] 🔄 Retry 1/5 for NRMS in 2.9s
[11:11:01] 🔄 Identity reset
[11:11:04] 🧠 New identity created
[11:11:04] 🔄 Retry 2/5 for NRMS in 4.8s
[11:11:04] 🔄 Identity reset
[11:11:09] 🧠 New identity created
[11:11:09] 🔄 Retry 3/5 for NRMS in 8.0s
[11:11:09] 🔄 Identity reset
[11:11:17] 🧠 New identity created
[11:11:18] [107/455] BHUC
[11:11:19] [108/455] SRIC
[11:11:19] [109/455] PDME
[11:11:20] [110/455] MJCS
[11:11:21] [111/455] NRAA
[11:11:23] [112/455] VATA
[11:11:23] [113/455] MNKC
[11:11:24] 🔄 Identity reset
[11:11:24] 🔄 Identity rotated (every 10 requests)
[11:11:24] [114/455] DHCL
[11:11:25] [115/455] JCPC
[11:11:26] [116/455] CTML
[11:11:27] [117/455] RMMR
[11:11:28] [118/455] STTL
[11:11:29] [119/455] CNPS
[11:11:30] [120/455] ACKL
[11:11:31] [121/455] SCAU
[11:11:32] [122/455] RMIA
[11:11:33] [123/455] MANU
[11:11:33] 🔄 Identity reset
[11:11:33] 🔄 Identity rotated (every 10 requests)
[11:11:33] 🔄 Retry 1/5 for MANU in 3.0s
[11:11:33] 🔄 Identity reset
[11:11:36] 🧠 New identity created
[11:11:36] 🔄 Retry 2/5 for MANU in 4.4s
[11:11:36] 🔄 Identity reset
[11:11:41] 🧠 New identity created
[11:11:42] [124/455] ARDC
[11:11:43] [125/455] GLDA
[11:11:43] [126/455] KVSW
[11:11:44] [127/455] CGCA
[11:11:45] [128/455] CMLO
[11:11:46] [129/455] CECB
[11:11:47] [130/455] RCPN
[11:11:48] [131/455] ASMW
[11:11:49] 🔄 Identity reset
[11:11:49] 🔄 Identity rotated (every 10 requests)
[11:11:49] [132/455] PWLM
[11:11:50] [133/455] ASGM
[11:11:51] [134/455] ACWH
[11:11:52] [135/455] AAPW
[11:11:53] [136/455] RTWA
[11:11:54] [137/455] RAMW
[11:11:54] [138/455] VKTR
[11:11:56] [139/455] SMBH
[11:11:57] [140/455] BVDR
[11:11:57] [141/455] MRTP
[11:11:58] 🔄 Identity reset
[11:11:58] 🔄 Identity rotated (every 10 requests)
[11:11:58] [142/455] BLBR
[11:11:59] [143/455] LPIN
[11:12:00] [144/455] SNPC
[11:12:01] [145/455] PDCB
[11:12:02] [146/455] DYPK
[11:12:04] [147/455] INMK
[11:12:05] [148/455] PDCK
[11:12:05] [149/455] PCKR
[11:12:07] [150/455] SHUA
[11:12:08] [151/455] SCVK
[11:12:09] 🔄 Identity reset
[11:12:09] 🔄 Identity rotated (every 10 requests)
[11:12:09] [152/455] STPA
[11:12:10] [153/455] WVHD
[11:12:11] [154/455] MRCH
[11:12:12] [155/455] MCNP
[11:12:13] [156/455] RCAG
[11:12:13] [157/455] JTSN
[11:12:14] [158/455] AANS
[11:12:15] [159/455] GDDR
[11:12:16] [160/455] SRER
[11:12:17] [161/455] JKMA
[11:12:17] 🔄 Identity reset
[11:12:17] 🔄 Identity rotated (every 10 requests)
[11:12:18] [162/455] ARAN
[11:12:19] [163/455] ALCT
[11:12:20] [164/455] CCTA
[11:12:21] [165/455] CNCT
[11:12:22] [166/455] NZBL
[11:12:23] [167/455] SRRA
[11:12:25] [168/455] SVPW
[11:12:26] [169/455] SRTW
[11:12:26] [170/455] XMTD
[11:12:27] [171/455] SCCZ
[11:12:28] 🔄 Identity reset
[11:12:28] 🔄 Identity rotated (every 10 requests)
[11:12:28] [172/455] PBCR
[11:12:29] [173/455] RTSC
[11:12:30] [174/455] TLSV
[11:12:31] [175/455] RMTK
[11:12:33] [176/455] SRAT
[11:12:34] [177/455] GCYC
[11:12:35] [178/455] HCAJ
[11:12:36] [179/455] LCXA
[11:12:37] [180/455] BINT
[11:12:38] [181/455] IXIM
[11:12:38] 🔄 Identity reset
[11:12:38] 🔄 Identity rotated (every 10 requests)
[11:12:39] [182/455] MBCR
[11:12:39] [183/455] BMCJ
[11:12:40] [184/455] NICJ
[11:12:41] [185/455] SCAJ
[11:12:42] [186/455] CMXS
[11:12:43] [187/455] MMSR
[11:12:44] [188/455] PRKT
[11:12:45] [189/455] LPTH
[11:12:45] [190/455] SARP
[11:12:46] [191/455] MNPP
[11:12:47] 🔄 Identity reset
[11:12:47] 🔄 Identity rotated (every 10 requests)
[11:12:47] 🔄 Retry 1/5 for MNPP in 2.3s
[11:12:47] 🔄 Identity reset
[11:12:49] 🧠 New identity created
[11:12:50] [192/455] PRLR
[11:12:51] [193/455] RCMW
[11:12:52] [194/455] FCMG
[11:12:53] [195/455] RTNK
[11:12:54] [196/455] LRCP
[11:12:55] [197/455] DBJR
[11:12:56] [198/455] CACN
[11:12:57] [199/455] AMRL
[11:12:57] [200/455] SBBC
[11:12:58] 🔄 Identity reset
[11:12:58] 🔄 Identity rotated (every 10 requests)
[11:12:58] [201/455] VENN
[11:12:59] [202/455] STSS
[11:13:00] [203/455] SMRB
[11:13:01] [204/455] CCMX
[11:13:02] [205/455] KCMR
[11:13:03] [206/455] SALH
[11:13:04] [207/455] CGTT
[11:13:05] [208/455] PMDR
[11:13:06] [209/455] VCPM
[11:13:07] [210/455] RZMX
[11:13:08] 🔄 Identity reset
[11:13:08] 🔄 Identity rotated (every 10 requests)
[11:13:08] [211/455] TMSY
[11:13:09] [212/455] NTMS
[11:13:10] [213/455] VTAG
[11:13:11] [214/455] REMA
[11:13:12] [215/455] NXCC
[11:13:13] [216/455] SKYM
[11:13:14] [217/455] CCMO
[11:13:15] [218/455] DMXM
[11:13:15] [219/455] SPPM
[11:13:16] [220/455] PTKL
[11:13:17] 🔄 Identity reset
[11:13:17] 🔄 Identity rotated (every 10 requests)
[11:13:17] [221/455] SLVO
[11:13:18] [222/455] VASL
[11:13:19] [223/455] CBCM
[11:13:20] [224/455] STMA
[11:13:21] [225/455] LASK
[11:13:22] [226/455] VITE
[11:13:22] [227/455] AAST
[11:13:23] [228/455] JTPT
[11:13:24] [229/455] RRSH
[11:13:25] [230/455] CINL
[11:13:26] 🔄 Identity reset
[11:13:26] 🔄 Identity rotated (every 10 requests)
[11:13:26] 🔄 Retry 1/5 for CINL in 2.3s
[11:13:26] 🔄 Identity reset
[11:13:28] 🧠 New identity created
[11:13:28] 🔄 Retry 2/5 for CINL in 4.5s
[11:13:28] 🔄 Identity reset
[11:13:32] 🧠 New identity created
[11:13:33] 🔄 Retry 3/5 for CINL in 8.4s
[11:13:33] 🔄 Identity reset
[11:13:41] 🧠 New identity created
[11:13:41] [231/455] MCSR
[11:13:43] [232/455] SBCF
[11:13:44] [233/455] GCDU
[11:13:45] [234/455] PSPR
[11:13:45] [235/455] IMMO
[11:13:46] [236/455] CLGM
[11:13:47] [237/455] PBMM
[11:13:48] 🔄 Identity reset
[11:13:48] 🔄 Identity rotated (every 10 requests)
[11:13:48] [238/455] CEHR
[11:13:49] [239/455] CPOE
[11:13:50] [240/455] PGFD
[11:13:51] [241/455] PSLC
[11:13:51] [242/455] MSMD
[11:13:52] [243/455] FMFB
[11:13:53] [244/455] RKCL
[11:13:55] [245/455] PMMC
[11:13:55] [246/455] SKMM
[11:13:56] [247/455] VOIB
[11:13:57] 🔄 Identity reset
[11:13:57] 🔄 Identity rotated (every 10 requests)
[11:13:57] [248/455] KINO
[11:13:58] [249/455] VCTP
[11:13:59] [250/455] PDWR
[11:14:00] [251/455] SAED
[11:14:01] [252/455] SRRT
[11:14:02] [253/455] CVLG
[11:14:03] [254/455] SNGN
[11:14:03] [255/455] SIDA
[11:14:04] [256/455] IMCB
[11:14:05] [257/455] SMHP
[11:14:06] 🔄 Identity reset
[11:14:06] 🔄 Identity rotated (every 10 requests)
[11:14:06] [258/455] GDTY
[11:14:07] [259/455] VYCH
[11:14:08] [260/455] PDYA
[11:14:09] [261/455] RKDO
[11:14:09] [262/455] VECG
[11:14:10] [263/455] NFGD
[11:14:11] [264/455] SNDC
[11:14:12] [265/455] SDJH
[11:14:13] [266/455] HASV
[11:14:14] [267/455] PTYK
[11:14:14] 🔄 Identity reset
[11:14:14] 🔄 Identity rotated (every 10 requests)
[11:14:14] 🔄 Retry 1/5 for PTYK in 2.8s
[11:14:14] 🔄 Identity reset
[11:14:17] 🧠 New identity created
[11:14:17] [268/455] MUTB
[11:14:18] [269/455] AMRT
[11:14:19] [270/455] VACD
[11:14:20] [271/455] SKDD
[11:14:21] [272/455] STGR
[11:14:22] [273/455] GDAK
[11:14:23] [274/455] SKHK
[11:14:24] [275/455] SLND
[11:14:24] [276/455] APAP
[11:14:25] 🔄 Identity reset
[11:14:25] 🔄 Identity rotated (every 10 requests)
[11:14:25] [277/455] AYYA
[11:14:26] [278/455] VCCZ
[11:14:27] [279/455] MEML
[11:14:28] [280/455] MAOU
[11:14:29] [281/455] ESND
[11:14:30] [282/455] PTBZ
[11:14:31] [283/455] LBCN
[11:14:32] [284/455] PAWA
[11:14:33] [285/455] ZEIC
[11:14:34] [286/455] CGMM
[11:14:34] 🔄 Identity reset
[11:14:34] 🔄 Identity rotated (every 10 requests)
[11:14:34] 🔄 Retry 1/5 for CGMM in 2.5s
[11:14:34] 🔄 Identity reset
[11:14:37] 🧠 New identity created
[11:14:38] [287/455] PJPM
[11:14:39] [288/455] ECMR
[11:14:40] [289/455] SHMZ
[11:14:40] [290/455] STCA
[11:14:41] [291/455] VDRC
[11:14:43] [292/455] SEEM
[11:14:44] [293/455] MKNS
[11:14:45] [294/455] KPPP
[11:14:46] [295/455] CCML
[11:14:46] 🔄 Identity reset
[11:14:46] 🔄 Identity rotated (every 10 requests)
[11:14:47] [296/455] CIBA
[11:14:48] [297/455] NACS
[11:14:49] [298/455] CTMK
[11:14:50] [299/455] CTCT
[11:14:51] [300/455] MCSN
[11:14:51] [301/455] MAXX
[11:14:52] [302/455] MECB
[11:14:53] [303/455] NTBY
[11:14:54] [304/455] UTBI
[11:14:55] [305/455] RADK
[11:14:56] 🔄 Identity reset
[11:14:56] 🔄 Identity rotated (every 10 requests)
[11:14:56] [306/455] STBY
[11:14:57] [307/455] GTBY
[11:14:58] [308/455] RRMB
[11:14:59] [309/455] ABRN
[11:15:00] [310/455] GTSG
[11:15:01] [311/455] GBTG
[11:15:02] [312/455] SBGS
[11:15:02] [313/455] KBPM
[11:15:03] [314/455] SMHT
[11:15:04] [315/455] VTDM
[11:15:05] 🔄 Identity reset
[11:15:05] 🔄 Identity rotated (every 10 requests)
[11:15:05] [316/455] ASCT
[11:15:06] [317/455] AWCT
[11:15:07] [318/455] DCCU
[11:15:08] [319/455] PSCE
[11:15:09] [320/455] KSNY
[11:15:10] [321/455] ACID
[11:15:11] [322/455] LVCD
[11:15:12] [323/455] KSSB
[11:15:13] [324/455] SWTD
[11:15:14] [325/455] RBMR
[11:15:14] 🔄 Identity reset
[11:15:14] 🔄 Identity rotated (every 10 requests)
[11:15:15] [326/455] SCBC
[11:15:16] [327/455] RKME
[11:15:16] [328/455] GALX
[11:15:17] [329/455] GCCH
[11:15:18] [330/455] RATR
[11:15:19] [331/455] GTGA
[11:15:20] [332/455] LTTR
[11:15:21] [333/455] TTAA
[11:15:22] [334/455] TVHP
[11:15:23] [335/455] KVCS
[11:15:24] 🔄 Identity reset
[11:15:24] 🔄 Identity rotated (every 10 requests)
[11:15:24] [336/455] CBMC
[11:15:25] [337/455] MAYJ
[11:15:26] [338/455] INPR
[11:15:27] [339/455] RSSC
[11:15:28] [340/455] PCAN
[11:15:29] [341/455] PVHR
[11:15:31] [342/455] AGSM
[11:15:32] [343/455] PVES
[11:15:33] [344/455] INTO
[11:15:34] [345/455] ACON
[11:15:34] 🔄 Identity reset
[11:15:34] 🔄 Identity rotated (every 10 requests)
[11:15:34] [346/455] PVPZ
[11:15:35] [347/455] PVHC
[11:15:36] [348/455] KSTK
[11:15:37] [349/455] PVSR
[11:15:38] [350/455] ACTN
[11:15:39] [351/455] FMCN
[11:15:40] [352/455] PABC
[11:15:41] [353/455] SUTC
[11:15:41] [354/455] PGMV
[11:15:42] [355/455] GKCP
[11:15:43] 🔄 Identity reset
[11:15:43] 🔄 Identity rotated (every 10 requests)
[11:15:43] 🔄 Retry 1/5 for GKCP in 2.5s
[11:15:43] 🔄 Identity reset
[11:15:45] 🧠 New identity created
[11:15:45] 🔄 Retry 2/5 for GKCP in 4.0s
[11:15:45] 🔄 Identity reset
[11:15:49] 🧠 New identity created
[11:15:50] [356/455] INCH
[11:15:50] [357/455] MLMT
[11:15:51] [358/455] SSCC
[11:15:52] [359/455] SLMP
[11:15:53] [360/455] VVTN
[11:15:54] [361/455] SBTR
[11:15:55] [362/455] PGRA
[11:15:56] [363/455] PBRM
[11:15:56] 🔄 Identity reset
[11:15:56] 🔄 Identity rotated (every 10 requests)
[11:15:57] [364/455] GCRP
[11:15:58] [365/455] MCSK
[11:15:59] [366/455] NLTC
[11:15:59] [367/455] MTLM
[11:16:00] [368/455] VECT
[11:16:01] [369/455] KMRM
[11:16:02] [370/455] RACM
[11:16:03] [371/455] WSTC
[11:16:04] [372/455] PVTJ
[11:16:05] [373/455] MMKC
[11:16:06] 🔄 Identity reset
[11:16:06] 🔄 Identity rotated (every 10 requests)
[11:16:06] [374/455] SVWT
[11:16:07] [375/455] JOTG
[11:16:08] [376/455] VCDK
[11:16:10] [377/455] ANAC
[11:16:11] [378/455] GRTC
[11:16:12] [379/455] JTPL
[11:16:13] [380/455] VRCP
[11:16:14] [381/455] REMC
[11:16:15] [382/455] ATMG
[11:16:16] [383/455] GAHC
[11:16:16] 🔄 Identity reset
[11:16:16] 🔄 Identity rotated (every 10 requests)
[11:16:16] [384/455] JTMV
[11:16:17] [385/455] OMTT
[11:16:19] [386/455] GKKC
[11:16:21] [387/455] BBPO
[11:16:22] [388/455] ZCBB
[11:16:22] [389/455] DCGO
[11:16:23] [390/455] STOP
[11:16:24] [391/455] BSPC
[11:16:25] [392/455] SOND
[11:16:26] [393/455] GCKG
[11:16:27] 🔄 Identity reset
[11:16:27] 🔄 Identity rotated (every 10 requests)
[11:16:27] 🔄 Retry 1/5 for GCKG in 2.6s
[11:16:27] 🔄 Identity reset
[11:16:29] 🧠 New identity created
[11:16:29] 🔄 Retry 2/5 for GCKG in 4.9s
[11:16:29] 🔄 Identity reset
[11:16:34] 🧠 New identity created
[11:16:34] 🔄 Retry 3/5 for GCKG in 8.4s
[11:16:34] 🔄 Identity reset
[11:16:43] 🧠 New identity created
[11:16:43] [394/455] PCDB
[11:16:44] [395/455] PGRC
[11:16:45] [396/455] CSCT
[11:16:46] [397/455] STDA
[11:16:46] [398/455] JAYD
[11:16:47] [399/455] PPPD
[11:16:48] [400/455] KRTT
[11:16:49] 🔄 Identity reset
[11:16:49] 🔄 Identity rotated (every 10 requests)
[11:16:49] [401/455] PTDT
[11:16:50] [402/455] TRSV
[11:16:51] [403/455] VELR
[11:16:52] [404/455] STDT
[11:16:53] [405/455] SATT
[11:16:54] [406/455] KCPM
[11:16:54] [407/455] MFCP
[11:16:55] [408/455] AXMP
[11:16:56] [409/455] LTVB
[11:16:57] [410/455] APST
[11:16:58] 🔄 Identity reset
[11:16:58] 🔄 Identity rotated (every 10 requests)
[11:16:58] 🔄 Retry 1/5 for APST in 2.6s
[11:16:58] 🔄 Identity reset
[11:17:01] 🧠 New identity created
[11:17:01] 🔄 Retry 2/5 for APST in 4.2s
[11:17:01] 🔄 Identity reset
[11:17:05] 🧠 New identity created
[11:17:05] [411/455] DTVP
[11:17:07] [412/455] AAVB
[11:17:08] [413/455] PMBL
[11:17:08] [414/455] STKC
[11:17:09] [415/455] KKMA
[11:17:10] [416/455] NMXS
[11:17:11] [417/455] DECX
[11:17:12] [418/455] MAPJ
[11:17:13] 🔄 Identity reset
[11:17:13] 🔄 Identity rotated (every 10 requests)
[11:17:13] [419/455] SMLK
[11:17:14] [420/455] PMPU
[11:17:15] [421/455] AFST
[11:17:16] [422/455] SRSY
[11:17:18] [423/455] RMKT
[11:17:19] [424/455] RAJX
[11:17:19] [425/455] UVCD
[11:17:20] [426/455] LISA
[11:17:21] [427/455] LMSR
[11:17:23] [428/455] PMCA
[11:17:23] 🔄 Identity reset
[11:17:23] 🔄 Identity rotated (every 10 requests)
[11:17:24] 🔄 Retry 1/5 for PMCA in 2.4s
[11:17:24] 🔄 Identity reset
[11:17:26] 🧠 New identity created
[11:17:26] [429/455] INPO
[11:17:27] [430/455] INGO
[11:17:28] [431/455] HFSQ
[11:17:29] [432/455] INMG
[11:17:30] [433/455] NYCP
[11:17:31] [434/455] HFSV
[11:17:32] [435/455] MMZP
[11:17:33] [436/455] KSES
[11:17:34] [437/455] HFSA
[11:17:34] 🔄 Identity reset
[11:17:34] 🔄 Identity rotated (every 10 requests)
[11:17:35] [438/455] ACMM
[11:17:36] [439/455] RCKD
[11:17:37] [440/455] BCKR
[11:17:38] [441/455] SFCO
[11:17:39] [442/455] JCCB
[11:17:40] [443/455] BCCR
[11:17:41] [444/455] NWCB
[11:17:42] [445/455] SAMT
[11:17:43] [446/455] TMST
[11:17:44] [447/455] SJCN
[11:17:44] 🔄 Identity reset
[11:17:44] 🔄 Identity rotated (every 10 requests)
[11:17:44] 🔄 Retry 1/5 for SJCN in 2.7s
[11:17:44] 🔄 Identity reset
[11:17:47] 🧠 New identity created
[11:17:47] 🔄 Retry 2/5 for SJCN in 4.9s
[11:17:47] 🔄 Identity reset
[11:17:52] 🧠 New identity created
[11:17:52] [448/455] MCBS
[11:17:53] [449/455] CMKR
[11:17:54] [450/455] INPM
[11:17:55] [451/455] WVMT
[11:17:56] [452/455] NYSM
[11:17:56] [453/455] RCMA
[11:17:57] [454/455] RECM
[11:17:59] [455/455] CYCM
[11:17:59] 🔄 Identity reset
[11:18:00] 🔄 Identity rotated (every 10 requests)
[11:18:00] 🔄 Retry 1/5 for CYCM in 2.3s
[11:18:00] 🔄 Identity reset
[11:18:02] 🧠 New identity created
[11:18:02] 🔄 Retry 2/5 for CYCM in 4.4s
[11:18:02] 🔄 Identity reset
[11:18:06] 🧠 New identity created
[11:18:07] 🔁 RETRY ROUND 1 | Remaining: 1
[11:18:07] [RETRY-1] PVPU
[11:18:10] ✅ DONE | Shows=2065 | Movies=83
[12:06:48] 🚀 BMS DAILY TRACKER STARTED (enhanced anti‑detection)
[12:06:48] [1/455] MXGN
[12:06:49] 🧠 New identity created
[12:06:49] 🔄 Retry 1/5 for MXGN in 2.3s
[12:06:49] 🔄 Identity reset
[12:06:51] 🧠 New identity created
[12:06:51] [2/455] PGGM
[12:06:52] [3/455] IPMJ
[12:06:53] [4/455] M2PP
[12:06:54] [5/455] PMMS
[12:06:55] [6/455] SCJN
[12:06:56] [7/455] CPUM
[12:06:57] [8/455] SCND
[12:06:58] [9/455] INWM
[12:06:59] 🔄 Identity reset
[12:06:59] 🔄 Identity rotated (every 10 requests)
[12:06:59] 🔄 Retry 1/5 for INWM in 2.7s
[12:06:59] 🔄 Identity reset
[12:07:01] 🧠 New identity created
[12:07:02] [10/455] DVDC
[12:07:03] [11/455] WVND
[12:07:03] [12/455] LBDL
[12:07:04] [13/455] CRGM
[12:07:05] [14/455] PVKS
[12:07:06] [15/455] PBLL
[12:07:07] [16/455] FNLN
[12:07:08] [17/455] PPDA
[12:07:09] [18/455] SCPT
[12:07:10] 🔄 Identity reset
[12:07:10] 🔄 Identity rotated (every 10 requests)
[12:07:10] 🔄 Retry 1/5 for SCPT in 2.9s
[12:07:10] 🔄 Identity reset
[12:07:13] 🧠 New identity created
[12:07:13] [19/455] IAJS
[12:07:14] [20/455] MMZG
[12:07:15] [21/455] MCTI
[12:07:16] [22/455] PPMF
[12:07:17] [23/455] FNSD
[12:07:18] [24/455] M2RH
[12:07:18] [25/455] CPGV
[12:07:19] [26/455] PECD
[12:07:20] [27/455] CTEE
[12:07:21] 🔄 Identity reset
[12:07:21] 🔄 Identity rotated (every 10 requests)
[12:07:21] [28/455] IOMG
[12:07:22] [29/455] CIJA
[12:07:23] [30/455] NYCG
[12:07:24] [31/455] CEST
[12:07:25] [32/455] WVRG
[12:07:26] [33/455] DPDC
[12:07:27] [34/455] PDIV
[12:07:27] [35/455] MTPP
[12:07:28] [36/455] MHNU
[12:07:29] [37/455] WUPG
[12:07:30] 🔄 Identity reset
[12:07:30] 🔄 Identity rotated (every 10 requests)
[12:07:30] [38/455] USCO
[12:07:31] [39/455] INFR
[12:07:32] [40/455] PVPD
[12:07:33] [41/455] RONC
[12:07:34] [42/455] IOCP
[12:07:35] [43/455] EMPS
[12:07:35] [44/455] PNAD
[12:07:36] [45/455] VVGZ
[12:07:37] [46/455] MDDC
[12:07:38] [47/455] MMAP
[12:07:39] 🔄 Identity reset
[12:07:39] 🔄 Identity rotated (every 10 requests)
[12:07:39] [48/455] GPDC
[12:07:40] [49/455] PVPU
[12:07:41] [50/455] DCMV
[12:07:42] [51/455] PCCF
[12:07:42] [52/455] MCEF
[12:07:43] [53/455] INRD
[12:07:44] [54/455] CCPZ
[12:07:46] [55/455] BCWG
[12:07:47] [56/455] PMGU
[12:07:48] [57/455] MCVM
[12:07:48] 🔄 Identity reset
[12:07:48] 🔄 Identity rotated (every 10 requests)
[12:07:48] 🔄 Retry 1/5 for MCVM in 2.8s
[12:07:48] 🔄 Identity reset
[12:07:51] 🧠 New identity created
[12:07:51] 🔄 Retry 2/5 for MCVM in 4.6s
[12:07:51] 🔄 Identity reset
[12:07:56] 🧠 New identity created
[12:07:56] [58/455] MCDE
[12:07:57] [59/455] IEFM
[12:07:58] [60/455] MXCS
[12:07:59] [61/455] RNMT
[12:07:59] [62/455] PSDD
[12:08:00] [63/455] PETA
[12:08:01] [64/455] IZOP
[12:08:02] [65/455] PDEI
[12:08:03] 🔄 Identity reset
[12:08:03] 🔄 Identity rotated (every 10 requests)
[12:08:03] [66/455] MTND
[12:08:04] [67/455] PCPL
[12:08:05] [68/455] LSCM
[12:08:06] [69/455] BTFD
[12:08:06] [70/455] MERM
[12:08:07] [71/455] PVMS
[12:08:08] [72/455] CIGK
[12:08:09] [73/455] INSG
[12:08:10] [74/455] IDEN
[12:08:11] [75/455] MCGN
[12:08:11] 🔄 Identity reset
[12:08:11] 🔄 Identity rotated (every 10 requests)
[12:08:11] 🔄 Retry 1/5 for MCGN in 2.3s
[12:08:11] 🔄 Identity reset
[12:08:14] 🧠 New identity created
[12:08:14] [76/455] IGAM
[12:08:15] [77/455] SLCU
[12:08:16] [78/455] MIMU
[12:08:17] [79/455] QLAC
[12:08:18] [80/455] MENL
[12:08:19] [81/455] SCUR
[12:08:20] [82/455] MDGD
[12:08:21] [83/455] LSRS
[12:08:21] [84/455] KMLG
[12:08:22] 🔄 Identity reset
[12:08:22] 🔄 Identity rotated (every 10 requests)
[12:08:22] [85/455] MKLJ
[12:08:23] [86/455] IBYG
[12:08:24] [87/455] ISML
[12:08:25] [88/455] MJMM
[12:08:26] [89/455] RCGD
[12:08:27] [90/455] MMOC
[12:08:27] [91/455] RRCO
[12:08:28] [92/455] MEDM
[12:08:29] [93/455] MCAZ
[12:08:30] [94/455] STWA
[12:08:31] 🔄 Identity reset
[12:08:31] 🔄 Identity rotated (every 10 requests)
[12:08:31] 🔄 Retry 1/5 for STWA in 2.1s
[12:08:31] 🔄 Identity reset
[12:08:33] 🧠 New identity created
[12:08:33] 🔄 Retry 2/5 for STWA in 4.1s
[12:08:33] 🔄 Identity reset
[12:08:37] 🧠 New identity created
[12:08:37] [95/455] PFFG
[12:08:38] [96/455] GAGC
[12:08:39] [97/455] PMPM
[12:08:40] [98/455] HVCD
[12:08:41] [99/455] AKRF
[12:08:42] [100/455] AKRC
[12:08:43] [101/455] MIDA
[12:08:45] [102/455] MAGX
[12:08:45] 🔄 Identity reset
[12:08:45] 🔄 Identity rotated (every 10 requests)
[12:08:45] 🔄 Retry 1/5 for MAGX in 2.4s
[12:08:45] 🔄 Identity reset
[12:08:48] 🧠 New identity created
[12:08:48] 🔄 Retry 2/5 for MAGX in 4.8s
[12:08:48] 🔄 Identity reset
[12:08:53] 🧠 New identity created
[12:08:53] [103/455] ESOS
[12:08:54] [104/455] BBCL
[12:08:55] [105/455] LYAS
[12:08:56] [106/455] NRMS
[12:08:56] [107/455] BHUC
[12:08:57] [108/455] SRIC
[12:08:58] [109/455] PDME
[12:08:59] [110/455] MJCS
[12:08:59] 🔄 Identity reset
[12:09:00] 🔄 Identity rotated (every 10 requests)
[12:09:00] [111/455] NRAA
[12:09:01] [112/455] VATA
[12:09:02] [113/455] MNKC
[12:09:03] [114/455] DHCL
[12:09:04] [115/455] JCPC
[12:09:05] [116/455] CTML
[12:09:06] [117/455] RMMR
[12:09:07] [118/455] STTL
[12:09:08] [119/455] CNPS
[12:09:09] [120/455] ACKL
[12:09:10] 🔄 Identity reset
[12:09:10] 🔄 Identity rotated (every 10 requests)
[12:09:10] [121/455] SCAU
[12:09:11] [122/455] RMIA
[12:09:12] [123/455] MANU
[12:09:12] [124/455] ARDC
[12:09:13] [125/455] GLDA
[12:09:14] [126/455] KVSW
[12:09:15] [127/455] CGCA
[12:09:16] [128/455] CMLO
[12:09:17] [129/455] CECB
[12:09:18] [130/455] RCPN
[12:09:18] 🔄 Identity reset
[12:09:18] 🔄 Identity rotated (every 10 requests)
[12:09:19] [131/455] ASMW
[12:09:19] [132/455] PWLM
[12:09:20] [133/455] ASGM
[12:09:21] [134/455] ACWH
[12:09:22] [135/455] AAPW
[12:09:23] [136/455] RTWA
[12:09:24] [137/455] RAMW
[12:09:24] [138/455] VKTR
[12:09:25] [139/455] SMBH
[12:09:26] [140/455] BVDR
[12:09:27] 🔄 Identity reset
[12:09:27] 🔄 Identity rotated (every 10 requests)
[12:09:27] [141/455] MRTP
[12:09:28] [142/455] BLBR
[12:09:29] [143/455] LPIN
[12:09:29] [144/455] SNPC
[12:09:30] [145/455] PDCB
[12:09:31] [146/455] DYPK
[12:09:32] [147/455] INMK
[12:09:33] [148/455] PDCK
[12:09:34] [149/455] PCKR
[12:09:35] [150/455] SHUA
[12:09:36] 🔄 Identity reset
[12:09:36] 🔄 Identity rotated (every 10 requests)
[12:09:36] [151/455] SCVK
[12:09:37] [152/455] STPA
[12:09:38] [153/455] WVHD
[12:09:39] [154/455] MRCH
[12:09:40] [155/455] MCNP
[12:09:41] [156/455] RCAG
[12:09:41] [157/455] JTSN
[12:09:42] [158/455] AANS
[12:09:43] [159/455] GDDR
[12:09:44] [160/455] SRER
[12:09:45] 🔄 Identity reset
[12:09:45] 🔄 Identity rotated (every 10 requests)
[12:09:45] [161/455] JKMA
[12:09:46] [162/455] ARAN
[12:09:46] [163/455] ALCT
[12:09:47] [164/455] CCTA
[12:09:48] [165/455] CNCT
[12:09:49] [166/455] NZBL
[12:09:50] [167/455] SRRA
[12:09:51] [168/455] SVPW
[12:09:52] [169/455] SRTW
[12:09:53] [170/455] XMTD
[12:09:54] 🔄 Identity reset
[12:09:54] 🔄 Identity rotated (every 10 requests)
[12:09:55] [171/455] SCCZ
[12:09:56] [172/455] PBCR
[12:09:57] [173/455] RTSC
[12:09:58] [174/455] TLSV
[12:09:59] [175/455] RMTK
[12:10:00] [176/455] SRAT
[12:10:00] [177/455] GCYC
[12:10:01] [178/455] HCAJ
[12:10:03] [179/455] LCXA
[12:10:04] [180/455] BINT
[12:10:04] 🔄 Identity reset
[12:10:04] 🔄 Identity rotated (every 10 requests)
[12:10:05] [181/455] IXIM
[12:10:05] [182/455] MBCR
[12:10:06] [183/455] BMCJ
[12:10:07] [184/455] NICJ
[12:10:08] [185/455] SCAJ
[12:10:09] [186/455] CMXS
[12:10:10] [187/455] MMSR
[12:10:11] [188/455] PRKT
[12:10:11] [189/455] LPTH
[12:10:12] [190/455] SARP
[12:10:13] 🔄 Identity reset
[12:10:13] 🔄 Identity rotated (every 10 requests)
[12:10:13] 🔄 Retry 1/5 for SARP in 2.4s
[12:10:13] 🔄 Identity reset
[12:10:16] 🧠 New identity created
[12:10:16] [191/455] MNPP
[12:10:17] [192/455] PRLR
[12:10:19] [193/455] RCMW
[12:10:19] [194/455] FCMG
[12:10:21] [195/455] RTNK
[12:10:22] [196/455] LRCP
[12:10:23] [197/455] DBJR
[12:10:24] [198/455] CACN
[12:10:25] [199/455] AMRL
[12:10:26] 🔄 Identity reset
[12:10:26] 🔄 Identity rotated (every 10 requests)
[12:10:26] [200/455] SBBC
[12:10:27] [201/455] VENN
[12:10:28] [202/455] STSS
[12:10:29] [203/455] SMRB
[12:10:29] [204/455] CCMX
[12:10:30] [205/455] KCMR
[12:10:31] [206/455] SALH
[12:10:32] [207/455] CGTT
[12:10:33] [208/455] PMDR
[12:10:34] [209/455] VCPM
[12:10:35] 🔄 Identity reset
[12:10:35] 🔄 Identity rotated (every 10 requests)
[12:10:35] [210/455] RZMX
[12:10:36] [211/455] TMSY
[12:10:36] [212/455] NTMS
[12:10:37] [213/455] VTAG
[12:10:38] [214/455] REMA
[12:10:39] [215/455] NXCC
[12:10:40] [216/455] SKYM
[12:10:40] [217/455] CCMO
[12:10:41] [218/455] DMXM
[12:10:43] [219/455] SPPM
[12:10:44] 🔄 Identity reset
[12:10:44] 🔄 Identity rotated (every 10 requests)
[12:10:44] [220/455] PTKL
[12:10:45] [221/455] SLVO
[12:10:46] [222/455] VASL
[12:10:47] [223/455] CBCM
[12:10:48] [224/455] STMA
[12:10:48] [225/455] LASK
[12:10:49] [226/455] VITE
[12:10:50] [227/455] AAST
[12:10:51] [228/455] JTPT
[12:10:52] [229/455] RRSH
[12:10:52] 🔄 Identity reset
[12:10:52] 🔄 Identity rotated (every 10 requests)
[12:10:53] [230/455] CINL
[12:10:54] [231/455] MCSR
[12:10:55] [232/455] SBCF
[12:10:56] [233/455] GCDU
[12:10:56] [234/455] PSPR
[12:10:57] [235/455] IMMO
[12:10:58] [236/455] CLGM
[12:10:59] [237/455] PBMM
[12:11:01] [238/455] CEHR
[12:11:02] [239/455] CPOE
[12:11:02] 🔄 Identity reset
[12:11:02] 🔄 Identity rotated (every 10 requests)
[12:11:02] 🔄 Retry 1/5 for CPOE in 2.5s
[12:11:02] 🔄 Identity reset
[12:11:05] 🧠 New identity created
[12:11:05] 🔄 Retry 2/5 for CPOE in 4.9s
[12:11:05] 🔄 Identity reset
[12:11:10] 🧠 New identity created
[12:11:10] [240/455] PGFD
[12:11:11] [241/455] PSLC
[12:11:12] [242/455] MSMD
[12:11:13] [243/455] FMFB
[12:11:14] [244/455] RKCL
[12:11:15] [245/455] PMMC
[12:11:16] [246/455] SKMM
[12:11:17] [247/455] VOIB
[12:11:18] 🔄 Identity reset
[12:11:18] 🔄 Identity rotated (every 10 requests)
[12:11:18] [248/455] KINO
[12:11:19] [249/455] VCTP
[12:11:20] [250/455] PDWR
[12:11:22] [251/455] SAED
[12:11:23] [252/455] SRRT
[12:11:24] [253/455] CVLG
[12:11:24] [254/455] SNGN
[12:11:26] [255/455] SIDA
[12:11:27] [256/455] IMCB
[12:11:28] [257/455] SMHP
[12:11:29] 🔄 Identity reset
[12:11:29] 🔄 Identity rotated (every 10 requests)
[12:11:29] [258/455] GDTY
[12:11:30] [259/455] VYCH
[12:11:31] [260/455] PDYA
[12:11:31] [261/455] RKDO
[12:11:32] [262/455] VECG
[12:11:33] [263/455] NFGD
[12:11:34] [264/455] SNDC
[12:11:35] [265/455] SDJH
[12:11:36] [266/455] HASV
[12:11:37] [267/455] PTYK
[12:11:37] 🔄 Identity reset
[12:11:37] 🔄 Identity rotated (every 10 requests)
[12:11:38] [268/455] MUTB
[12:11:38] [269/455] AMRT
[12:11:39] [270/455] VACD
[12:11:40] [271/455] SKDD
[12:11:41] [272/455] STGR
[12:11:42] [273/455] GDAK
[12:11:42] [274/455] SKHK
[12:11:43] [275/455] SLND
[12:11:44] [276/455] APAP
[12:11:45] [277/455] AYYA
[12:11:46] 🔄 Identity reset
[12:11:46] 🔄 Identity rotated (every 10 requests)
[12:11:46] 🔄 Retry 1/5 for AYYA in 2.2s
[12:11:46] 🔄 Identity reset
[12:11:48] 🧠 New identity created
[12:11:48] [278/455] VCCZ
[12:11:49] [279/455] MEML
[12:11:51] [280/455] MAOU
[12:11:52] [281/455] ESND
[12:11:53] [282/455] PTBZ
[12:11:54] [283/455] LBCN
[12:11:55] [284/455] PAWA
[12:11:56] [285/455] ZEIC
[12:11:58] [286/455] CGMM
[12:11:58] 🔄 Identity reset
[12:11:58] 🔄 Identity rotated (every 10 requests)
[12:11:59] [287/455] PJPM
[12:12:00] [288/455] ECMR
[12:12:01] [289/455] SHMZ
[12:12:01] [290/455] STCA
[12:12:02] [291/455] VDRC
[12:12:03] [292/455] SEEM
[12:12:04] [293/455] MKNS
[12:12:05] [294/455] KPPP
[12:12:06] [295/455] CCML
[12:12:07] [296/455] CIBA
[12:12:08] 🔄 Identity reset
[12:12:08] 🔄 Identity rotated (every 10 requests)
[12:12:08] [297/455] NACS
[12:12:09] [298/455] CTMK
[12:12:10] [299/455] CTCT
[12:12:10] [300/455] MCSN
[12:12:11] [301/455] MAXX
[12:12:12] [302/455] MECB
[12:12:13] [303/455] NTBY
[12:12:14] [304/455] UTBI
[12:12:14] [305/455] RADK
[12:12:15] [306/455] STBY
[12:12:16] 🔄 Identity reset
[12:12:16] 🔄 Identity rotated (every 10 requests)
[12:12:16] [307/455] GTBY
[12:12:17] [308/455] RRMB
[12:12:18] [309/455] ABRN
[12:12:19] [310/455] GTSG
[12:12:20] [311/455] GBTG
[12:12:20] [312/455] SBGS
[12:12:22] [313/455] KBPM
[12:12:23] [314/455] SMHT
[12:12:23] [315/455] VTDM
[12:12:24] [316/455] ASCT
[12:12:25] 🔄 Identity reset
[12:12:25] 🔄 Identity rotated (every 10 requests)
[12:12:25] [317/455] AWCT
[12:12:26] [318/455] DCCU
[12:12:27] [319/455] PSCE
[12:12:27] [320/455] KSNY
[12:12:28] [321/455] ACID
[12:12:29] [322/455] LVCD
[12:12:31] [323/455] KSSB
[12:12:31] [324/455] SWTD
[12:12:32] [325/455] RBMR
[12:12:33] [326/455] SCBC
[12:12:34] 🔄 Identity reset
[12:12:34] 🔄 Identity rotated (every 10 requests)
[12:12:35] [327/455] RKME
[12:12:36] [328/455] GALX
[12:12:38] [329/455] GCCH
[12:12:39] [330/455] RATR
[12:12:40] [331/455] GTGA
[12:12:41] [332/455] LTTR
[12:12:42] [333/455] TTAA
[12:12:43] [334/455] TVHP
[12:12:44] [335/455] KVCS
[12:12:45] [336/455] CBMC
[12:12:46] 🔄 Identity reset
[12:12:46] 🔄 Identity rotated (every 10 requests)
[12:12:46] [337/455] MAYJ
[12:12:47] [338/455] INPR
[12:12:48] [339/455] RSSC
[12:12:48] [340/455] PCAN
[12:12:49] [341/455] PVHR
[12:12:50] [342/455] AGSM
[12:12:51] [343/455] PVES
[12:12:52] [344/455] INTO
[12:12:53] [345/455] ACON
[12:12:54] [346/455] PVPZ
[12:12:54] 🔄 Identity reset
[12:12:54] 🔄 Identity rotated (every 10 requests)
[12:12:55] [347/455] PVHC
[12:12:56] [348/455] KSTK
[12:12:56] [349/455] PVSR
[12:12:57] [350/455] ACTN
[12:12:58] [351/455] FMCN
[12:13:00] [352/455] PABC
[12:13:01] [353/455] SUTC
[12:13:01] [354/455] PGMV
[12:13:03] [355/455] GKCP
[12:13:04] [356/455] INCH
[12:13:04] 🔄 Identity reset
[12:13:04] 🔄 Identity rotated (every 10 requests)
[12:13:04] [357/455] MLMT
[12:13:05] [358/455] SSCC
[12:13:06] [359/455] SLMP
[12:13:08] [360/455] VVTN
[12:13:08] [361/455] SBTR
[12:13:09] [362/455] PGRA
[12:13:10] [363/455] PBRM
[12:13:11] [364/455] GCRP
[12:13:12] [365/455] MCSK
[12:13:13] [366/455] NLTC
[12:13:13] 🔄 Identity reset
[12:13:13] 🔄 Identity rotated (every 10 requests)
[12:13:13] 🔄 Retry 1/5 for NLTC in 2.9s
[12:13:13] 🔄 Identity reset
[12:13:16] 🧠 New identity created
[12:13:16] [367/455] MTLM
[12:13:17] [368/455] VECT
[12:13:18] [369/455] KMRM
[12:13:19] [370/455] RACM
[12:13:20] [371/455] WSTC
[12:13:21] [372/455] PVTJ
[12:13:21] [373/455] MMKC
[12:13:22] [374/455] SVWT
[12:13:23] [375/455] JOTG
[12:13:24] 🔄 Identity reset
[12:13:24] 🔄 Identity rotated (every 10 requests)
[12:13:24] [376/455] VCDK
[12:13:25] [377/455] ANAC
[12:13:26] [378/455] GRTC
[12:13:27] [379/455] JTPL
[12:13:28] [380/455] VRCP
[12:13:29] [381/455] REMC
[12:13:30] [382/455] ATMG
[12:13:31] [383/455] GAHC
[12:13:31] [384/455] JTMV
[12:13:32] [385/455] OMTT
[12:13:33] 🔄 Identity reset
[12:13:33] 🔄 Identity rotated (every 10 requests)
[12:13:33] 🔄 Retry 1/5 for OMTT in 3.0s
[12:13:33] 🔄 Identity reset
[12:13:36] 🧠 New identity created
[12:13:36] [386/455] GKKC
[12:13:37] [387/455] BBPO
[12:13:38] [388/455] ZCBB
[12:13:39] [389/455] DCGO
[12:13:39] [390/455] STOP
[12:13:40] [391/455] BSPC
[12:13:42] [392/455] SOND
[12:13:44] [393/455] GCKG
[12:13:44] [394/455] PCDB
[12:13:45] 🔄 Identity reset
[12:13:45] 🔄 Identity rotated (every 10 requests)
[12:13:45] [395/455] PGRC
[12:13:46] [396/455] CSCT
[12:13:47] [397/455] STDA
[12:13:48] [398/455] JAYD
[12:13:49] [399/455] PPPD
[12:13:50] [400/455] KRTT
[12:13:51] [401/455] PTDT
[12:13:52] [402/455] TRSV
[12:13:53] [403/455] VELR
[12:13:54] [404/455] STDT
[12:13:54] 🔄 Identity reset
[12:13:54] 🔄 Identity rotated (every 10 requests)
[12:13:54] [405/455] SATT
[12:13:56] [406/455] KCPM
[12:13:57] [407/455] MFCP
[12:13:57] [408/455] AXMP
[12:13:58] [409/455] LTVB
[12:13:59] [410/455] APST
[12:14:00] [411/455] DTVP
[12:14:01] [412/455] AAVB
[12:14:02] [413/455] PMBL
[12:14:03] [414/455] STKC
[12:14:04] 🔄 Identity reset
[12:14:04] 🔄 Identity rotated (every 10 requests)
[12:14:04] [415/455] KKMA
[12:14:05] [416/455] NMXS
[12:14:05] [417/455] DECX
[12:14:06] [418/455] MAPJ
[12:14:07] [419/455] SMLK
[12:14:08] [420/455] PMPU
[12:14:09] [421/455] AFST
[12:14:10] [422/455] SRSY
[12:14:11] [423/455] RMKT
[12:14:11] [424/455] RAJX
[12:14:12] 🔄 Identity reset
[12:14:12] 🔄 Identity rotated (every 10 requests)
[12:14:12] [425/455] UVCD
[12:14:13] [426/455] LISA
[12:14:14] [427/455] LMSR
[12:14:15] [428/455] PMCA
[12:14:16] [429/455] INPO
[12:14:17] [430/455] INGO
[12:14:18] [431/455] HFSQ
[12:14:19] [432/455] INMG
[12:14:20] [433/455] NYCP
[12:14:21] [434/455] HFSV
[12:14:21] 🔄 Identity reset
[12:14:21] 🔄 Identity rotated (every 10 requests)
[12:14:22] [435/455] MMZP
[12:14:23] [436/455] KSES
[12:14:23] [437/455] HFSA
[12:14:24] [438/455] ACMM
[12:14:25] [439/455] RCKD
[12:14:26] [440/455] BCKR
[12:14:27] [441/455] SFCO
[12:14:28] [442/455] JCCB
[12:14:29] [443/455] BCCR
[12:14:30] [444/455] NWCB
[12:14:30] 🔄 Identity reset
[12:14:30] 🔄 Identity rotated (every 10 requests)
[12:14:31] [445/455] SAMT
[12:14:31] [446/455] TMST
[12:14:32] [447/455] SJCN
[12:14:33] [448/455] MCBS
[12:14:34] [449/455] CMKR
[12:14:35] [450/455] INPM
[12:14:36] [451/455] WVMT
[12:14:36] [452/455] NYSM
[12:14:38] [453/455] RCMA
[12:14:39] [454/455] RECM
[12:14:39] 🔄 Identity reset
[12:14:39] 🔄 Identity rotated (every 10 requests)
[12:14:40] [455/455] CYCM
[12:14:41] ✅ DONE | Shows=2420 | Movies=84
[14:09:47] 🚀 BMS DAILY TRACKER STARTED (enhanced anti‑detection)
[14:09:47] [1/455] MXGN
[14:09:48] 🧠 New identity created
[14:09:48] [2/455] PGGM
[14:09:49] [3/455] IPMJ
[14:09:50] [4/455] M2PP
[14:09:51] [5/455] PMMS
[14:09:52] [6/455] SCJN
[14:09:53] [7/455] CPUM
[14:09:54] [8/455] SCND
[14:09:55] [9/455] INWM
[14:09:56] [10/455] DVDC
[14:09:56] 🔄 Identity reset
[14:09:56] 🔄 Identity rotated (every 10 requests)
[14:09:56] 🔄 Retry 1/5 for DVDC in 2.7s
[14:09:56] 🔄 Identity reset
[14:09:59] 🧠 New identity created
[14:09:59] [11/455] WVND
[14:10:00] [12/455] LBDL
[14:10:01] [13/455] CRGM
[14:10:03] [14/455] PVKS
[14:10:04] [15/455] PBLL
[14:10:05] [16/455] FNLN
[14:10:06] [17/455] PPDA
[14:10:06] [18/455] SCPT
[14:10:07] [19/455] IAJS
[14:10:08] 🔄 Identity reset
[14:10:08] 🔄 Identity rotated (every 10 requests)
[14:10:08] [20/455] MMZG
[14:10:09] [21/455] MCTI
[14:10:10] [22/455] PPMF
[14:10:12] [23/455] FNSD
[14:10:12] [24/455] M2RH
[14:10:14] [25/455] CPGV
[14:10:15] [26/455] PECD
[14:10:17] [27/455] CTEE
[14:10:18] [28/455] IOMG
[14:10:18] [29/455] CIJA
[14:10:19] 🔄 Identity reset
[14:10:19] 🔄 Identity rotated (every 10 requests)
[14:10:19] [30/455] NYCG
[14:10:20] [31/455] CEST
[14:10:21] [32/455] WVRG
[14:10:22] [33/455] DPDC
[14:10:23] [34/455] PDIV
[14:10:23] [35/455] MTPP
[14:10:24] [36/455] MHNU
[14:10:25] [37/455] WUPG
[14:10:26] [38/455] USCO
[14:10:27] [39/455] INFR
[14:10:27] 🔄 Identity reset
[14:10:27] 🔄 Identity rotated (every 10 requests)
[14:10:28] [40/455] PVPD
[14:10:29] [41/455] RONC
[14:10:30] [42/455] IOCP
[14:10:31] [43/455] EMPS
[14:10:31] [44/455] PNAD
[14:10:32] [45/455] VVGZ
[14:10:33] [46/455] MDDC
[14:10:34] [47/455] MMAP
[14:10:35] [48/455] GPDC
[14:10:36] [49/455] PVPU
[14:10:36] 🔄 Identity reset
[14:10:36] 🔄 Identity rotated (every 10 requests)
[14:10:37] [50/455] DCMV
[14:10:38] [51/455] PCCF
[14:10:38] [52/455] MCEF
[14:10:39] [53/455] INRD
[14:10:40] [54/455] CCPZ
[14:10:41] [55/455] BCWG
[14:10:42] [56/455] PMGU
[14:10:43] [57/455] MCVM
[14:10:43] [58/455] MCDE
[14:10:44] [59/455] IEFM
[14:10:45] 🔄 Identity reset
[14:10:45] 🔄 Identity rotated (every 10 requests)
[14:10:45] [60/455] MXCS
[14:10:46] [61/455] RNMT
[14:10:47] [62/455] PSDD
[14:10:48] [63/455] PETA
[14:10:49] [64/455] IZOP
[14:10:50] [65/455] PDEI
[14:10:51] [66/455] MTND
[14:10:52] [67/455] PCPL
[14:10:53] [68/455] LSCM
[14:10:54] [69/455] BTFD
[14:10:54] 🔄 Identity reset
[14:10:54] 🔄 Identity rotated (every 10 requests)
[14:10:55] [70/455] MERM
[14:10:56] [71/455] PVMS
[14:10:57] [72/455] CIGK
[14:10:57] [73/455] INSG
[14:10:58] [74/455] IDEN
[14:10:59] [75/455] MCGN
[14:11:00] [76/455] IGAM
[14:11:01] [77/455] SLCU
[14:11:02] [78/455] MIMU
[14:11:03] [79/455] QLAC
[14:11:03] 🔄 Identity reset
[14:11:03] 🔄 Identity rotated (every 10 requests)
[14:11:04] [80/455] MENL
[14:11:05] [81/455] SCUR
[14:11:06] [82/455] MDGD
[14:11:07] [83/455] LSRS
[14:11:08] [84/455] KMLG
[14:11:09] [85/455] MKLJ
[14:11:10] [86/455] IBYG
[14:11:11] [87/455] ISML
[14:11:12] [88/455] MJMM
[14:11:13] [89/455] RCGD
[14:11:13] 🔄 Identity reset
[14:11:13] 🔄 Identity rotated (every 10 requests)
[14:11:14] [90/455] MMOC
[14:11:15] [91/455] RRCO
[14:11:16] [92/455] MEDM
[14:11:17] [93/455] MCAZ
[14:11:19] [94/455] STWA
[14:11:20] [95/455] PFFG
[14:11:21] [96/455] GAGC
[14:11:23] [97/455] PMPM
[14:11:24] [98/455] HVCD
[14:11:25] [99/455] AKRF
[14:11:25] 🔄 Identity reset
[14:11:26] 🔄 Identity rotated (every 10 requests)
[14:11:26] [100/455] AKRC
[14:11:27] [101/455] MIDA
[14:11:27] [102/455] MAGX
[14:11:28] [103/455] ESOS
[14:11:29] [104/455] BBCL
[14:11:30] [105/455] LYAS
[14:11:31] [106/455] NRMS
[14:11:32] [107/455] BHUC
[14:11:33] [108/455] SRIC
[14:11:34] [109/455] PDME
[14:11:34] 🔄 Identity reset
[14:11:34] 🔄 Identity rotated (every 10 requests)
[14:11:35] [110/455] MJCS
[14:11:36] [111/455] NRAA
[14:11:36] [112/455] VATA
[14:11:37] [113/455] MNKC
[14:11:38] [114/455] DHCL
[14:11:39] [115/455] JCPC
[14:11:41] [116/455] CTML
[14:11:42] [117/455] RMMR
[14:11:43] [118/455] STTL
[14:11:44] [119/455] CNPS
[14:11:45] 🔄 Identity reset
[14:11:45] 🔄 Identity rotated (every 10 requests)
[14:11:46] [120/455] ACKL
[14:11:47] [121/455] SCAU
[14:11:48] [122/455] RMIA
[14:11:49] [123/455] MANU
[14:11:49] [124/455] ARDC
[14:11:50] [125/455] GLDA
[14:11:51] [126/455] KVSW
[14:11:53] [127/455] CGCA
[14:11:54] [128/455] CMLO
[14:11:56] [129/455] CECB
[14:11:56] 🔄 Identity reset
[14:11:56] 🔄 Identity rotated (every 10 requests)
[14:11:57] [130/455] RCPN
[14:11:58] [131/455] ASMW
[14:11:58] [132/455] PWLM
[14:11:59] [133/455] ASGM
[14:12:01] [134/455] ACWH
[14:12:02] [135/455] AAPW
[14:12:03] [136/455] RTWA
[14:12:03] [137/455] RAMW
[14:12:04] [138/455] VKTR
[14:12:05] [139/455] SMBH
[14:12:06] 🔄 Identity reset
[14:12:06] 🔄 Identity rotated (every 10 requests)
[14:12:06] [140/455] BVDR
[14:12:07] [141/455] MRTP
[14:12:08] [142/455] BLBR
[14:12:09] [143/455] LPIN
[14:12:10] [144/455] SNPC
[14:12:11] [145/455] PDCB
[14:12:12] [146/455] DYPK
[14:12:13] [147/455] INMK
[14:12:14] [148/455] PDCK
[14:12:14] [149/455] PCKR
[14:12:15] 🔄 Identity reset
[14:12:15] 🔄 Identity rotated (every 10 requests)
[14:12:15] [150/455] SHUA
[14:12:16] [151/455] SCVK
[14:12:17] [152/455] STPA
[14:12:18] [153/455] WVHD
[14:12:19] [154/455] MRCH
[14:12:20] [155/455] MCNP
[14:12:21] [156/455] RCAG
[14:12:23] [157/455] JTSN
[14:12:23] [158/455] AANS
[14:12:24] [159/455] GDDR
[14:12:25] 🔄 Identity reset
[14:12:25] 🔄 Identity rotated (every 10 requests)
[14:12:25] 🔄 Retry 1/5 for GDDR in 2.5s
[14:12:25] 🔄 Identity reset
[14:12:28] 🧠 New identity created
[14:12:28] 🔄 Retry 2/5 for GDDR in 4.3s
[14:12:28] 🔄 Identity reset
[14:12:32] 🧠 New identity created
[14:12:32] [160/455] SRER
[14:12:33] [161/455] JKMA
[14:12:34] [162/455] ARAN
[14:12:35] [163/455] ALCT
[14:12:37] [164/455] CCTA
[14:12:38] [165/455] CNCT
[14:12:39] [166/455] NZBL
[14:12:40] [167/455] SRRA
[14:12:40] 🔄 Identity reset
[14:12:40] 🔄 Identity rotated (every 10 requests)
[14:12:40] [168/455] SVPW
[14:12:41] [169/455] SRTW
[14:12:42] [170/455] XMTD
[14:12:43] [171/455] SCCZ
[14:12:44] [172/455] PBCR
[14:12:45] [173/455] RTSC
[14:12:46] [174/455] TLSV
[14:12:47] [175/455] RMTK
[14:12:48] [176/455] SRAT
[14:12:48] [177/455] GCYC
[14:12:49] 🔄 Identity reset
[14:12:49] 🔄 Identity rotated (every 10 requests)
[14:12:50] [178/455] HCAJ
[14:12:51] [179/455] LCXA
[14:12:52] [180/455] BINT
[14:12:53] [181/455] IXIM
[14:12:54] [182/455] MBCR
[14:12:55] [183/455] BMCJ
[14:12:57] [184/455] NICJ
[14:12:58] [185/455] SCAJ
[14:13:00] [186/455] CMXS
[14:13:01] [187/455] MMSR
[14:13:01] 🔄 Identity reset
[14:13:01] 🔄 Identity rotated (every 10 requests)
[14:13:02] [188/455] PRKT
[14:13:03] [189/455] LPTH
[14:13:04] [190/455] SARP
[14:13:05] [191/455] MNPP
[14:13:06] [192/455] PRLR
[14:13:07] [193/455] RCMW
[14:13:08] [194/455] FCMG
[14:13:09] [195/455] RTNK
[14:13:10] [196/455] LRCP
[14:13:11] [197/455] DBJR
[14:13:11] 🔄 Identity reset
[14:13:11] 🔄 Identity rotated (every 10 requests)
[14:13:12] [198/455] CACN
[14:13:12] [199/455] AMRL
[14:13:13] [200/455] SBBC
[14:13:14] [201/455] VENN
[14:13:15] [202/455] STSS
[14:13:16] [203/455] SMRB
[14:13:17] [204/455] CCMX
[14:13:18] [205/455] KCMR
[14:13:19] [206/455] SALH
[14:13:20] [207/455] CGTT
[14:13:21] 🔄 Identity reset
[14:13:21] 🔄 Identity rotated (every 10 requests)
[14:13:21] [208/455] PMDR
[14:13:22] [209/455] VCPM
[14:13:23] [210/455] RZMX
[14:13:24] [211/455] TMSY
[14:13:25] [212/455] NTMS
[14:13:26] [213/455] VTAG
[14:13:27] [214/455] REMA
[14:13:28] [215/455] NXCC
[14:13:29] [216/455] SKYM
[14:13:30] [217/455] CCMO
[14:13:30] 🔄 Identity reset
[14:13:30] 🔄 Identity rotated (every 10 requests)
[14:13:31] [218/455] DMXM
[14:13:31] [219/455] SPPM
[14:13:32] [220/455] PTKL
[14:13:33] [221/455] SLVO
[14:13:34] [222/455] VASL
[14:13:35] [223/455] CBCM
[14:13:36] [224/455] STMA
[14:13:36] [225/455] LASK
[14:13:37] [226/455] VITE
[14:13:38] [227/455] AAST
[14:13:39] 🔄 Identity reset
[14:13:39] 🔄 Identity rotated (every 10 requests)
[14:13:40] [228/455] JTPT
[14:13:41] [229/455] RRSH
[14:13:42] [230/455] CINL
[14:13:43] [231/455] MCSR
[14:13:44] [232/455] SBCF
[14:13:45] [233/455] GCDU
[14:13:47] [234/455] PSPR
[14:13:48] [235/455] IMMO
[14:13:49] [236/455] CLGM
[14:13:50] [237/455] PBMM
[14:13:50] 🔄 Identity reset
[14:13:50] 🔄 Identity rotated (every 10 requests)
[14:13:51] [238/455] CEHR
[14:13:52] [239/455] CPOE
[14:13:53] [240/455] PGFD
[14:13:54] [241/455] PSLC
[14:13:55] [242/455] MSMD
[14:13:56] [243/455] FMFB
[14:13:57] [244/455] RKCL
[14:13:58] [245/455] PMMC
[14:13:59] [246/455] SKMM
[14:14:00] [247/455] VOIB
[14:14:01] 🔄 Identity reset
[14:14:01] 🔄 Identity rotated (every 10 requests)
[14:14:01] [248/455] KINO
[14:14:02] [249/455] VCTP
[14:14:03] [250/455] PDWR
[14:14:04] [251/455] SAED
[14:14:05] [252/455] SRRT
[14:14:06] [253/455] CVLG
[14:14:07] [254/455] SNGN
[14:14:08] [255/455] SIDA
[14:14:09] [256/455] IMCB
[14:14:10] [257/455] SMHP
[14:14:10] 🔄 Identity reset
[14:14:10] 🔄 Identity rotated (every 10 requests)
[14:14:11] [258/455] GDTY
[14:14:11] [259/455] VYCH
[14:14:12] [260/455] PDYA
[14:14:13] [261/455] RKDO
[14:14:14] [262/455] VECG
[14:14:15] [263/455] NFGD
[14:14:16] [264/455] SNDC
[14:14:17] [265/455] SDJH
[14:14:19] [266/455] HASV
[14:14:20] [267/455] PTYK
[14:14:20] 🔄 Identity reset
[14:14:20] 🔄 Identity rotated (every 10 requests)
[14:14:20] [268/455] MUTB
[14:14:21] [269/455] AMRT
[14:14:22] [270/455] VACD
[14:14:23] [271/455] SKDD
[14:14:24] [272/455] STGR
[14:14:25] [273/455] GDAK
[14:14:26] [274/455] SKHK
[14:14:27] [275/455] SLND
[14:14:28] [276/455] APAP
[14:14:29] [277/455] AYYA
[14:14:29] 🔄 Identity reset
[14:14:29] 🔄 Identity rotated (every 10 requests)
[14:14:30] [278/455] VCCZ
[14:14:30] [279/455] MEML
[14:14:31] [280/455] MAOU
[14:14:32] [281/455] ESND
[14:14:33] [282/455] PTBZ
[14:14:34] [283/455] LBCN
[14:14:35] [284/455] PAWA
[14:14:36] [285/455] ZEIC
[14:14:37] [286/455] CGMM
[14:14:38] [287/455] PJPM
[14:14:38] 🔄 Identity reset
[14:14:38] 🔄 Identity rotated (every 10 requests)
[14:14:38] 🔄 Retry 1/5 for PJPM in 2.8s
[14:14:38] 🔄 Identity reset
[14:14:41] 🧠 New identity created
[14:14:41] [288/455] ECMR
[14:14:42] [289/455] SHMZ
[14:14:43] [290/455] STCA
[14:14:44] [291/455] VDRC
[14:14:45] [292/455] SEEM
[14:14:46] [293/455] MKNS
[14:14:47] [294/455] KPPP
[14:14:48] [295/455] CCML
[14:14:48] [296/455] CIBA
[14:14:49] 🔄 Identity reset
[14:14:49] 🔄 Identity rotated (every 10 requests)
[14:14:50] [297/455] NACS
[14:14:50] [298/455] CTMK
[14:14:52] [299/455] CTCT
[14:14:53] [300/455] MCSN
[14:14:54] [301/455] MAXX
[14:14:54] [302/455] MECB
[14:14:55] [303/455] NTBY
[14:14:56] [304/455] UTBI
[14:14:57] [305/455] RADK
[14:14:58] [306/455] STBY
[14:14:58] 🔄 Identity reset
[14:14:59] 🔄 Identity rotated (every 10 requests)
[14:14:59] [307/455] GTBY
[14:15:00] [308/455] RRMB
[14:15:01] [309/455] ABRN
[14:15:02] [310/455] GTSG
[14:15:03] [311/455] GBTG
[14:15:03] [312/455] SBGS
[14:15:04] [313/455] KBPM
[14:15:05] [314/455] SMHT
[14:15:06] [315/455] VTDM
[14:15:07] [316/455] ASCT
[14:15:08] 🔄 Identity reset
[14:15:08] 🔄 Identity rotated (every 10 requests)
[14:15:08] [317/455] AWCT
[14:15:10] [318/455] DCCU
[14:15:10] [319/455] PSCE
[14:15:11] [320/455] KSNY
[14:15:12] [321/455] ACID
[14:15:13] [322/455] LVCD
[14:15:14] [323/455] KSSB
[14:15:15] [324/455] SWTD
[14:15:17] [325/455] RBMR
[14:15:17] [326/455] SCBC
[14:15:18] 🔄 Identity reset
[14:15:18] 🔄 Identity rotated (every 10 requests)
[14:15:18] [327/455] RKME
[14:15:19] [328/455] GALX
[14:15:21] [329/455] GCCH
[14:15:22] [330/455] RATR
[14:15:23] [331/455] GTGA
[14:15:24] [332/455] LTTR
[14:15:25] [333/455] TTAA
[14:15:26] [334/455] TVHP
[14:15:27] [335/455] KVCS
[14:15:28] [336/455] CBMC
[14:15:29] 🔄 Identity reset
[14:15:29] 🔄 Identity rotated (every 10 requests)
[14:15:29] [337/455] MAYJ
[14:15:30] [338/455] INPR
[14:15:32] [339/455] RSSC
[14:15:33] [340/455] PCAN
[14:15:33] [341/455] PVHR
[14:15:34] [342/455] AGSM
[14:15:35] [343/455] PVES
[14:15:36] [344/455] INTO
[14:15:37] [345/455] ACON
[14:15:38] [346/455] PVPZ
[14:15:39] 🔄 Identity reset
[14:15:39] 🔄 Identity rotated (every 10 requests)
[14:15:39] [347/455] PVHC
[14:15:40] [348/455] KSTK
[14:15:41] [349/455] PVSR
[14:15:41] [350/455] ACTN
[14:15:43] [351/455] FMCN
[14:15:43] [352/455] PABC
[14:15:44] [353/455] SUTC
[14:15:45] [354/455] PGMV
[14:15:46] [355/455] GKCP
[14:15:47] [356/455] INCH
[14:15:47] 🔄 Identity reset
[14:15:47] 🔄 Identity rotated (every 10 requests)
[14:15:47] 🔄 Retry 1/5 for INCH in 2.2s
[14:15:47] 🔄 Identity reset
[14:15:50] 🧠 New identity created
[14:15:50] 🔄 Retry 2/5 for INCH in 4.1s
[14:15:50] 🔄 Identity reset
[14:15:54] 🧠 New identity created
[14:15:54] [357/455] MLMT
[14:15:55] [358/455] SSCC
[14:15:56] [359/455] SLMP
[14:15:57] [360/455] VVTN
[14:15:58] [361/455] SBTR
[14:15:58] [362/455] PGRA
[14:15:59] [363/455] PBRM
[14:16:00] [364/455] GCRP
[14:16:01] 🔄 Identity reset
[14:16:01] 🔄 Identity rotated (every 10 requests)
[14:16:01] 🔄 Retry 1/5 for GCRP in 2.1s
[14:16:01] 🔄 Identity reset
[14:16:03] 🧠 New identity created
[14:16:03] [365/455] MCSK
[14:16:04] [366/455] NLTC
[14:16:05] [367/455] MTLM
[14:16:06] [368/455] VECT
[14:16:08] [369/455] KMRM
[14:16:09] [370/455] RACM
[14:16:09] [371/455] WSTC
[14:16:10] [372/455] PVTJ
[14:16:11] [373/455] MMKC
[14:16:12] 🔄 Identity reset
[14:16:12] 🔄 Identity rotated (every 10 requests)
[14:16:12] [374/455] SVWT
[14:16:13] [375/455] JOTG
[14:16:14] [376/455] VCDK
[14:16:15] [377/455] ANAC
[14:16:16] [378/455] GRTC
[14:16:17] [379/455] JTPL
[14:16:18] [380/455] VRCP
[14:16:19] [381/455] REMC
[14:16:19] [382/455] ATMG
[14:16:21] [383/455] GAHC
[14:16:22] 🔄 Identity reset
[14:16:22] 🔄 Identity rotated (every 10 requests)
[14:16:23] [384/455] JTMV
[14:16:24] [385/455] OMTT
[14:16:24] [386/455] GKKC
[14:16:25] [387/455] BBPO
[14:16:26] [388/455] ZCBB
[14:16:27] [389/455] DCGO
[14:16:28] [390/455] STOP
[14:16:29] [391/455] BSPC
[14:16:30] [392/455] SOND
[14:16:31] [393/455] GCKG
[14:16:32] 🔄 Identity reset
[14:16:32] 🔄 Identity rotated (every 10 requests)
[14:16:33] [394/455] PCDB
[14:16:33] [395/455] PGRC
[14:16:34] [396/455] CSCT
[14:16:35] [397/455] STDA
[14:16:36] [398/455] JAYD
[14:16:37] [399/455] PPPD
[14:16:38] [400/455] KRTT
[14:16:39] [401/455] PTDT
[14:16:40] [402/455] TRSV
[14:16:41] [403/455] VELR
[14:16:42] 🔄 Identity reset
[14:16:42] 🔄 Identity rotated (every 10 requests)
[14:16:42] [404/455] STDT
[14:16:43] [405/455] SATT
[14:16:45] [406/455] KCPM
[14:16:46] [407/455] MFCP
[14:16:46] [408/455] AXMP
[14:16:47] [409/455] LTVB
[14:16:48] [410/455] APST
[14:16:49] [411/455] DTVP
[14:16:50] [412/455] AAVB
[14:16:51] [413/455] PMBL
[14:16:52] 🔄 Identity reset
[14:16:52] 🔄 Identity rotated (every 10 requests)
[14:16:53] [414/455] STKC
[14:16:54] [415/455] KKMA
[14:16:55] [416/455] NMXS
[14:16:55] [417/455] DECX
[14:16:57] [418/455] MAPJ
[14:16:58] [419/455] SMLK
[14:16:59] [420/455] PMPU
[14:17:00] [421/455] AFST
[14:17:01] [422/455] SRSY
[14:17:02] [423/455] RMKT
[14:17:02] 🔄 Identity reset
[14:17:02] 🔄 Identity rotated (every 10 requests)
[14:17:03] [424/455] RAJX
[14:17:04] [425/455] UVCD
[14:17:04] [426/455] LISA
[14:17:05] [427/455] LMSR
[14:17:06] [428/455] PMCA
[14:17:07] [429/455] INPO
[14:17:08] [430/455] INGO
[14:17:09] [431/455] HFSQ
[14:17:10] [432/455] INMG
[14:17:11] [433/455] NYCP
[14:17:11] 🔄 Identity reset
[14:17:11] 🔄 Identity rotated (every 10 requests)
[14:17:12] [434/455] HFSV
[14:17:12] [435/455] MMZP
[14:17:13] [436/455] KSES
[14:17:14] [437/455] HFSA
[14:17:15] [438/455] ACMM
[14:17:16] [439/455] RCKD
[14:17:17] [440/455] BCKR
[14:17:18] [441/455] SFCO
[14:17:18] [442/455] JCCB
[14:17:19] [443/455] BCCR
[14:17:20] 🔄 Identity reset
[14:17:20] 🔄 Identity rotated (every 10 requests)
[14:17:20] [444/455] NWCB
[14:17:21] [445/455] SAMT
[14:17:22] [446/455] TMST
[14:17:24] [447/455] SJCN
[14:17:25] [448/455] MCBS
[14:17:26] [449/455] CMKR
[14:17:26] [450/455] INPM
[14:17:28] [451/455] WVMT
[14:17:29] [452/455] NYSM
[14:17:30] [453/455] RCMA
[14:17:31] 🔄 Identity reset
[14:17:31] 🔄 Identity rotated (every 10 requests)
[14:17:31] [454/455] RECM
[14:17:32] [455/455] CYCM
[14:17:33] ✅ DONE | Shows=3073 | Movies=92
[15:10:01] 🚀 BMS DAILY TRACKER STARTED (enhanced anti‑detection)
[15:10:01] [1/455] MXGN
[15:10:02] 🧠 New identity created
[15:10:03] [2/455] PGGM
[15:10:04] [3/455] IPMJ
[15:10:05] [4/455] M2PP
[15:10:06] [5/455] PMMS
[15:10:07] [6/455] SCJN
[15:10:08] [7/455] CPUM
[15:10:09] [8/455] SCND
[15:10:09] [9/455] INWM
[15:10:10] [10/455] DVDC
[15:10:11] 🔄 Identity reset
[15:10:11] 🔄 Identity rotated (every 10 requests)
[15:10:11] [11/455] WVND
[15:10:12] [12/455] LBDL
[15:10:13] [13/455] CRGM
[15:10:14] [14/455] PVKS
[15:10:15] [15/455] PBLL
[15:10:16] [16/455] FNLN
[15:10:17] [17/455] PPDA
[15:10:17] [18/455] SCPT
[15:10:18] [19/455] IAJS
[15:10:19] [20/455] MMZG
[15:10:20] 🔄 Identity reset
[15:10:20] 🔄 Identity rotated (every 10 requests)
[15:10:20] 🔄 Retry 1/5 for MMZG in 2.5s
[15:10:20] 🔄 Identity reset
[15:10:22] 🧠 New identity created
[15:10:23] [21/455] MCTI
[15:10:24] [22/455] PPMF
[15:10:25] [23/455] FNSD
[15:10:26] [24/455] M2RH
[15:10:27] [25/455] CPGV
[15:10:28] [26/455] PECD
[15:10:29] [27/455] CTEE
[15:10:30] [28/455] IOMG
[15:10:31] [29/455] CIJA
[15:10:32] 🔄 Identity reset
[15:10:32] 🔄 Identity rotated (every 10 requests)
[15:10:32] [30/455] NYCG
[15:10:33] [31/455] CEST
[15:10:34] [32/455] WVRG
[15:10:35] [33/455] DPDC
[15:10:36] [34/455] PDIV
[15:10:37] [35/455] MTPP
[15:10:37] [36/455] MHNU
[15:10:38] [37/455] WUPG
[15:10:40] [38/455] USCO
[15:10:41] [39/455] INFR
[15:10:41] 🔄 Identity reset
[15:10:41] 🔄 Identity rotated (every 10 requests)
[15:10:41] [40/455] PVPD
[15:10:42] [41/455] RONC
[15:10:43] [42/455] IOCP
[15:10:44] [43/455] EMPS
[15:10:45] [44/455] PNAD
[15:10:46] [45/455] VVGZ
[15:10:47] [46/455] MDDC
[15:10:48] [47/455] MMAP
[15:10:48] [48/455] GPDC
[15:10:49] [49/455] PVPU
[15:10:50] 🔄 Identity reset
[15:10:50] 🔄 Identity rotated (every 10 requests)
[15:10:50] [50/455] DCMV
[15:10:51] [51/455] PCCF
[15:10:52] [52/455] MCEF
[15:10:53] [53/455] INRD
[15:10:54] [54/455] CCPZ
[15:10:55] [55/455] BCWG
[15:10:56] [56/455] PMGU
[15:10:56] [57/455] MCVM
[15:10:57] [58/455] MCDE
[15:10:58] [59/455] IEFM
[15:10:59] 🔄 Identity reset
[15:10:59] 🔄 Identity rotated (every 10 requests)
[15:10:59] [60/455] MXCS
[15:11:00] [61/455] RNMT
[15:11:01] [62/455] PSDD
[15:11:02] [63/455] PETA
[15:11:03] [64/455] IZOP
[15:11:04] [65/455] PDEI
[15:11:05] [66/455] MTND
[15:11:05] [67/455] PCPL
[15:11:06] [68/455] LSCM
[15:11:07] [69/455] BTFD
[15:11:08] 🔄 Identity reset
[15:11:08] 🔄 Identity rotated (every 10 requests)
[15:11:08] [70/455] MERM
[15:11:09] [71/455] PVMS
[15:11:11] [72/455] CIGK
[15:11:11] [73/455] INSG
[15:11:12] [74/455] IDEN
[15:11:13] [75/455] MCGN
[15:11:14] [76/455] IGAM
[15:11:15] [77/455] SLCU
[15:11:16] [78/455] MIMU
[15:11:17] [79/455] QLAC
[15:11:17] 🔄 Identity reset
[15:11:17] 🔄 Identity rotated (every 10 requests)
[15:11:17] 🔄 Retry 1/5 for QLAC in 2.1s
[15:11:17] 🔄 Identity reset
[15:11:19] 🧠 New identity created
[15:11:19] 🔄 Retry 2/5 for QLAC in 4.4s
[15:11:19] 🔄 Identity reset
[15:11:24] 🧠 New identity created
[15:11:24] [80/455] MENL
[15:11:25] [81/455] SCUR
[15:11:26] [82/455] MDGD
[15:11:27] [83/455] LSRS
[15:11:27] [84/455] KMLG
[15:11:28] [85/455] MKLJ
[15:11:29] [86/455] IBYG
[15:11:30] [87/455] ISML
[15:11:31] 🔄 Identity reset
[15:11:31] 🔄 Identity rotated (every 10 requests)
[15:11:31] [88/455] MJMM
[15:11:33] [89/455] RCGD
[15:11:34] [90/455] MMOC
[15:11:35] [91/455] RRCO
[15:11:35] [92/455] MEDM
[15:11:36] [93/455] MCAZ
[15:11:37] [94/455] STWA
[15:11:38] [95/455] PFFG
[15:11:39] [96/455] GAGC
[15:11:41] [97/455] PMPM
[15:11:41] 🔄 Identity reset
[15:11:41] 🔄 Identity rotated (every 10 requests)
[15:11:42] [98/455] HVCD
[15:11:43] [99/455] AKRF
[15:11:44] [100/455] AKRC
[15:11:46] [101/455] MIDA
[15:11:47] [102/455] MAGX
[15:11:47] [103/455] ESOS
[15:11:48] [104/455] BBCL
[15:11:49] [105/455] LYAS
[15:11:50] [106/455] NRMS
[15:11:51] [107/455] BHUC
[15:11:51] 🔄 Identity reset
[15:11:51] 🔄 Identity rotated (every 10 requests)
[15:11:52] [108/455] SRIC
[15:11:53] [109/455] PDME
[15:11:53] [110/455] MJCS
[15:11:54] [111/455] NRAA
[15:11:55] [112/455] VATA
[15:11:57] [113/455] MNKC
[15:11:58] [114/455] DHCL
[15:11:59] [115/455] JCPC
[15:12:00] [116/455] CTML
[15:12:00] [117/455] RMMR
[15:12:01] 🔄 Identity reset
[15:12:01] 🔄 Identity rotated (every 10 requests)
[15:12:01] [118/455] STTL
[15:12:02] [119/455] CNPS
[15:12:03] [120/455] ACKL
[15:12:04] [121/455] SCAU
[15:12:05] [122/455] RMIA
[15:12:06] [123/455] MANU
[15:12:07] [124/455] ARDC
[15:12:08] [125/455] GLDA
[15:12:09] [126/455] KVSW
[15:12:10] [127/455] CGCA
[15:12:10] 🔄 Identity reset
[15:12:10] 🔄 Identity rotated (every 10 requests)
[15:12:11] [128/455] CMLO
[15:12:12] [129/455] CECB
[15:12:12] [130/455] RCPN
[15:12:13] [131/455] ASMW
[15:12:14] [132/455] PWLM
[15:12:15] [133/455] ASGM
[15:12:16] [134/455] ACWH
[15:12:17] [135/455] AAPW
[15:12:18] [136/455] RTWA
[15:12:19] [137/455] RAMW
[15:12:19] 🔄 Identity reset
[15:12:19] 🔄 Identity rotated (every 10 requests)
[15:12:20] [138/455] VKTR
[15:12:21] [139/455] SMBH
[15:12:22] [140/455] BVDR
[15:12:23] [141/455] MRTP
[15:12:24] [142/455] BLBR
[15:12:25] [143/455] LPIN
[15:12:26] [144/455] SNPC
[15:12:27] [145/455] PDCB
[15:12:28] [146/455] DYPK
[15:12:29] [147/455] INMK
[15:12:29] 🔄 Identity reset
[15:12:29] 🔄 Identity rotated (every 10 requests)
[15:12:29] [148/455] PDCK
[15:12:30] [149/455] PCKR
[15:12:31] [150/455] SHUA
[15:12:32] [151/455] SCVK
[15:12:33] [152/455] STPA
[15:12:34] [153/455] WVHD
[15:12:35] [154/455] MRCH
[15:12:36] [155/455] MCNP
[15:12:37] [156/455] RCAG
[15:12:38] [157/455] JTSN
[15:12:39] 🔄 Identity reset
[15:12:39] 🔄 Identity rotated (every 10 requests)
[15:12:39] [158/455] AANS
[15:12:40] [159/455] GDDR
[15:12:41] [160/455] SRER
[15:12:42] [161/455] JKMA
[15:12:43] [162/455] ARAN
[15:12:43] [163/455] ALCT
[15:12:44] [164/455] CCTA
[15:12:46] [165/455] CNCT
[15:12:47] [166/455] NZBL
[15:12:48] [167/455] SRRA
[15:12:48] 🔄 Identity reset
[15:12:48] 🔄 Identity rotated (every 10 requests)
[15:12:49] [168/455] SVPW
[15:12:50] [169/455] SRTW
[15:12:50] [170/455] XMTD
[15:12:51] [171/455] SCCZ
[15:12:52] [172/455] PBCR
[15:12:53] [173/455] RTSC
[15:12:54] [174/455] TLSV
[15:12:55] [175/455] RMTK
[15:12:56] [176/455] SRAT
[15:12:57] [177/455] GCYC
[15:12:58] 🔄 Identity reset
[15:12:58] 🔄 Identity rotated (every 10 requests)
[15:12:58] [178/455] HCAJ
[15:12:59] [179/455] LCXA
[15:13:00] [180/455] BINT
[15:13:01] [181/455] IXIM
[15:13:02] [182/455] MBCR
[15:13:03] [183/455] BMCJ
[15:13:04] [184/455] NICJ
[15:13:05] [185/455] SCAJ
[15:13:05] [186/455] CMXS
[15:13:06] [187/455] MMSR
[15:13:07] 🔄 Identity reset
[15:13:07] 🔄 Identity rotated (every 10 requests)
[15:13:07] [188/455] PRKT
[15:13:08] [189/455] LPTH
[15:13:09] [190/455] SARP
[15:13:10] [191/455] MNPP
[15:13:11] [192/455] PRLR
[15:13:12] [193/455] RCMW
[15:13:12] [194/455] FCMG
[15:13:13] [195/455] RTNK
[15:13:14] [196/455] LRCP
[15:13:15] [197/455] DBJR
[15:13:15] 🔄 Identity reset
[15:13:16] 🔄 Identity rotated (every 10 requests)
[15:13:16] [198/455] CACN
[15:13:17] [199/455] AMRL
[15:13:18] [200/455] SBBC
[15:13:19] [201/455] VENN
[15:13:20] [202/455] STSS
[15:13:20] [203/455] SMRB
[15:13:21] [204/455] CCMX
[15:13:22] [205/455] KCMR
[15:13:23] [206/455] SALH
[15:13:24] [207/455] CGTT
[15:13:25] 🔄 Identity reset
[15:13:25] 🔄 Identity rotated (every 10 requests)
[15:13:26] [208/455] PMDR
[15:13:27] [209/455] VCPM
[15:13:27] [210/455] RZMX
[15:13:28] [211/455] TMSY
[15:13:29] [212/455] NTMS
[15:13:30] [213/455] VTAG
[15:13:31] [214/455] REMA
[15:13:32] [215/455] NXCC
[15:13:33] [216/455] SKYM
[15:13:34] [217/455] CCMO
[15:13:35] 🔄 Identity reset
[15:13:35] 🔄 Identity rotated (every 10 requests)
[15:13:35] 🔄 Retry 1/5 for CCMO in 2.0s
[15:13:35] 🔄 Identity reset
[15:13:37] 🧠 New identity created
[15:13:37] [218/455] DMXM
[15:13:38] [219/455] SPPM
[15:13:39] [220/455] PTKL
[15:13:40] [221/455] SLVO
[15:13:41] [222/455] VASL
[15:13:42] [223/455] CBCM
[15:13:42] [224/455] STMA
[15:13:43] [225/455] LASK
[15:13:44] [226/455] VITE
[15:13:45] 🔄 Identity reset
[15:13:45] 🔄 Identity rotated (every 10 requests)
[15:13:46] [227/455] AAST
[15:13:47] [228/455] JTPT
[15:13:48] [229/455] RRSH
[15:13:49] [230/455] CINL
[15:13:49] [231/455] MCSR
[15:13:50] [232/455] SBCF
[15:13:51] [233/455] GCDU
[15:13:52] [234/455] PSPR
[15:13:53] [235/455] IMMO
[15:13:55] [236/455] CLGM
[15:13:55] 🔄 Identity reset
[15:13:55] 🔄 Identity rotated (every 10 requests)
[15:13:55] [237/455] PBMM
[15:13:56] [238/455] CEHR
[15:13:57] [239/455] CPOE
[15:13:58] [240/455] PGFD
[15:13:59] [241/455] PSLC
[15:14:00] [242/455] MSMD
[15:14:01] [243/455] FMFB
[15:14:02] [244/455] RKCL
[15:14:03] [245/455] PMMC
[15:14:04] [246/455] SKMM
[15:14:04] 🔄 Identity reset
[15:14:04] 🔄 Identity rotated (every 10 requests)
[15:14:05] [247/455] VOIB
[15:14:06] [248/455] KINO
[15:14:07] [249/455] VCTP
[15:14:08] [250/455] PDWR
[15:14:10] [251/455] SAED
[15:14:11] [252/455] SRRT
[15:14:12] [253/455] CVLG
[15:14:13] [254/455] SNGN
[15:14:13] [255/455] SIDA
[15:14:14] [256/455] IMCB
[15:14:15] 🔄 Identity reset
[15:14:15] 🔄 Identity rotated (every 10 requests)
[15:14:15] [257/455] SMHP
[15:14:16] [258/455] GDTY
[15:14:17] [259/455] VYCH
[15:14:18] [260/455] PDYA
[15:14:18] [261/455] RKDO
[15:14:19] [262/455] VECG
[15:14:20] [263/455] NFGD
[15:14:21] [264/455] SNDC
[15:14:22] [265/455] SDJH
[15:14:23] [266/455] HASV
[15:14:24] 🔄 Identity reset
[15:14:24] 🔄 Identity rotated (every 10 requests)
[15:14:24] [267/455] PTYK
[15:14:25] [268/455] MUTB
[15:14:26] [269/455] AMRT
[15:14:27] [270/455] VACD
[15:14:28] [271/455] SKDD
[15:14:29] [272/455] STGR
[15:14:30] [273/455] GDAK
[15:14:30] [274/455] SKHK
[15:14:31] [275/455] SLND
[15:14:32] [276/455] APAP
[15:14:33] 🔄 Identity reset
[15:14:33] 🔄 Identity rotated (every 10 requests)
[15:14:33] [277/455] AYYA
[15:14:34] [278/455] VCCZ
[15:14:35] [279/455] MEML
[15:14:36] [280/455] MAOU
[15:14:36] [281/455] ESND
[15:14:37] [282/455] PTBZ
[15:14:38] [283/455] LBCN
[15:14:39] [284/455] PAWA
[15:14:40] [285/455] ZEIC
[15:14:41] [286/455] CGMM
[15:14:41] 🔄 Identity reset
[15:14:41] 🔄 Identity rotated (every 10 requests)
[15:14:42] [287/455] PJPM
[15:14:42] [288/455] ECMR
[15:14:43] [289/455] SHMZ
[15:14:44] [290/455] STCA
[15:14:45] [291/455] VDRC
[15:14:46] [292/455] SEEM
[15:14:47] [293/455] MKNS
[15:14:48] [294/455] KPPP
[15:14:49] [295/455] CCML
[15:14:50] [296/455] CIBA
[15:14:51] 🔄 Identity reset
[15:14:51] 🔄 Identity rotated (every 10 requests)
[15:14:51] [297/455] NACS
[15:14:53] [298/455] CTMK
[15:14:54] [299/455] CTCT
[15:14:54] [300/455] MCSN
[15:14:55] [301/455] MAXX
[15:14:56] [302/455] MECB
[15:14:57] [303/455] NTBY
[15:14:58] [304/455] UTBI
[15:14:59] [305/455] RADK
[15:15:00] [306/455] STBY
[15:15:00] 🔄 Identity reset
[15:15:00] 🔄 Identity rotated (every 10 requests)
[15:15:01] [307/455] GTBY
[15:15:02] [308/455] RRMB
[15:15:02] [309/455] ABRN
[15:15:03] [310/455] GTSG
[15:15:04] [311/455] GBTG
[15:15:05] [312/455] SBGS
[15:15:06] [313/455] KBPM
[15:15:07] [314/455] SMHT
[15:15:08] [315/455] VTDM
[15:15:08] [316/455] ASCT
[15:15:09] 🔄 Identity reset
[15:15:09] 🔄 Identity rotated (every 10 requests)
[15:15:09] [317/455] AWCT
[15:15:10] [318/455] DCCU
[15:15:11] [319/455] PSCE
[15:15:12] [320/455] KSNY
[15:15:13] [321/455] ACID
[15:15:14] [322/455] LVCD
[15:15:15] [323/455] KSSB
[15:15:16] [324/455] SWTD
[15:15:16] [325/455] RBMR
[15:15:17] [326/455] SCBC
[15:15:18] 🔄 Identity reset
[15:15:18] 🔄 Identity rotated (every 10 requests)
[15:15:18] [327/455] RKME
[15:15:19] [328/455] GALX
[15:15:20] [329/455] GCCH
[15:15:21] [330/455] RATR
[15:15:22] [331/455] GTGA
[15:15:22] [332/455] LTTR
[15:15:23] [333/455] TTAA
[15:15:24] [334/455] TVHP
[15:15:25] [335/455] KVCS
[15:15:26] [336/455] CBMC
[15:15:27] 🔄 Identity reset
[15:15:27] 🔄 Identity rotated (every 10 requests)
[15:15:27] [337/455] MAYJ
[15:15:28] [338/455] INPR
[15:15:29] [339/455] RSSC
[15:15:30] [340/455] PCAN
[15:15:31] [341/455] PVHR
[15:15:31] [342/455] AGSM
[15:15:32] [343/455] PVES
[15:15:33] [344/455] INTO
[15:15:34] [345/455] ACON
[15:15:35] [346/455] PVPZ
[15:15:35] 🔄 Identity reset
[15:15:35] 🔄 Identity rotated (every 10 requests)
[15:15:36] [347/455] PVHC
[15:15:37] [348/455] KSTK
[15:15:37] [349/455] PVSR
[15:15:38] [350/455] ACTN
[15:15:40] [351/455] FMCN
[15:15:41] [352/455] PABC
[15:15:42] [353/455] SUTC
[15:15:43] [354/455] PGMV
[15:15:44] [355/455] GKCP
[15:15:45] [356/455] INCH
[15:15:46] 🔄 Identity reset
[15:15:46] 🔄 Identity rotated (every 10 requests)
[15:15:46] [357/455] MLMT
[15:15:47] [358/455] SSCC
[15:15:48] [359/455] SLMP
[15:15:49] [360/455] VVTN
[15:15:50] [361/455] SBTR
[15:15:50] [362/455] PGRA
[15:15:51] [363/455] PBRM
[15:15:52] [364/455] GCRP
[15:15:54] [365/455] MCSK
[15:15:54] [366/455] NLTC
[15:15:55] 🔄 Identity reset
[15:15:55] 🔄 Identity rotated (every 10 requests)
[15:15:55] [367/455] MTLM
[15:15:56] [368/455] VECT
[15:15:57] [369/455] KMRM
[15:15:58] [370/455] RACM
[15:15:59] [371/455] WSTC
[15:16:00] [372/455] PVTJ
[15:16:01] [373/455] MMKC
[15:16:02] [374/455] SVWT
[15:16:03] [375/455] JOTG
[15:16:04] [376/455] VCDK
[15:16:04] 🔄 Identity reset
[15:16:04] 🔄 Identity rotated (every 10 requests)
[15:16:04] [377/455] ANAC
[15:16:05] [378/455] GRTC
[15:16:06] [379/455] JTPL
[15:16:07] [380/455] VRCP
[15:16:08] [381/455] REMC
[15:16:09] [382/455] ATMG
[15:16:10] [383/455] GAHC
[15:16:11] [384/455] JTMV
[15:16:12] [385/455] OMTT
[15:16:13] [386/455] GKKC
[15:16:13] 🔄 Identity reset
[15:16:13] 🔄 Identity rotated (every 10 requests)
[15:16:14] [387/455] BBPO
[15:16:14] [388/455] ZCBB
[15:16:16] [389/455] DCGO
[15:16:17] [390/455] STOP
[15:16:18] [391/455] BSPC
[15:16:19] [392/455] SOND
[15:16:19] [393/455] GCKG
[15:16:20] [394/455] PCDB
[15:16:21] [395/455] PGRC
[15:16:22] [396/455] CSCT
[15:16:23] 🔄 Identity reset
[15:16:23] 🔄 Identity rotated (every 10 requests)
[15:16:23] [397/455] STDA
[15:16:24] [398/455] JAYD
[15:16:25] [399/455] PPPD
[15:16:26] [400/455] KRTT
[15:16:27] [401/455] PTDT
[15:16:28] [402/455] TRSV
[15:16:29] [403/455] VELR
[15:16:30] [404/455] STDT
[15:16:30] [405/455] SATT
[15:16:31] [406/455] KCPM
[15:16:32] 🔄 Identity reset
[15:16:32] 🔄 Identity rotated (every 10 requests)
[15:16:32] [407/455] MFCP
[15:16:33] [408/455] AXMP
[15:16:35] [409/455] LTVB
[15:16:36] [410/455] APST
[15:16:36] [411/455] DTVP
[15:16:37] [412/455] AAVB
[15:16:38] [413/455] PMBL
[15:16:39] [414/455] STKC
[15:16:40] [415/455] KKMA
[15:16:41] [416/455] NMXS
[15:16:42] 🔄 Identity reset
[15:16:42] 🔄 Identity rotated (every 10 requests)
[15:16:42] [417/455] DECX
[15:16:43] [418/455] MAPJ
[15:16:44] [419/455] SMLK
[15:16:44] [420/455] PMPU
[15:16:45] [421/455] AFST
[15:16:46] [422/455] SRSY
[15:16:47] [423/455] RMKT
[15:16:48] [424/455] RAJX
[15:16:49] [425/455] UVCD
[15:16:50] [426/455] LISA
[15:16:50] 🔄 Identity reset
[15:16:50] 🔄 Identity rotated (every 10 requests)
[15:16:51] [427/455] LMSR
[15:16:52] [428/455] PMCA
[15:16:53] [429/455] INPO
[15:16:54] [430/455] INGO
[15:16:54] [431/455] HFSQ
[15:16:55] [432/455] INMG
[15:16:56] [433/455] NYCP
[15:16:57] [434/455] HFSV
[15:16:58] [435/455] MMZP
[15:16:58] [436/455] KSES
[15:16:59] 🔄 Identity reset
[15:16:59] 🔄 Identity rotated (every 10 requests)
[15:16:59] [437/455] HFSA
[15:17:00] [438/455] ACMM
[15:17:02] [439/455] RCKD
[15:17:03] [440/455] BCKR
[15:17:03] [441/455] SFCO
[15:17:04] [442/455] JCCB
[15:17:05] [443/455] BCCR
[15:17:07] [444/455] NWCB
[15:17:07] [445/455] SAMT
[15:17:08] [446/455] TMST
[15:17:09] 🔄 Identity reset
[15:17:09] 🔄 Identity rotated (every 10 requests)
[15:17:10] [447/455] SJCN
[15:17:11] [448/455] MCBS
[15:17:12] [449/455] CMKR
[15:17:13] [450/455] INPM
[15:17:13] [451/455] WVMT
[15:17:14] [452/455] NYSM
[15:17:15] [453/455] RCMA
[15:17:16] [454/455] RECM
[15:17:18] [455/455] CYCM
[15:17:19] ✅ DONE | Shows=3444 | Movies=93
[16:09:39] 🚀 BMS DAILY TRACKER STARTED (enhanced anti‑detection)
[16:09:39] [1/455] MXGN
[16:09:40] 🧠 New identity created
[16:09:40] [2/455] PGGM
[16:09:41] [3/455] IPMJ
[16:09:42] [4/455] M2PP
[16:09:43] [5/455] PMMS
[16:09:44] [6/455] SCJN
[16:09:45] [7/455] CPUM
[16:09:46] [8/455] SCND
[16:09:46] [9/455] INWM
[16:09:48] [10/455] DVDC
[16:09:48] 🔄 Identity reset
[16:09:48] 🔄 Identity rotated (every 10 requests)
[16:09:49] [11/455] WVND
[16:09:49] [12/455] LBDL
[16:09:50] [13/455] CRGM
[16:09:51] [14/455] PVKS
[16:09:52] [15/455] PBLL
[16:09:53] [16/455] FNLN
[16:09:54] [17/455] PPDA
[16:09:55] [18/455] SCPT
[16:09:56] [19/455] IAJS
[16:09:57] [20/455] MMZG
[16:09:57] 🔄 Identity reset
[16:09:57] 🔄 Identity rotated (every 10 requests)
[16:09:57] [21/455] MCTI
[16:09:58] [22/455] PPMF
[16:09:59] [23/455] FNSD
[16:10:00] [24/455] M2RH
[16:10:01] [25/455] CPGV
[16:10:02] [26/455] PECD
[16:10:03] [27/455] CTEE
[16:10:03] [28/455] IOMG
[16:10:04] [29/455] CIJA
[16:10:05] [30/455] NYCG
[16:10:06] 🔄 Identity reset
[16:10:06] 🔄 Identity rotated (every 10 requests)
[16:10:06] [31/455] CEST
[16:10:07] [32/455] WVRG
[16:10:08] [33/455] DPDC
[16:10:09] [34/455] PDIV
[16:10:09] [35/455] MTPP
[16:10:10] [36/455] MHNU
[16:10:11] [37/455] WUPG
[16:10:12] [38/455] USCO
[16:10:13] [39/455] INFR
[16:10:14] [40/455] PVPD
[16:10:14] 🔄 Identity reset
[16:10:14] 🔄 Identity rotated (every 10 requests)
[16:10:15] [41/455] RONC
[16:10:16] [42/455] IOCP
[16:10:16] [43/455] EMPS
[16:10:17] [44/455] PNAD
[16:10:18] [45/455] VVGZ
[16:10:19] [46/455] MDDC
[16:10:20] [47/455] MMAP
[16:10:20] [48/455] GPDC
[16:10:21] [49/455] PVPU
[16:10:22] [50/455] DCMV
[16:10:23] 🔄 Identity reset
[16:10:23] 🔄 Identity rotated (every 10 requests)
[16:10:24] [51/455] PCCF
[16:10:24] [52/455] MCEF
[16:10:25] [53/455] INRD
[16:10:26] [54/455] CCPZ
[16:10:27] [55/455] BCWG
[16:10:28] [56/455] PMGU
[16:10:29] [57/455] MCVM
[16:10:30] [58/455] MCDE
[16:10:30] [59/455] IEFM
[16:10:31] [60/455] MXCS
[16:10:32] 🔄 Identity reset
[16:10:32] 🔄 Identity rotated (every 10 requests)
[16:10:32] [61/455] RNMT
[16:10:33] [62/455] PSDD
[16:10:34] [63/455] PETA
[16:10:35] [64/455] IZOP
[16:10:35] [65/455] PDEI
[16:10:36] [66/455] MTND
[16:10:37] [67/455] PCPL
[16:10:38] [68/455] LSCM
[16:10:39] [69/455] BTFD
[16:10:40] [70/455] MERM
[16:10:41] 🔄 Identity reset
[16:10:41] 🔄 Identity rotated (every 10 requests)
[16:10:41] [71/455] PVMS
[16:10:43] [72/455] CIGK
[16:10:43] [73/455] INSG
[16:10:44] [74/455] IDEN
[16:10:45] [75/455] MCGN
[16:10:46] [76/455] IGAM
[16:10:47] [77/455] SLCU
[16:10:48] [78/455] MIMU
[16:10:49] [79/455] QLAC
[16:10:49] [80/455] MENL
[16:10:50] 🔄 Identity reset
[16:10:50] 🔄 Identity rotated (every 10 requests)
[16:10:50] 🔄 Retry 1/5 for MENL in 2.2s
[16:10:50] 🔄 Identity reset
[16:10:52] 🧠 New identity created
[16:10:53] [81/455] SCUR
[16:10:54] [82/455] MDGD
[16:10:54] [83/455] LSRS
[16:10:56] [84/455] KMLG
[16:10:57] [85/455] MKLJ
[16:10:58] [86/455] IBYG
[16:11:00] [87/455] ISML
[16:11:01] [88/455] MJMM
[16:11:01] [89/455] RCGD
[16:11:02] 🔄 Identity reset
[16:11:02] 🔄 Identity rotated (every 10 requests)
[16:11:02] [90/455] MMOC
[16:11:03] [91/455] RRCO
[16:11:04] [92/455] MEDM
[16:11:05] [93/455] MCAZ
[16:11:06] [94/455] STWA
[16:11:07] [95/455] PFFG
[16:11:08] [96/455] GAGC
[16:11:10] [97/455] PMPM
[16:11:11] [98/455] HVCD
[16:11:11] [99/455] AKRF
[16:11:12] 🔄 Identity reset
[16:11:12] 🔄 Identity rotated (every 10 requests)
[16:11:13] [100/455] AKRC
[16:11:14] [101/455] MIDA
[16:11:15] [102/455] MAGX
[16:11:15] [103/455] ESOS
[16:11:16] [104/455] BBCL
[16:11:17] [105/455] LYAS
[16:11:18] [106/455] NRMS
[16:11:19] [107/455] BHUC
[16:11:20] [108/455] SRIC
[16:11:20] [109/455] PDME
[16:11:21] 🔄 Identity reset
[16:11:21] 🔄 Identity rotated (every 10 requests)
[16:11:21] [110/455] MJCS
[16:11:22] [111/455] NRAA
[16:11:23] [112/455] VATA
[16:11:24] [113/455] MNKC
[16:11:25] [114/455] DHCL
[16:11:26] [115/455] JCPC
[16:11:27] [116/455] CTML
[16:11:28] [117/455] RMMR
[16:11:29] [118/455] STTL
[16:11:30] [119/455] CNPS
[16:11:30] 🔄 Identity reset
[16:11:30] 🔄 Identity rotated (every 10 requests)
[16:11:31] [120/455] ACKL
[16:11:32] [121/455] SCAU
[16:11:33] [122/455] RMIA
[16:11:34] [123/455] MANU
[16:11:35] [124/455] ARDC
[16:11:36] [125/455] GLDA
[16:11:37] [126/455] KVSW
[16:11:38] [127/455] CGCA
[16:11:39] [128/455] CMLO
[16:11:40] [129/455] CECB
[16:11:40] 🔄 Identity reset
[16:11:40] 🔄 Identity rotated (every 10 requests)
[16:11:40] [130/455] RCPN
[16:11:41] [131/455] ASMW
[16:11:42] [132/455] PWLM
[16:11:43] [133/455] ASGM
[16:11:44] [134/455] ACWH
[16:11:45] [135/455] AAPW
[16:11:46] [136/455] RTWA
[16:11:46] [137/455] RAMW
[16:11:47] [138/455] VKTR
[16:11:48] [139/455] SMBH
[16:11:49] 🔄 Identity reset
[16:11:49] 🔄 Identity rotated (every 10 requests)
[16:11:49] [140/455] BVDR
[16:11:50] [141/455] MRTP
[16:11:50] [142/455] BLBR
[16:11:51] [143/455] LPIN
[16:11:52] [144/455] SNPC
[16:11:53] [145/455] PDCB
[16:11:54] [146/455] DYPK
[16:11:55] [147/455] INMK
[16:11:55] [148/455] PDCK
[16:11:56] [149/455] PCKR
[16:11:57] 🔄 Identity reset
[16:11:57] 🔄 Identity rotated (every 10 requests)
[16:11:57] [150/455] SHUA
[16:11:58] [151/455] SCVK
[16:11:58] [152/455] STPA
[16:11:59] [153/455] WVHD
[16:12:00] [154/455] MRCH
[16:12:01] [155/455] MCNP
[16:12:02] [156/455] RCAG
[16:12:03] [157/455] JTSN
[16:12:03] [158/455] AANS
[16:12:04] [159/455] GDDR
[16:12:05] 🔄 Identity reset
[16:12:05] 🔄 Identity rotated (every 10 requests)
[16:12:05] [160/455] SRER
[16:12:06] [161/455] JKMA
[16:12:07] [162/455] ARAN
[16:12:07] [163/455] ALCT
[16:12:08] [164/455] CCTA
[16:12:10] [165/455] CNCT
[16:12:10] [166/455] NZBL
[16:12:11] [167/455] SRRA
[16:12:12] [168/455] SVPW
[16:12:13] [169/455] SRTW
[16:12:13] 🔄 Identity reset
[16:12:13] 🔄 Identity rotated (every 10 requests)
[16:12:14] 🔄 Retry 1/5 for SRTW in 2.7s
[16:12:14] 🔄 Identity reset
[16:12:16] 🧠 New identity created
[16:12:16] [170/455] XMTD
[16:12:17] [171/455] SCCZ
[16:12:18] [172/455] PBCR
[16:12:19] [173/455] RTSC
[16:12:20] [174/455] TLSV
[16:12:20] [175/455] RMTK
[16:12:21] [176/455] SRAT
[16:12:22] [177/455] GCYC
[16:12:24] [178/455] HCAJ
[16:12:24] 🔄 Identity reset
[16:12:24] 🔄 Identity rotated (every 10 requests)
[16:12:24] [179/455] LCXA
[16:12:25] [180/455] BINT
[16:12:26] [181/455] IXIM
[16:12:27] [182/455] MBCR
[16:12:28] [183/455] BMCJ
[16:12:29] [184/455] NICJ
[16:12:30] [185/455] SCAJ
[16:12:30] [186/455] CMXS
[16:12:31] [187/455] MMSR
[16:12:32] [188/455] PRKT
[16:12:33] 🔄 Identity reset
[16:12:33] 🔄 Identity rotated (every 10 requests)
[16:12:33] [189/455] LPTH
[16:12:34] [190/455] SARP
[16:12:35] [191/455] MNPP
[16:12:35] [192/455] PRLR
[16:12:36] [193/455] RCMW
[16:12:37] [194/455] FCMG
[16:12:38] [195/455] RTNK
[16:12:39] [196/455] LRCP
[16:12:40] [197/455] DBJR
[16:12:41] [198/455] CACN
[16:12:41] 🔄 Identity reset
[16:12:41] 🔄 Identity rotated (every 10 requests)
[16:12:42] [199/455] AMRL
[16:12:43] [200/455] SBBC
[16:12:43] [201/455] VENN
[16:12:44] [202/455] STSS
[16:12:45] [203/455] SMRB
[16:12:46] [204/455] CCMX
[16:12:46] [205/455] KCMR
[16:12:47] [206/455] SALH
[16:12:48] [207/455] CGTT
[16:12:49] [208/455] PMDR
[16:12:50] 🔄 Identity reset
[16:12:50] 🔄 Identity rotated (every 10 requests)
[16:12:50] [209/455] VCPM
[16:12:51] [210/455] RZMX
[16:12:52] [211/455] TMSY
[16:12:53] [212/455] NTMS
[16:12:54] [213/455] VTAG
[16:12:55] [214/455] REMA
[16:12:55] [215/455] NXCC
[16:12:57] [216/455] SKYM
[16:12:58] [217/455] CCMO
[16:12:59] [218/455] DMXM
[16:13:00] 🔄 Identity reset
[16:13:00] 🔄 Identity rotated (every 10 requests)
[16:13:01] [219/455] SPPM
[16:13:02] [220/455] PTKL
[16:13:02] [221/455] SLVO
[16:13:03] [222/455] VASL
[16:13:04] [223/455] CBCM
[16:13:05] [224/455] STMA
[16:13:06] [225/455] LASK
[16:13:07] [226/455] VITE
[16:13:08] [227/455] AAST
[16:13:09] [228/455] JTPT
[16:13:10] 🔄 Identity reset
[16:13:10] 🔄 Identity rotated (every 10 requests)
[16:13:10] [229/455] RRSH
[16:13:11] [230/455] CINL
[16:13:12] [231/455] MCSR
[16:13:13] [232/455] SBCF
[16:13:14] [233/455] GCDU
[16:13:14] [234/455] PSPR
[16:13:15] [235/455] IMMO
[16:13:16] [236/455] CLGM
[16:13:17] [237/455] PBMM
[16:13:18] [238/455] CEHR
[16:13:18] 🔄 Identity reset
[16:13:18] 🔄 Identity rotated (every 10 requests)
[16:13:19] [239/455] CPOE
[16:13:20] [240/455] PGFD
[16:13:21] [241/455] PSLC
[16:13:21] [242/455] MSMD
[16:13:22] [243/455] FMFB
[16:13:23] [244/455] RKCL
[16:13:24] [245/455] PMMC
[16:13:25] [246/455] SKMM
[16:13:26] [247/455] VOIB
[16:13:27] [248/455] KINO
[16:13:27] 🔄 Identity reset
[16:13:27] 🔄 Identity rotated (every 10 requests)
[16:13:28] [249/455] VCTP
[16:13:30] [250/455] PDWR
[16:13:31] [251/455] SAED
[16:13:32] [252/455] SRRT
[16:13:33] [253/455] CVLG
[16:13:35] [254/455] SNGN
[16:13:36] [255/455] SIDA
[16:13:36] [256/455] IMCB
[16:13:37] [257/455] SMHP
[16:13:38] [258/455] GDTY
[16:13:39] 🔄 Identity reset
[16:13:39] 🔄 Identity rotated (every 10 requests)
[16:13:39] 🔄 Retry 1/5 for GDTY in 2.9s
[16:13:39] 🔄 Identity reset
[16:13:42] 🧠 New identity created
[16:13:42] [259/455] VYCH
[16:13:43] [260/455] PDYA
[16:13:44] [261/455] RKDO
[16:13:44] [262/455] VECG
[16:13:45] [263/455] NFGD
[16:13:46] [264/455] SNDC
[16:13:47] [265/455] SDJH
[16:13:48] [266/455] HASV
[16:13:49] [267/455] PTYK
[16:13:50] 🔄 Identity reset
[16:13:50] 🔄 Identity rotated (every 10 requests)
[16:13:50] [268/455] MUTB
[16:13:51] [269/455] AMRT
[16:13:52] [270/455] VACD
[16:13:53] [271/455] SKDD
[16:13:53] [272/455] STGR
[16:13:54] [273/455] GDAK
[16:13:55] [274/455] SKHK
[16:13:56] [275/455] SLND
[16:13:57] [276/455] APAP
[16:13:57] [277/455] AYYA
[16:13:58] 🔄 Identity reset
[16:13:58] 🔄 Identity rotated (every 10 requests)
[16:13:58] [278/455] VCCZ
[16:13:59] [279/455] MEML
[16:14:00] [280/455] MAOU
[16:14:01] [281/455] ESND
[16:14:01] [282/455] PTBZ
[16:14:02] [283/455] LBCN
[16:14:03] [284/455] PAWA
[16:14:04] [285/455] ZEIC
[16:14:04] [286/455] CGMM
[16:14:06] [287/455] PJPM
[16:14:06] 🔄 Identity reset
[16:14:06] 🔄 Identity rotated (every 10 requests)
[16:14:07] [288/455] ECMR
[16:14:07] [289/455] SHMZ
[16:14:08] [290/455] STCA
[16:14:09] [291/455] VDRC
[16:14:10] [292/455] SEEM
[16:14:11] [293/455] MKNS
[16:14:11] [294/455] KPPP
[16:14:12] [295/455] CCML
[16:14:13] [296/455] CIBA
[16:14:14] [297/455] NACS
[16:14:15] 🔄 Identity reset
[16:14:15] 🔄 Identity rotated (every 10 requests)
[16:14:15] [298/455] CTMK
[16:14:16] [299/455] CTCT
[16:14:17] [300/455] MCSN
[16:14:17] [301/455] MAXX
[16:14:18] [302/455] MECB
[16:14:19] [303/455] NTBY
[16:14:20] [304/455] UTBI
[16:14:20] [305/455] RADK
[16:14:21] [306/455] STBY
[16:14:22] [307/455] GTBY
[16:14:22] 🔄 Identity reset
[16:14:22] 🔄 Identity rotated (every 10 requests)
[16:14:23] [308/455] RRMB
[16:14:24] [309/455] ABRN
[16:14:25] [310/455] GTSG
[16:14:25] [311/455] GBTG
[16:14:26] [312/455] SBGS
[16:14:27] [313/455] KBPM
[16:14:29] [314/455] SMHT
[16:14:30] [315/455] VTDM
[16:14:30] [316/455] ASCT
[16:14:31] [317/455] AWCT
[16:14:32] 🔄 Identity reset
[16:14:32] 🔄 Identity rotated (every 10 requests)
[16:14:32] [318/455] DCCU
[16:14:33] [319/455] PSCE
[16:14:34] [320/455] KSNY
[16:14:35] [321/455] ACID
[16:14:35] [322/455] LVCD
[16:14:36] [323/455] KSSB
[16:14:37] [324/455] SWTD
[16:14:38] [325/455] RBMR
[16:14:39] [326/455] SCBC
[16:14:40] [327/455] RKME
[16:14:41] 🔄 Identity reset
[16:14:41] 🔄 Identity rotated (every 10 requests)
[16:14:42] [328/455] GALX
[16:14:43] [329/455] GCCH
[16:14:44] [330/455] RATR
[16:14:45] [331/455] GTGA
[16:14:46] [332/455] LTTR
[16:14:47] [333/455] TTAA
[16:14:48] [334/455] TVHP
[16:14:49] [335/455] KVCS
[16:14:50] [336/455] CBMC
[16:14:51] [337/455] MAYJ
[16:14:52] 🔄 Identity reset
[16:14:52] 🔄 Identity rotated (every 10 requests)
[16:14:52] 🔄 Retry 1/5 for MAYJ in 2.4s
[16:14:52] 🔄 Identity reset
[16:14:54] 🧠 New identity created
[16:14:54] 🔄 Retry 2/5 for MAYJ in 5.0s
[16:14:54] 🔄 Identity reset
[16:14:59] 🧠 New identity created
[16:15:00] [338/455] INPR
[16:15:01] [339/455] RSSC
[16:15:02] [340/455] PCAN
[16:15:03] [341/455] PVHR
[16:15:04] [342/455] AGSM
[16:15:04] [343/455] PVES
[16:15:05] [344/455] INTO
[16:15:06] [345/455] ACON
[16:15:07] 🔄 Identity reset
[16:15:07] 🔄 Identity rotated (every 10 requests)
[16:15:07] [346/455] PVPZ
[16:15:08] [347/455] PVHC
[16:15:09] [348/455] KSTK
[16:15:10] [349/455] PVSR
[16:15:11] [350/455] ACTN
[16:15:11] [351/455] FMCN
[16:15:12] [352/455] PABC
[16:15:13] [353/455] SUTC
[16:15:14] [354/455] PGMV
[16:15:15] [355/455] GKCP
[16:15:16] 🔄 Identity reset
[16:15:16] 🔄 Identity rotated (every 10 requests)
[16:15:16] [356/455] INCH
[16:15:17] [357/455] MLMT
[16:15:18] [358/455] SSCC
[16:15:19] [359/455] SLMP
[16:15:19] [360/455] VVTN
[16:15:20] [361/455] SBTR
[16:15:21] [362/455] PGRA
[16:15:22] [363/455] PBRM
[16:15:23] [364/455] GCRP
[16:15:24] [365/455] MCSK
[16:15:24] 🔄 Identity reset
[16:15:24] 🔄 Identity rotated (every 10 requests)
[16:15:24] [366/455] NLTC
[16:15:25] [367/455] MTLM
[16:15:27] [368/455] VECT
[16:15:28] [369/455] KMRM
[16:15:29] [370/455] RACM
[16:15:30] [371/455] WSTC
[16:15:30] [372/455] PVTJ
[16:15:31] [373/455] MMKC
[16:15:33] [374/455] SVWT
[16:15:34] [375/455] JOTG
[16:15:34] 🔄 Identity reset
[16:15:34] 🔄 Identity rotated (every 10 requests)
[16:15:34] [376/455] VCDK
[16:15:35] [377/455] ANAC
[16:15:36] [378/455] GRTC
[16:15:37] [379/455] JTPL
[16:15:38] [380/455] VRCP
[16:15:38] [381/455] REMC
[16:15:40] [382/455] ATMG
[16:15:41] [383/455] GAHC
[16:15:41] [384/455] JTMV
[16:15:42] [385/455] OMTT
[16:15:43] 🔄 Identity reset
[16:15:43] 🔄 Identity rotated (every 10 requests)
[16:15:43] [386/455] GKKC
[16:15:44] [387/455] BBPO
[16:15:45] [388/455] ZCBB
[16:15:46] [389/455] DCGO
[16:15:47] [390/455] STOP
[16:15:47] [391/455] BSPC
[16:15:48] [392/455] SOND
[16:15:49] [393/455] GCKG
[16:15:50] [394/455] PCDB
[16:15:51] [395/455] PGRC
[16:15:51] 🔄 Identity reset
[16:15:51] 🔄 Identity rotated (every 10 requests)
[16:15:52] [396/455] CSCT
[16:15:53] [397/455] STDA
[16:15:54] [398/455] JAYD
[16:15:55] [399/455] PPPD
[16:15:56] [400/455] KRTT
[16:15:57] [401/455] PTDT
[16:15:57] [402/455] TRSV
[16:15:58] [403/455] VELR
[16:15:59] [404/455] STDT
[16:16:00] [405/455] SATT
[16:16:01] 🔄 Identity reset
[16:16:01] 🔄 Identity rotated (every 10 requests)
[16:16:01] [406/455] KCPM
[16:16:03] [407/455] MFCP
[16:16:04] [408/455] AXMP
[16:16:04] [409/455] LTVB
[16:16:05] [410/455] APST
[16:16:06] [411/455] DTVP
[16:16:07] [412/455] AAVB
[16:16:07] [413/455] PMBL
[16:16:08] [414/455] STKC
[16:16:10] [415/455] KKMA
[16:16:10] 🔄 Identity reset
[16:16:10] 🔄 Identity rotated (every 10 requests)
[16:16:11] [416/455] NMXS
[16:16:11] [417/455] DECX
[16:16:13] [418/455] MAPJ
[16:16:14] [419/455] SMLK
[16:16:16] [420/455] PMPU
[16:16:16] [421/455] AFST
[16:16:17] [422/455] SRSY
[16:16:18] [423/455] RMKT
[16:16:19] [424/455] RAJX
[16:16:20] [425/455] UVCD
[16:16:20] 🔄 Identity reset
[16:16:20] 🔄 Identity rotated (every 10 requests)
[16:16:20] [426/455] LISA
[16:16:21] [427/455] LMSR
[16:16:22] [428/455] PMCA
[16:16:23] [429/455] INPO
[16:16:24] [430/455] INGO
[16:16:25] [431/455] HFSQ
[16:16:26] [432/455] INMG
[16:16:26] [433/455] NYCP
[16:16:27] [434/455] HFSV
[16:16:28] [435/455] MMZP
[16:16:29] 🔄 Identity reset
[16:16:29] 🔄 Identity rotated (every 10 requests)
[16:16:29] [436/455] KSES
[16:16:30] [437/455] HFSA
[16:16:31] [438/455] ACMM
[16:16:32] [439/455] RCKD
[16:16:32] [440/455] BCKR
[16:16:33] [441/455] SFCO
[16:16:34] [442/455] JCCB
[16:16:35] [443/455] BCCR
[16:16:36] [444/455] NWCB
[16:16:37] [445/455] SAMT
[16:16:37] 🔄 Identity reset
[16:16:37] 🔄 Identity rotated (every 10 requests)
[16:16:38] [446/455] TMST
[16:16:38] [447/455] SJCN
[16:16:39] [448/455] MCBS
[16:16:40] [449/455] CMKR
[16:16:41] [450/455] INPM
[16:16:43] [451/455] WVMT
[16:16:43] [452/455] NYSM
[16:16:44] [453/455] RCMA
[16:16:45] [454/455] RECM
[16:16:46] [455/455] CYCM
[16:16:47] 🔄 Identity reset
[16:16:47] 🔄 Identity rotated (every 10 requests)
[16:16:47] ✅ DONE | Shows=3901 | Movies=94
