[04:43:52] 🚀 SCRIPT STARTED (enhanced anti‑detection)
[04:43:52] [1/458] MBDC
[04:43:52] 🧠 New identity created
[04:43:53] [2/458] CHKM
[04:43:54] [3/458] JTKZ
[04:43:55] [4/458] CMCT
[04:43:56] [5/458] ASHO
[04:43:57] [6/458] ECDG
[04:43:58] [7/458] SPAT
[04:43:59] [8/458] HILC
[04:44:00] [9/458] SPPH
[04:44:01] [10/458] SBHN
[04:44:02] 🔄 Identity reset
[04:44:02] 🔄 Identity rotated (every 10 requests)
[04:44:02] [11/458] RRCA
[04:44:03] [12/458] APAA
[04:44:04] [13/458] RAME
[04:44:05] [14/458] TMMS
[04:44:06] [15/458] BATK
[04:44:07] [16/458] LKOP
[04:44:08] [17/458] AMTT
[04:44:09] [18/458] PTGK
[04:44:10] [19/458] ANRS
[04:44:11] [20/458] VWBW
[04:44:11] 🔄 Identity reset
[04:44:11] 🔄 Identity rotated (every 10 requests)
[04:44:12] [21/458] SVFG
[04:44:13] [22/458] STAT
[04:44:14] [23/458] GDCV
[04:44:15] [24/458] VEBI
[04:44:16] [25/458] VDSS
[04:44:17] [26/458] NTHV
[04:44:18] [27/458] AOCH
[04:44:19] [28/458] KASR
[04:44:20] [29/458] AYCS
[04:44:21] [30/458] SHAI
[04:44:21] 🔄 Identity reset
[04:44:21] 🔄 Identity rotated (every 10 requests)
[04:44:22] [31/458] SKPE
[04:44:23] [32/458] SBTA
[04:44:23] [33/458] RTTD
[04:44:24] [34/458] CCJD
[04:44:25] [35/458] RSJJ
[04:44:26] [36/458] RKND
[04:44:27] [37/458] SVTX
[04:44:28] [38/458] BAKM
[04:44:29] [39/458] SVDC
[04:44:30] [40/458] MNCV
[04:44:31] 🔄 Identity reset
[04:44:31] 🔄 Identity rotated (every 10 requests)
[04:44:31] [41/458] SJGC
[04:44:32] [42/458] MTPK
[04:44:33] [43/458] GATP
[04:44:34] [44/458] ABTS
[04:44:35] [45/458] ABDE
[04:44:36] [46/458] RCNM
[04:44:37] [47/458] KTHV
[04:44:38] [48/458] MDGJ
[04:44:39] [49/458] SMLM
[04:44:41] [50/458] JTMA
[04:44:41] 🔄 Identity reset
[04:44:41] 🔄 Identity rotated (every 10 requests)
[04:44:42] [51/458] ACKP
[04:44:43] [52/458] SRTA
[04:44:43] [53/458] STAY
[04:44:44] [54/458] MAVO
[04:44:45] [55/458] APTS
[04:44:46] [56/458] OMEA
[04:44:47] [57/458] TTFD
[04:44:48] [58/458] MJCU
[04:44:50] [59/458] CXTE
[04:44:50] [60/458] CTPX
[04:44:51] 🔄 Identity reset
[04:44:51] 🔄 Identity rotated (every 10 requests)
[04:44:51] [61/458] ASSL
[04:44:52] [62/458] CMVB
[04:44:53] [63/458] VPUR
[04:44:54] [64/458] JJDA
[04:44:55] [65/458] INBL
[04:44:56] [66/458] BIKB
[04:44:57] [67/458] NTBB
[04:44:58] [68/458] GLOB
[04:44:59] [69/458] SNTB
[04:45:00] [70/458] CHGV
[04:45:01] 🔄 Identity reset
[04:45:01] 🔄 Identity rotated (every 10 requests)
[04:45:01] [71/458] SSBZ
[04:45:02] [72/458] PRDB
[04:45:03] [73/458] ISMT
[04:45:04] [74/458] MCSD
[04:45:05] [75/458] JBTT
[04:45:06] [76/458] GEKR
[04:45:07] [77/458] PVUN
[04:45:08] [78/458] NRTB
[04:45:08] [79/458] PRAA
[04:45:09] [80/458] PCBL
[04:45:10] 🔄 Identity reset
[04:45:10] 🔄 Identity rotated (every 10 requests)
[04:45:10] [81/458] PTCM
[04:45:11] [82/458] KHNN
[04:45:12] [83/458] OMJE
[04:45:13] [84/458] STGN
[04:45:13] [85/458] RPMS
[04:45:14] [86/458] NWAD
[04:45:16] [87/458] BLCK
[04:45:17] [88/458] SVAA
[04:45:18] [89/458] URVM
[04:45:19] [90/458] ANTM
[04:45:19] 🔄 Identity reset
[04:45:19] 🔄 Identity rotated (every 10 requests)
[04:45:20] [91/458] VJYM
[04:45:21] [92/458] MAZZ
[04:45:22] [93/458] CSHM
[04:45:23] [94/458] WGMH
[04:45:23] [95/458] SALN
[04:45:24] [96/458] BRTP
[04:45:25] [97/458] SVTA
[04:45:26] [98/458] SBTP
[04:45:27] [99/458] VLSS
[04:45:28] [100/458] SRJA
[04:45:29] 🔄 Identity reset
[04:45:29] 🔄 Identity rotated (every 10 requests)
[04:45:29] [101/458] ANCG
[04:45:30] [102/458] CGGC
[04:45:31] [103/458] CRJA
[04:45:32] [104/458] USCR
[04:45:32] [105/458] MMEF
[04:45:33] [106/458] JCRJ
[04:45:34] [107/458] ADCM
[04:45:35] [108/458] BMYK
[04:45:36] [109/458] KICS
[04:45:38] [110/458] MBBT
[04:45:39] 🔄 Identity reset
[04:45:39] 🔄 Identity rotated (every 10 requests)
[04:45:39] [111/458] MACK
[04:45:40] [112/458] CLDR
[04:45:41] [113/458] JYCR
[04:45:42] [114/458] DCRP
[04:45:42] [115/458] RAHT
[04:45:43] [116/458] CSSM
[04:45:44] [117/458] ATPK
[04:45:45] [118/458] KLRT
[04:45:46] [119/458] SRDD
[04:45:47] [120/458] CKMC
[04:45:48] 🔄 Identity reset
[04:45:48] 🔄 Identity rotated (every 10 requests)
[04:45:48] [121/458] KRVM
[04:45:49] [122/458] AKCP
[04:45:50] [123/458] CNCV
[04:45:51] [124/458] PACT
[04:45:52] [125/458] NATP
[04:45:53] [126/458] PCPK
[04:45:54] [127/458] SMHO
[04:45:55] [128/458] CWTK
[04:45:55] [129/458] RVKZ
[04:45:57] [130/458] ASPD
[04:45:57] 🔄 Identity reset
[04:45:57] 🔄 Identity rotated (every 10 requests)
[04:45:57] [131/458] VTKZ
[04:45:58] [132/458] LCSO
[04:45:59] [133/458] PRDY
[04:46:00] [134/458] RCAP
[04:46:02] [135/458] RGAR
[04:46:03] [136/458] RCAC
[04:46:04] [137/458] PMOD
[04:46:05] [138/458] PVCN
[04:46:05] [139/458] SCRZ
[04:46:06] [140/458] PVPC
[04:46:07] 🔄 Identity reset
[04:46:07] 🔄 Identity rotated (every 10 requests)
[04:46:07] [141/458] STID
[04:46:08] [142/458] NEDD
[04:46:09] [143/458] BNBA
[04:46:10] [144/458] NTCD
[04:46:11] [145/458] OCDE
[04:46:12] [146/458] CCDU
[04:46:13] [147/458] CRXH
[04:46:13] [148/458] VLVT
[04:46:15] [149/458] CICI
[04:46:16] [150/458] SUCB
[04:46:17] 🔄 Identity reset
[04:46:17] 🔄 Identity rotated (every 10 requests)
[04:46:17] [151/458] TCBP
[04:46:18] [152/458] SCCY
[04:46:19] [153/458] LXCY
[04:46:20] [154/458] NCMD
[04:46:21] [155/458] PHCS
[04:46:22] [156/458] DUXR
[04:46:23] [157/458] VNKS
[04:46:25] [158/458] SEDP
[04:46:25] [159/458] SVEN
[04:46:26] [160/458] SRKM
[04:46:27] 🔄 Identity reset
[04:46:27] 🔄 Identity rotated (every 10 requests)
[04:46:27] [161/458] JTLT
[04:46:28] [162/458] SVSS
[04:46:29] [163/458] AMDE
[04:46:30] [164/458] WVRN
[04:46:31] [165/458] ISMG
[04:46:32] [166/458] WVKS
[04:46:33] [167/458] USCG
[04:46:34] [168/458] IOTG
[04:46:35] [169/458] RRJM
[04:46:35] [170/458] EDMP
[04:46:36] 🔄 Identity reset
[04:46:36] 🔄 Identity rotated (every 10 requests)
[04:46:36] [171/458] SCGZ
[04:46:38] [172/458] GMGX
[04:46:39] [173/458] OMTP
[04:46:40] [174/458] MITD
[04:46:41] [175/458] SMMD
[04:46:42] [176/458] STML
[04:46:43] [177/458] MCFS
[04:46:44] [178/458] FPKA
[04:46:45] [179/458] OMLR
[04:46:46] [180/458] KKSC
[04:46:47] 🔄 Identity reset
[04:46:47] 🔄 Identity rotated (every 10 requests)
[04:46:47] [181/458] RVMA
[04:46:48] [182/458] SCLL
[04:46:49] [183/458] SCDK
[04:46:50] [184/458] SXMI
[04:46:51] [185/458] SHDN
[04:46:52] [186/458] PAAD
[04:46:53] [187/458] UUCB
[04:46:54] [188/458] JHOL
[04:46:55] [189/458] SGWT
[04:46:56] [190/458] SRII
[04:46:57] 🔄 Identity reset
[04:46:57] 🔄 Identity rotated (every 10 requests)
[04:46:57] [191/458] SGCK
[04:46:58] [192/458] SVVB
[04:46:59] [193/458] DMHA
[04:47:00] [194/458] PPNL
[04:47:01] [195/458] CPNL
[04:47:02] [196/458] WVLD
[04:47:03] [197/458] PSLV
[04:47:04] [198/458] VTTL
[04:47:05] [199/458] NPAD
[04:47:06] [200/458] PVCS
[04:47:07] 🔄 Identity reset
[04:47:07] 🔄 Identity rotated (every 10 requests)
[04:47:07] [201/458] MCHL
[04:47:09] [202/458] PPLL
[04:47:10] [203/458] MALO
[04:47:11] [204/458] SWBH
[04:47:12] [205/458] PUGB
[04:47:13] [206/458] INBB
[04:47:14] [207/458] INNS
[04:47:15] [208/458] MCPT
[04:47:16] [209/458] SCMI
[04:47:17] [210/458] OCON
[04:47:17] 🔄 Identity reset
[04:47:17] 🔄 Identity rotated (every 10 requests)
[04:47:18] [211/458] SCSM
[04:47:19] [212/458] RJVN
[04:47:20] [213/458] AMDK
[04:47:21] [214/458] ISMR
[04:47:21] [215/458] SMTD
[04:47:22] [216/458] VTDD
[04:47:24] [217/458] PDDZ
[04:47:25] [218/458] PCCK
[04:47:26] [219/458] INAM
[04:47:27] [220/458] FNKT
[04:47:27] 🔄 Identity reset
[04:47:27] 🔄 Identity rotated (every 10 requests)
[04:47:28] [221/458] GDKA
[04:47:29] [222/458] MAYU
[04:47:29] [223/458] TCGU
[04:47:30] [224/458] KDCA
[04:47:31] [225/458] DOMY
[04:47:32] [226/458] PDDD
[04:47:33] [227/458] BJTS
[04:47:34] [228/458] VTCA
[04:47:35] [229/458] SBTM
[04:47:36] [230/458] SEET
[04:47:37] 🔄 Identity reset
[04:47:37] 🔄 Identity rotated (every 10 requests)
[04:47:38] [231/458] SSTJ
[04:47:39] [232/458] SVNT
[04:47:41] [233/458] PPPR
[04:47:42] [234/458] PVYS
[04:47:43] [235/458] IOSE
[04:47:44] [236/458] ACTV
[04:47:45] [237/458] APVE
[04:47:46] [238/458] TCCL
[04:47:47] [239/458] SCMO
[04:47:47] [240/458] SAUM
[04:47:48] 🔄 Identity reset
[04:47:48] 🔄 Identity rotated (every 10 requests)
[04:47:48] [241/458] KCJS
[04:47:49] [242/458] NJCJ
[04:47:50] [243/458] NECF
[04:47:51] [244/458] CCGW
[04:47:52] [245/458] CCMG
[04:47:53] [246/458] NYRG
[04:47:54] [247/458] NCSQ
[04:47:55] [248/458] GRCG
[04:47:56] [249/458] CCBT
[04:47:57] [250/458] ACGA
[04:47:57] 🔄 Identity reset
[04:47:57] 🔄 Identity rotated (every 10 requests)
[04:47:58] [251/458] INAG
[04:47:59] [252/458] FUCG
[04:48:00] [253/458] AICF
[04:48:01] [254/458] GRGA
[04:48:02] [255/458] GDCN
[04:48:03] [256/458] RRCG
[04:48:04] [257/458] SDCH
[04:48:05] [258/458] WVJM
[04:48:05] [259/458] JCCZ
[04:48:06] [260/458] CNCL
[04:48:07] 🔄 Identity reset
[04:48:07] 🔄 Identity rotated (every 10 requests)
[04:48:07] [261/458] TMLV
[04:48:20] 🔄 Retry 1/5 for TMLV in 2.9s
[04:48:20] 🔄 Identity reset
[04:48:23] 🧠 New identity created
[04:48:28] [262/458] MEMB
[04:48:29] [263/458] SGTD
[04:48:31] [264/458] CONX
[04:48:32] [265/458] CCMH
[04:48:33] [266/458] ACMC
[04:48:33] [267/458] DTPD
[04:48:34] [268/458] POJA
[04:48:35] [269/458] FNBH
[04:48:36] 🔄 Identity reset
[04:48:36] 🔄 Identity rotated (every 10 requests)
[04:48:36] [270/458] CGCB
[04:48:37] [271/458] RACN
[04:48:39] [272/458] JTSM
[04:48:39] [273/458] SCDN
[04:48:41] [274/458] AACK
[04:48:41] [275/458] RMCE
[04:48:42] [276/458] BSGB
[04:48:43] [277/458] MRCB
[04:48:44] [278/458] SRVR
[04:48:45] [279/458] VTKK
[04:48:45] 🔄 Identity reset
[04:48:45] 🔄 Identity rotated (every 10 requests)
[04:48:46] [280/458] AMST
[04:48:46] [281/458] APCY
[04:48:47] [282/458] LMHO
[04:48:48] [283/458] MTZH
[04:48:49] [284/458] AMZB
[04:48:50] [285/458] SUVT
[04:48:51] [286/458] RCIP
[04:48:52] [287/458] KESR
[04:48:54] [288/458] SNKC
[04:48:55] [289/458] SCED
[04:48:55] 🔄 Identity reset
[04:48:55] 🔄 Identity rotated (every 10 requests)
[04:48:56] [290/458] DVCA
[04:48:57] [291/458] VCDT
[04:48:58] [292/458] RRDI
[04:48:59] [293/458] DFCH
[04:49:00] [294/458] INSC
[04:49:02] [295/458] RGTR
[04:49:03] [296/458] FMOT
[04:49:03] [297/458] SCPM
[04:49:04] [298/458] GCDT
[04:49:05] [299/458] BRKT
[04:49:06] 🔄 Identity reset
[04:49:06] 🔄 Identity rotated (every 10 requests)
[04:49:06] [300/458] DEMP
[04:49:07] [301/458] SRLC
[04:49:09] [302/458] KSTT
[04:49:10] [303/458] SMMT
[04:49:11] [304/458] SILM
[04:49:12] [305/458] JCVM
[04:49:13] [306/458] KCSV
[04:49:14] [307/458] MHLK
[04:49:15] [308/458] SLVL
[04:49:15] [309/458] RJKP
[04:49:16] 🔄 Identity reset
[04:49:16] 🔄 Identity rotated (every 10 requests)
[04:49:16] [310/458] BBPC
[04:49:17] [311/458] MXCB
[04:49:18] [312/458] TCPK
[04:49:19] [313/458] RTBR
[04:49:20] [314/458] GAUT
[04:49:21] [315/458] DVCF
[04:49:23] [316/458] JTSB
[04:49:24] [317/458] SBLS
[04:49:25] [318/458] UDAY
[04:49:26] [319/458] PTNP
[04:49:26] 🔄 Identity reset
[04:49:26] 🔄 Identity rotated (every 10 requests)
[04:49:27] [320/458] DMKT
[04:49:27] [321/458] NTDT
[04:49:28] [322/458] SHDJ
[04:49:29] [323/458] OTNC
[04:49:30] [324/458] RNTW
[04:49:31] [325/458] GCMI
[04:49:32] [326/458] CRCM
[04:49:33] [327/458] NNCZ
[04:49:34] [328/458] OEMO
[04:49:35] [329/458] PVJM
[04:49:35] 🔄 Identity reset
[04:49:35] 🔄 Identity rotated (every 10 requests)
[04:49:36] [330/458] CPJI
[04:49:37] [331/458] RMCJ
[04:49:37] [332/458] CNWJ
[04:49:38] [333/458] EPJM
[04:49:39] [334/458] FNJJ
[04:49:40] [335/458] GCMJ
[04:49:41] [336/458] INPS
[04:49:43] [337/458] BICJ
[04:49:44] [338/458] ISTJ
[04:49:46] [339/458] INJC
[04:49:47] 🔄 Identity reset
[04:49:47] 🔄 Identity rotated (every 10 requests)
[04:49:47] [340/458] GLXJ
[04:49:48] [341/458] INEM
[04:49:49] [342/458] JTMN
[04:49:50] [343/458] FRCJ
[04:49:50] [344/458] DDJP
[04:49:51] [345/458] INJV
[04:49:52] [346/458] GOLC
[04:49:53] [347/458] KOCI
[04:49:54] [348/458] FSTD
[04:49:55] [349/458] PACJ
[04:49:56] 🔄 Identity reset
[04:49:56] 🔄 Identity rotated (every 10 requests)
[04:49:56] [350/458] GMCN
[04:49:57] [351/458] MMDJ
[04:49:58] [352/458] GODH
[04:49:59] [353/458] SKYN
[04:50:00] [354/458] NCTH
[04:50:01] [355/458] SKVZ
[04:50:02] [356/458] SVML
[04:50:03] [357/458] ACVZ
[04:50:04] [358/458] SURA
[04:50:05] [359/458] RTRB
[04:50:06] 🔄 Identity reset
[04:50:06] 🔄 Identity rotated (every 10 requests)
[04:50:06] [360/458] LLCT
[04:50:07] [361/458] ATTS
[04:50:08] [362/458] JYCM
[04:50:09] [363/458] CTKR
[04:50:10] [364/458] LCKR
[04:50:11] [365/458] NYCV
[04:50:12] [366/458] NYOH
[04:50:14] [367/458] NOVX
[04:50:15] [368/458] MRGK
[04:50:16] [369/458] MOON
[04:50:16] 🔄 Identity reset
[04:50:16] 🔄 Identity rotated (every 10 requests)
[04:50:17] [370/458] SBUC
[04:50:18] [371/458] GSVA
[04:50:19] [372/458] VIAK
[04:50:20] [373/458] SMVZ
[04:50:20] [374/458] MATE
[04:50:21] [375/458] RDCN
[04:50:22] [376/458] ASBL
[04:50:23] [377/458] ASVS
[04:50:24] [378/458] ASSR
[04:50:25] [379/458] SSKN
[04:50:26] 🔄 Identity reset
[04:50:26] 🔄 Identity rotated (every 10 requests)
[04:50:27] [380/458] DRPV
[04:50:28] [381/458] MRHT
[04:50:29] [382/458] BSCN
[04:50:29] [383/458] RKNX
[04:50:30] [384/458] MSMC
[04:50:31] [385/458] MSCJ
[04:50:33] [386/458] BTBJ
[04:50:34] [387/458] MJCC
[04:50:34] [388/458] IOMM
[04:50:35] [389/458] ADGR
[04:50:36] 🔄 Identity reset
[04:50:36] 🔄 Identity rotated (every 10 requests)
[04:50:36] [390/458] MYCP
[04:50:37] [391/458] IGCM
[04:50:38] [392/458] PGRK
[04:50:39] [393/458] VPGO
[04:50:40] [394/458] KOMS
[04:50:41] [395/458] URGG
[04:50:42] [396/458] GOST
[04:50:43] [397/458] LACT
[04:50:44] [398/458] BWCM
[04:50:45] [399/458] NCCW
[04:50:46] 🔄 Identity reset
[04:50:46] 🔄 Identity rotated (every 10 requests)
[04:50:47] [400/458] SKYC
[04:50:48] [401/458] CCPM
[04:50:49] [402/458] VCBT
[04:50:49] [403/458] SDKR
[04:50:50] [404/458] CTYB
[04:50:52] [405/458] SHCX
[04:50:53] [406/458] RCUN
[04:50:54] [407/458] CNRA
[04:50:55] [408/458] RFCA
[04:50:56] [409/458] RDCU
[04:50:56] 🔄 Identity reset
[04:50:56] 🔄 Identity rotated (every 10 requests)
[04:50:56] [410/458] SARK
[04:50:57] [411/458] SPPP
[04:50:58] [412/458] ADMB
[04:50:59] [413/458] JYOE
[04:51:00] [414/458] SRMD
[04:51:01] [415/458] RJDH
[04:51:02] [416/458] SSTD
[04:51:03] [417/458] AACV
[04:51:03] [418/458] PPVD
[04:51:04] [419/458] STCP
[04:51:05] 🔄 Identity reset
[04:51:05] 🔄 Identity rotated (every 10 requests)
[04:51:05] [420/458] ANLS
[04:51:06] [421/458] BIJO
[04:51:07] [422/458] AVAB
[04:51:08] [423/458] SPMD
[04:51:09] [424/458] SVJL
[04:51:10] [425/458] SDDJ
[04:51:11] [426/458] SLTU
[04:51:12] [427/458] SAKA
[04:51:13] [428/458] PMAM
[04:51:14] [429/458] FNAM
[04:51:14] 🔄 Identity reset
[04:51:14] 🔄 Identity rotated (every 10 requests)
[04:51:15] [430/458] ACAM
[04:51:16] [431/458] SCMM
[04:51:17] [432/458] PMAK
[04:51:18] [433/458] NYSA
[04:51:19] [434/458] FCPA
[04:51:20] [435/458] GDAN
[04:51:21] [436/458] RSCA
[04:51:21] [437/458] DMAN
[04:51:22] [438/458] DZCM
[04:51:23] [439/458] NSGL
[04:51:24] 🔄 Identity reset
[04:51:24] 🔄 Identity rotated (every 10 requests)
[04:51:24] [440/458] CCPP
[04:51:25] [441/458] PSMG
[04:51:26] [442/458] GSER
[04:51:27] [443/458] FCCT
[04:51:28] [444/458] FCTB
[04:51:29] [445/458] LCNK
[04:51:30] [446/458] SKTY
[04:51:32] [447/458] INAA
[04:51:33] [448/458] RCWN
[04:51:34] [449/458] VAIS
[04:51:34] 🔄 Identity reset
[04:51:34] 🔄 Identity rotated (every 10 requests)
[04:51:35] [450/458] CVMN
[04:51:36] [451/458] INTS
[04:51:36] [452/458] FRGS
[04:51:37] [453/458] DTCK
[04:51:38] [454/458] MCMH
[04:51:39] [455/458] ECRR
[04:51:40] [456/458] RLLP
[04:51:41] [457/458] CCSN
[04:51:42] [458/458] CCBA
[04:51:43] 🧹 Deduping shows
[04:51:43] ✅ DONE | Shows=590 | Movies=13
[21:55:42] 🚀 SCRIPT STARTED (enhanced anti‑detection)
[21:55:42] [1/458] MBDC
[21:55:42] 🧠 New identity created
[21:55:42] [2/458] CHKM
[21:55:44] [3/458] JTKZ
[21:55:45] [4/458] CMCT
[21:55:45] [5/458] ASHO
[21:55:46] [6/458] ECDG
[21:55:48] [7/458] SPAT
[21:55:49] [8/458] HILC
[21:55:49] [9/458] SPPH
[21:55:50] [10/458] SBHN
[21:55:51] 🔄 Identity reset
[21:55:51] 🔄 Identity rotated (every 10 requests)
[21:55:51] [11/458] RRCA
[21:55:52] [12/458] APAA
[21:55:53] [13/458] RAME
[21:55:54] [14/458] TMMS
[21:55:55] [15/458] BATK
[21:55:56] [16/458] LKOP
[21:55:57] [17/458] AMTT
[21:55:58] [18/458] PTGK
[21:55:59] [19/458] ANRS
[21:56:00] [20/458] VWBW
[21:56:01] 🔄 Identity reset
[21:56:01] 🔄 Identity rotated (every 10 requests)
[21:56:01] [21/458] SVFG
[21:56:02] [22/458] STAT
[21:56:03] [23/458] GDCV
[21:56:04] [24/458] VEBI
[21:56:04] [25/458] VDSS
[21:56:05] [26/458] NTHV
[21:56:06] [27/458] AOCH
[21:56:07] [28/458] KASR
[21:56:08] [29/458] AYCS
[21:56:09] [30/458] SHAI
[21:56:10] 🔄 Identity reset
[21:56:10] 🔄 Identity rotated (every 10 requests)
[21:56:10] [31/458] SKPE
[21:56:11] [32/458] SBTA
[21:56:12] [33/458] RTTD
[21:56:13] [34/458] CCJD
[21:56:13] [35/458] RSJJ
[21:56:14] [36/458] RKND
[21:56:15] [37/458] SVTX
[21:56:16] [38/458] BAKM
[21:56:17] [39/458] SVDC
[21:56:18] [40/458] MNCV
[21:56:19] 🔄 Identity reset
[21:56:19] 🔄 Identity rotated (every 10 requests)
[21:56:19] [41/458] SJGC
[21:56:20] [42/458] MTPK
[21:56:21] [43/458] GATP
[21:56:21] [44/458] ABTS
[21:56:22] [45/458] ABDE
[21:56:23] [46/458] RCNM
[21:56:24] [47/458] KTHV
[21:56:25] [48/458] MDGJ
[21:56:26] [49/458] SMLM
[21:56:27] [50/458] JTMA
[21:56:27] 🔄 Identity reset
[21:56:27] 🔄 Identity rotated (every 10 requests)
[21:56:28] [51/458] ACKP
[21:56:28] [52/458] SRTA
[21:56:29] [53/458] STAY
[21:56:30] [54/458] MAVO
[21:56:31] [55/458] APTS
[21:56:33] [56/458] OMEA
[21:56:35] [57/458] TTFD
[21:56:35] [58/458] MJCU
[21:56:36] [59/458] CXTE
[21:56:37] [60/458] CTPX
[21:56:38] 🔄 Identity reset
[21:56:38] 🔄 Identity rotated (every 10 requests)
[21:56:38] [61/458] ASSL
[21:56:39] [62/458] CMVB
[21:56:40] [63/458] VPUR
[21:56:40] [64/458] JJDA
[21:56:41] [65/458] INBL
[21:56:42] [66/458] BIKB
[21:56:43] [67/458] NTBB
[21:56:44] [68/458] GLOB
[21:56:45] [69/458] SNTB
[21:56:46] [70/458] CHGV
[21:56:46] 🔄 Identity reset
[21:56:46] 🔄 Identity rotated (every 10 requests)
[21:56:47] [71/458] SSBZ
[21:56:48] [72/458] PRDB
[21:56:49] [73/458] ISMT
[21:56:49] [74/458] MCSD
[21:56:50] [75/458] JBTT
[21:56:51] [76/458] GEKR
[21:56:52] [77/458] PVUN
[21:56:53] [78/458] NRTB
[21:56:54] [79/458] PRAA
[21:56:55] [80/458] PCBL
[21:56:55] 🔄 Identity reset
[21:56:55] 🔄 Identity rotated (every 10 requests)
[21:56:56] [81/458] PTCM
[21:56:56] [82/458] KHNN
[21:56:57] [83/458] OMJE
[21:56:58] [84/458] STGN
[21:56:59] [85/458] RPMS
[21:57:00] [86/458] NWAD
[21:57:01] [87/458] BLCK
[21:57:02] [88/458] SVAA
[21:57:03] [89/458] URVM
[21:57:04] [90/458] ANTM
[21:57:04] 🔄 Identity reset
[21:57:04] 🔄 Identity rotated (every 10 requests)
[21:57:05] [91/458] VJYM
[21:57:06] [92/458] MAZZ
[21:57:07] [93/458] CSHM
[21:57:07] [94/458] WGMH
[21:57:08] [95/458] SALN
[21:57:09] [96/458] BRTP
[21:57:10] [97/458] SVTA
[21:57:11] [98/458] SBTP
[21:57:12] [99/458] VLSS
[21:57:13] [100/458] SRJA
[21:57:13] 🔄 Identity reset
[21:57:13] 🔄 Identity rotated (every 10 requests)
[21:57:13] [101/458] ANCG
[21:57:15] [102/458] CGGC
[21:57:16] [103/458] CRJA
[21:57:17] [104/458] USCR
[21:57:18] [105/458] MMEF
[21:57:19] [106/458] JCRJ
[21:57:19] [107/458] ADCM
[21:57:20] [108/458] BMYK
[21:57:21] [109/458] KICS
[21:57:22] [110/458] MBBT
[21:57:23] 🔄 Identity reset
[21:57:23] 🔄 Identity rotated (every 10 requests)
[21:57:23] [111/458] MACK
[21:57:24] [112/458] CLDR
[21:57:25] [113/458] JYCR
[21:57:26] [114/458] DCRP
[21:57:26] [115/458] RAHT
[21:57:27] [116/458] CSSM
[21:57:28] [117/458] ATPK
[21:57:29] [118/458] KLRT
[21:57:30] [119/458] SRDD
[21:57:31] [120/458] CKMC
[21:57:32] 🔄 Identity reset
[21:57:32] 🔄 Identity rotated (every 10 requests)
[21:57:32] [121/458] KRVM
[21:57:33] [122/458] AKCP
[21:57:34] [123/458] CNCV
[21:57:34] [124/458] PACT
[21:57:35] [125/458] NATP
[21:57:37] [126/458] PCPK
[21:57:37] [127/458] SMHO
[21:57:38] [128/458] CWTK
[21:57:39] [129/458] RVKZ
[21:57:40] [130/458] ASPD
[21:57:41] 🔄 Identity reset
[21:57:41] 🔄 Identity rotated (every 10 requests)
[21:57:41] [131/458] VTKZ
[21:57:42] [132/458] LCSO
[21:57:43] [133/458] PRDY
[21:57:44] [134/458] RCAP
[21:57:45] [135/458] RGAR
[21:57:45] [136/458] RCAC
[21:57:47] [137/458] PMOD
[21:57:48] [138/458] PVCN
[21:57:49] [139/458] SCRZ
[21:57:50] [140/458] PVPC
[21:57:50] 🔄 Identity reset
[21:57:51] 🔄 Identity rotated (every 10 requests)
[21:57:52] [141/458] STID
[21:57:52] [142/458] NEDD
[21:57:53] [143/458] BNBA
[21:57:54] [144/458] NTCD
[21:57:55] [145/458] OCDE
[21:57:56] [146/458] CCDU
[21:57:57] [147/458] CRXH
[21:57:58] [148/458] VLVT
[21:57:59] [149/458] CICI
[21:58:00] [150/458] SUCB
[21:58:01] 🔄 Identity reset
[21:58:01] 🔄 Identity rotated (every 10 requests)
[21:58:01] [151/458] TCBP
[21:58:02] [152/458] SCCY
[21:58:03] [153/458] LXCY
[21:58:04] [154/458] NCMD
[21:58:04] [155/458] PHCS
[21:58:05] [156/458] DUXR
[21:58:06] [157/458] VNKS
[21:58:07] [158/458] SEDP
[21:58:08] [159/458] SVEN
[21:58:09] [160/458] SRKM
[21:58:10] 🔄 Identity reset
[21:58:10] 🔄 Identity rotated (every 10 requests)
[21:58:10] [161/458] JTLT
[21:58:11] [162/458] SVSS
[21:58:12] [163/458] AMDE
[21:58:13] [164/458] WVRN
[21:58:14] [165/458] ISMG
[21:58:15] [166/458] WVKS
[21:58:16] [167/458] USCG
[21:58:17] [168/458] IOTG
[21:58:18] [169/458] RRJM
[21:58:18] [170/458] EDMP
[21:58:19] 🔄 Identity reset
[21:58:19] 🔄 Identity rotated (every 10 requests)
[21:58:19] [171/458] SCGZ
[21:58:20] [172/458] GMGX
[21:58:21] [173/458] OMTP
[21:58:22] [174/458] MITD
[21:58:23] [175/458] SMMD
[21:58:24] [176/458] STML
[21:58:25] [177/458] MCFS
[21:58:26] [178/458] FPKA
[21:58:27] [179/458] OMLR
[21:58:28] [180/458] KKSC
[21:58:28] 🔄 Identity reset
[21:58:28] 🔄 Identity rotated (every 10 requests)
[21:58:28] 🔄 Retry 1/5 for KKSC in 2.4s
[21:58:28] 🔄 Identity reset
[21:58:31] 🧠 New identity created
[21:58:31] [181/458] RVMA
[21:58:32] [182/458] SCLL
[21:58:33] [183/458] SCDK
[21:58:34] [184/458] SXMI
[21:58:36] [185/458] SHDN
[21:58:37] [186/458] PAAD
[21:58:38] [187/458] UUCB
[21:58:38] [188/458] JHOL
[21:58:39] [189/458] SGWT
[21:58:40] 🔄 Identity reset
[21:58:40] 🔄 Identity rotated (every 10 requests)
[21:58:40] 🔄 Retry 1/5 for SGWT in 2.7s
[21:58:40] 🔄 Identity reset
[21:58:43] 🧠 New identity created
[21:58:43] [190/458] SRII
[21:58:44] [191/458] SGCK
[21:58:45] [192/458] SVVB
[21:58:46] [193/458] DMHA
[21:58:47] [194/458] PPNL
[21:58:47] [195/458] CPNL
[21:58:48] [196/458] WVLD
[21:58:49] [197/458] PSLV
[21:58:50] [198/458] VTTL
[21:58:51] 🔄 Identity reset
[21:58:51] 🔄 Identity rotated (every 10 requests)
[21:58:51] [199/458] NPAD
[21:58:52] [200/458] PVCS
[21:58:53] [201/458] MCHL
[21:58:54] [202/458] PPLL
[21:58:54] [203/458] MALO
[21:58:56] [204/458] SWBH
[21:58:57] [205/458] PUGB
[21:58:58] [206/458] INBB
[21:58:59] [207/458] INNS
[21:59:00] [208/458] MCPT
[21:59:00] 🔄 Identity reset
[21:59:00] 🔄 Identity rotated (every 10 requests)
[21:59:01] [209/458] SCMI
[21:59:02] [210/458] OCON
[21:59:02] [211/458] SCSM
[21:59:03] [212/458] RJVN
[21:59:04] [213/458] AMDK
[21:59:05] [214/458] ISMR
[21:59:06] [215/458] SMTD
[21:59:07] [216/458] VTDD
[21:59:08] [217/458] PDDZ
[21:59:08] [218/458] PCCK
[21:59:09] 🔄 Identity reset
[21:59:09] 🔄 Identity rotated (every 10 requests)
[21:59:09] [219/458] INAM
[21:59:10] [220/458] FNKT
[21:59:11] [221/458] GDKA
[21:59:12] [222/458] MAYU
[21:59:13] [223/458] TCGU
[21:59:14] [224/458] KDCA
[21:59:15] [225/458] DOMY
[21:59:16] [226/458] PDDD
[21:59:17] [227/458] BJTS
[21:59:18] [228/458] VTCA
[21:59:18] 🔄 Identity reset
[21:59:18] 🔄 Identity rotated (every 10 requests)
[21:59:19] [229/458] SBTM
[21:59:20] [230/458] SEET
[21:59:20] [231/458] SSTJ
[21:59:21] [232/458] SVNT
[21:59:22] [233/458] PPPR
[21:59:23] [234/458] PVYS
[21:59:25] [235/458] IOSE
[21:59:25] [236/458] ACTV
[21:59:27] [237/458] APVE
[21:59:28] [238/458] TCCL
[21:59:28] 🔄 Identity reset
[21:59:28] 🔄 Identity rotated (every 10 requests)
[21:59:29] [239/458] SCMO
[21:59:30] [240/458] SAUM
[21:59:31] [241/458] KCJS
[21:59:31] [242/458] NJCJ
[21:59:32] [243/458] NECF
[21:59:33] [244/458] CCGW
[21:59:35] [245/458] CCMG
[21:59:36] [246/458] NYRG
[21:59:37] [247/458] NCSQ
[21:59:38] [248/458] GRCG
[21:59:39] 🔄 Identity reset
[21:59:39] 🔄 Identity rotated (every 10 requests)
[21:59:39] [249/458] CCBT
[21:59:40] [250/458] ACGA
[21:59:41] [251/458] INAG
[21:59:42] [252/458] FUCG
[21:59:43] [253/458] AICF
[21:59:44] [254/458] GRGA
[21:59:45] [255/458] GDCN
[21:59:46] [256/458] RRCG
[21:59:47] [257/458] SDCH
[21:59:48] [258/458] WVJM
[21:59:48] 🔄 Identity reset
[21:59:48] 🔄 Identity rotated (every 10 requests)
[21:59:49] [259/458] JCCZ
[21:59:50] [260/458] CNCL
[21:59:51] [261/458] TMLV
[21:59:52] [262/458] MEMB
[21:59:53] [263/458] SGTD
[21:59:54] [264/458] CONX
[21:59:54] [265/458] CCMH
[21:59:55] [266/458] ACMC
[21:59:56] [267/458] DTPD
[21:59:57] [268/458] POJA
[21:59:58] 🔄 Identity reset
[21:59:58] 🔄 Identity rotated (every 10 requests)
[21:59:58] 🔄 Retry 1/5 for POJA in 2.4s
[21:59:58] 🔄 Identity reset
[22:00:00] 🧠 New identity created
[22:00:01] [269/458] FNBH
[22:00:01] [270/458] CGCB
[22:00:02] [271/458] RACN
[22:00:03] [272/458] JTSM
[22:00:04] [273/458] SCDN
[22:00:05] [274/458] AACK
[22:00:06] [275/458] RMCE
[22:00:08] [276/458] BSGB
[22:00:09] [277/458] MRCB
[22:00:09] 🔄 Identity reset
[22:00:09] 🔄 Identity rotated (every 10 requests)
[22:00:09] 🔄 Retry 1/5 for MRCB in 2.7s
[22:00:09] 🔄 Identity reset
[22:00:12] 🧠 New identity created
[22:00:12] [278/458] SRVR
[22:00:13] [279/458] VTKK
[22:00:14] [280/458] AMST
[22:00:15] [281/458] APCY
[22:00:16] [282/458] LMHO
[22:00:17] [283/458] MTZH
[22:00:18] [284/458] AMZB
[22:00:19] [285/458] SUVT
[22:00:19] [286/458] RCIP
[22:00:20] 🔄 Identity reset
[22:00:20] 🔄 Identity rotated (every 10 requests)
[22:00:20] [287/458] KESR
[22:00:21] [288/458] SNKC
[22:00:22] [289/458] SCED
[22:00:23] [290/458] DVCA
[22:00:24] [291/458] VCDT
[22:00:25] [292/458] RRDI
[22:00:26] [293/458] DFCH
[22:00:27] [294/458] INSC
[22:00:28] [295/458] RGTR
[22:00:29] [296/458] FMOT
[22:00:29] 🔄 Identity reset
[22:00:29] 🔄 Identity rotated (every 10 requests)
[22:00:30] [297/458] SCPM
[22:00:31] [298/458] GCDT
[22:00:32] [299/458] BRKT
[22:00:33] [300/458] DEMP
[22:00:33] [301/458] SRLC
[22:00:34] [302/458] KSTT
[22:00:35] [303/458] SMMT
[22:00:36] [304/458] SILM
[22:00:37] [305/458] JCVM
[22:00:39] [306/458] KCSV
[22:00:39] 🔄 Identity reset
[22:00:39] 🔄 Identity rotated (every 10 requests)
[22:00:40] [307/458] MHLK
[22:00:41] [308/458] SLVL
[22:00:41] [309/458] RJKP
[22:00:42] [310/458] BBPC
[22:00:43] [311/458] MXCB
[22:00:44] [312/458] TCPK
[22:00:45] [313/458] RTBR
[22:00:45] [314/458] GAUT
[22:00:46] [315/458] DVCF
[22:00:47] [316/458] JTSB
[22:00:48] 🔄 Identity reset
[22:00:48] 🔄 Identity rotated (every 10 requests)
[22:00:48] [317/458] SBLS
[22:00:49] [318/458] UDAY
[22:00:50] [319/458] PTNP
[22:00:51] [320/458] DMKT
[22:00:52] [321/458] NTDT
[22:00:53] [322/458] SHDJ
[22:00:53] [323/458] OTNC
[22:00:54] [324/458] RNTW
[22:00:55] [325/458] GCMI
[22:00:56] [326/458] CRCM
[22:00:57] 🔄 Identity reset
[22:00:57] 🔄 Identity rotated (every 10 requests)
[22:00:57] [327/458] NNCZ
[22:00:58] [328/458] OEMO
[22:01:00] [329/458] PVJM
[22:01:00] [330/458] CPJI
[22:01:01] [331/458] RMCJ
[22:01:02] [332/458] CNWJ
[22:01:03] [333/458] EPJM
[22:01:05] [334/458] FNJJ
[22:01:06] [335/458] GCMJ
[22:01:07] [336/458] INPS
[22:01:07] 🔄 Identity reset
[22:01:07] 🔄 Identity rotated (every 10 requests)
[22:01:08] [337/458] BICJ
[22:01:09] [338/458] ISTJ
[22:01:10] [339/458] INJC
[22:01:11] [340/458] GLXJ
[22:01:12] [341/458] INEM
[22:01:12] [342/458] JTMN
[22:01:13] [343/458] FRCJ
[22:01:15] [344/458] DDJP
[22:01:16] [345/458] INJV
[22:01:17] [346/458] GOLC
[22:01:17] 🔄 Identity reset
[22:01:17] 🔄 Identity rotated (every 10 requests)
[22:01:18] 🔄 Retry 1/5 for GOLC in 2.9s
[22:01:18] 🔄 Identity reset
[22:01:20] 🧠 New identity created
[22:01:21] [347/458] KOCI
[22:01:22] [348/458] FSTD
[22:01:23] [349/458] PACJ
[22:01:24] [350/458] GMCN
[22:01:25] [351/458] MMDJ
[22:01:25] [352/458] GODH
[22:01:26] [353/458] SKYN
[22:01:27] [354/458] NCTH
[22:01:28] [355/458] SKVZ
[22:01:28] 🔄 Identity reset
[22:01:28] 🔄 Identity rotated (every 10 requests)
[22:01:29] [356/458] SVML
[22:01:29] [357/458] ACVZ
[22:01:30] [358/458] SURA
[22:01:31] [359/458] RTRB
[22:01:33] [360/458] LLCT
[22:01:34] [361/458] ATTS
[22:01:35] [362/458] JYCM
[22:01:35] [363/458] CTKR
[22:01:36] [364/458] LCKR
[22:01:37] [365/458] NYCV
[22:01:37] 🔄 Identity reset
[22:01:38] 🔄 Identity rotated (every 10 requests)
[22:01:38] [366/458] NYOH
[22:01:39] [367/458] NOVX
[22:01:40] [368/458] MRGK
[22:01:41] [369/458] MOON
[22:01:42] [370/458] SBUC
[22:01:43] [371/458] GSVA
[22:01:43] [372/458] VIAK
[22:01:44] [373/458] SMVZ
[22:01:45] [374/458] MATE
[22:01:46] [375/458] RDCN
[22:01:46] 🔄 Identity reset
[22:01:47] 🔄 Identity rotated (every 10 requests)
[22:01:47] [376/458] ASBL
[22:01:48] [377/458] ASVS
[22:01:49] [378/458] ASSR
[22:01:49] [379/458] SSKN
[22:01:50] [380/458] DRPV
[22:01:51] [381/458] MRHT
[22:01:52] [382/458] BSCN
[22:01:53] [383/458] RKNX
[22:01:54] [384/458] MSMC
[22:01:55] [385/458] MSCJ
[22:01:56] 🔄 Identity reset
[22:01:56] 🔄 Identity rotated (every 10 requests)
[22:01:56] [386/458] BTBJ
[22:01:57] [387/458] MJCC
[22:01:58] [388/458] IOMM
[22:01:59] [389/458] ADGR
[22:02:00] [390/458] MYCP
[22:02:01] [391/458] IGCM
[22:02:02] [392/458] PGRK
[22:02:02] [393/458] VPGO
[22:02:03] [394/458] KOMS
[22:02:05] [395/458] URGG
[22:02:06] 🔄 Identity reset
[22:02:06] 🔄 Identity rotated (every 10 requests)
[22:02:07] [396/458] GOST
[22:02:07] [397/458] LACT
[22:02:08] [398/458] BWCM
[22:02:09] [399/458] NCCW
[22:02:10] [400/458] SKYC
[22:02:11] [401/458] CCPM
[22:02:12] [402/458] VCBT
[22:02:13] [403/458] SDKR
[22:02:14] [404/458] CTYB
[22:02:15] [405/458] SHCX
[22:02:16] 🔄 Identity reset
[22:02:16] 🔄 Identity rotated (every 10 requests)
[22:02:16] [406/458] RCUN
[22:02:17] [407/458] CNRA
[22:02:18] [408/458] RFCA
[22:02:19] [409/458] RDCU
[22:02:19] [410/458] SARK
[22:02:20] [411/458] SPPP
[22:02:21] [412/458] ADMB
[22:02:22] [413/458] JYOE
[22:02:23] [414/458] SRMD
[22:02:24] [415/458] RJDH
[22:02:24] 🔄 Identity reset
[22:02:24] 🔄 Identity rotated (every 10 requests)
[22:02:24] [416/458] SSTD
[22:02:26] [417/458] AACV
[22:02:28] [418/458] PPVD
[22:02:28] [419/458] STCP
[22:02:29] [420/458] ANLS
[22:02:30] [421/458] BIJO
[22:02:31] [422/458] AVAB
[22:02:32] [423/458] SPMD
[22:02:33] [424/458] SVJL
[22:02:34] [425/458] SDDJ
[22:02:34] 🔄 Identity reset
[22:02:34] 🔄 Identity rotated (every 10 requests)
[22:02:35] [426/458] SLTU
[22:02:35] [427/458] SAKA
[22:02:36] [428/458] PMAM
[22:02:37] [429/458] FNAM
[22:02:39] [430/458] ACAM
[22:02:40] [431/458] SCMM
[22:02:40] [432/458] PMAK
[22:02:42] [433/458] NYSA
[22:02:43] [434/458] FCPA
[22:02:44] [435/458] GDAN
[22:02:44] 🔄 Identity reset
[22:02:44] 🔄 Identity rotated (every 10 requests)
[22:02:45] [436/458] RSCA
[22:02:45] [437/458] DMAN
[22:02:47] [438/458] DZCM
[22:02:49] [439/458] NSGL
[22:02:50] [440/458] CCPP
[22:02:51] [441/458] PSMG
[22:02:52] [442/458] GSER
[22:02:54] [443/458] FCCT
[22:02:55] [444/458] FCTB
[22:02:55] [445/458] LCNK
[22:02:56] 🔄 Identity reset
[22:02:56] 🔄 Identity rotated (every 10 requests)
[22:02:56] [446/458] SKTY
[22:02:57] [447/458] INAA
[22:02:58] [448/458] RCWN
[22:02:59] [449/458] VAIS
[22:03:00] [450/458] CVMN
[22:03:01] [451/458] INTS
[22:03:02] [452/458] FRGS
[22:03:03] [453/458] DTCK
[22:03:04] [454/458] MCMH
[22:03:05] [455/458] ECRR
[22:03:05] 🔄 Identity reset
[22:03:05] 🔄 Identity rotated (every 10 requests)
[22:03:06] [456/458] RLLP
[22:03:06] [457/458] CCSN
[22:03:07] [458/458] CCBA
[22:03:08] 🧹 Deduping shows
[22:03:08] ✅ DONE | Shows=1282 | Movies=35
[10:21:16] 🚀 SCRIPT STARTED
[10:21:16] [1/458] MBDC
[10:21:16] 🧠 New identity created
[10:21:16] 🔄 Retry 1/5 for MBDC in 2.0s
[10:21:16] 🔄 Identity reset
[10:21:18] 🧠 New identity created
[10:21:19] [2/458] CHKM
[10:21:20] [3/458] JTKZ
[10:21:21] [4/458] CMCT
[10:21:22] [5/458] ASHO
[10:21:23] [6/458] ECDG
[10:21:24] [7/458] SPAT
[10:21:25] [8/458] HILC
[10:21:26] [9/458] SPPH
[10:21:26] 🔄 Identity reset
[10:21:26] 🔄 Identity rotated (every 10 requests)
[10:21:27] [10/458] SBHN
[10:21:27] [11/458] RRCA
[10:21:29] [12/458] APAA
[10:21:30] [13/458] RAME
[10:21:31] [14/458] TMMS
[10:21:32] [15/458] BATK
[10:21:33] [16/458] LKOP
[10:21:33] [17/458] AMTT
[10:21:34] [18/458] PTGK
[10:21:35] [19/458] ANRS
[10:21:35] 🔄 Identity reset
[10:21:35] 🔄 Identity rotated (every 10 requests)
[10:21:37] [20/458] VWBW
[10:21:38] [21/458] SVFG
[10:21:39] [22/458] STAT
[10:21:39] [23/458] GDCV
[10:21:40] [24/458] VEBI
[10:21:41] [25/458] VDSS
[10:21:42] [26/458] NTHV
[10:21:43] [27/458] AOCH
[10:21:44] [28/458] KASR
[10:21:46] [29/458] AYCS
[10:21:46] 🔄 Identity reset
[10:21:46] 🔄 Identity rotated (every 10 requests)
[10:21:47] [30/458] SHAI
[10:21:48] [31/458] SKPE
[10:21:49] [32/458] SBTA
[10:21:50] [33/458] RTTD
[10:21:51] [34/458] CCJD
[10:21:52] [35/458] RSJJ
[10:21:53] [36/458] RKND
[10:21:55] [37/458] SVTX
[10:21:55] [38/458] BAKM
[10:21:57] [39/458] SVDC
[10:21:57] 🔄 Identity reset
[10:21:57] 🔄 Identity rotated (every 10 requests)
[10:21:58] [40/458] MNCV
[10:21:59] [41/458] SJGC
[10:22:00] [42/458] MTPK
[10:22:01] [43/458] GATP
[10:22:02] [44/458] ABTS
[10:22:03] [45/458] ABDE
[10:22:04] [46/458] RCNM
[10:22:06] [47/458] KTHV
[10:22:08] [48/458] MDGJ
[10:22:09] [49/458] SMLM
[10:22:09] 🔄 Identity reset
[10:22:09] 🔄 Identity rotated (every 10 requests)
[10:22:10] [50/458] JTMA
[10:22:10] [51/458] ACKP
[10:22:11] [52/458] SRTA
[10:22:13] [53/458] STAY
[10:22:14] [54/458] MAVO
[10:22:16] [55/458] APTS
[10:22:17] [56/458] OMEA
[10:22:18] [57/458] TTFD
[10:22:19] [58/458] MJCU
[10:22:20] [59/458] CXTE
[10:22:20] 🔄 Identity reset
[10:22:20] 🔄 Identity rotated (every 10 requests)
[10:22:22] [60/458] CTPX
[10:22:23] [61/458] ASSL
[10:22:25] [62/458] CMVB
[10:22:25] [63/458] VPUR
[10:22:26] [64/458] JJDA
[10:22:28] [65/458] INBL
[10:22:29] [66/458] BIKB
[10:22:30] [67/458] NTBB
[10:22:32] [68/458] GLOB
[10:22:33] [69/458] SNTB
[10:22:33] 🔄 Identity reset
[10:22:33] 🔄 Identity rotated (every 10 requests)
[10:22:34] [70/458] CHGV
[10:22:35] [71/458] SSBZ
[10:22:36] [72/458] PRDB
[10:22:38] [73/458] ISMT
[10:22:38] [74/458] MCSD
[10:22:39] [75/458] JBTT
[10:22:40] [76/458] GEKR
[10:22:42] [77/458] PVUN
[10:22:43] [78/458] NRTB
[10:22:44] [79/458] PRAA
[10:22:44] 🔄 Identity reset
[10:22:44] 🔄 Identity rotated (every 10 requests)
[10:22:46] [80/458] PCBL
[10:22:47] [81/458] PTCM
[10:22:48] [82/458] KHNN
[10:22:49] [83/458] OMJE
[10:22:51] [84/458] STGN
[10:22:53] [85/458] RPMS
[10:22:53] [86/458] NWAD
[10:22:54] [87/458] BLCK
[10:22:55] [88/458] SVAA
[10:22:56] [89/458] URVM
[10:22:56] 🔄 Identity reset
[10:22:57] 🔄 Identity rotated (every 10 requests)
[10:22:57] [90/458] ANTM
[10:22:59] [91/458] VJYM
[10:23:01] [92/458] MAZZ
[10:23:03] [93/458] CSHM
[10:23:04] [94/458] WGMH
[10:23:06] [95/458] SALN
[10:23:06] [96/458] BRTP
[10:23:07] [97/458] SVTA
[10:23:08] [98/458] SBTP
[10:23:09] [99/458] VLSS
[10:23:09] 🔄 Identity reset
[10:23:09] 🔄 Identity rotated (every 10 requests)
[10:23:10] [100/458] SRJA
[10:23:11] [101/458] ANCG
[10:23:12] [102/458] CGGC
[10:23:13] [103/458] CRJA
[10:23:14] [104/458] USCR
[10:23:15] [105/458] MMEF
[10:23:16] [106/458] JCRJ
[10:23:17] [107/458] ADCM
[10:23:18] [108/458] BMYK
[10:23:20] [109/458] KICS
[10:23:20] 🔄 Identity reset
[10:23:20] 🔄 Identity rotated (every 10 requests)
[10:23:21] [110/458] MBBT
[10:23:23] [111/458] MACK
[10:23:24] [112/458] CLDR
[10:23:25] [113/458] JYCR
[10:23:26] [114/458] DCRP
[10:23:28] [115/458] RAHT
[10:23:30] [116/458] CSSM
[10:23:30] [117/458] ATPK
[10:23:32] [118/458] KLRT
[10:23:33] [119/458] SRDD
[10:23:33] 🔄 Identity reset
[10:23:33] 🔄 Identity rotated (every 10 requests)
[10:23:35] [120/458] CKMC
[10:23:36] [121/458] KRVM
[10:23:37] [122/458] AKCP
[10:23:38] [123/458] CNCV
[10:23:39] [124/458] PACT
[10:23:40] [125/458] NATP
[10:23:41] [126/458] PCPK
[10:23:42] [127/458] SMHO
[10:23:43] [128/458] CWTK
[10:23:45] [129/458] RVKZ
[10:23:45] 🔄 Identity reset
[10:23:45] 🔄 Identity rotated (every 10 requests)
[10:23:46] [130/458] ASPD
[10:23:47] [131/458] VTKZ
[10:23:47] [132/458] LCSO
[10:23:49] [133/458] PRDY
[10:23:50] [134/458] RCAP
[10:23:50] [135/458] RGAR
[10:23:51] [136/458] RCAC
[10:23:52] [137/458] PMOD
[10:23:53] [138/458] PVCN
[10:23:54] [139/458] SCRZ
[10:23:54] 🔄 Identity reset
[10:23:54] 🔄 Identity rotated (every 10 requests)
[10:23:56] [140/458] PVPC
[10:23:57] [141/458] STID
[10:23:57] [142/458] NEDD
[10:23:58] [143/458] BNBA
[10:23:59] [144/458] NTCD
[10:24:00] [145/458] OCDE
[10:24:01] [146/458] CCDU
[10:24:01] [147/458] CRXH
[10:24:03] [148/458] VLVT
[10:24:05] [149/458] CICI
[10:24:05] 🔄 Identity reset
[10:24:05] 🔄 Identity rotated (every 10 requests)
[10:24:06] [150/458] SUCB
[10:24:06] [151/458] TCBP
[10:24:07] [152/458] SCCY
[10:24:09] [153/458] LXCY
[10:24:10] [154/458] NCMD
[10:24:11] [155/458] PHCS
[10:24:12] [156/458] DUXR
[10:24:14] [157/458] VNKS
[10:24:15] [158/458] SEDP
[10:24:16] [159/458] SVEN
[10:24:16] 🔄 Identity reset
[10:24:16] 🔄 Identity rotated (every 10 requests)
[10:24:17] [160/458] SRKM
[10:24:18] [161/458] JTLT
[10:24:20] [162/458] SVSS
[10:24:21] [163/458] AMDE
[10:24:22] [164/458] WVRN
[10:24:23] [165/458] ISMG
[10:24:24] [166/458] WVKS
[10:24:25] [167/458] USCG
[10:24:27] [168/458] IOTG
[10:24:29] [169/458] RRJM
[10:24:29] 🔄 Identity reset
[10:24:29] 🔄 Identity rotated (every 10 requests)
[10:24:30] [170/458] EDMP
[10:24:32] [171/458] SCGZ
[10:24:33] [172/458] GMGX
[10:24:34] [173/458] OMTP
[10:24:36] [174/458] MITD
[10:24:37] [175/458] SMMD
[10:24:38] [176/458] STML
[10:24:39] [177/458] MCFS
[10:24:39] [178/458] FPKA
[10:24:41] [179/458] OMLR
[10:24:41] 🔄 Identity reset
[10:24:41] 🔄 Identity rotated (every 10 requests)
[10:24:43] [180/458] KKSC
[10:24:44] [181/458] RVMA
[10:24:45] [182/458] SCLL
[10:24:46] [183/458] SCDK
[10:24:48] [184/458] SXMI
[10:24:49] [185/458] SHDN
[10:24:50] [186/458] PAAD
[10:24:51] [187/458] UUCB
[10:24:52] [188/458] JHOL
[10:24:53] [189/458] SGWT
[10:24:53] 🔄 Identity reset
[10:24:53] 🔄 Identity rotated (every 10 requests)
[10:24:55] [190/458] SRII
[10:24:56] [191/458] SGCK
[10:24:57] [192/458] SVVB
[10:24:58] [193/458] DMHA
[10:24:59] [194/458] PPNL
[10:25:01] [195/458] CPNL
[10:25:02] [196/458] WVLD
[10:25:03] [197/458] PSLV
[10:25:05] [198/458] VTTL
[10:25:06] [199/458] NPAD
[10:25:06] 🔄 Identity reset
[10:25:06] 🔄 Identity rotated (every 10 requests)
[10:25:06] 🔄 Retry 1/5 for NPAD in 2.5s
[10:25:06] 🔄 Identity reset
[10:25:08] 🧠 New identity created
[10:25:08] 🔄 Retry 2/5 for NPAD in 4.1s
[10:25:08] 🔄 Identity reset
[10:25:12] 🧠 New identity created
[10:25:13] [200/458] PVCS
[10:25:14] [201/458] MCHL
[10:25:15] [202/458] PPLL
[10:25:16] [203/458] MALO
[10:25:17] [204/458] SWBH
[10:25:18] [205/458] PUGB
[10:25:19] [206/458] INBB
[10:25:20] [207/458] INNS
[10:25:20] 🔄 Identity reset
[10:25:20] 🔄 Identity rotated (every 10 requests)
[10:25:22] [208/458] MCPT
[10:25:23] [209/458] SCMI
[10:25:24] [210/458] OCON
[10:25:25] [211/458] SCSM
[10:25:26] [212/458] RJVN
[10:25:27] [213/458] AMDK
[10:25:28] [214/458] ISMR
[10:25:29] [215/458] SMTD
[10:25:30] [216/458] VTDD
[10:25:31] [217/458] PDDZ
[10:25:31] 🔄 Identity reset
[10:25:31] 🔄 Identity rotated (every 10 requests)
[10:25:32] [218/458] PCCK
[10:25:33] [219/458] INAM
[10:25:34] [220/458] FNKT
[10:25:34] [221/458] GDKA
[10:25:35] [222/458] MAYU
[10:25:37] [223/458] TCGU
[10:25:38] [224/458] KDCA
[10:25:39] [225/458] DOMY
[10:25:40] [226/458] PDDD
[10:25:41] [227/458] BJTS
[10:25:41] 🔄 Identity reset
[10:25:41] 🔄 Identity rotated (every 10 requests)
[10:25:42] [228/458] VTCA
[10:25:43] [229/458] SBTM
[10:25:45] [230/458] SEET
[10:25:46] [231/458] SSTJ
[10:25:47] [232/458] SVNT
[10:25:49] [233/458] PPPR
[10:25:50] [234/458] PVYS
[10:25:52] [235/458] IOSE
[10:25:53] [236/458] ACTV
[10:25:54] [237/458] APVE
[10:25:54] 🔄 Identity reset
[10:25:54] 🔄 Identity rotated (every 10 requests)
[10:25:54] [238/458] TCCL
[10:25:56] [239/458] SCMO
[10:25:57] [240/458] SAUM
[10:25:59] [241/458] KCJS
[10:26:00] [242/458] NJCJ
[10:26:01] [243/458] NECF
[10:26:02] [244/458] CCGW
[10:26:04] [245/458] CCMG
[10:26:05] [246/458] NYRG
[10:26:07] [247/458] NCSQ
[10:26:07] 🔄 Identity reset
[10:26:07] 🔄 Identity rotated (every 10 requests)
[10:26:08] [248/458] GRCG
[10:26:09] [249/458] CCBT
[10:26:10] [250/458] ACGA
[10:26:11] [251/458] INAG
[10:26:11] [252/458] FUCG
[10:26:13] [253/458] AICF
[10:26:15] [254/458] GRGA
[10:26:16] [255/458] GDCN
[10:26:17] [256/458] RRCG
[10:26:18] [257/458] SDCH
[10:26:18] 🔄 Identity reset
[10:26:18] 🔄 Identity rotated (every 10 requests)
[10:26:20] [258/458] WVJM
[10:26:20] [259/458] JCCZ
[10:26:21] [260/458] CNCL
[10:26:22] [261/458] TMLV
[10:26:23] [262/458] MEMB
[10:26:25] [263/458] SGTD
[10:26:26] [264/458] CONX
[10:26:26] [265/458] CCMH
[10:26:28] [266/458] ACMC
[10:26:29] [267/458] DTPD
[10:26:29] 🔄 Identity reset
[10:26:29] 🔄 Identity rotated (every 10 requests)
[10:26:30] [268/458] POJA
[10:26:31] [269/458] FNBH
[10:26:32] [270/458] CGCB
[10:26:33] [271/458] RACN
[10:26:35] [272/458] JTSM
[10:26:36] [273/458] SCDN
[10:26:37] [274/458] AACK
[10:26:38] [275/458] RMCE
[10:26:39] [276/458] BSGB
[10:26:41] [277/458] MRCB
[10:26:41] 🔄 Identity reset
[10:26:41] 🔄 Identity rotated (every 10 requests)
[10:26:42] [278/458] SRVR
[10:26:43] [279/458] VTKK
[10:26:44] [280/458] AMST
[10:26:46] [281/458] APCY
[10:26:46] [282/458] LMHO
[10:26:47] [283/458] MTZH
[10:26:48] [284/458] AMZB
[10:26:49] [285/458] SUVT
[10:26:50] [286/458] RCIP
[10:26:51] [287/458] KESR
[10:26:51] 🔄 Identity reset
[10:26:51] 🔄 Identity rotated (every 10 requests)
[10:26:52] [288/458] SNKC
[10:26:54] [289/458] SCED
[10:26:55] [290/458] DVCA
[10:26:56] [291/458] VCDT
[10:26:57] [292/458] RRDI
[10:26:58] [293/458] DFCH
[10:26:59] [294/458] INSC
[10:27:00] [295/458] RGTR
[10:27:01] [296/458] FMOT
[10:27:02] [297/458] SCPM
[10:27:02] 🔄 Identity reset
[10:27:02] 🔄 Identity rotated (every 10 requests)
[10:27:02] 🔄 Retry 1/5 for SCPM in 2.1s
[10:27:02] 🔄 Identity reset
[10:27:04] 🧠 New identity created
[10:27:05] [298/458] GCDT
[10:27:06] [299/458] BRKT
[10:27:08] [300/458] DEMP
[10:27:09] [301/458] SRLC
[10:27:09] [302/458] KSTT
[10:27:11] [303/458] SMMT
[10:27:12] [304/458] SILM
[10:27:12] [305/458] JCVM
[10:27:13] [306/458] KCSV
[10:27:13] 🔄 Identity reset
[10:27:13] 🔄 Identity rotated (every 10 requests)
[10:27:14] [307/458] MHLK
[10:27:15] [308/458] SLVL
[10:27:16] [309/458] RJKP
[10:27:17] [310/458] BBPC
[10:27:18] [311/458] MXCB
[10:27:19] [312/458] TCPK
[10:27:20] [313/458] RTBR
[10:27:21] [314/458] GAUT
[10:27:23] [315/458] DVCF
[10:27:25] [316/458] JTSB
[10:27:25] 🔄 Identity reset
[10:27:25] 🔄 Identity rotated (every 10 requests)
[10:27:26] [317/458] SBLS
[10:27:27] [318/458] UDAY
[10:27:28] [319/458] PTNP
[10:27:29] [320/458] DMKT
[10:27:31] [321/458] NTDT
[10:27:32] [322/458] SHDJ
[10:27:33] [323/458] OTNC
[10:27:33] [324/458] RNTW
[10:27:35] [325/458] GCMI
[10:27:36] [326/458] CRCM
[10:27:36] 🔄 Identity reset
[10:27:37] 🔄 Identity rotated (every 10 requests)
[10:27:38] [327/458] NNCZ
[10:27:39] [328/458] OEMO
[10:27:40] [329/458] PVJM
[10:27:42] [330/458] CPJI
[10:27:43] [331/458] RMCJ
[10:27:45] [332/458] CNWJ
[10:27:46] [333/458] EPJM
[10:27:48] [334/458] FNJJ
[10:27:49] [335/458] GCMJ
[10:27:50] [336/458] INPS
[10:27:50] 🔄 Identity reset
[10:27:50] 🔄 Identity rotated (every 10 requests)
[10:27:51] [337/458] BICJ
[10:27:52] [338/458] ISTJ
[10:27:53] [339/458] INJC
[10:27:54] [340/458] GLXJ
[10:27:55] [341/458] INEM
[10:27:56] [342/458] JTMN
[10:27:56] [343/458] FRCJ
[10:27:57] [344/458] DDJP
[10:27:59] [345/458] INJV
[10:28:00] [346/458] GOLC
[10:28:00] 🔄 Identity reset
[10:28:00] 🔄 Identity rotated (every 10 requests)
[10:28:01] [347/458] KOCI
[10:28:02] [348/458] FSTD
[10:28:02] [349/458] PACJ
[10:28:03] [350/458] GMCN
[10:28:04] [351/458] MMDJ
[10:28:06] [352/458] GODH
[10:28:08] [353/458] SKYN
[10:28:08] [354/458] NCTH
[10:28:10] [355/458] SKVZ
[10:28:11] [356/458] SVML
[10:28:11] 🔄 Identity reset
[10:28:11] 🔄 Identity rotated (every 10 requests)
[10:28:12] [357/458] ACVZ
[10:28:14] [358/458] SURA
[10:28:15] [359/458] RTRB
[10:28:16] [360/458] LLCT
[10:28:17] [361/458] ATTS
[10:28:18] [362/458] JYCM
[10:28:19] [363/458] CTKR
[10:28:20] [364/458] LCKR
[10:28:22] [365/458] NYCV
[10:28:23] [366/458] NYOH
[10:28:23] 🔄 Identity reset
[10:28:23] 🔄 Identity rotated (every 10 requests)
[10:28:24] [367/458] NOVX
[10:28:25] [368/458] MRGK
[10:28:26] [369/458] MOON
[10:28:26] [370/458] SBUC
[10:28:27] [371/458] GSVA
[10:28:28] [372/458] VIAK
[10:28:29] [373/458] SMVZ
[10:28:31] [374/458] MATE
[10:28:32] [375/458] RDCN
[10:28:34] [376/458] ASBL
[10:28:34] 🔄 Identity reset
[10:28:34] 🔄 Identity rotated (every 10 requests)
[10:28:35] [377/458] ASVS
[10:28:36] [378/458] ASSR
[10:28:37] [379/458] SSKN
[10:28:38] [380/458] DRPV
[10:28:38] [381/458] MRHT
[10:28:40] [382/458] BSCN
[10:28:41] [383/458] RKNX
[10:28:43] [384/458] MSMC
[10:28:44] [385/458] MSCJ
[10:28:45] [386/458] BTBJ
[10:28:45] 🔄 Identity reset
[10:28:45] 🔄 Identity rotated (every 10 requests)
[10:28:45] [387/458] MJCC
[10:28:46] [388/458] IOMM
[10:28:47] [389/458] ADGR
[10:28:49] [390/458] MYCP
[10:28:50] [391/458] IGCM
[10:28:50] [392/458] PGRK
[10:28:51] [393/458] VPGO
[10:28:53] [394/458] KOMS
[10:28:54] [395/458] URGG
[10:28:55] [396/458] GOST
[10:28:55] 🔄 Identity reset
[10:28:55] 🔄 Identity rotated (every 10 requests)
[10:28:56] [397/458] LACT
[10:28:57] [398/458] BWCM
[10:28:58] [399/458] NCCW
[10:28:59] [400/458] SKYC
[10:29:01] [401/458] CCPM
[10:29:02] [402/458] VCBT
[10:29:03] [403/458] SDKR
[10:29:04] [404/458] CTYB
[10:29:06] [405/458] SHCX
[10:29:07] [406/458] RCUN
[10:29:07] 🔄 Identity reset
[10:29:07] 🔄 Identity rotated (every 10 requests)
[10:29:08] [407/458] CNRA
[10:29:09] [408/458] RFCA
[10:29:10] [409/458] RDCU
[10:29:10] [410/458] SARK
[10:29:11] [411/458] SPPP
[10:29:12] [412/458] ADMB
[10:29:14] [413/458] JYOE
[10:29:15] [414/458] SRMD
[10:29:16] [415/458] RJDH
[10:29:18] [416/458] SSTD
[10:29:18] 🔄 Identity reset
[10:29:18] 🔄 Identity rotated (every 10 requests)
[10:29:19] [417/458] AACV
[10:29:20] [418/458] PPVD
[10:29:21] [419/458] STCP
[10:29:23] [420/458] ANLS
[10:29:24] [421/458] BIJO
[10:29:26] [422/458] AVAB
[10:29:27] [423/458] SPMD
[10:29:29] [424/458] SVJL
[10:29:30] [425/458] SDDJ
[10:29:30] [426/458] SLTU
[10:29:30] 🔄 Identity reset
[10:29:31] 🔄 Identity rotated (every 10 requests)
[10:29:31] [427/458] SAKA
[10:29:33] [428/458] PMAM
[10:29:34] [429/458] FNAM
[10:29:35] [430/458] ACAM
[10:29:36] [431/458] SCMM
[10:29:36] [432/458] PMAK
[10:29:37] [433/458] NYSA
[10:29:39] [434/458] FCPA
[10:29:40] [435/458] GDAN
[10:29:41] [436/458] RSCA
[10:29:41] 🔄 Identity reset
[10:29:41] 🔄 Identity rotated (every 10 requests)
[10:29:43] [437/458] DMAN
[10:29:44] [438/458] DZCM
[10:29:46] [439/458] NSGL
[10:29:47] [440/458] CCPP
[10:29:48] [441/458] PSMG
[10:29:49] [442/458] GSER
[10:29:50] [443/458] FCCT
[10:29:50] [444/458] FCTB
[10:29:52] [445/458] LCNK
[10:29:54] [446/458] SKTY
[10:29:54] 🔄 Identity reset
[10:29:54] 🔄 Identity rotated (every 10 requests)
[10:29:55] [447/458] INAA
[10:29:56] [448/458] RCWN
[10:29:57] [449/458] VAIS
[10:29:58] [450/458] CVMN
[10:29:59] [451/458] INTS
[10:30:00] [452/458] FRGS
[10:30:01] [453/458] DTCK
[10:30:02] [454/458] MCMH
[10:30:03] [455/458] ECRR
[10:30:04] [456/458] RLLP
[10:30:04] 🔄 Identity reset
[10:30:04] 🔄 Identity rotated (every 10 requests)
[10:30:05] [457/458] CCSN
[10:30:06] [458/458] CCBA
[10:30:07] 🧹 Deduping shows
[10:30:07] ✅ DONE | Shows=3251 | Movies=67
[16:21:38] 🚀 SCRIPT STARTED
[16:21:38] [1/458] MBDC
[16:21:38] 🧠 New identity created
[16:21:39] [2/458] CHKM
[16:21:40] [3/458] JTKZ
[16:21:41] [4/458] CMCT
[16:21:42] [5/458] ASHO
[16:21:43] [6/458] ECDG
[16:21:44] [7/458] SPAT
[16:21:45] [8/458] HILC
[16:21:45] [9/458] SPPH
[16:21:46] [10/458] SBHN
[16:21:46] 🔄 Identity reset
[16:21:47] 🔄 Identity rotated (every 10 requests)
[16:21:47] 🔄 Retry 1/5 for SBHN in 2.8s
[16:21:47] 🔄 Identity reset
[16:21:49] 🧠 New identity created
[16:21:50] [11/458] RRCA
[16:21:51] [12/458] APAA
[16:21:52] [13/458] RAME
[16:21:53] [14/458] TMMS
[16:21:55] [15/458] BATK
[16:21:56] [16/458] LKOP
[16:21:57] [17/458] AMTT
[16:21:58] [18/458] PTGK
[16:21:59] [19/458] ANRS
[16:21:59] 🔄 Identity reset
[16:21:59] 🔄 Identity rotated (every 10 requests)
[16:21:59] [20/458] VWBW
[16:22:00] [21/458] SVFG
[16:22:01] [22/458] STAT
[16:22:02] [23/458] GDCV
[16:22:03] [24/458] VEBI
[16:22:04] [25/458] VDSS
[16:22:05] [26/458] NTHV
[16:22:06] [27/458] AOCH
[16:22:06] [28/458] KASR
[16:22:07] [29/458] AYCS
[16:22:07] 🔄 Identity reset
[16:22:07] 🔄 Identity rotated (every 10 requests)
[16:22:08] [30/458] SHAI
[16:22:09] [31/458] SKPE
[16:22:10] [32/458] SBTA
[16:22:11] [33/458] RTTD
[16:22:12] [34/458] CCJD
[16:22:13] [35/458] RSJJ
[16:22:13] [36/458] RKND
[16:22:14] [37/458] SVTX
[16:22:15] [38/458] BAKM
[16:22:16] [39/458] SVDC
[16:22:16] 🔄 Identity reset
[16:22:16] 🔄 Identity rotated (every 10 requests)
[16:22:17] [40/458] MNCV
[16:22:18] [41/458] SJGC
[16:22:19] [42/458] MTPK
[16:22:20] [43/458] GATP
[16:22:21] [44/458] ABTS
[16:22:23] [45/458] ABDE
[16:22:24] [46/458] RCNM
[16:22:25] [47/458] KTHV
[16:22:26] [48/458] MDGJ
[16:22:26] [49/458] SMLM
[16:22:26] 🔄 Identity reset
[16:22:26] 🔄 Identity rotated (every 10 requests)
[16:22:27] [50/458] JTMA
[16:22:28] [51/458] ACKP
[16:22:29] [52/458] SRTA
[16:22:31] [53/458] STAY
[16:22:32] [54/458] MAVO
[16:22:33] [55/458] APTS
[16:22:33] [56/458] OMEA
[16:22:34] [57/458] TTFD
[16:22:35] [58/458] MJCU
[16:22:36] [59/458] CXTE
[16:22:36] 🔄 Identity reset
[16:22:36] 🔄 Identity rotated (every 10 requests)
[16:22:37] [60/458] CTPX
[16:22:38] [61/458] ASSL
[16:22:39] [62/458] CMVB
[16:22:41] [63/458] VPUR
[16:22:42] [64/458] JJDA
[16:22:43] [65/458] INBL
[16:22:44] [66/458] BIKB
[16:22:45] [67/458] NTBB
[16:22:46] [68/458] GLOB
[16:22:47] [69/458] SNTB
[16:22:47] 🔄 Identity reset
[16:22:47] 🔄 Identity rotated (every 10 requests)
[16:22:48] [70/458] CHGV
[16:22:49] [71/458] SSBZ
[16:22:50] [72/458] PRDB
[16:22:51] [73/458] ISMT
[16:22:52] [74/458] MCSD
[16:22:53] [75/458] JBTT
[16:22:54] [76/458] GEKR
[16:22:55] [77/458] PVUN
[16:22:55] [78/458] NRTB
[16:22:56] [79/458] PRAA
[16:22:56] 🔄 Identity reset
[16:22:56] 🔄 Identity rotated (every 10 requests)
[16:22:57] [80/458] PCBL
[16:22:58] [81/458] PTCM
[16:22:59] [82/458] KHNN
[16:23:00] [83/458] OMJE
[16:23:01] [84/458] STGN
[16:23:02] [85/458] RPMS
[16:23:03] [86/458] NWAD
[16:23:04] [87/458] BLCK
[16:23:05] [88/458] SVAA
[16:23:06] [89/458] URVM
[16:23:06] 🔄 Identity reset
[16:23:06] 🔄 Identity rotated (every 10 requests)
[16:23:07] [90/458] ANTM
[16:23:08] [91/458] VJYM
[16:23:09] [92/458] MAZZ
[16:23:10] [93/458] CSHM
[16:23:11] [94/458] WGMH
[16:23:12] [95/458] SALN
[16:23:13] [96/458] BRTP
[16:23:14] [97/458] SVTA
[16:23:15] [98/458] SBTP
[16:23:17] [99/458] VLSS
[16:23:17] 🔄 Identity reset
[16:23:17] 🔄 Identity rotated (every 10 requests)
[16:23:18] [100/458] SRJA
[16:23:19] [101/458] ANCG
[16:23:20] [102/458] CGGC
[16:23:21] [103/458] CRJA
[16:23:21] [104/458] USCR
[16:23:22] [105/458] MMEF
[16:23:24] [106/458] JCRJ
[16:23:25] [107/458] ADCM
[16:23:26] [108/458] BMYK
[16:23:27] [109/458] KICS
[16:23:27] 🔄 Identity reset
[16:23:27] 🔄 Identity rotated (every 10 requests)
[16:23:28] [110/458] MBBT
[16:23:29] [111/458] MACK
[16:23:30] [112/458] CLDR
[16:23:31] [113/458] JYCR
[16:23:31] [114/458] DCRP
[16:23:32] [115/458] RAHT
[16:23:34] [116/458] CSSM
[16:23:35] [117/458] ATPK
[16:23:36] [118/458] KLRT
[16:23:37] [119/458] SRDD
[16:23:37] 🔄 Identity reset
[16:23:37] 🔄 Identity rotated (every 10 requests)
[16:23:38] [120/458] CKMC
[16:23:39] [121/458] KRVM
[16:23:40] [122/458] AKCP
[16:23:41] [123/458] CNCV
[16:23:42] [124/458] PACT
[16:23:44] [125/458] NATP
[16:23:45] [126/458] PCPK
[16:23:46] [127/458] SMHO
[16:23:47] [128/458] CWTK
[16:23:48] [129/458] RVKZ
[16:23:48] 🔄 Identity reset
[16:23:48] 🔄 Identity rotated (every 10 requests)
[16:23:49] [130/458] ASPD
[16:23:50] [131/458] VTKZ
[16:23:52] [132/458] LCSO
[16:23:53] [133/458] PRDY
[16:23:54] [134/458] RCAP
[16:23:55] [135/458] RGAR
[16:23:56] [136/458] RCAC
[16:23:57] [137/458] PMOD
[16:23:58] [138/458] PVCN
[16:23:59] [139/458] SCRZ
[16:23:59] 🔄 Identity reset
[16:23:59] 🔄 Identity rotated (every 10 requests)
[16:24:00] [140/458] PVPC
[16:24:01] [141/458] STID
[16:24:02] [142/458] NEDD
[16:24:03] [143/458] BNBA
[16:24:04] [144/458] NTCD
[16:24:05] [145/458] OCDE
[16:24:06] [146/458] CCDU
[16:24:08] [147/458] CRXH
[16:24:10] [148/458] VLVT
[16:24:11] [149/458] CICI
[16:24:11] 🔄 Identity reset
[16:24:11] 🔄 Identity rotated (every 10 requests)
[16:24:12] [150/458] SUCB
[16:24:13] [151/458] TCBP
[16:24:15] [152/458] SCCY
[16:24:15] [153/458] LXCY
[16:24:16] [154/458] NCMD
[16:24:17] [155/458] PHCS
[16:24:18] [156/458] DUXR
[16:24:19] [157/458] VNKS
[16:24:20] [158/458] SEDP
[16:24:21] [159/458] SVEN
[16:24:21] 🔄 Identity reset
[16:24:21] 🔄 Identity rotated (every 10 requests)
[16:24:22] [160/458] SRKM
[16:24:23] [161/458] JTLT
[16:24:24] [162/458] SVSS
[16:24:25] [163/458] AMDE
[16:24:27] [164/458] WVRN
[16:24:29] [165/458] ISMG
[16:24:30] [166/458] WVKS
[16:24:32] [167/458] USCG
[16:24:33] [168/458] IOTG
[16:24:34] [169/458] RRJM
[16:24:34] 🔄 Identity reset
[16:24:34] 🔄 Identity rotated (every 10 requests)
[16:24:35] [170/458] EDMP
[16:24:36] [171/458] SCGZ
[16:24:37] [172/458] GMGX
[16:24:38] [173/458] OMTP
[16:24:39] [174/458] MITD
[16:24:40] [175/458] SMMD
[16:24:41] [176/458] STML
[16:24:41] [177/458] MCFS
[16:24:43] [178/458] FPKA
[16:24:44] [179/458] OMLR
[16:24:44] 🔄 Identity reset
[16:24:44] 🔄 Identity rotated (every 10 requests)
[16:24:45] [180/458] KKSC
[16:24:46] [181/458] RVMA
[16:24:47] [182/458] SCLL
[16:24:48] [183/458] SCDK
[16:24:50] [184/458] SXMI
[16:24:51] [185/458] SHDN
[16:24:52] [186/458] PAAD
[16:24:53] [187/458] UUCB
[16:24:54] [188/458] JHOL
[16:24:54] [189/458] SGWT
[16:24:54] 🔄 Identity reset
[16:24:55] 🔄 Identity rotated (every 10 requests)
[16:24:55] [190/458] SRII
[16:24:56] [191/458] SGCK
[16:24:57] [192/458] SVVB
[16:24:58] [193/458] DMHA
[16:25:00] [194/458] PPNL
[16:25:02] [195/458] CPNL
[16:25:03] [196/458] WVLD
[16:25:04] [197/458] PSLV
[16:25:05] [198/458] VTTL
[16:25:06] [199/458] NPAD
[16:25:06] 🔄 Identity reset
[16:25:06] 🔄 Identity rotated (every 10 requests)
[16:25:06] 🔄 Retry 1/5 for NPAD in 2.4s
[16:25:06] 🔄 Identity reset
[16:25:08] 🧠 New identity created
[16:25:08] 🔄 Retry 2/5 for NPAD in 4.3s
[16:25:08] 🔄 Identity reset
[16:25:13] 🧠 New identity created
[16:25:13] [200/458] PVCS
[16:25:14] [201/458] MCHL
[16:25:15] [202/458] PPLL
[16:25:17] [203/458] MALO
[16:25:18] [204/458] SWBH
[16:25:19] [205/458] PUGB
[16:25:21] [206/458] INBB
[16:25:22] [207/458] INNS
[16:25:22] 🔄 Identity reset
[16:25:22] 🔄 Identity rotated (every 10 requests)
[16:25:22] [208/458] MCPT
[16:25:23] [209/458] SCMI
[16:25:24] [210/458] OCON
[16:25:25] [211/458] SCSM
[16:25:26] [212/458] RJVN
[16:25:27] [213/458] AMDK
[16:25:28] [214/458] ISMR
[16:25:29] [215/458] SMTD
[16:25:29] [216/458] VTDD
[16:25:30] [217/458] PDDZ
[16:25:30] 🔄 Identity reset
[16:25:30] 🔄 Identity rotated (every 10 requests)
[16:25:31] [218/458] PCCK
[16:25:32] [219/458] INAM
[16:25:33] [220/458] FNKT
[16:25:33] [221/458] GDKA
[16:25:34] [222/458] MAYU
[16:25:35] [223/458] TCGU
[16:25:36] [224/458] KDCA
[16:25:37] [225/458] DOMY
[16:25:38] [226/458] PDDD
[16:25:39] [227/458] BJTS
[16:25:39] 🔄 Identity reset
[16:25:39] 🔄 Identity rotated (every 10 requests)
[16:25:40] [228/458] VTCA
[16:25:41] [229/458] SBTM
[16:25:42] [230/458] SEET
[16:25:42] [231/458] SSTJ
[16:25:43] [232/458] SVNT
[16:25:45] [233/458] PPPR
[16:25:46] [234/458] PVYS
[16:25:46] [235/458] IOSE
[16:25:47] [236/458] ACTV
[16:25:48] [237/458] APVE
[16:25:48] 🔄 Identity reset
[16:25:48] 🔄 Identity rotated (every 10 requests)
[16:25:49] [238/458] TCCL
[16:25:50] [239/458] SCMO
[16:25:51] [240/458] SAUM
[16:25:52] [241/458] KCJS
[16:25:53] [242/458] NJCJ
[16:25:54] [243/458] NECF
[16:25:55] [244/458] CCGW
[16:25:56] [245/458] CCMG
[16:25:57] [246/458] NYRG
[16:25:59] [247/458] NCSQ
[16:25:59] 🔄 Identity reset
[16:25:59] 🔄 Identity rotated (every 10 requests)
[16:26:00] [248/458] GRCG
[16:26:01] [249/458] CCBT
[16:26:02] [250/458] ACGA
[16:26:03] [251/458] INAG
[16:26:04] [252/458] FUCG
[16:26:05] [253/458] AICF
[16:26:06] [254/458] GRGA
[16:26:07] [255/458] GDCN
[16:26:08] [256/458] RRCG
[16:26:09] [257/458] SDCH
[16:26:09] 🔄 Identity reset
[16:26:09] 🔄 Identity rotated (every 10 requests)
[16:26:10] [258/458] WVJM
[16:26:11] [259/458] JCCZ
[16:26:12] [260/458] CNCL
[16:26:13] [261/458] TMLV
[16:26:15] [262/458] MEMB
[16:26:16] [263/458] SGTD
[16:26:17] [264/458] CONX
[16:26:19] [265/458] CCMH
[16:26:20] [266/458] ACMC
[16:26:21] [267/458] DTPD
[16:26:21] 🔄 Identity reset
[16:26:21] 🔄 Identity rotated (every 10 requests)
[16:26:22] [268/458] POJA
[16:26:23] [269/458] FNBH
[16:26:24] [270/458] CGCB
[16:26:25] [271/458] RACN
[16:26:26] [272/458] JTSM
[16:26:27] [273/458] SCDN
[16:26:27] [274/458] AACK
[16:26:28] [275/458] RMCE
[16:26:29] [276/458] BSGB
[16:26:30] [277/458] MRCB
[16:26:30] 🔄 Identity reset
[16:26:30] 🔄 Identity rotated (every 10 requests)
[16:26:31] [278/458] SRVR
[16:26:32] [279/458] VTKK
[16:26:33] [280/458] AMST
[16:26:34] [281/458] APCY
[16:26:35] [282/458] LMHO
[16:26:35] [283/458] MTZH
[16:26:36] [284/458] AMZB
[16:26:38] [285/458] SUVT
[16:26:38] [286/458] RCIP
[16:26:39] [287/458] KESR
[16:26:39] 🔄 Identity reset
[16:26:39] 🔄 Identity rotated (every 10 requests)
[16:26:40] [288/458] SNKC
[16:26:41] [289/458] SCED
[16:26:42] [290/458] DVCA
[16:26:43] [291/458] VCDT
[16:26:45] [292/458] RRDI
[16:26:46] [293/458] DFCH
[16:26:47] [294/458] INSC
[16:26:48] [295/458] RGTR
[16:26:49] [296/458] FMOT
[16:26:49] [297/458] SCPM
[16:26:49] 🔄 Identity reset
[16:26:49] 🔄 Identity rotated (every 10 requests)
[16:26:50] [298/458] GCDT
[16:26:51] [299/458] BRKT
[16:26:53] [300/458] DEMP
[16:26:54] [301/458] SRLC
[16:26:56] [302/458] KSTT
[16:26:57] [303/458] SMMT
[16:26:57] [304/458] SILM
[16:26:58] [305/458] JCVM
[16:26:59] [306/458] KCSV
[16:27:00] [307/458] MHLK
[16:27:00] 🔄 Identity reset
[16:27:00] 🔄 Identity rotated (every 10 requests)
[16:27:01] [308/458] SLVL
[16:27:02] [309/458] RJKP
[16:27:03] [310/458] BBPC
[16:27:04] [311/458] MXCB
[16:27:04] [312/458] TCPK
[16:27:05] [313/458] RTBR
[16:27:06] [314/458] GAUT
[16:27:07] [315/458] DVCF
[16:27:09] [316/458] JTSB
[16:27:10] [317/458] SBLS
[16:27:10] 🔄 Identity reset
[16:27:10] 🔄 Identity rotated (every 10 requests)
[16:27:11] [318/458] UDAY
[16:27:12] [319/458] PTNP
[16:27:13] [320/458] DMKT
[16:27:14] [321/458] NTDT
[16:27:15] [322/458] SHDJ
[16:27:16] [323/458] OTNC
[16:27:17] [324/458] RNTW
[16:27:18] [325/458] GCMI
[16:27:20] [326/458] CRCM
[16:27:21] [327/458] NNCZ
[16:27:21] 🔄 Identity reset
[16:27:21] 🔄 Identity rotated (every 10 requests)
[16:27:22] [328/458] OEMO
[16:27:23] [329/458] PVJM
[16:27:24] [330/458] CPJI
[16:27:25] [331/458] RMCJ
[16:27:26] [332/458] CNWJ
[16:27:27] [333/458] EPJM
[16:27:28] [334/458] FNJJ
[16:27:29] [335/458] GCMJ
[16:27:30] [336/458] INPS
[16:27:31] [337/458] BICJ
[16:27:31] 🔄 Identity reset
[16:27:31] 🔄 Identity rotated (every 10 requests)
[16:27:32] [338/458] ISTJ
[16:27:33] [339/458] INJC
[16:27:34] [340/458] GLXJ
[16:27:34] [341/458] INEM
[16:27:35] [342/458] JTMN
[16:27:36] [343/458] FRCJ
[16:27:37] [344/458] DDJP
[16:27:38] [345/458] INJV
[16:27:39] [346/458] GOLC
[16:27:40] [347/458] KOCI
[16:27:40] 🔄 Identity reset
[16:27:40] 🔄 Identity rotated (every 10 requests)
[16:27:41] [348/458] FSTD
[16:27:42] [349/458] PACJ
[16:27:42] [350/458] GMCN
[16:27:43] [351/458] MMDJ
[16:27:44] [352/458] GODH
[16:27:46] [353/458] SKYN
[16:27:47] [354/458] NCTH
[16:27:48] [355/458] SKVZ
[16:27:49] [356/458] SVML
[16:27:50] [357/458] ACVZ
[16:27:50] 🔄 Identity reset
[16:27:50] 🔄 Identity rotated (every 10 requests)
[16:27:51] [358/458] SURA
[16:27:53] [359/458] RTRB
[16:27:54] [360/458] LLCT
[16:27:55] [361/458] ATTS
[16:27:57] [362/458] JYCM
[16:27:57] [363/458] CTKR
[16:27:58] [364/458] LCKR
[16:27:59] [365/458] NYCV
[16:28:00] [366/458] NYOH
[16:28:01] [367/458] NOVX
[16:28:01] 🔄 Identity reset
[16:28:01] 🔄 Identity rotated (every 10 requests)
[16:28:03] [368/458] MRGK
[16:28:04] [369/458] MOON
[16:28:05] [370/458] SBUC
[16:28:06] [371/458] GSVA
[16:28:07] [372/458] VIAK
[16:28:08] [373/458] SMVZ
[16:28:09] [374/458] MATE
[16:28:10] [375/458] RDCN
[16:28:11] [376/458] ASBL
[16:28:11] [377/458] ASVS
[16:28:11] 🔄 Identity reset
[16:28:11] 🔄 Identity rotated (every 10 requests)
[16:28:13] [378/458] ASSR
[16:28:13] [379/458] SSKN
[16:28:14] [380/458] DRPV
[16:28:16] [381/458] MRHT
[16:28:17] [382/458] BSCN
[16:28:18] [383/458] RKNX
[16:28:19] [384/458] MSMC
[16:28:20] [385/458] MSCJ
[16:28:21] [386/458] BTBJ
[16:28:22] [387/458] MJCC
[16:28:22] 🔄 Identity reset
[16:28:22] 🔄 Identity rotated (every 10 requests)
[16:28:23] [388/458] IOMM
[16:28:24] [389/458] ADGR
[16:28:25] [390/458] MYCP
[16:28:25] [391/458] IGCM
[16:28:27] [392/458] PGRK
[16:28:27] [393/458] VPGO
[16:28:29] [394/458] KOMS
[16:28:30] [395/458] URGG
[16:28:31] [396/458] GOST
[16:28:33] [397/458] LACT
[16:28:33] 🔄 Identity reset
[16:28:33] 🔄 Identity rotated (every 10 requests)
[16:28:34] [398/458] BWCM
[16:28:35] [399/458] NCCW
[16:28:36] [400/458] SKYC
[16:28:37] [401/458] CCPM
[16:28:38] [402/458] VCBT
[16:28:38] [403/458] SDKR
[16:28:39] [404/458] CTYB
[16:28:40] [405/458] SHCX
[16:28:41] [406/458] RCUN
[16:28:42] [407/458] CNRA
[16:28:42] 🔄 Identity reset
[16:28:42] 🔄 Identity rotated (every 10 requests)
[16:28:43] [408/458] RFCA
[16:28:44] [409/458] RDCU
[16:28:45] [410/458] SARK
[16:28:46] [411/458] SPPP
[16:28:47] [412/458] ADMB
[16:28:48] [413/458] JYOE
[16:28:49] [414/458] SRMD
[16:28:50] [415/458] RJDH
[16:28:51] [416/458] SSTD
[16:28:52] [417/458] AACV
[16:28:52] 🔄 Identity reset
[16:28:52] 🔄 Identity rotated (every 10 requests)
[16:28:52] [418/458] PPVD
[16:28:53] [419/458] STCP
[16:28:54] [420/458] ANLS
[16:28:55] [421/458] BIJO
[16:28:56] [422/458] AVAB
[16:28:57] [423/458] SPMD
[16:28:58] [424/458] SVJL
[16:28:59] [425/458] SDDJ
[16:29:00] [426/458] SLTU
[16:29:01] [427/458] SAKA
[16:29:01] 🔄 Identity reset
[16:29:01] 🔄 Identity rotated (every 10 requests)
[16:29:01] 🔄 Retry 1/5 for SAKA in 2.6s
[16:29:01] 🔄 Identity reset
[16:29:04] 🧠 New identity created
[16:29:05] [428/458] PMAM
[16:29:06] [429/458] FNAM
[16:29:07] [430/458] ACAM
[16:29:08] [431/458] SCMM
[16:29:09] [432/458] PMAK
[16:29:11] [433/458] NYSA
[16:29:12] [434/458] FCPA
[16:29:13] [435/458] GDAN
[16:29:14] [436/458] RSCA
[16:29:14] 🔄 Identity reset
[16:29:14] 🔄 Identity rotated (every 10 requests)
[16:29:15] [437/458] DMAN
[16:29:16] [438/458] DZCM
[16:29:16] [439/458] NSGL
[16:29:18] [440/458] CCPP
[16:29:18] [441/458] PSMG
[16:29:19] [442/458] GSER
[16:29:20] [443/458] FCCT
[16:29:21] [444/458] FCTB
[16:29:22] [445/458] LCNK
[16:29:23] [446/458] SKTY
[16:29:23] 🔄 Identity reset
[16:29:23] 🔄 Identity rotated (every 10 requests)
[16:29:24] [447/458] INAA
[16:29:25] [448/458] RCWN
[16:29:26] [449/458] VAIS
[16:29:27] [450/458] CVMN
[16:29:29] [451/458] INTS
[16:29:29] [452/458] FRGS
[16:29:30] [453/458] DTCK
[16:29:31] [454/458] MCMH
[16:29:32] [455/458] ECRR
[16:29:34] [456/458] RLLP
[16:29:34] 🔄 Identity reset
[16:29:34] 🔄 Identity rotated (every 10 requests)
[16:29:35] [457/458] CCSN
[16:29:36] [458/458] CCBA
[16:29:37] 🧹 Deduping shows
[16:29:37] ✅ DONE | Shows=3411 | Movies=67
[20:21:48] 🚀 SCRIPT STARTED
[20:21:48] [1/458] MBDC
[20:21:48] 🧠 New identity created
[20:21:49] [2/458] CHKM
[20:21:51] [3/458] JTKZ
[20:21:51] [4/458] CMCT
[20:21:52] [5/458] ASHO
[20:21:53] [6/458] ECDG
[20:21:55] [7/458] SPAT
[20:21:56] [8/458] HILC
[20:21:57] [9/458] SPPH
[20:21:58] [10/458] SBHN
[20:21:58] 🔄 Identity reset
[20:21:58] 🔄 Identity rotated (every 10 requests)
[20:21:59] [11/458] RRCA
[20:22:00] [12/458] APAA
[20:22:01] [13/458] RAME
[20:22:02] [14/458] TMMS
[20:22:03] [15/458] BATK
[20:22:04] [16/458] LKOP
[20:22:05] [17/458] AMTT
[20:22:06] [18/458] PTGK
[20:22:07] [19/458] ANRS
[20:22:08] [20/458] VWBW
[20:22:08] 🔄 Identity reset
[20:22:08] 🔄 Identity rotated (every 10 requests)
[20:22:09] [21/458] SVFG
[20:22:10] [22/458] STAT
[20:22:11] [23/458] GDCV
[20:22:11] [24/458] VEBI
[20:22:13] [25/458] VDSS
[20:22:14] [26/458] NTHV
[20:22:15] [27/458] AOCH
[20:22:15] [28/458] KASR
[20:22:16] [29/458] AYCS
[20:22:17] [30/458] SHAI
[20:22:17] 🔄 Identity reset
[20:22:17] 🔄 Identity rotated (every 10 requests)
[20:22:17] 🔄 Retry 1/5 for SHAI in 2.9s
[20:22:17] 🔄 Identity reset
[20:22:20] 🧠 New identity created
[20:22:20] 🔄 Retry 2/5 for SHAI in 4.5s
[20:22:20] 🔄 Identity reset
[20:22:25] 🧠 New identity created
[20:22:25] 🔄 Retry 3/5 for SHAI in 8.7s
[20:22:25] 🔄 Identity reset
[20:22:34] 🧠 New identity created
[20:22:34] [31/458] SKPE
[20:22:35] [32/458] SBTA
[20:22:36] [33/458] RTTD
[20:22:37] [34/458] CCJD
[20:22:38] [35/458] RSJJ
[20:22:39] [36/458] RKND
[20:22:40] [37/458] SVTX
[20:22:40] 🔄 Identity reset
[20:22:40] 🔄 Identity rotated (every 10 requests)
[20:22:40] 🔄 Retry 1/5 for SVTX in 2.6s
[20:22:40] 🔄 Identity reset
[20:22:42] 🧠 New identity created
[20:22:43] [38/458] BAKM
[20:22:44] [39/458] SVDC
[20:22:45] [40/458] MNCV
[20:22:46] [41/458] SJGC
[20:22:47] [42/458] MTPK
[20:22:47] [43/458] GATP
[20:22:49] [44/458] ABTS
[20:22:50] [45/458] ABDE
[20:22:50] [46/458] RCNM
[20:22:51] 🔄 Identity reset
[20:22:51] 🔄 Identity rotated (every 10 requests)
[20:22:51] 🔄 Retry 1/5 for RCNM in 2.2s
[20:22:51] 🔄 Identity reset
[20:22:53] 🧠 New identity created
[20:22:53] 🔄 Retry 2/5 for RCNM in 4.0s
[20:22:53] 🔄 Identity reset
[20:22:57] 🧠 New identity created
[20:22:57] 🔄 Retry 3/5 for RCNM in 8.8s
[20:22:57] 🔄 Identity reset
[20:23:06] 🧠 New identity created
[20:23:07] [47/458] KTHV
[20:23:08] [48/458] MDGJ
[20:23:08] [49/458] SMLM
[20:23:09] [50/458] JTMA
[20:23:11] [51/458] ACKP
[20:23:12] [52/458] SRTA
[20:23:13] [53/458] STAY
[20:23:13] 🔄 Identity reset
[20:23:13] 🔄 Identity rotated (every 10 requests)
[20:23:14] [54/458] MAVO
[20:23:15] [55/458] APTS
[20:23:16] [56/458] OMEA
[20:23:17] [57/458] TTFD
[20:23:18] [58/458] MJCU
[20:23:19] [59/458] CXTE
[20:23:20] [60/458] CTPX
[20:23:21] [61/458] ASSL
[20:23:22] [62/458] CMVB
[20:23:23] [63/458] VPUR
[20:23:23] 🔄 Identity reset
[20:23:23] 🔄 Identity rotated (every 10 requests)
[20:23:24] [64/458] JJDA
[20:23:25] [65/458] INBL
[20:23:26] [66/458] BIKB
[20:23:27] [67/458] NTBB
[20:23:28] [68/458] GLOB
[20:23:28] [69/458] SNTB
[20:23:29] [70/458] CHGV
[20:23:30] [71/458] SSBZ
[20:23:31] [72/458] PRDB
[20:23:32] [73/458] ISMT
[20:23:32] 🔄 Identity reset
[20:23:32] 🔄 Identity rotated (every 10 requests)
[20:23:34] [74/458] MCSD
[20:23:35] [75/458] JBTT
[20:23:35] [76/458] GEKR
[20:23:36] [77/458] PVUN
[20:23:37] [78/458] NRTB
[20:23:38] [79/458] PRAA
[20:23:40] [80/458] PCBL
[20:23:40] [81/458] PTCM
[20:23:42] [82/458] KHNN
[20:23:43] [83/458] OMJE
[20:23:43] 🔄 Identity reset
[20:23:43] 🔄 Identity rotated (every 10 requests)
[20:23:44] [84/458] STGN
[20:23:45] [85/458] RPMS
[20:23:46] [86/458] NWAD
[20:23:46] [87/458] BLCK
[20:23:47] [88/458] SVAA
[20:23:48] [89/458] URVM
[20:23:49] [90/458] ANTM
[20:23:51] [91/458] VJYM
[20:23:52] [92/458] MAZZ
[20:23:54] [93/458] CSHM
[20:23:54] 🔄 Identity reset
[20:23:54] 🔄 Identity rotated (every 10 requests)
[20:23:54] [94/458] WGMH
[20:23:55] [95/458] SALN
[20:23:56] [96/458] BRTP
[20:23:57] [97/458] SVTA
[20:23:58] [98/458] SBTP
[20:23:59] [99/458] VLSS
[20:24:00] [100/458] SRJA
[20:24:01] [101/458] ANCG
[20:24:02] [102/458] CGGC
[20:24:03] [103/458] CRJA
[20:24:03] 🔄 Identity reset
[20:24:03] 🔄 Identity rotated (every 10 requests)
[20:24:04] [104/458] USCR
[20:24:05] [105/458] MMEF
[20:24:06] [106/458] JCRJ
[20:24:07] [107/458] ADCM
[20:24:08] [108/458] BMYK
[20:24:09] [109/458] KICS
[20:24:10] [110/458] MBBT
[20:24:11] [111/458] MACK
[20:24:12] [112/458] CLDR
[20:24:13] [113/458] JYCR
[20:24:13] 🔄 Identity reset
[20:24:13] 🔄 Identity rotated (every 10 requests)
[20:24:14] [114/458] DCRP
[20:24:15] [115/458] RAHT
[20:24:16] [116/458] CSSM
[20:24:17] [117/458] ATPK
[20:24:17] [118/458] KLRT
[20:24:18] [119/458] SRDD
[20:24:19] [120/458] CKMC
[20:24:21] [121/458] KRVM
[20:24:22] [122/458] AKCP
[20:24:22] [123/458] CNCV
[20:24:22] 🔄 Identity reset
[20:24:22] 🔄 Identity rotated (every 10 requests)
[20:24:23] [124/458] PACT
[20:24:24] [125/458] NATP
[20:24:25] [126/458] PCPK
[20:24:26] [127/458] SMHO
[20:24:27] [128/458] CWTK
[20:24:27] [129/458] RVKZ
[20:24:28] [130/458] ASPD
[20:24:29] [131/458] VTKZ
[20:24:30] [132/458] LCSO
[20:24:32] [133/458] PRDY
[20:24:32] 🔄 Identity reset
[20:24:32] 🔄 Identity rotated (every 10 requests)
[20:24:32] 🔄 Retry 1/5 for PRDY in 2.6s
[20:24:32] 🔄 Identity reset
[20:24:34] 🧠 New identity created
[20:24:34] 🔄 Retry 2/5 for PRDY in 4.8s
[20:24:34] 🔄 Identity reset
[20:24:39] 🧠 New identity created
[20:24:39] 🔄 Retry 3/5 for PRDY in 8.6s
[20:24:39] 🔄 Identity reset
[20:24:48] 🧠 New identity created
[20:24:49] [134/458] RCAP
[20:24:50] [135/458] RGAR
[20:24:50] [136/458] RCAC
[20:24:51] [137/458] PMOD
[20:24:52] [138/458] PVCN
[20:24:53] [139/458] SCRZ
[20:24:54] [140/458] PVPC
[20:24:54] 🔄 Identity reset
[20:24:54] 🔄 Identity rotated (every 10 requests)
[20:24:54] 🔄 Retry 1/5 for PVPC in 2.7s
[20:24:54] 🔄 Identity reset
[20:24:57] 🧠 New identity created
[20:24:58] [141/458] STID
[20:24:59] [142/458] NEDD
[20:25:00] [143/458] BNBA
[20:25:01] [144/458] NTCD
[20:25:02] [145/458] OCDE
[20:25:03] [146/458] CCDU
[20:25:04] [147/458] CRXH
[20:25:05] [148/458] VLVT
[20:25:06] [149/458] CICI
[20:25:06] 🔄 Identity reset
[20:25:06] 🔄 Identity rotated (every 10 requests)
[20:25:07] [150/458] SUCB
[20:25:08] [151/458] TCBP
[20:25:09] [152/458] SCCY
[20:25:11] [153/458] LXCY
[20:25:12] [154/458] NCMD
[20:25:13] [155/458] PHCS
[20:25:13] [156/458] DUXR
[20:25:14] [157/458] VNKS
[20:25:15] [158/458] SEDP
[20:25:17] [159/458] SVEN
[20:25:17] 🔄 Identity reset
[20:25:17] 🔄 Identity rotated (every 10 requests)
[20:25:17] [160/458] SRKM
[20:25:18] [161/458] JTLT
[20:25:19] [162/458] SVSS
[20:25:20] [163/458] AMDE
[20:25:21] [164/458] WVRN
[20:25:22] [165/458] ISMG
[20:25:23] [166/458] WVKS
[20:25:24] [167/458] USCG
[20:25:24] [168/458] IOTG
[20:25:25] [169/458] RRJM
[20:25:25] 🔄 Identity reset
[20:25:26] 🔄 Identity rotated (every 10 requests)
[20:25:27] [170/458] EDMP
[20:25:27] [171/458] SCGZ
[20:25:28] [172/458] GMGX
[20:25:29] [173/458] OMTP
[20:25:30] [174/458] MITD
[20:25:32] [175/458] SMMD
[20:25:32] [176/458] STML
[20:25:33] [177/458] MCFS
[20:25:34] [178/458] FPKA
[20:25:35] [179/458] OMLR
[20:25:35] 🔄 Identity reset
[20:25:35] 🔄 Identity rotated (every 10 requests)
[20:25:35] 🔄 Retry 1/5 for OMLR in 2.4s
[20:25:35] 🔄 Identity reset
[20:25:38] 🧠 New identity created
[20:25:38] 🔄 Retry 2/5 for OMLR in 4.2s
[20:25:38] 🔄 Identity reset
[20:25:42] 🧠 New identity created
[20:25:43] [180/458] KKSC
[20:25:44] [181/458] RVMA
[20:25:46] [182/458] SCLL
[20:25:47] [183/458] SCDK
[20:25:48] [184/458] SXMI
[20:25:49] [185/458] SHDN
[20:25:49] [186/458] PAAD
[20:25:50] [187/458] UUCB
[20:25:50] 🔄 Identity reset
[20:25:50] 🔄 Identity rotated (every 10 requests)
[20:25:50] 🔄 Retry 1/5 for UUCB in 2.6s
[20:25:50] 🔄 Identity reset
[20:25:53] 🧠 New identity created
[20:25:54] [188/458] JHOL
[20:25:55] [189/458] SGWT
[20:25:55] [190/458] SRII
[20:25:56] [191/458] SGCK
[20:25:57] [192/458] SVVB
[20:25:58] [193/458] DMHA
[20:25:59] [194/458] PPNL
[20:26:00] [195/458] CPNL
[20:26:01] [196/458] WVLD
[20:26:01] 🔄 Identity reset
[20:26:01] 🔄 Identity rotated (every 10 requests)
[20:26:02] [197/458] PSLV
[20:26:03] [198/458] VTTL
[20:26:04] [199/458] NPAD
[20:26:05] [200/458] PVCS
[20:26:06] [201/458] MCHL
[20:26:07] [202/458] PPLL
[20:26:08] [203/458] MALO
[20:26:10] [204/458] SWBH
[20:26:11] [205/458] PUGB
[20:26:12] [206/458] INBB
[20:26:12] 🔄 Identity reset
[20:26:12] 🔄 Identity rotated (every 10 requests)
[20:26:12] 🔄 Retry 1/5 for INBB in 2.3s
[20:26:12] 🔄 Identity reset
[20:26:14] 🧠 New identity created
[20:26:14] 🔄 Retry 2/5 for INBB in 4.9s
[20:26:14] 🔄 Identity reset
[20:26:19] 🧠 New identity created
[20:26:19] 🔄 Retry 3/5 for INBB in 8.7s
[20:26:19] 🔄 Identity reset
[20:26:28] 🧠 New identity created
[20:26:29] [207/458] INNS
[20:26:30] [208/458] MCPT
[20:26:30] [209/458] SCMI
[20:26:31] [210/458] OCON
[20:26:32] [211/458] SCSM
[20:26:33] [212/458] RJVN
[20:26:34] [213/458] AMDK
[20:26:34] 🔄 Identity reset
[20:26:34] 🔄 Identity rotated (every 10 requests)
[20:26:35] [214/458] ISMR
[20:26:36] [215/458] SMTD
[20:26:37] [216/458] VTDD
[20:26:37] [217/458] PDDZ
[20:26:39] [218/458] PCCK
[20:26:40] [219/458] INAM
[20:26:40] [220/458] FNKT
[20:26:41] [221/458] GDKA
[20:26:42] [222/458] MAYU
[20:26:43] [223/458] TCGU
[20:26:43] 🔄 Identity reset
[20:26:43] 🔄 Identity rotated (every 10 requests)
[20:26:44] [224/458] KDCA
[20:26:45] [225/458] DOMY
[20:26:46] [226/458] PDDD
[20:26:47] [227/458] BJTS
[20:26:48] [228/458] VTCA
[20:26:48] [229/458] SBTM
[20:26:49] [230/458] SEET
[20:26:50] [231/458] SSTJ
[20:26:51] [232/458] SVNT
[20:26:52] [233/458] PPPR
[20:26:52] 🔄 Identity reset
[20:26:52] 🔄 Identity rotated (every 10 requests)
[20:26:53] [234/458] PVYS
[20:26:54] [235/458] IOSE
[20:26:54] [236/458] ACTV
[20:26:55] [237/458] APVE
[20:26:56] [238/458] TCCL
[20:26:58] [239/458] SCMO
[20:26:59] [240/458] SAUM
[20:27:00] [241/458] KCJS
[20:27:01] [242/458] NJCJ
[20:27:02] [243/458] NECF
[20:27:02] 🔄 Identity reset
[20:27:02] 🔄 Identity rotated (every 10 requests)
[20:27:03] [244/458] CCGW
[20:27:04] [245/458] CCMG
[20:27:05] [246/458] NYRG
[20:27:06] [247/458] NCSQ
[20:27:08] [248/458] GRCG
[20:27:09] [249/458] CCBT
[20:27:09] [250/458] ACGA
[20:27:11] [251/458] INAG
[20:27:12] [252/458] FUCG
[20:27:13] [253/458] AICF
[20:27:13] 🔄 Identity reset
[20:27:13] 🔄 Identity rotated (every 10 requests)
[20:27:14] [254/458] GRGA
[20:27:15] [255/458] GDCN
[20:27:15] [256/458] RRCG
[20:27:16] [257/458] SDCH
[20:27:17] [258/458] WVJM
[20:27:19] [259/458] JCCZ
[20:27:20] [260/458] CNCL
[20:27:21] [261/458] TMLV
[20:27:22] [262/458] MEMB
[20:27:23] [263/458] SGTD
[20:27:23] 🔄 Identity reset
[20:27:23] 🔄 Identity rotated (every 10 requests)
[20:27:24] [264/458] CONX
[20:27:25] [265/458] CCMH
[20:27:26] [266/458] ACMC
[20:27:27] [267/458] DTPD
[20:27:28] [268/458] POJA
[20:27:29] [269/458] FNBH
[20:27:30] [270/458] CGCB
[20:27:31] [271/458] RACN
[20:27:32] [272/458] JTSM
[20:27:33] [273/458] SCDN
[20:27:33] 🔄 Identity reset
[20:27:33] 🔄 Identity rotated (every 10 requests)
[20:27:34] [274/458] AACK
[20:27:35] [275/458] RMCE
[20:27:36] [276/458] BSGB
[20:27:37] [277/458] MRCB
[20:27:38] [278/458] SRVR
[20:27:38] [279/458] VTKK
[20:27:40] [280/458] AMST
[20:27:41] [281/458] APCY
[20:27:42] [282/458] LMHO
[20:27:44] [283/458] MTZH
[20:27:44] 🔄 Identity reset
[20:27:44] 🔄 Identity rotated (every 10 requests)
[20:27:45] [284/458] AMZB
[20:27:46] [285/458] SUVT
[20:27:47] [286/458] RCIP
[20:27:48] [287/458] KESR
[20:27:49] [288/458] SNKC
[20:27:49] [289/458] SCED
[20:27:51] [290/458] DVCA
[20:27:52] [291/458] VCDT
[20:27:53] [292/458] RRDI
[20:27:54] [293/458] DFCH
[20:27:54] 🔄 Identity reset
[20:27:54] 🔄 Identity rotated (every 10 requests)
[20:27:55] [294/458] INSC
[20:27:56] [295/458] RGTR
[20:27:57] [296/458] FMOT
[20:27:58] [297/458] SCPM
[20:27:59] [298/458] GCDT
[20:28:00] [299/458] BRKT
[20:28:01] [300/458] DEMP
[20:28:03] [301/458] SRLC
[20:28:04] [302/458] KSTT
[20:28:04] [303/458] SMMT
[20:28:04] 🔄 Identity reset
[20:28:04] 🔄 Identity rotated (every 10 requests)
[20:28:05] [304/458] SILM
[20:28:06] [305/458] JCVM
[20:28:07] [306/458] KCSV
[20:28:08] [307/458] MHLK
[20:28:09] [308/458] SLVL
[20:28:11] [309/458] RJKP
[20:28:11] [310/458] BBPC
[20:28:12] [311/458] MXCB
[20:28:13] [312/458] TCPK
[20:28:15] [313/458] RTBR
[20:28:15] 🔄 Identity reset
[20:28:15] 🔄 Identity rotated (every 10 requests)
[20:28:16] [314/458] GAUT
[20:28:17] [315/458] DVCF
[20:28:19] [316/458] JTSB
[20:28:20] [317/458] SBLS
[20:28:21] [318/458] UDAY
[20:28:21] [319/458] PTNP
[20:28:22] [320/458] DMKT
[20:28:23] [321/458] NTDT
[20:28:24] [322/458] SHDJ
[20:28:25] [323/458] OTNC
[20:28:25] 🔄 Identity reset
[20:28:25] 🔄 Identity rotated (every 10 requests)
[20:28:26] [324/458] RNTW
[20:28:27] [325/458] GCMI
[20:28:28] [326/458] CRCM
[20:28:29] [327/458] NNCZ
[20:28:31] [328/458] OEMO
[20:28:32] [329/458] PVJM
[20:28:33] [330/458] CPJI
[20:28:35] [331/458] RMCJ
[20:28:36] [332/458] CNWJ
[20:28:37] [333/458] EPJM
[20:28:37] 🔄 Identity reset
[20:28:37] 🔄 Identity rotated (every 10 requests)
[20:28:38] [334/458] FNJJ
[20:28:39] [335/458] GCMJ
[20:28:41] [336/458] INPS
[20:28:42] [337/458] BICJ
[20:28:42] [338/458] ISTJ
[20:28:44] [339/458] INJC
[20:28:45] [340/458] GLXJ
[20:28:45] [341/458] INEM
[20:28:46] [342/458] JTMN
[20:28:47] [343/458] FRCJ
[20:28:47] 🔄 Identity reset
[20:28:47] 🔄 Identity rotated (every 10 requests)
[20:28:48] [344/458] DDJP
[20:28:49] [345/458] INJV
[20:28:50] [346/458] GOLC
[20:28:51] [347/458] KOCI
[20:28:52] [348/458] FSTD
[20:28:53] [349/458] PACJ
[20:28:53] [350/458] GMCN
[20:28:54] [351/458] MMDJ
[20:28:55] [352/458] GODH
[20:28:56] [353/458] SKYN
[20:28:56] 🔄 Identity reset
[20:28:56] 🔄 Identity rotated (every 10 requests)
[20:28:57] [354/458] NCTH
[20:28:58] [355/458] SKVZ
[20:28:59] [356/458] SVML
[20:29:00] [357/458] ACVZ
[20:29:01] [358/458] SURA
[20:29:01] [359/458] RTRB
[20:29:03] [360/458] LLCT
[20:29:04] [361/458] ATTS
[20:29:06] [362/458] JYCM
[20:29:07] [363/458] CTKR
[20:29:07] 🔄 Identity reset
[20:29:07] 🔄 Identity rotated (every 10 requests)
[20:29:08] [364/458] LCKR
[20:29:09] [365/458] NYCV
[20:29:10] [366/458] NYOH
[20:29:11] [367/458] NOVX
[20:29:12] [368/458] MRGK
[20:29:13] [369/458] MOON
[20:29:14] [370/458] SBUC
[20:29:15] [371/458] GSVA
[20:29:16] [372/458] VIAK
[20:29:17] [373/458] SMVZ
[20:29:17] 🔄 Identity reset
[20:29:17] 🔄 Identity rotated (every 10 requests)
[20:29:18] [374/458] MATE
[20:29:19] [375/458] RDCN
[20:29:21] [376/458] ASBL
[20:29:22] [377/458] ASVS
[20:29:23] [378/458] ASSR
[20:29:24] [379/458] SSKN
[20:29:25] [380/458] DRPV
[20:29:25] [381/458] MRHT
[20:29:27] [382/458] BSCN
[20:29:28] [383/458] RKNX
[20:29:28] 🔄 Identity reset
[20:29:28] 🔄 Identity rotated (every 10 requests)
[20:29:29] [384/458] MSMC
[20:29:29] [385/458] MSCJ
[20:29:30] [386/458] BTBJ
[20:29:31] [387/458] MJCC
[20:29:32] [388/458] IOMM
[20:29:33] [389/458] ADGR
[20:29:33] [390/458] MYCP
[20:29:34] [391/458] IGCM
[20:29:35] [392/458] PGRK
[20:29:36] [393/458] VPGO
[20:29:36] 🔄 Identity reset
[20:29:36] 🔄 Identity rotated (every 10 requests)
[20:29:37] [394/458] KOMS
[20:29:39] [395/458] URGG
[20:29:40] [396/458] GOST
[20:29:41] [397/458] LACT
[20:29:42] [398/458] BWCM
[20:29:43] [399/458] NCCW
[20:29:43] [400/458] SKYC
[20:29:44] [401/458] CCPM
[20:29:46] [402/458] VCBT
[20:29:46] [403/458] SDKR
[20:29:46] 🔄 Identity reset
[20:29:46] 🔄 Identity rotated (every 10 requests)
[20:29:46] 🔄 Retry 1/5 for SDKR in 3.0s
[20:29:46] 🔄 Identity reset
[20:29:49] 🧠 New identity created
[20:29:51] [404/458] CTYB
[20:29:51] [405/458] SHCX
[20:29:52] [406/458] RCUN
[20:29:53] [407/458] CNRA
[20:29:54] [408/458] RFCA
[20:29:55] [409/458] RDCU
[20:29:56] [410/458] SARK
[20:29:57] [411/458] SPPP
[20:29:58] [412/458] ADMB
[20:29:58] 🔄 Identity reset
[20:29:58] 🔄 Identity rotated (every 10 requests)
[20:29:59] [413/458] JYOE
[20:30:00] [414/458] SRMD
[20:30:01] [415/458] RJDH
[20:30:01] [416/458] SSTD
[20:30:02] [417/458] AACV
[20:30:03] [418/458] PPVD
[20:30:04] [419/458] STCP
[20:30:05] [420/458] ANLS
[20:30:06] [421/458] BIJO
[20:30:07] [422/458] AVAB
[20:30:07] 🔄 Identity reset
[20:30:07] 🔄 Identity rotated (every 10 requests)
[20:30:09] [423/458] SPMD
[20:30:10] [424/458] SVJL
[20:30:10] [425/458] SDDJ
[20:30:11] [426/458] SLTU
[20:30:12] [427/458] SAKA
[20:30:13] [428/458] PMAM
[20:30:14] [429/458] FNAM
[20:30:15] [430/458] ACAM
[20:30:16] [431/458] SCMM
[20:30:17] [432/458] PMAK
[20:30:17] 🔄 Identity reset
[20:30:17] 🔄 Identity rotated (every 10 requests)
[20:30:18] [433/458] NYSA
[20:30:19] [434/458] FCPA
[20:30:20] [435/458] GDAN
[20:30:21] [436/458] RSCA
[20:30:22] [437/458] DMAN
[20:30:23] [438/458] DZCM
[20:30:25] [439/458] NSGL
[20:30:26] [440/458] CCPP
[20:30:27] [441/458] PSMG
[20:30:28] [442/458] GSER
[20:30:28] 🔄 Identity reset
[20:30:28] 🔄 Identity rotated (every 10 requests)
[20:30:29] [443/458] FCCT
[20:30:30] [444/458] FCTB
[20:30:31] [445/458] LCNK
[20:30:31] [446/458] SKTY
[20:30:32] [447/458] INAA
[20:30:33] [448/458] RCWN
[20:30:34] [449/458] VAIS
[20:30:34] [450/458] CVMN
[20:30:35] [451/458] INTS
[20:30:36] [452/458] FRGS
[20:30:36] 🔄 Identity reset
[20:30:36] 🔄 Identity rotated (every 10 requests)
[20:30:36] 🔄 Retry 1/5 for FRGS in 2.3s
[20:30:36] 🔄 Identity reset
[20:30:38] 🧠 New identity created
[20:30:40] [453/458] DTCK
[20:30:40] [454/458] MCMH
[20:30:41] [455/458] ECRR
[20:30:42] [456/458] RLLP
[20:30:43] [457/458] CCSN
[20:30:44] [458/458] CCBA
[20:30:45] 🧹 Deduping shows
[20:30:45] ✅ DONE | Shows=3483 | Movies=68
[20:59:11] 🚀 SCRIPT STARTED
[20:59:11] [1/458] MBDC
[20:59:12] 🧠 New identity created
[20:59:13] [2/458] CHKM
[20:59:14] [3/458] JTKZ
[20:59:15] [4/458] CMCT
[20:59:17] [5/458] ASHO
[20:59:18] [6/458] ECDG
[20:59:19] [7/458] SPAT
[20:59:20] [8/458] HILC
[20:59:21] [9/458] SPPH
[20:59:22] [10/458] SBHN
[20:59:22] 🔄 Identity reset
[20:59:22] 🔄 Identity rotated (every 10 requests)
[20:59:22] 🔄 Retry 1/5 for SBHN in 2.9s
[20:59:22] 🔄 Identity reset
[20:59:25] 🧠 New identity created
[20:59:26] [11/458] RRCA
[20:59:27] [12/458] APAA
[20:59:28] [13/458] RAME
[20:59:29] [14/458] TMMS
[20:59:30] [15/458] BATK
[20:59:31] [16/458] LKOP
[20:59:33] [17/458] AMTT
[20:59:33] [18/458] PTGK
[20:59:34] [19/458] ANRS
[20:59:34] 🔄 Identity reset
[20:59:34] 🔄 Identity rotated (every 10 requests)
[20:59:36] [20/458] VWBW
[20:59:36] [21/458] SVFG
[20:59:37] [22/458] STAT
[20:59:39] [23/458] GDCV
[20:59:40] [24/458] VEBI
[20:59:42] [25/458] VDSS
[20:59:42] [26/458] NTHV
[20:59:43] [27/458] AOCH
[20:59:44] [28/458] KASR
[20:59:45] [29/458] AYCS
[20:59:45] 🔄 Identity reset
[20:59:45] 🔄 Identity rotated (every 10 requests)
[20:59:46] [30/458] SHAI
[20:59:47] [31/458] SKPE
[20:59:48] [32/458] SBTA
[20:59:50] [33/458] RTTD
[20:59:51] [34/458] CCJD
[20:59:53] [35/458] RSJJ
[20:59:53] [36/458] RKND
[20:59:55] [37/458] SVTX
[20:59:56] [38/458] BAKM
[20:59:57] [39/458] SVDC
[20:59:57] 🔄 Identity reset
[20:59:57] 🔄 Identity rotated (every 10 requests)
[20:59:58] [40/458] MNCV
[21:00:00] [41/458] SJGC
[21:00:01] [42/458] MTPK
[21:00:01] [43/458] GATP
[21:00:03] [44/458] ABTS
[21:00:04] [45/458] ABDE
[21:00:06] [46/458] RCNM
[21:00:06] [47/458] KTHV
[21:00:07] [48/458] MDGJ
[21:00:08] [49/458] SMLM
[21:00:08] 🔄 Identity reset
[21:00:08] 🔄 Identity rotated (every 10 requests)
[21:00:09] [50/458] JTMA
[21:00:10] [51/458] ACKP
[21:00:12] [52/458] SRTA
[21:00:12] [53/458] STAY
[21:00:13] [54/458] MAVO
[21:00:14] [55/458] APTS
[21:00:16] [56/458] OMEA
[21:00:17] [57/458] TTFD
[21:00:19] [58/458] MJCU
[21:00:19] [59/458] CXTE
[21:00:19] 🔄 Identity reset
[21:00:19] 🔄 Identity rotated (every 10 requests)
[21:00:21] [60/458] CTPX
[21:00:21] [61/458] ASSL
[21:00:22] [62/458] CMVB
[21:00:23] [63/458] VPUR
[21:00:24] [64/458] JJDA
[21:00:25] [65/458] INBL
[21:00:26] [66/458] BIKB
[21:00:27] [67/458] NTBB
[21:00:28] [68/458] GLOB
[21:00:29] [69/458] SNTB
[21:00:29] 🔄 Identity reset
[21:00:29] 🔄 Identity rotated (every 10 requests)
[21:00:30] [70/458] CHGV
[21:00:31] [71/458] SSBZ
[21:00:32] [72/458] PRDB
[21:00:33] [73/458] ISMT
[21:00:34] [74/458] MCSD
[21:00:35] [75/458] JBTT
[21:00:36] [76/458] GEKR
[21:00:37] [77/458] PVUN
[21:00:38] [78/458] NRTB
[21:00:39] [79/458] PRAA
[21:00:39] 🔄 Identity reset
[21:00:39] 🔄 Identity rotated (every 10 requests)
[21:00:39] 🔄 Retry 1/5 for PRAA in 2.7s
[21:00:39] 🔄 Identity reset
[21:00:42] 🧠 New identity created
[21:00:42] 🔄 Retry 2/5 for PRAA in 4.9s
[21:00:42] 🔄 Identity reset
[21:00:47] 🧠 New identity created
[21:00:47] 🔄 Retry 3/5 for PRAA in 8.5s
[21:00:47] 🔄 Identity reset
[21:00:56] 🧠 New identity created
[21:00:56] 🔄 Retry 4/5 for PRAA in 16.7s
[21:00:56] 🔄 Identity reset
[21:01:12] 🧠 New identity created
[21:01:13] [80/458] PCBL
[21:01:14] [81/458] PTCM
[21:01:15] [82/458] KHNN
[21:01:16] [83/458] OMJE
[21:01:17] [84/458] STGN
[21:01:18] [85/458] RPMS
[21:01:18] 🔄 Identity reset
[21:01:18] 🔄 Identity rotated (every 10 requests)
[21:01:18] 🔄 Retry 1/5 for RPMS in 2.7s
[21:01:18] 🔄 Identity reset
[21:01:21] 🧠 New identity created
[21:01:22] [86/458] NWAD
[21:01:23] [87/458] BLCK
[21:01:24] [88/458] SVAA
[21:01:24] [89/458] URVM
[21:01:25] [90/458] ANTM
[21:01:26] [91/458] VJYM
[21:01:27] [92/458] MAZZ
[21:01:29] [93/458] CSHM
[21:01:30] [94/458] WGMH
[21:01:30] 🔄 Identity reset
[21:01:30] 🔄 Identity rotated (every 10 requests)
[21:01:31] [95/458] SALN
[21:01:33] [96/458] BRTP
[21:01:34] [97/458] SVTA
[21:01:35] [98/458] SBTP
[21:01:36] [99/458] VLSS
[21:01:37] [100/458] SRJA
[21:01:38] [101/458] ANCG
[21:01:39] [102/458] CGGC
[21:01:39] [103/458] CRJA
[21:01:40] [104/458] USCR
[21:01:40] 🔄 Identity reset
[21:01:40] 🔄 Identity rotated (every 10 requests)
[21:01:41] [105/458] MMEF
[21:01:42] [106/458] JCRJ
[21:01:43] [107/458] ADCM
[21:01:45] [108/458] BMYK
[21:01:45] [109/458] KICS
[21:01:46] [110/458] MBBT
[21:01:48] [111/458] MACK
[21:01:48] [112/458] CLDR
[21:01:49] [113/458] JYCR
[21:01:50] [114/458] DCRP
[21:01:50] 🔄 Identity reset
[21:01:50] 🔄 Identity rotated (every 10 requests)
[21:01:50] 🔄 Retry 1/5 for DCRP in 2.8s
[21:01:50] 🔄 Identity reset
[21:01:53] 🧠 New identity created
[21:01:55] [115/458] RAHT
[21:01:56] [116/458] CSSM
[21:01:57] [117/458] ATPK
[21:01:58] [118/458] KLRT
[21:01:58] [119/458] SRDD
[21:01:59] [120/458] CKMC
[21:02:00] [121/458] KRVM
[21:02:01] [122/458] AKCP
[21:02:02] [123/458] CNCV
[21:02:02] 🔄 Identity reset
[21:02:02] 🔄 Identity rotated (every 10 requests)
[21:02:03] [124/458] PACT
[21:02:04] [125/458] NATP
[21:02:05] [126/458] PCPK
[21:02:06] [127/458] SMHO
[21:02:07] [128/458] CWTK
[21:02:08] [129/458] RVKZ
[21:02:09] [130/458] ASPD
[21:02:10] [131/458] VTKZ
[21:02:11] [132/458] LCSO
[21:02:12] [133/458] PRDY
[21:02:12] 🔄 Identity reset
[21:02:12] 🔄 Identity rotated (every 10 requests)
[21:02:12] 🔄 Retry 1/5 for PRDY in 2.3s
[21:02:12] 🔄 Identity reset
[21:02:15] 🧠 New identity created
[21:02:16] [134/458] RCAP
[21:02:16] [135/458] RGAR
[21:02:17] [136/458] RCAC
[21:02:18] [137/458] PMOD
[21:02:20] [138/458] PVCN
[21:02:21] [139/458] SCRZ
[21:02:22] [140/458] PVPC
[21:02:23] [141/458] STID
[21:02:24] [142/458] NEDD
[21:02:24] 🔄 Identity reset
[21:02:24] 🔄 Identity rotated (every 10 requests)
[21:02:24] 🔄 Retry 1/5 for NEDD in 2.4s
[21:02:24] 🔄 Identity reset
[21:02:26] 🧠 New identity created
[21:02:27] [143/458] BNBA
[21:02:28] [144/458] NTCD
[21:02:29] [145/458] OCDE
[21:02:30] [146/458] CCDU
[21:02:31] [147/458] CRXH
[21:02:32] [148/458] VLVT
[21:02:33] [149/458] CICI
[21:02:34] [150/458] SUCB
[21:02:35] [151/458] TCBP
[21:02:35] 🔄 Identity reset
[21:02:35] 🔄 Identity rotated (every 10 requests)
[21:02:36] [152/458] SCCY
[21:02:37] [153/458] LXCY
[21:02:38] [154/458] NCMD
[21:02:40] [155/458] PHCS
[21:02:41] [156/458] DUXR
[21:02:42] [157/458] VNKS
[21:02:43] [158/458] SEDP
[21:02:44] [159/458] SVEN
[21:02:44] [160/458] SRKM
[21:02:46] [161/458] JTLT
[21:02:46] 🔄 Identity reset
[21:02:46] 🔄 Identity rotated (every 10 requests)
[21:02:46] 🔄 Retry 1/5 for JTLT in 2.6s
[21:02:46] 🔄 Identity reset
[21:02:48] 🧠 New identity created
[21:02:49] [162/458] SVSS
[21:02:50] [163/458] AMDE
[21:02:52] [164/458] WVRN
[21:02:53] [165/458] ISMG
[21:02:54] [166/458] WVKS
[21:02:54] [167/458] USCG
[21:02:55] [168/458] IOTG
[21:02:56] [169/458] RRJM
[21:02:58] [170/458] EDMP
[21:02:58] 🔄 Identity reset
[21:02:58] 🔄 Identity rotated (every 10 requests)
[21:02:59] [171/458] SCGZ
[21:03:00] [172/458] GMGX
[21:03:01] [173/458] OMTP
[21:03:02] [174/458] MITD
[21:03:03] [175/458] SMMD
[21:03:04] [176/458] STML
[21:03:05] [177/458] MCFS
[21:03:06] [178/458] FPKA
[21:03:07] [179/458] OMLR
[21:03:08] [180/458] KKSC
[21:03:08] 🔄 Identity reset
[21:03:08] 🔄 Identity rotated (every 10 requests)
[21:03:08] 🔄 Retry 1/5 for KKSC in 2.3s
[21:03:08] 🔄 Identity reset
[21:03:10] 🧠 New identity created
[21:03:10] 🔄 Retry 2/5 for KKSC in 4.9s
[21:03:10] 🔄 Identity reset
[21:03:15] 🧠 New identity created
[21:03:15] 🔄 Retry 3/5 for KKSC in 8.6s
[21:03:15] 🔄 Identity reset
[21:03:24] 🧠 New identity created
[21:03:24] 🔄 Retry 4/5 for KKSC in 16.8s
[21:03:24] 🔄 Identity reset
[21:03:41] 🧠 New identity created
[21:03:41] ❌ KKSC failed after 5 attempts
[21:03:41] 🔄 Identity reset
[21:03:41] ❌ KKSC final failure | RuntimeError | HTTP 403
[21:03:41] [181/458] RVMA
[21:03:41] 🧠 New identity created
[21:03:43] [182/458] SCLL
[21:03:44] [183/458] SCDK
[21:03:46] [184/458] SXMI
[21:03:47] [185/458] SHDN
[21:03:48] [186/458] PAAD
[21:03:48] 🔄 Identity reset
[21:03:48] 🔄 Identity rotated (every 10 requests)
[21:03:48] [187/458] UUCB
[21:03:49] [188/458] JHOL
[21:03:50] [189/458] SGWT
[21:03:51] [190/458] SRII
[21:03:52] [191/458] SGCK
[21:03:53] [192/458] SVVB
[21:03:54] [193/458] DMHA
[21:03:55] [194/458] PPNL
[21:03:56] [195/458] CPNL
[21:03:58] [196/458] WVLD
[21:03:58] 🔄 Identity reset
[21:03:58] 🔄 Identity rotated (every 10 requests)
[21:03:59] [197/458] PSLV
[21:04:00] [198/458] VTTL
[21:04:01] [199/458] NPAD
[21:04:02] [200/458] PVCS
[21:04:03] [201/458] MCHL
[21:04:04] [202/458] PPLL
[21:04:05] [203/458] MALO
[21:04:05] [204/458] SWBH
[21:04:06] [205/458] PUGB
[21:04:07] [206/458] INBB
[21:04:07] 🔄 Identity reset
[21:04:07] 🔄 Identity rotated (every 10 requests)
[21:04:07] 🔄 Retry 1/5 for INBB in 2.1s
[21:04:07] 🔄 Identity reset
[21:04:09] 🧠 New identity created
[21:04:09] 🔄 Retry 2/5 for INBB in 4.7s
[21:04:09] 🔄 Identity reset
[21:04:14] 🧠 New identity created
[21:04:14] 🔄 Retry 3/5 for INBB in 8.9s
[21:04:14] 🔄 Identity reset
[21:04:23] 🧠 New identity created
[21:04:24] [207/458] INNS
[21:04:25] [208/458] MCPT
[21:04:26] [209/458] SCMI
[21:04:27] [210/458] OCON
[21:04:28] [211/458] SCSM
[21:04:29] [212/458] RJVN
[21:04:30] [213/458] AMDK
[21:04:30] 🔄 Identity reset
[21:04:30] 🔄 Identity rotated (every 10 requests)
[21:04:30] 🔄 Retry 1/5 for AMDK in 2.8s
[21:04:30] 🔄 Identity reset
[21:04:33] 🧠 New identity created
[21:04:33] 🔄 Retry 2/5 for AMDK in 4.1s
[21:04:33] 🔄 Identity reset
[21:04:37] 🧠 New identity created
[21:04:38] [214/458] ISMR
[21:04:39] [215/458] SMTD
[21:04:40] [216/458] VTDD
[21:04:41] [217/458] PDDZ
[21:04:42] [218/458] PCCK
[21:04:43] [219/458] INAM
[21:04:44] [220/458] FNKT
[21:04:45] [221/458] GDKA
[21:04:45] 🔄 Identity reset
[21:04:45] 🔄 Identity rotated (every 10 requests)
[21:04:46] [222/458] MAYU
[21:04:47] [223/458] TCGU
[21:04:48] [224/458] KDCA
[21:04:49] [225/458] DOMY
[21:04:49] [226/458] PDDD
[21:04:51] [227/458] BJTS
[21:04:52] [228/458] VTCA
[21:04:53] [229/458] SBTM
[21:04:53] [230/458] SEET
[21:04:54] [231/458] SSTJ
[21:04:54] 🔄 Identity reset
[21:04:54] 🔄 Identity rotated (every 10 requests)
[21:04:55] [232/458] SVNT
[21:04:56] [233/458] PPPR
[21:04:57] [234/458] PVYS
[21:04:58] [235/458] IOSE
[21:04:59] [236/458] ACTV
[21:05:00] [237/458] APVE
[21:05:01] [238/458] TCCL
[21:05:02] [239/458] SCMO
[21:05:03] [240/458] SAUM
[21:05:04] [241/458] KCJS
[21:05:04] 🔄 Identity reset
[21:05:04] 🔄 Identity rotated (every 10 requests)
[21:05:06] [242/458] NJCJ
[21:05:06] [243/458] NECF
[21:05:07] [244/458] CCGW
[21:05:08] [245/458] CCMG
[21:05:09] [246/458] NYRG
[21:05:10] [247/458] NCSQ
[21:05:11] [248/458] GRCG
[21:05:12] [249/458] CCBT
[21:05:14] [250/458] ACGA
[21:05:15] [251/458] INAG
[21:05:15] 🔄 Identity reset
[21:05:15] 🔄 Identity rotated (every 10 requests)
[21:05:17] [252/458] FUCG
[21:05:17] [253/458] AICF
[21:05:18] [254/458] GRGA
[21:05:19] [255/458] GDCN
[21:05:21] [256/458] RRCG
[21:05:22] [257/458] SDCH
[21:05:23] [258/458] WVJM
[21:05:24] [259/458] JCCZ
[21:05:25] [260/458] CNCL
[21:05:26] [261/458] TMLV
[21:05:26] 🔄 Identity reset
[21:05:26] 🔄 Identity rotated (every 10 requests)
[21:05:27] [262/458] MEMB
[21:05:28] [263/458] SGTD
[21:05:29] [264/458] CONX
[21:05:30] [265/458] CCMH
[21:05:30] [266/458] ACMC
[21:05:31] [267/458] DTPD
[21:05:32] [268/458] POJA
[21:05:33] [269/458] FNBH
[21:05:34] [270/458] CGCB
[21:05:35] [271/458] RACN
[21:05:35] 🔄 Identity reset
[21:05:35] 🔄 Identity rotated (every 10 requests)
[21:05:36] [272/458] JTSM
[21:05:37] [273/458] SCDN
[21:05:38] [274/458] AACK
[21:05:39] [275/458] RMCE
[21:05:40] [276/458] BSGB
[21:05:42] [277/458] MRCB
[21:05:44] [278/458] SRVR
[21:05:45] [279/458] VTKK
[21:05:46] [280/458] AMST
[21:05:46] [281/458] APCY
[21:05:46] 🔄 Identity reset
[21:05:46] 🔄 Identity rotated (every 10 requests)
[21:05:48] [282/458] LMHO
[21:05:49] [283/458] MTZH
[21:05:50] [284/458] AMZB
[21:05:51] [285/458] SUVT
[21:05:52] [286/458] RCIP
[21:05:53] [287/458] KESR
[21:05:54] [288/458] SNKC
[21:05:55] [289/458] SCED
[21:05:56] [290/458] DVCA
[21:05:57] [291/458] VCDT
[21:05:57] 🔄 Identity reset
[21:05:57] 🔄 Identity rotated (every 10 requests)
[21:05:59] [292/458] RRDI
[21:05:59] [293/458] DFCH
[21:06:01] [294/458] INSC
[21:06:02] [295/458] RGTR
[21:06:03] [296/458] FMOT
[21:06:04] [297/458] SCPM
[21:06:04] [298/458] GCDT
[21:06:05] [299/458] BRKT
[21:06:06] [300/458] DEMP
[21:06:07] [301/458] SRLC
[21:06:07] 🔄 Identity reset
[21:06:07] 🔄 Identity rotated (every 10 requests)
[21:06:07] 🔄 Retry 1/5 for SRLC in 2.1s
[21:06:07] 🔄 Identity reset
[21:06:09] 🧠 New identity created
[21:06:10] [302/458] KSTT
[21:06:11] [303/458] SMMT
[21:06:12] [304/458] SILM
[21:06:13] [305/458] JCVM
[21:06:14] [306/458] KCSV
[21:06:15] [307/458] MHLK
[21:06:16] [308/458] SLVL
[21:06:17] [309/458] RJKP
[21:06:18] [310/458] BBPC
[21:06:18] 🔄 Identity reset
[21:06:18] 🔄 Identity rotated (every 10 requests)
[21:06:18] [311/458] MXCB
[21:06:19] [312/458] TCPK
[21:06:20] [313/458] RTBR
[21:06:21] [314/458] GAUT
[21:06:22] [315/458] DVCF
[21:06:23] [316/458] JTSB
[21:06:24] [317/458] SBLS
[21:06:25] [318/458] UDAY
[21:06:26] [319/458] PTNP
[21:06:28] [320/458] DMKT
[21:06:28] 🔄 Identity reset
[21:06:28] 🔄 Identity rotated (every 10 requests)
[21:06:29] [321/458] NTDT
[21:06:30] [322/458] SHDJ
[21:06:30] [323/458] OTNC
[21:06:31] [324/458] RNTW
[21:06:32] [325/458] GCMI
[21:06:33] [326/458] CRCM
[21:06:34] [327/458] NNCZ
[21:06:35] [328/458] OEMO
[21:06:36] [329/458] PVJM
[21:06:37] [330/458] CPJI
[21:06:37] 🔄 Identity reset
[21:06:37] 🔄 Identity rotated (every 10 requests)
[21:06:39] [331/458] RMCJ
[21:06:40] [332/458] CNWJ
[21:06:41] [333/458] EPJM
[21:06:42] [334/458] FNJJ
[21:06:42] [335/458] GCMJ
[21:06:43] [336/458] INPS
[21:06:44] [337/458] BICJ
[21:06:45] [338/458] ISTJ
[21:06:46] [339/458] INJC
[21:06:47] [340/458] GLXJ
[21:06:47] 🔄 Identity reset
[21:06:47] 🔄 Identity rotated (every 10 requests)
[21:06:48] [341/458] INEM
[21:06:49] [342/458] JTMN
[21:06:50] [343/458] FRCJ
[21:06:51] [344/458] DDJP
[21:06:51] [345/458] INJV
[21:06:52] [346/458] GOLC
[21:06:54] [347/458] KOCI
[21:06:55] [348/458] FSTD
[21:06:56] [349/458] PACJ
[21:06:57] [350/458] GMCN
[21:06:57] 🔄 Identity reset
[21:06:57] 🔄 Identity rotated (every 10 requests)
[21:06:58] [351/458] MMDJ
[21:06:59] [352/458] GODH
[21:07:00] [353/458] SKYN
[21:07:01] [354/458] NCTH
[21:07:02] [355/458] SKVZ
[21:07:02] [356/458] SVML
[21:07:04] [357/458] ACVZ
[21:07:05] [358/458] SURA
[21:07:06] [359/458] RTRB
[21:07:06] [360/458] LLCT
[21:07:06] 🔄 Identity reset
[21:07:07] 🔄 Identity rotated (every 10 requests)
[21:07:08] [361/458] ATTS
[21:07:08] [362/458] JYCM
[21:07:09] [363/458] CTKR
[21:07:10] [364/458] LCKR
[21:07:11] [365/458] NYCV
[21:07:12] [366/458] NYOH
[21:07:13] [367/458] NOVX
[21:07:14] [368/458] MRGK
[21:07:15] [369/458] MOON
[21:07:16] [370/458] SBUC
[21:07:16] 🔄 Identity reset
[21:07:16] 🔄 Identity rotated (every 10 requests)
[21:07:16] [371/458] GSVA
[21:07:17] [372/458] VIAK
[21:07:18] [373/458] SMVZ
[21:07:19] [374/458] MATE
[21:07:20] [375/458] RDCN
[21:07:21] [376/458] ASBL
[21:07:22] [377/458] ASVS
[21:07:23] [378/458] ASSR
[21:07:23] [379/458] SSKN
[21:07:24] [380/458] DRPV
[21:07:24] 🔄 Identity reset
[21:07:24] 🔄 Identity rotated (every 10 requests)
[21:07:25] [381/458] MRHT
[21:07:26] [382/458] BSCN
[21:07:27] [383/458] RKNX
[21:07:28] [384/458] MSMC
[21:07:29] [385/458] MSCJ
[21:07:30] [386/458] BTBJ
[21:07:30] [387/458] MJCC
[21:07:31] [388/458] IOMM
[21:07:33] [389/458] ADGR
[21:07:34] [390/458] MYCP
[21:07:34] 🔄 Identity reset
[21:07:34] 🔄 Identity rotated (every 10 requests)
[21:07:34] 🔄 Retry 1/5 for MYCP in 2.5s
[21:07:34] 🔄 Identity reset
[21:07:36] 🧠 New identity created
[21:07:38] [391/458] IGCM
[21:07:39] [392/458] PGRK
[21:07:40] [393/458] VPGO
[21:07:41] [394/458] KOMS
[21:07:42] [395/458] URGG
[21:07:43] [396/458] GOST
[21:07:43] [397/458] LACT
[21:07:44] [398/458] BWCM
[21:07:45] [399/458] NCCW
[21:07:45] 🔄 Identity reset
[21:07:45] 🔄 Identity rotated (every 10 requests)
[21:07:46] [400/458] SKYC
[21:07:47] [401/458] CCPM
[21:07:48] [402/458] VCBT
[21:07:48] [403/458] SDKR
[21:07:49] [404/458] CTYB
[21:07:50] [405/458] SHCX
[21:07:51] [406/458] RCUN
[21:07:52] [407/458] CNRA
[21:07:53] [408/458] RFCA
[21:07:54] [409/458] RDCU
[21:07:54] 🔄 Identity reset
[21:07:54] 🔄 Identity rotated (every 10 requests)
[21:07:55] [410/458] SARK
[21:07:56] [411/458] SPPP
[21:07:57] [412/458] ADMB
[21:07:58] [413/458] JYOE
[21:07:58] [414/458] SRMD
[21:07:59] [415/458] RJDH
[21:08:01] [416/458] SSTD
[21:08:03] [417/458] AACV
[21:08:03] [418/458] PPVD
[21:08:05] [419/458] STCP
[21:08:05] 🔄 Identity reset
[21:08:05] 🔄 Identity rotated (every 10 requests)
[21:08:06] [420/458] ANLS
[21:08:06] [421/458] BIJO
[21:08:07] [422/458] AVAB
[21:08:08] [423/458] SPMD
[21:08:09] [424/458] SVJL
[21:08:10] [425/458] SDDJ
[21:08:10] [426/458] SLTU
[21:08:11] [427/458] SAKA
[21:08:12] [428/458] PMAM
[21:08:13] [429/458] FNAM
[21:08:13] 🔄 Identity reset
[21:08:13] 🔄 Identity rotated (every 10 requests)
[21:08:14] [430/458] ACAM
[21:08:15] [431/458] SCMM
[21:08:16] [432/458] PMAK
[21:08:17] [433/458] NYSA
[21:08:18] [434/458] FCPA
[21:08:19] [435/458] GDAN
[21:08:20] [436/458] RSCA
[21:08:21] [437/458] DMAN
[21:08:22] [438/458] DZCM
[21:08:23] [439/458] NSGL
[21:08:23] 🔄 Identity reset
[21:08:23] 🔄 Identity rotated (every 10 requests)
[21:08:23] 🔄 Retry 1/5 for NSGL in 2.7s
[21:08:23] 🔄 Identity reset
[21:08:26] 🧠 New identity created
[21:08:27] [440/458] CCPP
[21:08:27] [441/458] PSMG
[21:08:28] [442/458] GSER
[21:08:29] [443/458] FCCT
[21:08:30] [444/458] FCTB
[21:08:31] [445/458] LCNK
[21:08:31] [446/458] SKTY
[21:08:32] [447/458] INAA
[21:08:33] [448/458] RCWN
[21:08:33] 🔄 Identity reset
[21:08:33] 🔄 Identity rotated (every 10 requests)
[21:08:34] [449/458] VAIS
[21:08:35] [450/458] CVMN
[21:08:36] [451/458] INTS
[21:08:36] [452/458] FRGS
[21:08:38] [453/458] DTCK
[21:08:39] [454/458] MCMH
[21:08:39] [455/458] ECRR
[21:08:40] [456/458] RLLP
[21:08:41] [457/458] CCSN
[21:08:42] [458/458] CCBA
[21:08:42] 🔄 Identity reset
[21:08:42] 🔄 Identity rotated (every 10 requests)
[21:08:43] 🧹 Deduping shows
[21:08:43] ✅ DONE | Shows=3481 | Movies=68
[23:32:48] 🚀 SCRIPT STARTED
[23:32:48] [1/458] MBDC
[23:32:48] 🧠 New identity created
[23:32:49] [2/458] CHKM
[23:32:50] [3/458] JTKZ
[23:32:51] [4/458] CMCT
[23:32:51] [5/458] ASHO
[23:32:52] [6/458] ECDG
[23:32:53] [7/458] SPAT
[23:32:54] [8/458] HILC
[23:32:54] [9/458] SPPH
[23:32:55] [10/458] SBHN
[23:32:55] 🔄 Identity reset
[23:32:55] 🔄 Identity rotated (every 10 requests)
[23:32:56] [11/458] RRCA
[23:32:56] [12/458] APAA
[23:32:57] [13/458] RAME
[23:32:58] [14/458] TMMS
[23:32:58] [15/458] BATK
[23:32:59] [16/458] LKOP
[23:33:00] [17/458] AMTT
[23:33:00] [18/458] PTGK
[23:33:01] [19/458] ANRS
[23:33:02] [20/458] VWBW
[23:33:02] 🔄 Identity reset
[23:33:02] 🔄 Identity rotated (every 10 requests)
[23:33:02] [21/458] SVFG
[23:33:03] [22/458] STAT
[23:33:04] [23/458] GDCV
[23:33:05] [24/458] VEBI
[23:33:05] [25/458] VDSS
[23:33:06] [26/458] NTHV
[23:33:07] [27/458] AOCH
[23:33:07] [28/458] KASR
[23:33:08] [29/458] AYCS
[23:33:09] [30/458] SHAI
[23:33:09] 🔄 Identity reset
[23:33:09] 🔄 Identity rotated (every 10 requests)
[23:33:09] [31/458] SKPE
[23:33:10] [32/458] SBTA
[23:33:11] [33/458] RTTD
[23:33:11] [34/458] CCJD
[23:33:12] [35/458] RSJJ
[23:33:13] [36/458] RKND
[23:33:14] [37/458] SVTX
[23:33:14] [38/458] BAKM
[23:33:15] [39/458] SVDC
[23:33:16] [40/458] MNCV
[23:33:16] 🔄 Identity reset
[23:33:16] 🔄 Identity rotated (every 10 requests)
[23:33:17] [41/458] SJGC
[23:33:18] [42/458] MTPK
[23:33:18] [43/458] GATP
[23:33:19] [44/458] ABTS
[23:33:19] [45/458] ABDE
[23:33:20] [46/458] RCNM
[23:33:21] [47/458] KTHV
[23:33:21] [48/458] MDGJ
[23:33:22] [49/458] SMLM
[23:33:23] [50/458] JTMA
[23:33:23] 🔄 Identity reset
[23:33:23] 🔄 Identity rotated (every 10 requests)
[23:33:24] [51/458] ACKP
[23:33:24] [52/458] SRTA
[23:33:25] [53/458] STAY
[23:33:26] [54/458] MAVO
[23:33:26] [55/458] APTS
[23:33:27] [56/458] OMEA
[23:33:28] [57/458] TTFD
[23:33:28] [58/458] MJCU
[23:33:29] [59/458] CXTE
[23:33:30] [60/458] CTPX
[23:33:30] 🔄 Identity reset
[23:33:30] 🔄 Identity rotated (every 10 requests)
[23:33:30] [61/458] ASSL
[23:33:31] [62/458] CMVB
[23:33:32] [63/458] VPUR
[23:33:32] [64/458] JJDA
[23:33:33] [65/458] INBL
[23:33:34] [66/458] BIKB
[23:33:34] [67/458] NTBB
[23:33:35] [68/458] GLOB
[23:33:36] [69/458] SNTB
[23:33:36] [70/458] CHGV
[23:33:36] 🔄 Identity reset
[23:33:36] 🔄 Identity rotated (every 10 requests)
[23:33:37] [71/458] SSBZ
[23:33:38] [72/458] PRDB
[23:33:38] [73/458] ISMT
[23:33:39] [74/458] MCSD
[23:33:40] [75/458] JBTT
[23:33:41] [76/458] GEKR
[23:33:41] [77/458] PVUN
[23:33:42] [78/458] NRTB
[23:33:43] [79/458] PRAA
[23:33:43] [80/458] PCBL
[23:33:43] 🔄 Identity reset
[23:33:43] 🔄 Identity rotated (every 10 requests)
[23:33:44] [81/458] PTCM
[23:33:45] [82/458] KHNN
[23:33:46] [83/458] OMJE
[23:33:46] [84/458] STGN
[23:33:47] [85/458] RPMS
[23:33:47] [86/458] NWAD
[23:33:48] [87/458] BLCK
[23:33:49] [88/458] SVAA
[23:33:50] [89/458] URVM
[23:33:50] [90/458] ANTM
[23:33:50] 🔄 Identity reset
[23:33:50] 🔄 Identity rotated (every 10 requests)
[23:33:51] [91/458] VJYM
[23:33:52] [92/458] MAZZ
[23:33:52] [93/458] CSHM
[23:33:53] [94/458] WGMH
[23:33:54] [95/458] SALN
[23:33:55] [96/458] BRTP
[23:33:56] [97/458] SVTA
[23:33:56] [98/458] SBTP
[23:33:57] [99/458] VLSS
[23:33:58] [100/458] SRJA
[23:33:58] 🔄 Identity reset
[23:33:58] 🔄 Identity rotated (every 10 requests)
[23:33:59] [101/458] ANCG
[23:33:59] [102/458] CGGC
[23:34:00] [103/458] CRJA
[23:34:01] [104/458] USCR
[23:34:01] [105/458] MMEF
[23:34:02] [106/458] JCRJ
[23:34:02] [107/458] ADCM
[23:34:03] [108/458] BMYK
[23:34:04] [109/458] KICS
[23:34:04] [110/458] MBBT
[23:34:04] 🔄 Identity reset
[23:34:04] 🔄 Identity rotated (every 10 requests)
[23:34:05] [111/458] MACK
[23:34:06] [112/458] CLDR
[23:34:07] [113/458] JYCR
[23:34:07] [114/458] DCRP
[23:34:08] [115/458] RAHT
[23:34:09] [116/458] CSSM
[23:34:10] [117/458] ATPK
[23:34:11] [118/458] KLRT
[23:34:11] [119/458] SRDD
[23:34:12] [120/458] CKMC
[23:34:12] 🔄 Identity reset
[23:34:12] 🔄 Identity rotated (every 10 requests)
[23:34:13] [121/458] KRVM
[23:34:13] [122/458] AKCP
[23:34:14] [123/458] CNCV
[23:34:14] [124/458] PACT
[23:34:15] [125/458] NATP
[23:34:16] [126/458] PCPK
[23:34:16] [127/458] SMHO
[23:34:17] [128/458] CWTK
[23:34:17] [129/458] RVKZ
[23:34:18] [130/458] ASPD
[23:34:18] 🔄 Identity reset
[23:34:18] 🔄 Identity rotated (every 10 requests)
[23:34:19] [131/458] VTKZ
[23:34:20] [132/458] LCSO
[23:34:20] [133/458] PRDY
[23:34:21] [134/458] RCAP
[23:34:22] [135/458] RGAR
[23:34:22] [136/458] RCAC
[23:34:23] [137/458] PMOD
[23:34:24] [138/458] PVCN
[23:34:24] [139/458] SCRZ
[23:34:25] [140/458] PVPC
[23:34:25] 🔄 Identity reset
[23:34:25] 🔄 Identity rotated (every 10 requests)
[23:34:26] [141/458] STID
[23:34:26] [142/458] NEDD
[23:34:27] [143/458] BNBA
[23:34:28] [144/458] NTCD
[23:34:28] [145/458] OCDE
[23:34:29] [146/458] CCDU
[23:34:30] [147/458] CRXH
[23:34:31] [148/458] VLVT
[23:34:31] [149/458] CICI
[23:34:32] [150/458] SUCB
[23:34:32] 🔄 Identity reset
[23:34:32] 🔄 Identity rotated (every 10 requests)
[23:34:32] [151/458] TCBP
[23:34:33] [152/458] SCCY
[23:34:34] [153/458] LXCY
[23:34:34] [154/458] NCMD
[23:34:35] [155/458] PHCS
[23:34:36] [156/458] DUXR
[23:34:36] [157/458] VNKS
[23:34:37] [158/458] SEDP
[23:34:38] [159/458] SVEN
[23:34:38] [160/458] SRKM
[23:34:38] 🔄 Identity reset
[23:34:38] 🔄 Identity rotated (every 10 requests)
[23:34:39] [161/458] JTLT
[23:34:40] [162/458] SVSS
[23:34:41] [163/458] AMDE
[23:34:41] [164/458] WVRN
[23:34:42] [165/458] ISMG
[23:34:43] [166/458] WVKS
[23:34:43] [167/458] USCG
[23:34:44] [168/458] IOTG
[23:34:45] [169/458] RRJM
[23:34:45] [170/458] EDMP
[23:34:45] 🔄 Identity reset
[23:34:45] 🔄 Identity rotated (every 10 requests)
[23:34:46] [171/458] SCGZ
[23:34:47] [172/458] GMGX
[23:34:47] [173/458] OMTP
[23:34:48] [174/458] MITD
[23:34:49] [175/458] SMMD
[23:34:49] [176/458] STML
[23:34:50] [177/458] MCFS
[23:34:51] [178/458] FPKA
[23:34:51] [179/458] OMLR
[23:34:52] [180/458] KKSC
[23:34:52] 🔄 Identity reset
[23:34:52] 🔄 Identity rotated (every 10 requests)
[23:34:53] [181/458] RVMA
[23:34:54] [182/458] SCLL
[23:34:55] [183/458] SCDK
[23:34:55] [184/458] SXMI
[23:34:56] [185/458] SHDN
[23:34:57] [186/458] PAAD
[23:34:57] [187/458] UUCB
[23:34:58] [188/458] JHOL
[23:34:59] [189/458] SGWT
[23:34:59] [190/458] SRII
[23:34:59] 🔄 Identity reset
[23:34:59] 🔄 Identity rotated (every 10 requests)
[23:35:00] [191/458] SGCK
[23:35:01] [192/458] SVVB
[23:35:01] [193/458] DMHA
[23:35:02] [194/458] PPNL
[23:35:03] [195/458] CPNL
[23:35:03] [196/458] WVLD
[23:35:04] [197/458] PSLV
[23:35:04] [198/458] VTTL
[23:35:05] [199/458] NPAD
[23:35:06] [200/458] PVCS
[23:35:06] 🔄 Identity reset
[23:35:06] 🔄 Identity rotated (every 10 requests)
[23:35:07] [201/458] MCHL
[23:35:07] [202/458] PPLL
[23:35:08] [203/458] MALO
[23:35:08] [204/458] SWBH
[23:35:09] [205/458] PUGB
[23:35:10] [206/458] INBB
[23:35:11] [207/458] INNS
[23:35:11] [208/458] MCPT
[23:35:12] [209/458] SCMI
[23:35:13] [210/458] OCON
[23:35:13] 🔄 Identity reset
[23:35:13] 🔄 Identity rotated (every 10 requests)
[23:35:14] [211/458] SCSM
[23:35:14] [212/458] RJVN
[23:35:15] [213/458] AMDK
[23:35:16] [214/458] ISMR
[23:35:16] [215/458] SMTD
[23:35:17] [216/458] VTDD
[23:35:18] [217/458] PDDZ
[23:35:18] [218/458] PCCK
[23:35:19] [219/458] INAM
[23:35:19] [220/458] FNKT
[23:35:19] 🔄 Identity reset
[23:35:20] 🔄 Identity rotated (every 10 requests)
[23:35:20] [221/458] GDKA
[23:35:21] [222/458] MAYU
[23:35:22] [223/458] TCGU
[23:35:23] [224/458] KDCA
[23:35:23] [225/458] DOMY
[23:35:24] [226/458] PDDD
[23:35:24] [227/458] BJTS
[23:35:25] [228/458] VTCA
[23:35:26] [229/458] SBTM
[23:35:27] [230/458] SEET
[23:35:27] 🔄 Identity reset
[23:35:27] 🔄 Identity rotated (every 10 requests)
[23:35:27] [231/458] SSTJ
[23:35:28] [232/458] SVNT
[23:35:29] [233/458] PPPR
[23:35:30] [234/458] PVYS
[23:35:30] [235/458] IOSE
[23:35:31] [236/458] ACTV
[23:35:32] [237/458] APVE
[23:35:32] [238/458] TCCL
[23:35:33] [239/458] SCMO
[23:35:34] [240/458] SAUM
[23:35:34] 🔄 Identity reset
[23:35:34] 🔄 Identity rotated (every 10 requests)
[23:35:34] [241/458] KCJS
[23:35:35] [242/458] NJCJ
[23:35:36] [243/458] NECF
[23:35:37] [244/458] CCGW
[23:35:37] [245/458] CCMG
[23:35:38] [246/458] NYRG
[23:35:39] [247/458] NCSQ
[23:35:39] [248/458] GRCG
[23:35:40] [249/458] CCBT
[23:35:41] [250/458] ACGA
[23:35:41] 🔄 Identity reset
[23:35:41] 🔄 Identity rotated (every 10 requests)
[23:35:41] [251/458] INAG
[23:35:42] [252/458] FUCG
[23:35:42] [253/458] AICF
[23:35:43] [254/458] GRGA
[23:35:44] [255/458] GDCN
[23:35:45] [256/458] RRCG
[23:35:45] [257/458] SDCH
[23:35:46] [258/458] WVJM
[23:35:47] [259/458] JCCZ
[23:35:47] [260/458] CNCL
[23:35:47] 🔄 Identity reset
[23:35:47] 🔄 Identity rotated (every 10 requests)
[23:35:48] [261/458] TMLV
[23:35:49] [262/458] MEMB
[23:35:49] [263/458] SGTD
[23:35:50] [264/458] CONX
[23:35:51] [265/458] CCMH
[23:35:51] [266/458] ACMC
[23:35:52] [267/458] DTPD
[23:35:53] [268/458] POJA
[23:35:54] [269/458] FNBH
[23:35:54] [270/458] CGCB
[23:35:54] 🔄 Identity reset
[23:35:54] 🔄 Identity rotated (every 10 requests)
[23:35:55] [271/458] RACN
[23:35:56] [272/458] JTSM
[23:35:56] [273/458] SCDN
[23:35:57] [274/458] AACK
[23:35:58] [275/458] RMCE
[23:35:59] [276/458] BSGB
[23:36:00] [277/458] MRCB
[23:36:01] [278/458] SRVR
[23:36:02] [279/458] VTKK
[23:36:02] [280/458] AMST
[23:36:02] 🔄 Identity reset
[23:36:02] 🔄 Identity rotated (every 10 requests)
[23:36:03] [281/458] APCY
[23:36:05] [282/458] LMHO
[23:36:06] [283/458] MTZH
[23:36:07] [284/458] AMZB
[23:36:07] [285/458] SUVT
[23:36:08] [286/458] RCIP
[23:36:09] [287/458] KESR
[23:36:10] [288/458] SNKC
[23:36:10] [289/458] SCED
[23:36:11] [290/458] DVCA
[23:36:11] 🔄 Identity reset
[23:36:11] 🔄 Identity rotated (every 10 requests)
[23:36:11] [291/458] VCDT
[23:36:12] [292/458] RRDI
[23:36:13] [293/458] DFCH
[23:36:14] [294/458] INSC
[23:36:14] [295/458] RGTR
[23:36:15] [296/458] FMOT
[23:36:16] [297/458] SCPM
[23:36:16] [298/458] GCDT
[23:36:17] [299/458] BRKT
[23:36:18] [300/458] DEMP
[23:36:18] 🔄 Identity reset
[23:36:18] 🔄 Identity rotated (every 10 requests)
[23:36:18] [301/458] SRLC
[23:36:19] [302/458] KSTT
[23:36:20] [303/458] SMMT
[23:36:20] [304/458] SILM
[23:36:21] [305/458] JCVM
[23:36:22] [306/458] KCSV
[23:36:23] [307/458] MHLK
[23:36:24] [308/458] SLVL
[23:36:24] [309/458] RJKP
[23:36:25] [310/458] BBPC
[23:36:25] 🔄 Identity reset
[23:36:25] 🔄 Identity rotated (every 10 requests)
[23:36:26] [311/458] MXCB
[23:36:27] [312/458] TCPK
[23:36:28] [313/458] RTBR
[23:36:28] [314/458] GAUT
[23:36:29] [315/458] DVCF
[23:36:30] [316/458] JTSB
[23:36:31] [317/458] SBLS
[23:36:31] [318/458] UDAY
[23:36:32] [319/458] PTNP
[23:36:33] [320/458] DMKT
[23:36:33] 🔄 Identity reset
[23:36:33] 🔄 Identity rotated (every 10 requests)
[23:36:34] [321/458] NTDT
[23:36:35] [322/458] SHDJ
[23:36:35] [323/458] OTNC
[23:36:36] [324/458] RNTW
[23:36:36] [325/458] GCMI
[23:36:37] [326/458] CRCM
[23:36:38] [327/458] NNCZ
[23:36:39] [328/458] OEMO
[23:36:40] [329/458] PVJM
[23:36:41] [330/458] CPJI
[23:36:41] 🔄 Identity reset
[23:36:41] 🔄 Identity rotated (every 10 requests)
[23:36:41] [331/458] RMCJ
[23:36:42] [332/458] CNWJ
[23:36:44] [333/458] EPJM
[23:36:44] [334/458] FNJJ
[23:36:45] [335/458] GCMJ
[23:36:46] [336/458] INPS
[23:36:46] [337/458] BICJ
[23:36:47] [338/458] ISTJ
[23:36:48] [339/458] INJC
[23:36:49] [340/458] GLXJ
[23:36:49] 🔄 Identity reset
[23:36:49] 🔄 Identity rotated (every 10 requests)
[23:36:50] [341/458] INEM
[23:36:50] [342/458] JTMN
[23:36:51] [343/458] FRCJ
[23:36:52] [344/458] DDJP
[23:36:53] [345/458] INJV
[23:36:53] [346/458] GOLC
[23:36:54] [347/458] KOCI
[23:36:55] [348/458] FSTD
[23:36:56] [349/458] PACJ
[23:36:57] [350/458] GMCN
[23:36:57] 🔄 Identity reset
[23:36:57] 🔄 Identity rotated (every 10 requests)
[23:36:58] [351/458] MMDJ
[23:36:58] [352/458] GODH
[23:36:59] [353/458] SKYN
[23:37:00] [354/458] NCTH
[23:37:01] [355/458] SKVZ
[23:37:01] [356/458] SVML
[23:37:02] [357/458] ACVZ
[23:37:03] [358/458] SURA
[23:37:03] [359/458] RTRB
[23:37:04] [360/458] LLCT
[23:37:04] 🔄 Identity reset
[23:37:04] 🔄 Identity rotated (every 10 requests)
[23:37:05] [361/458] ATTS
[23:37:05] [362/458] JYCM
[23:37:06] [363/458] CTKR
[23:37:07] [364/458] LCKR
[23:37:08] [365/458] NYCV
[23:37:08] [366/458] NYOH
[23:37:09] [367/458] NOVX
[23:37:10] [368/458] MRGK
[23:37:10] [369/458] MOON
[23:37:11] [370/458] SBUC
[23:37:11] 🔄 Identity reset
[23:37:11] 🔄 Identity rotated (every 10 requests)
[23:37:11] [371/458] GSVA
[23:37:12] [372/458] VIAK
[23:37:13] [373/458] SMVZ
[23:37:14] [374/458] MATE
[23:37:15] [375/458] RDCN
[23:37:15] [376/458] ASBL
[23:37:16] [377/458] ASVS
[23:37:17] [378/458] ASSR
[23:37:17] [379/458] SSKN
[23:37:18] [380/458] DRPV
[23:37:18] 🔄 Identity reset
[23:37:18] 🔄 Identity rotated (every 10 requests)
[23:37:19] [381/458] MRHT
[23:37:20] [382/458] BSCN
[23:37:20] [383/458] RKNX
[23:37:21] [384/458] MSMC
[23:37:22] [385/458] MSCJ
[23:37:23] [386/458] BTBJ
[23:37:23] [387/458] MJCC
[23:37:24] [388/458] IOMM
[23:37:25] [389/458] ADGR
[23:37:26] [390/458] MYCP
[23:37:26] 🔄 Identity reset
[23:37:26] 🔄 Identity rotated (every 10 requests)
[23:37:26] [391/458] IGCM
[23:37:27] [392/458] PGRK
[23:37:28] [393/458] VPGO
[23:37:29] [394/458] KOMS
[23:37:30] [395/458] URGG
[23:37:31] [396/458] GOST
[23:37:32] [397/458] LACT
[23:37:33] [398/458] BWCM
[23:37:33] [399/458] NCCW
[23:37:34] [400/458] SKYC
[23:37:34] 🔄 Identity reset
[23:37:34] 🔄 Identity rotated (every 10 requests)
[23:37:35] [401/458] CCPM
[23:37:35] [402/458] VCBT
[23:37:36] [403/458] SDKR
[23:37:37] [404/458] CTYB
[23:37:37] [405/458] SHCX
[23:37:38] [406/458] RCUN
[23:37:38] [407/458] CNRA
[23:37:39] [408/458] RFCA
[23:37:40] [409/458] RDCU
[23:37:40] [410/458] SARK
[23:37:40] 🔄 Identity reset
[23:37:40] 🔄 Identity rotated (every 10 requests)
[23:37:41] [411/458] SPPP
[23:37:42] [412/458] ADMB
[23:37:43] [413/458] JYOE
[23:37:43] [414/458] SRMD
[23:37:44] [415/458] RJDH
[23:37:45] [416/458] SSTD
[23:37:45] [417/458] AACV
[23:37:46] [418/458] PPVD
[23:37:47] [419/458] STCP
[23:37:47] [420/458] ANLS
[23:37:47] 🔄 Identity reset
[23:37:47] 🔄 Identity rotated (every 10 requests)
[23:37:48] [421/458] BIJO
[23:37:49] [422/458] AVAB
[23:37:49] [423/458] SPMD
[23:37:50] [424/458] SVJL
[23:37:51] [425/458] SDDJ
[23:37:51] [426/458] SLTU
[23:37:52] [427/458] SAKA
[23:37:52] [428/458] PMAM
[23:37:53] [429/458] FNAM
[23:37:54] [430/458] ACAM
[23:37:54] 🔄 Identity reset
[23:37:54] 🔄 Identity rotated (every 10 requests)
[23:37:55] [431/458] SCMM
[23:37:55] [432/458] PMAK
[23:37:56] [433/458] NYSA
[23:37:57] [434/458] FCPA
[23:37:57] [435/458] GDAN
[23:37:58] [436/458] RSCA
[23:37:59] [437/458] DMAN
[23:37:59] [438/458] DZCM
[23:38:00] [439/458] NSGL
[23:38:01] [440/458] CCPP
[23:38:01] 🔄 Identity reset
[23:38:01] 🔄 Identity rotated (every 10 requests)
[23:38:02] [441/458] PSMG
[23:38:02] [442/458] GSER
[23:38:03] [443/458] FCCT
[23:38:04] [444/458] FCTB
[23:38:04] [445/458] LCNK
[23:38:05] [446/458] SKTY
[23:38:06] [447/458] INAA
[23:38:06] [448/458] RCWN
[23:38:07] [449/458] VAIS
[23:38:08] [450/458] CVMN
[23:38:08] 🔄 Identity reset
[23:38:08] 🔄 Identity rotated (every 10 requests)
[23:38:09] [451/458] INTS
[23:38:09] [452/458] FRGS
[23:38:10] [453/458] DTCK
[23:38:11] [454/458] MCMH
[23:38:12] [455/458] ECRR
[23:38:12] [456/458] RLLP
[23:38:13] [457/458] CCSN
[23:38:14] [458/458] CCBA
[23:38:14] 🧹 Deduping shows
[23:38:14] ✅ DONE | Shows=3494 | Movies=68
