[04:43:49] 🚀 SCRIPT STARTED (enhanced anti‑detection)
[04:43:49] [1/456] FNDB
[04:43:49] 🧠 New identity created
[04:43:50] [2/456] AMBH
[04:43:51] [3/456] PRHN
[04:43:51] [4/456] ACPM
[04:43:52] [5/456] PVFS
[04:43:53] [6/456] AACN
[04:43:55] [7/456] ACAS
[04:43:55] [8/456] CTNR
[04:43:56] [9/456] MMAH
[04:43:57] [10/456] CPMH
[04:43:58] 🔄 Identity reset
[04:43:58] 🔄 Identity rotated (every 10 requests)
[04:43:58] [11/456] IGMH
[04:43:59] [12/456] ABCS
[04:44:00] [13/456] CMMA
[04:44:02] [14/456] GPRH
[04:44:03] [15/456] PNNG
[04:44:04] [16/456] AMCA
[04:44:05] [17/456] ISTN
[04:44:05] [18/456] PIIC
[04:44:06] [19/456] AHMH
[04:44:07] [20/456] ASHN
[04:44:08] 🔄 Identity reset
[04:44:08] 🔄 Identity rotated (every 10 requests)
[04:44:09] [21/456] INHY
[04:44:10] [22/456] SRMO
[04:44:11] [23/456] PIMH
[04:44:12] [24/456] PVTS
[04:44:13] [25/456] MMCA
[04:44:13] [26/456] AKYJ
[04:44:14] [27/456] BRKH
[04:44:15] [28/456] MAHM
[04:44:16] [29/456] CPHY
[04:44:17] [30/456] PVTP
[04:44:17] 🔄 Identity reset
[04:44:17] 🔄 Identity rotated (every 10 requests)
[04:44:18] [31/456] SMMR
[04:44:18] [32/456] PVHM
[04:44:19] [33/456] SNDY
[04:44:20] [34/456] GOKU
[04:44:21] [35/456] ACEV
[04:44:23] [36/456] PVUM
[04:44:24] [37/456] VSWA
[04:44:25] [38/456] IPRS
[04:44:25] [39/456] BKMV
[04:44:26] [40/456] PVYH
[04:44:27] 🔄 Identity reset
[04:44:27] 🔄 Identity rotated (every 10 requests)
[04:44:27] [41/456] INKM
[04:44:29] [42/456] ARJU
[04:44:30] [43/456] JJPP
[04:44:31] [44/456] SSRM
[04:44:31] [45/456] HMHD
[04:44:32] [46/456] SNKH
[04:44:33] [47/456] ACHI
[04:44:34] [48/456] MRAA
[04:44:35] [49/456] INMH
[04:44:36] [50/456] ARMH
[04:44:36] 🔄 Identity reset
[04:44:36] 🔄 Identity rotated (every 10 requests)
[04:44:37] [51/456] DVRR
[04:44:37] [52/456] SUDA
[04:44:38] [53/456] MCSS
[04:44:39] [54/456] VRKC
[04:44:40] [55/456] PRCX
[04:44:41] [56/456] ASJY
[04:44:43] [57/456] MTHY
[04:44:44] [58/456] SRCM
[04:44:44] [59/456] TVHY
[04:44:45] [60/456] STHD
[04:44:46] 🔄 Identity reset
[04:44:46] 🔄 Identity rotated (every 10 requests)
[04:44:46] [61/456] CPCL
[04:44:47] [62/456] PSMJ
[04:44:48] [63/456] MRGT
[04:44:49] [64/456] ARYH
[04:44:50] [65/456] VTRB
[04:44:51] [66/456] SCHC
[04:44:52] [67/456] MRRG
[04:44:52] [68/456] SPCB
[04:44:54] [69/456] AMCM
[04:44:55] [70/456] IVNM
[04:44:55] 🔄 Identity reset
[04:44:56] 🔄 Identity rotated (every 10 requests)
[04:44:56] [71/456] TRHY
[04:44:57] [72/456] PTTH
[04:44:58] [73/456] RKMH
[04:44:58] [74/456] PRCS
[04:45:00] [75/456] VAJA
[04:45:01] [76/456] BJNG
[04:45:02] [77/456] SCVM
[04:45:03] [78/456] GNHB
[04:45:04] [79/456] TLUR
[04:45:04] [80/456] UKCC
[04:45:05] 🔄 Identity reset
[04:45:05] 🔄 Identity rotated (every 10 requests)
[04:45:05] [81/456] SRKR
[04:45:06] [82/456] RMKN
[04:45:07] [83/456] SLRT
[04:45:08] [84/456] LKMT
[04:45:09] [85/456] SSRJ
[04:45:11] [86/456] SPHT
[04:45:11] [87/456] ANTT
[04:45:13] [88/456] SRCH
[04:45:14] [89/456] SRCA
[04:45:14] [90/456] ARTH
[04:45:15] 🔄 Identity reset
[04:45:15] 🔄 Identity rotated (every 10 requests)
[04:45:15] [91/456] MCBH
[04:45:16] [92/456] SNIB
[04:45:17] [93/456] SART
[04:45:18] [94/456] SKTA
[04:45:20] [95/456] YAKT
[04:45:21] [96/456] MLCK
[04:45:21] [97/456] ANTS
[04:45:22] [98/456] DGCA
[04:45:23] [99/456] SGMP
[04:45:24] [100/456] ASWN
[04:45:25] 🔄 Identity reset
[04:45:25] 🔄 Identity rotated (every 10 requests)
[04:45:26] [101/456] KFVU
[04:45:27] [102/456] POOR
[04:45:28] [103/456] GKDN
[04:45:29] [104/456] EOSE
[04:45:30] [105/456] GTTT
[04:45:32] [106/456] ARRO
[04:45:33] [107/456] CMMK
[04:45:34] [108/456] MSCN
[04:45:34] [109/456] GDKH
[04:45:35] [110/456] DLMT
[04:45:36] 🔄 Identity reset
[04:45:36] 🔄 Identity rotated (every 10 requests)
[04:45:36] [111/456] PVMF
[04:45:37] [112/456] CPCK
[04:45:38] [113/456] VMHE
[04:45:39] [114/456] PVLC
[04:45:40] [115/456] PCVB
[04:45:41] [116/456] SNYK
[04:45:42] [117/456] KTEK
[04:45:43] [118/456] PCNM
[04:45:44] [119/456] NTTR
[04:45:45] [120/456] CPSK
[04:45:46] 🔄 Identity reset
[04:45:46] 🔄 Identity rotated (every 10 requests)
[04:45:46] [121/456] JMMA
[04:45:47] [122/456] GCFK
[04:45:48] [123/456] MYCA
[04:45:49] [124/456] KSNP
[04:45:49] [125/456] PMCE
[04:45:50] [126/456] SCKI
[04:45:52] [127/456] FSMA
[04:45:53] [128/456] CETA
[04:45:54] [129/456] MCIK
[04:45:55] [130/456] MYCR
[04:45:55] 🔄 Identity reset
[04:45:55] 🔄 Identity rotated (every 10 requests)
[04:45:55] [131/456] EVMP
[04:45:56] [132/456] SSGT
[04:45:57] [133/456] KCTK
[04:45:58] [134/456] ZTKC
[04:45:59] [135/456] MMTA
[04:46:00] [136/456] MAJT
[04:46:01] [137/456] ACPK
[04:46:01] [138/456] JMAX
[04:46:02] [139/456] SETK
[04:46:03] [140/456] CAIS
[04:46:03] 🔄 Identity reset
[04:46:03] 🔄 Identity rotated (every 10 requests)
[04:46:04] [141/456] AGCD
[04:46:05] [142/456] URCL
[04:46:06] [143/456] VTDS
[04:46:07] [144/456] JCNM
[04:46:08] [145/456] KCAM
[04:46:09] [146/456] ADCU
[04:46:10] [147/456] GXYN
[04:46:11] [148/456] SMJG
[04:46:12] [149/456] EYCJ
[04:46:13] [150/456] CCEJ
[04:46:13] 🔄 Identity reset
[04:46:13] 🔄 Identity rotated (every 10 requests)
[04:46:14] [151/456] MARS
[04:46:15] [152/456] CPVJ
[04:46:15] [153/456] INVP
[04:46:16] [154/456] CPOV
[04:46:18] [155/456] VIJK
[04:46:19] [156/456] LAIM
[04:46:20] [157/456] STHV
[04:46:20] [158/456] SVLJ
[04:46:21] [159/456] ATVJ
[04:46:22] [160/456] JTSC
[04:46:23] 🔄 Identity reset
[04:46:23] 🔄 Identity rotated (every 10 requests)
[04:46:23] [161/456] RMTV
[04:46:24] [162/456] MGGG
[04:46:25] [163/456] SWTH
[04:46:26] [164/456] INVJ
[04:46:27] [165/456] PRSV
[04:46:27] [166/456] JATV
[04:46:29] [167/456] RCVD
[04:46:30] [168/456] BDMA
[04:46:30] [169/456] BLJI
[04:46:31] [170/456] SWOT
[04:46:32] 🔄 Identity reset
[04:46:32] 🔄 Identity rotated (every 10 requests)
[04:46:33] [171/456] SWRN
[04:46:34] [172/456] TVRA
[04:46:35] [173/456] NVRN
[04:46:36] [174/456] SIKC
[04:46:37] [175/456] VAKR
[04:46:38] [176/456] SYLN
[04:46:39] [177/456] KLJL
[04:46:40] [178/456] LKMY
[04:46:40] [179/456] VSLY
[04:46:41] [180/456] CIKO
[04:46:42] 🔄 Identity reset
[04:46:42] 🔄 Identity rotated (every 10 requests)
[04:46:42] [181/456] GPBG
[04:46:43] [182/456] CECM
[04:46:44] [183/456] SLKB
[04:46:45] [184/456] MTBO
[04:46:46] [185/456] SSHB
[04:46:47] [186/456] VPCS
[04:46:48] [187/456] RCSR
[04:46:49] [188/456] RJRM
[04:46:50] [189/456] KPPB
[04:46:51] [190/456] SEDC
[04:46:51] 🔄 Identity reset
[04:46:51] 🔄 Identity rotated (every 10 requests)
[04:46:52] [191/456] SCAI
[04:46:53] [192/456] RMTR
[04:46:54] [193/456] ASST
[04:46:55] [194/456] GCAK
[04:46:57] [195/456] ANNK
[04:46:57] [196/456] KDDF
[04:46:58] [197/456] NRDP
[04:46:59] [198/456] PLAK
[04:47:01] [199/456] GCMC
[04:47:02] [200/456] ALPY
[04:47:02] 🔄 Identity reset
[04:47:02] 🔄 Identity rotated (every 10 requests)
[04:47:03] [201/456] SICE
[04:47:03] [202/456] SISR
[04:47:04] [203/456] SRPZ
[04:47:05] [204/456] SRSW
[04:47:06] [205/456] SUYA
[04:47:07] [206/456] AMMT
[04:47:08] [207/456] BHCU
[04:47:09] [208/456] KLPA
[04:47:10] [209/456] NVKH
[04:47:11] [210/456] JMRC
[04:47:11] 🔄 Identity reset
[04:47:11] 🔄 Identity rotated (every 10 requests)
[04:47:12] [211/456] KTTT
[04:47:12] [212/456] MAGH
[04:47:13] [213/456] MMMX
[04:47:14] [214/456] SALJ
[04:47:15] [215/456] GTJA
[04:47:17] [216/456] MAHT
[04:47:19] [217/456] SSNN
[04:47:20] [218/456] ARRP
[04:47:20] [219/456] ATNS
[04:47:21] [220/456] SKDT
[04:47:22] 🔄 Identity reset
[04:47:22] 🔄 Identity rotated (every 10 requests)
[04:47:22] [221/456] ACAT
[04:47:23] [222/456] APRC
[04:47:24] [223/456] SWAG
[04:47:25] [224/456] SDPT
[04:47:26] [225/456] STPS
[04:47:28] [226/456] WWCZ
[04:47:29] [227/456] LLCH
[04:47:30] [228/456] MZHA
[04:47:31] [229/456] CRJG
[04:47:33] [230/456] JGTK
[04:47:33] 🔄 Identity reset
[04:47:33] 🔄 Identity rotated (every 10 requests)
[04:47:34] [231/456] KCSR
[04:47:34] [232/456] CHTL
[04:47:35] [233/456] EDSR
[04:47:36] [234/456] CSWO
[04:47:37] [235/456] CPVM
[04:47:38] [236/456] MXBY
[04:47:40] [237/456] FMMA
[04:47:41] [238/456] POVI
[04:47:41] [239/456] MTHB
[04:47:43] [240/456] INRC
[04:47:44] 🔄 Identity reset
[04:47:44] 🔄 Identity rotated (every 10 requests)
[04:47:44] [241/456] PIPP
[04:47:45] [242/456] BMXC
[04:47:46] [243/456] PCMM
[04:47:46] [244/456] PMKM
[04:47:47] [245/456] GATY
[04:47:48] [246/456] IMCM
[04:47:49] [247/456] POPE
[04:47:50] [248/456] MTCR
[04:47:51] [249/456] PVAE
[04:47:52] [250/456] PVMI
[04:47:53] 🔄 Identity reset
[04:47:53] 🔄 Identity rotated (every 10 requests)
[04:47:53] [251/456] CPNM
[04:47:55] [252/456] FMRL
[04:47:56] [253/456] MCIW
[04:47:57] [254/456] MXBO
[04:47:58] [255/456] FMKY
[04:47:59] [256/456] FMDA
[04:48:00] [257/456] THAB
[04:48:01] [258/456] PRCW
[04:48:02] [259/456] PITI
[04:48:02] [260/456] MCFF
[04:48:03] 🔄 Identity reset
[04:48:03] 🔄 Identity rotated (every 10 requests)
[04:48:03] [261/456] PDDV
[04:48:04] [262/456] MCRM
[04:48:05] [263/456] KKMB
[04:48:07] [264/456] INKO
[04:48:08] [265/456] PLXP
[04:48:08] [266/456] MMHA
[04:48:09] [267/456] FMVS
[04:48:10] [268/456] POLM
[04:48:11] [269/456] STER
[04:48:12] [270/456] PVWJ
[04:48:13] 🔄 Identity reset
[04:48:13] 🔄 Identity rotated (every 10 requests)
[04:48:13] [271/456] IMJW
[04:48:14] [272/456] FNAN
[04:48:14] [273/456] CAGL
[04:48:16] [274/456] IPBG
[04:48:17] [275/456] SMFV
[04:48:18] [276/456] MMMR
[04:48:18] [277/456] MMWM
[04:48:20] [278/456] FNCM
[04:48:21] [279/456] MDVA
[04:48:22] [280/456] MMET
[04:48:23] 🔄 Identity reset
[04:48:23] 🔄 Identity rotated (every 10 requests)
[04:48:23] [281/456] MIDO
[04:48:24] [282/456] INNP
[04:48:25] [283/456] MIFU
[04:48:26] [284/456] MMSZ
[04:48:27] [285/456] BMXA
[04:48:28] [286/456] MCAA
[04:48:29] [287/456] SCVP
[04:48:29] [288/456] PLUS
[04:48:30] [289/456] MUCK
[04:48:31] [290/456] MTMA
[04:48:32] 🔄 Identity reset
[04:48:32] 🔄 Identity rotated (every 10 requests)
[04:48:32] [291/456] HPVR
[04:48:34] [292/456] PMPK
[04:48:36] [293/456] MAJB
[04:48:36] [294/456] CTRR
[04:48:37] [295/456] MCTG
[04:48:38] [296/456] MACE
[04:48:39] [297/456] AAAS
[04:48:40] [298/456] CPVV
[04:48:41] [299/456] RCHG
[04:48:42] [300/456] MCNE
[04:48:42] 🔄 Identity reset
[04:48:42] 🔄 Identity rotated (every 10 requests)
[04:48:43] [301/456] EMNC
[04:48:44] [302/456] MCAN
[04:48:45] [303/456] TCDM
[04:48:46] [304/456] IRGT
[04:48:47] [305/456] GCMG
[04:48:48] [306/456] MXSN
[04:48:48] [307/456] MXCK
[04:48:49] [308/456] MCRC
[04:48:50] [309/456] RSMI
[04:48:51] [310/456] WAML
[04:48:52] 🔄 Identity reset
[04:48:52] 🔄 Identity rotated (every 10 requests)
[04:48:52] [311/456] MTSC
[04:48:53] [312/456] FMDR
[04:48:55] [313/456] LEPV
[04:48:56] [314/456] MTGD
[04:48:57] [315/456] IMOB
[04:48:59] [316/456] CLMM
[04:49:00] [317/456] PZCD
[04:49:00] [318/456] GOCS
[04:49:02] [319/456] KCMA
[04:49:03] [320/456] CCMP
[04:49:03] 🔄 Identity reset
[04:49:03] 🔄 Identity rotated (every 10 requests)
[04:49:04] [321/456] MTSU
[04:49:05] [322/456] SNGL
[04:49:06] [323/456] MMMC
[04:49:07] [324/456] MMAA
[04:49:08] [325/456] GCDM
[04:49:08] [326/456] KTMV
[04:49:10] [327/456] AETE
[04:49:12] [328/456] OMCS
[04:49:12] [329/456] GDCD
[04:49:13] [330/456] NYMD
[04:49:14] 🔄 Identity reset
[04:49:14] 🔄 Identity rotated (every 10 requests)
[04:49:14] [331/456] RNCV
[04:49:15] [332/456] KKMT
[04:49:16] [333/456] GDTH
[04:49:17] [334/456] KMMV
[04:49:19] [335/456] NHCG
[04:49:20] [336/456] PJDW
[04:49:21] [337/456] MMCV
[04:49:22] [338/456] FQSA
[04:49:23] [339/456] KURL
[04:49:24] [340/456] NNNX
[04:49:24] 🔄 Identity reset
[04:49:24] 🔄 Identity rotated (every 10 requests)
[04:49:25] [341/456] AMAU
[04:49:26] [342/456] VVVM
[04:49:27] [343/456] VECU
[04:49:28] [344/456] WCVR
[04:49:29] [345/456] MTGG
[04:49:30] [346/456] SGTG
[04:49:31] [347/456] MNTG
[04:49:31] [348/456] JDDG
[04:49:32] [349/456] MBTK
[04:49:33] [350/456] SGCD
[04:49:34] 🔄 Identity reset
[04:49:34] 🔄 Identity rotated (every 10 requests)
[04:49:34] [351/456] MCTC
[04:49:35] [352/456] JTPC
[04:49:36] [353/456] SDKT
[04:49:37] [354/456] KRCC
[04:49:38] [355/456] RMMD
[04:49:40] [356/456] AAME
[04:49:42] [357/456] TMWC
[04:49:43] [358/456] NRWY
[04:49:43] [359/456] CITD
[04:49:45] [360/456] VERD
[04:49:45] 🔄 Identity reset
[04:49:46] 🔄 Identity rotated (every 10 requests)
[04:49:46] [361/456] MKSK
[04:49:47] [362/456] STSM
[04:49:48] [363/456] MJDG
[04:49:49] [364/456] RKPM
[04:49:50] [365/456] SSCE
[04:49:51] [366/456] VMAE
[04:49:52] [367/456] SBRU
[04:49:53] [368/456] AMBC
[04:49:54] [369/456] AMLU
[04:49:55] [370/456] INVZ
[04:49:56] 🔄 Identity reset
[04:49:56] 🔄 Identity rotated (every 10 requests)
[04:49:56] [371/456] LGTV
[04:49:58] [372/456] SVAD
[04:49:58] [373/456] SMSA
[04:49:59] [374/456] SPCZ
[04:50:01] [375/456] GTCX
[04:50:03] [376/456] SCSL
[04:50:04] [377/456] SAHU
[04:50:05] [378/456] NCDA
[04:50:06] [379/456] SCCG
[04:50:07] [380/456] VKTL
[04:50:07] 🔄 Identity reset
[04:50:07] 🔄 Identity rotated (every 10 requests)
[04:50:08] [381/456] PUUJ
[04:50:09] [382/456] STEJ
[04:50:10] [383/456] RJAL
[04:50:11] [384/456] ACJC
[04:50:12] [385/456] ARVB
[04:50:13] [386/456] AUBB
[04:50:14] [387/456] GDBR
[04:50:15] [388/456] PVND
[04:50:17] [389/456] BGRJ
[04:50:18] [390/456] RJMM
[04:50:18] 🔄 Identity reset
[04:50:18] 🔄 Identity rotated (every 10 requests)
[04:50:19] [391/456] MCSA
[04:50:19] [392/456] BODA
[04:50:20] [393/456] JAGG
[04:50:22] [394/456] SCGA
[04:50:23] [395/456] LRCM
[04:50:24] [396/456] CPCN
[04:50:25] [397/456] SSTF
[04:50:25] [398/456] SRXP
[04:50:26] [399/456] CNFX
[04:50:27] [400/456] ANDI
[04:50:27] 🔄 Identity reset
[04:50:27] 🔄 Identity rotated (every 10 requests)
[04:50:28] [401/456] SYEW
[04:50:29] [402/456] RCRE
[04:50:30] [403/456] SCRW
[04:50:31] [404/456] MBKR
[04:50:32] [405/456] ASNT
[04:50:33] [406/456] JTMT
[04:50:34] [407/456] SHAY
[04:50:35] [408/456] VRTH
[04:50:36] [409/456] SPTI
[04:50:37] [410/456] DPTD
[04:50:37] 🔄 Identity reset
[04:50:37] 🔄 Identity rotated (every 10 requests)
[04:50:37] [411/456] TGSN
[04:50:38] [412/456] RCWV
[04:50:39] [413/456] OCUR
[04:50:40] [414/456] KSTC
[04:50:41] [415/456] SANI
[04:50:42] [416/456] MLCA
[04:50:43] [417/456] EGCA
[04:50:44] [418/456] SYSN
[04:50:44] [419/456] PKTA
[04:50:46] [420/456] PRCC
[04:50:46] 🔄 Identity reset
[04:50:46] 🔄 Identity rotated (every 10 requests)
[04:50:47] [421/456] KSTR
[04:50:48] [422/456] SNTP
[04:50:49] [423/456] RCHA
[04:50:49] [424/456] SEEA
[04:50:50] [425/456] ALAT
[04:50:52] [426/456] AATV
[04:50:53] [427/456] RJTE
[04:50:53] [428/456] AAPP
[04:50:54] [429/456] PMMH
[04:50:55] [430/456] INRJ
[04:50:56] 🔄 Identity reset
[04:50:56] 🔄 Identity rotated (every 10 requests)
[04:50:57] [431/456] SARB
[04:50:58] [432/456] PCJL
[04:50:59] [433/456] PFJJ
[04:51:00] [434/456] GRDC
[04:51:01] [435/456] BCBA
[04:51:02] [436/456] VIXL
[04:51:03] [437/456] CSTL
[04:51:04] [438/456] MTDK
[04:51:05] [439/456] TDAC
[04:51:06] [440/456] GTDN
[04:51:06] 🔄 Identity reset
[04:51:06] 🔄 Identity rotated (every 10 requests)
[04:51:07] [441/456] TTDE
[04:51:07] [442/456] ASTS
[04:51:08] [443/456] CPNS
[04:51:09] [444/456] PVVW
[04:51:10] [445/456] USEB
[04:51:11] [446/456] DTYN
[04:51:12] [447/456] PVLE
[04:51:13] [448/456] CIPS
[04:51:14] [449/456] PAEG
[04:51:15] [450/456] PTCW
[04:51:16] 🔄 Identity reset
[04:51:16] 🔄 Identity rotated (every 10 requests)
[04:51:16] [451/456] G3SR
[04:51:17] [452/456] PGND
[04:51:19] [453/456] INVM
[04:51:20] [454/456] SPIA
[04:51:21] [455/456] PCSN
[04:51:22] [456/456] PPGV
[04:51:23] 🧹 Deduping shows
[04:51:23] ✅ DONE | Shows=823 | Movies=27
[21:56:15] 🚀 SCRIPT STARTED (enhanced anti‑detection)
[21:56:15] [1/456] FNDB
[21:56:15] 🧠 New identity created
[21:56:16] [2/456] AMBH
[21:56:17] [3/456] PRHN
[21:56:18] [4/456] ACPM
[21:56:19] [5/456] PVFS
[21:56:20] [6/456] AACN
[21:56:20] [7/456] ACAS
[21:56:21] [8/456] CTNR
[21:56:22] [9/456] MMAH
[21:56:23] [10/456] CPMH
[21:56:24] 🔄 Identity reset
[21:56:24] 🔄 Identity rotated (every 10 requests)
[21:56:24] [11/456] IGMH
[21:56:25] [12/456] ABCS
[21:56:26] [13/456] CMMA
[21:56:27] [14/456] GPRH
[21:56:28] [15/456] PNNG
[21:56:29] [16/456] AMCA
[21:56:30] [17/456] ISTN
[21:56:31] [18/456] PIIC
[21:56:32] [19/456] AHMH
[21:56:32] [20/456] ASHN
[21:56:33] 🔄 Identity reset
[21:56:33] 🔄 Identity rotated (every 10 requests)
[21:56:33] [21/456] INHY
[21:56:34] [22/456] SRMO
[21:56:35] [23/456] PIMH
[21:56:36] [24/456] PVTS
[21:56:37] [25/456] MMCA
[21:56:38] [26/456] AKYJ
[21:56:39] [27/456] BRKH
[21:56:39] [28/456] MAHM
[21:56:40] [29/456] CPHY
[21:56:41] [30/456] PVTP
[21:56:42] 🔄 Identity reset
[21:56:42] 🔄 Identity rotated (every 10 requests)
[21:56:42] [31/456] SMMR
[21:56:43] [32/456] PVHM
[21:56:44] [33/456] SNDY
[21:56:45] [34/456] GOKU
[21:56:46] [35/456] ACEV
[21:56:47] [36/456] PVUM
[21:56:48] [37/456] VSWA
[21:56:49] [38/456] IPRS
[21:56:50] [39/456] BKMV
[21:56:51] [40/456] PVYH
[21:56:52] 🔄 Identity reset
[21:56:52] 🔄 Identity rotated (every 10 requests)
[21:56:52] [41/456] INKM
[21:56:54] [42/456] ARJU
[21:56:55] [43/456] JJPP
[21:56:56] [44/456] SSRM
[21:56:57] [45/456] HMHD
[21:56:58] [46/456] SNKH
[21:56:59] [47/456] ACHI
[21:57:00] [48/456] MRAA
[21:57:01] [49/456] INMH
[21:57:02] [50/456] ARMH
[21:57:02] 🔄 Identity reset
[21:57:02] 🔄 Identity rotated (every 10 requests)
[21:57:03] [51/456] DVRR
[21:57:04] [52/456] SUDA
[21:57:04] [53/456] MCSS
[21:57:05] [54/456] VRKC
[21:57:06] [55/456] PRCX
[21:57:07] [56/456] ASJY
[21:57:08] [57/456] MTHY
[21:57:09] [58/456] SRCM
[21:57:10] [59/456] TVHY
[21:57:11] [60/456] STHD
[21:57:11] 🔄 Identity reset
[21:57:11] 🔄 Identity rotated (every 10 requests)
[21:57:12] [61/456] CPCL
[21:57:13] [62/456] PSMJ
[21:57:14] [63/456] MRGT
[21:57:14] [64/456] ARYH
[21:57:15] [65/456] VTRB
[21:57:16] [66/456] SCHC
[21:57:17] [67/456] MRRG
[21:57:18] [68/456] SPCB
[21:57:19] [69/456] AMCM
[21:57:20] [70/456] IVNM
[21:57:21] 🔄 Identity reset
[21:57:21] 🔄 Identity rotated (every 10 requests)
[21:57:21] [71/456] TRHY
[21:57:22] [72/456] PTTH
[21:57:23] [73/456] RKMH
[21:57:24] [74/456] PRCS
[21:57:26] [75/456] VAJA
[21:57:26] [76/456] BJNG
[21:57:28] [77/456] SCVM
[21:57:29] [78/456] GNHB
[21:57:30] [79/456] TLUR
[21:57:32] [80/456] UKCC
[21:57:33] 🔄 Identity reset
[21:57:33] 🔄 Identity rotated (every 10 requests)
[21:57:33] [81/456] SRKR
[21:57:34] [82/456] RMKN
[21:57:35] [83/456] SLRT
[21:57:36] [84/456] LKMT
[21:57:37] [85/456] SSRJ
[21:57:38] [86/456] SPHT
[21:57:39] [87/456] ANTT
[21:57:40] [88/456] SRCH
[21:57:41] [89/456] SRCA
[21:57:42] [90/456] ARTH
[21:57:42] 🔄 Identity reset
[21:57:42] 🔄 Identity rotated (every 10 requests)
[21:57:42] 🔄 Retry 1/5 for ARTH in 2.5s
[21:57:42] 🔄 Identity reset
[21:57:45] 🧠 New identity created
[21:57:45] [91/456] MCBH
[21:57:47] [92/456] SNIB
[21:57:48] [93/456] SART
[21:57:49] [94/456] SKTA
[21:57:50] [95/456] YAKT
[21:57:51] [96/456] MLCK
[21:57:52] [97/456] ANTS
[21:57:53] [98/456] DGCA
[21:57:54] [99/456] SGMP
[21:57:54] 🔄 Identity reset
[21:57:54] 🔄 Identity rotated (every 10 requests)
[21:57:55] [100/456] ASWN
[21:57:56] [101/456] KFVU
[21:57:57] [102/456] POOR
[21:57:58] [103/456] GKDN
[21:57:59] [104/456] EOSE
[21:58:00] [105/456] GTTT
[21:58:01] [106/456] ARRO
[21:58:01] [107/456] CMMK
[21:58:02] [108/456] MSCN
[21:58:03] [109/456] GDKH
[21:58:04] 🔄 Identity reset
[21:58:04] 🔄 Identity rotated (every 10 requests)
[21:58:04] [110/456] DLMT
[21:58:05] [111/456] PVMF
[21:58:06] [112/456] CPCK
[21:58:07] [113/456] VMHE
[21:58:08] [114/456] PVLC
[21:58:09] [115/456] PCVB
[21:58:10] [116/456] SNYK
[21:58:11] [117/456] KTEK
[21:58:12] [118/456] PCNM
[21:58:13] [119/456] NTTR
[21:58:13] 🔄 Identity reset
[21:58:13] 🔄 Identity rotated (every 10 requests)
[21:58:14] [120/456] CPSK
[21:58:15] [121/456] JMMA
[21:58:16] [122/456] GCFK
[21:58:16] [123/456] MYCA
[21:58:17] [124/456] KSNP
[21:58:18] [125/456] PMCE
[21:58:19] [126/456] SCKI
[21:58:20] [127/456] FSMA
[21:58:21] [128/456] CETA
[21:58:21] [129/456] MCIK
[21:58:22] 🔄 Identity reset
[21:58:22] 🔄 Identity rotated (every 10 requests)
[21:58:22] [130/456] MYCR
[21:58:24] [131/456] EVMP
[21:58:25] [132/456] SSGT
[21:58:26] [133/456] KCTK
[21:58:28] [134/456] ZTKC
[21:58:28] [135/456] MMTA
[21:58:29] [136/456] MAJT
[21:58:30] [137/456] ACPK
[21:58:31] [138/456] JMAX
[21:58:32] [139/456] SETK
[21:58:32] 🔄 Identity reset
[21:58:32] 🔄 Identity rotated (every 10 requests)
[21:58:33] [140/456] CAIS
[21:58:34] [141/456] AGCD
[21:58:35] [142/456] URCL
[21:58:36] [143/456] VTDS
[21:58:37] [144/456] JCNM
[21:58:38] [145/456] KCAM
[21:58:39] [146/456] ADCU
[21:58:41] [147/456] GXYN
[21:58:42] [148/456] SMJG
[21:58:43] [149/456] EYCJ
[21:58:43] 🔄 Identity reset
[21:58:43] 🔄 Identity rotated (every 10 requests)
[21:58:43] 🔄 Retry 1/5 for EYCJ in 2.7s
[21:58:43] 🔄 Identity reset
[21:58:46] 🧠 New identity created
[21:58:46] [150/456] CCEJ
[21:58:48] [151/456] MARS
[21:58:49] [152/456] CPVJ
[21:58:50] [153/456] INVP
[21:58:51] [154/456] CPOV
[21:58:52] [155/456] VIJK
[21:58:53] [156/456] LAIM
[21:58:54] [157/456] STHV
[21:58:55] [158/456] SVLJ
[21:58:56] 🔄 Identity reset
[21:58:56] 🔄 Identity rotated (every 10 requests)
[21:58:57] [159/456] ATVJ
[21:58:58] [160/456] JTSC
[21:58:59] [161/456] RMTV
[21:59:00] [162/456] MGGG
[21:59:01] [163/456] SWTH
[21:59:02] [164/456] INVJ
[21:59:03] [165/456] PRSV
[21:59:05] [166/456] JATV
[21:59:06] [167/456] RCVD
[21:59:07] [168/456] BDMA
[21:59:07] 🔄 Identity reset
[21:59:07] 🔄 Identity rotated (every 10 requests)
[21:59:07] 🔄 Retry 1/5 for BDMA in 2.5s
[21:59:07] 🔄 Identity reset
[21:59:10] 🧠 New identity created
[21:59:10] 🔄 Retry 2/5 for BDMA in 4.0s
[21:59:10] 🔄 Identity reset
[21:59:14] 🧠 New identity created
[21:59:14] [169/456] BLJI
[21:59:15] [170/456] SWOT
[21:59:16] [171/456] SWRN
[21:59:17] [172/456] TVRA
[21:59:18] [173/456] NVRN
[21:59:19] [174/456] SIKC
[21:59:20] [175/456] VAKR
[21:59:20] [176/456] SYLN
[21:59:21] 🔄 Identity reset
[21:59:21] 🔄 Identity rotated (every 10 requests)
[21:59:21] [177/456] KLJL
[21:59:22] [178/456] LKMY
[21:59:23] [179/456] VSLY
[21:59:24] [180/456] CIKO
[21:59:25] [181/456] GPBG
[21:59:26] [182/456] CECM
[21:59:27] [183/456] SLKB
[21:59:28] [184/456] MTBO
[21:59:30] [185/456] SSHB
[21:59:31] [186/456] VPCS
[21:59:31] 🔄 Identity reset
[21:59:31] 🔄 Identity rotated (every 10 requests)
[21:59:32] [187/456] RCSR
[21:59:33] [188/456] RJRM
[21:59:34] [189/456] KPPB
[21:59:34] [190/456] SEDC
[21:59:35] [191/456] SCAI
[21:59:36] [192/456] RMTR
[21:59:38] [193/456] ASST
[21:59:38] [194/456] GCAK
[21:59:39] [195/456] ANNK
[21:59:40] [196/456] KDDF
[21:59:41] 🔄 Identity reset
[21:59:41] 🔄 Identity rotated (every 10 requests)
[21:59:41] 🔄 Retry 1/5 for KDDF in 3.0s
[21:59:41] 🔄 Identity reset
[21:59:44] 🧠 New identity created
[21:59:44] [197/456] NRDP
[21:59:45] [198/456] PLAK
[21:59:46] [199/456] GCMC
[21:59:47] [200/456] ALPY
[21:59:48] [201/456] SICE
[21:59:49] [202/456] SISR
[21:59:50] [203/456] SRPZ
[21:59:51] [204/456] SRSW
[21:59:52] [205/456] SUYA
[21:59:52] 🔄 Identity reset
[21:59:53] 🔄 Identity rotated (every 10 requests)
[21:59:53] [206/456] AMMT
[21:59:54] [207/456] BHCU
[21:59:55] [208/456] KLPA
[21:59:56] [209/456] NVKH
[21:59:57] [210/456] JMRC
[21:59:58] [211/456] KTTT
[21:59:58] [212/456] MAGH
[22:00:00] [213/456] MMMX
[22:00:01] [214/456] SALJ
[22:00:02] [215/456] GTJA
[22:00:02] 🔄 Identity reset
[22:00:02] 🔄 Identity rotated (every 10 requests)
[22:00:03] [216/456] MAHT
[22:00:04] [217/456] SSNN
[22:00:05] [218/456] ARRP
[22:00:06] [219/456] ATNS
[22:00:07] [220/456] SKDT
[22:00:08] [221/456] ACAT
[22:00:09] [222/456] APRC
[22:00:10] [223/456] SWAG
[22:00:11] [224/456] SDPT
[22:00:13] [225/456] STPS
[22:00:13] 🔄 Identity reset
[22:00:13] 🔄 Identity rotated (every 10 requests)
[22:00:14] [226/456] WWCZ
[22:00:15] [227/456] LLCH
[22:00:16] [228/456] MZHA
[22:00:17] [229/456] CRJG
[22:00:17] [230/456] JGTK
[22:00:18] [231/456] KCSR
[22:00:19] [232/456] CHTL
[22:00:20] [233/456] EDSR
[22:00:21] [234/456] CSWO
[22:00:22] [235/456] CPVM
[22:00:23] 🔄 Identity reset
[22:00:23] 🔄 Identity rotated (every 10 requests)
[22:00:23] [236/456] MXBY
[22:00:24] [237/456] FMMA
[22:00:25] [238/456] POVI
[22:00:26] [239/456] MTHB
[22:00:27] [240/456] INRC
[22:00:28] [241/456] PIPP
[22:00:29] [242/456] BMXC
[22:00:30] [243/456] PCMM
[22:00:31] [244/456] PMKM
[22:00:32] [245/456] GATY
[22:00:33] 🔄 Identity reset
[22:00:33] 🔄 Identity rotated (every 10 requests)
[22:00:33] 🔄 Retry 1/5 for GATY in 2.8s
[22:00:33] 🔄 Identity reset
[22:00:35] 🧠 New identity created
[22:00:36] [246/456] IMCM
[22:00:37] [247/456] POPE
[22:00:38] [248/456] MTCR
[22:00:39] [249/456] PVAE
[22:00:40] [250/456] PVMI
[22:00:41] [251/456] CPNM
[22:00:42] [252/456] FMRL
[22:00:43] [253/456] MCIW
[22:00:44] [254/456] MXBO
[22:00:44] 🔄 Identity reset
[22:00:44] 🔄 Identity rotated (every 10 requests)
[22:00:45] [255/456] FMKY
[22:00:46] [256/456] FMDA
[22:00:47] [257/456] THAB
[22:00:48] [258/456] PRCW
[22:00:49] [259/456] PITI
[22:00:50] [260/456] MCFF
[22:00:51] [261/456] PDDV
[22:00:52] [262/456] MCRM
[22:00:52] [263/456] KKMB
[22:00:53] [264/456] INKO
[22:00:54] 🔄 Identity reset
[22:00:54] 🔄 Identity rotated (every 10 requests)
[22:00:55] [265/456] PLXP
[22:00:56] [266/456] MMHA
[22:00:57] [267/456] FMVS
[22:00:58] [268/456] POLM
[22:00:59] [269/456] STER
[22:01:00] [270/456] PVWJ
[22:01:01] [271/456] IMJW
[22:01:02] [272/456] FNAN
[22:01:02] [273/456] CAGL
[22:01:03] [274/456] IPBG
[22:01:04] 🔄 Identity reset
[22:01:04] 🔄 Identity rotated (every 10 requests)
[22:01:04] 🔄 Retry 1/5 for IPBG in 2.4s
[22:01:04] 🔄 Identity reset
[22:01:06] 🧠 New identity created
[22:01:07] [275/456] SMFV
[22:01:08] [276/456] MMMR
[22:01:09] [277/456] MMWM
[22:01:10] [278/456] FNCM
[22:01:11] [279/456] MDVA
[22:01:11] [280/456] MMET
[22:01:12] [281/456] MIDO
[22:01:13] [282/456] INNP
[22:01:14] [283/456] MIFU
[22:01:15] 🔄 Identity reset
[22:01:15] 🔄 Identity rotated (every 10 requests)
[22:01:16] [284/456] MMSZ
[22:01:17] [285/456] BMXA
[22:01:18] [286/456] MCAA
[22:01:18] [287/456] SCVP
[22:01:19] [288/456] PLUS
[22:01:20] [289/456] MUCK
[22:01:21] [290/456] MTMA
[22:01:22] [291/456] HPVR
[22:01:24] [292/456] PMPK
[22:01:25] [293/456] MAJB
[22:01:25] 🔄 Identity reset
[22:01:25] 🔄 Identity rotated (every 10 requests)
[22:01:26] [294/456] CTRR
[22:01:27] [295/456] MCTG
[22:01:28] [296/456] MACE
[22:01:28] [297/456] AAAS
[22:01:29] [298/456] CPVV
[22:01:30] [299/456] RCHG
[22:01:31] [300/456] MCNE
[22:01:32] [301/456] EMNC
[22:01:33] [302/456] MCAN
[22:01:34] [303/456] TCDM
[22:01:34] 🔄 Identity reset
[22:01:34] 🔄 Identity rotated (every 10 requests)
[22:01:35] [304/456] IRGT
[22:01:36] [305/456] GCMG
[22:01:37] [306/456] MXSN
[22:01:38] [307/456] MXCK
[22:01:39] [308/456] MCRC
[22:01:40] [309/456] RSMI
[22:01:41] [310/456] WAML
[22:01:42] [311/456] MTSC
[22:01:43] [312/456] FMDR
[22:01:44] [313/456] LEPV
[22:01:45] 🔄 Identity reset
[22:01:45] 🔄 Identity rotated (every 10 requests)
[22:01:45] [314/456] MTGD
[22:01:46] [315/456] IMOB
[22:01:47] [316/456] CLMM
[22:01:48] [317/456] PZCD
[22:01:49] [318/456] GOCS
[22:01:49] [319/456] KCMA
[22:01:50] [320/456] CCMP
[22:01:51] [321/456] MTSU
[22:01:52] [322/456] SNGL
[22:01:53] [323/456] MMMC
[22:01:54] 🔄 Identity reset
[22:01:54] 🔄 Identity rotated (every 10 requests)
[22:01:55] [324/456] MMAA
[22:01:56] [325/456] GCDM
[22:01:57] [326/456] KTMV
[22:01:57] [327/456] AETE
[22:01:58] [328/456] OMCS
[22:01:59] [329/456] GDCD
[22:02:00] [330/456] NYMD
[22:02:01] [331/456] RNCV
[22:02:02] [332/456] KKMT
[22:02:03] [333/456] GDTH
[22:02:03] 🔄 Identity reset
[22:02:04] 🔄 Identity rotated (every 10 requests)
[22:02:04] [334/456] KMMV
[22:02:05] [335/456] NHCG
[22:02:06] [336/456] PJDW
[22:02:06] [337/456] MMCV
[22:02:07] [338/456] FQSA
[22:02:08] [339/456] KURL
[22:02:09] [340/456] NNNX
[22:02:10] [341/456] AMAU
[22:02:11] [342/456] VVVM
[22:02:12] [343/456] VECU
[22:02:13] 🔄 Identity reset
[22:02:13] 🔄 Identity rotated (every 10 requests)
[22:02:14] [344/456] WCVR
[22:02:15] [345/456] MTGG
[22:02:16] [346/456] SGTG
[22:02:17] [347/456] MNTG
[22:02:18] [348/456] JDDG
[22:02:20] [349/456] MBTK
[22:02:21] [350/456] SGCD
[22:02:22] [351/456] MCTC
[22:02:23] [352/456] JTPC
[22:02:24] [353/456] SDKT
[22:02:24] 🔄 Identity reset
[22:02:24] 🔄 Identity rotated (every 10 requests)
[22:02:25] [354/456] KRCC
[22:02:26] [355/456] RMMD
[22:02:27] [356/456] AAME
[22:02:27] [357/456] TMWC
[22:02:28] [358/456] NRWY
[22:02:30] [359/456] CITD
[22:02:31] [360/456] VERD
[22:02:32] [361/456] MKSK
[22:02:33] [362/456] STSM
[22:02:34] [363/456] MJDG
[22:02:35] 🔄 Identity reset
[22:02:35] 🔄 Identity rotated (every 10 requests)
[22:02:35] [364/456] RKPM
[22:02:36] [365/456] SSCE
[22:02:37] [366/456] VMAE
[22:02:38] [367/456] SBRU
[22:02:39] [368/456] AMBC
[22:02:40] [369/456] AMLU
[22:02:40] [370/456] INVZ
[22:02:41] [371/456] LGTV
[22:02:42] [372/456] SVAD
[22:02:43] [373/456] SMSA
[22:02:43] 🔄 Identity reset
[22:02:43] 🔄 Identity rotated (every 10 requests)
[22:02:44] [374/456] SPCZ
[22:02:45] [375/456] GTCX
[22:02:45] [376/456] SCSL
[22:02:46] [377/456] SAHU
[22:02:47] [378/456] NCDA
[22:02:48] [379/456] SCCG
[22:02:49] [380/456] VKTL
[22:02:50] [381/456] PUUJ
[22:02:51] [382/456] STEJ
[22:02:52] [383/456] RJAL
[22:02:53] 🔄 Identity reset
[22:02:53] 🔄 Identity rotated (every 10 requests)
[22:02:53] [384/456] ACJC
[22:02:54] [385/456] ARVB
[22:02:55] [386/456] AUBB
[22:02:56] [387/456] GDBR
[22:02:57] [388/456] PVND
[22:02:58] [389/456] BGRJ
[22:02:59] [390/456] RJMM
[22:03:00] [391/456] MCSA
[22:03:01] [392/456] BODA
[22:03:02] [393/456] JAGG
[22:03:02] 🔄 Identity reset
[22:03:02] 🔄 Identity rotated (every 10 requests)
[22:03:03] [394/456] SCGA
[22:03:04] [395/456] LRCM
[22:03:05] [396/456] CPCN
[22:03:05] [397/456] SSTF
[22:03:06] [398/456] SRXP
[22:03:07] [399/456] CNFX
[22:03:08] [400/456] ANDI
[22:03:09] [401/456] SYEW
[22:03:10] [402/456] RCRE
[22:03:11] [403/456] SCRW
[22:03:11] 🔄 Identity reset
[22:03:11] 🔄 Identity rotated (every 10 requests)
[22:03:11] [404/456] MBKR
[22:03:12] [405/456] ASNT
[22:03:13] [406/456] JTMT
[22:03:14] [407/456] SHAY
[22:03:15] [408/456] VRTH
[22:03:16] [409/456] SPTI
[22:03:17] [410/456] DPTD
[22:03:18] [411/456] TGSN
[22:03:19] [412/456] RCWV
[22:03:20] [413/456] OCUR
[22:03:20] 🔄 Identity reset
[22:03:20] 🔄 Identity rotated (every 10 requests)
[22:03:21] [414/456] KSTC
[22:03:22] [415/456] SANI
[22:03:23] [416/456] MLCA
[22:03:24] [417/456] EGCA
[22:03:25] [418/456] SYSN
[22:03:26] [419/456] PKTA
[22:03:26] [420/456] PRCC
[22:03:27] [421/456] KSTR
[22:03:28] [422/456] SNTP
[22:03:29] [423/456] RCHA
[22:03:29] 🔄 Identity reset
[22:03:29] 🔄 Identity rotated (every 10 requests)
[22:03:30] [424/456] SEEA
[22:03:31] [425/456] ALAT
[22:03:32] [426/456] AATV
[22:03:33] [427/456] RJTE
[22:03:34] [428/456] AAPP
[22:03:35] [429/456] PMMH
[22:03:36] [430/456] INRJ
[22:03:36] [431/456] SARB
[22:03:37] [432/456] PCJL
[22:03:39] [433/456] PFJJ
[22:03:39] 🔄 Identity reset
[22:03:39] 🔄 Identity rotated (every 10 requests)
[22:03:40] [434/456] GRDC
[22:03:41] [435/456] BCBA
[22:03:41] [436/456] VIXL
[22:03:43] [437/456] CSTL
[22:03:45] [438/456] MTDK
[22:03:46] [439/456] TDAC
[22:03:47] [440/456] GTDN
[22:03:48] [441/456] TTDE
[22:03:49] [442/456] ASTS
[22:03:50] [443/456] CPNS
[22:03:50] 🔄 Identity reset
[22:03:50] 🔄 Identity rotated (every 10 requests)
[22:03:51] [444/456] PVVW
[22:03:52] [445/456] USEB
[22:03:53] [446/456] DTYN
[22:03:53] [447/456] PVLE
[22:03:54] [448/456] CIPS
[22:03:55] [449/456] PAEG
[22:03:56] [450/456] PTCW
[22:03:57] [451/456] G3SR
[22:03:58] [452/456] PGND
[22:03:59] [453/456] INVM
[22:03:59] 🔄 Identity reset
[22:03:59] 🔄 Identity rotated (every 10 requests)
[22:04:00] [454/456] SPIA
[22:04:01] [455/456] PCSN
[22:04:02] [456/456] PPGV
[22:04:03] 🧹 Deduping shows
[22:04:03] ✅ DONE | Shows=1825 | Movies=60
[10:21:27] 🚀 SCRIPT STARTED
[10:21:27] [1/456] FNDB
[10:21:27] 🧠 New identity created
[10:21:28] [2/456] AMBH
[10:21:29] [3/456] PRHN
[10:21:30] [4/456] ACPM
[10:21:31] [5/456] PVFS
[10:21:32] [6/456] AACN
[10:21:33] [7/456] ACAS
[10:21:33] [8/456] CTNR
[10:21:34] [9/456] MMAH
[10:21:35] [10/456] CPMH
[10:21:35] 🔄 Identity reset
[10:21:36] 🔄 Identity rotated (every 10 requests)
[10:21:36] [11/456] IGMH
[10:21:38] [12/456] ABCS
[10:21:38] [13/456] CMMA
[10:21:39] [14/456] GPRH
[10:21:40] [15/456] PNNG
[10:21:41] [16/456] AMCA
[10:21:42] [17/456] ISTN
[10:21:43] [18/456] PIIC
[10:21:44] [19/456] AHMH
[10:21:46] [20/456] ASHN
[10:21:46] 🔄 Identity reset
[10:21:46] 🔄 Identity rotated (every 10 requests)
[10:21:47] [21/456] INHY
[10:21:48] [22/456] SRMO
[10:21:49] [23/456] PIMH
[10:21:50] [24/456] PVTS
[10:21:52] [25/456] MMCA
[10:21:53] [26/456] AKYJ
[10:21:54] [27/456] BRKH
[10:21:55] [28/456] MAHM
[10:21:56] [29/456] CPHY
[10:21:57] [30/456] PVTP
[10:21:57] 🔄 Identity reset
[10:21:57] 🔄 Identity rotated (every 10 requests)
[10:21:58] [31/456] SMMR
[10:21:58] [32/456] PVHM
[10:21:59] [33/456] SNDY
[10:22:01] [34/456] GOKU
[10:22:02] [35/456] ACEV
[10:22:03] [36/456] PVUM
[10:22:04] [37/456] VSWA
[10:22:06] [38/456] IPRS
[10:22:07] [39/456] BKMV
[10:22:08] [40/456] PVYH
[10:22:08] 🔄 Identity reset
[10:22:08] 🔄 Identity rotated (every 10 requests)
[10:22:09] [41/456] INKM
[10:22:10] [42/456] ARJU
[10:22:11] [43/456] JJPP
[10:22:12] [44/456] SSRM
[10:22:13] [45/456] HMHD
[10:22:14] [46/456] SNKH
[10:22:15] [47/456] ACHI
[10:22:16] [48/456] MRAA
[10:22:17] [49/456] INMH
[10:22:18] [50/456] ARMH
[10:22:18] 🔄 Identity reset
[10:22:18] 🔄 Identity rotated (every 10 requests)
[10:22:20] [51/456] DVRR
[10:22:20] [52/456] SUDA
[10:22:21] [53/456] MCSS
[10:22:22] [54/456] VRKC
[10:22:24] [55/456] PRCX
[10:22:25] [56/456] ASJY
[10:22:26] [57/456] MTHY
[10:22:27] [58/456] SRCM
[10:22:29] [59/456] TVHY
[10:22:30] [60/456] STHD
[10:22:30] 🔄 Identity reset
[10:22:30] 🔄 Identity rotated (every 10 requests)
[10:22:31] [61/456] CPCL
[10:22:32] [62/456] PSMJ
[10:22:32] [63/456] MRGT
[10:22:33] [64/456] ARYH
[10:22:34] [65/456] VTRB
[10:22:35] [66/456] SCHC
[10:22:36] [67/456] MRRG
[10:22:37] [68/456] SPCB
[10:22:38] [69/456] AMCM
[10:22:39] [70/456] IVNM
[10:22:39] 🔄 Identity reset
[10:22:39] 🔄 Identity rotated (every 10 requests)
[10:22:40] [71/456] TRHY
[10:22:41] [72/456] PTTH
[10:22:42] [73/456] RKMH
[10:22:43] [74/456] PRCS
[10:22:44] [75/456] VAJA
[10:22:45] [76/456] BJNG
[10:22:46] [77/456] SCVM
[10:22:47] [78/456] GNHB
[10:22:48] [79/456] TLUR
[10:22:49] [80/456] UKCC
[10:22:49] 🔄 Identity reset
[10:22:49] 🔄 Identity rotated (every 10 requests)
[10:22:50] [81/456] SRKR
[10:22:51] [82/456] RMKN
[10:22:51] [83/456] SLRT
[10:22:52] [84/456] LKMT
[10:22:54] [85/456] SSRJ
[10:22:55] [86/456] SPHT
[10:22:56] [87/456] ANTT
[10:22:57] [88/456] SRCH
[10:22:58] [89/456] SRCA
[10:22:59] [90/456] ARTH
[10:22:59] 🔄 Identity reset
[10:22:59] 🔄 Identity rotated (every 10 requests)
[10:23:01] [91/456] MCBH
[10:23:02] [92/456] SNIB
[10:23:03] [93/456] SART
[10:23:04] [94/456] SKTA
[10:23:05] [95/456] YAKT
[10:23:06] [96/456] MLCK
[10:23:08] [97/456] ANTS
[10:23:09] [98/456] DGCA
[10:23:10] [99/456] SGMP
[10:23:11] [100/456] ASWN
[10:23:11] 🔄 Identity reset
[10:23:11] 🔄 Identity rotated (every 10 requests)
[10:23:12] [101/456] KFVU
[10:23:13] [102/456] POOR
[10:23:14] [103/456] GKDN
[10:23:15] [104/456] EOSE
[10:23:16] [105/456] GTTT
[10:23:17] [106/456] ARRO
[10:23:18] [107/456] CMMK
[10:23:19] [108/456] MSCN
[10:23:20] [109/456] GDKH
[10:23:20] [110/456] DLMT
[10:23:20] 🔄 Identity reset
[10:23:20] 🔄 Identity rotated (every 10 requests)
[10:23:22] [111/456] PVMF
[10:23:23] [112/456] CPCK
[10:23:24] [113/456] VMHE
[10:23:25] [114/456] PVLC
[10:23:26] [115/456] PCVB
[10:23:27] [116/456] SNYK
[10:23:28] [117/456] KTEK
[10:23:29] [118/456] PCNM
[10:23:29] [119/456] NTTR
[10:23:30] [120/456] CPSK
[10:23:30] 🔄 Identity reset
[10:23:31] 🔄 Identity rotated (every 10 requests)
[10:23:31] [121/456] JMMA
[10:23:32] [122/456] GCFK
[10:23:33] [123/456] MYCA
[10:23:35] [124/456] KSNP
[10:23:37] [125/456] PMCE
[10:23:38] [126/456] SCKI
[10:23:38] [127/456] FSMA
[10:23:40] [128/456] CETA
[10:23:41] [129/456] MCIK
[10:23:42] [130/456] MYCR
[10:23:42] 🔄 Identity reset
[10:23:42] 🔄 Identity rotated (every 10 requests)
[10:23:43] [131/456] EVMP
[10:23:44] [132/456] SSGT
[10:23:46] [133/456] KCTK
[10:23:47] [134/456] ZTKC
[10:23:48] [135/456] MMTA
[10:23:49] [136/456] MAJT
[10:23:50] [137/456] ACPK
[10:23:51] [138/456] JMAX
[10:23:52] [139/456] SETK
[10:23:53] [140/456] CAIS
[10:23:53] 🔄 Identity reset
[10:23:53] 🔄 Identity rotated (every 10 requests)
[10:23:54] [141/456] AGCD
[10:23:55] [142/456] URCL
[10:23:56] [143/456] VTDS
[10:23:57] [144/456] JCNM
[10:23:58] [145/456] KCAM
[10:23:59] [146/456] ADCU
[10:24:00] [147/456] GXYN
[10:24:01] [148/456] SMJG
[10:24:02] [149/456] EYCJ
[10:24:03] [150/456] CCEJ
[10:24:03] 🔄 Identity reset
[10:24:03] 🔄 Identity rotated (every 10 requests)
[10:24:04] [151/456] MARS
[10:24:05] [152/456] CPVJ
[10:24:06] [153/456] INVP
[10:24:07] [154/456] CPOV
[10:24:07] [155/456] VIJK
[10:24:08] [156/456] LAIM
[10:24:09] [157/456] STHV
[10:24:10] [158/456] SVLJ
[10:24:11] [159/456] ATVJ
[10:24:12] [160/456] JTSC
[10:24:12] 🔄 Identity reset
[10:24:12] 🔄 Identity rotated (every 10 requests)
[10:24:12] 🔄 Retry 1/5 for JTSC in 2.6s
[10:24:12] 🔄 Identity reset
[10:24:15] 🧠 New identity created
[10:24:17] [161/456] RMTV
[10:24:18] [162/456] MGGG
[10:24:19] [163/456] SWTH
[10:24:20] [164/456] INVJ
[10:24:21] [165/456] PRSV
[10:24:22] [166/456] JATV
[10:24:23] [167/456] RCVD
[10:24:24] [168/456] BDMA
[10:24:26] [169/456] BLJI
[10:24:26] 🔄 Identity reset
[10:24:26] 🔄 Identity rotated (every 10 requests)
[10:24:27] [170/456] SWOT
[10:24:28] [171/456] SWRN
[10:24:30] [172/456] TVRA
[10:24:31] [173/456] NVRN
[10:24:32] [174/456] SIKC
[10:24:33] [175/456] VAKR
[10:24:34] [176/456] SYLN
[10:24:35] [177/456] KLJL
[10:24:36] [178/456] LKMY
[10:24:37] [179/456] VSLY
[10:24:37] 🔄 Identity reset
[10:24:37] 🔄 Identity rotated (every 10 requests)
[10:24:38] [180/456] CIKO
[10:24:39] [181/456] GPBG
[10:24:40] [182/456] CECM
[10:24:41] [183/456] SLKB
[10:24:42] [184/456] MTBO
[10:24:42] [185/456] SSHB
[10:24:43] [186/456] VPCS
[10:24:44] [187/456] RCSR
[10:24:46] [188/456] RJRM
[10:24:47] [189/456] KPPB
[10:24:47] 🔄 Identity reset
[10:24:47] 🔄 Identity rotated (every 10 requests)
[10:24:48] [190/456] SEDC
[10:24:49] [191/456] SCAI
[10:24:50] [192/456] RMTR
[10:24:51] [193/456] ASST
[10:24:52] [194/456] GCAK
[10:24:53] [195/456] ANNK
[10:24:54] [196/456] KDDF
[10:24:54] [197/456] NRDP
[10:24:56] [198/456] PLAK
[10:24:57] [199/456] GCMC
[10:24:57] 🔄 Identity reset
[10:24:57] 🔄 Identity rotated (every 10 requests)
[10:24:58] [200/456] ALPY
[10:24:59] [201/456] SICE
[10:25:00] [202/456] SISR
[10:25:01] [203/456] SRPZ
[10:25:02] [204/456] SRSW
[10:25:03] [205/456] SUYA
[10:25:04] [206/456] AMMT
[10:25:05] [207/456] BHCU
[10:25:05] [208/456] KLPA
[10:25:06] [209/456] NVKH
[10:25:06] 🔄 Identity reset
[10:25:06] 🔄 Identity rotated (every 10 requests)
[10:25:07] [210/456] JMRC
[10:25:08] [211/456] KTTT
[10:25:09] [212/456] MAGH
[10:25:10] [213/456] MMMX
[10:25:11] [214/456] SALJ
[10:25:12] [215/456] GTJA
[10:25:13] [216/456] MAHT
[10:25:14] [217/456] SSNN
[10:25:15] [218/456] ARRP
[10:25:16] [219/456] ATNS
[10:25:16] 🔄 Identity reset
[10:25:16] 🔄 Identity rotated (every 10 requests)
[10:25:17] [220/456] SKDT
[10:25:18] [221/456] ACAT
[10:25:19] [222/456] APRC
[10:25:20] [223/456] SWAG
[10:25:21] [224/456] SDPT
[10:25:22] [225/456] STPS
[10:25:23] [226/456] WWCZ
[10:25:25] [227/456] LLCH
[10:25:25] [228/456] MZHA
[10:25:27] [229/456] CRJG
[10:25:27] 🔄 Identity reset
[10:25:27] 🔄 Identity rotated (every 10 requests)
[10:25:28] [230/456] JGTK
[10:25:29] [231/456] KCSR
[10:25:31] [232/456] CHTL
[10:25:32] [233/456] EDSR
[10:25:33] [234/456] CSWO
[10:25:34] [235/456] CPVM
[10:25:36] [236/456] MXBY
[10:25:37] [237/456] FMMA
[10:25:38] [238/456] POVI
[10:25:39] [239/456] MTHB
[10:25:39] 🔄 Identity reset
[10:25:39] 🔄 Identity rotated (every 10 requests)
[10:25:40] [240/456] INRC
[10:25:41] [241/456] PIPP
[10:25:42] [242/456] BMXC
[10:25:43] [243/456] PCMM
[10:25:44] [244/456] PMKM
[10:25:45] [245/456] GATY
[10:25:46] [246/456] IMCM
[10:25:46] [247/456] POPE
[10:25:47] [248/456] MTCR
[10:25:49] [249/456] PVAE
[10:25:49] 🔄 Identity reset
[10:25:49] 🔄 Identity rotated (every 10 requests)
[10:25:50] [250/456] PVMI
[10:25:51] [251/456] CPNM
[10:25:53] [252/456] FMRL
[10:25:55] [253/456] MCIW
[10:25:57] [254/456] MXBO
[10:25:58] [255/456] FMKY
[10:25:59] [256/456] FMDA
[10:25:59] [257/456] THAB
[10:26:01] [258/456] PRCW
[10:26:02] [259/456] PITI
[10:26:02] 🔄 Identity reset
[10:26:02] 🔄 Identity rotated (every 10 requests)
[10:26:03] [260/456] MCFF
[10:26:04] [261/456] PDDV
[10:26:05] [262/456] MCRM
[10:26:06] [263/456] KKMB
[10:26:07] [264/456] INKO
[10:26:08] [265/456] PLXP
[10:26:09] [266/456] MMHA
[10:26:10] [267/456] FMVS
[10:26:10] [268/456] POLM
[10:26:11] [269/456] STER
[10:26:11] 🔄 Identity reset
[10:26:11] 🔄 Identity rotated (every 10 requests)
[10:26:12] [270/456] PVWJ
[10:26:13] [271/456] IMJW
[10:26:14] [272/456] FNAN
[10:26:15] [273/456] CAGL
[10:26:16] [274/456] IPBG
[10:26:17] [275/456] SMFV
[10:26:18] [276/456] MMMR
[10:26:20] [277/456] MMWM
[10:26:21] [278/456] FNCM
[10:26:21] [279/456] MDVA
[10:26:21] 🔄 Identity reset
[10:26:21] 🔄 Identity rotated (every 10 requests)
[10:26:22] [280/456] MMET
[10:26:23] [281/456] MIDO
[10:26:24] [282/456] INNP
[10:26:25] [283/456] MIFU
[10:26:26] [284/456] MMSZ
[10:26:27] [285/456] BMXA
[10:26:27] [286/456] MCAA
[10:26:28] [287/456] SCVP
[10:26:29] [288/456] PLUS
[10:26:30] [289/456] MUCK
[10:26:30] 🔄 Identity reset
[10:26:30] 🔄 Identity rotated (every 10 requests)
[10:26:31] [290/456] MTMA
[10:26:32] [291/456] HPVR
[10:26:33] [292/456] PMPK
[10:26:34] [293/456] MAJB
[10:26:35] [294/456] CTRR
[10:26:36] [295/456] MCTG
[10:26:37] [296/456] MACE
[10:26:38] [297/456] AAAS
[10:26:39] [298/456] CPVV
[10:26:40] [299/456] RCHG
[10:26:40] 🔄 Identity reset
[10:26:40] 🔄 Identity rotated (every 10 requests)
[10:26:42] [300/456] MCNE
[10:26:43] [301/456] EMNC
[10:26:44] [302/456] MCAN
[10:26:45] [303/456] TCDM
[10:26:46] [304/456] IRGT
[10:26:47] [305/456] GCMG
[10:26:49] [306/456] MXSN
[10:26:51] [307/456] MXCK
[10:26:52] [308/456] MCRC
[10:26:53] [309/456] RSMI
[10:26:53] 🔄 Identity reset
[10:26:53] 🔄 Identity rotated (every 10 requests)
[10:26:54] [310/456] WAML
[10:26:55] [311/456] MTSC
[10:26:55] [312/456] FMDR
[10:26:57] [313/456] LEPV
[10:26:58] [314/456] MTGD
[10:26:59] [315/456] IMOB
[10:26:59] [316/456] CLMM
[10:27:00] [317/456] PZCD
[10:27:01] [318/456] GOCS
[10:27:02] [319/456] KCMA
[10:27:02] 🔄 Identity reset
[10:27:02] 🔄 Identity rotated (every 10 requests)
[10:27:03] [320/456] CCMP
[10:27:04] [321/456] MTSU
[10:27:05] [322/456] SNGL
[10:27:06] [323/456] MMMC
[10:27:07] [324/456] MMAA
[10:27:08] [325/456] GCDM
[10:27:09] [326/456] KTMV
[10:27:10] [327/456] AETE
[10:27:11] [328/456] OMCS
[10:27:12] [329/456] GDCD
[10:27:12] 🔄 Identity reset
[10:27:12] 🔄 Identity rotated (every 10 requests)
[10:27:13] [330/456] NYMD
[10:27:14] [331/456] RNCV
[10:27:15] [332/456] KKMT
[10:27:16] [333/456] GDTH
[10:27:16] [334/456] KMMV
[10:27:17] [335/456] NHCG
[10:27:18] [336/456] PJDW
[10:27:19] [337/456] MMCV
[10:27:20] [338/456] FQSA
[10:27:22] [339/456] KURL
[10:27:22] 🔄 Identity reset
[10:27:22] 🔄 Identity rotated (every 10 requests)
[10:27:22] [340/456] NNNX
[10:27:23] [341/456] AMAU
[10:27:24] [342/456] VVVM
[10:27:25] [343/456] VECU
[10:27:26] [344/456] WCVR
[10:27:27] [345/456] MTGG
[10:27:28] [346/456] SGTG
[10:27:29] [347/456] MNTG
[10:27:30] [348/456] JDDG
[10:27:32] [349/456] MBTK
[10:27:32] 🔄 Identity reset
[10:27:32] 🔄 Identity rotated (every 10 requests)
[10:27:33] [350/456] SGCD
[10:27:34] [351/456] MCTC
[10:27:35] [352/456] JTPC
[10:27:36] [353/456] SDKT
[10:27:37] [354/456] KRCC
[10:27:39] [355/456] RMMD
[10:27:40] [356/456] AAME
[10:27:41] [357/456] TMWC
[10:27:42] [358/456] NRWY
[10:27:43] [359/456] CITD
[10:27:43] 🔄 Identity reset
[10:27:43] 🔄 Identity rotated (every 10 requests)
[10:27:44] [360/456] VERD
[10:27:45] [361/456] MKSK
[10:27:46] [362/456] STSM
[10:27:47] [363/456] MJDG
[10:27:48] [364/456] RKPM
[10:27:49] [365/456] SSCE
[10:27:50] [366/456] VMAE
[10:27:51] [367/456] SBRU
[10:27:52] [368/456] AMBC
[10:27:53] [369/456] AMLU
[10:27:53] 🔄 Identity reset
[10:27:53] 🔄 Identity rotated (every 10 requests)
[10:27:54] [370/456] INVZ
[10:27:54] [371/456] LGTV
[10:27:55] [372/456] SVAD
[10:27:56] [373/456] SMSA
[10:27:57] [374/456] SPCZ
[10:27:58] [375/456] GTCX
[10:28:00] [376/456] SCSL
[10:28:01] [377/456] SAHU
[10:28:02] [378/456] NCDA
[10:28:03] [379/456] SCCG
[10:28:03] 🔄 Identity reset
[10:28:03] 🔄 Identity rotated (every 10 requests)
[10:28:05] [380/456] VKTL
[10:28:06] [381/456] PUUJ
[10:28:07] [382/456] STEJ
[10:28:07] [383/456] RJAL
[10:28:08] [384/456] ACJC
[10:28:09] [385/456] ARVB
[10:28:11] [386/456] AUBB
[10:28:12] [387/456] GDBR
[10:28:13] [388/456] PVND
[10:28:15] [389/456] BGRJ
[10:28:15] 🔄 Identity reset
[10:28:15] 🔄 Identity rotated (every 10 requests)
[10:28:16] [390/456] RJMM
[10:28:17] [391/456] MCSA
[10:28:18] [392/456] BODA
[10:28:19] [393/456] JAGG
[10:28:20] [394/456] SCGA
[10:28:21] [395/456] LRCM
[10:28:22] [396/456] CPCN
[10:28:23] [397/456] SSTF
[10:28:24] [398/456] SRXP
[10:28:25] [399/456] CNFX
[10:28:25] 🔄 Identity reset
[10:28:25] 🔄 Identity rotated (every 10 requests)
[10:28:26] [400/456] ANDI
[10:28:27] [401/456] SYEW
[10:28:28] [402/456] RCRE
[10:28:28] [403/456] SCRW
[10:28:29] [404/456] MBKR
[10:28:30] [405/456] ASNT
[10:28:31] [406/456] JTMT
[10:28:32] [407/456] SHAY
[10:28:33] [408/456] VRTH
[10:28:34] [409/456] SPTI
[10:28:34] 🔄 Identity reset
[10:28:34] 🔄 Identity rotated (every 10 requests)
[10:28:35] [410/456] DPTD
[10:28:36] [411/456] TGSN
[10:28:37] [412/456] RCWV
[10:28:38] [413/456] OCUR
[10:28:39] [414/456] KSTC
[10:28:40] [415/456] SANI
[10:28:41] [416/456] MLCA
[10:28:42] [417/456] EGCA
[10:28:44] [418/456] SYSN
[10:28:45] [419/456] PKTA
[10:28:45] 🔄 Identity reset
[10:28:45] 🔄 Identity rotated (every 10 requests)
[10:28:46] [420/456] PRCC
[10:28:47] [421/456] KSTR
[10:28:48] [422/456] SNTP
[10:28:49] [423/456] RCHA
[10:28:50] [424/456] SEEA
[10:28:51] [425/456] ALAT
[10:28:52] [426/456] AATV
[10:28:54] [427/456] RJTE
[10:28:55] [428/456] AAPP
[10:28:56] [429/456] PMMH
[10:28:56] 🔄 Identity reset
[10:28:56] 🔄 Identity rotated (every 10 requests)
[10:28:57] [430/456] INRJ
[10:28:58] [431/456] SARB
[10:28:59] [432/456] PCJL
[10:29:00] [433/456] PFJJ
[10:29:01] [434/456] GRDC
[10:29:01] [435/456] BCBA
[10:29:02] [436/456] VIXL
[10:29:03] [437/456] CSTL
[10:29:04] [438/456] MTDK
[10:29:05] [439/456] TDAC
[10:29:05] 🔄 Identity reset
[10:29:05] 🔄 Identity rotated (every 10 requests)
[10:29:07] [440/456] GTDN
[10:29:08] [441/456] TTDE
[10:29:09] [442/456] ASTS
[10:29:10] [443/456] CPNS
[10:29:11] [444/456] PVVW
[10:29:12] [445/456] USEB
[10:29:13] [446/456] DTYN
[10:29:14] [447/456] PVLE
[10:29:15] [448/456] CIPS
[10:29:16] [449/456] PAEG
[10:29:16] 🔄 Identity reset
[10:29:16] 🔄 Identity rotated (every 10 requests)
[10:29:17] [450/456] PTCW
[10:29:18] [451/456] G3SR
[10:29:19] [452/456] PGND
[10:29:20] [453/456] INVM
[10:29:20] [454/456] SPIA
[10:29:21] [455/456] PCSN
[10:29:22] [456/456] PPGV
[10:29:23] 🧹 Deduping shows
[10:29:23] ✅ DONE | Shows=5175 | Movies=89
[16:21:34] 🚀 SCRIPT STARTED
[16:21:34] [1/456] FNDB
[16:21:34] 🧠 New identity created
[16:21:36] [2/456] AMBH
[16:21:37] [3/456] PRHN
[16:21:38] [4/456] ACPM
[16:21:39] [5/456] PVFS
[16:21:40] [6/456] AACN
[16:21:41] [7/456] ACAS
[16:21:42] [8/456] CTNR
[16:21:43] [9/456] MMAH
[16:21:44] [10/456] CPMH
[16:21:44] 🔄 Identity reset
[16:21:44] 🔄 Identity rotated (every 10 requests)
[16:21:45] [11/456] IGMH
[16:21:47] [12/456] ABCS
[16:21:48] [13/456] CMMA
[16:21:49] [14/456] GPRH
[16:21:50] [15/456] PNNG
[16:21:52] [16/456] AMCA
[16:21:53] [17/456] ISTN
[16:21:54] [18/456] PIIC
[16:21:56] [19/456] AHMH
[16:21:57] [20/456] ASHN
[16:21:57] 🔄 Identity reset
[16:21:57] 🔄 Identity rotated (every 10 requests)
[16:21:59] [21/456] INHY
[16:22:00] [22/456] SRMO
[16:22:01] [23/456] PIMH
[16:22:02] [24/456] PVTS
[16:22:03] [25/456] MMCA
[16:22:05] [26/456] AKYJ
[16:22:06] [27/456] BRKH
[16:22:07] [28/456] MAHM
[16:22:08] [29/456] CPHY
[16:22:09] [30/456] PVTP
[16:22:09] 🔄 Identity reset
[16:22:09] 🔄 Identity rotated (every 10 requests)
[16:22:11] [31/456] SMMR
[16:22:13] [32/456] PVHM
[16:22:14] [33/456] SNDY
[16:22:15] [34/456] GOKU
[16:22:16] [35/456] ACEV
[16:22:17] [36/456] PVUM
[16:22:18] [37/456] VSWA
[16:22:19] [38/456] IPRS
[16:22:20] [39/456] BKMV
[16:22:21] [40/456] PVYH
[16:22:21] 🔄 Identity reset
[16:22:21] 🔄 Identity rotated (every 10 requests)
[16:22:22] [41/456] INKM
[16:22:23] [42/456] ARJU
[16:22:23] [43/456] JJPP
[16:22:24] [44/456] SSRM
[16:22:25] [45/456] HMHD
[16:22:26] [46/456] SNKH
[16:22:27] [47/456] ACHI
[16:22:28] [48/456] MRAA
[16:22:29] [49/456] INMH
[16:22:30] [50/456] ARMH
[16:22:30] 🔄 Identity reset
[16:22:30] 🔄 Identity rotated (every 10 requests)
[16:22:31] [51/456] DVRR
[16:22:32] [52/456] SUDA
[16:22:34] [53/456] MCSS
[16:22:36] [54/456] VRKC
[16:22:36] [55/456] PRCX
[16:22:38] [56/456] ASJY
[16:22:39] [57/456] MTHY
[16:22:40] [58/456] SRCM
[16:22:42] [59/456] TVHY
[16:22:43] [60/456] STHD
[16:22:43] 🔄 Identity reset
[16:22:43] 🔄 Identity rotated (every 10 requests)
[16:22:44] [61/456] CPCL
[16:22:45] [62/456] PSMJ
[16:22:47] [63/456] MRGT
[16:22:48] [64/456] ARYH
[16:22:49] [65/456] VTRB
[16:22:50] [66/456] SCHC
[16:22:51] [67/456] MRRG
[16:22:52] [68/456] SPCB
[16:22:54] [69/456] AMCM
[16:22:55] [70/456] IVNM
[16:22:55] 🔄 Identity reset
[16:22:55] 🔄 Identity rotated (every 10 requests)
[16:22:56] [71/456] TRHY
[16:22:58] [72/456] PTTH
[16:22:59] [73/456] RKMH
[16:23:00] [74/456] PRCS
[16:23:00] [75/456] VAJA
[16:23:02] [76/456] BJNG
[16:23:03] [77/456] SCVM
[16:23:04] [78/456] GNHB
[16:23:05] [79/456] TLUR
[16:23:07] [80/456] UKCC
[16:23:07] 🔄 Identity reset
[16:23:07] 🔄 Identity rotated (every 10 requests)
[16:23:08] [81/456] SRKR
[16:23:09] [82/456] RMKN
[16:23:11] [83/456] SLRT
[16:23:12] [84/456] LKMT
[16:23:13] [85/456] SSRJ
[16:23:14] [86/456] SPHT
[16:23:15] [87/456] ANTT
[16:23:16] [88/456] SRCH
[16:23:17] [89/456] SRCA
[16:23:18] [90/456] ARTH
[16:23:18] 🔄 Identity reset
[16:23:18] 🔄 Identity rotated (every 10 requests)
[16:23:19] [91/456] MCBH
[16:23:20] [92/456] SNIB
[16:23:21] [93/456] SART
[16:23:22] [94/456] SKTA
[16:23:24] [95/456] YAKT
[16:23:25] [96/456] MLCK
[16:23:26] [97/456] ANTS
[16:23:28] [98/456] DGCA
[16:23:28] [99/456] SGMP
[16:23:29] [100/456] ASWN
[16:23:29] 🔄 Identity reset
[16:23:29] 🔄 Identity rotated (every 10 requests)
[16:23:30] [101/456] KFVU
[16:23:31] [102/456] POOR
[16:23:32] [103/456] GKDN
[16:23:34] [104/456] EOSE
[16:23:34] [105/456] GTTT
[16:23:35] [106/456] ARRO
[16:23:37] [107/456] CMMK
[16:23:38] [108/456] MSCN
[16:23:39] [109/456] GDKH
[16:23:40] [110/456] DLMT
[16:23:40] 🔄 Identity reset
[16:23:40] 🔄 Identity rotated (every 10 requests)
[16:23:41] [111/456] PVMF
[16:23:42] [112/456] CPCK
[16:23:43] [113/456] VMHE
[16:23:44] [114/456] PVLC
[16:23:45] [115/456] PCVB
[16:23:47] [116/456] SNYK
[16:23:48] [117/456] KTEK
[16:23:50] [118/456] PCNM
[16:23:51] [119/456] NTTR
[16:23:52] [120/456] CPSK
[16:23:52] 🔄 Identity reset
[16:23:52] 🔄 Identity rotated (every 10 requests)
[16:23:53] [121/456] JMMA
[16:23:55] [122/456] GCFK
[16:23:55] [123/456] MYCA
[16:23:56] [124/456] KSNP
[16:23:57] [125/456] PMCE
[16:23:58] [126/456] SCKI
[16:23:59] [127/456] FSMA
[16:24:00] [128/456] CETA
[16:24:01] [129/456] MCIK
[16:24:02] [130/456] MYCR
[16:24:02] 🔄 Identity reset
[16:24:02] 🔄 Identity rotated (every 10 requests)
[16:24:03] [131/456] EVMP
[16:24:04] [132/456] SSGT
[16:24:06] [133/456] KCTK
[16:24:08] [134/456] ZTKC
[16:24:09] [135/456] MMTA
[16:24:10] [136/456] MAJT
[16:24:11] [137/456] ACPK
[16:24:11] [138/456] JMAX
[16:24:13] [139/456] SETK
[16:24:14] [140/456] CAIS
[16:24:14] 🔄 Identity reset
[16:24:14] 🔄 Identity rotated (every 10 requests)
[16:24:16] [141/456] AGCD
[16:24:18] [142/456] URCL
[16:24:19] [143/456] VTDS
[16:24:19] [144/456] JCNM
[16:24:20] [145/456] KCAM
[16:24:21] [146/456] ADCU
[16:24:22] [147/456] GXYN
[16:24:23] [148/456] SMJG
[16:24:24] [149/456] EYCJ
[16:24:25] [150/456] CCEJ
[16:24:25] 🔄 Identity reset
[16:24:25] 🔄 Identity rotated (every 10 requests)
[16:24:26] [151/456] MARS
[16:24:27] [152/456] CPVJ
[16:24:29] [153/456] INVP
[16:24:30] [154/456] CPOV
[16:24:31] [155/456] VIJK
[16:24:32] [156/456] LAIM
[16:24:33] [157/456] STHV
[16:24:34] [158/456] SVLJ
[16:24:35] [159/456] ATVJ
[16:24:37] [160/456] JTSC
[16:24:37] 🔄 Identity reset
[16:24:37] 🔄 Identity rotated (every 10 requests)
[16:24:38] [161/456] RMTV
[16:24:39] [162/456] MGGG
[16:24:40] [163/456] SWTH
[16:24:41] [164/456] INVJ
[16:24:42] [165/456] PRSV
[16:24:43] [166/456] JATV
[16:24:44] [167/456] RCVD
[16:24:45] [168/456] BDMA
[16:24:47] [169/456] BLJI
[16:24:48] [170/456] SWOT
[16:24:48] 🔄 Identity reset
[16:24:48] 🔄 Identity rotated (every 10 requests)
[16:24:49] [171/456] SWRN
[16:24:50] [172/456] TVRA
[16:24:52] [173/456] NVRN
[16:24:53] [174/456] SIKC
[16:24:54] [175/456] VAKR
[16:24:55] [176/456] SYLN
[16:24:56] [177/456] KLJL
[16:24:57] [178/456] LKMY
[16:24:58] [179/456] VSLY
[16:24:59] [180/456] CIKO
[16:24:59] 🔄 Identity reset
[16:24:59] 🔄 Identity rotated (every 10 requests)
[16:25:00] [181/456] GPBG
[16:25:01] [182/456] CECM
[16:25:02] [183/456] SLKB
[16:25:03] [184/456] MTBO
[16:25:04] [185/456] SSHB
[16:25:05] [186/456] VPCS
[16:25:06] [187/456] RCSR
[16:25:07] [188/456] RJRM
[16:25:08] [189/456] KPPB
[16:25:10] [190/456] SEDC
[16:25:10] 🔄 Identity reset
[16:25:10] 🔄 Identity rotated (every 10 requests)
[16:25:10] 🔄 Retry 1/5 for SEDC in 2.9s
[16:25:10] 🔄 Identity reset
[16:25:13] 🧠 New identity created
[16:25:13] [191/456] SCAI
[16:25:14] [192/456] RMTR
[16:25:15] [193/456] ASST
[16:25:16] [194/456] GCAK
[16:25:17] [195/456] ANNK
[16:25:18] [196/456] KDDF
[16:25:19] [197/456] NRDP
[16:25:20] [198/456] PLAK
[16:25:21] [199/456] GCMC
[16:25:21] 🔄 Identity reset
[16:25:21] 🔄 Identity rotated (every 10 requests)
[16:25:22] [200/456] ALPY
[16:25:23] [201/456] SICE
[16:25:25] [202/456] SISR
[16:25:26] [203/456] SRPZ
[16:25:27] [204/456] SRSW
[16:25:29] [205/456] SUYA
[16:25:30] [206/456] AMMT
[16:25:31] [207/456] BHCU
[16:25:32] [208/456] KLPA
[16:25:33] [209/456] NVKH
[16:25:33] 🔄 Identity reset
[16:25:33] 🔄 Identity rotated (every 10 requests)
[16:25:34] [210/456] JMRC
[16:25:35] [211/456] KTTT
[16:25:36] [212/456] MAGH
[16:25:36] [213/456] MMMX
[16:25:37] [214/456] SALJ
[16:25:38] [215/456] GTJA
[16:25:39] [216/456] MAHT
[16:25:40] [217/456] SSNN
[16:25:42] [218/456] ARRP
[16:25:44] [219/456] ATNS
[16:25:44] 🔄 Identity reset
[16:25:44] 🔄 Identity rotated (every 10 requests)
[16:25:45] [220/456] SKDT
[16:25:46] [221/456] ACAT
[16:25:47] [222/456] APRC
[16:25:48] [223/456] SWAG
[16:25:49] [224/456] SDPT
[16:25:50] [225/456] STPS
[16:25:51] [226/456] WWCZ
[16:25:52] [227/456] LLCH
[16:25:53] [228/456] MZHA
[16:25:54] [229/456] CRJG
[16:25:54] 🔄 Identity reset
[16:25:54] 🔄 Identity rotated (every 10 requests)
[16:25:55] [230/456] JGTK
[16:25:56] [231/456] KCSR
[16:25:56] [232/456] CHTL
[16:25:57] [233/456] EDSR
[16:25:58] [234/456] CSWO
[16:25:59] [235/456] CPVM
[16:26:00] [236/456] MXBY
[16:26:02] [237/456] FMMA
[16:26:03] [238/456] POVI
[16:26:03] [239/456] MTHB
[16:26:03] 🔄 Identity reset
[16:26:03] 🔄 Identity rotated (every 10 requests)
[16:26:04] [240/456] INRC
[16:26:06] [241/456] PIPP
[16:26:07] [242/456] BMXC
[16:26:08] [243/456] PCMM
[16:26:09] [244/456] PMKM
[16:26:10] [245/456] GATY
[16:26:11] [246/456] IMCM
[16:26:12] [247/456] POPE
[16:26:13] [248/456] MTCR
[16:26:14] [249/456] PVAE
[16:26:14] 🔄 Identity reset
[16:26:14] 🔄 Identity rotated (every 10 requests)
[16:26:15] [250/456] PVMI
[16:26:16] [251/456] CPNM
[16:26:17] [252/456] FMRL
[16:26:18] [253/456] MCIW
[16:26:19] [254/456] MXBO
[16:26:20] [255/456] FMKY
[16:26:21] [256/456] FMDA
[16:26:22] [257/456] THAB
[16:26:23] [258/456] PRCW
[16:26:24] [259/456] PITI
[16:26:24] 🔄 Identity reset
[16:26:24] 🔄 Identity rotated (every 10 requests)
[16:26:26] [260/456] MCFF
[16:26:27] [261/456] PDDV
[16:26:28] [262/456] MCRM
[16:26:29] [263/456] KKMB
[16:26:30] [264/456] INKO
[16:26:31] [265/456] PLXP
[16:26:32] [266/456] MMHA
[16:26:33] [267/456] FMVS
[16:26:35] [268/456] POLM
[16:26:35] [269/456] STER
[16:26:35] 🔄 Identity reset
[16:26:35] 🔄 Identity rotated (every 10 requests)
[16:26:36] [270/456] PVWJ
[16:26:38] [271/456] IMJW
[16:26:39] [272/456] FNAN
[16:26:40] [273/456] CAGL
[16:26:41] [274/456] IPBG
[16:26:42] [275/456] SMFV
[16:26:43] [276/456] MMMR
[16:26:44] [277/456] MMWM
[16:26:45] [278/456] FNCM
[16:26:46] [279/456] MDVA
[16:26:46] 🔄 Identity reset
[16:26:46] 🔄 Identity rotated (every 10 requests)
[16:26:48] [280/456] MMET
[16:26:49] [281/456] MIDO
[16:26:51] [282/456] INNP
[16:26:51] [283/456] MIFU
[16:26:53] [284/456] MMSZ
[16:26:54] [285/456] BMXA
[16:26:55] [286/456] MCAA
[16:26:56] [287/456] SCVP
[16:26:57] [288/456] PLUS
[16:26:58] [289/456] MUCK
[16:26:58] 🔄 Identity reset
[16:26:58] 🔄 Identity rotated (every 10 requests)
[16:26:59] [290/456] MTMA
[16:27:00] [291/456] HPVR
[16:27:01] [292/456] PMPK
[16:27:03] [293/456] MAJB
[16:27:04] [294/456] CTRR
[16:27:05] [295/456] MCTG
[16:27:06] [296/456] MACE
[16:27:07] [297/456] AAAS
[16:27:08] [298/456] CPVV
[16:27:09] [299/456] RCHG
[16:27:09] 🔄 Identity reset
[16:27:09] 🔄 Identity rotated (every 10 requests)
[16:27:11] [300/456] MCNE
[16:27:12] [301/456] EMNC
[16:27:12] [302/456] MCAN
[16:27:13] [303/456] TCDM
[16:27:14] [304/456] IRGT
[16:27:15] [305/456] GCMG
[16:27:17] [306/456] MXSN
[16:27:18] [307/456] MXCK
[16:27:19] [308/456] MCRC
[16:27:20] [309/456] RSMI
[16:27:20] 🔄 Identity reset
[16:27:20] 🔄 Identity rotated (every 10 requests)
[16:27:20] [310/456] WAML
[16:27:21] [311/456] MTSC
[16:27:22] [312/456] FMDR
[16:27:24] [313/456] LEPV
[16:27:25] [314/456] MTGD
[16:27:26] [315/456] IMOB
[16:27:27] [316/456] CLMM
[16:27:27] [317/456] PZCD
[16:27:28] [318/456] GOCS
[16:27:29] [319/456] KCMA
[16:27:29] 🔄 Identity reset
[16:27:29] 🔄 Identity rotated (every 10 requests)
[16:27:30] [320/456] CCMP
[16:27:31] [321/456] MTSU
[16:27:32] [322/456] SNGL
[16:27:33] [323/456] MMMC
[16:27:33] [324/456] MMAA
[16:27:34] [325/456] GCDM
[16:27:35] [326/456] KTMV
[16:27:36] [327/456] AETE
[16:27:37] [328/456] OMCS
[16:27:38] [329/456] GDCD
[16:27:38] 🔄 Identity reset
[16:27:38] 🔄 Identity rotated (every 10 requests)
[16:27:39] [330/456] NYMD
[16:27:40] [331/456] RNCV
[16:27:41] [332/456] KKMT
[16:27:42] [333/456] GDTH
[16:27:43] [334/456] KMMV
[16:27:44] [335/456] NHCG
[16:27:45] [336/456] PJDW
[16:27:46] [337/456] MMCV
[16:27:47] [338/456] FQSA
[16:27:48] [339/456] KURL
[16:27:48] 🔄 Identity reset
[16:27:48] 🔄 Identity rotated (every 10 requests)
[16:27:49] [340/456] NNNX
[16:27:50] [341/456] AMAU
[16:27:51] [342/456] VVVM
[16:27:53] [343/456] VECU
[16:27:53] [344/456] WCVR
[16:27:54] [345/456] MTGG
[16:27:55] [346/456] SGTG
[16:27:57] [347/456] MNTG
[16:27:59] [348/456] JDDG
[16:28:01] [349/456] MBTK
[16:28:01] 🔄 Identity reset
[16:28:01] 🔄 Identity rotated (every 10 requests)
[16:28:02] [350/456] SGCD
[16:28:02] [351/456] MCTC
[16:28:03] [352/456] JTPC
[16:28:05] [353/456] SDKT
[16:28:05] [354/456] KRCC
[16:28:06] [355/456] RMMD
[16:28:07] [356/456] AAME
[16:28:09] [357/456] TMWC
[16:28:11] [358/456] NRWY
[16:28:12] [359/456] CITD
[16:28:12] 🔄 Identity reset
[16:28:12] 🔄 Identity rotated (every 10 requests)
[16:28:12] [360/456] VERD
[16:28:14] [361/456] MKSK
[16:28:15] [362/456] STSM
[16:28:16] [363/456] MJDG
[16:28:18] [364/456] RKPM
[16:28:19] [365/456] SSCE
[16:28:20] [366/456] VMAE
[16:28:20] [367/456] SBRU
[16:28:21] [368/456] AMBC
[16:28:23] [369/456] AMLU
[16:28:23] 🔄 Identity reset
[16:28:23] 🔄 Identity rotated (every 10 requests)
[16:28:24] [370/456] INVZ
[16:28:25] [371/456] LGTV
[16:28:26] [372/456] SVAD
[16:28:27] [373/456] SMSA
[16:28:28] [374/456] SPCZ
[16:28:29] [375/456] GTCX
[16:28:30] [376/456] SCSL
[16:28:31] [377/456] SAHU
[16:28:32] [378/456] NCDA
[16:28:34] [379/456] SCCG
[16:28:34] 🔄 Identity reset
[16:28:34] 🔄 Identity rotated (every 10 requests)
[16:28:35] [380/456] VKTL
[16:28:36] [381/456] PUUJ
[16:28:38] [382/456] STEJ
[16:28:39] [383/456] RJAL
[16:28:40] [384/456] ACJC
[16:28:42] [385/456] ARVB
[16:28:43] [386/456] AUBB
[16:28:43] [387/456] GDBR
[16:28:45] [388/456] PVND
[16:28:46] [389/456] BGRJ
[16:28:46] 🔄 Identity reset
[16:28:46] 🔄 Identity rotated (every 10 requests)
[16:28:47] [390/456] RJMM
[16:28:47] [391/456] MCSA
[16:28:49] [392/456] BODA
[16:28:50] [393/456] JAGG
[16:28:51] [394/456] SCGA
[16:28:52] [395/456] LRCM
[16:28:53] [396/456] CPCN
[16:28:55] [397/456] SSTF
[16:28:56] [398/456] SRXP
[16:28:57] [399/456] CNFX
[16:28:57] 🔄 Identity reset
[16:28:57] 🔄 Identity rotated (every 10 requests)
[16:28:58] [400/456] ANDI
[16:28:59] [401/456] SYEW
[16:29:00] [402/456] RCRE
[16:29:01] [403/456] SCRW
[16:29:02] [404/456] MBKR
[16:29:03] [405/456] ASNT
[16:29:04] [406/456] JTMT
[16:29:04] [407/456] SHAY
[16:29:05] [408/456] VRTH
[16:29:06] [409/456] SPTI
[16:29:06] 🔄 Identity reset
[16:29:06] 🔄 Identity rotated (every 10 requests)
[16:29:07] [410/456] DPTD
[16:29:08] [411/456] TGSN
[16:29:09] [412/456] RCWV
[16:29:10] [413/456] OCUR
[16:29:11] [414/456] KSTC
[16:29:13] [415/456] SANI
[16:29:14] [416/456] MLCA
[16:29:15] [417/456] EGCA
[16:29:16] [418/456] SYSN
[16:29:17] [419/456] PKTA
[16:29:17] 🔄 Identity reset
[16:29:17] 🔄 Identity rotated (every 10 requests)
[16:29:18] [420/456] PRCC
[16:29:19] [421/456] KSTR
[16:29:21] [422/456] SNTP
[16:29:21] [423/456] RCHA
[16:29:23] [424/456] SEEA
[16:29:24] [425/456] ALAT
[16:29:25] [426/456] AATV
[16:29:26] [427/456] RJTE
[16:29:27] [428/456] AAPP
[16:29:28] [429/456] PMMH
[16:29:28] 🔄 Identity reset
[16:29:28] 🔄 Identity rotated (every 10 requests)
[16:29:29] [430/456] INRJ
[16:29:30] [431/456] SARB
[16:29:31] [432/456] PCJL
[16:29:33] [433/456] PFJJ
[16:29:34] [434/456] GRDC
[16:29:35] [435/456] BCBA
[16:29:37] [436/456] VIXL
[16:29:38] [437/456] CSTL
[16:29:39] [438/456] MTDK
[16:29:40] [439/456] TDAC
[16:29:40] 🔄 Identity reset
[16:29:40] 🔄 Identity rotated (every 10 requests)
[16:29:41] [440/456] GTDN
[16:29:42] [441/456] TTDE
[16:29:43] [442/456] ASTS
[16:29:44] [443/456] CPNS
[16:29:45] [444/456] PVVW
[16:29:46] [445/456] USEB
[16:29:47] [446/456] DTYN
[16:29:48] [447/456] PVLE
[16:29:49] [448/456] CIPS
[16:29:50] [449/456] PAEG
[16:29:50] 🔄 Identity reset
[16:29:50] 🔄 Identity rotated (every 10 requests)
[16:29:52] [450/456] PTCW
[16:29:53] [451/456] G3SR
[16:29:53] [452/456] PGND
[16:29:54] [453/456] INVM
[16:29:55] [454/456] SPIA
[16:29:56] [455/456] PCSN
[16:29:57] [456/456] PPGV
[16:29:58] 🧹 Deduping shows
[16:29:58] ✅ DONE | Shows=5407 | Movies=89
[20:21:43] 🚀 SCRIPT STARTED
[20:21:43] [1/456] FNDB
[20:21:43] 🧠 New identity created
[20:21:44] [2/456] AMBH
[20:21:46] [3/456] PRHN
[20:21:47] [4/456] ACPM
[20:21:48] [5/456] PVFS
[20:21:49] [6/456] AACN
[20:21:50] [7/456] ACAS
[20:21:51] [8/456] CTNR
[20:21:51] [9/456] MMAH
[20:21:52] [10/456] CPMH
[20:21:52] 🔄 Identity reset
[20:21:52] 🔄 Identity rotated (every 10 requests)
[20:21:52] 🔄 Retry 1/5 for CPMH in 2.6s
[20:21:52] 🔄 Identity reset
[20:21:55] 🧠 New identity created
[20:21:55] 🔄 Retry 2/5 for CPMH in 4.7s
[20:21:55] 🔄 Identity reset
[20:22:00] 🧠 New identity created
[20:22:00] 🔄 Retry 3/5 for CPMH in 8.8s
[20:22:00] 🔄 Identity reset
[20:22:08] 🧠 New identity created
[20:22:09] [11/456] IGMH
[20:22:11] [12/456] ABCS
[20:22:12] [13/456] CMMA
[20:22:13] [14/456] GPRH
[20:22:15] [15/456] PNNG
[20:22:15] [16/456] AMCA
[20:22:16] [17/456] ISTN
[20:22:16] 🔄 Identity reset
[20:22:16] 🔄 Identity rotated (every 10 requests)
[20:22:17] [18/456] PIIC
[20:22:18] [19/456] AHMH
[20:22:19] [20/456] ASHN
[20:22:20] [21/456] INHY
[20:22:21] [22/456] SRMO
[20:22:22] [23/456] PIMH
[20:22:23] [24/456] PVTS
[20:22:24] [25/456] MMCA
[20:22:25] [26/456] AKYJ
[20:22:26] [27/456] BRKH
[20:22:26] 🔄 Identity reset
[20:22:26] 🔄 Identity rotated (every 10 requests)
[20:22:27] [28/456] MAHM
[20:22:28] [29/456] CPHY
[20:22:28] [30/456] PVTP
[20:22:30] [31/456] SMMR
[20:22:31] [32/456] PVHM
[20:22:33] [33/456] SNDY
[20:22:33] [34/456] GOKU
[20:22:34] [35/456] ACEV
[20:22:36] [36/456] PVUM
[20:22:37] [37/456] VSWA
[20:22:37] 🔄 Identity reset
[20:22:37] 🔄 Identity rotated (every 10 requests)
[20:22:38] [38/456] IPRS
[20:22:39] [39/456] BKMV
[20:22:40] [40/456] PVYH
[20:22:41] [41/456] INKM
[20:22:42] [42/456] ARJU
[20:22:43] [43/456] JJPP
[20:22:44] [44/456] SSRM
[20:22:45] [45/456] HMHD
[20:22:46] [46/456] SNKH
[20:22:47] [47/456] ACHI
[20:22:47] 🔄 Identity reset
[20:22:47] 🔄 Identity rotated (every 10 requests)
[20:22:48] [48/456] MRAA
[20:22:49] [49/456] INMH
[20:22:50] [50/456] ARMH
[20:22:51] [51/456] DVRR
[20:22:52] [52/456] SUDA
[20:22:53] [53/456] MCSS
[20:22:54] [54/456] VRKC
[20:22:54] [55/456] PRCX
[20:22:55] [56/456] ASJY
[20:22:56] [57/456] MTHY
[20:22:56] 🔄 Identity reset
[20:22:56] 🔄 Identity rotated (every 10 requests)
[20:22:57] [58/456] SRCM
[20:22:58] [59/456] TVHY
[20:23:00] [60/456] STHD
[20:23:00] [61/456] CPCL
[20:23:01] [62/456] PSMJ
[20:23:02] [63/456] MRGT
[20:23:03] [64/456] ARYH
[20:23:04] [65/456] VTRB
[20:23:05] [66/456] SCHC
[20:23:05] [67/456] MRRG
[20:23:05] 🔄 Identity reset
[20:23:05] 🔄 Identity rotated (every 10 requests)
[20:23:06] [68/456] SPCB
[20:23:07] [69/456] AMCM
[20:23:08] [70/456] IVNM
[20:23:09] [71/456] TRHY
[20:23:10] [72/456] PTTH
[20:23:11] [73/456] RKMH
[20:23:12] [74/456] PRCS
[20:23:13] [75/456] VAJA
[20:23:14] [76/456] BJNG
[20:23:16] [77/456] SCVM
[20:23:16] 🔄 Identity reset
[20:23:16] 🔄 Identity rotated (every 10 requests)
[20:23:17] [78/456] GNHB
[20:23:19] [79/456] TLUR
[20:23:19] [80/456] UKCC
[20:23:21] [81/456] SRKR
[20:23:22] [82/456] RMKN
[20:23:24] [83/456] SLRT
[20:23:25] [84/456] LKMT
[20:23:25] [85/456] SSRJ
[20:23:26] [86/456] SPHT
[20:23:27] [87/456] ANTT
[20:23:27] 🔄 Identity reset
[20:23:27] 🔄 Identity rotated (every 10 requests)
[20:23:28] [88/456] SRCH
[20:23:29] [89/456] SRCA
[20:23:30] [90/456] ARTH
[20:23:31] [91/456] MCBH
[20:23:32] [92/456] SNIB
[20:23:33] [93/456] SART
[20:23:34] [94/456] SKTA
[20:23:35] [95/456] YAKT
[20:23:35] [96/456] MLCK
[20:23:36] [97/456] ANTS
[20:23:36] 🔄 Identity reset
[20:23:37] 🔄 Identity rotated (every 10 requests)
[20:23:37] 🔄 Retry 1/5 for ANTS in 2.8s
[20:23:37] 🔄 Identity reset
[20:23:39] 🧠 New identity created
[20:23:39] 🔄 Retry 2/5 for ANTS in 4.1s
[20:23:39] 🔄 Identity reset
[20:23:44] 🧠 New identity created
[20:23:45] [98/456] DGCA
[20:23:46] [99/456] SGMP
[20:23:47] [100/456] ASWN
[20:23:48] [101/456] KFVU
[20:23:49] [102/456] POOR
[20:23:50] [103/456] GKDN
[20:23:50] [104/456] EOSE
[20:23:52] [105/456] GTTT
[20:23:52] 🔄 Identity reset
[20:23:52] 🔄 Identity rotated (every 10 requests)
[20:23:53] [106/456] ARRO
[20:23:54] [107/456] CMMK
[20:23:54] [108/456] MSCN
[20:23:55] [109/456] GDKH
[20:23:56] [110/456] DLMT
[20:23:58] [111/456] PVMF
[20:23:58] [112/456] CPCK
[20:23:59] [113/456] VMHE
[20:24:01] [114/456] PVLC
[20:24:02] [115/456] PCVB
[20:24:02] 🔄 Identity reset
[20:24:02] 🔄 Identity rotated (every 10 requests)
[20:24:03] [116/456] SNYK
[20:24:04] [117/456] KTEK
[20:24:05] [118/456] PCNM
[20:24:06] [119/456] NTTR
[20:24:07] [120/456] CPSK
[20:24:07] [121/456] JMMA
[20:24:08] [122/456] GCFK
[20:24:09] [123/456] MYCA
[20:24:11] [124/456] KSNP
[20:24:11] [125/456] PMCE
[20:24:11] 🔄 Identity reset
[20:24:11] 🔄 Identity rotated (every 10 requests)
[20:24:12] [126/456] SCKI
[20:24:13] [127/456] FSMA
[20:24:14] [128/456] CETA
[20:24:15] [129/456] MCIK
[20:24:16] [130/456] MYCR
[20:24:17] [131/456] EVMP
[20:24:18] [132/456] SSGT
[20:24:19] [133/456] KCTK
[20:24:20] [134/456] ZTKC
[20:24:21] [135/456] MMTA
[20:24:21] 🔄 Identity reset
[20:24:21] 🔄 Identity rotated (every 10 requests)
[20:24:22] [136/456] MAJT
[20:24:23] [137/456] ACPK
[20:24:24] [138/456] JMAX
[20:24:25] [139/456] SETK
[20:24:26] [140/456] CAIS
[20:24:27] [141/456] AGCD
[20:24:29] [142/456] URCL
[20:24:30] [143/456] VTDS
[20:24:31] [144/456] JCNM
[20:24:32] [145/456] KCAM
[20:24:32] 🔄 Identity reset
[20:24:32] 🔄 Identity rotated (every 10 requests)
[20:24:33] [146/456] ADCU
[20:24:34] [147/456] GXYN
[20:24:35] [148/456] SMJG
[20:24:36] [149/456] EYCJ
[20:24:37] [150/456] CCEJ
[20:24:38] [151/456] MARS
[20:24:39] [152/456] CPVJ
[20:24:40] [153/456] INVP
[20:24:41] [154/456] CPOV
[20:24:41] [155/456] VIJK
[20:24:41] 🔄 Identity reset
[20:24:41] 🔄 Identity rotated (every 10 requests)
[20:24:42] [156/456] LAIM
[20:24:44] [157/456] STHV
[20:24:45] [158/456] SVLJ
[20:24:45] [159/456] ATVJ
[20:24:46] [160/456] JTSC
[20:24:47] [161/456] RMTV
[20:24:48] [162/456] MGGG
[20:24:49] [163/456] SWTH
[20:24:50] [164/456] INVJ
[20:24:51] [165/456] PRSV
[20:24:51] 🔄 Identity reset
[20:24:51] 🔄 Identity rotated (every 10 requests)
[20:24:51] 🔄 Retry 1/5 for PRSV in 2.2s
[20:24:51] 🔄 Identity reset
[20:24:53] 🧠 New identity created
[20:24:53] 🔄 Retry 2/5 for PRSV in 4.1s
[20:24:53] 🔄 Identity reset
[20:24:58] 🧠 New identity created
[20:24:58] 🔄 Retry 3/5 for PRSV in 8.5s
[20:24:58] 🔄 Identity reset
[20:25:06] 🧠 New identity created
[20:25:07] [166/456] JATV
[20:25:08] [167/456] RCVD
[20:25:09] [168/456] BDMA
[20:25:10] [169/456] BLJI
[20:25:11] [170/456] SWOT
[20:25:12] [171/456] SWRN
[20:25:14] [172/456] TVRA
[20:25:14] 🔄 Identity reset
[20:25:14] 🔄 Identity rotated (every 10 requests)
[20:25:16] [173/456] NVRN
[20:25:17] [174/456] SIKC
[20:25:18] [175/456] VAKR
[20:25:19] [176/456] SYLN
[20:25:20] [177/456] KLJL
[20:25:21] [178/456] LKMY
[20:25:22] [179/456] VSLY
[20:25:23] [180/456] CIKO
[20:25:24] [181/456] GPBG
[20:25:24] [182/456] CECM
[20:25:24] 🔄 Identity reset
[20:25:24] 🔄 Identity rotated (every 10 requests)
[20:25:25] [183/456] SLKB
[20:25:26] [184/456] MTBO
[20:25:27] [185/456] SSHB
[20:25:29] [186/456] VPCS
[20:25:30] [187/456] RCSR
[20:25:31] [188/456] RJRM
[20:25:32] [189/456] KPPB
[20:25:33] [190/456] SEDC
[20:25:34] [191/456] SCAI
[20:25:34] [192/456] RMTR
[20:25:34] 🔄 Identity reset
[20:25:34] 🔄 Identity rotated (every 10 requests)
[20:25:35] [193/456] ASST
[20:25:36] [194/456] GCAK
[20:25:37] [195/456] ANNK
[20:25:38] [196/456] KDDF
[20:25:39] [197/456] NRDP
[20:25:40] [198/456] PLAK
[20:25:41] [199/456] GCMC
[20:25:42] [200/456] ALPY
[20:25:43] [201/456] SICE
[20:25:44] [202/456] SISR
[20:25:44] 🔄 Identity reset
[20:25:44] 🔄 Identity rotated (every 10 requests)
[20:25:44] 🔄 Retry 1/5 for SISR in 2.3s
[20:25:44] 🔄 Identity reset
[20:25:46] 🧠 New identity created
[20:25:48] [203/456] SRPZ
[20:25:49] [204/456] SRSW
[20:25:50] [205/456] SUYA
[20:25:51] [206/456] AMMT
[20:25:52] [207/456] BHCU
[20:25:53] [208/456] KLPA
[20:25:53] [209/456] NVKH
[20:25:54] [210/456] JMRC
[20:25:55] [211/456] KTTT
[20:25:55] 🔄 Identity reset
[20:25:55] 🔄 Identity rotated (every 10 requests)
[20:25:57] [212/456] MAGH
[20:25:57] [213/456] MMMX
[20:25:58] [214/456] SALJ
[20:25:59] [215/456] GTJA
[20:26:00] [216/456] MAHT
[20:26:02] [217/456] SSNN
[20:26:03] [218/456] ARRP
[20:26:05] [219/456] ATNS
[20:26:06] [220/456] SKDT
[20:26:07] [221/456] ACAT
[20:26:07] 🔄 Identity reset
[20:26:07] 🔄 Identity rotated (every 10 requests)
[20:26:07] 🔄 Retry 1/5 for ACAT in 2.7s
[20:26:07] 🔄 Identity reset
[20:26:10] 🧠 New identity created
[20:26:10] 🔄 Retry 2/5 for ACAT in 4.2s
[20:26:10] 🔄 Identity reset
[20:26:14] 🧠 New identity created
[20:26:15] [222/456] APRC
[20:26:16] [223/456] SWAG
[20:26:17] [224/456] SDPT
[20:26:18] [225/456] STPS
[20:26:19] [226/456] WWCZ
[20:26:20] [227/456] LLCH
[20:26:21] [228/456] MZHA
[20:26:22] [229/456] CRJG
[20:26:22] 🔄 Identity reset
[20:26:22] 🔄 Identity rotated (every 10 requests)
[20:26:23] [230/456] JGTK
[20:26:24] [231/456] KCSR
[20:26:25] [232/456] CHTL
[20:26:25] [233/456] EDSR
[20:26:26] [234/456] CSWO
[20:26:27] [235/456] CPVM
[20:26:28] [236/456] MXBY
[20:26:29] [237/456] FMMA
[20:26:30] [238/456] POVI
[20:26:31] [239/456] MTHB
[20:26:31] 🔄 Identity reset
[20:26:31] 🔄 Identity rotated (every 10 requests)
[20:26:32] [240/456] INRC
[20:26:33] [241/456] PIPP
[20:26:34] [242/456] BMXC
[20:26:35] [243/456] PCMM
[20:26:36] [244/456] PMKM
[20:26:37] [245/456] GATY
[20:26:38] [246/456] IMCM
[20:26:39] [247/456] POPE
[20:26:40] [248/456] MTCR
[20:26:41] [249/456] PVAE
[20:26:41] 🔄 Identity reset
[20:26:41] 🔄 Identity rotated (every 10 requests)
[20:26:41] 🔄 Retry 1/5 for PVAE in 2.8s
[20:26:41] 🔄 Identity reset
[20:26:44] 🧠 New identity created
[20:26:45] [250/456] PVMI
[20:26:46] [251/456] CPNM
[20:26:47] [252/456] FMRL
[20:26:48] [253/456] MCIW
[20:26:50] [254/456] MXBO
[20:26:51] [255/456] FMKY
[20:26:52] [256/456] FMDA
[20:26:52] [257/456] THAB
[20:26:54] [258/456] PRCW
[20:26:54] 🔄 Identity reset
[20:26:54] 🔄 Identity rotated (every 10 requests)
[20:26:54] 🔄 Retry 1/5 for PRCW in 2.2s
[20:26:54] 🔄 Identity reset
[20:26:56] 🧠 New identity created
[20:26:57] [259/456] PITI
[20:26:58] [260/456] MCFF
[20:26:59] [261/456] PDDV
[20:27:00] [262/456] MCRM
[20:27:01] [263/456] KKMB
[20:27:02] [264/456] INKO
[20:27:03] [265/456] PLXP
[20:27:04] [266/456] MMHA
[20:27:05] [267/456] FMVS
[20:27:05] 🔄 Identity reset
[20:27:05] 🔄 Identity rotated (every 10 requests)
[20:27:05] 🔄 Retry 1/5 for FMVS in 2.9s
[20:27:05] 🔄 Identity reset
[20:27:08] 🧠 New identity created
[20:27:09] [268/456] POLM
[20:27:10] [269/456] STER
[20:27:11] [270/456] PVWJ
[20:27:12] [271/456] IMJW
[20:27:13] [272/456] FNAN
[20:27:13] [273/456] CAGL
[20:27:14] [274/456] IPBG
[20:27:15] [275/456] SMFV
[20:27:16] [276/456] MMMR
[20:27:16] 🔄 Identity reset
[20:27:16] 🔄 Identity rotated (every 10 requests)
[20:27:17] [277/456] MMWM
[20:27:18] [278/456] FNCM
[20:27:19] [279/456] MDVA
[20:27:20] [280/456] MMET
[20:27:21] [281/456] MIDO
[20:27:22] [282/456] INNP
[20:27:23] [283/456] MIFU
[20:27:24] [284/456] MMSZ
[20:27:24] [285/456] BMXA
[20:27:25] [286/456] MCAA
[20:27:25] 🔄 Identity reset
[20:27:25] 🔄 Identity rotated (every 10 requests)
[20:27:26] [287/456] SCVP
[20:27:27] [288/456] PLUS
[20:27:28] [289/456] MUCK
[20:27:29] [290/456] MTMA
[20:27:31] [291/456] HPVR
[20:27:32] [292/456] PMPK
[20:27:33] [293/456] MAJB
[20:27:34] [294/456] CTRR
[20:27:35] [295/456] MCTG
[20:27:36] [296/456] MACE
[20:27:36] 🔄 Identity reset
[20:27:36] 🔄 Identity rotated (every 10 requests)
[20:27:37] [297/456] AAAS
[20:27:38] [298/456] CPVV
[20:27:39] [299/456] RCHG
[20:27:40] [300/456] MCNE
[20:27:41] [301/456] EMNC
[20:27:42] [302/456] MCAN
[20:27:43] [303/456] TCDM
[20:27:44] [304/456] IRGT
[20:27:45] [305/456] GCMG
[20:27:46] [306/456] MXSN
[20:27:46] 🔄 Identity reset
[20:27:46] 🔄 Identity rotated (every 10 requests)
[20:27:47] [307/456] MXCK
[20:27:48] [308/456] MCRC
[20:27:49] [309/456] RSMI
[20:27:50] [310/456] WAML
[20:27:51] [311/456] MTSC
[20:27:52] [312/456] FMDR
[20:27:53] [313/456] LEPV
[20:27:54] [314/456] MTGD
[20:27:54] [315/456] IMOB
[20:27:56] [316/456] CLMM
[20:27:56] 🔄 Identity reset
[20:27:56] 🔄 Identity rotated (every 10 requests)
[20:27:57] [317/456] PZCD
[20:27:58] [318/456] GOCS
[20:27:59] [319/456] KCMA
[20:28:00] [320/456] CCMP
[20:28:01] [321/456] MTSU
[20:28:02] [322/456] SNGL
[20:28:03] [323/456] MMMC
[20:28:04] [324/456] MMAA
[20:28:05] [325/456] GCDM
[20:28:06] [326/456] KTMV
[20:28:06] 🔄 Identity reset
[20:28:06] 🔄 Identity rotated (every 10 requests)
[20:28:07] [327/456] AETE
[20:28:09] [328/456] OMCS
[20:28:10] [329/456] GDCD
[20:28:11] [330/456] NYMD
[20:28:12] [331/456] RNCV
[20:28:13] [332/456] KKMT
[20:28:14] [333/456] GDTH
[20:28:14] [334/456] KMMV
[20:28:15] [335/456] NHCG
[20:28:16] [336/456] PJDW
[20:28:16] 🔄 Identity reset
[20:28:16] 🔄 Identity rotated (every 10 requests)
[20:28:18] [337/456] MMCV
[20:28:18] [338/456] FQSA
[20:28:19] [339/456] KURL
[20:28:20] [340/456] NNNX
[20:28:21] [341/456] AMAU
[20:28:22] [342/456] VVVM
[20:28:23] [343/456] VECU
[20:28:25] [344/456] WCVR
[20:28:26] [345/456] MTGG
[20:28:26] [346/456] SGTG
[20:28:26] 🔄 Identity reset
[20:28:26] 🔄 Identity rotated (every 10 requests)
[20:28:27] [347/456] MNTG
[20:28:29] [348/456] JDDG
[20:28:30] [349/456] MBTK
[20:28:31] [350/456] SGCD
[20:28:32] [351/456] MCTC
[20:28:33] [352/456] JTPC
[20:28:34] [353/456] SDKT
[20:28:35] [354/456] KRCC
[20:28:36] [355/456] RMMD
[20:28:37] [356/456] AAME
[20:28:37] 🔄 Identity reset
[20:28:37] 🔄 Identity rotated (every 10 requests)
[20:28:38] [357/456] TMWC
[20:28:38] [358/456] NRWY
[20:28:40] [359/456] CITD
[20:28:40] [360/456] VERD
[20:28:42] [361/456] MKSK
[20:28:43] [362/456] STSM
[20:28:44] [363/456] MJDG
[20:28:45] [364/456] RKPM
[20:28:46] [365/456] SSCE
[20:28:47] [366/456] VMAE
[20:28:47] 🔄 Identity reset
[20:28:47] 🔄 Identity rotated (every 10 requests)
[20:28:48] [367/456] SBRU
[20:28:49] [368/456] AMBC
[20:28:49] [369/456] AMLU
[20:28:50] [370/456] INVZ
[20:28:51] [371/456] LGTV
[20:28:53] [372/456] SVAD
[20:28:54] [373/456] SMSA
[20:28:55] [374/456] SPCZ
[20:28:56] [375/456] GTCX
[20:28:57] [376/456] SCSL
[20:28:57] 🔄 Identity reset
[20:28:57] 🔄 Identity rotated (every 10 requests)
[20:28:58] [377/456] SAHU
[20:28:59] [378/456] NCDA
[20:29:00] [379/456] SCCG
[20:29:01] [380/456] VKTL
[20:29:02] [381/456] PUUJ
[20:29:03] [382/456] STEJ
[20:29:04] [383/456] RJAL
[20:29:05] [384/456] ACJC
[20:29:06] [385/456] ARVB
[20:29:07] [386/456] AUBB
[20:29:07] 🔄 Identity reset
[20:29:07] 🔄 Identity rotated (every 10 requests)
[20:29:08] [387/456] GDBR
[20:29:09] [388/456] PVND
[20:29:10] [389/456] BGRJ
[20:29:11] [390/456] RJMM
[20:29:12] [391/456] MCSA
[20:29:13] [392/456] BODA
[20:29:13] [393/456] JAGG
[20:29:14] [394/456] SCGA
[20:29:15] [395/456] LRCM
[20:29:16] [396/456] CPCN
[20:29:16] 🔄 Identity reset
[20:29:16] 🔄 Identity rotated (every 10 requests)
[20:29:17] [397/456] SSTF
[20:29:18] [398/456] SRXP
[20:29:19] [399/456] CNFX
[20:29:20] [400/456] ANDI
[20:29:21] [401/456] SYEW
[20:29:22] [402/456] RCRE
[20:29:23] [403/456] SCRW
[20:29:25] [404/456] MBKR
[20:29:25] [405/456] ASNT
[20:29:26] [406/456] JTMT
[20:29:26] 🔄 Identity reset
[20:29:26] 🔄 Identity rotated (every 10 requests)
[20:29:27] [407/456] SHAY
[20:29:28] [408/456] VRTH
[20:29:29] [409/456] SPTI
[20:29:30] [410/456] DPTD
[20:29:31] [411/456] TGSN
[20:29:32] [412/456] RCWV
[20:29:33] [413/456] OCUR
[20:29:34] [414/456] KSTC
[20:29:35] [415/456] SANI
[20:29:36] [416/456] MLCA
[20:29:36] 🔄 Identity reset
[20:29:36] 🔄 Identity rotated (every 10 requests)
[20:29:37] [417/456] EGCA
[20:29:39] [418/456] SYSN
[20:29:40] [419/456] PKTA
[20:29:41] [420/456] PRCC
[20:29:42] [421/456] KSTR
[20:29:43] [422/456] SNTP
[20:29:44] [423/456] RCHA
[20:29:45] [424/456] SEEA
[20:29:46] [425/456] ALAT
[20:29:47] [426/456] AATV
[20:29:47] 🔄 Identity reset
[20:29:47] 🔄 Identity rotated (every 10 requests)
[20:29:48] [427/456] RJTE
[20:29:49] [428/456] AAPP
[20:29:50] [429/456] PMMH
[20:29:51] [430/456] INRJ
[20:29:52] [431/456] SARB
[20:29:53] [432/456] PCJL
[20:29:54] [433/456] PFJJ
[20:29:55] [434/456] GRDC
[20:29:56] [435/456] BCBA
[20:29:57] [436/456] VIXL
[20:29:57] 🔄 Identity reset
[20:29:57] 🔄 Identity rotated (every 10 requests)
[20:29:58] [437/456] CSTL
[20:29:59] [438/456] MTDK
[20:29:59] [439/456] TDAC
[20:30:01] [440/456] GTDN
[20:30:01] [441/456] TTDE
[20:30:02] [442/456] ASTS
[20:30:03] [443/456] CPNS
[20:30:04] [444/456] PVVW
[20:30:05] [445/456] USEB
[20:30:06] [446/456] DTYN
[20:30:06] 🔄 Identity reset
[20:30:06] 🔄 Identity rotated (every 10 requests)
[20:30:08] [447/456] PVLE
[20:30:09] [448/456] CIPS
[20:30:10] [449/456] PAEG
[20:30:10] [450/456] PTCW
[20:30:11] [451/456] G3SR
[20:30:12] [452/456] PGND
[20:30:14] [453/456] INVM
[20:30:15] [454/456] SPIA
[20:30:16] [455/456] PCSN
[20:30:17] [456/456] PPGV
[20:30:17] 🔄 Identity reset
[20:30:17] 🔄 Identity rotated (every 10 requests)
[20:30:18] 🧹 Deduping shows
[20:30:18] ✅ DONE | Shows=5456 | Movies=91
[20:59:02] 🚀 SCRIPT STARTED
[20:59:02] [1/456] FNDB
[20:59:02] 🧠 New identity created
[20:59:03] [2/456] AMBH
[20:59:04] [3/456] PRHN
[20:59:05] [4/456] ACPM
[20:59:06] [5/456] PVFS
[20:59:08] [6/456] AACN
[20:59:08] [7/456] ACAS
[20:59:09] [8/456] CTNR
[20:59:10] [9/456] MMAH
[20:59:11] [10/456] CPMH
[20:59:11] 🔄 Identity reset
[20:59:11] 🔄 Identity rotated (every 10 requests)
[20:59:13] [11/456] IGMH
[20:59:14] [12/456] ABCS
[20:59:15] [13/456] CMMA
[20:59:15] [14/456] GPRH
[20:59:16] [15/456] PNNG
[20:59:17] [16/456] AMCA
[20:59:18] [17/456] ISTN
[20:59:19] [18/456] PIIC
[20:59:20] [19/456] AHMH
[20:59:21] [20/456] ASHN
[20:59:21] 🔄 Identity reset
[20:59:21] 🔄 Identity rotated (every 10 requests)
[20:59:22] [21/456] INHY
[20:59:23] [22/456] SRMO
[20:59:24] [23/456] PIMH
[20:59:25] [24/456] PVTS
[20:59:26] [25/456] MMCA
[20:59:27] [26/456] AKYJ
[20:59:28] [27/456] BRKH
[20:59:29] [28/456] MAHM
[20:59:30] [29/456] CPHY
[20:59:30] [30/456] PVTP
[20:59:30] 🔄 Identity reset
[20:59:31] 🔄 Identity rotated (every 10 requests)
[20:59:31] 🔄 Retry 1/5 for PVTP in 3.0s
[20:59:31] 🔄 Identity reset
[20:59:34] 🧠 New identity created
[20:59:35] [31/456] SMMR
[20:59:36] [32/456] PVHM
[20:59:37] [33/456] SNDY
[20:59:38] [34/456] GOKU
[20:59:39] [35/456] ACEV
[20:59:40] [36/456] PVUM
[20:59:41] [37/456] VSWA
[20:59:41] [38/456] IPRS
[20:59:42] [39/456] BKMV
[20:59:42] 🔄 Identity reset
[20:59:42] 🔄 Identity rotated (every 10 requests)
[20:59:43] [40/456] PVYH
[20:59:44] [41/456] INKM
[20:59:45] [42/456] ARJU
[20:59:46] [43/456] JJPP
[20:59:47] [44/456] SSRM
[20:59:48] [45/456] HMHD
[20:59:49] [46/456] SNKH
[20:59:50] [47/456] ACHI
[20:59:50] [48/456] MRAA
[20:59:52] [49/456] INMH
[20:59:52] 🔄 Identity reset
[20:59:52] 🔄 Identity rotated (every 10 requests)
[20:59:53] [50/456] ARMH
[20:59:54] [51/456] DVRR
[20:59:55] [52/456] SUDA
[20:59:56] [53/456] MCSS
[20:59:57] [54/456] VRKC
[20:59:58] [55/456] PRCX
[20:59:59] [56/456] ASJY
[21:00:00] [57/456] MTHY
[21:00:01] [58/456] SRCM
[21:00:02] [59/456] TVHY
[21:00:02] 🔄 Identity reset
[21:00:02] 🔄 Identity rotated (every 10 requests)
[21:00:03] [60/456] STHD
[21:00:04] [61/456] CPCL
[21:00:05] [62/456] PSMJ
[21:00:06] [63/456] MRGT
[21:00:06] [64/456] ARYH
[21:00:08] [65/456] VTRB
[21:00:09] [66/456] SCHC
[21:00:10] [67/456] MRRG
[21:00:11] [68/456] SPCB
[21:00:12] [69/456] AMCM
[21:00:12] 🔄 Identity reset
[21:00:12] 🔄 Identity rotated (every 10 requests)
[21:00:13] [70/456] IVNM
[21:00:14] [71/456] TRHY
[21:00:15] [72/456] PTTH
[21:00:16] [73/456] RKMH
[21:00:17] [74/456] PRCS
[21:00:19] [75/456] VAJA
[21:00:20] [76/456] BJNG
[21:00:20] [77/456] SCVM
[21:00:21] [78/456] GNHB
[21:00:22] [79/456] TLUR
[21:00:22] 🔄 Identity reset
[21:00:22] 🔄 Identity rotated (every 10 requests)
[21:00:23] [80/456] UKCC
[21:00:24] [81/456] SRKR
[21:00:25] [82/456] RMKN
[21:00:26] [83/456] SLRT
[21:00:27] [84/456] LKMT
[21:00:28] [85/456] SSRJ
[21:00:29] [86/456] SPHT
[21:00:30] [87/456] ANTT
[21:00:30] [88/456] SRCH
[21:00:31] [89/456] SRCA
[21:00:31] 🔄 Identity reset
[21:00:31] 🔄 Identity rotated (every 10 requests)
[21:00:32] [90/456] ARTH
[21:00:33] [91/456] MCBH
[21:00:34] [92/456] SNIB
[21:00:35] [93/456] SART
[21:00:36] [94/456] SKTA
[21:00:37] [95/456] YAKT
[21:00:37] [96/456] MLCK
[21:00:38] [97/456] ANTS
[21:00:39] [98/456] DGCA
[21:00:40] [99/456] SGMP
[21:00:40] 🔄 Identity reset
[21:00:40] 🔄 Identity rotated (every 10 requests)
[21:00:41] [100/456] ASWN
[21:00:42] [101/456] KFVU
[21:00:43] [102/456] POOR
[21:00:44] [103/456] GKDN
[21:00:45] [104/456] EOSE
[21:00:46] [105/456] GTTT
[21:00:47] [106/456] ARRO
[21:00:48] [107/456] CMMK
[21:00:49] [108/456] MSCN
[21:00:50] [109/456] GDKH
[21:00:50] 🔄 Identity reset
[21:00:50] 🔄 Identity rotated (every 10 requests)
[21:00:51] [110/456] DLMT
[21:00:52] [111/456] PVMF
[21:00:53] [112/456] CPCK
[21:00:54] [113/456] VMHE
[21:00:55] [114/456] PVLC
[21:00:56] [115/456] PCVB
[21:00:56] [116/456] SNYK
[21:00:57] [117/456] KTEK
[21:00:58] [118/456] PCNM
[21:00:59] [119/456] NTTR
[21:00:59] 🔄 Identity reset
[21:00:59] 🔄 Identity rotated (every 10 requests)
[21:01:00] [120/456] CPSK
[21:01:01] [121/456] JMMA
[21:01:01] [122/456] GCFK
[21:01:02] [123/456] MYCA
[21:01:03] [124/456] KSNP
[21:01:04] [125/456] PMCE
[21:01:05] [126/456] SCKI
[21:01:06] [127/456] FSMA
[21:01:07] [128/456] CETA
[21:01:08] [129/456] MCIK
[21:01:08] 🔄 Identity reset
[21:01:08] 🔄 Identity rotated (every 10 requests)
[21:01:08] 🔄 Retry 1/5 for MCIK in 2.8s
[21:01:08] 🔄 Identity reset
[21:01:11] 🧠 New identity created
[21:01:12] [130/456] MYCR
[21:01:13] [131/456] EVMP
[21:01:13] [132/456] SSGT
[21:01:14] [133/456] KCTK
[21:01:16] [134/456] ZTKC
[21:01:17] [135/456] MMTA
[21:01:18] [136/456] MAJT
[21:01:19] [137/456] ACPK
[21:01:20] [138/456] JMAX
[21:01:20] 🔄 Identity reset
[21:01:20] 🔄 Identity rotated (every 10 requests)
[21:01:21] [139/456] SETK
[21:01:22] [140/456] CAIS
[21:01:22] [141/456] AGCD
[21:01:23] [142/456] URCL
[21:01:24] [143/456] VTDS
[21:01:25] [144/456] JCNM
[21:01:26] [145/456] KCAM
[21:01:26] [146/456] ADCU
[21:01:27] [147/456] GXYN
[21:01:28] [148/456] SMJG
[21:01:28] 🔄 Identity reset
[21:01:28] 🔄 Identity rotated (every 10 requests)
[21:01:28] 🔄 Retry 1/5 for SMJG in 2.7s
[21:01:28] 🔄 Identity reset
[21:01:31] 🧠 New identity created
[21:01:31] [149/456] EYCJ
[21:01:33] [150/456] CCEJ
[21:01:34] [151/456] MARS
[21:01:35] [152/456] CPVJ
[21:01:35] [153/456] INVP
[21:01:36] [154/456] CPOV
[21:01:37] [155/456] VIJK
[21:01:38] [156/456] LAIM
[21:01:39] [157/456] STHV
[21:01:39] 🔄 Identity reset
[21:01:39] 🔄 Identity rotated (every 10 requests)
[21:01:40] [158/456] SVLJ
[21:01:41] [159/456] ATVJ
[21:01:42] [160/456] JTSC
[21:01:43] [161/456] RMTV
[21:01:44] [162/456] MGGG
[21:01:45] [163/456] SWTH
[21:01:46] [164/456] INVJ
[21:01:46] [165/456] PRSV
[21:01:47] [166/456] JATV
[21:01:48] [167/456] RCVD
[21:01:48] 🔄 Identity reset
[21:01:48] 🔄 Identity rotated (every 10 requests)
[21:01:49] [168/456] BDMA
[21:01:50] [169/456] BLJI
[21:01:51] [170/456] SWOT
[21:01:52] [171/456] SWRN
[21:01:52] [172/456] TVRA
[21:01:53] [173/456] NVRN
[21:01:54] [174/456] SIKC
[21:01:55] [175/456] VAKR
[21:01:56] [176/456] SYLN
[21:01:57] [177/456] KLJL
[21:01:57] 🔄 Identity reset
[21:01:57] 🔄 Identity rotated (every 10 requests)
[21:01:58] [178/456] LKMY
[21:01:59] [179/456] VSLY
[21:02:00] [180/456] CIKO
[21:02:01] [181/456] GPBG
[21:02:02] [182/456] CECM
[21:02:03] [183/456] SLKB
[21:02:03] [184/456] MTBO
[21:02:04] [185/456] SSHB
[21:02:05] [186/456] VPCS
[21:02:06] [187/456] RCSR
[21:02:06] 🔄 Identity reset
[21:02:06] 🔄 Identity rotated (every 10 requests)
[21:02:06] 🔄 Retry 1/5 for RCSR in 2.4s
[21:02:06] 🔄 Identity reset
[21:02:08] 🧠 New identity created
[21:02:10] [188/456] RJRM
[21:02:11] [189/456] KPPB
[21:02:12] [190/456] SEDC
[21:02:12] [191/456] SCAI
[21:02:13] [192/456] RMTR
[21:02:15] [193/456] ASST
[21:02:16] [194/456] GCAK
[21:02:17] [195/456] ANNK
[21:02:17] [196/456] KDDF
[21:02:17] 🔄 Identity reset
[21:02:17] 🔄 Identity rotated (every 10 requests)
[21:02:17] 🔄 Retry 1/5 for KDDF in 2.3s
[21:02:17] 🔄 Identity reset
[21:02:20] 🧠 New identity created
[21:02:21] [197/456] NRDP
[21:02:22] [198/456] PLAK
[21:02:22] [199/456] GCMC
[21:02:23] [200/456] ALPY
[21:02:25] [201/456] SICE
[21:02:25] [202/456] SISR
[21:02:26] [203/456] SRPZ
[21:02:27] [204/456] SRSW
[21:02:28] [205/456] SUYA
[21:02:28] 🔄 Identity reset
[21:02:28] 🔄 Identity rotated (every 10 requests)
[21:02:30] [206/456] AMMT
[21:02:31] [207/456] BHCU
[21:02:32] [208/456] KLPA
[21:02:33] [209/456] NVKH
[21:02:34] [210/456] JMRC
[21:02:35] [211/456] KTTT
[21:02:36] [212/456] MAGH
[21:02:37] [213/456] MMMX
[21:02:38] [214/456] SALJ
[21:02:39] [215/456] GTJA
[21:02:39] 🔄 Identity reset
[21:02:39] 🔄 Identity rotated (every 10 requests)
[21:02:39] 🔄 Retry 1/5 for GTJA in 2.5s
[21:02:39] 🔄 Identity reset
[21:02:42] 🧠 New identity created
[21:02:43] [216/456] MAHT
[21:02:43] [217/456] SSNN
[21:02:44] [218/456] ARRP
[21:02:45] [219/456] ATNS
[21:02:46] [220/456] SKDT
[21:02:47] [221/456] ACAT
[21:02:48] [222/456] APRC
[21:02:48] [223/456] SWAG
[21:02:49] [224/456] SDPT
[21:02:49] 🔄 Identity reset
[21:02:49] 🔄 Identity rotated (every 10 requests)
[21:02:50] [225/456] STPS
[21:02:51] [226/456] WWCZ
[21:02:53] [227/456] LLCH
[21:02:54] [228/456] MZHA
[21:02:55] [229/456] CRJG
[21:02:55] [230/456] JGTK
[21:02:56] [231/456] KCSR
[21:02:57] [232/456] CHTL
[21:02:58] [233/456] EDSR
[21:02:59] [234/456] CSWO
[21:02:59] 🔄 Identity reset
[21:02:59] 🔄 Identity rotated (every 10 requests)
[21:02:59] [235/456] CPVM
[21:03:00] [236/456] MXBY
[21:03:00] [237/456] FMMA
[21:03:01] [238/456] POVI
[21:03:02] [239/456] MTHB
[21:03:03] [240/456] INRC
[21:03:03] [241/456] PIPP
[21:03:04] [242/456] BMXC
[21:03:05] [243/456] PCMM
[21:03:06] [244/456] PMKM
[21:03:06] 🔄 Identity reset
[21:03:06] 🔄 Identity rotated (every 10 requests)
[21:03:06] 🔄 Retry 1/5 for PMKM in 2.2s
[21:03:06] 🔄 Identity reset
[21:03:08] 🧠 New identity created
[21:03:09] [245/456] GATY
[21:03:10] [246/456] IMCM
[21:03:10] [247/456] POPE
[21:03:11] [248/456] MTCR
[21:03:12] [249/456] PVAE
[21:03:13] [250/456] PVMI
[21:03:14] [251/456] CPNM
[21:03:15] [252/456] FMRL
[21:03:15] [253/456] MCIW
[21:03:15] 🔄 Identity reset
[21:03:15] 🔄 Identity rotated (every 10 requests)
[21:03:16] [254/456] MXBO
[21:03:17] [255/456] FMKY
[21:03:18] [256/456] FMDA
[21:03:18] [257/456] THAB
[21:03:20] [258/456] PRCW
[21:03:21] [259/456] PITI
[21:03:22] [260/456] MCFF
[21:03:23] [261/456] PDDV
[21:03:24] [262/456] MCRM
[21:03:24] [263/456] KKMB
[21:03:24] 🔄 Identity reset
[21:03:24] 🔄 Identity rotated (every 10 requests)
[21:03:25] [264/456] INKO
[21:03:26] [265/456] PLXP
[21:03:27] [266/456] MMHA
[21:03:28] [267/456] FMVS
[21:03:28] [268/456] POLM
[21:03:29] [269/456] STER
[21:03:30] [270/456] PVWJ
[21:03:31] [271/456] IMJW
[21:03:32] [272/456] FNAN
[21:03:32] [273/456] CAGL
[21:03:32] 🔄 Identity reset
[21:03:32] 🔄 Identity rotated (every 10 requests)
[21:03:33] [274/456] IPBG
[21:03:34] [275/456] SMFV
[21:03:36] [276/456] MMMR
[21:03:37] [277/456] MMWM
[21:03:38] [278/456] FNCM
[21:03:39] [279/456] MDVA
[21:03:40] [280/456] MMET
[21:03:42] [281/456] MIDO
[21:03:42] [282/456] INNP
[21:03:43] [283/456] MIFU
[21:03:43] 🔄 Identity reset
[21:03:43] 🔄 Identity rotated (every 10 requests)
[21:03:43] [284/456] MMSZ
[21:03:44] [285/456] BMXA
[21:03:45] [286/456] MCAA
[21:03:46] [287/456] SCVP
[21:03:46] [288/456] PLUS
[21:03:47] [289/456] MUCK
[21:03:48] [290/456] MTMA
[21:03:49] [291/456] HPVR
[21:03:49] [292/456] PMPK
[21:03:51] [293/456] MAJB
[21:03:51] 🔄 Identity reset
[21:03:51] 🔄 Identity rotated (every 10 requests)
[21:03:51] 🔄 Retry 1/5 for MAJB in 2.3s
[21:03:51] 🔄 Identity reset
[21:03:54] 🧠 New identity created
[21:03:54] 🔄 Retry 2/5 for MAJB in 4.8s
[21:03:54] 🔄 Identity reset
[21:03:59] 🧠 New identity created
[21:03:59] [294/456] CTRR
[21:04:00] [295/456] MCTG
[21:04:00] [296/456] MACE
[21:04:01] [297/456] AAAS
[21:04:02] [298/456] CPVV
[21:04:03] [299/456] RCHG
[21:04:03] [300/456] MCNE
[21:04:04] [301/456] EMNC
[21:04:04] 🔄 Identity reset
[21:04:04] 🔄 Identity rotated (every 10 requests)
[21:04:05] [302/456] MCAN
[21:04:06] [303/456] TCDM
[21:04:07] [304/456] IRGT
[21:04:08] [305/456] GCMG
[21:04:08] [306/456] MXSN
[21:04:09] [307/456] MXCK
[21:04:09] [308/456] MCRC
[21:04:10] [309/456] RSMI
[21:04:11] [310/456] WAML
[21:04:12] [311/456] MTSC
[21:04:12] 🔄 Identity reset
[21:04:12] 🔄 Identity rotated (every 10 requests)
[21:04:12] 🔄 Retry 1/5 for MTSC in 2.5s
[21:04:12] 🔄 Identity reset
[21:04:15] 🧠 New identity created
[21:04:16] [312/456] FMDR
[21:04:16] [313/456] LEPV
[21:04:18] [314/456] MTGD
[21:04:18] [315/456] IMOB
[21:04:19] [316/456] CLMM
[21:04:20] [317/456] PZCD
[21:04:21] [318/456] GOCS
[21:04:22] [319/456] KCMA
[21:04:23] [320/456] CCMP
[21:04:23] 🔄 Identity reset
[21:04:23] 🔄 Identity rotated (every 10 requests)
[21:04:23] [321/456] MTSU
[21:04:24] [322/456] SNGL
[21:04:25] [323/456] MMMC
[21:04:26] [324/456] MMAA
[21:04:26] [325/456] GCDM
[21:04:27] [326/456] KTMV
[21:04:28] [327/456] AETE
[21:04:28] [328/456] OMCS
[21:04:29] [329/456] GDCD
[21:04:30] [330/456] NYMD
[21:04:30] 🔄 Identity reset
[21:04:30] 🔄 Identity rotated (every 10 requests)
[21:04:31] [331/456] RNCV
[21:04:32] [332/456] KKMT
[21:04:32] [333/456] GDTH
[21:04:33] [334/456] KMMV
[21:04:34] [335/456] NHCG
[21:04:35] [336/456] PJDW
[21:04:35] [337/456] MMCV
[21:04:36] [338/456] FQSA
[21:04:37] [339/456] KURL
[21:04:37] [340/456] NNNX
[21:04:37] 🔄 Identity reset
[21:04:37] 🔄 Identity rotated (every 10 requests)
[21:04:38] [341/456] AMAU
[21:04:40] [342/456] VVVM
[21:04:40] [343/456] VECU
[21:04:41] [344/456] WCVR
[21:04:42] [345/456] MTGG
[21:04:43] [346/456] SGTG
[21:04:44] [347/456] MNTG
[21:04:45] [348/456] JDDG
[21:04:46] [349/456] MBTK
[21:04:47] [350/456] SGCD
[21:04:47] 🔄 Identity reset
[21:04:47] 🔄 Identity rotated (every 10 requests)
[21:04:48] [351/456] MCTC
[21:04:49] [352/456] JTPC
[21:04:50] [353/456] SDKT
[21:04:51] [354/456] KRCC
[21:04:52] [355/456] RMMD
[21:04:53] [356/456] AAME
[21:04:54] [357/456] TMWC
[21:04:54] [358/456] NRWY
[21:04:55] [359/456] CITD
[21:04:56] [360/456] VERD
[21:04:56] 🔄 Identity reset
[21:04:57] 🔄 Identity rotated (every 10 requests)
[21:04:57] [361/456] MKSK
[21:04:58] [362/456] STSM
[21:04:59] [363/456] MJDG
[21:05:00] [364/456] RKPM
[21:05:00] [365/456] SSCE
[21:05:01] [366/456] VMAE
[21:05:02] [367/456] SBRU
[21:05:03] [368/456] AMBC
[21:05:04] [369/456] AMLU
[21:05:05] [370/456] INVZ
[21:05:05] 🔄 Identity reset
[21:05:05] 🔄 Identity rotated (every 10 requests)
[21:05:05] 🔄 Retry 1/5 for INVZ in 2.9s
[21:05:05] 🔄 Identity reset
[21:05:08] 🧠 New identity created
[21:05:09] [371/456] LGTV
[21:05:09] [372/456] SVAD
[21:05:10] [373/456] SMSA
[21:05:11] [374/456] SPCZ
[21:05:13] [375/456] GTCX
[21:05:14] [376/456] SCSL
[21:05:14] [377/456] SAHU
[21:05:15] [378/456] NCDA
[21:05:17] [379/456] SCCG
[21:05:17] 🔄 Identity reset
[21:05:17] 🔄 Identity rotated (every 10 requests)
[21:05:18] [380/456] VKTL
[21:05:18] [381/456] PUUJ
[21:05:19] [382/456] STEJ
[21:05:20] [383/456] RJAL
[21:05:21] [384/456] ACJC
[21:05:21] [385/456] ARVB
[21:05:22] [386/456] AUBB
[21:05:23] [387/456] GDBR
[21:05:24] [388/456] PVND
[21:05:25] [389/456] BGRJ
[21:05:25] 🔄 Identity reset
[21:05:25] 🔄 Identity rotated (every 10 requests)
[21:05:25] [390/456] RJMM
[21:05:26] [391/456] MCSA
[21:05:28] [392/456] BODA
[21:05:28] [393/456] JAGG
[21:05:29] [394/456] SCGA
[21:05:30] [395/456] LRCM
[21:05:31] [396/456] CPCN
[21:05:31] [397/456] SSTF
[21:05:32] [398/456] SRXP
[21:05:33] [399/456] CNFX
[21:05:33] 🔄 Identity reset
[21:05:33] 🔄 Identity rotated (every 10 requests)
[21:05:34] [400/456] ANDI
[21:05:34] [401/456] SYEW
[21:05:35] [402/456] RCRE
[21:05:36] [403/456] SCRW
[21:05:36] [404/456] MBKR
[21:05:37] [405/456] ASNT
[21:05:38] [406/456] JTMT
[21:05:39] [407/456] SHAY
[21:05:40] [408/456] VRTH
[21:05:40] [409/456] SPTI
[21:05:40] 🔄 Identity reset
[21:05:41] 🔄 Identity rotated (every 10 requests)
[21:05:41] [410/456] DPTD
[21:05:42] [411/456] TGSN
[21:05:43] [412/456] RCWV
[21:05:44] [413/456] OCUR
[21:05:45] [414/456] KSTC
[21:05:45] [415/456] SANI
[21:05:46] [416/456] MLCA
[21:05:46] [417/456] EGCA
[21:05:47] [418/456] SYSN
[21:05:48] [419/456] PKTA
[21:05:48] 🔄 Identity reset
[21:05:48] 🔄 Identity rotated (every 10 requests)
[21:05:49] [420/456] PRCC
[21:05:51] [421/456] KSTR
[21:05:52] [422/456] SNTP
[21:05:52] [423/456] RCHA
[21:05:54] [424/456] SEEA
[21:05:54] [425/456] ALAT
[21:05:56] [426/456] AATV
[21:05:56] [427/456] RJTE
[21:05:58] [428/456] AAPP
[21:05:59] [429/456] PMMH
[21:05:59] 🔄 Identity reset
[21:05:59] 🔄 Identity rotated (every 10 requests)
[21:06:00] [430/456] INRJ
[21:06:01] [431/456] SARB
[21:06:02] [432/456] PCJL
[21:06:02] [433/456] PFJJ
[21:06:03] [434/456] GRDC
[21:06:03] [435/456] BCBA
[21:06:04] [436/456] VIXL
[21:06:05] [437/456] CSTL
[21:06:06] [438/456] MTDK
[21:06:07] [439/456] TDAC
[21:06:07] 🔄 Identity reset
[21:06:07] 🔄 Identity rotated (every 10 requests)
[21:06:07] [440/456] GTDN
[21:06:08] [441/456] TTDE
[21:06:09] [442/456] ASTS
[21:06:10] [443/456] CPNS
[21:06:10] [444/456] PVVW
[21:06:11] [445/456] USEB
[21:06:12] [446/456] DTYN
[21:06:12] [447/456] PVLE
[21:06:13] [448/456] CIPS
[21:06:14] [449/456] PAEG
[21:06:14] 🔄 Identity reset
[21:06:14] 🔄 Identity rotated (every 10 requests)
[21:06:15] [450/456] PTCW
[21:06:16] [451/456] G3SR
[21:06:16] [452/456] PGND
[21:06:17] [453/456] INVM
[21:06:18] [454/456] SPIA
[21:06:18] [455/456] PCSN
[21:06:19] [456/456] PPGV
[21:06:20] 🧹 Deduping shows
[21:06:20] ✅ DONE | Shows=5454 | Movies=91
[23:32:48] 🚀 SCRIPT STARTED
[23:32:48] [1/456] FNDB
[23:32:48] 🧠 New identity created
[23:32:49] [2/456] AMBH
[23:32:49] [3/456] PRHN
[23:32:50] [4/456] ACPM
[23:32:51] [5/456] PVFS
[23:32:52] [6/456] AACN
[23:32:52] [7/456] ACAS
[23:32:53] [8/456] CTNR
[23:32:54] [9/456] MMAH
[23:32:55] [10/456] CPMH
[23:32:55] 🔄 Identity reset
[23:32:55] 🔄 Identity rotated (every 10 requests)
[23:32:56] [11/456] IGMH
[23:32:56] [12/456] ABCS
[23:32:57] [13/456] CMMA
[23:32:58] [14/456] GPRH
[23:32:59] [15/456] PNNG
[23:32:59] [16/456] AMCA
[23:33:00] [17/456] ISTN
[23:33:00] [18/456] PIIC
[23:33:01] [19/456] AHMH
[23:33:02] [20/456] ASHN
[23:33:02] 🔄 Identity reset
[23:33:02] 🔄 Identity rotated (every 10 requests)
[23:33:02] [21/456] INHY
[23:33:03] [22/456] SRMO
[23:33:04] [23/456] PIMH
[23:33:04] [24/456] PVTS
[23:33:05] [25/456] MMCA
[23:33:06] [26/456] AKYJ
[23:33:06] [27/456] BRKH
[23:33:07] [28/456] MAHM
[23:33:07] [29/456] CPHY
[23:33:08] [30/456] PVTP
[23:33:08] 🔄 Identity reset
[23:33:08] 🔄 Identity rotated (every 10 requests)
[23:33:09] [31/456] SMMR
[23:33:09] [32/456] PVHM
[23:33:10] [33/456] SNDY
[23:33:11] [34/456] GOKU
[23:33:12] [35/456] ACEV
[23:33:12] [36/456] PVUM
[23:33:13] [37/456] VSWA
[23:33:14] [38/456] IPRS
[23:33:14] [39/456] BKMV
[23:33:15] [40/456] PVYH
[23:33:15] 🔄 Identity reset
[23:33:15] 🔄 Identity rotated (every 10 requests)
[23:33:16] [41/456] INKM
[23:33:16] [42/456] ARJU
[23:33:17] [43/456] JJPP
[23:33:18] [44/456] SSRM
[23:33:18] [45/456] HMHD
[23:33:19] [46/456] SNKH
[23:33:20] [47/456] ACHI
[23:33:21] [48/456] MRAA
[23:33:21] [49/456] INMH
[23:33:22] [50/456] ARMH
[23:33:22] 🔄 Identity reset
[23:33:22] 🔄 Identity rotated (every 10 requests)
[23:33:23] [51/456] DVRR
[23:33:23] [52/456] SUDA
[23:33:24] [53/456] MCSS
[23:33:25] [54/456] VRKC
[23:33:26] [55/456] PRCX
[23:33:26] [56/456] ASJY
[23:33:27] [57/456] MTHY
[23:33:28] [58/456] SRCM
[23:33:28] [59/456] TVHY
[23:33:29] [60/456] STHD
[23:33:29] 🔄 Identity reset
[23:33:29] 🔄 Identity rotated (every 10 requests)
[23:33:30] [61/456] CPCL
[23:33:30] [62/456] PSMJ
[23:33:31] [63/456] MRGT
[23:33:32] [64/456] ARYH
[23:33:32] [65/456] VTRB
[23:33:33] [66/456] SCHC
[23:33:33] [67/456] MRRG
[23:33:34] [68/456] SPCB
[23:33:35] [69/456] AMCM
[23:33:35] [70/456] IVNM
[23:33:35] 🔄 Identity reset
[23:33:35] 🔄 Identity rotated (every 10 requests)
[23:33:36] [71/456] TRHY
[23:33:37] [72/456] PTTH
[23:33:38] [73/456] RKMH
[23:33:39] [74/456] PRCS
[23:33:40] [75/456] VAJA
[23:33:40] [76/456] BJNG
[23:33:41] [77/456] SCVM
[23:33:42] [78/456] GNHB
[23:33:42] [79/456] TLUR
[23:33:43] [80/456] UKCC
[23:33:43] 🔄 Identity reset
[23:33:43] 🔄 Identity rotated (every 10 requests)
[23:33:44] [81/456] SRKR
[23:33:44] [82/456] RMKN
[23:33:45] [83/456] SLRT
[23:33:46] [84/456] LKMT
[23:33:47] [85/456] SSRJ
[23:33:47] [86/456] SPHT
[23:33:48] [87/456] ANTT
[23:33:49] [88/456] SRCH
[23:33:49] [89/456] SRCA
[23:33:50] [90/456] ARTH
[23:33:50] 🔄 Identity reset
[23:33:50] 🔄 Identity rotated (every 10 requests)
[23:33:51] [91/456] MCBH
[23:33:52] [92/456] SNIB
[23:33:52] [93/456] SART
[23:33:53] [94/456] SKTA
[23:33:54] [95/456] YAKT
[23:33:55] [96/456] MLCK
[23:33:55] [97/456] ANTS
[23:33:56] [98/456] DGCA
[23:33:57] [99/456] SGMP
[23:33:58] [100/456] ASWN
[23:33:58] 🔄 Identity reset
[23:33:58] 🔄 Identity rotated (every 10 requests)
[23:33:58] [101/456] KFVU
[23:33:59] [102/456] POOR
[23:34:00] [103/456] GKDN
[23:34:01] [104/456] EOSE
[23:34:02] [105/456] GTTT
[23:34:02] [106/456] ARRO
[23:34:03] [107/456] CMMK
[23:34:04] [108/456] MSCN
[23:34:04] [109/456] GDKH
[23:34:05] [110/456] DLMT
[23:34:05] 🔄 Identity reset
[23:34:05] 🔄 Identity rotated (every 10 requests)
[23:34:06] [111/456] PVMF
[23:34:07] [112/456] CPCK
[23:34:07] [113/456] VMHE
[23:34:08] [114/456] PVLC
[23:34:09] [115/456] PCVB
[23:34:09] [116/456] SNYK
[23:34:10] [117/456] KTEK
[23:34:11] [118/456] PCNM
[23:34:11] [119/456] NTTR
[23:34:12] [120/456] CPSK
[23:34:12] 🔄 Identity reset
[23:34:12] 🔄 Identity rotated (every 10 requests)
[23:34:13] [121/456] JMMA
[23:34:13] [122/456] GCFK
[23:34:14] [123/456] MYCA
[23:34:15] [124/456] KSNP
[23:34:16] [125/456] PMCE
[23:34:16] [126/456] SCKI
[23:34:17] [127/456] FSMA
[23:34:18] [128/456] CETA
[23:34:18] [129/456] MCIK
[23:34:19] [130/456] MYCR
[23:34:19] 🔄 Identity reset
[23:34:19] 🔄 Identity rotated (every 10 requests)
[23:34:20] [131/456] EVMP
[23:34:21] [132/456] SSGT
[23:34:21] [133/456] KCTK
[23:34:22] [134/456] ZTKC
[23:34:23] [135/456] MMTA
[23:34:23] [136/456] MAJT
[23:34:24] [137/456] ACPK
[23:34:25] [138/456] JMAX
[23:34:26] [139/456] SETK
[23:34:26] [140/456] CAIS
[23:34:26] 🔄 Identity reset
[23:34:26] 🔄 Identity rotated (every 10 requests)
[23:34:27] [141/456] AGCD
[23:34:28] [142/456] URCL
[23:34:28] [143/456] VTDS
[23:34:29] [144/456] JCNM
[23:34:30] [145/456] KCAM
[23:34:30] [146/456] ADCU
[23:34:31] [147/456] GXYN
[23:34:32] [148/456] SMJG
[23:34:33] [149/456] EYCJ
[23:34:34] [150/456] CCEJ
[23:34:34] 🔄 Identity reset
[23:34:34] 🔄 Identity rotated (every 10 requests)
[23:34:34] [151/456] MARS
[23:34:35] [152/456] CPVJ
[23:34:36] [153/456] INVP
[23:34:36] [154/456] CPOV
[23:34:37] [155/456] VIJK
[23:34:38] [156/456] LAIM
[23:34:38] [157/456] STHV
[23:34:39] [158/456] SVLJ
[23:34:40] [159/456] ATVJ
[23:34:40] [160/456] JTSC
[23:34:40] 🔄 Identity reset
[23:34:40] 🔄 Identity rotated (every 10 requests)
[23:34:41] [161/456] RMTV
[23:34:42] [162/456] MGGG
[23:34:43] [163/456] SWTH
[23:34:43] [164/456] INVJ
[23:34:44] [165/456] PRSV
[23:34:44] [166/456] JATV
[23:34:45] [167/456] RCVD
[23:34:46] [168/456] BDMA
[23:34:47] [169/456] BLJI
[23:34:47] [170/456] SWOT
[23:34:47] 🔄 Identity reset
[23:34:47] 🔄 Identity rotated (every 10 requests)
[23:34:48] [171/456] SWRN
[23:34:49] [172/456] TVRA
[23:34:49] [173/456] NVRN
[23:34:50] [174/456] SIKC
[23:34:51] [175/456] VAKR
[23:34:51] [176/456] SYLN
[23:34:52] [177/456] KLJL
[23:34:52] [178/456] LKMY
[23:34:53] [179/456] VSLY
[23:34:54] [180/456] CIKO
[23:34:54] 🔄 Identity reset
[23:34:54] 🔄 Identity rotated (every 10 requests)
[23:34:55] [181/456] GPBG
[23:34:55] [182/456] CECM
[23:34:56] [183/456] SLKB
[23:34:57] [184/456] MTBO
[23:34:57] [185/456] SSHB
[23:34:58] [186/456] VPCS
[23:34:59] [187/456] RCSR
[23:34:59] [188/456] RJRM
[23:35:00] [189/456] KPPB
[23:35:01] [190/456] SEDC
[23:35:01] 🔄 Identity reset
[23:35:01] 🔄 Identity rotated (every 10 requests)
[23:35:01] [191/456] SCAI
[23:35:02] [192/456] RMTR
[23:35:03] [193/456] ASST
[23:35:03] [194/456] GCAK
[23:35:04] [195/456] ANNK
[23:35:04] [196/456] KDDF
[23:35:05] [197/456] NRDP
[23:35:06] [198/456] PLAK
[23:35:07] [199/456] GCMC
[23:35:07] [200/456] ALPY
[23:35:07] 🔄 Identity reset
[23:35:07] 🔄 Identity rotated (every 10 requests)
[23:35:08] [201/456] SICE
[23:35:09] [202/456] SISR
[23:35:10] [203/456] SRPZ
[23:35:10] [204/456] SRSW
[23:35:11] [205/456] SUYA
[23:35:12] [206/456] AMMT
[23:35:12] [207/456] BHCU
[23:35:13] [208/456] KLPA
[23:35:14] [209/456] NVKH
[23:35:14] [210/456] JMRC
[23:35:14] 🔄 Identity reset
[23:35:14] 🔄 Identity rotated (every 10 requests)
[23:35:15] [211/456] KTTT
[23:35:16] [212/456] MAGH
[23:35:17] [213/456] MMMX
[23:35:18] [214/456] SALJ
[23:35:18] [215/456] GTJA
[23:35:19] [216/456] MAHT
[23:35:20] [217/456] SSNN
[23:35:21] [218/456] ARRP
[23:35:21] [219/456] ATNS
[23:35:22] [220/456] SKDT
[23:35:22] 🔄 Identity reset
[23:35:22] 🔄 Identity rotated (every 10 requests)
[23:35:23] [221/456] ACAT
[23:35:24] [222/456] APRC
[23:35:24] [223/456] SWAG
[23:35:25] [224/456] SDPT
[23:35:26] [225/456] STPS
[23:35:27] [226/456] WWCZ
[23:35:27] [227/456] LLCH
[23:35:28] [228/456] MZHA
[23:35:29] [229/456] CRJG
[23:35:29] [230/456] JGTK
[23:35:29] 🔄 Identity reset
[23:35:29] 🔄 Identity rotated (every 10 requests)
[23:35:30] [231/456] KCSR
[23:35:31] [232/456] CHTL
[23:35:31] [233/456] EDSR
[23:35:32] [234/456] CSWO
[23:35:33] [235/456] CPVM
[23:35:34] [236/456] MXBY
[23:35:34] [237/456] FMMA
[23:35:35] [238/456] POVI
[23:35:36] [239/456] MTHB
[23:35:36] [240/456] INRC
[23:35:36] 🔄 Identity reset
[23:35:36] 🔄 Identity rotated (every 10 requests)
[23:35:37] [241/456] PIPP
[23:35:38] [242/456] BMXC
[23:35:38] [243/456] PCMM
[23:35:39] [244/456] PMKM
[23:35:40] [245/456] GATY
[23:35:41] [246/456] IMCM
[23:35:41] [247/456] POPE
[23:35:42] [248/456] MTCR
[23:35:43] [249/456] PVAE
[23:35:43] [250/456] PVMI
[23:35:43] 🔄 Identity reset
[23:35:43] 🔄 Identity rotated (every 10 requests)
[23:35:44] [251/456] CPNM
[23:35:45] [252/456] FMRL
[23:35:46] [253/456] MCIW
[23:35:46] [254/456] MXBO
[23:35:47] [255/456] FMKY
[23:35:48] [256/456] FMDA
[23:35:48] [257/456] THAB
[23:35:49] [258/456] PRCW
[23:35:50] [259/456] PITI
[23:35:51] [260/456] MCFF
[23:35:51] 🔄 Identity reset
[23:35:51] 🔄 Identity rotated (every 10 requests)
[23:35:51] [261/456] PDDV
[23:35:52] [262/456] MCRM
[23:35:53] [263/456] KKMB
[23:35:53] [264/456] INKO
[23:35:54] [265/456] PLXP
[23:35:55] [266/456] MMHA
[23:35:55] [267/456] FMVS
[23:35:56] [268/456] POLM
[23:35:57] [269/456] STER
[23:35:57] [270/456] PVWJ
[23:35:57] 🔄 Identity reset
[23:35:58] 🔄 Identity rotated (every 10 requests)
[23:35:58] [271/456] IMJW
[23:35:59] [272/456] FNAN
[23:36:00] [273/456] CAGL
[23:36:00] [274/456] IPBG
[23:36:01] [275/456] SMFV
[23:36:02] [276/456] MMMR
[23:36:02] [277/456] MMWM
[23:36:03] [278/456] FNCM
[23:36:04] [279/456] MDVA
[23:36:05] [280/456] MMET
[23:36:05] 🔄 Identity reset
[23:36:05] 🔄 Identity rotated (every 10 requests)
[23:36:06] [281/456] MIDO
[23:36:06] [282/456] INNP
[23:36:07] [283/456] MIFU
[23:36:08] [284/456] MMSZ
[23:36:09] [285/456] BMXA
[23:36:09] [286/456] MCAA
[23:36:10] [287/456] SCVP
[23:36:10] [288/456] PLUS
[23:36:11] [289/456] MUCK
[23:36:12] [290/456] MTMA
[23:36:12] 🔄 Identity reset
[23:36:12] 🔄 Identity rotated (every 10 requests)
[23:36:13] [291/456] HPVR
[23:36:13] [292/456] PMPK
[23:36:14] [293/456] MAJB
[23:36:15] [294/456] CTRR
[23:36:15] [295/456] MCTG
[23:36:16] [296/456] MACE
[23:36:17] [297/456] AAAS
[23:36:18] [298/456] CPVV
[23:36:18] [299/456] RCHG
[23:36:19] [300/456] MCNE
[23:36:19] 🔄 Identity reset
[23:36:19] 🔄 Identity rotated (every 10 requests)
[23:36:20] [301/456] EMNC
[23:36:21] [302/456] MCAN
[23:36:21] [303/456] TCDM
[23:36:22] [304/456] IRGT
[23:36:22] [305/456] GCMG
[23:36:23] [306/456] MXSN
[23:36:24] [307/456] MXCK
[23:36:25] [308/456] MCRC
[23:36:25] [309/456] RSMI
[23:36:26] [310/456] WAML
[23:36:26] 🔄 Identity reset
[23:36:26] 🔄 Identity rotated (every 10 requests)
[23:36:27] [311/456] MTSC
[23:36:27] [312/456] FMDR
[23:36:28] [313/456] LEPV
[23:36:29] [314/456] MTGD
[23:36:30] [315/456] IMOB
[23:36:30] [316/456] CLMM
[23:36:31] [317/456] PZCD
[23:36:32] [318/456] GOCS
[23:36:32] [319/456] KCMA
[23:36:33] [320/456] CCMP
[23:36:33] 🔄 Identity reset
[23:36:33] 🔄 Identity rotated (every 10 requests)
[23:36:34] [321/456] MTSU
[23:36:35] [322/456] SNGL
[23:36:35] [323/456] MMMC
[23:36:36] [324/456] MMAA
[23:36:37] [325/456] GCDM
[23:36:37] [326/456] KTMV
[23:36:38] [327/456] AETE
[23:36:39] [328/456] OMCS
[23:36:39] [329/456] GDCD
[23:36:40] [330/456] NYMD
[23:36:40] 🔄 Identity reset
[23:36:40] 🔄 Identity rotated (every 10 requests)
[23:36:41] [331/456] RNCV
[23:36:42] [332/456] KKMT
[23:36:42] [333/456] GDTH
[23:36:43] [334/456] KMMV
[23:36:44] [335/456] NHCG
[23:36:45] [336/456] PJDW
[23:36:45] [337/456] MMCV
[23:36:46] [338/456] FQSA
[23:36:47] [339/456] KURL
[23:36:48] [340/456] NNNX
[23:36:48] 🔄 Identity reset
[23:36:48] 🔄 Identity rotated (every 10 requests)
[23:36:48] [341/456] AMAU
[23:36:49] [342/456] VVVM
[23:36:49] [343/456] VECU
[23:36:50] [344/456] WCVR
[23:36:51] [345/456] MTGG
[23:36:51] [346/456] SGTG
[23:36:52] [347/456] MNTG
[23:36:53] [348/456] JDDG
[23:36:54] [349/456] MBTK
[23:36:54] [350/456] SGCD
[23:36:54] 🔄 Identity reset
[23:36:54] 🔄 Identity rotated (every 10 requests)
[23:36:55] [351/456] MCTC
[23:36:56] [352/456] JTPC
[23:36:56] [353/456] SDKT
[23:36:57] [354/456] KRCC
[23:36:58] [355/456] RMMD
[23:36:59] [356/456] AAME
[23:36:59] [357/456] TMWC
[23:37:00] [358/456] NRWY
[23:37:01] [359/456] CITD
[23:37:02] [360/456] VERD
[23:37:02] 🔄 Identity reset
[23:37:02] 🔄 Identity rotated (every 10 requests)
[23:37:02] [361/456] MKSK
[23:37:03] [362/456] STSM
[23:37:04] [363/456] MJDG
[23:37:05] [364/456] RKPM
[23:37:05] [365/456] SSCE
[23:37:06] [366/456] VMAE
[23:37:07] [367/456] SBRU
[23:37:07] [368/456] AMBC
[23:37:08] [369/456] AMLU
[23:37:09] [370/456] INVZ
[23:37:09] 🔄 Identity reset
[23:37:09] 🔄 Identity rotated (every 10 requests)
[23:37:10] [371/456] LGTV
[23:37:10] [372/456] SVAD
[23:37:11] [373/456] SMSA
[23:37:12] [374/456] SPCZ
[23:37:13] [375/456] GTCX
[23:37:13] [376/456] SCSL
[23:37:14] [377/456] SAHU
[23:37:15] [378/456] NCDA
[23:37:15] [379/456] SCCG
[23:37:16] [380/456] VKTL
[23:37:16] 🔄 Identity reset
[23:37:16] 🔄 Identity rotated (every 10 requests)
[23:37:17] [381/456] PUUJ
[23:37:18] [382/456] STEJ
[23:37:19] [383/456] RJAL
[23:37:19] [384/456] ACJC
[23:37:20] [385/456] ARVB
[23:37:21] [386/456] AUBB
[23:37:22] [387/456] GDBR
[23:37:22] [388/456] PVND
[23:37:23] [389/456] BGRJ
[23:37:24] [390/456] RJMM
[23:37:24] 🔄 Identity reset
[23:37:24] 🔄 Identity rotated (every 10 requests)
[23:37:25] [391/456] MCSA
[23:37:26] [392/456] BODA
[23:37:26] [393/456] JAGG
[23:37:27] [394/456] SCGA
[23:37:27] [395/456] LRCM
[23:37:28] [396/456] CPCN
[23:37:29] [397/456] SSTF
[23:37:29] [398/456] SRXP
[23:37:30] [399/456] CNFX
[23:37:31] [400/456] ANDI
[23:37:31] 🔄 Identity reset
[23:37:31] 🔄 Identity rotated (every 10 requests)
[23:37:32] [401/456] SYEW
[23:37:32] [402/456] RCRE
[23:37:33] [403/456] SCRW
[23:37:34] [404/456] MBKR
[23:37:34] [405/456] ASNT
[23:37:35] [406/456] JTMT
[23:37:36] [407/456] SHAY
[23:37:37] [408/456] VRTH
[23:37:37] [409/456] SPTI
[23:37:38] [410/456] DPTD
[23:37:38] 🔄 Identity reset
[23:37:38] 🔄 Identity rotated (every 10 requests)
[23:37:39] [411/456] TGSN
[23:37:40] [412/456] RCWV
[23:37:40] [413/456] OCUR
[23:37:41] [414/456] KSTC
[23:37:42] [415/456] SANI
[23:37:42] [416/456] MLCA
[23:37:43] [417/456] EGCA
[23:37:44] [418/456] SYSN
[23:37:44] [419/456] PKTA
[23:37:45] [420/456] PRCC
[23:37:45] 🔄 Identity reset
[23:37:45] 🔄 Identity rotated (every 10 requests)
[23:37:46] [421/456] KSTR
[23:37:47] [422/456] SNTP
[23:37:47] [423/456] RCHA
[23:37:48] [424/456] SEEA
[23:37:49] [425/456] ALAT
[23:37:49] [426/456] AATV
[23:37:50] [427/456] RJTE
[23:37:51] [428/456] AAPP
[23:37:52] [429/456] PMMH
[23:37:52] [430/456] INRJ
[23:37:52] 🔄 Identity reset
[23:37:52] 🔄 Identity rotated (every 10 requests)
[23:37:53] [431/456] SARB
[23:37:54] [432/456] PCJL
[23:37:55] [433/456] PFJJ
[23:37:55] [434/456] GRDC
[23:37:56] [435/456] BCBA
[23:37:57] [436/456] VIXL
[23:37:57] [437/456] CSTL
[23:37:58] [438/456] MTDK
[23:37:58] [439/456] TDAC
[23:37:59] [440/456] GTDN
[23:37:59] 🔄 Identity reset
[23:37:59] 🔄 Identity rotated (every 10 requests)
[23:38:00] [441/456] TTDE
[23:38:00] [442/456] ASTS
[23:38:01] [443/456] CPNS
[23:38:02] [444/456] PVVW
[23:38:03] [445/456] USEB
[23:38:03] [446/456] DTYN
[23:38:04] [447/456] PVLE
[23:38:05] [448/456] CIPS
[23:38:05] [449/456] PAEG
[23:38:06] [450/456] PTCW
[23:38:06] 🔄 Identity reset
[23:38:06] 🔄 Identity rotated (every 10 requests)
[23:38:07] [451/456] G3SR
[23:38:08] [452/456] PGND
[23:38:09] [453/456] INVM
[23:38:09] [454/456] SPIA
[23:38:10] [455/456] PCSN
[23:38:11] [456/456] PPGV
[23:38:12] 🧹 Deduping shows
[23:38:12] ✅ DONE | Shows=5466 | Movies=91
