[00:16:43] 🚀 BMS DAILY TRACKER STARTED (enhanced anti‑detection)
[00:16:43] [1/326] VCHA
[00:16:44] 🧠 New identity created
[00:16:45] [2/326] SCKO
[00:16:47] [3/326] VKTK
[00:16:48] [4/326] DXEC
[00:16:49] [5/326] CDCA
[00:16:49] [6/326] VBCZ
[00:16:50] [7/326] MSDR
[00:16:51] [8/326] ACPV
[00:16:52] [9/326] PVHB
[00:16:54] [10/326] RCNH
[00:16:55] 🔄 Identity reset
[00:16:55] 🔄 Identity rotated (every 10 requests)
[00:16:55] [11/326] IOMH
[00:16:56] [12/326] ILKS
[00:16:57] [13/326] AMSN
[00:16:58] [14/326] ANTP
[00:16:59] [15/326] SSEK
[00:17:00] [16/326] PICP
[00:17:01] [17/326] SICO
[00:17:02] [18/326] SISP
[00:17:03] [19/326] SCPI
[00:17:04] [20/326] CRPR
[00:17:05] 🔄 Identity reset
[00:17:05] 🔄 Identity rotated (every 10 requests)
[00:17:05] [21/326] DCTW
[00:17:06] [22/326] DCSP
[00:17:07] [23/326] KRPM
[00:17:08] [24/326] THKK
[00:17:08] [25/326] SNMY
[00:17:10] [26/326] AKCC
[00:17:11] [27/326] PCAT
[00:17:12] [28/326] RFGO
[00:17:13] [29/326] GGCS
[00:17:14] [30/326] ACKR
[00:17:15] 🔄 Identity reset
[00:17:15] 🔄 Identity rotated (every 10 requests)
[00:17:15] [31/326] STDO
[00:17:16] [32/326] ACKB
[00:17:17] [33/326] ALUC
[00:17:18] [34/326] MNSR
[00:17:19] [35/326] CSSL
[00:17:20] [36/326] BGGM
[00:17:21] [37/326] MANT
[00:17:22] [38/326] SOOY
[00:17:23] [39/326] VPPK
[00:17:24] [40/326] MYHJ
[00:17:25] 🔄 Identity reset
[00:17:25] 🔄 Identity rotated (every 10 requests)
[00:17:25] [41/326] KSCK
[00:17:26] [42/326] KATK
[00:17:27] [43/326] RTRT
[00:17:28] [44/326] SSTT
[00:17:29] [45/326] SSTV
[00:17:30] [46/326] LACM
[00:17:31] [47/326] SGMG
[00:17:32] [48/326] KACX
[00:17:32] [49/326] GVCP
[00:17:33] [50/326] CSNC
[00:17:34] 🔄 Identity reset
[00:17:34] 🔄 Identity rotated (every 10 requests)
[00:17:34] [51/326] SXCB
[00:17:35] [52/326] BAHS
[00:17:36] [53/326] PCBI
[00:17:37] [54/326] PSSM
[00:17:39] [55/326] RCOK
[00:17:40] [56/326] SCPF
[00:17:41] [57/326] SSAS
[00:17:42] [58/326] EVMM
[00:17:43] [59/326] SYCB
[00:17:44] [60/326] GCKI
[00:17:44] 🔄 Identity reset
[00:17:44] 🔄 Identity rotated (every 10 requests)
[00:17:45] [61/326] IAET
[00:17:46] [62/326] DDTD
[00:17:47] [63/326] GMDH
[00:17:48] [64/326] STLE
[00:17:49] [65/326] JTRA
[00:17:50] [66/326] RPPA
[00:17:51] [67/326] ARUT
[00:17:52] [68/326] JTVM
[00:17:53] [69/326] SWRH
[00:17:54] [70/326] DCPC
[00:17:55] 🔄 Identity reset
[00:17:55] 🔄 Identity rotated (every 10 requests)
[00:17:56] [71/326] RAPR
[00:17:57] [72/326] GCRT
[00:17:58] [73/326] ATUN
[00:17:59] [74/326] LTRM
[00:17:59] [75/326] TASR
[00:18:00] [76/326] RLLC
[00:18:01] [77/326] MABI
[00:18:03] [78/326] SVHB
[00:18:04] [79/326] NVTB
[00:18:05] [80/326] KCKG
[00:18:05] 🔄 Identity reset
[00:18:05] 🔄 Identity rotated (every 10 requests)
[00:18:06] [81/326] SSRN
[00:18:07] [82/326] VDDC
[00:18:08] [83/326] GKTK
[00:18:09] [84/326] YFSN
[00:18:10] [85/326] GCSG
[00:18:11] [86/326] ESSM
[00:18:12] [87/326] KRIH
[00:18:13] [88/326] GCDS
[00:18:14] [89/326] CCSH
[00:18:15] [90/326] ACSK
[00:18:16] 🔄 Identity reset
[00:18:16] 🔄 Identity rotated (every 10 requests)
[00:18:16] 🔄 Retry 1/5 for ACSK in 2.8s
[00:18:16] 🔄 Identity reset
[00:18:18] 🧠 New identity created
[00:18:19] [91/326] APRK
[00:18:20] [92/326] ADKM
[00:18:21] [93/326] SRDM
[00:18:22] [94/326] SJMY
[00:18:23] [95/326] PGGC
[00:18:24] [96/326] INGM
[00:18:25] [97/326] LSCB
[00:18:26] [98/326] STAD
[00:18:27] [99/326] MCCR
[00:18:27] 🔄 Identity reset
[00:18:27] 🔄 Identity rotated (every 10 requests)
[00:18:29] [100/326] ABCC
[00:18:30] [101/326] RKCC
[00:18:30] [102/326] RTCR
[00:18:31] [103/326] GGBC
[00:18:32] [104/326] GCSD
[00:18:33] [105/326] LPTY
[00:18:34] [106/326] MCFD
[00:18:35] [107/326] HENN
[00:18:36] [108/326] SMKU
[00:18:37] [109/326] TNZC
[00:18:37] 🔄 Identity reset
[00:18:37] 🔄 Identity rotated (every 10 requests)
[00:18:38] [110/326] DRCD
[00:18:39] [111/326] DLCD
[00:18:39] [112/326] RCDA
[00:18:40] [113/326] COSM
[00:18:41] [114/326] MCMJ
[00:18:42] [115/326] CSTR
[00:18:43] [116/326] CVDK
[00:18:44] [117/326] INRR
[00:18:45] [118/326] RJRT
[00:18:46] [119/326] IRMR
[00:18:47] 🔄 Identity reset
[00:18:47] 🔄 Identity rotated (every 10 requests)
[00:18:47] [120/326] SRCF
[00:18:49] [121/326] GRCR
[00:18:51] [122/326] SURC
[00:18:52] [123/326] NMNH
[00:18:53] [124/326] SVBL
[00:18:54] [125/326] KACI
[00:18:55] [126/326] TDGO
[00:18:56] [127/326] KTBR
[00:18:57] [128/326] PMAD
[00:18:58] [129/326] CCPN
[00:18:58] 🔄 Identity reset
[00:18:58] 🔄 Identity rotated (every 10 requests)
[00:18:59] [130/326] SBTK
[00:19:00] [131/326] LMDK
[00:19:01] [132/326] PGDA
[00:19:01] [133/326] SRML
[00:19:02] [134/326] EVCK
[00:19:03] [135/326] RTTK
[00:19:04] [136/326] SRTU
[00:19:06] [137/326] VRSA
[00:19:08] [138/326] VARS
[00:19:09] [139/326] DSCZ
[00:19:09] 🔄 Identity reset
[00:19:09] 🔄 Identity rotated (every 10 requests)
[00:19:11] [140/326] GAGA
[00:19:11] [141/326] SARV
[00:19:13] [142/326] SEEG
[00:19:14] [143/326] GLCA
[00:19:15] [144/326] APAS
[00:19:16] [145/326] VCIA
[00:19:17] [146/326] SJTA
[00:19:18] [147/326] SABM
[00:19:19] [148/326] PPAG
[00:19:20] [149/326] RVCA
[00:19:21] 🔄 Identity reset
[00:19:21] 🔄 Identity rotated (every 10 requests)
[00:19:21] 🔄 Retry 1/5 for RVCA in 2.5s
[00:19:21] 🔄 Identity reset
[00:19:23] 🧠 New identity created
[00:19:24] [150/326] CCIA
[00:19:25] [151/326] HTAG
[00:19:25] [152/326] SMBI
[00:19:26] [153/326] MCJR
[00:19:27] [154/326] CCJR
[00:19:28] [155/326] SINF
[00:19:29] [156/326] CPLX
[00:19:30] [157/326] KKTJ
[00:19:31] [158/326] GDBW
[00:19:32] 🔄 Identity reset
[00:19:32] 🔄 Identity rotated (every 10 requests)
[00:19:32] [159/326] CSUB
[00:19:33] [160/326] DABA
[00:19:35] [161/326] TITR
[00:19:36] [162/326] NYCR
[00:19:38] [163/326] RTRY
[00:19:39] [164/326] JTJL
[00:19:39] [165/326] SJCP
[00:19:40] [166/326] KCCA
[00:19:41] [167/326] MLPG
[00:19:42] [168/326] VRCK
[00:19:43] 🔄 Identity reset
[00:19:43] 🔄 Identity rotated (every 10 requests)
[00:19:43] [169/326] SRIN
[00:19:44] [170/326] CXMK
[00:19:46] [171/326] SKAD
[00:19:47] [172/326] AVTR
[00:19:47] [173/326] PTAJ
[00:19:49] [174/326] SCNK
[00:19:50] [175/326] STTI
[00:19:52] [176/326] KACR
[00:19:53] [177/326] SSDX
[00:19:54] [178/326] VRTJ
[00:19:54] 🔄 Identity reset
[00:19:54] 🔄 Identity rotated (every 10 requests)
[00:19:54] 🔄 Retry 1/5 for VRTJ in 2.7s
[00:19:54] 🔄 Identity reset
[00:19:57] 🧠 New identity created
[00:19:58] [179/326] RAJD
[00:19:59] [180/326] SCIP
[00:20:00] [181/326] RJSL
[00:20:01] [182/326] ARRS
[00:20:01] [183/326] ASMS
[00:20:02] [184/326] RDTS
[00:20:03] [185/326] DVMY
[00:20:04] [186/326] RASA
[00:20:06] [187/326] INOM
[00:20:07] 🔄 Identity reset
[00:20:07] 🔄 Identity rotated (every 10 requests)
[00:20:07] [188/326] SPRS
[00:20:08] [189/326] SGCS
[00:20:09] [190/326] SALM
[00:20:10] [191/326] PKHC
[00:20:11] [192/326] RCSV
[00:20:13] [193/326] CPKC
[00:20:14] [194/326] AACD
[00:20:15] [195/326] GGCV
[00:20:16] [196/326] SMKD
[00:20:17] [197/326] NBCH
[00:20:18] 🔄 Identity reset
[00:20:18] 🔄 Identity rotated (every 10 requests)
[00:20:19] [198/326] AMCB
[00:20:20] [199/326] OPCN
[00:20:22] [200/326] DCIN
[00:20:23] [201/326] INGW
[00:20:24] [202/326] PKKW
[00:20:25] [203/326] FNGW
[00:20:25] [204/326] GCGD
[00:20:26] [205/326] MSTW
[00:20:27] [206/326] KCCG
[00:20:29] [207/326] MRSS
[00:20:29] 🔄 Identity reset
[00:20:29] 🔄 Identity rotated (every 10 requests)
[00:20:30] [208/326] CLCF
[00:20:30] [209/326] EETS
[00:20:32] [210/326] AATR
[00:20:33] [211/326] CMMN
[00:20:34] [212/326] SCCJ
[00:20:35] [213/326] CDTK
[00:20:36] [214/326] AICP
[00:20:37] [215/326] FNBP
[00:20:37] [216/326] CBPB
[00:20:38] [217/326] CPAS
[00:20:39] 🔄 Identity reset
[00:20:39] 🔄 Identity rotated (every 10 requests)
[00:20:39] [218/326] MAPM
[00:20:40] [219/326] PASD
[00:20:41] [220/326] JCMN
[00:20:42] [221/326] MALB
[00:20:43] [222/326] SACG
[00:20:44] [223/326] DDRX
[00:20:45] [224/326] DDXB
[00:20:46] [225/326] RAMC
[00:20:47] [226/326] SANC
[00:20:48] [227/326] BCBP
[00:20:48] 🔄 Identity reset
[00:20:48] 🔄 Identity rotated (every 10 requests)
[00:20:49] [228/326] ALPC
[00:20:50] [229/326] RBAC
[00:20:51] [230/326] RAJL
[00:20:52] [231/326] MPDX
[00:20:53] [232/326] MUSC
[00:20:55] [233/326] VKMK
[00:20:56] [234/326] SKCG
[00:20:57] [235/326] ANCN
[00:20:59] [236/326] MMCJ
[00:21:00] [237/326] DCAK
[00:21:00] 🔄 Identity reset
[00:21:00] 🔄 Identity rotated (every 10 requests)
[00:21:01] [238/326] SCKG
[00:21:02] [239/326] LMCK
[00:21:03] [240/326] CKKX
[00:21:04] [241/326] ANKU
[00:21:06] [242/326] CSMD
[00:21:07] [243/326] MKMP
[00:21:08] [244/326] SVBG
[00:21:09] [245/326] ROOP
[00:21:10] [246/326] GDMT
[00:21:11] [247/326] FPPF
[00:21:12] 🔄 Identity reset
[00:21:12] 🔄 Identity rotated (every 10 requests)
[00:21:12] [248/326] SFUU
[00:21:13] [249/326] ANCB
[00:21:14] [250/326] SMMC
[00:21:15] [251/326] UGKT
[00:21:16] [252/326] JVRM
[00:21:17] [253/326] BATG
[00:21:18] [254/326] RATE
[00:21:19] [255/326] SKME
[00:21:20] [256/326] LMTP
[00:21:21] [257/326] TCBD
[00:21:21] 🔄 Identity reset
[00:21:21] 🔄 Identity rotated (every 10 requests)
[00:21:22] [258/326] ESBD
[00:21:23] [259/326] GDCU
[00:21:24] [260/326] SNKT
[00:21:26] [261/326] SRNK
[00:21:27] [262/326] SMED
[00:21:28] [263/326] CSQS
[00:21:29] [264/326] ALCS
[00:21:30] [265/326] KCKN
[00:21:31] [266/326] VCCL
[00:21:32] [267/326] MCDA
[00:21:33] 🔄 Identity reset
[00:21:33] 🔄 Identity rotated (every 10 requests)
[00:21:33] [268/326] SHMI
[00:21:34] [269/326] SKHA
[00:21:35] [270/326] SVFK
[00:21:36] [271/326] INVB
[00:21:38] [272/326] MELD
[00:21:39] [273/326] JTYS
[00:21:39] [274/326] INCM
[00:21:40] [275/326] MCDV
[00:21:41] [276/326] KSGK
[00:21:42] [277/326] ICMG
[00:21:43] 🔄 Identity reset
[00:21:43] 🔄 Identity rotated (every 10 requests)
[00:21:44] [278/326] CSCV
[00:21:45] [279/326] STMD
[00:21:46] [280/326] STTR
[00:21:47] [281/326] INVC
[00:21:48] [282/326] JTBL
[00:21:48] [283/326] SRVV
[00:21:49] [284/326] MAVC
[00:21:50] [285/326] SRPP
[00:21:51] [286/326] JGDM
[00:21:52] [287/326] MBSJ
[00:21:53] 🔄 Identity reset
[00:21:53] 🔄 Identity rotated (every 10 requests)
[00:21:54] [288/326] SSLL
[00:21:55] [289/326] SLKP
[00:21:57] [290/326] NSRV
[00:21:58] [291/326] UTDV
[00:21:59] [292/326] KICM
[00:22:00] [293/326] KCMD
[00:22:01] [294/326] TTPP
[00:22:01] [295/326] KMPV
[00:22:02] [296/326] SKTV
[00:22:04] [297/326] STCV
[00:22:05] 🔄 Identity reset
[00:22:05] 🔄 Identity rotated (every 10 requests)
[00:22:05] [298/326] SRDA
[00:22:06] [299/326] JTSX
[00:22:07] [300/326] STBV
[00:22:08] [301/326] APVZ
[00:22:09] [302/326] GSTV
[00:22:10] [303/326] NMVS
[00:22:11] [304/326] SKRT
[00:22:12] [305/326] RMDV
[00:22:13] [306/326] RATG
[00:22:14] [307/326] SJYV
[00:22:15] 🔄 Identity reset
[00:22:15] 🔄 Identity rotated (every 10 requests)
[00:22:15] [308/326] NDGP
[00:22:16] [309/326] SNDG
[00:22:17] [310/326] INSR
[00:22:18] [311/326] INSO
[00:22:19] [312/326] CCSI
[00:22:20] [313/326] RASM
[00:22:21] [314/326] NEWC
[00:22:22] [315/326] VSHL
[00:22:23] [316/326] BISW
[00:22:24] [317/326] GCNG
[00:22:25] 🔄 Identity reset
[00:22:25] 🔄 Identity rotated (every 10 requests)
[00:22:25] [318/326] CWSC
[00:22:26] [319/326] SKAN
[00:22:27] [320/326] CCOA
[00:22:28] [321/326] MCAJ
[00:22:29] [322/326] ACDE
[00:22:31] [323/326] AACM
[00:22:32] [324/326] JJCK
[00:22:33] [325/326] RCMO
[00:22:34] [326/326] GDAW
[00:22:35] ✅ DONE | Shows=0 | Movies=0
[01:16:44] 🚀 BMS DAILY TRACKER STARTED (enhanced anti‑detection)
[01:16:44] [1/326] VCHA
[01:16:45] 🧠 New identity created
[01:16:45] [2/326] SCKO
[01:16:46] [3/326] VKTK
[01:16:47] [4/326] DXEC
[01:16:48] [5/326] CDCA
[01:16:49] [6/326] VBCZ
[01:16:50] [7/326] MSDR
[01:16:51] [8/326] ACPV
[01:16:52] [9/326] PVHB
[01:16:53] [10/326] RCNH
[01:16:54] 🔄 Identity reset
[01:16:54] 🔄 Identity rotated (every 10 requests)
[01:16:54] [11/326] IOMH
[01:16:55] [12/326] ILKS
[01:16:56] [13/326] AMSN
[01:16:57] [14/326] ANTP
[01:16:58] [15/326] SSEK
[01:16:59] [16/326] PICP
[01:17:00] [17/326] SICO
[01:17:01] [18/326] SISP
[01:17:03] [19/326] SCPI
[01:17:04] [20/326] CRPR
[01:17:04] 🔄 Identity reset
[01:17:05] 🔄 Identity rotated (every 10 requests)
[01:17:05] [21/326] DCTW
[01:17:06] [22/326] DCSP
[01:17:07] [23/326] KRPM
[01:17:08] [24/326] THKK
[01:17:09] [25/326] SNMY
[01:17:09] [26/326] AKCC
[01:17:10] [27/326] PCAT
[01:17:11] [28/326] RFGO
[01:17:12] [29/326] GGCS
[01:17:13] [30/326] ACKR
[01:17:14] 🔄 Identity reset
[01:17:14] 🔄 Identity rotated (every 10 requests)
[01:17:14] [31/326] STDO
[01:17:15] [32/326] ACKB
[01:17:16] [33/326] ALUC
[01:17:17] [34/326] MNSR
[01:17:19] [35/326] CSSL
[01:17:20] [36/326] BGGM
[01:17:21] [37/326] MANT
[01:17:21] [38/326] SOOY
[01:17:22] [39/326] VPPK
[01:17:23] [40/326] MYHJ
[01:17:24] 🔄 Identity reset
[01:17:24] 🔄 Identity rotated (every 10 requests)
[01:17:24] [41/326] KSCK
[01:17:25] [42/326] KATK
[01:17:26] [43/326] RTRT
[01:17:27] [44/326] SSTT
[01:17:28] [45/326] SSTV
[01:17:29] [46/326] LACM
[01:17:30] [47/326] SGMG
[01:17:31] [48/326] KACX
[01:17:32] [49/326] GVCP
[01:17:33] [50/326] CSNC
[01:17:34] 🔄 Identity reset
[01:17:34] 🔄 Identity rotated (every 10 requests)
[01:17:34] [51/326] SXCB
[01:17:35] [52/326] BAHS
[01:17:36] [53/326] PCBI
[01:17:38] [54/326] PSSM
[01:17:38] [55/326] RCOK
[01:17:39] [56/326] SCPF
[01:17:40] [57/326] SSAS
[01:17:41] [58/326] EVMM
[01:17:42] [59/326] SYCB
[01:17:43] [60/326] GCKI
[01:17:44] 🔄 Identity reset
[01:17:44] 🔄 Identity rotated (every 10 requests)
[01:17:44] [61/326] IAET
[01:17:45] [62/326] DDTD
[01:17:46] [63/326] GMDH
[01:17:47] [64/326] STLE
[01:17:47] [65/326] JTRA
[01:17:49] [66/326] RPPA
[01:17:50] [67/326] ARUT
[01:17:51] [68/326] JTVM
[01:17:52] [69/326] SWRH
[01:17:53] [70/326] DCPC
[01:17:53] 🔄 Identity reset
[01:17:53] 🔄 Identity rotated (every 10 requests)
[01:17:54] [71/326] RAPR
[01:17:54] [72/326] GCRT
[01:17:55] [73/326] ATUN
[01:17:56] [74/326] LTRM
[01:17:57] [75/326] TASR
[01:17:58] [76/326] RLLC
[01:17:59] [77/326] MABI
[01:18:00] [78/326] SVHB
[01:18:01] [79/326] NVTB
[01:18:02] [80/326] KCKG
[01:18:02] 🔄 Identity reset
[01:18:02] 🔄 Identity rotated (every 10 requests)
[01:18:03] [81/326] SSRN
[01:18:05] [82/326] VDDC
[01:18:05] [83/326] GKTK
[01:18:07] [84/326] YFSN
[01:18:08] [85/326] GCSG
[01:18:10] [86/326] ESSM
[01:18:10] [87/326] KRIH
[01:18:11] [88/326] GCDS
[01:18:12] [89/326] CCSH
[01:18:13] [90/326] ACSK
[01:18:14] 🔄 Identity reset
[01:18:14] 🔄 Identity rotated (every 10 requests)
[01:18:14] [91/326] APRK
[01:18:15] [92/326] ADKM
[01:18:16] [93/326] SRDM
[01:18:17] [94/326] SJMY
[01:18:18] [95/326] PGGC
[01:18:19] [96/326] INGM
[01:18:20] [97/326] LSCB
[01:18:21] [98/326] STAD
[01:18:22] [99/326] MCCR
[01:18:23] [100/326] ABCC
[01:18:24] 🔄 Identity reset
[01:18:24] 🔄 Identity rotated (every 10 requests)
[01:18:24] [101/326] RKCC
[01:18:25] [102/326] RTCR
[01:18:27] [103/326] GGBC
[01:18:28] [104/326] GCSD
[01:18:28] [105/326] LPTY
[01:18:29] [106/326] MCFD
[01:18:30] [107/326] HENN
[01:18:31] [108/326] SMKU
[01:18:33] [109/326] TNZC
[01:18:34] [110/326] DRCD
[01:18:34] 🔄 Identity reset
[01:18:34] 🔄 Identity rotated (every 10 requests)
[01:18:35] [111/326] DLCD
[01:18:36] [112/326] RCDA
[01:18:37] [113/326] COSM
[01:18:38] [114/326] MCMJ
[01:18:39] [115/326] CSTR
[01:18:39] [116/326] CVDK
[01:18:40] [117/326] INRR
[01:18:41] [118/326] RJRT
[01:18:42] [119/326] IRMR
[01:18:43] [120/326] SRCF
[01:18:44] 🔄 Identity reset
[01:18:44] 🔄 Identity rotated (every 10 requests)
[01:18:44] [121/326] GRCR
[01:18:45] [122/326] SURC
[01:18:46] [123/326] NMNH
[01:18:47] [124/326] SVBL
[01:18:49] [125/326] KACI
[01:18:50] [126/326] TDGO
[01:18:51] [127/326] KTBR
[01:18:52] [128/326] PMAD
[01:18:53] [129/326] CCPN
[01:18:54] [130/326] SBTK
[01:18:54] 🔄 Identity reset
[01:18:54] 🔄 Identity rotated (every 10 requests)
[01:18:55] [131/326] LMDK
[01:18:56] [132/326] PGDA
[01:18:56] [133/326] SRML
[01:18:57] [134/326] EVCK
[01:18:58] [135/326] RTTK
[01:18:59] [136/326] SRTU
[01:19:00] [137/326] VRSA
[01:19:01] [138/326] VARS
[01:19:02] [139/326] DSCZ
[01:19:03] [140/326] GAGA
[01:19:04] 🔄 Identity reset
[01:19:04] 🔄 Identity rotated (every 10 requests)
[01:19:04] [141/326] SARV
[01:19:05] [142/326] SEEG
[01:19:06] [143/326] GLCA
[01:19:07] [144/326] APAS
[01:19:08] [145/326] VCIA
[01:19:10] [146/326] SJTA
[01:19:11] [147/326] SABM
[01:19:12] [148/326] PPAG
[01:19:12] [149/326] RVCA
[01:19:13] [150/326] CCIA
[01:19:14] 🔄 Identity reset
[01:19:14] 🔄 Identity rotated (every 10 requests)
[01:19:14] [151/326] HTAG
[01:19:16] [152/326] SMBI
[01:19:17] [153/326] MCJR
[01:19:19] [154/326] CCJR
[01:19:19] [155/326] SINF
[01:19:21] [156/326] CPLX
[01:19:22] [157/326] KKTJ
[01:19:24] [158/326] GDBW
[01:19:24] [159/326] CSUB
[01:19:25] [160/326] DABA
[01:19:26] 🔄 Identity reset
[01:19:26] 🔄 Identity rotated (every 10 requests)
[01:19:27] [161/326] TITR
[01:19:28] [162/326] NYCR
[01:19:29] [163/326] RTRY
[01:19:30] [164/326] JTJL
[01:19:31] [165/326] SJCP
[01:19:32] [166/326] KCCA
[01:19:33] [167/326] MLPG
[01:19:34] [168/326] VRCK
[01:19:35] [169/326] SRIN
[01:19:37] [170/326] CXMK
[01:19:38] 🔄 Identity reset
[01:19:38] 🔄 Identity rotated (every 10 requests)
[01:19:38] [171/326] SKAD
[01:19:40] [172/326] AVTR
[01:19:41] [173/326] PTAJ
[01:19:42] [174/326] SCNK
[01:19:43] [175/326] STTI
[01:19:44] [176/326] KACR
[01:19:44] [177/326] SSDX
[01:19:45] [178/326] VRTJ
[01:19:46] [179/326] RAJD
[01:19:47] [180/326] SCIP
[01:19:48] 🔄 Identity reset
[01:19:48] 🔄 Identity rotated (every 10 requests)
[01:19:48] [181/326] RJSL
[01:19:49] [182/326] ARRS
[01:19:50] [183/326] ASMS
[01:19:52] [184/326] RDTS
[01:19:53] [185/326] DVMY
[01:19:54] [186/326] RASA
[01:19:55] [187/326] INOM
[01:19:56] [188/326] SPRS
[01:19:57] [189/326] SGCS
[01:19:58] [190/326] SALM
[01:19:59] 🔄 Identity reset
[01:19:59] 🔄 Identity rotated (every 10 requests)
[01:20:00] [191/326] PKHC
[01:20:01] [192/326] RCSV
[01:20:02] [193/326] CPKC
[01:20:03] [194/326] AACD
[01:20:04] [195/326] GGCV
[01:20:05] [196/326] SMKD
[01:20:06] [197/326] NBCH
[01:20:07] [198/326] AMCB
[01:20:08] [199/326] OPCN
[01:20:09] [200/326] DCIN
[01:20:10] 🔄 Identity reset
[01:20:10] 🔄 Identity rotated (every 10 requests)
[01:20:10] [201/326] INGW
[01:20:11] [202/326] PKKW
[01:20:12] [203/326] FNGW
[01:20:13] [204/326] GCGD
[01:20:14] [205/326] MSTW
[01:20:15] [206/326] KCCG
[01:20:16] [207/326] MRSS
[01:20:17] [208/326] CLCF
[01:20:18] [209/326] EETS
[01:20:19] [210/326] AATR
[01:20:19] 🔄 Identity reset
[01:20:19] 🔄 Identity rotated (every 10 requests)
[01:20:20] [211/326] CMMN
[01:20:21] [212/326] SCCJ
[01:20:22] [213/326] CDTK
[01:20:23] [214/326] AICP
[01:20:24] [215/326] FNBP
[01:20:25] [216/326] CBPB
[01:20:26] [217/326] CPAS
[01:20:27] [218/326] MAPM
[01:20:28] [219/326] PASD
[01:20:29] [220/326] JCMN
[01:20:30] 🔄 Identity reset
[01:20:30] 🔄 Identity rotated (every 10 requests)
[01:20:30] [221/326] MALB
[01:20:32] [222/326] SACG
[01:20:34] [223/326] DDRX
[01:20:35] [224/326] DDXB
[01:20:35] [225/326] RAMC
[01:20:36] [226/326] SANC
[01:20:37] [227/326] BCBP
[01:20:38] [228/326] ALPC
[01:20:40] [229/326] RBAC
[01:20:41] [230/326] RAJL
[01:20:41] 🔄 Identity reset
[01:20:41] 🔄 Identity rotated (every 10 requests)
[01:20:42] [231/326] MPDX
[01:20:43] [232/326] MUSC
[01:20:44] [233/326] VKMK
[01:20:45] [234/326] SKCG
[01:20:46] [235/326] ANCN
[01:20:47] [236/326] MMCJ
[01:20:48] [237/326] DCAK
[01:20:49] [238/326] SCKG
[01:20:50] [239/326] LMCK
[01:20:50] [240/326] CKKX
[01:20:51] 🔄 Identity reset
[01:20:51] 🔄 Identity rotated (every 10 requests)
[01:20:52] [241/326] ANKU
[01:20:54] [242/326] CSMD
[01:20:55] [243/326] MKMP
[01:20:56] [244/326] SVBG
[01:20:57] [245/326] ROOP
[01:20:58] [246/326] GDMT
[01:20:59] [247/326] FPPF
[01:21:00] [248/326] SFUU
[01:21:01] [249/326] ANCB
[01:21:02] [250/326] SMMC
[01:21:03] 🔄 Identity reset
[01:21:03] 🔄 Identity rotated (every 10 requests)
[01:21:03] 🔄 Retry 1/5 for SMMC in 2.7s
[01:21:03] 🔄 Identity reset
[01:21:06] 🧠 New identity created
[01:21:06] [251/326] UGKT
[01:21:08] [252/326] JVRM
[01:21:09] [253/326] BATG
[01:21:10] [254/326] RATE
[01:21:11] [255/326] SKME
[01:21:12] [256/326] LMTP
[01:21:13] [257/326] TCBD
[01:21:15] [258/326] ESBD
[01:21:17] [259/326] GDCU
[01:21:18] 🔄 Identity reset
[01:21:18] 🔄 Identity rotated (every 10 requests)
[01:21:18] [260/326] SNKT
[01:21:19] [261/326] SRNK
[01:21:21] [262/326] SMED
[01:21:22] [263/326] CSQS
[01:21:23] [264/326] ALCS
[01:21:24] [265/326] KCKN
[01:21:25] [266/326] VCCL
[01:21:26] [267/326] MCDA
[01:21:27] [268/326] SHMI
[01:21:28] [269/326] SKHA
[01:21:28] 🔄 Identity reset
[01:21:28] 🔄 Identity rotated (every 10 requests)
[01:21:28] 🔄 Retry 1/5 for SKHA in 2.0s
[01:21:28] 🔄 Identity reset
[01:21:30] 🧠 New identity created
[01:21:31] [270/326] SVFK
[01:21:32] [271/326] INVB
[01:21:33] [272/326] MELD
[01:21:34] [273/326] JTYS
[01:21:35] [274/326] INCM
[01:21:36] [275/326] MCDV
[01:21:37] [276/326] KSGK
[01:21:38] [277/326] ICMG
[01:21:38] [278/326] CSCV
[01:21:39] 🔄 Identity reset
[01:21:39] 🔄 Identity rotated (every 10 requests)
[01:21:39] [279/326] STMD
[01:21:40] [280/326] STTR
[01:21:41] [281/326] INVC
[01:21:43] [282/326] JTBL
[01:21:43] [283/326] SRVV
[01:21:45] [284/326] MAVC
[01:21:46] [285/326] SRPP
[01:21:47] [286/326] JGDM
[01:21:48] [287/326] MBSJ
[01:21:50] [288/326] SSLL
[01:21:51] 🔄 Identity reset
[01:21:51] 🔄 Identity rotated (every 10 requests)
[01:21:51] [289/326] SLKP
[01:21:52] [290/326] NSRV
[01:21:53] [291/326] UTDV
[01:21:54] [292/326] KICM
[01:21:55] [293/326] KCMD
[01:21:56] [294/326] TTPP
[01:21:57] [295/326] KMPV
[01:21:58] [296/326] SKTV
[01:21:59] [297/326] STCV
[01:22:00] [298/326] SRDA
[01:22:00] 🔄 Identity reset
[01:22:00] 🔄 Identity rotated (every 10 requests)
[01:22:01] [299/326] JTSX
[01:22:02] [300/326] STBV
[01:22:03] [301/326] APVZ
[01:22:04] [302/326] GSTV
[01:22:05] [303/326] NMVS
[01:22:06] [304/326] SKRT
[01:22:07] [305/326] RMDV
[01:22:08] [306/326] RATG
[01:22:09] [307/326] SJYV
[01:22:10] [308/326] NDGP
[01:22:11] 🔄 Identity reset
[01:22:11] 🔄 Identity rotated (every 10 requests)
[01:22:12] [309/326] SNDG
[01:22:13] [310/326] INSR
[01:22:14] [311/326] INSO
[01:22:15] [312/326] CCSI
[01:22:15] [313/326] RASM
[01:22:16] [314/326] NEWC
[01:22:17] [315/326] VSHL
[01:22:18] [316/326] BISW
[01:22:19] [317/326] GCNG
[01:22:20] [318/326] CWSC
[01:22:21] 🔄 Identity reset
[01:22:21] 🔄 Identity rotated (every 10 requests)
[01:22:21] [319/326] SKAN
[01:22:24] [320/326] CCOA
[01:22:25] [321/326] MCAJ
[01:22:26] [322/326] ACDE
[01:22:27] [323/326] AACM
[01:22:28] [324/326] JJCK
[01:22:29] [325/326] RCMO
[01:22:31] [326/326] GDAW
[01:22:32] ✅ DONE | Shows=0 | Movies=0
[02:16:41] 🚀 BMS DAILY TRACKER STARTED (enhanced anti‑detection)
[02:16:41] [1/326] VCHA
[02:16:42] 🧠 New identity created
[02:16:42] [2/326] SCKO
[02:16:44] [3/326] VKTK
[02:16:45] [4/326] DXEC
[02:16:46] [5/326] CDCA
[02:16:54] [6/326] VBCZ
[02:16:56] [7/326] MSDR
[02:16:57] [8/326] ACPV
[02:16:58] [9/326] PVHB
[02:17:00] [10/326] RCNH
[02:17:00] 🔄 Identity reset
[02:17:00] 🔄 Identity rotated (every 10 requests)
[02:17:01] [11/326] IOMH
[02:17:03] [12/326] ILKS
[02:17:05] [13/326] AMSN
[02:17:06] [14/326] ANTP
[02:17:07] [15/326] SSEK
[02:17:08] [16/326] PICP
[02:17:09] [17/326] SICO
[02:17:10] [18/326] SISP
[02:17:10] [19/326] SCPI
[02:17:12] [20/326] CRPR
[02:17:13] 🔄 Identity reset
[02:17:13] 🔄 Identity rotated (every 10 requests)
[02:17:13] [21/326] DCTW
[02:17:14] [22/326] DCSP
[02:17:16] [23/326] KRPM
[02:17:17] [24/326] THKK
[02:17:18] [25/326] SNMY
[02:17:19] [26/326] AKCC
[02:17:20] [27/326] PCAT
[02:17:21] [28/326] RFGO
[02:17:22] [29/326] GGCS
[02:17:23] [30/326] ACKR
[02:17:24] 🔄 Identity reset
[02:17:24] 🔄 Identity rotated (every 10 requests)
[02:17:24] 🔄 Retry 1/5 for ACKR in 2.2s
[02:17:24] 🔄 Identity reset
[02:17:26] 🧠 New identity created
[02:17:26] 🔄 Retry 2/5 for ACKR in 4.1s
[02:17:26] 🔄 Identity reset
[02:17:30] 🧠 New identity created
[02:17:30] 🔄 Retry 3/5 for ACKR in 8.4s
[02:17:30] 🔄 Identity reset
[02:17:39] 🧠 New identity created
[02:17:39] [31/326] STDO
[02:17:40] [32/326] ACKB
[02:17:41] [33/326] ALUC
[02:17:42] [34/326] MNSR
[02:17:43] [35/326] CSSL
[02:17:45] [36/326] BGGM
[02:17:46] [37/326] MANT
[02:17:46] 🔄 Identity reset
[02:17:46] 🔄 Identity rotated (every 10 requests)
[02:17:46] 🔄 Retry 1/5 for MANT in 2.9s
[02:17:46] 🔄 Identity reset
[02:17:49] 🧠 New identity created
[02:17:49] 🔄 Retry 2/5 for MANT in 4.2s
[02:17:49] 🔄 Identity reset
[02:17:54] 🧠 New identity created
[02:17:54] [38/326] SOOY
[02:17:55] [39/326] VPPK
[02:17:56] [40/326] MYHJ
[02:17:57] [41/326] KSCK
[02:17:58] [42/326] KATK
[02:18:00] [43/326] RTRT
[02:18:02] [44/326] SSTT
[02:18:02] [45/326] SSTV
[02:18:03] 🔄 Identity reset
[02:18:03] 🔄 Identity rotated (every 10 requests)
[02:18:03] 🔄 Retry 1/5 for SSTV in 2.9s
[02:18:03] 🔄 Identity reset
[02:18:06] 🧠 New identity created
[02:18:07] [46/326] LACM
[02:18:08] [47/326] SGMG
[02:18:09] [48/326] KACX
[02:18:10] [49/326] GVCP
[02:18:11] [50/326] CSNC
[02:18:13] [51/326] SXCB
[02:18:15] [52/326] BAHS
[02:18:16] [53/326] PCBI
[02:18:17] [54/326] PSSM
[02:18:17] 🔄 Identity reset
[02:18:17] 🔄 Identity rotated (every 10 requests)
[02:18:18] [55/326] RCOK
[02:18:19] [56/326] SCPF
[02:18:19] [57/326] SSAS
[02:18:20] [58/326] EVMM
[02:18:21] [59/326] SYCB
[02:18:22] [60/326] GCKI
[02:18:23] [61/326] IAET
[02:18:24] [62/326] DDTD
[02:18:25] [63/326] GMDH
[02:18:26] [64/326] STLE
[02:18:26] 🔄 Identity reset
[02:18:26] 🔄 Identity rotated (every 10 requests)
[02:18:27] [65/326] JTRA
[02:18:29] [66/326] RPPA
[02:18:30] [67/326] ARUT
[02:18:32] [68/326] JTVM
[02:18:33] [69/326] SWRH
[02:18:34] [70/326] DCPC
[02:18:35] [71/326] RAPR
[02:18:35] [72/326] GCRT
[02:18:37] [73/326] ATUN
[02:18:37] [74/326] LTRM
[02:18:38] 🔄 Identity reset
[02:18:38] 🔄 Identity rotated (every 10 requests)
[02:18:39] [75/326] TASR
[02:18:40] [76/326] RLLC
[02:18:41] [77/326] MABI
[02:18:41] [78/326] SVHB
[02:18:43] [79/326] NVTB
[02:18:44] [80/326] KCKG
[02:18:45] [81/326] SSRN
[02:18:46] [82/326] VDDC
[02:18:47] [83/326] GKTK
[02:18:48] [84/326] YFSN
[02:18:49] 🔄 Identity reset
[02:18:49] 🔄 Identity rotated (every 10 requests)
[02:18:50] [85/326] GCSG
[02:18:51] [86/326] ESSM
[02:18:52] [87/326] KRIH
[02:18:53] [88/326] GCDS
[02:18:54] [89/326] CCSH
[02:18:55] [90/326] ACSK
[02:18:56] [91/326] APRK
[02:18:57] [92/326] ADKM
[02:18:58] [93/326] SRDM
[02:18:59] [94/326] SJMY
[02:18:59] 🔄 Identity reset
[02:18:59] 🔄 Identity rotated (every 10 requests)
[02:18:59] 🔄 Retry 1/5 for SJMY in 2.1s
[02:18:59] 🔄 Identity reset
[02:19:02] 🧠 New identity created
[02:19:02] [95/326] PGGC
[02:19:03] [96/326] INGM
[02:19:05] [97/326] LSCB
[02:19:06] [98/326] STAD
[02:19:07] [99/326] MCCR
[02:19:08] [100/326] ABCC
[02:19:10] [101/326] RKCC
[02:19:11] [102/326] RTCR
[02:19:12] [103/326] GGBC
[02:19:12] 🔄 Identity reset
[02:19:12] 🔄 Identity rotated (every 10 requests)
[02:19:13] [104/326] GCSD
[02:19:15] [105/326] LPTY
[02:19:16] [106/326] MCFD
[02:19:18] [107/326] HENN
[02:19:19] [108/326] SMKU
[02:19:20] [109/326] TNZC
[02:19:21] [110/326] DRCD
[02:19:22] [111/326] DLCD
[02:19:23] [112/326] RCDA
[02:19:25] [113/326] COSM
[02:19:26] 🔄 Identity reset
[02:19:26] 🔄 Identity rotated (every 10 requests)
[02:19:26] [114/326] MCMJ
[02:19:27] [115/326] CSTR
[02:19:28] [116/326] CVDK
[02:19:29] [117/326] INRR
[02:19:30] [118/326] RJRT
[02:19:31] [119/326] IRMR
[02:19:32] [120/326] SRCF
[02:19:33] [121/326] GRCR
[02:19:34] [122/326] SURC
[02:19:36] [123/326] NMNH
[02:19:36] 🔄 Identity reset
[02:19:36] 🔄 Identity rotated (every 10 requests)
[02:19:36] [124/326] SVBL
[02:19:38] [125/326] KACI
[02:19:39] [126/326] TDGO
[02:19:40] [127/326] KTBR
[02:19:41] [128/326] PMAD
[02:19:42] [129/326] CCPN
[02:19:43] [130/326] SBTK
[02:19:44] [131/326] LMDK
[02:19:45] [132/326] PGDA
[02:19:46] [133/326] SRML
[02:19:46] 🔄 Identity reset
[02:19:46] 🔄 Identity rotated (every 10 requests)
[02:19:46] 🔄 Retry 1/5 for SRML in 3.0s
[02:19:46] 🔄 Identity reset
[02:19:49] 🧠 New identity created
[02:19:49] 🔄 Retry 2/5 for SRML in 4.9s
[02:19:49] 🔄 Identity reset
[02:19:54] 🧠 New identity created
[02:19:55] [134/326] EVCK
[02:19:56] [135/326] RTTK
[02:19:57] [136/326] SRTU
[02:19:58] [137/326] VRSA
[02:19:59] [138/326] VARS
[02:20:00] [139/326] DSCZ
[02:20:01] [140/326] GAGA
[02:20:02] [141/326] SARV
[02:20:03] 🔄 Identity reset
[02:20:03] 🔄 Identity rotated (every 10 requests)
[02:20:04] [142/326] SEEG
[02:20:05] [143/326] GLCA
[02:20:05] [144/326] APAS
[02:20:07] [145/326] VCIA
[02:20:08] [146/326] SJTA
[02:20:09] [147/326] SABM
[02:20:10] [148/326] PPAG
[02:20:11] [149/326] RVCA
[02:20:12] [150/326] CCIA
[02:20:14] [151/326] HTAG
[02:20:15] 🔄 Identity reset
[02:20:15] 🔄 Identity rotated (every 10 requests)
[02:20:15] 🔄 Retry 1/5 for HTAG in 2.2s
[02:20:15] 🔄 Identity reset
[02:20:17] 🧠 New identity created
[02:20:17] 🔄 Retry 2/5 for HTAG in 4.9s
[02:20:17] 🔄 Identity reset
[02:20:22] 🧠 New identity created
[02:20:22] 🔄 Retry 3/5 for HTAG in 9.0s
[02:20:22] 🔄 Identity reset
[02:20:31] 🧠 New identity created
[02:20:31] 🔄 Retry 4/5 for HTAG in 16.3s
[02:20:31] 🔄 Identity reset
[02:20:47] 🧠 New identity created
[02:20:47] ❌ HTAG failed after 5 attempts
[02:20:47] 🔄 Identity reset
[02:20:47] ❌ HTAG final failure | RuntimeError | HTTP 403
[02:20:47] [152/326] SMBI
[02:20:48] 🧠 New identity created
[02:20:51] [153/326] MCJR
[02:20:51] [154/326] CCJR
[02:20:52] [155/326] SINF
[02:20:53] [156/326] CPLX
[02:20:54] [157/326] KKTJ
[02:20:55] 🔄 Identity reset
[02:20:55] 🔄 Identity rotated (every 10 requests)
[02:20:56] [158/326] GDBW
[02:20:57] [159/326] CSUB
[02:20:58] [160/326] DABA
[02:21:00] [161/326] TITR
[02:21:00] [162/326] NYCR
[02:21:01] [163/326] RTRY
[02:21:03] [164/326] JTJL
[02:21:04] [165/326] SJCP
[02:21:05] [166/326] KCCA
[02:21:06] [167/326] MLPG
[02:21:06] 🔄 Identity reset
[02:21:06] 🔄 Identity rotated (every 10 requests)
[02:21:07] 🔄 Retry 1/5 for MLPG in 2.0s
[02:21:07] 🔄 Identity reset
[02:21:09] 🧠 New identity created
[02:21:09] [168/326] VRCK
[02:21:10] [169/326] SRIN
[02:21:11] [170/326] CXMK
[02:21:12] [171/326] SKAD
[02:21:13] [172/326] AVTR
[02:21:15] [173/326] PTAJ
[02:21:16] [174/326] SCNK
[02:21:17] [175/326] STTI
[02:21:19] [176/326] KACR
[02:21:19] 🔄 Identity reset
[02:21:19] 🔄 Identity rotated (every 10 requests)
[02:21:19] 🔄 Retry 1/5 for KACR in 2.1s
[02:21:19] 🔄 Identity reset
[02:21:21] 🧠 New identity created
[02:21:21] 🔄 Retry 2/5 for KACR in 4.5s
[02:21:21] 🔄 Identity reset
[02:21:26] 🧠 New identity created
[02:21:26] 🔄 Retry 3/5 for KACR in 8.9s
[02:21:26] 🔄 Identity reset
[02:21:35] 🧠 New identity created
[02:21:35] [177/326] SSDX
[02:21:36] [178/326] VRTJ
[02:21:37] [179/326] RAJD
[02:21:38] [180/326] SCIP
[02:21:40] [181/326] RJSL
[02:21:41] [182/326] ARRS
[02:21:42] [183/326] ASMS
[02:21:42] 🔄 Identity reset
[02:21:42] 🔄 Identity rotated (every 10 requests)
[02:21:42] 🔄 Retry 1/5 for ASMS in 2.4s
[02:21:42] 🔄 Identity reset
[02:21:45] 🧠 New identity created
[02:21:45] 🔄 Retry 2/5 for ASMS in 4.5s
[02:21:45] 🔄 Identity reset
[02:21:49] 🧠 New identity created
[02:21:50] [184/326] RDTS
[02:21:51] [185/326] DVMY
[02:21:52] [186/326] RASA
[02:21:53] [187/326] INOM
[02:21:54] [188/326] SPRS
[02:21:55] [189/326] SGCS
[02:21:56] [190/326] SALM
[02:21:57] [191/326] PKHC
[02:21:58] 🔄 Identity reset
[02:21:58] 🔄 Identity rotated (every 10 requests)
[02:21:58] [192/326] RCSV
[02:21:59] [193/326] CPKC
[02:22:00] [194/326] AACD
[02:22:01] [195/326] GGCV
[02:22:02] [196/326] SMKD
[02:22:03] [197/326] NBCH
[02:22:04] [198/326] AMCB
[02:22:05] [199/326] OPCN
[02:22:06] [200/326] DCIN
[02:22:07] [201/326] INGW
[02:22:08] 🔄 Identity reset
[02:22:08] 🔄 Identity rotated (every 10 requests)
[02:22:08] 🔄 Retry 1/5 for INGW in 2.0s
[02:22:08] 🔄 Identity reset
[02:22:10] 🧠 New identity created
[02:22:11] [202/326] PKKW
[02:22:11] [203/326] FNGW
[02:22:14] [204/326] GCGD
[02:22:16] [205/326] MSTW
[02:22:17] [206/326] KCCG
[02:22:18] [207/326] MRSS
[02:22:20] [208/326] CLCF
[02:22:21] [209/326] EETS
[02:22:21] [210/326] AATR
[02:22:22] 🔄 Identity reset
[02:22:22] 🔄 Identity rotated (every 10 requests)
[02:22:22] [211/326] CMMN
[02:22:23] [212/326] SCCJ
[02:22:24] [213/326] CDTK
[02:22:26] [214/326] AICP
[02:22:27] [215/326] FNBP
[02:22:28] [216/326] CBPB
[02:22:30] [217/326] CPAS
[02:22:31] [218/326] MAPM
[02:22:33] [219/326] PASD
[02:22:34] [220/326] JCMN
[02:22:35] 🔄 Identity reset
[02:22:35] 🔄 Identity rotated (every 10 requests)
[02:22:35] [221/326] MALB
[02:22:37] [222/326] SACG
[02:22:37] [223/326] DDRX
[02:22:39] [224/326] DDXB
[02:22:40] [225/326] RAMC
[02:22:41] [226/326] SANC
[02:22:42] [227/326] BCBP
[02:22:43] [228/326] ALPC
[02:22:45] [229/326] RBAC
[02:22:46] [230/326] RAJL
[02:22:47] 🔄 Identity reset
[02:22:47] 🔄 Identity rotated (every 10 requests)
[02:22:47] [231/326] MPDX
[02:22:48] [232/326] MUSC
[02:22:50] [233/326] VKMK
[02:22:51] [234/326] SKCG
[02:22:53] [235/326] ANCN
[02:22:54] [236/326] MMCJ
[02:22:55] [237/326] DCAK
[02:22:56] [238/326] SCKG
[02:22:57] [239/326] LMCK
[02:22:59] [240/326] CKKX
[02:22:59] 🔄 Identity reset
[02:22:59] 🔄 Identity rotated (every 10 requests)
[02:23:00] [241/326] ANKU
[02:23:01] [242/326] CSMD
[02:23:02] [243/326] MKMP
[02:23:03] [244/326] SVBG
[02:23:04] [245/326] ROOP
[02:23:05] [246/326] GDMT
[02:23:06] [247/326] FPPF
[02:23:07] [248/326] SFUU
[02:23:08] [249/326] ANCB
[02:23:09] [250/326] SMMC
[02:23:10] 🔄 Identity reset
[02:23:10] 🔄 Identity rotated (every 10 requests)
[02:23:10] [251/326] UGKT
[02:23:11] [252/326] JVRM
[02:23:12] [253/326] BATG
[02:23:13] [254/326] RATE
[02:23:14] [255/326] SKME
[02:23:15] [256/326] LMTP
[02:23:16] [257/326] TCBD
[02:23:17] [258/326] ESBD
[02:23:18] [259/326] GDCU
[02:23:19] [260/326] SNKT
[02:23:20] 🔄 Identity reset
[02:23:20] 🔄 Identity rotated (every 10 requests)
[02:23:20] [261/326] SRNK
[02:23:21] [262/326] SMED
[02:23:22] [263/326] CSQS
[02:23:24] [264/326] ALCS
[02:23:25] [265/326] KCKN
[02:23:26] [266/326] VCCL
[02:23:27] [267/326] MCDA
[02:23:28] [268/326] SHMI
[02:23:29] [269/326] SKHA
[02:23:30] [270/326] SVFK
[02:23:31] 🔄 Identity reset
[02:23:31] 🔄 Identity rotated (every 10 requests)
[02:23:31] [271/326] INVB
[02:23:32] [272/326] MELD
[02:23:33] [273/326] JTYS
[02:23:34] [274/326] INCM
[02:23:35] [275/326] MCDV
[02:23:36] [276/326] KSGK
[02:23:37] [277/326] ICMG
[02:23:38] [278/326] CSCV
[02:23:39] [279/326] STMD
[02:23:41] [280/326] STTR
[02:23:41] 🔄 Identity reset
[02:23:41] 🔄 Identity rotated (every 10 requests)
[02:23:41] [281/326] INVC
[02:23:43] [282/326] JTBL
[02:23:44] [283/326] SRVV
[02:23:45] [284/326] MAVC
[02:23:46] [285/326] SRPP
[02:23:48] [286/326] JGDM
[02:23:49] [287/326] MBSJ
[02:23:50] [288/326] SSLL
[02:23:51] [289/326] SLKP
[02:23:52] [290/326] NSRV
[02:23:53] 🔄 Identity reset
[02:23:53] 🔄 Identity rotated (every 10 requests)
[02:23:53] 🔄 Retry 1/5 for NSRV in 2.4s
[02:23:53] 🔄 Identity reset
[02:23:55] 🧠 New identity created
[02:23:56] [291/326] UTDV
[02:23:57] [292/326] KICM
[02:23:58] [293/326] KCMD
[02:23:59] [294/326] TTPP
[02:24:00] [295/326] KMPV
[02:24:01] [296/326] SKTV
[02:24:02] [297/326] STCV
[02:24:03] [298/326] SRDA
[02:24:04] [299/326] JTSX
[02:24:05] 🔄 Identity reset
[02:24:05] 🔄 Identity rotated (every 10 requests)
[02:24:06] [300/326] STBV
[02:24:07] [301/326] APVZ
[02:24:08] [302/326] GSTV
[02:24:09] [303/326] NMVS
[02:24:10] [304/326] SKRT
[02:24:12] [305/326] RMDV
[02:24:13] [306/326] RATG
[02:24:14] [307/326] SJYV
[02:24:15] [308/326] NDGP
[02:24:16] [309/326] SNDG
[02:24:16] 🔄 Identity reset
[02:24:16] 🔄 Identity rotated (every 10 requests)
[02:24:17] [310/326] INSR
[02:24:18] [311/326] INSO
[02:24:19] [312/326] CCSI
[02:24:20] [313/326] RASM
[02:24:21] [314/326] NEWC
[02:24:22] [315/326] VSHL
[02:24:23] [316/326] BISW
[02:24:24] [317/326] GCNG
[02:24:25] [318/326] CWSC
[02:24:26] [319/326] SKAN
[02:24:27] 🔄 Identity reset
[02:24:27] 🔄 Identity rotated (every 10 requests)
[02:24:27] [320/326] CCOA
[02:24:28] [321/326] MCAJ
[02:24:29] [322/326] ACDE
[02:24:30] [323/326] AACM
[02:24:31] [324/326] JJCK
[02:24:32] [325/326] RCMO
[02:24:34] [326/326] GDAW
[02:24:35] 🔁 RETRY ROUND 1 | Remaining: 1
[02:24:35] [RETRY-1] HTAG
[02:24:37] ✅ DONE | Shows=0 | Movies=0
[02:45:28] 🚀 BMS DAILY TRACKER STARTED (enhanced anti‑detection)
[02:45:28] [1/326] VCHA
[02:45:29] 🧠 New identity created
[02:45:29] [2/326] SCKO
[02:45:31] [3/326] VKTK
[02:45:32] [4/326] DXEC
[02:45:34] [5/326] CDCA
[02:45:35] [6/326] VBCZ
[02:45:36] [7/326] MSDR
[02:45:37] [8/326] ACPV
[02:45:38] [9/326] PVHB
[02:45:40] [10/326] RCNH
[02:45:41] 🔄 Identity reset
[02:45:41] 🔄 Identity rotated (every 10 requests)
[02:45:44] [11/326] IOMH
[02:45:45] [12/326] ILKS
[02:45:46] [13/326] AMSN
[02:45:47] [14/326] ANTP
[02:45:48] [15/326] SSEK
[02:45:50] [16/326] PICP
[02:45:51] [17/326] SICO
[02:45:52] [18/326] SISP
[02:45:53] [19/326] SCPI
[02:45:54] [20/326] CRPR
[02:45:55] 🔄 Identity reset
[02:45:55] 🔄 Identity rotated (every 10 requests)
[02:45:55] [21/326] DCTW
[02:45:56] [22/326] DCSP
[02:45:57] [23/326] KRPM
[02:45:58] [24/326] THKK
[02:45:59] [25/326] SNMY
[02:46:01] [26/326] AKCC
[02:46:02] [27/326] PCAT
[02:46:03] [28/326] RFGO
[02:46:04] [29/326] GGCS
[02:46:05] [30/326] ACKR
[02:46:06] 🔄 Identity reset
[02:46:06] 🔄 Identity rotated (every 10 requests)
[02:46:06] [31/326] STDO
[02:46:07] [32/326] ACKB
[02:46:09] [33/326] ALUC
[02:46:10] [34/326] MNSR
[02:46:11] [35/326] CSSL
[02:46:12] [36/326] BGGM
[02:46:13] [37/326] MANT
[02:46:14] [38/326] SOOY
[02:46:15] [39/326] VPPK
[02:46:16] [40/326] MYHJ
[02:46:17] 🔄 Identity reset
[02:46:17] 🔄 Identity rotated (every 10 requests)
[02:46:17] [41/326] KSCK
[02:46:18] [42/326] KATK
[02:46:19] [43/326] RTRT
[02:46:21] [44/326] SSTT
[02:46:22] [45/326] SSTV
[02:46:23] [46/326] LACM
[02:46:24] [47/326] SGMG
[02:46:25] [48/326] KACX
[02:46:26] [49/326] GVCP
[02:46:28] [50/326] CSNC
[02:46:29] 🔄 Identity reset
[02:46:29] 🔄 Identity rotated (every 10 requests)
[02:46:29] [51/326] SXCB
[02:46:30] [52/326] BAHS
[02:46:32] [53/326] PCBI
[02:46:33] [54/326] PSSM
[02:46:34] [55/326] RCOK
[02:46:35] [56/326] SCPF
[02:46:36] [57/326] SSAS
[02:46:37] [58/326] EVMM
[02:46:37] [59/326] SYCB
[02:46:38] [60/326] GCKI
[02:46:39] 🔄 Identity reset
[02:46:39] 🔄 Identity rotated (every 10 requests)
[02:46:39] [61/326] IAET
[02:46:40] [62/326] DDTD
[02:46:41] [63/326] GMDH
[02:46:42] [64/326] STLE
[02:46:43] [65/326] JTRA
[02:46:44] [66/326] RPPA
[02:46:45] [67/326] ARUT
[02:46:46] [68/326] JTVM
[02:46:47] [69/326] SWRH
[02:46:48] [70/326] DCPC
[02:46:48] 🔄 Identity reset
[02:46:48] 🔄 Identity rotated (every 10 requests)
[02:46:48] 🔄 Retry 1/5 for DCPC in 2.5s
[02:46:48] 🔄 Identity reset
[02:46:51] 🧠 New identity created
[02:46:51] [71/326] RAPR
[02:46:52] [72/326] GCRT
[02:46:53] [73/326] ATUN
[02:46:54] [74/326] LTRM
[02:46:55] [75/326] TASR
[02:46:56] [76/326] RLLC
[02:46:56] [77/326] MABI
[02:46:57] [78/326] SVHB
[02:46:59] [79/326] NVTB
[02:46:59] 🔄 Identity reset
[02:46:59] 🔄 Identity rotated (every 10 requests)
[02:47:00] [80/326] KCKG
[02:47:01] [81/326] SSRN
[02:47:02] [82/326] VDDC
[02:47:03] [83/326] GKTK
[02:47:05] [84/326] YFSN
[02:47:06] [85/326] GCSG
[02:47:07] [86/326] ESSM
[02:47:08] [87/326] KRIH
[02:47:09] [88/326] GCDS
[02:47:10] [89/326] CCSH
[02:47:11] 🔄 Identity reset
[02:47:11] 🔄 Identity rotated (every 10 requests)
[02:47:13] [90/326] ACSK
[02:47:13] [91/326] APRK
[02:47:14] [92/326] ADKM
[02:47:15] [93/326] SRDM
[02:47:16] [94/326] SJMY
[02:47:17] [95/326] PGGC
[02:47:18] [96/326] INGM
[02:47:19] [97/326] LSCB
[02:47:20] [98/326] STAD
[02:47:22] [99/326] MCCR
[02:47:22] 🔄 Identity reset
[02:47:22] 🔄 Identity rotated (every 10 requests)
[02:47:23] [100/326] ABCC
[02:47:24] [101/326] RKCC
[02:47:25] [102/326] RTCR
[02:47:27] [103/326] GGBC
[02:47:28] [104/326] GCSD
[02:47:30] [105/326] LPTY
[02:47:31] [106/326] MCFD
[02:47:32] [107/326] HENN
[02:47:33] [108/326] SMKU
[02:47:34] [109/326] TNZC
[02:47:34] 🔄 Identity reset
[02:47:35] 🔄 Identity rotated (every 10 requests)
[02:47:35] [110/326] DRCD
[02:47:36] [111/326] DLCD
[02:47:37] [112/326] RCDA
[02:47:38] [113/326] COSM
[02:47:39] [114/326] MCMJ
[02:47:40] [115/326] CSTR
[02:47:41] [116/326] CVDK
[02:47:42] [117/326] INRR
[02:47:43] [118/326] RJRT
[02:47:44] [119/326] IRMR
[02:47:44] 🔄 Identity reset
[02:47:44] 🔄 Identity rotated (every 10 requests)
[02:47:45] [120/326] SRCF
[02:47:46] [121/326] GRCR
[02:47:46] [122/326] SURC
[02:47:48] [123/326] NMNH
[02:47:49] [124/326] SVBL
[02:47:51] [125/326] KACI
[02:47:52] [126/326] TDGO
[02:47:52] [127/326] KTBR
[02:47:54] [128/326] PMAD
[02:47:55] [129/326] CCPN
[02:47:56] 🔄 Identity reset
[02:47:56] 🔄 Identity rotated (every 10 requests)
[02:47:56] [130/326] SBTK
[02:47:57] [131/326] LMDK
[02:47:58] [132/326] PGDA
[02:47:59] [133/326] SRML
[02:48:00] [134/326] EVCK
[02:48:01] [135/326] RTTK
[02:48:03] [136/326] SRTU
[02:48:04] [137/326] VRSA
[02:48:05] [138/326] VARS
[02:48:06] [139/326] DSCZ
[02:48:07] 🔄 Identity reset
[02:48:07] 🔄 Identity rotated (every 10 requests)
[02:48:07] [140/326] GAGA
[02:48:08] [141/326] SARV
[02:48:09] [142/326] SEEG
[02:48:10] [143/326] GLCA
[02:48:11] [144/326] APAS
[02:48:12] [145/326] VCIA
[02:48:14] [146/326] SJTA
[02:48:15] [147/326] SABM
[02:48:15] [148/326] PPAG
[02:48:17] [149/326] RVCA
[02:48:17] 🔄 Identity reset
[02:48:17] 🔄 Identity rotated (every 10 requests)
[02:48:17] 🔄 Retry 1/5 for RVCA in 2.9s
[02:48:17] 🔄 Identity reset
[02:48:20] 🧠 New identity created
[02:48:21] [150/326] CCIA
[02:48:21] [151/326] HTAG
[02:48:22] [152/326] SMBI
[02:48:24] [153/326] MCJR
[02:48:24] [154/326] CCJR
[02:48:25] [155/326] SINF
[02:48:26] [156/326] CPLX
[02:48:27] [157/326] KKTJ
[02:48:28] [158/326] GDBW
[02:48:29] 🔄 Identity reset
[02:48:29] 🔄 Identity rotated (every 10 requests)
[02:48:29] [159/326] CSUB
[02:48:30] [160/326] DABA
[02:48:31] [161/326] TITR
[02:48:32] [162/326] NYCR
[02:48:33] [163/326] RTRY
[02:48:34] [164/326] JTJL
[02:48:34] [165/326] SJCP
[02:48:35] [166/326] KCCA
[02:48:37] [167/326] MLPG
[02:48:37] [168/326] VRCK
[02:48:38] 🔄 Identity reset
[02:48:38] 🔄 Identity rotated (every 10 requests)
[02:48:38] [169/326] SRIN
[02:48:39] [170/326] CXMK
[02:48:40] [171/326] SKAD
[02:48:42] [172/326] AVTR
[02:48:43] [173/326] PTAJ
[02:48:44] [174/326] SCNK
[02:48:45] [175/326] STTI
[02:48:47] [176/326] KACR
[02:48:48] [177/326] SSDX
[02:48:49] [178/326] VRTJ
[02:48:49] 🔄 Identity reset
[02:48:49] 🔄 Identity rotated (every 10 requests)
[02:48:50] [179/326] RAJD
[02:48:51] [180/326] SCIP
[02:48:52] [181/326] RJSL
[02:48:53] [182/326] ARRS
[02:48:54] [183/326] ASMS
[02:48:55] [184/326] RDTS
[02:48:56] [185/326] DVMY
[02:48:58] [186/326] RASA
[02:48:59] [187/326] INOM
[02:48:59] [188/326] SPRS
[02:49:00] 🔄 Identity reset
[02:49:00] 🔄 Identity rotated (every 10 requests)
[02:49:00] [189/326] SGCS
[02:49:01] [190/326] SALM
[02:49:02] [191/326] PKHC
[02:49:04] [192/326] RCSV
[02:49:05] [193/326] CPKC
[02:49:06] [194/326] AACD
[02:49:07] [195/326] GGCV
[02:49:08] [196/326] SMKD
[02:49:08] [197/326] NBCH
[02:49:09] [198/326] AMCB
[02:49:10] 🔄 Identity reset
[02:49:10] 🔄 Identity rotated (every 10 requests)
[02:49:10] 🔄 Retry 1/5 for AMCB in 2.4s
[02:49:10] 🔄 Identity reset
[02:49:12] 🧠 New identity created
[02:49:12] 🔄 Retry 2/5 for AMCB in 4.7s
[02:49:12] 🔄 Identity reset
[02:49:17] 🧠 New identity created
[02:49:18] [199/326] OPCN
[02:49:19] [200/326] DCIN
[02:49:20] [201/326] INGW
[02:49:21] [202/326] PKKW
[02:49:22] [203/326] FNGW
[02:49:23] [204/326] GCGD
[02:49:24] [205/326] MSTW
[02:49:26] [206/326] KCCG
[02:49:26] 🔄 Identity reset
[02:49:26] 🔄 Identity rotated (every 10 requests)
[02:49:27] [207/326] MRSS
[02:49:28] [208/326] CLCF
[02:49:30] [209/326] EETS
[02:49:31] [210/326] AATR
[02:49:32] [211/326] CMMN
[02:49:32] [212/326] SCCJ
[02:49:33] [213/326] CDTK
[02:49:34] [214/326] AICP
[02:49:35] [215/326] FNBP
[02:49:36] [216/326] CBPB
[02:49:36] 🔄 Identity reset
[02:49:36] 🔄 Identity rotated (every 10 requests)
[02:49:36] 🔄 Retry 1/5 for CBPB in 2.1s
[02:49:36] 🔄 Identity reset
[02:49:39] 🧠 New identity created
[02:49:40] [217/326] CPAS
[02:49:41] [218/326] MAPM
[02:49:41] [219/326] PASD
[02:49:42] [220/326] JCMN
[02:49:43] [221/326] MALB
[02:49:44] [222/326] SACG
[02:49:45] [223/326] DDRX
[02:49:46] [224/326] DDXB
[02:49:47] [225/326] RAMC
[02:49:47] 🔄 Identity reset
[02:49:47] 🔄 Identity rotated (every 10 requests)
[02:49:48] [226/326] SANC
[02:49:48] [227/326] BCBP
[02:49:49] [228/326] ALPC
[02:49:51] [229/326] RBAC
[02:49:52] [230/326] RAJL
[02:49:53] [231/326] MPDX
[02:49:54] [232/326] MUSC
[02:49:55] [233/326] VKMK
[02:49:56] [234/326] SKCG
[02:49:57] [235/326] ANCN
[02:49:58] 🔄 Identity reset
[02:49:58] 🔄 Identity rotated (every 10 requests)
[02:49:58] [236/326] MMCJ
[02:49:59] [237/326] DCAK
[02:50:00] [238/326] SCKG
[02:50:01] [239/326] LMCK
[02:50:02] [240/326] CKKX
[02:50:02] [241/326] ANKU
[02:50:03] [242/326] CSMD
[02:50:04] [243/326] MKMP
[02:50:05] [244/326] SVBG
[02:50:06] [245/326] ROOP
[02:50:06] 🔄 Identity reset
[02:50:06] 🔄 Identity rotated (every 10 requests)
[02:50:08] [246/326] GDMT
[02:50:09] [247/326] FPPF
[02:50:09] [248/326] SFUU
[02:50:10] [249/326] ANCB
[02:50:11] [250/326] SMMC
[02:50:12] [251/326] UGKT
[02:50:13] [252/326] JVRM
[02:50:14] [253/326] BATG
[02:50:15] [254/326] RATE
[02:50:16] [255/326] SKME
[02:50:17] 🔄 Identity reset
[02:50:17] 🔄 Identity rotated (every 10 requests)
[02:50:17] 🔄 Retry 1/5 for SKME in 2.2s
[02:50:17] 🔄 Identity reset
[02:50:19] 🧠 New identity created
[02:50:19] [256/326] LMTP
[02:50:20] [257/326] TCBD
[02:50:21] [258/326] ESBD
[02:50:22] [259/326] GDCU
[02:50:23] [260/326] SNKT
[02:50:24] [261/326] SRNK
[02:50:25] [262/326] SMED
[02:50:26] [263/326] CSQS
[02:50:27] [264/326] ALCS
[02:50:28] 🔄 Identity reset
[02:50:28] 🔄 Identity rotated (every 10 requests)
[02:50:29] [265/326] KCKN
[02:50:30] [266/326] VCCL
[02:50:31] [267/326] MCDA
[02:50:33] [268/326] SHMI
[02:50:34] [269/326] SKHA
[02:50:34] [270/326] SVFK
[02:50:35] [271/326] INVB
[02:50:36] [272/326] MELD
[02:50:37] [273/326] JTYS
[02:50:38] [274/326] INCM
[02:50:39] 🔄 Identity reset
[02:50:39] 🔄 Identity rotated (every 10 requests)
[02:50:39] [275/326] MCDV
[02:50:40] [276/326] KSGK
[02:50:41] [277/326] ICMG
[02:50:42] [278/326] CSCV
[02:50:43] [279/326] STMD
[02:50:44] [280/326] STTR
[02:50:45] [281/326] INVC
[02:50:46] [282/326] JTBL
[02:50:47] [283/326] SRVV
[02:50:48] [284/326] MAVC
[02:50:48] 🔄 Identity reset
[02:50:48] 🔄 Identity rotated (every 10 requests)
[02:50:49] [285/326] SRPP
[02:50:50] [286/326] JGDM
[02:50:51] [287/326] MBSJ
[02:50:52] [288/326] SSLL
[02:50:53] [289/326] SLKP
[02:50:54] [290/326] NSRV
[02:50:55] [291/326] UTDV
[02:50:57] [292/326] KICM
[02:50:58] [293/326] KCMD
[02:50:58] [294/326] TTPP
[02:50:59] 🔄 Identity reset
[02:50:59] 🔄 Identity rotated (every 10 requests)
[02:51:00] [295/326] KMPV
[02:51:01] [296/326] SKTV
[02:51:02] [297/326] STCV
[02:51:03] [298/326] SRDA
[02:51:04] [299/326] JTSX
[02:51:05] [300/326] STBV
[02:51:06] [301/326] APVZ
[02:51:07] [302/326] GSTV
[02:51:07] [303/326] NMVS
[02:51:09] [304/326] SKRT
[02:51:09] 🔄 Identity reset
[02:51:09] 🔄 Identity rotated (every 10 requests)
[02:51:09] [305/326] RMDV
[02:51:10] [306/326] RATG
[02:51:11] [307/326] SJYV
[02:51:12] [308/326] NDGP
[02:51:13] [309/326] SNDG
[02:51:15] [310/326] INSR
[02:51:16] [311/326] INSO
[02:51:16] [312/326] CCSI
[02:51:17] [313/326] RASM
[02:51:18] [314/326] NEWC
[02:51:19] 🔄 Identity reset
[02:51:19] 🔄 Identity rotated (every 10 requests)
[02:51:20] [315/326] VSHL
[02:51:21] [316/326] BISW
[02:51:22] [317/326] GCNG
[02:51:23] [318/326] CWSC
[02:51:24] [319/326] SKAN
[02:51:25] [320/326] CCOA
[02:51:26] [321/326] MCAJ
[02:51:28] [322/326] ACDE
[02:51:29] [323/326] AACM
[02:51:31] [324/326] JJCK
[02:51:31] 🔄 Identity reset
[02:51:31] 🔄 Identity rotated (every 10 requests)
[02:51:32] [325/326] RCMO
[02:51:33] [326/326] GDAW
[02:51:34] ✅ DONE | Shows=0 | Movies=0
[03:16:44] 🚀 BMS DAILY TRACKER STARTED (enhanced anti‑detection)
[03:16:44] [1/326] VCHA
[03:16:45] 🧠 New identity created
[03:16:45] [2/326] SCKO
[03:16:46] [3/326] VKTK
[03:16:47] [4/326] DXEC
[03:16:48] [5/326] CDCA
[03:16:48] [6/326] VBCZ
[03:16:49] [7/326] MSDR
[03:16:50] [8/326] ACPV
[03:16:51] [9/326] PVHB
[03:16:52] [10/326] RCNH
[03:16:52] 🔄 Identity reset
[03:16:52] 🔄 Identity rotated (every 10 requests)
[03:16:53] [11/326] IOMH
[03:16:53] [12/326] ILKS
[03:16:54] [13/326] AMSN
[03:16:55] [14/326] ANTP
[03:16:56] [15/326] SSEK
[03:16:57] [16/326] PICP
[03:16:58] [17/326] SICO
[03:16:58] [18/326] SISP
[03:16:59] [19/326] SCPI
[03:17:00] [20/326] CRPR
[03:17:01] 🔄 Identity reset
[03:17:01] 🔄 Identity rotated (every 10 requests)
[03:17:01] [21/326] DCTW
[03:17:03] [22/326] DCSP
[03:17:03] [23/326] KRPM
[03:17:05] [24/326] THKK
[03:17:06] [25/326] SNMY
[03:17:06] [26/326] AKCC
[03:17:07] [27/326] PCAT
[03:17:08] [28/326] RFGO
[03:17:09] [29/326] GGCS
[03:17:10] [30/326] ACKR
[03:17:10] 🔄 Identity reset
[03:17:10] 🔄 Identity rotated (every 10 requests)
[03:17:11] [31/326] STDO
[03:17:12] [32/326] ACKB
[03:17:13] [33/326] ALUC
[03:17:14] [34/326] MNSR
[03:17:15] [35/326] CSSL
[03:17:16] [36/326] BGGM
[03:17:16] [37/326] MANT
[03:17:17] [38/326] SOOY
[03:17:18] [39/326] VPPK
[03:17:19] [40/326] MYHJ
[03:17:19] 🔄 Identity reset
[03:17:19] 🔄 Identity rotated (every 10 requests)
[03:17:20] [41/326] KSCK
[03:17:21] [42/326] KATK
[03:17:22] [43/326] RTRT
[03:17:23] [44/326] SSTT
[03:17:24] [45/326] SSTV
[03:17:25] [46/326] LACM
[03:17:26] [47/326] SGMG
[03:17:26] [48/326] KACX
[03:17:27] [49/326] GVCP
[03:17:29] [50/326] CSNC
[03:17:29] 🔄 Identity reset
[03:17:29] 🔄 Identity rotated (every 10 requests)
[03:17:30] [51/326] SXCB
[03:17:30] [52/326] BAHS
[03:17:31] [53/326] PCBI
[03:17:32] [54/326] PSSM
[03:17:33] [55/326] RCOK
[03:17:34] [56/326] SCPF
[03:17:35] [57/326] SSAS
[03:17:35] [58/326] EVMM
[03:17:36] [59/326] SYCB
[03:17:37] [60/326] GCKI
[03:17:38] 🔄 Identity reset
[03:17:38] 🔄 Identity rotated (every 10 requests)
[03:17:38] [61/326] IAET
[03:17:39] [62/326] DDTD
[03:17:40] [63/326] GMDH
[03:17:41] [64/326] STLE
[03:17:42] [65/326] JTRA
[03:17:43] [66/326] RPPA
[03:17:44] [67/326] ARUT
[03:17:45] [68/326] JTVM
[03:17:46] [69/326] SWRH
[03:17:47] [70/326] DCPC
[03:17:48] 🔄 Identity reset
[03:17:48] 🔄 Identity rotated (every 10 requests)
[03:17:48] [71/326] RAPR
[03:17:49] [72/326] GCRT
[03:17:50] [73/326] ATUN
[03:17:51] [74/326] LTRM
[03:17:52] [75/326] TASR
[03:17:52] [76/326] RLLC
[03:17:53] [77/326] MABI
[03:17:54] [78/326] SVHB
[03:17:54] [79/326] NVTB
[03:17:55] [80/326] KCKG
[03:17:56] 🔄 Identity reset
[03:17:56] 🔄 Identity rotated (every 10 requests)
[03:17:56] [81/326] SSRN
[03:17:57] [82/326] VDDC
[03:17:58] [83/326] GKTK
[03:17:59] [84/326] YFSN
[03:18:00] [85/326] GCSG
[03:18:01] [86/326] ESSM
[03:18:02] [87/326] KRIH
[03:18:03] [88/326] GCDS
[03:18:04] [89/326] CCSH
[03:18:05] [90/326] ACSK
[03:18:06] 🔄 Identity reset
[03:18:06] 🔄 Identity rotated (every 10 requests)
[03:18:06] [91/326] APRK
[03:18:07] [92/326] ADKM
[03:18:08] [93/326] SRDM
[03:18:08] [94/326] SJMY
[03:18:09] [95/326] PGGC
[03:18:10] [96/326] INGM
[03:18:11] [97/326] LSCB
[03:18:12] [98/326] STAD
[03:18:12] [99/326] MCCR
[03:18:13] [100/326] ABCC
[03:18:14] 🔄 Identity reset
[03:18:14] 🔄 Identity rotated (every 10 requests)
[03:18:14] [101/326] RKCC
[03:18:15] [102/326] RTCR
[03:18:16] [103/326] GGBC
[03:18:17] [104/326] GCSD
[03:18:19] [105/326] LPTY
[03:18:20] [106/326] MCFD
[03:18:21] [107/326] HENN
[03:18:21] [108/326] SMKU
[03:18:22] [109/326] TNZC
[03:18:22] [110/326] DRCD
[03:18:23] 🔄 Identity reset
[03:18:23] 🔄 Identity rotated (every 10 requests)
[03:18:23] [111/326] DLCD
[03:18:24] [112/326] RCDA
[03:18:26] [113/326] COSM
[03:18:27] [114/326] MCMJ
[03:18:28] [115/326] CSTR
[03:18:29] [116/326] CVDK
[03:18:30] [117/326] INRR
[03:18:31] [118/326] RJRT
[03:18:32] [119/326] IRMR
[03:18:32] [120/326] SRCF
[03:18:33] 🔄 Identity reset
[03:18:33] 🔄 Identity rotated (every 10 requests)
[03:18:33] [121/326] GRCR
[03:18:34] [122/326] SURC
[03:18:35] [123/326] NMNH
[03:18:36] [124/326] SVBL
[03:18:36] [125/326] KACI
[03:18:37] [126/326] TDGO
[03:18:38] [127/326] KTBR
[03:18:39] [128/326] PMAD
[03:18:40] [129/326] CCPN
[03:18:41] [130/326] SBTK
[03:18:41] 🔄 Identity reset
[03:18:41] 🔄 Identity rotated (every 10 requests)
[03:18:42] [131/326] LMDK
[03:18:43] [132/326] PGDA
[03:18:44] [133/326] SRML
[03:18:45] [134/326] EVCK
[03:18:46] [135/326] RTTK
[03:18:47] [136/326] SRTU
[03:18:48] [137/326] VRSA
[03:18:48] [138/326] VARS
[03:18:49] [139/326] DSCZ
[03:18:51] [140/326] GAGA
[03:18:52] 🔄 Identity reset
[03:18:52] 🔄 Identity rotated (every 10 requests)
[03:18:52] [141/326] SARV
[03:18:53] [142/326] SEEG
[03:18:54] [143/326] GLCA
[03:18:54] [144/326] APAS
[03:18:55] [145/326] VCIA
[03:18:56] [146/326] SJTA
[03:18:57] [147/326] SABM
[03:18:58] [148/326] PPAG
[03:18:59] [149/326] RVCA
[03:19:00] [150/326] CCIA
[03:19:00] 🔄 Identity reset
[03:19:00] 🔄 Identity rotated (every 10 requests)
[03:19:01] [151/326] HTAG
[03:19:02] [152/326] SMBI
[03:19:03] [153/326] MCJR
[03:19:05] [154/326] CCJR
[03:19:05] [155/326] SINF
[03:19:07] [156/326] CPLX
[03:19:08] [157/326] KKTJ
[03:19:09] [158/326] GDBW
[03:19:10] [159/326] CSUB
[03:19:11] [160/326] DABA
[03:19:11] 🔄 Identity reset
[03:19:11] 🔄 Identity rotated (every 10 requests)
[03:19:12] [161/326] TITR
[03:19:13] [162/326] NYCR
[03:19:14] [163/326] RTRY
[03:19:15] [164/326] JTJL
[03:19:15] [165/326] SJCP
[03:19:16] [166/326] KCCA
[03:19:17] [167/326] MLPG
[03:19:18] [168/326] VRCK
[03:19:19] [169/326] SRIN
[03:19:20] [170/326] CXMK
[03:19:21] 🔄 Identity reset
[03:19:21] 🔄 Identity rotated (every 10 requests)
[03:19:21] [171/326] SKAD
[03:19:23] [172/326] AVTR
[03:19:24] [173/326] PTAJ
[03:19:25] [174/326] SCNK
[03:19:25] [175/326] STTI
[03:19:27] [176/326] KACR
[03:19:28] [177/326] SSDX
[03:19:29] [178/326] VRTJ
[03:19:30] [179/326] RAJD
[03:19:31] [180/326] SCIP
[03:19:31] 🔄 Identity reset
[03:19:31] 🔄 Identity rotated (every 10 requests)
[03:19:31] [181/326] RJSL
[03:19:32] [182/326] ARRS
[03:19:33] [183/326] ASMS
[03:19:34] [184/326] RDTS
[03:19:35] [185/326] DVMY
[03:19:36] [186/326] RASA
[03:19:37] [187/326] INOM
[03:19:38] [188/326] SPRS
[03:19:39] [189/326] SGCS
[03:19:39] [190/326] SALM
[03:19:40] 🔄 Identity reset
[03:19:40] 🔄 Identity rotated (every 10 requests)
[03:19:41] [191/326] PKHC
[03:19:41] [192/326] RCSV
[03:19:42] [193/326] CPKC
[03:19:43] [194/326] AACD
[03:19:44] [195/326] GGCV
[03:19:45] [196/326] SMKD
[03:19:46] [197/326] NBCH
[03:19:47] [198/326] AMCB
[03:19:47] [199/326] OPCN
[03:19:49] [200/326] DCIN
[03:19:50] 🔄 Identity reset
[03:19:50] 🔄 Identity rotated (every 10 requests)
[03:19:50] [201/326] INGW
[03:19:52] [202/326] PKKW
[03:19:53] [203/326] FNGW
[03:19:54] [204/326] GCGD
[03:19:55] [205/326] MSTW
[03:19:57] [206/326] KCCG
[03:19:58] [207/326] MRSS
[03:19:59] [208/326] CLCF
[03:20:00] [209/326] EETS
[03:20:02] [210/326] AATR
[03:20:03] 🔄 Identity reset
[03:20:03] 🔄 Identity rotated (every 10 requests)
[03:20:03] [211/326] CMMN
[03:20:04] [212/326] SCCJ
[03:20:05] [213/326] CDTK
[03:20:06] [214/326] AICP
[03:20:07] [215/326] FNBP
[03:20:08] [216/326] CBPB
[03:20:10] [217/326] CPAS
[03:20:12] [218/326] MAPM
[03:20:13] [219/326] PASD
[03:20:14] [220/326] JCMN
[03:20:15] 🔄 Identity reset
[03:20:15] 🔄 Identity rotated (every 10 requests)
[03:20:15] [221/326] MALB
[03:20:16] [222/326] SACG
[03:20:17] [223/326] DDRX
[03:20:18] [224/326] DDXB
[03:20:19] [225/326] RAMC
[03:20:20] [226/326] SANC
[03:20:21] [227/326] BCBP
[03:20:22] [228/326] ALPC
[03:20:24] [229/326] RBAC
[03:20:25] [230/326] RAJL
[03:20:26] 🔄 Identity reset
[03:20:26] 🔄 Identity rotated (every 10 requests)
[03:20:26] [231/326] MPDX
[03:20:27] [232/326] MUSC
[03:20:29] [233/326] VKMK
[03:20:30] [234/326] SKCG
[03:20:31] [235/326] ANCN
[03:20:32] [236/326] MMCJ
[03:20:33] [237/326] DCAK
[03:20:34] [238/326] SCKG
[03:20:35] [239/326] LMCK
[03:20:36] [240/326] CKKX
[03:20:36] 🔄 Identity reset
[03:20:36] 🔄 Identity rotated (every 10 requests)
[03:20:37] [241/326] ANKU
[03:20:38] [242/326] CSMD
[03:20:38] [243/326] MKMP
[03:20:39] [244/326] SVBG
[03:20:40] [245/326] ROOP
[03:20:41] [246/326] GDMT
[03:20:42] [247/326] FPPF
[03:20:43] [248/326] SFUU
[03:20:44] [249/326] ANCB
[03:20:45] [250/326] SMMC
[03:20:46] 🔄 Identity reset
[03:20:46] 🔄 Identity rotated (every 10 requests)
[03:20:46] [251/326] UGKT
[03:20:47] [252/326] JVRM
[03:20:49] [253/326] BATG
[03:20:50] [254/326] RATE
[03:20:51] [255/326] SKME
[03:20:52] [256/326] LMTP
[03:20:53] [257/326] TCBD
[03:20:54] [258/326] ESBD
[03:20:56] [259/326] GDCU
[03:20:57] [260/326] SNKT
[03:20:58] 🔄 Identity reset
[03:20:58] 🔄 Identity rotated (every 10 requests)
[03:20:58] [261/326] SRNK
[03:20:59] [262/326] SMED
[03:21:00] [263/326] CSQS
[03:21:01] [264/326] ALCS
[03:21:03] [265/326] KCKN
[03:21:04] [266/326] VCCL
[03:21:05] [267/326] MCDA
[03:21:06] [268/326] SHMI
[03:21:07] [269/326] SKHA
[03:21:08] [270/326] SVFK
[03:21:08] 🔄 Identity reset
[03:21:08] 🔄 Identity rotated (every 10 requests)
[03:21:09] [271/326] INVB
[03:21:10] [272/326] MELD
[03:21:11] [273/326] JTYS
[03:21:12] [274/326] INCM
[03:21:13] [275/326] MCDV
[03:21:13] [276/326] KSGK
[03:21:15] [277/326] ICMG
[03:21:16] [278/326] CSCV
[03:21:17] [279/326] STMD
[03:21:18] [280/326] STTR
[03:21:18] 🔄 Identity reset
[03:21:18] 🔄 Identity rotated (every 10 requests)
[03:21:19] [281/326] INVC
[03:21:20] [282/326] JTBL
[03:21:21] [283/326] SRVV
[03:21:22] [284/326] MAVC
[03:21:22] [285/326] SRPP
[03:21:23] [286/326] JGDM
[03:21:24] [287/326] MBSJ
[03:21:25] [288/326] SSLL
[03:21:26] [289/326] SLKP
[03:21:27] [290/326] NSRV
[03:21:27] 🔄 Identity reset
[03:21:27] 🔄 Identity rotated (every 10 requests)
[03:21:28] [291/326] UTDV
[03:21:29] [292/326] KICM
[03:21:30] [293/326] KCMD
[03:21:31] [294/326] TTPP
[03:21:32] [295/326] KMPV
[03:21:33] [296/326] SKTV
[03:21:34] [297/326] STCV
[03:21:35] [298/326] SRDA
[03:21:35] [299/326] JTSX
[03:21:37] [300/326] STBV
[03:21:38] 🔄 Identity reset
[03:21:38] 🔄 Identity rotated (every 10 requests)
[03:21:38] [301/326] APVZ
[03:21:39] [302/326] GSTV
[03:21:40] [303/326] NMVS
[03:21:41] [304/326] SKRT
[03:21:42] [305/326] RMDV
[03:21:43] [306/326] RATG
[03:21:44] [307/326] SJYV
[03:21:45] [308/326] NDGP
[03:21:46] [309/326] SNDG
[03:21:47] [310/326] INSR
[03:21:48] 🔄 Identity reset
[03:21:48] 🔄 Identity rotated (every 10 requests)
[03:21:48] [311/326] INSO
[03:21:49] [312/326] CCSI
[03:21:50] [313/326] RASM
[03:21:51] [314/326] NEWC
[03:21:52] [315/326] VSHL
[03:21:52] [316/326] BISW
[03:21:54] [317/326] GCNG
[03:21:54] [318/326] CWSC
[03:21:55] [319/326] SKAN
[03:21:56] [320/326] CCOA
[03:21:57] 🔄 Identity reset
[03:21:57] 🔄 Identity rotated (every 10 requests)
[03:21:57] [321/326] MCAJ
[03:21:59] [322/326] ACDE
[03:22:00] [323/326] AACM
[03:22:01] [324/326] JJCK
[03:22:02] [325/326] RCMO
[03:22:04] [326/326] GDAW
[03:22:05] ✅ DONE | Shows=0 | Movies=0
[04:16:35] 🚀 BMS DAILY TRACKER STARTED (enhanced anti‑detection)
[04:16:35] [1/326] VCHA
[04:16:36] 🧠 New identity created
[04:16:36] 🔄 Retry 1/5 for VCHA in 2.4s
[04:16:36] 🔄 Identity reset
[04:16:39] 🧠 New identity created
[04:16:39] [2/326] SCKO
[04:16:40] [3/326] VKTK
[04:16:41] [4/326] DXEC
[04:16:41] [5/326] CDCA
[04:16:42] [6/326] VBCZ
[04:16:43] [7/326] MSDR
[04:16:44] [8/326] ACPV
[04:16:45] [9/326] PVHB
[04:16:46] 🔄 Identity reset
[04:16:46] 🔄 Identity rotated (every 10 requests)
[04:16:47] [10/326] RCNH
[04:16:48] [11/326] IOMH
[04:16:49] [12/326] ILKS
[04:16:49] [13/326] AMSN
[04:16:51] [14/326] ANTP
[04:16:52] [15/326] SSEK
[04:16:53] [16/326] PICP
[04:16:54] [17/326] SICO
[04:16:55] [18/326] SISP
[04:16:55] [19/326] SCPI
[04:16:56] 🔄 Identity reset
[04:16:56] 🔄 Identity rotated (every 10 requests)
[04:16:56] [20/326] CRPR
[04:16:57] [21/326] DCTW
[04:16:58] [22/326] DCSP
[04:16:59] [23/326] KRPM
[04:17:01] [24/326] THKK
[04:17:02] [25/326] SNMY
[04:17:02] [26/326] AKCC
[04:17:04] [27/326] PCAT
[04:17:05] [28/326] RFGO
[04:17:06] [29/326] GGCS
[04:17:07] 🔄 Identity reset
[04:17:07] 🔄 Identity rotated (every 10 requests)
[04:17:08] [30/326] ACKR
[04:17:09] [31/326] STDO
[04:17:10] [32/326] ACKB
[04:17:11] [33/326] ALUC
[04:17:12] [34/326] MNSR
[04:17:13] [35/326] CSSL
[04:17:14] [36/326] BGGM
[04:17:15] [37/326] MANT
[04:17:16] [38/326] SOOY
[04:17:17] [39/326] VPPK
[04:17:17] 🔄 Identity reset
[04:17:17] 🔄 Identity rotated (every 10 requests)
[04:17:17] 🔄 Retry 1/5 for VPPK in 2.0s
[04:17:17] 🔄 Identity reset
[04:17:20] 🧠 New identity created
[04:17:20] [40/326] MYHJ
[04:17:21] [41/326] KSCK
[04:17:22] [42/326] KATK
[04:17:23] [43/326] RTRT
[04:17:24] [44/326] SSTT
[04:17:25] [45/326] SSTV
[04:17:26] [46/326] LACM
[04:17:27] [47/326] SGMG
[04:17:29] [48/326] KACX
[04:17:30] 🔄 Identity reset
[04:17:30] 🔄 Identity rotated (every 10 requests)
[04:17:30] [49/326] GVCP
[04:17:32] [50/326] CSNC
[04:17:33] [51/326] SXCB
[04:17:34] [52/326] BAHS
[04:17:35] [53/326] PCBI
[04:17:36] [54/326] PSSM
[04:17:37] [55/326] RCOK
[04:17:38] [56/326] SCPF
[04:17:39] [57/326] SSAS
[04:17:41] [58/326] EVMM
[04:17:41] 🔄 Identity reset
[04:17:41] 🔄 Identity rotated (every 10 requests)
[04:17:41] 🔄 Retry 1/5 for EVMM in 2.2s
[04:17:41] 🔄 Identity reset
[04:17:44] 🧠 New identity created
[04:17:44] 🔄 Retry 2/5 for EVMM in 4.8s
[04:17:44] 🔄 Identity reset
[04:17:49] 🧠 New identity created
[04:17:49] [59/326] SYCB
[04:17:50] [60/326] GCKI
[04:17:51] [61/326] IAET
[04:17:52] [62/326] DDTD
[04:17:53] [63/326] GMDH
[04:17:55] [64/326] STLE
[04:17:56] [65/326] JTRA
[04:17:57] [66/326] RPPA
[04:17:58] 🔄 Identity reset
[04:17:58] 🔄 Identity rotated (every 10 requests)
[04:17:58] [67/326] ARUT
[04:17:59] [68/326] JTVM
[04:18:00] [69/326] SWRH
[04:18:01] [70/326] DCPC
[04:18:02] [71/326] RAPR
[04:18:03] [72/326] GCRT
[04:18:05] [73/326] ATUN
[04:18:06] [74/326] LTRM
[04:18:07] [75/326] TASR
[04:18:08] [76/326] RLLC
[04:18:09] 🔄 Identity reset
[04:18:09] 🔄 Identity rotated (every 10 requests)
[04:18:09] [77/326] MABI
[04:18:11] [78/326] SVHB
[04:18:12] [79/326] NVTB
[04:18:13] [80/326] KCKG
[04:18:14] [81/326] SSRN
[04:18:15] [82/326] VDDC
[04:18:16] [83/326] GKTK
[04:18:17] [84/326] YFSN
[04:18:18] [85/326] GCSG
[04:18:20] [86/326] ESSM
[04:18:20] 🔄 Identity reset
[04:18:20] 🔄 Identity rotated (every 10 requests)
[04:18:21] [87/326] KRIH
[04:18:22] [88/326] GCDS
[04:18:23] [89/326] CCSH
[04:18:24] [90/326] ACSK
[04:18:24] [91/326] APRK
[04:18:26] [92/326] ADKM
[04:18:26] [93/326] SRDM
[04:18:27] [94/326] SJMY
[04:18:29] [95/326] PGGC
[04:18:30] [96/326] INGM
[04:18:30] 🔄 Identity reset
[04:18:30] 🔄 Identity rotated (every 10 requests)
[04:18:31] [97/326] LSCB
[04:18:32] [98/326] STAD
[04:18:33] [99/326] MCCR
[04:18:34] [100/326] ABCC
[04:18:34] [101/326] RKCC
[04:18:35] [102/326] RTCR
[04:18:36] [103/326] GGBC
[04:18:37] [104/326] GCSD
[04:18:39] [105/326] LPTY
[04:18:40] [106/326] MCFD
[04:18:40] 🔄 Identity reset
[04:18:41] 🔄 Identity rotated (every 10 requests)
[04:18:41] 🔄 Retry 1/5 for MCFD in 2.2s
[04:18:41] 🔄 Identity reset
[04:18:43] 🧠 New identity created
[04:18:43] 🔄 Retry 2/5 for MCFD in 5.0s
[04:18:43] 🔄 Identity reset
[04:18:48] 🧠 New identity created
[04:18:49] [107/326] HENN
[04:18:50] [108/326] SMKU
[04:18:51] [109/326] TNZC
[04:18:52] [110/326] DRCD
[04:18:52] [111/326] DLCD
[04:18:54] [112/326] RCDA
[04:18:54] [113/326] COSM
[04:18:55] [114/326] MCMJ
[04:18:56] 🔄 Identity reset
[04:18:56] 🔄 Identity rotated (every 10 requests)
[04:18:56] [115/326] CSTR
[04:18:57] [116/326] CVDK
[04:18:58] [117/326] INRR
[04:18:59] [118/326] RJRT
[04:19:00] [119/326] IRMR
[04:19:01] [120/326] SRCF
[04:19:02] [121/326] GRCR
[04:19:03] [122/326] SURC
[04:19:04] [123/326] NMNH
[04:19:05] [124/326] SVBL
[04:19:06] 🔄 Identity reset
[04:19:06] 🔄 Identity rotated (every 10 requests)
[04:19:06] 🔄 Retry 1/5 for SVBL in 2.8s
[04:19:06] 🔄 Identity reset
[04:19:09] 🧠 New identity created
[04:19:09] [125/326] KACI
[04:19:10] [126/326] TDGO
[04:19:11] [127/326] KTBR
[04:19:12] [128/326] PMAD
[04:19:13] [129/326] CCPN
[04:19:14] [130/326] SBTK
[04:19:15] [131/326] LMDK
[04:19:16] [132/326] PGDA
[04:19:17] [133/326] SRML
[04:19:18] 🔄 Identity reset
[04:19:18] 🔄 Identity rotated (every 10 requests)
[04:19:19] [134/326] EVCK
[04:19:20] [135/326] RTTK
[04:19:20] [136/326] SRTU
[04:19:21] [137/326] VRSA
[04:19:22] [138/326] VARS
[04:19:23] [139/326] DSCZ
[04:19:25] [140/326] GAGA
[04:19:26] [141/326] SARV
[04:19:27] [142/326] SEEG
[04:19:27] [143/326] GLCA
[04:19:28] 🔄 Identity reset
[04:19:28] 🔄 Identity rotated (every 10 requests)
[04:19:29] [144/326] APAS
[04:19:30] [145/326] VCIA
[04:19:31] [146/326] SJTA
[04:19:32] [147/326] SABM
[04:19:33] [148/326] PPAG
[04:19:34] [149/326] RVCA
[04:19:35] [150/326] CCIA
[04:19:35] [151/326] HTAG
[04:19:36] [152/326] SMBI
[04:19:37] [153/326] MCJR
[04:19:38] 🔄 Identity reset
[04:19:38] 🔄 Identity rotated (every 10 requests)
[04:19:38] 🔄 Retry 1/5 for MCJR in 2.4s
[04:19:38] 🔄 Identity reset
[04:19:40] 🧠 New identity created
[04:19:40] 🔄 Retry 2/5 for MCJR in 4.3s
[04:19:40] 🔄 Identity reset
[04:19:45] 🧠 New identity created
[04:19:45] [154/326] CCJR
[04:19:46] [155/326] SINF
[04:19:47] [156/326] CPLX
[04:19:48] [157/326] KKTJ
[04:19:49] [158/326] GDBW
[04:19:50] [159/326] CSUB
[04:19:51] [160/326] DABA
[04:19:52] [161/326] TITR
[04:19:52] 🔄 Identity reset
[04:19:52] 🔄 Identity rotated (every 10 requests)
[04:19:53] [162/326] NYCR
[04:19:54] [163/326] RTRY
[04:19:54] [164/326] JTJL
[04:19:55] [165/326] SJCP
[04:19:56] [166/326] KCCA
[04:19:57] [167/326] MLPG
[04:19:59] [168/326] VRCK
[04:20:00] [169/326] SRIN
[04:20:01] [170/326] CXMK
[04:20:02] [171/326] SKAD
[04:20:02] 🔄 Identity reset
[04:20:02] 🔄 Identity rotated (every 10 requests)
[04:20:02] 🔄 Retry 1/5 for SKAD in 2.0s
[04:20:02] 🔄 Identity reset
[04:20:04] 🧠 New identity created
[04:20:05] [172/326] AVTR
[04:20:06] [173/326] PTAJ
[04:20:07] [174/326] SCNK
[04:20:08] [175/326] STTI
[04:20:10] [176/326] KACR
[04:20:11] [177/326] SSDX
[04:20:12] [178/326] VRTJ
[04:20:13] [179/326] RAJD
[04:20:14] [180/326] SCIP
[04:20:14] 🔄 Identity reset
[04:20:14] 🔄 Identity rotated (every 10 requests)
[04:20:15] [181/326] RJSL
[04:20:16] [182/326] ARRS
[04:20:16] [183/326] ASMS
[04:20:17] [184/326] RDTS
[04:20:18] [185/326] DVMY
[04:20:19] [186/326] RASA
[04:20:20] [187/326] INOM
[04:20:22] [188/326] SPRS
[04:20:23] [189/326] SGCS
[04:20:24] [190/326] SALM
[04:20:25] 🔄 Identity reset
[04:20:25] 🔄 Identity rotated (every 10 requests)
[04:20:26] [191/326] PKHC
[04:20:27] [192/326] RCSV
[04:20:28] [193/326] CPKC
[04:20:29] [194/326] AACD
[04:20:30] [195/326] GGCV
[04:20:31] [196/326] SMKD
[04:20:32] [197/326] NBCH
[04:20:33] [198/326] AMCB
[04:20:34] [199/326] OPCN
[04:20:35] [200/326] DCIN
[04:20:35] 🔄 Identity reset
[04:20:35] 🔄 Identity rotated (every 10 requests)
[04:20:35] 🔄 Retry 1/5 for DCIN in 2.7s
[04:20:35] 🔄 Identity reset
[04:20:38] 🧠 New identity created
[04:20:38] [201/326] INGW
[04:20:39] [202/326] PKKW
[04:20:40] [203/326] FNGW
[04:20:41] [204/326] GCGD
[04:20:42] [205/326] MSTW
[04:20:43] [206/326] KCCG
[04:20:45] [207/326] MRSS
[04:20:46] [208/326] CLCF
[04:20:47] [209/326] EETS
[04:20:47] 🔄 Identity reset
[04:20:47] 🔄 Identity rotated (every 10 requests)
[04:20:48] [210/326] AATR
[04:20:49] [211/326] CMMN
[04:20:50] [212/326] SCCJ
[04:20:51] [213/326] CDTK
[04:20:52] [214/326] AICP
[04:20:53] [215/326] FNBP
[04:20:54] [216/326] CBPB
[04:20:55] [217/326] CPAS
[04:20:56] [218/326] MAPM
[04:20:58] [219/326] PASD
[04:20:59] 🔄 Identity reset
[04:20:59] 🔄 Identity rotated (every 10 requests)
[04:21:00] [220/326] JCMN
[04:21:01] [221/326] MALB
[04:21:02] [222/326] SACG
[04:21:03] [223/326] DDRX
[04:21:03] [224/326] DDXB
[04:21:05] [225/326] RAMC
[04:21:05] [226/326] SANC
[04:21:07] [227/326] BCBP
[04:21:08] [228/326] ALPC
[04:21:09] [229/326] RBAC
[04:21:10] 🔄 Identity reset
[04:21:10] 🔄 Identity rotated (every 10 requests)
[04:21:10] [230/326] RAJL
[04:21:11] [231/326] MPDX
[04:21:12] [232/326] MUSC
[04:21:14] [233/326] VKMK
[04:21:15] [234/326] SKCG
[04:21:15] [235/326] ANCN
[04:21:16] [236/326] MMCJ
[04:21:17] [237/326] DCAK
[04:21:18] [238/326] SCKG
[04:21:20] [239/326] LMCK
[04:21:21] 🔄 Identity reset
[04:21:21] 🔄 Identity rotated (every 10 requests)
[04:21:21] [240/326] CKKX
[04:21:22] [241/326] ANKU
[04:21:23] [242/326] CSMD
[04:21:24] [243/326] MKMP
[04:21:25] [244/326] SVBG
[04:21:26] [245/326] ROOP
[04:21:27] [246/326] GDMT
[04:21:27] [247/326] FPPF
[04:21:28] [248/326] SFUU
[04:21:29] [249/326] ANCB
[04:21:30] 🔄 Identity reset
[04:21:30] 🔄 Identity rotated (every 10 requests)
[04:21:30] [250/326] SMMC
[04:21:32] [251/326] UGKT
[04:21:33] [252/326] JVRM
[04:21:34] [253/326] BATG
[04:21:35] [254/326] RATE
[04:21:36] [255/326] SKME
[04:21:37] [256/326] LMTP
[04:21:38] [257/326] TCBD
[04:21:39] [258/326] ESBD
[04:21:40] [259/326] GDCU
[04:21:40] 🔄 Identity reset
[04:21:40] 🔄 Identity rotated (every 10 requests)
[04:21:41] [260/326] SNKT
[04:21:42] [261/326] SRNK
[04:21:43] [262/326] SMED
[04:21:44] [263/326] CSQS
[04:21:45] [264/326] ALCS
[04:21:45] [265/326] KCKN
[04:21:46] [266/326] VCCL
[04:21:47] [267/326] MCDA
[04:21:48] [268/326] SHMI
[04:21:49] [269/326] SKHA
[04:21:50] 🔄 Identity reset
[04:21:50] 🔄 Identity rotated (every 10 requests)
[04:21:50] [270/326] SVFK
[04:21:51] [271/326] INVB
[04:21:52] [272/326] MELD
[04:21:54] [273/326] JTYS
[04:21:55] [274/326] INCM
[04:21:56] [275/326] MCDV
[04:21:57] [276/326] KSGK
[04:21:58] [277/326] ICMG
[04:21:59] [278/326] CSCV
[04:22:00] [279/326] STMD
[04:22:00] 🔄 Identity reset
[04:22:00] 🔄 Identity rotated (every 10 requests)
[04:22:01] [280/326] STTR
[04:22:02] [281/326] INVC
[04:22:03] [282/326] JTBL
[04:22:04] [283/326] SRVV
[04:22:05] [284/326] MAVC
[04:22:06] [285/326] SRPP
[04:22:07] [286/326] JGDM
[04:22:08] [287/326] MBSJ
[04:22:09] [288/326] SSLL
[04:22:11] [289/326] SLKP
[04:22:12] 🔄 Identity reset
[04:22:12] 🔄 Identity rotated (every 10 requests)
[04:22:12] [290/326] NSRV
[04:22:13] [291/326] UTDV
[04:22:14] [292/326] KICM
[04:22:15] [293/326] KCMD
[04:22:16] [294/326] TTPP
[04:22:17] [295/326] KMPV
[04:22:17] [296/326] SKTV
[04:22:18] [297/326] STCV
[04:22:20] [298/326] SRDA
[04:22:22] [299/326] JTSX
[04:22:23] 🔄 Identity reset
[04:22:23] 🔄 Identity rotated (every 10 requests)
[04:22:23] [300/326] STBV
[04:22:24] [301/326] APVZ
[04:22:25] [302/326] GSTV
[04:22:26] [303/326] NMVS
[04:22:27] [304/326] SKRT
[04:22:28] [305/326] RMDV
[04:22:29] [306/326] RATG
[04:22:30] [307/326] SJYV
[04:22:31] [308/326] NDGP
[04:22:32] [309/326] SNDG
[04:22:32] 🔄 Identity reset
[04:22:32] 🔄 Identity rotated (every 10 requests)
[04:22:33] [310/326] INSR
[04:22:34] [311/326] INSO
[04:22:34] [312/326] CCSI
[04:22:35] [313/326] RASM
[04:22:36] [314/326] NEWC
[04:22:37] [315/326] VSHL
[04:22:38] [316/326] BISW
[04:22:39] [317/326] GCNG
[04:22:40] [318/326] CWSC
[04:22:41] [319/326] SKAN
[04:22:41] 🔄 Identity reset
[04:22:41] 🔄 Identity rotated (every 10 requests)
[04:22:42] 🔄 Retry 1/5 for SKAN in 2.6s
[04:22:42] 🔄 Identity reset
[04:22:44] 🧠 New identity created
[04:22:45] [320/326] CCOA
[04:22:47] [321/326] MCAJ
[04:22:48] [322/326] ACDE
[04:22:48] [323/326] AACM
[04:22:49] [324/326] JJCK
[04:22:50] [325/326] RCMO
[04:22:51] [326/326] GDAW
[04:22:52] ✅ DONE | Shows=6 | Movies=3
[05:13:46] 🚀 BMS DAILY TRACKER STARTED (enhanced anti‑detection)
[05:13:46] [1/326] VCHA
[05:13:46] 🧠 New identity created
[05:13:47] [2/326] SCKO
[05:13:48] [3/326] VKTK
[05:13:49] [4/326] DXEC
[05:13:49] [5/326] CDCA
[05:13:50] [6/326] VBCZ
[05:13:51] [7/326] MSDR
[05:13:52] [8/326] ACPV
[05:13:53] [9/326] PVHB
[05:13:55] [10/326] RCNH
[05:13:55] 🔄 Identity reset
[05:13:55] 🔄 Identity rotated (every 10 requests)
[05:13:56] [11/326] IOMH
[05:13:57] [12/326] ILKS
[05:13:59] [13/326] AMSN
[05:14:00] [14/326] ANTP
[05:14:02] [15/326] SSEK
[05:14:04] [16/326] PICP
[05:14:05] [17/326] SICO
[05:14:06] [18/326] SISP
[05:14:06] [19/326] SCPI
[05:14:07] [20/326] CRPR
[05:14:08] 🔄 Identity reset
[05:14:08] 🔄 Identity rotated (every 10 requests)
[05:14:08] [21/326] DCTW
[05:14:09] [22/326] DCSP
[05:14:11] [23/326] KRPM
[05:14:11] [24/326] THKK
[05:14:12] [25/326] SNMY
[05:14:13] [26/326] AKCC
[05:14:14] [27/326] PCAT
[05:14:15] [28/326] RFGO
[05:14:16] [29/326] GGCS
[05:14:17] [30/326] ACKR
[05:14:18] 🔄 Identity reset
[05:14:18] 🔄 Identity rotated (every 10 requests)
[05:14:19] [31/326] STDO
[05:14:19] [32/326] ACKB
[05:14:21] [33/326] ALUC
[05:14:23] [34/326] MNSR
[05:14:23] [35/326] CSSL
[05:14:24] [36/326] BGGM
[05:14:26] [37/326] MANT
[05:14:26] [38/326] SOOY
[05:14:27] [39/326] VPPK
[05:14:28] [40/326] MYHJ
[05:14:29] 🔄 Identity reset
[05:14:29] 🔄 Identity rotated (every 10 requests)
[05:14:29] 🔄 Retry 1/5 for MYHJ in 2.8s
[05:14:29] 🔄 Identity reset
[05:14:31] 🧠 New identity created
[05:14:32] [41/326] KSCK
[05:14:32] [42/326] KATK
[05:14:33] [43/326] RTRT
[05:14:34] [44/326] SSTT
[05:14:35] [45/326] SSTV
[05:14:36] [46/326] LACM
[05:14:37] [47/326] SGMG
[05:14:38] [48/326] KACX
[05:14:39] [49/326] GVCP
[05:14:40] 🔄 Identity reset
[05:14:40] 🔄 Identity rotated (every 10 requests)
[05:14:40] [50/326] CSNC
[05:14:41] [51/326] SXCB
[05:14:42] [52/326] BAHS
[05:14:43] [53/326] PCBI
[05:14:44] [54/326] PSSM
[05:14:46] [55/326] RCOK
[05:14:47] [56/326] SCPF
[05:14:48] [57/326] SSAS
[05:14:49] [58/326] EVMM
[05:14:50] [59/326] SYCB
[05:14:51] 🔄 Identity reset
[05:14:51] 🔄 Identity rotated (every 10 requests)
[05:14:51] [60/326] GCKI
[05:14:53] [61/326] IAET
[05:14:54] [62/326] DDTD
[05:14:55] [63/326] GMDH
[05:14:56] [64/326] STLE
[05:14:57] [65/326] JTRA
[05:14:58] [66/326] RPPA
[05:14:59] [67/326] ARUT
[05:15:00] [68/326] JTVM
[05:15:02] [69/326] SWRH
[05:15:03] 🔄 Identity reset
[05:15:03] 🔄 Identity rotated (every 10 requests)
[05:15:03] [70/326] DCPC
[05:15:04] [71/326] RAPR
[05:15:05] [72/326] GCRT
[05:15:06] [73/326] ATUN
[05:15:07] [74/326] LTRM
[05:15:08] [75/326] TASR
[05:15:09] [76/326] RLLC
[05:15:11] [77/326] MABI
[05:15:12] [78/326] SVHB
[05:15:13] [79/326] NVTB
[05:15:14] 🔄 Identity reset
[05:15:14] 🔄 Identity rotated (every 10 requests)
[05:15:14] [80/326] KCKG
[05:15:15] [81/326] SSRN
[05:15:16] [82/326] VDDC
[05:15:17] [83/326] GKTK
[05:15:18] [84/326] YFSN
[05:15:19] [85/326] GCSG
[05:15:21] [86/326] ESSM
[05:15:21] [87/326] KRIH
[05:15:23] [88/326] GCDS
[05:15:24] [89/326] CCSH
[05:15:25] 🔄 Identity reset
[05:15:25] 🔄 Identity rotated (every 10 requests)
[05:15:26] [90/326] ACSK
[05:15:26] [91/326] APRK
[05:15:28] [92/326] ADKM
[05:15:30] [93/326] SRDM
[05:15:30] [94/326] SJMY
[05:15:32] [95/326] PGGC
[05:15:33] [96/326] INGM
[05:15:35] [97/326] LSCB
[05:15:36] [98/326] STAD
[05:15:37] [99/326] MCCR
[05:15:38] 🔄 Identity reset
[05:15:38] 🔄 Identity rotated (every 10 requests)
[05:15:39] [100/326] ABCC
[05:15:40] [101/326] RKCC
[05:15:41] [102/326] RTCR
[05:15:42] [103/326] GGBC
[05:15:43] [104/326] GCSD
[05:15:43] [105/326] LPTY
[05:15:44] [106/326] MCFD
[05:15:46] [107/326] HENN
[05:15:47] [108/326] SMKU
[05:15:48] [109/326] TNZC
[05:15:49] 🔄 Identity reset
[05:15:49] 🔄 Identity rotated (every 10 requests)
[05:15:50] [110/326] DRCD
[05:15:51] [111/326] DLCD
[05:15:52] [112/326] RCDA
[05:15:54] [113/326] COSM
[05:15:55] [114/326] MCMJ
[05:15:57] [115/326] CSTR
[05:15:59] [116/326] CVDK
[05:16:00] [117/326] INRR
[05:16:01] [118/326] RJRT
[05:16:02] [119/326] IRMR
[05:16:03] 🔄 Identity reset
[05:16:03] 🔄 Identity rotated (every 10 requests)
[05:16:03] [120/326] SRCF
[05:16:05] [121/326] GRCR
[05:16:06] [122/326] SURC
[05:16:08] [123/326] NMNH
[05:16:09] [124/326] SVBL
[05:16:10] [125/326] KACI
[05:16:11] [126/326] TDGO
[05:16:12] [127/326] KTBR
[05:16:13] [128/326] PMAD
[05:16:15] [129/326] CCPN
[05:16:15] 🔄 Identity reset
[05:16:15] 🔄 Identity rotated (every 10 requests)
[05:16:16] [130/326] SBTK
[05:16:17] [131/326] LMDK
[05:16:19] [132/326] PGDA
[05:16:19] [133/326] SRML
[05:16:20] [134/326] EVCK
[05:16:21] [135/326] RTTK
[05:16:22] [136/326] SRTU
[05:16:24] [137/326] VRSA
[05:16:24] [138/326] VARS
[05:16:26] [139/326] DSCZ
[05:16:27] 🔄 Identity reset
[05:16:27] 🔄 Identity rotated (every 10 requests)
[05:16:27] [140/326] GAGA
[05:16:28] [141/326] SARV
[05:16:29] [142/326] SEEG
[05:16:30] [143/326] GLCA
[05:16:30] [144/326] APAS
[05:16:31] [145/326] VCIA
[05:16:32] [146/326] SJTA
[05:16:33] [147/326] SABM
[05:16:34] [148/326] PPAG
[05:16:35] [149/326] RVCA
[05:16:36] 🔄 Identity reset
[05:16:36] 🔄 Identity rotated (every 10 requests)
[05:16:36] 🔄 Retry 1/5 for RVCA in 2.8s
[05:16:36] 🔄 Identity reset
[05:16:39] 🧠 New identity created
[05:16:39] [150/326] CCIA
[05:16:40] [151/326] HTAG
[05:16:41] [152/326] SMBI
[05:16:42] [153/326] MCJR
[05:16:43] [154/326] CCJR
[05:16:44] [155/326] SINF
[05:16:45] [156/326] CPLX
[05:16:47] [157/326] KKTJ
[05:16:48] [158/326] GDBW
[05:16:49] 🔄 Identity reset
[05:16:49] 🔄 Identity rotated (every 10 requests)
[05:16:49] 🔄 Retry 1/5 for GDBW in 2.2s
[05:16:49] 🔄 Identity reset
[05:16:51] 🧠 New identity created
[05:16:52] [159/326] CSUB
[05:16:53] [160/326] DABA
[05:16:54] [161/326] TITR
[05:16:56] [162/326] NYCR
[05:16:57] [163/326] RTRY
[05:16:58] [164/326] JTJL
[05:17:00] [165/326] SJCP
[05:17:00] [166/326] KCCA
[05:17:01] [167/326] MLPG
[05:17:02] 🔄 Identity reset
[05:17:02] 🔄 Identity rotated (every 10 requests)
[05:17:02] [168/326] VRCK
[05:17:03] [169/326] SRIN
[05:17:05] [170/326] CXMK
[05:17:05] [171/326] SKAD
[05:17:06] [172/326] AVTR
[05:17:07] [173/326] PTAJ
[05:17:08] [174/326] SCNK
[05:17:09] [175/326] STTI
[05:17:10] [176/326] KACR
[05:17:11] [177/326] SSDX
[05:17:11] 🔄 Identity reset
[05:17:11] 🔄 Identity rotated (every 10 requests)
[05:17:12] [178/326] VRTJ
[05:17:13] [179/326] RAJD
[05:17:14] [180/326] SCIP
[05:17:15] [181/326] RJSL
[05:17:16] [182/326] ARRS
[05:17:18] [183/326] ASMS
[05:17:19] [184/326] RDTS
[05:17:20] [185/326] DVMY
[05:17:21] [186/326] RASA
[05:17:23] [187/326] INOM
[05:17:23] 🔄 Identity reset
[05:17:23] 🔄 Identity rotated (every 10 requests)
[05:17:24] [188/326] SPRS
[05:17:25] [189/326] SGCS
[05:17:26] [190/326] SALM
[05:17:27] [191/326] PKHC
[05:17:28] [192/326] RCSV
[05:17:29] [193/326] CPKC
[05:17:29] [194/326] AACD
[05:17:31] [195/326] GGCV
[05:17:33] [196/326] SMKD
[05:17:34] [197/326] NBCH
[05:17:34] 🔄 Identity reset
[05:17:35] 🔄 Identity rotated (every 10 requests)
[05:17:35] [198/326] AMCB
[05:17:36] [199/326] OPCN
[05:17:37] [200/326] DCIN
[05:17:38] [201/326] INGW
[05:17:40] [202/326] PKKW
[05:17:41] [203/326] FNGW
[05:17:42] [204/326] GCGD
[05:17:43] [205/326] MSTW
[05:17:44] [206/326] KCCG
[05:17:45] [207/326] MRSS
[05:17:46] 🔄 Identity reset
[05:17:46] 🔄 Identity rotated (every 10 requests)
[05:17:47] [208/326] CLCF
[05:17:48] [209/326] EETS
[05:17:49] [210/326] AATR
[05:17:50] [211/326] CMMN
[05:17:51] [212/326] SCCJ
[05:17:51] [213/326] CDTK
[05:17:52] [214/326] AICP
[05:17:54] [215/326] FNBP
[05:17:55] [216/326] CBPB
[05:17:57] [217/326] CPAS
[05:17:57] 🔄 Identity reset
[05:17:57] 🔄 Identity rotated (every 10 requests)
[05:17:58] [218/326] MAPM
[05:17:59] [219/326] PASD
[05:18:00] [220/326] JCMN
[05:18:02] [221/326] MALB
[05:18:03] [222/326] SACG
[05:18:04] [223/326] DDRX
[05:18:05] [224/326] DDXB
[05:18:06] [225/326] RAMC
[05:18:07] [226/326] SANC
[05:18:09] [227/326] BCBP
[05:18:09] 🔄 Identity reset
[05:18:09] 🔄 Identity rotated (every 10 requests)
[05:18:10] [228/326] ALPC
[05:18:11] [229/326] RBAC
[05:18:12] [230/326] RAJL
[05:18:12] [231/326] MPDX
[05:18:14] [232/326] MUSC
[05:18:15] [233/326] VKMK
[05:18:17] [234/326] SKCG
[05:18:18] [235/326] ANCN
[05:18:19] [236/326] MMCJ
[05:18:20] [237/326] DCAK
[05:18:21] 🔄 Identity reset
[05:18:21] 🔄 Identity rotated (every 10 requests)
[05:18:22] [238/326] SCKG
[05:18:23] [239/326] LMCK
[05:18:24] [240/326] CKKX
[05:18:24] [241/326] ANKU
[05:18:26] [242/326] CSMD
[05:18:27] [243/326] MKMP
[05:18:28] [244/326] SVBG
[05:18:30] [245/326] ROOP
[05:18:31] [246/326] GDMT
[05:18:31] [247/326] FPPF
[05:18:32] 🔄 Identity reset
[05:18:32] 🔄 Identity rotated (every 10 requests)
[05:18:32] [248/326] SFUU
[05:18:33] [249/326] ANCB
[05:18:34] [250/326] SMMC
[05:18:36] [251/326] UGKT
[05:18:37] [252/326] JVRM
[05:18:37] [253/326] BATG
[05:18:39] [254/326] RATE
[05:18:40] [255/326] SKME
[05:18:41] [256/326] LMTP
[05:18:42] [257/326] TCBD
[05:18:43] 🔄 Identity reset
[05:18:43] 🔄 Identity rotated (every 10 requests)
[05:18:44] [258/326] ESBD
[05:18:45] [259/326] GDCU
[05:18:46] [260/326] SNKT
[05:18:48] [261/326] SRNK
[05:18:48] [262/326] SMED
[05:18:49] [263/326] CSQS
[05:18:50] [264/326] ALCS
[05:18:52] [265/326] KCKN
[05:18:53] [266/326] VCCL
[05:18:54] [267/326] MCDA
[05:18:55] 🔄 Identity reset
[05:18:55] 🔄 Identity rotated (every 10 requests)
[05:18:56] [268/326] SHMI
[05:18:56] [269/326] SKHA
[05:18:57] [270/326] SVFK
[05:18:59] [271/326] INVB
[05:19:00] [272/326] MELD
[05:19:01] [273/326] JTYS
[05:19:02] [274/326] INCM
[05:19:03] [275/326] MCDV
[05:19:04] [276/326] KSGK
[05:19:04] [277/326] ICMG
[05:19:05] 🔄 Identity reset
[05:19:05] 🔄 Identity rotated (every 10 requests)
[05:19:05] [278/326] CSCV
[05:19:07] [279/326] STMD
[05:19:08] [280/326] STTR
[05:19:09] [281/326] INVC
[05:19:10] [282/326] JTBL
[05:19:11] [283/326] SRVV
[05:19:12] [284/326] MAVC
[05:19:13] [285/326] SRPP
[05:19:14] [286/326] JGDM
[05:19:16] [287/326] MBSJ
[05:19:16] 🔄 Identity reset
[05:19:16] 🔄 Identity rotated (every 10 requests)
[05:19:17] [288/326] SSLL
[05:19:19] [289/326] SLKP
[05:19:20] [290/326] NSRV
[05:19:22] [291/326] UTDV
[05:19:23] [292/326] KICM
[05:19:23] [293/326] KCMD
[05:19:25] [294/326] TTPP
[05:19:26] [295/326] KMPV
[05:19:27] [296/326] SKTV
[05:19:28] [297/326] STCV
[05:19:29] 🔄 Identity reset
[05:19:29] 🔄 Identity rotated (every 10 requests)
[05:19:29] [298/326] SRDA
[05:19:31] [299/326] JTSX
[05:19:32] [300/326] STBV
[05:19:34] [301/326] APVZ
[05:19:35] [302/326] GSTV
[05:19:36] [303/326] NMVS
[05:19:38] [304/326] SKRT
[05:19:39] [305/326] RMDV
[05:19:40] [306/326] RATG
[05:19:41] [307/326] SJYV
[05:19:42] 🔄 Identity reset
[05:19:42] 🔄 Identity rotated (every 10 requests)
[05:19:43] [308/326] NDGP
[05:19:44] [309/326] SNDG
[05:19:46] [310/326] INSR
[05:19:47] [311/326] INSO
[05:19:48] [312/326] CCSI
[05:19:49] [313/326] RASM
[05:19:50] [314/326] NEWC
[05:19:51] [315/326] VSHL
[05:19:52] [316/326] BISW
[05:19:54] [317/326] GCNG
[05:19:55] 🔄 Identity reset
[05:19:55] 🔄 Identity rotated (every 10 requests)
[05:19:56] [318/326] CWSC
[05:19:57] [319/326] SKAN
[05:19:59] [320/326] CCOA
[05:20:00] [321/326] MCAJ
[05:20:02] [322/326] ACDE
[05:20:03] [323/326] AACM
[05:20:04] [324/326] JJCK
[05:20:05] [325/326] RCMO
[05:20:06] [326/326] GDAW
[05:20:07] ✅ DONE | Shows=21 | Movies=5
[06:06:45] 🚀 BMS DAILY TRACKER STARTED (enhanced anti‑detection)
[06:06:45] [1/326] VCHA
[06:06:46] 🧠 New identity created
[06:06:46] [2/326] SCKO
[06:06:47] [3/326] VKTK
[06:06:48] [4/326] DXEC
[06:06:49] [5/326] CDCA
[06:06:49] [6/326] VBCZ
[06:06:50] [7/326] MSDR
[06:06:52] [8/326] ACPV
[06:06:52] [9/326] PVHB
[06:06:54] [10/326] RCNH
[06:06:55] 🔄 Identity reset
[06:06:55] 🔄 Identity rotated (every 10 requests)
[06:06:55] [11/326] IOMH
[06:06:56] [12/326] ILKS
[06:06:56] [13/326] AMSN
[06:06:57] [14/326] ANTP
[06:06:57] [15/326] SSEK
[06:06:58] [16/326] PICP
[06:06:59] [17/326] SICO
[06:07:00] [18/326] SISP
[06:07:01] [19/326] SCPI
[06:07:02] [20/326] CRPR
[06:07:02] 🔄 Identity reset
[06:07:02] 🔄 Identity rotated (every 10 requests)
[06:07:02] [21/326] DCTW
[06:07:03] [22/326] DCSP
[06:07:03] [23/326] KRPM
[06:07:04] [24/326] THKK
[06:07:05] [25/326] SNMY
[06:07:06] [26/326] AKCC
[06:07:07] [27/326] PCAT
[06:07:08] [28/326] RFGO
[06:07:08] [29/326] GGCS
[06:07:09] [30/326] ACKR
[06:07:09] 🔄 Identity reset
[06:07:10] 🔄 Identity rotated (every 10 requests)
[06:07:10] [31/326] STDO
[06:07:11] [32/326] ACKB
[06:07:12] [33/326] ALUC
[06:07:12] [34/326] MNSR
[06:07:13] [35/326] CSSL
[06:07:13] [36/326] BGGM
[06:07:14] [37/326] MANT
[06:07:15] [38/326] SOOY
[06:07:16] [39/326] VPPK
[06:07:17] [40/326] MYHJ
[06:07:17] 🔄 Identity reset
[06:07:17] 🔄 Identity rotated (every 10 requests)
[06:07:18] [41/326] KSCK
[06:07:18] [42/326] KATK
[06:07:19] [43/326] RTRT
[06:07:20] [44/326] SSTT
[06:07:21] [45/326] SSTV
[06:07:22] [46/326] LACM
[06:07:22] [47/326] SGMG
[06:07:23] [48/326] KACX
[06:07:24] [49/326] GVCP
[06:07:25] [50/326] CSNC
[06:07:25] 🔄 Identity reset
[06:07:25] 🔄 Identity rotated (every 10 requests)
[06:07:26] [51/326] SXCB
[06:07:27] [52/326] BAHS
[06:07:27] [53/326] PCBI
[06:07:28] [54/326] PSSM
[06:07:29] [55/326] RCOK
[06:07:30] [56/326] SCPF
[06:07:31] [57/326] SSAS
[06:07:32] [58/326] EVMM
[06:07:33] [59/326] SYCB
[06:07:34] [60/326] GCKI
[06:07:35] 🔄 Identity reset
[06:07:35] 🔄 Identity rotated (every 10 requests)
[06:07:35] 🔄 Retry 1/5 for GCKI in 2.6s
[06:07:35] 🔄 Identity reset
[06:07:37] 🧠 New identity created
[06:07:37] [61/326] IAET
[06:07:38] [62/326] DDTD
[06:07:39] [63/326] GMDH
[06:07:39] [64/326] STLE
[06:07:40] [65/326] JTRA
[06:07:41] [66/326] RPPA
[06:07:41] [67/326] ARUT
[06:07:42] [68/326] JTVM
[06:07:43] [69/326] SWRH
[06:07:43] 🔄 Identity reset
[06:07:43] 🔄 Identity rotated (every 10 requests)
[06:07:43] [70/326] DCPC
[06:07:44] [71/326] RAPR
[06:07:45] [72/326] GCRT
[06:07:46] [73/326] ATUN
[06:07:46] [74/326] LTRM
[06:07:47] [75/326] TASR
[06:07:48] [76/326] RLLC
[06:07:49] [77/326] MABI
[06:07:49] [78/326] SVHB
[06:07:50] [79/326] NVTB
[06:07:51] 🔄 Identity reset
[06:07:51] 🔄 Identity rotated (every 10 requests)
[06:07:51] [80/326] KCKG
[06:07:52] [81/326] SSRN
[06:07:53] [82/326] VDDC
[06:07:54] [83/326] GKTK
[06:07:54] [84/326] YFSN
[06:07:55] [85/326] GCSG
[06:07:56] [86/326] ESSM
[06:07:57] [87/326] KRIH
[06:07:57] [88/326] GCDS
[06:07:58] [89/326] CCSH
[06:07:59] 🔄 Identity reset
[06:07:59] 🔄 Identity rotated (every 10 requests)
[06:07:59] 🔄 Retry 1/5 for CCSH in 2.6s
[06:07:59] 🔄 Identity reset
[06:08:01] 🧠 New identity created
[06:08:02] [90/326] ACSK
[06:08:02] [91/326] APRK
[06:08:03] [92/326] ADKM
[06:08:03] [93/326] SRDM
[06:08:04] [94/326] SJMY
[06:08:06] [95/326] PGGC
[06:08:07] [96/326] INGM
[06:08:08] [97/326] LSCB
[06:08:09] [98/326] STAD
[06:08:09] 🔄 Identity reset
[06:08:09] 🔄 Identity rotated (every 10 requests)
[06:08:10] [99/326] MCCR
[06:08:11] [100/326] ABCC
[06:08:11] [101/326] RKCC
[06:08:12] [102/326] RTCR
[06:08:13] [103/326] GGBC
[06:08:13] [104/326] GCSD
[06:08:14] [105/326] LPTY
[06:08:14] [106/326] MCFD
[06:08:15] [107/326] HENN
[06:08:17] [108/326] SMKU
[06:08:17] 🔄 Identity reset
[06:08:17] 🔄 Identity rotated (every 10 requests)
[06:08:18] [109/326] TNZC
[06:08:19] [110/326] DRCD
[06:08:19] [111/326] DLCD
[06:08:20] [112/326] RCDA
[06:08:21] [113/326] COSM
[06:08:21] [114/326] MCMJ
[06:08:22] [115/326] CSTR
[06:08:23] [116/326] CVDK
[06:08:23] [117/326] INRR
[06:08:24] [118/326] RJRT
[06:08:24] 🔄 Identity reset
[06:08:24] 🔄 Identity rotated (every 10 requests)
[06:08:25] [119/326] IRMR
[06:08:25] [120/326] SRCF
[06:08:27] [121/326] GRCR
[06:08:27] [122/326] SURC
[06:08:28] [123/326] NMNH
[06:08:29] [124/326] SVBL
[06:08:30] [125/326] KACI
[06:08:31] [126/326] TDGO
[06:08:32] [127/326] KTBR
[06:08:33] [128/326] PMAD
[06:08:33] 🔄 Identity reset
[06:08:34] 🔄 Identity rotated (every 10 requests)
[06:08:34] [129/326] CCPN
[06:08:34] [130/326] SBTK
[06:08:35] [131/326] LMDK
[06:08:36] [132/326] PGDA
[06:08:37] [133/326] SRML
[06:08:37] [134/326] EVCK
[06:08:38] [135/326] RTTK
[06:08:38] [136/326] SRTU
[06:08:39] [137/326] VRSA
[06:08:40] [138/326] VARS
[06:08:41] 🔄 Identity reset
[06:08:41] 🔄 Identity rotated (every 10 requests)
[06:08:41] [139/326] DSCZ
[06:08:42] [140/326] GAGA
[06:08:42] [141/326] SARV
[06:08:43] [142/326] SEEG
[06:08:44] [143/326] GLCA
[06:08:45] [144/326] APAS
[06:08:46] [145/326] VCIA
[06:08:46] [146/326] SJTA
[06:08:47] [147/326] SABM
[06:08:48] [148/326] PPAG
[06:08:49] 🔄 Identity reset
[06:08:49] 🔄 Identity rotated (every 10 requests)
[06:08:49] [149/326] RVCA
[06:08:49] [150/326] CCIA
[06:08:50] [151/326] HTAG
[06:08:51] [152/326] SMBI
[06:08:52] [153/326] MCJR
[06:08:52] [154/326] CCJR
[06:08:53] [155/326] SINF
[06:08:53] [156/326] CPLX
[06:08:54] [157/326] KKTJ
[06:08:54] [158/326] GDBW
[06:08:55] 🔄 Identity reset
[06:08:55] 🔄 Identity rotated (every 10 requests)
[06:08:56] [159/326] CSUB
[06:08:56] [160/326] DABA
[06:08:57] [161/326] TITR
[06:08:57] [162/326] NYCR
[06:08:58] [163/326] RTRY
[06:08:59] [164/326] JTJL
[06:08:59] [165/326] SJCP
[06:09:00] [166/326] KCCA
[06:09:00] [167/326] MLPG
[06:09:01] [168/326] VRCK
[06:09:02] 🔄 Identity reset
[06:09:02] 🔄 Identity rotated (every 10 requests)
[06:09:02] [169/326] SRIN
[06:09:03] [170/326] CXMK
[06:09:03] [171/326] SKAD
[06:09:04] [172/326] AVTR
[06:09:05] [173/326] PTAJ
[06:09:06] [174/326] SCNK
[06:09:06] [175/326] STTI
[06:09:08] [176/326] KACR
[06:09:09] [177/326] SSDX
[06:09:10] [178/326] VRTJ
[06:09:10] 🔄 Identity reset
[06:09:10] 🔄 Identity rotated (every 10 requests)
[06:09:11] [179/326] RAJD
[06:09:12] [180/326] SCIP
[06:09:12] [181/326] RJSL
[06:09:13] [182/326] ARRS
[06:09:14] [183/326] ASMS
[06:09:14] [184/326] RDTS
[06:09:15] [185/326] DVMY
[06:09:16] [186/326] RASA
[06:09:16] [187/326] INOM
[06:09:17] [188/326] SPRS
[06:09:18] 🔄 Identity reset
[06:09:18] 🔄 Identity rotated (every 10 requests)
[06:09:18] [189/326] SGCS
[06:09:18] [190/326] SALM
[06:09:19] [191/326] PKHC
[06:09:20] [192/326] RCSV
[06:09:20] [193/326] CPKC
[06:09:21] [194/326] AACD
[06:09:21] [195/326] GGCV
[06:09:22] [196/326] SMKD
[06:09:22] [197/326] NBCH
[06:09:23] [198/326] AMCB
[06:09:24] 🔄 Identity reset
[06:09:24] 🔄 Identity rotated (every 10 requests)
[06:09:24] [199/326] OPCN
[06:09:25] [200/326] DCIN
[06:09:25] [201/326] INGW
[06:09:26] [202/326] PKKW
[06:09:26] [203/326] FNGW
[06:09:27] [204/326] GCGD
[06:09:28] [205/326] MSTW
[06:09:29] [206/326] KCCG
[06:09:29] [207/326] MRSS
[06:09:30] [208/326] CLCF
[06:09:31] 🔄 Identity reset
[06:09:31] 🔄 Identity rotated (every 10 requests)
[06:09:31] [209/326] EETS
[06:09:32] [210/326] AATR
[06:09:32] [211/326] CMMN
[06:09:33] [212/326] SCCJ
[06:09:34] [213/326] CDTK
[06:09:35] [214/326] AICP
[06:09:35] [215/326] FNBP
[06:09:36] [216/326] CBPB
[06:09:37] [217/326] CPAS
[06:09:37] [218/326] MAPM
[06:09:38] 🔄 Identity reset
[06:09:38] 🔄 Identity rotated (every 10 requests)
[06:09:38] [219/326] PASD
[06:09:39] [220/326] JCMN
[06:09:40] [221/326] MALB
[06:09:40] [222/326] SACG
[06:09:41] [223/326] DDRX
[06:09:42] [224/326] DDXB
[06:09:42] [225/326] RAMC
[06:09:43] [226/326] SANC
[06:09:44] [227/326] BCBP
[06:09:44] [228/326] ALPC
[06:09:45] 🔄 Identity reset
[06:09:45] 🔄 Identity rotated (every 10 requests)
[06:09:45] 🔄 Retry 1/5 for ALPC in 2.8s
[06:09:45] 🔄 Identity reset
[06:09:48] 🧠 New identity created
[06:09:48] [229/326] RBAC
[06:09:48] [230/326] RAJL
[06:09:49] [231/326] MPDX
[06:09:50] [232/326] MUSC
[06:09:51] [233/326] VKMK
[06:09:52] [234/326] SKCG
[06:09:52] [235/326] ANCN
[06:09:53] [236/326] MMCJ
[06:09:54] [237/326] DCAK
[06:09:54] 🔄 Identity reset
[06:09:54] 🔄 Identity rotated (every 10 requests)
[06:09:54] [238/326] SCKG
[06:09:55] [239/326] LMCK
[06:09:55] [240/326] CKKX
[06:09:56] [241/326] ANKU
[06:09:57] [242/326] CSMD
[06:09:57] [243/326] MKMP
[06:09:58] [244/326] SVBG
[06:09:59] [245/326] ROOP
[06:09:59] [246/326] GDMT
[06:10:00] [247/326] FPPF
[06:10:00] 🔄 Identity reset
[06:10:01] 🔄 Identity rotated (every 10 requests)
[06:10:01] [248/326] SFUU
[06:10:01] [249/326] ANCB
[06:10:02] [250/326] SMMC
[06:10:02] [251/326] UGKT
[06:10:03] [252/326] JVRM
[06:10:04] [253/326] BATG
[06:10:05] [254/326] RATE
[06:10:05] [255/326] SKME
[06:10:06] [256/326] LMTP
[06:10:06] [257/326] TCBD
[06:10:07] 🔄 Identity reset
[06:10:07] 🔄 Identity rotated (every 10 requests)
[06:10:07] [258/326] ESBD
[06:10:08] [259/326] GDCU
[06:10:09] [260/326] SNKT
[06:10:09] [261/326] SRNK
[06:10:10] [262/326] SMED
[06:10:11] [263/326] CSQS
[06:10:11] [264/326] ALCS
[06:10:12] [265/326] KCKN
[06:10:13] [266/326] VCCL
[06:10:14] [267/326] MCDA
[06:10:14] 🔄 Identity reset
[06:10:14] 🔄 Identity rotated (every 10 requests)
[06:10:15] [268/326] SHMI
[06:10:16] [269/326] SKHA
[06:10:16] [270/326] SVFK
[06:10:17] [271/326] INVB
[06:10:17] [272/326] MELD
[06:10:18] [273/326] JTYS
[06:10:19] [274/326] INCM
[06:10:19] [275/326] MCDV
[06:10:20] [276/326] KSGK
[06:10:20] [277/326] ICMG
[06:10:21] 🔄 Identity reset
[06:10:21] 🔄 Identity rotated (every 10 requests)
[06:10:21] [278/326] CSCV
[06:10:22] [279/326] STMD
[06:10:23] [280/326] STTR
[06:10:23] [281/326] INVC
[06:10:24] [282/326] JTBL
[06:10:25] [283/326] SRVV
[06:10:25] [284/326] MAVC
[06:10:26] [285/326] SRPP
[06:10:26] [286/326] JGDM
[06:10:27] [287/326] MBSJ
[06:10:27] 🔄 Identity reset
[06:10:27] 🔄 Identity rotated (every 10 requests)
[06:10:28] [288/326] SSLL
[06:10:28] [289/326] SLKP
[06:10:29] [290/326] NSRV
[06:10:30] [291/326] UTDV
[06:10:30] [292/326] KICM
[06:10:31] [293/326] KCMD
[06:10:32] [294/326] TTPP
[06:10:32] [295/326] KMPV
[06:10:33] [296/326] SKTV
[06:10:35] [297/326] STCV
[06:10:35] 🔄 Identity reset
[06:10:35] 🔄 Identity rotated (every 10 requests)
[06:10:35] [298/326] SRDA
[06:10:36] [299/326] JTSX
[06:10:37] [300/326] STBV
[06:10:38] [301/326] APVZ
[06:10:38] [302/326] GSTV
[06:10:39] [303/326] NMVS
[06:10:40] [304/326] SKRT
[06:10:41] [305/326] RMDV
[06:10:42] [306/326] RATG
[06:10:42] [307/326] SJYV
[06:10:43] 🔄 Identity reset
[06:10:43] 🔄 Identity rotated (every 10 requests)
[06:10:43] [308/326] NDGP
[06:10:44] [309/326] SNDG
[06:10:45] [310/326] INSR
[06:10:45] [311/326] INSO
[06:10:46] [312/326] CCSI
[06:10:46] [313/326] RASM
[06:10:47] [314/326] NEWC
[06:10:48] [315/326] VSHL
[06:10:48] [316/326] BISW
[06:10:49] [317/326] GCNG
[06:10:49] 🔄 Identity reset
[06:10:49] 🔄 Identity rotated (every 10 requests)
[06:10:49] [318/326] CWSC
[06:10:50] [319/326] SKAN
[06:10:52] [320/326] CCOA
[06:10:53] [321/326] MCAJ
[06:10:54] [322/326] ACDE
[06:10:54] [323/326] AACM
[06:10:55] [324/326] JJCK
[06:10:56] [325/326] RCMO
[06:10:56] [326/326] GDAW
[06:10:57] ✅ DONE | Shows=96 | Movies=16
[07:06:51] 🚀 BMS DAILY TRACKER STARTED (enhanced anti‑detection)
[07:06:51] [1/326] VCHA
[07:06:51] 🧠 New identity created
[07:06:52] [2/326] SCKO
[07:06:53] [3/326] VKTK
[07:06:54] [4/326] DXEC
[07:06:55] [5/326] CDCA
[07:06:56] [6/326] VBCZ
[07:06:57] [7/326] MSDR
[07:06:58] [8/326] ACPV
[07:06:59] [9/326] PVHB
[07:07:01] [10/326] RCNH
[07:07:01] 🔄 Identity reset
[07:07:01] 🔄 Identity rotated (every 10 requests)
[07:07:02] [11/326] IOMH
[07:07:02] [12/326] ILKS
[07:07:03] [13/326] AMSN
[07:07:04] [14/326] ANTP
[07:07:05] [15/326] SSEK
[07:07:06] [16/326] PICP
[07:07:07] [17/326] SICO
[07:07:08] [18/326] SISP
[07:07:09] [19/326] SCPI
[07:07:10] [20/326] CRPR
[07:07:10] 🔄 Identity reset
[07:07:10] 🔄 Identity rotated (every 10 requests)
[07:07:10] 🔄 Retry 1/5 for CRPR in 2.1s
[07:07:10] 🔄 Identity reset
[07:07:12] 🧠 New identity created
[07:07:13] 🔄 Retry 2/5 for CRPR in 4.2s
[07:07:13] 🔄 Identity reset
[07:07:17] 🧠 New identity created
[07:07:17] [21/326] DCTW
[07:07:18] [22/326] DCSP
[07:07:19] [23/326] KRPM
[07:07:20] [24/326] THKK
[07:07:21] [25/326] SNMY
[07:07:22] [26/326] AKCC
[07:07:24] [27/326] PCAT
[07:07:25] [28/326] RFGO
[07:07:25] 🔄 Identity reset
[07:07:25] 🔄 Identity rotated (every 10 requests)
[07:07:26] [29/326] GGCS
[07:07:27] [30/326] ACKR
[07:07:28] [31/326] STDO
[07:07:28] [32/326] ACKB
[07:07:29] [33/326] ALUC
[07:07:30] [34/326] MNSR
[07:07:32] [35/326] CSSL
[07:07:33] [36/326] BGGM
[07:07:34] [37/326] MANT
[07:07:35] [38/326] SOOY
[07:07:35] 🔄 Identity reset
[07:07:35] 🔄 Identity rotated (every 10 requests)
[07:07:35] [39/326] VPPK
[07:07:36] [40/326] MYHJ
[07:07:37] [41/326] KSCK
[07:07:38] [42/326] KATK
[07:07:39] [43/326] RTRT
[07:07:40] [44/326] SSTT
[07:07:41] [45/326] SSTV
[07:07:41] [46/326] LACM
[07:07:42] [47/326] SGMG
[07:07:43] [48/326] KACX
[07:07:44] 🔄 Identity reset
[07:07:44] 🔄 Identity rotated (every 10 requests)
[07:07:44] [49/326] GVCP
[07:07:46] [50/326] CSNC
[07:07:47] [51/326] SXCB
[07:07:48] [52/326] BAHS
[07:07:49] [53/326] PCBI
[07:07:50] [54/326] PSSM
[07:07:51] [55/326] RCOK
[07:07:52] [56/326] SCPF
[07:07:53] [57/326] SSAS
[07:07:54] [58/326] EVMM
[07:07:54] 🔄 Identity reset
[07:07:54] 🔄 Identity rotated (every 10 requests)
[07:07:55] [59/326] SYCB
[07:07:55] [60/326] GCKI
[07:07:56] [61/326] IAET
[07:07:57] [62/326] DDTD
[07:07:58] [63/326] GMDH
[07:08:00] [64/326] STLE
[07:08:01] [65/326] JTRA
[07:08:02] [66/326] RPPA
[07:08:02] [67/326] ARUT
[07:08:04] [68/326] JTVM
[07:08:05] 🔄 Identity reset
[07:08:05] 🔄 Identity rotated (every 10 requests)
[07:08:05] [69/326] SWRH
[07:08:07] [70/326] DCPC
[07:08:07] [71/326] RAPR
[07:08:08] [72/326] GCRT
[07:08:09] [73/326] ATUN
[07:08:10] [74/326] LTRM
[07:08:11] [75/326] TASR
[07:08:12] [76/326] RLLC
[07:08:13] [77/326] MABI
[07:08:14] [78/326] SVHB
[07:08:15] 🔄 Identity reset
[07:08:15] 🔄 Identity rotated (every 10 requests)
[07:08:16] [79/326] NVTB
[07:08:17] [80/326] KCKG
[07:08:18] [81/326] SSRN
[07:08:19] [82/326] VDDC
[07:08:20] [83/326] GKTK
[07:08:22] [84/326] YFSN
[07:08:23] [85/326] GCSG
[07:08:24] [86/326] ESSM
[07:08:25] [87/326] KRIH
[07:08:26] [88/326] GCDS
[07:08:27] 🔄 Identity reset
[07:08:27] 🔄 Identity rotated (every 10 requests)
[07:08:27] 🔄 Retry 1/5 for GCDS in 2.9s
[07:08:27] 🔄 Identity reset
[07:08:30] 🧠 New identity created
[07:08:30] [89/326] CCSH
[07:08:31] [90/326] ACSK
[07:08:32] [91/326] APRK
[07:08:33] [92/326] ADKM
[07:08:34] [93/326] SRDM
[07:08:34] [94/326] SJMY
[07:08:35] [95/326] PGGC
[07:08:36] [96/326] INGM
[07:08:37] [97/326] LSCB
[07:08:38] 🔄 Identity reset
[07:08:38] 🔄 Identity rotated (every 10 requests)
[07:08:38] 🔄 Retry 1/5 for LSCB in 2.8s
[07:08:38] 🔄 Identity reset
[07:08:40] 🧠 New identity created
[07:08:41] [98/326] STAD
[07:08:42] [99/326] MCCR
[07:08:43] [100/326] ABCC
[07:08:43] [101/326] RKCC
[07:08:44] [102/326] RTCR
[07:08:45] [103/326] GGBC
[07:08:46] [104/326] GCSD
[07:08:48] [105/326] LPTY
[07:08:49] [106/326] MCFD
[07:08:49] 🔄 Identity reset
[07:08:49] 🔄 Identity rotated (every 10 requests)
[07:08:50] [107/326] HENN
[07:08:50] [108/326] SMKU
[07:08:51] [109/326] TNZC
[07:08:52] [110/326] DRCD
[07:08:53] [111/326] DLCD
[07:08:55] [112/326] RCDA
[07:08:56] [113/326] COSM
[07:08:57] [114/326] MCMJ
[07:08:57] [115/326] CSTR
[07:08:58] [116/326] CVDK
[07:08:59] 🔄 Identity reset
[07:08:59] 🔄 Identity rotated (every 10 requests)
[07:08:59] 🔄 Retry 1/5 for CVDK in 2.5s
[07:08:59] 🔄 Identity reset
[07:09:02] 🧠 New identity created
[07:09:03] [117/326] INRR
[07:09:03] [118/326] RJRT
[07:09:04] [119/326] IRMR
[07:09:05] [120/326] SRCF
[07:09:06] [121/326] GRCR
[07:09:07] [122/326] SURC
[07:09:08] [123/326] NMNH
[07:09:09] [124/326] SVBL
[07:09:10] [125/326] KACI
[07:09:10] 🔄 Identity reset
[07:09:10] 🔄 Identity rotated (every 10 requests)
[07:09:10] 🔄 Retry 1/5 for KACI in 2.6s
[07:09:10] 🔄 Identity reset
[07:09:13] 🧠 New identity created
[07:09:13] [126/326] TDGO
[07:09:14] [127/326] KTBR
[07:09:15] [128/326] PMAD
[07:09:16] [129/326] CCPN
[07:09:18] [130/326] SBTK
[07:09:19] [131/326] LMDK
[07:09:20] [132/326] PGDA
[07:09:21] [133/326] SRML
[07:09:22] [134/326] EVCK
[07:09:23] 🔄 Identity reset
[07:09:23] 🔄 Identity rotated (every 10 requests)
[07:09:23] [135/326] RTTK
[07:09:24] [136/326] SRTU
[07:09:25] [137/326] VRSA
[07:09:26] [138/326] VARS
[07:09:27] [139/326] DSCZ
[07:09:28] [140/326] GAGA
[07:09:29] [141/326] SARV
[07:09:30] [142/326] SEEG
[07:09:31] [143/326] GLCA
[07:09:32] [144/326] APAS
[07:09:33] 🔄 Identity reset
[07:09:33] 🔄 Identity rotated (every 10 requests)
[07:09:34] [145/326] VCIA
[07:09:36] [146/326] SJTA
[07:09:37] [147/326] SABM
[07:09:38] [148/326] PPAG
[07:09:40] [149/326] RVCA
[07:09:41] [150/326] CCIA
[07:09:42] [151/326] HTAG
[07:09:42] [152/326] SMBI
[07:09:43] [153/326] MCJR
[07:09:44] [154/326] CCJR
[07:09:45] 🔄 Identity reset
[07:09:45] 🔄 Identity rotated (every 10 requests)
[07:09:45] [155/326] SINF
[07:09:46] [156/326] CPLX
[07:09:48] [157/326] KKTJ
[07:09:48] [158/326] GDBW
[07:09:49] [159/326] CSUB
[07:09:50] [160/326] DABA
[07:09:51] [161/326] TITR
[07:09:52] [162/326] NYCR
[07:09:52] [163/326] RTRY
[07:09:53] [164/326] JTJL
[07:09:54] 🔄 Identity reset
[07:09:54] 🔄 Identity rotated (every 10 requests)
[07:09:54] [165/326] SJCP
[07:09:55] [166/326] KCCA
[07:09:56] [167/326] MLPG
[07:09:57] [168/326] VRCK
[07:09:58] [169/326] SRIN
[07:09:59] [170/326] CXMK
[07:10:01] [171/326] SKAD
[07:10:03] [172/326] AVTR
[07:10:04] [173/326] PTAJ
[07:10:05] [174/326] SCNK
[07:10:05] 🔄 Identity reset
[07:10:05] 🔄 Identity rotated (every 10 requests)
[07:10:06] [175/326] STTI
[07:10:07] [176/326] KACR
[07:10:08] [177/326] SSDX
[07:10:09] [178/326] VRTJ
[07:10:10] [179/326] RAJD
[07:10:11] [180/326] SCIP
[07:10:12] [181/326] RJSL
[07:10:13] [182/326] ARRS
[07:10:14] [183/326] ASMS
[07:10:15] [184/326] RDTS
[07:10:15] 🔄 Identity reset
[07:10:15] 🔄 Identity rotated (every 10 requests)
[07:10:15] [185/326] DVMY
[07:10:16] [186/326] RASA
[07:10:17] [187/326] INOM
[07:10:18] [188/326] SPRS
[07:10:19] [189/326] SGCS
[07:10:20] [190/326] SALM
[07:10:22] [191/326] PKHC
[07:10:23] [192/326] RCSV
[07:10:24] [193/326] CPKC
[07:10:24] [194/326] AACD
[07:10:25] 🔄 Identity reset
[07:10:25] 🔄 Identity rotated (every 10 requests)
[07:10:25] [195/326] GGCV
[07:10:26] [196/326] SMKD
[07:10:27] [197/326] NBCH
[07:10:28] [198/326] AMCB
[07:10:29] [199/326] OPCN
[07:10:30] [200/326] DCIN
[07:10:31] [201/326] INGW
[07:10:31] [202/326] PKKW
[07:10:32] [203/326] FNGW
[07:10:33] [204/326] GCGD
[07:10:34] 🔄 Identity reset
[07:10:34] 🔄 Identity rotated (every 10 requests)
[07:10:34] [205/326] MSTW
[07:10:35] [206/326] KCCG
[07:10:36] [207/326] MRSS
[07:10:37] [208/326] CLCF
[07:10:38] [209/326] EETS
[07:10:39] [210/326] AATR
[07:10:40] [211/326] CMMN
[07:10:41] [212/326] SCCJ
[07:10:41] [213/326] CDTK
[07:10:43] [214/326] AICP
[07:10:44] 🔄 Identity reset
[07:10:44] 🔄 Identity rotated (every 10 requests)
[07:10:44] [215/326] FNBP
[07:10:45] [216/326] CBPB
[07:10:46] [217/326] CPAS
[07:10:47] [218/326] MAPM
[07:10:48] [219/326] PASD
[07:10:49] [220/326] JCMN
[07:10:50] [221/326] MALB
[07:10:50] [222/326] SACG
[07:10:51] [223/326] DDRX
[07:10:52] [224/326] DDXB
[07:10:53] 🔄 Identity reset
[07:10:53] 🔄 Identity rotated (every 10 requests)
[07:10:53] [225/326] RAMC
[07:10:54] [226/326] SANC
[07:10:55] [227/326] BCBP
[07:10:56] [228/326] ALPC
[07:10:57] [229/326] RBAC
[07:10:58] [230/326] RAJL
[07:10:59] [231/326] MPDX
[07:10:59] [232/326] MUSC
[07:11:01] [233/326] VKMK
[07:11:02] [234/326] SKCG
[07:11:03] 🔄 Identity reset
[07:11:03] 🔄 Identity rotated (every 10 requests)
[07:11:03] [235/326] ANCN
[07:11:04] [236/326] MMCJ
[07:11:05] [237/326] DCAK
[07:11:06] [238/326] SCKG
[07:11:07] [239/326] LMCK
[07:11:08] [240/326] CKKX
[07:11:09] [241/326] ANKU
[07:11:10] [242/326] CSMD
[07:11:11] [243/326] MKMP
[07:11:12] [244/326] SVBG
[07:11:13] 🔄 Identity reset
[07:11:13] 🔄 Identity rotated (every 10 requests)
[07:11:13] [245/326] ROOP
[07:11:14] [246/326] GDMT
[07:11:15] [247/326] FPPF
[07:11:16] [248/326] SFUU
[07:11:17] [249/326] ANCB
[07:11:18] [250/326] SMMC
[07:11:19] [251/326] UGKT
[07:11:20] [252/326] JVRM
[07:11:21] [253/326] BATG
[07:11:22] [254/326] RATE
[07:11:22] 🔄 Identity reset
[07:11:22] 🔄 Identity rotated (every 10 requests)
[07:11:23] [255/326] SKME
[07:11:24] [256/326] LMTP
[07:11:24] [257/326] TCBD
[07:11:25] [258/326] ESBD
[07:11:27] [259/326] GDCU
[07:11:29] [260/326] SNKT
[07:11:30] [261/326] SRNK
[07:11:30] [262/326] SMED
[07:11:32] [263/326] CSQS
[07:11:34] [264/326] ALCS
[07:11:34] 🔄 Identity reset
[07:11:34] 🔄 Identity rotated (every 10 requests)
[07:11:35] [265/326] KCKN
[07:11:35] [266/326] VCCL
[07:11:36] [267/326] MCDA
[07:11:37] [268/326] SHMI
[07:11:38] [269/326] SKHA
[07:11:39] [270/326] SVFK
[07:11:40] [271/326] INVB
[07:11:41] [272/326] MELD
[07:11:43] [273/326] JTYS
[07:11:44] [274/326] INCM
[07:11:44] 🔄 Identity reset
[07:11:44] 🔄 Identity rotated (every 10 requests)
[07:11:45] [275/326] MCDV
[07:11:46] [276/326] KSGK
[07:11:47] [277/326] ICMG
[07:11:48] [278/326] CSCV
[07:11:49] [279/326] STMD
[07:11:50] [280/326] STTR
[07:11:52] [281/326] INVC
[07:11:52] [282/326] JTBL
[07:11:53] [283/326] SRVV
[07:11:55] [284/326] MAVC
[07:11:56] 🔄 Identity reset
[07:11:56] 🔄 Identity rotated (every 10 requests)
[07:11:56] [285/326] SRPP
[07:11:57] [286/326] JGDM
[07:11:58] [287/326] MBSJ
[07:12:00] [288/326] SSLL
[07:12:00] [289/326] SLKP
[07:12:01] [290/326] NSRV
[07:12:02] [291/326] UTDV
[07:12:03] [292/326] KICM
[07:12:04] [293/326] KCMD
[07:12:05] [294/326] TTPP
[07:12:05] 🔄 Identity reset
[07:12:05] 🔄 Identity rotated (every 10 requests)
[07:12:06] [295/326] KMPV
[07:12:07] [296/326] SKTV
[07:12:08] [297/326] STCV
[07:12:09] [298/326] SRDA
[07:12:10] [299/326] JTSX
[07:12:11] [300/326] STBV
[07:12:11] [301/326] APVZ
[07:12:12] [302/326] GSTV
[07:12:13] [303/326] NMVS
[07:12:14] [304/326] SKRT
[07:12:15] 🔄 Identity reset
[07:12:15] 🔄 Identity rotated (every 10 requests)
[07:12:15] [305/326] RMDV
[07:12:16] [306/326] RATG
[07:12:17] [307/326] SJYV
[07:12:18] [308/326] NDGP
[07:12:19] [309/326] SNDG
[07:12:21] [310/326] INSR
[07:12:22] [311/326] INSO
[07:12:23] [312/326] CCSI
[07:12:24] [313/326] RASM
[07:12:25] [314/326] NEWC
[07:12:25] 🔄 Identity reset
[07:12:25] 🔄 Identity rotated (every 10 requests)
[07:12:26] [315/326] VSHL
[07:12:27] [316/326] BISW
[07:12:27] [317/326] GCNG
[07:12:28] [318/326] CWSC
[07:12:29] [319/326] SKAN
[07:12:31] [320/326] CCOA
[07:12:31] [321/326] MCAJ
[07:12:33] [322/326] ACDE
[07:12:34] [323/326] AACM
[07:12:35] [324/326] JJCK
[07:12:35] 🔄 Identity reset
[07:12:35] 🔄 Identity rotated (every 10 requests)
[07:12:36] [325/326] RCMO
[07:12:37] [326/326] GDAW
[07:12:37] ✅ DONE | Shows=273 | Movies=34
[08:06:40] 🚀 BMS DAILY TRACKER STARTED (enhanced anti‑detection)
[08:06:40] [1/326] VCHA
[08:06:41] 🧠 New identity created
[08:06:41] [2/326] SCKO
[08:06:43] [3/326] VKTK
[08:06:44] [4/326] DXEC
[08:06:44] [5/326] CDCA
[08:06:45] [6/326] VBCZ
[08:06:46] [7/326] MSDR
[08:06:47] [8/326] ACPV
[08:06:47] [9/326] PVHB
[08:06:49] [10/326] RCNH
[08:06:50] 🔄 Identity reset
[08:06:50] 🔄 Identity rotated (every 10 requests)
[08:06:50] [11/326] IOMH
[08:06:50] [12/326] ILKS
[08:06:51] [13/326] AMSN
[08:06:52] [14/326] ANTP
[08:06:52] [15/326] SSEK
[08:06:53] [16/326] PICP
[08:06:54] [17/326] SICO
[08:06:55] [18/326] SISP
[08:06:55] [19/326] SCPI
[08:06:56] [20/326] CRPR
[08:06:57] 🔄 Identity reset
[08:06:57] 🔄 Identity rotated (every 10 requests)
[08:06:57] [21/326] DCTW
[08:06:58] [22/326] DCSP
[08:06:58] [23/326] KRPM
[08:06:59] [24/326] THKK
[08:07:00] [25/326] SNMY
[08:07:01] [26/326] AKCC
[08:07:02] [27/326] PCAT
[08:07:03] [28/326] RFGO
[08:07:03] [29/326] GGCS
[08:07:04] [30/326] ACKR
[08:07:04] 🔄 Identity reset
[08:07:04] 🔄 Identity rotated (every 10 requests)
[08:07:04] [31/326] STDO
[08:07:06] [32/326] ACKB
[08:07:07] [33/326] ALUC
[08:07:07] [34/326] MNSR
[08:07:08] [35/326] CSSL
[08:07:09] [36/326] BGGM
[08:07:10] [37/326] MANT
[08:07:11] [38/326] SOOY
[08:07:12] [39/326] VPPK
[08:07:13] [40/326] MYHJ
[08:07:14] 🔄 Identity reset
[08:07:14] 🔄 Identity rotated (every 10 requests)
[08:07:14] [41/326] KSCK
[08:07:15] [42/326] KATK
[08:07:15] [43/326] RTRT
[08:07:16] [44/326] SSTT
[08:07:17] [45/326] SSTV
[08:07:18] [46/326] LACM
[08:07:19] [47/326] SGMG
[08:07:20] [48/326] KACX
[08:07:20] [49/326] GVCP
[08:07:21] [50/326] CSNC
[08:07:22] 🔄 Identity reset
[08:07:22] 🔄 Identity rotated (every 10 requests)
[08:07:22] [51/326] SXCB
[08:07:23] [52/326] BAHS
[08:07:24] [53/326] PCBI
[08:07:24] [54/326] PSSM
[08:07:25] [55/326] RCOK
[08:07:26] [56/326] SCPF
[08:07:26] [57/326] SSAS
[08:07:27] [58/326] EVMM
[08:07:28] [59/326] SYCB
[08:07:29] [60/326] GCKI
[08:07:29] 🔄 Identity reset
[08:07:29] 🔄 Identity rotated (every 10 requests)
[08:07:29] [61/326] IAET
[08:07:30] [62/326] DDTD
[08:07:31] [63/326] GMDH
[08:07:32] [64/326] STLE
[08:07:32] [65/326] JTRA
[08:07:33] [66/326] RPPA
[08:07:34] [67/326] ARUT
[08:07:35] [68/326] JTVM
[08:07:35] [69/326] SWRH
[08:07:36] [70/326] DCPC
[08:07:37] 🔄 Identity reset
[08:07:37] 🔄 Identity rotated (every 10 requests)
[08:07:37] [71/326] RAPR
[08:07:37] [72/326] GCRT
[08:07:38] [73/326] ATUN
[08:07:39] [74/326] LTRM
[08:07:39] [75/326] TASR
[08:07:40] [76/326] RLLC
[08:07:41] [77/326] MABI
[08:07:42] [78/326] SVHB
[08:07:42] [79/326] NVTB
[08:07:43] [80/326] KCKG
[08:07:44] 🔄 Identity reset
[08:07:44] 🔄 Identity rotated (every 10 requests)
[08:07:44] 🔄 Retry 1/5 for KCKG in 3.0s
[08:07:44] 🔄 Identity reset
[08:07:47] 🧠 New identity created
[08:07:47] [81/326] SSRN
[08:07:48] [82/326] VDDC
[08:07:49] [83/326] GKTK
[08:07:50] [84/326] YFSN
[08:07:51] [85/326] GCSG
[08:07:52] [86/326] ESSM
[08:07:52] [87/326] KRIH
[08:07:53] [88/326] GCDS
[08:07:54] [89/326] CCSH
[08:07:54] 🔄 Identity reset
[08:07:54] 🔄 Identity rotated (every 10 requests)
[08:07:55] [90/326] ACSK
[08:07:55] [91/326] APRK
[08:07:56] [92/326] ADKM
[08:07:56] [93/326] SRDM
[08:07:57] [94/326] SJMY
[08:07:59] [95/326] PGGC
[08:07:59] [96/326] INGM
[08:08:00] [97/326] LSCB
[08:08:02] [98/326] STAD
[08:08:02] [99/326] MCCR
[08:08:03] 🔄 Identity reset
[08:08:03] 🔄 Identity rotated (every 10 requests)
[08:08:03] [100/326] ABCC
[08:08:04] [101/326] RKCC
[08:08:05] [102/326] RTCR
[08:08:05] [103/326] GGBC
[08:08:06] [104/326] GCSD
[08:08:07] [105/326] LPTY
[08:08:07] [106/326] MCFD
[08:08:08] [107/326] HENN
[08:08:09] [108/326] SMKU
[08:08:10] [109/326] TNZC
[08:08:11] 🔄 Identity reset
[08:08:11] 🔄 Identity rotated (every 10 requests)
[08:08:11] [110/326] DRCD
[08:08:12] [111/326] DLCD
[08:08:12] [112/326] RCDA
[08:08:13] [113/326] COSM
[08:08:14] [114/326] MCMJ
[08:08:15] [115/326] CSTR
[08:08:15] [116/326] CVDK
[08:08:16] [117/326] INRR
[08:08:16] [118/326] RJRT
[08:08:17] [119/326] IRMR
[08:08:18] 🔄 Identity reset
[08:08:18] 🔄 Identity rotated (every 10 requests)
[08:08:18] [120/326] SRCF
[08:08:19] [121/326] GRCR
[08:08:20] [122/326] SURC
[08:08:21] [123/326] NMNH
[08:08:21] [124/326] SVBL
[08:08:22] [125/326] KACI
[08:08:23] [126/326] TDGO
[08:08:24] [127/326] KTBR
[08:08:24] [128/326] PMAD
[08:08:25] [129/326] CCPN
[08:08:25] 🔄 Identity reset
[08:08:26] 🔄 Identity rotated (every 10 requests)
[08:08:26] [130/326] SBTK
[08:08:26] [131/326] LMDK
[08:08:27] [132/326] PGDA
[08:08:28] [133/326] SRML
[08:08:29] [134/326] EVCK
[08:08:29] [135/326] RTTK
[08:08:30] [136/326] SRTU
[08:08:31] [137/326] VRSA
[08:08:32] [138/326] VARS
[08:08:34] [139/326] DSCZ
[08:08:34] 🔄 Identity reset
[08:08:34] 🔄 Identity rotated (every 10 requests)
[08:08:35] [140/326] GAGA
[08:08:35] [141/326] SARV
[08:08:36] [142/326] SEEG
[08:08:36] [143/326] GLCA
[08:08:37] [144/326] APAS
[08:08:38] [145/326] VCIA
[08:08:39] [146/326] SJTA
[08:08:40] [147/326] SABM
[08:08:40] [148/326] PPAG
[08:08:41] [149/326] RVCA
[08:08:41] 🔄 Identity reset
[08:08:41] 🔄 Identity rotated (every 10 requests)
[08:08:42] [150/326] CCIA
[08:08:42] [151/326] HTAG
[08:08:43] [152/326] SMBI
[08:08:44] [153/326] MCJR
[08:08:44] [154/326] CCJR
[08:08:45] [155/326] SINF
[08:08:46] [156/326] CPLX
[08:08:47] [157/326] KKTJ
[08:08:47] [158/326] GDBW
[08:08:48] [159/326] CSUB
[08:08:49] 🔄 Identity reset
[08:08:49] 🔄 Identity rotated (every 10 requests)
[08:08:49] [160/326] DABA
[08:08:49] [161/326] TITR
[08:08:50] [162/326] NYCR
[08:08:51] [163/326] RTRY
[08:08:51] [164/326] JTJL
[08:08:52] [165/326] SJCP
[08:08:53] [166/326] KCCA
[08:08:53] [167/326] MLPG
[08:08:54] [168/326] VRCK
[08:08:55] [169/326] SRIN
[08:08:55] 🔄 Identity reset
[08:08:55] 🔄 Identity rotated (every 10 requests)
[08:08:55] [170/326] CXMK
[08:08:56] [171/326] SKAD
[08:08:57] [172/326] AVTR
[08:08:58] [173/326] PTAJ
[08:08:59] [174/326] SCNK
[08:08:59] [175/326] STTI
[08:09:00] [176/326] KACR
[08:09:01] [177/326] SSDX
[08:09:01] [178/326] VRTJ
[08:09:03] [179/326] RAJD
[08:09:03] 🔄 Identity reset
[08:09:03] 🔄 Identity rotated (every 10 requests)
[08:09:04] [180/326] SCIP
[08:09:04] [181/326] RJSL
[08:09:05] [182/326] ARRS
[08:09:06] [183/326] ASMS
[08:09:07] [184/326] RDTS
[08:09:08] [185/326] DVMY
[08:09:08] [186/326] RASA
[08:09:09] [187/326] INOM
[08:09:10] [188/326] SPRS
[08:09:10] [189/326] SGCS
[08:09:11] 🔄 Identity reset
[08:09:11] 🔄 Identity rotated (every 10 requests)
[08:09:11] 🔄 Retry 1/5 for SGCS in 2.1s
[08:09:11] 🔄 Identity reset
[08:09:13] 🧠 New identity created
[08:09:13] [190/326] SALM
[08:09:14] [191/326] PKHC
[08:09:15] [192/326] RCSV
[08:09:15] [193/326] CPKC
[08:09:16] [194/326] AACD
[08:09:17] [195/326] GGCV
[08:09:18] [196/326] SMKD
[08:09:19] [197/326] NBCH
[08:09:19] [198/326] AMCB
[08:09:20] 🔄 Identity reset
[08:09:20] 🔄 Identity rotated (every 10 requests)
[08:09:20] [199/326] OPCN
[08:09:21] [200/326] DCIN
[08:09:23] [201/326] INGW
[08:09:23] [202/326] PKKW
[08:09:24] [203/326] FNGW
[08:09:24] [204/326] GCGD
[08:09:25] [205/326] MSTW
[08:09:26] [206/326] KCCG
[08:09:26] [207/326] MRSS
[08:09:27] [208/326] CLCF
[08:09:27] 🔄 Identity reset
[08:09:27] 🔄 Identity rotated (every 10 requests)
[08:09:28] [209/326] EETS
[08:09:28] [210/326] AATR
[08:09:29] [211/326] CMMN
[08:09:30] [212/326] SCCJ
[08:09:31] [213/326] CDTK
[08:09:32] [214/326] AICP
[08:09:33] [215/326] FNBP
[08:09:34] [216/326] CBPB
[08:09:35] [217/326] CPAS
[08:09:36] [218/326] MAPM
[08:09:36] 🔄 Identity reset
[08:09:36] 🔄 Identity rotated (every 10 requests)
[08:09:36] [219/326] PASD
[08:09:37] [220/326] JCMN
[08:09:38] [221/326] MALB
[08:09:38] [222/326] SACG
[08:09:39] [223/326] DDRX
[08:09:40] [224/326] DDXB
[08:09:41] [225/326] RAMC
[08:09:42] [226/326] SANC
[08:09:42] [227/326] BCBP
[08:09:43] [228/326] ALPC
[08:09:44] 🔄 Identity reset
[08:09:44] 🔄 Identity rotated (every 10 requests)
[08:09:44] 🔄 Retry 1/5 for ALPC in 2.8s
[08:09:44] 🔄 Identity reset
[08:09:47] 🧠 New identity created
[08:09:47] 🔄 Retry 2/5 for ALPC in 4.1s
[08:09:47] 🔄 Identity reset
[08:09:51] 🧠 New identity created
[08:09:51] [229/326] RBAC
[08:09:52] [230/326] RAJL
[08:09:52] [231/326] MPDX
[08:09:53] [232/326] MUSC
[08:09:54] [233/326] VKMK
[08:09:55] [234/326] SKCG
[08:09:56] [235/326] ANCN
[08:09:58] [236/326] MMCJ
[08:09:58] 🔄 Identity reset
[08:09:58] 🔄 Identity rotated (every 10 requests)
[08:09:58] [237/326] DCAK
[08:09:59] [238/326] SCKG
[08:10:00] [239/326] LMCK
[08:10:01] [240/326] CKKX
[08:10:02] [241/326] ANKU
[08:10:04] [242/326] CSMD
[08:10:05] [243/326] MKMP
[08:10:06] [244/326] SVBG
[08:10:06] [245/326] ROOP
[08:10:07] [246/326] GDMT
[08:10:08] 🔄 Identity reset
[08:10:08] 🔄 Identity rotated (every 10 requests)
[08:10:09] [247/326] FPPF
[08:10:10] [248/326] SFUU
[08:10:10] [249/326] ANCB
[08:10:11] [250/326] SMMC
[08:10:12] [251/326] UGKT
[08:10:13] [252/326] JVRM
[08:10:14] [253/326] BATG
[08:10:15] [254/326] RATE
[08:10:15] [255/326] SKME
[08:10:16] [256/326] LMTP
[08:10:17] 🔄 Identity reset
[08:10:17] 🔄 Identity rotated (every 10 requests)
[08:10:17] [257/326] TCBD
[08:10:17] [258/326] ESBD
[08:10:18] [259/326] GDCU
[08:10:19] [260/326] SNKT
[08:10:20] [261/326] SRNK
[08:10:21] [262/326] SMED
[08:10:22] [263/326] CSQS
[08:10:23] [264/326] ALCS
[08:10:24] [265/326] KCKN
[08:10:25] [266/326] VCCL
[08:10:26] 🔄 Identity reset
[08:10:26] 🔄 Identity rotated (every 10 requests)
[08:10:26] [267/326] MCDA
[08:10:27] [268/326] SHMI
[08:10:27] [269/326] SKHA
[08:10:28] [270/326] SVFK
[08:10:29] [271/326] INVB
[08:10:29] [272/326] MELD
[08:10:30] [273/326] JTYS
[08:10:32] [274/326] INCM
[08:10:33] [275/326] MCDV
[08:10:34] [276/326] KSGK
[08:10:35] 🔄 Identity reset
[08:10:35] 🔄 Identity rotated (every 10 requests)
[08:10:35] [277/326] ICMG
[08:10:35] [278/326] CSCV
[08:10:36] [279/326] STMD
[08:10:37] [280/326] STTR
[08:10:38] [281/326] INVC
[08:10:38] [282/326] JTBL
[08:10:39] [283/326] SRVV
[08:10:40] [284/326] MAVC
[08:10:41] [285/326] SRPP
[08:10:41] [286/326] JGDM
[08:10:42] 🔄 Identity reset
[08:10:42] 🔄 Identity rotated (every 10 requests)
[08:10:42] [287/326] MBSJ
[08:10:43] [288/326] SSLL
[08:10:43] [289/326] SLKP
[08:10:44] [290/326] NSRV
[08:10:45] [291/326] UTDV
[08:10:45] [292/326] KICM
[08:10:46] [293/326] KCMD
[08:10:47] [294/326] TTPP
[08:10:48] [295/326] KMPV
[08:10:49] [296/326] SKTV
[08:10:50] 🔄 Identity reset
[08:10:50] 🔄 Identity rotated (every 10 requests)
[08:10:50] [297/326] STCV
[08:10:51] [298/326] SRDA
[08:10:52] [299/326] JTSX
[08:10:53] [300/326] STBV
[08:10:53] [301/326] APVZ
[08:10:54] [302/326] GSTV
[08:10:55] [303/326] NMVS
[08:10:56] [304/326] SKRT
[08:10:57] [305/326] RMDV
[08:10:58] [306/326] RATG
[08:10:58] 🔄 Identity reset
[08:10:58] 🔄 Identity rotated (every 10 requests)
[08:10:58] 🔄 Retry 1/5 for RATG in 2.5s
[08:10:58] 🔄 Identity reset
[08:11:01] 🧠 New identity created
[08:11:01] [307/326] SJYV
[08:11:01] [308/326] NDGP
[08:11:02] [309/326] SNDG
[08:11:03] [310/326] INSR
[08:11:04] [311/326] INSO
[08:11:05] [312/326] CCSI
[08:11:06] [313/326] RASM
[08:11:06] [314/326] NEWC
[08:11:07] [315/326] VSHL
[08:11:07] 🔄 Identity reset
[08:11:07] 🔄 Identity rotated (every 10 requests)
[08:11:07] [316/326] BISW
[08:11:09] [317/326] GCNG
[08:11:10] [318/326] CWSC
[08:11:11] [319/326] SKAN
[08:11:12] [320/326] CCOA
[08:11:14] [321/326] MCAJ
[08:11:15] [322/326] ACDE
[08:11:15] [323/326] AACM
[08:11:16] [324/326] JJCK
[08:11:17] [325/326] RCMO
[08:11:18] 🔄 Identity reset
[08:11:18] 🔄 Identity rotated (every 10 requests)
[08:11:18] [326/326] GDAW
[08:11:19] ✅ DONE | Shows=504 | Movies=44
[08:26:57] 🚀 BMS DAILY TRACKER STARTED (enhanced anti‑detection)
[08:26:57] [1/326] VCHA
[08:26:58] 🧠 New identity created
[08:26:58] [2/326] SCKO
[08:27:00] [3/326] VKTK
[08:27:01] [4/326] DXEC
[08:27:02] [5/326] CDCA
[08:27:03] [6/326] VBCZ
[08:27:04] [7/326] MSDR
[08:27:05] [8/326] ACPV
[08:27:06] [9/326] PVHB
[08:27:07] [10/326] RCNH
[08:27:08] 🔄 Identity reset
[08:27:08] 🔄 Identity rotated (every 10 requests)
[08:27:08] [11/326] IOMH
[08:27:09] [12/326] ILKS
[08:27:10] [13/326] AMSN
[08:27:11] [14/326] ANTP
[08:27:12] [15/326] SSEK
[08:27:12] [16/326] PICP
[08:27:13] [17/326] SICO
[08:27:14] [18/326] SISP
[08:27:15] [19/326] SCPI
[08:27:16] [20/326] CRPR
[08:27:17] 🔄 Identity reset
[08:27:17] 🔄 Identity rotated (every 10 requests)
[08:27:17] [21/326] DCTW
[08:27:18] [22/326] DCSP
[08:27:19] [23/326] KRPM
[08:27:20] [24/326] THKK
[08:27:21] [25/326] SNMY
[08:27:22] [26/326] AKCC
[08:27:23] [27/326] PCAT
[08:27:24] [28/326] RFGO
[08:27:25] [29/326] GGCS
[08:27:26] [30/326] ACKR
[08:27:26] 🔄 Identity reset
[08:27:26] 🔄 Identity rotated (every 10 requests)
[08:27:26] [31/326] STDO
[08:27:27] [32/326] ACKB
[08:27:28] [33/326] ALUC
[08:27:29] [34/326] MNSR
[08:27:31] [35/326] CSSL
[08:27:32] [36/326] BGGM
[08:27:32] [37/326] MANT
[08:27:33] [38/326] SOOY
[08:27:34] [39/326] VPPK
[08:27:36] [40/326] MYHJ
[08:27:36] 🔄 Identity reset
[08:27:36] 🔄 Identity rotated (every 10 requests)
[08:27:37] [41/326] KSCK
[08:27:38] [42/326] KATK
[08:27:39] [43/326] RTRT
[08:27:40] [44/326] SSTT
[08:27:40] [45/326] SSTV
[08:27:41] [46/326] LACM
[08:27:42] [47/326] SGMG
[08:27:43] [48/326] KACX
[08:27:44] [49/326] GVCP
[08:27:45] [50/326] CSNC
[08:27:45] 🔄 Identity reset
[08:27:45] 🔄 Identity rotated (every 10 requests)
[08:27:46] [51/326] SXCB
[08:27:47] [52/326] BAHS
[08:27:48] [53/326] PCBI
[08:27:49] [54/326] PSSM
[08:27:51] [55/326] RCOK
[08:27:52] [56/326] SCPF
[08:27:52] [57/326] SSAS
[08:27:54] [58/326] EVMM
[08:27:55] [59/326] SYCB
[08:27:55] [60/326] GCKI
[08:27:56] 🔄 Identity reset
[08:27:56] 🔄 Identity rotated (every 10 requests)
[08:27:56] [61/326] IAET
[08:27:57] [62/326] DDTD
[08:27:58] [63/326] GMDH
[08:27:59] [64/326] STLE
[08:28:00] [65/326] JTRA
[08:28:00] [66/326] RPPA
[08:28:01] [67/326] ARUT
[08:28:02] [68/326] JTVM
[08:28:03] [69/326] SWRH
[08:28:04] [70/326] DCPC
[08:28:04] 🔄 Identity reset
[08:28:04] 🔄 Identity rotated (every 10 requests)
[08:28:04] [71/326] RAPR
[08:28:05] [72/326] GCRT
[08:28:06] [73/326] ATUN
[08:28:07] [74/326] LTRM
[08:28:08] [75/326] TASR
[08:28:09] [76/326] RLLC
[08:28:10] [77/326] MABI
[08:28:11] [78/326] SVHB
[08:28:12] [79/326] NVTB
[08:28:13] [80/326] KCKG
[08:28:13] 🔄 Identity reset
[08:28:13] 🔄 Identity rotated (every 10 requests)
[08:28:14] [81/326] SSRN
[08:28:15] [82/326] VDDC
[08:28:15] [83/326] GKTK
[08:28:16] [84/326] YFSN
[08:28:17] [85/326] GCSG
[08:28:18] [86/326] ESSM
[08:28:19] [87/326] KRIH
[08:28:20] [88/326] GCDS
[08:28:21] [89/326] CCSH
[08:28:22] [90/326] ACSK
[08:28:22] 🔄 Identity reset
[08:28:22] 🔄 Identity rotated (every 10 requests)
[08:28:23] [91/326] APRK
[08:28:24] [92/326] ADKM
[08:28:24] [93/326] SRDM
[08:28:25] [94/326] SJMY
[08:28:27] [95/326] PGGC
[08:28:28] [96/326] INGM
[08:28:29] [97/326] LSCB
[08:28:29] [98/326] STAD
[08:28:30] [99/326] MCCR
[08:28:32] [100/326] ABCC
[08:28:32] 🔄 Identity reset
[08:28:32] 🔄 Identity rotated (every 10 requests)
[08:28:33] [101/326] RKCC
[08:28:34] [102/326] RTCR
[08:28:35] [103/326] GGBC
[08:28:35] [104/326] GCSD
[08:28:37] [105/326] LPTY
[08:28:38] [106/326] MCFD
[08:28:39] [107/326] HENN
[08:28:40] [108/326] SMKU
[08:28:41] [109/326] TNZC
[08:28:41] [110/326] DRCD
[08:28:42] 🔄 Identity reset
[08:28:42] 🔄 Identity rotated (every 10 requests)
[08:28:42] 🔄 Retry 1/5 for DRCD in 2.1s
[08:28:42] 🔄 Identity reset
[08:28:44] 🧠 New identity created
[08:28:45] [111/326] DLCD
[08:28:45] [112/326] RCDA
[08:28:46] [113/326] COSM
[08:28:47] [114/326] MCMJ
[08:28:48] [115/326] CSTR
[08:28:49] [116/326] CVDK
[08:28:50] [117/326] INRR
[08:28:50] [118/326] RJRT
[08:28:51] [119/326] IRMR
[08:28:52] 🔄 Identity reset
[08:28:52] 🔄 Identity rotated (every 10 requests)
[08:28:52] [120/326] SRCF
[08:28:53] [121/326] GRCR
[08:28:54] [122/326] SURC
[08:28:55] [123/326] NMNH
[08:28:56] [124/326] SVBL
[08:28:57] [125/326] KACI
[08:28:57] [126/326] TDGO
[08:28:58] [127/326] KTBR
[08:28:59] [128/326] PMAD
[08:29:00] [129/326] CCPN
[08:29:01] 🔄 Identity reset
[08:29:01] 🔄 Identity rotated (every 10 requests)
[08:29:01] [130/326] SBTK
[08:29:02] [131/326] LMDK
[08:29:03] [132/326] PGDA
[08:29:04] [133/326] SRML
[08:29:05] [134/326] EVCK
[08:29:06] [135/326] RTTK
[08:29:07] [136/326] SRTU
[08:29:08] [137/326] VRSA
[08:29:09] [138/326] VARS
[08:29:10] [139/326] DSCZ
[08:29:11] 🔄 Identity reset
[08:29:11] 🔄 Identity rotated (every 10 requests)
[08:29:11] [140/326] GAGA
[08:29:12] [141/326] SARV
[08:29:13] [142/326] SEEG
[08:29:13] [143/326] GLCA
[08:29:14] [144/326] APAS
[08:29:15] [145/326] VCIA
[08:29:16] [146/326] SJTA
[08:29:17] [147/326] SABM
[08:29:18] [148/326] PPAG
[08:29:19] [149/326] RVCA
[08:29:20] 🔄 Identity reset
[08:29:20] 🔄 Identity rotated (every 10 requests)
[08:29:20] [150/326] CCIA
[08:29:21] [151/326] HTAG
[08:29:22] [152/326] SMBI
[08:29:23] [153/326] MCJR
[08:29:23] [154/326] CCJR
[08:29:24] [155/326] SINF
[08:29:25] [156/326] CPLX
[08:29:26] [157/326] KKTJ
[08:29:27] [158/326] GDBW
[08:29:27] [159/326] CSUB
[08:29:28] 🔄 Identity reset
[08:29:28] 🔄 Identity rotated (every 10 requests)
[08:29:28] [160/326] DABA
[08:29:29] [161/326] TITR
[08:29:30] [162/326] NYCR
[08:29:31] [163/326] RTRY
[08:29:32] [164/326] JTJL
[08:29:32] [165/326] SJCP
[08:29:33] [166/326] KCCA
[08:29:34] [167/326] MLPG
[08:29:35] [168/326] VRCK
[08:29:36] [169/326] SRIN
[08:29:37] 🔄 Identity reset
[08:29:37] 🔄 Identity rotated (every 10 requests)
[08:29:37] [170/326] CXMK
[08:29:38] [171/326] SKAD
[08:29:40] [172/326] AVTR
[08:29:41] [173/326] PTAJ
[08:29:42] [174/326] SCNK
[08:29:43] [175/326] STTI
[08:29:44] [176/326] KACR
[08:29:45] [177/326] SSDX
[08:29:46] [178/326] VRTJ
[08:29:47] [179/326] RAJD
[08:29:47] 🔄 Identity reset
[08:29:47] 🔄 Identity rotated (every 10 requests)
[08:29:47] 🔄 Retry 1/5 for RAJD in 2.9s
[08:29:47] 🔄 Identity reset
[08:29:50] 🧠 New identity created
[08:29:51] [180/326] SCIP
[08:29:51] [181/326] RJSL
[08:29:52] [182/326] ARRS
[08:29:53] [183/326] ASMS
[08:29:54] [184/326] RDTS
[08:29:55] [185/326] DVMY
[08:29:55] [186/326] RASA
[08:29:56] [187/326] INOM
[08:29:57] [188/326] SPRS
[08:29:58] 🔄 Identity reset
[08:29:58] 🔄 Identity rotated (every 10 requests)
[08:29:58] [189/326] SGCS
[08:29:59] [190/326] SALM
[08:30:00] [191/326] PKHC
[08:30:01] [192/326] RCSV
[08:30:01] [193/326] CPKC
[08:30:02] [194/326] AACD
[08:30:03] [195/326] GGCV
[08:30:05] [196/326] SMKD
[08:30:06] [197/326] NBCH
[08:30:07] [198/326] AMCB
[08:30:07] 🔄 Identity reset
[08:30:07] 🔄 Identity rotated (every 10 requests)
[08:30:08] [199/326] OPCN
[08:30:08] [200/326] DCIN
[08:30:09] [201/326] INGW
[08:30:10] [202/326] PKKW
[08:30:11] [203/326] FNGW
[08:30:12] [204/326] GCGD
[08:30:13] [205/326] MSTW
[08:30:14] [206/326] KCCG
[08:30:15] [207/326] MRSS
[08:30:16] [208/326] CLCF
[08:30:16] 🔄 Identity reset
[08:30:16] 🔄 Identity rotated (every 10 requests)
[08:30:17] [209/326] EETS
[08:30:17] [210/326] AATR
[08:30:18] [211/326] CMMN
[08:30:20] [212/326] SCCJ
[08:30:21] [213/326] CDTK
[08:30:21] [214/326] AICP
[08:30:22] [215/326] FNBP
[08:30:23] [216/326] CBPB
[08:30:24] [217/326] CPAS
[08:30:25] [218/326] MAPM
[08:30:25] 🔄 Identity reset
[08:30:25] 🔄 Identity rotated (every 10 requests)
[08:30:25] 🔄 Retry 1/5 for MAPM in 2.6s
[08:30:25] 🔄 Identity reset
[08:30:28] 🧠 New identity created
[08:30:28] [219/326] PASD
[08:30:28] [220/326] JCMN
[08:30:29] [221/326] MALB
[08:30:30] [222/326] SACG
[08:30:31] [223/326] DDRX
[08:30:32] [224/326] DDXB
[08:30:32] [225/326] RAMC
[08:30:33] [226/326] SANC
[08:30:34] [227/326] BCBP
[08:30:35] 🔄 Identity reset
[08:30:35] 🔄 Identity rotated (every 10 requests)
[08:30:36] [228/326] ALPC
[08:30:37] [229/326] RBAC
[08:30:38] [230/326] RAJL
[08:30:39] [231/326] MPDX
[08:30:40] [232/326] MUSC
[08:30:40] [233/326] VKMK
[08:30:41] [234/326] SKCG
[08:30:42] [235/326] ANCN
[08:30:43] [236/326] MMCJ
[08:30:43] [237/326] DCAK
[08:30:44] 🔄 Identity reset
[08:30:44] 🔄 Identity rotated (every 10 requests)
[08:30:44] [238/326] SCKG
[08:30:45] [239/326] LMCK
[08:30:46] [240/326] CKKX
[08:30:48] [241/326] ANKU
[08:30:49] [242/326] CSMD
[08:30:50] [243/326] MKMP
[08:30:50] [244/326] SVBG
[08:30:51] [245/326] ROOP
[08:30:53] [246/326] GDMT
[08:30:54] [247/326] FPPF
[08:30:54] 🔄 Identity reset
[08:30:54] 🔄 Identity rotated (every 10 requests)
[08:30:55] [248/326] SFUU
[08:30:56] [249/326] ANCB
[08:30:57] [250/326] SMMC
[08:30:58] [251/326] UGKT
[08:30:59] [252/326] JVRM
[08:31:01] [253/326] BATG
[08:31:02] [254/326] RATE
[08:31:03] [255/326] SKME
[08:31:04] [256/326] LMTP
[08:31:05] [257/326] TCBD
[08:31:06] 🔄 Identity reset
[08:31:06] 🔄 Identity rotated (every 10 requests)
[08:31:06] [258/326] ESBD
[08:31:07] [259/326] GDCU
[08:31:08] [260/326] SNKT
[08:31:10] [261/326] SRNK
[08:31:11] [262/326] SMED
[08:31:12] [263/326] CSQS
[08:31:13] [264/326] ALCS
[08:31:14] [265/326] KCKN
[08:31:14] [266/326] VCCL
[08:31:15] [267/326] MCDA
[08:31:16] 🔄 Identity reset
[08:31:16] 🔄 Identity rotated (every 10 requests)
[08:31:16] [268/326] SHMI
[08:31:17] [269/326] SKHA
[08:31:18] [270/326] SVFK
[08:31:19] [271/326] INVB
[08:31:20] [272/326] MELD
[08:31:21] [273/326] JTYS
[08:31:22] [274/326] INCM
[08:31:23] [275/326] MCDV
[08:31:24] [276/326] KSGK
[08:31:25] [277/326] ICMG
[08:31:25] 🔄 Identity reset
[08:31:25] 🔄 Identity rotated (every 10 requests)
[08:31:26] [278/326] CSCV
[08:31:27] [279/326] STMD
[08:31:28] [280/326] STTR
[08:31:28] [281/326] INVC
[08:31:30] [282/326] JTBL
[08:31:31] [283/326] SRVV
[08:31:31] [284/326] MAVC
[08:31:32] [285/326] SRPP
[08:31:33] [286/326] JGDM
[08:31:33] [287/326] MBSJ
[08:31:34] 🔄 Identity reset
[08:31:34] 🔄 Identity rotated (every 10 requests)
[08:31:34] 🔄 Retry 1/5 for MBSJ in 2.9s
[08:31:34] 🔄 Identity reset
[08:31:37] 🧠 New identity created
[08:31:37] 🔄 Retry 2/5 for MBSJ in 4.6s
[08:31:37] 🔄 Identity reset
[08:31:42] 🧠 New identity created
[08:31:42] [288/326] SSLL
[08:31:43] [289/326] SLKP
[08:31:44] [290/326] NSRV
[08:31:45] [291/326] UTDV
[08:31:45] [292/326] KICM
[08:31:46] [293/326] KCMD
[08:31:47] [294/326] TTPP
[08:31:48] [295/326] KMPV
[08:31:48] 🔄 Identity reset
[08:31:48] 🔄 Identity rotated (every 10 requests)
[08:31:48] 🔄 Retry 1/5 for KMPV in 2.1s
[08:31:48] 🔄 Identity reset
[08:31:50] 🧠 New identity created
[08:31:52] [296/326] SKTV
[08:31:52] [297/326] STCV
[08:31:53] [298/326] SRDA
[08:31:54] [299/326] JTSX
[08:31:55] [300/326] STBV
[08:31:56] [301/326] APVZ
[08:31:57] [302/326] GSTV
[08:31:58] [303/326] NMVS
[08:31:58] [304/326] SKRT
[08:31:59] 🔄 Identity reset
[08:31:59] 🔄 Identity rotated (every 10 requests)
[08:32:00] [305/326] RMDV
[08:32:01] [306/326] RATG
[08:32:01] [307/326] SJYV
[08:32:02] [308/326] NDGP
[08:32:03] [309/326] SNDG
[08:32:04] [310/326] INSR
[08:32:05] [311/326] INSO
[08:32:06] [312/326] CCSI
[08:32:07] [313/326] RASM
[08:32:08] [314/326] NEWC
[08:32:09] 🔄 Identity reset
[08:32:09] 🔄 Identity rotated (every 10 requests)
[08:32:09] 🔄 Retry 1/5 for NEWC in 2.8s
[08:32:09] 🔄 Identity reset
[08:32:12] 🧠 New identity created
[08:32:12] [315/326] VSHL
[08:32:13] [316/326] BISW
[08:32:14] [317/326] GCNG
[08:32:14] [318/326] CWSC
[08:32:15] [319/326] SKAN
[08:32:17] [320/326] CCOA
[08:32:18] [321/326] MCAJ
[08:32:18] [322/326] ACDE
[08:32:19] [323/326] AACM
[08:32:20] 🔄 Identity reset
[08:32:20] 🔄 Identity rotated (every 10 requests)
[08:32:20] 🔄 Retry 1/5 for AACM in 2.5s
[08:32:20] 🔄 Identity reset
[08:32:22] 🧠 New identity created
[08:32:23] [324/326] JJCK
[08:32:24] [325/326] RCMO
[08:32:25] [326/326] GDAW
[08:32:26] ✅ DONE | Shows=554 | Movies=46
[09:06:28] 🚀 BMS DAILY TRACKER STARTED (enhanced anti‑detection)
[09:06:28] [1/326] VCHA
[09:06:29] 🧠 New identity created
[09:06:29] [2/326] SCKO
[09:06:29] [3/326] VKTK
[09:06:30] [4/326] DXEC
[09:06:31] [5/326] CDCA
[09:06:32] [6/326] VBCZ
[09:06:32] [7/326] MSDR
[09:06:33] [8/326] ACPV
[09:06:34] [9/326] PVHB
[09:06:35] [10/326] RCNH
[09:06:35] 🔄 Identity reset
[09:06:35] 🔄 Identity rotated (every 10 requests)
[09:06:35] [11/326] IOMH
[09:06:36] [12/326] ILKS
[09:06:37] [13/326] AMSN
[09:06:38] [14/326] ANTP
[09:06:39] [15/326] SSEK
[09:06:39] [16/326] PICP
[09:06:40] [17/326] SICO
[09:06:40] [18/326] SISP
[09:06:41] [19/326] SCPI
[09:06:42] [20/326] CRPR
[09:06:43] 🔄 Identity reset
[09:06:43] 🔄 Identity rotated (every 10 requests)
[09:06:43] [21/326] DCTW
[09:06:43] [22/326] DCSP
[09:06:45] [23/326] KRPM
[09:06:46] [24/326] THKK
[09:06:47] [25/326] SNMY
[09:06:48] [26/326] AKCC
[09:06:49] [27/326] PCAT
[09:06:50] [28/326] RFGO
[09:06:51] [29/326] GGCS
[09:06:52] [30/326] ACKR
[09:06:52] 🔄 Identity reset
[09:06:52] 🔄 Identity rotated (every 10 requests)
[09:06:53] [31/326] STDO
[09:06:54] [32/326] ACKB
[09:06:55] [33/326] ALUC
[09:06:55] [34/326] MNSR
[09:06:56] [35/326] CSSL
[09:06:57] [36/326] BGGM
[09:06:59] [37/326] MANT
[09:07:00] [38/326] SOOY
[09:07:02] [39/326] VPPK
[09:07:03] [40/326] MYHJ
[09:07:03] 🔄 Identity reset
[09:07:03] 🔄 Identity rotated (every 10 requests)
[09:07:04] [41/326] KSCK
[09:07:05] [42/326] KATK
[09:07:06] [43/326] RTRT
[09:07:07] [44/326] SSTT
[09:07:07] [45/326] SSTV
[09:07:08] [46/326] LACM
[09:07:09] [47/326] SGMG
[09:07:10] [48/326] KACX
[09:07:12] [49/326] GVCP
[09:07:13] [50/326] CSNC
[09:07:13] 🔄 Identity reset
[09:07:13] 🔄 Identity rotated (every 10 requests)
[09:07:13] [51/326] SXCB
[09:07:14] [52/326] BAHS
[09:07:15] [53/326] PCBI
[09:07:16] [54/326] PSSM
[09:07:17] [55/326] RCOK
[09:07:18] [56/326] SCPF
[09:07:19] [57/326] SSAS
[09:07:21] [58/326] EVMM
[09:07:21] [59/326] SYCB
[09:07:22] [60/326] GCKI
[09:07:23] 🔄 Identity reset
[09:07:23] 🔄 Identity rotated (every 10 requests)
[09:07:23] [61/326] IAET
[09:07:24] [62/326] DDTD
[09:07:25] [63/326] GMDH
[09:07:26] [64/326] STLE
[09:07:27] [65/326] JTRA
[09:07:28] [66/326] RPPA
[09:07:29] [67/326] ARUT
[09:07:30] [68/326] JTVM
[09:07:32] [69/326] SWRH
[09:07:32] [70/326] DCPC
[09:07:33] 🔄 Identity reset
[09:07:33] 🔄 Identity rotated (every 10 requests)
[09:07:33] [71/326] RAPR
[09:07:34] [72/326] GCRT
[09:07:35] [73/326] ATUN
[09:07:37] [74/326] LTRM
[09:07:38] [75/326] TASR
[09:07:39] [76/326] RLLC
[09:07:41] [77/326] MABI
[09:07:42] [78/326] SVHB
[09:07:43] [79/326] NVTB
[09:07:44] [80/326] KCKG
[09:07:44] 🔄 Identity reset
[09:07:44] 🔄 Identity rotated (every 10 requests)
[09:07:45] [81/326] SSRN
[09:07:46] [82/326] VDDC
[09:07:46] [83/326] GKTK
[09:07:47] [84/326] YFSN
[09:07:48] [85/326] GCSG
[09:07:49] [86/326] ESSM
[09:07:50] [87/326] KRIH
[09:07:52] [88/326] GCDS
[09:07:53] [89/326] CCSH
[09:07:55] [90/326] ACSK
[09:07:55] 🔄 Identity reset
[09:07:55] 🔄 Identity rotated (every 10 requests)
[09:07:56] [91/326] APRK
[09:07:57] [92/326] ADKM
[09:07:58] [93/326] SRDM
[09:07:59] [94/326] SJMY
[09:08:00] [95/326] PGGC
[09:08:01] [96/326] INGM
[09:08:02] [97/326] LSCB
[09:08:03] [98/326] STAD
[09:08:04] [99/326] MCCR
[09:08:06] [100/326] ABCC
[09:08:07] 🔄 Identity reset
[09:08:07] 🔄 Identity rotated (every 10 requests)
[09:08:07] [101/326] RKCC
[09:08:08] [102/326] RTCR
[09:08:10] [103/326] GGBC
[09:08:11] [104/326] GCSD
[09:08:12] [105/326] LPTY
[09:08:13] [106/326] MCFD
[09:08:14] [107/326] HENN
[09:08:15] [108/326] SMKU
[09:08:16] [109/326] TNZC
[09:08:17] [110/326] DRCD
[09:08:17] 🔄 Identity reset
[09:08:17] 🔄 Identity rotated (every 10 requests)
[09:08:17] 🔄 Retry 1/5 for DRCD in 2.5s
[09:08:17] 🔄 Identity reset
[09:08:20] 🧠 New identity created
[09:08:21] [111/326] DLCD
[09:08:22] [112/326] RCDA
[09:08:23] [113/326] COSM
[09:08:25] [114/326] MCMJ
[09:08:26] [115/326] CSTR
[09:08:27] [116/326] CVDK
[09:08:29] [117/326] INRR
[09:08:29] [118/326] RJRT
[09:08:31] [119/326] IRMR
[09:08:31] 🔄 Identity reset
[09:08:31] 🔄 Identity rotated (every 10 requests)
[09:08:32] [120/326] SRCF
[09:08:33] [121/326] GRCR
[09:08:34] [122/326] SURC
[09:08:35] [123/326] NMNH
[09:08:36] [124/326] SVBL
[09:08:37] [125/326] KACI
[09:08:38] [126/326] TDGO
[09:08:39] [127/326] KTBR
[09:08:41] [128/326] PMAD
[09:08:42] [129/326] CCPN
[09:08:42] 🔄 Identity reset
[09:08:42] 🔄 Identity rotated (every 10 requests)
[09:08:43] [130/326] SBTK
[09:08:44] [131/326] LMDK
[09:08:45] [132/326] PGDA
[09:08:46] [133/326] SRML
[09:08:47] [134/326] EVCK
[09:08:48] [135/326] RTTK
[09:08:50] [136/326] SRTU
[09:08:51] [137/326] VRSA
[09:08:52] [138/326] VARS
[09:08:53] [139/326] DSCZ
[09:08:54] 🔄 Identity reset
[09:08:54] 🔄 Identity rotated (every 10 requests)
[09:08:54] [140/326] GAGA
[09:08:55] [141/326] SARV
[09:08:56] [142/326] SEEG
[09:08:57] [143/326] GLCA
[09:08:58] [144/326] APAS
[09:08:59] [145/326] VCIA
[09:09:00] [146/326] SJTA
[09:09:00] [147/326] SABM
[09:09:02] [148/326] PPAG
[09:09:03] [149/326] RVCA
[09:09:04] 🔄 Identity reset
[09:09:04] 🔄 Identity rotated (every 10 requests)
[09:09:05] [150/326] CCIA
[09:09:05] [151/326] HTAG
[09:09:06] [152/326] SMBI
[09:09:07] [153/326] MCJR
[09:09:08] [154/326] CCJR
[09:09:09] [155/326] SINF
[09:09:10] [156/326] CPLX
[09:09:11] [157/326] KKTJ
[09:09:12] [158/326] GDBW
[09:09:13] [159/326] CSUB
[09:09:13] 🔄 Identity reset
[09:09:14] 🔄 Identity rotated (every 10 requests)
[09:09:14] [160/326] DABA
[09:09:15] [161/326] TITR
[09:09:16] [162/326] NYCR
[09:09:16] [163/326] RTRY
[09:09:17] [164/326] JTJL
[09:09:18] [165/326] SJCP
[09:09:20] [166/326] KCCA
[09:09:21] [167/326] MLPG
[09:09:21] [168/326] VRCK
[09:09:22] [169/326] SRIN
[09:09:23] 🔄 Identity reset
[09:09:23] 🔄 Identity rotated (every 10 requests)
[09:09:24] [170/326] CXMK
[09:09:25] [171/326] SKAD
[09:09:26] [172/326] AVTR
[09:09:27] [173/326] PTAJ
[09:09:28] [174/326] SCNK
[09:09:29] [175/326] STTI
[09:09:30] [176/326] KACR
[09:09:31] [177/326] SSDX
[09:09:32] [178/326] VRTJ
[09:09:34] [179/326] RAJD
[09:09:35] 🔄 Identity reset
[09:09:35] 🔄 Identity rotated (every 10 requests)
[09:09:35] [180/326] SCIP
[09:09:36] [181/326] RJSL
[09:09:37] [182/326] ARRS
[09:09:38] [183/326] ASMS
[09:09:39] [184/326] RDTS
[09:09:40] [185/326] DVMY
[09:09:42] [186/326] RASA
[09:09:43] [187/326] INOM
[09:09:45] [188/326] SPRS
[09:09:46] [189/326] SGCS
[09:09:46] 🔄 Identity reset
[09:09:46] 🔄 Identity rotated (every 10 requests)
[09:09:47] [190/326] SALM
[09:09:48] [191/326] PKHC
[09:09:49] [192/326] RCSV
[09:09:49] [193/326] CPKC
[09:09:50] [194/326] AACD
[09:09:52] [195/326] GGCV
[09:09:54] [196/326] SMKD
[09:09:54] [197/326] NBCH
[09:09:56] [198/326] AMCB
[09:09:57] [199/326] OPCN
[09:09:58] 🔄 Identity reset
[09:09:58] 🔄 Identity rotated (every 10 requests)
[09:09:58] [200/326] DCIN
[09:09:59] [201/326] INGW
[09:10:00] [202/326] PKKW
[09:10:01] [203/326] FNGW
[09:10:02] [204/326] GCGD
[09:10:02] [205/326] MSTW
[09:10:03] [206/326] KCCG
[09:10:04] [207/326] MRSS
[09:10:05] [208/326] CLCF
[09:10:06] [209/326] EETS
[09:10:07] 🔄 Identity reset
[09:10:07] 🔄 Identity rotated (every 10 requests)
[09:10:08] [210/326] AATR
[09:10:08] [211/326] CMMN
[09:10:09] [212/326] SCCJ
[09:10:11] [213/326] CDTK
[09:10:12] [214/326] AICP
[09:10:14] [215/326] FNBP
[09:10:16] [216/326] CBPB
[09:10:16] [217/326] CPAS
[09:10:17] [218/326] MAPM
[09:10:18] [219/326] PASD
[09:10:19] 🔄 Identity reset
[09:10:19] 🔄 Identity rotated (every 10 requests)
[09:10:19] 🔄 Retry 1/5 for PASD in 2.0s
[09:10:19] 🔄 Identity reset
[09:10:21] 🧠 New identity created
[09:10:22] [220/326] JCMN
[09:10:24] [221/326] MALB
[09:10:25] [222/326] SACG
[09:10:25] [223/326] DDRX
[09:10:26] [224/326] DDXB
[09:10:28] [225/326] RAMC
[09:10:29] [226/326] SANC
[09:10:30] [227/326] BCBP
[09:10:31] [228/326] ALPC
[09:10:32] 🔄 Identity reset
[09:10:32] 🔄 Identity rotated (every 10 requests)
[09:10:33] [229/326] RBAC
[09:10:34] [230/326] RAJL
[09:10:35] [231/326] MPDX
[09:10:36] [232/326] MUSC
[09:10:37] [233/326] VKMK
[09:10:38] [234/326] SKCG
[09:10:39] [235/326] ANCN
[09:10:40] [236/326] MMCJ
[09:10:41] [237/326] DCAK
[09:10:42] [238/326] SCKG
[09:10:43] 🔄 Identity reset
[09:10:43] 🔄 Identity rotated (every 10 requests)
[09:10:43] [239/326] LMCK
[09:10:44] [240/326] CKKX
[09:10:45] [241/326] ANKU
[09:10:47] [242/326] CSMD
[09:10:48] [243/326] MKMP
[09:10:49] [244/326] SVBG
[09:10:49] [245/326] ROOP
[09:10:50] [246/326] GDMT
[09:10:51] [247/326] FPPF
[09:10:52] [248/326] SFUU
[09:10:53] 🔄 Identity reset
[09:10:53] 🔄 Identity rotated (every 10 requests)
[09:10:54] [249/326] ANCB
[09:10:55] [250/326] SMMC
[09:10:57] [251/326] UGKT
[09:10:57] [252/326] JVRM
[09:10:58] [253/326] BATG
[09:10:59] [254/326] RATE
[09:11:00] [255/326] SKME
[09:11:02] [256/326] LMTP
[09:11:03] [257/326] TCBD
[09:11:03] [258/326] ESBD
[09:11:04] 🔄 Identity reset
[09:11:04] 🔄 Identity rotated (every 10 requests)
[09:11:04] [259/326] GDCU
[09:11:05] [260/326] SNKT
[09:11:06] [261/326] SRNK
[09:11:08] [262/326] SMED
[09:11:09] [263/326] CSQS
[09:11:09] [264/326] ALCS
[09:11:10] [265/326] KCKN
[09:11:11] [266/326] VCCL
[09:11:13] [267/326] MCDA
[09:11:14] [268/326] SHMI
[09:11:14] 🔄 Identity reset
[09:11:14] 🔄 Identity rotated (every 10 requests)
[09:11:15] [269/326] SKHA
[09:11:16] [270/326] SVFK
[09:11:16] [271/326] INVB
[09:11:17] [272/326] MELD
[09:11:19] [273/326] JTYS
[09:11:19] [274/326] INCM
[09:11:20] [275/326] MCDV
[09:11:21] [276/326] KSGK
[09:11:22] [277/326] ICMG
[09:11:23] [278/326] CSCV
[09:11:23] 🔄 Identity reset
[09:11:23] 🔄 Identity rotated (every 10 requests)
[09:11:23] 🔄 Retry 1/5 for CSCV in 2.1s
[09:11:23] 🔄 Identity reset
[09:11:26] 🧠 New identity created
[09:11:26] [279/326] STMD
[09:11:27] [280/326] STTR
[09:11:28] [281/326] INVC
[09:11:29] [282/326] JTBL
[09:11:30] [283/326] SRVV
[09:11:31] [284/326] MAVC
[09:11:32] [285/326] SRPP
[09:11:34] [286/326] JGDM
[09:11:35] [287/326] MBSJ
[09:11:36] 🔄 Identity reset
[09:11:36] 🔄 Identity rotated (every 10 requests)
[09:11:36] [288/326] SSLL
[09:11:37] [289/326] SLKP
[09:11:38] [290/326] NSRV
[09:11:40] [291/326] UTDV
[09:11:41] [292/326] KICM
[09:11:42] [293/326] KCMD
[09:11:43] [294/326] TTPP
[09:11:44] [295/326] KMPV
[09:11:45] [296/326] SKTV
[09:11:47] [297/326] STCV
[09:11:47] 🔄 Identity reset
[09:11:47] 🔄 Identity rotated (every 10 requests)
[09:11:48] [298/326] SRDA
[09:11:50] [299/326] JTSX
[09:11:51] [300/326] STBV
[09:11:52] [301/326] APVZ
[09:11:53] [302/326] GSTV
[09:11:54] [303/326] NMVS
[09:11:55] [304/326] SKRT
[09:11:57] [305/326] RMDV
[09:11:58] [306/326] RATG
[09:11:59] [307/326] SJYV
[09:12:00] 🔄 Identity reset
[09:12:00] 🔄 Identity rotated (every 10 requests)
[09:12:01] [308/326] NDGP
[09:12:02] [309/326] SNDG
[09:12:04] [310/326] INSR
[09:12:05] [311/326] INSO
[09:12:06] [312/326] CCSI
[09:12:08] [313/326] RASM
[09:12:08] [314/326] NEWC
[09:12:09] [315/326] VSHL
[09:12:10] [316/326] BISW
[09:12:11] [317/326] GCNG
[09:12:11] 🔄 Identity reset
[09:12:11] 🔄 Identity rotated (every 10 requests)
[09:12:12] [318/326] CWSC
[09:12:13] [319/326] SKAN
[09:12:14] [320/326] CCOA
[09:12:15] [321/326] MCAJ
[09:12:16] [322/326] ACDE
[09:12:17] [323/326] AACM
[09:12:19] [324/326] JJCK
[09:12:20] [325/326] RCMO
[09:12:21] [326/326] GDAW
[09:12:22] ✅ DONE | Shows=640 | Movies=49
[10:06:31] 🚀 BMS DAILY TRACKER STARTED (enhanced anti‑detection)
[10:06:31] [1/326] VCHA
[10:06:32] 🧠 New identity created
[10:06:33] [2/326] SCKO
[10:06:34] [3/326] VKTK
[10:06:34] [4/326] DXEC
[10:06:36] [5/326] CDCA
[10:06:37] [6/326] VBCZ
[10:06:38] [7/326] MSDR
[10:06:39] [8/326] ACPV
[10:06:40] [9/326] PVHB
[10:06:40] [10/326] RCNH
[10:06:41] 🔄 Identity reset
[10:06:41] 🔄 Identity rotated (every 10 requests)
[10:06:41] [11/326] IOMH
[10:06:43] [12/326] ILKS
[10:06:44] [13/326] AMSN
[10:06:45] [14/326] ANTP
[10:06:46] [15/326] SSEK
[10:06:47] [16/326] PICP
[10:06:47] [17/326] SICO
[10:06:48] [18/326] SISP
[10:06:49] [19/326] SCPI
[10:06:50] [20/326] CRPR
[10:06:50] 🔄 Identity reset
[10:06:50] 🔄 Identity rotated (every 10 requests)
[10:06:51] [21/326] DCTW
[10:06:52] [22/326] DCSP
[10:06:52] [23/326] KRPM
[10:06:53] [24/326] THKK
[10:06:55] [25/326] SNMY
[10:06:56] [26/326] AKCC
[10:06:57] [27/326] PCAT
[10:06:58] [28/326] RFGO
[10:06:59] [29/326] GGCS
[10:06:59] [30/326] ACKR
[10:07:00] 🔄 Identity reset
[10:07:00] 🔄 Identity rotated (every 10 requests)
[10:07:00] [31/326] STDO
[10:07:01] [32/326] ACKB
[10:07:03] [33/326] ALUC
[10:07:04] [34/326] MNSR
[10:07:05] [35/326] CSSL
[10:07:05] [36/326] BGGM
[10:07:07] [37/326] MANT
[10:07:09] [38/326] SOOY
[10:07:09] [39/326] VPPK
[10:07:10] [40/326] MYHJ
[10:07:11] 🔄 Identity reset
[10:07:11] 🔄 Identity rotated (every 10 requests)
[10:07:11] [41/326] KSCK
[10:07:12] [42/326] KATK
[10:07:13] [43/326] RTRT
[10:07:14] [44/326] SSTT
[10:07:15] [45/326] SSTV
[10:07:16] [46/326] LACM
[10:07:17] [47/326] SGMG
[10:07:18] [48/326] KACX
[10:07:19] [49/326] GVCP
[10:07:20] [50/326] CSNC
[10:07:21] 🔄 Identity reset
[10:07:21] 🔄 Identity rotated (every 10 requests)
[10:07:21] [51/326] SXCB
[10:07:22] [52/326] BAHS
[10:07:24] [53/326] PCBI
[10:07:24] [54/326] PSSM
[10:07:25] [55/326] RCOK
[10:07:27] [56/326] SCPF
[10:07:28] [57/326] SSAS
[10:07:29] [58/326] EVMM
[10:07:29] [59/326] SYCB
[10:07:31] [60/326] GCKI
[10:07:31] 🔄 Identity reset
[10:07:31] 🔄 Identity rotated (every 10 requests)
[10:07:32] [61/326] IAET
[10:07:33] [62/326] DDTD
[10:07:33] [63/326] GMDH
[10:07:34] [64/326] STLE
[10:07:35] [65/326] JTRA
[10:07:36] [66/326] RPPA
[10:07:37] [67/326] ARUT
[10:07:38] [68/326] JTVM
[10:07:39] [69/326] SWRH
[10:07:40] [70/326] DCPC
[10:07:41] 🔄 Identity reset
[10:07:41] 🔄 Identity rotated (every 10 requests)
[10:07:41] [71/326] RAPR
[10:07:42] [72/326] GCRT
[10:07:43] [73/326] ATUN
[10:07:44] [74/326] LTRM
[10:07:45] [75/326] TASR
[10:07:46] [76/326] RLLC
[10:07:47] [77/326] MABI
[10:07:49] [78/326] SVHB
[10:07:50] [79/326] NVTB
[10:07:50] [80/326] KCKG
[10:07:51] 🔄 Identity reset
[10:07:51] 🔄 Identity rotated (every 10 requests)
[10:07:51] [81/326] SSRN
[10:07:52] [82/326] VDDC
[10:07:54] [83/326] GKTK
[10:07:55] [84/326] YFSN
[10:07:55] [85/326] GCSG
[10:07:57] [86/326] ESSM
[10:07:58] [87/326] KRIH
[10:07:59] [88/326] GCDS
[10:08:00] [89/326] CCSH
[10:08:01] [90/326] ACSK
[10:08:02] 🔄 Identity reset
[10:08:02] 🔄 Identity rotated (every 10 requests)
[10:08:02] [91/326] APRK
[10:08:04] [92/326] ADKM
[10:08:04] [93/326] SRDM
[10:08:05] [94/326] SJMY
[10:08:06] [95/326] PGGC
[10:08:08] [96/326] INGM
[10:08:09] [97/326] LSCB
[10:08:10] [98/326] STAD
[10:08:11] [99/326] MCCR
[10:08:13] [100/326] ABCC
[10:08:14] 🔄 Identity reset
[10:08:14] 🔄 Identity rotated (every 10 requests)
[10:08:14] [101/326] RKCC
[10:08:15] [102/326] RTCR
[10:08:16] [103/326] GGBC
[10:08:17] [104/326] GCSD
[10:08:18] [105/326] LPTY
[10:08:19] [106/326] MCFD
[10:08:20] [107/326] HENN
[10:08:21] [108/326] SMKU
[10:08:22] [109/326] TNZC
[10:08:23] [110/326] DRCD
[10:08:24] 🔄 Identity reset
[10:08:24] 🔄 Identity rotated (every 10 requests)
[10:08:25] [111/326] DLCD
[10:08:26] [112/326] RCDA
[10:08:27] [113/326] COSM
[10:08:28] [114/326] MCMJ
[10:08:29] [115/326] CSTR
[10:08:30] [116/326] CVDK
[10:08:31] [117/326] INRR
[10:08:32] [118/326] RJRT
[10:08:33] [119/326] IRMR
[10:08:33] [120/326] SRCF
[10:08:34] 🔄 Identity reset
[10:08:34] 🔄 Identity rotated (every 10 requests)
[10:08:35] [121/326] GRCR
[10:08:37] [122/326] SURC
[10:08:38] [123/326] NMNH
[10:08:39] [124/326] SVBL
[10:08:40] [125/326] KACI
[10:08:41] [126/326] TDGO
[10:08:42] [127/326] KTBR
[10:08:44] [128/326] PMAD
[10:08:45] [129/326] CCPN
[10:08:46] [130/326] SBTK
[10:08:47] 🔄 Identity reset
[10:08:47] 🔄 Identity rotated (every 10 requests)
[10:08:47] [131/326] LMDK
[10:08:49] [132/326] PGDA
[10:08:50] [133/326] SRML
[10:08:51] [134/326] EVCK
[10:08:52] [135/326] RTTK
[10:08:52] [136/326] SRTU
[10:08:53] [137/326] VRSA
[10:08:54] [138/326] VARS
[10:08:56] [139/326] DSCZ
[10:08:57] [140/326] GAGA
[10:08:57] 🔄 Identity reset
[10:08:57] 🔄 Identity rotated (every 10 requests)
[10:08:58] [141/326] SARV
[10:08:58] [142/326] SEEG
[10:08:59] [143/326] GLCA
[10:09:00] [144/326] APAS
[10:09:01] [145/326] VCIA
[10:09:02] [146/326] SJTA
[10:09:03] [147/326] SABM
[10:09:04] [148/326] PPAG
[10:09:05] [149/326] RVCA
[10:09:06] [150/326] CCIA
[10:09:07] 🔄 Identity reset
[10:09:07] 🔄 Identity rotated (every 10 requests)
[10:09:07] [151/326] HTAG
[10:09:08] [152/326] SMBI
[10:09:09] [153/326] MCJR
[10:09:09] [154/326] CCJR
[10:09:10] [155/326] SINF
[10:09:11] [156/326] CPLX
[10:09:12] [157/326] KKTJ
[10:09:13] [158/326] GDBW
[10:09:15] [159/326] CSUB
[10:09:16] [160/326] DABA
[10:09:17] 🔄 Identity reset
[10:09:17] 🔄 Identity rotated (every 10 requests)
[10:09:17] [161/326] TITR
[10:09:18] [162/326] NYCR
[10:09:19] [163/326] RTRY
[10:09:20] [164/326] JTJL
[10:09:21] [165/326] SJCP
[10:09:23] [166/326] KCCA
[10:09:24] [167/326] MLPG
[10:09:25] [168/326] VRCK
[10:09:26] [169/326] SRIN
[10:09:28] [170/326] CXMK
[10:09:28] 🔄 Identity reset
[10:09:28] 🔄 Identity rotated (every 10 requests)
[10:09:29] [171/326] SKAD
[10:09:30] [172/326] AVTR
[10:09:31] [173/326] PTAJ
[10:09:32] [174/326] SCNK
[10:09:33] [175/326] STTI
[10:09:34] [176/326] KACR
[10:09:35] [177/326] SSDX
[10:09:36] [178/326] VRTJ
[10:09:37] [179/326] RAJD
[10:09:38] [180/326] SCIP
[10:09:39] 🔄 Identity reset
[10:09:39] 🔄 Identity rotated (every 10 requests)
[10:09:39] [181/326] RJSL
[10:09:40] [182/326] ARRS
[10:09:41] [183/326] ASMS
[10:09:42] [184/326] RDTS
[10:09:43] [185/326] DVMY
[10:09:44] [186/326] RASA
[10:09:46] [187/326] INOM
[10:09:46] [188/326] SPRS
[10:09:48] [189/326] SGCS
[10:09:49] [190/326] SALM
[10:09:49] 🔄 Identity reset
[10:09:49] 🔄 Identity rotated (every 10 requests)
[10:09:49] [191/326] PKHC
[10:09:50] [192/326] RCSV
[10:09:51] [193/326] CPKC
[10:09:52] [194/326] AACD
[10:09:54] [195/326] GGCV
[10:09:55] [196/326] SMKD
[10:09:56] [197/326] NBCH
[10:09:57] [198/326] AMCB
[10:09:58] [199/326] OPCN
[10:09:59] [200/326] DCIN
[10:10:00] 🔄 Identity reset
[10:10:00] 🔄 Identity rotated (every 10 requests)
[10:10:00] [201/326] INGW
[10:10:01] [202/326] PKKW
[10:10:02] [203/326] FNGW
[10:10:03] [204/326] GCGD
[10:10:03] [205/326] MSTW
[10:10:05] [206/326] KCCG
[10:10:06] [207/326] MRSS
[10:10:06] [208/326] CLCF
[10:10:07] [209/326] EETS
[10:10:08] [210/326] AATR
[10:10:09] 🔄 Identity reset
[10:10:09] 🔄 Identity rotated (every 10 requests)
[10:10:09] [211/326] CMMN
[10:10:10] [212/326] SCCJ
[10:10:11] [213/326] CDTK
[10:10:12] [214/326] AICP
[10:10:13] [215/326] FNBP
[10:10:14] [216/326] CBPB
[10:10:15] [217/326] CPAS
[10:10:16] [218/326] MAPM
[10:10:17] [219/326] PASD
[10:10:18] [220/326] JCMN
[10:10:18] 🔄 Identity reset
[10:10:18] 🔄 Identity rotated (every 10 requests)
[10:10:19] [221/326] MALB
[10:10:20] [222/326] SACG
[10:10:21] [223/326] DDRX
[10:10:22] [224/326] DDXB
[10:10:24] [225/326] RAMC
[10:10:24] [226/326] SANC
[10:10:25] [227/326] BCBP
[10:10:26] [228/326] ALPC
[10:10:27] [229/326] RBAC
[10:10:29] [230/326] RAJL
[10:10:30] 🔄 Identity reset
[10:10:30] 🔄 Identity rotated (every 10 requests)
[10:10:30] [231/326] MPDX
[10:10:31] [232/326] MUSC
[10:10:32] [233/326] VKMK
[10:10:33] [234/326] SKCG
[10:10:33] [235/326] ANCN
[10:10:35] [236/326] MMCJ
[10:10:36] [237/326] DCAK
[10:10:37] [238/326] SCKG
[10:10:38] [239/326] LMCK
[10:10:39] [240/326] CKKX
[10:10:39] 🔄 Identity reset
[10:10:39] 🔄 Identity rotated (every 10 requests)
[10:10:40] [241/326] ANKU
[10:10:41] [242/326] CSMD
[10:10:42] [243/326] MKMP
[10:10:43] [244/326] SVBG
[10:10:44] [245/326] ROOP
[10:10:45] [246/326] GDMT
[10:10:46] [247/326] FPPF
[10:10:48] [248/326] SFUU
[10:10:49] [249/326] ANCB
[10:10:50] [250/326] SMMC
[10:10:51] 🔄 Identity reset
[10:10:51] 🔄 Identity rotated (every 10 requests)
[10:10:52] [251/326] UGKT
[10:10:53] [252/326] JVRM
[10:10:54] [253/326] BATG
[10:10:55] [254/326] RATE
[10:10:56] [255/326] SKME
[10:10:57] [256/326] LMTP
[10:10:58] [257/326] TCBD
[10:10:59] [258/326] ESBD
[10:11:00] [259/326] GDCU
[10:11:01] [260/326] SNKT
[10:11:02] 🔄 Identity reset
[10:11:02] 🔄 Identity rotated (every 10 requests)
[10:11:02] [261/326] SRNK
[10:11:03] [262/326] SMED
[10:11:04] [263/326] CSQS
[10:11:06] [264/326] ALCS
[10:11:07] [265/326] KCKN
[10:11:08] [266/326] VCCL
[10:11:09] [267/326] MCDA
[10:11:10] [268/326] SHMI
[10:11:11] [269/326] SKHA
[10:11:12] [270/326] SVFK
[10:11:12] 🔄 Identity reset
[10:11:12] 🔄 Identity rotated (every 10 requests)
[10:11:13] [271/326] INVB
[10:11:14] [272/326] MELD
[10:11:16] [273/326] JTYS
[10:11:17] [274/326] INCM
[10:11:18] [275/326] MCDV
[10:11:19] [276/326] KSGK
[10:11:19] [277/326] ICMG
[10:11:20] [278/326] CSCV
[10:11:21] [279/326] STMD
[10:11:23] [280/326] STTR
[10:11:23] 🔄 Identity reset
[10:11:23] 🔄 Identity rotated (every 10 requests)
[10:11:24] [281/326] INVC
[10:11:25] [282/326] JTBL
[10:11:25] [283/326] SRVV
[10:11:27] [284/326] MAVC
[10:11:28] [285/326] SRPP
[10:11:29] [286/326] JGDM
[10:11:30] [287/326] MBSJ
[10:11:31] [288/326] SSLL
[10:11:32] [289/326] SLKP
[10:11:33] [290/326] NSRV
[10:11:33] 🔄 Identity reset
[10:11:33] 🔄 Identity rotated (every 10 requests)
[10:11:34] [291/326] UTDV
[10:11:36] [292/326] KICM
[10:11:37] [293/326] KCMD
[10:11:38] [294/326] TTPP
[10:11:40] [295/326] KMPV
[10:11:41] [296/326] SKTV
[10:11:42] [297/326] STCV
[10:11:43] [298/326] SRDA
[10:11:44] [299/326] JTSX
[10:11:46] [300/326] STBV
[10:11:47] 🔄 Identity reset
[10:11:47] 🔄 Identity rotated (every 10 requests)
[10:11:47] [301/326] APVZ
[10:11:48] [302/326] GSTV
[10:11:49] [303/326] NMVS
[10:11:50] [304/326] SKRT
[10:11:51] [305/326] RMDV
[10:11:52] [306/326] RATG
[10:11:54] [307/326] SJYV
[10:11:56] [308/326] NDGP
[10:11:57] [309/326] SNDG
[10:11:58] [310/326] INSR
[10:11:58] 🔄 Identity reset
[10:11:58] 🔄 Identity rotated (every 10 requests)
[10:11:59] [311/326] INSO
[10:12:01] [312/326] CCSI
[10:12:02] [313/326] RASM
[10:12:03] [314/326] NEWC
[10:12:05] [315/326] VSHL
[10:12:06] [316/326] BISW
[10:12:08] [317/326] GCNG
[10:12:09] [318/326] CWSC
[10:12:10] [319/326] SKAN
[10:12:11] [320/326] CCOA
[10:12:12] 🔄 Identity reset
[10:12:12] 🔄 Identity rotated (every 10 requests)
[10:12:13] [321/326] MCAJ
[10:12:14] [322/326] ACDE
[10:12:15] [323/326] AACM
[10:12:15] [324/326] JJCK
[10:12:16] [325/326] RCMO
[10:12:17] [326/326] GDAW
[10:12:18] ✅ DONE | Shows=785 | Movies=53
[11:06:38] 🚀 BMS DAILY TRACKER STARTED (enhanced anti‑detection)
[11:06:38] [1/326] VCHA
[11:06:39] 🧠 New identity created
[11:06:40] [2/326] SCKO
[11:06:41] [3/326] VKTK
[11:06:42] [4/326] DXEC
[11:06:42] [5/326] CDCA
[11:06:43] [6/326] VBCZ
[11:06:44] [7/326] MSDR
[11:06:44] [8/326] ACPV
[11:06:45] [9/326] PVHB
[11:06:46] [10/326] RCNH
[11:06:47] 🔄 Identity reset
[11:06:47] 🔄 Identity rotated (every 10 requests)
[11:06:47] [11/326] IOMH
[11:06:47] [12/326] ILKS
[11:06:48] [13/326] AMSN
[11:06:49] [14/326] ANTP
[11:06:49] [15/326] SSEK
[11:06:51] [16/326] PICP
[11:06:52] [17/326] SICO
[11:06:52] [18/326] SISP
[11:06:54] [19/326] SCPI
[11:06:55] [20/326] CRPR
[11:06:55] 🔄 Identity reset
[11:06:55] 🔄 Identity rotated (every 10 requests)
[11:06:55] [21/326] DCTW
[11:06:56] [22/326] DCSP
[11:06:57] [23/326] KRPM
[11:06:58] [24/326] THKK
[11:06:59] [25/326] SNMY
[11:06:59] [26/326] AKCC
[11:07:01] [27/326] PCAT
[11:07:02] [28/326] RFGO
[11:07:04] [29/326] GGCS
[11:07:04] [30/326] ACKR
[11:07:05] 🔄 Identity reset
[11:07:05] 🔄 Identity rotated (every 10 requests)
[11:07:05] [31/326] STDO
[11:07:06] [32/326] ACKB
[11:07:08] [33/326] ALUC
[11:07:09] [34/326] MNSR
[11:07:10] [35/326] CSSL
[11:07:10] [36/326] BGGM
[11:07:12] [37/326] MANT
[11:07:14] [38/326] SOOY
[11:07:16] [39/326] VPPK
[11:07:16] [40/326] MYHJ
[11:07:17] 🔄 Identity reset
[11:07:17] 🔄 Identity rotated (every 10 requests)
[11:07:17] [41/326] KSCK
[11:07:18] [42/326] KATK
[11:07:19] [43/326] RTRT
[11:07:20] [44/326] SSTT
[11:07:20] [45/326] SSTV
[11:07:22] [46/326] LACM
[11:07:23] [47/326] SGMG
[11:07:24] [48/326] KACX
[11:07:25] [49/326] GVCP
[11:07:25] [50/326] CSNC
[11:07:26] 🔄 Identity reset
[11:07:26] 🔄 Identity rotated (every 10 requests)
[11:07:26] 🔄 Retry 1/5 for CSNC in 2.4s
[11:07:26] 🔄 Identity reset
[11:07:28] 🧠 New identity created
[11:07:28] [51/326] SXCB
[11:07:29] [52/326] BAHS
[11:07:30] [53/326] PCBI
[11:07:31] [54/326] PSSM
[11:07:32] [55/326] RCOK
[11:07:32] [56/326] SCPF
[11:07:34] [57/326] SSAS
[11:07:36] [58/326] EVMM
[11:07:37] [59/326] SYCB
[11:07:37] 🔄 Identity reset
[11:07:37] 🔄 Identity rotated (every 10 requests)
[11:07:38] [60/326] GCKI
[11:07:39] [61/326] IAET
[11:07:40] [62/326] DDTD
[11:07:41] [63/326] GMDH
[11:07:41] [64/326] STLE
[11:07:42] [65/326] JTRA
[11:07:43] [66/326] RPPA
[11:07:44] [67/326] ARUT
[11:07:44] [68/326] JTVM
[11:07:46] [69/326] SWRH
[11:07:46] 🔄 Identity reset
[11:07:46] 🔄 Identity rotated (every 10 requests)
[11:07:47] [70/326] DCPC
[11:07:47] [71/326] RAPR
[11:07:48] [72/326] GCRT
[11:07:49] [73/326] ATUN
[11:07:49] [74/326] LTRM
[11:07:50] [75/326] TASR
[11:07:51] [76/326] RLLC
[11:07:52] [77/326] MABI
[11:07:53] [78/326] SVHB
[11:07:54] [79/326] NVTB
[11:07:55] 🔄 Identity reset
[11:07:55] 🔄 Identity rotated (every 10 requests)
[11:07:56] [80/326] KCKG
[11:07:57] [81/326] SSRN
[11:07:57] [82/326] VDDC
[11:07:59] [83/326] GKTK
[11:08:00] [84/326] YFSN
[11:08:01] [85/326] GCSG
[11:08:02] [86/326] ESSM
[11:08:03] [87/326] KRIH
[11:08:04] [88/326] GCDS
[11:08:05] [89/326] CCSH
[11:08:05] 🔄 Identity reset
[11:08:05] 🔄 Identity rotated (every 10 requests)
[11:08:07] [90/326] ACSK
[11:08:07] [91/326] APRK
[11:08:08] [92/326] ADKM
[11:08:09] [93/326] SRDM
[11:08:10] [94/326] SJMY
[11:08:11] [95/326] PGGC
[11:08:12] [96/326] INGM
[11:08:13] [97/326] LSCB
[11:08:14] [98/326] STAD
[11:08:15] [99/326] MCCR
[11:08:16] 🔄 Identity reset
[11:08:16] 🔄 Identity rotated (every 10 requests)
[11:08:17] [100/326] ABCC
[11:08:18] [101/326] RKCC
[11:08:19] [102/326] RTCR
[11:08:20] [103/326] GGBC
[11:08:21] [104/326] GCSD
[11:08:22] [105/326] LPTY
[11:08:23] [106/326] MCFD
[11:08:24] [107/326] HENN
[11:08:26] [108/326] SMKU
[11:08:26] [109/326] TNZC
[11:08:27] 🔄 Identity reset
[11:08:27] 🔄 Identity rotated (every 10 requests)
[11:08:28] [110/326] DRCD
[11:08:29] [111/326] DLCD
[11:08:30] [112/326] RCDA
[11:08:31] [113/326] COSM
[11:08:31] [114/326] MCMJ
[11:08:32] [115/326] CSTR
[11:08:33] [116/326] CVDK
[11:08:34] [117/326] INRR
[11:08:35] [118/326] RJRT
[11:08:35] [119/326] IRMR
[11:08:36] 🔄 Identity reset
[11:08:36] 🔄 Identity rotated (every 10 requests)
[11:08:37] [120/326] SRCF
[11:08:38] [121/326] GRCR
[11:08:39] [122/326] SURC
[11:08:40] [123/326] NMNH
[11:08:41] [124/326] SVBL
[11:08:42] [125/326] KACI
[11:08:43] [126/326] TDGO
[11:08:43] [127/326] KTBR
[11:08:44] [128/326] PMAD
[11:08:45] [129/326] CCPN
[11:08:45] 🔄 Identity reset
[11:08:45] 🔄 Identity rotated (every 10 requests)
[11:08:46] [130/326] SBTK
[11:08:46] [131/326] LMDK
[11:08:47] [132/326] PGDA
[11:08:47] [133/326] SRML
[11:08:48] [134/326] EVCK
[11:08:49] [135/326] RTTK
[11:08:49] [136/326] SRTU
[11:08:51] [137/326] VRSA
[11:08:52] [138/326] VARS
[11:08:53] [139/326] DSCZ
[11:08:53] 🔄 Identity reset
[11:08:53] 🔄 Identity rotated (every 10 requests)
[11:08:54] [140/326] GAGA
[11:08:54] [141/326] SARV
[11:08:55] [142/326] SEEG
[11:08:56] [143/326] GLCA
[11:08:58] [144/326] APAS
[11:08:59] [145/326] VCIA
[11:09:00] [146/326] SJTA
[11:09:01] [147/326] SABM
[11:09:03] [148/326] PPAG
[11:09:03] [149/326] RVCA
[11:09:04] 🔄 Identity reset
[11:09:04] 🔄 Identity rotated (every 10 requests)
[11:09:04] [150/326] CCIA
[11:09:06] [151/326] HTAG
[11:09:07] [152/326] SMBI
[11:09:07] [153/326] MCJR
[11:09:08] [154/326] CCJR
[11:09:09] [155/326] SINF
[11:09:10] [156/326] CPLX
[11:09:11] [157/326] KKTJ
[11:09:12] [158/326] GDBW
[11:09:13] [159/326] CSUB
[11:09:13] 🔄 Identity reset
[11:09:13] 🔄 Identity rotated (every 10 requests)
[11:09:14] [160/326] DABA
[11:09:15] [161/326] TITR
[11:09:15] [162/326] NYCR
[11:09:16] [163/326] RTRY
[11:09:17] [164/326] JTJL
[11:09:19] [165/326] SJCP
[11:09:20] [166/326] KCCA
[11:09:21] [167/326] MLPG
[11:09:21] [168/326] VRCK
[11:09:22] [169/326] SRIN
[11:09:23] 🔄 Identity reset
[11:09:23] 🔄 Identity rotated (every 10 requests)
[11:09:23] [170/326] CXMK
[11:09:24] [171/326] SKAD
[11:09:25] [172/326] AVTR
[11:09:26] [173/326] PTAJ
[11:09:27] [174/326] SCNK
[11:09:27] [175/326] STTI
[11:09:28] [176/326] KACR
[11:09:29] [177/326] SSDX
[11:09:30] [178/326] VRTJ
[11:09:31] [179/326] RAJD
[11:09:31] 🔄 Identity reset
[11:09:31] 🔄 Identity rotated (every 10 requests)
[11:09:32] [180/326] SCIP
[11:09:32] [181/326] RJSL
[11:09:33] [182/326] ARRS
[11:09:34] [183/326] ASMS
[11:09:35] [184/326] RDTS
[11:09:35] [185/326] DVMY
[11:09:36] [186/326] RASA
[11:09:37] [187/326] INOM
[11:09:37] [188/326] SPRS
[11:09:38] [189/326] SGCS
[11:09:39] 🔄 Identity reset
[11:09:39] 🔄 Identity rotated (every 10 requests)
[11:09:39] [190/326] SALM
[11:09:40] [191/326] PKHC
[11:09:41] [192/326] RCSV
[11:09:41] [193/326] CPKC
[11:09:42] [194/326] AACD
[11:09:43] [195/326] GGCV
[11:09:44] [196/326] SMKD
[11:09:45] [197/326] NBCH
[11:09:46] [198/326] AMCB
[11:09:47] [199/326] OPCN
[11:09:48] 🔄 Identity reset
[11:09:48] 🔄 Identity rotated (every 10 requests)
[11:09:48] [200/326] DCIN
[11:09:49] [201/326] INGW
[11:09:50] [202/326] PKKW
[11:09:51] [203/326] FNGW
[11:09:51] [204/326] GCGD
[11:09:52] [205/326] MSTW
[11:09:54] [206/326] KCCG
[11:09:54] [207/326] MRSS
[11:09:55] [208/326] CLCF
[11:09:56] [209/326] EETS
[11:09:57] 🔄 Identity reset
[11:09:57] 🔄 Identity rotated (every 10 requests)
[11:09:57] [210/326] AATR
[11:09:58] [211/326] CMMN
[11:09:59] [212/326] SCCJ
[11:09:59] [213/326] CDTK
[11:10:00] [214/326] AICP
[11:10:02] [215/326] FNBP
[11:10:02] [216/326] CBPB
[11:10:04] [217/326] CPAS
[11:10:05] [218/326] MAPM
[11:10:06] [219/326] PASD
[11:10:06] 🔄 Identity reset
[11:10:06] 🔄 Identity rotated (every 10 requests)
[11:10:06] [220/326] JCMN
[11:10:07] [221/326] MALB
[11:10:08] [222/326] SACG
[11:10:09] [223/326] DDRX
[11:10:09] [224/326] DDXB
[11:10:10] [225/326] RAMC
[11:10:11] [226/326] SANC
[11:10:12] [227/326] BCBP
[11:10:12] [228/326] ALPC
[11:10:14] [229/326] RBAC
[11:10:15] 🔄 Identity reset
[11:10:15] 🔄 Identity rotated (every 10 requests)
[11:10:15] [230/326] RAJL
[11:10:15] [231/326] MPDX
[11:10:16] [232/326] MUSC
[11:10:17] [233/326] VKMK
[11:10:18] [234/326] SKCG
[11:10:19] [235/326] ANCN
[11:10:20] [236/326] MMCJ
[11:10:20] [237/326] DCAK
[11:10:21] [238/326] SCKG
[11:10:22] [239/326] LMCK
[11:10:22] 🔄 Identity reset
[11:10:22] 🔄 Identity rotated (every 10 requests)
[11:10:22] [240/326] CKKX
[11:10:23] [241/326] ANKU
[11:10:25] [242/326] CSMD
[11:10:26] [243/326] MKMP
[11:10:27] [244/326] SVBG
[11:10:28] [245/326] ROOP
[11:10:29] [246/326] GDMT
[11:10:30] [247/326] FPPF
[11:10:31] [248/326] SFUU
[11:10:32] [249/326] ANCB
[11:10:32] 🔄 Identity reset
[11:10:32] 🔄 Identity rotated (every 10 requests)
[11:10:33] [250/326] SMMC
[11:10:34] [251/326] UGKT
[11:10:35] [252/326] JVRM
[11:10:35] [253/326] BATG
[11:10:36] [254/326] RATE
[11:10:37] [255/326] SKME
[11:10:39] [256/326] LMTP
[11:10:39] [257/326] TCBD
[11:10:40] [258/326] ESBD
[11:10:42] [259/326] GDCU
[11:10:43] 🔄 Identity reset
[11:10:43] 🔄 Identity rotated (every 10 requests)
[11:10:43] [260/326] SNKT
[11:10:44] [261/326] SRNK
[11:10:44] [262/326] SMED
[11:10:45] [263/326] CSQS
[11:10:46] [264/326] ALCS
[11:10:47] [265/326] KCKN
[11:10:48] [266/326] VCCL
[11:10:49] [267/326] MCDA
[11:10:50] [268/326] SHMI
[11:10:51] [269/326] SKHA
[11:10:52] 🔄 Identity reset
[11:10:52] 🔄 Identity rotated (every 10 requests)
[11:10:52] [270/326] SVFK
[11:10:53] [271/326] INVB
[11:10:54] [272/326] MELD
[11:10:55] [273/326] JTYS
[11:10:56] [274/326] INCM
[11:10:57] [275/326] MCDV
[11:10:58] [276/326] KSGK
[11:10:59] [277/326] ICMG
[11:11:00] [278/326] CSCV
[11:11:01] [279/326] STMD
[11:11:01] 🔄 Identity reset
[11:11:01] 🔄 Identity rotated (every 10 requests)
[11:11:01] [280/326] STTR
[11:11:02] [281/326] INVC
[11:11:03] [282/326] JTBL
[11:11:04] [283/326] SRVV
[11:11:05] [284/326] MAVC
[11:11:06] [285/326] SRPP
[11:11:07] [286/326] JGDM
[11:11:09] [287/326] MBSJ
[11:11:10] [288/326] SSLL
[11:11:11] [289/326] SLKP
[11:11:12] 🔄 Identity reset
[11:11:12] 🔄 Identity rotated (every 10 requests)
[11:11:12] [290/326] NSRV
[11:11:13] [291/326] UTDV
[11:11:13] [292/326] KICM
[11:11:14] [293/326] KCMD
[11:11:16] [294/326] TTPP
[11:11:17] [295/326] KMPV
[11:11:19] [296/326] SKTV
[11:11:20] [297/326] STCV
[11:11:20] [298/326] SRDA
[11:11:21] [299/326] JTSX
[11:11:22] 🔄 Identity reset
[11:11:22] 🔄 Identity rotated (every 10 requests)
[11:11:22] [300/326] STBV
[11:11:23] [301/326] APVZ
[11:11:25] [302/326] GSTV
[11:11:26] [303/326] NMVS
[11:11:28] [304/326] SKRT
[11:11:29] [305/326] RMDV
[11:11:31] [306/326] RATG
[11:11:32] [307/326] SJYV
[11:11:33] [308/326] NDGP
[11:11:33] [309/326] SNDG
[11:11:34] 🔄 Identity reset
[11:11:34] 🔄 Identity rotated (every 10 requests)
[11:11:34] [310/326] INSR
[11:11:35] [311/326] INSO
[11:11:37] [312/326] CCSI
[11:11:38] [313/326] RASM
[11:11:39] [314/326] NEWC
[11:11:40] [315/326] VSHL
[11:11:41] [316/326] BISW
[11:11:42] [317/326] GCNG
[11:11:43] [318/326] CWSC
[11:11:45] [319/326] SKAN
[11:11:45] 🔄 Identity reset
[11:11:45] 🔄 Identity rotated (every 10 requests)
[11:11:45] 🔄 Retry 1/5 for SKAN in 2.9s
[11:11:45] 🔄 Identity reset
[11:11:48] 🧠 New identity created
[11:11:48] [320/326] CCOA
[11:11:50] [321/326] MCAJ
[11:11:51] [322/326] ACDE
[11:11:52] [323/326] AACM
[11:11:53] [324/326] JJCK
[11:11:54] [325/326] RCMO
[11:11:54] [326/326] GDAW
[11:11:56] ✅ DONE | Shows=1026 | Movies=59
[12:06:20] 🚀 BMS DAILY TRACKER STARTED (enhanced anti‑detection)
[12:06:20] [1/326] VCHA
[12:06:21] 🧠 New identity created
[12:06:21] [2/326] SCKO
[12:06:22] [3/326] VKTK
[12:06:23] [4/326] DXEC
[12:06:24] [5/326] CDCA
[12:06:25] [6/326] VBCZ
[12:06:25] [7/326] MSDR
[12:06:26] [8/326] ACPV
[12:06:27] [9/326] PVHB
[12:06:27] [10/326] RCNH
[12:06:28] 🔄 Identity reset
[12:06:28] 🔄 Identity rotated (every 10 requests)
[12:06:28] 🔄 Retry 1/5 for RCNH in 2.5s
[12:06:28] 🔄 Identity reset
[12:06:30] 🧠 New identity created
[12:06:31] [11/326] IOMH
[12:06:31] [12/326] ILKS
[12:06:33] [13/326] AMSN
[12:06:34] [14/326] ANTP
[12:06:35] [15/326] SSEK
[12:06:35] [16/326] PICP
[12:06:36] [17/326] SICO
[12:06:37] [18/326] SISP
[12:06:38] [19/326] SCPI
[12:06:38] 🔄 Identity reset
[12:06:38] 🔄 Identity rotated (every 10 requests)
[12:06:39] [20/326] CRPR
[12:06:39] [21/326] DCTW
[12:06:40] [22/326] DCSP
[12:06:41] [23/326] KRPM
[12:06:41] [24/326] THKK
[12:06:43] [25/326] SNMY
[12:06:44] [26/326] AKCC
[12:06:44] [27/326] PCAT
[12:06:45] [28/326] RFGO
[12:06:47] [29/326] GGCS
[12:06:47] 🔄 Identity reset
[12:06:47] 🔄 Identity rotated (every 10 requests)
[12:06:47] [30/326] ACKR
[12:06:48] [31/326] STDO
[12:06:49] [32/326] ACKB
[12:06:50] [33/326] ALUC
[12:06:50] [34/326] MNSR
[12:06:51] [35/326] CSSL
[12:06:52] [36/326] BGGM
[12:06:53] [37/326] MANT
[12:06:54] [38/326] SOOY
[12:06:56] [39/326] VPPK
[12:06:56] 🔄 Identity reset
[12:06:56] 🔄 Identity rotated (every 10 requests)
[12:06:58] [40/326] MYHJ
[12:06:58] [41/326] KSCK
[12:06:59] [42/326] KATK
[12:07:00] [43/326] RTRT
[12:07:01] [44/326] SSTT
[12:07:02] [45/326] SSTV
[12:07:03] [46/326] LACM
[12:07:03] [47/326] SGMG
[12:07:04] [48/326] KACX
[12:07:05] [49/326] GVCP
[12:07:05] 🔄 Identity reset
[12:07:05] 🔄 Identity rotated (every 10 requests)
[12:07:05] [50/326] CSNC
[12:07:06] [51/326] SXCB
[12:07:07] [52/326] BAHS
[12:07:09] [53/326] PCBI
[12:07:10] [54/326] PSSM
[12:07:10] [55/326] RCOK
[12:07:11] [56/326] SCPF
[12:07:13] [57/326] SSAS
[12:07:14] [58/326] EVMM
[12:07:15] [59/326] SYCB
[12:07:16] 🔄 Identity reset
[12:07:16] 🔄 Identity rotated (every 10 requests)
[12:07:17] [60/326] GCKI
[12:07:17] [61/326] IAET
[12:07:18] [62/326] DDTD
[12:07:19] [63/326] GMDH
[12:07:19] [64/326] STLE
[12:07:21] [65/326] JTRA
[12:07:21] [66/326] RPPA
[12:07:23] [67/326] ARUT
[12:07:23] [68/326] JTVM
[12:07:24] [69/326] SWRH
[12:07:25] 🔄 Identity reset
[12:07:25] 🔄 Identity rotated (every 10 requests)
[12:07:25] [70/326] DCPC
[12:07:26] [71/326] RAPR
[12:07:26] [72/326] GCRT
[12:07:27] [73/326] ATUN
[12:07:28] [74/326] LTRM
[12:07:29] [75/326] TASR
[12:07:30] [76/326] RLLC
[12:07:31] [77/326] MABI
[12:07:32] [78/326] SVHB
[12:07:33] [79/326] NVTB
[12:07:33] 🔄 Identity reset
[12:07:33] 🔄 Identity rotated (every 10 requests)
[12:07:33] [80/326] KCKG
[12:07:34] [81/326] SSRN
[12:07:35] [82/326] VDDC
[12:07:36] [83/326] GKTK
[12:07:37] [84/326] YFSN
[12:07:38] [85/326] GCSG
[12:07:38] [86/326] ESSM
[12:07:39] [87/326] KRIH
[12:07:40] [88/326] GCDS
[12:07:40] [89/326] CCSH
[12:07:41] 🔄 Identity reset
[12:07:41] 🔄 Identity rotated (every 10 requests)
[12:07:41] 🔄 Retry 1/5 for CCSH in 2.3s
[12:07:41] 🔄 Identity reset
[12:07:43] 🧠 New identity created
[12:07:44] [90/326] ACSK
[12:07:45] [91/326] APRK
[12:07:46] [92/326] ADKM
[12:07:46] [93/326] SRDM
[12:07:47] [94/326] SJMY
[12:07:48] [95/326] PGGC
[12:07:49] [96/326] INGM
[12:07:50] [97/326] LSCB
[12:07:51] [98/326] STAD
[12:07:51] 🔄 Identity reset
[12:07:51] 🔄 Identity rotated (every 10 requests)
[12:07:51] 🔄 Retry 1/5 for STAD in 2.2s
[12:07:51] 🔄 Identity reset
[12:07:54] 🧠 New identity created
[12:07:54] [99/326] MCCR
[12:07:55] [100/326] ABCC
[12:07:56] [101/326] RKCC
[12:07:57] [102/326] RTCR
[12:07:57] [103/326] GGBC
[12:07:58] [104/326] GCSD
[12:07:58] [105/326] LPTY
[12:07:59] [106/326] MCFD
[12:07:59] [107/326] HENN
[12:08:00] 🔄 Identity reset
[12:08:00] 🔄 Identity rotated (every 10 requests)
[12:08:00] [108/326] SMKU
[12:08:01] [109/326] TNZC
[12:08:03] [110/326] DRCD
[12:08:03] [111/326] DLCD
[12:08:04] [112/326] RCDA
[12:08:05] [113/326] COSM
[12:08:05] [114/326] MCMJ
[12:08:06] [115/326] CSTR
[12:08:07] [116/326] CVDK
[12:08:07] [117/326] INRR
[12:08:08] 🔄 Identity reset
[12:08:08] 🔄 Identity rotated (every 10 requests)
[12:08:08] [118/326] RJRT
[12:08:09] [119/326] IRMR
[12:08:10] [120/326] SRCF
[12:08:10] [121/326] GRCR
[12:08:11] [122/326] SURC
[12:08:12] [123/326] NMNH
[12:08:14] [124/326] SVBL
[12:08:14] [125/326] KACI
[12:08:15] [126/326] TDGO
[12:08:17] [127/326] KTBR
[12:08:17] 🔄 Identity reset
[12:08:17] 🔄 Identity rotated (every 10 requests)
[12:08:18] [128/326] PMAD
[12:08:19] [129/326] CCPN
[12:08:21] [130/326] SBTK
[12:08:23] [131/326] LMDK
[12:08:23] [132/326] PGDA
[12:08:24] [133/326] SRML
[12:08:25] [134/326] EVCK
[12:08:26] [135/326] RTTK
[12:08:27] [136/326] SRTU
[12:08:28] [137/326] VRSA
[12:08:28] 🔄 Identity reset
[12:08:28] 🔄 Identity rotated (every 10 requests)
[12:08:29] [138/326] VARS
[12:08:30] [139/326] DSCZ
[12:08:31] [140/326] GAGA
[12:08:32] [141/326] SARV
[12:08:33] [142/326] SEEG
[12:08:34] [143/326] GLCA
[12:08:34] [144/326] APAS
[12:08:35] [145/326] VCIA
[12:08:36] [146/326] SJTA
[12:08:37] [147/326] SABM
[12:08:38] 🔄 Identity reset
[12:08:38] 🔄 Identity rotated (every 10 requests)
[12:08:38] [148/326] PPAG
[12:08:38] [149/326] RVCA
[12:08:39] [150/326] CCIA
[12:08:40] [151/326] HTAG
[12:08:41] [152/326] SMBI
[12:08:41] [153/326] MCJR
[12:08:42] [154/326] CCJR
[12:08:43] [155/326] SINF
[12:08:44] [156/326] CPLX
[12:08:45] [157/326] KKTJ
[12:08:46] 🔄 Identity reset
[12:08:46] 🔄 Identity rotated (every 10 requests)
[12:08:46] [158/326] GDBW
[12:08:47] [159/326] CSUB
[12:08:48] [160/326] DABA
[12:08:49] [161/326] TITR
[12:08:50] [162/326] NYCR
[12:08:50] [163/326] RTRY
[12:08:51] [164/326] JTJL
[12:08:52] [165/326] SJCP
[12:08:52] [166/326] KCCA
[12:08:53] [167/326] MLPG
[12:08:54] 🔄 Identity reset
[12:08:54] 🔄 Identity rotated (every 10 requests)
[12:08:54] [168/326] VRCK
[12:08:55] [169/326] SRIN
[12:08:56] [170/326] CXMK
[12:08:57] [171/326] SKAD
[12:08:58] [172/326] AVTR
[12:08:58] [173/326] PTAJ
[12:08:59] [174/326] SCNK
[12:09:00] [175/326] STTI
[12:09:01] [176/326] KACR
[12:09:02] [177/326] SSDX
[12:09:02] 🔄 Identity reset
[12:09:02] 🔄 Identity rotated (every 10 requests)
[12:09:02] [178/326] VRTJ
[12:09:03] [179/326] RAJD
[12:09:04] [180/326] SCIP
[12:09:05] [181/326] RJSL
[12:09:05] [182/326] ARRS
[12:09:06] [183/326] ASMS
[12:09:08] [184/326] RDTS
[12:09:08] [185/326] DVMY
[12:09:09] [186/326] RASA
[12:09:10] [187/326] INOM
[12:09:11] 🔄 Identity reset
[12:09:11] 🔄 Identity rotated (every 10 requests)
[12:09:11] [188/326] SPRS
[12:09:12] [189/326] SGCS
[12:09:12] [190/326] SALM
[12:09:13] [191/326] PKHC
[12:09:14] [192/326] RCSV
[12:09:15] [193/326] CPKC
[12:09:16] [194/326] AACD
[12:09:17] [195/326] GGCV
[12:09:19] [196/326] SMKD
[12:09:20] [197/326] NBCH
[12:09:20] 🔄 Identity reset
[12:09:20] 🔄 Identity rotated (every 10 requests)
[12:09:20] [198/326] AMCB
[12:09:22] [199/326] OPCN
[12:09:22] [200/326] DCIN
[12:09:23] [201/326] INGW
[12:09:24] [202/326] PKKW
[12:09:25] [203/326] FNGW
[12:09:25] [204/326] GCGD
[12:09:26] [205/326] MSTW
[12:09:27] [206/326] KCCG
[12:09:28] [207/326] MRSS
[12:09:29] 🔄 Identity reset
[12:09:29] 🔄 Identity rotated (every 10 requests)
[12:09:29] [208/326] CLCF
[12:09:30] [209/326] EETS
[12:09:31] [210/326] AATR
[12:09:32] [211/326] CMMN
[12:09:32] [212/326] SCCJ
[12:09:33] [213/326] CDTK
[12:09:34] [214/326] AICP
[12:09:35] [215/326] FNBP
[12:09:36] [216/326] CBPB
[12:09:37] [217/326] CPAS
[12:09:38] 🔄 Identity reset
[12:09:38] 🔄 Identity rotated (every 10 requests)
[12:09:38] [218/326] MAPM
[12:09:39] [219/326] PASD
[12:09:40] [220/326] JCMN
[12:09:40] [221/326] MALB
[12:09:41] [222/326] SACG
[12:09:42] [223/326] DDRX
[12:09:43] [224/326] DDXB
[12:09:44] [225/326] RAMC
[12:09:45] [226/326] SANC
[12:09:46] [227/326] BCBP
[12:09:46] 🔄 Identity reset
[12:09:46] 🔄 Identity rotated (every 10 requests)
[12:09:47] [228/326] ALPC
[12:09:47] [229/326] RBAC
[12:09:48] [230/326] RAJL
[12:09:49] [231/326] MPDX
[12:09:50] [232/326] MUSC
[12:09:51] [233/326] VKMK
[12:09:52] [234/326] SKCG
[12:09:53] [235/326] ANCN
[12:09:54] [236/326] MMCJ
[12:09:55] [237/326] DCAK
[12:09:55] 🔄 Identity reset
[12:09:55] 🔄 Identity rotated (every 10 requests)
[12:09:56] [238/326] SCKG
[12:09:56] [239/326] LMCK
[12:09:57] [240/326] CKKX
[12:09:59] [241/326] ANKU
[12:09:59] [242/326] CSMD
[12:10:00] [243/326] MKMP
[12:10:01] [244/326] SVBG
[12:10:02] [245/326] ROOP
[12:10:02] [246/326] GDMT
[12:10:03] [247/326] FPPF
[12:10:04] 🔄 Identity reset
[12:10:04] 🔄 Identity rotated (every 10 requests)
[12:10:04] [248/326] SFUU
[12:10:05] [249/326] ANCB
[12:10:06] [250/326] SMMC
[12:10:08] [251/326] UGKT
[12:10:09] [252/326] JVRM
[12:10:10] [253/326] BATG
[12:10:10] [254/326] RATE
[12:10:11] [255/326] SKME
[12:10:12] [256/326] LMTP
[12:10:13] [257/326] TCBD
[12:10:13] 🔄 Identity reset
[12:10:13] 🔄 Identity rotated (every 10 requests)
[12:10:14] [258/326] ESBD
[12:10:15] [259/326] GDCU
[12:10:16] [260/326] SNKT
[12:10:16] [261/326] SRNK
[12:10:17] [262/326] SMED
[12:10:18] [263/326] CSQS
[12:10:19] [264/326] ALCS
[12:10:20] [265/326] KCKN
[12:10:20] [266/326] VCCL
[12:10:21] [267/326] MCDA
[12:10:22] 🔄 Identity reset
[12:10:22] 🔄 Identity rotated (every 10 requests)
[12:10:22] 🔄 Retry 1/5 for MCDA in 2.6s
[12:10:22] 🔄 Identity reset
[12:10:25] 🧠 New identity created
[12:10:25] [268/326] SHMI
[12:10:25] [269/326] SKHA
[12:10:26] [270/326] SVFK
[12:10:27] [271/326] INVB
[12:10:28] [272/326] MELD
[12:10:28] [273/326] JTYS
[12:10:29] [274/326] INCM
[12:10:30] [275/326] MCDV
[12:10:31] [276/326] KSGK
[12:10:31] 🔄 Identity reset
[12:10:31] 🔄 Identity rotated (every 10 requests)
[12:10:31] [277/326] ICMG
[12:10:32] [278/326] CSCV
[12:10:33] [279/326] STMD
[12:10:34] [280/326] STTR
[12:10:35] [281/326] INVC
[12:10:36] [282/326] JTBL
[12:10:36] [283/326] SRVV
[12:10:37] [284/326] MAVC
[12:10:38] [285/326] SRPP
[12:10:38] [286/326] JGDM
[12:10:39] 🔄 Identity reset
[12:10:39] 🔄 Identity rotated (every 10 requests)
[12:10:40] [287/326] MBSJ
[12:10:41] [288/326] SSLL
[12:10:41] [289/326] SLKP
[12:10:42] [290/326] NSRV
[12:10:43] [291/326] UTDV
[12:10:44] [292/326] KICM
[12:10:45] [293/326] KCMD
[12:10:46] [294/326] TTPP
[12:10:46] [295/326] KMPV
[12:10:47] [296/326] SKTV
[12:10:48] 🔄 Identity reset
[12:10:48] 🔄 Identity rotated (every 10 requests)
[12:10:49] [297/326] STCV
[12:10:50] [298/326] SRDA
[12:10:51] [299/326] JTSX
[12:10:52] [300/326] STBV
[12:10:53] [301/326] APVZ
[12:10:54] [302/326] GSTV
[12:10:56] [303/326] NMVS
[12:10:58] [304/326] SKRT
[12:10:58] [305/326] RMDV
[12:11:00] [306/326] RATG
[12:11:00] 🔄 Identity reset
[12:11:01] 🔄 Identity rotated (every 10 requests)
[12:11:01] [307/326] SJYV
[12:11:02] [308/326] NDGP
[12:11:03] [309/326] SNDG
[12:11:04] [310/326] INSR
[12:11:05] [311/326] INSO
[12:11:06] [312/326] CCSI
[12:11:07] [313/326] RASM
[12:11:08] [314/326] NEWC
[12:11:09] [315/326] VSHL
[12:11:09] [316/326] BISW
[12:11:10] 🔄 Identity reset
[12:11:10] 🔄 Identity rotated (every 10 requests)
[12:11:10] [317/326] GCNG
[12:11:11] [318/326] CWSC
[12:11:12] [319/326] SKAN
[12:11:13] [320/326] CCOA
[12:11:14] [321/326] MCAJ
[12:11:15] [322/326] ACDE
[12:11:16] [323/326] AACM
[12:11:17] [324/326] JJCK
[12:11:18] [325/326] RCMO
[12:11:19] [326/326] GDAW
[12:11:19] 🔄 Identity reset
[12:11:19] 🔄 Identity rotated (every 10 requests)
[12:11:20] ✅ DONE | Shows=1195 | Movies=61
[12:56:19] 🚀 BMS DAILY TRACKER STARTED (enhanced anti‑detection)
[12:56:19] [1/326] VCHA
[12:56:20] 🧠 New identity created
[12:56:21] [2/326] SCKO
[12:56:22] [3/326] VKTK
[12:56:23] [4/326] DXEC
[12:56:23] [5/326] CDCA
[12:56:24] [6/326] VBCZ
[12:56:25] [7/326] MSDR
[12:56:26] [8/326] ACPV
[12:56:27] [9/326] PVHB
[12:56:29] [10/326] RCNH
[12:56:30] 🔄 Identity reset
[12:56:30] 🔄 Identity rotated (every 10 requests)
[12:56:30] [11/326] IOMH
[12:56:31] [12/326] ILKS
[12:56:33] [13/326] AMSN
[12:56:34] [14/326] ANTP
[12:56:34] [15/326] SSEK
[12:56:35] [16/326] PICP
[12:56:36] [17/326] SICO
[12:56:37] [18/326] SISP
[12:56:39] [19/326] SCPI
[12:56:40] [20/326] CRPR
[12:56:40] 🔄 Identity reset
[12:56:40] 🔄 Identity rotated (every 10 requests)
[12:56:40] 🔄 Retry 1/5 for CRPR in 2.2s
[12:56:40] 🔄 Identity reset
[12:56:42] 🧠 New identity created
[12:56:43] [21/326] DCTW
[12:56:44] [22/326] DCSP
[12:56:44] [23/326] KRPM
[12:56:45] [24/326] THKK
[12:56:46] [25/326] SNMY
[12:56:47] [26/326] AKCC
[12:56:48] [27/326] PCAT
[12:56:49] [28/326] RFGO
[12:56:50] [29/326] GGCS
[12:56:51] 🔄 Identity reset
[12:56:51] 🔄 Identity rotated (every 10 requests)
[12:56:51] [30/326] ACKR
[12:56:52] [31/326] STDO
[12:56:52] [32/326] ACKB
[12:56:53] [33/326] ALUC
[12:56:55] [34/326] MNSR
[12:56:56] [35/326] CSSL
[12:56:56] [36/326] BGGM
[12:56:58] [37/326] MANT
[12:57:00] [38/326] SOOY
[12:57:01] [39/326] VPPK
[12:57:02] 🔄 Identity reset
[12:57:02] 🔄 Identity rotated (every 10 requests)
[12:57:02] [40/326] MYHJ
[12:57:03] [41/326] KSCK
[12:57:04] [42/326] KATK
[12:57:06] [43/326] RTRT
[12:57:06] [44/326] SSTT
[12:57:07] [45/326] SSTV
[12:57:09] [46/326] LACM
[12:57:10] [47/326] SGMG
[12:57:10] [48/326] KACX
[12:57:12] [49/326] GVCP
[12:57:13] 🔄 Identity reset
[12:57:13] 🔄 Identity rotated (every 10 requests)
[12:57:13] [50/326] CSNC
[12:57:14] [51/326] SXCB
[12:57:14] [52/326] BAHS
[12:57:15] [53/326] PCBI
[12:57:16] [54/326] PSSM
[12:57:17] [55/326] RCOK
[12:57:18] [56/326] SCPF
[12:57:20] [57/326] SSAS
[12:57:21] [58/326] EVMM
[12:57:22] [59/326] SYCB
[12:57:23] 🔄 Identity reset
[12:57:23] 🔄 Identity rotated (every 10 requests)
[12:57:23] [60/326] GCKI
[12:57:24] [61/326] IAET
[12:57:25] [62/326] DDTD
[12:57:25] [63/326] GMDH
[12:57:26] [64/326] STLE
[12:57:27] [65/326] JTRA
[12:57:28] [66/326] RPPA
[12:57:28] [67/326] ARUT
[12:57:29] [68/326] JTVM
[12:57:30] [69/326] SWRH
[12:57:30] 🔄 Identity reset
[12:57:30] 🔄 Identity rotated (every 10 requests)
[12:57:30] [70/326] DCPC
[12:57:31] [71/326] RAPR
[12:57:33] [72/326] GCRT
[12:57:34] [73/326] ATUN
[12:57:34] [74/326] LTRM
[12:57:36] [75/326] TASR
[12:57:37] [76/326] RLLC
[12:57:38] [77/326] MABI
[12:57:40] [78/326] SVHB
[12:57:41] [79/326] NVTB
[12:57:41] 🔄 Identity reset
[12:57:41] 🔄 Identity rotated (every 10 requests)
[12:57:42] [80/326] KCKG
[12:57:44] [81/326] SSRN
[12:57:45] [82/326] VDDC
[12:57:46] [83/326] GKTK
[12:57:47] [84/326] YFSN
[12:57:49] [85/326] GCSG
[12:57:49] [86/326] ESSM
[12:57:50] [87/326] KRIH
[12:57:51] [88/326] GCDS
[12:57:51] [89/326] CCSH
[12:57:52] 🔄 Identity reset
[12:57:52] 🔄 Identity rotated (every 10 requests)
[12:57:52] [90/326] ACSK
[12:57:53] [91/326] APRK
[12:57:53] [92/326] ADKM
[12:57:54] [93/326] SRDM
[12:57:55] [94/326] SJMY
[12:57:56] [95/326] PGGC
[12:57:56] [96/326] INGM
[12:57:57] [97/326] LSCB
[12:57:59] [98/326] STAD
[12:58:00] [99/326] MCCR
[12:58:01] 🔄 Identity reset
[12:58:01] 🔄 Identity rotated (every 10 requests)
[12:58:01] 🔄 Retry 1/5 for MCCR in 2.8s
[12:58:01] 🔄 Identity reset
[12:58:04] 🧠 New identity created
[12:58:04] 🔄 Retry 2/5 for MCCR in 4.7s
[12:58:04] 🔄 Identity reset
[12:58:09] 🧠 New identity created
[12:58:09] 🔄 Retry 3/5 for MCCR in 9.0s
[12:58:09] 🔄 Identity reset
[12:58:18] 🧠 New identity created
[12:58:18] 🔄 Retry 4/5 for MCCR in 16.1s
[12:58:18] 🔄 Identity reset
[12:58:34] 🧠 New identity created
[12:58:34] [100/326] ABCC
[12:58:34] [101/326] RKCC
[12:58:35] [102/326] RTCR
[12:58:36] [103/326] GGBC
[12:58:37] [104/326] GCSD
[12:58:38] [105/326] LPTY
[12:58:38] 🔄 Identity reset
[12:58:38] 🔄 Identity rotated (every 10 requests)
[12:58:39] [106/326] MCFD
[12:58:40] [107/326] HENN
[12:58:42] [108/326] SMKU
[12:58:42] [109/326] TNZC
[12:58:43] [110/326] DRCD
[12:58:45] [111/326] DLCD
[12:58:46] [112/326] RCDA
[12:58:47] [113/326] COSM
[12:58:48] [114/326] MCMJ
[12:58:48] [115/326] CSTR
[12:58:49] 🔄 Identity reset
[12:58:49] 🔄 Identity rotated (every 10 requests)
[12:58:49] [116/326] CVDK
[12:58:50] [117/326] INRR
[12:58:51] [118/326] RJRT
[12:58:52] [119/326] IRMR
[12:58:53] [120/326] SRCF
[12:58:54] [121/326] GRCR
[12:58:54] [122/326] SURC
[12:58:55] [123/326] NMNH
[12:58:56] [124/326] SVBL
[12:58:57] [125/326] KACI
[12:58:57] 🔄 Identity reset
[12:58:57] 🔄 Identity rotated (every 10 requests)
[12:58:58] [126/326] TDGO
[12:58:59] [127/326] KTBR
[12:59:00] [128/326] PMAD
[12:59:00] [129/326] CCPN
[12:59:01] [130/326] SBTK
[12:59:02] [131/326] LMDK
[12:59:03] [132/326] PGDA
[12:59:03] [133/326] SRML
[12:59:04] [134/326] EVCK
[12:59:05] [135/326] RTTK
[12:59:06] 🔄 Identity reset
[12:59:06] 🔄 Identity rotated (every 10 requests)
[12:59:06] [136/326] SRTU
[12:59:08] [137/326] VRSA
[12:59:09] [138/326] VARS
[12:59:10] [139/326] DSCZ
[12:59:11] [140/326] GAGA
[12:59:11] [141/326] SARV
[12:59:12] [142/326] SEEG
[12:59:13] [143/326] GLCA
[12:59:15] [144/326] APAS
[12:59:15] [145/326] VCIA
[12:59:16] 🔄 Identity reset
[12:59:16] 🔄 Identity rotated (every 10 requests)
[12:59:16] [146/326] SJTA
[12:59:17] [147/326] SABM
[12:59:19] [148/326] PPAG
[12:59:19] [149/326] RVCA
[12:59:20] [150/326] CCIA
[12:59:21] [151/326] HTAG
[12:59:22] [152/326] SMBI
[12:59:23] [153/326] MCJR
[12:59:23] [154/326] CCJR
[12:59:24] [155/326] SINF
[12:59:25] 🔄 Identity reset
[12:59:25] 🔄 Identity rotated (every 10 requests)
[12:59:25] [156/326] CPLX
[12:59:26] [157/326] KKTJ
[12:59:27] [158/326] GDBW
[12:59:28] [159/326] CSUB
[12:59:29] [160/326] DABA
[12:59:29] [161/326] TITR
[12:59:30] [162/326] NYCR
[12:59:31] [163/326] RTRY
[12:59:32] [164/326] JTJL
[12:59:32] [165/326] SJCP
[12:59:33] 🔄 Identity reset
[12:59:33] 🔄 Identity rotated (every 10 requests)
[12:59:34] [166/326] KCCA
[12:59:35] [167/326] MLPG
[12:59:36] [168/326] VRCK
[12:59:37] [169/326] SRIN
[12:59:38] [170/326] CXMK
[12:59:39] [171/326] SKAD
[12:59:41] [172/326] AVTR
[12:59:41] [173/326] PTAJ
[12:59:42] [174/326] SCNK
[12:59:43] [175/326] STTI
[12:59:44] 🔄 Identity reset
[12:59:44] 🔄 Identity rotated (every 10 requests)
[12:59:45] [176/326] KACR
[12:59:46] [177/326] SSDX
[12:59:46] [178/326] VRTJ
[12:59:47] [179/326] RAJD
[12:59:48] [180/326] SCIP
[12:59:50] [181/326] RJSL
[12:59:51] [182/326] ARRS
[12:59:52] [183/326] ASMS
[12:59:53] [184/326] RDTS
[12:59:53] [185/326] DVMY
[12:59:54] 🔄 Identity reset
[12:59:54] 🔄 Identity rotated (every 10 requests)
[12:59:54] [186/326] RASA
[12:59:55] [187/326] INOM
[12:59:56] [188/326] SPRS
[12:59:56] [189/326] SGCS
[12:59:57] [190/326] SALM
[12:59:58] [191/326] PKHC
[12:59:59] [192/326] RCSV
[13:00:00] [193/326] CPKC
[13:00:00] [194/326] AACD
[13:00:01] [195/326] GGCV
[13:00:02] 🔄 Identity reset
[13:00:02] 🔄 Identity rotated (every 10 requests)
[13:00:02] [196/326] SMKD
[13:00:03] [197/326] NBCH
[13:00:03] [198/326] AMCB
[13:00:04] [199/326] OPCN
[13:00:05] [200/326] DCIN
[13:00:05] [201/326] INGW
[13:00:06] [202/326] PKKW
[13:00:07] [203/326] FNGW
[13:00:08] [204/326] GCGD
[13:00:09] [205/326] MSTW
[13:00:09] 🔄 Identity reset
[13:00:09] 🔄 Identity rotated (every 10 requests)
[13:00:09] 🔄 Retry 1/5 for MSTW in 2.3s
[13:00:09] 🔄 Identity reset
[13:00:11] 🧠 New identity created
[13:00:11] 🔄 Retry 2/5 for MSTW in 4.0s
[13:00:11] 🔄 Identity reset
[13:00:15] 🧠 New identity created
[13:00:16] [206/326] KCCG
[13:00:17] [207/326] MRSS
[13:00:18] [208/326] CLCF
[13:00:19] [209/326] EETS
[13:00:19] [210/326] AATR
[13:00:20] [211/326] CMMN
[13:00:21] [212/326] SCCJ
[13:00:22] [213/326] CDTK
[13:00:23] 🔄 Identity reset
[13:00:23] 🔄 Identity rotated (every 10 requests)
[13:00:23] [214/326] AICP
[13:00:24] [215/326] FNBP
[13:00:26] [216/326] CBPB
[13:00:27] [217/326] CPAS
[13:00:28] [218/326] MAPM
[13:00:29] [219/326] PASD
[13:00:30] [220/326] JCMN
[13:00:30] [221/326] MALB
[13:00:31] [222/326] SACG
[13:00:32] [223/326] DDRX
[13:00:32] 🔄 Identity reset
[13:00:32] 🔄 Identity rotated (every 10 requests)
[13:00:32] [224/326] DDXB
[13:00:33] [225/326] RAMC
[13:00:34] [226/326] SANC
[13:00:34] [227/326] BCBP
[13:00:35] [228/326] ALPC
[13:00:36] [229/326] RBAC
[13:00:37] [230/326] RAJL
[13:00:37] [231/326] MPDX
[13:00:38] [232/326] MUSC
[13:00:39] [233/326] VKMK
[13:00:40] 🔄 Identity reset
[13:00:40] 🔄 Identity rotated (every 10 requests)
[13:00:40] [234/326] SKCG
[13:00:41] [235/326] ANCN
[13:00:43] [236/326] MMCJ
[13:00:43] [237/326] DCAK
[13:00:44] [238/326] SCKG
[13:00:46] [239/326] LMCK
[13:00:47] [240/326] CKKX
[13:00:47] [241/326] ANKU
[13:00:49] [242/326] CSMD
[13:00:50] [243/326] MKMP
[13:00:50] 🔄 Identity reset
[13:00:50] 🔄 Identity rotated (every 10 requests)
[13:00:51] [244/326] SVBG
[13:00:51] [245/326] ROOP
[13:00:52] [246/326] GDMT
[13:00:53] [247/326] FPPF
[13:00:54] [248/326] SFUU
[13:00:55] [249/326] ANCB
[13:00:57] [250/326] SMMC
[13:00:58] [251/326] UGKT
[13:00:59] [252/326] JVRM
[13:01:00] [253/326] BATG
[13:01:00] 🔄 Identity reset
[13:01:00] 🔄 Identity rotated (every 10 requests)
[13:01:01] 🔄 Retry 1/5 for BATG in 2.4s
[13:01:01] 🔄 Identity reset
[13:01:03] 🧠 New identity created
[13:01:03] [254/326] RATE
[13:01:04] [255/326] SKME
[13:01:05] [256/326] LMTP
[13:01:05] [257/326] TCBD
[13:01:06] [258/326] ESBD
[13:01:07] [259/326] GDCU
[13:01:08] [260/326] SNKT
[13:01:09] [261/326] SRNK
[13:01:11] [262/326] SMED
[13:01:12] 🔄 Identity reset
[13:01:12] 🔄 Identity rotated (every 10 requests)
[13:01:12] [263/326] CSQS
[13:01:13] [264/326] ALCS
[13:01:14] [265/326] KCKN
[13:01:15] [266/326] VCCL
[13:01:15] [267/326] MCDA
[13:01:16] [268/326] SHMI
[13:01:17] [269/326] SKHA
[13:01:18] [270/326] SVFK
[13:01:19] [271/326] INVB
[13:01:20] [272/326] MELD
[13:01:21] 🔄 Identity reset
[13:01:21] 🔄 Identity rotated (every 10 requests)
[13:01:21] 🔄 Retry 1/5 for MELD in 2.1s
[13:01:21] 🔄 Identity reset
[13:01:23] 🧠 New identity created
[13:01:23] 🔄 Retry 2/5 for MELD in 4.4s
[13:01:23] 🔄 Identity reset
[13:01:28] 🧠 New identity created
[13:01:28] 🔄 Retry 3/5 for MELD in 8.5s
[13:01:28] 🔄 Identity reset
[13:01:36] 🧠 New identity created
[13:01:36] [273/326] JTYS
[13:01:37] [274/326] INCM
[13:01:38] [275/326] MCDV
[13:01:38] [276/326] KSGK
[13:01:39] [277/326] ICMG
[13:01:41] [278/326] CSCV
[13:01:42] [279/326] STMD
[13:01:42] 🔄 Identity reset
[13:01:42] 🔄 Identity rotated (every 10 requests)
[13:01:42] [280/326] STTR
[13:01:43] [281/326] INVC
[13:01:45] [282/326] JTBL
[13:01:46] [283/326] SRVV
[13:01:46] [284/326] MAVC
[13:01:47] [285/326] SRPP
[13:01:48] [286/326] JGDM
[13:01:49] [287/326] MBSJ
[13:01:50] [288/326] SSLL
[13:01:50] [289/326] SLKP
[13:01:51] 🔄 Identity reset
[13:01:51] 🔄 Identity rotated (every 10 requests)
[13:01:51] 🔄 Retry 1/5 for SLKP in 2.1s
[13:01:51] 🔄 Identity reset
[13:01:53] 🧠 New identity created
[13:01:53] [290/326] NSRV
[13:01:54] [291/326] UTDV
[13:01:55] [292/326] KICM
[13:01:56] [293/326] KCMD
[13:01:56] [294/326] TTPP
[13:01:57] [295/326] KMPV
[13:01:58] [296/326] SKTV
[13:01:59] [297/326] STCV
[13:01:59] [298/326] SRDA
[13:02:00] 🔄 Identity reset
[13:02:00] 🔄 Identity rotated (every 10 requests)
[13:02:00] 🔄 Retry 1/5 for SRDA in 2.0s
[13:02:00] 🔄 Identity reset
[13:02:02] 🧠 New identity created
[13:02:03] [299/326] JTSX
[13:02:04] [300/326] STBV
[13:02:05] [301/326] APVZ
[13:02:06] [302/326] GSTV
[13:02:06] [303/326] NMVS
[13:02:07] [304/326] SKRT
[13:02:08] [305/326] RMDV
[13:02:09] [306/326] RATG
[13:02:10] [307/326] SJYV
[13:02:11] 🔄 Identity reset
[13:02:11] 🔄 Identity rotated (every 10 requests)
[13:02:11] [308/326] NDGP
[13:02:11] [309/326] SNDG
[13:02:12] [310/326] INSR
[13:02:13] [311/326] INSO
[13:02:14] [312/326] CCSI
[13:02:16] [313/326] RASM
[13:02:16] [314/326] NEWC
[13:02:17] [315/326] VSHL
[13:02:17] [316/326] BISW
[13:02:18] [317/326] GCNG
[13:02:19] 🔄 Identity reset
[13:02:19] 🔄 Identity rotated (every 10 requests)
[13:02:19] [318/326] CWSC
[13:02:20] [319/326] SKAN
[13:02:21] [320/326] CCOA
[13:02:22] [321/326] MCAJ
[13:02:23] [322/326] ACDE
[13:02:24] [323/326] AACM
[13:02:25] [324/326] JJCK
[13:02:25] [325/326] RCMO
[13:02:26] [326/326] GDAW
[13:02:27] ✅ DONE | Shows=1322 | Movies=62
[14:06:32] 🚀 BMS DAILY TRACKER STARTED (enhanced anti‑detection)
[14:06:32] [1/326] VCHA
[14:06:33] 🧠 New identity created
[14:06:33] [2/326] SCKO
[14:06:34] [3/326] VKTK
[14:06:35] [4/326] DXEC
[14:06:36] [5/326] CDCA
[14:06:37] [6/326] VBCZ
[14:06:38] [7/326] MSDR
[14:06:39] [8/326] ACPV
[14:06:39] [9/326] PVHB
[14:06:40] [10/326] RCNH
[14:06:40] 🔄 Identity reset
[14:06:40] 🔄 Identity rotated (every 10 requests)
[14:06:41] [11/326] IOMH
[14:06:42] [12/326] ILKS
[14:06:43] [13/326] AMSN
[14:06:44] [14/326] ANTP
[14:06:44] [15/326] SSEK
[14:06:45] [16/326] PICP
[14:06:46] [17/326] SICO
[14:06:47] [18/326] SISP
[14:06:47] [19/326] SCPI
[14:06:48] [20/326] CRPR
[14:06:49] 🔄 Identity reset
[14:06:49] 🔄 Identity rotated (every 10 requests)
[14:06:49] [21/326] DCTW
[14:06:50] [22/326] DCSP
[14:06:50] [23/326] KRPM
[14:06:52] [24/326] THKK
[14:06:52] [25/326] SNMY
[14:06:53] [26/326] AKCC
[14:06:54] [27/326] PCAT
[14:06:56] [28/326] RFGO
[14:06:57] [29/326] GGCS
[14:06:58] [30/326] ACKR
[14:06:58] 🔄 Identity reset
[14:06:58] 🔄 Identity rotated (every 10 requests)
[14:06:58] 🔄 Retry 1/5 for ACKR in 2.5s
[14:06:58] 🔄 Identity reset
[14:07:01] 🧠 New identity created
[14:07:01] [31/326] STDO
[14:07:02] [32/326] ACKB
[14:07:03] [33/326] ALUC
[14:07:03] [34/326] MNSR
[14:07:04] [35/326] CSSL
[14:07:05] [36/326] BGGM
[14:07:06] [37/326] MANT
[14:07:07] [38/326] SOOY
[14:07:08] [39/326] VPPK
[14:07:09] 🔄 Identity reset
[14:07:09] 🔄 Identity rotated (every 10 requests)
[14:07:09] 🔄 Retry 1/5 for VPPK in 2.3s
[14:07:09] 🔄 Identity reset
[14:07:11] 🧠 New identity created
[14:07:11] 🔄 Retry 2/5 for VPPK in 4.2s
[14:07:11] 🔄 Identity reset
[14:07:15] 🧠 New identity created
[14:07:15] 🔄 Retry 3/5 for VPPK in 8.4s
[14:07:15] 🔄 Identity reset
[14:07:24] 🧠 New identity created
[14:07:24] 🔄 Retry 4/5 for VPPK in 16.3s
[14:07:24] 🔄 Identity reset
[14:07:40] 🧠 New identity created
[14:07:41] [40/326] MYHJ
[14:07:41] [41/326] KSCK
[14:07:42] [42/326] KATK
[14:07:43] [43/326] RTRT
[14:07:44] [44/326] SSTT
[14:07:45] [45/326] SSTV
[14:07:46] 🔄 Identity reset
[14:07:46] 🔄 Identity rotated (every 10 requests)
[14:07:46] [46/326] LACM
[14:07:47] [47/326] SGMG
[14:07:48] [48/326] KACX
[14:07:49] [49/326] GVCP
[14:07:50] [50/326] CSNC
[14:07:51] [51/326] SXCB
[14:07:52] [52/326] BAHS
[14:07:53] [53/326] PCBI
[14:07:53] [54/326] PSSM
[14:07:54] [55/326] RCOK
[14:07:55] 🔄 Identity reset
[14:07:55] 🔄 Identity rotated (every 10 requests)
[14:07:55] [56/326] SCPF
[14:07:56] [57/326] SSAS
[14:07:56] [58/326] EVMM
[14:07:57] [59/326] SYCB
[14:07:58] [60/326] GCKI
[14:07:59] [61/326] IAET
[14:07:59] [62/326] DDTD
[14:08:00] [63/326] GMDH
[14:08:01] [64/326] STLE
[14:08:02] [65/326] JTRA
[14:08:02] 🔄 Identity reset
[14:08:02] 🔄 Identity rotated (every 10 requests)
[14:08:02] [66/326] RPPA
[14:08:04] [67/326] ARUT
[14:08:05] [68/326] JTVM
[14:08:06] [69/326] SWRH
[14:08:06] [70/326] DCPC
[14:08:07] [71/326] RAPR
[14:08:08] [72/326] GCRT
[14:08:09] [73/326] ATUN
[14:08:10] [74/326] LTRM
[14:08:11] [75/326] TASR
[14:08:12] 🔄 Identity reset
[14:08:12] 🔄 Identity rotated (every 10 requests)
[14:08:12] 🔄 Retry 1/5 for TASR in 2.5s
[14:08:12] 🔄 Identity reset
[14:08:14] 🧠 New identity created
[14:08:15] [76/326] RLLC
[14:08:16] [77/326] MABI
[14:08:17] [78/326] SVHB
[14:08:18] [79/326] NVTB
[14:08:18] [80/326] KCKG
[14:08:19] [81/326] SSRN
[14:08:20] [82/326] VDDC
[14:08:22] [83/326] GKTK
[14:08:22] [84/326] YFSN
[14:08:23] 🔄 Identity reset
[14:08:23] 🔄 Identity rotated (every 10 requests)
[14:08:23] [85/326] GCSG
[14:08:24] [86/326] ESSM
[14:08:25] [87/326] KRIH
[14:08:25] [88/326] GCDS
[14:08:26] [89/326] CCSH
[14:08:27] [90/326] ACSK
[14:08:28] [91/326] APRK
[14:08:29] [92/326] ADKM
[14:08:30] [93/326] SRDM
[14:08:31] [94/326] SJMY
[14:08:32] 🔄 Identity reset
[14:08:32] 🔄 Identity rotated (every 10 requests)
[14:08:32] [95/326] PGGC
[14:08:33] [96/326] INGM
[14:08:34] [97/326] LSCB
[14:08:35] [98/326] STAD
[14:08:36] [99/326] MCCR
[14:08:37] [100/326] ABCC
[14:08:38] [101/326] RKCC
[14:08:39] [102/326] RTCR
[14:08:39] [103/326] GGBC
[14:08:40] [104/326] GCSD
[14:08:40] 🔄 Identity reset
[14:08:40] 🔄 Identity rotated (every 10 requests)
[14:08:41] [105/326] LPTY
[14:08:42] [106/326] MCFD
[14:08:44] [107/326] HENN
[14:08:45] [108/326] SMKU
[14:08:45] [109/326] TNZC
[14:08:46] [110/326] DRCD
[14:08:47] [111/326] DLCD
[14:08:47] [112/326] RCDA
[14:08:48] [113/326] COSM
[14:08:49] [114/326] MCMJ
[14:08:50] 🔄 Identity reset
[14:08:50] 🔄 Identity rotated (every 10 requests)
[14:08:50] [115/326] CSTR
[14:08:51] [116/326] CVDK
[14:08:51] [117/326] INRR
[14:08:52] [118/326] RJRT
[14:08:53] [119/326] IRMR
[14:08:53] [120/326] SRCF
[14:08:54] [121/326] GRCR
[14:08:55] [122/326] SURC
[14:08:56] [123/326] NMNH
[14:08:56] [124/326] SVBL
[14:08:57] 🔄 Identity reset
[14:08:57] 🔄 Identity rotated (every 10 requests)
[14:08:57] [125/326] KACI
[14:08:58] [126/326] TDGO
[14:08:59] [127/326] KTBR
[14:09:00] [128/326] PMAD
[14:09:01] [129/326] CCPN
[14:09:02] [130/326] SBTK
[14:09:03] [131/326] LMDK
[14:09:04] [132/326] PGDA
[14:09:05] [133/326] SRML
[14:09:06] [134/326] EVCK
[14:09:06] 🔄 Identity reset
[14:09:06] 🔄 Identity rotated (every 10 requests)
[14:09:07] [135/326] RTTK
[14:09:07] [136/326] SRTU
[14:09:08] [137/326] VRSA
[14:09:09] [138/326] VARS
[14:09:11] [139/326] DSCZ
[14:09:11] [140/326] GAGA
[14:09:12] [141/326] SARV
[14:09:13] [142/326] SEEG
[14:09:14] [143/326] GLCA
[14:09:15] [144/326] APAS
[14:09:15] 🔄 Identity reset
[14:09:15] 🔄 Identity rotated (every 10 requests)
[14:09:16] 🔄 Retry 1/5 for APAS in 3.0s
[14:09:16] 🔄 Identity reset
[14:09:19] 🧠 New identity created
[14:09:19] [145/326] VCIA
[14:09:20] [146/326] SJTA
[14:09:20] [147/326] SABM
[14:09:21] [148/326] PPAG
[14:09:22] [149/326] RVCA
[14:09:23] [150/326] CCIA
[14:09:24] [151/326] HTAG
[14:09:26] [152/326] SMBI
[14:09:27] [153/326] MCJR
[14:09:28] 🔄 Identity reset
[14:09:28] 🔄 Identity rotated (every 10 requests)
[14:09:28] 🔄 Retry 1/5 for MCJR in 2.5s
[14:09:28] 🔄 Identity reset
[14:09:31] 🧠 New identity created
[14:09:31] [154/326] CCJR
[14:09:32] [155/326] SINF
[14:09:33] [156/326] CPLX
[14:09:34] [157/326] KKTJ
[14:09:35] [158/326] GDBW
[14:09:36] [159/326] CSUB
[14:09:37] [160/326] DABA
[14:09:38] [161/326] TITR
[14:09:39] [162/326] NYCR
[14:09:40] 🔄 Identity reset
[14:09:40] 🔄 Identity rotated (every 10 requests)
[14:09:40] [163/326] RTRY
[14:09:41] [164/326] JTJL
[14:09:42] [165/326] SJCP
[14:09:42] [166/326] KCCA
[14:09:43] [167/326] MLPG
[14:09:44] [168/326] VRCK
[14:09:45] [169/326] SRIN
[14:09:45] [170/326] CXMK
[14:09:46] [171/326] SKAD
[14:09:47] [172/326] AVTR
[14:09:48] 🔄 Identity reset
[14:09:48] 🔄 Identity rotated (every 10 requests)
[14:09:48] [173/326] PTAJ
[14:09:49] [174/326] SCNK
[14:09:50] [175/326] STTI
[14:09:51] [176/326] KACR
[14:09:51] [177/326] SSDX
[14:09:52] [178/326] VRTJ
[14:09:53] [179/326] RAJD
[14:09:54] [180/326] SCIP
[14:09:55] [181/326] RJSL
[14:09:55] [182/326] ARRS
[14:09:56] 🔄 Identity reset
[14:09:56] 🔄 Identity rotated (every 10 requests)
[14:09:57] [183/326] ASMS
[14:09:58] [184/326] RDTS
[14:09:59] [185/326] DVMY
[14:10:00] [186/326] RASA
[14:10:01] [187/326] INOM
[14:10:02] [188/326] SPRS
[14:10:03] [189/326] SGCS
[14:10:04] [190/326] SALM
[14:10:05] [191/326] PKHC
[14:10:06] [192/326] RCSV
[14:10:07] 🔄 Identity reset
[14:10:07] 🔄 Identity rotated (every 10 requests)
[14:10:07] 🔄 Retry 1/5 for RCSV in 2.7s
[14:10:07] 🔄 Identity reset
[14:10:09] 🧠 New identity created
[14:10:10] [193/326] CPKC
[14:10:11] [194/326] AACD
[14:10:12] [195/326] GGCV
[14:10:12] [196/326] SMKD
[14:10:13] [197/326] NBCH
[14:10:14] [198/326] AMCB
[14:10:14] [199/326] OPCN
[14:10:15] [200/326] DCIN
[14:10:16] [201/326] INGW
[14:10:16] 🔄 Identity reset
[14:10:17] 🔄 Identity rotated (every 10 requests)
[14:10:17] [202/326] PKKW
[14:10:17] [203/326] FNGW
[14:10:18] [204/326] GCGD
[14:10:19] [205/326] MSTW
[14:10:20] [206/326] KCCG
[14:10:21] [207/326] MRSS
[14:10:23] [208/326] CLCF
[14:10:24] [209/326] EETS
[14:10:24] [210/326] AATR
[14:10:25] [211/326] CMMN
[14:10:26] 🔄 Identity reset
[14:10:26] 🔄 Identity rotated (every 10 requests)
[14:10:27] [212/326] SCCJ
[14:10:27] [213/326] CDTK
[14:10:29] [214/326] AICP
[14:10:30] [215/326] FNBP
[14:10:31] [216/326] CBPB
[14:10:31] [217/326] CPAS
[14:10:32] [218/326] MAPM
[14:10:33] [219/326] PASD
[14:10:34] [220/326] JCMN
[14:10:35] [221/326] MALB
[14:10:36] 🔄 Identity reset
[14:10:36] 🔄 Identity rotated (every 10 requests)
[14:10:36] 🔄 Retry 1/5 for MALB in 2.8s
[14:10:36] 🔄 Identity reset
[14:10:39] 🧠 New identity created
[14:10:39] 🔄 Retry 2/5 for MALB in 4.0s
[14:10:39] 🔄 Identity reset
[14:10:43] 🧠 New identity created
[14:10:43] [222/326] SACG
[14:10:44] [223/326] DDRX
[14:10:45] [224/326] DDXB
[14:10:46] [225/326] RAMC
[14:10:46] [226/326] SANC
[14:10:48] [227/326] BCBP
[14:10:49] [228/326] ALPC
[14:10:49] [229/326] RBAC
[14:10:50] 🔄 Identity reset
[14:10:50] 🔄 Identity rotated (every 10 requests)
[14:10:50] [230/326] RAJL
[14:10:51] [231/326] MPDX
[14:10:52] [232/326] MUSC
[14:10:53] [233/326] VKMK
[14:10:54] [234/326] SKCG
[14:10:55] [235/326] ANCN
[14:10:56] [236/326] MMCJ
[14:10:58] [237/326] DCAK
[14:10:59] [238/326] SCKG
[14:11:00] [239/326] LMCK
[14:11:00] 🔄 Identity reset
[14:11:00] 🔄 Identity rotated (every 10 requests)
[14:11:00] 🔄 Retry 1/5 for LMCK in 2.1s
[14:11:00] 🔄 Identity reset
[14:11:02] 🧠 New identity created
[14:11:03] [240/326] CKKX
[14:11:04] [241/326] ANKU
[14:11:06] [242/326] CSMD
[14:11:07] [243/326] MKMP
[14:11:08] [244/326] SVBG
[14:11:09] [245/326] ROOP
[14:11:09] [246/326] GDMT
[14:11:10] [247/326] FPPF
[14:11:11] [248/326] SFUU
[14:11:12] 🔄 Identity reset
[14:11:12] 🔄 Identity rotated (every 10 requests)
[14:11:12] [249/326] ANCB
[14:11:13] [250/326] SMMC
[14:11:15] [251/326] UGKT
[14:11:16] [252/326] JVRM
[14:11:16] [253/326] BATG
[14:11:18] [254/326] RATE
[14:11:19] [255/326] SKME
[14:11:19] [256/326] LMTP
[14:11:20] [257/326] TCBD
[14:11:21] [258/326] ESBD
[14:11:22] 🔄 Identity reset
[14:11:22] 🔄 Identity rotated (every 10 requests)
[14:11:22] [259/326] GDCU
[14:11:23] [260/326] SNKT
[14:11:24] [261/326] SRNK
[14:11:25] [262/326] SMED
[14:11:26] [263/326] CSQS
[14:11:27] [264/326] ALCS
[14:11:28] [265/326] KCKN
[14:11:29] [266/326] VCCL
[14:11:31] [267/326] MCDA
[14:11:32] [268/326] SHMI
[14:11:32] 🔄 Identity reset
[14:11:32] 🔄 Identity rotated (every 10 requests)
[14:11:32] [269/326] SKHA
[14:11:33] [270/326] SVFK
[14:11:34] [271/326] INVB
[14:11:35] [272/326] MELD
[14:11:36] [273/326] JTYS
[14:11:37] [274/326] INCM
[14:11:38] [275/326] MCDV
[14:11:39] [276/326] KSGK
[14:11:40] [277/326] ICMG
[14:11:41] [278/326] CSCV
[14:11:42] 🔄 Identity reset
[14:11:42] 🔄 Identity rotated (every 10 requests)
[14:11:42] [279/326] STMD
[14:11:43] [280/326] STTR
[14:11:44] [281/326] INVC
[14:11:45] [282/326] JTBL
[14:11:47] [283/326] SRVV
[14:11:47] [284/326] MAVC
[14:11:48] [285/326] SRPP
[14:11:50] [286/326] JGDM
[14:11:51] [287/326] MBSJ
[14:11:52] [288/326] SSLL
[14:11:53] 🔄 Identity reset
[14:11:53] 🔄 Identity rotated (every 10 requests)
[14:11:53] [289/326] SLKP
[14:11:54] [290/326] NSRV
[14:11:55] [291/326] UTDV
[14:11:55] [292/326] KICM
[14:11:56] [293/326] KCMD
[14:11:57] [294/326] TTPP
[14:11:58] [295/326] KMPV
[14:11:58] [296/326] SKTV
[14:12:00] [297/326] STCV
[14:12:01] [298/326] SRDA
[14:12:02] 🔄 Identity reset
[14:12:02] 🔄 Identity rotated (every 10 requests)
[14:12:02] [299/326] JTSX
[14:12:03] [300/326] STBV
[14:12:04] [301/326] APVZ
[14:12:05] [302/326] GSTV
[14:12:05] [303/326] NMVS
[14:12:06] [304/326] SKRT
[14:12:07] [305/326] RMDV
[14:12:08] [306/326] RATG
[14:12:09] [307/326] SJYV
[14:12:10] [308/326] NDGP
[14:12:10] 🔄 Identity reset
[14:12:10] 🔄 Identity rotated (every 10 requests)
[14:12:10] 🔄 Retry 1/5 for NDGP in 2.3s
[14:12:10] 🔄 Identity reset
[14:12:13] 🧠 New identity created
[14:12:13] [309/326] SNDG
[14:12:14] [310/326] INSR
[14:12:15] [311/326] INSO
[14:12:16] [312/326] CCSI
[14:12:17] [313/326] RASM
[14:12:18] [314/326] NEWC
[14:12:19] [315/326] VSHL
[14:12:20] [316/326] BISW
[14:12:21] [317/326] GCNG
[14:12:22] 🔄 Identity reset
[14:12:22] 🔄 Identity rotated (every 10 requests)
[14:12:22] [318/326] CWSC
[14:12:23] [319/326] SKAN
[14:12:24] [320/326] CCOA
[14:12:25] [321/326] MCAJ
[14:12:26] [322/326] ACDE
[14:12:28] [323/326] AACM
[14:12:29] [324/326] JJCK
[14:12:29] [325/326] RCMO
[14:12:30] [326/326] GDAW
[14:12:31] ✅ DONE | Shows=1461 | Movies=64
[15:06:26] 🚀 BMS DAILY TRACKER STARTED (enhanced anti‑detection)
[15:06:26] [1/326] VCHA
[15:06:27] 🧠 New identity created
[15:06:28] [2/326] SCKO
[15:06:29] [3/326] VKTK
[15:06:30] [4/326] DXEC
[15:06:30] [5/326] CDCA
[15:06:31] [6/326] VBCZ
[15:06:32] [7/326] MSDR
[15:06:33] [8/326] ACPV
[15:06:33] [9/326] PVHB
[15:06:34] [10/326] RCNH
[15:06:35] 🔄 Identity reset
[15:06:35] 🔄 Identity rotated (every 10 requests)
[15:06:35] [11/326] IOMH
[15:06:35] [12/326] ILKS
[15:06:36] [13/326] AMSN
[15:06:37] [14/326] ANTP
[15:06:37] [15/326] SSEK
[15:06:38] [16/326] PICP
[15:06:39] [17/326] SICO
[15:06:40] [18/326] SISP
[15:06:41] [19/326] SCPI
[15:06:41] [20/326] CRPR
[15:06:42] 🔄 Identity reset
[15:06:42] 🔄 Identity rotated (every 10 requests)
[15:06:42] [21/326] DCTW
[15:06:43] [22/326] DCSP
[15:06:44] [23/326] KRPM
[15:06:45] [24/326] THKK
[15:06:46] [25/326] SNMY
[15:06:46] [26/326] AKCC
[15:06:47] [27/326] PCAT
[15:06:48] [28/326] RFGO
[15:06:48] [29/326] GGCS
[15:06:49] [30/326] ACKR
[15:06:50] 🔄 Identity reset
[15:06:50] 🔄 Identity rotated (every 10 requests)
[15:06:50] [31/326] STDO
[15:06:50] [32/326] ACKB
[15:06:51] [33/326] ALUC
[15:06:52] [34/326] MNSR
[15:06:53] [35/326] CSSL
[15:06:53] [36/326] BGGM
[15:06:54] [37/326] MANT
[15:06:55] [38/326] SOOY
[15:06:57] [39/326] VPPK
[15:06:58] [40/326] MYHJ
[15:06:58] 🔄 Identity reset
[15:06:58] 🔄 Identity rotated (every 10 requests)
[15:06:58] [41/326] KSCK
[15:06:59] [42/326] KATK
[15:07:00] [43/326] RTRT
[15:07:01] [44/326] SSTT
[15:07:02] [45/326] SSTV
[15:07:03] [46/326] LACM
[15:07:03] [47/326] SGMG
[15:07:04] [48/326] KACX
[15:07:05] [49/326] GVCP
[15:07:05] [50/326] CSNC
[15:07:06] 🔄 Identity reset
[15:07:06] 🔄 Identity rotated (every 10 requests)
[15:07:06] [51/326] SXCB
[15:07:08] [52/326] BAHS
[15:07:09] [53/326] PCBI
[15:07:09] [54/326] PSSM
[15:07:10] [55/326] RCOK
[15:07:11] [56/326] SCPF
[15:07:12] [57/326] SSAS
[15:07:13] [58/326] EVMM
[15:07:13] [59/326] SYCB
[15:07:14] [60/326] GCKI
[15:07:15] 🔄 Identity reset
[15:07:15] 🔄 Identity rotated (every 10 requests)
[15:07:15] [61/326] IAET
[15:07:15] [62/326] DDTD
[15:07:16] [63/326] GMDH
[15:07:17] [64/326] STLE
[15:07:18] [65/326] JTRA
[15:07:18] [66/326] RPPA
[15:07:19] [67/326] ARUT
[15:07:19] [68/326] JTVM
[15:07:20] [69/326] SWRH
[15:07:21] [70/326] DCPC
[15:07:22] 🔄 Identity reset
[15:07:22] 🔄 Identity rotated (every 10 requests)
[15:07:22] [71/326] RAPR
[15:07:23] [72/326] GCRT
[15:07:23] [73/326] ATUN
[15:07:24] [74/326] LTRM
[15:07:24] [75/326] TASR
[15:07:26] [76/326] RLLC
[15:07:28] [77/326] MABI
[15:07:28] [78/326] SVHB
[15:07:29] [79/326] NVTB
[15:07:30] [80/326] KCKG
[15:07:30] 🔄 Identity reset
[15:07:30] 🔄 Identity rotated (every 10 requests)
[15:07:31] [81/326] SSRN
[15:07:31] [82/326] VDDC
[15:07:33] [83/326] GKTK
[15:07:34] [84/326] YFSN
[15:07:35] [85/326] GCSG
[15:07:35] [86/326] ESSM
[15:07:36] [87/326] KRIH
[15:07:37] [88/326] GCDS
[15:07:37] [89/326] CCSH
[15:07:38] [90/326] ACSK
[15:07:39] 🔄 Identity reset
[15:07:39] 🔄 Identity rotated (every 10 requests)
[15:07:39] [91/326] APRK
[15:07:40] [92/326] ADKM
[15:07:40] [93/326] SRDM
[15:07:41] [94/326] SJMY
[15:07:42] [95/326] PGGC
[15:07:43] [96/326] INGM
[15:07:43] [97/326] LSCB
[15:07:44] [98/326] STAD
[15:07:46] [99/326] MCCR
[15:07:47] [100/326] ABCC
[15:07:47] 🔄 Identity reset
[15:07:47] 🔄 Identity rotated (every 10 requests)
[15:07:47] [101/326] RKCC
[15:07:48] [102/326] RTCR
[15:07:48] [103/326] GGBC
[15:07:49] [104/326] GCSD
[15:07:50] [105/326] LPTY
[15:07:50] [106/326] MCFD
[15:07:51] [107/326] HENN
[15:07:52] [108/326] SMKU
[15:07:52] [109/326] TNZC
[15:07:54] [110/326] DRCD
[15:07:55] 🔄 Identity reset
[15:07:55] 🔄 Identity rotated (every 10 requests)
[15:07:55] [111/326] DLCD
[15:07:55] [112/326] RCDA
[15:07:56] [113/326] COSM
[15:07:57] [114/326] MCMJ
[15:07:57] [115/326] CSTR
[15:07:58] [116/326] CVDK
[15:07:59] [117/326] INRR
[15:08:00] [118/326] RJRT
[15:08:00] [119/326] IRMR
[15:08:01] [120/326] SRCF
[15:08:01] 🔄 Identity reset
[15:08:01] 🔄 Identity rotated (every 10 requests)
[15:08:01] [121/326] GRCR
[15:08:02] [122/326] SURC
[15:08:03] [123/326] NMNH
[15:08:04] [124/326] SVBL
[15:08:05] [125/326] KACI
[15:08:05] [126/326] TDGO
[15:08:06] [127/326] KTBR
[15:08:07] [128/326] PMAD
[15:08:07] [129/326] CCPN
[15:08:08] [130/326] SBTK
[15:08:09] 🔄 Identity reset
[15:08:09] 🔄 Identity rotated (every 10 requests)
[15:08:09] [131/326] LMDK
[15:08:10] [132/326] PGDA
[15:08:10] [133/326] SRML
[15:08:11] [134/326] EVCK
[15:08:12] [135/326] RTTK
[15:08:13] [136/326] SRTU
[15:08:14] [137/326] VRSA
[15:08:15] [138/326] VARS
[15:08:15] [139/326] DSCZ
[15:08:16] [140/326] GAGA
[15:08:17] 🔄 Identity reset
[15:08:17] 🔄 Identity rotated (every 10 requests)
[15:08:17] [141/326] SARV
[15:08:17] [142/326] SEEG
[15:08:18] [143/326] GLCA
[15:08:19] [144/326] APAS
[15:08:20] [145/326] VCIA
[15:08:22] [146/326] SJTA
[15:08:22] [147/326] SABM
[15:08:23] [148/326] PPAG
[15:08:24] [149/326] RVCA
[15:08:24] [150/326] CCIA
[15:08:25] 🔄 Identity reset
[15:08:25] 🔄 Identity rotated (every 10 requests)
[15:08:25] [151/326] HTAG
[15:08:26] [152/326] SMBI
[15:08:26] [153/326] MCJR
[15:08:27] [154/326] CCJR
[15:08:28] [155/326] SINF
[15:08:29] [156/326] CPLX
[15:08:29] [157/326] KKTJ
[15:08:30] [158/326] GDBW
[15:08:31] [159/326] CSUB
[15:08:31] [160/326] DABA
[15:08:32] 🔄 Identity reset
[15:08:32] 🔄 Identity rotated (every 10 requests)
[15:08:32] [161/326] TITR
[15:08:33] [162/326] NYCR
[15:08:33] [163/326] RTRY
[15:08:34] [164/326] JTJL
[15:08:34] [165/326] SJCP
[15:08:35] [166/326] KCCA
[15:08:36] [167/326] MLPG
[15:08:36] [168/326] VRCK
[15:08:37] [169/326] SRIN
[15:08:38] [170/326] CXMK
[15:08:38] 🔄 Identity reset
[15:08:38] 🔄 Identity rotated (every 10 requests)
[15:08:39] [171/326] SKAD
[15:08:40] [172/326] AVTR
[15:08:41] [173/326] PTAJ
[15:08:42] [174/326] SCNK
[15:08:43] [175/326] STTI
[15:08:44] [176/326] KACR
[15:08:44] [177/326] SSDX
[15:08:45] [178/326] VRTJ
[15:08:46] [179/326] RAJD
[15:08:47] [180/326] SCIP
[15:08:47] 🔄 Identity reset
[15:08:47] 🔄 Identity rotated (every 10 requests)
[15:08:47] [181/326] RJSL
[15:08:48] [182/326] ARRS
[15:08:50] [183/326] ASMS
[15:08:50] [184/326] RDTS
[15:08:51] [185/326] DVMY
[15:08:52] [186/326] RASA
[15:08:52] [187/326] INOM
[15:08:53] [188/326] SPRS
[15:08:54] [189/326] SGCS
[15:08:55] [190/326] SALM
[15:08:55] 🔄 Identity reset
[15:08:55] 🔄 Identity rotated (every 10 requests)
[15:08:55] [191/326] PKHC
[15:08:56] [192/326] RCSV
[15:08:57] [193/326] CPKC
[15:08:57] [194/326] AACD
[15:08:58] [195/326] GGCV
[15:08:59] [196/326] SMKD
[15:09:00] [197/326] NBCH
[15:09:00] [198/326] AMCB
[15:09:01] [199/326] OPCN
[15:09:02] [200/326] DCIN
[15:09:03] 🔄 Identity reset
[15:09:03] 🔄 Identity rotated (every 10 requests)
[15:09:03] [201/326] INGW
[15:09:03] [202/326] PKKW
[15:09:04] [203/326] FNGW
[15:09:05] [204/326] GCGD
[15:09:05] [205/326] MSTW
[15:09:06] [206/326] KCCG
[15:09:07] [207/326] MRSS
[15:09:08] [208/326] CLCF
[15:09:09] [209/326] EETS
[15:09:09] [210/326] AATR
[15:09:10] 🔄 Identity reset
[15:09:10] 🔄 Identity rotated (every 10 requests)
[15:09:10] [211/326] CMMN
[15:09:11] [212/326] SCCJ
[15:09:12] [213/326] CDTK
[15:09:13] [214/326] AICP
[15:09:14] [215/326] FNBP
[15:09:15] [216/326] CBPB
[15:09:16] [217/326] CPAS
[15:09:16] [218/326] MAPM
[15:09:17] [219/326] PASD
[15:09:18] [220/326] JCMN
[15:09:18] 🔄 Identity reset
[15:09:18] 🔄 Identity rotated (every 10 requests)
[15:09:18] [221/326] MALB
[15:09:19] [222/326] SACG
[15:09:20] [223/326] DDRX
[15:09:21] [224/326] DDXB
[15:09:22] [225/326] RAMC
[15:09:22] [226/326] SANC
[15:09:23] [227/326] BCBP
[15:09:24] [228/326] ALPC
[15:09:24] [229/326] RBAC
[15:09:25] [230/326] RAJL
[15:09:26] 🔄 Identity reset
[15:09:26] 🔄 Identity rotated (every 10 requests)
[15:09:26] [231/326] MPDX
[15:09:27] [232/326] MUSC
[15:09:28] [233/326] VKMK
[15:09:29] [234/326] SKCG
[15:09:29] [235/326] ANCN
[15:09:30] [236/326] MMCJ
[15:09:31] [237/326] DCAK
[15:09:32] [238/326] SCKG
[15:09:33] [239/326] LMCK
[15:09:33] [240/326] CKKX
[15:09:34] 🔄 Identity reset
[15:09:34] 🔄 Identity rotated (every 10 requests)
[15:09:34] [241/326] ANKU
[15:09:35] [242/326] CSMD
[15:09:36] [243/326] MKMP
[15:09:36] [244/326] SVBG
[15:09:37] [245/326] ROOP
[15:09:38] [246/326] GDMT
[15:09:39] [247/326] FPPF
[15:09:39] [248/326] SFUU
[15:09:40] [249/326] ANCB
[15:09:42] [250/326] SMMC
[15:09:42] 🔄 Identity reset
[15:09:42] 🔄 Identity rotated (every 10 requests)
[15:09:42] [251/326] UGKT
[15:09:43] [252/326] JVRM
[15:09:44] [253/326] BATG
[15:09:45] [254/326] RATE
[15:09:45] [255/326] SKME
[15:09:46] [256/326] LMTP
[15:09:47] [257/326] TCBD
[15:09:47] [258/326] ESBD
[15:09:48] [259/326] GDCU
[15:09:49] [260/326] SNKT
[15:09:50] 🔄 Identity reset
[15:09:50] 🔄 Identity rotated (every 10 requests)
[15:09:50] [261/326] SRNK
[15:09:51] [262/326] SMED
[15:09:51] [263/326] CSQS
[15:09:52] [264/326] ALCS
[15:09:54] [265/326] KCKN
[15:09:55] [266/326] VCCL
[15:09:56] [267/326] MCDA
[15:09:56] [268/326] SHMI
[15:09:57] [269/326] SKHA
[15:09:58] [270/326] SVFK
[15:09:58] 🔄 Identity reset
[15:09:58] 🔄 Identity rotated (every 10 requests)
[15:09:58] [271/326] INVB
[15:09:59] [272/326] MELD
[15:09:59] [273/326] JTYS
[15:10:00] [274/326] INCM
[15:10:01] [275/326] MCDV
[15:10:02] [276/326] KSGK
[15:10:03] [277/326] ICMG
[15:10:03] [278/326] CSCV
[15:10:04] [279/326] STMD
[15:10:05] [280/326] STTR
[15:10:06] 🔄 Identity reset
[15:10:06] 🔄 Identity rotated (every 10 requests)
[15:10:06] [281/326] INVC
[15:10:06] [282/326] JTBL
[15:10:07] [283/326] SRVV
[15:10:08] [284/326] MAVC
[15:10:08] [285/326] SRPP
[15:10:09] [286/326] JGDM
[15:10:10] [287/326] MBSJ
[15:10:10] [288/326] SSLL
[15:10:11] [289/326] SLKP
[15:10:11] [290/326] NSRV
[15:10:12] 🔄 Identity reset
[15:10:12] 🔄 Identity rotated (every 10 requests)
[15:10:12] [291/326] UTDV
[15:10:13] [292/326] KICM
[15:10:13] [293/326] KCMD
[15:10:14] [294/326] TTPP
[15:10:14] [295/326] KMPV
[15:10:15] [296/326] SKTV
[15:10:16] [297/326] STCV
[15:10:17] [298/326] SRDA
[15:10:18] [299/326] JTSX
[15:10:19] [300/326] STBV
[15:10:20] 🔄 Identity reset
[15:10:20] 🔄 Identity rotated (every 10 requests)
[15:10:20] [301/326] APVZ
[15:10:21] [302/326] GSTV
[15:10:22] [303/326] NMVS
[15:10:23] [304/326] SKRT
[15:10:23] [305/326] RMDV
[15:10:25] [306/326] RATG
[15:10:25] [307/326] SJYV
[15:10:26] [308/326] NDGP
[15:10:27] [309/326] SNDG
[15:10:28] [310/326] INSR
[15:10:29] 🔄 Identity reset
[15:10:29] 🔄 Identity rotated (every 10 requests)
[15:10:30] [311/326] INSO
[15:10:31] [312/326] CCSI
[15:10:31] [313/326] RASM
[15:10:32] [314/326] NEWC
[15:10:33] [315/326] VSHL
[15:10:33] [316/326] BISW
[15:10:34] [317/326] GCNG
[15:10:35] [318/326] CWSC
[15:10:36] [319/326] SKAN
[15:10:36] [320/326] CCOA
[15:10:37] 🔄 Identity reset
[15:10:37] 🔄 Identity rotated (every 10 requests)
[15:10:37] [321/326] MCAJ
[15:10:38] [322/326] ACDE
[15:10:39] [323/326] AACM
[15:10:40] [324/326] JJCK
[15:10:41] [325/326] RCMO
[15:10:41] [326/326] GDAW
[15:10:42] ✅ DONE | Shows=1717 | Movies=65
[16:06:33] 🚀 BMS DAILY TRACKER STARTED (enhanced anti‑detection)
[16:06:33] [1/326] VCHA
[16:06:34] 🧠 New identity created
[16:06:35] [2/326] SCKO
[16:06:37] [3/326] VKTK
[16:06:38] [4/326] DXEC
[16:06:38] [5/326] CDCA
[16:06:39] [6/326] VBCZ
[16:06:40] [7/326] MSDR
[16:06:41] [8/326] ACPV
[16:06:42] [9/326] PVHB
[16:06:43] [10/326] RCNH
[16:06:43] 🔄 Identity reset
[16:06:43] 🔄 Identity rotated (every 10 requests)
[16:06:44] [11/326] IOMH
[16:06:44] [12/326] ILKS
[16:06:45] [13/326] AMSN
[16:06:46] [14/326] ANTP
[16:06:46] [15/326] SSEK
[16:06:47] [16/326] PICP
[16:06:48] [17/326] SICO
[16:06:50] [18/326] SISP
[16:06:51] [19/326] SCPI
[16:06:52] [20/326] CRPR
[16:06:53] 🔄 Identity reset
[16:06:53] 🔄 Identity rotated (every 10 requests)
[16:06:53] [21/326] DCTW
[16:06:54] [22/326] DCSP
[16:06:55] [23/326] KRPM
[16:06:55] [24/326] THKK
[16:06:56] [25/326] SNMY
[16:06:57] [26/326] AKCC
[16:06:58] [27/326] PCAT
[16:06:58] [28/326] RFGO
[16:06:59] [29/326] GGCS
[16:07:00] [30/326] ACKR
[16:07:01] 🔄 Identity reset
[16:07:01] 🔄 Identity rotated (every 10 requests)
[16:07:01] [31/326] STDO
[16:07:02] [32/326] ACKB
[16:07:02] [33/326] ALUC
[16:07:03] [34/326] MNSR
[16:07:04] [35/326] CSSL
[16:07:04] [36/326] BGGM
[16:07:05] [37/326] MANT
[16:07:06] [38/326] SOOY
[16:07:07] [39/326] VPPK
[16:07:08] [40/326] MYHJ
[16:07:09] 🔄 Identity reset
[16:07:09] 🔄 Identity rotated (every 10 requests)
[16:07:09] [41/326] KSCK
[16:07:10] [42/326] KATK
[16:07:11] [43/326] RTRT
[16:07:12] [44/326] SSTT
[16:07:13] [45/326] SSTV
[16:07:14] [46/326] LACM
[16:07:14] [47/326] SGMG
[16:07:15] [48/326] KACX
[16:07:16] [49/326] GVCP
[16:07:17] [50/326] CSNC
[16:07:17] 🔄 Identity reset
[16:07:17] 🔄 Identity rotated (every 10 requests)
[16:07:18] [51/326] SXCB
[16:07:19] [52/326] BAHS
[16:07:19] [53/326] PCBI
[16:07:20] [54/326] PSSM
[16:07:21] [55/326] RCOK
[16:07:22] [56/326] SCPF
[16:07:23] [57/326] SSAS
[16:07:24] [58/326] EVMM
[16:07:24] [59/326] SYCB
[16:07:25] [60/326] GCKI
[16:07:26] 🔄 Identity reset
[16:07:26] 🔄 Identity rotated (every 10 requests)
[16:07:26] [61/326] IAET
[16:07:27] [62/326] DDTD
[16:07:27] [63/326] GMDH
[16:07:28] [64/326] STLE
[16:07:30] [65/326] JTRA
[16:07:30] [66/326] RPPA
[16:07:31] [67/326] ARUT
[16:07:32] [68/326] JTVM
[16:07:32] [69/326] SWRH
[16:07:33] [70/326] DCPC
[16:07:34] 🔄 Identity reset
[16:07:34] 🔄 Identity rotated (every 10 requests)
[16:07:34] [71/326] RAPR
[16:07:34] [72/326] GCRT
[16:07:35] [73/326] ATUN
[16:07:36] [74/326] LTRM
[16:07:37] [75/326] TASR
[16:07:37] [76/326] RLLC
[16:07:38] [77/326] MABI
[16:07:39] [78/326] SVHB
[16:07:41] [79/326] NVTB
[16:07:41] [80/326] KCKG
[16:07:42] 🔄 Identity reset
[16:07:42] 🔄 Identity rotated (every 10 requests)
[16:07:42] [81/326] SSRN
[16:07:43] [82/326] VDDC
[16:07:44] [83/326] GKTK
[16:07:45] [84/326] YFSN
[16:07:46] [85/326] GCSG
[16:07:46] [86/326] ESSM
[16:07:47] [87/326] KRIH
[16:07:48] [88/326] GCDS
[16:07:48] [89/326] CCSH
[16:07:49] [90/326] ACSK
[16:07:50] 🔄 Identity reset
[16:07:50] 🔄 Identity rotated (every 10 requests)
[16:07:50] [91/326] APRK
[16:07:51] [92/326] ADKM
[16:07:52] [93/326] SRDM
[16:07:53] [94/326] SJMY
[16:07:54] [95/326] PGGC
[16:07:55] [96/326] INGM
[16:07:55] [97/326] LSCB
[16:07:56] [98/326] STAD
[16:07:57] [99/326] MCCR
[16:07:57] [100/326] ABCC
[16:07:58] 🔄 Identity reset
[16:07:58] 🔄 Identity rotated (every 10 requests)
[16:07:58] [101/326] RKCC
[16:07:59] [102/326] RTCR
[16:07:59] [103/326] GGBC
[16:08:00] [104/326] GCSD
[16:08:01] [105/326] LPTY
[16:08:01] [106/326] MCFD
[16:08:02] [107/326] HENN
[16:08:03] [108/326] SMKU
[16:08:04] [109/326] TNZC
[16:08:05] [110/326] DRCD
[16:08:06] 🔄 Identity reset
[16:08:06] 🔄 Identity rotated (every 10 requests)
[16:08:06] [111/326] DLCD
[16:08:07] [112/326] RCDA
[16:08:08] [113/326] COSM
[16:08:08] [114/326] MCMJ
[16:08:09] [115/326] CSTR
[16:08:10] [116/326] CVDK
[16:08:10] [117/326] INRR
[16:08:11] [118/326] RJRT
[16:08:12] [119/326] IRMR
[16:08:13] [120/326] SRCF
[16:08:13] 🔄 Identity reset
[16:08:13] 🔄 Identity rotated (every 10 requests)
[16:08:14] [121/326] GRCR
[16:08:14] [122/326] SURC
[16:08:15] [123/326] NMNH
[16:08:16] [124/326] SVBL
[16:08:17] [125/326] KACI
[16:08:18] [126/326] TDGO
[16:08:19] [127/326] KTBR
[16:08:19] [128/326] PMAD
[16:08:20] [129/326] CCPN
[16:08:20] [130/326] SBTK
[16:08:21] 🔄 Identity reset
[16:08:21] 🔄 Identity rotated (every 10 requests)
[16:08:21] [131/326] LMDK
[16:08:22] [132/326] PGDA
[16:08:23] [133/326] SRML
[16:08:23] [134/326] EVCK
[16:08:24] [135/326] RTTK
[16:08:24] [136/326] SRTU
[16:08:25] [137/326] VRSA
[16:08:26] [138/326] VARS
[16:08:27] [139/326] DSCZ
[16:08:27] [140/326] GAGA
[16:08:28] 🔄 Identity reset
[16:08:28] 🔄 Identity rotated (every 10 requests)
[16:08:28] [141/326] SARV
[16:08:29] [142/326] SEEG
[16:08:29] [143/326] GLCA
[16:08:30] [144/326] APAS
[16:08:31] [145/326] VCIA
[16:08:32] [146/326] SJTA
[16:08:33] [147/326] SABM
[16:08:33] [148/326] PPAG
[16:08:34] [149/326] RVCA
[16:08:35] [150/326] CCIA
[16:08:35] 🔄 Identity reset
[16:08:35] 🔄 Identity rotated (every 10 requests)
[16:08:35] [151/326] HTAG
[16:08:36] [152/326] SMBI
[16:08:37] [153/326] MCJR
[16:08:38] [154/326] CCJR
[16:08:39] [155/326] SINF
[16:08:39] [156/326] CPLX
[16:08:40] [157/326] KKTJ
[16:08:41] [158/326] GDBW
[16:08:41] [159/326] CSUB
[16:08:42] [160/326] DABA
[16:08:42] 🔄 Identity reset
[16:08:42] 🔄 Identity rotated (every 10 requests)
[16:08:43] [161/326] TITR
[16:08:43] [162/326] NYCR
[16:08:44] [163/326] RTRY
[16:08:44] [164/326] JTJL
[16:08:45] [165/326] SJCP
[16:08:46] [166/326] KCCA
[16:08:46] [167/326] MLPG
[16:08:47] [168/326] VRCK
[16:08:48] [169/326] SRIN
[16:08:49] [170/326] CXMK
[16:08:49] 🔄 Identity reset
[16:08:49] 🔄 Identity rotated (every 10 requests)
[16:08:50] [171/326] SKAD
[16:08:50] [172/326] AVTR
[16:08:51] [173/326] PTAJ
[16:08:52] [174/326] SCNK
[16:08:53] [175/326] STTI
[16:08:54] [176/326] KACR
[16:08:54] [177/326] SSDX
[16:08:55] [178/326] VRTJ
[16:08:56] [179/326] RAJD
[16:08:57] [180/326] SCIP
[16:08:57] 🔄 Identity reset
[16:08:57] 🔄 Identity rotated (every 10 requests)
[16:08:57] [181/326] RJSL
[16:08:58] [182/326] ARRS
[16:08:59] [183/326] ASMS
[16:09:00] [184/326] RDTS
[16:09:01] [185/326] DVMY
[16:09:01] [186/326] RASA
[16:09:02] [187/326] INOM
[16:09:02] [188/326] SPRS
[16:09:03] [189/326] SGCS
[16:09:04] [190/326] SALM
[16:09:04] 🔄 Identity reset
[16:09:04] 🔄 Identity rotated (every 10 requests)
[16:09:05] [191/326] PKHC
[16:09:05] [192/326] RCSV
[16:09:06] [193/326] CPKC
[16:09:07] [194/326] AACD
[16:09:09] [195/326] GGCV
[16:09:09] [196/326] SMKD
[16:09:10] [197/326] NBCH
[16:09:11] [198/326] AMCB
[16:09:12] [199/326] OPCN
[16:09:13] [200/326] DCIN
[16:09:14] 🔄 Identity reset
[16:09:14] 🔄 Identity rotated (every 10 requests)
[16:09:14] [201/326] INGW
[16:09:15] [202/326] PKKW
[16:09:16] [203/326] FNGW
[16:09:16] [204/326] GCGD
[16:09:17] [205/326] MSTW
[16:09:19] [206/326] KCCG
[16:09:20] [207/326] MRSS
[16:09:20] [208/326] CLCF
[16:09:21] [209/326] EETS
[16:09:22] [210/326] AATR
[16:09:23] 🔄 Identity reset
[16:09:23] 🔄 Identity rotated (every 10 requests)
[16:09:23] [211/326] CMMN
[16:09:24] [212/326] SCCJ
[16:09:24] [213/326] CDTK
[16:09:25] [214/326] AICP
[16:09:27] [215/326] FNBP
[16:09:28] [216/326] CBPB
[16:09:28] [217/326] CPAS
[16:09:29] [218/326] MAPM
[16:09:30] [219/326] PASD
[16:09:31] [220/326] JCMN
[16:09:31] 🔄 Identity reset
[16:09:31] 🔄 Identity rotated (every 10 requests)
[16:09:31] [221/326] MALB
[16:09:32] [222/326] SACG
[16:09:33] [223/326] DDRX
[16:09:34] [224/326] DDXB
[16:09:35] [225/326] RAMC
[16:09:35] [226/326] SANC
[16:09:36] [227/326] BCBP
[16:09:37] [228/326] ALPC
[16:09:38] [229/326] RBAC
[16:09:38] [230/326] RAJL
[16:09:39] 🔄 Identity reset
[16:09:39] 🔄 Identity rotated (every 10 requests)
[16:09:39] [231/326] MPDX
[16:09:40] [232/326] MUSC
[16:09:41] [233/326] VKMK
[16:09:42] [234/326] SKCG
[16:09:43] [235/326] ANCN
[16:09:44] [236/326] MMCJ
[16:09:44] [237/326] DCAK
[16:09:45] [238/326] SCKG
[16:09:46] [239/326] LMCK
[16:09:47] [240/326] CKKX
[16:09:47] 🔄 Identity reset
[16:09:47] 🔄 Identity rotated (every 10 requests)
[16:09:48] [241/326] ANKU
[16:09:50] [242/326] CSMD
[16:09:50] [243/326] MKMP
[16:09:51] [244/326] SVBG
[16:09:51] [245/326] ROOP
[16:09:52] [246/326] GDMT
[16:09:53] [247/326] FPPF
[16:09:54] [248/326] SFUU
[16:09:54] [249/326] ANCB
[16:09:55] [250/326] SMMC
[16:09:56] 🔄 Identity reset
[16:09:56] 🔄 Identity rotated (every 10 requests)
[16:09:56] [251/326] UGKT
[16:09:57] [252/326] JVRM
[16:09:58] [253/326] BATG
[16:09:58] [254/326] RATE
[16:09:59] [255/326] SKME
[16:10:00] [256/326] LMTP
[16:10:01] [257/326] TCBD
[16:10:01] [258/326] ESBD
[16:10:02] [259/326] GDCU
[16:10:03] [260/326] SNKT
[16:10:04] 🔄 Identity reset
[16:10:04] 🔄 Identity rotated (every 10 requests)
[16:10:04] [261/326] SRNK
[16:10:05] [262/326] SMED
[16:10:05] [263/326] CSQS
[16:10:06] [264/326] ALCS
[16:10:07] [265/326] KCKN
[16:10:08] [266/326] VCCL
[16:10:09] [267/326] MCDA
[16:10:10] [268/326] SHMI
[16:10:10] [269/326] SKHA
[16:10:11] [270/326] SVFK
[16:10:12] 🔄 Identity reset
[16:10:12] 🔄 Identity rotated (every 10 requests)
[16:10:12] [271/326] INVB
[16:10:13] [272/326] MELD
[16:10:14] [273/326] JTYS
[16:10:15] [274/326] INCM
[16:10:16] [275/326] MCDV
[16:10:17] [276/326] KSGK
[16:10:18] [277/326] ICMG
[16:10:19] [278/326] CSCV
[16:10:19] [279/326] STMD
[16:10:20] [280/326] STTR
[16:10:21] 🔄 Identity reset
[16:10:21] 🔄 Identity rotated (every 10 requests)
[16:10:21] [281/326] INVC
[16:10:22] [282/326] JTBL
[16:10:23] [283/326] SRVV
[16:10:23] [284/326] MAVC
[16:10:24] [285/326] SRPP
[16:10:24] [286/326] JGDM
[16:10:25] [287/326] MBSJ
[16:10:26] [288/326] SSLL
[16:10:27] [289/326] SLKP
[16:10:28] [290/326] NSRV
[16:10:28] 🔄 Identity reset
[16:10:28] 🔄 Identity rotated (every 10 requests)
[16:10:28] [291/326] UTDV
[16:10:29] [292/326] KICM
[16:10:30] [293/326] KCMD
[16:10:31] [294/326] TTPP
[16:10:31] [295/326] KMPV
[16:10:32] [296/326] SKTV
[16:10:33] [297/326] STCV
[16:10:34] [298/326] SRDA
[16:10:35] [299/326] JTSX
[16:10:36] [300/326] STBV
[16:10:37] 🔄 Identity reset
[16:10:37] 🔄 Identity rotated (every 10 requests)
[16:10:37] [301/326] APVZ
[16:10:38] [302/326] GSTV
[16:10:39] [303/326] NMVS
[16:10:41] [304/326] SKRT
[16:10:42] [305/326] RMDV
[16:10:43] [306/326] RATG
[16:10:43] [307/326] SJYV
[16:10:44] [308/326] NDGP
[16:10:45] [309/326] SNDG
[16:10:45] [310/326] INSR
[16:10:46] 🔄 Identity reset
[16:10:46] 🔄 Identity rotated (every 10 requests)
[16:10:46] [311/326] INSO
[16:10:47] [312/326] CCSI
[16:10:48] [313/326] RASM
[16:10:49] [314/326] NEWC
[16:10:50] [315/326] VSHL
[16:10:50] [316/326] BISW
[16:10:51] [317/326] GCNG
[16:10:52] [318/326] CWSC
[16:10:53] [319/326] SKAN
[16:10:54] [320/326] CCOA
[16:10:55] 🔄 Identity reset
[16:10:55] 🔄 Identity rotated (every 10 requests)
[16:10:55] [321/326] MCAJ
[16:10:56] [322/326] ACDE
[16:10:57] [323/326] AACM
[16:10:58] [324/326] JJCK
[16:10:59] [325/326] RCMO
[16:11:00] [326/326] GDAW
[16:11:01] ✅ DONE | Shows=1897 | Movies=65
[17:06:40] 🚀 BMS DAILY TRACKER STARTED (enhanced anti‑detection)
[17:06:40] [1/326] VCHA
[17:06:40] 🧠 New identity created
[17:06:41] [2/326] SCKO
[17:06:42] [3/326] VKTK
[17:06:43] [4/326] DXEC
[17:06:44] [5/326] CDCA
[17:06:44] [6/326] VBCZ
[17:06:45] [7/326] MSDR
[17:06:46] [8/326] ACPV
[17:06:47] [9/326] PVHB
[17:06:48] [10/326] RCNH
[17:06:49] 🔄 Identity reset
[17:06:49] 🔄 Identity rotated (every 10 requests)
[17:06:49] [11/326] IOMH
[17:06:50] [12/326] ILKS
[17:06:51] [13/326] AMSN
[17:06:52] [14/326] ANTP
[17:06:53] [15/326] SSEK
[17:06:54] [16/326] PICP
[17:06:55] [17/326] SICO
[17:06:56] [18/326] SISP
[17:06:57] [19/326] SCPI
[17:06:58] [20/326] CRPR
[17:06:58] 🔄 Identity reset
[17:06:58] 🔄 Identity rotated (every 10 requests)
[17:06:59] [21/326] DCTW
[17:06:59] [22/326] DCSP
[17:07:00] [23/326] KRPM
[17:07:01] [24/326] THKK
[17:07:02] [25/326] SNMY
[17:07:03] [26/326] AKCC
[17:07:04] [27/326] PCAT
[17:07:04] [28/326] RFGO
[17:07:05] [29/326] GGCS
[17:07:06] [30/326] ACKR
[17:07:07] 🔄 Identity reset
[17:07:07] 🔄 Identity rotated (every 10 requests)
[17:07:07] [31/326] STDO
[17:07:08] [32/326] ACKB
[17:07:10] [33/326] ALUC
[17:07:11] [34/326] MNSR
[17:07:11] [35/326] CSSL
[17:07:12] [36/326] BGGM
[17:07:13] [37/326] MANT
[17:07:15] [38/326] SOOY
[17:07:15] [39/326] VPPK
[17:07:17] [40/326] MYHJ
[17:07:17] 🔄 Identity reset
[17:07:17] 🔄 Identity rotated (every 10 requests)
[17:07:18] [41/326] KSCK
[17:07:19] [42/326] KATK
[17:07:20] [43/326] RTRT
[17:07:21] [44/326] SSTT
[17:07:21] [45/326] SSTV
[17:07:22] [46/326] LACM
[17:07:23] [47/326] SGMG
[17:07:24] [48/326] KACX
[17:07:25] [49/326] GVCP
[17:07:26] [50/326] CSNC
[17:07:26] 🔄 Identity reset
[17:07:26] 🔄 Identity rotated (every 10 requests)
[17:07:26] [51/326] SXCB
[17:07:28] [52/326] BAHS
[17:07:29] [53/326] PCBI
[17:07:30] [54/326] PSSM
[17:07:31] [55/326] RCOK
[17:07:32] [56/326] SCPF
[17:07:33] [57/326] SSAS
[17:07:35] [58/326] EVMM
[17:07:36] [59/326] SYCB
[17:07:37] [60/326] GCKI
[17:07:37] 🔄 Identity reset
[17:07:37] 🔄 Identity rotated (every 10 requests)
[17:07:38] [61/326] IAET
[17:07:39] [62/326] DDTD
[17:07:40] [63/326] GMDH
[17:07:41] [64/326] STLE
[17:07:42] [65/326] JTRA
[17:07:44] [66/326] RPPA
[17:07:45] [67/326] ARUT
[17:07:45] [68/326] JTVM
[17:07:47] [69/326] SWRH
[17:07:48] [70/326] DCPC
[17:07:48] 🔄 Identity reset
[17:07:48] 🔄 Identity rotated (every 10 requests)
[17:07:49] [71/326] RAPR
[17:07:50] [72/326] GCRT
[17:07:50] [73/326] ATUN
[17:07:51] [74/326] LTRM
[17:07:52] [75/326] TASR
[17:07:53] [76/326] RLLC
[17:07:54] [77/326] MABI
[17:07:55] [78/326] SVHB
[17:07:57] [79/326] NVTB
[17:07:58] [80/326] KCKG
[17:07:58] 🔄 Identity reset
[17:07:58] 🔄 Identity rotated (every 10 requests)
[17:07:58] [81/326] SSRN
[17:07:59] [82/326] VDDC
[17:08:00] [83/326] GKTK
[17:08:01] [84/326] YFSN
[17:08:02] [85/326] GCSG
[17:08:03] [86/326] ESSM
[17:08:04] [87/326] KRIH
[17:08:05] [88/326] GCDS
[17:08:06] [89/326] CCSH
[17:08:07] [90/326] ACSK
[17:08:08] 🔄 Identity reset
[17:08:08] 🔄 Identity rotated (every 10 requests)
[17:08:08] [91/326] APRK
[17:08:09] [92/326] ADKM
[17:08:10] [93/326] SRDM
[17:08:11] [94/326] SJMY
[17:08:13] [95/326] PGGC
[17:08:14] [96/326] INGM
[17:08:15] [97/326] LSCB
[17:08:15] [98/326] STAD
[17:08:17] [99/326] MCCR
[17:08:18] [100/326] ABCC
[17:08:19] 🔄 Identity reset
[17:08:19] 🔄 Identity rotated (every 10 requests)
[17:08:19] [101/326] RKCC
[17:08:20] [102/326] RTCR
[17:08:21] [103/326] GGBC
[17:08:22] [104/326] GCSD
[17:08:23] [105/326] LPTY
[17:08:25] [106/326] MCFD
[17:08:25] [107/326] HENN
[17:08:26] [108/326] SMKU
[17:08:28] [109/326] TNZC
[17:08:29] [110/326] DRCD
[17:08:30] 🔄 Identity reset
[17:08:30] 🔄 Identity rotated (every 10 requests)
[17:08:30] [111/326] DLCD
[17:08:31] [112/326] RCDA
[17:08:32] [113/326] COSM
[17:08:33] [114/326] MCMJ
[17:08:34] [115/326] CSTR
[17:08:34] [116/326] CVDK
[17:08:35] [117/326] INRR
[17:08:36] [118/326] RJRT
[17:08:37] [119/326] IRMR
[17:08:38] [120/326] SRCF
[17:08:39] 🔄 Identity reset
[17:08:39] 🔄 Identity rotated (every 10 requests)
[17:08:39] [121/326] GRCR
[17:08:40] [122/326] SURC
[17:08:41] [123/326] NMNH
[17:08:43] [124/326] SVBL
[17:08:44] [125/326] KACI
[17:08:44] [126/326] TDGO
[17:08:45] [127/326] KTBR
[17:08:46] [128/326] PMAD
[17:08:47] [129/326] CCPN
[17:08:49] [130/326] SBTK
[17:08:49] 🔄 Identity reset
[17:08:49] 🔄 Identity rotated (every 10 requests)
[17:08:50] [131/326] LMDK
[17:08:51] [132/326] PGDA
[17:08:52] [133/326] SRML
[17:08:53] [134/326] EVCK
[17:08:54] [135/326] RTTK
[17:08:55] [136/326] SRTU
[17:08:56] [137/326] VRSA
[17:08:56] [138/326] VARS
[17:08:57] [139/326] DSCZ
[17:08:58] [140/326] GAGA
[17:08:58] 🔄 Identity reset
[17:08:58] 🔄 Identity rotated (every 10 requests)
[17:08:59] [141/326] SARV
[17:09:00] [142/326] SEEG
[17:09:00] [143/326] GLCA
[17:09:01] [144/326] APAS
[17:09:02] [145/326] VCIA
[17:09:03] [146/326] SJTA
[17:09:04] [147/326] SABM
[17:09:05] [148/326] PPAG
[17:09:06] [149/326] RVCA
[17:09:07] [150/326] CCIA
[17:09:07] 🔄 Identity reset
[17:09:07] 🔄 Identity rotated (every 10 requests)
[17:09:08] [151/326] HTAG
[17:09:09] [152/326] SMBI
[17:09:10] [153/326] MCJR
[17:09:10] [154/326] CCJR
[17:09:11] [155/326] SINF
[17:09:13] [156/326] CPLX
[17:09:14] [157/326] KKTJ
[17:09:15] [158/326] GDBW
[17:09:15] [159/326] CSUB
[17:09:16] [160/326] DABA
[17:09:17] 🔄 Identity reset
[17:09:17] 🔄 Identity rotated (every 10 requests)
[17:09:17] [161/326] TITR
[17:09:18] [162/326] NYCR
[17:09:19] [163/326] RTRY
[17:09:20] [164/326] JTJL
[17:09:21] [165/326] SJCP
[17:09:21] [166/326] KCCA
[17:09:22] [167/326] MLPG
[17:09:24] [168/326] VRCK
[17:09:25] [169/326] SRIN
[17:09:26] [170/326] CXMK
[17:09:27] 🔄 Identity reset
[17:09:27] 🔄 Identity rotated (every 10 requests)
[17:09:27] [171/326] SKAD
[17:09:28] [172/326] AVTR
[17:09:29] [173/326] PTAJ
[17:09:30] [174/326] SCNK
[17:09:30] [175/326] STTI
[17:09:32] [176/326] KACR
[17:09:33] [177/326] SSDX
[17:09:34] [178/326] VRTJ
[17:09:35] [179/326] RAJD
[17:09:36] [180/326] SCIP
[17:09:37] 🔄 Identity reset
[17:09:37] 🔄 Identity rotated (every 10 requests)
[17:09:37] [181/326] RJSL
[17:09:38] [182/326] ARRS
[17:09:39] [183/326] ASMS
[17:09:40] [184/326] RDTS
[17:09:40] [185/326] DVMY
[17:09:41] [186/326] RASA
[17:09:43] [187/326] INOM
[17:09:43] [188/326] SPRS
[17:09:44] [189/326] SGCS
[17:09:45] [190/326] SALM
[17:09:46] 🔄 Identity reset
[17:09:46] 🔄 Identity rotated (every 10 requests)
[17:09:46] [191/326] PKHC
[17:09:47] [192/326] RCSV
[17:09:49] [193/326] CPKC
[17:09:49] [194/326] AACD
[17:09:50] [195/326] GGCV
[17:09:51] [196/326] SMKD
[17:09:52] [197/326] NBCH
[17:09:53] [198/326] AMCB
[17:09:54] [199/326] OPCN
[17:09:55] [200/326] DCIN
[17:09:55] 🔄 Identity reset
[17:09:55] 🔄 Identity rotated (every 10 requests)
[17:09:56] [201/326] INGW
[17:09:56] [202/326] PKKW
[17:09:57] [203/326] FNGW
[17:09:58] [204/326] GCGD
[17:09:59] [205/326] MSTW
[17:10:00] [206/326] KCCG
[17:10:01] [207/326] MRSS
[17:10:02] [208/326] CLCF
[17:10:03] [209/326] EETS
[17:10:04] [210/326] AATR
[17:10:04] 🔄 Identity reset
[17:10:04] 🔄 Identity rotated (every 10 requests)
[17:10:04] [211/326] CMMN
[17:10:06] [212/326] SCCJ
[17:10:07] [213/326] CDTK
[17:10:07] [214/326] AICP
[17:10:09] [215/326] FNBP
[17:10:10] [216/326] CBPB
[17:10:11] [217/326] CPAS
[17:10:12] [218/326] MAPM
[17:10:13] [219/326] PASD
[17:10:14] [220/326] JCMN
[17:10:15] 🔄 Identity reset
[17:10:15] 🔄 Identity rotated (every 10 requests)
[17:10:15] 🔄 Retry 1/5 for JCMN in 2.7s
[17:10:15] 🔄 Identity reset
[17:10:17] 🧠 New identity created
[17:10:18] [221/326] MALB
[17:10:18] [222/326] SACG
[17:10:19] [223/326] DDRX
[17:10:20] [224/326] DDXB
[17:10:21] [225/326] RAMC
[17:10:22] [226/326] SANC
[17:10:23] [227/326] BCBP
[17:10:24] [228/326] ALPC
[17:10:25] [229/326] RBAC
[17:10:25] 🔄 Identity reset
[17:10:25] 🔄 Identity rotated (every 10 requests)
[17:10:25] [230/326] RAJL
[17:10:27] [231/326] MPDX
[17:10:28] [232/326] MUSC
[17:10:29] [233/326] VKMK
[17:10:30] [234/326] SKCG
[17:10:31] [235/326] ANCN
[17:10:32] [236/326] MMCJ
[17:10:32] [237/326] DCAK
[17:10:34] [238/326] SCKG
[17:10:35] [239/326] LMCK
[17:10:36] 🔄 Identity reset
[17:10:36] 🔄 Identity rotated (every 10 requests)
[17:10:36] [240/326] CKKX
[17:10:37] [241/326] ANKU
[17:10:38] [242/326] CSMD
[17:10:39] [243/326] MKMP
[17:10:40] [244/326] SVBG
[17:10:41] [245/326] ROOP
[17:10:42] [246/326] GDMT
[17:10:43] [247/326] FPPF
[17:10:44] [248/326] SFUU
[17:10:45] [249/326] ANCB
[17:10:45] 🔄 Identity reset
[17:10:45] 🔄 Identity rotated (every 10 requests)
[17:10:46] [250/326] SMMC
[17:10:47] [251/326] UGKT
[17:10:47] [252/326] JVRM
[17:10:48] [253/326] BATG
[17:10:49] [254/326] RATE
[17:10:50] [255/326] SKME
[17:10:52] [256/326] LMTP
[17:10:53] [257/326] TCBD
[17:10:53] [258/326] ESBD
[17:10:54] [259/326] GDCU
[17:10:55] 🔄 Identity reset
[17:10:55] 🔄 Identity rotated (every 10 requests)
[17:10:55] [260/326] SNKT
[17:10:56] [261/326] SRNK
[17:10:57] [262/326] SMED
[17:10:58] [263/326] CSQS
[17:10:59] [264/326] ALCS
[17:11:00] [265/326] KCKN
[17:11:01] [266/326] VCCL
[17:11:02] [267/326] MCDA
[17:11:03] [268/326] SHMI
[17:11:04] [269/326] SKHA
[17:11:05] 🔄 Identity reset
[17:11:05] 🔄 Identity rotated (every 10 requests)
[17:11:05] [270/326] SVFK
[17:11:06] [271/326] INVB
[17:11:06] [272/326] MELD
[17:11:08] [273/326] JTYS
[17:11:09] [274/326] INCM
[17:11:10] [275/326] MCDV
[17:11:10] [276/326] KSGK
[17:11:11] [277/326] ICMG
[17:11:13] [278/326] CSCV
[17:11:14] [279/326] STMD
[17:11:15] 🔄 Identity reset
[17:11:15] 🔄 Identity rotated (every 10 requests)
[17:11:16] [280/326] STTR
[17:11:17] [281/326] INVC
[17:11:18] [282/326] JTBL
[17:11:19] [283/326] SRVV
[17:11:20] [284/326] MAVC
[17:11:21] [285/326] SRPP
[17:11:22] [286/326] JGDM
[17:11:23] [287/326] MBSJ
[17:11:24] [288/326] SSLL
[17:11:25] [289/326] SLKP
[17:11:25] 🔄 Identity reset
[17:11:25] 🔄 Identity rotated (every 10 requests)
[17:11:25] [290/326] NSRV
[17:11:26] [291/326] UTDV
[17:11:27] [292/326] KICM
[17:11:28] [293/326] KCMD
[17:11:29] [294/326] TTPP
[17:11:31] [295/326] KMPV
[17:11:32] [296/326] SKTV
[17:11:32] [297/326] STCV
[17:11:33] [298/326] SRDA
[17:11:34] [299/326] JTSX
[17:11:35] 🔄 Identity reset
[17:11:35] 🔄 Identity rotated (every 10 requests)
[17:11:35] [300/326] STBV
[17:11:36] [301/326] APVZ
[17:11:37] [302/326] GSTV
[17:11:37] [303/326] NMVS
[17:11:38] [304/326] SKRT
[17:11:40] [305/326] RMDV
[17:11:41] [306/326] RATG
[17:11:42] [307/326] SJYV
[17:11:43] [308/326] NDGP
[17:11:44] [309/326] SNDG
[17:11:45] 🔄 Identity reset
[17:11:45] 🔄 Identity rotated (every 10 requests)
[17:11:45] [310/326] INSR
[17:11:46] [311/326] INSO
[17:11:48] [312/326] CCSI
[17:11:48] [313/326] RASM
[17:11:49] [314/326] NEWC
[17:11:50] [315/326] VSHL
[17:11:51] [316/326] BISW
[17:11:52] [317/326] GCNG
[17:11:53] [318/326] CWSC
[17:11:53] [319/326] SKAN
[17:11:54] 🔄 Identity reset
[17:11:54] 🔄 Identity rotated (every 10 requests)
[17:11:54] [320/326] CCOA
[17:11:56] [321/326] MCAJ
[17:11:57] [322/326] ACDE
[17:11:58] [323/326] AACM
[17:11:59] [324/326] JJCK
[17:12:00] [325/326] RCMO
[17:12:02] [326/326] GDAW
[17:12:03] ✅ DONE | Shows=2007 | Movies=66
[18:06:44] 🚀 BMS DAILY TRACKER STARTED (enhanced anti‑detection)
[18:06:44] [1/326] VCHA
[18:06:45] 🧠 New identity created
[18:06:45] 🔄 Retry 1/5 for VCHA in 2.7s
[18:06:45] 🔄 Identity reset
[18:06:48] 🧠 New identity created
[18:06:48] [2/326] SCKO
[18:06:49] [3/326] VKTK
[18:06:50] [4/326] DXEC
[18:06:51] [5/326] CDCA
[18:06:51] [6/326] VBCZ
[18:06:52] [7/326] MSDR
[18:06:54] [8/326] ACPV
[18:06:54] [9/326] PVHB
[18:06:55] 🔄 Identity reset
[18:06:55] 🔄 Identity rotated (every 10 requests)
[18:06:55] [10/326] RCNH
[18:06:56] [11/326] IOMH
[18:06:57] [12/326] ILKS
[18:06:58] [13/326] AMSN
[18:06:58] [14/326] ANTP
[18:06:59] [15/326] SSEK
[18:07:00] [16/326] PICP
[18:07:01] [17/326] SICO
[18:07:02] [18/326] SISP
[18:07:02] [19/326] SCPI
[18:07:03] 🔄 Identity reset
[18:07:03] 🔄 Identity rotated (every 10 requests)
[18:07:04] [20/326] CRPR
[18:07:05] [21/326] DCTW
[18:07:05] [22/326] DCSP
[18:07:06] [23/326] KRPM
[18:07:07] [24/326] THKK
[18:07:08] [25/326] SNMY
[18:07:09] [26/326] AKCC
[18:07:10] [27/326] PCAT
[18:07:10] [28/326] RFGO
[18:07:12] [29/326] GGCS
[18:07:13] 🔄 Identity reset
[18:07:13] 🔄 Identity rotated (every 10 requests)
[18:07:13] [30/326] ACKR
[18:07:13] [31/326] STDO
[18:07:14] [32/326] ACKB
[18:07:15] [33/326] ALUC
[18:07:15] [34/326] MNSR
[18:07:16] [35/326] CSSL
[18:07:17] [36/326] BGGM
[18:07:18] [37/326] MANT
[18:07:19] [38/326] SOOY
[18:07:19] [39/326] VPPK
[18:07:20] 🔄 Identity reset
[18:07:20] 🔄 Identity rotated (every 10 requests)
[18:07:20] 🔄 Retry 1/5 for VPPK in 2.2s
[18:07:20] 🔄 Identity reset
[18:07:22] 🧠 New identity created
[18:07:23] [40/326] MYHJ
[18:07:23] [41/326] KSCK
[18:07:24] [42/326] KATK
[18:07:25] [43/326] RTRT
[18:07:27] [44/326] SSTT
[18:07:27] [45/326] SSTV
[18:07:28] [46/326] LACM
[18:07:29] [47/326] SGMG
[18:07:30] [48/326] KACX
[18:07:30] 🔄 Identity reset
[18:07:30] 🔄 Identity rotated (every 10 requests)
[18:07:30] 🔄 Retry 1/5 for KACX in 2.0s
[18:07:30] 🔄 Identity reset
[18:07:32] 🧠 New identity created
[18:07:32] [49/326] GVCP
[18:07:33] [50/326] CSNC
[18:07:34] [51/326] SXCB
[18:07:35] [52/326] BAHS
[18:07:36] [53/326] PCBI
[18:07:36] [54/326] PSSM
[18:07:37] [55/326] RCOK
[18:07:37] [56/326] SCPF
[18:07:38] [57/326] SSAS
[18:07:39] 🔄 Identity reset
[18:07:39] 🔄 Identity rotated (every 10 requests)
[18:07:39] 🔄 Retry 1/5 for SSAS in 2.1s
[18:07:39] 🔄 Identity reset
[18:07:41] 🧠 New identity created
[18:07:42] [58/326] EVMM
[18:07:42] [59/326] SYCB
[18:07:43] [60/326] GCKI
[18:07:44] [61/326] IAET
[18:07:45] [62/326] DDTD
[18:07:46] [63/326] GMDH
[18:07:46] [64/326] STLE
[18:07:47] [65/326] JTRA
[18:07:48] [66/326] RPPA
[18:07:49] 🔄 Identity reset
[18:07:49] 🔄 Identity rotated (every 10 requests)
[18:07:49] [67/326] ARUT
[18:07:50] [68/326] JTVM
[18:07:50] [69/326] SWRH
[18:07:51] [70/326] DCPC
[18:07:51] [71/326] RAPR
[18:07:52] [72/326] GCRT
[18:07:53] [73/326] ATUN
[18:07:53] [74/326] LTRM
[18:07:54] [75/326] TASR
[18:07:55] [76/326] RLLC
[18:07:55] 🔄 Identity reset
[18:07:55] 🔄 Identity rotated (every 10 requests)
[18:07:55] 🔄 Retry 1/5 for RLLC in 2.2s
[18:07:55] 🔄 Identity reset
[18:07:57] 🧠 New identity created
[18:07:58] [77/326] MABI
[18:07:58] [78/326] SVHB
[18:07:59] [79/326] NVTB
[18:08:00] [80/326] KCKG
[18:08:01] [81/326] SSRN
[18:08:02] [82/326] VDDC
[18:08:03] [83/326] GKTK
[18:08:03] [84/326] YFSN
[18:08:04] [85/326] GCSG
[18:08:05] 🔄 Identity reset
[18:08:05] 🔄 Identity rotated (every 10 requests)
[18:08:05] [86/326] ESSM
[18:08:06] [87/326] KRIH
[18:08:06] [88/326] GCDS
[18:08:07] [89/326] CCSH
[18:08:08] [90/326] ACSK
[18:08:08] [91/326] APRK
[18:08:09] [92/326] ADKM
[18:08:10] [93/326] SRDM
[18:08:11] [94/326] SJMY
[18:08:13] [95/326] PGGC
[18:08:13] 🔄 Identity reset
[18:08:13] 🔄 Identity rotated (every 10 requests)
[18:08:13] 🔄 Retry 1/5 for PGGC in 2.9s
[18:08:13] 🔄 Identity reset
[18:08:16] 🧠 New identity created
[18:08:16] 🔄 Retry 2/5 for PGGC in 4.2s
[18:08:16] 🔄 Identity reset
[18:08:21] 🧠 New identity created
[18:08:21] 🔄 Retry 3/5 for PGGC in 8.5s
[18:08:21] 🔄 Identity reset
[18:08:29] 🧠 New identity created
[18:08:29] [96/326] INGM
[18:08:30] [97/326] LSCB
[18:08:31] [98/326] STAD
[18:08:31] [99/326] MCCR
[18:08:32] [100/326] ABCC
[18:08:33] [101/326] RKCC
[18:08:34] [102/326] RTCR
[18:08:34] 🔄 Identity reset
[18:08:34] 🔄 Identity rotated (every 10 requests)
[18:08:34] [103/326] GGBC
[18:08:35] [104/326] GCSD
[18:08:36] [105/326] LPTY
[18:08:37] [106/326] MCFD
[18:08:37] [107/326] HENN
[18:08:38] [108/326] SMKU
[18:08:39] [109/326] TNZC
[18:08:40] [110/326] DRCD
[18:08:40] [111/326] DLCD
[18:08:41] [112/326] RCDA
[18:08:42] 🔄 Identity reset
[18:08:42] 🔄 Identity rotated (every 10 requests)
[18:08:42] [113/326] COSM
[18:08:43] [114/326] MCMJ
[18:08:44] [115/326] CSTR
[18:08:44] [116/326] CVDK
[18:08:45] [117/326] INRR
[18:08:46] [118/326] RJRT
[18:08:46] [119/326] IRMR
[18:08:47] [120/326] SRCF
[18:08:47] [121/326] GRCR
[18:08:48] [122/326] SURC
[18:08:49] 🔄 Identity reset
[18:08:49] 🔄 Identity rotated (every 10 requests)
[18:08:49] 🔄 Retry 1/5 for SURC in 2.5s
[18:08:49] 🔄 Identity reset
[18:08:51] 🧠 New identity created
[18:08:53] [123/326] NMNH
[18:08:53] [124/326] SVBL
[18:08:54] [125/326] KACI
[18:08:54] [126/326] TDGO
[18:08:55] [127/326] KTBR
[18:08:56] [128/326] PMAD
[18:08:57] [129/326] CCPN
[18:08:57] [130/326] SBTK
[18:08:58] [131/326] LMDK
[18:08:59] 🔄 Identity reset
[18:08:59] 🔄 Identity rotated (every 10 requests)
[18:08:59] [132/326] PGDA
[18:09:00] [133/326] SRML
[18:09:00] [134/326] EVCK
[18:09:01] [135/326] RTTK
[18:09:02] [136/326] SRTU
[18:09:03] [137/326] VRSA
[18:09:04] [138/326] VARS
[18:09:04] [139/326] DSCZ
[18:09:05] [140/326] GAGA
[18:09:06] [141/326] SARV
[18:09:06] 🔄 Identity reset
[18:09:06] 🔄 Identity rotated (every 10 requests)
[18:09:06] [142/326] SEEG
[18:09:07] [143/326] GLCA
[18:09:08] [144/326] APAS
[18:09:08] [145/326] VCIA
[18:09:09] [146/326] SJTA
[18:09:10] [147/326] SABM
[18:09:10] [148/326] PPAG
[18:09:11] [149/326] RVCA
[18:09:12] [150/326] CCIA
[18:09:14] [151/326] HTAG
[18:09:14] 🔄 Identity reset
[18:09:14] 🔄 Identity rotated (every 10 requests)
[18:09:15] [152/326] SMBI
[18:09:15] [153/326] MCJR
[18:09:16] [154/326] CCJR
[18:09:17] [155/326] SINF
[18:09:18] [156/326] CPLX
[18:09:19] [157/326] KKTJ
[18:09:20] [158/326] GDBW
[18:09:20] [159/326] CSUB
[18:09:21] [160/326] DABA
[18:09:22] [161/326] TITR
[18:09:22] 🔄 Identity reset
[18:09:22] 🔄 Identity rotated (every 10 requests)
[18:09:23] 🔄 Retry 1/5 for TITR in 2.2s
[18:09:23] 🔄 Identity reset
[18:09:25] 🧠 New identity created
[18:09:25] [162/326] NYCR
[18:09:25] [163/326] RTRY
[18:09:26] [164/326] JTJL
[18:09:27] [165/326] SJCP
[18:09:27] [166/326] KCCA
[18:09:28] [167/326] MLPG
[18:09:29] [168/326] VRCK
[18:09:30] [169/326] SRIN
[18:09:30] [170/326] CXMK
[18:09:31] 🔄 Identity reset
[18:09:31] 🔄 Identity rotated (every 10 requests)
[18:09:31] [171/326] SKAD
[18:09:32] [172/326] AVTR
[18:09:33] [173/326] PTAJ
[18:09:34] [174/326] SCNK
[18:09:35] [175/326] STTI
[18:09:35] [176/326] KACR
[18:09:36] [177/326] SSDX
[18:09:37] [178/326] VRTJ
[18:09:37] [179/326] RAJD
[18:09:38] [180/326] SCIP
[18:09:38] 🔄 Identity reset
[18:09:38] 🔄 Identity rotated (every 10 requests)
[18:09:39] 🔄 Retry 1/5 for SCIP in 2.2s
[18:09:39] 🔄 Identity reset
[18:09:41] 🧠 New identity created
[18:09:41] [181/326] RJSL
[18:09:42] [182/326] ARRS
[18:09:42] [183/326] ASMS
[18:09:43] [184/326] RDTS
[18:09:44] [185/326] DVMY
[18:09:44] [186/326] RASA
[18:09:45] [187/326] INOM
[18:09:46] [188/326] SPRS
[18:09:46] [189/326] SGCS
[18:09:47] 🔄 Identity reset
[18:09:47] 🔄 Identity rotated (every 10 requests)
[18:09:48] [190/326] SALM
[18:09:48] [191/326] PKHC
[18:09:49] [192/326] RCSV
[18:09:50] [193/326] CPKC
[18:09:50] [194/326] AACD
[18:09:51] [195/326] GGCV
[18:09:52] [196/326] SMKD
[18:09:53] [197/326] NBCH
[18:09:54] [198/326] AMCB
[18:09:55] [199/326] OPCN
[18:09:55] 🔄 Identity reset
[18:09:55] 🔄 Identity rotated (every 10 requests)
[18:09:55] [200/326] DCIN
[18:09:56] [201/326] INGW
[18:09:57] [202/326] PKKW
[18:09:58] [203/326] FNGW
[18:09:59] [204/326] GCGD
[18:10:00] [205/326] MSTW
[18:10:01] [206/326] KCCG
[18:10:02] [207/326] MRSS
[18:10:03] [208/326] CLCF
[18:10:03] [209/326] EETS
[18:10:04] 🔄 Identity reset
[18:10:04] 🔄 Identity rotated (every 10 requests)
[18:10:04] [210/326] AATR
[18:10:05] [211/326] CMMN
[18:10:06] [212/326] SCCJ
[18:10:07] [213/326] CDTK
[18:10:09] [214/326] AICP
[18:10:09] [215/326] FNBP
[18:10:10] [216/326] CBPB
[18:10:11] [217/326] CPAS
[18:10:12] [218/326] MAPM
[18:10:13] [219/326] PASD
[18:10:14] 🔄 Identity reset
[18:10:14] 🔄 Identity rotated (every 10 requests)
[18:10:14] 🔄 Retry 1/5 for PASD in 2.2s
[18:10:14] 🔄 Identity reset
[18:10:16] 🧠 New identity created
[18:10:16] [220/326] JCMN
[18:10:17] [221/326] MALB
[18:10:18] [222/326] SACG
[18:10:18] [223/326] DDRX
[18:10:19] [224/326] DDXB
[18:10:21] [225/326] RAMC
[18:10:21] [226/326] SANC
[18:10:22] [227/326] BCBP
[18:10:23] [228/326] ALPC
[18:10:24] 🔄 Identity reset
[18:10:24] 🔄 Identity rotated (every 10 requests)
[18:10:24] [229/326] RBAC
[18:10:25] [230/326] RAJL
[18:10:25] [231/326] MPDX
[18:10:27] [232/326] MUSC
[18:10:27] [233/326] VKMK
[18:10:28] [234/326] SKCG
[18:10:29] [235/326] ANCN
[18:10:30] [236/326] MMCJ
[18:10:30] [237/326] DCAK
[18:10:31] [238/326] SCKG
[18:10:32] 🔄 Identity reset
[18:10:32] 🔄 Identity rotated (every 10 requests)
[18:10:32] [239/326] LMCK
[18:10:32] [240/326] CKKX
[18:10:33] [241/326] ANKU
[18:10:34] [242/326] CSMD
[18:10:35] [243/326] MKMP
[18:10:36] [244/326] SVBG
[18:10:37] [245/326] ROOP
[18:10:37] [246/326] GDMT
[18:10:38] [247/326] FPPF
[18:10:39] [248/326] SFUU
[18:10:40] 🔄 Identity reset
[18:10:40] 🔄 Identity rotated (every 10 requests)
[18:10:40] [249/326] ANCB
[18:10:41] [250/326] SMMC
[18:10:41] [251/326] UGKT
[18:10:43] [252/326] JVRM
[18:10:44] [253/326] BATG
[18:10:45] [254/326] RATE
[18:10:46] [255/326] SKME
[18:10:46] [256/326] LMTP
[18:10:47] [257/326] TCBD
[18:10:48] [258/326] ESBD
[18:10:49] 🔄 Identity reset
[18:10:49] 🔄 Identity rotated (every 10 requests)
[18:10:49] [259/326] GDCU
[18:10:50] [260/326] SNKT
[18:10:50] [261/326] SRNK
[18:10:51] [262/326] SMED
[18:10:52] [263/326] CSQS
[18:10:53] [264/326] ALCS
[18:10:54] [265/326] KCKN
[18:10:55] [266/326] VCCL
[18:10:55] [267/326] MCDA
[18:10:56] [268/326] SHMI
[18:10:56] 🔄 Identity reset
[18:10:56] 🔄 Identity rotated (every 10 requests)
[18:10:56] 🔄 Retry 1/5 for SHMI in 2.9s
[18:10:56] 🔄 Identity reset
[18:10:59] 🧠 New identity created
[18:10:59] 🔄 Retry 2/5 for SHMI in 4.3s
[18:10:59] 🔄 Identity reset
[18:11:04] 🧠 New identity created
[18:11:04] 🔄 Retry 3/5 for SHMI in 8.6s
[18:11:04] 🔄 Identity reset
[18:11:12] 🧠 New identity created
[18:11:12] [269/326] SKHA
[18:11:13] [270/326] SVFK
[18:11:14] [271/326] INVB
[18:11:14] [272/326] MELD
[18:11:15] [273/326] JTYS
[18:11:16] [274/326] INCM
[18:11:17] [275/326] MCDV
[18:11:18] 🔄 Identity reset
[18:11:18] 🔄 Identity rotated (every 10 requests)
[18:11:18] [276/326] KSGK
[18:11:19] [277/326] ICMG
[18:11:20] [278/326] CSCV
[18:11:22] [279/326] STMD
[18:11:22] [280/326] STTR
[18:11:23] [281/326] INVC
[18:11:24] [282/326] JTBL
[18:11:25] [283/326] SRVV
[18:11:25] [284/326] MAVC
[18:11:26] [285/326] SRPP
[18:11:27] 🔄 Identity reset
[18:11:27] 🔄 Identity rotated (every 10 requests)
[18:11:27] [286/326] JGDM
[18:11:28] [287/326] MBSJ
[18:11:29] [288/326] SSLL
[18:11:29] [289/326] SLKP
[18:11:30] [290/326] NSRV
[18:11:31] [291/326] UTDV
[18:11:32] [292/326] KICM
[18:11:33] [293/326] KCMD
[18:11:33] [294/326] TTPP
[18:11:34] [295/326] KMPV
[18:11:35] 🔄 Identity reset
[18:11:35] 🔄 Identity rotated (every 10 requests)
[18:11:35] [296/326] SKTV
[18:11:36] [297/326] STCV
[18:11:36] [298/326] SRDA
[18:11:37] [299/326] JTSX
[18:11:38] [300/326] STBV
[18:11:39] [301/326] APVZ
[18:11:39] [302/326] GSTV
[18:11:40] [303/326] NMVS
[18:11:41] [304/326] SKRT
[18:11:42] [305/326] RMDV
[18:11:42] 🔄 Identity reset
[18:11:43] 🔄 Identity rotated (every 10 requests)
[18:11:43] [306/326] RATG
[18:11:43] [307/326] SJYV
[18:11:44] [308/326] NDGP
[18:11:45] [309/326] SNDG
[18:11:46] [310/326] INSR
[18:11:47] [311/326] INSO
[18:11:48] [312/326] CCSI
[18:11:49] [313/326] RASM
[18:11:49] [314/326] NEWC
[18:11:50] [315/326] VSHL
[18:11:51] 🔄 Identity reset
[18:11:51] 🔄 Identity rotated (every 10 requests)
[18:11:51] [316/326] BISW
[18:11:52] [317/326] GCNG
[18:11:53] [318/326] CWSC
[18:11:54] [319/326] SKAN
[18:11:55] [320/326] CCOA
[18:11:56] [321/326] MCAJ
[18:11:57] [322/326] ACDE
[18:11:57] [323/326] AACM
[18:11:58] [324/326] JJCK
[18:11:59] [325/326] RCMO
[18:12:00] 🔄 Identity reset
[18:12:00] 🔄 Identity rotated (every 10 requests)
[18:12:00] [326/326] GDAW
[18:12:01] ✅ DONE | Shows=2200 | Movies=66
[19:06:36] 🚀 BMS DAILY TRACKER STARTED (enhanced anti‑detection)
[19:06:36] [1/326] VCHA
[19:06:37] 🧠 New identity created
[19:06:37] [2/326] SCKO
[19:06:38] [3/326] VKTK
[19:06:39] [4/326] DXEC
[19:06:40] [5/326] CDCA
[19:06:40] [6/326] VBCZ
[19:06:41] [7/326] MSDR
[19:06:42] [8/326] ACPV
[19:06:43] [9/326] PVHB
[19:06:44] [10/326] RCNH
[19:06:45] 🔄 Identity reset
[19:06:45] 🔄 Identity rotated (every 10 requests)
[19:06:45] [11/326] IOMH
[19:06:46] [12/326] ILKS
[19:06:46] [13/326] AMSN
[19:06:47] [14/326] ANTP
[19:06:48] [15/326] SSEK
[19:06:48] [16/326] PICP
[19:06:49] [17/326] SICO
[19:06:50] [18/326] SISP
[19:06:51] [19/326] SCPI
[19:06:52] [20/326] CRPR
[19:06:52] 🔄 Identity reset
[19:06:52] 🔄 Identity rotated (every 10 requests)
[19:06:53] [21/326] DCTW
[19:06:53] [22/326] DCSP
[19:06:54] [23/326] KRPM
[19:06:54] [24/326] THKK
[19:06:55] [25/326] SNMY
[19:06:56] [26/326] AKCC
[19:06:57] [27/326] PCAT
[19:06:58] [28/326] RFGO
[19:06:59] [29/326] GGCS
[19:06:59] [30/326] ACKR
[19:07:00] 🔄 Identity reset
[19:07:00] 🔄 Identity rotated (every 10 requests)
[19:07:00] [31/326] STDO
[19:07:01] [32/326] ACKB
[19:07:02] [33/326] ALUC
[19:07:02] [34/326] MNSR
[19:07:03] [35/326] CSSL
[19:07:04] [36/326] BGGM
[19:07:04] [37/326] MANT
[19:07:05] [38/326] SOOY
[19:07:06] [39/326] VPPK
[19:07:07] [40/326] MYHJ
[19:07:07] 🔄 Identity reset
[19:07:07] 🔄 Identity rotated (every 10 requests)
[19:07:08] [41/326] KSCK
[19:07:09] [42/326] KATK
[19:07:10] [43/326] RTRT
[19:07:11] [44/326] SSTT
[19:07:12] [45/326] SSTV
[19:07:13] [46/326] LACM
[19:07:13] [47/326] SGMG
[19:07:14] [48/326] KACX
[19:07:15] [49/326] GVCP
[19:07:15] [50/326] CSNC
[19:07:16] 🔄 Identity reset
[19:07:16] 🔄 Identity rotated (every 10 requests)
[19:07:16] [51/326] SXCB
[19:07:18] [52/326] BAHS
[19:07:19] [53/326] PCBI
[19:07:19] [54/326] PSSM
[19:07:20] [55/326] RCOK
[19:07:21] [56/326] SCPF
[19:07:22] [57/326] SSAS
[19:07:23] [58/326] EVMM
[19:07:23] [59/326] SYCB
[19:07:24] [60/326] GCKI
[19:07:24] 🔄 Identity reset
[19:07:24] 🔄 Identity rotated (every 10 requests)
[19:07:24] [61/326] IAET
[19:07:25] [62/326] DDTD
[19:07:26] [63/326] GMDH
[19:07:26] [64/326] STLE
[19:07:27] [65/326] JTRA
[19:07:28] [66/326] RPPA
[19:07:29] [67/326] ARUT
[19:07:29] [68/326] JTVM
[19:07:30] [69/326] SWRH
[19:07:31] [70/326] DCPC
[19:07:32] 🔄 Identity reset
[19:07:32] 🔄 Identity rotated (every 10 requests)
[19:07:32] [71/326] RAPR
[19:07:33] [72/326] GCRT
[19:07:33] [73/326] ATUN
[19:07:34] [74/326] LTRM
[19:07:35] [75/326] TASR
[19:07:36] [76/326] RLLC
[19:07:37] [77/326] MABI
[19:07:37] [78/326] SVHB
[19:07:38] [79/326] NVTB
[19:07:39] [80/326] KCKG
[19:07:39] 🔄 Identity reset
[19:07:39] 🔄 Identity rotated (every 10 requests)
[19:07:40] 🔄 Retry 1/5 for KCKG in 2.7s
[19:07:40] 🔄 Identity reset
[19:07:42] 🧠 New identity created
[19:07:42] 🔄 Retry 2/5 for KCKG in 4.1s
[19:07:42] 🔄 Identity reset
[19:07:46] 🧠 New identity created
[19:07:47] [81/326] SSRN
[19:07:48] [82/326] VDDC
[19:07:50] [83/326] GKTK
[19:07:51] [84/326] YFSN
[19:07:52] [85/326] GCSG
[19:07:52] [86/326] ESSM
[19:07:53] [87/326] KRIH
[19:07:54] [88/326] GCDS
[19:07:54] 🔄 Identity reset
[19:07:54] 🔄 Identity rotated (every 10 requests)
[19:07:54] [89/326] CCSH
[19:07:55] [90/326] ACSK
[19:07:56] [91/326] APRK
[19:07:56] [92/326] ADKM
[19:07:57] [93/326] SRDM
[19:07:58] [94/326] SJMY
[19:07:59] [95/326] PGGC
[19:08:00] [96/326] INGM
[19:08:00] [97/326] LSCB
[19:08:01] [98/326] STAD
[19:08:02] 🔄 Identity reset
[19:08:02] 🔄 Identity rotated (every 10 requests)
[19:08:02] [99/326] MCCR
[19:08:03] [100/326] ABCC
[19:08:04] [101/326] RKCC
[19:08:05] [102/326] RTCR
[19:08:05] [103/326] GGBC
[19:08:06] [104/326] GCSD
[19:08:06] [105/326] LPTY
[19:08:07] [106/326] MCFD
[19:08:08] [107/326] HENN
[19:08:08] [108/326] SMKU
[19:08:09] 🔄 Identity reset
[19:08:09] 🔄 Identity rotated (every 10 requests)
[19:08:10] [109/326] TNZC
[19:08:11] [110/326] DRCD
[19:08:12] [111/326] DLCD
[19:08:12] [112/326] RCDA
[19:08:13] [113/326] COSM
[19:08:14] [114/326] MCMJ
[19:08:14] [115/326] CSTR
[19:08:15] [116/326] CVDK
[19:08:16] [117/326] INRR
[19:08:16] [118/326] RJRT
[19:08:17] 🔄 Identity reset
[19:08:17] 🔄 Identity rotated (every 10 requests)
[19:08:17] [119/326] IRMR
[19:08:17] [120/326] SRCF
[19:08:18] [121/326] GRCR
[19:08:19] [122/326] SURC
[19:08:20] [123/326] NMNH
[19:08:20] [124/326] SVBL
[19:08:21] [125/326] KACI
[19:08:22] [126/326] TDGO
[19:08:24] [127/326] KTBR
[19:08:24] [128/326] PMAD
[19:08:25] 🔄 Identity reset
[19:08:25] 🔄 Identity rotated (every 10 requests)
[19:08:25] [129/326] CCPN
[19:08:26] [130/326] SBTK
[19:08:26] [131/326] LMDK
[19:08:27] [132/326] PGDA
[19:08:28] [133/326] SRML
[19:08:29] [134/326] EVCK
[19:08:30] [135/326] RTTK
[19:08:30] [136/326] SRTU
[19:08:31] [137/326] VRSA
[19:08:33] [138/326] VARS
[19:08:33] 🔄 Identity reset
[19:08:33] 🔄 Identity rotated (every 10 requests)
[19:08:33] 🔄 Retry 1/5 for VARS in 2.7s
[19:08:33] 🔄 Identity reset
[19:08:36] 🧠 New identity created
[19:08:36] [139/326] DSCZ
[19:08:37] [140/326] GAGA
[19:08:37] [141/326] SARV
[19:08:38] [142/326] SEEG
[19:08:39] [143/326] GLCA
[19:08:40] [144/326] APAS
[19:08:41] [145/326] VCIA
[19:08:42] [146/326] SJTA
[19:08:42] [147/326] SABM
[19:08:43] 🔄 Identity reset
[19:08:43] 🔄 Identity rotated (every 10 requests)
[19:08:43] [148/326] PPAG
[19:08:44] [149/326] RVCA
[19:08:44] [150/326] CCIA
[19:08:45] [151/326] HTAG
[19:08:46] [152/326] SMBI
[19:08:47] [153/326] MCJR
[19:08:47] [154/326] CCJR
[19:08:48] [155/326] SINF
[19:08:48] [156/326] CPLX
[19:08:49] [157/326] KKTJ
[19:08:49] 🔄 Identity reset
[19:08:49] 🔄 Identity rotated (every 10 requests)
[19:08:49] 🔄 Retry 1/5 for KKTJ in 2.6s
[19:08:49] 🔄 Identity reset
[19:08:52] 🧠 New identity created
[19:08:52] 🔄 Retry 2/5 for KKTJ in 4.7s
[19:08:52] 🔄 Identity reset
[19:08:57] 🧠 New identity created
[19:08:57] [158/326] GDBW
[19:08:58] [159/326] CSUB
[19:08:58] [160/326] DABA
[19:08:59] [161/326] TITR
[19:09:00] [162/326] NYCR
[19:09:00] [163/326] RTRY
[19:09:01] [164/326] JTJL
[19:09:02] [165/326] SJCP
[19:09:02] 🔄 Identity reset
[19:09:02] 🔄 Identity rotated (every 10 requests)
[19:09:02] [166/326] KCCA
[19:09:03] [167/326] MLPG
[19:09:04] [168/326] VRCK
[19:09:04] [169/326] SRIN
[19:09:05] [170/326] CXMK
[19:09:06] [171/326] SKAD
[19:09:07] [172/326] AVTR
[19:09:08] [173/326] PTAJ
[19:09:09] [174/326] SCNK
[19:09:09] [175/326] STTI
[19:09:10] 🔄 Identity reset
[19:09:10] 🔄 Identity rotated (every 10 requests)
[19:09:10] [176/326] KACR
[19:09:11] [177/326] SSDX
[19:09:12] [178/326] VRTJ
[19:09:12] [179/326] RAJD
[19:09:13] [180/326] SCIP
[19:09:14] [181/326] RJSL
[19:09:14] [182/326] ARRS
[19:09:15] [183/326] ASMS
[19:09:16] [184/326] RDTS
[19:09:17] [185/326] DVMY
[19:09:17] 🔄 Identity reset
[19:09:17] 🔄 Identity rotated (every 10 requests)
[19:09:18] [186/326] RASA
[19:09:18] [187/326] INOM
[19:09:19] [188/326] SPRS
[19:09:19] [189/326] SGCS
[19:09:20] [190/326] SALM
[19:09:21] [191/326] PKHC
[19:09:22] [192/326] RCSV
[19:09:22] [193/326] CPKC
[19:09:23] [194/326] AACD
[19:09:24] [195/326] GGCV
[19:09:24] 🔄 Identity reset
[19:09:24] 🔄 Identity rotated (every 10 requests)
[19:09:24] [196/326] SMKD
[19:09:25] [197/326] NBCH
[19:09:26] [198/326] AMCB
[19:09:27] [199/326] OPCN
[19:09:27] [200/326] DCIN
[19:09:28] [201/326] INGW
[19:09:29] [202/326] PKKW
[19:09:29] [203/326] FNGW
[19:09:30] [204/326] GCGD
[19:09:30] [205/326] MSTW
[19:09:31] 🔄 Identity reset
[19:09:31] 🔄 Identity rotated (every 10 requests)
[19:09:31] 🔄 Retry 1/5 for MSTW in 2.6s
[19:09:31] 🔄 Identity reset
[19:09:34] 🧠 New identity created
[19:09:34] [206/326] KCCG
[19:09:35] [207/326] MRSS
[19:09:35] [208/326] CLCF
[19:09:36] [209/326] EETS
[19:09:37] [210/326] AATR
[19:09:38] [211/326] CMMN
[19:09:39] [212/326] SCCJ
[19:09:39] [213/326] CDTK
[19:09:40] [214/326] AICP
[19:09:41] 🔄 Identity reset
[19:09:41] 🔄 Identity rotated (every 10 requests)
[19:09:41] [215/326] FNBP
[19:09:42] [216/326] CBPB
[19:09:43] [217/326] CPAS
[19:09:44] [218/326] MAPM
[19:09:44] [219/326] PASD
[19:09:45] [220/326] JCMN
[19:09:46] [221/326] MALB
[19:09:46] [222/326] SACG
[19:09:47] [223/326] DDRX
[19:09:48] [224/326] DDXB
[19:09:48] 🔄 Identity reset
[19:09:48] 🔄 Identity rotated (every 10 requests)
[19:09:49] [225/326] RAMC
[19:09:50] [226/326] SANC
[19:09:51] [227/326] BCBP
[19:09:52] [228/326] ALPC
[19:09:52] [229/326] RBAC
[19:09:53] [230/326] RAJL
[19:09:53] [231/326] MPDX
[19:09:54] [232/326] MUSC
[19:09:55] [233/326] VKMK
[19:09:56] [234/326] SKCG
[19:09:56] 🔄 Identity reset
[19:09:56] 🔄 Identity rotated (every 10 requests)
[19:09:57] [235/326] ANCN
[19:09:57] [236/326] MMCJ
[19:09:58] [237/326] DCAK
[19:09:59] [238/326] SCKG
[19:10:00] [239/326] LMCK
[19:10:01] [240/326] CKKX
[19:10:02] [241/326] ANKU
[19:10:02] [242/326] CSMD
[19:10:03] [243/326] MKMP
[19:10:04] [244/326] SVBG
[19:10:05] 🔄 Identity reset
[19:10:05] 🔄 Identity rotated (every 10 requests)
[19:10:05] [245/326] ROOP
[19:10:05] [246/326] GDMT
[19:10:06] [247/326] FPPF
[19:10:06] [248/326] SFUU
[19:10:07] [249/326] ANCB
[19:10:08] [250/326] SMMC
[19:10:09] [251/326] UGKT
[19:10:10] [252/326] JVRM
[19:10:10] [253/326] BATG
[19:10:11] [254/326] RATE
[19:10:12] 🔄 Identity reset
[19:10:12] 🔄 Identity rotated (every 10 requests)
[19:10:12] 🔄 Retry 1/5 for RATE in 2.5s
[19:10:12] 🔄 Identity reset
[19:10:14] 🧠 New identity created
[19:10:15] [255/326] SKME
[19:10:15] [256/326] LMTP
[19:10:16] [257/326] TCBD
[19:10:16] [258/326] ESBD
[19:10:17] [259/326] GDCU
[19:10:18] [260/326] SNKT
[19:10:19] [261/326] SRNK
[19:10:20] [262/326] SMED
[19:10:21] [263/326] CSQS
[19:10:21] 🔄 Identity reset
[19:10:21] 🔄 Identity rotated (every 10 requests)
[19:10:21] 🔄 Retry 1/5 for CSQS in 2.3s
[19:10:21] 🔄 Identity reset
[19:10:23] 🧠 New identity created
[19:10:24] [264/326] ALCS
[19:10:25] [265/326] KCKN
[19:10:25] [266/326] VCCL
[19:10:26] [267/326] MCDA
[19:10:27] [268/326] SHMI
[19:10:27] [269/326] SKHA
[19:10:28] [270/326] SVFK
[19:10:29] [271/326] INVB
[19:10:29] [272/326] MELD
[19:10:30] 🔄 Identity reset
[19:10:30] 🔄 Identity rotated (every 10 requests)
[19:10:30] 🔄 Retry 1/5 for MELD in 2.5s
[19:10:30] 🔄 Identity reset
[19:10:33] 🧠 New identity created
[19:10:33] [273/326] JTYS
[19:10:33] [274/326] INCM
[19:10:35] [275/326] MCDV
[19:10:35] [276/326] KSGK
[19:10:36] [277/326] ICMG
[19:10:37] [278/326] CSCV
[19:10:38] [279/326] STMD
[19:10:38] [280/326] STTR
[19:10:39] [281/326] INVC
[19:10:40] 🔄 Identity reset
[19:10:40] 🔄 Identity rotated (every 10 requests)
[19:10:40] 🔄 Retry 1/5 for INVC in 2.9s
[19:10:40] 🔄 Identity reset
[19:10:42] 🧠 New identity created
[19:10:43] [282/326] JTBL
[19:10:43] [283/326] SRVV
[19:10:44] [284/326] MAVC
[19:10:45] [285/326] SRPP
[19:10:45] [286/326] JGDM
[19:10:47] [287/326] MBSJ
[19:10:47] [288/326] SSLL
[19:10:48] [289/326] SLKP
[19:10:48] [290/326] NSRV
[19:10:49] 🔄 Identity reset
[19:10:49] 🔄 Identity rotated (every 10 requests)
[19:10:49] [291/326] UTDV
[19:10:50] [292/326] KICM
[19:10:51] [293/326] KCMD
[19:10:51] [294/326] TTPP
[19:10:52] [295/326] KMPV
[19:10:53] [296/326] SKTV
[19:10:55] [297/326] STCV
[19:10:55] [298/326] SRDA
[19:10:57] [299/326] JTSX
[19:10:58] [300/326] STBV
[19:10:59] 🔄 Identity reset
[19:10:59] 🔄 Identity rotated (every 10 requests)
[19:10:59] [301/326] APVZ
[19:10:59] [302/326] GSTV
[19:11:00] [303/326] NMVS
[19:11:02] [304/326] SKRT
[19:11:03] [305/326] RMDV
[19:11:04] [306/326] RATG
[19:11:04] [307/326] SJYV
[19:11:05] [308/326] NDGP
[19:11:05] [309/326] SNDG
[19:11:07] [310/326] INSR
[19:11:08] 🔄 Identity reset
[19:11:08] 🔄 Identity rotated (every 10 requests)
[19:11:09] [311/326] INSO
[19:11:10] [312/326] CCSI
[19:11:11] [313/326] RASM
[19:11:12] [314/326] NEWC
[19:11:13] [315/326] VSHL
[19:11:13] [316/326] BISW
[19:11:14] [317/326] GCNG
[19:11:15] [318/326] CWSC
[19:11:16] [319/326] SKAN
[19:11:17] [320/326] CCOA
[19:11:18] 🔄 Identity reset
[19:11:18] 🔄 Identity rotated (every 10 requests)
[19:11:18] [321/326] MCAJ
[19:11:20] [322/326] ACDE
[19:11:21] [323/326] AACM
[19:11:22] [324/326] JJCK
[19:11:23] [325/326] RCMO
[19:11:23] [326/326] GDAW
[19:11:24] ✅ DONE | Shows=2440 | Movies=67
[20:05:39] 🚀 BMS DAILY TRACKER STARTED (enhanced anti‑detection)
[20:05:39] [1/326] VCHA
[20:05:40] 🧠 New identity created
[20:05:42] [2/326] SCKO
[20:05:43] [3/326] VKTK
[20:05:44] [4/326] DXEC
[20:05:45] [5/326] CDCA
[20:05:51] [6/326] VBCZ
[20:05:52] [7/326] MSDR
[20:05:53] [8/326] ACPV
[20:05:54] [9/326] PVHB
[20:05:55] [10/326] RCNH
[20:05:55] 🔄 Identity reset
[20:05:55] 🔄 Identity rotated (every 10 requests)
[20:05:56] [11/326] IOMH
[20:05:57] [12/326] ILKS
[20:05:58] [13/326] AMSN
[20:05:58] [14/326] ANTP
[20:05:59] [15/326] SSEK
[20:06:00] [16/326] PICP
[20:06:00] [17/326] SICO
[20:06:01] [18/326] SISP
[20:06:02] [19/326] SCPI
[20:06:03] [20/326] CRPR
[20:06:04] 🔄 Identity reset
[20:06:04] 🔄 Identity rotated (every 10 requests)
[20:06:04] [21/326] DCTW
[20:06:05] [22/326] DCSP
[20:06:06] [23/326] KRPM
[20:06:07] [24/326] THKK
[20:06:08] [25/326] SNMY
[20:06:09] [26/326] AKCC
[20:06:10] [27/326] PCAT
[20:06:10] [28/326] RFGO
[20:06:11] [29/326] GGCS
[20:06:12] [30/326] ACKR
[20:06:13] 🔄 Identity reset
[20:06:13] 🔄 Identity rotated (every 10 requests)
[20:06:13] [31/326] STDO
[20:06:14] [32/326] ACKB
[20:06:14] [33/326] ALUC
[20:06:15] [34/326] MNSR
[20:06:16] [35/326] CSSL
[20:06:17] [36/326] BGGM
[20:06:18] [37/326] MANT
[20:06:19] [38/326] SOOY
[20:06:20] [39/326] VPPK
[20:06:21] [40/326] MYHJ
[20:06:21] 🔄 Identity reset
[20:06:21] 🔄 Identity rotated (every 10 requests)
[20:06:22] [41/326] KSCK
[20:06:23] [42/326] KATK
[20:06:23] [43/326] RTRT
[20:06:24] [44/326] SSTT
[20:06:26] [45/326] SSTV
[20:06:26] [46/326] LACM
[20:06:27] [47/326] SGMG
[20:06:28] [48/326] KACX
[20:06:29] [49/326] GVCP
[20:06:29] [50/326] CSNC
[20:06:30] 🔄 Identity reset
[20:06:30] 🔄 Identity rotated (every 10 requests)
[20:06:30] [51/326] SXCB
[20:06:31] [52/326] BAHS
[20:06:32] [53/326] PCBI
[20:06:33] [54/326] PSSM
[20:06:34] [55/326] RCOK
[20:06:35] [56/326] SCPF
[20:06:36] [57/326] SSAS
[20:06:37] [58/326] EVMM
[20:06:37] [59/326] SYCB
[20:06:38] [60/326] GCKI
[20:06:39] 🔄 Identity reset
[20:06:39] 🔄 Identity rotated (every 10 requests)
[20:06:39] [61/326] IAET
[20:06:40] [62/326] DDTD
[20:06:40] [63/326] GMDH
[20:06:41] [64/326] STLE
[20:06:42] [65/326] JTRA
[20:06:43] [66/326] RPPA
[20:06:44] [67/326] ARUT
[20:06:45] [68/326] JTVM
[20:06:45] [69/326] SWRH
[20:06:46] [70/326] DCPC
[20:06:47] 🔄 Identity reset
[20:06:47] 🔄 Identity rotated (every 10 requests)
[20:06:47] [71/326] RAPR
[20:06:48] [72/326] GCRT
[20:06:48] [73/326] ATUN
[20:06:49] [74/326] LTRM
[20:06:50] [75/326] TASR
[20:06:51] [76/326] RLLC
[20:06:52] [77/326] MABI
[20:06:53] [78/326] SVHB
[20:06:53] [79/326] NVTB
[20:06:54] [80/326] KCKG
[20:06:55] 🔄 Identity reset
[20:06:55] 🔄 Identity rotated (every 10 requests)
[20:06:55] 🔄 Retry 1/5 for KCKG in 2.8s
[20:06:55] 🔄 Identity reset
[20:06:58] 🧠 New identity created
[20:06:58] [81/326] SSRN
[20:06:59] [82/326] VDDC
[20:07:00] [83/326] GKTK
[20:07:01] [84/326] YFSN
[20:07:02] [85/326] GCSG
[20:07:03] [86/326] ESSM
[20:07:04] [87/326] KRIH
[20:07:04] [88/326] GCDS
[20:07:05] [89/326] CCSH
[20:07:05] 🔄 Identity reset
[20:07:05] 🔄 Identity rotated (every 10 requests)
[20:07:05] 🔄 Retry 1/5 for CCSH in 2.6s
[20:07:05] 🔄 Identity reset
[20:07:08] 🧠 New identity created
[20:07:08] [90/326] ACSK
[20:07:09] [91/326] APRK
[20:07:10] [92/326] ADKM
[20:07:10] [93/326] SRDM
[20:07:12] [94/326] SJMY
[20:07:12] [95/326] PGGC
[20:07:13] [96/326] INGM
[20:07:14] [97/326] LSCB
[20:07:15] [98/326] STAD
[20:07:15] 🔄 Identity reset
[20:07:15] 🔄 Identity rotated (every 10 requests)
[20:07:16] [99/326] MCCR
[20:07:17] [100/326] ABCC
[20:07:18] [101/326] RKCC
[20:07:19] [102/326] RTCR
[20:07:20] [103/326] GGBC
[20:07:20] [104/326] GCSD
[20:07:21] [105/326] LPTY
[20:07:22] [106/326] MCFD
[20:07:22] [107/326] HENN
[20:07:23] [108/326] SMKU
[20:07:24] 🔄 Identity reset
[20:07:24] 🔄 Identity rotated (every 10 requests)
[20:07:24] [109/326] TNZC
[20:07:25] [110/326] DRCD
[20:07:26] [111/326] DLCD
[20:07:27] [112/326] RCDA
[20:07:28] [113/326] COSM
[20:07:28] [114/326] MCMJ
[20:07:29] [115/326] CSTR
[20:07:30] [116/326] CVDK
[20:07:30] [117/326] INRR
[20:07:31] [118/326] RJRT
[20:07:31] 🔄 Identity reset
[20:07:31] 🔄 Identity rotated (every 10 requests)
[20:07:32] [119/326] IRMR
[20:07:32] [120/326] SRCF
[20:07:33] [121/326] GRCR
[20:07:34] [122/326] SURC
[20:07:35] [123/326] NMNH
[20:07:36] [124/326] SVBL
[20:07:37] [125/326] KACI
[20:07:37] [126/326] TDGO
[20:07:38] [127/326] KTBR
[20:07:39] [128/326] PMAD
[20:07:40] 🔄 Identity reset
[20:07:40] 🔄 Identity rotated (every 10 requests)
[20:07:40] [129/326] CCPN
[20:07:40] [130/326] SBTK
[20:07:41] [131/326] LMDK
[20:07:42] [132/326] PGDA
[20:07:43] [133/326] SRML
[20:07:45] [134/326] EVCK
[20:07:45] [135/326] RTTK
[20:07:46] [136/326] SRTU
[20:07:48] [137/326] VRSA
[20:07:49] [138/326] VARS
[20:07:50] 🔄 Identity reset
[20:07:50] 🔄 Identity rotated (every 10 requests)
[20:07:50] [139/326] DSCZ
[20:07:51] [140/326] GAGA
[20:07:51] [141/326] SARV
[20:07:52] [142/326] SEEG
[20:07:53] [143/326] GLCA
[20:07:54] [144/326] APAS
[20:07:55] [145/326] VCIA
[20:07:56] [146/326] SJTA
[20:07:57] [147/326] SABM
[20:07:57] [148/326] PPAG
[20:07:58] 🔄 Identity reset
[20:07:58] 🔄 Identity rotated (every 10 requests)
[20:07:58] [149/326] RVCA
[20:07:59] [150/326] CCIA
[20:08:00] [151/326] HTAG
[20:08:01] [152/326] SMBI
[20:08:02] [153/326] MCJR
[20:08:02] [154/326] CCJR
[20:08:03] [155/326] SINF
[20:08:04] [156/326] CPLX
[20:08:04] [157/326] KKTJ
[20:08:05] [158/326] GDBW
[20:08:06] 🔄 Identity reset
[20:08:06] 🔄 Identity rotated (every 10 requests)
[20:08:06] [159/326] CSUB
[20:08:07] [160/326] DABA
[20:08:07] [161/326] TITR
[20:08:08] [162/326] NYCR
[20:08:09] [163/326] RTRY
[20:08:10] [164/326] JTJL
[20:08:10] [165/326] SJCP
[20:08:12] [166/326] KCCA
[20:08:12] [167/326] MLPG
[20:08:13] [168/326] VRCK
[20:08:13] 🔄 Identity reset
[20:08:13] 🔄 Identity rotated (every 10 requests)
[20:08:14] [169/326] SRIN
[20:08:14] [170/326] CXMK
[20:08:16] [171/326] SKAD
[20:08:17] [172/326] AVTR
[20:08:19] [173/326] PTAJ
[20:08:20] [174/326] SCNK
[20:08:20] [175/326] STTI
[20:08:21] [176/326] KACR
[20:08:22] [177/326] SSDX
[20:08:22] [178/326] VRTJ
[20:08:23] 🔄 Identity reset
[20:08:23] 🔄 Identity rotated (every 10 requests)
[20:08:23] [179/326] RAJD
[20:08:24] [180/326] SCIP
[20:08:25] [181/326] RJSL
[20:08:26] [182/326] ARRS
[20:08:27] [183/326] ASMS
[20:08:28] [184/326] RDTS
[20:08:29] [185/326] DVMY
[20:08:30] [186/326] RASA
[20:08:31] [187/326] INOM
[20:08:31] [188/326] SPRS
[20:08:32] 🔄 Identity reset
[20:08:32] 🔄 Identity rotated (every 10 requests)
[20:08:32] [189/326] SGCS
[20:08:34] [190/326] SALM
[20:08:34] [191/326] PKHC
[20:08:35] [192/326] RCSV
[20:08:36] [193/326] CPKC
[20:08:36] [194/326] AACD
[20:08:37] [195/326] GGCV
[20:08:38] [196/326] SMKD
[20:08:39] [197/326] NBCH
[20:08:39] [198/326] AMCB
[20:08:40] 🔄 Identity reset
[20:08:40] 🔄 Identity rotated (every 10 requests)
[20:08:41] [199/326] OPCN
[20:08:41] [200/326] DCIN
[20:08:42] [201/326] INGW
[20:08:42] [202/326] PKKW
[20:08:43] [203/326] FNGW
[20:08:44] [204/326] GCGD
[20:08:45] [205/326] MSTW
[20:08:45] [206/326] KCCG
[20:08:46] [207/326] MRSS
[20:08:47] [208/326] CLCF
[20:08:47] 🔄 Identity reset
[20:08:47] 🔄 Identity rotated (every 10 requests)
[20:08:47] 🔄 Retry 1/5 for CLCF in 2.3s
[20:08:47] 🔄 Identity reset
[20:08:50] 🧠 New identity created
[20:08:50] [209/326] EETS
[20:08:51] [210/326] AATR
[20:08:52] [211/326] CMMN
[20:08:53] [212/326] SCCJ
[20:08:54] [213/326] CDTK
[20:08:55] [214/326] AICP
[20:08:56] [215/326] FNBP
[20:08:56] [216/326] CBPB
[20:08:57] [217/326] CPAS
[20:08:58] 🔄 Identity reset
[20:08:58] 🔄 Identity rotated (every 10 requests)
[20:08:58] [218/326] MAPM
[20:08:59] [219/326] PASD
[20:08:59] [220/326] JCMN
[20:09:00] [221/326] MALB
[20:09:01] [222/326] SACG
[20:09:01] [223/326] DDRX
[20:09:02] [224/326] DDXB
[20:09:03] [225/326] RAMC
[20:09:03] [226/326] SANC
[20:09:04] [227/326] BCBP
[20:09:04] 🔄 Identity reset
[20:09:04] 🔄 Identity rotated (every 10 requests)
[20:09:05] [228/326] ALPC
[20:09:06] [229/326] RBAC
[20:09:07] [230/326] RAJL
[20:09:08] [231/326] MPDX
[20:09:09] [232/326] MUSC
[20:09:09] [233/326] VKMK
[20:09:11] [234/326] SKCG
[20:09:12] [235/326] ANCN
[20:09:13] [236/326] MMCJ
[20:09:14] [237/326] DCAK
[20:09:15] 🔄 Identity reset
[20:09:15] 🔄 Identity rotated (every 10 requests)
[20:09:15] [238/326] SCKG
[20:09:15] [239/326] LMCK
[20:09:16] [240/326] CKKX
[20:09:17] [241/326] ANKU
[20:09:18] [242/326] CSMD
[20:09:20] [243/326] MKMP
[20:09:20] [244/326] SVBG
[20:09:21] [245/326] ROOP
[20:09:22] [246/326] GDMT
[20:09:22] [247/326] FPPF
[20:09:23] 🔄 Identity reset
[20:09:23] 🔄 Identity rotated (every 10 requests)
[20:09:23] [248/326] SFUU
[20:09:24] [249/326] ANCB
[20:09:25] [250/326] SMMC
[20:09:25] [251/326] UGKT
[20:09:26] [252/326] JVRM
[20:09:27] [253/326] BATG
[20:09:28] [254/326] RATE
[20:09:28] [255/326] SKME
[20:09:29] [256/326] LMTP
[20:09:30] [257/326] TCBD
[20:09:30] 🔄 Identity reset
[20:09:30] 🔄 Identity rotated (every 10 requests)
[20:09:30] 🔄 Retry 1/5 for TCBD in 2.5s
[20:09:30] 🔄 Identity reset
[20:09:33] 🧠 New identity created
[20:09:33] 🔄 Retry 2/5 for TCBD in 4.9s
[20:09:33] 🔄 Identity reset
[20:09:38] 🧠 New identity created
[20:09:38] [258/326] ESBD
[20:09:39] [259/326] GDCU
[20:09:39] [260/326] SNKT
[20:09:40] [261/326] SRNK
[20:09:41] [262/326] SMED
[20:09:42] [263/326] CSQS
[20:09:43] [264/326] ALCS
[20:09:44] [265/326] KCKN
[20:09:44] 🔄 Identity reset
[20:09:44] 🔄 Identity rotated (every 10 requests)
[20:09:44] [266/326] VCCL
[20:09:45] [267/326] MCDA
[20:09:46] [268/326] SHMI
[20:09:47] [269/326] SKHA
[20:09:48] [270/326] SVFK
[20:09:48] [271/326] INVB
[20:09:49] [272/326] MELD
[20:09:50] [273/326] JTYS
[20:09:50] [274/326] INCM
[20:09:51] [275/326] MCDV
[20:09:52] 🔄 Identity reset
[20:09:52] 🔄 Identity rotated (every 10 requests)
[20:09:52] [276/326] KSGK
[20:09:52] [277/326] ICMG
[20:09:53] [278/326] CSCV
[20:09:54] [279/326] STMD
[20:09:55] [280/326] STTR
[20:09:55] [281/326] INVC
[20:09:56] [282/326] JTBL
[20:09:56] [283/326] SRVV
[20:09:57] [284/326] MAVC
[20:09:58] [285/326] SRPP
[20:09:58] 🔄 Identity reset
[20:09:58] 🔄 Identity rotated (every 10 requests)
[20:09:58] [286/326] JGDM
[20:09:59] [287/326] MBSJ
[20:10:00] [288/326] SSLL
[20:10:00] [289/326] SLKP
[20:10:01] [290/326] NSRV
[20:10:02] [291/326] UTDV
[20:10:02] [292/326] KICM
[20:10:03] [293/326] KCMD
[20:10:04] [294/326] TTPP
[20:10:04] [295/326] KMPV
[20:10:05] 🔄 Identity reset
[20:10:05] 🔄 Identity rotated (every 10 requests)
[20:10:06] [296/326] SKTV
[20:10:06] [297/326] STCV
[20:10:07] [298/326] SRDA
[20:10:08] [299/326] JTSX
[20:10:09] [300/326] STBV
[20:10:10] [301/326] APVZ
[20:10:10] [302/326] GSTV
[20:10:11] [303/326] NMVS
[20:10:12] [304/326] SKRT
[20:10:12] [305/326] RMDV
[20:10:13] 🔄 Identity reset
[20:10:13] 🔄 Identity rotated (every 10 requests)
[20:10:14] [306/326] RATG
[20:10:14] [307/326] SJYV
[20:10:15] [308/326] NDGP
[20:10:16] [309/326] SNDG
[20:10:17] [310/326] INSR
[20:10:18] [311/326] INSO
[20:10:19] [312/326] CCSI
[20:10:20] [313/326] RASM
[20:10:21] [314/326] NEWC
[20:10:22] [315/326] VSHL
[20:10:22] 🔄 Identity reset
[20:10:22] 🔄 Identity rotated (every 10 requests)
[20:10:22] [316/326] BISW
[20:10:23] [317/326] GCNG
[20:10:24] [318/326] CWSC
[20:10:25] [319/326] SKAN
[20:10:26] [320/326] CCOA
[20:10:27] [321/326] MCAJ
[20:10:28] [322/326] ACDE
[20:10:29] [323/326] AACM
[20:10:29] [324/326] JJCK
[20:10:30] [325/326] RCMO
[20:10:31] 🔄 Identity reset
[20:10:31] 🔄 Identity rotated (every 10 requests)
[20:10:31] [326/326] GDAW
[20:10:32] ✅ DONE | Shows=2540 | Movies=67
[21:07:19] 🚀 BMS DAILY TRACKER STARTED (enhanced anti‑detection)
[21:07:19] [1/326] VCHA
[21:07:19] 🧠 New identity created
[21:07:20] [2/326] SCKO
[21:07:21] [3/326] VKTK
[21:07:22] [4/326] DXEC
[21:07:23] [5/326] CDCA
[21:07:24] [6/326] VBCZ
[21:07:25] [7/326] MSDR
[21:07:25] [8/326] ACPV
[21:07:26] [9/326] PVHB
[21:07:27] [10/326] RCNH
[21:07:28] 🔄 Identity reset
[21:07:28] 🔄 Identity rotated (every 10 requests)
[21:07:28] [11/326] IOMH
[21:07:30] [12/326] ILKS
[21:07:31] [13/326] AMSN
[21:07:31] [14/326] ANTP
[21:07:32] [15/326] SSEK
[21:07:33] [16/326] PICP
[21:07:34] [17/326] SICO
[21:07:35] [18/326] SISP
[21:07:36] [19/326] SCPI
[21:07:38] [20/326] CRPR
[21:07:38] 🔄 Identity reset
[21:07:38] 🔄 Identity rotated (every 10 requests)
[21:07:39] [21/326] DCTW
[21:07:39] [22/326] DCSP
[21:07:40] [23/326] KRPM
[21:07:41] [24/326] THKK
[21:07:42] [25/326] SNMY
[21:07:44] [26/326] AKCC
[21:07:45] [27/326] PCAT
[21:07:46] [28/326] RFGO
[21:07:47] [29/326] GGCS
[21:07:48] [30/326] ACKR
[21:07:48] 🔄 Identity reset
[21:07:48] 🔄 Identity rotated (every 10 requests)
[21:07:49] [31/326] STDO
[21:07:50] [32/326] ACKB
[21:07:51] [33/326] ALUC
[21:07:52] [34/326] MNSR
[21:07:53] [35/326] CSSL
[21:07:54] [36/326] BGGM
[21:07:55] [37/326] MANT
[21:07:56] [38/326] SOOY
[21:07:57] [39/326] VPPK
[21:07:58] [40/326] MYHJ
[21:07:59] 🔄 Identity reset
[21:07:59] 🔄 Identity rotated (every 10 requests)
[21:07:59] [41/326] KSCK
[21:08:00] [42/326] KATK
[21:08:01] [43/326] RTRT
[21:08:02] [44/326] SSTT
[21:08:04] [45/326] SSTV
[21:08:05] [46/326] LACM
[21:08:05] [47/326] SGMG
[21:08:06] [48/326] KACX
[21:08:07] [49/326] GVCP
[21:08:08] [50/326] CSNC
[21:08:09] 🔄 Identity reset
[21:08:09] 🔄 Identity rotated (every 10 requests)
[21:08:09] [51/326] SXCB
[21:08:10] [52/326] BAHS
[21:08:11] [53/326] PCBI
[21:08:12] [54/326] PSSM
[21:08:13] [55/326] RCOK
[21:08:14] [56/326] SCPF
[21:08:15] [57/326] SSAS
[21:08:16] [58/326] EVMM
[21:08:17] [59/326] SYCB
[21:08:18] [60/326] GCKI
[21:08:19] 🔄 Identity reset
[21:08:19] 🔄 Identity rotated (every 10 requests)
[21:08:19] [61/326] IAET
[21:08:20] [62/326] DDTD
[21:08:22] [63/326] GMDH
[21:08:23] [64/326] STLE
[21:08:24] [65/326] JTRA
[21:08:25] [66/326] RPPA
[21:08:26] [67/326] ARUT
[21:08:27] [68/326] JTVM
[21:08:28] [69/326] SWRH
[21:08:29] [70/326] DCPC
[21:08:30] 🔄 Identity reset
[21:08:30] 🔄 Identity rotated (every 10 requests)
[21:08:30] [71/326] RAPR
[21:08:32] [72/326] GCRT
[21:08:33] [73/326] ATUN
[21:08:34] [74/326] LTRM
[21:08:36] [75/326] TASR
[21:08:37] [76/326] RLLC
[21:08:38] [77/326] MABI
[21:08:39] [78/326] SVHB
[21:08:39] [79/326] NVTB
[21:08:40] [80/326] KCKG
[21:08:41] 🔄 Identity reset
[21:08:41] 🔄 Identity rotated (every 10 requests)
[21:08:41] [81/326] SSRN
[21:08:42] [82/326] VDDC
[21:08:43] [83/326] GKTK
[21:08:44] [84/326] YFSN
[21:08:45] [85/326] GCSG
[21:08:47] [86/326] ESSM
[21:08:48] [87/326] KRIH
[21:08:49] [88/326] GCDS
[21:08:49] [89/326] CCSH
[21:08:51] [90/326] ACSK
[21:08:51] 🔄 Identity reset
[21:08:51] 🔄 Identity rotated (every 10 requests)
[21:08:51] 🔄 Retry 1/5 for ACSK in 2.8s
[21:08:51] 🔄 Identity reset
[21:08:54] 🧠 New identity created
[21:08:55] [91/326] APRK
[21:08:55] [92/326] ADKM
[21:08:56] [93/326] SRDM
[21:08:57] [94/326] SJMY
[21:08:58] [95/326] PGGC
[21:08:59] [96/326] INGM
[21:09:01] [97/326] LSCB
[21:09:02] [98/326] STAD
[21:09:03] [99/326] MCCR
[21:09:04] 🔄 Identity reset
[21:09:04] 🔄 Identity rotated (every 10 requests)
[21:09:04] 🔄 Retry 1/5 for MCCR in 2.1s
[21:09:04] 🔄 Identity reset
[21:09:06] 🧠 New identity created
[21:09:06] [100/326] ABCC
[21:09:07] [101/326] RKCC
[21:09:08] [102/326] RTCR
[21:09:09] [103/326] GGBC
[21:09:10] [104/326] GCSD
[21:09:11] [105/326] LPTY
[21:09:12] [106/326] MCFD
[21:09:14] [107/326] HENN
[21:09:15] [108/326] SMKU
[21:09:15] 🔄 Identity reset
[21:09:15] 🔄 Identity rotated (every 10 requests)
[21:09:15] [109/326] TNZC
[21:09:17] [110/326] DRCD
[21:09:18] [111/326] DLCD
[21:09:19] [112/326] RCDA
[21:09:20] [113/326] COSM
[21:09:21] [114/326] MCMJ
[21:09:23] [115/326] CSTR
[21:09:24] [116/326] CVDK
[21:09:24] [117/326] INRR
[21:09:25] [118/326] RJRT
[21:09:26] 🔄 Identity reset
[21:09:26] 🔄 Identity rotated (every 10 requests)
[21:09:26] 🔄 Retry 1/5 for RJRT in 2.8s
[21:09:26] 🔄 Identity reset
[21:09:29] 🧠 New identity created
[21:09:29] 🔄 Retry 2/5 for RJRT in 4.1s
[21:09:29] 🔄 Identity reset
[21:09:33] 🧠 New identity created
[21:09:34] [119/326] IRMR
[21:09:35] [120/326] SRCF
[21:09:35] [121/326] GRCR
[21:09:36] [122/326] SURC
[21:09:37] [123/326] NMNH
[21:09:38] [124/326] SVBL
[21:09:39] [125/326] KACI
[21:09:40] [126/326] TDGO
[21:09:41] 🔄 Identity reset
[21:09:41] 🔄 Identity rotated (every 10 requests)
[21:09:41] [127/326] KTBR
[21:09:42] [128/326] PMAD
[21:09:43] [129/326] CCPN
[21:09:44] [130/326] SBTK
[21:09:45] [131/326] LMDK
[21:09:45] [132/326] PGDA
[21:09:46] [133/326] SRML
[21:09:47] [134/326] EVCK
[21:09:48] [135/326] RTTK
[21:09:49] [136/326] SRTU
[21:09:50] 🔄 Identity reset
[21:09:50] 🔄 Identity rotated (every 10 requests)
[21:09:50] [137/326] VRSA
[21:09:51] [138/326] VARS
[21:09:52] [139/326] DSCZ
[21:09:54] [140/326] GAGA
[21:09:54] [141/326] SARV
[21:09:55] [142/326] SEEG
[21:09:56] [143/326] GLCA
[21:09:57] [144/326] APAS
[21:09:58] [145/326] VCIA
[21:10:00] [146/326] SJTA
[21:10:00] 🔄 Identity reset
[21:10:00] 🔄 Identity rotated (every 10 requests)
[21:10:01] [147/326] SABM
[21:10:02] [148/326] PPAG
[21:10:03] [149/326] RVCA
[21:10:04] [150/326] CCIA
[21:10:04] [151/326] HTAG
[21:10:05] [152/326] SMBI
[21:10:06] [153/326] MCJR
[21:10:07] [154/326] CCJR
[21:10:08] [155/326] SINF
[21:10:09] [156/326] CPLX
[21:10:10] 🔄 Identity reset
[21:10:10] 🔄 Identity rotated (every 10 requests)
[21:10:10] 🔄 Retry 1/5 for CPLX in 2.4s
[21:10:10] 🔄 Identity reset
[21:10:12] 🧠 New identity created
[21:10:13] [157/326] KKTJ
[21:10:14] [158/326] GDBW
[21:10:15] [159/326] CSUB
[21:10:16] [160/326] DABA
[21:10:17] [161/326] TITR
[21:10:18] [162/326] NYCR
[21:10:19] [163/326] RTRY
[21:10:20] [164/326] JTJL
[21:10:21] [165/326] SJCP
[21:10:21] 🔄 Identity reset
[21:10:21] 🔄 Identity rotated (every 10 requests)
[21:10:22] [166/326] KCCA
[21:10:23] [167/326] MLPG
[21:10:24] [168/326] VRCK
[21:10:25] [169/326] SRIN
[21:10:26] [170/326] CXMK
[21:10:27] [171/326] SKAD
[21:10:28] [172/326] AVTR
[21:10:28] [173/326] PTAJ
[21:10:29] [174/326] SCNK
[21:10:30] [175/326] STTI
[21:10:31] 🔄 Identity reset
[21:10:31] 🔄 Identity rotated (every 10 requests)
[21:10:31] [176/326] KACR
[21:10:32] [177/326] SSDX
[21:10:33] [178/326] VRTJ
[21:10:34] [179/326] RAJD
[21:10:35] [180/326] SCIP
[21:10:36] [181/326] RJSL
[21:10:36] [182/326] ARRS
[21:10:37] [183/326] ASMS
[21:10:38] [184/326] RDTS
[21:10:40] [185/326] DVMY
[21:10:40] 🔄 Identity reset
[21:10:40] 🔄 Identity rotated (every 10 requests)
[21:10:41] [186/326] RASA
[21:10:42] [187/326] INOM
[21:10:42] [188/326] SPRS
[21:10:43] [189/326] SGCS
[21:10:44] [190/326] SALM
[21:10:45] [191/326] PKHC
[21:10:46] [192/326] RCSV
[21:10:48] [193/326] CPKC
[21:10:49] [194/326] AACD
[21:10:50] [195/326] GGCV
[21:10:50] 🔄 Identity reset
[21:10:50] 🔄 Identity rotated (every 10 requests)
[21:10:51] [196/326] SMKD
[21:10:52] [197/326] NBCH
[21:10:53] [198/326] AMCB
[21:10:53] [199/326] OPCN
[21:10:54] [200/326] DCIN
[21:10:55] [201/326] INGW
[21:10:56] [202/326] PKKW
[21:10:57] [203/326] FNGW
[21:10:58] [204/326] GCGD
[21:10:59] [205/326] MSTW
[21:11:00] 🔄 Identity reset
[21:11:00] 🔄 Identity rotated (every 10 requests)
[21:11:00] 🔄 Retry 1/5 for MSTW in 3.0s
[21:11:00] 🔄 Identity reset
[21:11:03] 🧠 New identity created
[21:11:03] [206/326] KCCG
[21:11:04] [207/326] MRSS
[21:11:05] [208/326] CLCF
[21:11:06] [209/326] EETS
[21:11:07] [210/326] AATR
[21:11:08] [211/326] CMMN
[21:11:09] [212/326] SCCJ
[21:11:10] [213/326] CDTK
[21:11:11] [214/326] AICP
[21:11:12] 🔄 Identity reset
[21:11:12] 🔄 Identity rotated (every 10 requests)
[21:11:12] 🔄 Retry 1/5 for AICP in 2.6s
[21:11:12] 🔄 Identity reset
[21:11:14] 🧠 New identity created
[21:11:15] [215/326] FNBP
[21:11:17] [216/326] CBPB
[21:11:18] [217/326] CPAS
[21:11:18] [218/326] MAPM
[21:11:19] [219/326] PASD
[21:11:20] [220/326] JCMN
[21:11:21] [221/326] MALB
[21:11:23] [222/326] SACG
[21:11:25] [223/326] DDRX
[21:11:25] 🔄 Identity reset
[21:11:25] 🔄 Identity rotated (every 10 requests)
[21:11:26] [224/326] DDXB
[21:11:27] [225/326] RAMC
[21:11:28] [226/326] SANC
[21:11:28] [227/326] BCBP
[21:11:29] [228/326] ALPC
[21:11:30] [229/326] RBAC
[21:11:31] [230/326] RAJL
[21:11:32] [231/326] MPDX
[21:11:33] [232/326] MUSC
[21:11:34] [233/326] VKMK
[21:11:35] 🔄 Identity reset
[21:11:35] 🔄 Identity rotated (every 10 requests)
[21:11:35] [234/326] SKCG
[21:11:36] [235/326] ANCN
[21:11:37] [236/326] MMCJ
[21:11:38] [237/326] DCAK
[21:11:39] [238/326] SCKG
[21:11:40] [239/326] LMCK
[21:11:41] [240/326] CKKX
[21:11:42] [241/326] ANKU
[21:11:43] [242/326] CSMD
[21:11:44] [243/326] MKMP
[21:11:44] 🔄 Identity reset
[21:11:44] 🔄 Identity rotated (every 10 requests)
[21:11:45] [244/326] SVBG
[21:11:46] [245/326] ROOP
[21:11:47] [246/326] GDMT
[21:11:48] [247/326] FPPF
[21:11:48] [248/326] SFUU
[21:11:49] [249/326] ANCB
[21:11:50] [250/326] SMMC
[21:11:51] [251/326] UGKT
[21:11:52] [252/326] JVRM
[21:11:53] [253/326] BATG
[21:11:53] 🔄 Identity reset
[21:11:53] 🔄 Identity rotated (every 10 requests)
[21:11:54] 🔄 Retry 1/5 for BATG in 2.8s
[21:11:54] 🔄 Identity reset
[21:11:56] 🧠 New identity created
[21:11:57] [254/326] RATE
[21:11:58] [255/326] SKME
[21:11:59] [256/326] LMTP
[21:12:00] [257/326] TCBD
[21:12:01] [258/326] ESBD
[21:12:02] [259/326] GDCU
[21:12:03] [260/326] SNKT
[21:12:04] [261/326] SRNK
[21:12:05] [262/326] SMED
[21:12:06] 🔄 Identity reset
[21:12:06] 🔄 Identity rotated (every 10 requests)
[21:12:06] [263/326] CSQS
[21:12:07] [264/326] ALCS
[21:12:08] [265/326] KCKN
[21:12:09] [266/326] VCCL
[21:12:10] [267/326] MCDA
[21:12:11] [268/326] SHMI
[21:12:12] [269/326] SKHA
[21:12:12] [270/326] SVFK
[21:12:13] [271/326] INVB
[21:12:14] [272/326] MELD
[21:12:15] 🔄 Identity reset
[21:12:15] 🔄 Identity rotated (every 10 requests)
[21:12:15] [273/326] JTYS
[21:12:16] [274/326] INCM
[21:12:17] [275/326] MCDV
[21:12:18] [276/326] KSGK
[21:12:19] [277/326] ICMG
[21:12:20] [278/326] CSCV
[21:12:21] [279/326] STMD
[21:12:22] [280/326] STTR
[21:12:23] [281/326] INVC
[21:12:24] [282/326] JTBL
[21:12:24] 🔄 Identity reset
[21:12:25] 🔄 Identity rotated (every 10 requests)
[21:12:25] [283/326] SRVV
[21:12:26] [284/326] MAVC
[21:12:27] [285/326] SRPP
[21:12:28] [286/326] JGDM
[21:12:29] [287/326] MBSJ
[21:12:30] [288/326] SSLL
[21:12:31] [289/326] SLKP
[21:12:31] [290/326] NSRV
[21:12:32] [291/326] UTDV
[21:12:33] [292/326] KICM
[21:12:34] 🔄 Identity reset
[21:12:34] 🔄 Identity rotated (every 10 requests)
[21:12:34] [293/326] KCMD
[21:12:35] [294/326] TTPP
[21:12:37] [295/326] KMPV
[21:12:38] [296/326] SKTV
[21:12:39] [297/326] STCV
[21:12:40] [298/326] SRDA
[21:12:40] [299/326] JTSX
[21:12:42] [300/326] STBV
[21:12:42] [301/326] APVZ
[21:12:43] [302/326] GSTV
[21:12:44] 🔄 Identity reset
[21:12:44] 🔄 Identity rotated (every 10 requests)
[21:12:44] 🔄 Retry 1/5 for GSTV in 2.5s
[21:12:44] 🔄 Identity reset
[21:12:47] 🧠 New identity created
[21:12:47] [303/326] NMVS
[21:12:48] [304/326] SKRT
[21:12:49] [305/326] RMDV
[21:12:50] [306/326] RATG
[21:12:51] [307/326] SJYV
[21:12:52] [308/326] NDGP
[21:12:53] [309/326] SNDG
[21:12:54] [310/326] INSR
[21:12:55] [311/326] INSO
[21:12:55] 🔄 Identity reset
[21:12:55] 🔄 Identity rotated (every 10 requests)
[21:12:56] 🔄 Retry 1/5 for INSO in 2.4s
[21:12:56] 🔄 Identity reset
[21:12:58] 🧠 New identity created
[21:12:58] [312/326] CCSI
[21:12:59] [313/326] RASM
[21:13:00] [314/326] NEWC
[21:13:01] [315/326] VSHL
[21:13:02] [316/326] BISW
[21:13:03] [317/326] GCNG
[21:13:04] [318/326] CWSC
[21:13:05] [319/326] SKAN
[21:13:06] [320/326] CCOA
[21:13:06] 🔄 Identity reset
[21:13:06] 🔄 Identity rotated (every 10 requests)
[21:13:07] [321/326] MCAJ
[21:13:08] [322/326] ACDE
[21:13:09] [323/326] AACM
[21:13:10] [324/326] JJCK
[21:13:11] [325/326] RCMO
[21:13:12] [326/326] GDAW
[21:13:13] ✅ DONE | Shows=2561 | Movies=67
[22:07:14] 🚀 BMS DAILY TRACKER STARTED (enhanced anti‑detection)
[22:07:14] [1/326] VCHA
[22:07:15] 🧠 New identity created
[22:07:15] [2/326] SCKO
[22:07:17] [3/326] VKTK
[22:07:18] [4/326] DXEC
[22:07:19] [5/326] CDCA
[22:07:20] [6/326] VBCZ
[22:07:21] [7/326] MSDR
[22:07:22] [8/326] ACPV
[22:07:23] [9/326] PVHB
[22:07:24] [10/326] RCNH
[22:07:24] 🔄 Identity reset
[22:07:24] 🔄 Identity rotated (every 10 requests)
[22:07:24] 🔄 Retry 1/5 for RCNH in 2.6s
[22:07:24] 🔄 Identity reset
[22:07:27] 🧠 New identity created
[22:07:27] 🔄 Retry 2/5 for RCNH in 4.1s
[22:07:27] 🔄 Identity reset
[22:07:31] 🧠 New identity created
[22:07:32] [11/326] IOMH
[22:07:32] [12/326] ILKS
[22:07:33] [13/326] AMSN
[22:07:35] [14/326] ANTP
[22:07:36] [15/326] SSEK
[22:07:37] [16/326] PICP
[22:07:38] [17/326] SICO
[22:07:39] [18/326] SISP
[22:07:39] 🔄 Identity reset
[22:07:39] 🔄 Identity rotated (every 10 requests)
[22:07:39] 🔄 Retry 1/5 for SISP in 2.3s
[22:07:39] 🔄 Identity reset
[22:07:42] 🧠 New identity created
[22:07:42] [19/326] SCPI
[22:07:43] [20/326] CRPR
[22:07:44] [21/326] DCTW
[22:07:45] [22/326] DCSP
[22:07:46] [23/326] KRPM
[22:07:47] [24/326] THKK
[22:07:48] [25/326] SNMY
[22:07:49] [26/326] AKCC
[22:07:50] [27/326] PCAT
[22:07:50] 🔄 Identity reset
[22:07:50] 🔄 Identity rotated (every 10 requests)
[22:07:51] [28/326] RFGO
[22:07:52] [29/326] GGCS
[22:07:52] [30/326] ACKR
[22:07:53] [31/326] STDO
[22:07:54] [32/326] ACKB
[22:07:55] [33/326] ALUC
[22:07:56] [34/326] MNSR
[22:07:58] [35/326] CSSL
[22:07:59] [36/326] BGGM
[22:07:59] [37/326] MANT
[22:08:00] 🔄 Identity reset
[22:08:00] 🔄 Identity rotated (every 10 requests)
[22:08:00] 🔄 Retry 1/5 for MANT in 2.4s
[22:08:00] 🔄 Identity reset
[22:08:03] 🧠 New identity created
[22:08:03] 🔄 Retry 2/5 for MANT in 4.0s
[22:08:03] 🔄 Identity reset
[22:08:07] 🧠 New identity created
[22:08:07] 🔄 Retry 3/5 for MANT in 8.8s
[22:08:07] 🔄 Identity reset
[22:08:16] 🧠 New identity created
[22:08:16] 🔄 Retry 4/5 for MANT in 16.7s
[22:08:16] 🔄 Identity reset
[22:08:32] 🧠 New identity created
[22:08:33] ❌ MANT failed after 5 attempts
[22:08:33] 🔄 Identity reset
[22:08:33] ❌ MANT final failure | RuntimeError | HTTP 403
[22:08:33] [38/326] SOOY
[22:08:33] 🧠 New identity created
[22:08:34] [39/326] VPPK
[22:08:35] [40/326] MYHJ
[22:08:36] [41/326] KSCK
[22:08:36] [42/326] KATK
[22:08:37] [43/326] RTRT
[22:08:38] 🔄 Identity reset
[22:08:38] 🔄 Identity rotated (every 10 requests)
[22:08:38] [44/326] SSTT
[22:08:39] [45/326] SSTV
[22:08:40] [46/326] LACM
[22:08:42] [47/326] SGMG
[22:08:42] [48/326] KACX
[22:08:43] [49/326] GVCP
[22:08:44] [50/326] CSNC
[22:08:45] [51/326] SXCB
[22:08:46] [52/326] BAHS
[22:08:48] [53/326] PCBI
[22:08:48] 🔄 Identity reset
[22:08:48] 🔄 Identity rotated (every 10 requests)
[22:08:49] [54/326] PSSM
[22:08:50] [55/326] RCOK
[22:08:51] [56/326] SCPF
[22:08:52] [57/326] SSAS
[22:08:53] [58/326] EVMM
[22:08:53] [59/326] SYCB
[22:08:54] [60/326] GCKI
[22:08:55] [61/326] IAET
[22:08:57] [62/326] DDTD
[22:08:57] [63/326] GMDH
[22:08:58] 🔄 Identity reset
[22:08:58] 🔄 Identity rotated (every 10 requests)
[22:08:58] [64/326] STLE
[22:09:00] [65/326] JTRA
[22:09:01] [66/326] RPPA
[22:09:02] [67/326] ARUT
[22:09:03] [68/326] JTVM
[22:09:04] [69/326] SWRH
[22:09:05] [70/326] DCPC
[22:09:06] [71/326] RAPR
[22:09:07] [72/326] GCRT
[22:09:08] [73/326] ATUN
[22:09:08] 🔄 Identity reset
[22:09:08] 🔄 Identity rotated (every 10 requests)
[22:09:09] [74/326] LTRM
[22:09:10] [75/326] TASR
[22:09:11] [76/326] RLLC
[22:09:12] [77/326] MABI
[22:09:13] [78/326] SVHB
[22:09:15] [79/326] NVTB
[22:09:16] [80/326] KCKG
[22:09:17] [81/326] SSRN
[22:09:18] [82/326] VDDC
[22:09:19] [83/326] GKTK
[22:09:19] 🔄 Identity reset
[22:09:19] 🔄 Identity rotated (every 10 requests)
[22:09:19] [84/326] YFSN
[22:09:20] [85/326] GCSG
[22:09:21] [86/326] ESSM
[22:09:22] [87/326] KRIH
[22:09:23] [88/326] GCDS
[22:09:24] [89/326] CCSH
[22:09:25] [90/326] ACSK
[22:09:26] [91/326] APRK
[22:09:27] [92/326] ADKM
[22:09:27] [93/326] SRDM
[22:09:28] 🔄 Identity reset
[22:09:28] 🔄 Identity rotated (every 10 requests)
[22:09:29] [94/326] SJMY
[22:09:30] [95/326] PGGC
[22:09:31] [96/326] INGM
[22:09:32] [97/326] LSCB
[22:09:33] [98/326] STAD
[22:09:34] [99/326] MCCR
[22:09:35] [100/326] ABCC
[22:09:36] [101/326] RKCC
[22:09:37] [102/326] RTCR
[22:09:38] [103/326] GGBC
[22:09:39] 🔄 Identity reset
[22:09:39] 🔄 Identity rotated (every 10 requests)
[22:09:39] [104/326] GCSD
[22:09:40] [105/326] LPTY
[22:09:41] [106/326] MCFD
[22:09:42] [107/326] HENN
[22:09:43] [108/326] SMKU
[22:09:44] [109/326] TNZC
[22:09:45] [110/326] DRCD
[22:09:46] [111/326] DLCD
[22:09:47] [112/326] RCDA
[22:09:47] [113/326] COSM
[22:09:48] 🔄 Identity reset
[22:09:48] 🔄 Identity rotated (every 10 requests)
[22:09:48] [114/326] MCMJ
[22:09:49] [115/326] CSTR
[22:09:50] [116/326] CVDK
[22:09:51] [117/326] INRR
[22:09:52] [118/326] RJRT
[22:09:54] [119/326] IRMR
[22:09:55] [120/326] SRCF
[22:09:56] [121/326] GRCR
[22:09:57] [122/326] SURC
[22:09:57] [123/326] NMNH
[22:09:58] 🔄 Identity reset
[22:09:58] 🔄 Identity rotated (every 10 requests)
[22:09:58] [124/326] SVBL
[22:09:59] [125/326] KACI
[22:10:00] [126/326] TDGO
[22:10:01] [127/326] KTBR
[22:10:02] [128/326] PMAD
[22:10:03] [129/326] CCPN
[22:10:04] [130/326] SBTK
[22:10:05] [131/326] LMDK
[22:10:06] [132/326] PGDA
[22:10:06] [133/326] SRML
[22:10:07] 🔄 Identity reset
[22:10:07] 🔄 Identity rotated (every 10 requests)
[22:10:07] 🔄 Retry 1/5 for SRML in 2.6s
[22:10:07] 🔄 Identity reset
[22:10:10] 🧠 New identity created
[22:10:10] 🔄 Retry 2/5 for SRML in 4.4s
[22:10:10] 🔄 Identity reset
[22:10:14] 🧠 New identity created
[22:10:15] [134/326] EVCK
[22:10:16] [135/326] RTTK
[22:10:16] [136/326] SRTU
[22:10:17] [137/326] VRSA
[22:10:19] [138/326] VARS
[22:10:20] [139/326] DSCZ
[22:10:22] [140/326] GAGA
[22:10:23] [141/326] SARV
[22:10:23] 🔄 Identity reset
[22:10:23] 🔄 Identity rotated (every 10 requests)
[22:10:24] [142/326] SEEG
[22:10:25] [143/326] GLCA
[22:10:26] [144/326] APAS
[22:10:27] [145/326] VCIA
[22:10:29] [146/326] SJTA
[22:10:30] [147/326] SABM
[22:10:31] [148/326] PPAG
[22:10:32] [149/326] RVCA
[22:10:33] [150/326] CCIA
[22:10:34] [151/326] HTAG
[22:10:34] 🔄 Identity reset
[22:10:34] 🔄 Identity rotated (every 10 requests)
[22:10:35] [152/326] SMBI
[22:10:36] [153/326] MCJR
[22:10:37] [154/326] CCJR
[22:10:37] [155/326] SINF
[22:10:38] [156/326] CPLX
[22:10:39] [157/326] KKTJ
[22:10:40] [158/326] GDBW
[22:10:41] [159/326] CSUB
[22:10:42] [160/326] DABA
[22:10:43] [161/326] TITR
[22:10:43] 🔄 Identity reset
[22:10:43] 🔄 Identity rotated (every 10 requests)
[22:10:44] [162/326] NYCR
[22:10:45] [163/326] RTRY
[22:10:46] [164/326] JTJL
[22:10:47] [165/326] SJCP
[22:10:48] [166/326] KCCA
[22:10:49] [167/326] MLPG
[22:10:49] [168/326] VRCK
[22:10:50] [169/326] SRIN
[22:10:51] [170/326] CXMK
[22:10:52] [171/326] SKAD
[22:10:53] 🔄 Identity reset
[22:10:53] 🔄 Identity rotated (every 10 requests)
[22:10:53] [172/326] AVTR
[22:10:54] [173/326] PTAJ
[22:10:55] [174/326] SCNK
[22:10:56] [175/326] STTI
[22:10:57] [176/326] KACR
[22:10:58] [177/326] SSDX
[22:10:59] [178/326] VRTJ
[22:11:00] [179/326] RAJD
[22:11:01] [180/326] SCIP
[22:11:02] [181/326] RJSL
[22:11:03] 🔄 Identity reset
[22:11:03] 🔄 Identity rotated (every 10 requests)
[22:11:03] 🔄 Retry 1/5 for RJSL in 2.6s
[22:11:03] 🔄 Identity reset
[22:11:05] 🧠 New identity created
[22:11:05] 🔄 Retry 2/5 for RJSL in 4.1s
[22:11:05] 🔄 Identity reset
[22:11:10] 🧠 New identity created
[22:11:10] 🔄 Retry 3/5 for RJSL in 8.1s
[22:11:10] 🔄 Identity reset
[22:11:18] 🧠 New identity created
[22:11:18] 🔄 Retry 4/5 for RJSL in 16.9s
[22:11:18] 🔄 Identity reset
[22:11:35] 🧠 New identity created
[22:11:35] [182/326] ARRS
[22:11:36] [183/326] ASMS
[22:11:37] [184/326] RDTS
[22:11:38] [185/326] DVMY
[22:11:39] [186/326] RASA
[22:11:40] [187/326] INOM
[22:11:40] 🔄 Identity reset
[22:11:40] 🔄 Identity rotated (every 10 requests)
[22:11:41] [188/326] SPRS
[22:11:42] [189/326] SGCS
[22:11:43] [190/326] SALM
[22:11:44] [191/326] PKHC
[22:11:45] [192/326] RCSV
[22:11:46] [193/326] CPKC
[22:11:47] [194/326] AACD
[22:11:48] [195/326] GGCV
[22:11:49] [196/326] SMKD
[22:11:50] [197/326] NBCH
[22:11:51] 🔄 Identity reset
[22:11:51] 🔄 Identity rotated (every 10 requests)
[22:11:51] [198/326] AMCB
[22:11:52] [199/326] OPCN
[22:11:53] [200/326] DCIN
[22:11:54] [201/326] INGW
[22:11:54] [202/326] PKKW
[22:11:55] [203/326] FNGW
[22:11:56] [204/326] GCGD
[22:11:57] [205/326] MSTW
[22:11:58] [206/326] KCCG
[22:11:59] [207/326] MRSS
[22:12:00] 🔄 Identity reset
[22:12:00] 🔄 Identity rotated (every 10 requests)
[22:12:01] [208/326] CLCF
[22:12:02] [209/326] EETS
[22:12:03] [210/326] AATR
[22:12:04] [211/326] CMMN
[22:12:05] [212/326] SCCJ
[22:12:06] [213/326] CDTK
[22:12:07] [214/326] AICP
[22:12:08] [215/326] FNBP
[22:12:09] [216/326] CBPB
[22:12:10] [217/326] CPAS
[22:12:11] 🔄 Identity reset
[22:12:11] 🔄 Identity rotated (every 10 requests)
[22:12:11] [218/326] MAPM
[22:12:12] [219/326] PASD
[22:12:13] [220/326] JCMN
[22:12:14] [221/326] MALB
[22:12:15] [222/326] SACG
[22:12:16] [223/326] DDRX
[22:12:16] [224/326] DDXB
[22:12:17] [225/326] RAMC
[22:12:18] [226/326] SANC
[22:12:19] [227/326] BCBP
[22:12:20] 🔄 Identity reset
[22:12:20] 🔄 Identity rotated (every 10 requests)
[22:12:21] [228/326] ALPC
[22:12:21] [229/326] RBAC
[22:12:22] [230/326] RAJL
[22:12:23] [231/326] MPDX
[22:12:24] [232/326] MUSC
[22:12:25] [233/326] VKMK
[22:12:26] [234/326] SKCG
[22:12:27] [235/326] ANCN
[22:12:29] [236/326] MMCJ
[22:12:30] [237/326] DCAK
[22:12:31] 🔄 Identity reset
[22:12:31] 🔄 Identity rotated (every 10 requests)
[22:12:31] [238/326] SCKG
[22:12:32] [239/326] LMCK
[22:12:33] [240/326] CKKX
[22:12:34] [241/326] ANKU
[22:12:35] [242/326] CSMD
[22:12:35] [243/326] MKMP
[22:12:36] [244/326] SVBG
[22:12:37] [245/326] ROOP
[22:12:38] [246/326] GDMT
[22:12:40] [247/326] FPPF
[22:12:40] 🔄 Identity reset
[22:12:40] 🔄 Identity rotated (every 10 requests)
[22:12:41] [248/326] SFUU
[22:12:42] [249/326] ANCB
[22:12:42] [250/326] SMMC
[22:12:43] [251/326] UGKT
[22:12:44] [252/326] JVRM
[22:12:45] [253/326] BATG
[22:12:46] [254/326] RATE
[22:12:47] [255/326] SKME
[22:12:48] [256/326] LMTP
[22:12:48] [257/326] TCBD
[22:12:49] 🔄 Identity reset
[22:12:49] 🔄 Identity rotated (every 10 requests)
[22:12:49] 🔄 Retry 1/5 for TCBD in 2.5s
[22:12:49] 🔄 Identity reset
[22:12:52] 🧠 New identity created
[22:12:52] [258/326] ESBD
[22:12:54] [259/326] GDCU
[22:12:54] [260/326] SNKT
[22:12:55] [261/326] SRNK
[22:12:56] [262/326] SMED
[22:12:58] [263/326] CSQS
[22:12:59] [264/326] ALCS
[22:12:59] [265/326] KCKN
[22:13:00] [266/326] VCCL
[22:13:01] 🔄 Identity reset
[22:13:01] 🔄 Identity rotated (every 10 requests)
[22:13:01] [267/326] MCDA
[22:13:02] [268/326] SHMI
[22:13:03] [269/326] SKHA
[22:13:04] [270/326] SVFK
[22:13:05] [271/326] INVB
[22:13:06] [272/326] MELD
[22:13:07] [273/326] JTYS
[22:13:08] [274/326] INCM
[22:13:09] [275/326] MCDV
[22:13:10] [276/326] KSGK
[22:13:11] 🔄 Identity reset
[22:13:11] 🔄 Identity rotated (every 10 requests)
[22:13:11] [277/326] ICMG
[22:13:12] [278/326] CSCV
[22:13:13] [279/326] STMD
[22:13:14] [280/326] STTR
[22:13:15] [281/326] INVC
[22:13:16] [282/326] JTBL
[22:13:17] [283/326] SRVV
[22:13:18] [284/326] MAVC
[22:13:19] [285/326] SRPP
[22:13:20] [286/326] JGDM
[22:13:20] 🔄 Identity reset
[22:13:20] 🔄 Identity rotated (every 10 requests)
[22:13:21] [287/326] MBSJ
[22:13:21] [288/326] SSLL
[22:13:22] [289/326] SLKP
[22:13:23] [290/326] NSRV
[22:13:24] [291/326] UTDV
[22:13:25] [292/326] KICM
[22:13:26] [293/326] KCMD
[22:13:27] [294/326] TTPP
[22:13:29] [295/326] KMPV
[22:13:30] [296/326] SKTV
[22:13:30] 🔄 Identity reset
[22:13:30] 🔄 Identity rotated (every 10 requests)
[22:13:30] [297/326] STCV
[22:13:31] [298/326] SRDA
[22:13:32] [299/326] JTSX
[22:13:33] [300/326] STBV
[22:13:34] [301/326] APVZ
[22:13:35] [302/326] GSTV
[22:13:36] [303/326] NMVS
[22:13:37] [304/326] SKRT
[22:13:38] [305/326] RMDV
[22:13:39] [306/326] RATG
[22:13:40] 🔄 Identity reset
[22:13:40] 🔄 Identity rotated (every 10 requests)
[22:13:40] [307/326] SJYV
[22:13:42] [308/326] NDGP
[22:13:43] [309/326] SNDG
[22:13:45] [310/326] INSR
[22:13:45] [311/326] INSO
[22:13:46] [312/326] CCSI
[22:13:47] [313/326] RASM
[22:13:48] [314/326] NEWC
[22:13:49] [315/326] VSHL
[22:13:50] [316/326] BISW
[22:13:51] 🔄 Identity reset
[22:13:51] 🔄 Identity rotated (every 10 requests)
[22:13:51] [317/326] GCNG
[22:13:52] [318/326] CWSC
[22:13:53] [319/326] SKAN
[22:13:54] [320/326] CCOA
[22:13:55] [321/326] MCAJ
[22:13:56] [322/326] ACDE
[22:13:57] [323/326] AACM
[22:13:58] [324/326] JJCK
[22:13:59] [325/326] RCMO
[22:14:01] [326/326] GDAW
[22:14:01] 🔄 Identity reset
[22:14:01] 🔄 Identity rotated (every 10 requests)
[22:14:02] 🔁 RETRY ROUND 1 | Remaining: 1
[22:14:02] [RETRY-1] MANT
[22:14:05] ✅ DONE | Shows=2561 | Movies=67
[22:39:56] 🚀 BMS DAILY TRACKER STARTED (enhanced anti‑detection)
[22:39:56] [1/326] VCHA
[22:39:57] 🧠 New identity created
[22:39:57] [2/326] SCKO
[22:39:58] [3/326] VKTK
[22:39:59] [4/326] DXEC
[22:40:00] [5/326] CDCA
[22:40:01] [6/326] VBCZ
[22:40:01] [7/326] MSDR
[22:40:02] [8/326] ACPV
[22:40:03] [9/326] PVHB
[22:40:04] [10/326] RCNH
[22:40:04] 🔄 Identity reset
[22:40:04] 🔄 Identity rotated (every 10 requests)
[22:40:04] 🔄 Retry 1/5 for RCNH in 2.0s
[22:40:04] 🔄 Identity reset
[22:40:06] 🧠 New identity created
[22:40:06] 🔄 Retry 2/5 for RCNH in 4.6s
[22:40:06] 🔄 Identity reset
[22:40:11] 🧠 New identity created
[22:40:11] 🔄 Retry 3/5 for RCNH in 8.2s
[22:40:11] 🔄 Identity reset
[22:40:19] 🧠 New identity created
[22:40:19] 🔄 Retry 4/5 for RCNH in 16.9s
[22:40:19] 🔄 Identity reset
[22:40:36] 🧠 New identity created
[22:40:36] [11/326] IOMH
[22:40:37] [12/326] ILKS
[22:40:38] [13/326] AMSN
[22:40:39] [14/326] ANTP
[22:40:41] [15/326] SSEK
[22:40:41] [16/326] PICP
[22:40:42] 🔄 Identity reset
[22:40:42] 🔄 Identity rotated (every 10 requests)
[22:40:42] [17/326] SICO
[22:40:42] [18/326] SISP
[22:40:43] [19/326] SCPI
[22:40:44] [20/326] CRPR
[22:40:44] [21/326] DCTW
[22:40:45] [22/326] DCSP
[22:40:46] [23/326] KRPM
[22:40:47] [24/326] THKK
[22:40:48] [25/326] SNMY
[22:40:48] [26/326] AKCC
[22:40:49] 🔄 Identity reset
[22:40:49] 🔄 Identity rotated (every 10 requests)
[22:40:49] [27/326] PCAT
[22:40:50] [28/326] RFGO
[22:40:51] [29/326] GGCS
[22:40:52] [30/326] ACKR
[22:40:53] [31/326] STDO
[22:40:54] [32/326] ACKB
[22:40:55] [33/326] ALUC
[22:40:55] [34/326] MNSR
[22:40:56] [35/326] CSSL
[22:40:57] [36/326] BGGM
[22:40:58] 🔄 Identity reset
[22:40:58] 🔄 Identity rotated (every 10 requests)
[22:40:58] [37/326] MANT
[22:40:59] [38/326] SOOY
[22:41:00] [39/326] VPPK
[22:41:01] [40/326] MYHJ
[22:41:01] [41/326] KSCK
[22:41:02] [42/326] KATK
[22:41:03] [43/326] RTRT
[22:41:04] [44/326] SSTT
[22:41:04] [45/326] SSTV
[22:41:05] [46/326] LACM
[22:41:06] 🔄 Identity reset
[22:41:06] 🔄 Identity rotated (every 10 requests)
[22:41:06] [47/326] SGMG
[22:41:07] [48/326] KACX
[22:41:08] [49/326] GVCP
[22:41:09] [50/326] CSNC
[22:41:10] [51/326] SXCB
[22:41:11] [52/326] BAHS
[22:41:12] [53/326] PCBI
[22:41:12] [54/326] PSSM
[22:41:13] [55/326] RCOK
[22:41:14] [56/326] SCPF
[22:41:15] 🔄 Identity reset
[22:41:15] 🔄 Identity rotated (every 10 requests)
[22:41:15] [57/326] SSAS
[22:41:16] [58/326] EVMM
[22:41:17] [59/326] SYCB
[22:41:17] [60/326] GCKI
[22:41:18] [61/326] IAET
[22:41:19] [62/326] DDTD
[22:41:20] [63/326] GMDH
[22:41:21] [64/326] STLE
[22:41:22] [65/326] JTRA
[22:41:23] [66/326] RPPA
[22:41:23] 🔄 Identity reset
[22:41:23] 🔄 Identity rotated (every 10 requests)
[22:41:24] [67/326] ARUT
[22:41:24] [68/326] JTVM
[22:41:25] [69/326] SWRH
[22:41:26] [70/326] DCPC
[22:41:27] [71/326] RAPR
[22:41:27] [72/326] GCRT
[22:41:28] [73/326] ATUN
[22:41:29] [74/326] LTRM
[22:41:30] [75/326] TASR
[22:41:31] [76/326] RLLC
[22:41:31] 🔄 Identity reset
[22:41:31] 🔄 Identity rotated (every 10 requests)
[22:41:32] [77/326] MABI
[22:41:32] [78/326] SVHB
[22:41:33] [79/326] NVTB
[22:41:34] [80/326] KCKG
[22:41:35] [81/326] SSRN
[22:41:36] [82/326] VDDC
[22:41:36] [83/326] GKTK
[22:41:37] [84/326] YFSN
[22:41:38] [85/326] GCSG
[22:41:39] [86/326] ESSM
[22:41:40] 🔄 Identity reset
[22:41:40] 🔄 Identity rotated (every 10 requests)
[22:41:40] [87/326] KRIH
[22:41:41] [88/326] GCDS
[22:41:42] [89/326] CCSH
[22:41:43] [90/326] ACSK
[22:41:44] [91/326] APRK
[22:41:44] [92/326] ADKM
[22:41:45] [93/326] SRDM
[22:41:46] [94/326] SJMY
[22:41:47] [95/326] PGGC
[22:41:48] [96/326] INGM
[22:41:48] 🔄 Identity reset
[22:41:48] 🔄 Identity rotated (every 10 requests)
[22:41:49] [97/326] LSCB
[22:41:50] [98/326] STAD
[22:41:51] [99/326] MCCR
[22:41:51] [100/326] ABCC
[22:41:52] [101/326] RKCC
[22:41:53] [102/326] RTCR
[22:41:54] [103/326] GGBC
[22:41:55] [104/326] GCSD
[22:41:56] [105/326] LPTY
[22:41:57] [106/326] MCFD
[22:41:58] 🔄 Identity reset
[22:41:58] 🔄 Identity rotated (every 10 requests)
[22:41:58] [107/326] HENN
[22:41:59] [108/326] SMKU
[22:42:00] [109/326] TNZC
[22:42:01] [110/326] DRCD
[22:42:02] [111/326] DLCD
[22:42:03] [112/326] RCDA
[22:42:03] [113/326] COSM
[22:42:05] [114/326] MCMJ
[22:42:06] [115/326] CSTR
[22:42:07] [116/326] CVDK
[22:42:08] 🔄 Identity reset
[22:42:08] 🔄 Identity rotated (every 10 requests)
[22:42:08] [117/326] INRR
[22:42:09] [118/326] RJRT
[22:42:10] [119/326] IRMR
[22:42:11] [120/326] SRCF
[22:42:12] [121/326] GRCR
[22:42:13] [122/326] SURC
[22:42:13] [123/326] NMNH
[22:42:14] [124/326] SVBL
[22:42:15] [125/326] KACI
[22:42:16] [126/326] TDGO
[22:42:16] 🔄 Identity reset
[22:42:16] 🔄 Identity rotated (every 10 requests)
[22:42:16] 🔄 Retry 1/5 for TDGO in 3.0s
[22:42:16] 🔄 Identity reset
[22:42:19] 🧠 New identity created
[22:42:20] [127/326] KTBR
[22:42:20] [128/326] PMAD
[22:42:22] [129/326] CCPN
[22:42:23] [130/326] SBTK
[22:42:24] [131/326] LMDK
[22:42:25] [132/326] PGDA
[22:42:26] [133/326] SRML
[22:42:27] [134/326] EVCK
[22:42:28] [135/326] RTTK
[22:42:29] 🔄 Identity reset
[22:42:29] 🔄 Identity rotated (every 10 requests)
[22:42:29] 🔄 Retry 1/5 for RTTK in 2.3s
[22:42:29] 🔄 Identity reset
[22:42:31] 🧠 New identity created
[22:42:31] 🔄 Retry 2/5 for RTTK in 4.6s
[22:42:31] 🔄 Identity reset
[22:42:36] 🧠 New identity created
[22:42:36] 🔄 Retry 3/5 for RTTK in 8.9s
[22:42:36] 🔄 Identity reset
[22:42:45] 🧠 New identity created
[22:42:45] 🔄 Retry 4/5 for RTTK in 16.5s
[22:42:45] 🔄 Identity reset
[22:43:01] 🧠 New identity created
[22:43:02] ❌ RTTK failed after 5 attempts
[22:43:02] 🔄 Identity reset
[22:43:02] ❌ RTTK final failure | RuntimeError | HTTP 403
[22:43:02] [136/326] SRTU
[22:43:02] 🧠 New identity created
[22:43:03] [137/326] VRSA
[22:43:03] [138/326] VARS
[22:43:04] [139/326] DSCZ
[22:43:05] [140/326] GAGA
[22:43:06] [141/326] SARV
[22:43:06] 🔄 Identity reset
[22:43:06] 🔄 Identity rotated (every 10 requests)
[22:43:07] [142/326] SEEG
[22:43:08] [143/326] GLCA
[22:43:09] [144/326] APAS
[22:43:10] [145/326] VCIA
[22:43:11] [146/326] SJTA
[22:43:12] [147/326] SABM
[22:43:13] [148/326] PPAG
[22:43:14] [149/326] RVCA
[22:43:15] [150/326] CCIA
[22:43:16] [151/326] HTAG
[22:43:17] 🔄 Identity reset
[22:43:17] 🔄 Identity rotated (every 10 requests)
[22:43:17] [152/326] SMBI
[22:43:18] [153/326] MCJR
[22:43:19] [154/326] CCJR
[22:43:20] [155/326] SINF
[22:43:21] [156/326] CPLX
[22:43:22] [157/326] KKTJ
[22:43:22] [158/326] GDBW
[22:43:24] [159/326] CSUB
[22:43:25] [160/326] DABA
[22:43:26] [161/326] TITR
[22:43:26] 🔄 Identity reset
[22:43:27] 🔄 Identity rotated (every 10 requests)
[22:43:27] [162/326] NYCR
[22:43:28] [163/326] RTRY
[22:43:29] [164/326] JTJL
[22:43:30] [165/326] SJCP
[22:43:31] [166/326] KCCA
[22:43:32] [167/326] MLPG
[22:43:33] [168/326] VRCK
[22:43:34] [169/326] SRIN
[22:43:35] [170/326] CXMK
[22:43:36] [171/326] SKAD
[22:43:36] 🔄 Identity reset
[22:43:36] 🔄 Identity rotated (every 10 requests)
[22:43:37] [172/326] AVTR
[22:43:38] [173/326] PTAJ
[22:43:39] [174/326] SCNK
[22:43:39] [175/326] STTI
[22:43:40] [176/326] KACR
[22:43:41] [177/326] SSDX
[22:43:43] [178/326] VRTJ
[22:43:43] [179/326] RAJD
[22:43:44] [180/326] SCIP
[22:43:45] [181/326] RJSL
[22:43:46] 🔄 Identity reset
[22:43:46] 🔄 Identity rotated (every 10 requests)
[22:43:46] [182/326] ARRS
[22:43:47] [183/326] ASMS
[22:43:48] [184/326] RDTS
[22:43:49] [185/326] DVMY
[22:43:50] [186/326] RASA
[22:43:51] [187/326] INOM
[22:43:52] [188/326] SPRS
[22:43:53] [189/326] SGCS
[22:43:54] [190/326] SALM
[22:43:55] [191/326] PKHC
[22:43:55] 🔄 Identity reset
[22:43:55] 🔄 Identity rotated (every 10 requests)
[22:43:56] [192/326] RCSV
[22:43:57] [193/326] CPKC
[22:43:58] [194/326] AACD
[22:43:59] [195/326] GGCV
[22:44:00] [196/326] SMKD
[22:44:01] [197/326] NBCH
[22:44:01] [198/326] AMCB
[22:44:02] [199/326] OPCN
[22:44:03] [200/326] DCIN
[22:44:04] [201/326] INGW
[22:44:05] 🔄 Identity reset
[22:44:05] 🔄 Identity rotated (every 10 requests)
[22:44:05] [202/326] PKKW
[22:44:07] [203/326] FNGW
[22:44:08] [204/326] GCGD
[22:44:09] [205/326] MSTW
[22:44:11] [206/326] KCCG
[22:44:11] [207/326] MRSS
[22:44:12] [208/326] CLCF
[22:44:13] [209/326] EETS
[22:44:15] [210/326] AATR
[22:44:16] [211/326] CMMN
[22:44:16] 🔄 Identity reset
[22:44:16] 🔄 Identity rotated (every 10 requests)
[22:44:17] [212/326] SCCJ
[22:44:17] [213/326] CDTK
[22:44:18] [214/326] AICP
[22:44:20] [215/326] FNBP
[22:44:21] [216/326] CBPB
[22:44:22] [217/326] CPAS
[22:44:23] [218/326] MAPM
[22:44:24] [219/326] PASD
[22:44:25] [220/326] JCMN
[22:44:25] [221/326] MALB
[22:44:26] 🔄 Identity reset
[22:44:26] 🔄 Identity rotated (every 10 requests)
[22:44:26] [222/326] SACG
[22:44:27] [223/326] DDRX
[22:44:28] [224/326] DDXB
[22:44:29] [225/326] RAMC
[22:44:29] [226/326] SANC
[22:44:30] [227/326] BCBP
[22:44:31] [228/326] ALPC
[22:44:32] [229/326] RBAC
[22:44:33] [230/326] RAJL
[22:44:34] [231/326] MPDX
[22:44:34] 🔄 Identity reset
[22:44:34] 🔄 Identity rotated (every 10 requests)
[22:44:35] [232/326] MUSC
[22:44:36] [233/326] VKMK
[22:44:37] [234/326] SKCG
[22:44:38] [235/326] ANCN
[22:44:39] [236/326] MMCJ
[22:44:39] [237/326] DCAK
[22:44:40] [238/326] SCKG
[22:44:41] [239/326] LMCK
[22:44:42] [240/326] CKKX
[22:44:42] [241/326] ANKU
[22:44:43] 🔄 Identity reset
[22:44:43] 🔄 Identity rotated (every 10 requests)
[22:44:44] [242/326] CSMD
[22:44:45] [243/326] MKMP
[22:44:46] [244/326] SVBG
[22:44:47] [245/326] ROOP
[22:44:48] [246/326] GDMT
[22:44:49] [247/326] FPPF
[22:44:50] [248/326] SFUU
[22:44:50] [249/326] ANCB
[22:44:51] [250/326] SMMC
[22:44:53] [251/326] UGKT
[22:44:53] 🔄 Identity reset
[22:44:53] 🔄 Identity rotated (every 10 requests)
[22:44:54] [252/326] JVRM
[22:44:54] [253/326] BATG
[22:44:55] [254/326] RATE
[22:44:56] [255/326] SKME
[22:44:57] [256/326] LMTP
[22:44:58] [257/326] TCBD
[22:44:59] [258/326] ESBD
[22:45:00] [259/326] GDCU
[22:45:01] [260/326] SNKT
[22:45:02] [261/326] SRNK
[22:45:03] 🔄 Identity reset
[22:45:03] 🔄 Identity rotated (every 10 requests)
[22:45:03] [262/326] SMED
[22:45:04] [263/326] CSQS
[22:45:05] [264/326] ALCS
[22:45:06] [265/326] KCKN
[22:45:07] [266/326] VCCL
[22:45:07] [267/326] MCDA
[22:45:09] [268/326] SHMI
[22:45:10] [269/326] SKHA
[22:45:11] [270/326] SVFK
[22:45:12] [271/326] INVB
[22:45:12] 🔄 Identity reset
[22:45:12] 🔄 Identity rotated (every 10 requests)
[22:45:13] [272/326] MELD
[22:45:13] [273/326] JTYS
[22:45:14] [274/326] INCM
[22:45:15] [275/326] MCDV
[22:45:16] [276/326] KSGK
[22:45:17] [277/326] ICMG
[22:45:18] [278/326] CSCV
[22:45:19] [279/326] STMD
[22:45:20] [280/326] STTR
[22:45:21] [281/326] INVC
[22:45:21] 🔄 Identity reset
[22:45:21] 🔄 Identity rotated (every 10 requests)
[22:45:22] [282/326] JTBL
[22:45:23] [283/326] SRVV
[22:45:24] [284/326] MAVC
[22:45:25] [285/326] SRPP
[22:45:27] [286/326] JGDM
[22:45:28] [287/326] MBSJ
[22:45:29] [288/326] SSLL
[22:45:30] [289/326] SLKP
[22:45:31] [290/326] NSRV
[22:45:31] [291/326] UTDV
[22:45:32] 🔄 Identity reset
[22:45:32] 🔄 Identity rotated (every 10 requests)
[22:45:32] [292/326] KICM
[22:45:33] [293/326] KCMD
[22:45:34] [294/326] TTPP
[22:45:35] [295/326] KMPV
[22:45:36] [296/326] SKTV
[22:45:37] [297/326] STCV
[22:45:38] [298/326] SRDA
[22:45:38] [299/326] JTSX
[22:45:39] [300/326] STBV
[22:45:40] [301/326] APVZ
[22:45:41] 🔄 Identity reset
[22:45:41] 🔄 Identity rotated (every 10 requests)
[22:45:41] [302/326] GSTV
[22:45:42] [303/326] NMVS
[22:45:44] [304/326] SKRT
[22:45:45] [305/326] RMDV
[22:45:46] [306/326] RATG
[22:45:48] [307/326] SJYV
[22:45:49] [308/326] NDGP
[22:45:49] [309/326] SNDG
[22:45:50] [310/326] INSR
[22:45:51] [311/326] INSO
[22:45:52] 🔄 Identity reset
[22:45:52] 🔄 Identity rotated (every 10 requests)
[22:45:53] [312/326] CCSI
[22:45:54] [313/326] RASM
[22:45:55] [314/326] NEWC
[22:45:55] [315/326] VSHL
[22:45:56] [316/326] BISW
[22:45:57] [317/326] GCNG
[22:45:58] [318/326] CWSC
[22:45:59] [319/326] SKAN
[22:46:00] [320/326] CCOA
[22:46:01] [321/326] MCAJ
[22:46:01] 🔄 Identity reset
[22:46:01] 🔄 Identity rotated (every 10 requests)
[22:46:02] [322/326] ACDE
[22:46:02] [323/326] AACM
[22:46:03] [324/326] JJCK
[22:46:04] [325/326] RCMO
[22:46:05] [326/326] GDAW
[22:46:06] 🔁 RETRY ROUND 1 | Remaining: 1
[22:46:06] [RETRY-1] RTTK
[22:46:09] ✅ DONE | Shows=2561 | Movies=67
[23:17:39] 🚀 BMS DAILY TRACKER STARTED (enhanced anti‑detection)
[23:17:39] [1/326] VCHA
[23:17:40] 🧠 New identity created
[23:17:40] [2/326] SCKO
[23:17:41] [3/326] VKTK
[23:17:42] [4/326] DXEC
[23:17:43] [5/326] CDCA
[23:17:44] [6/326] VBCZ
[23:17:45] [7/326] MSDR
[23:17:46] [8/326] ACPV
[23:17:47] [9/326] PVHB
[23:17:48] [10/326] RCNH
[23:17:48] 🔄 Identity reset
[23:17:48] 🔄 Identity rotated (every 10 requests)
[23:17:49] [11/326] IOMH
[23:17:50] [12/326] ILKS
[23:17:51] [13/326] AMSN
[23:17:52] [14/326] ANTP
[23:17:53] [15/326] SSEK
[23:17:53] [16/326] PICP
[23:17:55] [17/326] SICO
[23:17:56] [18/326] SISP
[23:17:57] [19/326] SCPI
[23:17:58] [20/326] CRPR
[23:17:58] 🔄 Identity reset
[23:17:58] 🔄 Identity rotated (every 10 requests)
[23:17:59] [21/326] DCTW
[23:18:00] [22/326] DCSP
[23:18:01] [23/326] KRPM
[23:18:02] [24/326] THKK
[23:18:03] [25/326] SNMY
[23:18:03] [26/326] AKCC
[23:18:05] [27/326] PCAT
[23:18:06] [28/326] RFGO
[23:18:07] [29/326] GGCS
[23:18:08] [30/326] ACKR
[23:18:09] 🔄 Identity reset
[23:18:09] 🔄 Identity rotated (every 10 requests)
[23:18:09] [31/326] STDO
[23:18:10] [32/326] ACKB
[23:18:11] [33/326] ALUC
[23:18:12] [34/326] MNSR
[23:18:13] [35/326] CSSL
[23:18:14] [36/326] BGGM
[23:18:15] [37/326] MANT
[23:18:16] [38/326] SOOY
[23:18:17] [39/326] VPPK
[23:18:18] [40/326] MYHJ
[23:18:19] 🔄 Identity reset
[23:18:19] 🔄 Identity rotated (every 10 requests)
[23:18:19] [41/326] KSCK
[23:18:20] [42/326] KATK
[23:18:21] [43/326] RTRT
[23:18:23] [44/326] SSTT
[23:18:24] [45/326] SSTV
[23:18:25] [46/326] LACM
[23:18:26] [47/326] SGMG
[23:18:26] [48/326] KACX
[23:18:27] [49/326] GVCP
[23:18:28] [50/326] CSNC
[23:18:29] 🔄 Identity reset
[23:18:29] 🔄 Identity rotated (every 10 requests)
[23:18:29] [51/326] SXCB
[23:18:30] [52/326] BAHS
[23:18:31] [53/326] PCBI
[23:18:32] [54/326] PSSM
[23:18:33] [55/326] RCOK
[23:18:34] [56/326] SCPF
[23:18:35] [57/326] SSAS
[23:18:36] [58/326] EVMM
[23:18:48] 🔄 Retry 1/5 for EVMM in 2.7s
[23:18:48] 🔄 Identity reset
[23:18:51] 🧠 New identity created
[23:18:58] [59/326] SYCB
[23:18:59] 🔄 Identity reset
[23:18:59] 🔄 Identity rotated (every 10 requests)
[23:18:59] [60/326] GCKI
[23:19:00] [61/326] IAET
[23:19:01] [62/326] DDTD
[23:19:02] [63/326] GMDH
[23:19:03] [64/326] STLE
[23:19:04] [65/326] JTRA
[23:19:05] [66/326] RPPA
[23:19:05] [67/326] ARUT
[23:19:07] [68/326] JTVM
[23:19:08] [69/326] SWRH
[23:19:09] 🔄 Identity reset
[23:19:09] 🔄 Identity rotated (every 10 requests)
[23:19:09] [70/326] DCPC
[23:19:10] [71/326] RAPR
[23:19:11] [72/326] GCRT
[23:19:12] [73/326] ATUN
[23:19:13] [74/326] LTRM
[23:19:14] [75/326] TASR
[23:19:15] [76/326] RLLC
[23:19:16] [77/326] MABI
[23:19:17] [78/326] SVHB
[23:19:18] [79/326] NVTB
[23:19:18] 🔄 Identity reset
[23:19:18] 🔄 Identity rotated (every 10 requests)
[23:19:19] [80/326] KCKG
[23:19:20] [81/326] SSRN
[23:19:21] [82/326] VDDC
[23:19:21] [83/326] GKTK
[23:19:22] [84/326] YFSN
[23:19:23] [85/326] GCSG
[23:19:24] [86/326] ESSM
[23:19:25] [87/326] KRIH
[23:19:26] [88/326] GCDS
[23:19:28] [89/326] CCSH
[23:19:29] 🔄 Identity reset
[23:19:29] 🔄 Identity rotated (every 10 requests)
[23:19:29] [90/326] ACSK
[23:19:30] [91/326] APRK
[23:19:31] [92/326] ADKM
[23:19:32] [93/326] SRDM
[23:19:33] [94/326] SJMY
[23:19:34] [95/326] PGGC
[23:19:35] [96/326] INGM
[23:19:36] [97/326] LSCB
[23:19:37] [98/326] STAD
[23:19:38] [99/326] MCCR
[23:19:39] 🔄 Identity reset
[23:19:39] 🔄 Identity rotated (every 10 requests)
[23:19:39] [100/326] ABCC
[23:19:40] [101/326] RKCC
[23:19:41] [102/326] RTCR
[23:19:42] [103/326] GGBC
[23:19:43] [104/326] GCSD
[23:19:44] [105/326] LPTY
[23:19:45] [106/326] MCFD
[23:19:46] [107/326] HENN
[23:19:47] [108/326] SMKU
[23:19:48] [109/326] TNZC
[23:19:49] 🔄 Identity reset
[23:19:49] 🔄 Identity rotated (every 10 requests)
[23:19:49] [110/326] DRCD
[23:19:50] [111/326] DLCD
[23:19:51] [112/326] RCDA
[23:19:53] [113/326] COSM
[23:19:54] [114/326] MCMJ
[23:19:56] [115/326] CSTR
[23:19:56] [116/326] CVDK
[23:19:58] [117/326] INRR
[23:19:58] [118/326] RJRT
[23:19:59] [119/326] IRMR
[23:20:00] 🔄 Identity reset
[23:20:00] 🔄 Identity rotated (every 10 requests)
[23:20:00] [120/326] SRCF
[23:20:01] [121/326] GRCR
[23:20:03] [122/326] SURC
[23:20:04] [123/326] NMNH
[23:20:05] [124/326] SVBL
[23:20:06] [125/326] KACI
[23:20:07] [126/326] TDGO
[23:20:09] [127/326] KTBR
[23:20:10] [128/326] PMAD
[23:20:10] [129/326] CCPN
[23:20:11] 🔄 Identity reset
[23:20:11] 🔄 Identity rotated (every 10 requests)
[23:20:11] [130/326] SBTK
[23:20:12] [131/326] LMDK
[23:20:14] [132/326] PGDA
[23:20:14] [133/326] SRML
[23:20:15] [134/326] EVCK
[23:20:16] [135/326] RTTK
[23:20:18] [136/326] SRTU
[23:20:19] [137/326] VRSA
[23:20:20] [138/326] VARS
[23:20:20] [139/326] DSCZ
[23:20:21] 🔄 Identity reset
[23:20:21] 🔄 Identity rotated (every 10 requests)
[23:20:22] [140/326] GAGA
[23:20:23] [141/326] SARV
[23:20:23] [142/326] SEEG
[23:20:24] [143/326] GLCA
[23:20:25] [144/326] APAS
[23:20:26] [145/326] VCIA
[23:20:27] [146/326] SJTA
[23:20:28] [147/326] SABM
[23:20:29] [148/326] PPAG
[23:20:30] [149/326] RVCA
[23:20:31] 🔄 Identity reset
[23:20:31] 🔄 Identity rotated (every 10 requests)
[23:20:31] [150/326] CCIA
[23:20:32] [151/326] HTAG
[23:20:33] [152/326] SMBI
[23:20:34] [153/326] MCJR
[23:20:34] [154/326] CCJR
[23:20:35] [155/326] SINF
[23:20:37] [156/326] CPLX
[23:20:38] [157/326] KKTJ
[23:20:39] [158/326] GDBW
[23:20:40] [159/326] CSUB
[23:20:40] 🔄 Identity reset
[23:20:40] 🔄 Identity rotated (every 10 requests)
[23:20:41] [160/326] DABA
[23:20:42] [161/326] TITR
[23:20:44] [162/326] NYCR
[23:20:45] [163/326] RTRY
[23:20:45] [164/326] JTJL
[23:20:46] [165/326] SJCP
[23:20:47] [166/326] KCCA
[23:20:48] [167/326] MLPG
[23:20:49] [168/326] VRCK
[23:20:50] [169/326] SRIN
[23:20:51] 🔄 Identity reset
[23:20:51] 🔄 Identity rotated (every 10 requests)
[23:20:51] [170/326] CXMK
[23:20:52] [171/326] SKAD
[23:20:54] [172/326] AVTR
[23:20:55] [173/326] PTAJ
[23:20:56] [174/326] SCNK
[23:20:57] [175/326] STTI
[23:20:58] [176/326] KACR
[23:20:59] [177/326] SSDX
[23:21:00] [178/326] VRTJ
[23:21:01] [179/326] RAJD
[23:21:01] 🔄 Identity reset
[23:21:01] 🔄 Identity rotated (every 10 requests)
[23:21:02] [180/326] SCIP
[23:21:03] [181/326] RJSL
[23:21:04] [182/326] ARRS
[23:21:04] [183/326] ASMS
[23:21:05] [184/326] RDTS
[23:21:06] [185/326] DVMY
[23:21:07] [186/326] RASA
[23:21:08] [187/326] INOM
[23:21:09] [188/326] SPRS
[23:21:10] [189/326] SGCS
[23:21:11] 🔄 Identity reset
[23:21:11] 🔄 Identity rotated (every 10 requests)
[23:21:11] [190/326] SALM
[23:21:12] [191/326] PKHC
[23:21:13] [192/326] RCSV
[23:21:15] [193/326] CPKC
[23:21:16] [194/326] AACD
[23:21:17] [195/326] GGCV
[23:21:17] [196/326] SMKD
[23:21:19] [197/326] NBCH
[23:21:20] [198/326] AMCB
[23:21:21] [199/326] OPCN
[23:21:22] 🔄 Identity reset
[23:21:22] 🔄 Identity rotated (every 10 requests)
[23:21:22] [200/326] DCIN
[23:21:23] [201/326] INGW
[23:21:24] [202/326] PKKW
[23:21:25] [203/326] FNGW
[23:21:26] [204/326] GCGD
[23:21:27] [205/326] MSTW
[23:21:28] [206/326] KCCG
[23:21:29] [207/326] MRSS
[23:21:30] [208/326] CLCF
[23:21:31] [209/326] EETS
[23:21:32] 🔄 Identity reset
[23:21:32] 🔄 Identity rotated (every 10 requests)
[23:21:32] [210/326] AATR
[23:21:33] [211/326] CMMN
[23:21:34] [212/326] SCCJ
[23:21:35] [213/326] CDTK
[23:21:37] [214/326] AICP
[23:21:38] [215/326] FNBP
[23:21:39] [216/326] CBPB
[23:21:40] [217/326] CPAS
[23:21:40] [218/326] MAPM
[23:21:41] [219/326] PASD
[23:21:42] 🔄 Identity reset
[23:21:42] 🔄 Identity rotated (every 10 requests)
[23:21:42] [220/326] JCMN
[23:21:43] [221/326] MALB
[23:21:44] [222/326] SACG
[23:21:45] [223/326] DDRX
[23:21:46] [224/326] DDXB
[23:21:47] [225/326] RAMC
[23:21:48] [226/326] SANC
[23:21:49] [227/326] BCBP
[23:21:50] [228/326] ALPC
[23:21:51] [229/326] RBAC
[23:21:51] 🔄 Identity reset
[23:21:51] 🔄 Identity rotated (every 10 requests)
[23:21:52] [230/326] RAJL
[23:21:52] [231/326] MPDX
[23:21:53] [232/326] MUSC
[23:21:54] [233/326] VKMK
[23:21:55] [234/326] SKCG
[23:21:57] [235/326] ANCN
[23:21:58] [236/326] MMCJ
[23:21:59] [237/326] DCAK
[23:22:00] [238/326] SCKG
[23:22:01] [239/326] LMCK
[23:22:01] 🔄 Identity reset
[23:22:01] 🔄 Identity rotated (every 10 requests)
[23:22:02] [240/326] CKKX
[23:22:03] [241/326] ANKU
[23:22:04] [242/326] CSMD
[23:22:04] [243/326] MKMP
[23:22:05] [244/326] SVBG
[23:22:06] [245/326] ROOP
[23:22:08] [246/326] GDMT
[23:22:09] [247/326] FPPF
[23:22:09] [248/326] SFUU
[23:22:11] [249/326] ANCB
[23:22:11] 🔄 Identity reset
[23:22:11] 🔄 Identity rotated (every 10 requests)
[23:22:12] [250/326] SMMC
[23:22:12] [251/326] UGKT
[23:22:13] [252/326] JVRM
[23:22:15] [253/326] BATG
[23:22:16] [254/326] RATE
[23:22:16] [255/326] SKME
[23:22:18] [256/326] LMTP
[23:22:19] [257/326] TCBD
[23:22:20] [258/326] ESBD
[23:22:21] [259/326] GDCU
[23:22:21] 🔄 Identity reset
[23:22:21] 🔄 Identity rotated (every 10 requests)
[23:22:22] [260/326] SNKT
[23:22:23] [261/326] SRNK
[23:22:23] [262/326] SMED
[23:22:24] [263/326] CSQS
[23:22:25] [264/326] ALCS
[23:22:26] [265/326] KCKN
[23:22:27] [266/326] VCCL
[23:22:28] [267/326] MCDA
[23:22:29] [268/326] SHMI
[23:22:30] [269/326] SKHA
[23:22:30] 🔄 Identity reset
[23:22:30] 🔄 Identity rotated (every 10 requests)
[23:22:31] [270/326] SVFK
[23:22:32] [271/326] INVB
[23:22:33] [272/326] MELD
[23:22:34] [273/326] JTYS
[23:22:35] [274/326] INCM
[23:22:35] [275/326] MCDV
[23:22:36] [276/326] KSGK
[23:22:37] [277/326] ICMG
[23:22:38] [278/326] CSCV
[23:22:39] [279/326] STMD
[23:22:40] 🔄 Identity reset
[23:22:40] 🔄 Identity rotated (every 10 requests)
[23:22:41] [280/326] STTR
[23:22:42] [281/326] INVC
[23:22:44] [282/326] JTBL
[23:22:45] [283/326] SRVV
[23:22:45] [284/326] MAVC
[23:22:47] [285/326] SRPP
[23:22:48] [286/326] JGDM
[23:22:49] [287/326] MBSJ
[23:22:50] [288/326] SSLL
[23:22:51] [289/326] SLKP
[23:22:51] 🔄 Identity reset
[23:22:51] 🔄 Identity rotated (every 10 requests)
[23:22:52] [290/326] NSRV
[23:22:53] [291/326] UTDV
[23:22:54] [292/326] KICM
[23:22:54] [293/326] KCMD
[23:22:55] [294/326] TTPP
[23:22:56] [295/326] KMPV
[23:22:58] [296/326] SKTV
[23:22:58] [297/326] STCV
[23:22:59] [298/326] SRDA
[23:23:00] [299/326] JTSX
[23:23:01] 🔄 Identity reset
[23:23:01] 🔄 Identity rotated (every 10 requests)
[23:23:01] [300/326] STBV
[23:23:02] [301/326] APVZ
[23:23:03] [302/326] GSTV
[23:23:04] [303/326] NMVS
[23:23:05] [304/326] SKRT
[23:23:06] [305/326] RMDV
[23:23:07] [306/326] RATG
[23:23:08] [307/326] SJYV
[23:23:09] [308/326] NDGP
[23:23:09] [309/326] SNDG
[23:23:10] 🔄 Identity reset
[23:23:10] 🔄 Identity rotated (every 10 requests)
[23:23:10] [310/326] INSR
[23:23:11] [311/326] INSO
[23:23:12] [312/326] CCSI
[23:23:13] [313/326] RASM
[23:23:14] [314/326] NEWC
[23:23:15] [315/326] VSHL
[23:23:16] [316/326] BISW
[23:23:17] [317/326] GCNG
[23:23:18] [318/326] CWSC
[23:23:19] [319/326] SKAN
[23:23:19] 🔄 Identity reset
[23:23:19] 🔄 Identity rotated (every 10 requests)
[23:23:20] [320/326] CCOA
[23:23:21] [321/326] MCAJ
[23:23:22] [322/326] ACDE
[23:23:23] [323/326] AACM
[23:23:23] [324/326] JJCK
[23:23:24] [325/326] RCMO
[23:23:25] [326/326] GDAW
[23:23:26] ✅ DONE | Shows=2561 | Movies=67
