[00:16:46] 🚀 BMS DAILY TRACKER STARTED (enhanced anti‑detection)
[00:16:46] [1/445] TGMR
[00:16:46] 🧠 New identity created
[00:16:47] [2/445] CXKR
[00:16:48] [3/445] SROP
[00:16:49] [4/445] GTSV
[00:16:50] [5/445] SNTY
[00:16:52] [6/445] SMYY
[00:16:53] [7/445] CNCS
[00:16:54] [8/445] CSTM
[00:16:55] [9/445] NUCD
[00:16:57] [10/445] SHCZ
[00:16:57] 🔄 Identity reset
[00:16:57] 🔄 Identity rotated (every 10 requests)
[00:16:58] [11/445] NJCT
[00:16:59] [12/445] COPC
[00:17:00] [13/445] STVV
[00:17:01] [14/445] SKRN
[00:17:01] [15/445] APPZ
[00:17:02] [16/445] YMGN
[00:17:03] [17/445] SVTU
[00:17:04] [18/445] GTAD
[00:17:05] [19/445] PSUS
[00:17:06] [20/445] SMCD
[00:17:07] 🔄 Identity reset
[00:17:07] 🔄 Identity rotated (every 10 requests)
[00:17:07] [21/445] CMCM
[00:17:08] [22/445] SYCT
[00:17:10] [23/445] STLY
[00:17:11] [24/445] CMHU
[00:17:11] [25/445] CMSA
[00:17:12] [26/445] CLCU
[00:17:14] [27/445] PPNT
[00:17:15] [28/445] JTAB
[00:17:16] [29/445] BUUC
[00:17:17] [30/445] BSVK
[00:17:18] 🔄 Identity reset
[00:17:18] 🔄 Identity rotated (every 10 requests)
[00:17:19] [31/445] VVVQ
[00:17:20] [32/445] TKMU
[00:17:21] [33/445] ESYL
[00:17:22] [34/445] ACHP
[00:17:22] [35/445] BTKD
[00:17:23] [36/445] DESA
[00:17:25] [37/445] GBCT
[00:17:26] [38/445] BLLD
[00:17:27] [39/445] SKNT
[00:17:28] [40/445] SSTE
[00:17:29] 🔄 Identity reset
[00:17:29] 🔄 Identity rotated (every 10 requests)
[00:17:29] [41/445] VJMR
[00:17:30] [42/445] NTPU
[00:17:31] [43/445] RDKN
[00:17:32] [44/445] ADGC
[00:17:33] [45/445] VRBP
[00:17:35] [46/445] NMNA
[00:17:35] [47/445] CMMX
[00:17:36] [48/445] PTKO
[00:17:38] [49/445] RBML
[00:17:39] [50/445] SAIC
[00:17:39] 🔄 Identity reset
[00:17:39] 🔄 Identity rotated (every 10 requests)
[00:17:39] 🔄 Retry 1/5 for SAIC in 2.7s
[00:17:39] 🔄 Identity reset
[00:17:42] 🧠 New identity created
[00:17:42] [51/445] SVTJ
[00:17:44] [52/445] MRTE
[00:17:44] [53/445] RBTP
[00:17:45] [54/445] NLPS
[00:17:46] [55/445] GTNA
[00:17:47] [56/445] DGGC
[00:17:48] [57/445] SMCR
[00:17:49] [58/445] SCGD
[00:17:50] [59/445] SRRJ
[00:17:51] 🔄 Identity reset
[00:17:51] 🔄 Identity rotated (every 10 requests)
[00:17:51] [60/445] CNRY
[00:17:52] [61/445] KTDI
[00:17:53] [62/445] SNJL
[00:17:54] [63/445] RKMD
[00:17:54] [64/445] SMDC
[00:17:56] [65/445] TADG
[00:17:56] [66/445] MCGS
[00:17:57] [67/445] PETK
[00:17:58] [68/445] CHAG
[00:17:59] [69/445] KSTL
[00:17:59] 🔄 Identity reset
[00:18:00] 🔄 Identity rotated (every 10 requests)
[00:18:00] [70/445] AADS
[00:18:01] [71/445] NTHZ
[00:18:02] [72/445] HCKI
[00:18:03] [73/445] SSEF
[00:18:03] [74/445] MCGX
[00:18:05] [75/445] ERRA
[00:18:06] [76/445] SDTW
[00:18:07] [77/445] RMPK
[00:18:08] [78/445] PTHK
[00:18:09] [79/445] PXCS
[00:18:09] 🔄 Identity reset
[00:18:09] 🔄 Identity rotated (every 10 requests)
[00:18:09] 🔄 Retry 1/5 for PXCS in 2.6s
[00:18:09] 🔄 Identity reset
[00:18:12] 🧠 New identity created
[00:18:12] [80/445] SVLU
[00:18:13] [81/445] STAH
[00:18:14] [82/445] JRGF
[00:18:15] [83/445] CDOK
[00:18:16] [84/445] CMSG
[00:18:17] [85/445] APTD
[00:18:18] [86/445] KMPG
[00:18:19] [87/445] MUTJ
[00:18:20] [88/445] VCCI
[00:18:21] 🔄 Identity reset
[00:18:21] 🔄 Identity rotated (every 10 requests)
[00:18:21] [89/445] URBE
[00:18:22] [90/445] TCTS
[00:18:24] [91/445] STSN
[00:18:26] [92/445] AKCH
[00:18:26] [93/445] APSC
[00:18:27] [94/445] VLTB
[00:18:29] [95/445] SANU
[00:18:30] [96/445] AXAM
[00:18:31] [97/445] MGMG
[00:18:32] [98/445] HTBY
[00:18:32] 🔄 Identity reset
[00:18:32] 🔄 Identity rotated (every 10 requests)
[00:18:32] 🔄 Retry 1/5 for HTBY in 2.5s
[00:18:32] 🔄 Identity reset
[00:18:35] 🧠 New identity created
[00:18:35] [99/445] MMZS
[00:18:36] [100/445] SUDR
[00:18:37] [101/445] CCAD
[00:18:37] [102/445] SKKC
[00:18:38] [103/445] RMCD
[00:18:39] [104/445] SBCQ
[00:18:40] [105/445] DCCT
[00:18:41] [106/445] VTKP
[00:18:42] [107/445] MLAM
[00:18:42] 🔄 Identity reset
[00:18:42] 🔄 Identity rotated (every 10 requests)
[00:18:42] 🔄 Retry 1/5 for MLAM in 2.6s
[00:18:42] 🔄 Identity reset
[00:18:45] 🧠 New identity created
[00:18:45] 🔄 Retry 2/5 for MLAM in 4.8s
[00:18:45] 🔄 Identity reset
[00:18:50] 🧠 New identity created
[00:18:50] [108/445] SAVT
[00:18:51] [109/445] GEPL
[00:18:52] [110/445] AMCD
[00:18:54] [111/445] CCXR
[00:18:55] [112/445] GRNG
[00:18:56] [113/445] EBCA
[00:18:57] [114/445] CNVG
[00:18:58] [115/445] MWSS
[00:18:58] 🔄 Identity reset
[00:18:58] 🔄 Identity rotated (every 10 requests)
[00:18:59] [116/445] VBOR
[00:19:00] [117/445] NEEB
[00:19:01] [118/445] SUTH
[00:19:02] [119/445] ANDB
[00:19:03] [120/445] MMXS
[00:19:03] [121/445] CNPD
[00:19:05] [122/445] SDCE
[00:19:06] [123/445] DHCB
[00:19:07] [124/445] ODEN
[00:19:08] [125/445] TNTC
[00:19:09] 🔄 Identity reset
[00:19:09] 🔄 Identity rotated (every 10 requests)
[00:19:09] [126/445] VBKM
[00:19:11] [127/445] RZYM
[00:19:11] [128/445] JEMC
[00:19:13] [129/445] CMAU
[00:19:13] [130/445] SIVP
[00:19:14] [131/445] ATAG
[00:19:15] [132/445] CHTM
[00:19:16] [133/445] AAEE
[00:19:17] [134/445] IWPM
[00:19:18] [135/445] KCMW
[00:19:18] 🔄 Identity reset
[00:19:18] 🔄 Identity rotated (every 10 requests)
[00:19:18] 🔄 Retry 1/5 for KCMW in 2.9s
[00:19:18] 🔄 Identity reset
[00:19:21] 🧠 New identity created
[00:19:22] [136/445] MCTD
[00:19:22] [137/445] SPWR
[00:19:23] [138/445] SDPO
[00:19:24] [139/445] PCSK
[00:19:25] [140/445] ACHV
[00:19:26] [141/445] SVLA
[00:19:26] [142/445] PICT
[00:19:27] [143/445] BXDR
[00:19:29] [144/445] SPWA
[00:19:29] 🔄 Identity reset
[00:19:29] 🔄 Identity rotated (every 10 requests)
[00:19:30] [145/445] MCKO
[00:19:30] [146/445] RTHK
[00:19:31] [147/445] CCMF
[00:19:32] [148/445] MRGB
[00:19:33] [149/445] CPLC
[00:19:33] [150/445] RACD
[00:19:34] [151/445] ATKT
[00:19:35] [152/445] SARN
[00:19:36] [153/445] KKUI
[00:19:36] [154/445] RGCM
[00:19:37] 🔄 Identity reset
[00:19:37] 🔄 Identity rotated (every 10 requests)
[00:19:37] 🔄 Retry 1/5 for RGCM in 2.2s
[00:19:37] 🔄 Identity reset
[00:19:39] 🧠 New identity created
[00:19:39] 🔄 Retry 2/5 for RGCM in 4.1s
[00:19:39] 🔄 Identity reset
[00:19:43] 🧠 New identity created
[00:19:43] [155/445] BRVP
[00:19:45] [156/445] HRSR
[00:19:46] [157/445] GKGM
[00:19:46] [158/445] TTCD
[00:19:47] [159/445] PTTI
[00:19:48] [160/445] MPTT
[00:19:49] [161/445] CVTT
[00:19:50] [162/445] PCXD
[00:19:51] 🔄 Identity reset
[00:19:51] 🔄 Identity rotated (every 10 requests)
[00:19:51] [163/445] GCDC
[00:19:52] [164/445] CCCF
[00:19:53] [165/445] MRAD
[00:19:54] [166/445] CPLK
[00:19:55] [167/445] SATB
[00:19:55] [168/445] SNVG
[00:19:56] [169/445] JMBA
[00:19:57] [170/445] TEJA
[00:19:58] [171/445] STYO
[00:19:58] [172/445] JTBP
[00:19:59] 🔄 Identity reset
[00:19:59] 🔄 Identity rotated (every 10 requests)
[00:19:59] [173/445] KRGD
[00:20:00] [174/445] SLJJ
[00:20:00] [175/445] SPTJ
[00:20:01] [176/445] SWJG
[00:20:02] [177/445] LKRT
[00:20:03] [178/445] KCKA
[00:20:04] [179/445] SNCR
[00:20:05] [180/445] SMKL
[00:20:05] [181/445] GCFA
[00:20:06] [182/445] DDCK
[00:20:07] 🔄 Identity reset
[00:20:07] 🔄 Identity rotated (every 10 requests)
[00:20:08] [183/445] NCHJ
[00:20:08] [184/445] RDMA
[00:20:09] [185/445] SVSV
[00:20:10] [186/445] SCJG
[00:20:11] [187/445] VKLP
[00:20:12] [188/445] NWCC
[00:20:13] [189/445] VKNS
[00:20:14] [190/445] SDDP
[00:20:14] [191/445] ACSI
[00:20:15] [192/445] SATG
[00:20:16] 🔄 Identity reset
[00:20:16] 🔄 Identity rotated (every 10 requests)
[00:20:16] [193/445] SCMW
[00:20:17] [194/445] LKTK
[00:20:17] [195/445] VCKV
[00:20:18] [196/445] KKPE
[00:20:19] [197/445] KIGH
[00:20:21] [198/445] SRPM
[00:20:22] [199/445] SCAH
[00:20:22] [200/445] MUTA
[00:20:23] [201/445] SEPU
[00:20:24] [202/445] INOA
[00:20:25] 🔄 Identity reset
[00:20:25] 🔄 Identity rotated (every 10 requests)
[00:20:25] [203/445] BASK
[00:20:26] [204/445] NECB
[00:20:27] [205/445] GTTG
[00:20:28] [206/445] ASSA
[00:20:29] [207/445] ANCL
[00:20:30] [208/445] GCTI
[00:20:30] [209/445] RCTS
[00:20:31] [210/445] ACNL
[00:20:32] [211/445] MYCT
[00:20:33] [212/445] NMHT
[00:20:33] 🔄 Identity reset
[00:20:33] 🔄 Identity rotated (every 10 requests)
[00:20:34] [213/445] MDIT
[00:20:34] [214/445] LATG
[00:20:35] [215/445] SMTY
[00:20:36] [216/445] CVCT
[00:20:36] [217/445] RAMB
[00:20:37] [218/445] TGMS
[00:20:38] [219/445] BHEL
[00:20:39] [220/445] SHCT
[00:20:40] [221/445] SVCT
[00:20:42] [222/445] MRIY
[00:20:42] 🔄 Identity reset
[00:20:42] 🔄 Identity rotated (every 10 requests)
[00:20:42] 🔄 Retry 1/5 for MRIY in 2.7s
[00:20:42] 🔄 Identity reset
[00:20:45] 🧠 New identity created
[00:20:45] [223/445] SARO
[00:20:46] [224/445] STCT
[00:20:48] [225/445] JKKC
[00:20:49] [226/445] PLTT
[00:20:50] [227/445] SRNT
[00:20:51] [228/445] YAST
[00:20:52] [229/445] PERL
[00:20:52] [230/445] CICM
[00:20:53] [231/445] MMTR
[00:20:54] 🔄 Identity reset
[00:20:54] 🔄 Identity rotated (every 10 requests)
[00:20:54] 🔄 Retry 1/5 for MMTR in 2.8s
[00:20:54] 🔄 Identity reset
[00:20:56] 🧠 New identity created
[00:20:57] [232/445] ABTK
[00:20:58] [233/445] ATYY
[00:20:58] [234/445] ASTK
[00:20:59] [235/445] VVCK
[00:21:00] [236/445] ATKY
[00:21:01] [237/445] GWEK
[00:21:02] [238/445] SVFH
[00:21:02] [239/445] SLTA
[00:21:03] [240/445] AASH
[00:21:03] 🔄 Identity reset
[00:21:04] 🔄 Identity rotated (every 10 requests)
[00:21:04] [241/445] ACXB
[00:21:05] [242/445] SMTX
[00:21:05] [243/445] AZDH
[00:21:06] [244/445] CMMH
[00:21:07] [245/445] SCSZ
[00:21:08] [246/445] SCKP
[00:21:09] [247/445] NXTM
[00:21:10] [248/445] NWCS
[00:21:11] [249/445] CXMH
[00:21:12] [250/445] PCMA
[00:21:13] 🔄 Identity reset
[00:21:13] 🔄 Identity rotated (every 10 requests)
[00:21:13] [251/445] SGCM
[00:21:14] [252/445] SDTU
[00:21:16] [253/445] MMVI
[00:21:16] [254/445] JKCM
[00:21:18] [255/445] VCMM
[00:21:19] [256/445] SYEE
[00:21:19] [257/445] VASD
[00:21:20] [258/445] BDRB
[00:21:21] [259/445] LASM
[00:21:23] [260/445] DCRL
[00:21:24] 🔄 Identity reset
[00:21:24] 🔄 Identity rotated (every 10 requests)
[00:21:24] 🔄 Retry 1/5 for DCRL in 2.2s
[00:21:24] 🔄 Identity reset
[00:21:26] 🧠 New identity created
[00:21:27] [261/445] DVPM
[00:21:28] [262/445] SBMJ
[00:21:28] [263/445] CBMU
[00:21:29] [264/445] IUBS
[00:21:30] [265/445] INAP
[00:21:31] [266/445] SRRC
[00:21:31] [267/445] SAGR
[00:21:32] [268/445] CPMJ
[00:21:33] [269/445] ATJL
[00:21:34] 🔄 Identity reset
[00:21:34] 🔄 Identity rotated (every 10 requests)
[00:21:34] [270/445] NNTD
[00:21:35] [271/445] JHCJ
[00:21:35] [272/445] CMMP
[00:21:36] [273/445] RSDR
[00:21:37] [274/445] AMTI
[00:21:38] [275/445] NYSG
[00:21:39] [276/445] AVSG
[00:21:40] [277/445] SYTP
[00:21:40] [278/445] LARC
[00:21:41] [279/445] RJTP
[00:21:42] 🔄 Identity reset
[00:21:42] 🔄 Identity rotated (every 10 requests)
[00:21:42] [280/445] LAKC
[00:21:43] [281/445] MCXE
[00:21:44] [282/445] CCZC
[00:21:45] [283/445] AVCH
[00:21:45] [284/445] CMBE
[00:21:47] [285/445] MRRC
[00:21:47] [286/445] PCPY
[00:21:48] [287/445] SRMH
[00:21:49] [288/445] SVGS
[00:21:51] [289/445] PCSE
[00:21:51] 🔄 Identity reset
[00:21:51] 🔄 Identity rotated (every 10 requests)
[00:21:51] 🔄 Retry 1/5 for PCSE in 2.2s
[00:21:51] 🔄 Identity reset
[00:21:54] 🧠 New identity created
[00:21:55] [290/445] SVFT
[00:21:55] [291/445] TNZP
[00:21:56] [292/445] ICTP
[00:21:57] [293/445] ACTZ
[00:21:58] [294/445] GTUR
[00:21:59] [295/445] MAFC
[00:21:59] [296/445] MINL
[00:22:00] [297/445] MRCL
[00:22:01] [298/445] RCRP
[00:22:01] 🔄 Identity reset
[00:22:01] 🔄 Identity rotated (every 10 requests)
[00:22:01] [299/445] RFFG
[00:22:02] [300/445] RMAS
[00:22:03] [301/445] INVR
[00:22:04] [302/445] RMAR
[00:22:04] [303/445] CNIS
[00:22:05] [304/445] RHRJ
[00:22:06] [305/445] INXR
[00:22:07] [306/445] VALT
[00:22:08] [307/445] LCSH
[00:22:09] [308/445] CMVS
[00:22:10] 🔄 Identity reset
[00:22:10] 🔄 Identity rotated (every 10 requests)
[00:22:10] [309/445] CNMS
[00:22:11] [310/445] ROOG
[00:22:11] [311/445] ISRM
[00:22:12] [312/445] RCRM
[00:22:13] [313/445] ACJA
[00:22:14] [314/445] RCVS
[00:22:15] [315/445] CPUS
[00:22:16] [316/445] TGCS
[00:22:17] [317/445] RKCJ
[00:22:18] [318/445] MKSB
[00:22:18] 🔄 Identity reset
[00:22:18] 🔄 Identity rotated (every 10 requests)
[00:22:18] [319/445] TCSJ
[00:22:19] [320/445] RMGP
[00:22:20] [321/445] CLLP
[00:22:21] [322/445] RCMV
[00:22:22] [323/445] CCKS
[00:22:23] [324/445] RSRP
[00:22:23] [325/445] APLP
[00:22:25] [326/445] CNVS
[00:22:26] [327/445] RMVY
[00:22:27] [328/445] PGBD
[00:22:27] 🔄 Identity reset
[00:22:27] 🔄 Identity rotated (every 10 requests)
[00:22:28] [329/445] KLMS
[00:22:29] [330/445] RUST
[00:22:30] [331/445] MASM
[00:22:32] [332/445] BACS
[00:22:32] [333/445] BWST
[00:22:33] [334/445] RRFH
[00:22:34] [335/445] SJTM
[00:22:34] [336/445] BEMR
[00:22:35] [337/445] MCGR
[00:22:37] [338/445] SDSK
[00:22:38] 🔄 Identity reset
[00:22:38] 🔄 Identity rotated (every 10 requests)
[00:22:38] [339/445] VBOL
[00:22:38] [340/445] RMGM
[00:22:40] [341/445] NOPL
[00:22:42] [342/445] MKJK
[00:22:43] [343/445] CVRN
[00:22:44] [344/445] MMEN
[00:22:44] [345/445] AMNG
[00:22:45] [346/445] INTM
[00:22:46] [347/445] SLCZ
[00:22:47] [348/445] AMJN
[00:22:48] 🔄 Identity reset
[00:22:48] 🔄 Identity rotated (every 10 requests)
[00:22:48] [349/445] ACJN
[00:22:48] [350/445] AMKN
[00:22:49] [351/445] BTCN
[00:22:50] [352/445] AMBT
[00:22:52] [353/445] PACN
[00:22:52] [354/445] LCNS
[00:22:53] [355/445] PPKC
[00:22:54] [356/445] JYYN
[00:22:56] [357/445] JTNR
[00:22:56] [358/445] GTEE
[00:22:57] 🔄 Identity reset
[00:22:57] 🔄 Identity rotated (every 10 requests)
[00:22:57] [359/445] SRNM
[00:22:58] [360/445] SDTC
[00:22:58] [361/445] VPCA
[00:23:00] [362/445] VLRA
[00:23:01] [363/445] SHKR
[00:23:02] [364/445] SBKD
[00:23:02] [365/445] SAAD
[00:23:03] [366/445] JTGN
[00:23:05] [367/445] SLAM
[00:23:06] [368/445] VTPM
[00:23:07] 🔄 Identity reset
[00:23:07] 🔄 Identity rotated (every 10 requests)
[00:23:07] [369/445] ANPT
[00:23:08] [370/445] PUNB
[00:23:09] [371/445] CPKT
[00:23:10] [372/445] CNWE
[00:23:11] [373/445] ECPP
[00:23:12] [374/445] CPAR
[00:23:14] [375/445] ESBW
[00:23:15] [376/445] PKPU
[00:23:16] [377/445] CPRP
[00:23:17] [378/445] RAHU
[00:23:18] 🔄 Identity reset
[00:23:18] 🔄 Identity rotated (every 10 requests)
[00:23:19] [379/445] RHMN
[00:23:19] [380/445] FMJP
[00:23:20] [381/445] CTMP
[00:23:21] [382/445] INPN
[00:23:22] [383/445] STTG
[00:23:23] [384/445] CTRD
[00:23:24] [385/445] PUVB
[00:23:25] [386/445] ESVP
[00:23:25] [387/445] CPFT
[00:23:26] [388/445] LCPC
[00:23:27] 🔄 Identity reset
[00:23:27] 🔄 Identity rotated (every 10 requests)
[00:23:27] [389/445] VBCT
[00:23:28] [390/445] FSCW
[00:23:29] [391/445] VCMP
[00:23:30] [392/445] ASHC
[00:23:30] [393/445] VLCX
[00:23:31] [394/445] SHEV
[00:23:31] [395/445] APCO
[00:23:32] [396/445] SILC
[00:23:33] [397/445] SNMR
[00:23:35] [398/445] KYBO
[00:23:35] 🔄 Identity reset
[00:23:35] 🔄 Identity rotated (every 10 requests)
[00:23:35] [399/445] SATK
[00:23:36] [400/445] SSCS
[00:23:38] [401/445] CLSB
[00:23:39] [402/445] KMJR
[00:23:39] [403/445] FSCK
[00:23:40] [404/445] NNKA
[00:23:41] [405/445] CLMK
[00:23:42] [406/445] DMPZ
[00:23:42] [407/445] INQM
[00:23:43] [408/445] CAML
[00:23:44] 🔄 Identity reset
[00:23:44] 🔄 Identity rotated (every 10 requests)
[00:23:44] [409/445] INRK
[00:23:45] [410/445] IMKN
[00:23:46] [411/445] SVNR
[00:23:47] [412/445] INSL
[00:23:47] [413/445] MSMA
[00:23:48] [414/445] MCKK
[00:23:49] [415/445] FCHP
[00:23:50] [416/445] SFCR
[00:23:51] [417/445] NACK
[00:23:52] [418/445] PVAK
[00:23:52] 🔄 Identity reset
[00:23:52] 🔄 Identity rotated (every 10 requests)
[00:23:52] [419/445] INER
[00:23:54] [420/445] RDBK
[00:23:54] [421/445] SVFN
[00:23:55] [422/445] IFRM
[00:23:56] [423/445] ATCK
[00:23:57] [424/445] ASKO
[00:23:58] [425/445] STKT
[00:23:59] [426/445] SVFB
[00:24:00] [427/445] INKS
[00:24:01] [428/445] PCRA
[00:24:02] 🔄 Identity reset
[00:24:02] 🔄 Identity rotated (every 10 requests)
[00:24:02] [429/445] ATJA
[00:24:03] [430/445] IMJN
[00:24:05] [431/445] INHD
[00:24:06] [432/445] BARA
[00:24:06] [433/445] MCSL
[00:24:07] [434/445] RTOY
[00:24:08] [435/445] MENO
[00:24:09] [436/445] PUDM
[00:24:10] [437/445] PRCN
[00:24:11] [438/445] JMJR
[00:24:11] 🔄 Identity reset
[00:24:11] 🔄 Identity rotated (every 10 requests)
[00:24:11] [439/445] SSGK
[00:24:12] [440/445] SSRL
[00:24:13] [441/445] JYKL
[00:24:14] [442/445] ACNB
[00:24:15] [443/445] SONP
[00:24:16] [444/445] EMCI
[00:24:17] [445/445] MRJH
[00:24:18] ✅ DONE | Shows=2 | Movies=2
[01:16:56] 🚀 BMS DAILY TRACKER STARTED (enhanced anti‑detection)
[01:16:56] [1/445] TGMR
[01:16:56] 🧠 New identity created
[01:16:58] [2/445] CXKR
[01:16:59] [3/445] SROP
[01:17:00] [4/445] GTSV
[01:17:02] [5/445] SNTY
[01:17:04] [6/445] SMYY
[01:17:05] [7/445] CNCS
[01:17:06] [8/445] CSTM
[01:17:07] [9/445] NUCD
[01:17:08] [10/445] SHCZ
[01:17:08] 🔄 Identity reset
[01:17:08] 🔄 Identity rotated (every 10 requests)
[01:17:08] [11/445] NJCT
[01:17:09] [12/445] COPC
[01:17:10] [13/445] STVV
[01:17:11] [14/445] SKRN
[01:17:12] [15/445] APPZ
[01:17:13] [16/445] YMGN
[01:17:13] [17/445] SVTU
[01:17:14] [18/445] GTAD
[01:17:15] [19/445] PSUS
[01:17:16] [20/445] SMCD
[01:17:17] 🔄 Identity reset
[01:17:17] 🔄 Identity rotated (every 10 requests)
[01:17:17] [21/445] CMCM
[01:17:18] [22/445] SYCT
[01:17:19] [23/445] STLY
[01:17:20] [24/445] CMHU
[01:17:21] [25/445] CMSA
[01:17:22] [26/445] CLCU
[01:17:23] [27/445] PPNT
[01:17:24] [28/445] JTAB
[01:17:25] [29/445] BUUC
[01:17:26] [30/445] BSVK
[01:17:26] 🔄 Identity reset
[01:17:26] 🔄 Identity rotated (every 10 requests)
[01:17:27] [31/445] VVVQ
[01:17:28] [32/445] TKMU
[01:17:29] [33/445] ESYL
[01:17:29] [34/445] ACHP
[01:17:31] [35/445] BTKD
[01:17:32] [36/445] DESA
[01:17:33] [37/445] GBCT
[01:17:34] [38/445] BLLD
[01:17:34] [39/445] SKNT
[01:17:35] [40/445] SSTE
[01:17:36] 🔄 Identity reset
[01:17:36] 🔄 Identity rotated (every 10 requests)
[01:17:36] [41/445] VJMR
[01:17:37] [42/445] NTPU
[01:17:38] [43/445] RDKN
[01:17:40] [44/445] ADGC
[01:17:40] [45/445] VRBP
[01:17:42] [46/445] NMNA
[01:17:43] [47/445] CMMX
[01:17:44] [48/445] PTKO
[01:17:45] [49/445] RBML
[01:17:45] [50/445] SAIC
[01:17:46] 🔄 Identity reset
[01:17:46] 🔄 Identity rotated (every 10 requests)
[01:17:46] [51/445] SVTJ
[01:17:47] [52/445] MRTE
[01:17:48] [53/445] RBTP
[01:17:49] [54/445] NLPS
[01:17:50] [55/445] GTNA
[01:17:51] [56/445] DGGC
[01:17:52] [57/445] SMCR
[01:17:53] [58/445] SCGD
[01:17:54] [59/445] SRRJ
[01:17:54] [60/445] CNRY
[01:17:55] 🔄 Identity reset
[01:17:55] 🔄 Identity rotated (every 10 requests)
[01:17:56] [61/445] KTDI
[01:17:57] [62/445] SNJL
[01:17:58] [63/445] RKMD
[01:17:59] [64/445] SMDC
[01:18:00] [65/445] TADG
[01:18:01] [66/445] MCGS
[01:18:02] [67/445] PETK
[01:18:03] [68/445] CHAG
[01:18:04] [69/445] KSTL
[01:18:06] [70/445] AADS
[01:18:06] 🔄 Identity reset
[01:18:06] 🔄 Identity rotated (every 10 requests)
[01:18:07] [71/445] NTHZ
[01:18:08] [72/445] HCKI
[01:18:09] [73/445] SSEF
[01:18:09] [74/445] MCGX
[01:18:10] [75/445] ERRA
[01:18:11] [76/445] SDTW
[01:18:12] [77/445] RMPK
[01:18:13] [78/445] PTHK
[01:18:14] [79/445] PXCS
[01:18:16] [80/445] SVLU
[01:18:17] 🔄 Identity reset
[01:18:17] 🔄 Identity rotated (every 10 requests)
[01:18:17] [81/445] STAH
[01:18:18] [82/445] JRGF
[01:18:19] [83/445] CDOK
[01:18:20] [84/445] CMSG
[01:18:21] [85/445] APTD
[01:18:22] [86/445] KMPG
[01:18:23] [87/445] MUTJ
[01:18:24] [88/445] VCCI
[01:18:25] [89/445] URBE
[01:18:26] [90/445] TCTS
[01:18:26] 🔄 Identity reset
[01:18:26] 🔄 Identity rotated (every 10 requests)
[01:18:27] [91/445] STSN
[01:18:28] [92/445] AKCH
[01:18:28] [93/445] APSC
[01:18:29] [94/445] VLTB
[01:18:30] [95/445] SANU
[01:18:31] [96/445] AXAM
[01:18:32] [97/445] MGMG
[01:18:33] [98/445] HTBY
[01:18:34] [99/445] MMZS
[01:18:35] [100/445] SUDR
[01:18:36] 🔄 Identity reset
[01:18:36] 🔄 Identity rotated (every 10 requests)
[01:18:36] 🔄 Retry 1/5 for SUDR in 2.6s
[01:18:36] 🔄 Identity reset
[01:18:39] 🧠 New identity created
[01:18:39] [101/445] CCAD
[01:18:40] [102/445] SKKC
[01:18:41] [103/445] RMCD
[01:18:41] [104/445] SBCQ
[01:18:42] [105/445] DCCT
[01:18:43] [106/445] VTKP
[01:18:44] [107/445] MLAM
[01:18:45] [108/445] SAVT
[01:18:46] [109/445] GEPL
[01:18:46] 🔄 Identity reset
[01:18:46] 🔄 Identity rotated (every 10 requests)
[01:18:47] [110/445] AMCD
[01:18:48] [111/445] CCXR
[01:18:49] [112/445] GRNG
[01:18:50] [113/445] EBCA
[01:18:50] [114/445] CNVG
[01:18:52] [115/445] MWSS
[01:18:53] [116/445] VBOR
[01:18:54] [117/445] NEEB
[01:18:55] [118/445] SUTH
[01:18:56] [119/445] ANDB
[01:18:57] 🔄 Identity reset
[01:18:57] 🔄 Identity rotated (every 10 requests)
[01:18:57] 🔄 Retry 1/5 for ANDB in 2.2s
[01:18:57] 🔄 Identity reset
[01:18:59] 🧠 New identity created
[01:18:59] [120/445] MMXS
[01:19:01] [121/445] CNPD
[01:19:02] [122/445] SDCE
[01:19:03] [123/445] DHCB
[01:19:04] [124/445] ODEN
[01:19:06] [125/445] TNTC
[01:19:07] [126/445] VBKM
[01:19:08] [127/445] RZYM
[01:19:08] [128/445] JEMC
[01:19:09] 🔄 Identity reset
[01:19:09] 🔄 Identity rotated (every 10 requests)
[01:19:09] 🔄 Retry 1/5 for JEMC in 2.5s
[01:19:09] 🔄 Identity reset
[01:19:11] 🧠 New identity created
[01:19:12] [129/445] CMAU
[01:19:13] [130/445] SIVP
[01:19:14] [131/445] ATAG
[01:19:15] [132/445] CHTM
[01:19:16] [133/445] AAEE
[01:19:16] [134/445] IWPM
[01:19:18] [135/445] KCMW
[01:19:18] [136/445] MCTD
[01:19:19] [137/445] SPWR
[01:19:20] 🔄 Identity reset
[01:19:20] 🔄 Identity rotated (every 10 requests)
[01:19:20] [138/445] SDPO
[01:19:21] [139/445] PCSK
[01:19:22] [140/445] ACHV
[01:19:23] [141/445] SVLA
[01:19:24] [142/445] PICT
[01:19:25] [143/445] BXDR
[01:19:26] [144/445] SPWA
[01:19:29] [145/445] MCKO
[01:19:30] [146/445] RTHK
[01:19:31] [147/445] CCMF
[01:19:32] 🔄 Identity reset
[01:19:32] 🔄 Identity rotated (every 10 requests)
[01:19:32] [148/445] MRGB
[01:19:34] [149/445] CPLC
[01:19:35] [150/445] RACD
[01:19:37] [151/445] ATKT
[01:19:38] [152/445] SARN
[01:19:39] [153/445] KKUI
[01:19:40] [154/445] RGCM
[01:19:41] [155/445] BRVP
[01:19:42] [156/445] HRSR
[01:19:43] [157/445] GKGM
[01:19:44] 🔄 Identity reset
[01:19:44] 🔄 Identity rotated (every 10 requests)
[01:19:44] [158/445] TTCD
[01:19:45] [159/445] PTTI
[01:19:46] [160/445] MPTT
[01:19:47] [161/445] CVTT
[01:19:48] [162/445] PCXD
[01:19:48] [163/445] GCDC
[01:19:49] [164/445] CCCF
[01:19:50] [165/445] MRAD
[01:19:51] [166/445] CPLK
[01:19:53] [167/445] SATB
[01:19:53] 🔄 Identity reset
[01:19:53] 🔄 Identity rotated (every 10 requests)
[01:19:54] [168/445] SNVG
[01:19:55] [169/445] JMBA
[01:19:56] [170/445] TEJA
[01:19:57] [171/445] STYO
[01:19:58] [172/445] JTBP
[01:19:59] [173/445] KRGD
[01:20:00] [174/445] SLJJ
[01:20:02] [175/445] SPTJ
[01:20:03] [176/445] SWJG
[01:20:04] [177/445] LKRT
[01:20:04] 🔄 Identity reset
[01:20:04] 🔄 Identity rotated (every 10 requests)
[01:20:05] [178/445] KCKA
[01:20:06] [179/445] SNCR
[01:20:07] [180/445] SMKL
[01:20:08] [181/445] GCFA
[01:20:09] [182/445] DDCK
[01:20:11] [183/445] NCHJ
[01:20:12] [184/445] RDMA
[01:20:13] [185/445] SVSV
[01:20:14] [186/445] SCJG
[01:20:15] [187/445] VKLP
[01:20:16] 🔄 Identity reset
[01:20:16] 🔄 Identity rotated (every 10 requests)
[01:20:16] [188/445] NWCC
[01:20:17] [189/445] VKNS
[01:20:18] [190/445] SDDP
[01:20:19] [191/445] ACSI
[01:20:20] [192/445] SATG
[01:20:21] [193/445] SCMW
[01:20:22] [194/445] LKTK
[01:20:22] [195/445] VCKV
[01:20:24] [196/445] KKPE
[01:20:25] [197/445] KIGH
[01:20:25] 🔄 Identity reset
[01:20:25] 🔄 Identity rotated (every 10 requests)
[01:20:25] [198/445] SRPM
[01:20:26] [199/445] SCAH
[01:20:28] [200/445] MUTA
[01:20:29] [201/445] SEPU
[01:20:30] [202/445] INOA
[01:20:31] [203/445] BASK
[01:20:32] [204/445] NECB
[01:20:33] [205/445] GTTG
[01:20:34] [206/445] ASSA
[01:20:34] [207/445] ANCL
[01:20:35] 🔄 Identity reset
[01:20:35] 🔄 Identity rotated (every 10 requests)
[01:20:35] [208/445] GCTI
[01:20:36] [209/445] RCTS
[01:20:37] [210/445] ACNL
[01:20:39] [211/445] MYCT
[01:20:40] [212/445] NMHT
[01:20:41] [213/445] MDIT
[01:20:42] [214/445] LATG
[01:20:43] [215/445] SMTY
[01:20:44] [216/445] CVCT
[01:20:45] [217/445] RAMB
[01:20:45] 🔄 Identity reset
[01:20:45] 🔄 Identity rotated (every 10 requests)
[01:20:46] [218/445] TGMS
[01:20:47] [219/445] BHEL
[01:20:49] [220/445] SHCT
[01:20:50] [221/445] SVCT
[01:20:52] [222/445] MRIY
[01:20:54] [223/445] SARO
[01:20:54] [224/445] STCT
[01:20:55] [225/445] JKKC
[01:20:56] [226/445] PLTT
[01:20:57] [227/445] SRNT
[01:20:58] 🔄 Identity reset
[01:20:58] 🔄 Identity rotated (every 10 requests)
[01:20:58] [228/445] YAST
[01:20:59] [229/445] PERL
[01:21:00] [230/445] CICM
[01:21:01] [231/445] MMTR
[01:21:02] [232/445] ABTK
[01:21:03] [233/445] ATYY
[01:21:04] [234/445] ASTK
[01:21:05] [235/445] VVCK
[01:21:06] [236/445] ATKY
[01:21:08] [237/445] GWEK
[01:21:09] 🔄 Identity reset
[01:21:09] 🔄 Identity rotated (every 10 requests)
[01:21:09] 🔄 Retry 1/5 for GWEK in 2.4s
[01:21:09] 🔄 Identity reset
[01:21:11] 🧠 New identity created
[01:21:12] [238/445] SVFH
[01:21:13] [239/445] SLTA
[01:21:14] [240/445] AASH
[01:21:16] [241/445] ACXB
[01:21:17] [242/445] SMTX
[01:21:18] [243/445] AZDH
[01:21:19] [244/445] CMMH
[01:21:20] [245/445] SCSZ
[01:21:21] [246/445] SCKP
[01:21:21] 🔄 Identity reset
[01:21:21] 🔄 Identity rotated (every 10 requests)
[01:21:22] [247/445] NXTM
[01:21:23] [248/445] NWCS
[01:21:24] [249/445] CXMH
[01:21:25] [250/445] PCMA
[01:21:26] [251/445] SGCM
[01:21:27] [252/445] SDTU
[01:21:28] [253/445] MMVI
[01:21:30] [254/445] JKCM
[01:21:31] [255/445] VCMM
[01:21:32] [256/445] SYEE
[01:21:33] 🔄 Identity reset
[01:21:33] 🔄 Identity rotated (every 10 requests)
[01:21:33] 🔄 Retry 1/5 for SYEE in 2.2s
[01:21:33] 🔄 Identity reset
[01:21:35] 🧠 New identity created
[01:21:36] [257/445] VASD
[01:21:37] [258/445] BDRB
[01:21:38] [259/445] LASM
[01:21:39] [260/445] DCRL
[01:21:40] [261/445] DVPM
[01:21:41] [262/445] SBMJ
[01:21:42] [263/445] CBMU
[01:21:43] [264/445] IUBS
[01:21:45] [265/445] INAP
[01:21:46] 🔄 Identity reset
[01:21:46] 🔄 Identity rotated (every 10 requests)
[01:21:47] [266/445] SRRC
[01:21:48] [267/445] SAGR
[01:21:49] [268/445] CPMJ
[01:21:50] [269/445] ATJL
[01:21:51] [270/445] NNTD
[01:21:52] [271/445] JHCJ
[01:21:53] [272/445] CMMP
[01:21:54] [273/445] RSDR
[01:21:55] [274/445] AMTI
[01:21:56] [275/445] NYSG
[01:21:56] 🔄 Identity reset
[01:21:56] 🔄 Identity rotated (every 10 requests)
[01:21:57] [276/445] AVSG
[01:21:57] [277/445] SYTP
[01:21:59] [278/445] LARC
[01:22:00] [279/445] RJTP
[01:22:01] [280/445] LAKC
[01:22:02] [281/445] MCXE
[01:22:03] [282/445] CCZC
[01:22:04] [283/445] AVCH
[01:22:05] [284/445] CMBE
[01:22:06] [285/445] MRRC
[01:22:07] 🔄 Identity reset
[01:22:07] 🔄 Identity rotated (every 10 requests)
[01:22:07] 🔄 Retry 1/5 for MRRC in 2.7s
[01:22:07] 🔄 Identity reset
[01:22:10] 🧠 New identity created
[01:22:10] [286/445] PCPY
[01:22:11] [287/445] SRMH
[01:22:12] [288/445] SVGS
[01:22:13] [289/445] PCSE
[01:22:14] [290/445] SVFT
[01:22:15] [291/445] TNZP
[01:22:16] [292/445] ICTP
[01:22:17] [293/445] ACTZ
[01:22:18] [294/445] GTUR
[01:22:19] 🔄 Identity reset
[01:22:19] 🔄 Identity rotated (every 10 requests)
[01:22:19] [295/445] MAFC
[01:22:20] [296/445] MINL
[01:22:21] [297/445] MRCL
[01:22:22] [298/445] RCRP
[01:22:23] [299/445] RFFG
[01:22:24] [300/445] RMAS
[01:22:25] [301/445] INVR
[01:22:26] [302/445] RMAR
[01:22:27] [303/445] CNIS
[01:22:28] [304/445] RHRJ
[01:22:29] 🔄 Identity reset
[01:22:29] 🔄 Identity rotated (every 10 requests)
[01:22:29] [305/445] INXR
[01:22:30] [306/445] VALT
[01:22:31] [307/445] LCSH
[01:22:32] [308/445] CMVS
[01:22:34] [309/445] CNMS
[01:22:36] [310/445] ROOG
[01:22:37] [311/445] ISRM
[01:22:38] [312/445] RCRM
[01:22:39] [313/445] ACJA
[01:22:40] [314/445] RCVS
[01:22:41] 🔄 Identity reset
[01:22:41] 🔄 Identity rotated (every 10 requests)
[01:22:41] [315/445] CPUS
[01:22:42] [316/445] TGCS
[01:22:43] [317/445] RKCJ
[01:22:44] [318/445] MKSB
[01:22:44] [319/445] TCSJ
[01:22:45] [320/445] RMGP
[01:22:46] [321/445] CLLP
[01:22:47] [322/445] RCMV
[01:22:48] [323/445] CCKS
[01:22:49] [324/445] RSRP
[01:22:49] 🔄 Identity reset
[01:22:49] 🔄 Identity rotated (every 10 requests)
[01:22:50] [325/445] APLP
[01:22:52] [326/445] CNVS
[01:22:53] [327/445] RMVY
[01:22:54] [328/445] PGBD
[01:23:07] 🔄 Retry 1/5 for PGBD in 2.9s
[01:23:07] 🔄 Identity reset
[01:23:10] 🧠 New identity created
[01:23:15] [329/445] KLMS
[01:23:16] [330/445] RUST
[01:23:20] [331/445] MASM
[01:23:21] [332/445] BACS
[01:23:22] [333/445] BWST
[01:23:22] 🔄 Identity reset
[01:23:22] 🔄 Identity rotated (every 10 requests)
[01:23:23] [334/445] RRFH
[01:23:23] [335/445] SJTM
[01:23:24] [336/445] BEMR
[01:23:28] [337/445] MCGR
[01:23:29] [338/445] SDSK
[01:23:30] [339/445] VBOL
[01:23:30] [340/445] RMGM
[01:23:31] [341/445] NOPL
[01:23:32] [342/445] MKJK
[01:23:33] [343/445] CVRN
[01:23:34] 🔄 Identity reset
[01:23:34] 🔄 Identity rotated (every 10 requests)
[01:23:35] [344/445] MMEN
[01:23:36] [345/445] AMNG
[01:23:37] [346/445] INTM
[01:23:38] [347/445] SLCZ
[01:23:39] [348/445] AMJN
[01:23:40] [349/445] ACJN
[01:23:41] [350/445] AMKN
[01:23:42] [351/445] BTCN
[01:23:43] [352/445] AMBT
[01:23:44] [353/445] PACN
[01:23:45] 🔄 Identity reset
[01:23:45] 🔄 Identity rotated (every 10 requests)
[01:23:45] 🔄 Retry 1/5 for PACN in 2.0s
[01:23:45] 🔄 Identity reset
[01:23:47] 🧠 New identity created
[01:23:48] [354/445] LCNS
[01:23:49] [355/445] PPKC
[01:23:50] [356/445] JYYN
[01:23:51] [357/445] JTNR
[01:23:52] [358/445] GTEE
[01:23:52] [359/445] SRNM
[01:23:53] [360/445] SDTC
[01:23:54] [361/445] VPCA
[01:23:55] [362/445] VLRA
[01:23:56] 🔄 Identity reset
[01:23:56] 🔄 Identity rotated (every 10 requests)
[01:23:56] [363/445] SHKR
[01:23:57] [364/445] SBKD
[01:23:58] [365/445] SAAD
[01:23:59] [366/445] JTGN
[01:24:00] [367/445] SLAM
[01:24:01] [368/445] VTPM
[01:24:02] [369/445] ANPT
[01:24:03] [370/445] PUNB
[01:24:04] [371/445] CPKT
[01:24:05] [372/445] CNWE
[01:24:05] 🔄 Identity reset
[01:24:05] 🔄 Identity rotated (every 10 requests)
[01:24:05] [373/445] ECPP
[01:24:06] [374/445] CPAR
[01:24:07] [375/445] ESBW
[01:24:08] [376/445] PKPU
[01:24:09] [377/445] CPRP
[01:24:16] [378/445] RAHU
[01:24:17] [379/445] RHMN
[01:24:18] [380/445] FMJP
[01:24:19] [381/445] CTMP
[01:24:20] [382/445] INPN
[01:24:21] 🔄 Identity reset
[01:24:21] 🔄 Identity rotated (every 10 requests)
[01:24:21] 🔄 Retry 1/5 for INPN in 2.6s
[01:24:21] 🔄 Identity reset
[01:24:24] 🧠 New identity created
[01:24:24] [383/445] STTG
[01:24:25] [384/445] CTRD
[01:24:26] [385/445] PUVB
[01:24:27] [386/445] ESVP
[01:24:28] [387/445] CPFT
[01:24:29] [388/445] LCPC
[01:24:30] [389/445] VBCT
[01:24:31] [390/445] FSCW
[01:24:32] [391/445] VCMP
[01:24:33] 🔄 Identity reset
[01:24:33] 🔄 Identity rotated (every 10 requests)
[01:24:33] [392/445] ASHC
[01:24:34] [393/445] VLCX
[01:24:35] [394/445] SHEV
[01:24:36] [395/445] APCO
[01:24:36] [396/445] SILC
[01:24:37] [397/445] SNMR
[01:24:38] [398/445] KYBO
[01:24:39] [399/445] SATK
[01:24:40] [400/445] SSCS
[01:24:41] [401/445] CLSB
[01:24:42] 🔄 Identity reset
[01:24:42] 🔄 Identity rotated (every 10 requests)
[01:24:43] [402/445] KMJR
[01:24:44] [403/445] FSCK
[01:24:45] [404/445] NNKA
[01:24:46] [405/445] CLMK
[01:24:47] [406/445] DMPZ
[01:24:48] [407/445] INQM
[01:24:49] [408/445] CAML
[01:24:50] [409/445] INRK
[01:24:51] [410/445] IMKN
[01:24:52] [411/445] SVNR
[01:24:53] 🔄 Identity reset
[01:24:53] 🔄 Identity rotated (every 10 requests)
[01:24:54] [412/445] INSL
[01:24:54] [413/445] MSMA
[01:24:56] [414/445] MCKK
[01:24:58] [415/445] FCHP
[01:24:59] [416/445] SFCR
[01:25:00] [417/445] NACK
[01:25:01] [418/445] PVAK
[01:25:01] [419/445] INER
[01:25:02] [420/445] RDBK
[01:25:03] [421/445] SVFN
[01:25:04] 🔄 Identity reset
[01:25:04] 🔄 Identity rotated (every 10 requests)
[01:25:04] [422/445] IFRM
[01:25:05] [423/445] ATCK
[01:25:07] [424/445] ASKO
[01:25:08] [425/445] STKT
[01:25:09] [426/445] SVFB
[01:25:10] [427/445] INKS
[01:25:16] [428/445] PCRA
[01:25:21] [429/445] ATJA
[01:25:22] [430/445] IMJN
[01:25:23] [431/445] INHD
[01:25:24] 🔄 Identity reset
[01:25:24] 🔄 Identity rotated (every 10 requests)
[01:25:25] [432/445] BARA
[01:25:26] [433/445] MCSL
[01:25:27] [434/445] RTOY
[01:25:28] [435/445] MENO
[01:25:29] [436/445] PUDM
[01:25:29] [437/445] PRCN
[01:25:30] [438/445] JMJR
[01:25:31] [439/445] SSGK
[01:25:32] [440/445] SSRL
[01:25:33] [441/445] JYKL
[01:25:34] 🔄 Identity reset
[01:25:34] 🔄 Identity rotated (every 10 requests)
[01:25:34] [442/445] ACNB
[01:25:35] [443/445] SONP
[01:25:36] [444/445] EMCI
[01:25:37] [445/445] MRJH
[01:25:38] ✅ DONE | Shows=2 | Movies=2
[02:17:19] 🚀 BMS DAILY TRACKER STARTED (enhanced anti‑detection)
[02:17:19] [1/445] TGMR
[02:17:20] 🧠 New identity created
[02:17:20] [2/445] CXKR
[02:17:21] [3/445] SROP
[02:17:22] [4/445] GTSV
[02:17:24] [5/445] SNTY
[02:17:25] [6/445] SMYY
[02:17:26] [7/445] CNCS
[02:17:28] [8/445] CSTM
[02:17:29] [9/445] NUCD
[02:17:30] [10/445] SHCZ
[02:17:31] 🔄 Identity reset
[02:17:31] 🔄 Identity rotated (every 10 requests)
[02:17:31] [11/445] NJCT
[02:17:33] [12/445] COPC
[02:17:34] [13/445] STVV
[02:17:36] [14/445] SKRN
[02:17:37] [15/445] APPZ
[02:17:38] [16/445] YMGN
[02:17:39] [17/445] SVTU
[02:17:40] [18/445] GTAD
[02:17:41] [19/445] PSUS
[02:17:42] [20/445] SMCD
[02:17:43] 🔄 Identity reset
[02:17:43] 🔄 Identity rotated (every 10 requests)
[02:17:43] [21/445] CMCM
[02:17:44] [22/445] SYCT
[02:17:45] [23/445] STLY
[02:17:46] [24/445] CMHU
[02:17:47] [25/445] CMSA
[02:17:48] [26/445] CLCU
[02:17:50] [27/445] PPNT
[02:17:51] [28/445] JTAB
[02:17:52] [29/445] BUUC
[02:17:53] [30/445] BSVK
[02:17:54] 🔄 Identity reset
[02:17:54] 🔄 Identity rotated (every 10 requests)
[02:17:54] [31/445] VVVQ
[02:17:55] [32/445] TKMU
[02:17:56] [33/445] ESYL
[02:17:58] [34/445] ACHP
[02:17:59] [35/445] BTKD
[02:18:00] [36/445] DESA
[02:18:01] [37/445] GBCT
[02:18:02] [38/445] BLLD
[02:18:03] [39/445] SKNT
[02:18:04] [40/445] SSTE
[02:18:05] 🔄 Identity reset
[02:18:05] 🔄 Identity rotated (every 10 requests)
[02:18:05] [41/445] VJMR
[02:18:06] [42/445] NTPU
[02:18:08] [43/445] RDKN
[02:18:09] [44/445] ADGC
[02:18:10] [45/445] VRBP
[02:18:11] [46/445] NMNA
[02:18:12] [47/445] CMMX
[02:18:14] [48/445] PTKO
[02:18:15] [49/445] RBML
[02:18:16] [50/445] SAIC
[02:18:17] 🔄 Identity reset
[02:18:17] 🔄 Identity rotated (every 10 requests)
[02:18:17] [51/445] SVTJ
[02:18:18] [52/445] MRTE
[02:18:19] [53/445] RBTP
[02:18:20] [54/445] NLPS
[02:18:21] [55/445] GTNA
[02:18:22] [56/445] DGGC
[02:18:23] [57/445] SMCR
[02:18:24] [58/445] SCGD
[02:18:25] [59/445] SRRJ
[02:18:26] [60/445] CNRY
[02:18:26] 🔄 Identity reset
[02:18:26] 🔄 Identity rotated (every 10 requests)
[02:18:26] 🔄 Retry 1/5 for CNRY in 2.1s
[02:18:26] 🔄 Identity reset
[02:18:28] 🧠 New identity created
[02:18:28] 🔄 Retry 2/5 for CNRY in 4.3s
[02:18:28] 🔄 Identity reset
[02:18:33] 🧠 New identity created
[02:18:33] [61/445] KTDI
[02:18:34] [62/445] SNJL
[02:18:36] [63/445] RKMD
[02:18:37] [64/445] SMDC
[02:18:38] [65/445] TADG
[02:18:39] [66/445] MCGS
[02:18:40] [67/445] PETK
[02:18:41] [68/445] CHAG
[02:18:42] 🔄 Identity reset
[02:18:42] 🔄 Identity rotated (every 10 requests)
[02:18:42] [69/445] KSTL
[02:18:43] [70/445] AADS
[02:18:44] [71/445] NTHZ
[02:18:47] [72/445] HCKI
[02:18:48] [73/445] SSEF
[02:18:49] [74/445] MCGX
[02:18:50] [75/445] ERRA
[02:18:52] [76/445] SDTW
[02:18:54] [77/445] RMPK
[02:18:56] [78/445] PTHK
[02:18:56] 🔄 Identity reset
[02:18:56] 🔄 Identity rotated (every 10 requests)
[02:18:56] 🔄 Retry 1/5 for PTHK in 2.4s
[02:18:56] 🔄 Identity reset
[02:18:59] 🧠 New identity created
[02:19:00] [79/445] PXCS
[02:19:03] [80/445] SVLU
[02:19:04] [81/445] STAH
[02:19:05] [82/445] JRGF
[02:19:06] [83/445] CDOK
[02:19:06] [84/445] CMSG
[02:19:07] [85/445] APTD
[02:19:08] [86/445] KMPG
[02:19:09] [87/445] MUTJ
[02:19:10] 🔄 Identity reset
[02:19:10] 🔄 Identity rotated (every 10 requests)
[02:19:10] [88/445] VCCI
[02:19:11] [89/445] URBE
[02:19:13] [90/445] TCTS
[02:19:14] [91/445] STSN
[02:19:16] [92/445] AKCH
[02:19:17] [93/445] APSC
[02:19:18] [94/445] VLTB
[02:19:19] [95/445] SANU
[02:19:20] [96/445] AXAM
[02:19:22] [97/445] MGMG
[02:19:22] 🔄 Identity reset
[02:19:22] 🔄 Identity rotated (every 10 requests)
[02:19:23] [98/445] HTBY
[02:19:24] [99/445] MMZS
[02:19:25] [100/445] SUDR
[02:19:26] [101/445] CCAD
[02:19:27] [102/445] SKKC
[02:19:28] [103/445] RMCD
[02:19:29] [104/445] SBCQ
[02:19:30] [105/445] DCCT
[02:19:31] [106/445] VTKP
[02:19:32] [107/445] MLAM
[02:19:33] 🔄 Identity reset
[02:19:33] 🔄 Identity rotated (every 10 requests)
[02:19:33] [108/445] SAVT
[02:19:34] [109/445] GEPL
[02:19:35] [110/445] AMCD
[02:19:36] [111/445] CCXR
[02:19:37] [112/445] GRNG
[02:19:39] [113/445] EBCA
[02:19:39] [114/445] CNVG
[02:19:40] [115/445] MWSS
[02:19:42] [116/445] VBOR
[02:19:43] [117/445] NEEB
[02:19:44] 🔄 Identity reset
[02:19:44] 🔄 Identity rotated (every 10 requests)
[02:19:44] [118/445] SUTH
[02:19:45] [119/445] ANDB
[02:19:47] [120/445] MMXS
[02:19:48] [121/445] CNPD
[02:19:49] [122/445] SDCE
[02:19:51] [123/445] DHCB
[02:19:52] [124/445] ODEN
[02:19:54] [125/445] TNTC
[02:19:55] [126/445] VBKM
[02:19:56] [127/445] RZYM
[02:19:56] 🔄 Identity reset
[02:19:57] 🔄 Identity rotated (every 10 requests)
[02:19:58] [128/445] JEMC
[02:19:58] [129/445] CMAU
[02:19:59] [130/445] SIVP
[02:20:00] [131/445] ATAG
[02:20:02] [132/445] CHTM
[02:20:03] [133/445] AAEE
[02:20:03] [134/445] IWPM
[02:20:04] [135/445] KCMW
[02:20:08] [136/445] MCTD
[02:20:10] [137/445] SPWR
[02:20:10] 🔄 Identity reset
[02:20:10] 🔄 Identity rotated (every 10 requests)
[02:20:11] [138/445] SDPO
[02:20:12] [139/445] PCSK
[02:20:13] [140/445] ACHV
[02:20:14] [141/445] SVLA
[02:20:15] [142/445] PICT
[02:20:17] [143/445] BXDR
[02:20:18] [144/445] SPWA
[02:20:19] [145/445] MCKO
[02:20:20] [146/445] RTHK
[02:20:21] [147/445] CCMF
[02:20:22] 🔄 Identity reset
[02:20:22] 🔄 Identity rotated (every 10 requests)
[02:20:22] 🔄 Retry 1/5 for CCMF in 2.5s
[02:20:22] 🔄 Identity reset
[02:20:24] 🧠 New identity created
[02:20:25] [148/445] MRGB
[02:20:27] [149/445] CPLC
[02:20:27] [150/445] RACD
[02:20:28] [151/445] ATKT
[02:20:30] [152/445] SARN
[02:20:31] [153/445] KKUI
[02:20:32] [154/445] RGCM
[02:20:33] [155/445] BRVP
[02:20:34] [156/445] HRSR
[02:20:35] 🔄 Identity reset
[02:20:35] 🔄 Identity rotated (every 10 requests)
[02:20:35] [157/445] GKGM
[02:20:36] [158/445] TTCD
[02:20:38] [159/445] PTTI
[02:20:39] [160/445] MPTT
[02:20:40] [161/445] CVTT
[02:20:41] [162/445] PCXD
[02:20:42] [163/445] GCDC
[02:20:43] [164/445] CCCF
[02:20:44] [165/445] MRAD
[02:20:45] [166/445] CPLK
[02:20:46] 🔄 Identity reset
[02:20:46] 🔄 Identity rotated (every 10 requests)
[02:20:46] [167/445] SATB
[02:20:47] [168/445] SNVG
[02:20:48] [169/445] JMBA
[02:20:49] [170/445] TEJA
[02:20:50] [171/445] STYO
[02:20:52] [172/445] JTBP
[02:20:53] [173/445] KRGD
[02:20:54] [174/445] SLJJ
[02:20:55] [175/445] SPTJ
[02:20:56] [176/445] SWJG
[02:20:56] 🔄 Identity reset
[02:20:56] 🔄 Identity rotated (every 10 requests)
[02:20:57] [177/445] LKRT
[02:20:58] [178/445] KCKA
[02:20:59] [179/445] SNCR
[02:21:00] [180/445] SMKL
[02:21:01] [181/445] GCFA
[02:21:02] [182/445] DDCK
[02:21:03] [183/445] NCHJ
[02:21:04] [184/445] RDMA
[02:21:05] [185/445] SVSV
[02:21:06] [186/445] SCJG
[02:21:07] 🔄 Identity reset
[02:21:07] 🔄 Identity rotated (every 10 requests)
[02:21:07] 🔄 Retry 1/5 for SCJG in 2.5s
[02:21:07] 🔄 Identity reset
[02:21:09] 🧠 New identity created
[02:21:10] [187/445] VKLP
[02:21:11] [188/445] NWCC
[02:21:13] [189/445] VKNS
[02:21:15] [190/445] SDDP
[02:21:16] [191/445] ACSI
[02:21:17] [192/445] SATG
[02:21:18] [193/445] SCMW
[02:21:19] [194/445] LKTK
[02:21:20] [195/445] VCKV
[02:21:21] 🔄 Identity reset
[02:21:21] 🔄 Identity rotated (every 10 requests)
[02:21:21] 🔄 Retry 1/5 for VCKV in 2.6s
[02:21:21] 🔄 Identity reset
[02:21:23] 🧠 New identity created
[02:21:24] [196/445] KKPE
[02:21:25] [197/445] KIGH
[02:21:26] [198/445] SRPM
[02:21:27] [199/445] SCAH
[02:21:28] [200/445] MUTA
[02:21:29] [201/445] SEPU
[02:21:30] [202/445] INOA
[02:21:31] [203/445] BASK
[02:21:34] [204/445] NECB
[02:21:35] 🔄 Identity reset
[02:21:35] 🔄 Identity rotated (every 10 requests)
[02:21:35] 🔄 Retry 1/5 for NECB in 2.5s
[02:21:35] 🔄 Identity reset
[02:21:37] 🧠 New identity created
[02:21:38] [205/445] GTTG
[02:21:39] [206/445] ASSA
[02:21:40] [207/445] ANCL
[02:21:40] [208/445] GCTI
[02:21:41] [209/445] RCTS
[02:21:43] [210/445] ACNL
[02:21:43] [211/445] MYCT
[02:21:45] [212/445] NMHT
[02:21:46] [213/445] MDIT
[02:21:47] 🔄 Identity reset
[02:21:47] 🔄 Identity rotated (every 10 requests)
[02:21:47] 🔄 Retry 1/5 for MDIT in 3.0s
[02:21:47] 🔄 Identity reset
[02:21:50] 🧠 New identity created
[02:21:50] [214/445] LATG
[02:21:51] [215/445] SMTY
[02:21:52] [216/445] CVCT
[02:21:53] [217/445] RAMB
[02:21:54] [218/445] TGMS
[02:21:55] [219/445] BHEL
[02:21:56] [220/445] SHCT
[02:21:57] [221/445] SVCT
[02:21:58] [222/445] MRIY
[02:21:59] 🔄 Identity reset
[02:21:59] 🔄 Identity rotated (every 10 requests)
[02:21:59] [223/445] SARO
[02:22:00] [224/445] STCT
[02:22:01] [225/445] JKKC
[02:22:03] [226/445] PLTT
[02:22:04] [227/445] SRNT
[02:22:05] [228/445] YAST
[02:22:06] [229/445] PERL
[02:22:07] [230/445] CICM
[02:22:08] [231/445] MMTR
[02:22:10] [232/445] ABTK
[02:22:11] 🔄 Identity reset
[02:22:11] 🔄 Identity rotated (every 10 requests)
[02:22:11] [233/445] ATYY
[02:22:12] [234/445] ASTK
[02:22:13] [235/445] VVCK
[02:22:14] [236/445] ATKY
[02:22:15] [237/445] GWEK
[02:22:17] [238/445] SVFH
[02:22:18] [239/445] SLTA
[02:22:19] [240/445] AASH
[02:22:20] [241/445] ACXB
[02:22:21] [242/445] SMTX
[02:22:22] 🔄 Identity reset
[02:22:22] 🔄 Identity rotated (every 10 requests)
[02:22:22] 🔄 Retry 1/5 for SMTX in 2.4s
[02:22:22] 🔄 Identity reset
[02:22:24] 🧠 New identity created
[02:22:25] [243/445] AZDH
[02:22:26] [244/445] CMMH
[02:22:27] [245/445] SCSZ
[02:22:28] [246/445] SCKP
[02:22:29] [247/445] NXTM
[02:22:30] [248/445] NWCS
[02:22:31] [249/445] CXMH
[02:22:32] [250/445] PCMA
[02:22:33] [251/445] SGCM
[02:22:33] 🔄 Identity reset
[02:22:33] 🔄 Identity rotated (every 10 requests)
[02:22:34] [252/445] SDTU
[02:22:36] [253/445] MMVI
[02:22:37] [254/445] JKCM
[02:22:38] [255/445] VCMM
[02:22:39] [256/445] SYEE
[02:22:40] [257/445] VASD
[02:22:41] [258/445] BDRB
[02:22:42] [259/445] LASM
[02:22:43] [260/445] DCRL
[02:22:44] [261/445] DVPM
[02:22:44] 🔄 Identity reset
[02:22:44] 🔄 Identity rotated (every 10 requests)
[02:22:45] [262/445] SBMJ
[02:22:46] [263/445] CBMU
[02:22:47] [264/445] IUBS
[02:22:48] [265/445] INAP
[02:22:49] [266/445] SRRC
[02:22:49] [267/445] SAGR
[02:22:50] [268/445] CPMJ
[02:22:52] [269/445] ATJL
[02:22:52] [270/445] NNTD
[02:22:54] [271/445] JHCJ
[02:22:54] 🔄 Identity reset
[02:22:54] 🔄 Identity rotated (every 10 requests)
[02:22:54] [272/445] CMMP
[02:22:56] [273/445] RSDR
[02:22:56] [274/445] AMTI
[02:22:57] [275/445] NYSG
[02:22:58] [276/445] AVSG
[02:22:59] [277/445] SYTP
[02:23:01] [278/445] LARC
[02:23:02] [279/445] RJTP
[02:23:03] [280/445] LAKC
[02:23:04] [281/445] MCXE
[02:23:05] 🔄 Identity reset
[02:23:05] 🔄 Identity rotated (every 10 requests)
[02:23:05] [282/445] CCZC
[02:23:06] [283/445] AVCH
[02:23:08] [284/445] CMBE
[02:23:09] [285/445] MRRC
[02:23:10] [286/445] PCPY
[02:23:11] [287/445] SRMH
[02:23:12] [288/445] SVGS
[02:23:13] [289/445] PCSE
[02:23:15] [290/445] SVFT
[02:23:16] [291/445] TNZP
[02:23:17] 🔄 Identity reset
[02:23:17] 🔄 Identity rotated (every 10 requests)
[02:23:17] [292/445] ICTP
[02:23:18] [293/445] ACTZ
[02:23:19] [294/445] GTUR
[02:23:21] [295/445] MAFC
[02:23:22] [296/445] MINL
[02:23:23] [297/445] MRCL
[02:23:24] [298/445] RCRP
[02:23:26] [299/445] RFFG
[02:23:27] [300/445] RMAS
[02:23:28] [301/445] INVR
[02:23:28] 🔄 Identity reset
[02:23:28] 🔄 Identity rotated (every 10 requests)
[02:23:29] [302/445] RMAR
[02:23:30] [303/445] CNIS
[02:23:31] [304/445] RHRJ
[02:23:32] [305/445] INXR
[02:23:33] [306/445] VALT
[02:23:34] [307/445] LCSH
[02:23:35] [308/445] CMVS
[02:23:36] [309/445] CNMS
[02:23:37] [310/445] ROOG
[02:23:39] [311/445] ISRM
[02:23:39] 🔄 Identity reset
[02:23:39] 🔄 Identity rotated (every 10 requests)
[02:23:40] [312/445] RCRM
[02:23:42] [313/445] ACJA
[02:23:43] [314/445] RCVS
[02:23:44] [315/445] CPUS
[02:23:45] [316/445] TGCS
[02:23:47] [317/445] RKCJ
[02:23:48] [318/445] MKSB
[02:23:49] [319/445] TCSJ
[02:23:50] [320/445] RMGP
[02:23:52] [321/445] CLLP
[02:23:52] 🔄 Identity reset
[02:23:52] 🔄 Identity rotated (every 10 requests)
[02:23:53] [322/445] RCMV
[02:23:55] [323/445] CCKS
[02:23:57] [324/445] RSRP
[02:23:58] [325/445] APLP
[02:23:59] [326/445] CNVS
[02:24:00] [327/445] RMVY
[02:24:01] [328/445] PGBD
[02:24:02] [329/445] KLMS
[02:24:04] [330/445] RUST
[02:24:05] [331/445] MASM
[02:24:06] 🔄 Identity reset
[02:24:06] 🔄 Identity rotated (every 10 requests)
[02:24:07] [332/445] BACS
[02:24:07] [333/445] BWST
[02:24:08] [334/445] RRFH
[02:24:09] [335/445] SJTM
[02:24:10] [336/445] BEMR
[02:24:11] [337/445] MCGR
[02:24:13] [338/445] SDSK
[02:24:14] [339/445] VBOL
[02:24:15] [340/445] RMGM
[02:24:16] [341/445] NOPL
[02:24:16] 🔄 Identity reset
[02:24:16] 🔄 Identity rotated (every 10 requests)
[02:24:17] [342/445] MKJK
[02:24:18] [343/445] CVRN
[02:24:20] [344/445] MMEN
[02:24:21] [345/445] AMNG
[02:24:22] [346/445] INTM
[02:24:22] [347/445] SLCZ
[02:24:24] [348/445] AMJN
[02:24:25] [349/445] ACJN
[02:24:27] [350/445] AMKN
[02:24:28] [351/445] BTCN
[02:24:28] 🔄 Identity reset
[02:24:28] 🔄 Identity rotated (every 10 requests)
[02:24:29] [352/445] AMBT
[02:24:30] [353/445] PACN
[02:24:31] [354/445] LCNS
[02:24:32] [355/445] PPKC
[02:24:33] [356/445] JYYN
[02:24:34] [357/445] JTNR
[02:24:35] [358/445] GTEE
[02:24:36] [359/445] SRNM
[02:24:37] [360/445] SDTC
[02:24:39] [361/445] VPCA
[02:24:39] 🔄 Identity reset
[02:24:39] 🔄 Identity rotated (every 10 requests)
[02:24:40] [362/445] VLRA
[02:24:41] [363/445] SHKR
[02:24:41] [364/445] SBKD
[02:24:43] [365/445] SAAD
[02:24:44] [366/445] JTGN
[02:24:45] [367/445] SLAM
[02:24:46] [368/445] VTPM
[02:24:47] [369/445] ANPT
[02:24:48] [370/445] PUNB
[02:24:49] [371/445] CPKT
[02:24:49] 🔄 Identity reset
[02:24:49] 🔄 Identity rotated (every 10 requests)
[02:24:50] [372/445] CNWE
[02:24:51] [373/445] ECPP
[02:24:53] [374/445] CPAR
[02:24:54] [375/445] ESBW
[02:24:55] [376/445] PKPU
[02:24:56] [377/445] CPRP
[02:24:58] [378/445] RAHU
[02:24:58] [379/445] RHMN
[02:24:59] [380/445] FMJP
[02:25:01] [381/445] CTMP
[02:25:02] 🔄 Identity reset
[02:25:02] 🔄 Identity rotated (every 10 requests)
[02:25:02] [382/445] INPN
[02:25:03] [383/445] STTG
[02:25:04] [384/445] CTRD
[02:25:06] [385/445] PUVB
[02:25:08] [386/445] ESVP
[02:25:09] [387/445] CPFT
[02:25:11] [388/445] LCPC
[02:25:11] [389/445] VBCT
[02:25:12] [390/445] FSCW
[02:25:14] [391/445] VCMP
[02:25:14] 🔄 Identity reset
[02:25:14] 🔄 Identity rotated (every 10 requests)
[02:25:15] [392/445] ASHC
[02:25:16] [393/445] VLCX
[02:25:18] [394/445] SHEV
[02:25:19] [395/445] APCO
[02:25:20] [396/445] SILC
[02:25:21] [397/445] SNMR
[02:25:22] [398/445] KYBO
[02:25:22] [399/445] SATK
[02:25:24] [400/445] SSCS
[02:25:24] [401/445] CLSB
[02:25:25] 🔄 Identity reset
[02:25:25] 🔄 Identity rotated (every 10 requests)
[02:25:25] [402/445] KMJR
[02:25:27] [403/445] FSCK
[02:25:27] [404/445] NNKA
[02:25:28] [405/445] CLMK
[02:25:29] [406/445] DMPZ
[02:25:30] [407/445] INQM
[02:25:31] [408/445] CAML
[02:25:32] [409/445] INRK
[02:25:33] [410/445] IMKN
[02:25:34] [411/445] SVNR
[02:25:35] 🔄 Identity reset
[02:25:35] 🔄 Identity rotated (every 10 requests)
[02:25:35] [412/445] INSL
[02:25:36] [413/445] MSMA
[02:25:38] [414/445] MCKK
[02:25:39] [415/445] FCHP
[02:25:40] [416/445] SFCR
[02:25:41] [417/445] NACK
[02:25:42] [418/445] PVAK
[02:25:43] [419/445] INER
[02:25:44] [420/445] RDBK
[02:25:45] [421/445] SVFN
[02:25:45] 🔄 Identity reset
[02:25:45] 🔄 Identity rotated (every 10 requests)
[02:25:46] [422/445] IFRM
[02:25:48] [423/445] ATCK
[02:25:49] [424/445] ASKO
[02:25:49] [425/445] STKT
[02:25:51] [426/445] SVFB
[02:25:53] [427/445] INKS
[02:25:54] [428/445] PCRA
[02:25:55] [429/445] ATJA
[02:25:56] [430/445] IMJN
[02:25:57] [431/445] INHD
[02:25:57] 🔄 Identity reset
[02:25:57] 🔄 Identity rotated (every 10 requests)
[02:25:58] [432/445] BARA
[02:25:59] [433/445] MCSL
[02:26:00] [434/445] RTOY
[02:26:01] [435/445] MENO
[02:26:02] [436/445] PUDM
[02:26:03] [437/445] PRCN
[02:26:04] [438/445] JMJR
[02:26:05] [439/445] SSGK
[02:26:06] [440/445] SSRL
[02:26:08] [441/445] JYKL
[02:26:08] 🔄 Identity reset
[02:26:08] 🔄 Identity rotated (every 10 requests)
[02:26:09] [442/445] ACNB
[02:26:10] [443/445] SONP
[02:26:11] [444/445] EMCI
[02:26:12] [445/445] MRJH
[02:26:14] ✅ DONE | Shows=2 | Movies=2
[02:45:11] 🚀 BMS DAILY TRACKER STARTED (enhanced anti‑detection)
[02:45:11] [1/445] TGMR
[02:45:12] 🧠 New identity created
[02:45:12] [2/445] CXKR
[02:45:13] [3/445] SROP
[02:45:14] [4/445] GTSV
[02:45:15] [5/445] SNTY
[02:45:16] [6/445] SMYY
[02:45:18] [7/445] CNCS
[02:45:19] [8/445] CSTM
[02:45:20] [9/445] NUCD
[02:45:21] [10/445] SHCZ
[02:45:22] 🔄 Identity reset
[02:45:22] 🔄 Identity rotated (every 10 requests)
[02:45:22] [11/445] NJCT
[02:45:23] [12/445] COPC
[02:45:24] [13/445] STVV
[02:45:25] [14/445] SKRN
[02:45:26] [15/445] APPZ
[02:45:27] [16/445] YMGN
[02:45:28] [17/445] SVTU
[02:45:29] [18/445] GTAD
[02:45:30] [19/445] PSUS
[02:45:32] [20/445] SMCD
[02:45:32] 🔄 Identity reset
[02:45:32] 🔄 Identity rotated (every 10 requests)
[02:45:33] [21/445] CMCM
[02:45:34] [22/445] SYCT
[02:45:35] [23/445] STLY
[02:45:35] [24/445] CMHU
[02:45:37] [25/445] CMSA
[02:45:38] [26/445] CLCU
[02:45:39] [27/445] PPNT
[02:45:40] [28/445] JTAB
[02:45:42] [29/445] BUUC
[02:45:43] [30/445] BSVK
[02:45:43] 🔄 Identity reset
[02:45:43] 🔄 Identity rotated (every 10 requests)
[02:45:44] [31/445] VVVQ
[02:45:45] [32/445] TKMU
[02:45:46] [33/445] ESYL
[02:45:48] [34/445] ACHP
[02:45:49] [35/445] BTKD
[02:45:50] [36/445] DESA
[02:45:50] [37/445] GBCT
[02:45:51] [38/445] BLLD
[02:45:52] [39/445] SKNT
[02:45:53] [40/445] SSTE
[02:45:54] 🔄 Identity reset
[02:45:54] 🔄 Identity rotated (every 10 requests)
[02:45:54] [41/445] VJMR
[02:45:55] [42/445] NTPU
[02:45:56] [43/445] RDKN
[02:45:58] [44/445] ADGC
[02:45:59] [45/445] VRBP
[02:46:00] [46/445] NMNA
[02:46:01] [47/445] CMMX
[02:46:02] [48/445] PTKO
[02:46:03] [49/445] RBML
[02:46:05] [50/445] SAIC
[02:46:05] 🔄 Identity reset
[02:46:05] 🔄 Identity rotated (every 10 requests)
[02:46:06] [51/445] SVTJ
[02:46:07] [52/445] MRTE
[02:46:09] [53/445] RBTP
[02:46:10] [54/445] NLPS
[02:46:11] [55/445] GTNA
[02:46:12] [56/445] DGGC
[02:46:13] [57/445] SMCR
[02:46:15] [58/445] SCGD
[02:46:16] [59/445] SRRJ
[02:46:17] [60/445] CNRY
[02:46:18] 🔄 Identity reset
[02:46:18] 🔄 Identity rotated (every 10 requests)
[02:46:18] 🔄 Retry 1/5 for CNRY in 2.5s
[02:46:18] 🔄 Identity reset
[02:46:21] 🧠 New identity created
[02:46:21] 🔄 Retry 2/5 for CNRY in 4.5s
[02:46:21] 🔄 Identity reset
[02:46:25] 🧠 New identity created
[02:46:26] [61/445] KTDI
[02:46:27] [62/445] SNJL
[02:46:28] [63/445] RKMD
[02:46:29] [64/445] SMDC
[02:46:29] [65/445] TADG
[02:46:30] [66/445] MCGS
[02:46:31] [67/445] PETK
[02:46:33] [68/445] CHAG
[02:46:33] 🔄 Identity reset
[02:46:33] 🔄 Identity rotated (every 10 requests)
[02:46:33] 🔄 Retry 1/5 for CHAG in 2.1s
[02:46:33] 🔄 Identity reset
[02:46:35] 🧠 New identity created
[02:46:36] [69/445] KSTL
[02:46:37] [70/445] AADS
[02:46:38] [71/445] NTHZ
[02:46:40] [72/445] HCKI
[02:46:40] [73/445] SSEF
[02:46:41] [74/445] MCGX
[02:46:42] [75/445] ERRA
[02:46:43] [76/445] SDTW
[02:46:45] [77/445] RMPK
[02:46:45] 🔄 Identity reset
[02:46:45] 🔄 Identity rotated (every 10 requests)
[02:46:47] [78/445] PTHK
[02:46:48] [79/445] PXCS
[02:46:49] [80/445] SVLU
[02:46:50] [81/445] STAH
[02:46:50] [82/445] JRGF
[02:46:52] [83/445] CDOK
[02:46:52] [84/445] CMSG
[02:46:53] [85/445] APTD
[02:46:54] [86/445] KMPG
[02:46:55] [87/445] MUTJ
[02:46:56] 🔄 Identity reset
[02:46:56] 🔄 Identity rotated (every 10 requests)
[02:46:56] 🔄 Retry 1/5 for MUTJ in 2.9s
[02:46:56] 🔄 Identity reset
[02:46:59] 🧠 New identity created
[02:46:59] [88/445] VCCI
[02:47:00] [89/445] URBE
[02:47:01] [90/445] TCTS
[02:47:03] [91/445] STSN
[02:47:04] [92/445] AKCH
[02:47:05] [93/445] APSC
[02:47:05] [94/445] VLTB
[02:47:06] [95/445] SANU
[02:47:07] [96/445] AXAM
[02:47:08] 🔄 Identity reset
[02:47:08] 🔄 Identity rotated (every 10 requests)
[02:47:09] [97/445] MGMG
[02:47:10] [98/445] HTBY
[02:47:11] [99/445] MMZS
[02:47:12] [100/445] SUDR
[02:47:13] [101/445] CCAD
[02:47:14] [102/445] SKKC
[02:47:15] [103/445] RMCD
[02:47:16] [104/445] SBCQ
[02:47:17] [105/445] DCCT
[02:47:18] [106/445] VTKP
[02:47:18] 🔄 Identity reset
[02:47:18] 🔄 Identity rotated (every 10 requests)
[02:47:19] [107/445] MLAM
[02:47:20] [108/445] SAVT
[02:47:21] [109/445] GEPL
[02:47:22] [110/445] AMCD
[02:47:23] [111/445] CCXR
[02:47:24] [112/445] GRNG
[02:47:25] [113/445] EBCA
[02:47:26] [114/445] CNVG
[02:47:28] [115/445] MWSS
[02:47:30] [116/445] VBOR
[02:47:30] 🔄 Identity reset
[02:47:30] 🔄 Identity rotated (every 10 requests)
[02:47:31] [117/445] NEEB
[02:47:32] [118/445] SUTH
[02:47:33] [119/445] ANDB
[02:47:34] [120/445] MMXS
[02:47:36] [121/445] CNPD
[02:47:37] [122/445] SDCE
[02:47:38] [123/445] DHCB
[02:47:39] [124/445] ODEN
[02:47:41] [125/445] TNTC
[02:47:43] [126/445] VBKM
[02:47:43] 🔄 Identity reset
[02:47:43] 🔄 Identity rotated (every 10 requests)
[02:47:44] [127/445] RZYM
[02:47:45] [128/445] JEMC
[02:47:46] [129/445] CMAU
[02:47:47] [130/445] SIVP
[02:47:48] [131/445] ATAG
[02:47:49] [132/445] CHTM
[02:47:50] [133/445] AAEE
[02:47:52] [134/445] IWPM
[02:47:53] [135/445] KCMW
[02:47:55] [136/445] MCTD
[02:47:55] 🔄 Identity reset
[02:47:55] 🔄 Identity rotated (every 10 requests)
[02:47:55] 🔄 Retry 1/5 for MCTD in 2.4s
[02:47:55] 🔄 Identity reset
[02:47:58] 🧠 New identity created
[02:47:58] [137/445] SPWR
[02:47:59] [138/445] SDPO
[02:48:00] [139/445] PCSK
[02:48:01] [140/445] ACHV
[02:48:02] [141/445] SVLA
[02:48:03] [142/445] PICT
[02:48:04] [143/445] BXDR
[02:48:05] [144/445] SPWA
[02:48:07] [145/445] MCKO
[02:48:08] 🔄 Identity reset
[02:48:08] 🔄 Identity rotated (every 10 requests)
[02:48:08] [146/445] RTHK
[02:48:10] [147/445] CCMF
[02:48:11] [148/445] MRGB
[02:48:13] [149/445] CPLC
[02:48:14] [150/445] RACD
[02:48:15] [151/445] ATKT
[02:48:16] [152/445] SARN
[02:48:17] [153/445] KKUI
[02:48:18] [154/445] RGCM
[02:48:19] [155/445] BRVP
[02:48:20] 🔄 Identity reset
[02:48:20] 🔄 Identity rotated (every 10 requests)
[02:48:20] [156/445] HRSR
[02:48:21] [157/445] GKGM
[02:48:22] [158/445] TTCD
[02:48:23] [159/445] PTTI
[02:48:24] [160/445] MPTT
[02:48:25] [161/445] CVTT
[02:48:26] [162/445] PCXD
[02:48:27] [163/445] GCDC
[02:48:28] [164/445] CCCF
[02:48:30] [165/445] MRAD
[02:48:31] 🔄 Identity reset
[02:48:31] 🔄 Identity rotated (every 10 requests)
[02:48:31] [166/445] CPLK
[02:48:32] [167/445] SATB
[02:48:33] [168/445] SNVG
[02:48:34] [169/445] JMBA
[02:48:35] [170/445] TEJA
[02:48:36] [171/445] STYO
[02:48:37] [172/445] JTBP
[02:48:39] [173/445] KRGD
[02:48:40] [174/445] SLJJ
[02:48:41] [175/445] SPTJ
[02:48:42] 🔄 Identity reset
[02:48:42] 🔄 Identity rotated (every 10 requests)
[02:48:42] 🔄 Retry 1/5 for SPTJ in 2.8s
[02:48:42] 🔄 Identity reset
[02:48:45] 🧠 New identity created
[02:48:45] [176/445] SWJG
[02:48:46] [177/445] LKRT
[02:48:47] [178/445] KCKA
[02:48:48] [179/445] SNCR
[02:48:49] [180/445] SMKL
[02:48:50] [181/445] GCFA
[02:48:52] [182/445] DDCK
[02:48:53] [183/445] NCHJ
[02:48:54] [184/445] RDMA
[02:48:54] 🔄 Identity reset
[02:48:54] 🔄 Identity rotated (every 10 requests)
[02:48:55] [185/445] SVSV
[02:48:56] [186/445] SCJG
[02:48:58] [187/445] VKLP
[02:48:59] [188/445] NWCC
[02:49:00] [189/445] VKNS
[02:49:01] [190/445] SDDP
[02:49:02] [191/445] ACSI
[02:49:03] [192/445] SATG
[02:49:04] [193/445] SCMW
[02:49:05] [194/445] LKTK
[02:49:06] 🔄 Identity reset
[02:49:06] 🔄 Identity rotated (every 10 requests)
[02:49:06] [195/445] VCKV
[02:49:07] [196/445] KKPE
[02:49:09] [197/445] KIGH
[02:49:10] [198/445] SRPM
[02:49:11] [199/445] SCAH
[02:49:12] [200/445] MUTA
[02:49:13] [201/445] SEPU
[02:49:15] [202/445] INOA
[02:49:16] [203/445] BASK
[02:49:17] [204/445] NECB
[02:49:17] 🔄 Identity reset
[02:49:17] 🔄 Identity rotated (every 10 requests)
[02:49:17] 🔄 Retry 1/5 for NECB in 3.0s
[02:49:17] 🔄 Identity reset
[02:49:20] 🧠 New identity created
[02:49:21] [205/445] GTTG
[02:49:22] [206/445] ASSA
[02:49:23] [207/445] ANCL
[02:49:25] [208/445] GCTI
[02:49:26] [209/445] RCTS
[02:49:28] [210/445] ACNL
[02:49:29] [211/445] MYCT
[02:49:31] [212/445] NMHT
[02:49:32] [213/445] MDIT
[02:49:33] 🔄 Identity reset
[02:49:33] 🔄 Identity rotated (every 10 requests)
[02:49:33] [214/445] LATG
[02:49:34] [215/445] SMTY
[02:49:35] [216/445] CVCT
[02:49:36] [217/445] RAMB
[02:49:37] [218/445] TGMS
[02:49:38] [219/445] BHEL
[02:49:39] [220/445] SHCT
[02:49:40] [221/445] SVCT
[02:49:41] [222/445] MRIY
[02:49:42] [223/445] SARO
[02:49:42] 🔄 Identity reset
[02:49:42] 🔄 Identity rotated (every 10 requests)
[02:49:43] [224/445] STCT
[02:49:44] [225/445] JKKC
[02:49:45] [226/445] PLTT
[02:49:46] [227/445] SRNT
[02:49:47] [228/445] YAST
[02:49:48] [229/445] PERL
[02:49:49] [230/445] CICM
[02:49:50] [231/445] MMTR
[02:49:51] [232/445] ABTK
[02:49:52] [233/445] ATYY
[02:49:52] 🔄 Identity reset
[02:49:52] 🔄 Identity rotated (every 10 requests)
[02:49:53] 🔄 Retry 1/5 for ATYY in 2.1s
[02:49:53] 🔄 Identity reset
[02:49:55] 🧠 New identity created
[02:49:55] [234/445] ASTK
[02:49:56] [235/445] VVCK
[02:49:57] [236/445] ATKY
[02:49:59] [237/445] GWEK
[02:50:00] [238/445] SVFH
[02:50:01] [239/445] SLTA
[02:50:01] [240/445] AASH
[02:50:03] [241/445] ACXB
[02:50:04] [242/445] SMTX
[02:50:05] 🔄 Identity reset
[02:50:05] 🔄 Identity rotated (every 10 requests)
[02:50:06] [243/445] AZDH
[02:50:07] [244/445] CMMH
[02:50:08] [245/445] SCSZ
[02:50:09] [246/445] SCKP
[02:50:10] [247/445] NXTM
[02:50:11] [248/445] NWCS
[02:50:12] [249/445] CXMH
[02:50:13] [250/445] PCMA
[02:50:14] [251/445] SGCM
[02:50:15] [252/445] SDTU
[02:50:16] 🔄 Identity reset
[02:50:16] 🔄 Identity rotated (every 10 requests)
[02:50:17] [253/445] MMVI
[02:50:18] [254/445] JKCM
[02:50:19] [255/445] VCMM
[02:50:20] [256/445] SYEE
[02:50:21] [257/445] VASD
[02:50:22] [258/445] BDRB
[02:50:23] [259/445] LASM
[02:50:24] [260/445] DCRL
[02:50:25] [261/445] DVPM
[02:50:26] [262/445] SBMJ
[02:50:26] 🔄 Identity reset
[02:50:26] 🔄 Identity rotated (every 10 requests)
[02:50:27] [263/445] CBMU
[02:50:28] [264/445] IUBS
[02:50:29] [265/445] INAP
[02:50:30] [266/445] SRRC
[02:50:31] [267/445] SAGR
[02:50:32] [268/445] CPMJ
[02:50:33] [269/445] ATJL
[02:50:34] [270/445] NNTD
[02:50:35] [271/445] JHCJ
[02:50:36] [272/445] CMMP
[02:50:37] 🔄 Identity reset
[02:50:37] 🔄 Identity rotated (every 10 requests)
[02:50:37] [273/445] RSDR
[02:50:38] [274/445] AMTI
[02:50:39] [275/445] NYSG
[02:50:40] [276/445] AVSG
[02:50:40] [277/445] SYTP
[02:50:42] [278/445] LARC
[02:50:43] [279/445] RJTP
[02:50:44] [280/445] LAKC
[02:50:45] [281/445] MCXE
[02:50:46] [282/445] CCZC
[02:50:46] 🔄 Identity reset
[02:50:46] 🔄 Identity rotated (every 10 requests)
[02:50:47] [283/445] AVCH
[02:50:48] [284/445] CMBE
[02:50:49] [285/445] MRRC
[02:50:50] [286/445] PCPY
[02:50:51] [287/445] SRMH
[02:50:52] [288/445] SVGS
[02:50:53] [289/445] PCSE
[02:50:54] [290/445] SVFT
[02:50:55] [291/445] TNZP
[02:50:56] [292/445] ICTP
[02:50:57] 🔄 Identity reset
[02:50:57] 🔄 Identity rotated (every 10 requests)
[02:50:57] [293/445] ACTZ
[02:50:58] [294/445] GTUR
[02:50:59] [295/445] MAFC
[02:51:00] [296/445] MINL
[02:51:01] [297/445] MRCL
[02:51:02] [298/445] RCRP
[02:51:03] [299/445] RFFG
[02:51:04] [300/445] RMAS
[02:51:04] [301/445] INVR
[02:51:06] [302/445] RMAR
[02:51:07] 🔄 Identity reset
[02:51:07] 🔄 Identity rotated (every 10 requests)
[02:51:07] [303/445] CNIS
[02:51:09] [304/445] RHRJ
[02:51:10] [305/445] INXR
[02:51:11] [306/445] VALT
[02:51:12] [307/445] LCSH
[02:51:13] [308/445] CMVS
[02:51:13] [309/445] CNMS
[02:51:15] [310/445] ROOG
[02:51:16] [311/445] ISRM
[02:51:17] [312/445] RCRM
[02:51:17] 🔄 Identity reset
[02:51:17] 🔄 Identity rotated (every 10 requests)
[02:51:18] [313/445] ACJA
[02:51:20] [314/445] RCVS
[02:51:21] [315/445] CPUS
[02:51:22] [316/445] TGCS
[02:51:23] [317/445] RKCJ
[02:51:24] [318/445] MKSB
[02:51:25] [319/445] TCSJ
[02:51:26] [320/445] RMGP
[02:51:28] [321/445] CLLP
[02:51:29] [322/445] RCMV
[02:51:29] 🔄 Identity reset
[02:51:29] 🔄 Identity rotated (every 10 requests)
[02:51:30] [323/445] CCKS
[02:51:32] [324/445] RSRP
[02:51:33] [325/445] APLP
[02:51:33] [326/445] CNVS
[02:51:34] [327/445] RMVY
[02:51:35] [328/445] PGBD
[02:51:37] [329/445] KLMS
[02:51:38] [330/445] RUST
[02:51:40] [331/445] MASM
[02:51:41] [332/445] BACS
[02:51:42] 🔄 Identity reset
[02:51:42] 🔄 Identity rotated (every 10 requests)
[02:51:42] [333/445] BWST
[02:51:43] [334/445] RRFH
[02:51:44] [335/445] SJTM
[02:51:45] [336/445] BEMR
[02:51:47] [337/445] MCGR
[02:51:47] [338/445] SDSK
[02:51:48] [339/445] VBOL
[02:51:49] [340/445] RMGM
[02:51:50] [341/445] NOPL
[02:51:52] [342/445] MKJK
[02:51:52] 🔄 Identity reset
[02:51:52] 🔄 Identity rotated (every 10 requests)
[02:51:53] [343/445] CVRN
[02:51:55] [344/445] MMEN
[02:51:56] [345/445] AMNG
[02:51:57] [346/445] INTM
[02:51:58] [347/445] SLCZ
[02:51:59] [348/445] AMJN
[02:51:59] [349/445] ACJN
[02:52:00] [350/445] AMKN
[02:52:01] [351/445] BTCN
[02:52:02] [352/445] AMBT
[02:52:03] 🔄 Identity reset
[02:52:03] 🔄 Identity rotated (every 10 requests)
[02:52:03] [353/445] PACN
[02:52:04] [354/445] LCNS
[02:52:05] [355/445] PPKC
[02:52:06] [356/445] JYYN
[02:52:07] [357/445] JTNR
[02:52:08] [358/445] GTEE
[02:52:09] [359/445] SRNM
[02:52:11] [360/445] SDTC
[02:52:12] [361/445] VPCA
[02:52:12] [362/445] VLRA
[02:52:13] 🔄 Identity reset
[02:52:13] 🔄 Identity rotated (every 10 requests)
[02:52:14] [363/445] SHKR
[02:52:15] [364/445] SBKD
[02:52:16] [365/445] SAAD
[02:52:17] [366/445] JTGN
[02:52:19] [367/445] SLAM
[02:52:20] [368/445] VTPM
[02:52:21] [369/445] ANPT
[02:52:22] [370/445] PUNB
[02:52:22] [371/445] CPKT
[02:52:23] [372/445] CNWE
[02:52:24] 🔄 Identity reset
[02:52:24] 🔄 Identity rotated (every 10 requests)
[02:52:24] [373/445] ECPP
[02:52:25] [374/445] CPAR
[02:52:26] [375/445] ESBW
[02:52:27] [376/445] PKPU
[02:52:28] [377/445] CPRP
[02:52:30] [378/445] RAHU
[02:52:31] [379/445] RHMN
[02:52:31] [380/445] FMJP
[02:52:32] [381/445] CTMP
[02:52:33] [382/445] INPN
[02:52:34] 🔄 Identity reset
[02:52:34] 🔄 Identity rotated (every 10 requests)
[02:52:34] 🔄 Retry 1/5 for INPN in 2.8s
[02:52:34] 🔄 Identity reset
[02:52:37] 🧠 New identity created
[02:52:37] [383/445] STTG
[02:52:38] [384/445] CTRD
[02:52:39] [385/445] PUVB
[02:52:40] [386/445] ESVP
[02:52:41] [387/445] CPFT
[02:52:42] [388/445] LCPC
[02:52:44] [389/445] VBCT
[02:52:45] [390/445] FSCW
[02:52:46] [391/445] VCMP
[02:52:47] 🔄 Identity reset
[02:52:47] 🔄 Identity rotated (every 10 requests)
[02:52:47] [392/445] ASHC
[02:52:48] [393/445] VLCX
[02:52:49] [394/445] SHEV
[02:52:50] [395/445] APCO
[02:52:51] [396/445] SILC
[02:52:52] [397/445] SNMR
[02:52:53] [398/445] KYBO
[02:52:54] [399/445] SATK
[02:52:55] [400/445] SSCS
[02:52:56] [401/445] CLSB
[02:52:57] 🔄 Identity reset
[02:52:57] 🔄 Identity rotated (every 10 requests)
[02:52:57] [402/445] KMJR
[02:52:59] [403/445] FSCK
[02:53:00] [404/445] NNKA
[02:53:02] [405/445] CLMK
[02:53:03] [406/445] DMPZ
[02:53:04] [407/445] INQM
[02:53:05] [408/445] CAML
[02:53:06] [409/445] INRK
[02:53:07] [410/445] IMKN
[02:53:08] [411/445] SVNR
[02:53:08] 🔄 Identity reset
[02:53:08] 🔄 Identity rotated (every 10 requests)
[02:53:09] [412/445] INSL
[02:53:09] [413/445] MSMA
[02:53:11] [414/445] MCKK
[02:53:12] [415/445] FCHP
[02:53:13] [416/445] SFCR
[02:53:16] [417/445] NACK
[02:53:17] [418/445] PVAK
[02:53:18] [419/445] INER
[02:53:19] [420/445] RDBK
[02:53:20] [421/445] SVFN
[02:53:21] 🔄 Identity reset
[02:53:21] 🔄 Identity rotated (every 10 requests)
[02:53:22] [422/445] IFRM
[02:53:23] [423/445] ATCK
[02:53:25] [424/445] ASKO
[02:53:26] [425/445] STKT
[02:53:27] [426/445] SVFB
[02:53:28] [427/445] INKS
[02:53:29] [428/445] PCRA
[02:53:30] [429/445] ATJA
[02:53:32] [430/445] IMJN
[02:53:33] [431/445] INHD
[02:53:34] 🔄 Identity reset
[02:53:34] 🔄 Identity rotated (every 10 requests)
[02:53:34] [432/445] BARA
[02:53:35] [433/445] MCSL
[02:53:36] [434/445] RTOY
[02:53:37] [435/445] MENO
[02:53:37] [436/445] PUDM
[02:53:38] [437/445] PRCN
[02:53:39] [438/445] JMJR
[02:53:40] [439/445] SSGK
[02:53:41] [440/445] SSRL
[02:53:42] [441/445] JYKL
[02:53:43] 🔄 Identity reset
[02:53:43] 🔄 Identity rotated (every 10 requests)
[02:53:43] [442/445] ACNB
[02:53:44] [443/445] SONP
[02:53:45] [444/445] EMCI
[02:53:46] [445/445] MRJH
[02:53:48] ✅ DONE | Shows=3 | Movies=2
[03:16:31] 🚀 BMS DAILY TRACKER STARTED (enhanced anti‑detection)
[03:16:31] [1/445] TGMR
[03:16:31] 🧠 New identity created
[03:16:32] [2/445] CXKR
[03:16:33] [3/445] SROP
[03:16:34] [4/445] GTSV
[03:16:35] [5/445] SNTY
[03:16:36] [6/445] SMYY
[03:16:36] [7/445] CNCS
[03:16:37] [8/445] CSTM
[03:16:38] [9/445] NUCD
[03:16:39] [10/445] SHCZ
[03:16:39] 🔄 Identity reset
[03:16:39] 🔄 Identity rotated (every 10 requests)
[03:16:39] [11/445] NJCT
[03:16:40] [12/445] COPC
[03:16:41] [13/445] STVV
[03:16:42] [14/445] SKRN
[03:16:43] [15/445] APPZ
[03:16:43] [16/445] YMGN
[03:16:45] [17/445] SVTU
[03:16:45] [18/445] GTAD
[03:16:46] [19/445] PSUS
[03:16:47] [20/445] SMCD
[03:16:47] 🔄 Identity reset
[03:16:47] 🔄 Identity rotated (every 10 requests)
[03:16:47] [21/445] CMCM
[03:16:48] [22/445] SYCT
[03:16:49] [23/445] STLY
[03:16:49] [24/445] CMHU
[03:16:51] [25/445] CMSA
[03:16:52] [26/445] CLCU
[03:16:54] [27/445] PPNT
[03:16:54] [28/445] JTAB
[03:16:55] [29/445] BUUC
[03:16:56] [30/445] BSVK
[03:16:56] 🔄 Identity reset
[03:16:56] 🔄 Identity rotated (every 10 requests)
[03:16:57] [31/445] VVVQ
[03:16:58] [32/445] TKMU
[03:16:58] [33/445] ESYL
[03:17:00] [34/445] ACHP
[03:17:01] [35/445] BTKD
[03:17:02] [36/445] DESA
[03:17:03] [37/445] GBCT
[03:17:04] [38/445] BLLD
[03:17:05] [39/445] SKNT
[03:17:07] [40/445] SSTE
[03:17:07] 🔄 Identity reset
[03:17:07] 🔄 Identity rotated (every 10 requests)
[03:17:08] [41/445] VJMR
[03:17:08] [42/445] NTPU
[03:17:10] [43/445] RDKN
[03:17:10] [44/445] ADGC
[03:17:12] [45/445] VRBP
[03:17:13] [46/445] NMNA
[03:17:13] [47/445] CMMX
[03:17:15] [48/445] PTKO
[03:17:16] [49/445] RBML
[03:17:16] [50/445] SAIC
[03:17:17] 🔄 Identity reset
[03:17:17] 🔄 Identity rotated (every 10 requests)
[03:17:17] [51/445] SVTJ
[03:17:18] [52/445] MRTE
[03:17:19] [53/445] RBTP
[03:17:19] [54/445] NLPS
[03:17:20] [55/445] GTNA
[03:17:22] [56/445] DGGC
[03:17:23] [57/445] SMCR
[03:17:24] [58/445] SCGD
[03:17:25] [59/445] SRRJ
[03:17:25] [60/445] CNRY
[03:17:26] 🔄 Identity reset
[03:17:26] 🔄 Identity rotated (every 10 requests)
[03:17:26] 🔄 Retry 1/5 for CNRY in 2.8s
[03:17:26] 🔄 Identity reset
[03:17:29] 🧠 New identity created
[03:17:29] [61/445] KTDI
[03:17:30] [62/445] SNJL
[03:17:31] [63/445] RKMD
[03:17:31] [64/445] SMDC
[03:17:33] [65/445] TADG
[03:17:34] [66/445] MCGS
[03:17:35] [67/445] PETK
[03:17:36] [68/445] CHAG
[03:17:37] [69/445] KSTL
[03:17:37] 🔄 Identity reset
[03:17:37] 🔄 Identity rotated (every 10 requests)
[03:17:38] [70/445] AADS
[03:17:38] [71/445] NTHZ
[03:17:39] [72/445] HCKI
[03:17:41] [73/445] SSEF
[03:17:41] [74/445] MCGX
[03:17:43] [75/445] ERRA
[03:17:43] [76/445] SDTW
[03:17:44] [77/445] RMPK
[03:17:46] [78/445] PTHK
[03:17:47] [79/445] PXCS
[03:17:48] 🔄 Identity reset
[03:17:48] 🔄 Identity rotated (every 10 requests)
[03:17:49] [80/445] SVLU
[03:17:50] [81/445] STAH
[03:17:50] [82/445] JRGF
[03:17:51] [83/445] CDOK
[03:17:53] [84/445] CMSG
[03:17:54] [85/445] APTD
[03:17:55] [86/445] KMPG
[03:17:56] [87/445] MUTJ
[03:17:57] [88/445] VCCI
[03:17:58] [89/445] URBE
[03:17:59] 🔄 Identity reset
[03:17:59] 🔄 Identity rotated (every 10 requests)
[03:17:59] [90/445] TCTS
[03:18:00] [91/445] STSN
[03:18:01] [92/445] AKCH
[03:18:02] [93/445] APSC
[03:18:03] [94/445] VLTB
[03:18:04] [95/445] SANU
[03:18:05] [96/445] AXAM
[03:18:06] [97/445] MGMG
[03:18:07] [98/445] HTBY
[03:18:08] [99/445] MMZS
[03:18:09] 🔄 Identity reset
[03:18:09] 🔄 Identity rotated (every 10 requests)
[03:18:09] 🔄 Retry 1/5 for MMZS in 2.9s
[03:18:09] 🔄 Identity reset
[03:18:12] 🧠 New identity created
[03:18:12] [100/445] SUDR
[03:18:13] [101/445] CCAD
[03:18:14] [102/445] SKKC
[03:18:15] [103/445] RMCD
[03:18:16] [104/445] SBCQ
[03:18:17] [105/445] DCCT
[03:18:18] [106/445] VTKP
[03:18:18] [107/445] MLAM
[03:18:20] [108/445] SAVT
[03:18:21] 🔄 Identity reset
[03:18:21] 🔄 Identity rotated (every 10 requests)
[03:18:21] 🔄 Retry 1/5 for SAVT in 2.8s
[03:18:21] 🔄 Identity reset
[03:18:24] 🧠 New identity created
[03:18:24] [109/445] GEPL
[03:18:26] [110/445] AMCD
[03:18:27] [111/445] CCXR
[03:18:28] [112/445] GRNG
[03:18:28] [113/445] EBCA
[03:18:30] [114/445] CNVG
[03:18:32] [115/445] MWSS
[03:18:33] [116/445] VBOR
[03:18:34] [117/445] NEEB
[03:18:34] 🔄 Identity reset
[03:18:34] 🔄 Identity rotated (every 10 requests)
[03:18:34] 🔄 Retry 1/5 for NEEB in 2.8s
[03:18:34] 🔄 Identity reset
[03:18:37] 🧠 New identity created
[03:18:38] [118/445] SUTH
[03:18:39] [119/445] ANDB
[03:18:40] [120/445] MMXS
[03:18:43] [121/445] CNPD
[03:18:44] [122/445] SDCE
[03:18:45] [123/445] DHCB
[03:18:46] [124/445] ODEN
[03:18:48] [125/445] TNTC
[03:18:48] [126/445] VBKM
[03:18:49] 🔄 Identity reset
[03:18:49] 🔄 Identity rotated (every 10 requests)
[03:18:49] [127/445] RZYM
[03:18:50] [128/445] JEMC
[03:18:51] [129/445] CMAU
[03:18:52] [130/445] SIVP
[03:18:54] [131/445] ATAG
[03:18:55] [132/445] CHTM
[03:18:56] [133/445] AAEE
[03:18:56] [134/445] IWPM
[03:18:57] [135/445] KCMW
[03:18:59] [136/445] MCTD
[03:18:59] 🔄 Identity reset
[03:18:59] 🔄 Identity rotated (every 10 requests)
[03:18:59] 🔄 Retry 1/5 for MCTD in 2.6s
[03:18:59] 🔄 Identity reset
[03:19:02] 🧠 New identity created
[03:19:03] [137/445] SPWR
[03:19:03] [138/445] SDPO
[03:19:04] [139/445] PCSK
[03:19:05] [140/445] ACHV
[03:19:06] [141/445] SVLA
[03:19:07] [142/445] PICT
[03:19:08] [143/445] BXDR
[03:19:10] [144/445] SPWA
[03:19:12] [145/445] MCKO
[03:19:12] 🔄 Identity reset
[03:19:12] 🔄 Identity rotated (every 10 requests)
[03:19:13] [146/445] RTHK
[03:19:14] [147/445] CCMF
[03:19:15] [148/445] MRGB
[03:19:16] [149/445] CPLC
[03:19:17] [150/445] RACD
[03:19:18] [151/445] ATKT
[03:19:19] [152/445] SARN
[03:19:20] [153/445] KKUI
[03:19:21] [154/445] RGCM
[03:19:34] 🔄 Retry 1/5 for RGCM in 3.0s
[03:19:34] 🔄 Identity reset
[03:19:37] 🧠 New identity created
[03:19:37] 🔄 Identity reset
[03:19:37] 🔄 Identity rotated (every 10 requests)
[03:19:42] [155/445] BRVP
[03:19:43] [156/445] HRSR
[03:19:44] [157/445] GKGM
[03:19:45] [158/445] TTCD
[03:19:46] [159/445] PTTI
[03:19:48] [160/445] MPTT
[03:19:49] [161/445] CVTT
[03:19:50] [162/445] PCXD
[03:19:51] [163/445] GCDC
[03:19:52] [164/445] CCCF
[03:19:53] 🔄 Identity reset
[03:19:53] 🔄 Identity rotated (every 10 requests)
[03:19:53] [165/445] MRAD
[03:19:54] [166/445] CPLK
[03:19:56] [167/445] SATB
[03:19:57] [168/445] SNVG
[03:19:58] [169/445] JMBA
[03:19:59] [170/445] TEJA
[03:20:00] [171/445] STYO
[03:20:01] [172/445] JTBP
[03:20:03] [173/445] KRGD
[03:20:04] [174/445] SLJJ
[03:20:04] 🔄 Identity reset
[03:20:04] 🔄 Identity rotated (every 10 requests)
[03:20:04] 🔄 Retry 1/5 for SLJJ in 2.8s
[03:20:04] 🔄 Identity reset
[03:20:07] 🧠 New identity created
[03:20:07] 🔄 Retry 2/5 for SLJJ in 5.0s
[03:20:07] 🔄 Identity reset
[03:20:12] 🧠 New identity created
[03:20:13] [175/445] SPTJ
[03:20:14] [176/445] SWJG
[03:20:15] [177/445] LKRT
[03:20:16] [178/445] KCKA
[03:20:17] [179/445] SNCR
[03:20:18] [180/445] SMKL
[03:20:19] [181/445] GCFA
[03:20:20] [182/445] DDCK
[03:20:20] 🔄 Identity reset
[03:20:21] 🔄 Identity rotated (every 10 requests)
[03:20:21] 🔄 Retry 1/5 for DDCK in 2.1s
[03:20:21] 🔄 Identity reset
[03:20:23] 🧠 New identity created
[03:20:23] [183/445] NCHJ
[03:20:24] [184/445] RDMA
[03:20:25] [185/445] SVSV
[03:20:26] [186/445] SCJG
[03:20:27] [187/445] VKLP
[03:20:28] [188/445] NWCC
[03:20:30] [189/445] VKNS
[03:20:31] [190/445] SDDP
[03:20:31] [191/445] ACSI
[03:20:32] 🔄 Identity reset
[03:20:32] 🔄 Identity rotated (every 10 requests)
[03:20:33] [192/445] SATG
[03:20:33] [193/445] SCMW
[03:20:34] [194/445] LKTK
[03:20:35] [195/445] VCKV
[03:20:36] [196/445] KKPE
[03:20:37] [197/445] KIGH
[03:20:38] [198/445] SRPM
[03:20:39] [199/445] SCAH
[03:20:41] [200/445] MUTA
[03:20:42] [201/445] SEPU
[03:20:42] 🔄 Identity reset
[03:20:42] 🔄 Identity rotated (every 10 requests)
[03:20:43] [202/445] INOA
[03:20:44] [203/445] BASK
[03:20:45] [204/445] NECB
[03:20:47] [205/445] GTTG
[03:20:48] [206/445] ASSA
[03:20:49] [207/445] ANCL
[03:20:50] [208/445] GCTI
[03:20:51] [209/445] RCTS
[03:20:52] [210/445] ACNL
[03:20:53] [211/445] MYCT
[03:20:54] 🔄 Identity reset
[03:20:54] 🔄 Identity rotated (every 10 requests)
[03:20:55] [212/445] NMHT
[03:20:56] [213/445] MDIT
[03:20:58] [214/445] LATG
[03:20:59] [215/445] SMTY
[03:21:00] [216/445] CVCT
[03:21:01] [217/445] RAMB
[03:21:02] [218/445] TGMS
[03:21:03] [219/445] BHEL
[03:21:04] [220/445] SHCT
[03:21:05] [221/445] SVCT
[03:21:06] 🔄 Identity reset
[03:21:06] 🔄 Identity rotated (every 10 requests)
[03:21:06] [222/445] MRIY
[03:21:07] [223/445] SARO
[03:21:08] [224/445] STCT
[03:21:09] [225/445] JKKC
[03:21:10] [226/445] PLTT
[03:21:11] [227/445] SRNT
[03:21:12] [228/445] YAST
[03:21:13] [229/445] PERL
[03:21:14] [230/445] CICM
[03:21:15] [231/445] MMTR
[03:21:15] 🔄 Identity reset
[03:21:15] 🔄 Identity rotated (every 10 requests)
[03:21:15] 🔄 Retry 1/5 for MMTR in 2.3s
[03:21:15] 🔄 Identity reset
[03:21:18] 🧠 New identity created
[03:21:18] [232/445] ABTK
[03:21:19] [233/445] ATYY
[03:21:20] [234/445] ASTK
[03:21:21] [235/445] VVCK
[03:21:22] [236/445] ATKY
[03:21:23] [237/445] GWEK
[03:21:25] [238/445] SVFH
[03:21:26] [239/445] SLTA
[03:21:27] [240/445] AASH
[03:21:28] 🔄 Identity reset
[03:21:28] 🔄 Identity rotated (every 10 requests)
[03:21:28] 🔄 Retry 1/5 for AASH in 2.1s
[03:21:28] 🔄 Identity reset
[03:21:30] 🧠 New identity created
[03:21:31] [241/445] ACXB
[03:21:32] [242/445] SMTX
[03:21:33] [243/445] AZDH
[03:21:34] [244/445] CMMH
[03:21:35] [245/445] SCSZ
[03:21:35] [246/445] SCKP
[03:21:36] [247/445] NXTM
[03:21:37] [248/445] NWCS
[03:21:39] [249/445] CXMH
[03:21:39] 🔄 Identity reset
[03:21:39] 🔄 Identity rotated (every 10 requests)
[03:21:40] [250/445] PCMA
[03:21:41] [251/445] SGCM
[03:21:43] [252/445] SDTU
[03:21:44] [253/445] MMVI
[03:21:45] [254/445] JKCM
[03:21:47] [255/445] VCMM
[03:21:48] [256/445] SYEE
[03:21:49] [257/445] VASD
[03:21:49] [258/445] BDRB
[03:21:50] [259/445] LASM
[03:21:51] 🔄 Identity reset
[03:21:51] 🔄 Identity rotated (every 10 requests)
[03:21:51] 🔄 Retry 1/5 for LASM in 2.6s
[03:21:51] 🔄 Identity reset
[03:21:54] 🧠 New identity created
[03:21:54] 🔄 Retry 2/5 for LASM in 4.4s
[03:21:54] 🔄 Identity reset
[03:21:58] 🧠 New identity created
[03:21:59] [260/445] DCRL
[03:22:00] [261/445] DVPM
[03:22:01] [262/445] SBMJ
[03:22:02] [263/445] CBMU
[03:22:02] [264/445] IUBS
[03:22:03] [265/445] INAP
[03:22:05] [266/445] SRRC
[03:22:06] [267/445] SAGR
[03:22:07] 🔄 Identity reset
[03:22:07] 🔄 Identity rotated (every 10 requests)
[03:22:07] [268/445] CPMJ
[03:22:08] [269/445] ATJL
[03:22:09] [270/445] NNTD
[03:22:10] [271/445] JHCJ
[03:22:11] [272/445] CMMP
[03:22:12] [273/445] RSDR
[03:22:13] [274/445] AMTI
[03:22:14] [275/445] NYSG
[03:22:15] [276/445] AVSG
[03:22:16] [277/445] SYTP
[03:22:17] 🔄 Identity reset
[03:22:17] 🔄 Identity rotated (every 10 requests)
[03:22:18] [278/445] LARC
[03:22:19] [279/445] RJTP
[03:22:20] [280/445] LAKC
[03:22:21] [281/445] MCXE
[03:22:23] [282/445] CCZC
[03:22:24] [283/445] AVCH
[03:22:25] [284/445] CMBE
[03:22:27] [285/445] MRRC
[03:22:28] [286/445] PCPY
[03:22:29] [287/445] SRMH
[03:22:30] 🔄 Identity reset
[03:22:30] 🔄 Identity rotated (every 10 requests)
[03:22:30] [288/445] SVGS
[03:22:31] [289/445] PCSE
[03:22:32] [290/445] SVFT
[03:22:33] [291/445] TNZP
[03:22:33] [292/445] ICTP
[03:22:34] [293/445] ACTZ
[03:22:37] [294/445] GTUR
[03:22:38] [295/445] MAFC
[03:22:39] [296/445] MINL
[03:22:41] [297/445] MRCL
[03:22:41] 🔄 Identity reset
[03:22:41] 🔄 Identity rotated (every 10 requests)
[03:22:42] 🔄 Retry 1/5 for MRCL in 2.1s
[03:22:42] 🔄 Identity reset
[03:22:44] 🧠 New identity created
[03:22:45] [298/445] RCRP
[03:22:46] [299/445] RFFG
[03:22:47] [300/445] RMAS
[03:22:48] [301/445] INVR
[03:22:49] [302/445] RMAR
[03:22:50] [303/445] CNIS
[03:22:52] [304/445] RHRJ
[03:22:54] [305/445] INXR
[03:22:54] [306/445] VALT
[03:22:55] 🔄 Identity reset
[03:22:55] 🔄 Identity rotated (every 10 requests)
[03:22:56] [307/445] LCSH
[03:22:57] [308/445] CMVS
[03:22:57] [309/445] CNMS
[03:22:59] [310/445] ROOG
[03:23:00] [311/445] ISRM
[03:23:01] [312/445] RCRM
[03:23:02] [313/445] ACJA
[03:23:03] [314/445] RCVS
[03:23:04] [315/445] CPUS
[03:23:05] [316/445] TGCS
[03:23:05] 🔄 Identity reset
[03:23:06] 🔄 Identity rotated (every 10 requests)
[03:23:06] [317/445] RKCJ
[03:23:08] [318/445] MKSB
[03:23:09] [319/445] TCSJ
[03:23:10] [320/445] RMGP
[03:23:12] [321/445] CLLP
[03:23:14] [322/445] RCMV
[03:23:15] [323/445] CCKS
[03:23:16] [324/445] RSRP
[03:23:18] [325/445] APLP
[03:23:19] [326/445] CNVS
[03:23:19] 🔄 Identity reset
[03:23:19] 🔄 Identity rotated (every 10 requests)
[03:23:20] [327/445] RMVY
[03:23:21] [328/445] PGBD
[03:23:22] [329/445] KLMS
[03:23:23] [330/445] RUST
[03:23:24] [331/445] MASM
[03:23:25] [332/445] BACS
[03:23:26] [333/445] BWST
[03:23:27] [334/445] RRFH
[03:23:28] [335/445] SJTM
[03:23:29] [336/445] BEMR
[03:23:29] 🔄 Identity reset
[03:23:29] 🔄 Identity rotated (every 10 requests)
[03:23:31] [337/445] MCGR
[03:23:31] [338/445] SDSK
[03:23:32] [339/445] VBOL
[03:23:33] [340/445] RMGM
[03:23:34] [341/445] NOPL
[03:23:35] [342/445] MKJK
[03:23:36] [343/445] CVRN
[03:23:37] [344/445] MMEN
[03:23:38] [345/445] AMNG
[03:23:39] [346/445] INTM
[03:23:40] 🔄 Identity reset
[03:23:40] 🔄 Identity rotated (every 10 requests)
[03:23:40] [347/445] SLCZ
[03:23:42] [348/445] AMJN
[03:23:42] [349/445] ACJN
[03:23:43] [350/445] AMKN
[03:23:44] [351/445] BTCN
[03:23:45] [352/445] AMBT
[03:23:47] [353/445] PACN
[03:23:48] [354/445] LCNS
[03:23:49] [355/445] PPKC
[03:23:51] [356/445] JYYN
[03:23:51] 🔄 Identity reset
[03:23:51] 🔄 Identity rotated (every 10 requests)
[03:23:52] [357/445] JTNR
[03:23:53] [358/445] GTEE
[03:23:54] [359/445] SRNM
[03:23:55] [360/445] SDTC
[03:23:56] [361/445] VPCA
[03:23:57] [362/445] VLRA
[03:23:57] [363/445] SHKR
[03:23:58] [364/445] SBKD
[03:24:00] [365/445] SAAD
[03:24:01] [366/445] JTGN
[03:24:02] 🔄 Identity reset
[03:24:02] 🔄 Identity rotated (every 10 requests)
[03:24:02] [367/445] SLAM
[03:24:03] [368/445] VTPM
[03:24:05] [369/445] ANPT
[03:24:05] [370/445] PUNB
[03:24:07] [371/445] CPKT
[03:24:08] [372/445] CNWE
[03:24:08] [373/445] ECPP
[03:24:09] [374/445] CPAR
[03:24:10] [375/445] ESBW
[03:24:11] [376/445] PKPU
[03:24:12] 🔄 Identity reset
[03:24:12] 🔄 Identity rotated (every 10 requests)
[03:24:13] [377/445] CPRP
[03:24:14] [378/445] RAHU
[03:24:15] [379/445] RHMN
[03:24:16] [380/445] FMJP
[03:24:17] [381/445] CTMP
[03:24:18] [382/445] INPN
[03:24:19] [383/445] STTG
[03:24:20] [384/445] CTRD
[03:24:20] [385/445] PUVB
[03:24:22] [386/445] ESVP
[03:24:22] 🔄 Identity reset
[03:24:22] 🔄 Identity rotated (every 10 requests)
[03:24:23] [387/445] CPFT
[03:24:24] [388/445] LCPC
[03:24:25] [389/445] VBCT
[03:24:25] [390/445] FSCW
[03:24:26] [391/445] VCMP
[03:24:27] [392/445] ASHC
[03:24:28] [393/445] VLCX
[03:24:29] [394/445] SHEV
[03:24:30] [395/445] APCO
[03:24:31] [396/445] SILC
[03:24:32] 🔄 Identity reset
[03:24:32] 🔄 Identity rotated (every 10 requests)
[03:24:32] [397/445] SNMR
[03:24:33] [398/445] KYBO
[03:24:34] [399/445] SATK
[03:24:35] [400/445] SSCS
[03:24:36] [401/445] CLSB
[03:24:38] [402/445] KMJR
[03:24:38] [403/445] FSCK
[03:24:39] [404/445] NNKA
[03:24:41] [405/445] CLMK
[03:24:42] [406/445] DMPZ
[03:24:42] 🔄 Identity reset
[03:24:43] 🔄 Identity rotated (every 10 requests)
[03:24:43] [407/445] INQM
[03:24:44] [408/445] CAML
[03:24:45] [409/445] INRK
[03:24:46] [410/445] IMKN
[03:24:47] [411/445] SVNR
[03:24:48] [412/445] INSL
[03:24:48] [413/445] MSMA
[03:24:50] [414/445] MCKK
[03:24:51] [415/445] FCHP
[03:24:52] [416/445] SFCR
[03:24:53] 🔄 Identity reset
[03:24:53] 🔄 Identity rotated (every 10 requests)
[03:24:53] [417/445] NACK
[03:24:54] [418/445] PVAK
[03:24:55] [419/445] INER
[03:24:56] [420/445] RDBK
[03:24:57] [421/445] SVFN
[03:24:58] [422/445] IFRM
[03:24:59] [423/445] ATCK
[03:25:00] [424/445] ASKO
[03:25:01] [425/445] STKT
[03:25:02] [426/445] SVFB
[03:25:02] 🔄 Identity reset
[03:25:02] 🔄 Identity rotated (every 10 requests)
[03:25:02] [427/445] INKS
[03:25:03] [428/445] PCRA
[03:25:04] [429/445] ATJA
[03:25:06] [430/445] IMJN
[03:25:07] [431/445] INHD
[03:25:08] [432/445] BARA
[03:25:09] [433/445] MCSL
[03:25:10] [434/445] RTOY
[03:25:11] [435/445] MENO
[03:25:13] [436/445] PUDM
[03:25:13] 🔄 Identity reset
[03:25:13] 🔄 Identity rotated (every 10 requests)
[03:25:14] [437/445] PRCN
[03:25:15] [438/445] JMJR
[03:25:15] [439/445] SSGK
[03:25:16] [440/445] SSRL
[03:25:17] [441/445] JYKL
[03:25:18] [442/445] ACNB
[03:25:20] [443/445] SONP
[03:25:21] [444/445] EMCI
[03:25:23] [445/445] MRJH
[03:25:23] ✅ DONE | Shows=3 | Movies=2
[04:16:37] 🚀 BMS DAILY TRACKER STARTED (enhanced anti‑detection)
[04:16:37] [1/445] TGMR
[04:16:38] 🧠 New identity created
[04:16:38] [2/445] CXKR
[04:16:39] [3/445] SROP
[04:16:40] [4/445] GTSV
[04:16:42] [5/445] SNTY
[04:16:43] [6/445] SMYY
[04:16:44] [7/445] CNCS
[04:16:45] [8/445] CSTM
[04:16:47] [9/445] NUCD
[04:16:48] [10/445] SHCZ
[04:16:48] 🔄 Identity reset
[04:16:48] 🔄 Identity rotated (every 10 requests)
[04:16:48] [11/445] NJCT
[04:16:49] [12/445] COPC
[04:16:50] [13/445] STVV
[04:16:51] [14/445] SKRN
[04:16:52] [15/445] APPZ
[04:16:53] [16/445] YMGN
[04:16:54] [17/445] SVTU
[04:16:55] [18/445] GTAD
[04:16:56] [19/445] PSUS
[04:16:57] [20/445] SMCD
[04:16:58] 🔄 Identity reset
[04:16:58] 🔄 Identity rotated (every 10 requests)
[04:16:58] 🔄 Retry 1/5 for SMCD in 2.4s
[04:16:58] 🔄 Identity reset
[04:17:00] 🧠 New identity created
[04:17:00] 🔄 Retry 2/5 for SMCD in 4.1s
[04:17:00] 🔄 Identity reset
[04:17:04] 🧠 New identity created
[04:17:05] [21/445] CMCM
[04:17:06] [22/445] SYCT
[04:17:06] [23/445] STLY
[04:17:07] [24/445] CMHU
[04:17:08] [25/445] CMSA
[04:17:09] [26/445] CLCU
[04:17:09] [27/445] PPNT
[04:17:10] [28/445] JTAB
[04:17:11] 🔄 Identity reset
[04:17:11] 🔄 Identity rotated (every 10 requests)
[04:17:11] [29/445] BUUC
[04:17:13] [30/445] BSVK
[04:17:14] [31/445] VVVQ
[04:17:14] [32/445] TKMU
[04:17:15] [33/445] ESYL
[04:17:17] [34/445] ACHP
[04:17:18] [35/445] BTKD
[04:17:19] [36/445] DESA
[04:17:20] [37/445] GBCT
[04:17:21] [38/445] BLLD
[04:17:22] 🔄 Identity reset
[04:17:22] 🔄 Identity rotated (every 10 requests)
[04:17:22] 🔄 Retry 1/5 for BLLD in 2.6s
[04:17:22] 🔄 Identity reset
[04:17:25] 🧠 New identity created
[04:17:25] 🔄 Retry 2/5 for BLLD in 4.2s
[04:17:25] 🔄 Identity reset
[04:17:29] 🧠 New identity created
[04:17:29] 🔄 Retry 3/5 for BLLD in 8.8s
[04:17:29] 🔄 Identity reset
[04:17:38] 🧠 New identity created
[04:17:39] [39/445] SKNT
[04:17:40] [40/445] SSTE
[04:17:41] [41/445] VJMR
[04:17:42] [42/445] NTPU
[04:17:44] [43/445] RDKN
[04:17:45] [44/445] ADGC
[04:17:47] [45/445] VRBP
[04:17:47] 🔄 Identity reset
[04:17:47] 🔄 Identity rotated (every 10 requests)
[04:17:47] 🔄 Retry 1/5 for VRBP in 2.8s
[04:17:47] 🔄 Identity reset
[04:17:50] 🧠 New identity created
[04:17:50] [46/445] NMNA
[04:17:52] [47/445] CMMX
[04:17:53] [48/445] PTKO
[04:17:54] [49/445] RBML
[04:17:56] [50/445] SAIC
[04:17:57] [51/445] SVTJ
[04:17:58] [52/445] MRTE
[04:18:00] [53/445] RBTP
[04:18:01] [54/445] NLPS
[04:18:02] 🔄 Identity reset
[04:18:02] 🔄 Identity rotated (every 10 requests)
[04:18:02] 🔄 Retry 1/5 for NLPS in 2.0s
[04:18:02] 🔄 Identity reset
[04:18:04] 🧠 New identity created
[04:18:04] 🔄 Retry 2/5 for NLPS in 4.3s
[04:18:04] 🔄 Identity reset
[04:18:08] 🧠 New identity created
[04:18:09] [55/445] GTNA
[04:18:10] [56/445] DGGC
[04:18:11] [57/445] SMCR
[04:18:12] [58/445] SCGD
[04:18:14] [59/445] SRRJ
[04:18:15] [60/445] CNRY
[04:18:16] [61/445] KTDI
[04:18:17] [62/445] SNJL
[04:18:18] 🔄 Identity reset
[04:18:18] 🔄 Identity rotated (every 10 requests)
[04:18:18] [63/445] RKMD
[04:18:19] [64/445] SMDC
[04:18:20] [65/445] TADG
[04:18:21] [66/445] MCGS
[04:18:23] [67/445] PETK
[04:18:24] [68/445] CHAG
[04:18:25] [69/445] KSTL
[04:18:26] [70/445] AADS
[04:18:27] [71/445] NTHZ
[04:18:29] [72/445] HCKI
[04:18:29] 🔄 Identity reset
[04:18:29] 🔄 Identity rotated (every 10 requests)
[04:18:30] [73/445] SSEF
[04:18:31] [74/445] MCGX
[04:18:32] [75/445] ERRA
[04:18:33] [76/445] SDTW
[04:18:34] [77/445] RMPK
[04:18:35] [78/445] PTHK
[04:18:37] [79/445] PXCS
[04:18:37] [80/445] SVLU
[04:18:39] [81/445] STAH
[04:18:41] [82/445] JRGF
[04:18:41] 🔄 Identity reset
[04:18:41] 🔄 Identity rotated (every 10 requests)
[04:18:41] [83/445] CDOK
[04:18:42] [84/445] CMSG
[04:18:43] [85/445] APTD
[04:18:44] [86/445] KMPG
[04:18:45] [87/445] MUTJ
[04:18:46] [88/445] VCCI
[04:18:47] [89/445] URBE
[04:18:49] [90/445] TCTS
[04:18:51] [91/445] STSN
[04:18:52] [92/445] AKCH
[04:18:53] 🔄 Identity reset
[04:18:53] 🔄 Identity rotated (every 10 requests)
[04:18:54] [93/445] APSC
[04:18:54] [94/445] VLTB
[04:18:56] [95/445] SANU
[04:18:57] [96/445] AXAM
[04:18:58] [97/445] MGMG
[04:18:59] [98/445] HTBY
[04:19:01] [99/445] MMZS
[04:19:01] [100/445] SUDR
[04:19:03] [101/445] CCAD
[04:19:04] [102/445] SKKC
[04:19:05] 🔄 Identity reset
[04:19:05] 🔄 Identity rotated (every 10 requests)
[04:19:05] [103/445] RMCD
[04:19:06] [104/445] SBCQ
[04:19:07] [105/445] DCCT
[04:19:08] [106/445] VTKP
[04:19:09] [107/445] MLAM
[04:19:10] [108/445] SAVT
[04:19:12] [109/445] GEPL
[04:19:13] [110/445] AMCD
[04:19:14] [111/445] CCXR
[04:19:15] [112/445] GRNG
[04:19:15] 🔄 Identity reset
[04:19:15] 🔄 Identity rotated (every 10 requests)
[04:19:16] [113/445] EBCA
[04:19:17] [114/445] CNVG
[04:19:18] [115/445] MWSS
[04:19:18] [116/445] VBOR
[04:19:19] [117/445] NEEB
[04:19:21] [118/445] SUTH
[04:19:22] [119/445] ANDB
[04:19:23] [120/445] MMXS
[04:19:24] [121/445] CNPD
[04:19:25] [122/445] SDCE
[04:19:25] 🔄 Identity reset
[04:19:25] 🔄 Identity rotated (every 10 requests)
[04:19:25] [123/445] DHCB
[04:19:27] [124/445] ODEN
[04:19:28] [125/445] TNTC
[04:19:29] [126/445] VBKM
[04:19:30] [127/445] RZYM
[04:19:31] [128/445] JEMC
[04:19:33] [129/445] CMAU
[04:19:34] [130/445] SIVP
[04:19:35] [131/445] ATAG
[04:19:37] [132/445] CHTM
[04:19:37] 🔄 Identity reset
[04:19:37] 🔄 Identity rotated (every 10 requests)
[04:19:38] [133/445] AAEE
[04:19:40] [134/445] IWPM
[04:19:40] [135/445] KCMW
[04:19:42] [136/445] MCTD
[04:19:43] [137/445] SPWR
[04:19:44] [138/445] SDPO
[04:19:45] [139/445] PCSK
[04:19:45] [140/445] ACHV
[04:19:47] [141/445] SVLA
[04:19:48] [142/445] PICT
[04:19:49] 🔄 Identity reset
[04:19:49] 🔄 Identity rotated (every 10 requests)
[04:19:50] [143/445] BXDR
[04:19:51] [144/445] SPWA
[04:19:52] [145/445] MCKO
[04:19:53] [146/445] RTHK
[04:19:54] [147/445] CCMF
[04:19:56] [148/445] MRGB
[04:19:57] [149/445] CPLC
[04:19:58] [150/445] RACD
[04:19:59] [151/445] ATKT
[04:20:00] [152/445] SARN
[04:20:00] 🔄 Identity reset
[04:20:01] 🔄 Identity rotated (every 10 requests)
[04:20:02] [153/445] KKUI
[04:20:03] [154/445] RGCM
[04:20:04] [155/445] BRVP
[04:20:06] [156/445] HRSR
[04:20:06] [157/445] GKGM
[04:20:07] [158/445] TTCD
[04:20:09] [159/445] PTTI
[04:20:10] [160/445] MPTT
[04:20:12] [161/445] CVTT
[04:20:13] [162/445] PCXD
[04:20:13] 🔄 Identity reset
[04:20:13] 🔄 Identity rotated (every 10 requests)
[04:20:13] 🔄 Retry 1/5 for PCXD in 2.1s
[04:20:13] 🔄 Identity reset
[04:20:15] 🧠 New identity created
[04:20:16] [163/445] GCDC
[04:20:17] [164/445] CCCF
[04:20:18] [165/445] MRAD
[04:20:19] [166/445] CPLK
[04:20:20] [167/445] SATB
[04:20:21] [168/445] SNVG
[04:20:23] [169/445] JMBA
[04:20:24] [170/445] TEJA
[04:20:25] [171/445] STYO
[04:20:26] 🔄 Identity reset
[04:20:26] 🔄 Identity rotated (every 10 requests)
[04:20:26] [172/445] JTBP
[04:20:27] [173/445] KRGD
[04:20:28] [174/445] SLJJ
[04:20:29] [175/445] SPTJ
[04:20:30] [176/445] SWJG
[04:20:31] [177/445] LKRT
[04:20:32] [178/445] KCKA
[04:20:33] [179/445] SNCR
[04:20:34] [180/445] SMKL
[04:20:36] [181/445] GCFA
[04:20:36] 🔄 Identity reset
[04:20:36] 🔄 Identity rotated (every 10 requests)
[04:20:37] [182/445] DDCK
[04:20:37] [183/445] NCHJ
[04:20:39] [184/445] RDMA
[04:20:40] [185/445] SVSV
[04:20:41] [186/445] SCJG
[04:20:42] [187/445] VKLP
[04:20:43] [188/445] NWCC
[04:20:45] [189/445] VKNS
[04:20:46] [190/445] SDDP
[04:20:47] [191/445] ACSI
[04:20:47] 🔄 Identity reset
[04:20:47] 🔄 Identity rotated (every 10 requests)
[04:20:47] 🔄 Retry 1/5 for ACSI in 2.4s
[04:20:47] 🔄 Identity reset
[04:20:50] 🧠 New identity created
[04:20:51] [192/445] SATG
[04:20:52] [193/445] SCMW
[04:20:53] [194/445] LKTK
[04:20:55] [195/445] VCKV
[04:20:56] [196/445] KKPE
[04:20:57] [197/445] KIGH
[04:20:59] [198/445] SRPM
[04:21:00] [199/445] SCAH
[04:21:01] [200/445] MUTA
[04:21:02] 🔄 Identity reset
[04:21:02] 🔄 Identity rotated (every 10 requests)
[04:21:03] [201/445] SEPU
[04:21:05] [202/445] INOA
[04:21:06] [203/445] BASK
[04:21:07] [204/445] NECB
[04:21:08] [205/445] GTTG
[04:21:09] [206/445] ASSA
[04:21:10] [207/445] ANCL
[04:21:12] [208/445] GCTI
[04:21:13] [209/445] RCTS
[04:21:14] [210/445] ACNL
[04:21:14] 🔄 Identity reset
[04:21:15] 🔄 Identity rotated (every 10 requests)
[04:21:15] [211/445] MYCT
[04:21:16] [212/445] NMHT
[04:21:17] [213/445] MDIT
[04:21:18] [214/445] LATG
[04:21:19] [215/445] SMTY
[04:21:21] [216/445] CVCT
[04:21:22] [217/445] RAMB
[04:21:23] [218/445] TGMS
[04:21:24] [219/445] BHEL
[04:21:25] [220/445] SHCT
[04:21:26] 🔄 Identity reset
[04:21:26] 🔄 Identity rotated (every 10 requests)
[04:21:26] [221/445] SVCT
[04:21:27] [222/445] MRIY
[04:21:28] [223/445] SARO
[04:21:29] [224/445] STCT
[04:21:30] [225/445] JKKC
[04:21:32] [226/445] PLTT
[04:21:32] [227/445] SRNT
[04:21:33] [228/445] YAST
[04:21:35] [229/445] PERL
[04:21:36] [230/445] CICM
[04:21:36] 🔄 Identity reset
[04:21:36] 🔄 Identity rotated (every 10 requests)
[04:21:36] 🔄 Retry 1/5 for CICM in 2.3s
[04:21:36] 🔄 Identity reset
[04:21:39] 🧠 New identity created
[04:21:40] [231/445] MMTR
[04:21:40] [232/445] ABTK
[04:21:42] [233/445] ATYY
[04:21:43] [234/445] ASTK
[04:21:43] [235/445] VVCK
[04:21:44] [236/445] ATKY
[04:21:45] [237/445] GWEK
[04:21:46] [238/445] SVFH
[04:21:48] [239/445] SLTA
[04:21:48] 🔄 Identity reset
[04:21:48] 🔄 Identity rotated (every 10 requests)
[04:21:49] [240/445] AASH
[04:21:50] [241/445] ACXB
[04:21:51] [242/445] SMTX
[04:21:53] [243/445] AZDH
[04:21:55] [244/445] CMMH
[04:21:56] [245/445] SCSZ
[04:21:58] [246/445] SCKP
[04:21:59] [247/445] NXTM
[04:21:59] [248/445] NWCS
[04:22:01] [249/445] CXMH
[04:22:01] 🔄 Identity reset
[04:22:01] 🔄 Identity rotated (every 10 requests)
[04:22:02] [250/445] PCMA
[04:22:03] [251/445] SGCM
[04:22:04] [252/445] SDTU
[04:22:06] [253/445] MMVI
[04:22:07] [254/445] JKCM
[04:22:09] [255/445] VCMM
[04:22:10] [256/445] SYEE
[04:22:11] [257/445] VASD
[04:22:13] [258/445] BDRB
[04:22:14] [259/445] LASM
[04:22:14] 🔄 Identity reset
[04:22:14] 🔄 Identity rotated (every 10 requests)
[04:22:15] [260/445] DCRL
[04:22:16] [261/445] DVPM
[04:22:17] [262/445] SBMJ
[04:22:18] [263/445] CBMU
[04:22:19] [264/445] IUBS
[04:22:20] [265/445] INAP
[04:22:21] [266/445] SRRC
[04:22:23] [267/445] SAGR
[04:22:24] [268/445] CPMJ
[04:22:26] [269/445] ATJL
[04:22:26] 🔄 Identity reset
[04:22:26] 🔄 Identity rotated (every 10 requests)
[04:22:27] [270/445] NNTD
[04:22:29] [271/445] JHCJ
[04:22:30] [272/445] CMMP
[04:22:32] [273/445] RSDR
[04:22:33] [274/445] AMTI
[04:22:34] [275/445] NYSG
[04:22:36] [276/445] AVSG
[04:22:37] [277/445] SYTP
[04:22:38] [278/445] LARC
[04:22:38] [279/445] RJTP
[04:22:39] 🔄 Identity reset
[04:22:39] 🔄 Identity rotated (every 10 requests)
[04:22:39] 🔄 Retry 1/5 for RJTP in 2.2s
[04:22:39] 🔄 Identity reset
[04:22:41] 🧠 New identity created
[04:22:42] [280/445] LAKC
[04:22:43] [281/445] MCXE
[04:22:45] [282/445] CCZC
[04:22:45] [283/445] AVCH
[04:22:46] [284/445] CMBE
[04:22:48] [285/445] MRRC
[04:22:49] [286/445] PCPY
[04:22:49] [287/445] SRMH
[04:22:51] [288/445] SVGS
[04:22:51] 🔄 Identity reset
[04:22:51] 🔄 Identity rotated (every 10 requests)
[04:22:52] [289/445] PCSE
[04:22:53] [290/445] SVFT
[04:22:54] [291/445] TNZP
[04:22:55] [292/445] ICTP
[04:22:57] [293/445] ACTZ
[04:22:58] [294/445] GTUR
[04:23:00] [295/445] MAFC
[04:23:01] [296/445] MINL
[04:23:02] [297/445] MRCL
[04:23:04] [298/445] RCRP
[04:23:05] 🔄 Identity reset
[04:23:05] 🔄 Identity rotated (every 10 requests)
[04:23:05] [299/445] RFFG
[04:23:06] [300/445] RMAS
[04:23:07] [301/445] INVR
[04:23:09] [302/445] RMAR
[04:23:10] [303/445] CNIS
[04:23:11] [304/445] RHRJ
[04:23:12] [305/445] INXR
[04:23:13] [306/445] VALT
[04:23:14] [307/445] LCSH
[04:23:15] [308/445] CMVS
[04:23:16] 🔄 Identity reset
[04:23:16] 🔄 Identity rotated (every 10 requests)
[04:23:17] [309/445] CNMS
[04:23:18] [310/445] ROOG
[04:23:20] [311/445] ISRM
[04:23:21] [312/445] RCRM
[04:23:22] [313/445] ACJA
[04:23:23] [314/445] RCVS
[04:23:24] [315/445] CPUS
[04:23:26] [316/445] TGCS
[04:23:27] [317/445] RKCJ
[04:23:28] [318/445] MKSB
[04:23:28] 🔄 Identity reset
[04:23:28] 🔄 Identity rotated (every 10 requests)
[04:23:28] [319/445] TCSJ
[04:23:30] [320/445] RMGP
[04:23:31] [321/445] CLLP
[04:23:32] [322/445] RCMV
[04:23:34] [323/445] CCKS
[04:23:35] [324/445] RSRP
[04:23:36] [325/445] APLP
[04:23:37] [326/445] CNVS
[04:23:38] [327/445] RMVY
[04:23:40] [328/445] PGBD
[04:23:41] 🔄 Identity reset
[04:23:41] 🔄 Identity rotated (every 10 requests)
[04:23:41] [329/445] KLMS
[04:23:43] [330/445] RUST
[04:23:44] [331/445] MASM
[04:23:45] [332/445] BACS
[04:23:46] [333/445] BWST
[04:23:47] [334/445] RRFH
[04:23:48] [335/445] SJTM
[04:23:50] [336/445] BEMR
[04:23:51] [337/445] MCGR
[04:23:53] [338/445] SDSK
[04:23:53] 🔄 Identity reset
[04:23:53] 🔄 Identity rotated (every 10 requests)
[04:23:54] [339/445] VBOL
[04:23:55] [340/445] RMGM
[04:23:56] [341/445] NOPL
[04:23:57] [342/445] MKJK
[04:23:59] [343/445] CVRN
[04:24:00] [344/445] MMEN
[04:24:01] [345/445] AMNG
[04:24:02] [346/445] INTM
[04:24:03] [347/445] SLCZ
[04:24:04] [348/445] AMJN
[04:24:05] 🔄 Identity reset
[04:24:05] 🔄 Identity rotated (every 10 requests)
[04:24:06] [349/445] ACJN
[04:24:07] [350/445] AMKN
[04:24:08] [351/445] BTCN
[04:24:09] [352/445] AMBT
[04:24:11] [353/445] PACN
[04:24:12] [354/445] LCNS
[04:24:13] [355/445] PPKC
[04:24:14] [356/445] JYYN
[04:24:16] [357/445] JTNR
[04:24:18] [358/445] GTEE
[04:24:18] 🔄 Identity reset
[04:24:18] 🔄 Identity rotated (every 10 requests)
[04:24:19] [359/445] SRNM
[04:24:21] [360/445] SDTC
[04:24:22] [361/445] VPCA
[04:24:23] [362/445] VLRA
[04:24:24] [363/445] SHKR
[04:24:25] [364/445] SBKD
[04:24:26] [365/445] SAAD
[04:24:27] [366/445] JTGN
[04:24:28] [367/445] SLAM
[04:24:29] [368/445] VTPM
[04:24:30] 🔄 Identity reset
[04:24:30] 🔄 Identity rotated (every 10 requests)
[04:24:31] [369/445] ANPT
[04:24:32] [370/445] PUNB
[04:24:33] [371/445] CPKT
[04:24:34] [372/445] CNWE
[04:24:35] [373/445] ECPP
[04:24:36] [374/445] CPAR
[04:24:37] [375/445] ESBW
[04:24:39] [376/445] PKPU
[04:24:40] [377/445] CPRP
[04:24:41] [378/445] RAHU
[04:24:41] 🔄 Identity reset
[04:24:41] 🔄 Identity rotated (every 10 requests)
[04:24:42] [379/445] RHMN
[04:24:44] [380/445] FMJP
[04:24:45] [381/445] CTMP
[04:24:46] [382/445] INPN
[04:24:47] [383/445] STTG
[04:24:48] [384/445] CTRD
[04:24:49] [385/445] PUVB
[04:24:51] [386/445] ESVP
[04:24:52] [387/445] CPFT
[04:24:53] [388/445] LCPC
[04:24:53] 🔄 Identity reset
[04:24:53] 🔄 Identity rotated (every 10 requests)
[04:24:54] [389/445] VBCT
[04:24:55] [390/445] FSCW
[04:24:56] [391/445] VCMP
[04:24:57] [392/445] ASHC
[04:24:58] [393/445] VLCX
[04:24:59] [394/445] SHEV
[04:25:00] [395/445] APCO
[04:25:02] [396/445] SILC
[04:25:03] [397/445] SNMR
[04:25:05] [398/445] KYBO
[04:25:05] 🔄 Identity reset
[04:25:05] 🔄 Identity rotated (every 10 requests)
[04:25:06] 🔄 Retry 1/5 for KYBO in 2.8s
[04:25:06] 🔄 Identity reset
[04:25:08] 🧠 New identity created
[04:25:09] [399/445] SATK
[04:25:10] [400/445] SSCS
[04:25:10] [401/445] CLSB
[04:25:11] [402/445] KMJR
[04:25:12] [403/445] FSCK
[04:25:13] [404/445] NNKA
[04:25:14] [405/445] CLMK
[04:25:16] [406/445] DMPZ
[04:25:17] [407/445] INQM
[04:25:18] 🔄 Identity reset
[04:25:18] 🔄 Identity rotated (every 10 requests)
[04:25:19] [408/445] CAML
[04:25:20] [409/445] INRK
[04:25:21] [410/445] IMKN
[04:25:23] [411/445] SVNR
[04:25:24] [412/445] INSL
[04:25:26] [413/445] MSMA
[04:25:27] [414/445] MCKK
[04:25:28] [415/445] FCHP
[04:25:30] [416/445] SFCR
[04:25:31] [417/445] NACK
[04:25:32] 🔄 Identity reset
[04:25:32] 🔄 Identity rotated (every 10 requests)
[04:25:32] 🔄 Retry 1/5 for NACK in 2.3s
[04:25:32] 🔄 Identity reset
[04:25:34] 🧠 New identity created
[04:25:34] [418/445] PVAK
[04:25:36] [419/445] INER
[04:25:37] [420/445] RDBK
[04:25:38] [421/445] SVFN
[04:25:40] [422/445] IFRM
[04:25:41] [423/445] ATCK
[04:25:42] [424/445] ASKO
[04:25:43] [425/445] STKT
[04:25:44] [426/445] SVFB
[04:25:44] 🔄 Identity reset
[04:25:44] 🔄 Identity rotated (every 10 requests)
[04:25:45] [427/445] INKS
[04:25:46] [428/445] PCRA
[04:25:47] [429/445] ATJA
[04:25:48] [430/445] IMJN
[04:25:49] [431/445] INHD
[04:25:50] [432/445] BARA
[04:25:51] [433/445] MCSL
[04:25:53] [434/445] RTOY
[04:25:54] [435/445] MENO
[04:25:55] [436/445] PUDM
[04:25:56] 🔄 Identity reset
[04:25:56] 🔄 Identity rotated (every 10 requests)
[04:25:57] [437/445] PRCN
[04:25:58] [438/445] JMJR
[04:25:59] [439/445] SSGK
[04:26:00] [440/445] SSRL
[04:26:01] [441/445] JYKL
[04:26:03] [442/445] ACNB
[04:26:04] [443/445] SONP
[04:26:05] [444/445] EMCI
[04:26:05] [445/445] MRJH
[04:26:07] ✅ DONE | Shows=6 | Movies=3
[05:13:51] 🚀 BMS DAILY TRACKER STARTED (enhanced anti‑detection)
[05:13:51] [1/445] TGMR
[05:13:51] 🧠 New identity created
[05:13:52] [2/445] CXKR
[05:13:52] [3/445] SROP
[05:13:53] [4/445] GTSV
[05:13:54] [5/445] SNTY
[05:13:56] [6/445] SMYY
[05:13:56] [7/445] CNCS
[05:13:57] [8/445] CSTM
[05:13:58] [9/445] NUCD
[05:13:58] [10/445] SHCZ
[05:13:59] 🔄 Identity reset
[05:13:59] 🔄 Identity rotated (every 10 requests)
[05:13:59] [11/445] NJCT
[05:14:00] [12/445] COPC
[05:14:01] [13/445] STVV
[05:14:02] [14/445] SKRN
[05:14:02] [15/445] APPZ
[05:14:03] [16/445] YMGN
[05:14:04] [17/445] SVTU
[05:14:05] [18/445] GTAD
[05:14:06] [19/445] PSUS
[05:14:07] [20/445] SMCD
[05:14:07] 🔄 Identity reset
[05:14:07] 🔄 Identity rotated (every 10 requests)
[05:14:08] [21/445] CMCM
[05:14:09] [22/445] SYCT
[05:14:10] [23/445] STLY
[05:14:11] [24/445] CMHU
[05:14:12] [25/445] CMSA
[05:14:13] [26/445] CLCU
[05:14:14] [27/445] PPNT
[05:14:15] [28/445] JTAB
[05:14:16] [29/445] BUUC
[05:14:17] [30/445] BSVK
[05:14:17] 🔄 Identity reset
[05:14:18] 🔄 Identity rotated (every 10 requests)
[05:14:18] [31/445] VVVQ
[05:14:18] [32/445] TKMU
[05:14:19] [33/445] ESYL
[05:14:21] [34/445] ACHP
[05:14:22] [35/445] BTKD
[05:14:23] [36/445] DESA
[05:14:24] [37/445] GBCT
[05:14:24] [38/445] BLLD
[05:14:25] [39/445] SKNT
[05:14:26] [40/445] SSTE
[05:14:26] 🔄 Identity reset
[05:14:26] 🔄 Identity rotated (every 10 requests)
[05:14:26] 🔄 Retry 1/5 for SSTE in 2.8s
[05:14:26] 🔄 Identity reset
[05:14:29] 🧠 New identity created
[05:14:30] [41/445] VJMR
[05:14:30] [42/445] NTPU
[05:14:31] [43/445] RDKN
[05:14:32] [44/445] ADGC
[05:14:32] [45/445] VRBP
[05:14:33] [46/445] NMNA
[05:14:34] [47/445] CMMX
[05:14:36] [48/445] PTKO
[05:14:36] [49/445] RBML
[05:14:37] 🔄 Identity reset
[05:14:37] 🔄 Identity rotated (every 10 requests)
[05:14:37] 🔄 Retry 1/5 for RBML in 2.3s
[05:14:37] 🔄 Identity reset
[05:14:39] 🧠 New identity created
[05:14:40] [50/445] SAIC
[05:14:41] [51/445] SVTJ
[05:14:41] [52/445] MRTE
[05:14:43] [53/445] RBTP
[05:14:44] [54/445] NLPS
[05:14:45] [55/445] GTNA
[05:14:46] [56/445] DGGC
[05:14:47] [57/445] SMCR
[05:14:49] [58/445] SCGD
[05:14:49] 🔄 Identity reset
[05:14:49] 🔄 Identity rotated (every 10 requests)
[05:14:49] 🔄 Retry 1/5 for SCGD in 2.9s
[05:14:49] 🔄 Identity reset
[05:14:52] 🧠 New identity created
[05:14:52] [59/445] SRRJ
[05:14:53] [60/445] CNRY
[05:14:54] [61/445] KTDI
[05:14:55] [62/445] SNJL
[05:14:56] [63/445] RKMD
[05:14:56] [64/445] SMDC
[05:14:57] [65/445] TADG
[05:14:58] [66/445] MCGS
[05:14:59] [67/445] PETK
[05:15:00] 🔄 Identity reset
[05:15:00] 🔄 Identity rotated (every 10 requests)
[05:15:00] [68/445] CHAG
[05:15:01] [69/445] KSTL
[05:15:02] [70/445] AADS
[05:15:03] [71/445] NTHZ
[05:15:03] [72/445] HCKI
[05:15:04] [73/445] SSEF
[05:15:05] [74/445] MCGX
[05:15:07] [75/445] ERRA
[05:15:07] [76/445] SDTW
[05:15:08] [77/445] RMPK
[05:15:09] 🔄 Identity reset
[05:15:09] 🔄 Identity rotated (every 10 requests)
[05:15:09] [78/445] PTHK
[05:15:10] [79/445] PXCS
[05:15:11] [80/445] SVLU
[05:15:13] [81/445] STAH
[05:15:13] [82/445] JRGF
[05:15:14] [83/445] CDOK
[05:15:16] [84/445] CMSG
[05:15:17] [85/445] APTD
[05:15:18] [86/445] KMPG
[05:15:18] [87/445] MUTJ
[05:15:19] 🔄 Identity reset
[05:15:19] 🔄 Identity rotated (every 10 requests)
[05:15:19] [88/445] VCCI
[05:15:20] [89/445] URBE
[05:15:21] [90/445] TCTS
[05:15:22] [91/445] STSN
[05:15:22] [92/445] AKCH
[05:15:23] [93/445] APSC
[05:15:24] [94/445] VLTB
[05:15:25] [95/445] SANU
[05:15:26] [96/445] AXAM
[05:15:27] [97/445] MGMG
[05:15:28] 🔄 Identity reset
[05:15:28] 🔄 Identity rotated (every 10 requests)
[05:15:28] [98/445] HTBY
[05:15:29] [99/445] MMZS
[05:15:30] [100/445] SUDR
[05:15:31] [101/445] CCAD
[05:15:32] [102/445] SKKC
[05:15:32] [103/445] RMCD
[05:15:33] [104/445] SBCQ
[05:15:34] [105/445] DCCT
[05:15:35] [106/445] VTKP
[05:15:35] [107/445] MLAM
[05:15:36] 🔄 Identity reset
[05:15:36] 🔄 Identity rotated (every 10 requests)
[05:15:36] [108/445] SAVT
[05:15:37] [109/445] GEPL
[05:15:38] [110/445] AMCD
[05:15:39] [111/445] CCXR
[05:15:40] [112/445] GRNG
[05:15:41] [113/445] EBCA
[05:15:42] [114/445] CNVG
[05:15:43] [115/445] MWSS
[05:15:44] [116/445] VBOR
[05:15:45] [117/445] NEEB
[05:15:46] 🔄 Identity reset
[05:15:46] 🔄 Identity rotated (every 10 requests)
[05:15:47] [118/445] SUTH
[05:15:48] [119/445] ANDB
[05:15:48] [120/445] MMXS
[05:15:49] [121/445] CNPD
[05:15:50] [122/445] SDCE
[05:15:51] [123/445] DHCB
[05:15:52] [124/445] ODEN
[05:15:52] [125/445] TNTC
[05:15:54] [126/445] VBKM
[05:15:56] [127/445] RZYM
[05:15:56] 🔄 Identity reset
[05:15:56] 🔄 Identity rotated (every 10 requests)
[05:15:57] [128/445] JEMC
[05:15:57] [129/445] CMAU
[05:15:58] [130/445] SIVP
[05:16:00] [131/445] ATAG
[05:16:02] [132/445] CHTM
[05:16:03] [133/445] AAEE
[05:16:03] [134/445] IWPM
[05:16:04] [135/445] KCMW
[05:16:05] [136/445] MCTD
[05:16:06] [137/445] SPWR
[05:16:06] 🔄 Identity reset
[05:16:06] 🔄 Identity rotated (every 10 requests)
[05:16:07] [138/445] SDPO
[05:16:08] [139/445] PCSK
[05:16:08] [140/445] ACHV
[05:16:10] [141/445] SVLA
[05:16:11] [142/445] PICT
[05:16:12] [143/445] BXDR
[05:16:13] [144/445] SPWA
[05:16:14] [145/445] MCKO
[05:16:15] [146/445] RTHK
[05:16:16] [147/445] CCMF
[05:16:17] 🔄 Identity reset
[05:16:17] 🔄 Identity rotated (every 10 requests)
[05:16:17] [148/445] MRGB
[05:16:18] [149/445] CPLC
[05:16:19] [150/445] RACD
[05:16:20] [151/445] ATKT
[05:16:21] [152/445] SARN
[05:16:22] [153/445] KKUI
[05:16:23] [154/445] RGCM
[05:16:24] [155/445] BRVP
[05:16:25] [156/445] HRSR
[05:16:26] [157/445] GKGM
[05:16:27] 🔄 Identity reset
[05:16:27] 🔄 Identity rotated (every 10 requests)
[05:16:27] [158/445] TTCD
[05:16:28] [159/445] PTTI
[05:16:28] [160/445] MPTT
[05:16:29] [161/445] CVTT
[05:16:31] [162/445] PCXD
[05:16:32] [163/445] GCDC
[05:16:34] [164/445] CCCF
[05:16:35] [165/445] MRAD
[05:16:36] [166/445] CPLK
[05:16:37] [167/445] SATB
[05:16:37] 🔄 Identity reset
[05:16:37] 🔄 Identity rotated (every 10 requests)
[05:16:37] [168/445] SNVG
[05:16:38] [169/445] JMBA
[05:16:39] [170/445] TEJA
[05:16:40] [171/445] STYO
[05:16:41] [172/445] JTBP
[05:16:42] [173/445] KRGD
[05:16:42] [174/445] SLJJ
[05:16:43] [175/445] SPTJ
[05:16:44] [176/445] SWJG
[05:16:45] [177/445] LKRT
[05:16:46] 🔄 Identity reset
[05:16:46] 🔄 Identity rotated (every 10 requests)
[05:16:47] [178/445] KCKA
[05:16:48] [179/445] SNCR
[05:16:48] [180/445] SMKL
[05:16:49] [181/445] GCFA
[05:16:51] [182/445] DDCK
[05:16:52] [183/445] NCHJ
[05:16:52] [184/445] RDMA
[05:16:53] [185/445] SVSV
[05:16:54] [186/445] SCJG
[05:16:55] [187/445] VKLP
[05:16:55] 🔄 Identity reset
[05:16:55] 🔄 Identity rotated (every 10 requests)
[05:16:56] [188/445] NWCC
[05:16:58] [189/445] VKNS
[05:16:58] [190/445] SDDP
[05:16:59] [191/445] ACSI
[05:17:00] [192/445] SATG
[05:17:01] [193/445] SCMW
[05:17:02] [194/445] LKTK
[05:17:03] [195/445] VCKV
[05:17:04] [196/445] KKPE
[05:17:06] [197/445] KIGH
[05:17:06] 🔄 Identity reset
[05:17:06] 🔄 Identity rotated (every 10 requests)
[05:17:07] [198/445] SRPM
[05:17:07] [199/445] SCAH
[05:17:08] [200/445] MUTA
[05:17:09] [201/445] SEPU
[05:17:10] [202/445] INOA
[05:17:11] [203/445] BASK
[05:17:12] [204/445] NECB
[05:17:12] [205/445] GTTG
[05:17:13] [206/445] ASSA
[05:17:14] [207/445] ANCL
[05:17:15] 🔄 Identity reset
[05:17:15] 🔄 Identity rotated (every 10 requests)
[05:17:15] [208/445] GCTI
[05:17:16] [209/445] RCTS
[05:17:17] [210/445] ACNL
[05:17:18] [211/445] MYCT
[05:17:19] [212/445] NMHT
[05:17:20] [213/445] MDIT
[05:17:21] [214/445] LATG
[05:17:22] [215/445] SMTY
[05:17:23] [216/445] CVCT
[05:17:24] [217/445] RAMB
[05:17:25] 🔄 Identity reset
[05:17:25] 🔄 Identity rotated (every 10 requests)
[05:17:25] [218/445] TGMS
[05:17:27] [219/445] BHEL
[05:17:28] [220/445] SHCT
[05:17:29] [221/445] SVCT
[05:17:29] [222/445] MRIY
[05:17:30] [223/445] SARO
[05:17:31] [224/445] STCT
[05:17:32] [225/445] JKKC
[05:17:32] [226/445] PLTT
[05:17:33] [227/445] SRNT
[05:17:34] 🔄 Identity reset
[05:17:34] 🔄 Identity rotated (every 10 requests)
[05:17:34] [228/445] YAST
[05:17:35] [229/445] PERL
[05:17:36] [230/445] CICM
[05:17:37] [231/445] MMTR
[05:17:39] [232/445] ABTK
[05:17:40] [233/445] ATYY
[05:17:41] [234/445] ASTK
[05:17:42] [235/445] VVCK
[05:17:42] [236/445] ATKY
[05:17:43] [237/445] GWEK
[05:17:44] 🔄 Identity reset
[05:17:44] 🔄 Identity rotated (every 10 requests)
[05:17:44] [238/445] SVFH
[05:17:45] [239/445] SLTA
[05:17:46] [240/445] AASH
[05:17:48] [241/445] ACXB
[05:17:49] [242/445] SMTX
[05:17:50] [243/445] AZDH
[05:17:51] [244/445] CMMH
[05:17:51] [245/445] SCSZ
[05:17:52] [246/445] SCKP
[05:17:53] [247/445] NXTM
[05:17:54] 🔄 Identity reset
[05:17:54] 🔄 Identity rotated (every 10 requests)
[05:17:54] [248/445] NWCS
[05:17:55] [249/445] CXMH
[05:17:56] [250/445] PCMA
[05:17:57] [251/445] SGCM
[05:17:58] [252/445] SDTU
[05:17:59] [253/445] MMVI
[05:18:00] [254/445] JKCM
[05:18:01] [255/445] VCMM
[05:18:02] [256/445] SYEE
[05:18:03] [257/445] VASD
[05:18:04] 🔄 Identity reset
[05:18:04] 🔄 Identity rotated (every 10 requests)
[05:18:04] [258/445] BDRB
[05:18:05] [259/445] LASM
[05:18:06] [260/445] DCRL
[05:18:07] [261/445] DVPM
[05:18:08] [262/445] SBMJ
[05:18:08] [263/445] CBMU
[05:18:09] [264/445] IUBS
[05:18:10] [265/445] INAP
[05:18:11] [266/445] SRRC
[05:18:13] [267/445] SAGR
[05:18:13] 🔄 Identity reset
[05:18:13] 🔄 Identity rotated (every 10 requests)
[05:18:13] [268/445] CPMJ
[05:18:14] [269/445] ATJL
[05:18:15] [270/445] NNTD
[05:18:16] [271/445] JHCJ
[05:18:18] [272/445] CMMP
[05:18:19] [273/445] RSDR
[05:18:19] [274/445] AMTI
[05:18:20] [275/445] NYSG
[05:18:21] [276/445] AVSG
[05:18:22] [277/445] SYTP
[05:18:23] 🔄 Identity reset
[05:18:23] 🔄 Identity rotated (every 10 requests)
[05:18:23] [278/445] LARC
[05:18:24] [279/445] RJTP
[05:18:25] [280/445] LAKC
[05:18:26] [281/445] MCXE
[05:18:27] [282/445] CCZC
[05:18:28] [283/445] AVCH
[05:18:29] [284/445] CMBE
[05:18:30] [285/445] MRRC
[05:18:31] [286/445] PCPY
[05:18:32] [287/445] SRMH
[05:18:33] 🔄 Identity reset
[05:18:33] 🔄 Identity rotated (every 10 requests)
[05:18:33] [288/445] SVGS
[05:18:34] [289/445] PCSE
[05:18:36] [290/445] SVFT
[05:18:36] [291/445] TNZP
[05:18:37] [292/445] ICTP
[05:18:38] [293/445] ACTZ
[05:18:39] [294/445] GTUR
[05:18:40] [295/445] MAFC
[05:18:41] [296/445] MINL
[05:18:43] [297/445] MRCL
[05:18:43] 🔄 Identity reset
[05:18:43] 🔄 Identity rotated (every 10 requests)
[05:18:44] [298/445] RCRP
[05:18:45] [299/445] RFFG
[05:18:46] [300/445] RMAS
[05:18:47] [301/445] INVR
[05:18:49] [302/445] RMAR
[05:18:50] [303/445] CNIS
[05:18:51] [304/445] RHRJ
[05:18:52] [305/445] INXR
[05:18:53] [306/445] VALT
[05:18:54] [307/445] LCSH
[05:18:54] 🔄 Identity reset
[05:18:54] 🔄 Identity rotated (every 10 requests)
[05:18:55] [308/445] CMVS
[05:18:56] [309/445] CNMS
[05:18:57] [310/445] ROOG
[05:18:58] [311/445] ISRM
[05:18:59] [312/445] RCRM
[05:19:01] [313/445] ACJA
[05:19:02] [314/445] RCVS
[05:19:03] [315/445] CPUS
[05:19:04] [316/445] TGCS
[05:19:05] [317/445] RKCJ
[05:19:05] 🔄 Identity reset
[05:19:05] 🔄 Identity rotated (every 10 requests)
[05:19:06] [318/445] MKSB
[05:19:06] [319/445] TCSJ
[05:19:07] [320/445] RMGP
[05:19:09] [321/445] CLLP
[05:19:10] [322/445] RCMV
[05:19:11] [323/445] CCKS
[05:19:12] [324/445] RSRP
[05:19:13] [325/445] APLP
[05:19:14] [326/445] CNVS
[05:19:15] [327/445] RMVY
[05:19:16] 🔄 Identity reset
[05:19:16] 🔄 Identity rotated (every 10 requests)
[05:19:16] [328/445] PGBD
[05:19:18] [329/445] KLMS
[05:19:19] [330/445] RUST
[05:19:20] [331/445] MASM
[05:19:21] [332/445] BACS
[05:19:22] [333/445] BWST
[05:19:22] [334/445] RRFH
[05:19:23] [335/445] SJTM
[05:19:24] [336/445] BEMR
[05:19:25] [337/445] MCGR
[05:19:26] 🔄 Identity reset
[05:19:26] 🔄 Identity rotated (every 10 requests)
[05:19:26] [338/445] SDSK
[05:19:27] [339/445] VBOL
[05:19:28] [340/445] RMGM
[05:19:29] [341/445] NOPL
[05:19:30] [342/445] MKJK
[05:19:30] [343/445] CVRN
[05:19:31] [344/445] MMEN
[05:19:33] [345/445] AMNG
[05:19:34] [346/445] INTM
[05:19:35] [347/445] SLCZ
[05:19:36] 🔄 Identity reset
[05:19:36] 🔄 Identity rotated (every 10 requests)
[05:19:37] [348/445] AMJN
[05:19:38] [349/445] ACJN
[05:19:39] [350/445] AMKN
[05:19:40] [351/445] BTCN
[05:19:41] [352/445] AMBT
[05:19:42] [353/445] PACN
[05:19:43] [354/445] LCNS
[05:19:44] [355/445] PPKC
[05:19:45] [356/445] JYYN
[05:19:46] [357/445] JTNR
[05:19:47] 🔄 Identity reset
[05:19:47] 🔄 Identity rotated (every 10 requests)
[05:19:47] [358/445] GTEE
[05:19:48] [359/445] SRNM
[05:19:49] [360/445] SDTC
[05:19:51] [361/445] VPCA
[05:19:52] [362/445] VLRA
[05:19:53] [363/445] SHKR
[05:19:54] [364/445] SBKD
[05:19:55] [365/445] SAAD
[05:19:56] [366/445] JTGN
[05:19:57] [367/445] SLAM
[05:19:58] 🔄 Identity reset
[05:19:58] 🔄 Identity rotated (every 10 requests)
[05:19:58] [368/445] VTPM
[05:19:59] [369/445] ANPT
[05:20:00] [370/445] PUNB
[05:20:01] [371/445] CPKT
[05:20:02] [372/445] CNWE
[05:20:03] [373/445] ECPP
[05:20:04] [374/445] CPAR
[05:20:05] [375/445] ESBW
[05:20:06] [376/445] PKPU
[05:20:07] [377/445] CPRP
[05:20:08] 🔄 Identity reset
[05:20:08] 🔄 Identity rotated (every 10 requests)
[05:20:08] 🔄 Retry 1/5 for CPRP in 2.4s
[05:20:08] 🔄 Identity reset
[05:20:11] 🧠 New identity created
[05:20:11] [378/445] RAHU
[05:20:12] [379/445] RHMN
[05:20:14] [380/445] FMJP
[05:20:14] [381/445] CTMP
[05:20:15] [382/445] INPN
[05:20:16] [383/445] STTG
[05:20:17] [384/445] CTRD
[05:20:18] [385/445] PUVB
[05:20:19] [386/445] ESVP
[05:20:20] 🔄 Identity reset
[05:20:20] 🔄 Identity rotated (every 10 requests)
[05:20:20] [387/445] CPFT
[05:20:21] [388/445] LCPC
[05:20:22] [389/445] VBCT
[05:20:23] [390/445] FSCW
[05:20:25] [391/445] VCMP
[05:20:26] [392/445] ASHC
[05:20:27] [393/445] VLCX
[05:20:28] [394/445] SHEV
[05:20:29] [395/445] APCO
[05:20:30] [396/445] SILC
[05:20:30] 🔄 Identity reset
[05:20:30] 🔄 Identity rotated (every 10 requests)
[05:20:31] [397/445] SNMR
[05:20:31] [398/445] KYBO
[05:20:32] [399/445] SATK
[05:20:33] [400/445] SSCS
[05:20:34] [401/445] CLSB
[05:20:36] [402/445] KMJR
[05:20:37] [403/445] FSCK
[05:20:38] [404/445] NNKA
[05:20:39] [405/445] CLMK
[05:20:40] [406/445] DMPZ
[05:20:40] 🔄 Identity reset
[05:20:40] 🔄 Identity rotated (every 10 requests)
[05:20:41] [407/445] INQM
[05:20:42] [408/445] CAML
[05:20:43] [409/445] INRK
[05:20:44] [410/445] IMKN
[05:20:45] [411/445] SVNR
[05:20:45] [412/445] INSL
[05:20:46] [413/445] MSMA
[05:20:47] [414/445] MCKK
[05:20:48] [415/445] FCHP
[05:20:49] [416/445] SFCR
[05:20:50] 🔄 Identity reset
[05:20:50] 🔄 Identity rotated (every 10 requests)
[05:20:50] [417/445] NACK
[05:20:51] [418/445] PVAK
[05:20:52] [419/445] INER
[05:20:53] [420/445] RDBK
[05:20:54] [421/445] SVFN
[05:20:55] [422/445] IFRM
[05:20:56] [423/445] ATCK
[05:20:57] [424/445] ASKO
[05:20:58] [425/445] STKT
[05:20:59] [426/445] SVFB
[05:21:00] 🔄 Identity reset
[05:21:00] 🔄 Identity rotated (every 10 requests)
[05:21:00] [427/445] INKS
[05:21:01] [428/445] PCRA
[05:21:03] [429/445] ATJA
[05:21:05] [430/445] IMJN
[05:21:06] [431/445] INHD
[05:21:07] [432/445] BARA
[05:21:08] [433/445] MCSL
[05:21:09] [434/445] RTOY
[05:21:10] [435/445] MENO
[05:21:11] [436/445] PUDM
[05:21:12] 🔄 Identity reset
[05:21:12] 🔄 Identity rotated (every 10 requests)
[05:21:12] [437/445] PRCN
[05:21:13] [438/445] JMJR
[05:21:15] [439/445] SSGK
[05:21:16] [440/445] SSRL
[05:21:17] [441/445] JYKL
[05:21:18] [442/445] ACNB
[05:21:18] [443/445] SONP
[05:21:19] [444/445] EMCI
[05:21:20] [445/445] MRJH
[05:21:21] ✅ DONE | Shows=39 | Movies=8
[06:06:37] 🚀 BMS DAILY TRACKER STARTED (enhanced anti‑detection)
[06:06:37] [1/445] TGMR
[06:06:38] 🧠 New identity created
[06:06:38] [2/445] CXKR
[06:06:39] [3/445] SROP
[06:06:40] [4/445] GTSV
[06:06:40] [5/445] SNTY
[06:06:41] [6/445] SMYY
[06:06:42] [7/445] CNCS
[06:06:43] [8/445] CSTM
[06:06:43] [9/445] NUCD
[06:06:44] [10/445] SHCZ
[06:06:45] 🔄 Identity reset
[06:06:45] 🔄 Identity rotated (every 10 requests)
[06:06:45] [11/445] NJCT
[06:06:46] [12/445] COPC
[06:06:47] [13/445] STVV
[06:06:49] [14/445] SKRN
[06:06:50] [15/445] APPZ
[06:06:50] [16/445] YMGN
[06:06:51] [17/445] SVTU
[06:06:52] [18/445] GTAD
[06:06:53] [19/445] PSUS
[06:06:54] [20/445] SMCD
[06:06:54] 🔄 Identity reset
[06:06:54] 🔄 Identity rotated (every 10 requests)
[06:06:55] [21/445] CMCM
[06:06:56] [22/445] SYCT
[06:06:57] [23/445] STLY
[06:06:58] [24/445] CMHU
[06:06:59] [25/445] CMSA
[06:07:00] [26/445] CLCU
[06:07:00] [27/445] PPNT
[06:07:01] [28/445] JTAB
[06:07:02] [29/445] BUUC
[06:07:03] [30/445] BSVK
[06:07:03] 🔄 Identity reset
[06:07:03] 🔄 Identity rotated (every 10 requests)
[06:07:04] [31/445] VVVQ
[06:07:05] [32/445] TKMU
[06:07:06] [33/445] ESYL
[06:07:07] [34/445] ACHP
[06:07:07] [35/445] BTKD
[06:07:08] [36/445] DESA
[06:07:09] [37/445] GBCT
[06:07:10] [38/445] BLLD
[06:07:10] [39/445] SKNT
[06:07:11] [40/445] SSTE
[06:07:12] 🔄 Identity reset
[06:07:12] 🔄 Identity rotated (every 10 requests)
[06:07:12] [41/445] VJMR
[06:07:14] [42/445] NTPU
[06:07:15] [43/445] RDKN
[06:07:16] [44/445] ADGC
[06:07:17] [45/445] VRBP
[06:07:18] [46/445] NMNA
[06:07:18] [47/445] CMMX
[06:07:19] [48/445] PTKO
[06:07:20] [49/445] RBML
[06:07:21] [50/445] SAIC
[06:07:22] 🔄 Identity reset
[06:07:22] 🔄 Identity rotated (every 10 requests)
[06:07:23] [51/445] SVTJ
[06:07:23] [52/445] MRTE
[06:07:24] [53/445] RBTP
[06:07:25] [54/445] NLPS
[06:07:26] [55/445] GTNA
[06:07:27] [56/445] DGGC
[06:07:27] [57/445] SMCR
[06:07:28] [58/445] SCGD
[06:07:29] [59/445] SRRJ
[06:07:30] [60/445] CNRY
[06:07:31] 🔄 Identity reset
[06:07:31] 🔄 Identity rotated (every 10 requests)
[06:07:31] [61/445] KTDI
[06:07:32] [62/445] SNJL
[06:07:33] [63/445] RKMD
[06:07:34] [64/445] SMDC
[06:07:35] [65/445] TADG
[06:07:36] [66/445] MCGS
[06:07:36] [67/445] PETK
[06:07:37] [68/445] CHAG
[06:07:38] [69/445] KSTL
[06:07:39] [70/445] AADS
[06:07:39] 🔄 Identity reset
[06:07:39] 🔄 Identity rotated (every 10 requests)
[06:07:40] [71/445] NTHZ
[06:07:40] [72/445] HCKI
[06:07:41] [73/445] SSEF
[06:07:42] [74/445] MCGX
[06:07:43] [75/445] ERRA
[06:07:43] [76/445] SDTW
[06:07:44] [77/445] RMPK
[06:07:45] [78/445] PTHK
[06:07:46] [79/445] PXCS
[06:07:47] [80/445] SVLU
[06:07:47] 🔄 Identity reset
[06:07:47] 🔄 Identity rotated (every 10 requests)
[06:07:48] [81/445] STAH
[06:07:49] [82/445] JRGF
[06:07:49] [83/445] CDOK
[06:07:50] [84/445] CMSG
[06:07:51] [85/445] APTD
[06:07:51] [86/445] KMPG
[06:07:52] [87/445] MUTJ
[06:07:53] [88/445] VCCI
[06:07:55] [89/445] URBE
[06:07:55] [90/445] TCTS
[06:07:56] 🔄 Identity reset
[06:07:56] 🔄 Identity rotated (every 10 requests)
[06:07:56] [91/445] STSN
[06:07:57] [92/445] AKCH
[06:07:58] [93/445] APSC
[06:07:58] [94/445] VLTB
[06:08:00] [95/445] SANU
[06:08:01] [96/445] AXAM
[06:08:02] [97/445] MGMG
[06:08:02] [98/445] HTBY
[06:08:03] [99/445] MMZS
[06:08:04] [100/445] SUDR
[06:08:05] 🔄 Identity reset
[06:08:05] 🔄 Identity rotated (every 10 requests)
[06:08:05] [101/445] CCAD
[06:08:06] [102/445] SKKC
[06:08:07] [103/445] RMCD
[06:08:07] [104/445] SBCQ
[06:08:08] [105/445] DCCT
[06:08:09] [106/445] VTKP
[06:08:10] [107/445] MLAM
[06:08:11] [108/445] SAVT
[06:08:12] [109/445] GEPL
[06:08:13] [110/445] AMCD
[06:08:13] 🔄 Identity reset
[06:08:13] 🔄 Identity rotated (every 10 requests)
[06:08:14] [111/445] CCXR
[06:08:15] [112/445] GRNG
[06:08:15] [113/445] EBCA
[06:08:16] [114/445] CNVG
[06:08:17] [115/445] MWSS
[06:08:17] [116/445] VBOR
[06:08:18] [117/445] NEEB
[06:08:19] [118/445] SUTH
[06:08:20] [119/445] ANDB
[06:08:21] [120/445] MMXS
[06:08:21] 🔄 Identity reset
[06:08:21] 🔄 Identity rotated (every 10 requests)
[06:08:22] [121/445] CNPD
[06:08:22] [122/445] SDCE
[06:08:23] [123/445] DHCB
[06:08:24] [124/445] ODEN
[06:08:24] [125/445] TNTC
[06:08:26] [126/445] VBKM
[06:08:27] [127/445] RZYM
[06:08:28] [128/445] JEMC
[06:08:28] [129/445] CMAU
[06:08:29] [130/445] SIVP
[06:08:30] 🔄 Identity reset
[06:08:30] 🔄 Identity rotated (every 10 requests)
[06:08:31] [131/445] ATAG
[06:08:32] [132/445] CHTM
[06:08:33] [133/445] AAEE
[06:08:34] [134/445] IWPM
[06:08:34] [135/445] KCMW
[06:08:35] [136/445] MCTD
[06:08:35] [137/445] SPWR
[06:08:37] [138/445] SDPO
[06:08:37] [139/445] PCSK
[06:08:38] [140/445] ACHV
[06:08:39] 🔄 Identity reset
[06:08:39] 🔄 Identity rotated (every 10 requests)
[06:08:39] [141/445] SVLA
[06:08:40] [142/445] PICT
[06:08:40] [143/445] BXDR
[06:08:41] [144/445] SPWA
[06:08:43] [145/445] MCKO
[06:08:43] [146/445] RTHK
[06:08:44] [147/445] CCMF
[06:08:45] [148/445] MRGB
[06:08:45] [149/445] CPLC
[06:08:46] [150/445] RACD
[06:08:47] 🔄 Identity reset
[06:08:47] 🔄 Identity rotated (every 10 requests)
[06:08:47] [151/445] ATKT
[06:08:47] [152/445] SARN
[06:08:48] [153/445] KKUI
[06:08:49] [154/445] RGCM
[06:08:50] [155/445] BRVP
[06:08:50] [156/445] HRSR
[06:08:51] [157/445] GKGM
[06:08:51] [158/445] TTCD
[06:08:52] [159/445] PTTI
[06:08:53] [160/445] MPTT
[06:08:54] 🔄 Identity reset
[06:08:54] 🔄 Identity rotated (every 10 requests)
[06:08:54] [161/445] CVTT
[06:08:54] [162/445] PCXD
[06:08:55] [163/445] GCDC
[06:08:56] [164/445] CCCF
[06:08:56] [165/445] MRAD
[06:08:57] [166/445] CPLK
[06:08:58] [167/445] SATB
[06:08:59] [168/445] SNVG
[06:09:00] [169/445] JMBA
[06:09:01] [170/445] TEJA
[06:09:02] 🔄 Identity reset
[06:09:02] 🔄 Identity rotated (every 10 requests)
[06:09:02] [171/445] STYO
[06:09:03] [172/445] JTBP
[06:09:03] [173/445] KRGD
[06:09:04] [174/445] SLJJ
[06:09:05] [175/445] SPTJ
[06:09:05] [176/445] SWJG
[06:09:06] [177/445] LKRT
[06:09:07] [178/445] KCKA
[06:09:08] [179/445] SNCR
[06:09:08] [180/445] SMKL
[06:09:09] 🔄 Identity reset
[06:09:09] 🔄 Identity rotated (every 10 requests)
[06:09:09] [181/445] GCFA
[06:09:10] [182/445] DDCK
[06:09:11] [183/445] NCHJ
[06:09:11] [184/445] RDMA
[06:09:12] [185/445] SVSV
[06:09:13] [186/445] SCJG
[06:09:13] [187/445] VKLP
[06:09:14] [188/445] NWCC
[06:09:15] [189/445] VKNS
[06:09:16] [190/445] SDDP
[06:09:16] 🔄 Identity reset
[06:09:16] 🔄 Identity rotated (every 10 requests)
[06:09:17] [191/445] ACSI
[06:09:17] [192/445] SATG
[06:09:18] [193/445] SCMW
[06:09:19] [194/445] LKTK
[06:09:19] [195/445] VCKV
[06:09:20] [196/445] KKPE
[06:09:21] [197/445] KIGH
[06:09:22] [198/445] SRPM
[06:09:22] [199/445] SCAH
[06:09:23] [200/445] MUTA
[06:09:23] 🔄 Identity reset
[06:09:23] 🔄 Identity rotated (every 10 requests)
[06:09:24] 🔄 Retry 1/5 for MUTA in 2.6s
[06:09:24] 🔄 Identity reset
[06:09:26] 🧠 New identity created
[06:09:26] [201/445] SEPU
[06:09:27] [202/445] INOA
[06:09:28] [203/445] BASK
[06:09:28] [204/445] NECB
[06:09:30] [205/445] GTTG
[06:09:30] [206/445] ASSA
[06:09:31] [207/445] ANCL
[06:09:32] [208/445] GCTI
[06:09:32] [209/445] RCTS
[06:09:33] 🔄 Identity reset
[06:09:33] 🔄 Identity rotated (every 10 requests)
[06:09:33] [210/445] ACNL
[06:09:34] [211/445] MYCT
[06:09:35] [212/445] NMHT
[06:09:35] [213/445] MDIT
[06:09:36] [214/445] LATG
[06:09:37] [215/445] SMTY
[06:09:38] [216/445] CVCT
[06:09:38] [217/445] RAMB
[06:09:39] [218/445] TGMS
[06:09:39] [219/445] BHEL
[06:09:40] 🔄 Identity reset
[06:09:40] 🔄 Identity rotated (every 10 requests)
[06:09:40] [220/445] SHCT
[06:09:41] [221/445] SVCT
[06:09:41] [222/445] MRIY
[06:09:42] [223/445] SARO
[06:09:43] [224/445] STCT
[06:09:44] [225/445] JKKC
[06:09:44] [226/445] PLTT
[06:09:45] [227/445] SRNT
[06:09:46] [228/445] YAST
[06:09:47] [229/445] PERL
[06:09:47] 🔄 Identity reset
[06:09:47] 🔄 Identity rotated (every 10 requests)
[06:09:47] [230/445] CICM
[06:09:48] [231/445] MMTR
[06:09:49] [232/445] ABTK
[06:09:50] [233/445] ATYY
[06:09:50] [234/445] ASTK
[06:09:51] [235/445] VVCK
[06:09:52] [236/445] ATKY
[06:09:53] [237/445] GWEK
[06:09:53] [238/445] SVFH
[06:09:54] [239/445] SLTA
[06:09:54] 🔄 Identity reset
[06:09:54] 🔄 Identity rotated (every 10 requests)
[06:09:55] [240/445] AASH
[06:09:55] [241/445] ACXB
[06:09:56] [242/445] SMTX
[06:09:57] [243/445] AZDH
[06:09:58] [244/445] CMMH
[06:09:58] [245/445] SCSZ
[06:09:59] [246/445] SCKP
[06:10:00] [247/445] NXTM
[06:10:00] [248/445] NWCS
[06:10:01] [249/445] CXMH
[06:10:02] 🔄 Identity reset
[06:10:02] 🔄 Identity rotated (every 10 requests)
[06:10:02] [250/445] PCMA
[06:10:02] [251/445] SGCM
[06:10:03] [252/445] SDTU
[06:10:04] [253/445] MMVI
[06:10:04] [254/445] JKCM
[06:10:05] [255/445] VCMM
[06:10:06] [256/445] SYEE
[06:10:07] [257/445] VASD
[06:10:08] [258/445] BDRB
[06:10:09] [259/445] LASM
[06:10:09] 🔄 Identity reset
[06:10:09] 🔄 Identity rotated (every 10 requests)
[06:10:09] [260/445] DCRL
[06:10:10] [261/445] DVPM
[06:10:11] [262/445] SBMJ
[06:10:12] [263/445] CBMU
[06:10:12] [264/445] IUBS
[06:10:13] [265/445] INAP
[06:10:13] [266/445] SRRC
[06:10:14] [267/445] SAGR
[06:10:15] [268/445] CPMJ
[06:10:16] [269/445] ATJL
[06:10:16] 🔄 Identity reset
[06:10:16] 🔄 Identity rotated (every 10 requests)
[06:10:16] [270/445] NNTD
[06:10:17] [271/445] JHCJ
[06:10:18] [272/445] CMMP
[06:10:19] [273/445] RSDR
[06:10:19] [274/445] AMTI
[06:10:20] [275/445] NYSG
[06:10:21] [276/445] AVSG
[06:10:21] [277/445] SYTP
[06:10:22] [278/445] LARC
[06:10:23] [279/445] RJTP
[06:10:23] 🔄 Identity reset
[06:10:23] 🔄 Identity rotated (every 10 requests)
[06:10:24] [280/445] LAKC
[06:10:25] [281/445] MCXE
[06:10:25] [282/445] CCZC
[06:10:26] [283/445] AVCH
[06:10:26] [284/445] CMBE
[06:10:27] [285/445] MRRC
[06:10:28] [286/445] PCPY
[06:10:29] [287/445] SRMH
[06:10:29] [288/445] SVGS
[06:10:30] [289/445] PCSE
[06:10:31] 🔄 Identity reset
[06:10:31] 🔄 Identity rotated (every 10 requests)
[06:10:31] [290/445] SVFT
[06:10:32] [291/445] TNZP
[06:10:32] [292/445] ICTP
[06:10:33] [293/445] ACTZ
[06:10:34] [294/445] GTUR
[06:10:35] [295/445] MAFC
[06:10:35] [296/445] MINL
[06:10:36] [297/445] MRCL
[06:10:37] [298/445] RCRP
[06:10:38] [299/445] RFFG
[06:10:38] 🔄 Identity reset
[06:10:38] 🔄 Identity rotated (every 10 requests)
[06:10:38] [300/445] RMAS
[06:10:39] [301/445] INVR
[06:10:40] [302/445] RMAR
[06:10:40] [303/445] CNIS
[06:10:41] [304/445] RHRJ
[06:10:41] [305/445] INXR
[06:10:42] [306/445] VALT
[06:10:43] [307/445] LCSH
[06:10:44] [308/445] CMVS
[06:10:45] [309/445] CNMS
[06:10:45] 🔄 Identity reset
[06:10:45] 🔄 Identity rotated (every 10 requests)
[06:10:45] [310/445] ROOG
[06:10:46] [311/445] ISRM
[06:10:47] [312/445] RCRM
[06:10:47] [313/445] ACJA
[06:10:48] [314/445] RCVS
[06:10:49] [315/445] CPUS
[06:10:49] [316/445] TGCS
[06:10:50] [317/445] RKCJ
[06:10:51] [318/445] MKSB
[06:10:52] [319/445] TCSJ
[06:10:52] 🔄 Identity reset
[06:10:52] 🔄 Identity rotated (every 10 requests)
[06:10:52] [320/445] RMGP
[06:10:53] [321/445] CLLP
[06:10:54] [322/445] RCMV
[06:10:54] [323/445] CCKS
[06:10:55] [324/445] RSRP
[06:10:55] [325/445] APLP
[06:10:56] [326/445] CNVS
[06:10:57] [327/445] RMVY
[06:10:57] [328/445] PGBD
[06:10:59] [329/445] KLMS
[06:11:00] 🔄 Identity reset
[06:11:00] 🔄 Identity rotated (every 10 requests)
[06:11:00] [330/445] RUST
[06:11:00] [331/445] MASM
[06:11:01] [332/445] BACS
[06:11:02] [333/445] BWST
[06:11:03] [334/445] RRFH
[06:11:04] [335/445] SJTM
[06:11:04] [336/445] BEMR
[06:11:05] [337/445] MCGR
[06:11:06] [338/445] SDSK
[06:11:06] [339/445] VBOL
[06:11:07] 🔄 Identity reset
[06:11:07] 🔄 Identity rotated (every 10 requests)
[06:11:07] [340/445] RMGM
[06:11:08] [341/445] NOPL
[06:11:09] [342/445] MKJK
[06:11:10] [343/445] CVRN
[06:11:10] [344/445] MMEN
[06:11:11] [345/445] AMNG
[06:11:12] [346/445] INTM
[06:11:12] [347/445] SLCZ
[06:11:13] [348/445] AMJN
[06:11:14] [349/445] ACJN
[06:11:15] 🔄 Identity reset
[06:11:15] 🔄 Identity rotated (every 10 requests)
[06:11:15] [350/445] AMKN
[06:11:15] [351/445] BTCN
[06:11:16] [352/445] AMBT
[06:11:17] [353/445] PACN
[06:11:18] [354/445] LCNS
[06:11:18] [355/445] PPKC
[06:11:19] [356/445] JYYN
[06:11:20] [357/445] JTNR
[06:11:20] [358/445] GTEE
[06:11:21] [359/445] SRNM
[06:11:22] 🔄 Identity reset
[06:11:22] 🔄 Identity rotated (every 10 requests)
[06:11:22] [360/445] SDTC
[06:11:23] [361/445] VPCA
[06:11:24] [362/445] VLRA
[06:11:24] [363/445] SHKR
[06:11:25] [364/445] SBKD
[06:11:26] [365/445] SAAD
[06:11:26] [366/445] JTGN
[06:11:27] [367/445] SLAM
[06:11:28] [368/445] VTPM
[06:11:28] [369/445] ANPT
[06:11:29] 🔄 Identity reset
[06:11:29] 🔄 Identity rotated (every 10 requests)
[06:11:29] [370/445] PUNB
[06:11:30] [371/445] CPKT
[06:11:30] [372/445] CNWE
[06:11:31] [373/445] ECPP
[06:11:31] [374/445] CPAR
[06:11:32] [375/445] ESBW
[06:11:33] [376/445] PKPU
[06:11:34] [377/445] CPRP
[06:11:34] [378/445] RAHU
[06:11:35] [379/445] RHMN
[06:11:35] 🔄 Identity reset
[06:11:35] 🔄 Identity rotated (every 10 requests)
[06:11:36] [380/445] FMJP
[06:11:36] [381/445] CTMP
[06:11:37] [382/445] INPN
[06:11:38] [383/445] STTG
[06:11:38] [384/445] CTRD
[06:11:39] [385/445] PUVB
[06:11:40] [386/445] ESVP
[06:11:40] [387/445] CPFT
[06:11:41] [388/445] LCPC
[06:11:42] [389/445] VBCT
[06:11:42] 🔄 Identity reset
[06:11:42] 🔄 Identity rotated (every 10 requests)
[06:11:43] [390/445] FSCW
[06:11:43] [391/445] VCMP
[06:11:44] [392/445] ASHC
[06:11:45] [393/445] VLCX
[06:11:45] [394/445] SHEV
[06:11:46] [395/445] APCO
[06:11:47] [396/445] SILC
[06:11:48] [397/445] SNMR
[06:11:48] [398/445] KYBO
[06:11:49] [399/445] SATK
[06:11:50] 🔄 Identity reset
[06:11:50] 🔄 Identity rotated (every 10 requests)
[06:11:50] [400/445] SSCS
[06:11:51] [401/445] CLSB
[06:11:51] [402/445] KMJR
[06:11:52] [403/445] FSCK
[06:11:53] [404/445] NNKA
[06:11:54] [405/445] CLMK
[06:11:55] [406/445] DMPZ
[06:11:56] [407/445] INQM
[06:11:57] [408/445] CAML
[06:11:57] [409/445] INRK
[06:11:58] 🔄 Identity reset
[06:11:58] 🔄 Identity rotated (every 10 requests)
[06:11:58] [410/445] IMKN
[06:11:59] [411/445] SVNR
[06:11:59] [412/445] INSL
[06:12:00] [413/445] MSMA
[06:12:01] [414/445] MCKK
[06:12:02] [415/445] FCHP
[06:12:02] [416/445] SFCR
[06:12:03] [417/445] NACK
[06:12:04] [418/445] PVAK
[06:12:04] [419/445] INER
[06:12:05] 🔄 Identity reset
[06:12:05] 🔄 Identity rotated (every 10 requests)
[06:12:05] [420/445] RDBK
[06:12:06] [421/445] SVFN
[06:12:06] [422/445] IFRM
[06:12:07] [423/445] ATCK
[06:12:08] [424/445] ASKO
[06:12:08] [425/445] STKT
[06:12:09] [426/445] SVFB
[06:12:10] [427/445] INKS
[06:12:10] [428/445] PCRA
[06:12:11] [429/445] ATJA
[06:12:12] 🔄 Identity reset
[06:12:12] 🔄 Identity rotated (every 10 requests)
[06:12:12] [430/445] IMJN
[06:12:12] [431/445] INHD
[06:12:13] [432/445] BARA
[06:12:14] [433/445] MCSL
[06:12:14] [434/445] RTOY
[06:12:15] [435/445] MENO
[06:12:16] [436/445] PUDM
[06:12:17] [437/445] PRCN
[06:12:17] [438/445] JMJR
[06:12:18] [439/445] SSGK
[06:12:18] 🔄 Identity reset
[06:12:18] 🔄 Identity rotated (every 10 requests)
[06:12:19] [440/445] SSRL
[06:12:19] [441/445] JYKL
[06:12:20] [442/445] ACNB
[06:12:21] [443/445] SONP
[06:12:22] [444/445] EMCI
[06:12:22] [445/445] MRJH
[06:12:23] ✅ DONE | Shows=230 | Movies=24
[07:06:31] 🚀 BMS DAILY TRACKER STARTED (enhanced anti‑detection)
[07:06:31] [1/445] TGMR
[07:06:32] 🧠 New identity created
[07:06:33] [2/445] CXKR
[07:06:34] [3/445] SROP
[07:06:35] [4/445] GTSV
[07:06:36] [5/445] SNTY
[07:06:37] [6/445] SMYY
[07:06:38] [7/445] CNCS
[07:06:39] [8/445] CSTM
[07:06:40] [9/445] NUCD
[07:06:41] [10/445] SHCZ
[07:06:42] 🔄 Identity reset
[07:06:42] 🔄 Identity rotated (every 10 requests)
[07:06:42] [11/445] NJCT
[07:06:43] [12/445] COPC
[07:06:44] [13/445] STVV
[07:06:45] [14/445] SKRN
[07:06:46] [15/445] APPZ
[07:06:47] [16/445] YMGN
[07:06:47] [17/445] SVTU
[07:06:49] [18/445] GTAD
[07:06:50] [19/445] PSUS
[07:06:50] [20/445] SMCD
[07:06:51] 🔄 Identity reset
[07:06:51] 🔄 Identity rotated (every 10 requests)
[07:06:51] [21/445] CMCM
[07:06:52] [22/445] SYCT
[07:06:53] [23/445] STLY
[07:06:54] [24/445] CMHU
[07:06:55] [25/445] CMSA
[07:06:56] [26/445] CLCU
[07:06:57] [27/445] PPNT
[07:06:58] [28/445] JTAB
[07:06:59] [29/445] BUUC
[07:07:00] [30/445] BSVK
[07:07:01] 🔄 Identity reset
[07:07:01] 🔄 Identity rotated (every 10 requests)
[07:07:01] [31/445] VVVQ
[07:07:02] [32/445] TKMU
[07:07:03] [33/445] ESYL
[07:07:04] [34/445] ACHP
[07:07:05] [35/445] BTKD
[07:07:06] [36/445] DESA
[07:07:07] [37/445] GBCT
[07:07:08] [38/445] BLLD
[07:07:09] [39/445] SKNT
[07:07:10] [40/445] SSTE
[07:07:10] 🔄 Identity reset
[07:07:11] 🔄 Identity rotated (every 10 requests)
[07:07:11] [41/445] VJMR
[07:07:12] [42/445] NTPU
[07:07:13] [43/445] RDKN
[07:07:14] [44/445] ADGC
[07:07:16] [45/445] VRBP
[07:07:17] [46/445] NMNA
[07:07:18] [47/445] CMMX
[07:07:19] [48/445] PTKO
[07:07:20] [49/445] RBML
[07:07:21] [50/445] SAIC
[07:07:22] 🔄 Identity reset
[07:07:22] 🔄 Identity rotated (every 10 requests)
[07:07:22] [51/445] SVTJ
[07:07:23] [52/445] MRTE
[07:07:24] [53/445] RBTP
[07:07:25] [54/445] NLPS
[07:07:26] [55/445] GTNA
[07:07:26] [56/445] DGGC
[07:07:27] [57/445] SMCR
[07:07:28] [58/445] SCGD
[07:07:29] [59/445] SRRJ
[07:07:31] [60/445] CNRY
[07:07:31] 🔄 Identity reset
[07:07:31] 🔄 Identity rotated (every 10 requests)
[07:07:32] [61/445] KTDI
[07:07:32] [62/445] SNJL
[07:07:33] [63/445] RKMD
[07:07:34] [64/445] SMDC
[07:07:35] [65/445] TADG
[07:07:36] [66/445] MCGS
[07:07:37] [67/445] PETK
[07:07:37] [68/445] CHAG
[07:07:38] [69/445] KSTL
[07:07:39] [70/445] AADS
[07:07:39] 🔄 Identity reset
[07:07:39] 🔄 Identity rotated (every 10 requests)
[07:07:40] [71/445] NTHZ
[07:07:41] [72/445] HCKI
[07:07:41] [73/445] SSEF
[07:07:43] [74/445] MCGX
[07:07:45] [75/445] ERRA
[07:07:46] [76/445] SDTW
[07:07:47] [77/445] RMPK
[07:07:48] [78/445] PTHK
[07:07:49] [79/445] PXCS
[07:07:51] [80/445] SVLU
[07:07:52] 🔄 Identity reset
[07:07:52] 🔄 Identity rotated (every 10 requests)
[07:07:52] [81/445] STAH
[07:07:53] [82/445] JRGF
[07:07:54] [83/445] CDOK
[07:07:54] [84/445] CMSG
[07:07:55] [85/445] APTD
[07:07:56] [86/445] KMPG
[07:07:57] [87/445] MUTJ
[07:07:58] [88/445] VCCI
[07:07:59] [89/445] URBE
[07:08:00] [90/445] TCTS
[07:08:01] 🔄 Identity reset
[07:08:01] 🔄 Identity rotated (every 10 requests)
[07:08:02] [91/445] STSN
[07:08:03] [92/445] AKCH
[07:08:04] [93/445] APSC
[07:08:05] [94/445] VLTB
[07:08:05] [95/445] SANU
[07:08:07] [96/445] AXAM
[07:08:08] [97/445] MGMG
[07:08:09] [98/445] HTBY
[07:08:10] [99/445] MMZS
[07:08:11] [100/445] SUDR
[07:08:12] 🔄 Identity reset
[07:08:12] 🔄 Identity rotated (every 10 requests)
[07:08:13] [101/445] CCAD
[07:08:13] [102/445] SKKC
[07:08:14] [103/445] RMCD
[07:08:15] [104/445] SBCQ
[07:08:16] [105/445] DCCT
[07:08:17] [106/445] VTKP
[07:08:19] [107/445] MLAM
[07:08:20] [108/445] SAVT
[07:08:21] [109/445] GEPL
[07:08:22] [110/445] AMCD
[07:08:22] 🔄 Identity reset
[07:08:22] 🔄 Identity rotated (every 10 requests)
[07:08:23] [111/445] CCXR
[07:08:24] [112/445] GRNG
[07:08:25] [113/445] EBCA
[07:08:26] [114/445] CNVG
[07:08:26] [115/445] MWSS
[07:08:27] [116/445] VBOR
[07:08:28] [117/445] NEEB
[07:08:28] [118/445] SUTH
[07:08:29] [119/445] ANDB
[07:08:30] [120/445] MMXS
[07:08:30] 🔄 Identity reset
[07:08:30] 🔄 Identity rotated (every 10 requests)
[07:08:31] [121/445] CNPD
[07:08:32] [122/445] SDCE
[07:08:33] [123/445] DHCB
[07:08:34] [124/445] ODEN
[07:08:36] [125/445] TNTC
[07:08:37] [126/445] VBKM
[07:08:38] [127/445] RZYM
[07:08:39] [128/445] JEMC
[07:08:40] [129/445] CMAU
[07:08:40] [130/445] SIVP
[07:08:41] 🔄 Identity reset
[07:08:41] 🔄 Identity rotated (every 10 requests)
[07:08:41] [131/445] ATAG
[07:08:43] [132/445] CHTM
[07:08:43] [133/445] AAEE
[07:08:44] [134/445] IWPM
[07:08:45] [135/445] KCMW
[07:08:46] [136/445] MCTD
[07:08:47] [137/445] SPWR
[07:08:47] [138/445] SDPO
[07:08:48] [139/445] PCSK
[07:08:49] [140/445] ACHV
[07:08:49] 🔄 Identity reset
[07:08:49] 🔄 Identity rotated (every 10 requests)
[07:08:50] [141/445] SVLA
[07:08:50] [142/445] PICT
[07:08:51] [143/445] BXDR
[07:08:52] [144/445] SPWA
[07:08:53] [145/445] MCKO
[07:08:53] [146/445] RTHK
[07:08:54] [147/445] CCMF
[07:08:55] [148/445] MRGB
[07:08:56] [149/445] CPLC
[07:08:56] [150/445] RACD
[07:08:57] 🔄 Identity reset
[07:08:57] 🔄 Identity rotated (every 10 requests)
[07:08:57] [151/445] ATKT
[07:08:58] [152/445] SARN
[07:08:59] [153/445] KKUI
[07:08:59] [154/445] RGCM
[07:09:00] [155/445] BRVP
[07:09:02] [156/445] HRSR
[07:09:02] [157/445] GKGM
[07:09:03] [158/445] TTCD
[07:09:04] [159/445] PTTI
[07:09:05] [160/445] MPTT
[07:09:05] 🔄 Identity reset
[07:09:05] 🔄 Identity rotated (every 10 requests)
[07:09:05] [161/445] CVTT
[07:09:06] [162/445] PCXD
[07:09:07] [163/445] GCDC
[07:09:08] [164/445] CCCF
[07:09:09] [165/445] MRAD
[07:09:10] [166/445] CPLK
[07:09:11] [167/445] SATB
[07:09:12] [168/445] SNVG
[07:09:13] [169/445] JMBA
[07:09:14] [170/445] TEJA
[07:09:14] 🔄 Identity reset
[07:09:14] 🔄 Identity rotated (every 10 requests)
[07:09:14] [171/445] STYO
[07:09:15] [172/445] JTBP
[07:09:15] [173/445] KRGD
[07:09:16] [174/445] SLJJ
[07:09:17] [175/445] SPTJ
[07:09:18] [176/445] SWJG
[07:09:19] [177/445] LKRT
[07:09:20] [178/445] KCKA
[07:09:21] [179/445] SNCR
[07:09:21] [180/445] SMKL
[07:09:22] 🔄 Identity reset
[07:09:22] 🔄 Identity rotated (every 10 requests)
[07:09:23] [181/445] GCFA
[07:09:23] [182/445] DDCK
[07:09:24] [183/445] NCHJ
[07:09:25] [184/445] RDMA
[07:09:27] [185/445] SVSV
[07:09:28] [186/445] SCJG
[07:09:30] [187/445] VKLP
[07:09:31] [188/445] NWCC
[07:09:32] [189/445] VKNS
[07:09:33] [190/445] SDDP
[07:09:34] 🔄 Identity reset
[07:09:34] 🔄 Identity rotated (every 10 requests)
[07:09:34] [191/445] ACSI
[07:09:35] [192/445] SATG
[07:09:36] [193/445] SCMW
[07:09:37] [194/445] LKTK
[07:09:38] [195/445] VCKV
[07:09:38] [196/445] KKPE
[07:09:40] [197/445] KIGH
[07:09:41] [198/445] SRPM
[07:09:41] [199/445] SCAH
[07:09:42] [200/445] MUTA
[07:09:43] 🔄 Identity reset
[07:09:43] 🔄 Identity rotated (every 10 requests)
[07:09:43] [201/445] SEPU
[07:09:43] [202/445] INOA
[07:09:44] [203/445] BASK
[07:09:46] [204/445] NECB
[07:09:47] [205/445] GTTG
[07:09:47] [206/445] ASSA
[07:09:48] [207/445] ANCL
[07:09:49] [208/445] GCTI
[07:09:50] [209/445] RCTS
[07:09:51] [210/445] ACNL
[07:09:51] 🔄 Identity reset
[07:09:51] 🔄 Identity rotated (every 10 requests)
[07:09:52] [211/445] MYCT
[07:09:53] [212/445] NMHT
[07:09:53] [213/445] MDIT
[07:09:54] [214/445] LATG
[07:09:55] [215/445] SMTY
[07:09:56] [216/445] CVCT
[07:09:57] [217/445] RAMB
[07:09:58] [218/445] TGMS
[07:09:58] [219/445] BHEL
[07:09:59] [220/445] SHCT
[07:09:59] 🔄 Identity reset
[07:09:59] 🔄 Identity rotated (every 10 requests)
[07:10:00] [221/445] SVCT
[07:10:02] [222/445] MRIY
[07:10:03] [223/445] SARO
[07:10:04] [224/445] STCT
[07:10:05] [225/445] JKKC
[07:10:05] [226/445] PLTT
[07:10:06] [227/445] SRNT
[07:10:07] [228/445] YAST
[07:10:08] [229/445] PERL
[07:10:09] [230/445] CICM
[07:10:10] 🔄 Identity reset
[07:10:10] 🔄 Identity rotated (every 10 requests)
[07:10:10] [231/445] MMTR
[07:10:12] [232/445] ABTK
[07:10:12] [233/445] ATYY
[07:10:13] [234/445] ASTK
[07:10:14] [235/445] VVCK
[07:10:15] [236/445] ATKY
[07:10:16] [237/445] GWEK
[07:10:17] [238/445] SVFH
[07:10:18] [239/445] SLTA
[07:10:19] [240/445] AASH
[07:10:20] 🔄 Identity reset
[07:10:20] 🔄 Identity rotated (every 10 requests)
[07:10:20] [241/445] ACXB
[07:10:21] [242/445] SMTX
[07:10:22] [243/445] AZDH
[07:10:23] [244/445] CMMH
[07:10:24] [245/445] SCSZ
[07:10:25] [246/445] SCKP
[07:10:26] [247/445] NXTM
[07:10:27] [248/445] NWCS
[07:10:29] [249/445] CXMH
[07:10:30] [250/445] PCMA
[07:10:30] 🔄 Identity reset
[07:10:30] 🔄 Identity rotated (every 10 requests)
[07:10:30] [251/445] SGCM
[07:10:31] [252/445] SDTU
[07:10:32] [253/445] MMVI
[07:10:33] [254/445] JKCM
[07:10:33] [255/445] VCMM
[07:10:34] [256/445] SYEE
[07:10:35] [257/445] VASD
[07:10:36] [258/445] BDRB
[07:10:37] [259/445] LASM
[07:10:38] [260/445] DCRL
[07:10:39] 🔄 Identity reset
[07:10:39] 🔄 Identity rotated (every 10 requests)
[07:10:39] [261/445] DVPM
[07:10:40] [262/445] SBMJ
[07:10:41] [263/445] CBMU
[07:10:42] [264/445] IUBS
[07:10:44] [265/445] INAP
[07:10:45] [266/445] SRRC
[07:10:46] [267/445] SAGR
[07:10:47] [268/445] CPMJ
[07:10:48] [269/445] ATJL
[07:10:49] [270/445] NNTD
[07:10:49] 🔄 Identity reset
[07:10:49] 🔄 Identity rotated (every 10 requests)
[07:10:50] [271/445] JHCJ
[07:10:51] [272/445] CMMP
[07:10:52] [273/445] RSDR
[07:10:53] [274/445] AMTI
[07:10:54] [275/445] NYSG
[07:10:55] [276/445] AVSG
[07:10:56] [277/445] SYTP
[07:10:57] [278/445] LARC
[07:10:58] [279/445] RJTP
[07:10:58] [280/445] LAKC
[07:10:59] 🔄 Identity reset
[07:10:59] 🔄 Identity rotated (every 10 requests)
[07:10:59] [281/445] MCXE
[07:11:01] [282/445] CCZC
[07:11:02] [283/445] AVCH
[07:11:03] [284/445] CMBE
[07:11:04] [285/445] MRRC
[07:11:05] [286/445] PCPY
[07:11:06] [287/445] SRMH
[07:11:06] [288/445] SVGS
[07:11:07] [289/445] PCSE
[07:11:08] [290/445] SVFT
[07:11:09] 🔄 Identity reset
[07:11:09] 🔄 Identity rotated (every 10 requests)
[07:11:09] [291/445] TNZP
[07:11:10] [292/445] ICTP
[07:11:11] [293/445] ACTZ
[07:11:12] [294/445] GTUR
[07:11:12] [295/445] MAFC
[07:11:13] [296/445] MINL
[07:11:15] [297/445] MRCL
[07:11:16] [298/445] RCRP
[07:11:17] [299/445] RFFG
[07:11:18] [300/445] RMAS
[07:11:18] 🔄 Identity reset
[07:11:18] 🔄 Identity rotated (every 10 requests)
[07:11:18] [301/445] INVR
[07:11:20] [302/445] RMAR
[07:11:21] [303/445] CNIS
[07:11:21] [304/445] RHRJ
[07:11:23] [305/445] INXR
[07:11:24] [306/445] VALT
[07:11:24] [307/445] LCSH
[07:11:26] [308/445] CMVS
[07:11:27] [309/445] CNMS
[07:11:28] [310/445] ROOG
[07:11:28] 🔄 Identity reset
[07:11:28] 🔄 Identity rotated (every 10 requests)
[07:11:29] [311/445] ISRM
[07:11:30] [312/445] RCRM
[07:11:31] [313/445] ACJA
[07:11:32] [314/445] RCVS
[07:11:33] [315/445] CPUS
[07:11:34] [316/445] TGCS
[07:11:36] [317/445] RKCJ
[07:11:37] [318/445] MKSB
[07:11:38] [319/445] TCSJ
[07:11:38] [320/445] RMGP
[07:11:39] 🔄 Identity reset
[07:11:39] 🔄 Identity rotated (every 10 requests)
[07:11:40] [321/445] CLLP
[07:11:40] [322/445] RCMV
[07:11:41] [323/445] CCKS
[07:11:42] [324/445] RSRP
[07:11:43] [325/445] APLP
[07:11:44] [326/445] CNVS
[07:11:45] [327/445] RMVY
[07:11:46] [328/445] PGBD
[07:11:47] [329/445] KLMS
[07:11:48] [330/445] RUST
[07:11:48] 🔄 Identity reset
[07:11:48] 🔄 Identity rotated (every 10 requests)
[07:11:49] [331/445] MASM
[07:11:50] [332/445] BACS
[07:11:50] [333/445] BWST
[07:11:51] [334/445] RRFH
[07:11:52] [335/445] SJTM
[07:11:53] [336/445] BEMR
[07:11:55] [337/445] MCGR
[07:11:57] [338/445] SDSK
[07:11:58] [339/445] VBOL
[07:11:59] [340/445] RMGM
[07:11:59] 🔄 Identity reset
[07:11:59] 🔄 Identity rotated (every 10 requests)
[07:12:00] [341/445] NOPL
[07:12:01] [342/445] MKJK
[07:12:02] [343/445] CVRN
[07:12:03] [344/445] MMEN
[07:12:04] [345/445] AMNG
[07:12:05] [346/445] INTM
[07:12:06] [347/445] SLCZ
[07:12:07] [348/445] AMJN
[07:12:08] [349/445] ACJN
[07:12:10] [350/445] AMKN
[07:12:10] 🔄 Identity reset
[07:12:10] 🔄 Identity rotated (every 10 requests)
[07:12:11] [351/445] BTCN
[07:12:12] [352/445] AMBT
[07:12:14] [353/445] PACN
[07:12:14] [354/445] LCNS
[07:12:15] [355/445] PPKC
[07:12:16] [356/445] JYYN
[07:12:17] [357/445] JTNR
[07:12:19] [358/445] GTEE
[07:12:20] [359/445] SRNM
[07:12:22] [360/445] SDTC
[07:12:22] 🔄 Identity reset
[07:12:22] 🔄 Identity rotated (every 10 requests)
[07:12:23] [361/445] VPCA
[07:12:23] [362/445] VLRA
[07:12:24] [363/445] SHKR
[07:12:25] [364/445] SBKD
[07:12:26] [365/445] SAAD
[07:12:27] [366/445] JTGN
[07:12:28] [367/445] SLAM
[07:12:29] [368/445] VTPM
[07:12:30] [369/445] ANPT
[07:12:30] [370/445] PUNB
[07:12:31] 🔄 Identity reset
[07:12:31] 🔄 Identity rotated (every 10 requests)
[07:12:31] [371/445] CPKT
[07:12:32] [372/445] CNWE
[07:12:33] [373/445] ECPP
[07:12:34] [374/445] CPAR
[07:12:35] [375/445] ESBW
[07:12:37] [376/445] PKPU
[07:12:38] [377/445] CPRP
[07:12:39] [378/445] RAHU
[07:12:40] [379/445] RHMN
[07:12:41] [380/445] FMJP
[07:12:41] 🔄 Identity reset
[07:12:41] 🔄 Identity rotated (every 10 requests)
[07:12:42] [381/445] CTMP
[07:12:43] [382/445] INPN
[07:12:44] [383/445] STTG
[07:12:45] [384/445] CTRD
[07:12:45] [385/445] PUVB
[07:12:46] [386/445] ESVP
[07:12:47] [387/445] CPFT
[07:12:48] [388/445] LCPC
[07:12:49] [389/445] VBCT
[07:12:50] [390/445] FSCW
[07:12:50] 🔄 Identity reset
[07:12:50] 🔄 Identity rotated (every 10 requests)
[07:12:52] [391/445] VCMP
[07:12:52] [392/445] ASHC
[07:12:53] [393/445] VLCX
[07:12:54] [394/445] SHEV
[07:12:55] [395/445] APCO
[07:12:56] [396/445] SILC
[07:12:57] [397/445] SNMR
[07:12:58] [398/445] KYBO
[07:13:00] [399/445] SATK
[07:13:00] [400/445] SSCS
[07:13:01] 🔄 Identity reset
[07:13:01] 🔄 Identity rotated (every 10 requests)
[07:13:02] [401/445] CLSB
[07:13:03] [402/445] KMJR
[07:13:04] [403/445] FSCK
[07:13:05] [404/445] NNKA
[07:13:06] [405/445] CLMK
[07:13:07] [406/445] DMPZ
[07:13:08] [407/445] INQM
[07:13:09] [408/445] CAML
[07:13:10] [409/445] INRK
[07:13:11] [410/445] IMKN
[07:13:12] 🔄 Identity reset
[07:13:12] 🔄 Identity rotated (every 10 requests)
[07:13:12] [411/445] SVNR
[07:13:13] [412/445] INSL
[07:13:14] [413/445] MSMA
[07:13:15] [414/445] MCKK
[07:13:16] [415/445] FCHP
[07:13:17] [416/445] SFCR
[07:13:18] [417/445] NACK
[07:13:19] [418/445] PVAK
[07:13:20] [419/445] INER
[07:13:21] [420/445] RDBK
[07:13:22] 🔄 Identity reset
[07:13:22] 🔄 Identity rotated (every 10 requests)
[07:13:22] [421/445] SVFN
[07:13:24] [422/445] IFRM
[07:13:25] [423/445] ATCK
[07:13:26] [424/445] ASKO
[07:13:28] [425/445] STKT
[07:13:28] [426/445] SVFB
[07:13:30] [427/445] INKS
[07:13:30] [428/445] PCRA
[07:13:31] [429/445] ATJA
[07:13:32] [430/445] IMJN
[07:13:33] 🔄 Identity reset
[07:13:33] 🔄 Identity rotated (every 10 requests)
[07:13:34] [431/445] INHD
[07:13:35] [432/445] BARA
[07:13:35] [433/445] MCSL
[07:13:36] [434/445] RTOY
[07:13:38] [435/445] MENO
[07:13:39] [436/445] PUDM
[07:13:40] [437/445] PRCN
[07:13:41] [438/445] JMJR
[07:13:42] [439/445] SSGK
[07:13:43] [440/445] SSRL
[07:13:44] 🔄 Identity reset
[07:13:44] 🔄 Identity rotated (every 10 requests)
[07:13:45] [441/445] JYKL
[07:13:45] [442/445] ACNB
[07:13:46] [443/445] SONP
[07:13:47] [444/445] EMCI
[07:13:48] [445/445] MRJH
[07:13:49] ✅ DONE | Shows=444 | Movies=33
[08:06:41] 🚀 BMS DAILY TRACKER STARTED (enhanced anti‑detection)
[08:06:41] [1/445] TGMR
[08:06:42] 🧠 New identity created
[08:06:42] 🔄 Retry 1/5 for TGMR in 2.8s
[08:06:42] 🔄 Identity reset
[08:06:45] 🧠 New identity created
[08:06:45] [2/445] CXKR
[08:06:46] [3/445] SROP
[08:06:47] [4/445] GTSV
[08:06:47] [5/445] SNTY
[08:06:48] [6/445] SMYY
[08:06:49] [7/445] CNCS
[08:06:50] [8/445] CSTM
[08:06:50] [9/445] NUCD
[08:06:51] 🔄 Identity reset
[08:06:51] 🔄 Identity rotated (every 10 requests)
[08:06:51] [10/445] SHCZ
[08:06:52] [11/445] NJCT
[08:06:53] [12/445] COPC
[08:06:54] [13/445] STVV
[08:06:55] [14/445] SKRN
[08:06:55] [15/445] APPZ
[08:06:56] [16/445] YMGN
[08:06:57] [17/445] SVTU
[08:06:58] [18/445] GTAD
[08:06:58] [19/445] PSUS
[08:06:59] 🔄 Identity reset
[08:06:59] 🔄 Identity rotated (every 10 requests)
[08:06:59] [20/445] SMCD
[08:07:00] [21/445] CMCM
[08:07:02] [22/445] SYCT
[08:07:03] [23/445] STLY
[08:07:04] [24/445] CMHU
[08:07:05] [25/445] CMSA
[08:07:05] [26/445] CLCU
[08:07:06] [27/445] PPNT
[08:07:07] [28/445] JTAB
[08:07:08] [29/445] BUUC
[08:07:09] 🔄 Identity reset
[08:07:09] 🔄 Identity rotated (every 10 requests)
[08:07:09] [30/445] BSVK
[08:07:10] [31/445] VVVQ
[08:07:12] [32/445] TKMU
[08:07:13] [33/445] ESYL
[08:07:13] [34/445] ACHP
[08:07:14] [35/445] BTKD
[08:07:14] [36/445] DESA
[08:07:15] [37/445] GBCT
[08:07:15] [38/445] BLLD
[08:07:16] [39/445] SKNT
[08:07:17] 🔄 Identity reset
[08:07:17] 🔄 Identity rotated (every 10 requests)
[08:07:17] [40/445] SSTE
[08:07:18] [41/445] VJMR
[08:07:19] [42/445] NTPU
[08:07:19] [43/445] RDKN
[08:07:20] [44/445] ADGC
[08:07:21] [45/445] VRBP
[08:07:22] [46/445] NMNA
[08:07:22] [47/445] CMMX
[08:07:23] [48/445] PTKO
[08:07:24] [49/445] RBML
[08:07:25] 🔄 Identity reset
[08:07:25] 🔄 Identity rotated (every 10 requests)
[08:07:25] 🔄 Retry 1/5 for RBML in 2.8s
[08:07:25] 🔄 Identity reset
[08:07:28] 🧠 New identity created
[08:07:28] [50/445] SAIC
[08:07:29] [51/445] SVTJ
[08:07:30] [52/445] MRTE
[08:07:31] [53/445] RBTP
[08:07:31] [54/445] NLPS
[08:07:32] [55/445] GTNA
[08:07:33] [56/445] DGGC
[08:07:34] [57/445] SMCR
[08:07:35] [58/445] SCGD
[08:07:35] 🔄 Identity reset
[08:07:35] 🔄 Identity rotated (every 10 requests)
[08:07:36] [59/445] SRRJ
[08:07:37] [60/445] CNRY
[08:07:38] [61/445] KTDI
[08:07:38] [62/445] SNJL
[08:07:40] [63/445] RKMD
[08:07:40] [64/445] SMDC
[08:07:41] [65/445] TADG
[08:07:43] [66/445] MCGS
[08:07:44] [67/445] PETK
[08:07:45] [68/445] CHAG
[08:07:45] 🔄 Identity reset
[08:07:45] 🔄 Identity rotated (every 10 requests)
[08:07:45] [69/445] KSTL
[08:07:46] [70/445] AADS
[08:07:47] [71/445] NTHZ
[08:07:47] [72/445] HCKI
[08:07:48] [73/445] SSEF
[08:07:49] [74/445] MCGX
[08:07:50] [75/445] ERRA
[08:07:50] [76/445] SDTW
[08:07:51] [77/445] RMPK
[08:07:52] [78/445] PTHK
[08:07:53] 🔄 Identity reset
[08:07:53] 🔄 Identity rotated (every 10 requests)
[08:07:53] [79/445] PXCS
[08:07:53] [80/445] SVLU
[08:07:54] [81/445] STAH
[08:07:55] [82/445] JRGF
[08:07:56] [83/445] CDOK
[08:07:56] [84/445] CMSG
[08:07:57] [85/445] APTD
[08:07:57] [86/445] KMPG
[08:07:58] [87/445] MUTJ
[08:07:59] [88/445] VCCI
[08:08:00] 🔄 Identity reset
[08:08:00] 🔄 Identity rotated (every 10 requests)
[08:08:00] [89/445] URBE
[08:08:01] [90/445] TCTS
[08:08:02] [91/445] STSN
[08:08:03] [92/445] AKCH
[08:08:04] [93/445] APSC
[08:08:05] [94/445] VLTB
[08:08:05] [95/445] SANU
[08:08:06] [96/445] AXAM
[08:08:07] [97/445] MGMG
[08:08:08] [98/445] HTBY
[08:08:09] 🔄 Identity reset
[08:08:09] 🔄 Identity rotated (every 10 requests)
[08:08:09] [99/445] MMZS
[08:08:10] [100/445] SUDR
[08:08:10] [101/445] CCAD
[08:08:11] [102/445] SKKC
[08:08:12] [103/445] RMCD
[08:08:12] [104/445] SBCQ
[08:08:13] [105/445] DCCT
[08:08:14] [106/445] VTKP
[08:08:15] [107/445] MLAM
[08:08:16] [108/445] SAVT
[08:08:17] 🔄 Identity reset
[08:08:17] 🔄 Identity rotated (every 10 requests)
[08:08:17] [109/445] GEPL
[08:08:18] [110/445] AMCD
[08:08:19] [111/445] CCXR
[08:08:19] [112/445] GRNG
[08:08:20] [113/445] EBCA
[08:08:21] [114/445] CNVG
[08:08:21] [115/445] MWSS
[08:08:22] [116/445] VBOR
[08:08:23] [117/445] NEEB
[08:08:24] [118/445] SUTH
[08:08:24] 🔄 Identity reset
[08:08:24] 🔄 Identity rotated (every 10 requests)
[08:08:24] [119/445] ANDB
[08:08:25] [120/445] MMXS
[08:08:26] [121/445] CNPD
[08:08:26] [122/445] SDCE
[08:08:27] [123/445] DHCB
[08:08:27] [124/445] ODEN
[08:08:28] [125/445] TNTC
[08:08:29] [126/445] VBKM
[08:08:30] [127/445] RZYM
[08:08:31] [128/445] JEMC
[08:08:32] 🔄 Identity reset
[08:08:32] 🔄 Identity rotated (every 10 requests)
[08:08:32] 🔄 Retry 1/5 for JEMC in 2.3s
[08:08:32] 🔄 Identity reset
[08:08:34] 🧠 New identity created
[08:08:34] [129/445] CMAU
[08:08:35] [130/445] SIVP
[08:08:36] [131/445] ATAG
[08:08:37] [132/445] CHTM
[08:08:37] [133/445] AAEE
[08:08:38] [134/445] IWPM
[08:08:39] [135/445] KCMW
[08:08:40] [136/445] MCTD
[08:08:40] [137/445] SPWR
[08:08:41] 🔄 Identity reset
[08:08:41] 🔄 Identity rotated (every 10 requests)
[08:08:41] [138/445] SDPO
[08:08:42] [139/445] PCSK
[08:08:42] [140/445] ACHV
[08:08:43] [141/445] SVLA
[08:08:44] [142/445] PICT
[08:08:45] [143/445] BXDR
[08:08:46] [144/445] SPWA
[08:08:47] [145/445] MCKO
[08:08:48] [146/445] RTHK
[08:08:48] [147/445] CCMF
[08:08:49] 🔄 Identity reset
[08:08:49] 🔄 Identity rotated (every 10 requests)
[08:08:49] [148/445] MRGB
[08:08:50] [149/445] CPLC
[08:08:51] [150/445] RACD
[08:08:51] [151/445] ATKT
[08:08:52] [152/445] SARN
[08:08:53] [153/445] KKUI
[08:08:53] [154/445] RGCM
[08:08:54] [155/445] BRVP
[08:08:55] [156/445] HRSR
[08:08:56] [157/445] GKGM
[08:08:56] 🔄 Identity reset
[08:08:56] 🔄 Identity rotated (every 10 requests)
[08:08:56] [158/445] TTCD
[08:08:57] [159/445] PTTI
[08:08:57] [160/445] MPTT
[08:08:58] [161/445] CVTT
[08:08:59] [162/445] PCXD
[08:08:59] [163/445] GCDC
[08:09:00] [164/445] CCCF
[08:09:01] [165/445] MRAD
[08:09:01] [166/445] CPLK
[08:09:02] [167/445] SATB
[08:09:03] 🔄 Identity reset
[08:09:03] 🔄 Identity rotated (every 10 requests)
[08:09:03] 🔄 Retry 1/5 for SATB in 2.7s
[08:09:03] 🔄 Identity reset
[08:09:06] 🧠 New identity created
[08:09:06] [168/445] SNVG
[08:09:06] [169/445] JMBA
[08:09:07] [170/445] TEJA
[08:09:08] [171/445] STYO
[08:09:09] [172/445] JTBP
[08:09:09] [173/445] KRGD
[08:09:10] [174/445] SLJJ
[08:09:11] [175/445] SPTJ
[08:09:11] [176/445] SWJG
[08:09:12] 🔄 Identity reset
[08:09:12] 🔄 Identity rotated (every 10 requests)
[08:09:12] [177/445] LKRT
[08:09:13] [178/445] KCKA
[08:09:14] [179/445] SNCR
[08:09:14] [180/445] SMKL
[08:09:15] [181/445] GCFA
[08:09:16] [182/445] DDCK
[08:09:16] [183/445] NCHJ
[08:09:17] [184/445] RDMA
[08:09:17] [185/445] SVSV
[08:09:18] [186/445] SCJG
[08:09:19] 🔄 Identity reset
[08:09:19] 🔄 Identity rotated (every 10 requests)
[08:09:19] [187/445] VKLP
[08:09:20] [188/445] NWCC
[08:09:21] [189/445] VKNS
[08:09:21] [190/445] SDDP
[08:09:22] [191/445] ACSI
[08:09:23] [192/445] SATG
[08:09:24] [193/445] SCMW
[08:09:24] [194/445] LKTK
[08:09:25] [195/445] VCKV
[08:09:26] [196/445] KKPE
[08:09:26] 🔄 Identity reset
[08:09:26] 🔄 Identity rotated (every 10 requests)
[08:09:26] [197/445] KIGH
[08:09:27] [198/445] SRPM
[08:09:28] [199/445] SCAH
[08:09:28] [200/445] MUTA
[08:09:29] [201/445] SEPU
[08:09:29] [202/445] INOA
[08:09:30] [203/445] BASK
[08:09:31] [204/445] NECB
[08:09:32] [205/445] GTTG
[08:09:33] [206/445] ASSA
[08:09:34] 🔄 Identity reset
[08:09:34] 🔄 Identity rotated (every 10 requests)
[08:09:34] [207/445] ANCL
[08:09:35] [208/445] GCTI
[08:09:36] [209/445] RCTS
[08:09:36] [210/445] ACNL
[08:09:37] [211/445] MYCT
[08:09:38] [212/445] NMHT
[08:09:38] [213/445] MDIT
[08:09:39] [214/445] LATG
[08:09:40] [215/445] SMTY
[08:09:40] [216/445] CVCT
[08:09:41] 🔄 Identity reset
[08:09:41] 🔄 Identity rotated (every 10 requests)
[08:09:41] [217/445] RAMB
[08:09:42] [218/445] TGMS
[08:09:42] [219/445] BHEL
[08:09:43] [220/445] SHCT
[08:09:44] [221/445] SVCT
[08:09:45] [222/445] MRIY
[08:09:45] [223/445] SARO
[08:09:46] [224/445] STCT
[08:09:46] [225/445] JKKC
[08:09:47] [226/445] PLTT
[08:09:47] 🔄 Identity reset
[08:09:47] 🔄 Identity rotated (every 10 requests)
[08:09:47] [227/445] SRNT
[08:09:48] [228/445] YAST
[08:09:49] [229/445] PERL
[08:09:49] [230/445] CICM
[08:09:50] [231/445] MMTR
[08:09:51] [232/445] ABTK
[08:09:51] [233/445] ATYY
[08:09:52] [234/445] ASTK
[08:09:53] [235/445] VVCK
[08:09:54] [236/445] ATKY
[08:09:55] 🔄 Identity reset
[08:09:55] 🔄 Identity rotated (every 10 requests)
[08:09:55] [237/445] GWEK
[08:09:56] [238/445] SVFH
[08:09:56] [239/445] SLTA
[08:09:57] [240/445] AASH
[08:09:59] [241/445] ACXB
[08:10:00] [242/445] SMTX
[08:10:00] [243/445] AZDH
[08:10:01] [244/445] CMMH
[08:10:02] [245/445] SCSZ
[08:10:03] [246/445] SCKP
[08:10:03] 🔄 Identity reset
[08:10:03] 🔄 Identity rotated (every 10 requests)
[08:10:03] 🔄 Retry 1/5 for SCKP in 2.6s
[08:10:03] 🔄 Identity reset
[08:10:06] 🧠 New identity created
[08:10:06] [247/445] NXTM
[08:10:07] [248/445] NWCS
[08:10:07] [249/445] CXMH
[08:10:09] [250/445] PCMA
[08:10:10] [251/445] SGCM
[08:10:10] [252/445] SDTU
[08:10:11] [253/445] MMVI
[08:10:12] [254/445] JKCM
[08:10:13] [255/445] VCMM
[08:10:13] 🔄 Identity reset
[08:10:13] 🔄 Identity rotated (every 10 requests)
[08:10:14] [256/445] SYEE
[08:10:14] [257/445] VASD
[08:10:15] [258/445] BDRB
[08:10:17] [259/445] LASM
[08:10:18] [260/445] DCRL
[08:10:19] [261/445] DVPM
[08:10:20] [262/445] SBMJ
[08:10:20] [263/445] CBMU
[08:10:21] [264/445] IUBS
[08:10:22] [265/445] INAP
[08:10:22] 🔄 Identity reset
[08:10:22] 🔄 Identity rotated (every 10 requests)
[08:10:23] [266/445] SRRC
[08:10:24] [267/445] SAGR
[08:10:24] [268/445] CPMJ
[08:10:25] [269/445] ATJL
[08:10:26] [270/445] NNTD
[08:10:27] [271/445] JHCJ
[08:10:28] [272/445] CMMP
[08:10:28] [273/445] RSDR
[08:10:29] [274/445] AMTI
[08:10:30] [275/445] NYSG
[08:10:31] 🔄 Identity reset
[08:10:31] 🔄 Identity rotated (every 10 requests)
[08:10:31] [276/445] AVSG
[08:10:32] [277/445] SYTP
[08:10:32] [278/445] LARC
[08:10:33] [279/445] RJTP
[08:10:34] [280/445] LAKC
[08:10:34] [281/445] MCXE
[08:10:35] [282/445] CCZC
[08:10:36] [283/445] AVCH
[08:10:38] [284/445] CMBE
[08:10:39] [285/445] MRRC
[08:10:39] 🔄 Identity reset
[08:10:39] 🔄 Identity rotated (every 10 requests)
[08:10:39] [286/445] PCPY
[08:10:40] [287/445] SRMH
[08:10:40] [288/445] SVGS
[08:10:41] [289/445] PCSE
[08:10:42] [290/445] SVFT
[08:10:43] [291/445] TNZP
[08:10:43] [292/445] ICTP
[08:10:45] [293/445] ACTZ
[08:10:46] [294/445] GTUR
[08:10:47] [295/445] MAFC
[08:10:48] 🔄 Identity reset
[08:10:48] 🔄 Identity rotated (every 10 requests)
[08:10:48] [296/445] MINL
[08:10:49] [297/445] MRCL
[08:10:49] [298/445] RCRP
[08:10:50] [299/445] RFFG
[08:10:51] [300/445] RMAS
[08:10:52] [301/445] INVR
[08:10:53] [302/445] RMAR
[08:10:54] [303/445] CNIS
[08:10:55] [304/445] RHRJ
[08:10:56] [305/445] INXR
[08:10:57] 🔄 Identity reset
[08:10:57] 🔄 Identity rotated (every 10 requests)
[08:10:57] [306/445] VALT
[08:10:57] [307/445] LCSH
[08:10:58] [308/445] CMVS
[08:10:59] [309/445] CNMS
[08:11:01] [310/445] ROOG
[08:11:01] [311/445] ISRM
[08:11:03] [312/445] RCRM
[08:11:03] [313/445] ACJA
[08:11:04] [314/445] RCVS
[08:11:05] [315/445] CPUS
[08:11:05] 🔄 Identity reset
[08:11:06] 🔄 Identity rotated (every 10 requests)
[08:11:06] [316/445] TGCS
[08:11:07] [317/445] RKCJ
[08:11:07] [318/445] MKSB
[08:11:08] [319/445] TCSJ
[08:11:08] [320/445] RMGP
[08:11:09] [321/445] CLLP
[08:11:10] [322/445] RCMV
[08:11:11] [323/445] CCKS
[08:11:11] [324/445] RSRP
[08:11:12] [325/445] APLP
[08:11:13] 🔄 Identity reset
[08:11:13] 🔄 Identity rotated (every 10 requests)
[08:11:13] 🔄 Retry 1/5 for APLP in 2.5s
[08:11:13] 🔄 Identity reset
[08:11:15] 🧠 New identity created
[08:11:16] [326/445] CNVS
[08:11:17] [327/445] RMVY
[08:11:17] [328/445] PGBD
[08:11:19] [329/445] KLMS
[08:11:20] [330/445] RUST
[08:11:20] [331/445] MASM
[08:11:21] [332/445] BACS
[08:11:22] [333/445] BWST
[08:11:23] [334/445] RRFH
[08:11:24] 🔄 Identity reset
[08:11:24] 🔄 Identity rotated (every 10 requests)
[08:11:24] [335/445] SJTM
[08:11:24] [336/445] BEMR
[08:11:25] [337/445] MCGR
[08:11:26] [338/445] SDSK
[08:11:27] [339/445] VBOL
[08:11:27] [340/445] RMGM
[08:11:28] [341/445] NOPL
[08:11:30] [342/445] MKJK
[08:11:31] [343/445] CVRN
[08:11:32] [344/445] MMEN
[08:11:32] 🔄 Identity reset
[08:11:32] 🔄 Identity rotated (every 10 requests)
[08:11:32] [345/445] AMNG
[08:11:33] [346/445] INTM
[08:11:34] [347/445] SLCZ
[08:11:35] [348/445] AMJN
[08:11:36] [349/445] ACJN
[08:11:37] [350/445] AMKN
[08:11:38] [351/445] BTCN
[08:11:39] [352/445] AMBT
[08:11:40] [353/445] PACN
[08:11:41] [354/445] LCNS
[08:11:41] 🔄 Identity reset
[08:11:41] 🔄 Identity rotated (every 10 requests)
[08:11:41] [355/445] PPKC
[08:11:42] [356/445] JYYN
[08:11:43] [357/445] JTNR
[08:11:44] [358/445] GTEE
[08:11:45] [359/445] SRNM
[08:11:46] [360/445] SDTC
[08:11:46] [361/445] VPCA
[08:11:47] [362/445] VLRA
[08:11:48] [363/445] SHKR
[08:11:48] [364/445] SBKD
[08:11:49] 🔄 Identity reset
[08:11:49] 🔄 Identity rotated (every 10 requests)
[08:11:49] [365/445] SAAD
[08:11:50] [366/445] JTGN
[08:11:51] [367/445] SLAM
[08:11:51] [368/445] VTPM
[08:11:52] [369/445] ANPT
[08:11:53] [370/445] PUNB
[08:11:53] [371/445] CPKT
[08:11:54] [372/445] CNWE
[08:11:55] [373/445] ECPP
[08:11:56] [374/445] CPAR
[08:11:57] 🔄 Identity reset
[08:11:57] 🔄 Identity rotated (every 10 requests)
[08:11:57] [375/445] ESBW
[08:11:58] [376/445] PKPU
[08:11:59] [377/445] CPRP
[08:12:00] [378/445] RAHU
[08:12:01] [379/445] RHMN
[08:12:01] [380/445] FMJP
[08:12:02] [381/445] CTMP
[08:12:03] [382/445] INPN
[08:12:04] [383/445] STTG
[08:12:04] [384/445] CTRD
[08:12:05] 🔄 Identity reset
[08:12:05] 🔄 Identity rotated (every 10 requests)
[08:12:05] [385/445] PUVB
[08:12:06] [386/445] ESVP
[08:12:07] [387/445] CPFT
[08:12:08] [388/445] LCPC
[08:12:09] [389/445] VBCT
[08:12:09] [390/445] FSCW
[08:12:10] [391/445] VCMP
[08:12:11] [392/445] ASHC
[08:12:13] [393/445] VLCX
[08:12:13] [394/445] SHEV
[08:12:14] 🔄 Identity reset
[08:12:14] 🔄 Identity rotated (every 10 requests)
[08:12:14] [395/445] APCO
[08:12:15] [396/445] SILC
[08:12:15] [397/445] SNMR
[08:12:16] [398/445] KYBO
[08:12:17] [399/445] SATK
[08:12:17] [400/445] SSCS
[08:12:18] [401/445] CLSB
[08:12:20] [402/445] KMJR
[08:12:21] [403/445] FSCK
[08:12:21] [404/445] NNKA
[08:12:22] 🔄 Identity reset
[08:12:22] 🔄 Identity rotated (every 10 requests)
[08:12:23] [405/445] CLMK
[08:12:24] [406/445] DMPZ
[08:12:25] [407/445] INQM
[08:12:26] [408/445] CAML
[08:12:27] [409/445] INRK
[08:12:28] [410/445] IMKN
[08:12:29] [411/445] SVNR
[08:12:29] [412/445] INSL
[08:12:31] [413/445] MSMA
[08:12:33] [414/445] MCKK
[08:12:33] 🔄 Identity reset
[08:12:33] 🔄 Identity rotated (every 10 requests)
[08:12:34] [415/445] FCHP
[08:12:35] [416/445] SFCR
[08:12:35] [417/445] NACK
[08:12:36] [418/445] PVAK
[08:12:37] [419/445] INER
[08:12:38] [420/445] RDBK
[08:12:39] [421/445] SVFN
[08:12:39] [422/445] IFRM
[08:12:40] [423/445] ATCK
[08:12:41] [424/445] ASKO
[08:12:42] 🔄 Identity reset
[08:12:42] 🔄 Identity rotated (every 10 requests)
[08:12:42] [425/445] STKT
[08:12:43] [426/445] SVFB
[08:12:44] [427/445] INKS
[08:12:45] [428/445] PCRA
[08:12:46] [429/445] ATJA
[08:12:47] [430/445] IMJN
[08:12:48] [431/445] INHD
[08:12:49] [432/445] BARA
[08:12:50] [433/445] MCSL
[08:12:51] [434/445] RTOY
[08:12:51] 🔄 Identity reset
[08:12:51] 🔄 Identity rotated (every 10 requests)
[08:12:51] [435/445] MENO
[08:12:52] [436/445] PUDM
[08:12:53] [437/445] PRCN
[08:12:54] [438/445] JMJR
[08:12:55] [439/445] SSGK
[08:12:55] [440/445] SSRL
[08:12:56] [441/445] JYKL
[08:12:57] [442/445] ACNB
[08:12:58] [443/445] SONP
[08:12:58] [444/445] EMCI
[08:12:59] 🔄 Identity reset
[08:12:59] 🔄 Identity rotated (every 10 requests)
[08:12:59] [445/445] MRJH
[08:13:01] ✅ DONE | Shows=726 | Movies=51
[08:26:44] 🚀 BMS DAILY TRACKER STARTED (enhanced anti‑detection)
[08:26:44] [1/445] TGMR
[08:26:44] 🧠 New identity created
[08:26:45] [2/445] CXKR
[08:26:46] [3/445] SROP
[08:26:47] [4/445] GTSV
[08:26:48] [5/445] SNTY
[08:26:49] [6/445] SMYY
[08:26:50] [7/445] CNCS
[08:26:50] [8/445] CSTM
[08:26:52] [9/445] NUCD
[08:26:54] [10/445] SHCZ
[08:26:54] 🔄 Identity reset
[08:26:54] 🔄 Identity rotated (every 10 requests)
[08:26:55] [11/445] NJCT
[08:26:56] [12/445] COPC
[08:26:56] [13/445] STVV
[08:26:57] [14/445] SKRN
[08:26:58] [15/445] APPZ
[08:26:59] [16/445] YMGN
[08:27:00] [17/445] SVTU
[08:27:01] [18/445] GTAD
[08:27:02] [19/445] PSUS
[08:27:03] [20/445] SMCD
[08:27:04] 🔄 Identity reset
[08:27:04] 🔄 Identity rotated (every 10 requests)
[08:27:04] [21/445] CMCM
[08:27:06] [22/445] SYCT
[08:27:07] [23/445] STLY
[08:27:08] [24/445] CMHU
[08:27:09] [25/445] CMSA
[08:27:10] [26/445] CLCU
[08:27:11] [27/445] PPNT
[08:27:12] [28/445] JTAB
[08:27:14] [29/445] BUUC
[08:27:15] [30/445] BSVK
[08:27:15] 🔄 Identity reset
[08:27:15] 🔄 Identity rotated (every 10 requests)
[08:27:16] [31/445] VVVQ
[08:27:17] [32/445] TKMU
[08:27:19] [33/445] ESYL
[08:27:20] [34/445] ACHP
[08:27:21] [35/445] BTKD
[08:27:23] [36/445] DESA
[08:27:24] [37/445] GBCT
[08:27:25] [38/445] BLLD
[08:27:26] [39/445] SKNT
[08:27:27] [40/445] SSTE
[08:27:28] 🔄 Identity reset
[08:27:28] 🔄 Identity rotated (every 10 requests)
[08:27:28] [41/445] VJMR
[08:27:29] [42/445] NTPU
[08:27:30] [43/445] RDKN
[08:27:31] [44/445] ADGC
[08:27:32] [45/445] VRBP
[08:27:33] [46/445] NMNA
[08:27:34] [47/445] CMMX
[08:27:35] [48/445] PTKO
[08:27:36] [49/445] RBML
[08:27:38] [50/445] SAIC
[08:27:38] 🔄 Identity reset
[08:27:38] 🔄 Identity rotated (every 10 requests)
[08:27:38] [51/445] SVTJ
[08:27:40] [52/445] MRTE
[08:27:41] [53/445] RBTP
[08:27:42] [54/445] NLPS
[08:27:43] [55/445] GTNA
[08:27:44] [56/445] DGGC
[08:27:45] [57/445] SMCR
[08:27:46] [58/445] SCGD
[08:27:48] [59/445] SRRJ
[08:27:49] [60/445] CNRY
[08:27:49] 🔄 Identity reset
[08:27:49] 🔄 Identity rotated (every 10 requests)
[08:27:49] [61/445] KTDI
[08:27:51] [62/445] SNJL
[08:27:51] [63/445] RKMD
[08:27:53] [64/445] SMDC
[08:27:54] [65/445] TADG
[08:27:55] [66/445] MCGS
[08:27:56] [67/445] PETK
[08:27:57] [68/445] CHAG
[08:27:59] [69/445] KSTL
[08:28:00] [70/445] AADS
[08:28:00] 🔄 Identity reset
[08:28:00] 🔄 Identity rotated (every 10 requests)
[08:28:01] [71/445] NTHZ
[08:28:01] [72/445] HCKI
[08:28:02] [73/445] SSEF
[08:28:03] [74/445] MCGX
[08:28:03] [75/445] ERRA
[08:28:05] [76/445] SDTW
[08:28:06] [77/445] RMPK
[08:28:07] [78/445] PTHK
[08:28:09] [79/445] PXCS
[08:28:10] [80/445] SVLU
[08:28:11] 🔄 Identity reset
[08:28:11] 🔄 Identity rotated (every 10 requests)
[08:28:11] [81/445] STAH
[08:28:12] [82/445] JRGF
[08:28:13] [83/445] CDOK
[08:28:14] [84/445] CMSG
[08:28:15] [85/445] APTD
[08:28:15] [86/445] KMPG
[08:28:16] [87/445] MUTJ
[08:28:17] [88/445] VCCI
[08:28:18] [89/445] URBE
[08:28:19] [90/445] TCTS
[08:28:20] 🔄 Identity reset
[08:28:20] 🔄 Identity rotated (every 10 requests)
[08:28:21] [91/445] STSN
[08:28:22] [92/445] AKCH
[08:28:23] [93/445] APSC
[08:28:23] [94/445] VLTB
[08:28:24] [95/445] SANU
[08:28:25] [96/445] AXAM
[08:28:26] [97/445] MGMG
[08:28:27] [98/445] HTBY
[08:28:27] [99/445] MMZS
[08:28:28] [100/445] SUDR
[08:28:29] 🔄 Identity reset
[08:28:29] 🔄 Identity rotated (every 10 requests)
[08:28:30] [101/445] CCAD
[08:28:30] [102/445] SKKC
[08:28:32] [103/445] RMCD
[08:28:34] [104/445] SBCQ
[08:28:34] [105/445] DCCT
[08:28:35] [106/445] VTKP
[08:28:36] [107/445] MLAM
[08:28:37] [108/445] SAVT
[08:28:39] [109/445] GEPL
[08:28:39] [110/445] AMCD
[08:28:40] 🔄 Identity reset
[08:28:40] 🔄 Identity rotated (every 10 requests)
[08:28:40] [111/445] CCXR
[08:28:42] [112/445] GRNG
[08:28:42] [113/445] EBCA
[08:28:43] [114/445] CNVG
[08:28:44] [115/445] MWSS
[08:28:45] [116/445] VBOR
[08:28:46] [117/445] NEEB
[08:28:47] [118/445] SUTH
[08:28:48] [119/445] ANDB
[08:28:48] [120/445] MMXS
[08:28:49] 🔄 Identity reset
[08:28:49] 🔄 Identity rotated (every 10 requests)
[08:28:50] [121/445] CNPD
[08:28:51] [122/445] SDCE
[08:28:52] [123/445] DHCB
[08:28:52] [124/445] ODEN
[08:28:53] [125/445] TNTC
[08:28:54] [126/445] VBKM
[08:28:55] [127/445] RZYM
[08:28:56] [128/445] JEMC
[08:28:56] [129/445] CMAU
[08:28:57] [130/445] SIVP
[08:28:57] 🔄 Identity reset
[08:28:57] 🔄 Identity rotated (every 10 requests)
[08:28:58] [131/445] ATAG
[08:28:59] [132/445] CHTM
[08:29:00] [133/445] AAEE
[08:29:00] [134/445] IWPM
[08:29:01] [135/445] KCMW
[08:29:02] [136/445] MCTD
[08:29:02] [137/445] SPWR
[08:29:03] [138/445] SDPO
[08:29:04] [139/445] PCSK
[08:29:05] [140/445] ACHV
[08:29:06] 🔄 Identity reset
[08:29:06] 🔄 Identity rotated (every 10 requests)
[08:29:06] [141/445] SVLA
[08:29:07] [142/445] PICT
[08:29:08] [143/445] BXDR
[08:29:09] [144/445] SPWA
[08:29:10] [145/445] MCKO
[08:29:11] [146/445] RTHK
[08:29:12] [147/445] CCMF
[08:29:13] [148/445] MRGB
[08:29:14] [149/445] CPLC
[08:29:15] [150/445] RACD
[08:29:15] 🔄 Identity reset
[08:29:15] 🔄 Identity rotated (every 10 requests)
[08:29:16] [151/445] ATKT
[08:29:17] [152/445] SARN
[08:29:18] [153/445] KKUI
[08:29:19] [154/445] RGCM
[08:29:20] [155/445] BRVP
[08:29:21] [156/445] HRSR
[08:29:21] [157/445] GKGM
[08:29:22] [158/445] TTCD
[08:29:23] [159/445] PTTI
[08:29:24] [160/445] MPTT
[08:29:25] 🔄 Identity reset
[08:29:25] 🔄 Identity rotated (every 10 requests)
[08:29:25] [161/445] CVTT
[08:29:27] [162/445] PCXD
[08:29:27] [163/445] GCDC
[08:29:28] [164/445] CCCF
[08:29:29] [165/445] MRAD
[08:29:30] [166/445] CPLK
[08:29:31] [167/445] SATB
[08:29:32] [168/445] SNVG
[08:29:33] [169/445] JMBA
[08:29:35] [170/445] TEJA
[08:29:36] 🔄 Identity reset
[08:29:36] 🔄 Identity rotated (every 10 requests)
[08:29:37] [171/445] STYO
[08:29:38] [172/445] JTBP
[08:29:38] [173/445] KRGD
[08:29:39] [174/445] SLJJ
[08:29:41] [175/445] SPTJ
[08:29:42] [176/445] SWJG
[08:29:43] [177/445] LKRT
[08:29:43] [178/445] KCKA
[08:29:44] [179/445] SNCR
[08:29:45] [180/445] SMKL
[08:29:46] 🔄 Identity reset
[08:29:46] 🔄 Identity rotated (every 10 requests)
[08:29:46] [181/445] GCFA
[08:29:47] [182/445] DDCK
[08:29:48] [183/445] NCHJ
[08:29:49] [184/445] RDMA
[08:29:50] [185/445] SVSV
[08:29:51] [186/445] SCJG
[08:29:51] [187/445] VKLP
[08:29:52] [188/445] NWCC
[08:29:53] [189/445] VKNS
[08:29:54] [190/445] SDDP
[08:29:55] 🔄 Identity reset
[08:29:55] 🔄 Identity rotated (every 10 requests)
[08:29:55] [191/445] ACSI
[08:29:57] [192/445] SATG
[08:29:58] [193/445] SCMW
[08:29:59] [194/445] LKTK
[08:30:00] [195/445] VCKV
[08:30:02] [196/445] KKPE
[08:30:03] [197/445] KIGH
[08:30:03] [198/445] SRPM
[08:30:04] [199/445] SCAH
[08:30:06] [200/445] MUTA
[08:30:06] 🔄 Identity reset
[08:30:06] 🔄 Identity rotated (every 10 requests)
[08:30:07] [201/445] SEPU
[08:30:08] [202/445] INOA
[08:30:09] [203/445] BASK
[08:30:10] [204/445] NECB
[08:30:10] [205/445] GTTG
[08:30:11] [206/445] ASSA
[08:30:12] [207/445] ANCL
[08:30:12] [208/445] GCTI
[08:30:13] [209/445] RCTS
[08:30:14] [210/445] ACNL
[08:30:15] 🔄 Identity reset
[08:30:15] 🔄 Identity rotated (every 10 requests)
[08:30:15] [211/445] MYCT
[08:30:15] [212/445] NMHT
[08:30:16] [213/445] MDIT
[08:30:18] [214/445] LATG
[08:30:18] [215/445] SMTY
[08:30:19] [216/445] CVCT
[08:30:20] [217/445] RAMB
[08:30:21] [218/445] TGMS
[08:30:21] [219/445] BHEL
[08:30:22] [220/445] SHCT
[08:30:23] 🔄 Identity reset
[08:30:23] 🔄 Identity rotated (every 10 requests)
[08:30:23] [221/445] SVCT
[08:30:24] [222/445] MRIY
[08:30:25] [223/445] SARO
[08:30:26] [224/445] STCT
[08:30:27] [225/445] JKKC
[08:30:27] [226/445] PLTT
[08:30:29] [227/445] SRNT
[08:30:29] [228/445] YAST
[08:30:30] [229/445] PERL
[08:30:31] [230/445] CICM
[08:30:32] 🔄 Identity reset
[08:30:32] 🔄 Identity rotated (every 10 requests)
[08:30:32] [231/445] MMTR
[08:30:33] [232/445] ABTK
[08:30:34] [233/445] ATYY
[08:30:35] [234/445] ASTK
[08:30:36] [235/445] VVCK
[08:30:37] [236/445] ATKY
[08:30:38] [237/445] GWEK
[08:30:38] [238/445] SVFH
[08:30:40] [239/445] SLTA
[08:30:41] [240/445] AASH
[08:30:41] 🔄 Identity reset
[08:30:41] 🔄 Identity rotated (every 10 requests)
[08:30:42] [241/445] ACXB
[08:30:43] [242/445] SMTX
[08:30:44] [243/445] AZDH
[08:30:44] [244/445] CMMH
[08:30:45] [245/445] SCSZ
[08:30:46] [246/445] SCKP
[08:30:46] [247/445] NXTM
[08:30:47] [248/445] NWCS
[08:30:48] [249/445] CXMH
[08:30:49] [250/445] PCMA
[08:30:50] 🔄 Identity reset
[08:30:50] 🔄 Identity rotated (every 10 requests)
[08:30:50] [251/445] SGCM
[08:30:51] [252/445] SDTU
[08:30:52] [253/445] MMVI
[08:30:52] [254/445] JKCM
[08:30:54] [255/445] VCMM
[08:30:56] [256/445] SYEE
[08:30:57] [257/445] VASD
[08:30:58] [258/445] BDRB
[08:30:59] [259/445] LASM
[08:31:01] [260/445] DCRL
[08:31:01] 🔄 Identity reset
[08:31:01] 🔄 Identity rotated (every 10 requests)
[08:31:01] [261/445] DVPM
[08:31:02] [262/445] SBMJ
[08:31:03] [263/445] CBMU
[08:31:03] [264/445] IUBS
[08:31:04] [265/445] INAP
[08:31:05] [266/445] SRRC
[08:31:06] [267/445] SAGR
[08:31:07] [268/445] CPMJ
[08:31:09] [269/445] ATJL
[08:31:10] [270/445] NNTD
[08:31:10] 🔄 Identity reset
[08:31:10] 🔄 Identity rotated (every 10 requests)
[08:31:10] [271/445] JHCJ
[08:31:11] [272/445] CMMP
[08:31:12] [273/445] RSDR
[08:31:12] [274/445] AMTI
[08:31:13] [275/445] NYSG
[08:31:14] [276/445] AVSG
[08:31:15] [277/445] SYTP
[08:31:16] [278/445] LARC
[08:31:16] [279/445] RJTP
[08:31:17] [280/445] LAKC
[08:31:18] 🔄 Identity reset
[08:31:18] 🔄 Identity rotated (every 10 requests)
[08:31:18] [281/445] MCXE
[08:31:19] [282/445] CCZC
[08:31:20] [283/445] AVCH
[08:31:22] [284/445] CMBE
[08:31:23] [285/445] MRRC
[08:31:23] [286/445] PCPY
[08:31:25] [287/445] SRMH
[08:31:26] [288/445] SVGS
[08:31:27] [289/445] PCSE
[08:31:28] [290/445] SVFT
[08:31:29] 🔄 Identity reset
[08:31:29] 🔄 Identity rotated (every 10 requests)
[08:31:29] [291/445] TNZP
[08:31:30] [292/445] ICTP
[08:31:31] [293/445] ACTZ
[08:31:31] [294/445] GTUR
[08:31:32] [295/445] MAFC
[08:31:33] [296/445] MINL
[08:31:34] [297/445] MRCL
[08:31:35] [298/445] RCRP
[08:31:35] [299/445] RFFG
[08:31:36] [300/445] RMAS
[08:31:37] 🔄 Identity reset
[08:31:37] 🔄 Identity rotated (every 10 requests)
[08:31:38] [301/445] INVR
[08:31:38] [302/445] RMAR
[08:31:39] [303/445] CNIS
[08:31:39] [304/445] RHRJ
[08:31:40] [305/445] INXR
[08:31:40] [306/445] VALT
[08:31:41] [307/445] LCSH
[08:31:42] [308/445] CMVS
[08:31:43] [309/445] CNMS
[08:31:45] [310/445] ROOG
[08:31:45] 🔄 Identity reset
[08:31:45] 🔄 Identity rotated (every 10 requests)
[08:31:45] [311/445] ISRM
[08:31:46] [312/445] RCRM
[08:31:47] [313/445] ACJA
[08:31:48] [314/445] RCVS
[08:31:49] [315/445] CPUS
[08:31:50] [316/445] TGCS
[08:31:51] [317/445] RKCJ
[08:31:52] [318/445] MKSB
[08:31:52] [319/445] TCSJ
[08:31:53] [320/445] RMGP
[08:31:54] 🔄 Identity reset
[08:31:54] 🔄 Identity rotated (every 10 requests)
[08:31:54] [321/445] CLLP
[08:31:56] [322/445] RCMV
[08:31:57] [323/445] CCKS
[08:31:58] [324/445] RSRP
[08:32:00] [325/445] APLP
[08:32:02] [326/445] CNVS
[08:32:02] [327/445] RMVY
[08:32:03] [328/445] PGBD
[08:32:04] [329/445] KLMS
[08:32:04] [330/445] RUST
[08:32:05] 🔄 Identity reset
[08:32:05] 🔄 Identity rotated (every 10 requests)
[08:32:05] [331/445] MASM
[08:32:06] [332/445] BACS
[08:32:07] [333/445] BWST
[08:32:08] [334/445] RRFH
[08:32:09] [335/445] SJTM
[08:32:09] [336/445] BEMR
[08:32:10] [337/445] MCGR
[08:32:11] [338/445] SDSK
[08:32:11] [339/445] VBOL
[08:32:13] [340/445] RMGM
[08:32:13] 🔄 Identity reset
[08:32:13] 🔄 Identity rotated (every 10 requests)
[08:32:13] [341/445] NOPL
[08:32:14] [342/445] MKJK
[08:32:15] [343/445] CVRN
[08:32:16] [344/445] MMEN
[08:32:16] [345/445] AMNG
[08:32:18] [346/445] INTM
[08:32:19] [347/445] SLCZ
[08:32:20] [348/445] AMJN
[08:32:21] [349/445] ACJN
[08:32:22] [350/445] AMKN
[08:32:23] 🔄 Identity reset
[08:32:23] 🔄 Identity rotated (every 10 requests)
[08:32:24] [351/445] BTCN
[08:32:25] [352/445] AMBT
[08:32:27] [353/445] PACN
[08:32:27] [354/445] LCNS
[08:32:28] [355/445] PPKC
[08:32:29] [356/445] JYYN
[08:32:30] [357/445] JTNR
[08:32:31] [358/445] GTEE
[08:32:32] [359/445] SRNM
[08:32:33] [360/445] SDTC
[08:32:33] 🔄 Identity reset
[08:32:33] 🔄 Identity rotated (every 10 requests)
[08:32:33] [361/445] VPCA
[08:32:34] [362/445] VLRA
[08:32:35] [363/445] SHKR
[08:32:36] [364/445] SBKD
[08:32:37] [365/445] SAAD
[08:32:38] [366/445] JTGN
[08:32:39] [367/445] SLAM
[08:32:40] [368/445] VTPM
[08:32:41] [369/445] ANPT
[08:32:42] [370/445] PUNB
[08:32:43] 🔄 Identity reset
[08:32:43] 🔄 Identity rotated (every 10 requests)
[08:32:43] [371/445] CPKT
[08:32:44] [372/445] CNWE
[08:32:45] [373/445] ECPP
[08:32:46] [374/445] CPAR
[08:32:47] [375/445] ESBW
[08:32:48] [376/445] PKPU
[08:32:49] [377/445] CPRP
[08:32:50] [378/445] RAHU
[08:32:50] [379/445] RHMN
[08:32:51] [380/445] FMJP
[08:32:52] 🔄 Identity reset
[08:32:52] 🔄 Identity rotated (every 10 requests)
[08:32:52] [381/445] CTMP
[08:32:53] [382/445] INPN
[08:32:54] [383/445] STTG
[08:32:54] [384/445] CTRD
[08:32:55] [385/445] PUVB
[08:32:56] [386/445] ESVP
[08:32:57] [387/445] CPFT
[08:32:58] [388/445] LCPC
[08:32:58] [389/445] VBCT
[08:32:59] [390/445] FSCW
[08:32:59] 🔄 Identity reset
[08:33:00] 🔄 Identity rotated (every 10 requests)
[08:33:00] 🔄 Retry 1/5 for FSCW in 2.2s
[08:33:00] 🔄 Identity reset
[08:33:02] 🧠 New identity created
[08:33:03] [391/445] VCMP
[08:33:04] [392/445] ASHC
[08:33:04] [393/445] VLCX
[08:33:05] [394/445] SHEV
[08:33:06] [395/445] APCO
[08:33:06] [396/445] SILC
[08:33:07] [397/445] SNMR
[08:33:08] [398/445] KYBO
[08:33:08] [399/445] SATK
[08:33:09] 🔄 Identity reset
[08:33:09] 🔄 Identity rotated (every 10 requests)
[08:33:09] [400/445] SSCS
[08:33:10] [401/445] CLSB
[08:33:11] [402/445] KMJR
[08:33:12] [403/445] FSCK
[08:33:13] [404/445] NNKA
[08:33:14] [405/445] CLMK
[08:33:15] [406/445] DMPZ
[08:33:16] [407/445] INQM
[08:33:17] [408/445] CAML
[08:33:18] [409/445] INRK
[08:33:18] 🔄 Identity reset
[08:33:18] 🔄 Identity rotated (every 10 requests)
[08:33:19] [410/445] IMKN
[08:33:20] [411/445] SVNR
[08:33:21] [412/445] INSL
[08:33:22] [413/445] MSMA
[08:33:23] [414/445] MCKK
[08:33:24] [415/445] FCHP
[08:33:25] [416/445] SFCR
[08:33:26] [417/445] NACK
[08:33:26] [418/445] PVAK
[08:33:27] [419/445] INER
[08:33:28] 🔄 Identity reset
[08:33:28] 🔄 Identity rotated (every 10 requests)
[08:33:28] [420/445] RDBK
[08:33:30] [421/445] SVFN
[08:33:30] [422/445] IFRM
[08:33:32] [423/445] ATCK
[08:33:33] [424/445] ASKO
[08:33:33] [425/445] STKT
[08:33:34] [426/445] SVFB
[08:33:35] [427/445] INKS
[08:33:37] [428/445] PCRA
[08:33:37] [429/445] ATJA
[08:33:38] 🔄 Identity reset
[08:33:38] 🔄 Identity rotated (every 10 requests)
[08:33:38] [430/445] IMJN
[08:33:39] [431/445] INHD
[08:33:40] [432/445] BARA
[08:33:41] [433/445] MCSL
[08:33:41] [434/445] RTOY
[08:33:42] [435/445] MENO
[08:33:43] [436/445] PUDM
[08:33:44] [437/445] PRCN
[08:33:45] [438/445] JMJR
[08:33:46] [439/445] SSGK
[08:33:47] 🔄 Identity reset
[08:33:47] 🔄 Identity rotated (every 10 requests)
[08:33:47] [440/445] SSRL
[08:33:49] [441/445] JYKL
[08:33:50] [442/445] ACNB
[08:33:50] [443/445] SONP
[08:33:51] [444/445] EMCI
[08:33:52] [445/445] MRJH
[08:33:53] ✅ DONE | Shows=814 | Movies=51
[09:06:26] 🚀 BMS DAILY TRACKER STARTED (enhanced anti‑detection)
[09:06:26] [1/445] TGMR
[09:06:27] 🧠 New identity created
[09:06:27] [2/445] CXKR
[09:06:28] [3/445] SROP
[09:06:30] [4/445] GTSV
[09:06:31] [5/445] SNTY
[09:06:31] [6/445] SMYY
[09:06:32] [7/445] CNCS
[09:06:33] [8/445] CSTM
[09:06:34] [9/445] NUCD
[09:06:35] [10/445] SHCZ
[09:06:36] 🔄 Identity reset
[09:06:36] 🔄 Identity rotated (every 10 requests)
[09:06:36] [11/445] NJCT
[09:06:37] [12/445] COPC
[09:06:38] [13/445] STVV
[09:06:39] [14/445] SKRN
[09:06:39] [15/445] APPZ
[09:06:40] [16/445] YMGN
[09:06:41] [17/445] SVTU
[09:06:42] [18/445] GTAD
[09:06:43] [19/445] PSUS
[09:06:44] [20/445] SMCD
[09:06:44] 🔄 Identity reset
[09:06:44] 🔄 Identity rotated (every 10 requests)
[09:06:45] [21/445] CMCM
[09:06:46] [22/445] SYCT
[09:06:47] [23/445] STLY
[09:06:48] [24/445] CMHU
[09:06:48] [25/445] CMSA
[09:06:50] [26/445] CLCU
[09:06:51] [27/445] PPNT
[09:06:52] [28/445] JTAB
[09:06:53] [29/445] BUUC
[09:06:54] [30/445] BSVK
[09:06:54] 🔄 Identity reset
[09:06:54] 🔄 Identity rotated (every 10 requests)
[09:06:55] [31/445] VVVQ
[09:06:56] [32/445] TKMU
[09:06:57] [33/445] ESYL
[09:06:58] [34/445] ACHP
[09:06:58] [35/445] BTKD
[09:06:59] [36/445] DESA
[09:07:00] [37/445] GBCT
[09:07:01] [38/445] BLLD
[09:07:01] [39/445] SKNT
[09:07:02] [40/445] SSTE
[09:07:03] 🔄 Identity reset
[09:07:03] 🔄 Identity rotated (every 10 requests)
[09:07:03] [41/445] VJMR
[09:07:04] [42/445] NTPU
[09:07:06] [43/445] RDKN
[09:07:06] [44/445] ADGC
[09:07:08] [45/445] VRBP
[09:07:09] [46/445] NMNA
[09:07:10] [47/445] CMMX
[09:07:11] [48/445] PTKO
[09:07:13] [49/445] RBML
[09:07:14] [50/445] SAIC
[09:07:14] 🔄 Identity reset
[09:07:14] 🔄 Identity rotated (every 10 requests)
[09:07:15] [51/445] SVTJ
[09:07:16] [52/445] MRTE
[09:07:17] [53/445] RBTP
[09:07:18] [54/445] NLPS
[09:07:20] [55/445] GTNA
[09:07:20] [56/445] DGGC
[09:07:22] [57/445] SMCR
[09:07:23] [58/445] SCGD
[09:07:23] [59/445] SRRJ
[09:07:24] [60/445] CNRY
[09:07:25] 🔄 Identity reset
[09:07:25] 🔄 Identity rotated (every 10 requests)
[09:07:25] 🔄 Retry 1/5 for CNRY in 2.5s
[09:07:25] 🔄 Identity reset
[09:07:27] 🧠 New identity created
[09:07:28] [61/445] KTDI
[09:07:28] [62/445] SNJL
[09:07:30] [63/445] RKMD
[09:07:31] [64/445] SMDC
[09:07:32] [65/445] TADG
[09:07:33] [66/445] MCGS
[09:07:34] [67/445] PETK
[09:07:35] [68/445] CHAG
[09:07:37] [69/445] KSTL
[09:07:37] 🔄 Identity reset
[09:07:37] 🔄 Identity rotated (every 10 requests)
[09:07:37] [70/445] AADS
[09:07:39] [71/445] NTHZ
[09:07:40] [72/445] HCKI
[09:07:41] [73/445] SSEF
[09:07:41] [74/445] MCGX
[09:07:42] [75/445] ERRA
[09:07:43] [76/445] SDTW
[09:07:44] [77/445] RMPK
[09:07:45] [78/445] PTHK
[09:07:46] [79/445] PXCS
[09:07:46] 🔄 Identity reset
[09:07:46] 🔄 Identity rotated (every 10 requests)
[09:07:47] [80/445] SVLU
[09:07:48] [81/445] STAH
[09:07:48] [82/445] JRGF
[09:07:50] [83/445] CDOK
[09:07:51] [84/445] CMSG
[09:07:53] [85/445] APTD
[09:07:54] [86/445] KMPG
[09:07:56] [87/445] MUTJ
[09:07:57] [88/445] VCCI
[09:07:57] [89/445] URBE
[09:07:58] 🔄 Identity reset
[09:07:58] 🔄 Identity rotated (every 10 requests)
[09:07:58] [90/445] TCTS
[09:07:59] [91/445] STSN
[09:07:59] [92/445] AKCH
[09:08:00] [93/445] APSC
[09:08:01] [94/445] VLTB
[09:08:02] [95/445] SANU
[09:08:03] [96/445] AXAM
[09:08:04] [97/445] MGMG
[09:08:05] [98/445] HTBY
[09:08:06] [99/445] MMZS
[09:08:07] 🔄 Identity reset
[09:08:07] 🔄 Identity rotated (every 10 requests)
[09:08:07] 🔄 Retry 1/5 for MMZS in 2.4s
[09:08:07] 🔄 Identity reset
[09:08:10] 🧠 New identity created
[09:08:10] [100/445] SUDR
[09:08:11] [101/445] CCAD
[09:08:11] [102/445] SKKC
[09:08:13] [103/445] RMCD
[09:08:14] [104/445] SBCQ
[09:08:15] [105/445] DCCT
[09:08:16] [106/445] VTKP
[09:08:16] [107/445] MLAM
[09:08:17] [108/445] SAVT
[09:08:18] 🔄 Identity reset
[09:08:18] 🔄 Identity rotated (every 10 requests)
[09:08:18] [109/445] GEPL
[09:08:19] [110/445] AMCD
[09:08:20] [111/445] CCXR
[09:08:21] [112/445] GRNG
[09:08:23] [113/445] EBCA
[09:08:23] [114/445] CNVG
[09:08:24] [115/445] MWSS
[09:08:25] [116/445] VBOR
[09:08:26] [117/445] NEEB
[09:08:27] [118/445] SUTH
[09:08:28] 🔄 Identity reset
[09:08:28] 🔄 Identity rotated (every 10 requests)
[09:08:28] [119/445] ANDB
[09:08:29] [120/445] MMXS
[09:08:31] [121/445] CNPD
[09:08:31] [122/445] SDCE
[09:08:32] [123/445] DHCB
[09:08:34] [124/445] ODEN
[09:08:35] [125/445] TNTC
[09:08:36] [126/445] VBKM
[09:08:37] [127/445] RZYM
[09:08:38] [128/445] JEMC
[09:08:39] 🔄 Identity reset
[09:08:39] 🔄 Identity rotated (every 10 requests)
[09:08:39] [129/445] CMAU
[09:08:40] [130/445] SIVP
[09:08:41] [131/445] ATAG
[09:08:42] [132/445] CHTM
[09:08:42] [133/445] AAEE
[09:08:44] [134/445] IWPM
[09:08:45] [135/445] KCMW
[09:08:46] [136/445] MCTD
[09:08:46] [137/445] SPWR
[09:08:47] [138/445] SDPO
[09:08:48] 🔄 Identity reset
[09:08:48] 🔄 Identity rotated (every 10 requests)
[09:08:48] [139/445] PCSK
[09:08:49] [140/445] ACHV
[09:08:50] [141/445] SVLA
[09:08:52] [142/445] PICT
[09:08:53] [143/445] BXDR
[09:08:54] [144/445] SPWA
[09:08:55] [145/445] MCKO
[09:08:56] [146/445] RTHK
[09:08:57] [147/445] CCMF
[09:08:57] [148/445] MRGB
[09:08:58] 🔄 Identity reset
[09:08:58] 🔄 Identity rotated (every 10 requests)
[09:08:58] [149/445] CPLC
[09:08:59] [150/445] RACD
[09:09:00] [151/445] ATKT
[09:09:01] [152/445] SARN
[09:09:02] [153/445] KKUI
[09:09:04] [154/445] RGCM
[09:09:05] [155/445] BRVP
[09:09:07] [156/445] HRSR
[09:09:07] [157/445] GKGM
[09:09:08] [158/445] TTCD
[09:09:09] 🔄 Identity reset
[09:09:09] 🔄 Identity rotated (every 10 requests)
[09:09:10] [159/445] PTTI
[09:09:11] [160/445] MPTT
[09:09:12] [161/445] CVTT
[09:09:13] [162/445] PCXD
[09:09:14] [163/445] GCDC
[09:09:15] [164/445] CCCF
[09:09:16] [165/445] MRAD
[09:09:17] [166/445] CPLK
[09:09:17] [167/445] SATB
[09:09:18] [168/445] SNVG
[09:09:19] 🔄 Identity reset
[09:09:19] 🔄 Identity rotated (every 10 requests)
[09:09:19] 🔄 Retry 1/5 for SNVG in 2.4s
[09:09:19] 🔄 Identity reset
[09:09:21] 🧠 New identity created
[09:09:22] [169/445] JMBA
[09:09:23] [170/445] TEJA
[09:09:23] [171/445] STYO
[09:09:24] [172/445] JTBP
[09:09:25] [173/445] KRGD
[09:09:26] [174/445] SLJJ
[09:09:27] [175/445] SPTJ
[09:09:28] [176/445] SWJG
[09:09:29] [177/445] LKRT
[09:09:29] 🔄 Identity reset
[09:09:29] 🔄 Identity rotated (every 10 requests)
[09:09:30] [178/445] KCKA
[09:09:31] [179/445] SNCR
[09:09:33] [180/445] SMKL
[09:09:34] [181/445] GCFA
[09:09:35] [182/445] DDCK
[09:09:36] [183/445] NCHJ
[09:09:37] [184/445] RDMA
[09:09:39] [185/445] SVSV
[09:09:39] [186/445] SCJG
[09:09:40] [187/445] VKLP
[09:09:41] 🔄 Identity reset
[09:09:41] 🔄 Identity rotated (every 10 requests)
[09:09:41] [188/445] NWCC
[09:09:42] [189/445] VKNS
[09:09:43] [190/445] SDDP
[09:09:44] [191/445] ACSI
[09:09:44] [192/445] SATG
[09:09:45] [193/445] SCMW
[09:09:46] [194/445] LKTK
[09:09:47] [195/445] VCKV
[09:09:48] [196/445] KKPE
[09:09:49] [197/445] KIGH
[09:09:49] 🔄 Identity reset
[09:09:49] 🔄 Identity rotated (every 10 requests)
[09:09:50] [198/445] SRPM
[09:09:52] [199/445] SCAH
[09:09:53] [200/445] MUTA
[09:09:54] [201/445] SEPU
[09:09:56] [202/445] INOA
[09:09:57] [203/445] BASK
[09:09:58] [204/445] NECB
[09:09:58] [205/445] GTTG
[09:10:00] [206/445] ASSA
[09:10:01] [207/445] ANCL
[09:10:02] 🔄 Identity reset
[09:10:02] 🔄 Identity rotated (every 10 requests)
[09:10:02] [208/445] GCTI
[09:10:03] [209/445] RCTS
[09:10:04] [210/445] ACNL
[09:10:05] [211/445] MYCT
[09:10:06] [212/445] NMHT
[09:10:06] [213/445] MDIT
[09:10:08] [214/445] LATG
[09:10:09] [215/445] SMTY
[09:10:10] [216/445] CVCT
[09:10:11] [217/445] RAMB
[09:10:12] 🔄 Identity reset
[09:10:12] 🔄 Identity rotated (every 10 requests)
[09:10:12] [218/445] TGMS
[09:10:13] [219/445] BHEL
[09:10:14] [220/445] SHCT
[09:10:16] [221/445] SVCT
[09:10:17] [222/445] MRIY
[09:10:17] [223/445] SARO
[09:10:18] [224/445] STCT
[09:10:19] [225/445] JKKC
[09:10:20] [226/445] PLTT
[09:10:21] [227/445] SRNT
[09:10:22] 🔄 Identity reset
[09:10:22] 🔄 Identity rotated (every 10 requests)
[09:10:22] [228/445] YAST
[09:10:24] [229/445] PERL
[09:10:24] [230/445] CICM
[09:10:26] [231/445] MMTR
[09:10:27] [232/445] ABTK
[09:10:28] [233/445] ATYY
[09:10:29] [234/445] ASTK
[09:10:30] [235/445] VVCK
[09:10:31] [236/445] ATKY
[09:10:32] [237/445] GWEK
[09:10:32] 🔄 Identity reset
[09:10:32] 🔄 Identity rotated (every 10 requests)
[09:10:33] [238/445] SVFH
[09:10:33] [239/445] SLTA
[09:10:34] [240/445] AASH
[09:10:35] [241/445] ACXB
[09:10:36] [242/445] SMTX
[09:10:37] [243/445] AZDH
[09:10:38] [244/445] CMMH
[09:10:39] [245/445] SCSZ
[09:10:40] [246/445] SCKP
[09:10:42] [247/445] NXTM
[09:10:43] 🔄 Identity reset
[09:10:43] 🔄 Identity rotated (every 10 requests)
[09:10:43] [248/445] NWCS
[09:10:45] [249/445] CXMH
[09:10:46] [250/445] PCMA
[09:10:47] [251/445] SGCM
[09:10:48] [252/445] SDTU
[09:10:49] [253/445] MMVI
[09:10:50] [254/445] JKCM
[09:10:51] [255/445] VCMM
[09:10:52] [256/445] SYEE
[09:10:54] [257/445] VASD
[09:10:54] 🔄 Identity reset
[09:10:54] 🔄 Identity rotated (every 10 requests)
[09:10:55] [258/445] BDRB
[09:10:56] [259/445] LASM
[09:10:57] [260/445] DCRL
[09:10:58] [261/445] DVPM
[09:10:59] [262/445] SBMJ
[09:11:00] [263/445] CBMU
[09:11:01] [264/445] IUBS
[09:11:02] [265/445] INAP
[09:11:03] [266/445] SRRC
[09:11:03] [267/445] SAGR
[09:11:04] 🔄 Identity reset
[09:11:04] 🔄 Identity rotated (every 10 requests)
[09:11:04] [268/445] CPMJ
[09:11:06] [269/445] ATJL
[09:11:07] [270/445] NNTD
[09:11:08] [271/445] JHCJ
[09:11:09] [272/445] CMMP
[09:11:11] [273/445] RSDR
[09:11:12] [274/445] AMTI
[09:11:13] [275/445] NYSG
[09:11:14] [276/445] AVSG
[09:11:15] [277/445] SYTP
[09:11:15] 🔄 Identity reset
[09:11:15] 🔄 Identity rotated (every 10 requests)
[09:11:16] [278/445] LARC
[09:11:17] [279/445] RJTP
[09:11:18] [280/445] LAKC
[09:11:18] [281/445] MCXE
[09:11:20] [282/445] CCZC
[09:11:21] [283/445] AVCH
[09:11:22] [284/445] CMBE
[09:11:24] [285/445] MRRC
[09:11:25] [286/445] PCPY
[09:11:26] [287/445] SRMH
[09:11:26] 🔄 Identity reset
[09:11:26] 🔄 Identity rotated (every 10 requests)
[09:11:27] [288/445] SVGS
[09:11:28] [289/445] PCSE
[09:11:29] [290/445] SVFT
[09:11:30] [291/445] TNZP
[09:11:31] [292/445] ICTP
[09:11:32] [293/445] ACTZ
[09:11:33] [294/445] GTUR
[09:11:34] [295/445] MAFC
[09:11:34] [296/445] MINL
[09:11:35] [297/445] MRCL
[09:11:36] 🔄 Identity reset
[09:11:36] 🔄 Identity rotated (every 10 requests)
[09:11:36] [298/445] RCRP
[09:11:37] [299/445] RFFG
[09:11:38] [300/445] RMAS
[09:11:39] [301/445] INVR
[09:11:40] [302/445] RMAR
[09:11:40] [303/445] CNIS
[09:11:42] [304/445] RHRJ
[09:11:44] [305/445] INXR
[09:11:44] [306/445] VALT
[09:11:46] [307/445] LCSH
[09:11:47] 🔄 Identity reset
[09:11:47] 🔄 Identity rotated (every 10 requests)
[09:11:47] 🔄 Retry 1/5 for LCSH in 2.4s
[09:11:47] 🔄 Identity reset
[09:11:49] 🧠 New identity created
[09:11:49] [308/445] CMVS
[09:11:51] [309/445] CNMS
[09:11:52] [310/445] ROOG
[09:11:53] [311/445] ISRM
[09:11:54] [312/445] RCRM
[09:11:55] [313/445] ACJA
[09:11:56] [314/445] RCVS
[09:11:57] [315/445] CPUS
[09:11:58] [316/445] TGCS
[09:11:59] 🔄 Identity reset
[09:11:59] 🔄 Identity rotated (every 10 requests)
[09:11:59] [317/445] RKCJ
[09:12:00] [318/445] MKSB
[09:12:01] [319/445] TCSJ
[09:12:02] [320/445] RMGP
[09:12:03] [321/445] CLLP
[09:12:04] [322/445] RCMV
[09:12:06] [323/445] CCKS
[09:12:07] [324/445] RSRP
[09:12:08] [325/445] APLP
[09:12:09] [326/445] CNVS
[09:12:09] 🔄 Identity reset
[09:12:09] 🔄 Identity rotated (every 10 requests)
[09:12:10] [327/445] RMVY
[09:12:10] [328/445] PGBD
[09:12:12] [329/445] KLMS
[09:12:14] [330/445] RUST
[09:12:15] [331/445] MASM
[09:12:16] [332/445] BACS
[09:12:17] [333/445] BWST
[09:12:18] [334/445] RRFH
[09:12:19] [335/445] SJTM
[09:12:20] [336/445] BEMR
[09:12:21] 🔄 Identity reset
[09:12:21] 🔄 Identity rotated (every 10 requests)
[09:12:22] [337/445] MCGR
[09:12:23] [338/445] SDSK
[09:12:24] [339/445] VBOL
[09:12:26] [340/445] RMGM
[09:12:26] [341/445] NOPL
[09:12:27] [342/445] MKJK
[09:12:29] [343/445] CVRN
[09:12:30] [344/445] MMEN
[09:12:31] [345/445] AMNG
[09:12:32] [346/445] INTM
[09:12:33] 🔄 Identity reset
[09:12:33] 🔄 Identity rotated (every 10 requests)
[09:12:34] [347/445] SLCZ
[09:12:34] [348/445] AMJN
[09:12:36] [349/445] ACJN
[09:12:38] [350/445] AMKN
[09:12:39] [351/445] BTCN
[09:12:40] [352/445] AMBT
[09:12:41] [353/445] PACN
[09:12:42] [354/445] LCNS
[09:12:43] [355/445] PPKC
[09:12:44] [356/445] JYYN
[09:12:45] 🔄 Identity reset
[09:12:45] 🔄 Identity rotated (every 10 requests)
[09:12:45] [357/445] JTNR
[09:12:46] [358/445] GTEE
[09:12:48] [359/445] SRNM
[09:12:48] [360/445] SDTC
[09:12:50] [361/445] VPCA
[09:12:51] [362/445] VLRA
[09:12:52] [363/445] SHKR
[09:12:53] [364/445] SBKD
[09:12:54] [365/445] SAAD
[09:12:55] [366/445] JTGN
[09:12:56] 🔄 Identity reset
[09:12:56] 🔄 Identity rotated (every 10 requests)
[09:12:56] [367/445] SLAM
[09:12:58] [368/445] VTPM
[09:12:59] [369/445] ANPT
[09:13:00] [370/445] PUNB
[09:13:01] [371/445] CPKT
[09:13:02] [372/445] CNWE
[09:13:04] [373/445] ECPP
[09:13:05] [374/445] CPAR
[09:13:06] [375/445] ESBW
[09:13:07] [376/445] PKPU
[09:13:07] 🔄 Identity reset
[09:13:08] 🔄 Identity rotated (every 10 requests)
[09:13:08] [377/445] CPRP
[09:13:09] [378/445] RAHU
[09:13:10] [379/445] RHMN
[09:13:12] [380/445] FMJP
[09:13:13] [381/445] CTMP
[09:13:13] [382/445] INPN
[09:13:14] [383/445] STTG
[09:13:15] [384/445] CTRD
[09:13:17] [385/445] PUVB
[09:13:18] [386/445] ESVP
[09:13:19] 🔄 Identity reset
[09:13:19] 🔄 Identity rotated (every 10 requests)
[09:13:19] [387/445] CPFT
[09:13:20] [388/445] LCPC
[09:13:21] [389/445] VBCT
[09:13:23] [390/445] FSCW
[09:13:24] [391/445] VCMP
[09:13:24] [392/445] ASHC
[09:13:25] [393/445] VLCX
[09:13:27] [394/445] SHEV
[09:13:28] [395/445] APCO
[09:13:28] [396/445] SILC
[09:13:29] 🔄 Identity reset
[09:13:29] 🔄 Identity rotated (every 10 requests)
[09:13:29] [397/445] SNMR
[09:13:30] [398/445] KYBO
[09:13:31] [399/445] SATK
[09:13:32] [400/445] SSCS
[09:13:33] [401/445] CLSB
[09:13:33] [402/445] KMJR
[09:13:34] [403/445] FSCK
[09:13:35] [404/445] NNKA
[09:13:36] [405/445] CLMK
[09:13:38] [406/445] DMPZ
[09:13:38] 🔄 Identity reset
[09:13:38] 🔄 Identity rotated (every 10 requests)
[09:13:39] [407/445] INQM
[09:13:41] [408/445] CAML
[09:13:43] [409/445] INRK
[09:13:44] [410/445] IMKN
[09:13:46] [411/445] SVNR
[09:13:47] [412/445] INSL
[09:13:48] [413/445] MSMA
[09:13:48] [414/445] MCKK
[09:13:50] [415/445] FCHP
[09:13:50] [416/445] SFCR
[09:13:51] 🔄 Identity reset
[09:13:51] 🔄 Identity rotated (every 10 requests)
[09:13:52] [417/445] NACK
[09:13:53] [418/445] PVAK
[09:13:54] [419/445] INER
[09:13:55] [420/445] RDBK
[09:13:56] [421/445] SVFN
[09:13:57] [422/445] IFRM
[09:13:58] [423/445] ATCK
[09:13:59] [424/445] ASKO
[09:14:00] [425/445] STKT
[09:14:02] [426/445] SVFB
[09:14:02] 🔄 Identity reset
[09:14:02] 🔄 Identity rotated (every 10 requests)
[09:14:03] [427/445] INKS
[09:14:04] [428/445] PCRA
[09:14:05] [429/445] ATJA
[09:14:07] [430/445] IMJN
[09:14:07] [431/445] INHD
[09:14:08] [432/445] BARA
[09:14:09] [433/445] MCSL
[09:14:11] [434/445] RTOY
[09:14:11] [435/445] MENO
[09:14:12] [436/445] PUDM
[09:14:13] 🔄 Identity reset
[09:14:13] 🔄 Identity rotated (every 10 requests)
[09:14:14] [437/445] PRCN
[09:14:15] [438/445] JMJR
[09:14:16] [439/445] SSGK
[09:14:17] [440/445] SSRL
[09:14:18] [441/445] JYKL
[09:14:19] [442/445] ACNB
[09:14:20] [443/445] SONP
[09:14:21] [444/445] EMCI
[09:14:22] [445/445] MRJH
[09:14:22] ✅ DONE | Shows=975 | Movies=60
[10:06:56] 🚀 BMS DAILY TRACKER STARTED (enhanced anti‑detection)
[10:06:56] [1/445] TGMR
[10:06:57] 🧠 New identity created
[10:06:57] [2/445] CXKR
[10:06:58] [3/445] SROP
[10:06:59] [4/445] GTSV
[10:07:00] [5/445] SNTY
[10:07:00] [6/445] SMYY
[10:07:01] [7/445] CNCS
[10:07:02] [8/445] CSTM
[10:07:02] [9/445] NUCD
[10:07:03] [10/445] SHCZ
[10:07:04] 🔄 Identity reset
[10:07:04] 🔄 Identity rotated (every 10 requests)
[10:07:04] [11/445] NJCT
[10:07:05] [12/445] COPC
[10:07:06] [13/445] STVV
[10:07:07] [14/445] SKRN
[10:07:08] [15/445] APPZ
[10:07:09] [16/445] YMGN
[10:07:10] [17/445] SVTU
[10:07:11] [18/445] GTAD
[10:07:12] [19/445] PSUS
[10:07:13] [20/445] SMCD
[10:07:13] 🔄 Identity reset
[10:07:13] 🔄 Identity rotated (every 10 requests)
[10:07:13] [21/445] CMCM
[10:07:14] [22/445] SYCT
[10:07:15] [23/445] STLY
[10:07:16] [24/445] CMHU
[10:07:17] [25/445] CMSA
[10:07:17] [26/445] CLCU
[10:07:18] [27/445] PPNT
[10:07:19] [28/445] JTAB
[10:07:20] [29/445] BUUC
[10:07:20] [30/445] BSVK
[10:07:21] 🔄 Identity reset
[10:07:21] 🔄 Identity rotated (every 10 requests)
[10:07:21] [31/445] VVVQ
[10:07:22] [32/445] TKMU
[10:07:23] [33/445] ESYL
[10:07:23] [34/445] ACHP
[10:07:24] [35/445] BTKD
[10:07:25] [36/445] DESA
[10:07:25] [37/445] GBCT
[10:07:26] [38/445] BLLD
[10:07:27] [39/445] SKNT
[10:07:28] [40/445] SSTE
[10:07:28] 🔄 Identity reset
[10:07:28] 🔄 Identity rotated (every 10 requests)
[10:07:29] [41/445] VJMR
[10:07:29] [42/445] NTPU
[10:07:30] [43/445] RDKN
[10:07:31] [44/445] ADGC
[10:07:32] [45/445] VRBP
[10:07:33] [46/445] NMNA
[10:07:34] [47/445] CMMX
[10:07:35] [48/445] PTKO
[10:07:35] [49/445] RBML
[10:07:36] [50/445] SAIC
[10:07:37] 🔄 Identity reset
[10:07:37] 🔄 Identity rotated (every 10 requests)
[10:07:37] [51/445] SVTJ
[10:07:38] [52/445] MRTE
[10:07:39] [53/445] RBTP
[10:07:39] [54/445] NLPS
[10:07:40] [55/445] GTNA
[10:07:41] [56/445] DGGC
[10:07:41] [57/445] SMCR
[10:07:42] [58/445] SCGD
[10:07:44] [59/445] SRRJ
[10:07:45] [60/445] CNRY
[10:07:45] 🔄 Identity reset
[10:07:45] 🔄 Identity rotated (every 10 requests)
[10:07:46] [61/445] KTDI
[10:07:47] [62/445] SNJL
[10:07:48] [63/445] RKMD
[10:07:48] [64/445] SMDC
[10:07:49] [65/445] TADG
[10:07:50] [66/445] MCGS
[10:07:51] [67/445] PETK
[10:07:51] [68/445] CHAG
[10:07:52] [69/445] KSTL
[10:07:53] [70/445] AADS
[10:07:53] 🔄 Identity reset
[10:07:53] 🔄 Identity rotated (every 10 requests)
[10:07:54] [71/445] NTHZ
[10:07:54] [72/445] HCKI
[10:07:55] [73/445] SSEF
[10:07:56] [74/445] MCGX
[10:07:57] [75/445] ERRA
[10:07:58] [76/445] SDTW
[10:07:59] [77/445] RMPK
[10:08:00] [78/445] PTHK
[10:08:00] [79/445] PXCS
[10:08:01] [80/445] SVLU
[10:08:01] 🔄 Identity reset
[10:08:01] 🔄 Identity rotated (every 10 requests)
[10:08:02] [81/445] STAH
[10:08:03] [82/445] JRGF
[10:08:04] [83/445] CDOK
[10:08:04] [84/445] CMSG
[10:08:05] [85/445] APTD
[10:08:06] [86/445] KMPG
[10:08:06] [87/445] MUTJ
[10:08:07] [88/445] VCCI
[10:08:08] [89/445] URBE
[10:08:09] [90/445] TCTS
[10:08:10] 🔄 Identity reset
[10:08:10] 🔄 Identity rotated (every 10 requests)
[10:08:10] [91/445] STSN
[10:08:11] [92/445] AKCH
[10:08:12] [93/445] APSC
[10:08:13] [94/445] VLTB
[10:08:13] [95/445] SANU
[10:08:14] [96/445] AXAM
[10:08:15] [97/445] MGMG
[10:08:16] [98/445] HTBY
[10:08:17] [99/445] MMZS
[10:08:17] [100/445] SUDR
[10:08:18] 🔄 Identity reset
[10:08:18] 🔄 Identity rotated (every 10 requests)
[10:08:18] [101/445] CCAD
[10:08:19] [102/445] SKKC
[10:08:20] [103/445] RMCD
[10:08:20] [104/445] SBCQ
[10:08:21] [105/445] DCCT
[10:08:22] [106/445] VTKP
[10:08:23] [107/445] MLAM
[10:08:23] [108/445] SAVT
[10:08:24] [109/445] GEPL
[10:08:25] [110/445] AMCD
[10:08:25] 🔄 Identity reset
[10:08:25] 🔄 Identity rotated (every 10 requests)
[10:08:26] [111/445] CCXR
[10:08:26] [112/445] GRNG
[10:08:27] [113/445] EBCA
[10:08:28] [114/445] CNVG
[10:08:28] [115/445] MWSS
[10:08:29] [116/445] VBOR
[10:08:30] [117/445] NEEB
[10:08:32] [118/445] SUTH
[10:08:32] [119/445] ANDB
[10:08:34] [120/445] MMXS
[10:08:35] 🔄 Identity reset
[10:08:35] 🔄 Identity rotated (every 10 requests)
[10:08:35] [121/445] CNPD
[10:08:35] [122/445] SDCE
[10:08:36] [123/445] DHCB
[10:08:37] [124/445] ODEN
[10:08:37] [125/445] TNTC
[10:08:38] [126/445] VBKM
[10:08:39] [127/445] RZYM
[10:08:40] [128/445] JEMC
[10:08:40] [129/445] CMAU
[10:08:41] [130/445] SIVP
[10:08:42] 🔄 Identity reset
[10:08:42] 🔄 Identity rotated (every 10 requests)
[10:08:42] [131/445] ATAG
[10:08:43] [132/445] CHTM
[10:08:43] [133/445] AAEE
[10:08:44] [134/445] IWPM
[10:08:45] [135/445] KCMW
[10:08:45] [136/445] MCTD
[10:08:46] [137/445] SPWR
[10:08:47] [138/445] SDPO
[10:08:47] [139/445] PCSK
[10:08:48] [140/445] ACHV
[10:08:48] 🔄 Identity reset
[10:08:49] 🔄 Identity rotated (every 10 requests)
[10:08:49] [141/445] SVLA
[10:08:49] [142/445] PICT
[10:08:50] [143/445] BXDR
[10:08:51] [144/445] SPWA
[10:08:52] [145/445] MCKO
[10:08:52] [146/445] RTHK
[10:08:53] [147/445] CCMF
[10:08:54] [148/445] MRGB
[10:08:55] [149/445] CPLC
[10:08:55] [150/445] RACD
[10:08:56] 🔄 Identity reset
[10:08:56] 🔄 Identity rotated (every 10 requests)
[10:08:56] [151/445] ATKT
[10:08:57] [152/445] SARN
[10:08:57] [153/445] KKUI
[10:08:58] [154/445] RGCM
[10:08:58] [155/445] BRVP
[10:08:59] [156/445] HRSR
[10:09:00] [157/445] GKGM
[10:09:01] [158/445] TTCD
[10:09:01] [159/445] PTTI
[10:09:02] [160/445] MPTT
[10:09:03] 🔄 Identity reset
[10:09:03] 🔄 Identity rotated (every 10 requests)
[10:09:03] [161/445] CVTT
[10:09:03] [162/445] PCXD
[10:09:04] [163/445] GCDC
[10:09:05] [164/445] CCCF
[10:09:06] [165/445] MRAD
[10:09:06] [166/445] CPLK
[10:09:07] [167/445] SATB
[10:09:08] [168/445] SNVG
[10:09:08] [169/445] JMBA
[10:09:09] [170/445] TEJA
[10:09:10] 🔄 Identity reset
[10:09:10] 🔄 Identity rotated (every 10 requests)
[10:09:10] [171/445] STYO
[10:09:10] [172/445] JTBP
[10:09:11] [173/445] KRGD
[10:09:12] [174/445] SLJJ
[10:09:12] [175/445] SPTJ
[10:09:13] [176/445] SWJG
[10:09:14] [177/445] LKRT
[10:09:14] [178/445] KCKA
[10:09:15] [179/445] SNCR
[10:09:16] [180/445] SMKL
[10:09:17] 🔄 Identity reset
[10:09:17] 🔄 Identity rotated (every 10 requests)
[10:09:17] [181/445] GCFA
[10:09:17] [182/445] DDCK
[10:09:18] [183/445] NCHJ
[10:09:19] [184/445] RDMA
[10:09:20] [185/445] SVSV
[10:09:20] [186/445] SCJG
[10:09:21] [187/445] VKLP
[10:09:22] [188/445] NWCC
[10:09:23] [189/445] VKNS
[10:09:24] [190/445] SDDP
[10:09:24] 🔄 Identity reset
[10:09:24] 🔄 Identity rotated (every 10 requests)
[10:09:24] [191/445] ACSI
[10:09:25] [192/445] SATG
[10:09:27] [193/445] SCMW
[10:09:28] [194/445] LKTK
[10:09:28] [195/445] VCKV
[10:09:29] [196/445] KKPE
[10:09:29] [197/445] KIGH
[10:09:30] [198/445] SRPM
[10:09:30] [199/445] SCAH
[10:09:31] [200/445] MUTA
[10:09:32] 🔄 Identity reset
[10:09:32] 🔄 Identity rotated (every 10 requests)
[10:09:32] [201/445] SEPU
[10:09:33] [202/445] INOA
[10:09:33] [203/445] BASK
[10:09:34] [204/445] NECB
[10:09:35] [205/445] GTTG
[10:09:36] [206/445] ASSA
[10:09:37] [207/445] ANCL
[10:09:38] [208/445] GCTI
[10:09:39] [209/445] RCTS
[10:09:39] [210/445] ACNL
[10:09:40] 🔄 Identity reset
[10:09:40] 🔄 Identity rotated (every 10 requests)
[10:09:40] [211/445] MYCT
[10:09:41] [212/445] NMHT
[10:09:42] [213/445] MDIT
[10:09:42] [214/445] LATG
[10:09:43] [215/445] SMTY
[10:09:43] [216/445] CVCT
[10:09:44] [217/445] RAMB
[10:09:45] [218/445] TGMS
[10:09:46] [219/445] BHEL
[10:09:47] [220/445] SHCT
[10:09:47] 🔄 Identity reset
[10:09:47] 🔄 Identity rotated (every 10 requests)
[10:09:47] [221/445] SVCT
[10:09:48] [222/445] MRIY
[10:09:49] [223/445] SARO
[10:09:50] [224/445] STCT
[10:09:50] [225/445] JKKC
[10:09:51] [226/445] PLTT
[10:09:51] [227/445] SRNT
[10:09:52] [228/445] YAST
[10:09:53] [229/445] PERL
[10:09:53] [230/445] CICM
[10:09:54] 🔄 Identity reset
[10:09:54] 🔄 Identity rotated (every 10 requests)
[10:09:55] [231/445] MMTR
[10:09:56] [232/445] ABTK
[10:09:57] [233/445] ATYY
[10:09:58] [234/445] ASTK
[10:09:58] [235/445] VVCK
[10:09:59] [236/445] ATKY
[10:10:00] [237/445] GWEK
[10:10:00] [238/445] SVFH
[10:10:01] [239/445] SLTA
[10:10:01] [240/445] AASH
[10:10:02] 🔄 Identity reset
[10:10:02] 🔄 Identity rotated (every 10 requests)
[10:10:03] [241/445] ACXB
[10:10:05] [242/445] SMTX
[10:10:05] [243/445] AZDH
[10:10:06] [244/445] CMMH
[10:10:07] [245/445] SCSZ
[10:10:08] [246/445] SCKP
[10:10:09] [247/445] NXTM
[10:10:09] [248/445] NWCS
[10:10:10] [249/445] CXMH
[10:10:11] [250/445] PCMA
[10:10:12] 🔄 Identity reset
[10:10:12] 🔄 Identity rotated (every 10 requests)
[10:10:12] [251/445] SGCM
[10:10:12] [252/445] SDTU
[10:10:13] [253/445] MMVI
[10:10:14] [254/445] JKCM
[10:10:15] [255/445] VCMM
[10:10:16] [256/445] SYEE
[10:10:16] [257/445] VASD
[10:10:18] [258/445] BDRB
[10:10:19] [259/445] LASM
[10:10:19] [260/445] DCRL
[10:10:20] 🔄 Identity reset
[10:10:20] 🔄 Identity rotated (every 10 requests)
[10:10:20] [261/445] DVPM
[10:10:21] [262/445] SBMJ
[10:10:22] [263/445] CBMU
[10:10:23] [264/445] IUBS
[10:10:24] [265/445] INAP
[10:10:25] [266/445] SRRC
[10:10:26] [267/445] SAGR
[10:10:27] [268/445] CPMJ
[10:10:28] [269/445] ATJL
[10:10:29] [270/445] NNTD
[10:10:30] 🔄 Identity reset
[10:10:30] 🔄 Identity rotated (every 10 requests)
[10:10:30] [271/445] JHCJ
[10:10:31] [272/445] CMMP
[10:10:32] [273/445] RSDR
[10:10:33] [274/445] AMTI
[10:10:34] [275/445] NYSG
[10:10:34] [276/445] AVSG
[10:10:35] [277/445] SYTP
[10:10:36] [278/445] LARC
[10:10:37] [279/445] RJTP
[10:10:37] [280/445] LAKC
[10:10:38] 🔄 Identity reset
[10:10:38] 🔄 Identity rotated (every 10 requests)
[10:10:38] [281/445] MCXE
[10:10:39] [282/445] CCZC
[10:10:40] [283/445] AVCH
[10:10:41] [284/445] CMBE
[10:10:42] [285/445] MRRC
[10:10:42] [286/445] PCPY
[10:10:43] [287/445] SRMH
[10:10:44] [288/445] SVGS
[10:10:44] [289/445] PCSE
[10:10:45] [290/445] SVFT
[10:10:46] 🔄 Identity reset
[10:10:46] 🔄 Identity rotated (every 10 requests)
[10:10:46] [291/445] TNZP
[10:10:46] [292/445] ICTP
[10:10:47] [293/445] ACTZ
[10:10:48] [294/445] GTUR
[10:10:49] [295/445] MAFC
[10:10:50] [296/445] MINL
[10:10:51] [297/445] MRCL
[10:10:51] [298/445] RCRP
[10:10:52] [299/445] RFFG
[10:10:53] [300/445] RMAS
[10:10:53] 🔄 Identity reset
[10:10:53] 🔄 Identity rotated (every 10 requests)
[10:10:53] [301/445] INVR
[10:10:55] [302/445] RMAR
[10:10:55] [303/445] CNIS
[10:10:56] [304/445] RHRJ
[10:10:57] [305/445] INXR
[10:10:58] [306/445] VALT
[10:10:59] [307/445] LCSH
[10:11:00] [308/445] CMVS
[10:11:01] [309/445] CNMS
[10:11:02] [310/445] ROOG
[10:11:03] 🔄 Identity reset
[10:11:03] 🔄 Identity rotated (every 10 requests)
[10:11:03] [311/445] ISRM
[10:11:04] [312/445] RCRM
[10:11:04] [313/445] ACJA
[10:11:05] [314/445] RCVS
[10:11:06] [315/445] CPUS
[10:11:07] [316/445] TGCS
[10:11:08] [317/445] RKCJ
[10:11:08] [318/445] MKSB
[10:11:09] [319/445] TCSJ
[10:11:09] [320/445] RMGP
[10:11:10] 🔄 Identity reset
[10:11:10] 🔄 Identity rotated (every 10 requests)
[10:11:10] [321/445] CLLP
[10:11:12] [322/445] RCMV
[10:11:12] [323/445] CCKS
[10:11:13] [324/445] RSRP
[10:11:14] [325/445] APLP
[10:11:15] [326/445] CNVS
[10:11:16] [327/445] RMVY
[10:11:16] [328/445] PGBD
[10:11:17] [329/445] KLMS
[10:11:18] [330/445] RUST
[10:11:19] 🔄 Identity reset
[10:11:19] 🔄 Identity rotated (every 10 requests)
[10:11:19] [331/445] MASM
[10:11:20] [332/445] BACS
[10:11:21] [333/445] BWST
[10:11:22] [334/445] RRFH
[10:11:22] [335/445] SJTM
[10:11:23] [336/445] BEMR
[10:11:24] [337/445] MCGR
[10:11:25] [338/445] SDSK
[10:11:25] [339/445] VBOL
[10:11:26] [340/445] RMGM
[10:11:26] 🔄 Identity reset
[10:11:26] 🔄 Identity rotated (every 10 requests)
[10:11:27] [341/445] NOPL
[10:11:28] [342/445] MKJK
[10:11:29] [343/445] CVRN
[10:11:30] [344/445] MMEN
[10:11:31] [345/445] AMNG
[10:11:33] [346/445] INTM
[10:11:33] [347/445] SLCZ
[10:11:34] [348/445] AMJN
[10:11:35] [349/445] ACJN
[10:11:36] [350/445] AMKN
[10:11:37] 🔄 Identity reset
[10:11:37] 🔄 Identity rotated (every 10 requests)
[10:11:37] [351/445] BTCN
[10:11:38] [352/445] AMBT
[10:11:39] [353/445] PACN
[10:11:40] [354/445] LCNS
[10:11:40] [355/445] PPKC
[10:11:41] [356/445] JYYN
[10:11:43] [357/445] JTNR
[10:11:44] [358/445] GTEE
[10:11:44] [359/445] SRNM
[10:11:45] [360/445] SDTC
[10:11:46] 🔄 Identity reset
[10:11:46] 🔄 Identity rotated (every 10 requests)
[10:11:46] [361/445] VPCA
[10:11:47] [362/445] VLRA
[10:11:47] [363/445] SHKR
[10:11:48] [364/445] SBKD
[10:11:49] [365/445] SAAD
[10:11:49] [366/445] JTGN
[10:11:50] [367/445] SLAM
[10:11:51] [368/445] VTPM
[10:11:52] [369/445] ANPT
[10:11:52] [370/445] PUNB
[10:11:53] 🔄 Identity reset
[10:11:53] 🔄 Identity rotated (every 10 requests)
[10:11:53] [371/445] CPKT
[10:11:54] [372/445] CNWE
[10:11:55] [373/445] ECPP
[10:11:56] [374/445] CPAR
[10:11:57] [375/445] ESBW
[10:11:58] [376/445] PKPU
[10:11:58] [377/445] CPRP
[10:11:59] [378/445] RAHU
[10:12:00] [379/445] RHMN
[10:12:01] [380/445] FMJP
[10:12:01] 🔄 Identity reset
[10:12:01] 🔄 Identity rotated (every 10 requests)
[10:12:03] [381/445] CTMP
[10:12:04] [382/445] INPN
[10:12:04] [383/445] STTG
[10:12:05] [384/445] CTRD
[10:12:06] [385/445] PUVB
[10:12:07] [386/445] ESVP
[10:12:08] [387/445] CPFT
[10:12:09] [388/445] LCPC
[10:12:10] [389/445] VBCT
[10:12:11] [390/445] FSCW
[10:12:11] 🔄 Identity reset
[10:12:11] 🔄 Identity rotated (every 10 requests)
[10:12:12] [391/445] VCMP
[10:12:13] [392/445] ASHC
[10:12:13] [393/445] VLCX
[10:12:14] [394/445] SHEV
[10:12:15] [395/445] APCO
[10:12:16] [396/445] SILC
[10:12:16] [397/445] SNMR
[10:12:17] [398/445] KYBO
[10:12:18] [399/445] SATK
[10:12:18] [400/445] SSCS
[10:12:19] 🔄 Identity reset
[10:12:19] 🔄 Identity rotated (every 10 requests)
[10:12:19] [401/445] CLSB
[10:12:20] [402/445] KMJR
[10:12:21] [403/445] FSCK
[10:12:22] [404/445] NNKA
[10:12:23] [405/445] CLMK
[10:12:23] [406/445] DMPZ
[10:12:24] [407/445] INQM
[10:12:25] [408/445] CAML
[10:12:26] [409/445] INRK
[10:12:27] [410/445] IMKN
[10:12:28] 🔄 Identity reset
[10:12:28] 🔄 Identity rotated (every 10 requests)
[10:12:28] [411/445] SVNR
[10:12:29] [412/445] INSL
[10:12:30] [413/445] MSMA
[10:12:31] [414/445] MCKK
[10:12:31] [415/445] FCHP
[10:12:32] [416/445] SFCR
[10:12:33] [417/445] NACK
[10:12:34] [418/445] PVAK
[10:12:35] [419/445] INER
[10:12:36] [420/445] RDBK
[10:12:37] 🔄 Identity reset
[10:12:37] 🔄 Identity rotated (every 10 requests)
[10:12:37] [421/445] SVFN
[10:12:38] [422/445] IFRM
[10:12:39] [423/445] ATCK
[10:12:39] [424/445] ASKO
[10:12:40] [425/445] STKT
[10:12:41] [426/445] SVFB
[10:12:42] [427/445] INKS
[10:12:42] [428/445] PCRA
[10:12:44] [429/445] ATJA
[10:12:45] [430/445] IMJN
[10:12:46] 🔄 Identity reset
[10:12:46] 🔄 Identity rotated (every 10 requests)
[10:12:47] [431/445] INHD
[10:12:48] [432/445] BARA
[10:12:49] [433/445] MCSL
[10:12:50] [434/445] RTOY
[10:12:50] [435/445] MENO
[10:12:51] [436/445] PUDM
[10:12:52] [437/445] PRCN
[10:12:54] [438/445] JMJR
[10:12:54] [439/445] SSGK
[10:12:55] [440/445] SSRL
[10:12:56] 🔄 Identity reset
[10:12:56] 🔄 Identity rotated (every 10 requests)
[10:12:56] [441/445] JYKL
[10:12:57] [442/445] ACNB
[10:12:57] [443/445] SONP
[10:12:58] [444/445] EMCI
[10:12:59] [445/445] MRJH
[10:13:00] ✅ DONE | Shows=1167 | Movies=62
[11:06:30] 🚀 BMS DAILY TRACKER STARTED (enhanced anti‑detection)
[11:06:30] [1/445] TGMR
[11:06:30] 🧠 New identity created
[11:06:31] [2/445] CXKR
[11:06:32] [3/445] SROP
[11:06:33] [4/445] GTSV
[11:06:34] [5/445] SNTY
[11:06:35] [6/445] SMYY
[11:06:36] [7/445] CNCS
[11:06:37] [8/445] CSTM
[11:06:37] [9/445] NUCD
[11:06:38] [10/445] SHCZ
[11:06:39] 🔄 Identity reset
[11:06:39] 🔄 Identity rotated (every 10 requests)
[11:06:39] [11/445] NJCT
[11:06:40] [12/445] COPC
[11:06:41] [13/445] STVV
[11:06:42] [14/445] SKRN
[11:06:43] [15/445] APPZ
[11:06:43] [16/445] YMGN
[11:06:44] [17/445] SVTU
[11:06:45] [18/445] GTAD
[11:06:45] [19/445] PSUS
[11:06:46] [20/445] SMCD
[11:06:47] 🔄 Identity reset
[11:06:47] 🔄 Identity rotated (every 10 requests)
[11:06:47] [21/445] CMCM
[11:06:48] [22/445] SYCT
[11:06:49] [23/445] STLY
[11:06:51] [24/445] CMHU
[11:06:52] [25/445] CMSA
[11:06:52] [26/445] CLCU
[11:06:53] [27/445] PPNT
[11:06:54] [28/445] JTAB
[11:06:55] [29/445] BUUC
[11:06:56] [30/445] BSVK
[11:06:56] 🔄 Identity reset
[11:06:56] 🔄 Identity rotated (every 10 requests)
[11:06:56] [31/445] VVVQ
[11:06:58] [32/445] TKMU
[11:06:59] [33/445] ESYL
[11:07:00] [34/445] ACHP
[11:07:01] [35/445] BTKD
[11:07:01] [36/445] DESA
[11:07:02] [37/445] GBCT
[11:07:03] [38/445] BLLD
[11:07:05] [39/445] SKNT
[11:07:06] [40/445] SSTE
[11:07:07] 🔄 Identity reset
[11:07:07] 🔄 Identity rotated (every 10 requests)
[11:07:07] [41/445] VJMR
[11:07:08] [42/445] NTPU
[11:07:09] [43/445] RDKN
[11:07:10] [44/445] ADGC
[11:07:11] [45/445] VRBP
[11:07:11] [46/445] NMNA
[11:07:12] [47/445] CMMX
[11:07:13] [48/445] PTKO
[11:07:14] [49/445] RBML
[11:07:15] [50/445] SAIC
[11:07:15] 🔄 Identity reset
[11:07:16] 🔄 Identity rotated (every 10 requests)
[11:07:17] [51/445] SVTJ
[11:07:18] [52/445] MRTE
[11:07:18] [53/445] RBTP
[11:07:20] [54/445] NLPS
[11:07:20] [55/445] GTNA
[11:07:21] [56/445] DGGC
[11:07:23] [57/445] SMCR
[11:07:24] [58/445] SCGD
[11:07:25] [59/445] SRRJ
[11:07:26] [60/445] CNRY
[11:07:26] 🔄 Identity reset
[11:07:26] 🔄 Identity rotated (every 10 requests)
[11:07:26] [61/445] KTDI
[11:07:27] [62/445] SNJL
[11:07:28] [63/445] RKMD
[11:07:29] [64/445] SMDC
[11:07:30] [65/445] TADG
[11:07:31] [66/445] MCGS
[11:07:32] [67/445] PETK
[11:07:33] [68/445] CHAG
[11:07:34] [69/445] KSTL
[11:07:34] [70/445] AADS
[11:07:35] 🔄 Identity reset
[11:07:35] 🔄 Identity rotated (every 10 requests)
[11:07:35] [71/445] NTHZ
[11:07:36] [72/445] HCKI
[11:07:37] [73/445] SSEF
[11:07:38] [74/445] MCGX
[11:07:39] [75/445] ERRA
[11:07:41] [76/445] SDTW
[11:07:42] [77/445] RMPK
[11:07:43] [78/445] PTHK
[11:07:44] [79/445] PXCS
[11:07:45] [80/445] SVLU
[11:07:45] 🔄 Identity reset
[11:07:45] 🔄 Identity rotated (every 10 requests)
[11:07:46] [81/445] STAH
[11:07:47] [82/445] JRGF
[11:07:48] [83/445] CDOK
[11:07:49] [84/445] CMSG
[11:07:50] [85/445] APTD
[11:07:51] [86/445] KMPG
[11:07:53] [87/445] MUTJ
[11:07:53] [88/445] VCCI
[11:07:54] [89/445] URBE
[11:07:56] [90/445] TCTS
[11:07:56] 🔄 Identity reset
[11:07:56] 🔄 Identity rotated (every 10 requests)
[11:07:57] [91/445] STSN
[11:07:57] [92/445] AKCH
[11:07:58] [93/445] APSC
[11:07:59] [94/445] VLTB
[11:08:00] [95/445] SANU
[11:08:01] [96/445] AXAM
[11:08:02] [97/445] MGMG
[11:08:03] [98/445] HTBY
[11:08:04] [99/445] MMZS
[11:08:05] [100/445] SUDR
[11:08:06] 🔄 Identity reset
[11:08:06] 🔄 Identity rotated (every 10 requests)
[11:08:06] [101/445] CCAD
[11:08:06] [102/445] SKKC
[11:08:07] [103/445] RMCD
[11:08:09] [104/445] SBCQ
[11:08:10] [105/445] DCCT
[11:08:10] [106/445] VTKP
[11:08:11] [107/445] MLAM
[11:08:12] [108/445] SAVT
[11:08:14] [109/445] GEPL
[11:08:15] [110/445] AMCD
[11:08:15] 🔄 Identity reset
[11:08:15] 🔄 Identity rotated (every 10 requests)
[11:08:16] [111/445] CCXR
[11:08:17] [112/445] GRNG
[11:08:18] [113/445] EBCA
[11:08:19] [114/445] CNVG
[11:08:19] [115/445] MWSS
[11:08:20] [116/445] VBOR
[11:08:21] [117/445] NEEB
[11:08:22] [118/445] SUTH
[11:08:22] [119/445] ANDB
[11:08:23] [120/445] MMXS
[11:08:24] 🔄 Identity reset
[11:08:24] 🔄 Identity rotated (every 10 requests)
[11:08:24] [121/445] CNPD
[11:08:25] [122/445] SDCE
[11:08:27] [123/445] DHCB
[11:08:28] [124/445] ODEN
[11:08:29] [125/445] TNTC
[11:08:30] [126/445] VBKM
[11:08:31] [127/445] RZYM
[11:08:31] [128/445] JEMC
[11:08:33] [129/445] CMAU
[11:08:34] [130/445] SIVP
[11:08:34] 🔄 Identity reset
[11:08:34] 🔄 Identity rotated (every 10 requests)
[11:08:34] [131/445] ATAG
[11:08:36] [132/445] CHTM
[11:08:37] [133/445] AAEE
[11:08:38] [134/445] IWPM
[11:08:40] [135/445] KCMW
[11:08:41] [136/445] MCTD
[11:08:42] [137/445] SPWR
[11:08:43] [138/445] SDPO
[11:08:44] [139/445] PCSK
[11:08:45] [140/445] ACHV
[11:08:46] 🔄 Identity reset
[11:08:46] 🔄 Identity rotated (every 10 requests)
[11:08:47] [141/445] SVLA
[11:08:48] [142/445] PICT
[11:08:49] [143/445] BXDR
[11:08:51] [144/445] SPWA
[11:08:52] [145/445] MCKO
[11:08:53] [146/445] RTHK
[11:08:53] [147/445] CCMF
[11:08:55] [148/445] MRGB
[11:08:56] [149/445] CPLC
[11:08:56] [150/445] RACD
[11:08:57] 🔄 Identity reset
[11:08:57] 🔄 Identity rotated (every 10 requests)
[11:08:57] 🔄 Retry 1/5 for RACD in 2.1s
[11:08:57] 🔄 Identity reset
[11:08:59] 🧠 New identity created
[11:08:59] 🔄 Retry 2/5 for RACD in 4.7s
[11:08:59] 🔄 Identity reset
[11:09:04] 🧠 New identity created
[11:09:04] [151/445] ATKT
[11:09:05] [152/445] SARN
[11:09:05] [153/445] KKUI
[11:09:06] [154/445] RGCM
[11:09:07] [155/445] BRVP
[11:09:08] [156/445] HRSR
[11:09:09] [157/445] GKGM
[11:09:10] [158/445] TTCD
[11:09:10] 🔄 Identity reset
[11:09:11] 🔄 Identity rotated (every 10 requests)
[11:09:12] [159/445] PTTI
[11:09:12] [160/445] MPTT
[11:09:13] [161/445] CVTT
[11:09:14] [162/445] PCXD
[11:09:15] [163/445] GCDC
[11:09:16] [164/445] CCCF
[11:09:16] [165/445] MRAD
[11:09:17] [166/445] CPLK
[11:09:18] [167/445] SATB
[11:09:19] [168/445] SNVG
[11:09:19] 🔄 Identity reset
[11:09:19] 🔄 Identity rotated (every 10 requests)
[11:09:19] [169/445] JMBA
[11:09:20] [170/445] TEJA
[11:09:21] [171/445] STYO
[11:09:22] [172/445] JTBP
[11:09:22] [173/445] KRGD
[11:09:23] [174/445] SLJJ
[11:09:24] [175/445] SPTJ
[11:09:25] [176/445] SWJG
[11:09:26] [177/445] LKRT
[11:09:26] [178/445] KCKA
[11:09:27] 🔄 Identity reset
[11:09:27] 🔄 Identity rotated (every 10 requests)
[11:09:27] [179/445] SNCR
[11:09:28] [180/445] SMKL
[11:09:29] [181/445] GCFA
[11:09:29] [182/445] DDCK
[11:09:30] [183/445] NCHJ
[11:09:31] [184/445] RDMA
[11:09:32] [185/445] SVSV
[11:09:33] [186/445] SCJG
[11:09:34] [187/445] VKLP
[11:09:35] [188/445] NWCC
[11:09:35] 🔄 Identity reset
[11:09:35] 🔄 Identity rotated (every 10 requests)
[11:09:35] [189/445] VKNS
[11:09:36] [190/445] SDDP
[11:09:37] [191/445] ACSI
[11:09:38] [192/445] SATG
[11:09:39] [193/445] SCMW
[11:09:39] [194/445] LKTK
[11:09:40] [195/445] VCKV
[11:09:41] [196/445] KKPE
[11:09:42] [197/445] KIGH
[11:09:42] [198/445] SRPM
[11:09:43] 🔄 Identity reset
[11:09:43] 🔄 Identity rotated (every 10 requests)
[11:09:43] [199/445] SCAH
[11:09:45] [200/445] MUTA
[11:09:45] [201/445] SEPU
[11:09:46] [202/445] INOA
[11:09:47] [203/445] BASK
[11:09:47] [204/445] NECB
[11:09:49] [205/445] GTTG
[11:09:50] [206/445] ASSA
[11:09:51] [207/445] ANCL
[11:09:52] [208/445] GCTI
[11:09:53] 🔄 Identity reset
[11:09:53] 🔄 Identity rotated (every 10 requests)
[11:09:53] [209/445] RCTS
[11:09:54] [210/445] ACNL
[11:09:55] [211/445] MYCT
[11:09:56] [212/445] NMHT
[11:09:57] [213/445] MDIT
[11:09:57] [214/445] LATG
[11:09:58] [215/445] SMTY
[11:09:59] [216/445] CVCT
[11:10:01] [217/445] RAMB
[11:10:02] [218/445] TGMS
[11:10:03] 🔄 Identity reset
[11:10:03] 🔄 Identity rotated (every 10 requests)
[11:10:03] 🔄 Retry 1/5 for TGMS in 2.9s
[11:10:03] 🔄 Identity reset
[11:10:06] 🧠 New identity created
[11:10:06] [219/445] BHEL
[11:10:07] [220/445] SHCT
[11:10:07] [221/445] SVCT
[11:10:08] [222/445] MRIY
[11:10:09] [223/445] SARO
[11:10:10] [224/445] STCT
[11:10:10] [225/445] JKKC
[11:10:11] [226/445] PLTT
[11:10:12] [227/445] SRNT
[11:10:12] 🔄 Identity reset
[11:10:12] 🔄 Identity rotated (every 10 requests)
[11:10:13] [228/445] YAST
[11:10:14] [229/445] PERL
[11:10:15] [230/445] CICM
[11:10:16] [231/445] MMTR
[11:10:16] [232/445] ABTK
[11:10:18] [233/445] ATYY
[11:10:19] [234/445] ASTK
[11:10:21] [235/445] VVCK
[11:10:22] [236/445] ATKY
[11:10:23] [237/445] GWEK
[11:10:23] 🔄 Identity reset
[11:10:23] 🔄 Identity rotated (every 10 requests)
[11:10:23] 🔄 Retry 1/5 for GWEK in 2.2s
[11:10:23] 🔄 Identity reset
[11:10:25] 🧠 New identity created
[11:10:25] [238/445] SVFH
[11:10:26] [239/445] SLTA
[11:10:28] [240/445] AASH
[11:10:29] [241/445] ACXB
[11:10:30] [242/445] SMTX
[11:10:31] [243/445] AZDH
[11:10:32] [244/445] CMMH
[11:10:33] [245/445] SCSZ
[11:10:34] [246/445] SCKP
[11:10:34] 🔄 Identity reset
[11:10:34] 🔄 Identity rotated (every 10 requests)
[11:10:35] [247/445] NXTM
[11:10:35] [248/445] NWCS
[11:10:36] [249/445] CXMH
[11:10:37] [250/445] PCMA
[11:10:38] [251/445] SGCM
[11:10:38] [252/445] SDTU
[11:10:39] [253/445] MMVI
[11:10:40] [254/445] JKCM
[11:10:41] [255/445] VCMM
[11:10:42] [256/445] SYEE
[11:10:42] 🔄 Identity reset
[11:10:42] 🔄 Identity rotated (every 10 requests)
[11:10:42] [257/445] VASD
[11:10:44] [258/445] BDRB
[11:10:45] [259/445] LASM
[11:10:46] [260/445] DCRL
[11:10:46] [261/445] DVPM
[11:10:47] [262/445] SBMJ
[11:10:49] [263/445] CBMU
[11:10:50] [264/445] IUBS
[11:10:50] [265/445] INAP
[11:10:51] [266/445] SRRC
[11:10:52] 🔄 Identity reset
[11:10:52] 🔄 Identity rotated (every 10 requests)
[11:10:53] [267/445] SAGR
[11:10:54] [268/445] CPMJ
[11:10:56] [269/445] ATJL
[11:10:57] [270/445] NNTD
[11:10:58] [271/445] JHCJ
[11:10:59] [272/445] CMMP
[11:11:01] [273/445] RSDR
[11:11:01] [274/445] AMTI
[11:11:02] [275/445] NYSG
[11:11:03] [276/445] AVSG
[11:11:04] 🔄 Identity reset
[11:11:04] 🔄 Identity rotated (every 10 requests)
[11:11:04] [277/445] SYTP
[11:11:05] [278/445] LARC
[11:11:05] [279/445] RJTP
[11:11:06] [280/445] LAKC
[11:11:07] [281/445] MCXE
[11:11:08] [282/445] CCZC
[11:11:09] [283/445] AVCH
[11:11:11] [284/445] CMBE
[11:11:12] [285/445] MRRC
[11:11:13] [286/445] PCPY
[11:11:14] 🔄 Identity reset
[11:11:14] 🔄 Identity rotated (every 10 requests)
[11:11:14] [287/445] SRMH
[11:11:15] [288/445] SVGS
[11:11:16] [289/445] PCSE
[11:11:16] [290/445] SVFT
[11:11:17] [291/445] TNZP
[11:11:18] [292/445] ICTP
[11:11:20] [293/445] ACTZ
[11:11:20] [294/445] GTUR
[11:11:22] [295/445] MAFC
[11:11:23] [296/445] MINL
[11:11:24] 🔄 Identity reset
[11:11:24] 🔄 Identity rotated (every 10 requests)
[11:11:24] 🔄 Retry 1/5 for MINL in 2.1s
[11:11:24] 🔄 Identity reset
[11:11:26] 🧠 New identity created
[11:11:26] [297/445] MRCL
[11:11:27] [298/445] RCRP
[11:11:28] [299/445] RFFG
[11:11:28] [300/445] RMAS
[11:11:29] [301/445] INVR
[11:11:30] [302/445] RMAR
[11:11:30] [303/445] CNIS
[11:11:31] [304/445] RHRJ
[11:11:33] [305/445] INXR
[11:11:34] 🔄 Identity reset
[11:11:34] 🔄 Identity rotated (every 10 requests)
[11:11:34] [306/445] VALT
[11:11:35] [307/445] LCSH
[11:11:37] [308/445] CMVS
[11:11:39] [309/445] CNMS
[11:11:39] [310/445] ROOG
[11:11:40] [311/445] ISRM
[11:11:41] [312/445] RCRM
[11:11:42] [313/445] ACJA
[11:11:43] [314/445] RCVS
[11:11:44] [315/445] CPUS
[11:11:44] 🔄 Identity reset
[11:11:44] 🔄 Identity rotated (every 10 requests)
[11:11:45] [316/445] TGCS
[11:11:46] [317/445] RKCJ
[11:11:46] [318/445] MKSB
[11:11:47] [319/445] TCSJ
[11:11:48] [320/445] RMGP
[11:11:49] [321/445] CLLP
[11:11:50] [322/445] RCMV
[11:11:51] [323/445] CCKS
[11:11:52] [324/445] RSRP
[11:11:53] [325/445] APLP
[11:11:54] 🔄 Identity reset
[11:11:54] 🔄 Identity rotated (every 10 requests)
[11:11:54] [326/445] CNVS
[11:11:55] [327/445] RMVY
[11:11:56] [328/445] PGBD
[11:11:57] [329/445] KLMS
[11:11:58] [330/445] RUST
[11:12:00] [331/445] MASM
[11:12:01] [332/445] BACS
[11:12:02] [333/445] BWST
[11:12:02] [334/445] RRFH
[11:12:03] [335/445] SJTM
[11:12:04] 🔄 Identity reset
[11:12:04] 🔄 Identity rotated (every 10 requests)
[11:12:04] [336/445] BEMR
[11:12:05] [337/445] MCGR
[11:12:07] [338/445] SDSK
[11:12:08] [339/445] VBOL
[11:12:08] [340/445] RMGM
[11:12:09] [341/445] NOPL
[11:12:10] [342/445] MKJK
[11:12:11] [343/445] CVRN
[11:12:12] [344/445] MMEN
[11:12:13] [345/445] AMNG
[11:12:14] 🔄 Identity reset
[11:12:14] 🔄 Identity rotated (every 10 requests)
[11:12:14] [346/445] INTM
[11:12:15] [347/445] SLCZ
[11:12:16] [348/445] AMJN
[11:12:16] [349/445] ACJN
[11:12:17] [350/445] AMKN
[11:12:18] [351/445] BTCN
[11:12:19] [352/445] AMBT
[11:12:20] [353/445] PACN
[11:12:21] [354/445] LCNS
[11:12:22] [355/445] PPKC
[11:12:22] 🔄 Identity reset
[11:12:23] 🔄 Identity rotated (every 10 requests)
[11:12:23] [356/445] JYYN
[11:12:25] [357/445] JTNR
[11:12:26] [358/445] GTEE
[11:12:28] [359/445] SRNM
[11:12:29] [360/445] SDTC
[11:12:31] [361/445] VPCA
[11:12:31] [362/445] VLRA
[11:12:33] [363/445] SHKR
[11:12:33] [364/445] SBKD
[11:12:34] [365/445] SAAD
[11:12:35] 🔄 Identity reset
[11:12:35] 🔄 Identity rotated (every 10 requests)
[11:12:35] [366/445] JTGN
[11:12:36] [367/445] SLAM
[11:12:36] [368/445] VTPM
[11:12:38] [369/445] ANPT
[11:12:40] [370/445] PUNB
[11:12:41] [371/445] CPKT
[11:12:41] [372/445] CNWE
[11:12:43] [373/445] ECPP
[11:12:44] [374/445] CPAR
[11:12:45] [375/445] ESBW
[11:12:45] 🔄 Identity reset
[11:12:45] 🔄 Identity rotated (every 10 requests)
[11:12:46] [376/445] PKPU
[11:12:46] [377/445] CPRP
[11:12:47] [378/445] RAHU
[11:12:48] [379/445] RHMN
[11:12:50] [380/445] FMJP
[11:12:51] [381/445] CTMP
[11:12:51] [382/445] INPN
[11:12:53] [383/445] STTG
[11:12:54] [384/445] CTRD
[11:12:55] [385/445] PUVB
[11:12:56] 🔄 Identity reset
[11:12:56] 🔄 Identity rotated (every 10 requests)
[11:12:57] [386/445] ESVP
[11:12:58] [387/445] CPFT
[11:12:59] [388/445] LCPC
[11:13:00] [389/445] VBCT
[11:13:01] [390/445] FSCW
[11:13:02] [391/445] VCMP
[11:13:04] [392/445] ASHC
[11:13:06] [393/445] VLCX
[11:13:07] [394/445] SHEV
[11:13:07] [395/445] APCO
[11:13:08] 🔄 Identity reset
[11:13:08] 🔄 Identity rotated (every 10 requests)
[11:13:09] [396/445] SILC
[11:13:10] [397/445] SNMR
[11:13:10] [398/445] KYBO
[11:13:12] [399/445] SATK
[11:13:12] [400/445] SSCS
[11:13:13] [401/445] CLSB
[11:13:14] [402/445] KMJR
[11:13:15] [403/445] FSCK
[11:13:16] [404/445] NNKA
[11:13:17] [405/445] CLMK
[11:13:18] 🔄 Identity reset
[11:13:18] 🔄 Identity rotated (every 10 requests)
[11:13:19] [406/445] DMPZ
[11:13:20] [407/445] INQM
[11:13:21] [408/445] CAML
[11:13:22] [409/445] INRK
[11:13:23] [410/445] IMKN
[11:13:24] [411/445] SVNR
[11:13:25] [412/445] INSL
[11:13:26] [413/445] MSMA
[11:13:27] [414/445] MCKK
[11:13:28] [415/445] FCHP
[11:13:29] 🔄 Identity reset
[11:13:29] 🔄 Identity rotated (every 10 requests)
[11:13:29] [416/445] SFCR
[11:13:30] [417/445] NACK
[11:13:31] [418/445] PVAK
[11:13:32] [419/445] INER
[11:13:33] [420/445] RDBK
[11:13:33] [421/445] SVFN
[11:13:35] [422/445] IFRM
[11:13:36] [423/445] ATCK
[11:13:36] [424/445] ASKO
[11:13:38] [425/445] STKT
[11:13:38] 🔄 Identity reset
[11:13:38] 🔄 Identity rotated (every 10 requests)
[11:13:39] [426/445] SVFB
[11:13:39] [427/445] INKS
[11:13:40] [428/445] PCRA
[11:13:41] [429/445] ATJA
[11:13:43] [430/445] IMJN
[11:13:44] [431/445] INHD
[11:13:45] [432/445] BARA
[11:13:46] [433/445] MCSL
[11:13:48] [434/445] RTOY
[11:13:49] [435/445] MENO
[11:13:49] 🔄 Identity reset
[11:13:49] 🔄 Identity rotated (every 10 requests)
[11:13:49] [436/445] PUDM
[11:13:50] [437/445] PRCN
[11:13:51] [438/445] JMJR
[11:13:52] [439/445] SSGK
[11:13:53] [440/445] SSRL
[11:13:54] [441/445] JYKL
[11:13:54] [442/445] ACNB
[11:13:56] [443/445] SONP
[11:13:57] [444/445] EMCI
[11:13:58] [445/445] MRJH
[11:13:59] 🔄 Identity reset
[11:13:59] 🔄 Identity rotated (every 10 requests)
[11:13:59] ✅ DONE | Shows=1473 | Movies=64
[12:06:38] 🚀 BMS DAILY TRACKER STARTED (enhanced anti‑detection)
[12:06:38] [1/445] TGMR
[12:06:38] 🧠 New identity created
[12:06:39] [2/445] CXKR
[12:06:40] [3/445] SROP
[12:06:41] [4/445] GTSV
[12:06:41] [5/445] SNTY
[12:06:42] [6/445] SMYY
[12:06:43] [7/445] CNCS
[12:06:44] [8/445] CSTM
[12:06:44] [9/445] NUCD
[12:06:45] [10/445] SHCZ
[12:06:46] 🔄 Identity reset
[12:06:46] 🔄 Identity rotated (every 10 requests)
[12:06:46] [11/445] NJCT
[12:06:47] [12/445] COPC
[12:06:47] [13/445] STVV
[12:06:48] [14/445] SKRN
[12:06:49] [15/445] APPZ
[12:06:50] [16/445] YMGN
[12:06:51] [17/445] SVTU
[12:06:51] [18/445] GTAD
[12:06:52] [19/445] PSUS
[12:06:54] [20/445] SMCD
[12:06:54] 🔄 Identity reset
[12:06:54] 🔄 Identity rotated (every 10 requests)
[12:06:55] [21/445] CMCM
[12:06:55] [22/445] SYCT
[12:06:56] [23/445] STLY
[12:06:57] [24/445] CMHU
[12:06:58] [25/445] CMSA
[12:06:59] [26/445] CLCU
[12:07:00] [27/445] PPNT
[12:07:01] [28/445] JTAB
[12:07:02] [29/445] BUUC
[12:07:03] [30/445] BSVK
[12:07:03] 🔄 Identity reset
[12:07:03] 🔄 Identity rotated (every 10 requests)
[12:07:03] [31/445] VVVQ
[12:07:04] [32/445] TKMU
[12:07:06] [33/445] ESYL
[12:07:06] [34/445] ACHP
[12:07:07] [35/445] BTKD
[12:07:08] [36/445] DESA
[12:07:08] [37/445] GBCT
[12:07:09] [38/445] BLLD
[12:07:10] [39/445] SKNT
[12:07:12] [40/445] SSTE
[12:07:12] 🔄 Identity reset
[12:07:12] 🔄 Identity rotated (every 10 requests)
[12:07:12] [41/445] VJMR
[12:07:13] [42/445] NTPU
[12:07:14] [43/445] RDKN
[12:07:15] [44/445] ADGC
[12:07:16] [45/445] VRBP
[12:07:17] [46/445] NMNA
[12:07:18] [47/445] CMMX
[12:07:19] [48/445] PTKO
[12:07:20] [49/445] RBML
[12:07:20] [50/445] SAIC
[12:07:21] 🔄 Identity reset
[12:07:21] 🔄 Identity rotated (every 10 requests)
[12:07:22] [51/445] SVTJ
[12:07:22] [52/445] MRTE
[12:07:23] [53/445] RBTP
[12:07:24] [54/445] NLPS
[12:07:25] [55/445] GTNA
[12:07:26] [56/445] DGGC
[12:07:27] [57/445] SMCR
[12:07:28] [58/445] SCGD
[12:07:29] [59/445] SRRJ
[12:07:30] [60/445] CNRY
[12:07:31] 🔄 Identity reset
[12:07:31] 🔄 Identity rotated (every 10 requests)
[12:07:31] [61/445] KTDI
[12:07:32] [62/445] SNJL
[12:07:33] [63/445] RKMD
[12:07:34] [64/445] SMDC
[12:07:35] [65/445] TADG
[12:07:36] [66/445] MCGS
[12:07:37] [67/445] PETK
[12:07:37] [68/445] CHAG
[12:07:38] [69/445] KSTL
[12:07:38] [70/445] AADS
[12:07:39] 🔄 Identity reset
[12:07:39] 🔄 Identity rotated (every 10 requests)
[12:07:39] [71/445] NTHZ
[12:07:40] [72/445] HCKI
[12:07:41] [73/445] SSEF
[12:07:41] [74/445] MCGX
[12:07:43] [75/445] ERRA
[12:07:45] [76/445] SDTW
[12:07:45] [77/445] RMPK
[12:07:46] [78/445] PTHK
[12:07:47] [79/445] PXCS
[12:07:47] [80/445] SVLU
[12:07:48] 🔄 Identity reset
[12:07:48] 🔄 Identity rotated (every 10 requests)
[12:07:48] [81/445] STAH
[12:07:50] [82/445] JRGF
[12:07:50] [83/445] CDOK
[12:07:51] [84/445] CMSG
[12:07:52] [85/445] APTD
[12:07:52] [86/445] KMPG
[12:07:53] [87/445] MUTJ
[12:07:54] [88/445] VCCI
[12:07:55] [89/445] URBE
[12:07:56] [90/445] TCTS
[12:07:57] 🔄 Identity reset
[12:07:57] 🔄 Identity rotated (every 10 requests)
[12:07:57] [91/445] STSN
[12:07:58] [92/445] AKCH
[12:07:59] [93/445] APSC
[12:08:00] [94/445] VLTB
[12:08:00] [95/445] SANU
[12:08:01] [96/445] AXAM
[12:08:02] [97/445] MGMG
[12:08:03] [98/445] HTBY
[12:08:04] [99/445] MMZS
[12:08:05] [100/445] SUDR
[12:08:05] 🔄 Identity reset
[12:08:05] 🔄 Identity rotated (every 10 requests)
[12:08:06] [101/445] CCAD
[12:08:06] [102/445] SKKC
[12:08:07] [103/445] RMCD
[12:08:08] [104/445] SBCQ
[12:08:09] [105/445] DCCT
[12:08:10] [106/445] VTKP
[12:08:11] [107/445] MLAM
[12:08:11] [108/445] SAVT
[12:08:12] [109/445] GEPL
[12:08:13] [110/445] AMCD
[12:08:14] 🔄 Identity reset
[12:08:14] 🔄 Identity rotated (every 10 requests)
[12:08:14] [111/445] CCXR
[12:08:16] [112/445] GRNG
[12:08:17] [113/445] EBCA
[12:08:18] [114/445] CNVG
[12:08:18] [115/445] MWSS
[12:08:19] [116/445] VBOR
[12:08:20] [117/445] NEEB
[12:08:21] [118/445] SUTH
[12:08:22] [119/445] ANDB
[12:08:23] [120/445] MMXS
[12:08:23] 🔄 Identity reset
[12:08:23] 🔄 Identity rotated (every 10 requests)
[12:08:23] [121/445] CNPD
[12:08:24] [122/445] SDCE
[12:08:25] [123/445] DHCB
[12:08:26] [124/445] ODEN
[12:08:26] [125/445] TNTC
[12:08:27] [126/445] VBKM
[12:08:28] [127/445] RZYM
[12:08:28] [128/445] JEMC
[12:08:29] [129/445] CMAU
[12:08:30] [130/445] SIVP
[12:08:30] 🔄 Identity reset
[12:08:30] 🔄 Identity rotated (every 10 requests)
[12:08:30] 🔄 Retry 1/5 for SIVP in 2.6s
[12:08:30] 🔄 Identity reset
[12:08:33] 🧠 New identity created
[12:08:33] [131/445] ATAG
[12:08:34] [132/445] CHTM
[12:08:35] [133/445] AAEE
[12:08:36] [134/445] IWPM
[12:08:36] [135/445] KCMW
[12:08:37] [136/445] MCTD
[12:08:38] [137/445] SPWR
[12:08:38] [138/445] SDPO
[12:08:39] [139/445] PCSK
[12:08:40] 🔄 Identity reset
[12:08:40] 🔄 Identity rotated (every 10 requests)
[12:08:40] [140/445] ACHV
[12:08:41] [141/445] SVLA
[12:08:42] [142/445] PICT
[12:08:42] [143/445] BXDR
[12:08:43] [144/445] SPWA
[12:08:44] [145/445] MCKO
[12:08:44] [146/445] RTHK
[12:08:46] [147/445] CCMF
[12:08:47] [148/445] MRGB
[12:08:47] [149/445] CPLC
[12:08:48] 🔄 Identity reset
[12:08:48] 🔄 Identity rotated (every 10 requests)
[12:08:48] [150/445] RACD
[12:08:50] [151/445] ATKT
[12:08:50] [152/445] SARN
[12:08:51] [153/445] KKUI
[12:08:52] [154/445] RGCM
[12:08:52] [155/445] BRVP
[12:08:53] [156/445] HRSR
[12:08:54] [157/445] GKGM
[12:08:54] [158/445] TTCD
[12:08:55] [159/445] PTTI
[12:08:56] 🔄 Identity reset
[12:08:56] 🔄 Identity rotated (every 10 requests)
[12:08:56] [160/445] MPTT
[12:08:57] [161/445] CVTT
[12:08:58] [162/445] PCXD
[12:08:58] [163/445] GCDC
[12:08:59] [164/445] CCCF
[12:09:00] [165/445] MRAD
[12:09:01] [166/445] CPLK
[12:09:01] [167/445] SATB
[12:09:02] [168/445] SNVG
[12:09:04] [169/445] JMBA
[12:09:04] 🔄 Identity reset
[12:09:04] 🔄 Identity rotated (every 10 requests)
[12:09:04] [170/445] TEJA
[12:09:05] [171/445] STYO
[12:09:06] [172/445] JTBP
[12:09:06] [173/445] KRGD
[12:09:07] [174/445] SLJJ
[12:09:08] [175/445] SPTJ
[12:09:08] [176/445] SWJG
[12:09:10] [177/445] LKRT
[12:09:11] [178/445] KCKA
[12:09:11] [179/445] SNCR
[12:09:12] 🔄 Identity reset
[12:09:12] 🔄 Identity rotated (every 10 requests)
[12:09:12] [180/445] SMKL
[12:09:13] [181/445] GCFA
[12:09:13] [182/445] DDCK
[12:09:15] [183/445] NCHJ
[12:09:15] [184/445] RDMA
[12:09:17] [185/445] SVSV
[12:09:18] [186/445] SCJG
[12:09:18] [187/445] VKLP
[12:09:19] [188/445] NWCC
[12:09:20] [189/445] VKNS
[12:09:21] 🔄 Identity reset
[12:09:21] 🔄 Identity rotated (every 10 requests)
[12:09:21] [190/445] SDDP
[12:09:22] [191/445] ACSI
[12:09:22] [192/445] SATG
[12:09:23] [193/445] SCMW
[12:09:24] [194/445] LKTK
[12:09:25] [195/445] VCKV
[12:09:25] [196/445] KKPE
[12:09:26] [197/445] KIGH
[12:09:27] [198/445] SRPM
[12:09:28] [199/445] SCAH
[12:09:28] 🔄 Identity reset
[12:09:28] 🔄 Identity rotated (every 10 requests)
[12:09:28] [200/445] MUTA
[12:09:30] [201/445] SEPU
[12:09:30] [202/445] INOA
[12:09:31] [203/445] BASK
[12:09:32] [204/445] NECB
[12:09:33] [205/445] GTTG
[12:09:33] [206/445] ASSA
[12:09:35] [207/445] ANCL
[12:09:36] [208/445] GCTI
[12:09:36] [209/445] RCTS
[12:09:37] 🔄 Identity reset
[12:09:37] 🔄 Identity rotated (every 10 requests)
[12:09:37] [210/445] ACNL
[12:09:38] [211/445] MYCT
[12:09:39] [212/445] NMHT
[12:09:39] [213/445] MDIT
[12:09:40] [214/445] LATG
[12:09:41] [215/445] SMTY
[12:09:41] [216/445] CVCT
[12:09:42] [217/445] RAMB
[12:09:43] [218/445] TGMS
[12:09:44] [219/445] BHEL
[12:09:44] 🔄 Identity reset
[12:09:44] 🔄 Identity rotated (every 10 requests)
[12:09:45] [220/445] SHCT
[12:09:46] [221/445] SVCT
[12:09:46] [222/445] MRIY
[12:09:47] [223/445] SARO
[12:09:48] [224/445] STCT
[12:09:49] [225/445] JKKC
[12:09:50] [226/445] PLTT
[12:09:50] [227/445] SRNT
[12:09:51] [228/445] YAST
[12:09:51] [229/445] PERL
[12:09:52] 🔄 Identity reset
[12:09:52] 🔄 Identity rotated (every 10 requests)
[12:09:52] [230/445] CICM
[12:09:53] [231/445] MMTR
[12:09:54] [232/445] ABTK
[12:09:55] [233/445] ATYY
[12:09:55] [234/445] ASTK
[12:09:56] [235/445] VVCK
[12:09:57] [236/445] ATKY
[12:09:58] [237/445] GWEK
[12:09:58] [238/445] SVFH
[12:09:59] [239/445] SLTA
[12:09:59] 🔄 Identity reset
[12:09:59] 🔄 Identity rotated (every 10 requests)
[12:10:00] [240/445] AASH
[12:10:01] [241/445] ACXB
[12:10:02] [242/445] SMTX
[12:10:03] [243/445] AZDH
[12:10:04] [244/445] CMMH
[12:10:05] [245/445] SCSZ
[12:10:06] [246/445] SCKP
[12:10:06] [247/445] NXTM
[12:10:07] [248/445] NWCS
[12:10:08] [249/445] CXMH
[12:10:08] 🔄 Identity reset
[12:10:08] 🔄 Identity rotated (every 10 requests)
[12:10:09] [250/445] PCMA
[12:10:10] [251/445] SGCM
[12:10:11] [252/445] SDTU
[12:10:12] [253/445] MMVI
[12:10:13] [254/445] JKCM
[12:10:14] [255/445] VCMM
[12:10:15] [256/445] SYEE
[12:10:15] [257/445] VASD
[12:10:17] [258/445] BDRB
[12:10:18] [259/445] LASM
[12:10:18] 🔄 Identity reset
[12:10:18] 🔄 Identity rotated (every 10 requests)
[12:10:19] [260/445] DCRL
[12:10:20] [261/445] DVPM
[12:10:21] [262/445] SBMJ
[12:10:22] [263/445] CBMU
[12:10:23] [264/445] IUBS
[12:10:25] [265/445] INAP
[12:10:26] [266/445] SRRC
[12:10:27] [267/445] SAGR
[12:10:28] [268/445] CPMJ
[12:10:29] [269/445] ATJL
[12:10:29] 🔄 Identity reset
[12:10:29] 🔄 Identity rotated (every 10 requests)
[12:10:29] [270/445] NNTD
[12:10:30] [271/445] JHCJ
[12:10:32] [272/445] CMMP
[12:10:33] [273/445] RSDR
[12:10:33] [274/445] AMTI
[12:10:34] [275/445] NYSG
[12:10:35] [276/445] AVSG
[12:10:36] [277/445] SYTP
[12:10:37] [278/445] LARC
[12:10:38] [279/445] RJTP
[12:10:39] 🔄 Identity reset
[12:10:39] 🔄 Identity rotated (every 10 requests)
[12:10:39] [280/445] LAKC
[12:10:40] [281/445] MCXE
[12:10:40] [282/445] CCZC
[12:10:41] [283/445] AVCH
[12:10:42] [284/445] CMBE
[12:10:43] [285/445] MRRC
[12:10:44] [286/445] PCPY
[12:10:45] [287/445] SRMH
[12:10:46] [288/445] SVGS
[12:10:47] [289/445] PCSE
[12:10:47] 🔄 Identity reset
[12:10:47] 🔄 Identity rotated (every 10 requests)
[12:10:47] 🔄 Retry 1/5 for PCSE in 2.7s
[12:10:47] 🔄 Identity reset
[12:10:50] 🧠 New identity created
[12:10:50] [290/445] SVFT
[12:10:51] [291/445] TNZP
[12:10:52] [292/445] ICTP
[12:10:52] [293/445] ACTZ
[12:10:53] [294/445] GTUR
[12:10:54] [295/445] MAFC
[12:10:55] [296/445] MINL
[12:10:55] [297/445] MRCL
[12:10:56] [298/445] RCRP
[12:10:57] 🔄 Identity reset
[12:10:57] 🔄 Identity rotated (every 10 requests)
[12:10:57] [299/445] RFFG
[12:10:58] [300/445] RMAS
[12:10:59] [301/445] INVR
[12:11:00] [302/445] RMAR
[12:11:00] [303/445] CNIS
[12:11:01] [304/445] RHRJ
[12:11:03] [305/445] INXR
[12:11:04] [306/445] VALT
[12:11:05] [307/445] LCSH
[12:11:06] [308/445] CMVS
[12:11:07] 🔄 Identity reset
[12:11:07] 🔄 Identity rotated (every 10 requests)
[12:11:08] [309/445] CNMS
[12:11:09] [310/445] ROOG
[12:11:10] [311/445] ISRM
[12:11:11] [312/445] RCRM
[12:11:12] [313/445] ACJA
[12:11:12] [314/445] RCVS
[12:11:13] [315/445] CPUS
[12:11:15] [316/445] TGCS
[12:11:16] [317/445] RKCJ
[12:11:16] [318/445] MKSB
[12:11:17] 🔄 Identity reset
[12:11:17] 🔄 Identity rotated (every 10 requests)
[12:11:17] [319/445] TCSJ
[12:11:18] [320/445] RMGP
[12:11:18] [321/445] CLLP
[12:11:19] [322/445] RCMV
[12:11:20] [323/445] CCKS
[12:11:21] [324/445] RSRP
[12:11:21] [325/445] APLP
[12:11:22] [326/445] CNVS
[12:11:23] [327/445] RMVY
[12:11:24] [328/445] PGBD
[12:11:25] 🔄 Identity reset
[12:11:25] 🔄 Identity rotated (every 10 requests)
[12:11:25] [329/445] KLMS
[12:11:26] [330/445] RUST
[12:11:26] [331/445] MASM
[12:11:27] [332/445] BACS
[12:11:28] [333/445] BWST
[12:11:29] [334/445] RRFH
[12:11:29] [335/445] SJTM
[12:11:30] [336/445] BEMR
[12:11:31] [337/445] MCGR
[12:11:32] [338/445] SDSK
[12:11:32] 🔄 Identity reset
[12:11:32] 🔄 Identity rotated (every 10 requests)
[12:11:32] [339/445] VBOL
[12:11:33] [340/445] RMGM
[12:11:34] [341/445] NOPL
[12:11:35] [342/445] MKJK
[12:11:37] [343/445] CVRN
[12:11:38] [344/445] MMEN
[12:11:38] [345/445] AMNG
[12:11:39] [346/445] INTM
[12:11:40] [347/445] SLCZ
[12:11:40] [348/445] AMJN
[12:11:41] 🔄 Identity reset
[12:11:41] 🔄 Identity rotated (every 10 requests)
[12:11:42] [349/445] ACJN
[12:11:44] [350/445] AMKN
[12:11:44] [351/445] BTCN
[12:11:45] [352/445] AMBT
[12:11:47] [353/445] PACN
[12:11:48] [354/445] LCNS
[12:11:49] [355/445] PPKC
[12:11:50] [356/445] JYYN
[12:11:51] [357/445] JTNR
[12:11:53] [358/445] GTEE
[12:11:53] 🔄 Identity reset
[12:11:53] 🔄 Identity rotated (every 10 requests)
[12:11:54] [359/445] SRNM
[12:11:55] [360/445] SDTC
[12:11:56] [361/445] VPCA
[12:11:57] [362/445] VLRA
[12:11:58] [363/445] SHKR
[12:11:59] [364/445] SBKD
[12:12:00] [365/445] SAAD
[12:12:01] [366/445] JTGN
[12:12:02] [367/445] SLAM
[12:12:03] [368/445] VTPM
[12:12:03] 🔄 Identity reset
[12:12:03] 🔄 Identity rotated (every 10 requests)
[12:12:04] [369/445] ANPT
[12:12:06] [370/445] PUNB
[12:12:06] [371/445] CPKT
[12:12:07] [372/445] CNWE
[12:12:08] [373/445] ECPP
[12:12:09] [374/445] CPAR
[12:12:10] [375/445] ESBW
[12:12:11] [376/445] PKPU
[12:12:11] [377/445] CPRP
[12:12:12] [378/445] RAHU
[12:12:13] 🔄 Identity reset
[12:12:13] 🔄 Identity rotated (every 10 requests)
[12:12:14] [379/445] RHMN
[12:12:15] [380/445] FMJP
[12:12:15] [381/445] CTMP
[12:12:16] [382/445] INPN
[12:12:17] [383/445] STTG
[12:12:17] [384/445] CTRD
[12:12:19] [385/445] PUVB
[12:12:21] [386/445] ESVP
[12:12:22] [387/445] CPFT
[12:12:22] [388/445] LCPC
[12:12:23] 🔄 Identity reset
[12:12:23] 🔄 Identity rotated (every 10 requests)
[12:12:23] [389/445] VBCT
[12:12:25] [390/445] FSCW
[12:12:26] [391/445] VCMP
[12:12:27] [392/445] ASHC
[12:12:28] [393/445] VLCX
[12:12:28] [394/445] SHEV
[12:12:29] [395/445] APCO
[12:12:30] [396/445] SILC
[12:12:30] [397/445] SNMR
[12:12:31] [398/445] KYBO
[12:12:32] 🔄 Identity reset
[12:12:32] 🔄 Identity rotated (every 10 requests)
[12:12:32] 🔄 Retry 1/5 for KYBO in 2.9s
[12:12:32] 🔄 Identity reset
[12:12:35] 🧠 New identity created
[12:12:36] [399/445] SATK
[12:12:36] [400/445] SSCS
[12:12:37] [401/445] CLSB
[12:12:38] [402/445] KMJR
[12:12:39] [403/445] FSCK
[12:12:40] [404/445] NNKA
[12:12:41] [405/445] CLMK
[12:12:43] [406/445] DMPZ
[12:12:44] [407/445] INQM
[12:12:44] 🔄 Identity reset
[12:12:44] 🔄 Identity rotated (every 10 requests)
[12:12:45] [408/445] CAML
[12:12:46] [409/445] INRK
[12:12:48] [410/445] IMKN
[12:12:49] [411/445] SVNR
[12:12:50] [412/445] INSL
[12:12:51] [413/445] MSMA
[12:12:51] [414/445] MCKK
[12:12:53] [415/445] FCHP
[12:12:54] [416/445] SFCR
[12:12:55] [417/445] NACK
[12:12:55] 🔄 Identity reset
[12:12:55] 🔄 Identity rotated (every 10 requests)
[12:12:56] [418/445] PVAK
[12:12:57] [419/445] INER
[12:12:58] [420/445] RDBK
[12:12:58] [421/445] SVFN
[12:13:00] [422/445] IFRM
[12:13:01] [423/445] ATCK
[12:13:02] [424/445] ASKO
[12:13:03] [425/445] STKT
[12:13:04] [426/445] SVFB
[12:13:05] [427/445] INKS
[12:13:05] 🔄 Identity reset
[12:13:05] 🔄 Identity rotated (every 10 requests)
[12:13:06] [428/445] PCRA
[12:13:07] [429/445] ATJA
[12:13:08] [430/445] IMJN
[12:13:09] [431/445] INHD
[12:13:10] [432/445] BARA
[12:13:11] [433/445] MCSL
[12:13:12] [434/445] RTOY
[12:13:13] [435/445] MENO
[12:13:14] [436/445] PUDM
[12:13:15] [437/445] PRCN
[12:13:16] 🔄 Identity reset
[12:13:16] 🔄 Identity rotated (every 10 requests)
[12:13:16] [438/445] JMJR
[12:13:17] [439/445] SSGK
[12:13:18] [440/445] SSRL
[12:13:19] [441/445] JYKL
[12:13:20] [442/445] ACNB
[12:13:21] [443/445] SONP
[12:13:22] [444/445] EMCI
[12:13:23] [445/445] MRJH
[12:13:24] ✅ DONE | Shows=1743 | Movies=67
[12:56:42] 🚀 BMS DAILY TRACKER STARTED (enhanced anti‑detection)
[12:56:42] [1/445] TGMR
[12:56:42] 🧠 New identity created
[12:56:42] [2/445] CXKR
[12:56:43] [3/445] SROP
[12:56:44] [4/445] GTSV
[12:56:45] [5/445] SNTY
[12:56:46] [6/445] SMYY
[12:56:47] [7/445] CNCS
[12:56:48] [8/445] CSTM
[12:56:48] [9/445] NUCD
[12:56:49] [10/445] SHCZ
[12:56:50] 🔄 Identity reset
[12:56:50] 🔄 Identity rotated (every 10 requests)
[12:56:50] [11/445] NJCT
[12:56:51] [12/445] COPC
[12:56:52] [13/445] STVV
[12:56:53] [14/445] SKRN
[12:56:54] [15/445] APPZ
[12:56:55] [16/445] YMGN
[12:56:56] [17/445] SVTU
[12:56:56] [18/445] GTAD
[12:56:57] [19/445] PSUS
[12:56:58] [20/445] SMCD
[12:56:59] 🔄 Identity reset
[12:56:59] 🔄 Identity rotated (every 10 requests)
[12:56:59] 🔄 Retry 1/5 for SMCD in 2.6s
[12:56:59] 🔄 Identity reset
[12:57:01] 🧠 New identity created
[12:57:02] [21/445] CMCM
[12:57:02] [22/445] SYCT
[12:57:03] [23/445] STLY
[12:57:04] [24/445] CMHU
[12:57:05] [25/445] CMSA
[12:57:06] [26/445] CLCU
[12:57:07] [27/445] PPNT
[12:57:08] [28/445] JTAB
[12:57:09] [29/445] BUUC
[12:57:10] 🔄 Identity reset
[12:57:10] 🔄 Identity rotated (every 10 requests)
[12:57:10] [30/445] BSVK
[12:57:11] [31/445] VVVQ
[12:57:12] [32/445] TKMU
[12:57:13] [33/445] ESYL
[12:57:14] [34/445] ACHP
[12:57:15] [35/445] BTKD
[12:57:16] [36/445] DESA
[12:57:17] [37/445] GBCT
[12:57:18] [38/445] BLLD
[12:57:19] [39/445] SKNT
[12:57:19] 🔄 Identity reset
[12:57:19] 🔄 Identity rotated (every 10 requests)
[12:57:20] [40/445] SSTE
[12:57:21] [41/445] VJMR
[12:57:22] [42/445] NTPU
[12:57:23] [43/445] RDKN
[12:57:24] [44/445] ADGC
[12:57:25] [45/445] VRBP
[12:57:26] [46/445] NMNA
[12:57:27] [47/445] CMMX
[12:57:28] [48/445] PTKO
[12:57:29] [49/445] RBML
[12:57:30] 🔄 Identity reset
[12:57:30] 🔄 Identity rotated (every 10 requests)
[12:57:30] [50/445] SAIC
[12:57:31] [51/445] SVTJ
[12:57:32] [52/445] MRTE
[12:57:32] [53/445] RBTP
[12:57:33] [54/445] NLPS
[12:57:34] [55/445] GTNA
[12:57:35] [56/445] DGGC
[12:57:36] [57/445] SMCR
[12:57:37] [58/445] SCGD
[12:57:37] [59/445] SRRJ
[12:57:38] 🔄 Identity reset
[12:57:38] 🔄 Identity rotated (every 10 requests)
[12:57:38] [60/445] CNRY
[12:57:39] [61/445] KTDI
[12:57:40] [62/445] SNJL
[12:57:41] [63/445] RKMD
[12:57:42] [64/445] SMDC
[12:57:43] [65/445] TADG
[12:57:44] [66/445] MCGS
[12:57:45] [67/445] PETK
[12:57:46] [68/445] CHAG
[12:57:47] [69/445] KSTL
[12:57:47] 🔄 Identity reset
[12:57:47] 🔄 Identity rotated (every 10 requests)
[12:57:48] [70/445] AADS
[12:57:49] [71/445] NTHZ
[12:57:50] [72/445] HCKI
[12:57:51] [73/445] SSEF
[12:57:52] [74/445] MCGX
[12:57:53] [75/445] ERRA
[12:57:53] [76/445] SDTW
[12:57:55] [77/445] RMPK
[12:57:56] [78/445] PTHK
[12:57:57] [79/445] PXCS
[12:57:57] 🔄 Identity reset
[12:57:57] 🔄 Identity rotated (every 10 requests)
[12:57:58] [80/445] SVLU
[12:58:00] [81/445] STAH
[12:58:00] [82/445] JRGF
[12:58:01] [83/445] CDOK
[12:58:02] [84/445] CMSG
[12:58:03] [85/445] APTD
[12:58:04] [86/445] KMPG
[12:58:05] [87/445] MUTJ
[12:58:06] [88/445] VCCI
[12:58:07] [89/445] URBE
[12:58:07] 🔄 Identity reset
[12:58:07] 🔄 Identity rotated (every 10 requests)
[12:58:08] [90/445] TCTS
[12:58:08] [91/445] STSN
[12:58:09] [92/445] AKCH
[12:58:10] [93/445] APSC
[12:58:11] [94/445] VLTB
[12:58:12] [95/445] SANU
[12:58:13] [96/445] AXAM
[12:58:14] [97/445] MGMG
[12:58:15] [98/445] HTBY
[12:58:16] [99/445] MMZS
[12:58:17] 🔄 Identity reset
[12:58:17] 🔄 Identity rotated (every 10 requests)
[12:58:17] [100/445] SUDR
[12:58:18] [101/445] CCAD
[12:58:19] [102/445] SKKC
[12:58:20] [103/445] RMCD
[12:58:21] [104/445] SBCQ
[12:58:22] [105/445] DCCT
[12:58:23] [106/445] VTKP
[12:58:24] [107/445] MLAM
[12:58:24] [108/445] SAVT
[12:58:25] [109/445] GEPL
[12:58:26] 🔄 Identity reset
[12:58:26] 🔄 Identity rotated (every 10 requests)
[12:58:26] [110/445] AMCD
[12:58:27] [111/445] CCXR
[12:58:28] [112/445] GRNG
[12:58:29] [113/445] EBCA
[12:58:30] [114/445] CNVG
[12:58:31] [115/445] MWSS
[12:58:32] [116/445] VBOR
[12:58:34] [117/445] NEEB
[12:58:34] [118/445] SUTH
[12:58:35] [119/445] ANDB
[12:58:36] 🔄 Identity reset
[12:58:36] 🔄 Identity rotated (every 10 requests)
[12:58:36] [120/445] MMXS
[12:58:37] [121/445] CNPD
[12:58:38] [122/445] SDCE
[12:58:39] [123/445] DHCB
[12:58:41] [124/445] ODEN
[12:58:42] [125/445] TNTC
[12:58:43] [126/445] VBKM
[12:58:43] [127/445] RZYM
[12:58:44] [128/445] JEMC
[12:58:45] [129/445] CMAU
[12:58:46] 🔄 Identity reset
[12:58:46] 🔄 Identity rotated (every 10 requests)
[12:58:46] 🔄 Retry 1/5 for CMAU in 2.8s
[12:58:46] 🔄 Identity reset
[12:58:49] 🧠 New identity created
[12:58:49] [130/445] SIVP
[12:58:50] [131/445] ATAG
[12:58:51] [132/445] CHTM
[12:58:52] [133/445] AAEE
[12:58:53] [134/445] IWPM
[12:58:54] [135/445] KCMW
[12:58:55] [136/445] MCTD
[12:58:56] [137/445] SPWR
[12:58:57] [138/445] SDPO
[12:58:57] 🔄 Identity reset
[12:58:57] 🔄 Identity rotated (every 10 requests)
[12:58:57] 🔄 Retry 1/5 for SDPO in 2.3s
[12:58:57] 🔄 Identity reset
[12:59:00] 🧠 New identity created
[12:59:00] [139/445] PCSK
[12:59:02] [140/445] ACHV
[12:59:03] [141/445] SVLA
[12:59:03] [142/445] PICT
[12:59:04] [143/445] BXDR
[12:59:05] [144/445] SPWA
[12:59:06] [145/445] MCKO
[12:59:07] [146/445] RTHK
[12:59:09] [147/445] CCMF
[12:59:10] 🔄 Identity reset
[12:59:10] 🔄 Identity rotated (every 10 requests)
[12:59:10] [148/445] MRGB
[12:59:11] [149/445] CPLC
[12:59:12] [150/445] RACD
[12:59:13] [151/445] ATKT
[12:59:14] [152/445] SARN
[12:59:15] [153/445] KKUI
[12:59:16] [154/445] RGCM
[12:59:17] [155/445] BRVP
[12:59:17] [156/445] HRSR
[12:59:18] [157/445] GKGM
[12:59:19] 🔄 Identity reset
[12:59:19] 🔄 Identity rotated (every 10 requests)
[12:59:19] [158/445] TTCD
[12:59:20] [159/445] PTTI
[12:59:21] [160/445] MPTT
[12:59:22] [161/445] CVTT
[12:59:24] [162/445] PCXD
[12:59:25] [163/445] GCDC
[12:59:27] [164/445] CCCF
[12:59:27] [165/445] MRAD
[12:59:28] [166/445] CPLK
[12:59:29] [167/445] SATB
[12:59:30] 🔄 Identity reset
[12:59:30] 🔄 Identity rotated (every 10 requests)
[12:59:30] 🔄 Retry 1/5 for SATB in 2.6s
[12:59:30] 🔄 Identity reset
[12:59:33] 🧠 New identity created
[12:59:33] [168/445] SNVG
[12:59:34] [169/445] JMBA
[12:59:35] [170/445] TEJA
[12:59:36] [171/445] STYO
[12:59:38] [172/445] JTBP
[12:59:38] [173/445] KRGD
[12:59:39] [174/445] SLJJ
[12:59:40] [175/445] SPTJ
[12:59:41] [176/445] SWJG
[12:59:42] 🔄 Identity reset
[12:59:42] 🔄 Identity rotated (every 10 requests)
[12:59:42] [177/445] LKRT
[12:59:43] [178/445] KCKA
[12:59:44] [179/445] SNCR
[12:59:45] [180/445] SMKL
[12:59:46] [181/445] GCFA
[12:59:47] [182/445] DDCK
[12:59:48] [183/445] NCHJ
[12:59:49] [184/445] RDMA
[12:59:50] [185/445] SVSV
[12:59:51] [186/445] SCJG
[12:59:52] 🔄 Identity reset
[12:59:52] 🔄 Identity rotated (every 10 requests)
[12:59:52] [187/445] VKLP
[12:59:54] [188/445] NWCC
[12:59:56] [189/445] VKNS
[12:59:56] [190/445] SDDP
[12:59:58] [191/445] ACSI
[12:59:59] [192/445] SATG
[13:00:00] [193/445] SCMW
[13:00:01] [194/445] LKTK
[13:00:02] [195/445] VCKV
[13:00:04] [196/445] KKPE
[13:00:04] 🔄 Identity reset
[13:00:04] 🔄 Identity rotated (every 10 requests)
[13:00:05] [197/445] KIGH
[13:00:06] [198/445] SRPM
[13:00:07] [199/445] SCAH
[13:00:08] [200/445] MUTA
[13:00:09] [201/445] SEPU
[13:00:10] [202/445] INOA
[13:00:11] [203/445] BASK
[13:00:12] [204/445] NECB
[13:00:13] [205/445] GTTG
[13:00:15] [206/445] ASSA
[13:00:15] 🔄 Identity reset
[13:00:15] 🔄 Identity rotated (every 10 requests)
[13:00:16] [207/445] ANCL
[13:00:17] [208/445] GCTI
[13:00:18] [209/445] RCTS
[13:00:19] [210/445] ACNL
[13:00:20] [211/445] MYCT
[13:00:22] [212/445] NMHT
[13:00:23] [213/445] MDIT
[13:00:24] [214/445] LATG
[13:00:26] [215/445] SMTY
[13:00:27] [216/445] CVCT
[13:00:27] 🔄 Identity reset
[13:00:27] 🔄 Identity rotated (every 10 requests)
[13:00:28] [217/445] RAMB
[13:00:28] [218/445] TGMS
[13:00:29] [219/445] BHEL
[13:00:30] [220/445] SHCT
[13:00:31] [221/445] SVCT
[13:00:32] [222/445] MRIY
[13:00:34] [223/445] SARO
[13:00:35] [224/445] STCT
[13:00:36] [225/445] JKKC
[13:00:37] [226/445] PLTT
[13:00:37] 🔄 Identity reset
[13:00:37] 🔄 Identity rotated (every 10 requests)
[13:00:38] [227/445] SRNT
[13:00:39] [228/445] YAST
[13:00:40] [229/445] PERL
[13:00:41] [230/445] CICM
[13:00:41] [231/445] MMTR
[13:00:43] [232/445] ABTK
[13:00:44] [233/445] ATYY
[13:00:45] [234/445] ASTK
[13:00:46] [235/445] VVCK
[13:00:47] [236/445] ATKY
[13:00:47] 🔄 Identity reset
[13:00:48] 🔄 Identity rotated (every 10 requests)
[13:00:48] 🔄 Retry 1/5 for ATKY in 2.3s
[13:00:48] 🔄 Identity reset
[13:00:50] 🧠 New identity created
[13:00:50] [237/445] GWEK
[13:00:51] [238/445] SVFH
[13:00:53] [239/445] SLTA
[13:00:54] [240/445] AASH
[13:00:56] [241/445] ACXB
[13:00:56] [242/445] SMTX
[13:00:57] [243/445] AZDH
[13:00:58] [244/445] CMMH
[13:00:59] [245/445] SCSZ
[13:01:00] 🔄 Identity reset
[13:01:00] 🔄 Identity rotated (every 10 requests)
[13:01:00] [246/445] SCKP
[13:01:01] [247/445] NXTM
[13:01:02] [248/445] NWCS
[13:01:04] [249/445] CXMH
[13:01:05] [250/445] PCMA
[13:01:05] [251/445] SGCM
[13:01:06] [252/445] SDTU
[13:01:07] [253/445] MMVI
[13:01:08] [254/445] JKCM
[13:01:09] [255/445] VCMM
[13:01:10] 🔄 Identity reset
[13:01:10] 🔄 Identity rotated (every 10 requests)
[13:01:10] [256/445] SYEE
[13:01:11] [257/445] VASD
[13:01:12] [258/445] BDRB
[13:01:13] [259/445] LASM
[13:01:15] [260/445] DCRL
[13:01:16] [261/445] DVPM
[13:01:17] [262/445] SBMJ
[13:01:18] [263/445] CBMU
[13:01:19] [264/445] IUBS
[13:01:21] [265/445] INAP
[13:01:21] 🔄 Identity reset
[13:01:21] 🔄 Identity rotated (every 10 requests)
[13:01:21] 🔄 Retry 1/5 for INAP in 2.0s
[13:01:21] 🔄 Identity reset
[13:01:23] 🧠 New identity created
[13:01:24] [266/445] SRRC
[13:01:24] [267/445] SAGR
[13:01:25] [268/445] CPMJ
[13:01:27] [269/445] ATJL
[13:01:28] [270/445] NNTD
[13:01:29] [271/445] JHCJ
[13:01:30] [272/445] CMMP
[13:01:30] [273/445] RSDR
[13:01:31] [274/445] AMTI
[13:01:32] 🔄 Identity reset
[13:01:32] 🔄 Identity rotated (every 10 requests)
[13:01:32] [275/445] NYSG
[13:01:33] [276/445] AVSG
[13:01:34] [277/445] SYTP
[13:01:35] [278/445] LARC
[13:01:36] [279/445] RJTP
[13:01:36] [280/445] LAKC
[13:01:37] [281/445] MCXE
[13:01:38] [282/445] CCZC
[13:01:39] [283/445] AVCH
[13:01:40] [284/445] CMBE
[13:01:41] 🔄 Identity reset
[13:01:41] 🔄 Identity rotated (every 10 requests)
[13:01:41] [285/445] MRRC
[13:01:42] [286/445] PCPY
[13:01:43] [287/445] SRMH
[13:01:44] [288/445] SVGS
[13:01:45] [289/445] PCSE
[13:01:46] [290/445] SVFT
[13:01:47] [291/445] TNZP
[13:01:48] [292/445] ICTP
[13:01:49] [293/445] ACTZ
[13:01:50] [294/445] GTUR
[13:01:51] 🔄 Identity reset
[13:01:51] 🔄 Identity rotated (every 10 requests)
[13:01:52] [295/445] MAFC
[13:01:53] [296/445] MINL
[13:01:54] [297/445] MRCL
[13:01:56] [298/445] RCRP
[13:01:57] [299/445] RFFG
[13:01:57] [300/445] RMAS
[13:01:58] [301/445] INVR
[13:02:00] [302/445] RMAR
[13:02:01] [303/445] CNIS
[13:02:03] [304/445] RHRJ
[13:02:03] 🔄 Identity reset
[13:02:03] 🔄 Identity rotated (every 10 requests)
[13:02:04] [305/445] INXR
[13:02:05] [306/445] VALT
[13:02:06] [307/445] LCSH
[13:02:06] [308/445] CMVS
[13:02:07] [309/445] CNMS
[13:02:09] [310/445] ROOG
[13:02:10] [311/445] ISRM
[13:02:11] [312/445] RCRM
[13:02:12] [313/445] ACJA
[13:02:13] [314/445] RCVS
[13:02:13] 🔄 Identity reset
[13:02:13] 🔄 Identity rotated (every 10 requests)
[13:02:15] [315/445] CPUS
[13:02:15] [316/445] TGCS
[13:02:16] [317/445] RKCJ
[13:02:18] [318/445] MKSB
[13:02:19] [319/445] TCSJ
[13:02:20] [320/445] RMGP
[13:02:22] [321/445] CLLP
[13:02:23] [322/445] RCMV
[13:02:23] [323/445] CCKS
[13:02:24] [324/445] RSRP
[13:02:25] 🔄 Identity reset
[13:02:25] 🔄 Identity rotated (every 10 requests)
[13:02:25] [325/445] APLP
[13:02:26] [326/445] CNVS
[13:02:27] [327/445] RMVY
[13:02:28] [328/445] PGBD
[13:02:29] [329/445] KLMS
[13:02:31] [330/445] RUST
[13:02:32] [331/445] MASM
[13:02:33] [332/445] BACS
[13:02:34] [333/445] BWST
[13:02:35] [334/445] RRFH
[13:02:35] 🔄 Identity reset
[13:02:35] 🔄 Identity rotated (every 10 requests)
[13:02:35] [335/445] SJTM
[13:02:36] [336/445] BEMR
[13:02:37] [337/445] MCGR
[13:02:38] [338/445] SDSK
[13:02:40] [339/445] VBOL
[13:02:41] [340/445] RMGM
[13:02:42] [341/445] NOPL
[13:02:42] [342/445] MKJK
[13:02:43] [343/445] CVRN
[13:02:44] [344/445] MMEN
[13:02:45] 🔄 Identity reset
[13:02:45] 🔄 Identity rotated (every 10 requests)
[13:02:46] [345/445] AMNG
[13:02:47] [346/445] INTM
[13:02:48] [347/445] SLCZ
[13:02:49] [348/445] AMJN
[13:02:50] [349/445] ACJN
[13:02:51] [350/445] AMKN
[13:02:52] [351/445] BTCN
[13:02:54] [352/445] AMBT
[13:02:55] [353/445] PACN
[13:02:56] [354/445] LCNS
[13:02:56] 🔄 Identity reset
[13:02:56] 🔄 Identity rotated (every 10 requests)
[13:02:57] [355/445] PPKC
[13:02:58] [356/445] JYYN
[13:02:59] [357/445] JTNR
[13:03:00] [358/445] GTEE
[13:03:01] [359/445] SRNM
[13:03:02] [360/445] SDTC
[13:03:03] [361/445] VPCA
[13:03:04] [362/445] VLRA
[13:03:05] [363/445] SHKR
[13:03:06] [364/445] SBKD
[13:03:07] 🔄 Identity reset
[13:03:07] 🔄 Identity rotated (every 10 requests)
[13:03:07] [365/445] SAAD
[13:03:08] [366/445] JTGN
[13:03:09] [367/445] SLAM
[13:03:10] [368/445] VTPM
[13:03:11] [369/445] ANPT
[13:03:12] [370/445] PUNB
[13:03:12] [371/445] CPKT
[13:03:13] [372/445] CNWE
[13:03:14] [373/445] ECPP
[13:03:15] [374/445] CPAR
[13:03:16] 🔄 Identity reset
[13:03:16] 🔄 Identity rotated (every 10 requests)
[13:03:16] [375/445] ESBW
[13:03:18] [376/445] PKPU
[13:03:19] [377/445] CPRP
[13:03:20] [378/445] RAHU
[13:03:21] [379/445] RHMN
[13:03:22] [380/445] FMJP
[13:03:24] [381/445] CTMP
[13:03:25] [382/445] INPN
[13:03:26] [383/445] STTG
[13:03:27] [384/445] CTRD
[13:03:27] 🔄 Identity reset
[13:03:27] 🔄 Identity rotated (every 10 requests)
[13:03:28] [385/445] PUVB
[13:03:29] [386/445] ESVP
[13:03:30] [387/445] CPFT
[13:03:31] [388/445] LCPC
[13:03:32] [389/445] VBCT
[13:03:33] [390/445] FSCW
[13:03:34] [391/445] VCMP
[13:03:35] [392/445] ASHC
[13:03:37] [393/445] VLCX
[13:03:38] [394/445] SHEV
[13:03:38] 🔄 Identity reset
[13:03:38] 🔄 Identity rotated (every 10 requests)
[13:03:38] [395/445] APCO
[13:03:39] [396/445] SILC
[13:03:40] [397/445] SNMR
[13:03:41] [398/445] KYBO
[13:03:42] [399/445] SATK
[13:03:43] [400/445] SSCS
[13:03:44] [401/445] CLSB
[13:03:45] [402/445] KMJR
[13:03:46] [403/445] FSCK
[13:03:47] [404/445] NNKA
[13:03:48] 🔄 Identity reset
[13:03:48] 🔄 Identity rotated (every 10 requests)
[13:03:49] [405/445] CLMK
[13:03:50] [406/445] DMPZ
[13:03:51] [407/445] INQM
[13:03:51] [408/445] CAML
[13:03:52] [409/445] INRK
[13:03:53] [410/445] IMKN
[13:03:55] [411/445] SVNR
[13:03:56] [412/445] INSL
[13:03:57] [413/445] MSMA
[13:03:58] [414/445] MCKK
[13:03:58] 🔄 Identity reset
[13:03:58] 🔄 Identity rotated (every 10 requests)
[13:03:59] [415/445] FCHP
[13:04:00] [416/445] SFCR
[13:04:00] [417/445] NACK
[13:04:01] [418/445] PVAK
[13:04:02] [419/445] INER
[13:04:03] [420/445] RDBK
[13:04:04] [421/445] SVFN
[13:04:05] [422/445] IFRM
[13:04:06] [423/445] ATCK
[13:04:07] [424/445] ASKO
[13:04:07] 🔄 Identity reset
[13:04:07] 🔄 Identity rotated (every 10 requests)
[13:04:08] [425/445] STKT
[13:04:09] [426/445] SVFB
[13:04:09] [427/445] INKS
[13:04:10] [428/445] PCRA
[13:04:11] [429/445] ATJA
[13:04:12] [430/445] IMJN
[13:04:13] [431/445] INHD
[13:04:15] [432/445] BARA
[13:04:16] [433/445] MCSL
[13:04:17] [434/445] RTOY
[13:04:17] 🔄 Identity reset
[13:04:17] 🔄 Identity rotated (every 10 requests)
[13:04:18] [435/445] MENO
[13:04:19] [436/445] PUDM
[13:04:20] [437/445] PRCN
[13:04:21] [438/445] JMJR
[13:04:22] [439/445] SSGK
[13:04:23] [440/445] SSRL
[13:04:24] [441/445] JYKL
[13:04:24] [442/445] ACNB
[13:04:25] [443/445] SONP
[13:04:26] [444/445] EMCI
[13:04:27] 🔄 Identity reset
[13:04:27] 🔄 Identity rotated (every 10 requests)
[13:04:28] [445/445] MRJH
[13:04:29] ✅ DONE | Shows=1928 | Movies=71
[14:06:25] 🚀 BMS DAILY TRACKER STARTED (enhanced anti‑detection)
[14:06:25] [1/445] TGMR
[14:06:25] 🧠 New identity created
[14:06:25] [2/445] CXKR
[14:06:26] [3/445] SROP
[14:06:27] [4/445] GTSV
[14:06:28] [5/445] SNTY
[14:06:29] [6/445] SMYY
[14:06:30] [7/445] CNCS
[14:06:30] [8/445] CSTM
[14:06:31] [9/445] NUCD
[14:06:32] [10/445] SHCZ
[14:06:33] 🔄 Identity reset
[14:06:33] 🔄 Identity rotated (every 10 requests)
[14:06:33] [11/445] NJCT
[14:06:34] [12/445] COPC
[14:06:35] [13/445] STVV
[14:06:36] [14/445] SKRN
[14:06:37] [15/445] APPZ
[14:06:37] [16/445] YMGN
[14:06:38] [17/445] SVTU
[14:06:39] [18/445] GTAD
[14:06:41] [19/445] PSUS
[14:06:42] [20/445] SMCD
[14:06:43] 🔄 Identity reset
[14:06:43] 🔄 Identity rotated (every 10 requests)
[14:06:44] [21/445] CMCM
[14:06:44] [22/445] SYCT
[14:06:46] [23/445] STLY
[14:06:47] [24/445] CMHU
[14:06:48] [25/445] CMSA
[14:06:49] [26/445] CLCU
[14:06:50] [27/445] PPNT
[14:06:51] [28/445] JTAB
[14:06:53] [29/445] BUUC
[14:06:54] [30/445] BSVK
[14:06:54] 🔄 Identity reset
[14:06:54] 🔄 Identity rotated (every 10 requests)
[14:06:55] [31/445] VVVQ
[14:06:56] [32/445] TKMU
[14:06:56] [33/445] ESYL
[14:06:57] [34/445] ACHP
[14:06:58] [35/445] BTKD
[14:06:58] [36/445] DESA
[14:06:59] [37/445] GBCT
[14:07:00] [38/445] BLLD
[14:07:01] [39/445] SKNT
[14:07:02] [40/445] SSTE
[14:07:02] 🔄 Identity reset
[14:07:02] 🔄 Identity rotated (every 10 requests)
[14:07:02] [41/445] VJMR
[14:07:03] [42/445] NTPU
[14:07:04] [43/445] RDKN
[14:07:05] [44/445] ADGC
[14:07:06] [45/445] VRBP
[14:07:07] [46/445] NMNA
[14:07:09] [47/445] CMMX
[14:07:10] [48/445] PTKO
[14:07:10] [49/445] RBML
[14:07:11] [50/445] SAIC
[14:07:12] 🔄 Identity reset
[14:07:12] 🔄 Identity rotated (every 10 requests)
[14:07:12] [51/445] SVTJ
[14:07:13] [52/445] MRTE
[14:07:14] [53/445] RBTP
[14:07:15] [54/445] NLPS
[14:07:16] [55/445] GTNA
[14:07:17] [56/445] DGGC
[14:07:19] [57/445] SMCR
[14:07:21] [58/445] SCGD
[14:07:21] [59/445] SRRJ
[14:07:22] [60/445] CNRY
[14:07:23] 🔄 Identity reset
[14:07:23] 🔄 Identity rotated (every 10 requests)
[14:07:23] [61/445] KTDI
[14:07:24] [62/445] SNJL
[14:07:25] [63/445] RKMD
[14:07:26] [64/445] SMDC
[14:07:27] [65/445] TADG
[14:07:28] [66/445] MCGS
[14:07:28] [67/445] PETK
[14:07:29] [68/445] CHAG
[14:07:30] [69/445] KSTL
[14:07:31] [70/445] AADS
[14:07:31] 🔄 Identity reset
[14:07:31] 🔄 Identity rotated (every 10 requests)
[14:07:31] 🔄 Retry 1/5 for AADS in 2.7s
[14:07:31] 🔄 Identity reset
[14:07:34] 🧠 New identity created
[14:07:34] [71/445] NTHZ
[14:07:35] [72/445] HCKI
[14:07:36] [73/445] SSEF
[14:07:37] [74/445] MCGX
[14:07:38] [75/445] ERRA
[14:07:40] [76/445] SDTW
[14:07:41] [77/445] RMPK
[14:07:42] [78/445] PTHK
[14:07:43] [79/445] PXCS
[14:07:44] 🔄 Identity reset
[14:07:44] 🔄 Identity rotated (every 10 requests)
[14:07:44] [80/445] SVLU
[14:07:46] [81/445] STAH
[14:07:47] [82/445] JRGF
[14:07:48] [83/445] CDOK
[14:07:49] [84/445] CMSG
[14:07:50] [85/445] APTD
[14:07:51] [86/445] KMPG
[14:07:52] [87/445] MUTJ
[14:07:53] [88/445] VCCI
[14:07:54] [89/445] URBE
[14:07:55] 🔄 Identity reset
[14:07:55] 🔄 Identity rotated (every 10 requests)
[14:07:55] 🔄 Retry 1/5 for URBE in 2.3s
[14:07:55] 🔄 Identity reset
[14:07:57] 🧠 New identity created
[14:07:58] [90/445] TCTS
[14:07:59] [91/445] STSN
[14:08:01] [92/445] AKCH
[14:08:02] [93/445] APSC
[14:08:02] [94/445] VLTB
[14:08:03] [95/445] SANU
[14:08:04] [96/445] AXAM
[14:08:05] [97/445] MGMG
[14:08:06] [98/445] HTBY
[14:08:07] 🔄 Identity reset
[14:08:07] 🔄 Identity rotated (every 10 requests)
[14:08:07] [99/445] MMZS
[14:08:08] [100/445] SUDR
[14:08:09] [101/445] CCAD
[14:08:10] [102/445] SKKC
[14:08:11] [103/445] RMCD
[14:08:12] [104/445] SBCQ
[14:08:13] [105/445] DCCT
[14:08:14] [106/445] VTKP
[14:08:15] [107/445] MLAM
[14:08:16] [108/445] SAVT
[14:08:17] 🔄 Identity reset
[14:08:17] 🔄 Identity rotated (every 10 requests)
[14:08:17] [109/445] GEPL
[14:08:18] [110/445] AMCD
[14:08:19] [111/445] CCXR
[14:08:20] [112/445] GRNG
[14:08:21] [113/445] EBCA
[14:08:22] [114/445] CNVG
[14:08:23] [115/445] MWSS
[14:08:24] [116/445] VBOR
[14:08:25] [117/445] NEEB
[14:08:26] [118/445] SUTH
[14:08:27] 🔄 Identity reset
[14:08:27] 🔄 Identity rotated (every 10 requests)
[14:08:27] [119/445] ANDB
[14:08:28] [120/445] MMXS
[14:08:29] [121/445] CNPD
[14:08:29] [122/445] SDCE
[14:08:30] [123/445] DHCB
[14:08:32] [124/445] ODEN
[14:08:34] [125/445] TNTC
[14:08:34] [126/445] VBKM
[14:08:35] [127/445] RZYM
[14:08:36] [128/445] JEMC
[14:08:36] 🔄 Identity reset
[14:08:37] 🔄 Identity rotated (every 10 requests)
[14:08:37] [129/445] CMAU
[14:08:37] [130/445] SIVP
[14:08:38] [131/445] ATAG
[14:08:39] [132/445] CHTM
[14:08:40] [133/445] AAEE
[14:08:41] [134/445] IWPM
[14:08:42] [135/445] KCMW
[14:08:44] [136/445] MCTD
[14:08:44] [137/445] SPWR
[14:08:46] [138/445] SDPO
[14:08:47] 🔄 Identity reset
[14:08:47] 🔄 Identity rotated (every 10 requests)
[14:08:47] [139/445] PCSK
[14:08:49] [140/445] ACHV
[14:08:49] [141/445] SVLA
[14:08:50] [142/445] PICT
[14:08:51] [143/445] BXDR
[14:08:52] [144/445] SPWA
[14:08:53] [145/445] MCKO
[14:08:53] [146/445] RTHK
[14:08:55] [147/445] CCMF
[14:08:55] [148/445] MRGB
[14:08:56] 🔄 Identity reset
[14:08:56] 🔄 Identity rotated (every 10 requests)
[14:08:56] [149/445] CPLC
[14:08:57] [150/445] RACD
[14:08:58] [151/445] ATKT
[14:08:59] [152/445] SARN
[14:09:00] [153/445] KKUI
[14:09:01] [154/445] RGCM
[14:09:01] [155/445] BRVP
[14:09:03] [156/445] HRSR
[14:09:04] [157/445] GKGM
[14:09:05] [158/445] TTCD
[14:09:05] 🔄 Identity reset
[14:09:05] 🔄 Identity rotated (every 10 requests)
[14:09:05] [159/445] PTTI
[14:09:07] [160/445] MPTT
[14:09:08] [161/445] CVTT
[14:09:09] [162/445] PCXD
[14:09:10] [163/445] GCDC
[14:09:11] [164/445] CCCF
[14:09:12] [165/445] MRAD
[14:09:13] [166/445] CPLK
[14:09:14] [167/445] SATB
[14:09:14] [168/445] SNVG
[14:09:15] 🔄 Identity reset
[14:09:15] 🔄 Identity rotated (every 10 requests)
[14:09:16] [169/445] JMBA
[14:09:17] [170/445] TEJA
[14:09:18] [171/445] STYO
[14:09:19] [172/445] JTBP
[14:09:20] [173/445] KRGD
[14:09:21] [174/445] SLJJ
[14:09:22] [175/445] SPTJ
[14:09:23] [176/445] SWJG
[14:09:24] [177/445] LKRT
[14:09:25] [178/445] KCKA
[14:09:25] 🔄 Identity reset
[14:09:25] 🔄 Identity rotated (every 10 requests)
[14:09:26] [179/445] SNCR
[14:09:26] [180/445] SMKL
[14:09:27] [181/445] GCFA
[14:09:29] [182/445] DDCK
[14:09:29] [183/445] NCHJ
[14:09:30] [184/445] RDMA
[14:09:31] [185/445] SVSV
[14:09:32] [186/445] SCJG
[14:09:32] [187/445] VKLP
[14:09:33] [188/445] NWCC
[14:09:34] 🔄 Identity reset
[14:09:34] 🔄 Identity rotated (every 10 requests)
[14:09:34] [189/445] VKNS
[14:09:35] [190/445] SDDP
[14:09:35] [191/445] ACSI
[14:09:36] [192/445] SATG
[14:09:37] [193/445] SCMW
[14:09:37] [194/445] LKTK
[14:09:38] [195/445] VCKV
[14:09:39] [196/445] KKPE
[14:09:40] [197/445] KIGH
[14:09:41] [198/445] SRPM
[14:09:41] 🔄 Identity reset
[14:09:41] 🔄 Identity rotated (every 10 requests)
[14:09:42] [199/445] SCAH
[14:09:42] [200/445] MUTA
[14:09:43] [201/445] SEPU
[14:09:44] [202/445] INOA
[14:09:44] [203/445] BASK
[14:09:46] [204/445] NECB
[14:09:46] [205/445] GTTG
[14:09:47] [206/445] ASSA
[14:09:48] [207/445] ANCL
[14:09:49] [208/445] GCTI
[14:09:50] 🔄 Identity reset
[14:09:50] 🔄 Identity rotated (every 10 requests)
[14:09:50] 🔄 Retry 1/5 for GCTI in 2.3s
[14:09:50] 🔄 Identity reset
[14:09:52] 🧠 New identity created
[14:09:52] [209/445] RCTS
[14:09:53] [210/445] ACNL
[14:09:54] [211/445] MYCT
[14:09:55] [212/445] NMHT
[14:09:55] [213/445] MDIT
[14:09:56] [214/445] LATG
[14:09:57] [215/445] SMTY
[14:09:58] [216/445] CVCT
[14:09:58] [217/445] RAMB
[14:09:59] 🔄 Identity reset
[14:09:59] 🔄 Identity rotated (every 10 requests)
[14:09:59] 🔄 Retry 1/5 for RAMB in 2.1s
[14:09:59] 🔄 Identity reset
[14:10:01] 🧠 New identity created
[14:10:01] [218/445] TGMS
[14:10:03] [219/445] BHEL
[14:10:03] [220/445] SHCT
[14:10:04] [221/445] SVCT
[14:10:05] [222/445] MRIY
[14:10:06] [223/445] SARO
[14:10:06] [224/445] STCT
[14:10:07] [225/445] JKKC
[14:10:08] [226/445] PLTT
[14:10:08] 🔄 Identity reset
[14:10:08] 🔄 Identity rotated (every 10 requests)
[14:10:08] [227/445] SRNT
[14:10:09] [228/445] YAST
[14:10:10] [229/445] PERL
[14:10:11] [230/445] CICM
[14:10:11] [231/445] MMTR
[14:10:12] [232/445] ABTK
[14:10:13] [233/445] ATYY
[14:10:14] [234/445] ASTK
[14:10:15] [235/445] VVCK
[14:10:16] [236/445] ATKY
[14:10:16] 🔄 Identity reset
[14:10:16] 🔄 Identity rotated (every 10 requests)
[14:10:16] 🔄 Retry 1/5 for ATKY in 2.9s
[14:10:16] 🔄 Identity reset
[14:10:19] 🧠 New identity created
[14:10:19] [237/445] GWEK
[14:10:20] [238/445] SVFH
[14:10:21] [239/445] SLTA
[14:10:22] [240/445] AASH
[14:10:23] [241/445] ACXB
[14:10:23] [242/445] SMTX
[14:10:24] [243/445] AZDH
[14:10:25] [244/445] CMMH
[14:10:26] [245/445] SCSZ
[14:10:27] 🔄 Identity reset
[14:10:27] 🔄 Identity rotated (every 10 requests)
[14:10:27] 🔄 Retry 1/5 for SCSZ in 2.4s
[14:10:27] 🔄 Identity reset
[14:10:29] 🧠 New identity created
[14:10:30] [246/445] SCKP
[14:10:30] [247/445] NXTM
[14:10:31] [248/445] NWCS
[14:10:33] [249/445] CXMH
[14:10:33] [250/445] PCMA
[14:10:34] [251/445] SGCM
[14:10:35] [252/445] SDTU
[14:10:36] [253/445] MMVI
[14:10:37] [254/445] JKCM
[14:10:38] 🔄 Identity reset
[14:10:38] 🔄 Identity rotated (every 10 requests)
[14:10:38] [255/445] VCMM
[14:10:40] [256/445] SYEE
[14:10:41] [257/445] VASD
[14:10:42] [258/445] BDRB
[14:10:43] [259/445] LASM
[14:10:44] [260/445] DCRL
[14:10:45] [261/445] DVPM
[14:10:46] [262/445] SBMJ
[14:10:48] [263/445] CBMU
[14:10:49] [264/445] IUBS
[14:10:49] 🔄 Identity reset
[14:10:49] 🔄 Identity rotated (every 10 requests)
[14:10:49] 🔄 Retry 1/5 for IUBS in 2.2s
[14:10:49] 🔄 Identity reset
[14:10:52] 🧠 New identity created
[14:10:52] [265/445] INAP
[14:10:53] [266/445] SRRC
[14:10:53] [267/445] SAGR
[14:10:54] [268/445] CPMJ
[14:10:55] [269/445] ATJL
[14:10:56] [270/445] NNTD
[14:10:56] [271/445] JHCJ
[14:10:58] [272/445] CMMP
[14:10:59] [273/445] RSDR
[14:11:00] 🔄 Identity reset
[14:11:00] 🔄 Identity rotated (every 10 requests)
[14:11:00] [274/445] AMTI
[14:11:02] [275/445] NYSG
[14:11:03] [276/445] AVSG
[14:11:03] [277/445] SYTP
[14:11:05] [278/445] LARC
[14:11:06] [279/445] RJTP
[14:11:07] [280/445] LAKC
[14:11:08] [281/445] MCXE
[14:11:09] [282/445] CCZC
[14:11:09] [283/445] AVCH
[14:11:10] 🔄 Identity reset
[14:11:10] 🔄 Identity rotated (every 10 requests)
[14:11:10] [284/445] CMBE
[14:11:11] [285/445] MRRC
[14:11:12] [286/445] PCPY
[14:11:13] [287/445] SRMH
[14:11:14] [288/445] SVGS
[14:11:15] [289/445] PCSE
[14:11:16] [290/445] SVFT
[14:11:17] [291/445] TNZP
[14:11:17] [292/445] ICTP
[14:11:19] [293/445] ACTZ
[14:11:20] 🔄 Identity reset
[14:11:20] 🔄 Identity rotated (every 10 requests)
[14:11:20] [294/445] GTUR
[14:11:21] [295/445] MAFC
[14:11:22] [296/445] MINL
[14:11:23] [297/445] MRCL
[14:11:23] [298/445] RCRP
[14:11:24] [299/445] RFFG
[14:11:25] [300/445] RMAS
[14:11:26] [301/445] INVR
[14:11:27] [302/445] RMAR
[14:11:27] [303/445] CNIS
[14:11:28] 🔄 Identity reset
[14:11:28] 🔄 Identity rotated (every 10 requests)
[14:11:28] [304/445] RHRJ
[14:11:29] [305/445] INXR
[14:11:30] [306/445] VALT
[14:11:30] [307/445] LCSH
[14:11:31] [308/445] CMVS
[14:11:32] [309/445] CNMS
[14:11:34] [310/445] ROOG
[14:11:35] [311/445] ISRM
[14:11:35] [312/445] RCRM
[14:11:36] [313/445] ACJA
[14:11:37] 🔄 Identity reset
[14:11:37] 🔄 Identity rotated (every 10 requests)
[14:11:37] [314/445] RCVS
[14:11:39] [315/445] CPUS
[14:11:40] [316/445] TGCS
[14:11:41] [317/445] RKCJ
[14:11:41] [318/445] MKSB
[14:11:42] [319/445] TCSJ
[14:11:43] [320/445] RMGP
[14:11:44] [321/445] CLLP
[14:11:45] [322/445] RCMV
[14:11:45] [323/445] CCKS
[14:11:46] 🔄 Identity reset
[14:11:46] 🔄 Identity rotated (every 10 requests)
[14:11:46] [324/445] RSRP
[14:11:47] [325/445] APLP
[14:11:48] [326/445] CNVS
[14:11:49] [327/445] RMVY
[14:11:50] [328/445] PGBD
[14:11:51] [329/445] KLMS
[14:11:52] [330/445] RUST
[14:11:54] [331/445] MASM
[14:11:56] [332/445] BACS
[14:11:57] [333/445] BWST
[14:11:57] 🔄 Identity reset
[14:11:57] 🔄 Identity rotated (every 10 requests)
[14:11:57] [334/445] RRFH
[14:11:58] [335/445] SJTM
[14:12:00] [336/445] BEMR
[14:12:00] [337/445] MCGR
[14:12:02] [338/445] SDSK
[14:12:03] [339/445] VBOL
[14:12:04] [340/445] RMGM
[14:12:04] [341/445] NOPL
[14:12:06] [342/445] MKJK
[14:12:07] [343/445] CVRN
[14:12:08] 🔄 Identity reset
[14:12:08] 🔄 Identity rotated (every 10 requests)
[14:12:08] 🔄 Retry 1/5 for CVRN in 2.1s
[14:12:08] 🔄 Identity reset
[14:12:10] 🧠 New identity created
[14:12:10] 🔄 Retry 2/5 for CVRN in 4.8s
[14:12:10] 🔄 Identity reset
[14:12:15] 🧠 New identity created
[14:12:15] [344/445] MMEN
[14:12:16] [345/445] AMNG
[14:12:17] [346/445] INTM
[14:12:18] [347/445] SLCZ
[14:12:19] [348/445] AMJN
[14:12:19] [349/445] ACJN
[14:12:21] [350/445] AMKN
[14:12:22] [351/445] BTCN
[14:12:23] 🔄 Identity reset
[14:12:23] 🔄 Identity rotated (every 10 requests)
[14:12:23] [352/445] AMBT
[14:12:24] [353/445] PACN
[14:12:26] [354/445] LCNS
[14:12:27] [355/445] PPKC
[14:12:27] [356/445] JYYN
[14:12:28] [357/445] JTNR
[14:12:29] [358/445] GTEE
[14:12:30] [359/445] SRNM
[14:12:31] [360/445] SDTC
[14:12:32] [361/445] VPCA
[14:12:32] 🔄 Identity reset
[14:12:32] 🔄 Identity rotated (every 10 requests)
[14:12:33] [362/445] VLRA
[14:12:33] [363/445] SHKR
[14:12:34] [364/445] SBKD
[14:12:34] [365/445] SAAD
[14:12:35] [366/445] JTGN
[14:12:37] [367/445] SLAM
[14:12:37] [368/445] VTPM
[14:12:38] [369/445] ANPT
[14:12:39] [370/445] PUNB
[14:12:40] [371/445] CPKT
[14:12:41] 🔄 Identity reset
[14:12:41] 🔄 Identity rotated (every 10 requests)
[14:12:41] [372/445] CNWE
[14:12:42] [373/445] ECPP
[14:12:43] [374/445] CPAR
[14:12:44] [375/445] ESBW
[14:12:45] [376/445] PKPU
[14:12:46] [377/445] CPRP
[14:12:47] [378/445] RAHU
[14:12:49] [379/445] RHMN
[14:12:50] [380/445] FMJP
[14:12:51] [381/445] CTMP
[14:12:52] 🔄 Identity reset
[14:12:52] 🔄 Identity rotated (every 10 requests)
[14:12:52] [382/445] INPN
[14:12:53] [383/445] STTG
[14:12:53] [384/445] CTRD
[14:12:55] [385/445] PUVB
[14:12:56] [386/445] ESVP
[14:12:58] [387/445] CPFT
[14:13:00] [388/445] LCPC
[14:13:01] [389/445] VBCT
[14:13:02] [390/445] FSCW
[14:13:02] [391/445] VCMP
[14:13:03] 🔄 Identity reset
[14:13:03] 🔄 Identity rotated (every 10 requests)
[14:13:03] [392/445] ASHC
[14:13:04] [393/445] VLCX
[14:13:05] [394/445] SHEV
[14:13:06] [395/445] APCO
[14:13:07] [396/445] SILC
[14:13:09] [397/445] SNMR
[14:13:09] [398/445] KYBO
[14:13:11] [399/445] SATK
[14:13:12] [400/445] SSCS
[14:13:13] [401/445] CLSB
[14:13:14] 🔄 Identity reset
[14:13:14] 🔄 Identity rotated (every 10 requests)
[14:13:14] [402/445] KMJR
[14:13:16] [403/445] FSCK
[14:13:17] [404/445] NNKA
[14:13:18] [405/445] CLMK
[14:13:19] [406/445] DMPZ
[14:13:20] [407/445] INQM
[14:13:21] [408/445] CAML
[14:13:22] [409/445] INRK
[14:13:23] [410/445] IMKN
[14:13:24] [411/445] SVNR
[14:13:25] 🔄 Identity reset
[14:13:25] 🔄 Identity rotated (every 10 requests)
[14:13:25] [412/445] INSL
[14:13:26] [413/445] MSMA
[14:13:27] [414/445] MCKK
[14:13:29] [415/445] FCHP
[14:13:30] [416/445] SFCR
[14:13:30] [417/445] NACK
[14:13:32] [418/445] PVAK
[14:13:33] [419/445] INER
[14:13:34] [420/445] RDBK
[14:13:35] [421/445] SVFN
[14:13:36] 🔄 Identity reset
[14:13:36] 🔄 Identity rotated (every 10 requests)
[14:13:36] [422/445] IFRM
[14:13:37] [423/445] ATCK
[14:13:38] [424/445] ASKO
[14:13:38] [425/445] STKT
[14:13:40] [426/445] SVFB
[14:13:41] [427/445] INKS
[14:13:42] [428/445] PCRA
[14:13:43] [429/445] ATJA
[14:13:43] [430/445] IMJN
[14:13:45] [431/445] INHD
[14:13:45] 🔄 Identity reset
[14:13:45] 🔄 Identity rotated (every 10 requests)
[14:13:46] [432/445] BARA
[14:13:46] [433/445] MCSL
[14:13:48] [434/445] RTOY
[14:13:49] [435/445] MENO
[14:13:50] [436/445] PUDM
[14:13:52] [437/445] PRCN
[14:13:53] [438/445] JMJR
[14:13:53] [439/445] SSGK
[14:13:54] [440/445] SSRL
[14:13:56] [441/445] JYKL
[14:13:56] 🔄 Identity reset
[14:13:56] 🔄 Identity rotated (every 10 requests)
[14:13:57] [442/445] ACNB
[14:13:58] [443/445] SONP
[14:13:59] [444/445] EMCI
[14:14:00] [445/445] MRJH
[14:14:01] ✅ DONE | Shows=2140 | Movies=71
[15:06:43] 🚀 BMS DAILY TRACKER STARTED (enhanced anti‑detection)
[15:06:43] [1/445] TGMR
[15:06:43] 🧠 New identity created
[15:06:44] [2/445] CXKR
[15:06:44] [3/445] SROP
[15:06:46] [4/445] GTSV
[15:06:47] [5/445] SNTY
[15:06:48] [6/445] SMYY
[15:06:49] [7/445] CNCS
[15:06:50] [8/445] CSTM
[15:06:51] [9/445] NUCD
[15:06:52] [10/445] SHCZ
[15:06:52] 🔄 Identity reset
[15:06:52] 🔄 Identity rotated (every 10 requests)
[15:06:53] [11/445] NJCT
[15:06:53] [12/445] COPC
[15:06:54] [13/445] STVV
[15:06:55] [14/445] SKRN
[15:06:56] [15/445] APPZ
[15:06:57] [16/445] YMGN
[15:06:58] [17/445] SVTU
[15:06:59] [18/445] GTAD
[15:07:01] [19/445] PSUS
[15:07:02] [20/445] SMCD
[15:07:02] 🔄 Identity reset
[15:07:02] 🔄 Identity rotated (every 10 requests)
[15:07:03] [21/445] CMCM
[15:07:04] [22/445] SYCT
[15:07:05] [23/445] STLY
[15:07:05] [24/445] CMHU
[15:07:06] [25/445] CMSA
[15:07:07] [26/445] CLCU
[15:07:08] [27/445] PPNT
[15:07:09] [28/445] JTAB
[15:07:10] [29/445] BUUC
[15:07:11] [30/445] BSVK
[15:07:12] 🔄 Identity reset
[15:07:12] 🔄 Identity rotated (every 10 requests)
[15:07:12] [31/445] VVVQ
[15:07:13] [32/445] TKMU
[15:07:14] [33/445] ESYL
[15:07:15] [34/445] ACHP
[15:07:16] [35/445] BTKD
[15:07:17] [36/445] DESA
[15:07:18] [37/445] GBCT
[15:07:19] [38/445] BLLD
[15:07:20] [39/445] SKNT
[15:07:21] [40/445] SSTE
[15:07:21] 🔄 Identity reset
[15:07:21] 🔄 Identity rotated (every 10 requests)
[15:07:22] [41/445] VJMR
[15:07:23] [42/445] NTPU
[15:07:24] [43/445] RDKN
[15:07:25] [44/445] ADGC
[15:07:26] [45/445] VRBP
[15:07:27] [46/445] NMNA
[15:07:27] [47/445] CMMX
[15:07:28] [48/445] PTKO
[15:07:30] [49/445] RBML
[15:07:31] [50/445] SAIC
[15:07:31] 🔄 Identity reset
[15:07:31] 🔄 Identity rotated (every 10 requests)
[15:07:32] [51/445] SVTJ
[15:07:33] [52/445] MRTE
[15:07:33] [53/445] RBTP
[15:07:34] [54/445] NLPS
[15:07:35] [55/445] GTNA
[15:07:36] [56/445] DGGC
[15:07:37] [57/445] SMCR
[15:07:39] [58/445] SCGD
[15:07:40] [59/445] SRRJ
[15:07:41] [60/445] CNRY
[15:07:42] 🔄 Identity reset
[15:07:42] 🔄 Identity rotated (every 10 requests)
[15:07:42] [61/445] KTDI
[15:07:43] [62/445] SNJL
[15:07:44] [63/445] RKMD
[15:07:45] [64/445] SMDC
[15:07:46] [65/445] TADG
[15:07:46] [66/445] MCGS
[15:07:48] [67/445] PETK
[15:07:49] [68/445] CHAG
[15:07:50] [69/445] KSTL
[15:07:51] [70/445] AADS
[15:07:52] 🔄 Identity reset
[15:07:52] 🔄 Identity rotated (every 10 requests)
[15:07:52] [71/445] NTHZ
[15:07:53] [72/445] HCKI
[15:07:54] [73/445] SSEF
[15:07:55] [74/445] MCGX
[15:07:56] [75/445] ERRA
[15:07:57] [76/445] SDTW
[15:07:58] [77/445] RMPK
[15:07:59] [78/445] PTHK
[15:08:00] [79/445] PXCS
[15:08:01] [80/445] SVLU
[15:08:01] 🔄 Identity reset
[15:08:01] 🔄 Identity rotated (every 10 requests)
[15:08:01] [81/445] STAH
[15:08:02] [82/445] JRGF
[15:08:03] [83/445] CDOK
[15:08:04] [84/445] CMSG
[15:08:05] [85/445] APTD
[15:08:06] [86/445] KMPG
[15:08:07] [87/445] MUTJ
[15:08:08] [88/445] VCCI
[15:08:09] [89/445] URBE
[15:08:11] [90/445] TCTS
[15:08:12] 🔄 Identity reset
[15:08:12] 🔄 Identity rotated (every 10 requests)
[15:08:12] [91/445] STSN
[15:08:13] [92/445] AKCH
[15:08:14] [93/445] APSC
[15:08:14] [94/445] VLTB
[15:08:15] [95/445] SANU
[15:08:16] [96/445] AXAM
[15:08:18] [97/445] MGMG
[15:08:19] [98/445] HTBY
[15:08:20] [99/445] MMZS
[15:08:20] [100/445] SUDR
[15:08:21] 🔄 Identity reset
[15:08:21] 🔄 Identity rotated (every 10 requests)
[15:08:21] [101/445] CCAD
[15:08:22] [102/445] SKKC
[15:08:23] [103/445] RMCD
[15:08:24] [104/445] SBCQ
[15:08:25] [105/445] DCCT
[15:08:26] [106/445] VTKP
[15:08:28] [107/445] MLAM
[15:08:29] [108/445] SAVT
[15:08:30] [109/445] GEPL
[15:08:31] [110/445] AMCD
[15:08:32] 🔄 Identity reset
[15:08:32] 🔄 Identity rotated (every 10 requests)
[15:08:32] [111/445] CCXR
[15:08:33] [112/445] GRNG
[15:08:35] [113/445] EBCA
[15:08:36] [114/445] CNVG
[15:08:37] [115/445] MWSS
[15:08:38] [116/445] VBOR
[15:08:38] [117/445] NEEB
[15:08:39] [118/445] SUTH
[15:08:40] [119/445] ANDB
[15:08:41] [120/445] MMXS
[15:08:41] 🔄 Identity reset
[15:08:41] 🔄 Identity rotated (every 10 requests)
[15:08:43] [121/445] CNPD
[15:08:44] [122/445] SDCE
[15:08:45] [123/445] DHCB
[15:08:46] [124/445] ODEN
[15:08:47] [125/445] TNTC
[15:08:49] [126/445] VBKM
[15:08:51] [127/445] RZYM
[15:08:52] [128/445] JEMC
[15:08:53] [129/445] CMAU
[15:08:53] [130/445] SIVP
[15:08:54] 🔄 Identity reset
[15:08:54] 🔄 Identity rotated (every 10 requests)
[15:08:54] [131/445] ATAG
[15:08:55] [132/445] CHTM
[15:08:56] [133/445] AAEE
[15:08:57] [134/445] IWPM
[15:08:58] [135/445] KCMW
[15:08:59] [136/445] MCTD
[15:09:00] [137/445] SPWR
[15:09:01] [138/445] SDPO
[15:09:02] [139/445] PCSK
[15:09:03] [140/445] ACHV
[15:09:03] 🔄 Identity reset
[15:09:03] 🔄 Identity rotated (every 10 requests)
[15:09:04] [141/445] SVLA
[15:09:04] [142/445] PICT
[15:09:05] [143/445] BXDR
[15:09:06] [144/445] SPWA
[15:09:07] [145/445] MCKO
[15:09:08] [146/445] RTHK
[15:09:09] [147/445] CCMF
[15:09:10] [148/445] MRGB
[15:09:11] [149/445] CPLC
[15:09:12] [150/445] RACD
[15:09:13] 🔄 Identity reset
[15:09:13] 🔄 Identity rotated (every 10 requests)
[15:09:13] [151/445] ATKT
[15:09:14] [152/445] SARN
[15:09:15] [153/445] KKUI
[15:09:16] [154/445] RGCM
[15:09:17] [155/445] BRVP
[15:09:18] [156/445] HRSR
[15:09:19] [157/445] GKGM
[15:09:20] [158/445] TTCD
[15:09:21] [159/445] PTTI
[15:09:22] [160/445] MPTT
[15:09:22] 🔄 Identity reset
[15:09:22] 🔄 Identity rotated (every 10 requests)
[15:09:23] [161/445] CVTT
[15:09:24] [162/445] PCXD
[15:09:25] [163/445] GCDC
[15:09:26] [164/445] CCCF
[15:09:27] [165/445] MRAD
[15:09:28] [166/445] CPLK
[15:09:29] [167/445] SATB
[15:09:29] [168/445] SNVG
[15:09:31] [169/445] JMBA
[15:09:32] [170/445] TEJA
[15:09:33] 🔄 Identity reset
[15:09:33] 🔄 Identity rotated (every 10 requests)
[15:09:33] [171/445] STYO
[15:09:34] [172/445] JTBP
[15:09:35] [173/445] KRGD
[15:09:36] [174/445] SLJJ
[15:09:37] [175/445] SPTJ
[15:09:38] [176/445] SWJG
[15:09:39] [177/445] LKRT
[15:09:40] [178/445] KCKA
[15:09:40] [179/445] SNCR
[15:09:41] [180/445] SMKL
[15:09:42] 🔄 Identity reset
[15:09:42] 🔄 Identity rotated (every 10 requests)
[15:09:42] [181/445] GCFA
[15:09:43] [182/445] DDCK
[15:09:44] [183/445] NCHJ
[15:09:45] [184/445] RDMA
[15:09:46] [185/445] SVSV
[15:09:46] [186/445] SCJG
[15:09:47] [187/445] VKLP
[15:09:48] [188/445] NWCC
[15:09:49] [189/445] VKNS
[15:09:50] [190/445] SDDP
[15:09:51] 🔄 Identity reset
[15:09:51] 🔄 Identity rotated (every 10 requests)
[15:09:51] [191/445] ACSI
[15:09:52] [192/445] SATG
[15:09:53] [193/445] SCMW
[15:09:54] [194/445] LKTK
[15:09:55] [195/445] VCKV
[15:09:56] [196/445] KKPE
[15:09:57] [197/445] KIGH
[15:09:57] [198/445] SRPM
[15:09:58] [199/445] SCAH
[15:09:59] [200/445] MUTA
[15:10:00] 🔄 Identity reset
[15:10:00] 🔄 Identity rotated (every 10 requests)
[15:10:00] [201/445] SEPU
[15:10:02] [202/445] INOA
[15:10:03] [203/445] BASK
[15:10:05] [204/445] NECB
[15:10:05] [205/445] GTTG
[15:10:07] [206/445] ASSA
[15:10:08] [207/445] ANCL
[15:10:09] [208/445] GCTI
[15:10:09] [209/445] RCTS
[15:10:10] [210/445] ACNL
[15:10:11] 🔄 Identity reset
[15:10:11] 🔄 Identity rotated (every 10 requests)
[15:10:11] [211/445] MYCT
[15:10:13] [212/445] NMHT
[15:10:14] [213/445] MDIT
[15:10:15] [214/445] LATG
[15:10:15] [215/445] SMTY
[15:10:17] [216/445] CVCT
[15:10:18] [217/445] RAMB
[15:10:19] [218/445] TGMS
[15:10:20] [219/445] BHEL
[15:10:21] [220/445] SHCT
[15:10:21] 🔄 Identity reset
[15:10:21] 🔄 Identity rotated (every 10 requests)
[15:10:22] [221/445] SVCT
[15:10:22] [222/445] MRIY
[15:10:23] [223/445] SARO
[15:10:24] [224/445] STCT
[15:10:25] [225/445] JKKC
[15:10:26] [226/445] PLTT
[15:10:27] [227/445] SRNT
[15:10:28] [228/445] YAST
[15:10:29] [229/445] PERL
[15:10:30] [230/445] CICM
[15:10:30] 🔄 Identity reset
[15:10:30] 🔄 Identity rotated (every 10 requests)
[15:10:31] [231/445] MMTR
[15:10:31] [232/445] ABTK
[15:10:32] [233/445] ATYY
[15:10:33] [234/445] ASTK
[15:10:34] [235/445] VVCK
[15:10:35] [236/445] ATKY
[15:10:36] [237/445] GWEK
[15:10:38] [238/445] SVFH
[15:10:39] [239/445] SLTA
[15:10:40] [240/445] AASH
[15:10:40] 🔄 Identity reset
[15:10:40] 🔄 Identity rotated (every 10 requests)
[15:10:41] [241/445] ACXB
[15:10:42] [242/445] SMTX
[15:10:43] [243/445] AZDH
[15:10:43] [244/445] CMMH
[15:10:44] [245/445] SCSZ
[15:10:45] [246/445] SCKP
[15:10:46] [247/445] NXTM
[15:10:47] [248/445] NWCS
[15:10:48] [249/445] CXMH
[15:10:49] [250/445] PCMA
[15:10:49] 🔄 Identity reset
[15:10:49] 🔄 Identity rotated (every 10 requests)
[15:10:50] [251/445] SGCM
[15:10:51] [252/445] SDTU
[15:10:51] [253/445] MMVI
[15:10:53] [254/445] JKCM
[15:10:54] [255/445] VCMM
[15:10:54] [256/445] SYEE
[15:10:56] [257/445] VASD
[15:10:57] [258/445] BDRB
[15:10:58] [259/445] LASM
[15:11:00] [260/445] DCRL
[15:11:00] 🔄 Identity reset
[15:11:00] 🔄 Identity rotated (every 10 requests)
[15:11:01] [261/445] DVPM
[15:11:02] [262/445] SBMJ
[15:11:03] [263/445] CBMU
[15:11:04] [264/445] IUBS
[15:11:05] [265/445] INAP
[15:11:06] [266/445] SRRC
[15:11:06] [267/445] SAGR
[15:11:07] [268/445] CPMJ
[15:11:09] [269/445] ATJL
[15:11:10] [270/445] NNTD
[15:11:11] 🔄 Identity reset
[15:11:11] 🔄 Identity rotated (every 10 requests)
[15:11:11] [271/445] JHCJ
[15:11:12] [272/445] CMMP
[15:11:13] [273/445] RSDR
[15:11:14] [274/445] AMTI
[15:11:14] [275/445] NYSG
[15:11:15] [276/445] AVSG
[15:11:16] [277/445] SYTP
[15:11:17] [278/445] LARC
[15:11:18] [279/445] RJTP
[15:11:19] [280/445] LAKC
[15:11:19] 🔄 Identity reset
[15:11:19] 🔄 Identity rotated (every 10 requests)
[15:11:20] [281/445] MCXE
[15:11:21] [282/445] CCZC
[15:11:21] [283/445] AVCH
[15:11:22] [284/445] CMBE
[15:11:23] [285/445] MRRC
[15:11:24] [286/445] PCPY
[15:11:25] [287/445] SRMH
[15:11:26] [288/445] SVGS
[15:11:27] [289/445] PCSE
[15:11:28] [290/445] SVFT
[15:11:28] 🔄 Identity reset
[15:11:28] 🔄 Identity rotated (every 10 requests)
[15:11:29] [291/445] TNZP
[15:11:29] [292/445] ICTP
[15:11:30] [293/445] ACTZ
[15:11:32] [294/445] GTUR
[15:11:33] [295/445] MAFC
[15:11:35] [296/445] MINL
[15:11:36] [297/445] MRCL
[15:11:37] [298/445] RCRP
[15:11:38] [299/445] RFFG
[15:11:38] [300/445] RMAS
[15:11:39] 🔄 Identity reset
[15:11:39] 🔄 Identity rotated (every 10 requests)
[15:11:39] [301/445] INVR
[15:11:40] [302/445] RMAR
[15:11:41] [303/445] CNIS
[15:11:42] [304/445] RHRJ
[15:11:43] [305/445] INXR
[15:11:44] [306/445] VALT
[15:11:45] [307/445] LCSH
[15:11:46] [308/445] CMVS
[15:11:48] [309/445] CNMS
[15:11:49] [310/445] ROOG
[15:11:49] 🔄 Identity reset
[15:11:49] 🔄 Identity rotated (every 10 requests)
[15:11:50] [311/445] ISRM
[15:11:51] [312/445] RCRM
[15:11:52] [313/445] ACJA
[15:11:53] [314/445] RCVS
[15:11:54] [315/445] CPUS
[15:11:54] [316/445] TGCS
[15:11:55] [317/445] RKCJ
[15:11:56] [318/445] MKSB
[15:11:57] [319/445] TCSJ
[15:11:58] [320/445] RMGP
[15:11:59] 🔄 Identity reset
[15:11:59] 🔄 Identity rotated (every 10 requests)
[15:11:59] [321/445] CLLP
[15:12:01] [322/445] RCMV
[15:12:01] [323/445] CCKS
[15:12:02] [324/445] RSRP
[15:12:03] [325/445] APLP
[15:12:04] [326/445] CNVS
[15:12:05] [327/445] RMVY
[15:12:06] [328/445] PGBD
[15:12:07] [329/445] KLMS
[15:12:08] [330/445] RUST
[15:12:09] 🔄 Identity reset
[15:12:09] 🔄 Identity rotated (every 10 requests)
[15:12:10] [331/445] MASM
[15:12:12] [332/445] BACS
[15:12:13] [333/445] BWST
[15:12:14] [334/445] RRFH
[15:12:15] [335/445] SJTM
[15:12:16] [336/445] BEMR
[15:12:17] [337/445] MCGR
[15:12:18] [338/445] SDSK
[15:12:19] [339/445] VBOL
[15:12:20] [340/445] RMGM
[15:12:21] 🔄 Identity reset
[15:12:21] 🔄 Identity rotated (every 10 requests)
[15:12:21] [341/445] NOPL
[15:12:22] [342/445] MKJK
[15:12:23] [343/445] CVRN
[15:12:24] [344/445] MMEN
[15:12:25] [345/445] AMNG
[15:12:26] [346/445] INTM
[15:12:26] [347/445] SLCZ
[15:12:27] [348/445] AMJN
[15:12:28] [349/445] ACJN
[15:12:29] [350/445] AMKN
[15:12:30] 🔄 Identity reset
[15:12:30] 🔄 Identity rotated (every 10 requests)
[15:12:30] [351/445] BTCN
[15:12:31] [352/445] AMBT
[15:12:32] [353/445] PACN
[15:12:33] [354/445] LCNS
[15:12:34] [355/445] PPKC
[15:12:35] [356/445] JYYN
[15:12:36] [357/445] JTNR
[15:12:37] [358/445] GTEE
[15:12:38] [359/445] SRNM
[15:12:38] [360/445] SDTC
[15:12:39] 🔄 Identity reset
[15:12:39] 🔄 Identity rotated (every 10 requests)
[15:12:39] [361/445] VPCA
[15:12:41] [362/445] VLRA
[15:12:42] [363/445] SHKR
[15:12:43] [364/445] SBKD
[15:12:43] [365/445] SAAD
[15:12:44] [366/445] JTGN
[15:12:45] [367/445] SLAM
[15:12:46] [368/445] VTPM
[15:12:47] [369/445] ANPT
[15:12:48] [370/445] PUNB
[15:12:49] 🔄 Identity reset
[15:12:49] 🔄 Identity rotated (every 10 requests)
[15:12:50] [371/445] CPKT
[15:12:51] [372/445] CNWE
[15:12:52] [373/445] ECPP
[15:12:53] [374/445] CPAR
[15:12:54] [375/445] ESBW
[15:12:55] [376/445] PKPU
[15:12:56] [377/445] CPRP
[15:12:57] [378/445] RAHU
[15:12:58] [379/445] RHMN
[15:12:59] [380/445] FMJP
[15:13:00] 🔄 Identity reset
[15:13:00] 🔄 Identity rotated (every 10 requests)
[15:13:00] [381/445] CTMP
[15:13:01] [382/445] INPN
[15:13:02] [383/445] STTG
[15:13:04] [384/445] CTRD
[15:13:05] [385/445] PUVB
[15:13:06] [386/445] ESVP
[15:13:06] [387/445] CPFT
[15:13:07] [388/445] LCPC
[15:13:08] [389/445] VBCT
[15:13:09] [390/445] FSCW
[15:13:10] 🔄 Identity reset
[15:13:10] 🔄 Identity rotated (every 10 requests)
[15:13:10] [391/445] VCMP
[15:13:11] [392/445] ASHC
[15:13:12] [393/445] VLCX
[15:13:13] [394/445] SHEV
[15:13:14] [395/445] APCO
[15:13:15] [396/445] SILC
[15:13:15] [397/445] SNMR
[15:13:16] [398/445] KYBO
[15:13:17] [399/445] SATK
[15:13:18] [400/445] SSCS
[15:13:19] 🔄 Identity reset
[15:13:19] 🔄 Identity rotated (every 10 requests)
[15:13:19] [401/445] CLSB
[15:13:20] [402/445] KMJR
[15:13:21] [403/445] FSCK
[15:13:22] [404/445] NNKA
[15:13:22] [405/445] CLMK
[15:13:23] [406/445] DMPZ
[15:13:24] [407/445] INQM
[15:13:25] [408/445] CAML
[15:13:26] [409/445] INRK
[15:13:27] [410/445] IMKN
[15:13:28] 🔄 Identity reset
[15:13:28] 🔄 Identity rotated (every 10 requests)
[15:13:28] [411/445] SVNR
[15:13:29] [412/445] INSL
[15:13:30] [413/445] MSMA
[15:13:31] [414/445] MCKK
[15:13:32] [415/445] FCHP
[15:13:33] [416/445] SFCR
[15:13:34] [417/445] NACK
[15:13:35] [418/445] PVAK
[15:13:35] [419/445] INER
[15:13:36] [420/445] RDBK
[15:13:37] 🔄 Identity reset
[15:13:37] 🔄 Identity rotated (every 10 requests)
[15:13:37] [421/445] SVFN
[15:13:38] [422/445] IFRM
[15:13:39] [423/445] ATCK
[15:13:40] [424/445] ASKO
[15:13:41] [425/445] STKT
[15:13:42] [426/445] SVFB
[15:13:42] [427/445] INKS
[15:13:43] [428/445] PCRA
[15:13:45] [429/445] ATJA
[15:13:45] [430/445] IMJN
[15:13:46] 🔄 Identity reset
[15:13:46] 🔄 Identity rotated (every 10 requests)
[15:13:46] [431/445] INHD
[15:13:48] [432/445] BARA
[15:13:49] [433/445] MCSL
[15:13:50] [434/445] RTOY
[15:13:50] [435/445] MENO
[15:13:51] [436/445] PUDM
[15:13:52] [437/445] PRCN
[15:13:53] [438/445] JMJR
[15:13:54] [439/445] SSGK
[15:13:55] [440/445] SSRL
[15:13:55] 🔄 Identity reset
[15:13:55] 🔄 Identity rotated (every 10 requests)
[15:13:56] [441/445] JYKL
[15:13:57] [442/445] ACNB
[15:13:58] [443/445] SONP
[15:13:59] [444/445] EMCI
[15:13:59] [445/445] MRJH
[15:14:00] ✅ DONE | Shows=2494 | Movies=73
[16:06:33] 🚀 BMS DAILY TRACKER STARTED (enhanced anti‑detection)
[16:06:33] [1/445] TGMR
[16:06:34] 🧠 New identity created
[16:06:34] [2/445] CXKR
[16:06:35] [3/445] SROP
[16:06:36] [4/445] GTSV
[16:06:37] [5/445] SNTY
[16:06:39] [6/445] SMYY
[16:06:40] [7/445] CNCS
[16:06:41] [8/445] CSTM
[16:06:42] [9/445] NUCD
[16:06:43] [10/445] SHCZ
[16:06:43] 🔄 Identity reset
[16:06:43] 🔄 Identity rotated (every 10 requests)
[16:06:44] 🔄 Retry 1/5 for SHCZ in 2.3s
[16:06:44] 🔄 Identity reset
[16:06:46] 🧠 New identity created
[16:06:46] [11/445] NJCT
[16:06:47] [12/445] COPC
[16:06:48] [13/445] STVV
[16:06:49] [14/445] SKRN
[16:06:49] [15/445] APPZ
[16:06:50] [16/445] YMGN
[16:06:51] [17/445] SVTU
[16:06:52] [18/445] GTAD
[16:06:54] [19/445] PSUS
[16:06:54] 🔄 Identity reset
[16:06:54] 🔄 Identity rotated (every 10 requests)
[16:06:55] [20/445] SMCD
[16:06:55] [21/445] CMCM
[16:06:57] [22/445] SYCT
[16:06:58] [23/445] STLY
[16:06:59] [24/445] CMHU
[16:07:00] [25/445] CMSA
[16:07:01] [26/445] CLCU
[16:07:02] [27/445] PPNT
[16:07:03] [28/445] JTAB
[16:07:03] [29/445] BUUC
[16:07:04] 🔄 Identity reset
[16:07:04] 🔄 Identity rotated (every 10 requests)
[16:07:04] [30/445] BSVK
[16:07:05] [31/445] VVVQ
[16:07:07] [32/445] TKMU
[16:07:07] [33/445] ESYL
[16:07:08] [34/445] ACHP
[16:07:09] [35/445] BTKD
[16:07:10] [36/445] DESA
[16:07:11] [37/445] GBCT
[16:07:13] [38/445] BLLD
[16:07:14] [39/445] SKNT
[16:07:15] 🔄 Identity reset
[16:07:15] 🔄 Identity rotated (every 10 requests)
[16:07:15] [40/445] SSTE
[16:07:16] [41/445] VJMR
[16:07:16] [42/445] NTPU
[16:07:17] [43/445] RDKN
[16:07:18] [44/445] ADGC
[16:07:19] [45/445] VRBP
[16:07:20] [46/445] NMNA
[16:07:22] [47/445] CMMX
[16:07:22] [48/445] PTKO
[16:07:23] [49/445] RBML
[16:07:24] 🔄 Identity reset
[16:07:24] 🔄 Identity rotated (every 10 requests)
[16:07:25] [50/445] SAIC
[16:07:26] [51/445] SVTJ
[16:07:27] [52/445] MRTE
[16:07:27] [53/445] RBTP
[16:07:28] [54/445] NLPS
[16:07:29] [55/445] GTNA
[16:07:30] [56/445] DGGC
[16:07:31] [57/445] SMCR
[16:07:33] [58/445] SCGD
[16:07:34] [59/445] SRRJ
[16:07:34] 🔄 Identity reset
[16:07:34] 🔄 Identity rotated (every 10 requests)
[16:07:35] [60/445] CNRY
[16:07:36] [61/445] KTDI
[16:07:37] [62/445] SNJL
[16:07:38] [63/445] RKMD
[16:07:39] [64/445] SMDC
[16:07:39] [65/445] TADG
[16:07:40] [66/445] MCGS
[16:07:41] [67/445] PETK
[16:07:42] [68/445] CHAG
[16:07:43] [69/445] KSTL
[16:07:43] 🔄 Identity reset
[16:07:43] 🔄 Identity rotated (every 10 requests)
[16:07:44] 🔄 Retry 1/5 for KSTL in 2.3s
[16:07:44] 🔄 Identity reset
[16:07:46] 🧠 New identity created
[16:07:46] [70/445] AADS
[16:07:48] [71/445] NTHZ
[16:07:48] [72/445] HCKI
[16:07:49] [73/445] SSEF
[16:07:50] [74/445] MCGX
[16:07:51] [75/445] ERRA
[16:07:52] [76/445] SDTW
[16:07:53] [77/445] RMPK
[16:07:53] [78/445] PTHK
[16:07:54] 🔄 Identity reset
[16:07:54] 🔄 Identity rotated (every 10 requests)
[16:07:54] [79/445] PXCS
[16:07:55] [80/445] SVLU
[16:07:56] [81/445] STAH
[16:07:57] [82/445] JRGF
[16:07:58] [83/445] CDOK
[16:07:59] [84/445] CMSG
[16:08:00] [85/445] APTD
[16:08:01] [86/445] KMPG
[16:08:02] [87/445] MUTJ
[16:08:03] [88/445] VCCI
[16:08:03] 🔄 Identity reset
[16:08:03] 🔄 Identity rotated (every 10 requests)
[16:08:04] [89/445] URBE
[16:08:04] [90/445] TCTS
[16:08:05] [91/445] STSN
[16:08:06] [92/445] AKCH
[16:08:07] [93/445] APSC
[16:08:08] [94/445] VLTB
[16:08:09] [95/445] SANU
[16:08:10] [96/445] AXAM
[16:08:11] [97/445] MGMG
[16:08:12] [98/445] HTBY
[16:08:12] 🔄 Identity reset
[16:08:12] 🔄 Identity rotated (every 10 requests)
[16:08:13] [99/445] MMZS
[16:08:14] [100/445] SUDR
[16:08:15] [101/445] CCAD
[16:08:16] [102/445] SKKC
[16:08:17] [103/445] RMCD
[16:08:18] [104/445] SBCQ
[16:08:18] [105/445] DCCT
[16:08:19] [106/445] VTKP
[16:08:20] [107/445] MLAM
[16:08:22] [108/445] SAVT
[16:08:22] 🔄 Identity reset
[16:08:22] 🔄 Identity rotated (every 10 requests)
[16:08:24] [109/445] GEPL
[16:08:24] [110/445] AMCD
[16:08:26] [111/445] CCXR
[16:08:27] [112/445] GRNG
[16:08:28] [113/445] EBCA
[16:08:29] [114/445] CNVG
[16:08:31] [115/445] MWSS
[16:08:31] [116/445] VBOR
[16:08:33] [117/445] NEEB
[16:08:34] [118/445] SUTH
[16:08:35] 🔄 Identity reset
[16:08:35] 🔄 Identity rotated (every 10 requests)
[16:08:35] [119/445] ANDB
[16:08:36] [120/445] MMXS
[16:08:37] [121/445] CNPD
[16:08:38] [122/445] SDCE
[16:08:38] [123/445] DHCB
[16:08:40] [124/445] ODEN
[16:08:41] [125/445] TNTC
[16:08:42] [126/445] VBKM
[16:08:43] [127/445] RZYM
[16:08:44] [128/445] JEMC
[16:08:45] 🔄 Identity reset
[16:08:45] 🔄 Identity rotated (every 10 requests)
[16:08:45] [129/445] CMAU
[16:08:46] [130/445] SIVP
[16:08:47] [131/445] ATAG
[16:08:48] [132/445] CHTM
[16:08:49] [133/445] AAEE
[16:08:51] [134/445] IWPM
[16:08:51] [135/445] KCMW
[16:08:52] [136/445] MCTD
[16:08:53] [137/445] SPWR
[16:08:54] [138/445] SDPO
[16:08:54] 🔄 Identity reset
[16:08:54] 🔄 Identity rotated (every 10 requests)
[16:08:55] [139/445] PCSK
[16:08:55] [140/445] ACHV
[16:08:56] [141/445] SVLA
[16:08:57] [142/445] PICT
[16:08:59] [143/445] BXDR
[16:09:00] [144/445] SPWA
[16:09:00] [145/445] MCKO
[16:09:01] [146/445] RTHK
[16:09:02] [147/445] CCMF
[16:09:04] [148/445] MRGB
[16:09:04] 🔄 Identity reset
[16:09:04] 🔄 Identity rotated (every 10 requests)
[16:09:05] [149/445] CPLC
[16:09:05] [150/445] RACD
[16:09:06] [151/445] ATKT
[16:09:07] [152/445] SARN
[16:09:08] [153/445] KKUI
[16:09:09] [154/445] RGCM
[16:09:11] [155/445] BRVP
[16:09:12] [156/445] HRSR
[16:09:13] [157/445] GKGM
[16:09:14] [158/445] TTCD
[16:09:15] 🔄 Identity reset
[16:09:15] 🔄 Identity rotated (every 10 requests)
[16:09:16] [159/445] PTTI
[16:09:16] [160/445] MPTT
[16:09:18] [161/445] CVTT
[16:09:19] [162/445] PCXD
[16:09:21] [163/445] GCDC
[16:09:22] [164/445] CCCF
[16:09:23] [165/445] MRAD
[16:09:24] [166/445] CPLK
[16:09:25] [167/445] SATB
[16:09:26] [168/445] SNVG
[16:09:27] 🔄 Identity reset
[16:09:27] 🔄 Identity rotated (every 10 requests)
[16:09:27] [169/445] JMBA
[16:09:28] [170/445] TEJA
[16:09:29] [171/445] STYO
[16:09:30] [172/445] JTBP
[16:09:31] [173/445] KRGD
[16:09:31] [174/445] SLJJ
[16:09:33] [175/445] SPTJ
[16:09:34] [176/445] SWJG
[16:09:35] [177/445] LKRT
[16:09:36] [178/445] KCKA
[16:09:36] 🔄 Identity reset
[16:09:36] 🔄 Identity rotated (every 10 requests)
[16:09:37] [179/445] SNCR
[16:09:38] [180/445] SMKL
[16:09:39] [181/445] GCFA
[16:09:40] [182/445] DDCK
[16:09:41] [183/445] NCHJ
[16:09:42] [184/445] RDMA
[16:09:43] [185/445] SVSV
[16:09:44] [186/445] SCJG
[16:09:45] [187/445] VKLP
[16:09:46] [188/445] NWCC
[16:09:46] 🔄 Identity reset
[16:09:46] 🔄 Identity rotated (every 10 requests)
[16:09:46] 🔄 Retry 1/5 for NWCC in 2.1s
[16:09:46] 🔄 Identity reset
[16:09:48] 🧠 New identity created
[16:09:49] [189/445] VKNS
[16:09:49] [190/445] SDDP
[16:09:50] [191/445] ACSI
[16:09:52] [192/445] SATG
[16:09:53] [193/445] SCMW
[16:09:54] [194/445] LKTK
[16:09:55] [195/445] VCKV
[16:09:56] [196/445] KKPE
[16:09:57] [197/445] KIGH
[16:09:58] 🔄 Identity reset
[16:09:58] 🔄 Identity rotated (every 10 requests)
[16:09:59] [198/445] SRPM
[16:10:00] [199/445] SCAH
[16:10:01] [200/445] MUTA
[16:10:02] [201/445] SEPU
[16:10:03] [202/445] INOA
[16:10:04] [203/445] BASK
[16:10:05] [204/445] NECB
[16:10:05] [205/445] GTTG
[16:10:07] [206/445] ASSA
[16:10:08] [207/445] ANCL
[16:10:09] 🔄 Identity reset
[16:10:09] 🔄 Identity rotated (every 10 requests)
[16:10:09] [208/445] GCTI
[16:10:10] [209/445] RCTS
[16:10:11] [210/445] ACNL
[16:10:12] [211/445] MYCT
[16:10:13] [212/445] NMHT
[16:10:14] [213/445] MDIT
[16:10:15] [214/445] LATG
[16:10:16] [215/445] SMTY
[16:10:17] [216/445] CVCT
[16:10:19] [217/445] RAMB
[16:10:19] 🔄 Identity reset
[16:10:19] 🔄 Identity rotated (every 10 requests)
[16:10:20] [218/445] TGMS
[16:10:20] [219/445] BHEL
[16:10:21] [220/445] SHCT
[16:10:22] [221/445] SVCT
[16:10:23] [222/445] MRIY
[16:10:24] [223/445] SARO
[16:10:25] [224/445] STCT
[16:10:26] [225/445] JKKC
[16:10:27] [226/445] PLTT
[16:10:29] [227/445] SRNT
[16:10:29] 🔄 Identity reset
[16:10:29] 🔄 Identity rotated (every 10 requests)
[16:10:30] [228/445] YAST
[16:10:31] [229/445] PERL
[16:10:32] [230/445] CICM
[16:10:33] [231/445] MMTR
[16:10:34] [232/445] ABTK
[16:10:35] [233/445] ATYY
[16:10:36] [234/445] ASTK
[16:10:37] [235/445] VVCK
[16:10:37] [236/445] ATKY
[16:10:38] [237/445] GWEK
[16:10:39] 🔄 Identity reset
[16:10:39] 🔄 Identity rotated (every 10 requests)
[16:10:39] [238/445] SVFH
[16:10:41] [239/445] SLTA
[16:10:42] [240/445] AASH
[16:10:43] [241/445] ACXB
[16:10:44] [242/445] SMTX
[16:10:45] [243/445] AZDH
[16:10:47] [244/445] CMMH
[16:10:47] [245/445] SCSZ
[16:10:49] [246/445] SCKP
[16:10:50] [247/445] NXTM
[16:10:50] 🔄 Identity reset
[16:10:50] 🔄 Identity rotated (every 10 requests)
[16:10:50] [248/445] NWCS
[16:10:51] [249/445] CXMH
[16:10:52] [250/445] PCMA
[16:10:53] [251/445] SGCM
[16:10:54] [252/445] SDTU
[16:10:56] [253/445] MMVI
[16:10:57] [254/445] JKCM
[16:10:58] [255/445] VCMM
[16:10:59] [256/445] SYEE
[16:11:00] [257/445] VASD
[16:11:00] 🔄 Identity reset
[16:11:00] 🔄 Identity rotated (every 10 requests)
[16:11:01] [258/445] BDRB
[16:11:02] [259/445] LASM
[16:11:04] [260/445] DCRL
[16:11:04] [261/445] DVPM
[16:11:05] [262/445] SBMJ
[16:11:06] [263/445] CBMU
[16:11:07] [264/445] IUBS
[16:11:09] [265/445] INAP
[16:11:09] [266/445] SRRC
[16:11:10] [267/445] SAGR
[16:11:11] 🔄 Identity reset
[16:11:11] 🔄 Identity rotated (every 10 requests)
[16:11:11] [268/445] CPMJ
[16:11:12] [269/445] ATJL
[16:11:13] [270/445] NNTD
[16:11:14] [271/445] JHCJ
[16:11:15] [272/445] CMMP
[16:11:16] [273/445] RSDR
[16:11:17] [274/445] AMTI
[16:11:18] [275/445] NYSG
[16:11:18] [276/445] AVSG
[16:11:19] [277/445] SYTP
[16:11:20] 🔄 Identity reset
[16:11:20] 🔄 Identity rotated (every 10 requests)
[16:11:20] [278/445] LARC
[16:11:21] [279/445] RJTP
[16:11:22] [280/445] LAKC
[16:11:23] [281/445] MCXE
[16:11:25] [282/445] CCZC
[16:11:25] [283/445] AVCH
[16:11:26] [284/445] CMBE
[16:11:27] [285/445] MRRC
[16:11:28] [286/445] PCPY
[16:11:30] [287/445] SRMH
[16:11:30] 🔄 Identity reset
[16:11:30] 🔄 Identity rotated (every 10 requests)
[16:11:31] [288/445] SVGS
[16:11:32] [289/445] PCSE
[16:11:33] [290/445] SVFT
[16:11:34] [291/445] TNZP
[16:11:35] [292/445] ICTP
[16:11:36] [293/445] ACTZ
[16:11:36] [294/445] GTUR
[16:11:37] [295/445] MAFC
[16:11:38] [296/445] MINL
[16:11:40] [297/445] MRCL
[16:11:40] 🔄 Identity reset
[16:11:40] 🔄 Identity rotated (every 10 requests)
[16:11:41] [298/445] RCRP
[16:11:41] [299/445] RFFG
[16:11:42] [300/445] RMAS
[16:11:43] [301/445] INVR
[16:11:45] [302/445] RMAR
[16:11:46] [303/445] CNIS
[16:11:47] [304/445] RHRJ
[16:11:48] [305/445] INXR
[16:11:49] [306/445] VALT
[16:11:51] [307/445] LCSH
[16:11:52] 🔄 Identity reset
[16:11:52] 🔄 Identity rotated (every 10 requests)
[16:11:53] [308/445] CMVS
[16:11:53] [309/445] CNMS
[16:11:54] [310/445] ROOG
[16:11:55] [311/445] ISRM
[16:11:56] [312/445] RCRM
[16:11:56] [313/445] ACJA
[16:11:57] [314/445] RCVS
[16:11:59] [315/445] CPUS
[16:12:00] [316/445] TGCS
[16:12:01] [317/445] RKCJ
[16:12:02] 🔄 Identity reset
[16:12:02] 🔄 Identity rotated (every 10 requests)
[16:12:02] [318/445] MKSB
[16:12:03] [319/445] TCSJ
[16:12:04] [320/445] RMGP
[16:12:04] [321/445] CLLP
[16:12:05] [322/445] RCMV
[16:12:06] [323/445] CCKS
[16:12:08] [324/445] RSRP
[16:12:09] [325/445] APLP
[16:12:10] [326/445] CNVS
[16:12:10] [327/445] RMVY
[16:12:11] 🔄 Identity reset
[16:12:11] 🔄 Identity rotated (every 10 requests)
[16:12:12] [328/445] PGBD
[16:12:12] [329/445] KLMS
[16:12:13] [330/445] RUST
[16:12:14] [331/445] MASM
[16:12:15] [332/445] BACS
[16:12:16] [333/445] BWST
[16:12:17] [334/445] RRFH
[16:12:18] [335/445] SJTM
[16:12:19] [336/445] BEMR
[16:12:20] [337/445] MCGR
[16:12:21] 🔄 Identity reset
[16:12:21] 🔄 Identity rotated (every 10 requests)
[16:12:22] [338/445] SDSK
[16:12:24] [339/445] VBOL
[16:12:24] [340/445] RMGM
[16:12:25] [341/445] NOPL
[16:12:26] [342/445] MKJK
[16:12:27] [343/445] CVRN
[16:12:29] [344/445] MMEN
[16:12:30] [345/445] AMNG
[16:12:31] [346/445] INTM
[16:12:32] [347/445] SLCZ
[16:12:33] 🔄 Identity reset
[16:12:33] 🔄 Identity rotated (every 10 requests)
[16:12:33] [348/445] AMJN
[16:12:34] [349/445] ACJN
[16:12:36] [350/445] AMKN
[16:12:36] [351/445] BTCN
[16:12:37] [352/445] AMBT
[16:12:39] [353/445] PACN
[16:12:40] [354/445] LCNS
[16:12:41] [355/445] PPKC
[16:12:41] [356/445] JYYN
[16:12:43] [357/445] JTNR
[16:12:44] 🔄 Identity reset
[16:12:44] 🔄 Identity rotated (every 10 requests)
[16:12:44] [358/445] GTEE
[16:12:45] [359/445] SRNM
[16:12:46] [360/445] SDTC
[16:12:47] [361/445] VPCA
[16:12:48] [362/445] VLRA
[16:12:49] [363/445] SHKR
[16:12:49] [364/445] SBKD
[16:12:50] [365/445] SAAD
[16:12:51] [366/445] JTGN
[16:12:52] [367/445] SLAM
[16:12:52] 🔄 Identity reset
[16:12:52] 🔄 Identity rotated (every 10 requests)
[16:12:53] [368/445] VTPM
[16:12:54] [369/445] ANPT
[16:12:56] [370/445] PUNB
[16:12:58] [371/445] CPKT
[16:12:59] [372/445] CNWE
[16:13:01] [373/445] ECPP
[16:13:02] [374/445] CPAR
[16:13:03] [375/445] ESBW
[16:13:03] [376/445] PKPU
[16:13:04] [377/445] CPRP
[16:13:05] 🔄 Identity reset
[16:13:05] 🔄 Identity rotated (every 10 requests)
[16:13:05] [378/445] RAHU
[16:13:07] [379/445] RHMN
[16:13:08] [380/445] FMJP
[16:13:08] [381/445] CTMP
[16:13:09] [382/445] INPN
[16:13:11] [383/445] STTG
[16:13:13] [384/445] CTRD
[16:13:13] [385/445] PUVB
[16:13:14] [386/445] ESVP
[16:13:15] [387/445] CPFT
[16:13:16] 🔄 Identity reset
[16:13:16] 🔄 Identity rotated (every 10 requests)
[16:13:17] [388/445] LCPC
[16:13:18] [389/445] VBCT
[16:13:19] [390/445] FSCW
[16:13:20] [391/445] VCMP
[16:13:21] [392/445] ASHC
[16:13:21] [393/445] VLCX
[16:13:22] [394/445] SHEV
[16:13:24] [395/445] APCO
[16:13:25] [396/445] SILC
[16:13:26] [397/445] SNMR
[16:13:26] 🔄 Identity reset
[16:13:26] 🔄 Identity rotated (every 10 requests)
[16:13:27] [398/445] KYBO
[16:13:28] [399/445] SATK
[16:13:29] [400/445] SSCS
[16:13:30] [401/445] CLSB
[16:13:31] [402/445] KMJR
[16:13:32] [403/445] FSCK
[16:13:33] [404/445] NNKA
[16:13:34] [405/445] CLMK
[16:13:35] [406/445] DMPZ
[16:13:36] [407/445] INQM
[16:13:36] 🔄 Identity reset
[16:13:36] 🔄 Identity rotated (every 10 requests)
[16:13:36] [408/445] CAML
[16:13:37] [409/445] INRK
[16:13:39] [410/445] IMKN
[16:13:40] [411/445] SVNR
[16:13:40] [412/445] INSL
[16:13:41] [413/445] MSMA
[16:13:42] [414/445] MCKK
[16:13:43] [415/445] FCHP
[16:13:44] [416/445] SFCR
[16:13:45] [417/445] NACK
[16:13:45] 🔄 Identity reset
[16:13:45] 🔄 Identity rotated (every 10 requests)
[16:13:46] [418/445] PVAK
[16:13:47] [419/445] INER
[16:13:47] [420/445] RDBK
[16:13:48] [421/445] SVFN
[16:13:49] [422/445] IFRM
[16:13:51] [423/445] ATCK
[16:13:52] [424/445] ASKO
[16:13:53] [425/445] STKT
[16:13:54] [426/445] SVFB
[16:13:55] [427/445] INKS
[16:13:55] 🔄 Identity reset
[16:13:55] 🔄 Identity rotated (every 10 requests)
[16:13:56] [428/445] PCRA
[16:13:57] [429/445] ATJA
[16:13:58] [430/445] IMJN
[16:13:59] [431/445] INHD
[16:14:00] [432/445] BARA
[16:14:01] [433/445] MCSL
[16:14:02] [434/445] RTOY
[16:14:02] [435/445] MENO
[16:14:03] [436/445] PUDM
[16:14:04] [437/445] PRCN
[16:14:05] 🔄 Identity reset
[16:14:05] 🔄 Identity rotated (every 10 requests)
[16:14:05] [438/445] JMJR
[16:14:06] [439/445] SSGK
[16:14:07] [440/445] SSRL
[16:14:07] [441/445] JYKL
[16:14:08] [442/445] ACNB
[16:14:09] [443/445] SONP
[16:14:10] [444/445] EMCI
[16:14:11] [445/445] MRJH
[16:14:12] ✅ DONE | Shows=2717 | Movies=73
[17:06:27] 🚀 BMS DAILY TRACKER STARTED (enhanced anti‑detection)
[17:06:27] [1/445] TGMR
[17:06:28] 🧠 New identity created
[17:06:28] [2/445] CXKR
[17:06:29] [3/445] SROP
[17:06:30] [4/445] GTSV
[17:06:31] [5/445] SNTY
[17:06:31] [6/445] SMYY
[17:06:32] [7/445] CNCS
[17:06:33] [8/445] CSTM
[17:06:34] [9/445] NUCD
[17:06:35] [10/445] SHCZ
[17:06:35] 🔄 Identity reset
[17:06:35] 🔄 Identity rotated (every 10 requests)
[17:06:35] [11/445] NJCT
[17:06:36] [12/445] COPC
[17:06:37] [13/445] STVV
[17:06:39] [14/445] SKRN
[17:06:40] [15/445] APPZ
[17:06:40] [16/445] YMGN
[17:06:41] [17/445] SVTU
[17:06:42] [18/445] GTAD
[17:06:43] [19/445] PSUS
[17:06:44] [20/445] SMCD
[17:06:44] 🔄 Identity reset
[17:06:44] 🔄 Identity rotated (every 10 requests)
[17:06:44] [21/445] CMCM
[17:06:45] [22/445] SYCT
[17:06:47] [23/445] STLY
[17:06:47] [24/445] CMHU
[17:06:48] [25/445] CMSA
[17:06:49] [26/445] CLCU
[17:06:50] [27/445] PPNT
[17:06:50] [28/445] JTAB
[17:06:51] [29/445] BUUC
[17:06:52] [30/445] BSVK
[17:06:53] 🔄 Identity reset
[17:06:53] 🔄 Identity rotated (every 10 requests)
[17:06:53] [31/445] VVVQ
[17:06:54] [32/445] TKMU
[17:06:55] [33/445] ESYL
[17:06:56] [34/445] ACHP
[17:06:56] [35/445] BTKD
[17:06:57] [36/445] DESA
[17:06:58] [37/445] GBCT
[17:06:58] [38/445] BLLD
[17:06:59] [39/445] SKNT
[17:07:00] [40/445] SSTE
[17:07:00] 🔄 Identity reset
[17:07:00] 🔄 Identity rotated (every 10 requests)
[17:07:01] [41/445] VJMR
[17:07:02] [42/445] NTPU
[17:07:02] [43/445] RDKN
[17:07:03] [44/445] ADGC
[17:07:04] [45/445] VRBP
[17:07:06] [46/445] NMNA
[17:07:06] [47/445] CMMX
[17:07:07] [48/445] PTKO
[17:07:08] [49/445] RBML
[17:07:09] [50/445] SAIC
[17:07:10] 🔄 Identity reset
[17:07:10] 🔄 Identity rotated (every 10 requests)
[17:07:10] [51/445] SVTJ
[17:07:11] [52/445] MRTE
[17:07:11] [53/445] RBTP
[17:07:12] [54/445] NLPS
[17:07:13] [55/445] GTNA
[17:07:14] [56/445] DGGC
[17:07:15] [57/445] SMCR
[17:07:16] [58/445] SCGD
[17:07:16] [59/445] SRRJ
[17:07:17] [60/445] CNRY
[17:07:18] 🔄 Identity reset
[17:07:18] 🔄 Identity rotated (every 10 requests)
[17:07:18] [61/445] KTDI
[17:07:19] [62/445] SNJL
[17:07:20] [63/445] RKMD
[17:07:21] [64/445] SMDC
[17:07:22] [65/445] TADG
[17:07:23] [66/445] MCGS
[17:07:24] [67/445] PETK
[17:07:24] [68/445] CHAG
[17:07:25] [69/445] KSTL
[17:07:25] [70/445] AADS
[17:07:26] 🔄 Identity reset
[17:07:26] 🔄 Identity rotated (every 10 requests)
[17:07:26] [71/445] NTHZ
[17:07:27] [72/445] HCKI
[17:07:28] [73/445] SSEF
[17:07:29] [74/445] MCGX
[17:07:29] [75/445] ERRA
[17:07:30] [76/445] SDTW
[17:07:31] [77/445] RMPK
[17:07:32] [78/445] PTHK
[17:07:33] [79/445] PXCS
[17:07:34] [80/445] SVLU
[17:07:34] 🔄 Identity reset
[17:07:34] 🔄 Identity rotated (every 10 requests)
[17:07:35] [81/445] STAH
[17:07:36] [82/445] JRGF
[17:07:37] [83/445] CDOK
[17:07:38] [84/445] CMSG
[17:07:38] [85/445] APTD
[17:07:39] [86/445] KMPG
[17:07:39] [87/445] MUTJ
[17:07:40] [88/445] VCCI
[17:07:41] [89/445] URBE
[17:07:42] [90/445] TCTS
[17:07:43] 🔄 Identity reset
[17:07:43] 🔄 Identity rotated (every 10 requests)
[17:07:43] [91/445] STSN
[17:07:44] [92/445] AKCH
[17:07:45] [93/445] APSC
[17:07:45] [94/445] VLTB
[17:07:46] [95/445] SANU
[17:07:47] [96/445] AXAM
[17:07:48] [97/445] MGMG
[17:07:49] [98/445] HTBY
[17:07:49] [99/445] MMZS
[17:07:50] [100/445] SUDR
[17:07:51] 🔄 Identity reset
[17:07:51] 🔄 Identity rotated (every 10 requests)
[17:07:51] [101/445] CCAD
[17:07:52] [102/445] SKKC
[17:07:52] [103/445] RMCD
[17:07:53] [104/445] SBCQ
[17:07:54] [105/445] DCCT
[17:07:54] [106/445] VTKP
[17:07:55] [107/445] MLAM
[17:07:56] [108/445] SAVT
[17:07:56] [109/445] GEPL
[17:07:57] [110/445] AMCD
[17:07:58] 🔄 Identity reset
[17:07:58] 🔄 Identity rotated (every 10 requests)
[17:07:58] [111/445] CCXR
[17:07:59] [112/445] GRNG
[17:08:00] [113/445] EBCA
[17:08:01] [114/445] CNVG
[17:08:02] [115/445] MWSS
[17:08:02] [116/445] VBOR
[17:08:03] [117/445] NEEB
[17:08:04] [118/445] SUTH
[17:08:05] [119/445] ANDB
[17:08:05] [120/445] MMXS
[17:08:06] 🔄 Identity reset
[17:08:06] 🔄 Identity rotated (every 10 requests)
[17:08:06] [121/445] CNPD
[17:08:07] [122/445] SDCE
[17:08:08] [123/445] DHCB
[17:08:08] [124/445] ODEN
[17:08:09] [125/445] TNTC
[17:08:10] [126/445] VBKM
[17:08:11] [127/445] RZYM
[17:08:11] [128/445] JEMC
[17:08:12] [129/445] CMAU
[17:08:12] [130/445] SIVP
[17:08:13] 🔄 Identity reset
[17:08:13] 🔄 Identity rotated (every 10 requests)
[17:08:13] [131/445] ATAG
[17:08:14] [132/445] CHTM
[17:08:15] [133/445] AAEE
[17:08:16] [134/445] IWPM
[17:08:16] [135/445] KCMW
[17:08:17] [136/445] MCTD
[17:08:18] [137/445] SPWR
[17:08:18] [138/445] SDPO
[17:08:19] [139/445] PCSK
[17:08:20] [140/445] ACHV
[17:08:20] 🔄 Identity reset
[17:08:20] 🔄 Identity rotated (every 10 requests)
[17:08:20] [141/445] SVLA
[17:08:21] [142/445] PICT
[17:08:22] [143/445] BXDR
[17:08:23] [144/445] SPWA
[17:08:24] [145/445] MCKO
[17:08:25] [146/445] RTHK
[17:08:26] [147/445] CCMF
[17:08:26] [148/445] MRGB
[17:08:27] [149/445] CPLC
[17:08:28] [150/445] RACD
[17:08:28] 🔄 Identity reset
[17:08:28] 🔄 Identity rotated (every 10 requests)
[17:08:28] [151/445] ATKT
[17:08:29] [152/445] SARN
[17:08:30] [153/445] KKUI
[17:08:30] [154/445] RGCM
[17:08:31] [155/445] BRVP
[17:08:32] [156/445] HRSR
[17:08:33] [157/445] GKGM
[17:08:33] [158/445] TTCD
[17:08:34] [159/445] PTTI
[17:08:34] [160/445] MPTT
[17:08:35] 🔄 Identity reset
[17:08:35] 🔄 Identity rotated (every 10 requests)
[17:08:35] [161/445] CVTT
[17:08:36] [162/445] PCXD
[17:08:36] [163/445] GCDC
[17:08:37] [164/445] CCCF
[17:08:38] [165/445] MRAD
[17:08:38] [166/445] CPLK
[17:08:39] [167/445] SATB
[17:08:40] [168/445] SNVG
[17:08:40] [169/445] JMBA
[17:08:41] [170/445] TEJA
[17:08:42] 🔄 Identity reset
[17:08:42] 🔄 Identity rotated (every 10 requests)
[17:08:42] [171/445] STYO
[17:08:43] [172/445] JTBP
[17:08:43] [173/445] KRGD
[17:08:44] [174/445] SLJJ
[17:08:45] [175/445] SPTJ
[17:08:45] [176/445] SWJG
[17:08:47] [177/445] LKRT
[17:08:47] [178/445] KCKA
[17:08:48] [179/445] SNCR
[17:08:48] [180/445] SMKL
[17:08:49] 🔄 Identity reset
[17:08:49] 🔄 Identity rotated (every 10 requests)
[17:08:49] [181/445] GCFA
[17:08:50] [182/445] DDCK
[17:08:51] [183/445] NCHJ
[17:08:51] [184/445] RDMA
[17:08:52] [185/445] SVSV
[17:08:53] [186/445] SCJG
[17:08:53] [187/445] VKLP
[17:08:54] [188/445] NWCC
[17:08:55] [189/445] VKNS
[17:08:56] [190/445] SDDP
[17:08:56] 🔄 Identity reset
[17:08:56] 🔄 Identity rotated (every 10 requests)
[17:08:56] [191/445] ACSI
[17:08:58] [192/445] SATG
[17:08:59] [193/445] SCMW
[17:09:00] [194/445] LKTK
[17:09:00] [195/445] VCKV
[17:09:01] [196/445] KKPE
[17:09:02] [197/445] KIGH
[17:09:02] [198/445] SRPM
[17:09:03] [199/445] SCAH
[17:09:04] [200/445] MUTA
[17:09:04] 🔄 Identity reset
[17:09:04] 🔄 Identity rotated (every 10 requests)
[17:09:04] [201/445] SEPU
[17:09:05] [202/445] INOA
[17:09:06] [203/445] BASK
[17:09:06] [204/445] NECB
[17:09:07] [205/445] GTTG
[17:09:08] [206/445] ASSA
[17:09:09] [207/445] ANCL
[17:09:10] [208/445] GCTI
[17:09:11] [209/445] RCTS
[17:09:11] [210/445] ACNL
[17:09:12] 🔄 Identity reset
[17:09:12] 🔄 Identity rotated (every 10 requests)
[17:09:12] [211/445] MYCT
[17:09:13] [212/445] NMHT
[17:09:13] [213/445] MDIT
[17:09:14] [214/445] LATG
[17:09:15] [215/445] SMTY
[17:09:16] [216/445] CVCT
[17:09:17] [217/445] RAMB
[17:09:18] [218/445] TGMS
[17:09:19] [219/445] BHEL
[17:09:20] [220/445] SHCT
[17:09:20] 🔄 Identity reset
[17:09:20] 🔄 Identity rotated (every 10 requests)
[17:09:20] 🔄 Retry 1/5 for SHCT in 2.8s
[17:09:20] 🔄 Identity reset
[17:09:23] 🧠 New identity created
[17:09:23] [221/445] SVCT
[17:09:24] [222/445] MRIY
[17:09:24] [223/445] SARO
[17:09:25] [224/445] STCT
[17:09:26] [225/445] JKKC
[17:09:26] [226/445] PLTT
[17:09:27] [227/445] SRNT
[17:09:28] [228/445] YAST
[17:09:29] [229/445] PERL
[17:09:29] 🔄 Identity reset
[17:09:29] 🔄 Identity rotated (every 10 requests)
[17:09:29] [230/445] CICM
[17:09:30] [231/445] MMTR
[17:09:31] [232/445] ABTK
[17:09:32] [233/445] ATYY
[17:09:33] [234/445] ASTK
[17:09:34] [235/445] VVCK
[17:09:35] [236/445] ATKY
[17:09:36] [237/445] GWEK
[17:09:37] [238/445] SVFH
[17:09:38] [239/445] SLTA
[17:09:39] 🔄 Identity reset
[17:09:39] 🔄 Identity rotated (every 10 requests)
[17:09:39] [240/445] AASH
[17:09:40] [241/445] ACXB
[17:09:41] [242/445] SMTX
[17:09:41] [243/445] AZDH
[17:09:42] [244/445] CMMH
[17:09:44] [245/445] SCSZ
[17:09:44] [246/445] SCKP
[17:09:45] [247/445] NXTM
[17:09:46] [248/445] NWCS
[17:09:46] [249/445] CXMH
[17:09:47] 🔄 Identity reset
[17:09:47] 🔄 Identity rotated (every 10 requests)
[17:09:47] [250/445] PCMA
[17:09:48] [251/445] SGCM
[17:09:49] [252/445] SDTU
[17:09:49] [253/445] MMVI
[17:09:50] [254/445] JKCM
[17:09:51] [255/445] VCMM
[17:09:52] [256/445] SYEE
[17:09:53] [257/445] VASD
[17:09:54] [258/445] BDRB
[17:09:55] [259/445] LASM
[17:09:55] 🔄 Identity reset
[17:09:55] 🔄 Identity rotated (every 10 requests)
[17:09:55] [260/445] DCRL
[17:09:56] [261/445] DVPM
[17:09:57] [262/445] SBMJ
[17:09:58] [263/445] CBMU
[17:09:58] [264/445] IUBS
[17:09:59] [265/445] INAP
[17:10:00] [266/445] SRRC
[17:10:01] [267/445] SAGR
[17:10:01] [268/445] CPMJ
[17:10:02] [269/445] ATJL
[17:10:03] 🔄 Identity reset
[17:10:03] 🔄 Identity rotated (every 10 requests)
[17:10:03] [270/445] NNTD
[17:10:04] [271/445] JHCJ
[17:10:04] [272/445] CMMP
[17:10:05] [273/445] RSDR
[17:10:06] [274/445] AMTI
[17:10:07] [275/445] NYSG
[17:10:07] [276/445] AVSG
[17:10:09] [277/445] SYTP
[17:10:10] [278/445] LARC
[17:10:10] [279/445] RJTP
[17:10:11] 🔄 Identity reset
[17:10:11] 🔄 Identity rotated (every 10 requests)
[17:10:11] [280/445] LAKC
[17:10:12] [281/445] MCXE
[17:10:13] [282/445] CCZC
[17:10:13] [283/445] AVCH
[17:10:14] [284/445] CMBE
[17:10:15] [285/445] MRRC
[17:10:16] [286/445] PCPY
[17:10:17] [287/445] SRMH
[17:10:18] [288/445] SVGS
[17:10:19] [289/445] PCSE
[17:10:19] 🔄 Identity reset
[17:10:19] 🔄 Identity rotated (every 10 requests)
[17:10:19] [290/445] SVFT
[17:10:20] [291/445] TNZP
[17:10:21] [292/445] ICTP
[17:10:22] [293/445] ACTZ
[17:10:23] [294/445] GTUR
[17:10:23] [295/445] MAFC
[17:10:24] [296/445] MINL
[17:10:25] [297/445] MRCL
[17:10:26] [298/445] RCRP
[17:10:26] [299/445] RFFG
[17:10:27] 🔄 Identity reset
[17:10:27] 🔄 Identity rotated (every 10 requests)
[17:10:27] [300/445] RMAS
[17:10:28] [301/445] INVR
[17:10:29] [302/445] RMAR
[17:10:29] [303/445] CNIS
[17:10:30] [304/445] RHRJ
[17:10:31] [305/445] INXR
[17:10:32] [306/445] VALT
[17:10:33] [307/445] LCSH
[17:10:34] [308/445] CMVS
[17:10:34] [309/445] CNMS
[17:10:35] 🔄 Identity reset
[17:10:35] 🔄 Identity rotated (every 10 requests)
[17:10:36] [310/445] ROOG
[17:10:37] [311/445] ISRM
[17:10:38] [312/445] RCRM
[17:10:38] [313/445] ACJA
[17:10:39] [314/445] RCVS
[17:10:40] [315/445] CPUS
[17:10:41] [316/445] TGCS
[17:10:42] [317/445] RKCJ
[17:10:42] [318/445] MKSB
[17:10:43] [319/445] TCSJ
[17:10:44] 🔄 Identity reset
[17:10:44] 🔄 Identity rotated (every 10 requests)
[17:10:44] [320/445] RMGP
[17:10:44] [321/445] CLLP
[17:10:46] [322/445] RCMV
[17:10:47] [323/445] CCKS
[17:10:48] [324/445] RSRP
[17:10:48] [325/445] APLP
[17:10:49] [326/445] CNVS
[17:10:50] [327/445] RMVY
[17:10:51] [328/445] PGBD
[17:10:52] [329/445] KLMS
[17:10:52] 🔄 Identity reset
[17:10:52] 🔄 Identity rotated (every 10 requests)
[17:10:53] [330/445] RUST
[17:10:53] [331/445] MASM
[17:10:54] [332/445] BACS
[17:10:55] [333/445] BWST
[17:10:57] [334/445] RRFH
[17:10:57] [335/445] SJTM
[17:10:58] [336/445] BEMR
[17:10:59] [337/445] MCGR
[17:11:00] [338/445] SDSK
[17:11:01] [339/445] VBOL
[17:11:01] 🔄 Identity reset
[17:11:02] 🔄 Identity rotated (every 10 requests)
[17:11:02] 🔄 Retry 1/5 for VBOL in 2.7s
[17:11:02] 🔄 Identity reset
[17:11:04] 🧠 New identity created
[17:11:04] [340/445] RMGM
[17:11:05] [341/445] NOPL
[17:11:06] [342/445] MKJK
[17:11:07] [343/445] CVRN
[17:11:08] [344/445] MMEN
[17:11:09] [345/445] AMNG
[17:11:10] [346/445] INTM
[17:11:11] [347/445] SLCZ
[17:11:12] [348/445] AMJN
[17:11:12] 🔄 Identity reset
[17:11:12] 🔄 Identity rotated (every 10 requests)
[17:11:12] [349/445] ACJN
[17:11:13] [350/445] AMKN
[17:11:14] [351/445] BTCN
[17:11:15] [352/445] AMBT
[17:11:16] [353/445] PACN
[17:11:17] [354/445] LCNS
[17:11:18] [355/445] PPKC
[17:11:18] [356/445] JYYN
[17:11:19] [357/445] JTNR
[17:11:20] [358/445] GTEE
[17:11:21] 🔄 Identity reset
[17:11:21] 🔄 Identity rotated (every 10 requests)
[17:11:21] [359/445] SRNM
[17:11:22] [360/445] SDTC
[17:11:23] [361/445] VPCA
[17:11:23] [362/445] VLRA
[17:11:24] [363/445] SHKR
[17:11:25] [364/445] SBKD
[17:11:25] [365/445] SAAD
[17:11:26] [366/445] JTGN
[17:11:28] [367/445] SLAM
[17:11:28] [368/445] VTPM
[17:11:29] 🔄 Identity reset
[17:11:29] 🔄 Identity rotated (every 10 requests)
[17:11:29] [369/445] ANPT
[17:11:30] [370/445] PUNB
[17:11:31] [371/445] CPKT
[17:11:32] [372/445] CNWE
[17:11:33] [373/445] ECPP
[17:11:34] [374/445] CPAR
[17:11:35] [375/445] ESBW
[17:11:36] [376/445] PKPU
[17:11:37] [377/445] CPRP
[17:11:38] [378/445] RAHU
[17:11:38] 🔄 Identity reset
[17:11:38] 🔄 Identity rotated (every 10 requests)
[17:11:39] [379/445] RHMN
[17:11:39] [380/445] FMJP
[17:11:40] [381/445] CTMP
[17:11:42] [382/445] INPN
[17:11:43] [383/445] STTG
[17:11:44] [384/445] CTRD
[17:11:45] [385/445] PUVB
[17:11:45] [386/445] ESVP
[17:11:46] [387/445] CPFT
[17:11:47] [388/445] LCPC
[17:11:48] 🔄 Identity reset
[17:11:48] 🔄 Identity rotated (every 10 requests)
[17:11:49] [389/445] VBCT
[17:11:50] [390/445] FSCW
[17:11:51] [391/445] VCMP
[17:11:51] [392/445] ASHC
[17:11:52] [393/445] VLCX
[17:11:53] [394/445] SHEV
[17:11:53] [395/445] APCO
[17:11:54] [396/445] SILC
[17:11:55] [397/445] SNMR
[17:11:56] [398/445] KYBO
[17:11:56] 🔄 Identity reset
[17:11:56] 🔄 Identity rotated (every 10 requests)
[17:11:57] [399/445] SATK
[17:11:57] [400/445] SSCS
[17:11:58] [401/445] CLSB
[17:12:00] [402/445] KMJR
[17:12:01] [403/445] FSCK
[17:12:02] [404/445] NNKA
[17:12:02] [405/445] CLMK
[17:12:03] [406/445] DMPZ
[17:12:04] [407/445] INQM
[17:12:05] [408/445] CAML
[17:12:06] 🔄 Identity reset
[17:12:06] 🔄 Identity rotated (every 10 requests)
[17:12:06] [409/445] INRK
[17:12:07] [410/445] IMKN
[17:12:08] [411/445] SVNR
[17:12:09] [412/445] INSL
[17:12:10] [413/445] MSMA
[17:12:11] [414/445] MCKK
[17:12:11] [415/445] FCHP
[17:12:12] [416/445] SFCR
[17:12:13] [417/445] NACK
[17:12:14] [418/445] PVAK
[17:12:14] 🔄 Identity reset
[17:12:14] 🔄 Identity rotated (every 10 requests)
[17:12:15] [419/445] INER
[17:12:16] [420/445] RDBK
[17:12:16] [421/445] SVFN
[17:12:17] [422/445] IFRM
[17:12:18] [423/445] ATCK
[17:12:19] [424/445] ASKO
[17:12:20] [425/445] STKT
[17:12:20] [426/445] SVFB
[17:12:21] [427/445] INKS
[17:12:22] [428/445] PCRA
[17:12:23] 🔄 Identity reset
[17:12:23] 🔄 Identity rotated (every 10 requests)
[17:12:24] [429/445] ATJA
[17:12:25] [430/445] IMJN
[17:12:25] [431/445] INHD
[17:12:27] [432/445] BARA
[17:12:27] [433/445] MCSL
[17:12:29] [434/445] RTOY
[17:12:29] [435/445] MENO
[17:12:30] [436/445] PUDM
[17:12:31] [437/445] PRCN
[17:12:32] [438/445] JMJR
[17:12:33] 🔄 Identity reset
[17:12:33] 🔄 Identity rotated (every 10 requests)
[17:12:33] [439/445] SSGK
[17:12:33] [440/445] SSRL
[17:12:34] [441/445] JYKL
[17:12:35] [442/445] ACNB
[17:12:36] [443/445] SONP
[17:12:36] [444/445] EMCI
[17:12:37] [445/445] MRJH
[17:12:39] ✅ DONE | Shows=2882 | Movies=74
[18:06:35] 🚀 BMS DAILY TRACKER STARTED (enhanced anti‑detection)
[18:06:35] [1/445] TGMR
[18:06:35] 🧠 New identity created
[18:06:36] 🔄 Retry 1/5 for TGMR in 2.2s
[18:06:36] 🔄 Identity reset
[18:06:38] 🧠 New identity created
[18:06:38] [2/445] CXKR
[18:06:39] [3/445] SROP
[18:06:39] [4/445] GTSV
[18:06:41] [5/445] SNTY
[18:06:41] [6/445] SMYY
[18:06:43] [7/445] CNCS
[18:06:45] [8/445] CSTM
[18:06:45] [9/445] NUCD
[18:06:46] 🔄 Identity reset
[18:06:46] 🔄 Identity rotated (every 10 requests)
[18:06:46] 🔄 Retry 1/5 for NUCD in 2.4s
[18:06:46] 🔄 Identity reset
[18:06:49] 🧠 New identity created
[18:06:49] [10/445] SHCZ
[18:06:51] [11/445] NJCT
[18:06:52] [12/445] COPC
[18:06:53] [13/445] STVV
[18:06:54] [14/445] SKRN
[18:06:54] [15/445] APPZ
[18:06:55] [16/445] YMGN
[18:06:57] [17/445] SVTU
[18:06:58] [18/445] GTAD
[18:06:59] 🔄 Identity reset
[18:06:59] 🔄 Identity rotated (every 10 requests)
[18:06:59] 🔄 Retry 1/5 for GTAD in 2.5s
[18:06:59] 🔄 Identity reset
[18:07:01] 🧠 New identity created
[18:07:01] [19/445] PSUS
[18:07:02] [20/445] SMCD
[18:07:03] [21/445] CMCM
[18:07:04] [22/445] SYCT
[18:07:05] [23/445] STLY
[18:07:06] [24/445] CMHU
[18:07:07] [25/445] CMSA
[18:07:08] [26/445] CLCU
[18:07:09] [27/445] PPNT
[18:07:09] 🔄 Identity reset
[18:07:09] 🔄 Identity rotated (every 10 requests)
[18:07:10] [28/445] JTAB
[18:07:11] [29/445] BUUC
[18:07:12] [30/445] BSVK
[18:07:12] [31/445] VVVQ
[18:07:13] [32/445] TKMU
[18:07:14] [33/445] ESYL
[18:07:16] [34/445] ACHP
[18:07:16] [35/445] BTKD
[18:07:17] [36/445] DESA
[18:07:18] [37/445] GBCT
[18:07:19] 🔄 Identity reset
[18:07:19] 🔄 Identity rotated (every 10 requests)
[18:07:19] [38/445] BLLD
[18:07:20] [39/445] SKNT
[18:07:21] [40/445] SSTE
[18:07:22] [41/445] VJMR
[18:07:23] [42/445] NTPU
[18:07:23] [43/445] RDKN
[18:07:24] [44/445] ADGC
[18:07:25] [45/445] VRBP
[18:07:26] [46/445] NMNA
[18:07:27] [47/445] CMMX
[18:07:27] 🔄 Identity reset
[18:07:28] 🔄 Identity rotated (every 10 requests)
[18:07:28] [48/445] PTKO
[18:07:29] [49/445] RBML
[18:07:29] [50/445] SAIC
[18:07:30] [51/445] SVTJ
[18:07:32] [52/445] MRTE
[18:07:33] [53/445] RBTP
[18:07:34] [54/445] NLPS
[18:07:34] [55/445] GTNA
[18:07:35] [56/445] DGGC
[18:07:37] [57/445] SMCR
[18:07:38] 🔄 Identity reset
[18:07:38] 🔄 Identity rotated (every 10 requests)
[18:07:38] 🔄 Retry 1/5 for SMCR in 2.3s
[18:07:38] 🔄 Identity reset
[18:07:40] 🧠 New identity created
[18:07:40] 🔄 Retry 2/5 for SMCR in 4.4s
[18:07:40] 🔄 Identity reset
[18:07:44] 🧠 New identity created
[18:07:45] [58/445] SCGD
[18:07:46] [59/445] SRRJ
[18:07:46] [60/445] CNRY
[18:07:47] [61/445] KTDI
[18:07:49] [62/445] SNJL
[18:07:49] [63/445] RKMD
[18:07:51] [64/445] SMDC
[18:07:52] [65/445] TADG
[18:07:53] 🔄 Identity reset
[18:07:53] 🔄 Identity rotated (every 10 requests)
[18:07:53] [66/445] MCGS
[18:07:54] [67/445] PETK
[18:07:55] [68/445] CHAG
[18:07:56] [69/445] KSTL
[18:07:57] [70/445] AADS
[18:07:57] [71/445] NTHZ
[18:07:59] [72/445] HCKI
[18:08:00] [73/445] SSEF
[18:08:00] [74/445] MCGX
[18:08:02] [75/445] ERRA
[18:08:03] 🔄 Identity reset
[18:08:03] 🔄 Identity rotated (every 10 requests)
[18:08:03] 🔄 Retry 1/5 for ERRA in 2.8s
[18:08:03] 🔄 Identity reset
[18:08:05] 🧠 New identity created
[18:08:06] [76/445] SDTW
[18:08:07] [77/445] RMPK
[18:08:07] [78/445] PTHK
[18:08:08] [79/445] PXCS
[18:08:09] [80/445] SVLU
[18:08:11] [81/445] STAH
[18:08:11] [82/445] JRGF
[18:08:12] [83/445] CDOK
[18:08:13] [84/445] CMSG
[18:08:14] 🔄 Identity reset
[18:08:14] 🔄 Identity rotated (every 10 requests)
[18:08:14] 🔄 Retry 1/5 for CMSG in 2.8s
[18:08:14] 🔄 Identity reset
[18:08:17] 🧠 New identity created
[18:08:17] 🔄 Retry 2/5 for CMSG in 4.3s
[18:08:17] 🔄 Identity reset
[18:08:21] 🧠 New identity created
[18:08:22] [85/445] APTD
[18:08:22] [86/445] KMPG
[18:08:23] [87/445] MUTJ
[18:08:24] [88/445] VCCI
[18:08:25] [89/445] URBE
[18:08:26] [90/445] TCTS
[18:08:27] [91/445] STSN
[18:08:27] [92/445] AKCH
[18:08:28] 🔄 Identity reset
[18:08:28] 🔄 Identity rotated (every 10 requests)
[18:08:28] [93/445] APSC
[18:08:29] [94/445] VLTB
[18:08:30] [95/445] SANU
[18:08:31] [96/445] AXAM
[18:08:32] [97/445] MGMG
[18:08:33] [98/445] HTBY
[18:08:34] [99/445] MMZS
[18:08:35] [100/445] SUDR
[18:08:36] [101/445] CCAD
[18:08:37] [102/445] SKKC
[18:08:38] 🔄 Identity reset
[18:08:38] 🔄 Identity rotated (every 10 requests)
[18:08:38] [103/445] RMCD
[18:08:39] [104/445] SBCQ
[18:08:40] [105/445] DCCT
[18:08:42] [106/445] VTKP
[18:08:43] [107/445] MLAM
[18:08:44] [108/445] SAVT
[18:08:44] [109/445] GEPL
[18:08:45] [110/445] AMCD
[18:08:46] [111/445] CCXR
[18:08:47] [112/445] GRNG
[18:08:48] 🔄 Identity reset
[18:08:48] 🔄 Identity rotated (every 10 requests)
[18:08:48] [113/445] EBCA
[18:08:50] [114/445] CNVG
[18:08:51] [115/445] MWSS
[18:08:52] [116/445] VBOR
[18:08:53] [117/445] NEEB
[18:08:54] [118/445] SUTH
[18:08:55] [119/445] ANDB
[18:08:56] [120/445] MMXS
[18:08:58] [121/445] CNPD
[18:08:59] [122/445] SDCE
[18:08:59] 🔄 Identity reset
[18:08:59] 🔄 Identity rotated (every 10 requests)
[18:09:00] [123/445] DHCB
[18:09:01] [124/445] ODEN
[18:09:03] [125/445] TNTC
[18:09:04] [126/445] VBKM
[18:09:05] [127/445] RZYM
[18:09:06] [128/445] JEMC
[18:09:07] [129/445] CMAU
[18:09:08] [130/445] SIVP
[18:09:10] [131/445] ATAG
[18:09:10] [132/445] CHTM
[18:09:11] 🔄 Identity reset
[18:09:11] 🔄 Identity rotated (every 10 requests)
[18:09:11] [133/445] AAEE
[18:09:12] [134/445] IWPM
[18:09:13] [135/445] KCMW
[18:09:14] [136/445] MCTD
[18:09:16] [137/445] SPWR
[18:09:16] [138/445] SDPO
[18:09:17] [139/445] PCSK
[18:09:19] [140/445] ACHV
[18:09:20] [141/445] SVLA
[18:09:20] [142/445] PICT
[18:09:21] 🔄 Identity reset
[18:09:21] 🔄 Identity rotated (every 10 requests)
[18:09:22] [143/445] BXDR
[18:09:23] [144/445] SPWA
[18:09:24] [145/445] MCKO
[18:09:25] [146/445] RTHK
[18:09:26] [147/445] CCMF
[18:09:27] [148/445] MRGB
[18:09:28] [149/445] CPLC
[18:09:29] [150/445] RACD
[18:09:30] [151/445] ATKT
[18:09:31] [152/445] SARN
[18:09:32] 🔄 Identity reset
[18:09:32] 🔄 Identity rotated (every 10 requests)
[18:09:33] [153/445] KKUI
[18:09:33] [154/445] RGCM
[18:09:34] [155/445] BRVP
[18:09:36] [156/445] HRSR
[18:09:38] [157/445] GKGM
[18:09:38] [158/445] TTCD
[18:09:39] [159/445] PTTI
[18:09:40] [160/445] MPTT
[18:09:41] [161/445] CVTT
[18:09:43] [162/445] PCXD
[18:09:44] 🔄 Identity reset
[18:09:44] 🔄 Identity rotated (every 10 requests)
[18:09:44] 🔄 Retry 1/5 for PCXD in 2.4s
[18:09:44] 🔄 Identity reset
[18:09:46] 🧠 New identity created
[18:09:46] [163/445] GCDC
[18:09:47] [164/445] CCCF
[18:09:48] [165/445] MRAD
[18:09:49] [166/445] CPLK
[18:09:50] [167/445] SATB
[18:09:51] [168/445] SNVG
[18:09:52] [169/445] JMBA
[18:09:53] [170/445] TEJA
[18:09:54] [171/445] STYO
[18:09:55] 🔄 Identity reset
[18:09:55] 🔄 Identity rotated (every 10 requests)
[18:09:55] [172/445] JTBP
[18:09:56] [173/445] KRGD
[18:09:57] [174/445] SLJJ
[18:09:58] [175/445] SPTJ
[18:09:59] [176/445] SWJG
[18:10:00] [177/445] LKRT
[18:10:00] [178/445] KCKA
[18:10:01] [179/445] SNCR
[18:10:03] [180/445] SMKL
[18:10:04] [181/445] GCFA
[18:10:04] 🔄 Identity reset
[18:10:04] 🔄 Identity rotated (every 10 requests)
[18:10:05] [182/445] DDCK
[18:10:07] [183/445] NCHJ
[18:10:08] [184/445] RDMA
[18:10:08] [185/445] SVSV
[18:10:10] [186/445] SCJG
[18:10:11] [187/445] VKLP
[18:10:12] [188/445] NWCC
[18:10:13] [189/445] VKNS
[18:10:14] [190/445] SDDP
[18:10:15] [191/445] ACSI
[18:10:16] 🔄 Identity reset
[18:10:16] 🔄 Identity rotated (every 10 requests)
[18:10:16] 🔄 Retry 1/5 for ACSI in 2.3s
[18:10:16] 🔄 Identity reset
[18:10:18] 🧠 New identity created
[18:10:18] [192/445] SATG
[18:10:19] [193/445] SCMW
[18:10:20] [194/445] LKTK
[18:10:21] [195/445] VCKV
[18:10:22] [196/445] KKPE
[18:10:23] [197/445] KIGH
[18:10:24] [198/445] SRPM
[18:10:24] [199/445] SCAH
[18:10:26] [200/445] MUTA
[18:10:26] 🔄 Identity reset
[18:10:26] 🔄 Identity rotated (every 10 requests)
[18:10:27] [201/445] SEPU
[18:10:28] [202/445] INOA
[18:10:29] [203/445] BASK
[18:10:30] [204/445] NECB
[18:10:31] [205/445] GTTG
[18:10:32] [206/445] ASSA
[18:10:33] [207/445] ANCL
[18:10:34] [208/445] GCTI
[18:10:35] [209/445] RCTS
[18:10:36] [210/445] ACNL
[18:10:36] 🔄 Identity reset
[18:10:36] 🔄 Identity rotated (every 10 requests)
[18:10:36] [211/445] MYCT
[18:10:37] [212/445] NMHT
[18:10:38] [213/445] MDIT
[18:10:39] [214/445] LATG
[18:10:40] [215/445] SMTY
[18:10:41] [216/445] CVCT
[18:10:42] [217/445] RAMB
[18:10:43] [218/445] TGMS
[18:10:44] [219/445] BHEL
[18:10:45] [220/445] SHCT
[18:10:46] 🔄 Identity reset
[18:10:46] 🔄 Identity rotated (every 10 requests)
[18:10:46] [221/445] SVCT
[18:10:47] [222/445] MRIY
[18:10:48] [223/445] SARO
[18:10:49] [224/445] STCT
[18:10:50] [225/445] JKKC
[18:10:51] [226/445] PLTT
[18:10:52] [227/445] SRNT
[18:10:52] [228/445] YAST
[18:10:53] [229/445] PERL
[18:10:54] [230/445] CICM
[18:10:55] 🔄 Identity reset
[18:10:55] 🔄 Identity rotated (every 10 requests)
[18:10:55] 🔄 Retry 1/5 for CICM in 2.1s
[18:10:55] 🔄 Identity reset
[18:10:57] 🧠 New identity created
[18:10:57] 🔄 Retry 2/5 for CICM in 4.7s
[18:10:57] 🔄 Identity reset
[18:11:02] 🧠 New identity created
[18:11:02] 🔄 Retry 3/5 for CICM in 8.5s
[18:11:02] 🔄 Identity reset
[18:11:10] 🧠 New identity created
[18:11:11] [231/445] MMTR
[18:11:12] [232/445] ABTK
[18:11:13] [233/445] ATYY
[18:11:14] [234/445] ASTK
[18:11:14] [235/445] VVCK
[18:11:15] [236/445] ATKY
[18:11:16] [237/445] GWEK
[18:11:17] 🔄 Identity reset
[18:11:17] 🔄 Identity rotated (every 10 requests)
[18:11:17] [238/445] SVFH
[18:11:19] [239/445] SLTA
[18:11:20] [240/445] AASH
[18:11:20] [241/445] ACXB
[18:11:21] [242/445] SMTX
[18:11:22] [243/445] AZDH
[18:11:23] [244/445] CMMH
[18:11:24] [245/445] SCSZ
[18:11:25] [246/445] SCKP
[18:11:26] [247/445] NXTM
[18:11:27] 🔄 Identity reset
[18:11:27] 🔄 Identity rotated (every 10 requests)
[18:11:27] [248/445] NWCS
[18:11:29] [249/445] CXMH
[18:11:30] [250/445] PCMA
[18:11:31] [251/445] SGCM
[18:11:31] [252/445] SDTU
[18:11:32] [253/445] MMVI
[18:11:33] [254/445] JKCM
[18:11:34] [255/445] VCMM
[18:11:35] [256/445] SYEE
[18:11:36] [257/445] VASD
[18:11:37] 🔄 Identity reset
[18:11:37] 🔄 Identity rotated (every 10 requests)
[18:11:37] 🔄 Retry 1/5 for VASD in 2.9s
[18:11:37] 🔄 Identity reset
[18:11:40] 🧠 New identity created
[18:11:41] [258/445] BDRB
[18:11:42] [259/445] LASM
[18:11:43] [260/445] DCRL
[18:11:44] [261/445] DVPM
[18:11:44] [262/445] SBMJ
[18:11:45] [263/445] CBMU
[18:11:46] [264/445] IUBS
[18:11:48] [265/445] INAP
[18:11:49] [266/445] SRRC
[18:11:49] 🔄 Identity reset
[18:11:49] 🔄 Identity rotated (every 10 requests)
[18:11:50] [267/445] SAGR
[18:11:52] [268/445] CPMJ
[18:11:53] [269/445] ATJL
[18:11:53] [270/445] NNTD
[18:11:54] [271/445] JHCJ
[18:11:55] [272/445] CMMP
[18:11:56] [273/445] RSDR
[18:11:57] [274/445] AMTI
[18:11:58] [275/445] NYSG
[18:11:58] [276/445] AVSG
[18:11:59] 🔄 Identity reset
[18:11:59] 🔄 Identity rotated (every 10 requests)
[18:11:59] [277/445] SYTP
[18:12:00] [278/445] LARC
[18:12:01] [279/445] RJTP
[18:12:02] [280/445] LAKC
[18:12:03] [281/445] MCXE
[18:12:04] [282/445] CCZC
[18:12:04] [283/445] AVCH
[18:12:05] [284/445] CMBE
[18:12:06] [285/445] MRRC
[18:12:07] [286/445] PCPY
[18:12:07] 🔄 Identity reset
[18:12:07] 🔄 Identity rotated (every 10 requests)
[18:12:09] [287/445] SRMH
[18:12:10] [288/445] SVGS
[18:12:11] [289/445] PCSE
[18:12:12] [290/445] SVFT
[18:12:13] [291/445] TNZP
[18:12:14] [292/445] ICTP
[18:12:15] [293/445] ACTZ
[18:12:16] [294/445] GTUR
[18:12:17] [295/445] MAFC
[18:12:18] [296/445] MINL
[18:12:18] 🔄 Identity reset
[18:12:18] 🔄 Identity rotated (every 10 requests)
[18:12:18] [297/445] MRCL
[18:12:19] [298/445] RCRP
[18:12:20] [299/445] RFFG
[18:12:21] [300/445] RMAS
[18:12:22] [301/445] INVR
[18:12:23] [302/445] RMAR
[18:12:24] [303/445] CNIS
[18:12:25] [304/445] RHRJ
[18:12:26] [305/445] INXR
[18:12:27] [306/445] VALT
[18:12:28] 🔄 Identity reset
[18:12:28] 🔄 Identity rotated (every 10 requests)
[18:12:28] [307/445] LCSH
[18:12:30] [308/445] CMVS
[18:12:31] [309/445] CNMS
[18:12:32] [310/445] ROOG
[18:12:33] [311/445] ISRM
[18:12:34] [312/445] RCRM
[18:12:36] [313/445] ACJA
[18:12:37] [314/445] RCVS
[18:12:39] [315/445] CPUS
[18:12:40] [316/445] TGCS
[18:12:40] 🔄 Identity reset
[18:12:40] 🔄 Identity rotated (every 10 requests)
[18:12:41] [317/445] RKCJ
[18:12:42] [318/445] MKSB
[18:12:42] [319/445] TCSJ
[18:12:43] [320/445] RMGP
[18:12:45] [321/445] CLLP
[18:12:46] [322/445] RCMV
[18:12:46] [323/445] CCKS
[18:12:47] [324/445] RSRP
[18:12:48] [325/445] APLP
[18:12:49] [326/445] CNVS
[18:12:50] 🔄 Identity reset
[18:12:50] 🔄 Identity rotated (every 10 requests)
[18:12:51] [327/445] RMVY
[18:12:51] [328/445] PGBD
[18:12:53] [329/445] KLMS
[18:12:54] [330/445] RUST
[18:12:55] [331/445] MASM
[18:12:56] [332/445] BACS
[18:12:56] [333/445] BWST
[18:12:57] [334/445] RRFH
[18:12:58] [335/445] SJTM
[18:13:00] [336/445] BEMR
[18:13:00] 🔄 Identity reset
[18:13:00] 🔄 Identity rotated (every 10 requests)
[18:13:00] 🔄 Retry 1/5 for BEMR in 2.4s
[18:13:00] 🔄 Identity reset
[18:13:03] 🧠 New identity created
[18:13:03] [337/445] MCGR
[18:13:04] [338/445] SDSK
[18:13:05] [339/445] VBOL
[18:13:05] [340/445] RMGM
[18:13:06] [341/445] NOPL
[18:13:07] [342/445] MKJK
[18:13:08] [343/445] CVRN
[18:13:09] [344/445] MMEN
[18:13:10] [345/445] AMNG
[18:13:11] 🔄 Identity reset
[18:13:11] 🔄 Identity rotated (every 10 requests)
[18:13:11] [346/445] INTM
[18:13:12] [347/445] SLCZ
[18:13:13] [348/445] AMJN
[18:13:15] [349/445] ACJN
[18:13:16] [350/445] AMKN
[18:13:17] [351/445] BTCN
[18:13:18] [352/445] AMBT
[18:13:18] [353/445] PACN
[18:13:19] [354/445] LCNS
[18:13:20] [355/445] PPKC
[18:13:21] 🔄 Identity reset
[18:13:21] 🔄 Identity rotated (every 10 requests)
[18:13:22] [356/445] JYYN
[18:13:23] [357/445] JTNR
[18:13:24] [358/445] GTEE
[18:13:25] [359/445] SRNM
[18:13:26] [360/445] SDTC
[18:13:26] [361/445] VPCA
[18:13:28] [362/445] VLRA
[18:13:29] [363/445] SHKR
[18:13:30] [364/445] SBKD
[18:13:30] [365/445] SAAD
[18:13:31] 🔄 Identity reset
[18:13:31] 🔄 Identity rotated (every 10 requests)
[18:13:31] 🔄 Retry 1/5 for SAAD in 2.3s
[18:13:31] 🔄 Identity reset
[18:13:33] 🧠 New identity created
[18:13:34] [366/445] JTGN
[18:13:35] [367/445] SLAM
[18:13:36] [368/445] VTPM
[18:13:38] [369/445] ANPT
[18:13:39] [370/445] PUNB
[18:13:40] [371/445] CPKT
[18:13:41] [372/445] CNWE
[18:13:43] [373/445] ECPP
[18:13:44] [374/445] CPAR
[18:13:44] 🔄 Identity reset
[18:13:44] 🔄 Identity rotated (every 10 requests)
[18:13:44] 🔄 Retry 1/5 for CPAR in 2.4s
[18:13:44] 🔄 Identity reset
[18:13:47] 🧠 New identity created
[18:13:47] [375/445] ESBW
[18:13:48] [376/445] PKPU
[18:13:49] [377/445] CPRP
[18:13:50] [378/445] RAHU
[18:13:51] [379/445] RHMN
[18:13:52] [380/445] FMJP
[18:13:53] [381/445] CTMP
[18:13:54] [382/445] INPN
[18:13:55] [383/445] STTG
[18:13:55] 🔄 Identity reset
[18:13:55] 🔄 Identity rotated (every 10 requests)
[18:13:55] 🔄 Retry 1/5 for STTG in 2.2s
[18:13:55] 🔄 Identity reset
[18:13:58] 🧠 New identity created
[18:13:58] [384/445] CTRD
[18:13:59] [385/445] PUVB
[18:14:00] [386/445] ESVP
[18:14:01] [387/445] CPFT
[18:14:02] [388/445] LCPC
[18:14:03] [389/445] VBCT
[18:14:04] [390/445] FSCW
[18:14:05] [391/445] VCMP
[18:14:06] [392/445] ASHC
[18:14:07] 🔄 Identity reset
[18:14:07] 🔄 Identity rotated (every 10 requests)
[18:14:07] [393/445] VLCX
[18:14:09] [394/445] SHEV
[18:14:10] [395/445] APCO
[18:14:10] [396/445] SILC
[18:14:12] [397/445] SNMR
[18:14:13] [398/445] KYBO
[18:14:14] [399/445] SATK
[18:14:15] [400/445] SSCS
[18:14:16] [401/445] CLSB
[18:14:17] [402/445] KMJR
[18:14:17] 🔄 Identity reset
[18:14:17] 🔄 Identity rotated (every 10 requests)
[18:14:18] [403/445] FSCK
[18:14:19] [404/445] NNKA
[18:14:20] [405/445] CLMK
[18:14:21] [406/445] DMPZ
[18:14:22] [407/445] INQM
[18:14:23] [408/445] CAML
[18:14:25] [409/445] INRK
[18:14:26] [410/445] IMKN
[18:14:27] [411/445] SVNR
[18:14:28] [412/445] INSL
[18:14:28] 🔄 Identity reset
[18:14:28] 🔄 Identity rotated (every 10 requests)
[18:14:29] [413/445] MSMA
[18:14:30] [414/445] MCKK
[18:14:31] [415/445] FCHP
[18:14:32] [416/445] SFCR
[18:14:32] [417/445] NACK
[18:14:33] [418/445] PVAK
[18:14:34] [419/445] INER
[18:14:35] [420/445] RDBK
[18:14:36] [421/445] SVFN
[18:14:37] [422/445] IFRM
[18:14:37] 🔄 Identity reset
[18:14:38] 🔄 Identity rotated (every 10 requests)
[18:14:38] [423/445] ATCK
[18:14:39] [424/445] ASKO
[18:14:40] [425/445] STKT
[18:14:40] [426/445] SVFB
[18:14:41] [427/445] INKS
[18:14:42] [428/445] PCRA
[18:14:43] [429/445] ATJA
[18:14:45] [430/445] IMJN
[18:14:46] [431/445] INHD
[18:14:47] [432/445] BARA
[18:14:48] 🔄 Identity reset
[18:14:48] 🔄 Identity rotated (every 10 requests)
[18:14:48] [433/445] MCSL
[18:14:49] [434/445] RTOY
[18:14:50] [435/445] MENO
[18:14:51] [436/445] PUDM
[18:14:52] [437/445] PRCN
[18:14:53] [438/445] JMJR
[18:14:54] [439/445] SSGK
[18:14:55] [440/445] SSRL
[18:14:56] [441/445] JYKL
[18:14:57] [442/445] ACNB
[18:14:57] 🔄 Identity reset
[18:14:57] 🔄 Identity rotated (every 10 requests)
[18:14:58] [443/445] SONP
[18:14:58] [444/445] EMCI
[18:14:59] [445/445] MRJH
[18:15:01] ✅ DONE | Shows=3189 | Movies=75
[19:06:31] 🚀 BMS DAILY TRACKER STARTED (enhanced anti‑detection)
[19:06:31] [1/445] TGMR
[19:06:32] 🧠 New identity created
[19:06:32] [2/445] CXKR
[19:06:33] [3/445] SROP
[19:06:34] [4/445] GTSV
[19:06:35] [5/445] SNTY
[19:06:35] [6/445] SMYY
[19:06:37] [7/445] CNCS
[19:06:38] [8/445] CSTM
[19:06:39] [9/445] NUCD
[19:06:39] [10/445] SHCZ
[19:06:40] 🔄 Identity reset
[19:06:40] 🔄 Identity rotated (every 10 requests)
[19:06:40] 🔄 Retry 1/5 for SHCZ in 2.3s
[19:06:40] 🔄 Identity reset
[19:06:43] 🧠 New identity created
[19:06:43] [11/445] NJCT
[19:06:44] [12/445] COPC
[19:06:46] [13/445] STVV
[19:06:47] [14/445] SKRN
[19:06:48] [15/445] APPZ
[19:06:49] [16/445] YMGN
[19:06:50] [17/445] SVTU
[19:06:51] [18/445] GTAD
[19:06:52] [19/445] PSUS
[19:06:53] 🔄 Identity reset
[19:06:53] 🔄 Identity rotated (every 10 requests)
[19:06:53] [20/445] SMCD
[19:06:54] [21/445] CMCM
[19:06:55] [22/445] SYCT
[19:06:56] [23/445] STLY
[19:06:57] [24/445] CMHU
[19:06:57] [25/445] CMSA
[19:06:58] [26/445] CLCU
[19:06:59] [27/445] PPNT
[19:07:00] [28/445] JTAB
[19:07:01] [29/445] BUUC
[19:07:01] 🔄 Identity reset
[19:07:01] 🔄 Identity rotated (every 10 requests)
[19:07:02] [30/445] BSVK
[19:07:03] [31/445] VVVQ
[19:07:03] [32/445] TKMU
[19:07:04] [33/445] ESYL
[19:07:05] [34/445] ACHP
[19:07:06] [35/445] BTKD
[19:07:08] [36/445] DESA
[19:07:09] [37/445] GBCT
[19:07:10] [38/445] BLLD
[19:07:11] [39/445] SKNT
[19:07:12] 🔄 Identity reset
[19:07:12] 🔄 Identity rotated (every 10 requests)
[19:07:12] [40/445] SSTE
[19:07:13] [41/445] VJMR
[19:07:14] [42/445] NTPU
[19:07:15] [43/445] RDKN
[19:07:16] [44/445] ADGC
[19:07:17] [45/445] VRBP
[19:07:18] [46/445] NMNA
[19:07:18] [47/445] CMMX
[19:07:19] [48/445] PTKO
[19:07:20] [49/445] RBML
[19:07:21] 🔄 Identity reset
[19:07:21] 🔄 Identity rotated (every 10 requests)
[19:07:21] [50/445] SAIC
[19:07:22] [51/445] SVTJ
[19:07:22] [52/445] MRTE
[19:07:23] [53/445] RBTP
[19:07:24] [54/445] NLPS
[19:07:25] [55/445] GTNA
[19:07:26] [56/445] DGGC
[19:07:27] [57/445] SMCR
[19:07:27] [58/445] SCGD
[19:07:28] [59/445] SRRJ
[19:07:29] 🔄 Identity reset
[19:07:29] 🔄 Identity rotated (every 10 requests)
[19:07:29] [60/445] CNRY
[19:07:30] [61/445] KTDI
[19:07:31] [62/445] SNJL
[19:07:33] [63/445] RKMD
[19:07:34] [64/445] SMDC
[19:07:35] [65/445] TADG
[19:07:36] [66/445] MCGS
[19:07:37] [67/445] PETK
[19:07:38] [68/445] CHAG
[19:07:38] [69/445] KSTL
[19:07:39] 🔄 Identity reset
[19:07:39] 🔄 Identity rotated (every 10 requests)
[19:07:39] [70/445] AADS
[19:07:40] [71/445] NTHZ
[19:07:41] [72/445] HCKI
[19:07:42] [73/445] SSEF
[19:07:43] [74/445] MCGX
[19:07:44] [75/445] ERRA
[19:07:45] [76/445] SDTW
[19:07:45] [77/445] RMPK
[19:07:46] [78/445] PTHK
[19:07:47] [79/445] PXCS
[19:07:48] 🔄 Identity reset
[19:07:48] 🔄 Identity rotated (every 10 requests)
[19:07:48] [80/445] SVLU
[19:07:49] [81/445] STAH
[19:07:50] [82/445] JRGF
[19:07:51] [83/445] CDOK
[19:07:52] [84/445] CMSG
[19:07:53] [85/445] APTD
[19:07:54] [86/445] KMPG
[19:07:55] [87/445] MUTJ
[19:07:56] [88/445] VCCI
[19:07:57] [89/445] URBE
[19:07:57] 🔄 Identity reset
[19:07:57] 🔄 Identity rotated (every 10 requests)
[19:07:58] [90/445] TCTS
[19:07:59] [91/445] STSN
[19:08:00] [92/445] AKCH
[19:08:02] [93/445] APSC
[19:08:03] [94/445] VLTB
[19:08:04] [95/445] SANU
[19:08:06] [96/445] AXAM
[19:08:07] [97/445] MGMG
[19:08:08] [98/445] HTBY
[19:08:09] [99/445] MMZS
[19:08:10] 🔄 Identity reset
[19:08:10] 🔄 Identity rotated (every 10 requests)
[19:08:10] [100/445] SUDR
[19:08:11] [101/445] CCAD
[19:08:12] [102/445] SKKC
[19:08:13] [103/445] RMCD
[19:08:14] [104/445] SBCQ
[19:08:15] [105/445] DCCT
[19:08:16] [106/445] VTKP
[19:08:17] [107/445] MLAM
[19:08:18] [108/445] SAVT
[19:08:19] [109/445] GEPL
[19:08:20] 🔄 Identity reset
[19:08:20] 🔄 Identity rotated (every 10 requests)
[19:08:20] [110/445] AMCD
[19:08:21] [111/445] CCXR
[19:08:23] [112/445] GRNG
[19:08:24] [113/445] EBCA
[19:08:24] [114/445] CNVG
[19:08:25] [115/445] MWSS
[19:08:26] [116/445] VBOR
[19:08:27] [117/445] NEEB
[19:08:28] [118/445] SUTH
[19:08:29] [119/445] ANDB
[19:08:29] 🔄 Identity reset
[19:08:29] 🔄 Identity rotated (every 10 requests)
[19:08:30] [120/445] MMXS
[19:08:30] [121/445] CNPD
[19:08:31] [122/445] SDCE
[19:08:32] [123/445] DHCB
[19:08:33] [124/445] ODEN
[19:08:34] [125/445] TNTC
[19:08:36] [126/445] VBKM
[19:08:36] [127/445] RZYM
[19:08:37] [128/445] JEMC
[19:08:38] [129/445] CMAU
[19:08:39] 🔄 Identity reset
[19:08:39] 🔄 Identity rotated (every 10 requests)
[19:08:39] [130/445] SIVP
[19:08:40] [131/445] ATAG
[19:08:41] [132/445] CHTM
[19:08:42] [133/445] AAEE
[19:08:44] [134/445] IWPM
[19:08:45] [135/445] KCMW
[19:08:46] [136/445] MCTD
[19:08:47] [137/445] SPWR
[19:08:48] [138/445] SDPO
[19:08:48] [139/445] PCSK
[19:08:49] 🔄 Identity reset
[19:08:49] 🔄 Identity rotated (every 10 requests)
[19:08:49] [140/445] ACHV
[19:08:50] [141/445] SVLA
[19:08:51] [142/445] PICT
[19:08:52] [143/445] BXDR
[19:08:53] [144/445] SPWA
[19:08:54] [145/445] MCKO
[19:08:55] [146/445] RTHK
[19:08:56] [147/445] CCMF
[19:08:57] [148/445] MRGB
[19:08:59] [149/445] CPLC
[19:08:59] 🔄 Identity reset
[19:08:59] 🔄 Identity rotated (every 10 requests)
[19:08:59] 🔄 Retry 1/5 for CPLC in 2.3s
[19:08:59] 🔄 Identity reset
[19:09:02] 🧠 New identity created
[19:09:02] [150/445] RACD
[19:09:03] [151/445] ATKT
[19:09:04] [152/445] SARN
[19:09:05] [153/445] KKUI
[19:09:06] [154/445] RGCM
[19:09:06] [155/445] BRVP
[19:09:07] [156/445] HRSR
[19:09:08] [157/445] GKGM
[19:09:09] [158/445] TTCD
[19:09:10] 🔄 Identity reset
[19:09:10] 🔄 Identity rotated (every 10 requests)
[19:09:10] [159/445] PTTI
[19:09:12] [160/445] MPTT
[19:09:12] [161/445] CVTT
[19:09:13] [162/445] PCXD
[19:09:14] [163/445] GCDC
[19:09:15] [164/445] CCCF
[19:09:16] [165/445] MRAD
[19:09:17] [166/445] CPLK
[19:09:18] [167/445] SATB
[19:09:19] [168/445] SNVG
[19:09:19] 🔄 Identity reset
[19:09:19] 🔄 Identity rotated (every 10 requests)
[19:09:19] 🔄 Retry 1/5 for SNVG in 2.3s
[19:09:19] 🔄 Identity reset
[19:09:22] 🧠 New identity created
[19:09:22] [169/445] JMBA
[19:09:23] [170/445] TEJA
[19:09:25] [171/445] STYO
[19:09:25] [172/445] JTBP
[19:09:26] [173/445] KRGD
[19:09:27] [174/445] SLJJ
[19:09:28] [175/445] SPTJ
[19:09:29] [176/445] SWJG
[19:09:30] [177/445] LKRT
[19:09:30] 🔄 Identity reset
[19:09:30] 🔄 Identity rotated (every 10 requests)
[19:09:30] [178/445] KCKA
[19:09:32] [179/445] SNCR
[19:09:33] [180/445] SMKL
[19:09:34] [181/445] GCFA
[19:09:34] [182/445] DDCK
[19:09:35] [183/445] NCHJ
[19:09:36] [184/445] RDMA
[19:09:37] [185/445] SVSV
[19:09:38] [186/445] SCJG
[19:09:39] [187/445] VKLP
[19:09:40] 🔄 Identity reset
[19:09:40] 🔄 Identity rotated (every 10 requests)
[19:09:40] [188/445] NWCC
[19:09:41] [189/445] VKNS
[19:09:42] [190/445] SDDP
[19:09:43] [191/445] ACSI
[19:09:44] [192/445] SATG
[19:09:45] [193/445] SCMW
[19:09:47] [194/445] LKTK
[19:09:47] [195/445] VCKV
[19:09:48] [196/445] KKPE
[19:09:49] [197/445] KIGH
[19:09:50] 🔄 Identity reset
[19:09:50] 🔄 Identity rotated (every 10 requests)
[19:09:50] 🔄 Retry 1/5 for KIGH in 2.5s
[19:09:50] 🔄 Identity reset
[19:09:53] 🧠 New identity created
[19:09:53] [198/445] SRPM
[19:09:54] [199/445] SCAH
[19:09:55] [200/445] MUTA
[19:09:55] [201/445] SEPU
[19:09:56] [202/445] INOA
[19:09:58] [203/445] BASK
[19:09:59] [204/445] NECB
[19:10:00] [205/445] GTTG
[19:10:01] [206/445] ASSA
[19:10:02] 🔄 Identity reset
[19:10:02] 🔄 Identity rotated (every 10 requests)
[19:10:03] [207/445] ANCL
[19:10:04] [208/445] GCTI
[19:10:04] [209/445] RCTS
[19:10:05] [210/445] ACNL
[19:10:06] [211/445] MYCT
[19:10:07] [212/445] NMHT
[19:10:08] [213/445] MDIT
[19:10:09] [214/445] LATG
[19:10:10] [215/445] SMTY
[19:10:11] [216/445] CVCT
[19:10:11] 🔄 Identity reset
[19:10:11] 🔄 Identity rotated (every 10 requests)
[19:10:11] [217/445] RAMB
[19:10:12] [218/445] TGMS
[19:10:13] [219/445] BHEL
[19:10:14] [220/445] SHCT
[19:10:15] [221/445] SVCT
[19:10:16] [222/445] MRIY
[19:10:17] [223/445] SARO
[19:10:18] [224/445] STCT
[19:10:19] [225/445] JKKC
[19:10:20] [226/445] PLTT
[19:10:21] 🔄 Identity reset
[19:10:21] 🔄 Identity rotated (every 10 requests)
[19:10:22] [227/445] SRNT
[19:10:23] [228/445] YAST
[19:10:24] [229/445] PERL
[19:10:25] [230/445] CICM
[19:10:26] [231/445] MMTR
[19:10:27] [232/445] ABTK
[19:10:28] [233/445] ATYY
[19:10:29] [234/445] ASTK
[19:10:30] [235/445] VVCK
[19:10:31] [236/445] ATKY
[19:10:31] 🔄 Identity reset
[19:10:31] 🔄 Identity rotated (every 10 requests)
[19:10:32] [237/445] GWEK
[19:10:33] [238/445] SVFH
[19:10:34] [239/445] SLTA
[19:10:35] [240/445] AASH
[19:10:36] [241/445] ACXB
[19:10:37] [242/445] SMTX
[19:10:38] [243/445] AZDH
[19:10:39] [244/445] CMMH
[19:10:40] [245/445] SCSZ
[19:10:41] [246/445] SCKP
[19:10:42] 🔄 Identity reset
[19:10:42] 🔄 Identity rotated (every 10 requests)
[19:10:42] [247/445] NXTM
[19:10:43] [248/445] NWCS
[19:10:44] [249/445] CXMH
[19:10:45] [250/445] PCMA
[19:10:46] [251/445] SGCM
[19:10:47] [252/445] SDTU
[19:10:48] [253/445] MMVI
[19:10:48] [254/445] JKCM
[19:10:49] [255/445] VCMM
[19:10:50] [256/445] SYEE
[19:10:50] 🔄 Identity reset
[19:10:50] 🔄 Identity rotated (every 10 requests)
[19:10:51] [257/445] VASD
[19:10:52] [258/445] BDRB
[19:10:52] [259/445] LASM
[19:10:54] [260/445] DCRL
[19:10:55] [261/445] DVPM
[19:10:55] [262/445] SBMJ
[19:10:56] [263/445] CBMU
[19:10:58] [264/445] IUBS
[19:10:59] [265/445] INAP
[19:11:00] [266/445] SRRC
[19:11:00] 🔄 Identity reset
[19:11:00] 🔄 Identity rotated (every 10 requests)
[19:11:01] [267/445] SAGR
[19:11:01] [268/445] CPMJ
[19:11:03] [269/445] ATJL
[19:11:04] [270/445] NNTD
[19:11:05] [271/445] JHCJ
[19:11:05] [272/445] CMMP
[19:11:07] [273/445] RSDR
[19:11:08] [274/445] AMTI
[19:11:09] [275/445] NYSG
[19:11:09] [276/445] AVSG
[19:11:10] 🔄 Identity reset
[19:11:10] 🔄 Identity rotated (every 10 requests)
[19:11:10] [277/445] SYTP
[19:11:11] [278/445] LARC
[19:11:12] [279/445] RJTP
[19:11:13] [280/445] LAKC
[19:11:14] [281/445] MCXE
[19:11:15] [282/445] CCZC
[19:11:16] [283/445] AVCH
[19:11:17] [284/445] CMBE
[19:11:17] [285/445] MRRC
[19:11:18] [286/445] PCPY
[19:11:19] 🔄 Identity reset
[19:11:19] 🔄 Identity rotated (every 10 requests)
[19:11:19] [287/445] SRMH
[19:11:20] [288/445] SVGS
[19:11:21] [289/445] PCSE
[19:11:22] [290/445] SVFT
[19:11:23] [291/445] TNZP
[19:11:24] [292/445] ICTP
[19:11:25] [293/445] ACTZ
[19:11:25] [294/445] GTUR
[19:11:26] [295/445] MAFC
[19:11:27] [296/445] MINL
[19:11:28] 🔄 Identity reset
[19:11:28] 🔄 Identity rotated (every 10 requests)
[19:11:28] 🔄 Retry 1/5 for MINL in 2.9s
[19:11:28] 🔄 Identity reset
[19:11:31] 🧠 New identity created
[19:11:31] 🔄 Retry 2/5 for MINL in 4.2s
[19:11:31] 🔄 Identity reset
[19:11:35] 🧠 New identity created
[19:11:36] [297/445] MRCL
[19:11:36] [298/445] RCRP
[19:11:37] [299/445] RFFG
[19:11:38] [300/445] RMAS
[19:11:39] [301/445] INVR
[19:11:40] [302/445] RMAR
[19:11:41] [303/445] CNIS
[19:11:42] [304/445] RHRJ
[19:11:43] 🔄 Identity reset
[19:11:43] 🔄 Identity rotated (every 10 requests)
[19:11:43] [305/445] INXR
[19:11:44] [306/445] VALT
[19:11:45] [307/445] LCSH
[19:11:46] [308/445] CMVS
[19:11:47] [309/445] CNMS
[19:11:48] [310/445] ROOG
[19:11:49] [311/445] ISRM
[19:11:50] [312/445] RCRM
[19:11:51] [313/445] ACJA
[19:11:51] [314/445] RCVS
[19:11:52] 🔄 Identity reset
[19:11:52] 🔄 Identity rotated (every 10 requests)
[19:11:52] [315/445] CPUS
[19:11:53] [316/445] TGCS
[19:11:54] [317/445] RKCJ
[19:11:55] [318/445] MKSB
[19:11:56] [319/445] TCSJ
[19:11:57] [320/445] RMGP
[19:11:58] [321/445] CLLP
[19:11:59] [322/445] RCMV
[19:12:00] [323/445] CCKS
[19:12:02] [324/445] RSRP
[19:12:03] 🔄 Identity reset
[19:12:03] 🔄 Identity rotated (every 10 requests)
[19:12:03] [325/445] APLP
[19:12:04] [326/445] CNVS
[19:12:06] [327/445] RMVY
[19:12:07] [328/445] PGBD
[19:12:09] [329/445] KLMS
[19:12:09] [330/445] RUST
[19:12:10] [331/445] MASM
[19:12:11] [332/445] BACS
[19:12:12] [333/445] BWST
[19:12:13] [334/445] RRFH
[19:12:13] 🔄 Identity reset
[19:12:13] 🔄 Identity rotated (every 10 requests)
[19:12:15] [335/445] SJTM
[19:12:15] [336/445] BEMR
[19:12:16] [337/445] MCGR
[19:12:17] [338/445] SDSK
[19:12:18] [339/445] VBOL
[19:12:18] [340/445] RMGM
[19:12:19] [341/445] NOPL
[19:12:21] [342/445] MKJK
[19:12:22] [343/445] CVRN
[19:12:23] [344/445] MMEN
[19:12:23] 🔄 Identity reset
[19:12:23] 🔄 Identity rotated (every 10 requests)
[19:12:24] [345/445] AMNG
[19:12:24] [346/445] INTM
[19:12:25] [347/445] SLCZ
[19:12:27] [348/445] AMJN
[19:12:28] [349/445] ACJN
[19:12:29] [350/445] AMKN
[19:12:30] [351/445] BTCN
[19:12:31] [352/445] AMBT
[19:12:32] [353/445] PACN
[19:12:33] [354/445] LCNS
[19:12:33] 🔄 Identity reset
[19:12:33] 🔄 Identity rotated (every 10 requests)
[19:12:34] [355/445] PPKC
[19:12:35] [356/445] JYYN
[19:12:36] [357/445] JTNR
[19:12:38] [358/445] GTEE
[19:12:39] [359/445] SRNM
[19:12:41] [360/445] SDTC
[19:12:42] [361/445] VPCA
[19:12:42] [362/445] VLRA
[19:12:43] [363/445] SHKR
[19:12:44] [364/445] SBKD
[19:12:45] 🔄 Identity reset
[19:12:45] 🔄 Identity rotated (every 10 requests)
[19:12:45] [365/445] SAAD
[19:12:46] [366/445] JTGN
[19:12:47] [367/445] SLAM
[19:12:48] [368/445] VTPM
[19:12:49] [369/445] ANPT
[19:12:50] [370/445] PUNB
[19:12:51] [371/445] CPKT
[19:12:52] [372/445] CNWE
[19:12:53] [373/445] ECPP
[19:12:54] [374/445] CPAR
[19:12:54] 🔄 Identity reset
[19:12:54] 🔄 Identity rotated (every 10 requests)
[19:12:54] 🔄 Retry 1/5 for CPAR in 2.3s
[19:12:54] 🔄 Identity reset
[19:12:57] 🧠 New identity created
[19:12:57] [375/445] ESBW
[19:12:58] [376/445] PKPU
[19:12:59] [377/445] CPRP
[19:13:00] [378/445] RAHU
[19:13:01] [379/445] RHMN
[19:13:02] [380/445] FMJP
[19:13:03] [381/445] CTMP
[19:13:04] [382/445] INPN
[19:13:05] [383/445] STTG
[19:13:06] 🔄 Identity reset
[19:13:06] 🔄 Identity rotated (every 10 requests)
[19:13:06] [384/445] CTRD
[19:13:08] [385/445] PUVB
[19:13:09] [386/445] ESVP
[19:13:10] [387/445] CPFT
[19:13:11] [388/445] LCPC
[19:13:12] [389/445] VBCT
[19:13:12] [390/445] FSCW
[19:13:13] [391/445] VCMP
[19:13:14] [392/445] ASHC
[19:13:15] [393/445] VLCX
[19:13:16] 🔄 Identity reset
[19:13:16] 🔄 Identity rotated (every 10 requests)
[19:13:16] [394/445] SHEV
[19:13:17] [395/445] APCO
[19:13:18] [396/445] SILC
[19:13:19] [397/445] SNMR
[19:13:20] [398/445] KYBO
[19:13:21] [399/445] SATK
[19:13:22] [400/445] SSCS
[19:13:23] [401/445] CLSB
[19:13:24] [402/445] KMJR
[19:13:25] [403/445] FSCK
[19:13:26] 🔄 Identity reset
[19:13:26] 🔄 Identity rotated (every 10 requests)
[19:13:26] [404/445] NNKA
[19:13:27] [405/445] CLMK
[19:13:28] [406/445] DMPZ
[19:13:29] [407/445] INQM
[19:13:30] [408/445] CAML
[19:13:30] [409/445] INRK
[19:13:31] [410/445] IMKN
[19:13:32] [411/445] SVNR
[19:13:33] [412/445] INSL
[19:13:34] [413/445] MSMA
[19:13:34] 🔄 Identity reset
[19:13:34] 🔄 Identity rotated (every 10 requests)
[19:13:35] [414/445] MCKK
[19:13:35] [415/445] FCHP
[19:13:36] [416/445] SFCR
[19:13:37] [417/445] NACK
[19:13:38] [418/445] PVAK
[19:13:39] [419/445] INER
[19:13:40] [420/445] RDBK
[19:13:41] [421/445] SVFN
[19:13:42] [422/445] IFRM
[19:13:43] [423/445] ATCK
[19:13:44] 🔄 Identity reset
[19:13:44] 🔄 Identity rotated (every 10 requests)
[19:13:44] [424/445] ASKO
[19:13:45] [425/445] STKT
[19:13:46] [426/445] SVFB
[19:13:47] [427/445] INKS
[19:13:48] [428/445] PCRA
[19:13:49] [429/445] ATJA
[19:13:50] [430/445] IMJN
[19:13:51] [431/445] INHD
[19:13:52] [432/445] BARA
[19:13:53] [433/445] MCSL
[19:13:53] 🔄 Identity reset
[19:13:53] 🔄 Identity rotated (every 10 requests)
[19:13:54] [434/445] RTOY
[19:13:54] [435/445] MENO
[19:13:55] [436/445] PUDM
[19:13:56] [437/445] PRCN
[19:13:57] [438/445] JMJR
[19:13:58] [439/445] SSGK
[19:13:59] [440/445] SSRL
[19:14:00] [441/445] JYKL
[19:14:01] [442/445] ACNB
[19:14:02] [443/445] SONP
[19:14:02] 🔄 Identity reset
[19:14:03] 🔄 Identity rotated (every 10 requests)
[19:14:03] [444/445] EMCI
[19:14:04] [445/445] MRJH
[19:14:05] ✅ DONE | Shows=3480 | Movies=75
[20:05:50] 🚀 BMS DAILY TRACKER STARTED (enhanced anti‑detection)
[20:05:50] [1/445] TGMR
[20:05:51] 🧠 New identity created
[20:05:51] 🔄 Retry 1/5 for TGMR in 2.7s
[20:05:51] 🔄 Identity reset
[20:05:53] 🧠 New identity created
[20:05:53] 🔄 Retry 2/5 for TGMR in 4.5s
[20:05:53] 🔄 Identity reset
[20:05:58] 🧠 New identity created
[20:05:58] [2/445] CXKR
[20:05:59] [3/445] SROP
[20:06:00] [4/445] GTSV
[20:06:01] [5/445] SNTY
[20:06:02] [6/445] SMYY
[20:06:04] [7/445] CNCS
[20:06:05] [8/445] CSTM
[20:06:06] 🔄 Identity reset
[20:06:06] 🔄 Identity rotated (every 10 requests)
[20:06:06] 🔄 Retry 1/5 for CSTM in 2.1s
[20:06:06] 🔄 Identity reset
[20:06:08] 🧠 New identity created
[20:06:08] [9/445] NUCD
[20:06:09] [10/445] SHCZ
[20:06:10] [11/445] NJCT
[20:06:12] [12/445] COPC
[20:06:13] [13/445] STVV
[20:06:13] [14/445] SKRN
[20:06:14] [15/445] APPZ
[20:06:15] [16/445] YMGN
[20:06:16] [17/445] SVTU
[20:06:17] 🔄 Identity reset
[20:06:17] 🔄 Identity rotated (every 10 requests)
[20:06:17] [18/445] GTAD
[20:06:18] [19/445] PSUS
[20:06:19] [20/445] SMCD
[20:06:20] [21/445] CMCM
[20:06:21] [22/445] SYCT
[20:06:21] [23/445] STLY
[20:06:22] [24/445] CMHU
[20:06:23] [25/445] CMSA
[20:06:24] [26/445] CLCU
[20:06:25] [27/445] PPNT
[20:06:25] 🔄 Identity reset
[20:06:25] 🔄 Identity rotated (every 10 requests)
[20:06:26] [28/445] JTAB
[20:06:27] [29/445] BUUC
[20:06:28] [30/445] BSVK
[20:06:28] [31/445] VVVQ
[20:06:29] [32/445] TKMU
[20:06:30] [33/445] ESYL
[20:06:31] [34/445] ACHP
[20:06:32] [35/445] BTKD
[20:06:34] [36/445] DESA
[20:06:35] [37/445] GBCT
[20:06:35] 🔄 Identity reset
[20:06:35] 🔄 Identity rotated (every 10 requests)
[20:06:35] 🔄 Retry 1/5 for GBCT in 2.8s
[20:06:35] 🔄 Identity reset
[20:06:38] 🧠 New identity created
[20:06:39] [38/445] BLLD
[20:06:40] [39/445] SKNT
[20:06:41] [40/445] SSTE
[20:06:42] [41/445] VJMR
[20:06:43] [42/445] NTPU
[20:06:44] [43/445] RDKN
[20:06:45] [44/445] ADGC
[20:06:46] [45/445] VRBP
[20:06:47] [46/445] NMNA
[20:06:48] 🔄 Identity reset
[20:06:48] 🔄 Identity rotated (every 10 requests)
[20:06:48] 🔄 Retry 1/5 for NMNA in 2.4s
[20:06:48] 🔄 Identity reset
[20:06:51] 🧠 New identity created
[20:06:51] [47/445] CMMX
[20:06:52] [48/445] PTKO
[20:06:53] [49/445] RBML
[20:06:54] [50/445] SAIC
[20:06:55] [51/445] SVTJ
[20:06:57] [52/445] MRTE
[20:06:57] [53/445] RBTP
[20:06:58] [54/445] NLPS
[20:06:59] [55/445] GTNA
[20:07:00] 🔄 Identity reset
[20:07:00] 🔄 Identity rotated (every 10 requests)
[20:07:00] 🔄 Retry 1/5 for GTNA in 2.9s
[20:07:00] 🔄 Identity reset
[20:07:03] 🧠 New identity created
[20:07:03] [56/445] DGGC
[20:07:04] [57/445] SMCR
[20:07:05] [58/445] SCGD
[20:07:06] [59/445] SRRJ
[20:07:07] [60/445] CNRY
[20:07:07] [61/445] KTDI
[20:07:08] [62/445] SNJL
[20:07:09] [63/445] RKMD
[20:07:10] [64/445] SMDC
[20:07:11] 🔄 Identity reset
[20:07:11] 🔄 Identity rotated (every 10 requests)
[20:07:11] 🔄 Retry 1/5 for SMDC in 2.0s
[20:07:11] 🔄 Identity reset
[20:07:13] 🧠 New identity created
[20:07:13] 🔄 Retry 2/5 for SMDC in 4.4s
[20:07:13] 🔄 Identity reset
[20:07:17] 🧠 New identity created
[20:07:18] [65/445] TADG
[20:07:19] [66/445] MCGS
[20:07:20] [67/445] PETK
[20:07:21] [68/445] CHAG
[20:07:23] [69/445] KSTL
[20:07:24] [70/445] AADS
[20:07:25] [71/445] NTHZ
[20:07:26] [72/445] HCKI
[20:07:26] 🔄 Identity reset
[20:07:26] 🔄 Identity rotated (every 10 requests)
[20:07:26] [73/445] SSEF
[20:07:27] [74/445] MCGX
[20:07:28] [75/445] ERRA
[20:07:29] [76/445] SDTW
[20:07:30] [77/445] RMPK
[20:07:31] [78/445] PTHK
[20:07:32] [79/445] PXCS
[20:07:33] [80/445] SVLU
[20:07:34] [81/445] STAH
[20:07:35] [82/445] JRGF
[20:07:35] 🔄 Identity reset
[20:07:35] 🔄 Identity rotated (every 10 requests)
[20:07:36] [83/445] CDOK
[20:07:37] [84/445] CMSG
[20:07:38] [85/445] APTD
[20:07:39] [86/445] KMPG
[20:07:40] [87/445] MUTJ
[20:07:40] [88/445] VCCI
[20:07:41] [89/445] URBE
[20:07:42] [90/445] TCTS
[20:07:44] [91/445] STSN
[20:07:45] [92/445] AKCH
[20:07:45] 🔄 Identity reset
[20:07:45] 🔄 Identity rotated (every 10 requests)
[20:07:46] [93/445] APSC
[20:07:51] [94/445] VLTB
[20:07:51] [95/445] SANU
[20:07:52] [96/445] AXAM
[20:07:53] [97/445] MGMG
[20:07:54] [98/445] HTBY
[20:07:55] [99/445] MMZS
[20:07:56] [100/445] SUDR
[20:07:57] [101/445] CCAD
[20:07:58] [102/445] SKKC
[20:07:58] 🔄 Identity reset
[20:07:58] 🔄 Identity rotated (every 10 requests)
[20:07:59] [103/445] RMCD
[20:08:00] [104/445] SBCQ
[20:08:00] [105/445] DCCT
[20:08:02] [106/445] VTKP
[20:08:03] [107/445] MLAM
[20:08:03] [108/445] SAVT
[20:08:04] [109/445] GEPL
[20:08:05] [110/445] AMCD
[20:08:06] [111/445] CCXR
[20:08:07] [112/445] GRNG
[20:08:08] 🔄 Identity reset
[20:08:08] 🔄 Identity rotated (every 10 requests)
[20:08:08] [113/445] EBCA
[20:08:09] [114/445] CNVG
[20:08:10] [115/445] MWSS
[20:08:11] [116/445] VBOR
[20:08:11] [117/445] NEEB
[20:08:12] [118/445] SUTH
[20:08:13] [119/445] ANDB
[20:08:14] [120/445] MMXS
[20:08:15] [121/445] CNPD
[20:08:16] [122/445] SDCE
[20:08:17] 🔄 Identity reset
[20:08:17] 🔄 Identity rotated (every 10 requests)
[20:08:17] 🔄 Retry 1/5 for SDCE in 2.5s
[20:08:17] 🔄 Identity reset
[20:08:19] 🧠 New identity created
[20:08:20] [123/445] DHCB
[20:08:21] [124/445] ODEN
[20:08:22] [125/445] TNTC
[20:08:23] [126/445] VBKM
[20:08:24] [127/445] RZYM
[20:08:25] [128/445] JEMC
[20:08:25] [129/445] CMAU
[20:08:27] [130/445] SIVP
[20:08:28] [131/445] ATAG
[20:08:28] 🔄 Identity reset
[20:08:28] 🔄 Identity rotated (every 10 requests)
[20:08:28] 🔄 Retry 1/5 for ATAG in 2.4s
[20:08:28] 🔄 Identity reset
[20:08:31] 🧠 New identity created
[20:08:31] [132/445] CHTM
[20:08:32] [133/445] AAEE
[20:08:33] [134/445] IWPM
[20:08:34] [135/445] KCMW
[20:08:35] [136/445] MCTD
[20:08:36] [137/445] SPWR
[20:08:37] [138/445] SDPO
[20:08:38] [139/445] PCSK
[20:08:39] [140/445] ACHV
[20:08:39] 🔄 Identity reset
[20:08:39] 🔄 Identity rotated (every 10 requests)
[20:08:39] 🔄 Retry 1/5 for ACHV in 2.3s
[20:08:39] 🔄 Identity reset
[20:08:42] 🧠 New identity created
[20:08:42] [141/445] SVLA
[20:08:43] [142/445] PICT
[20:08:44] [143/445] BXDR
[20:08:45] [144/445] SPWA
[20:08:46] [145/445] MCKO
[20:08:47] [146/445] RTHK
[20:08:47] [147/445] CCMF
[20:08:48] [148/445] MRGB
[20:08:49] [149/445] CPLC
[20:08:50] 🔄 Identity reset
[20:08:50] 🔄 Identity rotated (every 10 requests)
[20:08:50] [150/445] RACD
[20:08:51] [151/445] ATKT
[20:08:52] [152/445] SARN
[20:08:53] [153/445] KKUI
[20:08:54] [154/445] RGCM
[20:08:55] [155/445] BRVP
[20:08:56] [156/445] HRSR
[20:08:57] [157/445] GKGM
[20:08:58] [158/445] TTCD
[20:08:59] [159/445] PTTI
[20:08:59] 🔄 Identity reset
[20:08:59] 🔄 Identity rotated (every 10 requests)
[20:09:00] [160/445] MPTT
[20:09:01] [161/445] CVTT
[20:09:02] [162/445] PCXD
[20:09:03] [163/445] GCDC
[20:09:04] [164/445] CCCF
[20:09:05] [165/445] MRAD
[20:09:06] [166/445] CPLK
[20:09:07] [167/445] SATB
[20:09:08] [168/445] SNVG
[20:09:08] [169/445] JMBA
[20:09:09] 🔄 Identity reset
[20:09:09] 🔄 Identity rotated (every 10 requests)
[20:09:09] [170/445] TEJA
[20:09:10] [171/445] STYO
[20:09:11] [172/445] JTBP
[20:09:12] [173/445] KRGD
[20:09:13] [174/445] SLJJ
[20:09:14] [175/445] SPTJ
[20:09:15] [176/445] SWJG
[20:09:16] [177/445] LKRT
[20:09:17] [178/445] KCKA
[20:09:18] [179/445] SNCR
[20:09:19] 🔄 Identity reset
[20:09:19] 🔄 Identity rotated (every 10 requests)
[20:09:19] 🔄 Retry 1/5 for SNCR in 2.5s
[20:09:19] 🔄 Identity reset
[20:09:21] 🧠 New identity created
[20:09:22] [180/445] SMKL
[20:09:23] [181/445] GCFA
[20:09:24] [182/445] DDCK
[20:09:25] [183/445] NCHJ
[20:09:26] [184/445] RDMA
[20:09:27] [185/445] SVSV
[20:09:29] [186/445] SCJG
[20:09:30] [187/445] VKLP
[20:09:31] [188/445] NWCC
[20:09:31] 🔄 Identity reset
[20:09:31] 🔄 Identity rotated (every 10 requests)
[20:09:32] [189/445] VKNS
[20:09:33] [190/445] SDDP
[20:09:33] [191/445] ACSI
[20:09:34] [192/445] SATG
[20:09:35] [193/445] SCMW
[20:09:36] [194/445] LKTK
[20:09:37] [195/445] VCKV
[20:09:38] [196/445] KKPE
[20:09:39] [197/445] KIGH
[20:09:40] [198/445] SRPM
[20:09:41] 🔄 Identity reset
[20:09:41] 🔄 Identity rotated (every 10 requests)
[20:09:41] [199/445] SCAH
[20:09:42] [200/445] MUTA
[20:09:43] [201/445] SEPU
[20:09:44] [202/445] INOA
[20:09:45] [203/445] BASK
[20:09:46] [204/445] NECB
[20:09:48] [205/445] GTTG
[20:09:49] [206/445] ASSA
[20:09:50] [207/445] ANCL
[20:09:50] [208/445] GCTI
[20:09:51] 🔄 Identity reset
[20:09:51] 🔄 Identity rotated (every 10 requests)
[20:09:52] [209/445] RCTS
[20:09:53] [210/445] ACNL
[20:09:53] [211/445] MYCT
[20:09:55] [212/445] NMHT
[20:09:56] [213/445] MDIT
[20:09:57] [214/445] LATG
[20:09:58] [215/445] SMTY
[20:09:58] [216/445] CVCT
[20:09:59] [217/445] RAMB
[20:10:00] [218/445] TGMS
[20:10:01] 🔄 Identity reset
[20:10:01] 🔄 Identity rotated (every 10 requests)
[20:10:01] [219/445] BHEL
[20:10:03] [220/445] SHCT
[20:10:04] [221/445] SVCT
[20:10:05] [222/445] MRIY
[20:10:06] [223/445] SARO
[20:10:07] [224/445] STCT
[20:10:08] [225/445] JKKC
[20:10:09] [226/445] PLTT
[20:10:10] [227/445] SRNT
[20:10:11] [228/445] YAST
[20:10:12] 🔄 Identity reset
[20:10:12] 🔄 Identity rotated (every 10 requests)
[20:10:12] 🔄 Retry 1/5 for YAST in 2.1s
[20:10:12] 🔄 Identity reset
[20:10:14] 🧠 New identity created
[20:10:14] [229/445] PERL
[20:10:16] [230/445] CICM
[20:10:17] [231/445] MMTR
[20:10:17] [232/445] ABTK
[20:10:18] [233/445] ATYY
[20:10:19] [234/445] ASTK
[20:10:20] [235/445] VVCK
[20:10:21] [236/445] ATKY
[20:10:22] [237/445] GWEK
[20:10:22] 🔄 Identity reset
[20:10:22] 🔄 Identity rotated (every 10 requests)
[20:10:23] [238/445] SVFH
[20:10:24] [239/445] SLTA
[20:10:25] [240/445] AASH
[20:10:26] [241/445] ACXB
[20:10:27] [242/445] SMTX
[20:10:27] [243/445] AZDH
[20:10:28] [244/445] CMMH
[20:10:29] [245/445] SCSZ
[20:10:30] [246/445] SCKP
[20:10:31] [247/445] NXTM
[20:10:32] 🔄 Identity reset
[20:10:32] 🔄 Identity rotated (every 10 requests)
[20:10:32] [248/445] NWCS
[20:10:33] [249/445] CXMH
[20:10:34] [250/445] PCMA
[20:10:35] [251/445] SGCM
[20:10:36] [252/445] SDTU
[20:10:37] [253/445] MMVI
[20:10:38] [254/445] JKCM
[20:10:38] [255/445] VCMM
[20:10:39] [256/445] SYEE
[20:10:40] [257/445] VASD
[20:10:41] 🔄 Identity reset
[20:10:41] 🔄 Identity rotated (every 10 requests)
[20:10:41] [258/445] BDRB
[20:10:42] [259/445] LASM
[20:10:43] [260/445] DCRL
[20:10:44] [261/445] DVPM
[20:10:45] [262/445] SBMJ
[20:10:46] [263/445] CBMU
[20:10:47] [264/445] IUBS
[20:10:48] [265/445] INAP
[20:10:48] [266/445] SRRC
[20:10:49] [267/445] SAGR
[20:10:50] 🔄 Identity reset
[20:10:50] 🔄 Identity rotated (every 10 requests)
[20:10:50] [268/445] CPMJ
[20:10:51] [269/445] ATJL
[20:10:52] [270/445] NNTD
[20:10:53] [271/445] JHCJ
[20:10:54] [272/445] CMMP
[20:10:55] [273/445] RSDR
[20:10:56] [274/445] AMTI
[20:10:57] [275/445] NYSG
[20:10:58] [276/445] AVSG
[20:10:58] [277/445] SYTP
[20:10:59] 🔄 Identity reset
[20:10:59] 🔄 Identity rotated (every 10 requests)
[20:10:59] [278/445] LARC
[20:11:00] [279/445] RJTP
[20:11:01] [280/445] LAKC
[20:11:02] [281/445] MCXE
[20:11:03] [282/445] CCZC
[20:11:04] [283/445] AVCH
[20:11:05] [284/445] CMBE
[20:11:07] [285/445] MRRC
[20:11:08] [286/445] PCPY
[20:11:09] [287/445] SRMH
[20:11:09] 🔄 Identity reset
[20:11:09] 🔄 Identity rotated (every 10 requests)
[20:11:10] [288/445] SVGS
[20:11:11] [289/445] PCSE
[20:11:12] [290/445] SVFT
[20:11:13] [291/445] TNZP
[20:11:14] [292/445] ICTP
[20:11:15] [293/445] ACTZ
[20:11:16] [294/445] GTUR
[20:11:17] [295/445] MAFC
[20:11:18] [296/445] MINL
[20:11:19] [297/445] MRCL
[20:11:19] 🔄 Identity reset
[20:11:19] 🔄 Identity rotated (every 10 requests)
[20:11:20] [298/445] RCRP
[20:11:21] [299/445] RFFG
[20:11:23] [300/445] RMAS
[20:11:24] [301/445] INVR
[20:11:25] [302/445] RMAR
[20:11:26] [303/445] CNIS
[20:11:27] [304/445] RHRJ
[20:11:28] [305/445] INXR
[20:11:30] [306/445] VALT
[20:11:30] [307/445] LCSH
[20:11:31] 🔄 Identity reset
[20:11:31] 🔄 Identity rotated (every 10 requests)
[20:11:32] [308/445] CMVS
[20:11:33] [309/445] CNMS
[20:11:34] [310/445] ROOG
[20:11:34] [311/445] ISRM
[20:11:35] [312/445] RCRM
[20:11:36] [313/445] ACJA
[20:11:37] [314/445] RCVS
[20:11:38] [315/445] CPUS
[20:11:39] [316/445] TGCS
[20:11:40] [317/445] RKCJ
[20:11:40] 🔄 Identity reset
[20:11:40] 🔄 Identity rotated (every 10 requests)
[20:11:41] [318/445] MKSB
[20:11:42] [319/445] TCSJ
[20:11:42] [320/445] RMGP
[20:11:43] [321/445] CLLP
[20:11:44] [322/445] RCMV
[20:11:45] [323/445] CCKS
[20:11:46] [324/445] RSRP
[20:11:47] [325/445] APLP
[20:11:48] [326/445] CNVS
[20:11:49] [327/445] RMVY
[20:11:49] 🔄 Identity reset
[20:11:50] 🔄 Identity rotated (every 10 requests)
[20:11:50] [328/445] PGBD
[20:11:51] [329/445] KLMS
[20:11:52] [330/445] RUST
[20:11:53] [331/445] MASM
[20:11:54] [332/445] BACS
[20:11:55] [333/445] BWST
[20:11:56] [334/445] RRFH
[20:11:56] [335/445] SJTM
[20:11:57] [336/445] BEMR
[20:11:58] [337/445] MCGR
[20:11:59] 🔄 Identity reset
[20:11:59] 🔄 Identity rotated (every 10 requests)
[20:11:59] [338/445] SDSK
[20:12:00] [339/445] VBOL
[20:12:01] [340/445] RMGM
[20:12:02] [341/445] NOPL
[20:12:03] [342/445] MKJK
[20:12:04] [343/445] CVRN
[20:12:05] [344/445] MMEN
[20:12:06] [345/445] AMNG
[20:12:07] [346/445] INTM
[20:12:07] [347/445] SLCZ
[20:12:08] 🔄 Identity reset
[20:12:08] 🔄 Identity rotated (every 10 requests)
[20:12:08] [348/445] AMJN
[20:12:09] [349/445] ACJN
[20:12:10] [350/445] AMKN
[20:12:11] [351/445] BTCN
[20:12:12] [352/445] AMBT
[20:12:13] [353/445] PACN
[20:12:14] [354/445] LCNS
[20:12:14] [355/445] PPKC
[20:12:15] [356/445] JYYN
[20:12:16] [357/445] JTNR
[20:12:17] 🔄 Identity reset
[20:12:17] 🔄 Identity rotated (every 10 requests)
[20:12:17] [358/445] GTEE
[20:12:18] [359/445] SRNM
[20:12:19] [360/445] SDTC
[20:12:20] [361/445] VPCA
[20:12:21] [362/445] VLRA
[20:12:22] [363/445] SHKR
[20:12:23] [364/445] SBKD
[20:12:24] [365/445] SAAD
[20:12:25] [366/445] JTGN
[20:12:25] [367/445] SLAM
[20:12:26] 🔄 Identity reset
[20:12:26] 🔄 Identity rotated (every 10 requests)
[20:12:26] 🔄 Retry 1/5 for SLAM in 2.3s
[20:12:26] 🔄 Identity reset
[20:12:29] 🧠 New identity created
[20:12:29] [368/445] VTPM
[20:12:30] [369/445] ANPT
[20:12:31] [370/445] PUNB
[20:12:32] [371/445] CPKT
[20:12:33] [372/445] CNWE
[20:12:35] [373/445] ECPP
[20:12:36] [374/445] CPAR
[20:12:37] [375/445] ESBW
[20:12:38] [376/445] PKPU
[20:12:38] 🔄 Identity reset
[20:12:38] 🔄 Identity rotated (every 10 requests)
[20:12:39] [377/445] CPRP
[20:12:39] [378/445] RAHU
[20:12:40] [379/445] RHMN
[20:12:42] [380/445] FMJP
[20:12:44] [381/445] CTMP
[20:12:45] [382/445] INPN
[20:12:46] [383/445] STTG
[20:12:47] [384/445] CTRD
[20:12:48] [385/445] PUVB
[20:12:50] [386/445] ESVP
[20:12:50] 🔄 Identity reset
[20:12:50] 🔄 Identity rotated (every 10 requests)
[20:12:51] [387/445] CPFT
[20:12:51] [388/445] LCPC
[20:12:52] [389/445] VBCT
[20:12:53] [390/445] FSCW
[20:12:54] [391/445] VCMP
[20:12:55] [392/445] ASHC
[20:12:56] [393/445] VLCX
[20:12:57] [394/445] SHEV
[20:12:58] [395/445] APCO
[20:12:59] [396/445] SILC
[20:13:00] 🔄 Identity reset
[20:13:00] 🔄 Identity rotated (every 10 requests)
[20:13:00] [397/445] SNMR
[20:13:01] [398/445] KYBO
[20:13:02] [399/445] SATK
[20:13:03] [400/445] SSCS
[20:13:04] [401/445] CLSB
[20:13:05] [402/445] KMJR
[20:13:06] [403/445] FSCK
[20:13:07] [404/445] NNKA
[20:13:08] [405/445] CLMK
[20:13:09] [406/445] DMPZ
[20:13:10] 🔄 Identity reset
[20:13:10] 🔄 Identity rotated (every 10 requests)
[20:13:10] [407/445] INQM
[20:13:11] [408/445] CAML
[20:13:12] [409/445] INRK
[20:13:13] [410/445] IMKN
[20:13:14] [411/445] SVNR
[20:13:14] [412/445] INSL
[20:13:15] [413/445] MSMA
[20:13:16] [414/445] MCKK
[20:13:17] [415/445] FCHP
[20:13:18] [416/445] SFCR
[20:13:19] 🔄 Identity reset
[20:13:19] 🔄 Identity rotated (every 10 requests)
[20:13:19] [417/445] NACK
[20:13:20] [418/445] PVAK
[20:13:21] [419/445] INER
[20:13:22] [420/445] RDBK
[20:13:23] [421/445] SVFN
[20:13:24] [422/445] IFRM
[20:13:25] [423/445] ATCK
[20:13:26] [424/445] ASKO
[20:13:27] [425/445] STKT
[20:13:28] [426/445] SVFB
[20:13:28] 🔄 Identity reset
[20:13:28] 🔄 Identity rotated (every 10 requests)
[20:13:28] [427/445] INKS
[20:13:29] [428/445] PCRA
[20:13:30] [429/445] ATJA
[20:13:31] [430/445] IMJN
[20:13:32] [431/445] INHD
[20:13:33] [432/445] BARA
[20:13:34] [433/445] MCSL
[20:13:35] [434/445] RTOY
[20:13:36] [435/445] MENO
[20:13:37] [436/445] PUDM
[20:13:37] 🔄 Identity reset
[20:13:37] 🔄 Identity rotated (every 10 requests)
[20:13:38] [437/445] PRCN
[20:13:39] [438/445] JMJR
[20:13:39] [439/445] SSGK
[20:13:40] [440/445] SSRL
[20:13:41] [441/445] JYKL
[20:13:42] [442/445] ACNB
[20:13:43] [443/445] SONP
[20:13:44] [444/445] EMCI
[20:13:45] [445/445] MRJH
[20:13:46] ✅ DONE | Shows=3604 | Movies=75
[21:07:19] 🚀 BMS DAILY TRACKER STARTED (enhanced anti‑detection)
[21:07:19] [1/445] TGMR
[21:07:20] 🧠 New identity created
[21:07:20] [2/445] CXKR
[21:07:21] [3/445] SROP
[21:07:22] [4/445] GTSV
[21:07:23] [5/445] SNTY
[21:07:24] [6/445] SMYY
[21:07:25] [7/445] CNCS
[21:07:26] [8/445] CSTM
[21:07:27] [9/445] NUCD
[21:07:28] [10/445] SHCZ
[21:07:28] 🔄 Identity reset
[21:07:28] 🔄 Identity rotated (every 10 requests)
[21:07:29] [11/445] NJCT
[21:07:30] [12/445] COPC
[21:07:31] [13/445] STVV
[21:07:32] [14/445] SKRN
[21:07:33] [15/445] APPZ
[21:07:34] [16/445] YMGN
[21:07:35] [17/445] SVTU
[21:07:37] [18/445] GTAD
[21:07:38] [19/445] PSUS
[21:07:39] [20/445] SMCD
[21:07:40] 🔄 Identity reset
[21:07:40] 🔄 Identity rotated (every 10 requests)
[21:07:40] 🔄 Retry 1/5 for SMCD in 3.0s
[21:07:40] 🔄 Identity reset
[21:07:43] 🧠 New identity created
[21:07:43] 🔄 Retry 2/5 for SMCD in 4.5s
[21:07:43] 🔄 Identity reset
[21:07:48] 🧠 New identity created
[21:07:48] [21/445] CMCM
[21:07:49] [22/445] SYCT
[21:07:50] [23/445] STLY
[21:07:51] [24/445] CMHU
[21:07:52] [25/445] CMSA
[21:07:53] [26/445] CLCU
[21:07:54] [27/445] PPNT
[21:07:55] [28/445] JTAB
[21:07:55] 🔄 Identity reset
[21:07:55] 🔄 Identity rotated (every 10 requests)
[21:07:56] [29/445] BUUC
[21:07:57] [30/445] BSVK
[21:07:57] [31/445] VVVQ
[21:07:58] [32/445] TKMU
[21:07:59] [33/445] ESYL
[21:08:00] [34/445] ACHP
[21:08:01] [35/445] BTKD
[21:08:03] [36/445] DESA
[21:08:04] [37/445] GBCT
[21:08:05] [38/445] BLLD
[21:08:06] 🔄 Identity reset
[21:08:06] 🔄 Identity rotated (every 10 requests)
[21:08:06] 🔄 Retry 1/5 for BLLD in 2.1s
[21:08:06] 🔄 Identity reset
[21:08:08] 🧠 New identity created
[21:08:08] 🔄 Retry 2/5 for BLLD in 4.5s
[21:08:08] 🔄 Identity reset
[21:08:13] 🧠 New identity created
[21:08:13] [39/445] SKNT
[21:08:14] [40/445] SSTE
[21:08:15] [41/445] VJMR
[21:08:16] [42/445] NTPU
[21:08:17] [43/445] RDKN
[21:08:18] [44/445] ADGC
[21:08:19] [45/445] VRBP
[21:08:19] [46/445] NMNA
[21:08:20] 🔄 Identity reset
[21:08:20] 🔄 Identity rotated (every 10 requests)
[21:08:20] 🔄 Retry 1/5 for NMNA in 2.9s
[21:08:20] 🔄 Identity reset
[21:08:23] 🧠 New identity created
[21:08:24] [47/445] CMMX
[21:08:25] [48/445] PTKO
[21:08:26] [49/445] RBML
[21:08:27] [50/445] SAIC
[21:08:27] [51/445] SVTJ
[21:08:28] [52/445] MRTE
[21:08:29] [53/445] RBTP
[21:08:30] [54/445] NLPS
[21:08:31] [55/445] GTNA
[21:08:32] 🔄 Identity reset
[21:08:32] 🔄 Identity rotated (every 10 requests)
[21:08:32] [56/445] DGGC
[21:08:33] [57/445] SMCR
[21:08:34] [58/445] SCGD
[21:08:35] [59/445] SRRJ
[21:08:36] [60/445] CNRY
[21:08:37] [61/445] KTDI
[21:08:39] [62/445] SNJL
[21:08:40] [63/445] RKMD
[21:08:41] [64/445] SMDC
[21:08:41] [65/445] TADG
[21:08:42] 🔄 Identity reset
[21:08:42] 🔄 Identity rotated (every 10 requests)
[21:08:42] [66/445] MCGS
[21:08:43] [67/445] PETK
[21:08:44] [68/445] CHAG
[21:08:45] [69/445] KSTL
[21:08:46] [70/445] AADS
[21:08:47] [71/445] NTHZ
[21:08:48] [72/445] HCKI
[21:08:49] [73/445] SSEF
[21:08:50] [74/445] MCGX
[21:08:51] [75/445] ERRA
[21:08:51] 🔄 Identity reset
[21:08:51] 🔄 Identity rotated (every 10 requests)
[21:08:52] [76/445] SDTW
[21:08:53] [77/445] RMPK
[21:08:55] [78/445] PTHK
[21:08:56] [79/445] PXCS
[21:08:57] [80/445] SVLU
[21:08:57] [81/445] STAH
[21:08:58] [82/445] JRGF
[21:08:59] [83/445] CDOK
[21:09:00] [84/445] CMSG
[21:09:01] [85/445] APTD
[21:09:02] 🔄 Identity reset
[21:09:02] 🔄 Identity rotated (every 10 requests)
[21:09:02] [86/445] KMPG
[21:09:03] [87/445] MUTJ
[21:09:04] [88/445] VCCI
[21:09:05] [89/445] URBE
[21:09:07] [90/445] TCTS
[21:09:08] [91/445] STSN
[21:09:09] [92/445] AKCH
[21:09:10] [93/445] APSC
[21:09:11] [94/445] VLTB
[21:09:12] [95/445] SANU
[21:09:13] 🔄 Identity reset
[21:09:13] 🔄 Identity rotated (every 10 requests)
[21:09:13] [96/445] AXAM
[21:09:14] [97/445] MGMG
[21:09:15] [98/445] HTBY
[21:09:17] [99/445] MMZS
[21:09:18] [100/445] SUDR
[21:09:19] [101/445] CCAD
[21:09:20] [102/445] SKKC
[21:09:21] [103/445] RMCD
[21:09:21] [104/445] SBCQ
[21:09:22] [105/445] DCCT
[21:09:23] 🔄 Identity reset
[21:09:23] 🔄 Identity rotated (every 10 requests)
[21:09:23] 🔄 Retry 1/5 for DCCT in 2.6s
[21:09:23] 🔄 Identity reset
[21:09:26] 🧠 New identity created
[21:09:26] 🔄 Retry 2/5 for DCCT in 4.7s
[21:09:26] 🔄 Identity reset
[21:09:31] 🧠 New identity created
[21:09:31] 🔄 Retry 3/5 for DCCT in 8.8s
[21:09:31] 🔄 Identity reset
[21:09:39] 🧠 New identity created
[21:09:39] 🔄 Retry 4/5 for DCCT in 16.3s
[21:09:39] 🔄 Identity reset
[21:09:56] 🧠 New identity created
[21:09:56] [106/445] VTKP
[21:09:57] [107/445] MLAM
[21:09:58] [108/445] SAVT
[21:09:59] [109/445] GEPL
[21:10:00] [110/445] AMCD
[21:10:01] [111/445] CCXR
[21:10:01] 🔄 Identity reset
[21:10:01] 🔄 Identity rotated (every 10 requests)
[21:10:01] 🔄 Retry 1/5 for CCXR in 2.3s
[21:10:01] 🔄 Identity reset
[21:10:03] 🧠 New identity created
[21:10:04] [112/445] GRNG
[21:10:05] [113/445] EBCA
[21:10:05] [114/445] CNVG
[21:10:06] [115/445] MWSS
[21:10:07] [116/445] VBOR
[21:10:08] [117/445] NEEB
[21:10:09] [118/445] SUTH
[21:10:10] [119/445] ANDB
[21:10:11] [120/445] MMXS
[21:10:11] 🔄 Identity reset
[21:10:11] 🔄 Identity rotated (every 10 requests)
[21:10:11] 🔄 Retry 1/5 for MMXS in 2.9s
[21:10:11] 🔄 Identity reset
[21:10:14] 🧠 New identity created
[21:10:15] [121/445] CNPD
[21:10:16] [122/445] SDCE
[21:10:17] [123/445] DHCB
[21:10:18] [124/445] ODEN
[21:10:19] [125/445] TNTC
[21:10:20] [126/445] VBKM
[21:10:21] [127/445] RZYM
[21:10:21] [128/445] JEMC
[21:10:22] [129/445] CMAU
[21:10:23] 🔄 Identity reset
[21:10:23] 🔄 Identity rotated (every 10 requests)
[21:10:23] [130/445] SIVP
[21:10:24] [131/445] ATAG
[21:10:25] [132/445] CHTM
[21:10:27] [133/445] AAEE
[21:10:28] [134/445] IWPM
[21:10:29] [135/445] KCMW
[21:10:29] [136/445] MCTD
[21:10:30] [137/445] SPWR
[21:10:31] [138/445] SDPO
[21:10:32] [139/445] PCSK
[21:10:33] 🔄 Identity reset
[21:10:33] 🔄 Identity rotated (every 10 requests)
[21:10:33] 🔄 Retry 1/5 for PCSK in 2.3s
[21:10:33] 🔄 Identity reset
[21:10:35] 🧠 New identity created
[21:10:35] 🔄 Retry 2/5 for PCSK in 4.6s
[21:10:35] 🔄 Identity reset
[21:10:40] 🧠 New identity created
[21:10:40] [140/445] ACHV
[21:10:41] [141/445] SVLA
[21:10:42] [142/445] PICT
[21:10:43] [143/445] BXDR
[21:10:43] [144/445] SPWA
[21:10:44] [145/445] MCKO
[21:10:45] [146/445] RTHK
[21:10:46] [147/445] CCMF
[21:10:47] 🔄 Identity reset
[21:10:47] 🔄 Identity rotated (every 10 requests)
[21:10:47] [148/445] MRGB
[21:10:48] [149/445] CPLC
[21:10:49] [150/445] RACD
[21:10:50] [151/445] ATKT
[21:10:52] [152/445] SARN
[21:10:53] [153/445] KKUI
[21:10:54] [154/445] RGCM
[21:10:55] [155/445] BRVP
[21:10:56] [156/445] HRSR
[21:10:57] [157/445] GKGM
[21:10:57] 🔄 Identity reset
[21:10:57] 🔄 Identity rotated (every 10 requests)
[21:10:58] [158/445] TTCD
[21:10:58] [159/445] PTTI
[21:10:59] [160/445] MPTT
[21:11:01] [161/445] CVTT
[21:11:02] [162/445] PCXD
[21:11:03] [163/445] GCDC
[21:11:04] [164/445] CCCF
[21:11:06] [165/445] MRAD
[21:11:07] [166/445] CPLK
[21:11:08] [167/445] SATB
[21:11:08] 🔄 Identity reset
[21:11:08] 🔄 Identity rotated (every 10 requests)
[21:11:08] [168/445] SNVG
[21:11:09] [169/445] JMBA
[21:11:11] [170/445] TEJA
[21:11:12] [171/445] STYO
[21:11:13] [172/445] JTBP
[21:11:14] [173/445] KRGD
[21:11:14] [174/445] SLJJ
[21:11:15] [175/445] SPTJ
[21:11:16] [176/445] SWJG
[21:11:17] [177/445] LKRT
[21:11:18] 🔄 Identity reset
[21:11:18] 🔄 Identity rotated (every 10 requests)
[21:11:18] [178/445] KCKA
[21:11:19] [179/445] SNCR
[21:11:20] [180/445] SMKL
[21:11:20] [181/445] GCFA
[21:11:21] [182/445] DDCK
[21:11:22] [183/445] NCHJ
[21:11:23] [184/445] RDMA
[21:11:24] [185/445] SVSV
[21:11:25] [186/445] SCJG
[21:11:26] [187/445] VKLP
[21:11:27] 🔄 Identity reset
[21:11:27] 🔄 Identity rotated (every 10 requests)
[21:11:27] 🔄 Retry 1/5 for VKLP in 2.0s
[21:11:27] 🔄 Identity reset
[21:11:29] 🧠 New identity created
[21:11:29] [188/445] NWCC
[21:11:30] [189/445] VKNS
[21:11:31] [190/445] SDDP
[21:11:32] [191/445] ACSI
[21:11:33] [192/445] SATG
[21:11:34] [193/445] SCMW
[21:11:35] [194/445] LKTK
[21:11:36] [195/445] VCKV
[21:11:37] [196/445] KKPE
[21:11:37] 🔄 Identity reset
[21:11:37] 🔄 Identity rotated (every 10 requests)
[21:11:37] 🔄 Retry 1/5 for KKPE in 2.9s
[21:11:37] 🔄 Identity reset
[21:11:40] 🧠 New identity created
[21:11:41] [197/445] KIGH
[21:11:41] [198/445] SRPM
[21:11:43] [199/445] SCAH
[21:11:43] [200/445] MUTA
[21:11:44] [201/445] SEPU
[21:11:45] [202/445] INOA
[21:11:46] [203/445] BASK
[21:11:47] [204/445] NECB
[21:11:48] [205/445] GTTG
[21:11:49] 🔄 Identity reset
[21:11:49] 🔄 Identity rotated (every 10 requests)
[21:11:49] 🔄 Retry 1/5 for GTTG in 2.2s
[21:11:49] 🔄 Identity reset
[21:11:51] 🧠 New identity created
[21:11:51] [206/445] ASSA
[21:11:52] [207/445] ANCL
[21:11:53] [208/445] GCTI
[21:11:54] [209/445] RCTS
[21:11:55] [210/445] ACNL
[21:11:56] [211/445] MYCT
[21:11:57] [212/445] NMHT
[21:11:58] [213/445] MDIT
[21:11:59] [214/445] LATG
[21:11:59] 🔄 Identity reset
[21:12:00] 🔄 Identity rotated (every 10 requests)
[21:12:00] [215/445] SMTY
[21:12:01] [216/445] CVCT
[21:12:02] [217/445] RAMB
[21:12:03] [218/445] TGMS
[21:12:04] [219/445] BHEL
[21:12:04] [220/445] SHCT
[21:12:06] [221/445] SVCT
[21:12:08] [222/445] MRIY
[21:12:09] [223/445] SARO
[21:12:10] [224/445] STCT
[21:12:11] 🔄 Identity reset
[21:12:11] 🔄 Identity rotated (every 10 requests)
[21:12:11] [225/445] JKKC
[21:12:12] [226/445] PLTT
[21:12:13] [227/445] SRNT
[21:12:14] [228/445] YAST
[21:12:16] [229/445] PERL
[21:12:17] [230/445] CICM
[21:12:17] [231/445] MMTR
[21:12:18] [232/445] ABTK
[21:12:20] [233/445] ATYY
[21:12:21] [234/445] ASTK
[21:12:22] 🔄 Identity reset
[21:12:22] 🔄 Identity rotated (every 10 requests)
[21:12:22] 🔄 Retry 1/5 for ASTK in 2.3s
[21:12:22] 🔄 Identity reset
[21:12:24] 🧠 New identity created
[21:12:24] [235/445] VVCK
[21:12:25] [236/445] ATKY
[21:12:26] [237/445] GWEK
[21:12:27] [238/445] SVFH
[21:12:28] [239/445] SLTA
[21:12:29] [240/445] AASH
[21:12:30] [241/445] ACXB
[21:12:31] [242/445] SMTX
[21:12:32] [243/445] AZDH
[21:12:33] 🔄 Identity reset
[21:12:33] 🔄 Identity rotated (every 10 requests)
[21:12:33] [244/445] CMMH
[21:12:34] [245/445] SCSZ
[21:12:34] [246/445] SCKP
[21:12:35] [247/445] NXTM
[21:12:36] [248/445] NWCS
[21:12:37] [249/445] CXMH
[21:12:38] [250/445] PCMA
[21:12:39] [251/445] SGCM
[21:12:40] [252/445] SDTU
[21:12:41] [253/445] MMVI
[21:12:41] 🔄 Identity reset
[21:12:41] 🔄 Identity rotated (every 10 requests)
[21:12:42] [254/445] JKCM
[21:12:42] [255/445] VCMM
[21:12:43] [256/445] SYEE
[21:12:45] [257/445] VASD
[21:12:47] [258/445] BDRB
[21:12:48] [259/445] LASM
[21:12:49] [260/445] DCRL
[21:12:50] [261/445] DVPM
[21:12:50] [262/445] SBMJ
[21:12:52] [263/445] CBMU
[21:12:53] 🔄 Identity reset
[21:12:53] 🔄 Identity rotated (every 10 requests)
[21:12:53] 🔄 Retry 1/5 for CBMU in 2.6s
[21:12:53] 🔄 Identity reset
[21:12:55] 🧠 New identity created
[21:12:56] [264/445] IUBS
[21:12:57] [265/445] INAP
[21:12:57] [266/445] SRRC
[21:12:58] [267/445] SAGR
[21:13:00] [268/445] CPMJ
[21:13:01] [269/445] ATJL
[21:13:02] [270/445] NNTD
[21:13:03] [271/445] JHCJ
[21:13:04] [272/445] CMMP
[21:13:04] 🔄 Identity reset
[21:13:04] 🔄 Identity rotated (every 10 requests)
[21:13:04] 🔄 Retry 1/5 for CMMP in 2.6s
[21:13:04] 🔄 Identity reset
[21:13:07] 🧠 New identity created
[21:13:07] [273/445] RSDR
[21:13:08] [274/445] AMTI
[21:13:09] [275/445] NYSG
[21:13:10] [276/445] AVSG
[21:13:11] [277/445] SYTP
[21:13:12] [278/445] LARC
[21:13:13] [279/445] RJTP
[21:13:13] [280/445] LAKC
[21:13:14] [281/445] MCXE
[21:13:15] 🔄 Identity reset
[21:13:15] 🔄 Identity rotated (every 10 requests)
[21:13:15] [282/445] CCZC
[21:13:16] [283/445] AVCH
[21:13:17] [284/445] CMBE
[21:13:18] [285/445] MRRC
[21:13:19] [286/445] PCPY
[21:13:21] [287/445] SRMH
[21:13:22] [288/445] SVGS
[21:13:23] [289/445] PCSE
[21:13:23] [290/445] SVFT
[21:13:24] [291/445] TNZP
[21:13:25] 🔄 Identity reset
[21:13:25] 🔄 Identity rotated (every 10 requests)
[21:13:25] [292/445] ICTP
[21:13:26] [293/445] ACTZ
[21:13:27] [294/445] GTUR
[21:13:28] [295/445] MAFC
[21:13:29] [296/445] MINL
[21:13:30] [297/445] MRCL
[21:13:31] [298/445] RCRP
[21:13:32] [299/445] RFFG
[21:13:32] [300/445] RMAS
[21:13:33] [301/445] INVR
[21:13:34] 🔄 Identity reset
[21:13:34] 🔄 Identity rotated (every 10 requests)
[21:13:34] [302/445] RMAR
[21:13:35] [303/445] CNIS
[21:13:36] [304/445] RHRJ
[21:13:37] [305/445] INXR
[21:13:38] [306/445] VALT
[21:13:38] [307/445] LCSH
[21:13:39] [308/445] CMVS
[21:13:40] [309/445] CNMS
[21:13:41] [310/445] ROOG
[21:13:42] [311/445] ISRM
[21:13:43] 🔄 Identity reset
[21:13:43] 🔄 Identity rotated (every 10 requests)
[21:13:43] [312/445] RCRM
[21:13:44] [313/445] ACJA
[21:13:45] [314/445] RCVS
[21:13:46] [315/445] CPUS
[21:13:47] [316/445] TGCS
[21:13:48] [317/445] RKCJ
[21:13:48] [318/445] MKSB
[21:13:49] [319/445] TCSJ
[21:13:50] [320/445] RMGP
[21:13:51] [321/445] CLLP
[21:13:51] 🔄 Identity reset
[21:13:51] 🔄 Identity rotated (every 10 requests)
[21:13:52] [322/445] RCMV
[21:13:53] [323/445] CCKS
[21:13:54] [324/445] RSRP
[21:13:55] [325/445] APLP
[21:13:56] [326/445] CNVS
[21:13:57] [327/445] RMVY
[21:13:58] [328/445] PGBD
[21:13:59] [329/445] KLMS
[21:14:00] [330/445] RUST
[21:14:00] [331/445] MASM
[21:14:01] 🔄 Identity reset
[21:14:01] 🔄 Identity rotated (every 10 requests)
[21:14:01] [332/445] BACS
[21:14:02] [333/445] BWST
[21:14:03] [334/445] RRFH
[21:14:04] [335/445] SJTM
[21:14:05] [336/445] BEMR
[21:14:06] [337/445] MCGR
[21:14:06] [338/445] SDSK
[21:14:07] [339/445] VBOL
[21:14:08] [340/445] RMGM
[21:14:09] [341/445] NOPL
[21:14:09] 🔄 Identity reset
[21:14:09] 🔄 Identity rotated (every 10 requests)
[21:14:10] [342/445] MKJK
[21:14:11] [343/445] CVRN
[21:14:12] [344/445] MMEN
[21:14:12] [345/445] AMNG
[21:14:13] [346/445] INTM
[21:14:14] [347/445] SLCZ
[21:14:15] [348/445] AMJN
[21:14:16] [349/445] ACJN
[21:14:17] [350/445] AMKN
[21:14:18] [351/445] BTCN
[21:14:18] 🔄 Identity reset
[21:14:18] 🔄 Identity rotated (every 10 requests)
[21:14:19] [352/445] AMBT
[21:14:19] [353/445] PACN
[21:14:20] [354/445] LCNS
[21:14:21] [355/445] PPKC
[21:14:22] [356/445] JYYN
[21:14:23] [357/445] JTNR
[21:14:24] [358/445] GTEE
[21:14:25] [359/445] SRNM
[21:14:26] [360/445] SDTC
[21:14:27] [361/445] VPCA
[21:14:27] 🔄 Identity reset
[21:14:27] 🔄 Identity rotated (every 10 requests)
[21:14:27] [362/445] VLRA
[21:14:28] [363/445] SHKR
[21:14:29] [364/445] SBKD
[21:14:30] [365/445] SAAD
[21:14:31] [366/445] JTGN
[21:14:32] [367/445] SLAM
[21:14:34] [368/445] VTPM
[21:14:34] [369/445] ANPT
[21:14:35] [370/445] PUNB
[21:14:36] [371/445] CPKT
[21:14:37] 🔄 Identity reset
[21:14:37] 🔄 Identity rotated (every 10 requests)
[21:14:37] 🔄 Retry 1/5 for CPKT in 2.1s
[21:14:37] 🔄 Identity reset
[21:14:39] 🧠 New identity created
[21:14:40] [372/445] CNWE
[21:14:41] [373/445] ECPP
[21:14:42] [374/445] CPAR
[21:14:42] [375/445] ESBW
[21:14:43] [376/445] PKPU
[21:14:44] [377/445] CPRP
[21:14:45] [378/445] RAHU
[21:14:46] [379/445] RHMN
[21:14:47] [380/445] FMJP
[21:14:47] 🔄 Identity reset
[21:14:48] 🔄 Identity rotated (every 10 requests)
[21:14:48] [381/445] CTMP
[21:14:49] [382/445] INPN
[21:14:50] [383/445] STTG
[21:14:51] [384/445] CTRD
[21:14:52] [385/445] PUVB
[21:14:53] [386/445] ESVP
[21:14:54] [387/445] CPFT
[21:14:55] [388/445] LCPC
[21:14:56] [389/445] VBCT
[21:14:57] [390/445] FSCW
[21:14:57] 🔄 Identity reset
[21:14:57] 🔄 Identity rotated (every 10 requests)
[21:14:58] [391/445] VCMP
[21:14:59] [392/445] ASHC
[21:15:00] [393/445] VLCX
[21:15:02] [394/445] SHEV
[21:15:03] [395/445] APCO
[21:15:04] [396/445] SILC
[21:15:05] [397/445] SNMR
[21:15:07] [398/445] KYBO
[21:15:07] [399/445] SATK
[21:15:09] [400/445] SSCS
[21:15:10] 🔄 Identity reset
[21:15:10] 🔄 Identity rotated (every 10 requests)
[21:15:10] [401/445] CLSB
[21:15:11] [402/445] KMJR
[21:15:12] [403/445] FSCK
[21:15:13] [404/445] NNKA
[21:15:14] [405/445] CLMK
[21:15:14] [406/445] DMPZ
[21:15:15] [407/445] INQM
[21:15:17] [408/445] CAML
[21:15:19] [409/445] INRK
[21:15:19] [410/445] IMKN
[21:15:20] 🔄 Identity reset
[21:15:20] 🔄 Identity rotated (every 10 requests)
[21:15:20] [411/445] SVNR
[21:15:21] [412/445] INSL
[21:15:22] [413/445] MSMA
[21:15:23] [414/445] MCKK
[21:15:24] [415/445] FCHP
[21:15:25] [416/445] SFCR
[21:15:26] [417/445] NACK
[21:15:27] [418/445] PVAK
[21:15:28] [419/445] INER
[21:15:29] [420/445] RDBK
[21:15:29] 🔄 Identity reset
[21:15:29] 🔄 Identity rotated (every 10 requests)
[21:15:30] [421/445] SVFN
[21:15:31] [422/445] IFRM
[21:15:31] [423/445] ATCK
[21:15:32] [424/445] ASKO
[21:15:33] [425/445] STKT
[21:15:34] [426/445] SVFB
[21:15:35] [427/445] INKS
[21:15:36] [428/445] PCRA
[21:15:37] [429/445] ATJA
[21:15:38] [430/445] IMJN
[21:15:39] 🔄 Identity reset
[21:15:39] 🔄 Identity rotated (every 10 requests)
[21:15:39] [431/445] INHD
[21:15:40] [432/445] BARA
[21:15:41] [433/445] MCSL
[21:15:42] [434/445] RTOY
[21:15:43] [435/445] MENO
[21:15:44] [436/445] PUDM
[21:15:45] [437/445] PRCN
[21:15:46] [438/445] JMJR
[21:15:47] [439/445] SSGK
[21:15:48] [440/445] SSRL
[21:15:48] 🔄 Identity reset
[21:15:48] 🔄 Identity rotated (every 10 requests)
[21:15:49] [441/445] JYKL
[21:15:50] [442/445] ACNB
[21:15:50] [443/445] SONP
[21:15:51] [444/445] EMCI
[21:15:52] [445/445] MRJH
[21:15:53] ✅ DONE | Shows=3665 | Movies=75
[22:07:48] 🚀 BMS DAILY TRACKER STARTED (enhanced anti‑detection)
[22:07:48] [1/445] TGMR
[22:07:49] 🧠 New identity created
[22:07:49] [2/445] CXKR
[22:07:50] [3/445] SROP
[22:07:50] [4/445] GTSV
[22:07:51] [5/445] SNTY
[22:07:52] [6/445] SMYY
[22:07:52] [7/445] CNCS
[22:07:53] [8/445] CSTM
[22:07:54] [9/445] NUCD
[22:07:55] [10/445] SHCZ
[22:07:55] 🔄 Identity reset
[22:07:55] 🔄 Identity rotated (every 10 requests)
[22:07:55] [11/445] NJCT
[22:07:56] [12/445] COPC
[22:07:57] [13/445] STVV
[22:07:57] [14/445] SKRN
[22:07:58] [15/445] APPZ
[22:07:59] [16/445] YMGN
[22:08:00] [17/445] SVTU
[22:08:01] [18/445] GTAD
[22:08:01] [19/445] PSUS
[22:08:02] [20/445] SMCD
[22:08:03] 🔄 Identity reset
[22:08:03] 🔄 Identity rotated (every 10 requests)
[22:08:03] 🔄 Retry 1/5 for SMCD in 2.8s
[22:08:03] 🔄 Identity reset
[22:08:05] 🧠 New identity created
[22:08:06] [21/445] CMCM
[22:08:06] [22/445] SYCT
[22:08:08] [23/445] STLY
[22:08:09] [24/445] CMHU
[22:08:10] [25/445] CMSA
[22:08:10] [26/445] CLCU
[22:08:11] [27/445] PPNT
[22:08:11] [28/445] JTAB
[22:08:12] [29/445] BUUC
[22:08:13] 🔄 Identity reset
[22:08:13] 🔄 Identity rotated (every 10 requests)
[22:08:13] [30/445] BSVK
[22:08:13] [31/445] VVVQ
[22:08:14] [32/445] TKMU
[22:08:15] [33/445] ESYL
[22:08:16] [34/445] ACHP
[22:08:17] [35/445] BTKD
[22:08:18] [36/445] DESA
[22:08:18] [37/445] GBCT
[22:08:19] [38/445] BLLD
[22:08:21] [39/445] SKNT
[22:08:21] 🔄 Identity reset
[22:08:21] 🔄 Identity rotated (every 10 requests)
[22:08:22] [40/445] SSTE
[22:08:23] [41/445] VJMR
[22:08:23] [42/445] NTPU
[22:08:24] [43/445] RDKN
[22:08:25] [44/445] ADGC
[22:08:26] [45/445] VRBP
[22:08:27] [46/445] NMNA
[22:08:27] [47/445] CMMX
[22:08:28] [48/445] PTKO
[22:08:29] [49/445] RBML
[22:08:29] 🔄 Identity reset
[22:08:29] 🔄 Identity rotated (every 10 requests)
[22:08:29] [50/445] SAIC
[22:08:30] [51/445] SVTJ
[22:08:31] [52/445] MRTE
[22:08:31] [53/445] RBTP
[22:08:32] [54/445] NLPS
[22:08:33] [55/445] GTNA
[22:08:33] [56/445] DGGC
[22:08:35] [57/445] SMCR
[22:08:35] [58/445] SCGD
[22:08:36] [59/445] SRRJ
[22:08:37] 🔄 Identity reset
[22:08:37] 🔄 Identity rotated (every 10 requests)
[22:08:37] [60/445] CNRY
[22:08:38] [61/445] KTDI
[22:08:38] [62/445] SNJL
[22:08:39] [63/445] RKMD
[22:08:40] [64/445] SMDC
[22:08:41] [65/445] TADG
[22:08:42] [66/445] MCGS
[22:08:43] [67/445] PETK
[22:08:43] [68/445] CHAG
[22:08:44] [69/445] KSTL
[22:08:45] 🔄 Identity reset
[22:08:45] 🔄 Identity rotated (every 10 requests)
[22:08:45] 🔄 Retry 1/5 for KSTL in 2.3s
[22:08:45] 🔄 Identity reset
[22:08:47] 🧠 New identity created
[22:08:47] 🔄 Retry 2/5 for KSTL in 4.7s
[22:08:47] 🔄 Identity reset
[22:08:52] 🧠 New identity created
[22:08:52] [70/445] AADS
[22:08:53] [71/445] NTHZ
[22:08:53] [72/445] HCKI
[22:08:54] [73/445] SSEF
[22:08:54] [74/445] MCGX
[22:08:55] [75/445] ERRA
[22:08:56] [76/445] SDTW
[22:08:57] [77/445] RMPK
[22:08:57] 🔄 Identity reset
[22:08:57] 🔄 Identity rotated (every 10 requests)
[22:08:57] 🔄 Retry 1/5 for RMPK in 2.4s
[22:08:57] 🔄 Identity reset
[22:09:00] 🧠 New identity created
[22:09:00] 🔄 Retry 2/5 for RMPK in 4.1s
[22:09:00] 🔄 Identity reset
[22:09:04] 🧠 New identity created
[22:09:04] [78/445] PTHK
[22:09:05] [79/445] PXCS
[22:09:06] [80/445] SVLU
[22:09:06] [81/445] STAH
[22:09:07] [82/445] JRGF
[22:09:08] [83/445] CDOK
[22:09:09] [84/445] CMSG
[22:09:09] [85/445] APTD
[22:09:10] 🔄 Identity reset
[22:09:10] 🔄 Identity rotated (every 10 requests)
[22:09:10] [86/445] KMPG
[22:09:11] [87/445] MUTJ
[22:09:12] [88/445] VCCI
[22:09:13] [89/445] URBE
[22:09:13] [90/445] TCTS
[22:09:14] [91/445] STSN
[22:09:16] [92/445] AKCH
[22:09:17] [93/445] APSC
[22:09:18] [94/445] VLTB
[22:09:18] [95/445] SANU
[22:09:19] 🔄 Identity reset
[22:09:19] 🔄 Identity rotated (every 10 requests)
[22:09:19] [96/445] AXAM
[22:09:20] [97/445] MGMG
[22:09:21] [98/445] HTBY
[22:09:22] [99/445] MMZS
[22:09:22] [100/445] SUDR
[22:09:23] [101/445] CCAD
[22:09:24] [102/445] SKKC
[22:09:25] [103/445] RMCD
[22:09:25] [104/445] SBCQ
[22:09:26] [105/445] DCCT
[22:09:26] 🔄 Identity reset
[22:09:26] 🔄 Identity rotated (every 10 requests)
[22:09:27] [106/445] VTKP
[22:09:27] [107/445] MLAM
[22:09:28] [108/445] SAVT
[22:09:29] [109/445] GEPL
[22:09:30] [110/445] AMCD
[22:09:30] [111/445] CCXR
[22:09:32] [112/445] GRNG
[22:09:33] [113/445] EBCA
[22:09:33] [114/445] CNVG
[22:09:34] [115/445] MWSS
[22:09:35] 🔄 Identity reset
[22:09:35] 🔄 Identity rotated (every 10 requests)
[22:09:35] [116/445] VBOR
[22:09:36] [117/445] NEEB
[22:09:37] [118/445] SUTH
[22:09:37] [119/445] ANDB
[22:09:38] [120/445] MMXS
[22:09:39] [121/445] CNPD
[22:09:40] [122/445] SDCE
[22:09:40] [123/445] DHCB
[22:09:41] [124/445] ODEN
[22:09:42] [125/445] TNTC
[22:09:42] 🔄 Identity reset
[22:09:42] 🔄 Identity rotated (every 10 requests)
[22:09:42] [126/445] VBKM
[22:09:44] [127/445] RZYM
[22:09:44] [128/445] JEMC
[22:09:45] [129/445] CMAU
[22:09:46] [130/445] SIVP
[22:09:46] [131/445] ATAG
[22:09:47] [132/445] CHTM
[22:09:48] [133/445] AAEE
[22:09:49] [134/445] IWPM
[22:09:50] [135/445] KCMW
[22:09:50] 🔄 Identity reset
[22:09:50] 🔄 Identity rotated (every 10 requests)
[22:09:50] 🔄 Retry 1/5 for KCMW in 2.4s
[22:09:50] 🔄 Identity reset
[22:09:53] 🧠 New identity created
[22:09:53] [136/445] MCTD
[22:09:53] [137/445] SPWR
[22:09:54] [138/445] SDPO
[22:09:55] [139/445] PCSK
[22:09:55] [140/445] ACHV
[22:09:56] [141/445] SVLA
[22:09:57] [142/445] PICT
[22:09:57] [143/445] BXDR
[22:09:58] [144/445] SPWA
[22:09:59] 🔄 Identity reset
[22:09:59] 🔄 Identity rotated (every 10 requests)
[22:09:59] 🔄 Retry 1/5 for SPWA in 2.6s
[22:09:59] 🔄 Identity reset
[22:10:02] 🧠 New identity created
[22:10:02] [145/445] MCKO
[22:10:03] [146/445] RTHK
[22:10:03] [147/445] CCMF
[22:10:04] [148/445] MRGB
[22:10:05] [149/445] CPLC
[22:10:05] [150/445] RACD
[22:10:06] [151/445] ATKT
[22:10:07] [152/445] SARN
[22:10:08] [153/445] KKUI
[22:10:08] 🔄 Identity reset
[22:10:08] 🔄 Identity rotated (every 10 requests)
[22:10:09] [154/445] RGCM
[22:10:10] [155/445] BRVP
[22:10:11] [156/445] HRSR
[22:10:12] [157/445] GKGM
[22:10:13] [158/445] TTCD
[22:10:14] [159/445] PTTI
[22:10:15] [160/445] MPTT
[22:10:15] [161/445] CVTT
[22:10:16] [162/445] PCXD
[22:10:17] [163/445] GCDC
[22:10:18] 🔄 Identity reset
[22:10:18] 🔄 Identity rotated (every 10 requests)
[22:10:18] [164/445] CCCF
[22:10:19] [165/445] MRAD
[22:10:20] [166/445] CPLK
[22:10:20] [167/445] SATB
[22:10:21] [168/445] SNVG
[22:10:21] [169/445] JMBA
[22:10:23] [170/445] TEJA
[22:10:23] [171/445] STYO
[22:10:24] [172/445] JTBP
[22:10:26] [173/445] KRGD
[22:10:26] 🔄 Identity reset
[22:10:26] 🔄 Identity rotated (every 10 requests)
[22:10:27] [174/445] SLJJ
[22:10:27] [175/445] SPTJ
[22:10:28] [176/445] SWJG
[22:10:29] [177/445] LKRT
[22:10:30] [178/445] KCKA
[22:10:31] [179/445] SNCR
[22:10:31] [180/445] SMKL
[22:10:32] [181/445] GCFA
[22:10:33] [182/445] DDCK
[22:10:33] [183/445] NCHJ
[22:10:34] 🔄 Identity reset
[22:10:34] 🔄 Identity rotated (every 10 requests)
[22:10:34] [184/445] RDMA
[22:10:35] [185/445] SVSV
[22:10:36] [186/445] SCJG
[22:10:36] [187/445] VKLP
[22:10:37] [188/445] NWCC
[22:10:38] [189/445] VKNS
[22:10:38] [190/445] SDDP
[22:10:39] [191/445] ACSI
[22:10:40] [192/445] SATG
[22:10:41] [193/445] SCMW
[22:10:42] 🔄 Identity reset
[22:10:42] 🔄 Identity rotated (every 10 requests)
[22:10:42] [194/445] LKTK
[22:10:43] [195/445] VCKV
[22:10:43] [196/445] KKPE
[22:10:44] [197/445] KIGH
[22:10:45] [198/445] SRPM
[22:10:46] [199/445] SCAH
[22:10:46] [200/445] MUTA
[22:10:48] [201/445] SEPU
[22:10:48] [202/445] INOA
[22:10:49] [203/445] BASK
[22:10:50] 🔄 Identity reset
[22:10:50] 🔄 Identity rotated (every 10 requests)
[22:10:50] 🔄 Retry 1/5 for BASK in 2.6s
[22:10:50] 🔄 Identity reset
[22:10:53] 🧠 New identity created
[22:10:53] [204/445] NECB
[22:10:54] [205/445] GTTG
[22:10:55] [206/445] ASSA
[22:10:56] [207/445] ANCL
[22:10:57] [208/445] GCTI
[22:10:58] [209/445] RCTS
[22:10:58] [210/445] ACNL
[22:11:00] [211/445] MYCT
[22:11:01] [212/445] NMHT
[22:11:01] 🔄 Identity reset
[22:11:01] 🔄 Identity rotated (every 10 requests)
[22:11:01] [213/445] MDIT
[22:11:02] [214/445] LATG
[22:11:03] [215/445] SMTY
[22:11:04] [216/445] CVCT
[22:11:05] [217/445] RAMB
[22:11:05] [218/445] TGMS
[22:11:06] [219/445] BHEL
[22:11:07] [220/445] SHCT
[22:11:08] [221/445] SVCT
[22:11:08] [222/445] MRIY
[22:11:09] 🔄 Identity reset
[22:11:09] 🔄 Identity rotated (every 10 requests)
[22:11:09] [223/445] SARO
[22:11:09] [224/445] STCT
[22:11:10] [225/445] JKKC
[22:11:11] [226/445] PLTT
[22:11:12] [227/445] SRNT
[22:11:12] [228/445] YAST
[22:11:13] [229/445] PERL
[22:11:13] [230/445] CICM
[22:11:14] [231/445] MMTR
[22:11:15] [232/445] ABTK
[22:11:16] 🔄 Identity reset
[22:11:16] 🔄 Identity rotated (every 10 requests)
[22:11:16] [233/445] ATYY
[22:11:17] [234/445] ASTK
[22:11:18] [235/445] VVCK
[22:11:19] [236/445] ATKY
[22:11:19] [237/445] GWEK
[22:11:20] [238/445] SVFH
[22:11:21] [239/445] SLTA
[22:11:21] [240/445] AASH
[22:11:22] [241/445] ACXB
[22:11:23] [242/445] SMTX
[22:11:24] 🔄 Identity reset
[22:11:24] 🔄 Identity rotated (every 10 requests)
[22:11:24] [243/445] AZDH
[22:11:25] [244/445] CMMH
[22:11:26] [245/445] SCSZ
[22:11:27] [246/445] SCKP
[22:11:28] [247/445] NXTM
[22:11:28] [248/445] NWCS
[22:11:30] [249/445] CXMH
[22:11:31] [250/445] PCMA
[22:11:32] [251/445] SGCM
[22:11:33] [252/445] SDTU
[22:11:33] 🔄 Identity reset
[22:11:33] 🔄 Identity rotated (every 10 requests)
[22:11:33] [253/445] MMVI
[22:11:34] [254/445] JKCM
[22:11:36] [255/445] VCMM
[22:11:36] [256/445] SYEE
[22:11:37] [257/445] VASD
[22:11:38] [258/445] BDRB
[22:11:39] [259/445] LASM
[22:11:40] [260/445] DCRL
[22:11:41] [261/445] DVPM
[22:11:41] [262/445] SBMJ
[22:11:42] 🔄 Identity reset
[22:11:42] 🔄 Identity rotated (every 10 requests)
[22:11:42] [263/445] CBMU
[22:11:43] [264/445] IUBS
[22:11:44] [265/445] INAP
[22:11:45] [266/445] SRRC
[22:11:45] [267/445] SAGR
[22:11:46] [268/445] CPMJ
[22:11:47] [269/445] ATJL
[22:11:48] [270/445] NNTD
[22:11:49] [271/445] JHCJ
[22:11:49] [272/445] CMMP
[22:11:50] 🔄 Identity reset
[22:11:50] 🔄 Identity rotated (every 10 requests)
[22:11:50] [273/445] RSDR
[22:11:51] [274/445] AMTI
[22:11:52] [275/445] NYSG
[22:11:53] [276/445] AVSG
[22:11:54] [277/445] SYTP
[22:11:55] [278/445] LARC
[22:11:56] [279/445] RJTP
[22:11:58] [280/445] LAKC
[22:11:59] [281/445] MCXE
[22:12:00] [282/445] CCZC
[22:12:00] 🔄 Identity reset
[22:12:00] 🔄 Identity rotated (every 10 requests)
[22:12:01] [283/445] AVCH
[22:12:02] [284/445] CMBE
[22:12:03] [285/445] MRRC
[22:12:05] [286/445] PCPY
[22:12:06] [287/445] SRMH
[22:12:06] [288/445] SVGS
[22:12:07] [289/445] PCSE
[22:12:08] [290/445] SVFT
[22:12:09] [291/445] TNZP
[22:12:10] [292/445] ICTP
[22:12:10] 🔄 Identity reset
[22:12:10] 🔄 Identity rotated (every 10 requests)
[22:12:10] 🔄 Retry 1/5 for ICTP in 2.8s
[22:12:10] 🔄 Identity reset
[22:12:13] 🧠 New identity created
[22:12:13] 🔄 Retry 2/5 for ICTP in 4.3s
[22:12:13] 🔄 Identity reset
[22:12:18] 🧠 New identity created
[22:12:18] [293/445] ACTZ
[22:12:19] [294/445] GTUR
[22:12:20] [295/445] MAFC
[22:12:21] [296/445] MINL
[22:12:21] [297/445] MRCL
[22:12:22] [298/445] RCRP
[22:12:23] [299/445] RFFG
[22:12:24] [300/445] RMAS
[22:12:24] 🔄 Identity reset
[22:12:25] 🔄 Identity rotated (every 10 requests)
[22:12:25] [301/445] INVR
[22:12:26] [302/445] RMAR
[22:12:26] [303/445] CNIS
[22:12:27] [304/445] RHRJ
[22:12:28] [305/445] INXR
[22:12:30] [306/445] VALT
[22:12:30] [307/445] LCSH
[22:12:31] [308/445] CMVS
[22:12:32] [309/445] CNMS
[22:12:33] [310/445] ROOG
[22:12:34] 🔄 Identity reset
[22:12:34] 🔄 Identity rotated (every 10 requests)
[22:12:34] [311/445] ISRM
[22:12:35] [312/445] RCRM
[22:12:36] [313/445] ACJA
[22:12:37] [314/445] RCVS
[22:12:38] [315/445] CPUS
[22:12:39] [316/445] TGCS
[22:12:40] [317/445] RKCJ
[22:12:41] [318/445] MKSB
[22:12:42] [319/445] TCSJ
[22:12:42] [320/445] RMGP
[22:12:43] 🔄 Identity reset
[22:12:43] 🔄 Identity rotated (every 10 requests)
[22:12:43] [321/445] CLLP
[22:12:44] [322/445] RCMV
[22:12:45] [323/445] CCKS
[22:12:46] [324/445] RSRP
[22:12:47] [325/445] APLP
[22:12:48] [326/445] CNVS
[22:12:48] [327/445] RMVY
[22:12:49] [328/445] PGBD
[22:12:50] [329/445] KLMS
[22:12:51] [330/445] RUST
[22:12:51] 🔄 Identity reset
[22:12:51] 🔄 Identity rotated (every 10 requests)
[22:12:52] 🔄 Retry 1/5 for RUST in 2.9s
[22:12:52] 🔄 Identity reset
[22:12:54] 🧠 New identity created
[22:12:56] [331/445] MASM
[22:12:56] [332/445] BACS
[22:12:57] [333/445] BWST
[22:12:58] [334/445] RRFH
[22:13:00] [335/445] SJTM
[22:13:01] [336/445] BEMR
[22:13:01] [337/445] MCGR
[22:13:02] [338/445] SDSK
[22:13:03] [339/445] VBOL
[22:13:04] 🔄 Identity reset
[22:13:04] 🔄 Identity rotated (every 10 requests)
[22:13:04] [340/445] RMGM
[22:13:05] [341/445] NOPL
[22:13:05] [342/445] MKJK
[22:13:06] [343/445] CVRN
[22:13:07] [344/445] MMEN
[22:13:08] [345/445] AMNG
[22:13:10] [346/445] INTM
[22:13:11] [347/445] SLCZ
[22:13:12] [348/445] AMJN
[22:13:13] [349/445] ACJN
[22:13:13] 🔄 Identity reset
[22:13:13] 🔄 Identity rotated (every 10 requests)
[22:13:13] 🔄 Retry 1/5 for ACJN in 3.0s
[22:13:13] 🔄 Identity reset
[22:13:16] 🧠 New identity created
[22:13:17] [350/445] AMKN
[22:13:18] [351/445] BTCN
[22:13:19] [352/445] AMBT
[22:13:20] [353/445] PACN
[22:13:21] [354/445] LCNS
[22:13:21] [355/445] PPKC
[22:13:23] [356/445] JYYN
[22:13:24] [357/445] JTNR
[22:13:25] [358/445] GTEE
[22:13:25] 🔄 Identity reset
[22:13:25] 🔄 Identity rotated (every 10 requests)
[22:13:26] [359/445] SRNM
[22:13:27] [360/445] SDTC
[22:13:28] [361/445] VPCA
[22:13:28] [362/445] VLRA
[22:13:29] [363/445] SHKR
[22:13:30] [364/445] SBKD
[22:13:31] [365/445] SAAD
[22:13:32] [366/445] JTGN
[22:13:32] [367/445] SLAM
[22:13:33] [368/445] VTPM
[22:13:34] 🔄 Identity reset
[22:13:34] 🔄 Identity rotated (every 10 requests)
[22:13:34] [369/445] ANPT
[22:13:35] [370/445] PUNB
[22:13:36] [371/445] CPKT
[22:13:37] [372/445] CNWE
[22:13:39] [373/445] ECPP
[22:13:40] [374/445] CPAR
[22:13:40] [375/445] ESBW
[22:13:41] [376/445] PKPU
[22:13:42] [377/445] CPRP
[22:13:43] [378/445] RAHU
[22:13:43] 🔄 Identity reset
[22:13:43] 🔄 Identity rotated (every 10 requests)
[22:13:44] [379/445] RHMN
[22:13:44] [380/445] FMJP
[22:13:45] [381/445] CTMP
[22:13:46] [382/445] INPN
[22:13:47] [383/445] STTG
[22:13:48] [384/445] CTRD
[22:13:49] [385/445] PUVB
[22:13:49] [386/445] ESVP
[22:13:50] [387/445] CPFT
[22:13:51] [388/445] LCPC
[22:13:52] 🔄 Identity reset
[22:13:52] 🔄 Identity rotated (every 10 requests)
[22:13:52] 🔄 Retry 1/5 for LCPC in 2.8s
[22:13:52] 🔄 Identity reset
[22:13:54] 🧠 New identity created
[22:13:55] [389/445] VBCT
[22:13:56] [390/445] FSCW
[22:13:57] [391/445] VCMP
[22:13:58] [392/445] ASHC
[22:13:58] [393/445] VLCX
[22:13:59] [394/445] SHEV
[22:14:00] [395/445] APCO
[22:14:01] [396/445] SILC
[22:14:02] [397/445] SNMR
[22:14:02] 🔄 Identity reset
[22:14:02] 🔄 Identity rotated (every 10 requests)
[22:14:03] [398/445] KYBO
[22:14:04] [399/445] SATK
[22:14:05] [400/445] SSCS
[22:14:06] [401/445] CLSB
[22:14:07] [402/445] KMJR
[22:14:08] [403/445] FSCK
[22:14:09] [404/445] NNKA
[22:14:09] [405/445] CLMK
[22:14:10] [406/445] DMPZ
[22:14:11] [407/445] INQM
[22:14:12] 🔄 Identity reset
[22:14:12] 🔄 Identity rotated (every 10 requests)
[22:14:12] [408/445] CAML
[22:14:13] [409/445] INRK
[22:14:14] [410/445] IMKN
[22:14:15] [411/445] SVNR
[22:14:15] [412/445] INSL
[22:14:16] [413/445] MSMA
[22:14:17] [414/445] MCKK
[22:14:18] [415/445] FCHP
[22:14:19] [416/445] SFCR
[22:14:20] [417/445] NACK
[22:14:20] 🔄 Identity reset
[22:14:20] 🔄 Identity rotated (every 10 requests)
[22:14:21] [418/445] PVAK
[22:14:22] [419/445] INER
[22:14:23] [420/445] RDBK
[22:14:25] [421/445] SVFN
[22:14:26] [422/445] IFRM
[22:14:26] [423/445] ATCK
[22:14:27] [424/445] ASKO
[22:14:28] [425/445] STKT
[22:14:29] [426/445] SVFB
[22:14:30] [427/445] INKS
[22:14:30] 🔄 Identity reset
[22:14:30] 🔄 Identity rotated (every 10 requests)
[22:14:31] [428/445] PCRA
[22:14:32] [429/445] ATJA
[22:14:33] [430/445] IMJN
[22:14:34] [431/445] INHD
[22:14:35] [432/445] BARA
[22:14:36] [433/445] MCSL
[22:14:36] [434/445] RTOY
[22:14:37] [435/445] MENO
[22:14:38] [436/445] PUDM
[22:14:39] [437/445] PRCN
[22:14:40] 🔄 Identity reset
[22:14:40] 🔄 Identity rotated (every 10 requests)
[22:14:40] [438/445] JMJR
[22:14:41] [439/445] SSGK
[22:14:42] [440/445] SSRL
[22:14:43] [441/445] JYKL
[22:14:43] [442/445] ACNB
[22:14:44] [443/445] SONP
[22:14:45] [444/445] EMCI
[22:14:46] [445/445] MRJH
[22:14:47] ✅ DONE | Shows=3667 | Movies=75
[22:39:59] 🚀 BMS DAILY TRACKER STARTED (enhanced anti‑detection)
[22:39:59] [1/445] TGMR
[22:40:00] 🧠 New identity created
[22:40:00] [2/445] CXKR
[22:40:01] [3/445] SROP
[22:40:02] [4/445] GTSV
[22:40:03] [5/445] SNTY
[22:40:03] [6/445] SMYY
[22:40:04] [7/445] CNCS
[22:40:05] [8/445] CSTM
[22:40:06] [9/445] NUCD
[22:40:06] [10/445] SHCZ
[22:40:07] 🔄 Identity reset
[22:40:07] 🔄 Identity rotated (every 10 requests)
[22:40:07] 🔄 Retry 1/5 for SHCZ in 2.0s
[22:40:07] 🔄 Identity reset
[22:40:09] 🧠 New identity created
[22:40:09] [11/445] NJCT
[22:40:10] [12/445] COPC
[22:40:11] [13/445] STVV
[22:40:12] [14/445] SKRN
[22:40:12] [15/445] APPZ
[22:40:13] [16/445] YMGN
[22:40:14] [17/445] SVTU
[22:40:15] [18/445] GTAD
[22:40:16] [19/445] PSUS
[22:40:16] 🔄 Identity reset
[22:40:16] 🔄 Identity rotated (every 10 requests)
[22:40:16] [20/445] SMCD
[22:40:17] [21/445] CMCM
[22:40:18] [22/445] SYCT
[22:40:19] [23/445] STLY
[22:40:19] [24/445] CMHU
[22:40:20] [25/445] CMSA
[22:40:21] [26/445] CLCU
[22:40:22] [27/445] PPNT
[22:40:23] [28/445] JTAB
[22:40:24] [29/445] BUUC
[22:40:25] 🔄 Identity reset
[22:40:25] 🔄 Identity rotated (every 10 requests)
[22:40:25] [30/445] BSVK
[22:40:26] [31/445] VVVQ
[22:40:27] [32/445] TKMU
[22:40:27] [33/445] ESYL
[22:40:28] [34/445] ACHP
[22:40:29] [35/445] BTKD
[22:40:30] [36/445] DESA
[22:40:31] [37/445] GBCT
[22:40:32] [38/445] BLLD
[22:40:34] [39/445] SKNT
[22:40:34] 🔄 Identity reset
[22:40:34] 🔄 Identity rotated (every 10 requests)
[22:40:35] [40/445] SSTE
[22:40:35] [41/445] VJMR
[22:40:36] [42/445] NTPU
[22:40:37] [43/445] RDKN
[22:40:37] [44/445] ADGC
[22:40:38] [45/445] VRBP
[22:40:39] [46/445] NMNA
[22:40:40] [47/445] CMMX
[22:40:41] [48/445] PTKO
[22:40:42] [49/445] RBML
[22:40:42] 🔄 Identity reset
[22:40:42] 🔄 Identity rotated (every 10 requests)
[22:40:42] [50/445] SAIC
[22:40:43] [51/445] SVTJ
[22:40:45] [52/445] MRTE
[22:40:46] [53/445] RBTP
[22:40:46] [54/445] NLPS
[22:40:47] [55/445] GTNA
[22:40:48] [56/445] DGGC
[22:40:49] [57/445] SMCR
[22:40:50] [58/445] SCGD
[22:40:50] [59/445] SRRJ
[22:40:51] 🔄 Identity reset
[22:40:51] 🔄 Identity rotated (every 10 requests)
[22:40:51] 🔄 Retry 1/5 for SRRJ in 2.6s
[22:40:51] 🔄 Identity reset
[22:40:54] 🧠 New identity created
[22:40:54] [60/445] CNRY
[22:40:54] [61/445] KTDI
[22:40:55] [62/445] SNJL
[22:40:56] [63/445] RKMD
[22:40:57] [64/445] SMDC
[22:40:57] [65/445] TADG
[22:40:58] [66/445] MCGS
[22:40:59] [67/445] PETK
[22:41:00] [68/445] CHAG
[22:41:00] 🔄 Identity reset
[22:41:00] 🔄 Identity rotated (every 10 requests)
[22:41:00] 🔄 Retry 1/5 for CHAG in 2.0s
[22:41:00] 🔄 Identity reset
[22:41:02] 🧠 New identity created
[22:41:03] [69/445] KSTL
[22:41:04] [70/445] AADS
[22:41:05] [71/445] NTHZ
[22:41:05] [72/445] HCKI
[22:41:06] [73/445] SSEF
[22:41:07] [74/445] MCGX
[22:41:08] [75/445] ERRA
[22:41:09] [76/445] SDTW
[22:41:10] [77/445] RMPK
[22:41:10] 🔄 Identity reset
[22:41:10] 🔄 Identity rotated (every 10 requests)
[22:41:10] [78/445] PTHK
[22:41:11] [79/445] PXCS
[22:41:12] [80/445] SVLU
[22:41:13] [81/445] STAH
[22:41:14] [82/445] JRGF
[22:41:15] [83/445] CDOK
[22:41:16] [84/445] CMSG
[22:41:17] [85/445] APTD
[22:41:18] [86/445] KMPG
[22:41:18] [87/445] MUTJ
[22:41:19] 🔄 Identity reset
[22:41:19] 🔄 Identity rotated (every 10 requests)
[22:41:19] [88/445] VCCI
[22:41:20] [89/445] URBE
[22:41:21] [90/445] TCTS
[22:41:21] [91/445] STSN
[22:41:22] [92/445] AKCH
[22:41:23] [93/445] APSC
[22:41:24] [94/445] VLTB
[22:41:25] [95/445] SANU
[22:41:25] [96/445] AXAM
[22:41:26] [97/445] MGMG
[22:41:27] 🔄 Identity reset
[22:41:27] 🔄 Identity rotated (every 10 requests)
[22:41:27] [98/445] HTBY
[22:41:28] [99/445] MMZS
[22:41:29] [100/445] SUDR
[22:41:30] [101/445] CCAD
[22:41:31] [102/445] SKKC
[22:41:31] [103/445] RMCD
[22:41:32] [104/445] SBCQ
[22:41:34] [105/445] DCCT
[22:41:35] [106/445] VTKP
[22:41:35] [107/445] MLAM
[22:41:36] 🔄 Identity reset
[22:41:36] 🔄 Identity rotated (every 10 requests)
[22:41:36] [108/445] SAVT
[22:41:38] [109/445] GEPL
[22:41:39] [110/445] AMCD
[22:41:39] [111/445] CCXR
[22:41:40] [112/445] GRNG
[22:41:41] [113/445] EBCA
[22:41:42] [114/445] CNVG
[22:41:43] [115/445] MWSS
[22:41:44] [116/445] VBOR
[22:41:44] [117/445] NEEB
[22:41:45] 🔄 Identity reset
[22:41:45] 🔄 Identity rotated (every 10 requests)
[22:41:45] [118/445] SUTH
[22:41:46] [119/445] ANDB
[22:41:47] [120/445] MMXS
[22:41:48] [121/445] CNPD
[22:41:49] [122/445] SDCE
[22:41:50] [123/445] DHCB
[22:41:51] [124/445] ODEN
[22:41:52] [125/445] TNTC
[22:41:53] [126/445] VBKM
[22:41:54] [127/445] RZYM
[22:41:55] 🔄 Identity reset
[22:41:55] 🔄 Identity rotated (every 10 requests)
[22:41:55] 🔄 Retry 1/5 for RZYM in 2.2s
[22:41:55] 🔄 Identity reset
[22:41:57] 🧠 New identity created
[22:41:57] [128/445] JEMC
[22:41:58] [129/445] CMAU
[22:42:00] [130/445] SIVP
[22:42:00] [131/445] ATAG
[22:42:01] [132/445] CHTM
[22:42:02] [133/445] AAEE
[22:42:03] [134/445] IWPM
[22:42:04] [135/445] KCMW
[22:42:05] [136/445] MCTD
[22:42:05] 🔄 Identity reset
[22:42:05] 🔄 Identity rotated (every 10 requests)
[22:42:05] [137/445] SPWR
[22:42:06] [138/445] SDPO
[22:42:07] [139/445] PCSK
[22:42:08] [140/445] ACHV
[22:42:09] [141/445] SVLA
[22:42:10] [142/445] PICT
[22:42:11] [143/445] BXDR
[22:42:12] [144/445] SPWA
[22:42:13] [145/445] MCKO
[22:42:14] [146/445] RTHK
[22:42:14] 🔄 Identity reset
[22:42:14] 🔄 Identity rotated (every 10 requests)
[22:42:14] 🔄 Retry 1/5 for RTHK in 2.1s
[22:42:14] 🔄 Identity reset
[22:42:17] 🧠 New identity created
[22:42:17] [147/445] CCMF
[22:42:18] [148/445] MRGB
[22:42:19] [149/445] CPLC
[22:42:20] [150/445] RACD
[22:42:21] [151/445] ATKT
[22:42:22] [152/445] SARN
[22:42:22] [153/445] KKUI
[22:42:23] [154/445] RGCM
[22:42:24] [155/445] BRVP
[22:42:25] 🔄 Identity reset
[22:42:25] 🔄 Identity rotated (every 10 requests)
[22:42:25] [156/445] HRSR
[22:42:26] [157/445] GKGM
[22:42:27] [158/445] TTCD
[22:42:28] [159/445] PTTI
[22:42:29] [160/445] MPTT
[22:42:30] [161/445] CVTT
[22:42:31] [162/445] PCXD
[22:42:33] [163/445] GCDC
[22:42:34] [164/445] CCCF
[22:42:34] [165/445] MRAD
[22:42:35] 🔄 Identity reset
[22:42:35] 🔄 Identity rotated (every 10 requests)
[22:42:35] 🔄 Retry 1/5 for MRAD in 2.2s
[22:42:35] 🔄 Identity reset
[22:42:37] 🧠 New identity created
[22:42:38] [166/445] CPLK
[22:42:38] [167/445] SATB
[22:42:39] [168/445] SNVG
[22:42:40] [169/445] JMBA
[22:42:41] [170/445] TEJA
[22:42:42] [171/445] STYO
[22:42:42] [172/445] JTBP
[22:42:43] [173/445] KRGD
[22:42:44] [174/445] SLJJ
[22:42:44] 🔄 Identity reset
[22:42:44] 🔄 Identity rotated (every 10 requests)
[22:42:45] [175/445] SPTJ
[22:42:46] [176/445] SWJG
[22:42:46] [177/445] LKRT
[22:42:47] [178/445] KCKA
[22:42:48] [179/445] SNCR
[22:42:49] [180/445] SMKL
[22:42:50] [181/445] GCFA
[22:42:51] [182/445] DDCK
[22:42:52] [183/445] NCHJ
[22:42:53] [184/445] RDMA
[22:42:54] 🔄 Identity reset
[22:42:54] 🔄 Identity rotated (every 10 requests)
[22:42:54] 🔄 Retry 1/5 for RDMA in 2.3s
[22:42:54] 🔄 Identity reset
[22:42:56] 🧠 New identity created
[22:42:56] [185/445] SVSV
[22:42:58] [186/445] SCJG
[22:42:58] [187/445] VKLP
[22:42:59] [188/445] NWCC
[22:43:00] [189/445] VKNS
[22:43:01] [190/445] SDDP
[22:43:02] [191/445] ACSI
[22:43:03] [192/445] SATG
[22:43:03] [193/445] SCMW
[22:43:04] 🔄 Identity reset
[22:43:04] 🔄 Identity rotated (every 10 requests)
[22:43:05] [194/445] LKTK
[22:43:06] [195/445] VCKV
[22:43:07] [196/445] KKPE
[22:43:08] [197/445] KIGH
[22:43:09] [198/445] SRPM
[22:43:10] [199/445] SCAH
[22:43:11] [200/445] MUTA
[22:43:12] [201/445] SEPU
[22:43:13] [202/445] INOA
[22:43:13] [203/445] BASK
[22:43:14] 🔄 Identity reset
[22:43:14] 🔄 Identity rotated (every 10 requests)
[22:43:14] [204/445] NECB
[22:43:15] [205/445] GTTG
[22:43:16] [206/445] ASSA
[22:43:17] [207/445] ANCL
[22:43:19] [208/445] GCTI
[22:43:19] [209/445] RCTS
[22:43:20] [210/445] ACNL
[22:43:22] [211/445] MYCT
[22:43:23] [212/445] NMHT
[22:43:24] [213/445] MDIT
[22:43:24] 🔄 Identity reset
[22:43:24] 🔄 Identity rotated (every 10 requests)
[22:43:24] 🔄 Retry 1/5 for MDIT in 2.8s
[22:43:24] 🔄 Identity reset
[22:43:27] 🧠 New identity created
[22:43:28] [214/445] LATG
[22:43:29] [215/445] SMTY
[22:43:30] [216/445] CVCT
[22:43:31] [217/445] RAMB
[22:43:32] [218/445] TGMS
[22:43:33] [219/445] BHEL
[22:43:34] [220/445] SHCT
[22:43:35] [221/445] SVCT
[22:43:36] [222/445] MRIY
[22:43:36] 🔄 Identity reset
[22:43:36] 🔄 Identity rotated (every 10 requests)
[22:43:36] 🔄 Retry 1/5 for MRIY in 2.9s
[22:43:36] 🔄 Identity reset
[22:43:39] 🧠 New identity created
[22:43:40] [223/445] SARO
[22:43:41] [224/445] STCT
[22:43:41] [225/445] JKKC
[22:43:42] [226/445] PLTT
[22:43:44] [227/445] SRNT
[22:43:45] [228/445] YAST
[22:43:45] [229/445] PERL
[22:43:46] [230/445] CICM
[22:43:47] [231/445] MMTR
[22:43:48] 🔄 Identity reset
[22:43:48] 🔄 Identity rotated (every 10 requests)
[22:43:48] [232/445] ABTK
[22:43:49] [233/445] ATYY
[22:43:50] [234/445] ASTK
[22:43:51] [235/445] VVCK
[22:43:51] [236/445] ATKY
[22:43:52] [237/445] GWEK
[22:43:53] [238/445] SVFH
[22:43:54] [239/445] SLTA
[22:43:55] [240/445] AASH
[22:43:56] [241/445] ACXB
[22:43:56] 🔄 Identity reset
[22:43:56] 🔄 Identity rotated (every 10 requests)
[22:43:57] [242/445] SMTX
[22:43:58] [243/445] AZDH
[22:43:59] [244/445] CMMH
[22:44:00] [245/445] SCSZ
[22:44:01] [246/445] SCKP
[22:44:02] [247/445] NXTM
[22:44:03] [248/445] NWCS
[22:44:04] [249/445] CXMH
[22:44:05] [250/445] PCMA
[22:44:05] [251/445] SGCM
[22:44:06] 🔄 Identity reset
[22:44:06] 🔄 Identity rotated (every 10 requests)
[22:44:06] 🔄 Retry 1/5 for SGCM in 2.5s
[22:44:06] 🔄 Identity reset
[22:44:09] 🧠 New identity created
[22:44:10] [252/445] SDTU
[22:44:11] [253/445] MMVI
[22:44:12] [254/445] JKCM
[22:44:12] [255/445] VCMM
[22:44:13] [256/445] SYEE
[22:44:14] [257/445] VASD
[22:44:15] [258/445] BDRB
[22:44:16] [259/445] LASM
[22:44:17] [260/445] DCRL
[22:44:17] 🔄 Identity reset
[22:44:17] 🔄 Identity rotated (every 10 requests)
[22:44:18] [261/445] DVPM
[22:44:19] [262/445] SBMJ
[22:44:19] [263/445] CBMU
[22:44:20] [264/445] IUBS
[22:44:21] [265/445] INAP
[22:44:22] [266/445] SRRC
[22:44:23] [267/445] SAGR
[22:44:24] [268/445] CPMJ
[22:44:25] [269/445] ATJL
[22:44:26] [270/445] NNTD
[22:44:27] 🔄 Identity reset
[22:44:27] 🔄 Identity rotated (every 10 requests)
[22:44:27] [271/445] JHCJ
[22:44:28] [272/445] CMMP
[22:44:29] [273/445] RSDR
[22:44:30] [274/445] AMTI
[22:44:30] [275/445] NYSG
[22:44:31] [276/445] AVSG
[22:44:32] [277/445] SYTP
[22:44:33] [278/445] LARC
[22:44:34] [279/445] RJTP
[22:44:35] [280/445] LAKC
[22:44:35] 🔄 Identity reset
[22:44:35] 🔄 Identity rotated (every 10 requests)
[22:44:36] [281/445] MCXE
[22:44:36] [282/445] CCZC
[22:44:38] [283/445] AVCH
[22:44:39] [284/445] CMBE
[22:44:40] [285/445] MRRC
[22:44:41] [286/445] PCPY
[22:44:42] [287/445] SRMH
[22:44:42] [288/445] SVGS
[22:44:43] [289/445] PCSE
[22:44:44] [290/445] SVFT
[22:44:45] 🔄 Identity reset
[22:44:45] 🔄 Identity rotated (every 10 requests)
[22:44:45] [291/445] TNZP
[22:44:46] [292/445] ICTP
[22:44:47] [293/445] ACTZ
[22:44:48] [294/445] GTUR
[22:44:49] [295/445] MAFC
[22:44:50] [296/445] MINL
[22:44:51] [297/445] MRCL
[22:44:51] [298/445] RCRP
[22:44:52] [299/445] RFFG
[22:44:53] [300/445] RMAS
[22:44:53] 🔄 Identity reset
[22:44:53] 🔄 Identity rotated (every 10 requests)
[22:44:54] [301/445] INVR
[22:44:55] [302/445] RMAR
[22:44:56] [303/445] CNIS
[22:44:56] [304/445] RHRJ
[22:44:57] [305/445] INXR
[22:44:58] [306/445] VALT
[22:44:59] [307/445] LCSH
[22:45:00] [308/445] CMVS
[22:45:01] [309/445] CNMS
[22:45:02] [310/445] ROOG
[22:45:03] 🔄 Identity reset
[22:45:03] 🔄 Identity rotated (every 10 requests)
[22:45:03] [311/445] ISRM
[22:45:04] [312/445] RCRM
[22:45:05] [313/445] ACJA
[22:45:06] [314/445] RCVS
[22:45:07] [315/445] CPUS
[22:45:08] [316/445] TGCS
[22:45:08] [317/445] RKCJ
[22:45:09] [318/445] MKSB
[22:45:10] [319/445] TCSJ
[22:45:11] [320/445] RMGP
[22:45:12] 🔄 Identity reset
[22:45:12] 🔄 Identity rotated (every 10 requests)
[22:45:12] [321/445] CLLP
[22:45:13] [322/445] RCMV
[22:45:14] [323/445] CCKS
[22:45:15] [324/445] RSRP
[22:45:16] [325/445] APLP
[22:45:16] [326/445] CNVS
[22:45:17] [327/445] RMVY
[22:45:18] [328/445] PGBD
[22:45:19] [329/445] KLMS
[22:45:20] [330/445] RUST
[22:45:20] 🔄 Identity reset
[22:45:20] 🔄 Identity rotated (every 10 requests)
[22:45:21] [331/445] MASM
[22:45:22] [332/445] BACS
[22:45:23] [333/445] BWST
[22:45:24] [334/445] RRFH
[22:45:26] [335/445] SJTM
[22:45:27] [336/445] BEMR
[22:45:28] [337/445] MCGR
[22:45:28] [338/445] SDSK
[22:45:29] [339/445] VBOL
[22:45:30] [340/445] RMGM
[22:45:31] 🔄 Identity reset
[22:45:31] 🔄 Identity rotated (every 10 requests)
[22:45:31] [341/445] NOPL
[22:45:32] [342/445] MKJK
[22:45:34] [343/445] CVRN
[22:45:35] [344/445] MMEN
[22:45:35] [345/445] AMNG
[22:45:36] [346/445] INTM
[22:45:37] [347/445] SLCZ
[22:45:38] [348/445] AMJN
[22:45:39] [349/445] ACJN
[22:45:40] [350/445] AMKN
[22:45:40] 🔄 Identity reset
[22:45:40] 🔄 Identity rotated (every 10 requests)
[22:45:40] [351/445] BTCN
[22:45:41] [352/445] AMBT
[22:45:42] [353/445] PACN
[22:45:43] [354/445] LCNS
[22:45:44] [355/445] PPKC
[22:45:45] [356/445] JYYN
[22:45:45] [357/445] JTNR
[22:45:46] [358/445] GTEE
[22:45:47] [359/445] SRNM
[22:45:48] [360/445] SDTC
[22:45:48] 🔄 Identity reset
[22:45:49] 🔄 Identity rotated (every 10 requests)
[22:45:49] [361/445] VPCA
[22:45:51] [362/445] VLRA
[22:45:52] [363/445] SHKR
[22:45:53] [364/445] SBKD
[22:45:55] [365/445] SAAD
[22:45:55] [366/445] JTGN
[22:45:56] [367/445] SLAM
[22:45:57] [368/445] VTPM
[22:45:58] [369/445] ANPT
[22:45:59] [370/445] PUNB
[22:45:59] 🔄 Identity reset
[22:45:59] 🔄 Identity rotated (every 10 requests)
[22:46:00] [371/445] CPKT
[22:46:01] [372/445] CNWE
[22:46:02] [373/445] ECPP
[22:46:03] [374/445] CPAR
[22:46:04] [375/445] ESBW
[22:46:04] [376/445] PKPU
[22:46:05] [377/445] CPRP
[22:46:06] [378/445] RAHU
[22:46:08] [379/445] RHMN
[22:46:09] [380/445] FMJP
[22:46:09] 🔄 Identity reset
[22:46:09] 🔄 Identity rotated (every 10 requests)
[22:46:10] [381/445] CTMP
[22:46:11] [382/445] INPN
[22:46:11] [383/445] STTG
[22:46:12] [384/445] CTRD
[22:46:13] [385/445] PUVB
[22:46:15] [386/445] ESVP
[22:46:15] [387/445] CPFT
[22:46:16] [388/445] LCPC
[22:46:17] [389/445] VBCT
[22:46:18] [390/445] FSCW
[22:46:19] 🔄 Identity reset
[22:46:19] 🔄 Identity rotated (every 10 requests)
[22:46:19] [391/445] VCMP
[22:46:20] [392/445] ASHC
[22:46:20] [393/445] VLCX
[22:46:21] [394/445] SHEV
[22:46:23] [395/445] APCO
[22:46:24] [396/445] SILC
[22:46:25] [397/445] SNMR
[22:46:26] [398/445] KYBO
[22:46:27] [399/445] SATK
[22:46:27] [400/445] SSCS
[22:46:28] 🔄 Identity reset
[22:46:28] 🔄 Identity rotated (every 10 requests)
[22:46:28] [401/445] CLSB
[22:46:29] [402/445] KMJR
[22:46:30] [403/445] FSCK
[22:46:31] [404/445] NNKA
[22:46:31] [405/445] CLMK
[22:46:32] [406/445] DMPZ
[22:46:33] [407/445] INQM
[22:46:34] [408/445] CAML
[22:46:35] [409/445] INRK
[22:46:36] [410/445] IMKN
[22:46:37] 🔄 Identity reset
[22:46:37] 🔄 Identity rotated (every 10 requests)
[22:46:37] [411/445] SVNR
[22:46:38] [412/445] INSL
[22:46:39] [413/445] MSMA
[22:46:40] [414/445] MCKK
[22:46:41] [415/445] FCHP
[22:46:42] [416/445] SFCR
[22:46:43] [417/445] NACK
[22:46:44] [418/445] PVAK
[22:46:45] [419/445] INER
[22:46:46] [420/445] RDBK
[22:46:46] 🔄 Identity reset
[22:46:46] 🔄 Identity rotated (every 10 requests)
[22:46:47] [421/445] SVFN
[22:46:47] [422/445] IFRM
[22:46:48] [423/445] ATCK
[22:46:49] [424/445] ASKO
[22:46:51] [425/445] STKT
[22:46:52] [426/445] SVFB
[22:46:52] [427/445] INKS
[22:46:54] [428/445] PCRA
[22:46:55] [429/445] ATJA
[22:46:56] [430/445] IMJN
[22:46:57] 🔄 Identity reset
[22:46:57] 🔄 Identity rotated (every 10 requests)
[22:46:57] [431/445] INHD
[22:46:58] [432/445] BARA
[22:46:59] [433/445] MCSL
[22:47:00] [434/445] RTOY
[22:47:01] [435/445] MENO
[22:47:02] [436/445] PUDM
[22:47:03] [437/445] PRCN
[22:47:04] [438/445] JMJR
[22:47:04] [439/445] SSGK
[22:47:05] [440/445] SSRL
[22:47:06] 🔄 Identity reset
[22:47:06] 🔄 Identity rotated (every 10 requests)
[22:47:07] [441/445] JYKL
[22:47:08] [442/445] ACNB
[22:47:09] [443/445] SONP
[22:47:10] [444/445] EMCI
[22:47:11] [445/445] MRJH
[22:47:13] ✅ DONE | Shows=3668 | Movies=75
[23:17:23] 🚀 BMS DAILY TRACKER STARTED (enhanced anti‑detection)
[23:17:23] [1/445] TGMR
[23:17:23] 🧠 New identity created
[23:17:24] [2/445] CXKR
[23:17:25] [3/445] SROP
[23:17:26] [4/445] GTSV
[23:17:26] [5/445] SNTY
[23:17:27] [6/445] SMYY
[23:17:28] [7/445] CNCS
[23:17:29] [8/445] CSTM
[23:17:30] [9/445] NUCD
[23:17:32] [10/445] SHCZ
[23:17:32] 🔄 Identity reset
[23:17:32] 🔄 Identity rotated (every 10 requests)
[23:17:33] [11/445] NJCT
[23:17:34] [12/445] COPC
[23:17:35] [13/445] STVV
[23:17:36] [14/445] SKRN
[23:17:37] [15/445] APPZ
[23:17:38] [16/445] YMGN
[23:17:38] [17/445] SVTU
[23:17:40] [18/445] GTAD
[23:17:41] [19/445] PSUS
[23:17:42] [20/445] SMCD
[23:17:42] 🔄 Identity reset
[23:17:42] 🔄 Identity rotated (every 10 requests)
[23:17:43] [21/445] CMCM
[23:17:43] [22/445] SYCT
[23:17:44] [23/445] STLY
[23:17:45] [24/445] CMHU
[23:17:46] [25/445] CMSA
[23:17:47] [26/445] CLCU
[23:17:48] [27/445] PPNT
[23:17:49] [28/445] JTAB
[23:17:50] [29/445] BUUC
[23:17:51] [30/445] BSVK
[23:17:51] 🔄 Identity reset
[23:17:51] 🔄 Identity rotated (every 10 requests)
[23:17:52] [31/445] VVVQ
[23:17:53] [32/445] TKMU
[23:17:54] [33/445] ESYL
[23:17:55] [34/445] ACHP
[23:17:56] [35/445] BTKD
[23:17:57] [36/445] DESA
[23:17:58] [37/445] GBCT
[23:17:59] [38/445] BLLD
[23:18:00] [39/445] SKNT
[23:18:01] [40/445] SSTE
[23:18:01] 🔄 Identity reset
[23:18:01] 🔄 Identity rotated (every 10 requests)
[23:18:01] [41/445] VJMR
[23:18:02] [42/445] NTPU
[23:18:03] [43/445] RDKN
[23:18:04] [44/445] ADGC
[23:18:05] [45/445] VRBP
[23:18:06] [46/445] NMNA
[23:18:07] [47/445] CMMX
[23:18:08] [48/445] PTKO
[23:18:09] [49/445] RBML
[23:18:10] [50/445] SAIC
[23:18:10] 🔄 Identity reset
[23:18:10] 🔄 Identity rotated (every 10 requests)
[23:18:11] [51/445] SVTJ
[23:18:12] [52/445] MRTE
[23:18:13] [53/445] RBTP
[23:18:14] [54/445] NLPS
[23:18:15] [55/445] GTNA
[23:18:16] [56/445] DGGC
[23:18:17] [57/445] SMCR
[23:18:18] [58/445] SCGD
[23:18:19] [59/445] SRRJ
[23:18:19] [60/445] CNRY
[23:18:20] 🔄 Identity reset
[23:18:20] 🔄 Identity rotated (every 10 requests)
[23:18:20] [61/445] KTDI
[23:18:21] [62/445] SNJL
[23:18:22] [63/445] RKMD
[23:18:24] [64/445] SMDC
[23:18:25] [65/445] TADG
[23:18:25] [66/445] MCGS
[23:18:26] [67/445] PETK
[23:18:27] [68/445] CHAG
[23:18:28] [69/445] KSTL
[23:18:29] [70/445] AADS
[23:18:30] 🔄 Identity reset
[23:18:30] 🔄 Identity rotated (every 10 requests)
[23:18:30] [71/445] NTHZ
[23:18:32] [72/445] HCKI
[23:18:33] [73/445] SSEF
[23:18:34] [74/445] MCGX
[23:18:35] [75/445] ERRA
[23:18:35] [76/445] SDTW
[23:18:36] [77/445] RMPK
[23:18:37] [78/445] PTHK
[23:18:38] [79/445] PXCS
[23:18:39] [80/445] SVLU
[23:18:39] 🔄 Identity reset
[23:18:39] 🔄 Identity rotated (every 10 requests)
[23:18:40] [81/445] STAH
[23:18:41] [82/445] JRGF
[23:18:42] [83/445] CDOK
[23:18:42] [84/445] CMSG
[23:18:43] [85/445] APTD
[23:18:44] [86/445] KMPG
[23:18:45] [87/445] MUTJ
[23:18:46] [88/445] VCCI
[23:18:47] [89/445] URBE
[23:18:48] [90/445] TCTS
[23:18:48] 🔄 Identity reset
[23:18:48] 🔄 Identity rotated (every 10 requests)
[23:18:49] [91/445] STSN
[23:18:49] [92/445] AKCH
[23:18:50] [93/445] APSC
[23:18:51] [94/445] VLTB
[23:18:52] [95/445] SANU
[23:18:53] [96/445] AXAM
[23:18:54] [97/445] MGMG
[23:18:55] [98/445] HTBY
[23:18:55] [99/445] MMZS
[23:18:56] [100/445] SUDR
[23:18:57] 🔄 Identity reset
[23:18:57] 🔄 Identity rotated (every 10 requests)
[23:18:57] [101/445] CCAD
[23:18:58] [102/445] SKKC
[23:18:59] [103/445] RMCD
[23:19:00] [104/445] SBCQ
[23:19:01] [105/445] DCCT
[23:19:03] [106/445] VTKP
[23:19:04] [107/445] MLAM
[23:19:04] [108/445] SAVT
[23:19:05] [109/445] GEPL
[23:19:06] [110/445] AMCD
[23:19:07] 🔄 Identity reset
[23:19:07] 🔄 Identity rotated (every 10 requests)
[23:19:08] [111/445] CCXR
[23:19:09] [112/445] GRNG
[23:19:10] [113/445] EBCA
[23:19:11] [114/445] CNVG
[23:19:12] [115/445] MWSS
[23:19:13] [116/445] VBOR
[23:19:14] [117/445] NEEB
[23:19:15] [118/445] SUTH
[23:19:16] [119/445] ANDB
[23:19:17] [120/445] MMXS
[23:19:17] 🔄 Identity reset
[23:19:17] 🔄 Identity rotated (every 10 requests)
[23:19:18] [121/445] CNPD
[23:19:19] [122/445] SDCE
[23:19:20] [123/445] DHCB
[23:19:20] [124/445] ODEN
[23:19:22] [125/445] TNTC
[23:19:23] [126/445] VBKM
[23:19:24] [127/445] RZYM
[23:19:25] [128/445] JEMC
[23:19:26] [129/445] CMAU
[23:19:26] [130/445] SIVP
[23:19:27] 🔄 Identity reset
[23:19:27] 🔄 Identity rotated (every 10 requests)
[23:19:27] [131/445] ATAG
[23:19:28] [132/445] CHTM
[23:19:29] [133/445] AAEE
[23:19:30] [134/445] IWPM
[23:19:31] [135/445] KCMW
[23:19:31] [136/445] MCTD
[23:19:32] [137/445] SPWR
[23:19:33] [138/445] SDPO
[23:19:34] [139/445] PCSK
[23:19:35] [140/445] ACHV
[23:19:36] 🔄 Identity reset
[23:19:36] 🔄 Identity rotated (every 10 requests)
[23:19:36] [141/445] SVLA
[23:19:37] [142/445] PICT
[23:19:38] [143/445] BXDR
[23:19:39] [144/445] SPWA
[23:19:39] [145/445] MCKO
[23:19:41] [146/445] RTHK
[23:19:43] [147/445] CCMF
[23:19:43] [148/445] MRGB
[23:19:44] [149/445] CPLC
[23:19:45] [150/445] RACD
[23:19:46] 🔄 Identity reset
[23:19:46] 🔄 Identity rotated (every 10 requests)
[23:19:46] [151/445] ATKT
[23:19:47] [152/445] SARN
[23:19:48] [153/445] KKUI
[23:19:49] [154/445] RGCM
[23:19:50] [155/445] BRVP
[23:19:51] [156/445] HRSR
[23:19:52] [157/445] GKGM
[23:19:53] [158/445] TTCD
[23:19:54] [159/445] PTTI
[23:19:55] [160/445] MPTT
[23:19:56] 🔄 Identity reset
[23:19:56] 🔄 Identity rotated (every 10 requests)
[23:19:57] [161/445] CVTT
[23:19:58] [162/445] PCXD
[23:19:59] [163/445] GCDC
[23:20:00] [164/445] CCCF
[23:20:01] [165/445] MRAD
[23:20:02] [166/445] CPLK
[23:20:03] [167/445] SATB
[23:20:04] [168/445] SNVG
[23:20:05] [169/445] JMBA
[23:20:06] [170/445] TEJA
[23:20:07] 🔄 Identity reset
[23:20:07] 🔄 Identity rotated (every 10 requests)
[23:20:07] [171/445] STYO
[23:20:08] [172/445] JTBP
[23:20:09] [173/445] KRGD
[23:20:10] [174/445] SLJJ
[23:20:10] [175/445] SPTJ
[23:20:11] [176/445] SWJG
[23:20:12] [177/445] LKRT
[23:20:13] [178/445] KCKA
[23:20:14] [179/445] SNCR
[23:20:15] [180/445] SMKL
[23:20:16] 🔄 Identity reset
[23:20:16] 🔄 Identity rotated (every 10 requests)
[23:20:16] [181/445] GCFA
[23:20:18] [182/445] DDCK
[23:20:18] [183/445] NCHJ
[23:20:20] [184/445] RDMA
[23:20:21] [185/445] SVSV
[23:20:22] [186/445] SCJG
[23:20:23] [187/445] VKLP
[23:20:24] [188/445] NWCC
[23:20:25] [189/445] VKNS
[23:20:26] [190/445] SDDP
[23:20:26] 🔄 Identity reset
[23:20:26] 🔄 Identity rotated (every 10 requests)
[23:20:27] [191/445] ACSI
[23:20:27] [192/445] SATG
[23:20:28] [193/445] SCMW
[23:20:29] [194/445] LKTK
[23:20:30] [195/445] VCKV
[23:20:31] [196/445] KKPE
[23:20:32] [197/445] KIGH
[23:20:33] [198/445] SRPM
[23:20:34] [199/445] SCAH
[23:20:35] [200/445] MUTA
[23:20:36] 🔄 Identity reset
[23:20:36] 🔄 Identity rotated (every 10 requests)
[23:20:36] [201/445] SEPU
[23:20:37] [202/445] INOA
[23:20:38] [203/445] BASK
[23:20:39] [204/445] NECB
[23:20:40] [205/445] GTTG
[23:20:41] [206/445] ASSA
[23:20:42] [207/445] ANCL
[23:20:42] [208/445] GCTI
[23:20:44] [209/445] RCTS
[23:20:45] [210/445] ACNL
[23:20:45] 🔄 Identity reset
[23:20:45] 🔄 Identity rotated (every 10 requests)
[23:20:46] [211/445] MYCT
[23:20:47] [212/445] NMHT
[23:20:48] [213/445] MDIT
[23:20:48] [214/445] LATG
[23:20:49] [215/445] SMTY
[23:20:50] [216/445] CVCT
[23:20:51] [217/445] RAMB
[23:20:53] [218/445] TGMS
[23:20:54] [219/445] BHEL
[23:20:54] [220/445] SHCT
[23:20:55] 🔄 Identity reset
[23:20:55] 🔄 Identity rotated (every 10 requests)
[23:20:55] [221/445] SVCT
[23:20:57] [222/445] MRIY
[23:20:58] [223/445] SARO
[23:20:59] [224/445] STCT
[23:21:00] [225/445] JKKC
[23:21:01] [226/445] PLTT
[23:21:02] [227/445] SRNT
[23:21:03] [228/445] YAST
[23:21:04] [229/445] PERL
[23:21:05] [230/445] CICM
[23:21:05] 🔄 Identity reset
[23:21:05] 🔄 Identity rotated (every 10 requests)
[23:21:05] [231/445] MMTR
[23:21:06] [232/445] ABTK
[23:21:07] [233/445] ATYY
[23:21:08] [234/445] ASTK
[23:21:09] [235/445] VVCK
[23:21:10] [236/445] ATKY
[23:21:11] [237/445] GWEK
[23:21:11] [238/445] SVFH
[23:21:12] [239/445] SLTA
[23:21:13] [240/445] AASH
[23:21:14] 🔄 Identity reset
[23:21:14] 🔄 Identity rotated (every 10 requests)
[23:21:14] [241/445] ACXB
[23:21:15] [242/445] SMTX
[23:21:16] [243/445] AZDH
[23:21:17] [244/445] CMMH
[23:21:18] [245/445] SCSZ
[23:21:19] [246/445] SCKP
[23:21:20] [247/445] NXTM
[23:21:21] [248/445] NWCS
[23:21:22] [249/445] CXMH
[23:21:23] [250/445] PCMA
[23:21:23] 🔄 Identity reset
[23:21:23] 🔄 Identity rotated (every 10 requests)
[23:21:24] [251/445] SGCM
[23:21:25] [252/445] SDTU
[23:21:26] [253/445] MMVI
[23:21:26] [254/445] JKCM
[23:21:27] [255/445] VCMM
[23:21:28] [256/445] SYEE
[23:21:29] [257/445] VASD
[23:21:30] [258/445] BDRB
[23:21:31] [259/445] LASM
[23:21:32] [260/445] DCRL
[23:21:32] 🔄 Identity reset
[23:21:32] 🔄 Identity rotated (every 10 requests)
[23:21:33] [261/445] DVPM
[23:21:33] [262/445] SBMJ
[23:21:34] [263/445] CBMU
[23:21:35] [264/445] IUBS
[23:21:36] [265/445] INAP
[23:21:37] [266/445] SRRC
[23:21:38] [267/445] SAGR
[23:21:39] [268/445] CPMJ
[23:21:40] [269/445] ATJL
[23:21:41] [270/445] NNTD
[23:21:42] 🔄 Identity reset
[23:21:42] 🔄 Identity rotated (every 10 requests)
[23:21:42] [271/445] JHCJ
[23:21:43] [272/445] CMMP
[23:21:44] [273/445] RSDR
[23:21:45] [274/445] AMTI
[23:21:46] [275/445] NYSG
[23:21:47] [276/445] AVSG
[23:21:48] [277/445] SYTP
[23:21:49] [278/445] LARC
[23:21:49] [279/445] RJTP
[23:21:50] [280/445] LAKC
[23:21:51] 🔄 Identity reset
[23:21:51] 🔄 Identity rotated (every 10 requests)
[23:21:51] [281/445] MCXE
[23:21:52] [282/445] CCZC
[23:21:53] [283/445] AVCH
[23:21:54] [284/445] CMBE
[23:21:55] [285/445] MRRC
[23:21:57] [286/445] PCPY
[23:21:58] [287/445] SRMH
[23:21:59] [288/445] SVGS
[23:22:00] [289/445] PCSE
[23:22:01] [290/445] SVFT
[23:22:02] 🔄 Identity reset
[23:22:02] 🔄 Identity rotated (every 10 requests)
[23:22:02] [291/445] TNZP
[23:22:03] [292/445] ICTP
[23:22:04] [293/445] ACTZ
[23:22:06] [294/445] GTUR
[23:22:06] [295/445] MAFC
[23:22:07] [296/445] MINL
[23:22:08] [297/445] MRCL
[23:22:09] [298/445] RCRP
[23:22:10] [299/445] RFFG
[23:22:11] [300/445] RMAS
[23:22:12] 🔄 Identity reset
[23:22:12] 🔄 Identity rotated (every 10 requests)
[23:22:13] [301/445] INVR
[23:22:13] [302/445] RMAR
[23:22:15] [303/445] CNIS
[23:22:16] [304/445] RHRJ
[23:22:17] [305/445] INXR
[23:22:18] [306/445] VALT
[23:22:18] [307/445] LCSH
[23:22:19] [308/445] CMVS
[23:22:20] [309/445] CNMS
[23:22:21] [310/445] ROOG
[23:22:22] 🔄 Identity reset
[23:22:22] 🔄 Identity rotated (every 10 requests)
[23:22:22] [311/445] ISRM
[23:22:23] [312/445] RCRM
[23:22:24] [313/445] ACJA
[23:22:25] [314/445] RCVS
[23:22:25] [315/445] CPUS
[23:22:26] [316/445] TGCS
[23:22:27] [317/445] RKCJ
[23:22:28] [318/445] MKSB
[23:22:29] [319/445] TCSJ
[23:22:30] [320/445] RMGP
[23:22:31] 🔄 Identity reset
[23:22:31] 🔄 Identity rotated (every 10 requests)
[23:22:31] [321/445] CLLP
[23:22:32] [322/445] RCMV
[23:22:34] [323/445] CCKS
[23:22:35] [324/445] RSRP
[23:22:36] [325/445] APLP
[23:22:37] [326/445] CNVS
[23:22:38] [327/445] RMVY
[23:22:40] [328/445] PGBD
[23:22:41] [329/445] KLMS
[23:22:41] [330/445] RUST
[23:22:42] 🔄 Identity reset
[23:22:42] 🔄 Identity rotated (every 10 requests)
[23:22:42] [331/445] MASM
[23:22:43] [332/445] BACS
[23:22:44] [333/445] BWST
[23:22:45] [334/445] RRFH
[23:22:46] [335/445] SJTM
[23:22:47] [336/445] BEMR
[23:22:48] [337/445] MCGR
[23:22:49] [338/445] SDSK
[23:22:50] [339/445] VBOL
[23:22:50] [340/445] RMGM
[23:22:51] 🔄 Identity reset
[23:22:51] 🔄 Identity rotated (every 10 requests)
[23:22:51] [341/445] NOPL
[23:22:52] [342/445] MKJK
[23:22:53] [343/445] CVRN
[23:22:54] [344/445] MMEN
[23:22:56] [345/445] AMNG
[23:22:57] [346/445] INTM
[23:22:58] [347/445] SLCZ
[23:22:59] [348/445] AMJN
[23:23:00] [349/445] ACJN
[23:23:00] [350/445] AMKN
[23:23:01] 🔄 Identity reset
[23:23:01] 🔄 Identity rotated (every 10 requests)
[23:23:01] [351/445] BTCN
[23:23:02] [352/445] AMBT
[23:23:03] [353/445] PACN
[23:23:04] [354/445] LCNS
[23:23:05] [355/445] PPKC
[23:23:06] [356/445] JYYN
[23:23:07] [357/445] JTNR
[23:23:08] [358/445] GTEE
[23:23:09] [359/445] SRNM
[23:23:10] [360/445] SDTC
[23:23:10] 🔄 Identity reset
[23:23:10] 🔄 Identity rotated (every 10 requests)
[23:23:10] [361/445] VPCA
[23:23:11] [362/445] VLRA
[23:23:12] [363/445] SHKR
[23:23:13] [364/445] SBKD
[23:23:14] [365/445] SAAD
[23:23:15] [366/445] JTGN
[23:23:16] [367/445] SLAM
[23:23:17] [368/445] VTPM
[23:23:18] [369/445] ANPT
[23:23:18] [370/445] PUNB
[23:23:19] 🔄 Identity reset
[23:23:19] 🔄 Identity rotated (every 10 requests)
[23:23:19] [371/445] CPKT
[23:23:20] [372/445] CNWE
[23:23:21] [373/445] ECPP
[23:23:22] [374/445] CPAR
[23:23:23] [375/445] ESBW
[23:23:23] [376/445] PKPU
[23:23:24] [377/445] CPRP
[23:23:25] [378/445] RAHU
[23:23:26] [379/445] RHMN
[23:23:27] [380/445] FMJP
[23:23:27] 🔄 Identity reset
[23:23:27] 🔄 Identity rotated (every 10 requests)
[23:23:28] [381/445] CTMP
[23:23:29] [382/445] INPN
[23:23:30] [383/445] STTG
[23:23:30] [384/445] CTRD
[23:23:31] [385/445] PUVB
[23:23:32] [386/445] ESVP
[23:23:33] [387/445] CPFT
[23:23:34] [388/445] LCPC
[23:23:35] [389/445] VBCT
[23:23:36] [390/445] FSCW
[23:23:36] 🔄 Identity reset
[23:23:37] 🔄 Identity rotated (every 10 requests)
[23:23:37] [391/445] VCMP
[23:23:38] [392/445] ASHC
[23:23:39] [393/445] VLCX
[23:23:40] [394/445] SHEV
[23:23:41] [395/445] APCO
[23:23:41] [396/445] SILC
[23:23:42] [397/445] SNMR
[23:23:43] [398/445] KYBO
[23:23:44] [399/445] SATK
[23:23:45] [400/445] SSCS
[23:23:46] 🔄 Identity reset
[23:23:46] 🔄 Identity rotated (every 10 requests)
[23:23:46] [401/445] CLSB
[23:23:47] [402/445] KMJR
[23:23:48] [403/445] FSCK
[23:23:49] [404/445] NNKA
[23:23:50] [405/445] CLMK
[23:23:51] [406/445] DMPZ
[23:23:52] [407/445] INQM
[23:23:53] [408/445] CAML
[23:23:54] [409/445] INRK
[23:23:55] [410/445] IMKN
[23:23:55] 🔄 Identity reset
[23:23:55] 🔄 Identity rotated (every 10 requests)
[23:23:56] [411/445] SVNR
[23:23:57] [412/445] INSL
[23:23:57] [413/445] MSMA
[23:23:58] [414/445] MCKK
[23:24:00] [415/445] FCHP
[23:24:02] [416/445] SFCR
[23:24:03] [417/445] NACK
[23:24:04] [418/445] PVAK
[23:24:06] [419/445] INER
[23:24:07] [420/445] RDBK
[23:24:07] 🔄 Identity reset
[23:24:07] 🔄 Identity rotated (every 10 requests)
[23:24:08] [421/445] SVFN
[23:24:09] [422/445] IFRM
[23:24:09] [423/445] ATCK
[23:24:10] [424/445] ASKO
[23:24:11] [425/445] STKT
[23:24:12] [426/445] SVFB
[23:24:13] [427/445] INKS
[23:24:14] [428/445] PCRA
[23:24:15] [429/445] ATJA
[23:24:16] [430/445] IMJN
[23:24:16] 🔄 Identity reset
[23:24:16] 🔄 Identity rotated (every 10 requests)
[23:24:17] [431/445] INHD
[23:24:18] [432/445] BARA
[23:24:20] [433/445] MCSL
[23:24:21] [434/445] RTOY
[23:24:22] [435/445] MENO
[23:24:22] [436/445] PUDM
[23:24:23] [437/445] PRCN
[23:24:24] [438/445] JMJR
[23:24:25] [439/445] SSGK
[23:24:27] [440/445] SSRL
[23:24:27] 🔄 Identity reset
[23:24:27] 🔄 Identity rotated (every 10 requests)
[23:24:28] [441/445] JYKL
[23:24:28] [442/445] ACNB
[23:24:29] [443/445] SONP
[23:24:31] [444/445] EMCI
[23:24:32] [445/445] MRJH
[23:24:34] ✅ DONE | Shows=3669 | Movies=75
