[00:16:40] 🚀 BMS DAILY TRACKER STARTED (enhanced anti‑detection)
[00:16:40] [1/455] MXGN
[00:16:40] 🧠 New identity created
[00:16:41] [2/455] PGGM
[00:16:42] [3/455] IPMJ
[00:16:42] [4/455] M2PP
[00:16:43] [5/455] PMMS
[00:16:44] [6/455] SCJN
[00:16:45] [7/455] CPUM
[00:16:46] [8/455] SCND
[00:16:47] [9/455] INWM
[00:16:48] [10/455] DVDC
[00:16:49] 🔄 Identity reset
[00:16:49] 🔄 Identity rotated (every 10 requests)
[00:16:50] [11/455] WVND
[00:16:51] [12/455] LBDL
[00:16:52] [13/455] CRGM
[00:16:53] [14/455] PVKS
[00:16:54] [15/455] PBLL
[00:16:56] [16/455] FNLN
[00:16:57] [17/455] PPDA
[00:16:57] [18/455] SCPT
[00:16:58] [19/455] IAJS
[00:16:59] [20/455] MMZG
[00:17:00] 🔄 Identity reset
[00:17:00] 🔄 Identity rotated (every 10 requests)
[00:17:00] [21/455] MCTI
[00:17:01] [22/455] PPMF
[00:17:02] [23/455] FNSD
[00:17:03] [24/455] M2RH
[00:17:04] [25/455] CPGV
[00:17:05] [26/455] PECD
[00:17:06] [27/455] CTEE
[00:17:08] [28/455] IOMG
[00:17:09] [29/455] CIJA
[00:17:10] [30/455] NYCG
[00:17:10] 🔄 Identity reset
[00:17:10] 🔄 Identity rotated (every 10 requests)
[00:17:11] [31/455] CEST
[00:17:12] [32/455] WVRG
[00:17:13] [33/455] DPDC
[00:17:14] [34/455] PDIV
[00:17:15] [35/455] MTPP
[00:17:15] [36/455] MHNU
[00:17:17] [37/455] WUPG
[00:17:18] [38/455] USCO
[00:17:19] [39/455] INFR
[00:17:21] [40/455] PVPD
[00:17:21] 🔄 Identity reset
[00:17:21] 🔄 Identity rotated (every 10 requests)
[00:17:22] 🔄 Retry 1/5 for PVPD in 2.8s
[00:17:22] 🔄 Identity reset
[00:17:24] 🧠 New identity created
[00:17:25] [41/455] RONC
[00:17:26] [42/455] IOCP
[00:17:27] [43/455] EMPS
[00:17:28] [44/455] PNAD
[00:17:29] [45/455] VVGZ
[00:17:31] [46/455] MDDC
[00:17:32] [47/455] MMAP
[00:17:33] [48/455] GPDC
[00:17:34] [49/455] PVPU
[00:17:34] 🔄 Identity reset
[00:17:34] 🔄 Identity rotated (every 10 requests)
[00:17:34] 🔄 Retry 1/5 for PVPU in 2.9s
[00:17:34] 🔄 Identity reset
[00:17:37] 🧠 New identity created
[00:17:38] [50/455] DCMV
[00:17:39] [51/455] PCCF
[00:17:40] [52/455] MCEF
[00:17:41] [53/455] INRD
[00:17:42] [54/455] CCPZ
[00:17:43] [55/455] BCWG
[00:17:44] [56/455] PMGU
[00:17:45] [57/455] MCVM
[00:17:47] [58/455] MCDE
[00:17:48] 🔄 Identity reset
[00:17:48] 🔄 Identity rotated (every 10 requests)
[00:17:48] 🔄 Retry 1/5 for MCDE in 2.1s
[00:17:48] 🔄 Identity reset
[00:17:50] 🧠 New identity created
[00:17:51] [59/455] IEFM
[00:17:52] [60/455] MXCS
[00:17:53] [61/455] RNMT
[00:17:53] [62/455] PSDD
[00:17:54] [63/455] PETA
[00:17:55] [64/455] IZOP
[00:17:56] [65/455] PDEI
[00:17:57] [66/455] MTND
[00:17:58] [67/455] PCPL
[00:17:59] 🔄 Identity reset
[00:17:59] 🔄 Identity rotated (every 10 requests)
[00:17:59] [68/455] LSCM
[00:18:00] [69/455] BTFD
[00:18:01] [70/455] MERM
[00:18:02] [71/455] PVMS
[00:18:03] [72/455] CIGK
[00:18:04] [73/455] INSG
[00:18:05] [74/455] IDEN
[00:18:06] [75/455] MCGN
[00:18:07] [76/455] IGAM
[00:18:08] [77/455] SLCU
[00:18:09] 🔄 Identity reset
[00:18:09] 🔄 Identity rotated (every 10 requests)
[00:18:09] 🔄 Retry 1/5 for SLCU in 2.4s
[00:18:09] 🔄 Identity reset
[00:18:11] 🧠 New identity created
[00:18:11] 🔄 Retry 2/5 for SLCU in 4.7s
[00:18:11] 🔄 Identity reset
[00:18:16] 🧠 New identity created
[00:18:16] 🔄 Retry 3/5 for SLCU in 8.5s
[00:18:16] 🔄 Identity reset
[00:18:24] 🧠 New identity created
[00:18:25] 🔄 Retry 4/5 for SLCU in 16.8s
[00:18:25] 🔄 Identity reset
[00:18:41] 🧠 New identity created
[00:18:42] [78/455] MIMU
[00:18:43] [79/455] QLAC
[00:18:44] [80/455] MENL
[00:18:44] [81/455] SCUR
[00:18:45] [82/455] MDGD
[00:18:46] [83/455] LSRS
[00:18:47] 🔄 Identity reset
[00:18:47] 🔄 Identity rotated (every 10 requests)
[00:18:48] [84/455] KMLG
[00:18:49] [85/455] MKLJ
[00:18:50] [86/455] IBYG
[00:18:51] [87/455] ISML
[00:18:52] [88/455] MJMM
[00:18:53] [89/455] RCGD
[00:18:54] [90/455] MMOC
[00:18:55] [91/455] RRCO
[00:18:56] [92/455] MEDM
[00:18:57] [93/455] MCAZ
[00:18:58] 🔄 Identity reset
[00:18:58] 🔄 Identity rotated (every 10 requests)
[00:18:58] [94/455] STWA
[00:18:59] [95/455] PFFG
[00:19:01] [96/455] GAGC
[00:19:02] [97/455] PMPM
[00:19:03] [98/455] HVCD
[00:19:04] [99/455] AKRF
[00:19:05] [100/455] AKRC
[00:19:06] [101/455] MIDA
[00:19:07] [102/455] MAGX
[00:19:08] [103/455] ESOS
[00:19:08] 🔄 Identity reset
[00:19:08] 🔄 Identity rotated (every 10 requests)
[00:19:09] [104/455] BBCL
[00:19:10] [105/455] LYAS
[00:19:11] [106/455] NRMS
[00:19:12] [107/455] BHUC
[00:19:13] [108/455] SRIC
[00:19:15] [109/455] PDME
[00:19:16] [110/455] MJCS
[00:19:17] [111/455] NRAA
[00:19:18] [112/455] VATA
[00:19:19] [113/455] MNKC
[00:19:20] 🔄 Identity reset
[00:19:20] 🔄 Identity rotated (every 10 requests)
[00:19:21] [114/455] DHCL
[00:19:22] [115/455] JCPC
[00:19:24] [116/455] CTML
[00:19:24] [117/455] RMMR
[00:19:25] [118/455] STTL
[00:19:26] [119/455] CNPS
[00:19:28] [120/455] ACKL
[00:19:29] [121/455] SCAU
[00:19:30] [122/455] RMIA
[00:19:30] [123/455] MANU
[00:19:31] 🔄 Identity reset
[00:19:31] 🔄 Identity rotated (every 10 requests)
[00:19:31] [124/455] ARDC
[00:19:32] [125/455] GLDA
[00:19:34] [126/455] KVSW
[00:19:35] [127/455] CGCA
[00:19:36] [128/455] CMLO
[00:19:38] [129/455] CECB
[00:19:39] [130/455] RCPN
[00:19:40] [131/455] ASMW
[00:19:41] [132/455] PWLM
[00:19:42] [133/455] ASGM
[00:19:43] 🔄 Identity reset
[00:19:43] 🔄 Identity rotated (every 10 requests)
[00:19:43] [134/455] ACWH
[00:19:44] [135/455] AAPW
[00:19:45] [136/455] RTWA
[00:19:46] [137/455] RAMW
[00:19:48] [138/455] VKTR
[00:19:49] [139/455] SMBH
[00:19:49] [140/455] BVDR
[00:19:51] [141/455] MRTP
[00:19:52] [142/455] BLBR
[00:19:53] [143/455] LPIN
[00:19:53] 🔄 Identity reset
[00:19:53] 🔄 Identity rotated (every 10 requests)
[00:19:54] [144/455] SNPC
[00:19:55] [145/455] PDCB
[00:19:56] [146/455] DYPK
[00:19:57] [147/455] INMK
[00:19:57] [148/455] PDCK
[00:19:59] [149/455] PCKR
[00:20:00] [150/455] SHUA
[00:20:01] [151/455] SCVK
[00:20:02] [152/455] STPA
[00:20:04] [153/455] WVHD
[00:20:04] 🔄 Identity reset
[00:20:04] 🔄 Identity rotated (every 10 requests)
[00:20:05] [154/455] MRCH
[00:20:06] [155/455] MCNP
[00:20:07] [156/455] RCAG
[00:20:09] [157/455] JTSN
[00:20:09] [158/455] AANS
[00:20:11] [159/455] GDDR
[00:20:12] [160/455] SRER
[00:20:13] [161/455] JKMA
[00:20:14] [162/455] ARAN
[00:20:15] [163/455] ALCT
[00:20:15] 🔄 Identity reset
[00:20:15] 🔄 Identity rotated (every 10 requests)
[00:20:16] [164/455] CCTA
[00:20:17] [165/455] CNCT
[00:20:18] [166/455] NZBL
[00:20:19] [167/455] SRRA
[00:20:20] [168/455] SVPW
[00:20:21] [169/455] SRTW
[00:20:21] [170/455] XMTD
[00:20:22] [171/455] SCCZ
[00:20:23] [172/455] PBCR
[00:20:24] [173/455] RTSC
[00:20:25] 🔄 Identity reset
[00:20:25] 🔄 Identity rotated (every 10 requests)
[00:20:25] [174/455] TLSV
[00:20:26] [175/455] RMTK
[00:20:27] [176/455] SRAT
[00:20:28] [177/455] GCYC
[00:20:29] [178/455] HCAJ
[00:20:30] [179/455] LCXA
[00:20:31] [180/455] BINT
[00:20:32] [181/455] IXIM
[00:20:33] [182/455] MBCR
[00:20:34] [183/455] BMCJ
[00:20:35] 🔄 Identity reset
[00:20:35] 🔄 Identity rotated (every 10 requests)
[00:20:35] [184/455] NICJ
[00:20:36] [185/455] SCAJ
[00:20:37] [186/455] CMXS
[00:20:38] [187/455] MMSR
[00:20:39] [188/455] PRKT
[00:20:40] [189/455] LPTH
[00:20:41] [190/455] SARP
[00:20:42] [191/455] MNPP
[00:20:42] [192/455] PRLR
[00:20:43] [193/455] RCMW
[00:20:44] 🔄 Identity reset
[00:20:44] 🔄 Identity rotated (every 10 requests)
[00:20:44] [194/455] FCMG
[00:20:45] [195/455] RTNK
[00:20:46] [196/455] LRCP
[00:20:47] [197/455] DBJR
[00:20:48] [198/455] CACN
[00:20:49] [199/455] AMRL
[00:20:51] [200/455] SBBC
[00:20:52] [201/455] VENN
[00:20:53] [202/455] STSS
[00:20:53] [203/455] SMRB
[00:20:54] 🔄 Identity reset
[00:20:54] 🔄 Identity rotated (every 10 requests)
[00:20:55] [204/455] CCMX
[00:20:56] [205/455] KCMR
[00:20:57] [206/455] SALH
[00:20:59] [207/455] CGTT
[00:21:00] [208/455] PMDR
[00:21:01] [209/455] VCPM
[00:21:02] [210/455] RZMX
[00:21:03] [211/455] TMSY
[00:21:04] [212/455] NTMS
[00:21:04] [213/455] VTAG
[00:21:05] 🔄 Identity reset
[00:21:05] 🔄 Identity rotated (every 10 requests)
[00:21:05] [214/455] REMA
[00:21:06] [215/455] NXCC
[00:21:07] [216/455] SKYM
[00:21:08] [217/455] CCMO
[00:21:09] [218/455] DMXM
[00:21:10] [219/455] SPPM
[00:21:11] [220/455] PTKL
[00:21:12] [221/455] SLVO
[00:21:13] [222/455] VASL
[00:21:14] [223/455] CBCM
[00:21:14] 🔄 Identity reset
[00:21:15] 🔄 Identity rotated (every 10 requests)
[00:21:15] [224/455] STMA
[00:21:16] [225/455] LASK
[00:21:17] [226/455] VITE
[00:21:18] [227/455] AAST
[00:21:19] [228/455] JTPT
[00:21:20] [229/455] RRSH
[00:21:21] [230/455] CINL
[00:21:23] [231/455] MCSR
[00:21:24] [232/455] SBCF
[00:21:24] [233/455] GCDU
[00:21:25] 🔄 Identity reset
[00:21:25] 🔄 Identity rotated (every 10 requests)
[00:21:25] 🔄 Retry 1/5 for GCDU in 2.4s
[00:21:25] 🔄 Identity reset
[00:21:28] 🧠 New identity created
[00:21:28] 🔄 Retry 2/5 for GCDU in 4.7s
[00:21:28] 🔄 Identity reset
[00:21:32] 🧠 New identity created
[00:21:33] [234/455] PSPR
[00:21:34] [235/455] IMMO
[00:21:35] [236/455] CLGM
[00:21:36] [237/455] PBMM
[00:21:37] [238/455] CEHR
[00:21:38] [239/455] CPOE
[00:21:39] [240/455] PGFD
[00:21:40] [241/455] PSLC
[00:21:41] 🔄 Identity reset
[00:21:41] 🔄 Identity rotated (every 10 requests)
[00:21:41] [242/455] MSMD
[00:21:42] [243/455] FMFB
[00:21:44] [244/455] RKCL
[00:21:45] [245/455] PMMC
[00:21:45] [246/455] SKMM
[00:21:47] [247/455] VOIB
[00:21:48] [248/455] KINO
[00:21:49] [249/455] VCTP
[00:21:50] [250/455] PDWR
[00:21:51] [251/455] SAED
[00:21:52] 🔄 Identity reset
[00:21:52] 🔄 Identity rotated (every 10 requests)
[00:21:52] [252/455] SRRT
[00:21:53] [253/455] CVLG
[00:21:54] [254/455] SNGN
[00:21:55] [255/455] SIDA
[00:21:56] [256/455] IMCB
[00:21:57] [257/455] SMHP
[00:21:58] [258/455] GDTY
[00:21:59] [259/455] VYCH
[00:22:00] [260/455] PDYA
[00:22:01] [261/455] RKDO
[00:22:02] 🔄 Identity reset
[00:22:02] 🔄 Identity rotated (every 10 requests)
[00:22:02] [262/455] VECG
[00:22:03] [263/455] NFGD
[00:22:04] [264/455] SNDC
[00:22:05] [265/455] SDJH
[00:22:07] [266/455] HASV
[00:22:08] [267/455] PTYK
[00:22:09] [268/455] MUTB
[00:22:10] [269/455] AMRT
[00:22:11] [270/455] VACD
[00:22:12] [271/455] SKDD
[00:22:12] 🔄 Identity reset
[00:22:12] 🔄 Identity rotated (every 10 requests)
[00:22:13] [272/455] STGR
[00:22:14] [273/455] GDAK
[00:22:15] [274/455] SKHK
[00:22:16] [275/455] SLND
[00:22:17] [276/455] APAP
[00:22:18] [277/455] AYYA
[00:22:19] [278/455] VCCZ
[00:22:20] [279/455] MEML
[00:22:20] [280/455] MAOU
[00:22:21] [281/455] ESND
[00:22:22] 🔄 Identity reset
[00:22:22] 🔄 Identity rotated (every 10 requests)
[00:22:23] [282/455] PTBZ
[00:22:24] [283/455] LBCN
[00:22:24] [284/455] PAWA
[00:22:25] [285/455] ZEIC
[00:22:26] [286/455] CGMM
[00:22:27] [287/455] PJPM
[00:22:28] [288/455] ECMR
[00:22:29] [289/455] SHMZ
[00:22:30] [290/455] STCA
[00:22:31] [291/455] VDRC
[00:22:32] 🔄 Identity reset
[00:22:32] 🔄 Identity rotated (every 10 requests)
[00:22:32] [292/455] SEEM
[00:22:33] [293/455] MKNS
[00:22:34] [294/455] KPPP
[00:22:35] [295/455] CCML
[00:22:36] [296/455] CIBA
[00:22:37] [297/455] NACS
[00:22:38] [298/455] CTMK
[00:22:39] [299/455] CTCT
[00:22:40] [300/455] MCSN
[00:22:41] [301/455] MAXX
[00:22:42] 🔄 Identity reset
[00:22:42] 🔄 Identity rotated (every 10 requests)
[00:22:42] [302/455] MECB
[00:22:43] [303/455] NTBY
[00:22:44] [304/455] UTBI
[00:22:44] [305/455] RADK
[00:22:45] [306/455] STBY
[00:22:46] [307/455] GTBY
[00:22:47] [308/455] RRMB
[00:22:48] [309/455] ABRN
[00:22:49] [310/455] GTSG
[00:22:50] [311/455] GBTG
[00:22:51] 🔄 Identity reset
[00:22:51] 🔄 Identity rotated (every 10 requests)
[00:22:51] [312/455] SBGS
[00:22:52] [313/455] KBPM
[00:22:54] [314/455] SMHT
[00:22:55] [315/455] VTDM
[00:22:57] [316/455] ASCT
[00:22:58] [317/455] AWCT
[00:22:58] [318/455] DCCU
[00:22:59] [319/455] PSCE
[00:23:00] [320/455] KSNY
[00:23:01] [321/455] ACID
[00:23:02] 🔄 Identity reset
[00:23:02] 🔄 Identity rotated (every 10 requests)
[00:23:02] [322/455] LVCD
[00:23:04] [323/455] KSSB
[00:23:06] [324/455] SWTD
[00:23:07] [325/455] RBMR
[00:23:08] [326/455] SCBC
[00:23:09] [327/455] RKME
[00:23:11] [328/455] GALX
[00:23:11] [329/455] GCCH
[00:23:12] [330/455] RATR
[00:23:13] [331/455] GTGA
[00:23:14] 🔄 Identity reset
[00:23:14] 🔄 Identity rotated (every 10 requests)
[00:23:14] [332/455] LTTR
[00:23:15] [333/455] TTAA
[00:23:16] [334/455] TVHP
[00:23:17] [335/455] KVCS
[00:23:18] [336/455] CBMC
[00:23:19] [337/455] MAYJ
[00:23:20] [338/455] INPR
[00:23:21] [339/455] RSSC
[00:23:22] [340/455] PCAN
[00:23:23] [341/455] PVHR
[00:23:24] 🔄 Identity reset
[00:23:24] 🔄 Identity rotated (every 10 requests)
[00:23:24] [342/455] AGSM
[00:23:25] [343/455] PVES
[00:23:26] [344/455] INTO
[00:23:27] [345/455] ACON
[00:23:28] [346/455] PVPZ
[00:23:29] [347/455] PVHC
[00:23:30] [348/455] KSTK
[00:23:31] [349/455] PVSR
[00:23:32] [350/455] ACTN
[00:23:33] [351/455] FMCN
[00:23:34] 🔄 Identity reset
[00:23:34] 🔄 Identity rotated (every 10 requests)
[00:23:34] [352/455] PABC
[00:23:35] [353/455] SUTC
[00:23:36] [354/455] PGMV
[00:23:37] [355/455] GKCP
[00:23:37] [356/455] INCH
[00:23:38] [357/455] MLMT
[00:23:39] [358/455] SSCC
[00:23:40] [359/455] SLMP
[00:23:41] [360/455] VVTN
[00:23:42] [361/455] SBTR
[00:23:43] 🔄 Identity reset
[00:23:43] 🔄 Identity rotated (every 10 requests)
[00:23:43] [362/455] PGRA
[00:23:45] [363/455] PBRM
[00:23:46] [364/455] GCRP
[00:23:46] [365/455] MCSK
[00:23:47] [366/455] NLTC
[00:23:48] [367/455] MTLM
[00:23:49] [368/455] VECT
[00:23:50] [369/455] KMRM
[00:23:51] [370/455] RACM
[00:23:52] [371/455] WSTC
[00:23:53] 🔄 Identity reset
[00:23:53] 🔄 Identity rotated (every 10 requests)
[00:23:53] [372/455] PVTJ
[00:23:55] [373/455] MMKC
[00:23:56] [374/455] SVWT
[00:23:57] [375/455] JOTG
[00:23:58] [376/455] VCDK
[00:24:00] [377/455] ANAC
[00:24:01] [378/455] GRTC
[00:24:02] [379/455] JTPL
[00:24:03] [380/455] VRCP
[00:24:05] [381/455] REMC
[00:24:06] 🔄 Identity reset
[00:24:06] 🔄 Identity rotated (every 10 requests)
[00:24:06] [382/455] ATMG
[00:24:07] [383/455] GAHC
[00:24:08] [384/455] JTMV
[00:24:09] [385/455] OMTT
[00:24:10] [386/455] GKKC
[00:24:11] [387/455] BBPO
[00:24:12] [388/455] ZCBB
[00:24:13] [389/455] DCGO
[00:24:14] [390/455] STOP
[00:24:15] [391/455] BSPC
[00:24:16] 🔄 Identity reset
[00:24:16] 🔄 Identity rotated (every 10 requests)
[00:24:16] [392/455] SOND
[00:24:18] [393/455] GCKG
[00:24:19] [394/455] PCDB
[00:24:21] [395/455] PGRC
[00:24:22] [396/455] CSCT
[00:24:23] [397/455] STDA
[00:24:24] [398/455] JAYD
[00:24:25] [399/455] PPPD
[00:24:26] [400/455] KRTT
[00:24:27] [401/455] PTDT
[00:24:27] 🔄 Identity reset
[00:24:27] 🔄 Identity rotated (every 10 requests)
[00:24:28] [402/455] TRSV
[00:24:29] [403/455] VELR
[00:24:30] [404/455] STDT
[00:24:31] [405/455] SATT
[00:24:32] [406/455] KCPM
[00:24:33] [407/455] MFCP
[00:24:34] [408/455] AXMP
[00:24:35] [409/455] LTVB
[00:24:36] [410/455] APST
[00:24:37] [411/455] DTVP
[00:24:37] 🔄 Identity reset
[00:24:37] 🔄 Identity rotated (every 10 requests)
[00:24:38] [412/455] AAVB
[00:24:39] [413/455] PMBL
[00:24:40] [414/455] STKC
[00:24:41] [415/455] KKMA
[00:24:42] [416/455] NMXS
[00:24:43] [417/455] DECX
[00:24:44] [418/455] MAPJ
[00:24:45] [419/455] SMLK
[00:24:45] [420/455] PMPU
[00:24:46] [421/455] AFST
[00:24:47] 🔄 Identity reset
[00:24:47] 🔄 Identity rotated (every 10 requests)
[00:24:47] [422/455] SRSY
[00:24:48] [423/455] RMKT
[00:24:49] [424/455] RAJX
[00:24:50] [425/455] UVCD
[00:24:51] [426/455] LISA
[00:24:52] [427/455] LMSR
[00:24:53] [428/455] PMCA
[00:24:54] [429/455] INPO
[00:24:55] [430/455] INGO
[00:24:56] [431/455] HFSQ
[00:24:57] 🔄 Identity reset
[00:24:57] 🔄 Identity rotated (every 10 requests)
[00:24:57] [432/455] INMG
[00:24:58] [433/455] NYCP
[00:24:59] [434/455] HFSV
[00:25:00] [435/455] MMZP
[00:25:01] [436/455] KSES
[00:25:02] [437/455] HFSA
[00:25:02] [438/455] ACMM
[00:25:03] [439/455] RCKD
[00:25:04] [440/455] BCKR
[00:25:05] [441/455] SFCO
[00:25:06] 🔄 Identity reset
[00:25:06] 🔄 Identity rotated (every 10 requests)
[00:25:06] [442/455] JCCB
[00:25:08] [443/455] BCCR
[00:25:09] [444/455] NWCB
[00:25:10] [445/455] SAMT
[00:25:11] [446/455] TMST
[00:25:12] [447/455] SJCN
[00:25:13] [448/455] MCBS
[00:25:14] [449/455] CMKR
[00:25:15] [450/455] INPM
[00:25:16] [451/455] WVMT
[00:25:16] 🔄 Identity reset
[00:25:16] 🔄 Identity rotated (every 10 requests)
[00:25:16] [452/455] NYSM
[00:25:17] [453/455] RCMA
[00:25:19] [454/455] RECM
[00:25:21] [455/455] CYCM
[00:25:22] ✅ DONE | Shows=0 | Movies=0
[01:16:38] 🚀 BMS DAILY TRACKER STARTED (enhanced anti‑detection)
[01:16:38] [1/455] MXGN
[01:16:38] 🧠 New identity created
[01:16:38] 🔄 Retry 1/5 for MXGN in 2.4s
[01:16:38] 🔄 Identity reset
[01:16:41] 🧠 New identity created
[01:16:41] 🔄 Retry 2/5 for MXGN in 4.1s
[01:16:41] 🔄 Identity reset
[01:16:45] 🧠 New identity created
[01:16:45] 🔄 Retry 3/5 for MXGN in 8.7s
[01:16:45] 🔄 Identity reset
[01:16:54] 🧠 New identity created
[01:16:54] 🔄 Retry 4/5 for MXGN in 16.8s
[01:16:54] 🔄 Identity reset
[01:17:11] 🧠 New identity created
[01:17:11] [2/455] PGGM
[01:17:12] [3/455] IPMJ
[01:17:13] [4/455] M2PP
[01:17:14] [5/455] PMMS
[01:17:14] [6/455] SCJN
[01:17:15] 🔄 Identity reset
[01:17:15] 🔄 Identity rotated (every 10 requests)
[01:17:16] [7/455] CPUM
[01:17:16] [8/455] SCND
[01:17:17] [9/455] INWM
[01:17:18] [10/455] DVDC
[01:17:19] [11/455] WVND
[01:17:20] [12/455] LBDL
[01:17:21] [13/455] CRGM
[01:17:23] [14/455] PVKS
[01:17:23] [15/455] PBLL
[01:17:24] [16/455] FNLN
[01:17:25] 🔄 Identity reset
[01:17:25] 🔄 Identity rotated (every 10 requests)
[01:17:25] [17/455] PPDA
[01:17:27] [18/455] SCPT
[01:17:28] [19/455] IAJS
[01:17:30] [20/455] MMZG
[01:17:31] [21/455] MCTI
[01:17:32] [22/455] PPMF
[01:17:33] [23/455] FNSD
[01:17:34] [24/455] M2RH
[01:17:36] [25/455] CPGV
[01:17:38] [26/455] PECD
[01:17:38] 🔄 Identity reset
[01:17:38] 🔄 Identity rotated (every 10 requests)
[01:17:39] [27/455] CTEE
[01:17:40] [28/455] IOMG
[01:17:40] [29/455] CIJA
[01:17:41] [30/455] NYCG
[01:17:42] [31/455] CEST
[01:17:43] [32/455] WVRG
[01:17:44] [33/455] DPDC
[01:17:45] [34/455] PDIV
[01:17:46] [35/455] MTPP
[01:17:48] [36/455] MHNU
[01:17:48] 🔄 Identity reset
[01:17:48] 🔄 Identity rotated (every 10 requests)
[01:17:48] [37/455] WUPG
[01:17:49] [38/455] USCO
[01:17:50] [39/455] INFR
[01:17:51] [40/455] PVPD
[01:17:52] [41/455] RONC
[01:17:53] [42/455] IOCP
[01:17:54] [43/455] EMPS
[01:17:55] [44/455] PNAD
[01:17:56] [45/455] VVGZ
[01:17:57] [46/455] MDDC
[01:17:58] 🔄 Identity reset
[01:17:58] 🔄 Identity rotated (every 10 requests)
[01:17:59] [47/455] MMAP
[01:17:59] [48/455] GPDC
[01:18:00] [49/455] PVPU
[01:18:01] [50/455] DCMV
[01:18:02] [51/455] PCCF
[01:18:04] [52/455] MCEF
[01:18:05] [53/455] INRD
[01:18:05] [54/455] CCPZ
[01:18:06] [55/455] BCWG
[01:18:08] [56/455] PMGU
[01:18:08] 🔄 Identity reset
[01:18:08] 🔄 Identity rotated (every 10 requests)
[01:18:08] 🔄 Retry 1/5 for PMGU in 3.0s
[01:18:08] 🔄 Identity reset
[01:18:11] 🧠 New identity created
[01:18:13] [57/455] MCVM
[01:18:13] [58/455] MCDE
[01:18:14] [59/455] IEFM
[01:18:15] [60/455] MXCS
[01:18:17] [61/455] RNMT
[01:18:17] [62/455] PSDD
[01:18:19] [63/455] PETA
[01:18:20] [64/455] IZOP
[01:18:21] [65/455] PDEI
[01:18:21] 🔄 Identity reset
[01:18:21] 🔄 Identity rotated (every 10 requests)
[01:18:22] [66/455] MTND
[01:18:23] [67/455] PCPL
[01:18:24] [68/455] LSCM
[01:18:26] [69/455] BTFD
[01:18:27] [70/455] MERM
[01:18:28] [71/455] PVMS
[01:18:28] [72/455] CIGK
[01:18:29] [73/455] INSG
[01:18:31] [74/455] IDEN
[01:18:32] [75/455] MCGN
[01:18:33] 🔄 Identity reset
[01:18:33] 🔄 Identity rotated (every 10 requests)
[01:18:33] [76/455] IGAM
[01:18:34] [77/455] SLCU
[01:18:36] [78/455] MIMU
[01:18:37] [79/455] QLAC
[01:18:38] [80/455] MENL
[01:18:39] [81/455] SCUR
[01:18:40] [82/455] MDGD
[01:18:41] [83/455] LSRS
[01:18:41] [84/455] KMLG
[01:18:42] [85/455] MKLJ
[01:18:43] 🔄 Identity reset
[01:18:43] 🔄 Identity rotated (every 10 requests)
[01:18:44] [86/455] IBYG
[01:18:44] [87/455] ISML
[01:18:45] [88/455] MJMM
[01:18:46] [89/455] RCGD
[01:18:47] [90/455] MMOC
[01:18:48] [91/455] RRCO
[01:18:49] [92/455] MEDM
[01:18:50] [93/455] MCAZ
[01:18:51] [94/455] STWA
[01:18:52] [95/455] PFFG
[01:18:52] 🔄 Identity reset
[01:18:52] 🔄 Identity rotated (every 10 requests)
[01:18:52] [96/455] GAGC
[01:18:53] [97/455] PMPM
[01:18:54] [98/455] HVCD
[01:18:56] [99/455] AKRF
[01:18:57] [100/455] AKRC
[01:18:58] [101/455] MIDA
[01:18:59] [102/455] MAGX
[01:19:00] [103/455] ESOS
[01:19:01] [104/455] BBCL
[01:19:02] [105/455] LYAS
[01:19:02] 🔄 Identity reset
[01:19:02] 🔄 Identity rotated (every 10 requests)
[01:19:02] [106/455] NRMS
[01:19:03] [107/455] BHUC
[01:19:04] [108/455] SRIC
[01:19:06] [109/455] PDME
[01:19:07] [110/455] MJCS
[01:19:08] [111/455] NRAA
[01:19:09] [112/455] VATA
[01:19:10] [113/455] MNKC
[01:19:11] [114/455] DHCL
[01:19:13] [115/455] JCPC
[01:19:13] 🔄 Identity reset
[01:19:13] 🔄 Identity rotated (every 10 requests)
[01:19:14] [116/455] CTML
[01:19:15] [117/455] RMMR
[01:19:17] [118/455] STTL
[01:19:19] [119/455] CNPS
[01:19:20] [120/455] ACKL
[01:19:22] [121/455] SCAU
[01:19:23] [122/455] RMIA
[01:19:24] [123/455] MANU
[01:19:25] [124/455] ARDC
[01:19:26] [125/455] GLDA
[01:19:26] 🔄 Identity reset
[01:19:26] 🔄 Identity rotated (every 10 requests)
[01:19:27] [126/455] KVSW
[01:19:29] [127/455] CGCA
[01:19:30] [128/455] CMLO
[01:19:31] [129/455] CECB
[01:19:31] [130/455] RCPN
[01:19:32] [131/455] ASMW
[01:19:34] [132/455] PWLM
[01:19:35] [133/455] ASGM
[01:19:35] [134/455] ACWH
[01:19:36] [135/455] AAPW
[01:19:37] 🔄 Identity reset
[01:19:37] 🔄 Identity rotated (every 10 requests)
[01:19:38] [136/455] RTWA
[01:19:40] [137/455] RAMW
[01:19:41] [138/455] VKTR
[01:19:42] [139/455] SMBH
[01:19:43] [140/455] BVDR
[01:19:45] [141/455] MRTP
[01:19:46] [142/455] BLBR
[01:19:47] [143/455] LPIN
[01:19:48] [144/455] SNPC
[01:19:49] [145/455] PDCB
[01:19:50] 🔄 Identity reset
[01:19:50] 🔄 Identity rotated (every 10 requests)
[01:19:50] [146/455] DYPK
[01:19:51] [147/455] INMK
[01:19:52] [148/455] PDCK
[01:19:53] [149/455] PCKR
[01:19:54] [150/455] SHUA
[01:19:55] [151/455] SCVK
[01:19:56] [152/455] STPA
[01:19:57] [153/455] WVHD
[01:19:58] [154/455] MRCH
[01:19:59] [155/455] MCNP
[01:19:59] 🔄 Identity reset
[01:19:59] 🔄 Identity rotated (every 10 requests)
[01:20:00] [156/455] RCAG
[01:20:01] [157/455] JTSN
[01:20:02] [158/455] AANS
[01:20:03] [159/455] GDDR
[01:20:03] [160/455] SRER
[01:20:04] [161/455] JKMA
[01:20:06] [162/455] ARAN
[01:20:10] [163/455] ALCT
[01:20:11] [164/455] CCTA
[01:20:12] [165/455] CNCT
[01:20:13] 🔄 Identity reset
[01:20:13] 🔄 Identity rotated (every 10 requests)
[01:20:13] 🔄 Retry 1/5 for CNCT in 2.1s
[01:20:13] 🔄 Identity reset
[01:20:15] 🧠 New identity created
[01:20:15] [166/455] NZBL
[01:20:16] [167/455] SRRA
[01:20:17] [168/455] SVPW
[01:20:18] [169/455] SRTW
[01:20:20] [170/455] XMTD
[01:20:21] [171/455] SCCZ
[01:20:21] [172/455] PBCR
[01:20:22] [173/455] RTSC
[01:20:24] [174/455] TLSV
[01:20:24] 🔄 Identity reset
[01:20:25] 🔄 Identity rotated (every 10 requests)
[01:20:25] 🔄 Retry 1/5 for TLSV in 2.6s
[01:20:25] 🔄 Identity reset
[01:20:27] 🧠 New identity created
[01:20:27] 🔄 Retry 2/5 for TLSV in 4.2s
[01:20:27] 🔄 Identity reset
[01:20:31] 🧠 New identity created
[01:20:32] [175/455] RMTK
[01:20:33] [176/455] SRAT
[01:20:34] [177/455] GCYC
[01:20:35] [178/455] HCAJ
[01:20:35] [179/455] LCXA
[01:20:36] [180/455] BINT
[01:20:37] [181/455] IXIM
[01:20:38] [182/455] MBCR
[01:20:39] 🔄 Identity reset
[01:20:39] 🔄 Identity rotated (every 10 requests)
[01:20:39] 🔄 Retry 1/5 for MBCR in 2.9s
[01:20:39] 🔄 Identity reset
[01:20:42] 🧠 New identity created
[01:20:43] [183/455] BMCJ
[01:20:44] [184/455] NICJ
[01:20:46] [185/455] SCAJ
[01:20:47] [186/455] CMXS
[01:20:48] [187/455] MMSR
[01:20:49] [188/455] PRKT
[01:20:50] [189/455] LPTH
[01:20:51] [190/455] SARP
[01:20:53] [191/455] MNPP
[01:20:54] 🔄 Identity reset
[01:20:54] 🔄 Identity rotated (every 10 requests)
[01:20:54] 🔄 Retry 1/5 for MNPP in 2.6s
[01:20:54] 🔄 Identity reset
[01:20:56] 🧠 New identity created
[01:20:57] [192/455] PRLR
[01:20:58] [193/455] RCMW
[01:21:00] [194/455] FCMG
[01:21:01] [195/455] RTNK
[01:21:02] [196/455] LRCP
[01:21:03] [197/455] DBJR
[01:21:04] [198/455] CACN
[01:21:05] [199/455] AMRL
[01:21:06] [200/455] SBBC
[01:21:07] 🔄 Identity reset
[01:21:07] 🔄 Identity rotated (every 10 requests)
[01:21:07] [201/455] VENN
[01:21:08] [202/455] STSS
[01:21:09] [203/455] SMRB
[01:21:10] [204/455] CCMX
[01:21:11] [205/455] KCMR
[01:21:12] [206/455] SALH
[01:21:13] [207/455] CGTT
[01:21:15] [208/455] PMDR
[01:21:17] [209/455] VCPM
[01:21:18] [210/455] RZMX
[01:21:19] 🔄 Identity reset
[01:21:19] 🔄 Identity rotated (every 10 requests)
[01:21:19] 🔄 Retry 1/5 for RZMX in 2.5s
[01:21:19] 🔄 Identity reset
[01:21:21] 🧠 New identity created
[01:21:23] [211/455] TMSY
[01:21:24] [212/455] NTMS
[01:21:26] [213/455] VTAG
[01:21:27] [214/455] REMA
[01:21:28] [215/455] NXCC
[01:21:29] [216/455] SKYM
[01:21:30] [217/455] CCMO
[01:21:31] [218/455] DMXM
[01:21:32] [219/455] SPPM
[01:21:32] 🔄 Identity reset
[01:21:32] 🔄 Identity rotated (every 10 requests)
[01:21:33] [220/455] PTKL
[01:21:34] [221/455] SLVO
[01:21:34] [222/455] VASL
[01:21:35] [223/455] CBCM
[01:21:36] [224/455] STMA
[01:21:37] [225/455] LASK
[01:21:38] [226/455] VITE
[01:21:40] [227/455] AAST
[01:21:41] [228/455] JTPT
[01:21:42] [229/455] RRSH
[01:21:42] 🔄 Identity reset
[01:21:42] 🔄 Identity rotated (every 10 requests)
[01:21:42] [230/455] CINL
[01:21:43] [231/455] MCSR
[01:21:44] [232/455] SBCF
[01:21:46] [233/455] GCDU
[01:21:47] [234/455] PSPR
[01:21:48] [235/455] IMMO
[01:21:49] [236/455] CLGM
[01:21:51] [237/455] PBMM
[01:21:52] [238/455] CEHR
[01:21:53] [239/455] CPOE
[01:21:53] 🔄 Identity reset
[01:21:53] 🔄 Identity rotated (every 10 requests)
[01:21:54] [240/455] PGFD
[01:21:57] [241/455] PSLC
[01:21:58] [242/455] MSMD
[01:21:59] [243/455] FMFB
[01:22:12] 🔄 Retry 1/5 for FMFB in 2.9s
[01:22:12] 🔄 Identity reset
[01:22:15] 🧠 New identity created
[01:22:16] [244/455] RKCL
[01:22:17] [245/455] PMMC
[01:22:18] [246/455] SKMM
[01:22:19] [247/455] VOIB
[01:22:20] [248/455] KINO
[01:22:20] 🔄 Identity reset
[01:22:20] 🔄 Identity rotated (every 10 requests)
[01:22:23] [249/455] VCTP
[01:22:25] [250/455] PDWR
[01:22:28] [251/455] SAED
[01:22:30] [252/455] SRRT
[01:22:31] [253/455] CVLG
[01:22:32] [254/455] SNGN
[01:22:33] [255/455] SIDA
[01:22:34] [256/455] IMCB
[01:22:38] [257/455] SMHP
[01:22:39] [258/455] GDTY
[01:22:40] 🔄 Identity reset
[01:22:40] 🔄 Identity rotated (every 10 requests)
[01:22:41] [259/455] VYCH
[01:22:42] [260/455] PDYA
[01:22:43] [261/455] RKDO
[01:22:44] [262/455] VECG
[01:22:45] [263/455] NFGD
[01:22:46] [264/455] SNDC
[01:22:47] [265/455] SDJH
[01:22:48] [266/455] HASV
[01:22:49] [267/455] PTYK
[01:22:51] [268/455] MUTB
[01:22:51] 🔄 Identity reset
[01:22:51] 🔄 Identity rotated (every 10 requests)
[01:22:52] [269/455] AMRT
[01:22:52] [270/455] VACD
[01:22:53] [271/455] SKDD
[01:22:54] [272/455] STGR
[01:22:56] [273/455] GDAK
[01:22:57] [274/455] SKHK
[01:23:00] [275/455] SLND
[01:23:03] [276/455] APAP
[01:23:03] [277/455] AYYA
[01:23:04] [278/455] VCCZ
[01:23:05] 🔄 Identity reset
[01:23:05] 🔄 Identity rotated (every 10 requests)
[01:23:05] [279/455] MEML
[01:23:06] [280/455] MAOU
[01:23:08] [281/455] ESND
[01:23:09] [282/455] PTBZ
[01:23:10] [283/455] LBCN
[01:23:11] [284/455] PAWA
[01:23:12] [285/455] ZEIC
[01:23:13] [286/455] CGMM
[01:23:14] [287/455] PJPM
[01:23:17] [288/455] ECMR
[01:23:18] 🔄 Identity reset
[01:23:18] 🔄 Identity rotated (every 10 requests)
[01:23:18] [289/455] SHMZ
[01:23:19] [290/455] STCA
[01:23:20] [291/455] VDRC
[01:23:22] [292/455] SEEM
[01:23:24] [293/455] MKNS
[01:23:25] [294/455] KPPP
[01:23:26] [295/455] CCML
[01:23:27] [296/455] CIBA
[01:23:29] [297/455] NACS
[01:23:38] [298/455] CTMK
[01:23:39] 🔄 Identity reset
[01:23:39] 🔄 Identity rotated (every 10 requests)
[01:23:40] [299/455] CTCT
[01:23:41] [300/455] MCSN
[01:23:42] [301/455] MAXX
[01:23:44] [302/455] MECB
[01:23:45] [303/455] NTBY
[01:23:46] [304/455] UTBI
[01:23:48] [305/455] RADK
[01:23:49] [306/455] STBY
[01:23:50] [307/455] GTBY
[01:23:52] [308/455] RRMB
[01:23:53] 🔄 Identity reset
[01:23:53] 🔄 Identity rotated (every 10 requests)
[01:23:53] [309/455] ABRN
[01:23:55] [310/455] GTSG
[01:23:56] [311/455] GBTG
[01:23:57] [312/455] SBGS
[01:23:58] [313/455] KBPM
[01:23:59] [314/455] SMHT
[01:24:00] [315/455] VTDM
[01:24:02] [316/455] ASCT
[01:24:04] [317/455] AWCT
[01:24:05] [318/455] DCCU
[01:24:05] 🔄 Identity reset
[01:24:05] 🔄 Identity rotated (every 10 requests)
[01:24:07] [319/455] PSCE
[01:24:08] [320/455] KSNY
[01:24:10] [321/455] ACID
[01:24:11] [322/455] LVCD
[01:24:12] [323/455] KSSB
[01:24:23] [324/455] SWTD
[01:24:24] [325/455] RBMR
[01:24:25] [326/455] SCBC
[01:24:29] [327/455] RKME
[01:24:30] [328/455] GALX
[01:24:30] 🔄 Identity reset
[01:24:30] 🔄 Identity rotated (every 10 requests)
[01:24:30] 🔄 Retry 1/5 for GALX in 2.9s
[01:24:30] 🔄 Identity reset
[01:24:33] 🧠 New identity created
[01:24:34] [329/455] GCCH
[01:24:35] [330/455] RATR
[01:24:36] [331/455] GTGA
[01:24:37] [332/455] LTTR
[01:24:38] [333/455] TTAA
[01:24:39] [334/455] TVHP
[01:24:40] [335/455] KVCS
[01:24:40] [336/455] CBMC
[01:24:42] [337/455] MAYJ
[01:24:42] 🔄 Identity reset
[01:24:42] 🔄 Identity rotated (every 10 requests)
[01:24:43] [338/455] INPR
[01:24:44] [339/455] RSSC
[01:24:45] [340/455] PCAN
[01:24:47] [341/455] PVHR
[01:24:48] [342/455] AGSM
[01:24:49] [343/455] PVES
[01:24:51] [344/455] INTO
[01:24:52] [345/455] ACON
[01:24:53] [346/455] PVPZ
[01:24:54] [347/455] PVHC
[01:24:55] 🔄 Identity reset
[01:24:55] 🔄 Identity rotated (every 10 requests)
[01:24:55] [348/455] KSTK
[01:24:56] [349/455] PVSR
[01:24:57] [350/455] ACTN
[01:24:58] [351/455] FMCN
[01:24:59] [352/455] PABC
[01:25:02] [353/455] SUTC
[01:25:03] [354/455] PGMV
[01:25:04] [355/455] GKCP
[01:25:06] [356/455] INCH
[01:25:07] [357/455] MLMT
[01:25:07] 🔄 Identity reset
[01:25:07] 🔄 Identity rotated (every 10 requests)
[01:25:08] [358/455] SSCC
[01:25:09] [359/455] SLMP
[01:25:10] [360/455] VVTN
[01:25:12] [361/455] SBTR
[01:25:13] [362/455] PGRA
[01:25:14] [363/455] PBRM
[01:25:15] [364/455] GCRP
[01:25:16] [365/455] MCSK
[01:25:17] [366/455] NLTC
[01:25:18] [367/455] MTLM
[01:25:18] 🔄 Identity reset
[01:25:18] 🔄 Identity rotated (every 10 requests)
[01:25:19] [368/455] VECT
[01:25:20] [369/455] KMRM
[01:25:20] [370/455] RACM
[01:25:21] [371/455] WSTC
[01:25:24] [372/455] PVTJ
[01:25:26] [373/455] MMKC
[01:25:27] [374/455] SVWT
[01:25:29] [375/455] JOTG
[01:25:30] [376/455] VCDK
[01:25:31] [377/455] ANAC
[01:25:31] 🔄 Identity reset
[01:25:31] 🔄 Identity rotated (every 10 requests)
[01:25:32] [378/455] GRTC
[01:25:32] [379/455] JTPL
[01:25:33] [380/455] VRCP
[01:25:34] [381/455] REMC
[01:25:35] [382/455] ATMG
[01:25:36] [383/455] GAHC
[01:25:37] [384/455] JTMV
[01:25:38] [385/455] OMTT
[01:25:39] [386/455] GKKC
[01:25:40] [387/455] BBPO
[01:25:40] 🔄 Identity reset
[01:25:40] 🔄 Identity rotated (every 10 requests)
[01:25:40] [388/455] ZCBB
[01:25:41] [389/455] DCGO
[01:25:42] [390/455] STOP
[01:25:44] [391/455] BSPC
[01:25:45] [392/455] SOND
[01:25:46] [393/455] GCKG
[01:25:47] [394/455] PCDB
[01:25:47] [395/455] PGRC
[01:25:48] [396/455] CSCT
[01:25:49] [397/455] STDA
[01:25:50] 🔄 Identity reset
[01:25:50] 🔄 Identity rotated (every 10 requests)
[01:25:50] [398/455] JAYD
[01:25:51] [399/455] PPPD
[01:25:52] [400/455] KRTT
[01:25:53] [401/455] PTDT
[01:25:54] [402/455] TRSV
[01:25:55] [403/455] VELR
[01:25:55] [404/455] STDT
[01:25:56] [405/455] SATT
[01:25:57] [406/455] KCPM
[01:25:59] [407/455] MFCP
[01:25:59] 🔄 Identity reset
[01:25:59] 🔄 Identity rotated (every 10 requests)
[01:26:00] [408/455] AXMP
[01:26:01] [409/455] LTVB
[01:26:03] [410/455] APST
[01:26:03] [411/455] DTVP
[01:26:11] [412/455] AAVB
[01:26:11] [413/455] PMBL
[01:26:13] [414/455] STKC
[01:26:14] [415/455] KKMA
[01:26:15] [416/455] NMXS
[01:26:17] [417/455] DECX
[01:26:17] 🔄 Identity reset
[01:26:17] 🔄 Identity rotated (every 10 requests)
[01:26:18] [418/455] MAPJ
[01:26:20] [419/455] SMLK
[01:26:21] [420/455] PMPU
[01:26:22] [421/455] AFST
[01:26:24] [422/455] SRSY
[01:26:25] [423/455] RMKT
[01:26:26] [424/455] RAJX
[01:26:27] [425/455] UVCD
[01:26:28] [426/455] LISA
[01:26:30] [427/455] LMSR
[01:26:31] 🔄 Identity reset
[01:26:31] 🔄 Identity rotated (every 10 requests)
[01:26:31] [428/455] PMCA
[01:26:33] [429/455] INPO
[01:26:34] [430/455] INGO
[01:26:35] [431/455] HFSQ
[01:26:36] [432/455] INMG
[01:26:38] [433/455] NYCP
[01:26:39] [434/455] HFSV
[01:26:40] [435/455] MMZP
[01:26:41] [436/455] KSES
[01:26:41] [437/455] HFSA
[01:26:42] 🔄 Identity reset
[01:26:42] 🔄 Identity rotated (every 10 requests)
[01:26:43] [438/455] ACMM
[01:26:44] [439/455] RCKD
[01:26:45] [440/455] BCKR
[01:26:47] [441/455] SFCO
[01:26:49] [442/455] JCCB
[01:26:50] [443/455] BCCR
[01:26:52] [444/455] NWCB
[01:26:53] [445/455] SAMT
[01:26:54] [446/455] TMST
[01:26:57] [447/455] SJCN
[01:26:58] 🔄 Identity reset
[01:26:58] 🔄 Identity rotated (every 10 requests)
[01:26:58] [448/455] MCBS
[01:26:59] [449/455] CMKR
[01:27:00] [450/455] INPM
[01:27:01] [451/455] WVMT
[01:27:02] [452/455] NYSM
[01:27:04] [453/455] RCMA
[01:27:04] [454/455] RECM
[01:27:05] [455/455] CYCM
[01:27:07] ✅ DONE | Shows=0 | Movies=0
[02:16:45] 🚀 BMS DAILY TRACKER STARTED (enhanced anti‑detection)
[02:16:45] [1/455] MXGN
[02:16:46] 🧠 New identity created
[02:16:46] 🔄 Retry 1/5 for MXGN in 2.1s
[02:16:46] 🔄 Identity reset
[02:16:48] 🧠 New identity created
[02:16:49] [2/455] PGGM
[02:16:50] [3/455] IPMJ
[02:16:51] [4/455] M2PP
[02:16:52] [5/455] PMMS
[02:16:54] [6/455] SCJN
[02:16:55] [7/455] CPUM
[02:16:56] [8/455] SCND
[02:16:57] [9/455] INWM
[02:16:57] 🔄 Identity reset
[02:16:57] 🔄 Identity rotated (every 10 requests)
[02:16:58] [10/455] DVDC
[02:17:00] [11/455] WVND
[02:17:01] [12/455] LBDL
[02:17:03] [13/455] CRGM
[02:17:05] [14/455] PVKS
[02:17:07] [15/455] PBLL
[02:17:08] [16/455] FNLN
[02:17:08] [17/455] PPDA
[02:17:09] [18/455] SCPT
[02:17:11] [19/455] IAJS
[02:17:12] 🔄 Identity reset
[02:17:12] 🔄 Identity rotated (every 10 requests)
[02:17:13] [20/455] MMZG
[02:17:14] [21/455] MCTI
[02:17:15] [22/455] PPMF
[02:17:16] [23/455] FNSD
[02:17:17] [24/455] M2RH
[02:17:18] [25/455] CPGV
[02:17:19] [26/455] PECD
[02:17:20] [27/455] CTEE
[02:17:20] [28/455] IOMG
[02:17:22] [29/455] CIJA
[02:17:22] 🔄 Identity reset
[02:17:22] 🔄 Identity rotated (every 10 requests)
[02:17:23] [30/455] NYCG
[02:17:24] [31/455] CEST
[02:17:25] [32/455] WVRG
[02:17:26] [33/455] DPDC
[02:17:27] [34/455] PDIV
[02:17:29] [35/455] MTPP
[02:17:30] [36/455] MHNU
[02:17:31] [37/455] WUPG
[02:17:33] [38/455] USCO
[02:17:34] [39/455] INFR
[02:17:34] 🔄 Identity reset
[02:17:34] 🔄 Identity rotated (every 10 requests)
[02:17:34] 🔄 Retry 1/5 for INFR in 3.0s
[02:17:34] 🔄 Identity reset
[02:17:37] 🧠 New identity created
[02:17:37] 🔄 Retry 2/5 for INFR in 4.2s
[02:17:37] 🔄 Identity reset
[02:17:41] 🧠 New identity created
[02:17:43] [40/455] PVPD
[02:17:44] [41/455] RONC
[02:17:45] [42/455] IOCP
[02:17:46] [43/455] EMPS
[02:17:47] [44/455] PNAD
[02:17:47] [45/455] VVGZ
[02:17:49] [46/455] MDDC
[02:17:51] [47/455] MMAP
[02:17:51] 🔄 Identity reset
[02:17:51] 🔄 Identity rotated (every 10 requests)
[02:17:52] [48/455] GPDC
[02:17:53] [49/455] PVPU
[02:17:54] [50/455] DCMV
[02:17:55] [51/455] PCCF
[02:17:56] [52/455] MCEF
[02:17:57] [53/455] INRD
[02:17:58] [54/455] CCPZ
[02:18:00] [55/455] BCWG
[02:18:02] [56/455] PMGU
[02:18:02] [57/455] MCVM
[02:18:03] 🔄 Identity reset
[02:18:03] 🔄 Identity rotated (every 10 requests)
[02:18:03] [58/455] MCDE
[02:18:05] [59/455] IEFM
[02:18:06] [60/455] MXCS
[02:18:07] [61/455] RNMT
[02:18:07] [62/455] PSDD
[02:18:08] [63/455] PETA
[02:18:09] [64/455] IZOP
[02:18:11] [65/455] PDEI
[02:18:12] [66/455] MTND
[02:18:13] [67/455] PCPL
[02:18:13] 🔄 Identity reset
[02:18:13] 🔄 Identity rotated (every 10 requests)
[02:18:13] 🔄 Retry 1/5 for PCPL in 2.1s
[02:18:13] 🔄 Identity reset
[02:18:15] 🧠 New identity created
[02:18:16] [68/455] LSCM
[02:18:18] [69/455] BTFD
[02:18:19] [70/455] MERM
[02:18:20] [71/455] PVMS
[02:18:21] [72/455] CIGK
[02:18:22] [73/455] INSG
[02:18:23] [74/455] IDEN
[02:18:24] [75/455] MCGN
[02:18:25] [76/455] IGAM
[02:18:26] 🔄 Identity reset
[02:18:26] 🔄 Identity rotated (every 10 requests)
[02:18:26] 🔄 Retry 1/5 for IGAM in 2.8s
[02:18:26] 🔄 Identity reset
[02:18:28] 🧠 New identity created
[02:18:29] [77/455] SLCU
[02:18:30] [78/455] MIMU
[02:18:31] [79/455] QLAC
[02:18:32] [80/455] MENL
[02:18:33] [81/455] SCUR
[02:18:34] [82/455] MDGD
[02:18:35] [83/455] LSRS
[02:18:36] [84/455] KMLG
[02:18:37] [85/455] MKLJ
[02:18:37] 🔄 Identity reset
[02:18:37] 🔄 Identity rotated (every 10 requests)
[02:18:38] [86/455] IBYG
[02:18:39] [87/455] ISML
[02:18:40] [88/455] MJMM
[02:18:41] [89/455] RCGD
[02:18:43] [90/455] MMOC
[02:18:44] [91/455] RRCO
[02:18:45] [92/455] MEDM
[02:18:47] [93/455] MCAZ
[02:18:47] [94/455] STWA
[02:18:48] [95/455] PFFG
[02:18:49] 🔄 Identity reset
[02:18:49] 🔄 Identity rotated (every 10 requests)
[02:18:49] [96/455] GAGC
[02:18:51] [97/455] PMPM
[02:18:52] [98/455] HVCD
[02:18:53] [99/455] AKRF
[02:18:54] [100/455] AKRC
[02:18:55] [101/455] MIDA
[02:18:56] [102/455] MAGX
[02:18:57] [103/455] ESOS
[02:18:58] [104/455] BBCL
[02:18:59] [105/455] LYAS
[02:18:59] 🔄 Identity reset
[02:18:59] 🔄 Identity rotated (every 10 requests)
[02:19:00] [106/455] NRMS
[02:19:01] [107/455] BHUC
[02:19:05] [108/455] SRIC
[02:19:07] [109/455] PDME
[02:19:08] [110/455] MJCS
[02:19:09] [111/455] NRAA
[02:19:11] [112/455] VATA
[02:19:12] [113/455] MNKC
[02:19:13] [114/455] DHCL
[02:19:14] [115/455] JCPC
[02:19:15] 🔄 Identity reset
[02:19:15] 🔄 Identity rotated (every 10 requests)
[02:19:16] [116/455] CTML
[02:19:17] [117/455] RMMR
[02:19:18] [118/455] STTL
[02:19:20] [119/455] CNPS
[02:19:21] [120/455] ACKL
[02:19:22] [121/455] SCAU
[02:19:23] [122/455] RMIA
[02:19:24] [123/455] MANU
[02:19:25] [124/455] ARDC
[02:19:26] [125/455] GLDA
[02:19:26] 🔄 Identity reset
[02:19:26] 🔄 Identity rotated (every 10 requests)
[02:19:26] 🔄 Retry 1/5 for GLDA in 2.8s
[02:19:26] 🔄 Identity reset
[02:19:29] 🧠 New identity created
[02:19:30] [126/455] KVSW
[02:19:31] [127/455] CGCA
[02:19:32] [128/455] CMLO
[02:19:34] [129/455] CECB
[02:19:35] [130/455] RCPN
[02:19:36] [131/455] ASMW
[02:19:37] [132/455] PWLM
[02:19:38] [133/455] ASGM
[02:19:39] [134/455] ACWH
[02:19:40] 🔄 Identity reset
[02:19:40] 🔄 Identity rotated (every 10 requests)
[02:19:40] [135/455] AAPW
[02:19:41] [136/455] RTWA
[02:19:42] [137/455] RAMW
[02:19:43] [138/455] VKTR
[02:19:45] [139/455] SMBH
[02:19:46] [140/455] BVDR
[02:19:55] [141/455] MRTP
[02:19:56] [142/455] BLBR
[02:19:57] [143/455] LPIN
[02:19:59] [144/455] SNPC
[02:20:00] 🔄 Identity reset
[02:20:00] 🔄 Identity rotated (every 10 requests)
[02:20:00] 🔄 Retry 1/5 for SNPC in 2.1s
[02:20:00] 🔄 Identity reset
[02:20:02] 🧠 New identity created
[02:20:03] [145/455] PDCB
[02:20:04] [146/455] DYPK
[02:20:05] [147/455] INMK
[02:20:06] [148/455] PDCK
[02:20:07] [149/455] PCKR
[02:20:08] [150/455] SHUA
[02:20:10] [151/455] SCVK
[02:20:10] [152/455] STPA
[02:20:12] [153/455] WVHD
[02:20:13] 🔄 Identity reset
[02:20:13] 🔄 Identity rotated (every 10 requests)
[02:20:13] [154/455] MRCH
[02:20:15] [155/455] MCNP
[02:20:17] [156/455] RCAG
[02:20:18] [157/455] JTSN
[02:20:18] [158/455] AANS
[02:20:19] [159/455] GDDR
[02:20:21] [160/455] SRER
[02:20:22] [161/455] JKMA
[02:20:24] [162/455] ARAN
[02:20:25] [163/455] ALCT
[02:20:25] 🔄 Identity reset
[02:20:25] 🔄 Identity rotated (every 10 requests)
[02:20:26] [164/455] CCTA
[02:20:28] [165/455] CNCT
[02:20:29] [166/455] NZBL
[02:20:30] [167/455] SRRA
[02:20:31] [168/455] SVPW
[02:20:32] [169/455] SRTW
[02:20:33] [170/455] XMTD
[02:20:35] [171/455] SCCZ
[02:20:35] [172/455] PBCR
[02:20:37] [173/455] RTSC
[02:20:37] 🔄 Identity reset
[02:20:37] 🔄 Identity rotated (every 10 requests)
[02:20:38] [174/455] TLSV
[02:20:38] [175/455] RMTK
[02:20:40] [176/455] SRAT
[02:20:40] [177/455] GCYC
[02:20:42] [178/455] HCAJ
[02:20:43] [179/455] LCXA
[02:20:44] [180/455] BINT
[02:20:45] [181/455] IXIM
[02:20:46] [182/455] MBCR
[02:20:47] [183/455] BMCJ
[02:20:48] 🔄 Identity reset
[02:20:48] 🔄 Identity rotated (every 10 requests)
[02:20:48] 🔄 Retry 1/5 for BMCJ in 2.2s
[02:20:48] 🔄 Identity reset
[02:20:50] 🧠 New identity created
[02:20:51] [184/455] NICJ
[02:20:53] [185/455] SCAJ
[02:20:54] [186/455] CMXS
[02:20:55] [187/455] MMSR
[02:20:56] [188/455] PRKT
[02:20:59] [189/455] LPTH
[02:21:00] [190/455] SARP
[02:21:01] [191/455] MNPP
[02:21:02] [192/455] PRLR
[02:21:03] 🔄 Identity reset
[02:21:03] 🔄 Identity rotated (every 10 requests)
[02:21:04] [193/455] RCMW
[02:21:05] [194/455] FCMG
[02:21:07] [195/455] RTNK
[02:21:08] [196/455] LRCP
[02:21:09] [197/455] DBJR
[02:21:11] [198/455] CACN
[02:21:12] [199/455] AMRL
[02:21:14] [200/455] SBBC
[02:21:15] [201/455] VENN
[02:21:16] [202/455] STSS
[02:21:17] 🔄 Identity reset
[02:21:17] 🔄 Identity rotated (every 10 requests)
[02:21:17] 🔄 Retry 1/5 for STSS in 2.0s
[02:21:17] 🔄 Identity reset
[02:21:19] 🧠 New identity created
[02:21:19] [203/455] SMRB
[02:21:21] [204/455] CCMX
[02:21:21] [205/455] KCMR
[02:21:22] [206/455] SALH
[02:21:23] [207/455] CGTT
[02:21:25] [208/455] PMDR
[02:21:26] [209/455] VCPM
[02:21:28] [210/455] RZMX
[02:21:29] [211/455] TMSY
[02:21:30] 🔄 Identity reset
[02:21:30] 🔄 Identity rotated (every 10 requests)
[02:21:30] [212/455] NTMS
[02:21:31] [213/455] VTAG
[02:21:33] [214/455] REMA
[02:21:35] [215/455] NXCC
[02:21:36] [216/455] SKYM
[02:21:37] [217/455] CCMO
[02:21:38] [218/455] DMXM
[02:21:39] [219/455] SPPM
[02:21:40] [220/455] PTKL
[02:21:41] [221/455] SLVO
[02:21:42] 🔄 Identity reset
[02:21:42] 🔄 Identity rotated (every 10 requests)
[02:21:43] [222/455] VASL
[02:21:44] [223/455] CBCM
[02:21:45] [224/455] STMA
[02:21:46] [225/455] LASK
[02:21:47] [226/455] VITE
[02:21:48] [227/455] AAST
[02:21:49] [228/455] JTPT
[02:21:50] [229/455] RRSH
[02:21:51] [230/455] CINL
[02:21:53] [231/455] MCSR
[02:21:54] 🔄 Identity reset
[02:21:54] 🔄 Identity rotated (every 10 requests)
[02:21:55] [232/455] SBCF
[02:21:56] [233/455] GCDU
[02:21:59] [234/455] PSPR
[02:22:00] [235/455] IMMO
[02:22:02] [236/455] CLGM
[02:22:03] [237/455] PBMM
[02:22:04] [238/455] CEHR
[02:22:05] [239/455] CPOE
[02:22:06] [240/455] PGFD
[02:22:07] [241/455] PSLC
[02:22:07] 🔄 Identity reset
[02:22:07] 🔄 Identity rotated (every 10 requests)
[02:22:07] [242/455] MSMD
[02:22:09] [243/455] FMFB
[02:22:10] [244/455] RKCL
[02:22:11] [245/455] PMMC
[02:22:12] [246/455] SKMM
[02:22:13] [247/455] VOIB
[02:22:14] [248/455] KINO
[02:22:16] [249/455] VCTP
[02:22:18] [250/455] PDWR
[02:22:19] [251/455] SAED
[02:22:19] 🔄 Identity reset
[02:22:19] 🔄 Identity rotated (every 10 requests)
[02:22:20] [252/455] SRRT
[02:22:21] [253/455] CVLG
[02:22:23] [254/455] SNGN
[02:22:24] [255/455] SIDA
[02:22:25] [256/455] IMCB
[02:22:26] [257/455] SMHP
[02:22:27] [258/455] GDTY
[02:22:28] [259/455] VYCH
[02:22:30] [260/455] PDYA
[02:22:31] [261/455] RKDO
[02:22:31] 🔄 Identity reset
[02:22:31] 🔄 Identity rotated (every 10 requests)
[02:22:32] [262/455] VECG
[02:22:33] [263/455] NFGD
[02:22:34] [264/455] SNDC
[02:22:35] [265/455] SDJH
[02:22:36] [266/455] HASV
[02:22:37] [267/455] PTYK
[02:22:38] [268/455] MUTB
[02:22:39] [269/455] AMRT
[02:22:40] [270/455] VACD
[02:22:41] [271/455] SKDD
[02:22:42] 🔄 Identity reset
[02:22:42] 🔄 Identity rotated (every 10 requests)
[02:22:42] [272/455] STGR
[02:22:44] [273/455] GDAK
[02:22:45] [274/455] SKHK
[02:22:46] [275/455] SLND
[02:22:47] [276/455] APAP
[02:22:48] [277/455] AYYA
[02:22:49] [278/455] VCCZ
[02:22:51] [279/455] MEML
[02:22:52] [280/455] MAOU
[02:22:54] [281/455] ESND
[02:22:54] 🔄 Identity reset
[02:22:54] 🔄 Identity rotated (every 10 requests)
[02:22:54] 🔄 Retry 1/5 for ESND in 2.8s
[02:22:54] 🔄 Identity reset
[02:22:57] 🧠 New identity created
[02:22:58] [282/455] PTBZ
[02:22:59] [283/455] LBCN
[02:23:01] [284/455] PAWA
[02:23:03] [285/455] ZEIC
[02:23:04] [286/455] CGMM
[02:23:05] [287/455] PJPM
[02:23:06] [288/455] ECMR
[02:23:08] [289/455] SHMZ
[02:23:09] [290/455] STCA
[02:23:09] 🔄 Identity reset
[02:23:09] 🔄 Identity rotated (every 10 requests)
[02:23:09] 🔄 Retry 1/5 for STCA in 2.3s
[02:23:09] 🔄 Identity reset
[02:23:12] 🧠 New identity created
[02:23:12] [291/455] VDRC
[02:23:13] [292/455] SEEM
[02:23:15] [293/455] MKNS
[02:23:16] [294/455] KPPP
[02:23:17] [295/455] CCML
[02:23:18] [296/455] CIBA
[02:23:19] [297/455] NACS
[02:23:20] [298/455] CTMK
[02:23:21] [299/455] CTCT
[02:23:22] 🔄 Identity reset
[02:23:22] 🔄 Identity rotated (every 10 requests)
[02:23:23] [300/455] MCSN
[02:23:24] [301/455] MAXX
[02:23:25] [302/455] MECB
[02:23:27] [303/455] NTBY
[02:23:28] [304/455] UTBI
[02:23:29] [305/455] RADK
[02:23:30] [306/455] STBY
[02:23:31] [307/455] GTBY
[02:23:33] [308/455] RRMB
[02:23:34] [309/455] ABRN
[02:23:34] 🔄 Identity reset
[02:23:34] 🔄 Identity rotated (every 10 requests)
[02:23:35] [310/455] GTSG
[02:23:36] [311/455] GBTG
[02:23:37] [312/455] SBGS
[02:23:39] [313/455] KBPM
[02:23:40] [314/455] SMHT
[02:23:42] [315/455] VTDM
[02:23:43] [316/455] ASCT
[02:23:44] [317/455] AWCT
[02:23:45] [318/455] DCCU
[02:23:46] [319/455] PSCE
[02:23:47] 🔄 Identity reset
[02:23:47] 🔄 Identity rotated (every 10 requests)
[02:23:48] [320/455] KSNY
[02:23:49] [321/455] ACID
[02:23:50] [322/455] LVCD
[02:23:51] [323/455] KSSB
[02:23:52] [324/455] SWTD
[02:23:53] [325/455] RBMR
[02:23:54] [326/455] SCBC
[02:23:55] [327/455] RKME
[02:23:55] [328/455] GALX
[02:23:56] [329/455] GCCH
[02:23:57] 🔄 Identity reset
[02:23:57] 🔄 Identity rotated (every 10 requests)
[02:23:57] [330/455] RATR
[02:23:58] [331/455] GTGA
[02:23:59] [332/455] LTTR
[02:24:00] [333/455] TTAA
[02:24:01] [334/455] TVHP
[02:24:02] [335/455] KVCS
[02:24:03] [336/455] CBMC
[02:24:04] [337/455] MAYJ
[02:24:05] [338/455] INPR
[02:24:06] [339/455] RSSC
[02:24:07] 🔄 Identity reset
[02:24:07] 🔄 Identity rotated (every 10 requests)
[02:24:07] [340/455] PCAN
[02:24:08] [341/455] PVHR
[02:24:09] [342/455] AGSM
[02:24:11] [343/455] PVES
[02:24:12] [344/455] INTO
[02:24:13] [345/455] ACON
[02:24:14] [346/455] PVPZ
[02:24:16] [347/455] PVHC
[02:24:17] [348/455] KSTK
[02:24:19] [349/455] PVSR
[02:24:19] 🔄 Identity reset
[02:24:19] 🔄 Identity rotated (every 10 requests)
[02:24:20] [350/455] ACTN
[02:24:21] [351/455] FMCN
[02:24:22] [352/455] PABC
[02:24:24] [353/455] SUTC
[02:24:26] [354/455] PGMV
[02:24:27] [355/455] GKCP
[02:24:29] [356/455] INCH
[02:24:31] [357/455] MLMT
[02:24:32] [358/455] SSCC
[02:24:33] [359/455] SLMP
[02:24:34] 🔄 Identity reset
[02:24:34] 🔄 Identity rotated (every 10 requests)
[02:24:35] [360/455] VVTN
[02:24:36] [361/455] SBTR
[02:24:37] [362/455] PGRA
[02:24:38] [363/455] PBRM
[02:24:40] [364/455] GCRP
[02:24:42] [365/455] MCSK
[02:24:43] [366/455] NLTC
[02:24:43] [367/455] MTLM
[02:24:45] [368/455] VECT
[02:24:46] [369/455] KMRM
[02:24:47] 🔄 Identity reset
[02:24:47] 🔄 Identity rotated (every 10 requests)
[02:24:47] [370/455] RACM
[02:24:48] [371/455] WSTC
[02:24:49] [372/455] PVTJ
[02:24:51] [373/455] MMKC
[02:24:52] [374/455] SVWT
[02:24:53] [375/455] JOTG
[02:24:55] [376/455] VCDK
[02:24:56] [377/455] ANAC
[02:24:57] [378/455] GRTC
[02:24:58] [379/455] JTPL
[02:24:59] 🔄 Identity reset
[02:24:59] 🔄 Identity rotated (every 10 requests)
[02:25:00] [380/455] VRCP
[02:25:01] [381/455] REMC
[02:25:02] [382/455] ATMG
[02:25:03] [383/455] GAHC
[02:25:04] [384/455] JTMV
[02:25:05] [385/455] OMTT
[02:25:07] [386/455] GKKC
[02:25:08] [387/455] BBPO
[02:25:09] [388/455] ZCBB
[02:25:11] [389/455] DCGO
[02:25:11] 🔄 Identity reset
[02:25:11] 🔄 Identity rotated (every 10 requests)
[02:25:11] [390/455] STOP
[02:25:13] [391/455] BSPC
[02:25:14] [392/455] SOND
[02:25:17] [393/455] GCKG
[02:25:18] [394/455] PCDB
[02:25:19] [395/455] PGRC
[02:25:19] [396/455] CSCT
[02:25:20] [397/455] STDA
[02:25:21] [398/455] JAYD
[02:25:22] [399/455] PPPD
[02:25:23] 🔄 Identity reset
[02:25:23] 🔄 Identity rotated (every 10 requests)
[02:25:24] [400/455] KRTT
[02:25:24] [401/455] PTDT
[02:25:26] [402/455] TRSV
[02:25:27] [403/455] VELR
[02:25:28] [404/455] STDT
[02:25:29] [405/455] SATT
[02:25:31] [406/455] KCPM
[02:25:32] [407/455] MFCP
[02:25:33] [408/455] AXMP
[02:25:34] [409/455] LTVB
[02:25:34] 🔄 Identity reset
[02:25:34] 🔄 Identity rotated (every 10 requests)
[02:25:35] [410/455] APST
[02:25:37] [411/455] DTVP
[02:25:39] [412/455] AAVB
[02:25:39] [413/455] PMBL
[02:25:41] [414/455] STKC
[02:25:42] [415/455] KKMA
[02:25:43] [416/455] NMXS
[02:25:44] [417/455] DECX
[02:25:46] [418/455] MAPJ
[02:25:48] [419/455] SMLK
[02:25:48] 🔄 Identity reset
[02:25:49] 🔄 Identity rotated (every 10 requests)
[02:25:49] [420/455] PMPU
[02:25:51] [421/455] AFST
[02:25:52] [422/455] SRSY
[02:25:53] [423/455] RMKT
[02:25:54] [424/455] RAJX
[02:25:55] [425/455] UVCD
[02:25:57] [426/455] LISA
[02:25:58] [427/455] LMSR
[02:25:59] [428/455] PMCA
[02:26:01] [429/455] INPO
[02:26:02] 🔄 Identity reset
[02:26:02] 🔄 Identity rotated (every 10 requests)
[02:26:02] [430/455] INGO
[02:26:03] [431/455] HFSQ
[02:26:04] [432/455] INMG
[02:26:05] [433/455] NYCP
[02:26:06] [434/455] HFSV
[02:26:07] [435/455] MMZP
[02:26:08] [436/455] KSES
[02:26:09] [437/455] HFSA
[02:26:11] [438/455] ACMM
[02:26:12] [439/455] RCKD
[02:26:12] 🔄 Identity reset
[02:26:12] 🔄 Identity rotated (every 10 requests)
[02:26:13] [440/455] BCKR
[02:26:14] [441/455] SFCO
[02:26:15] [442/455] JCCB
[02:26:17] [443/455] BCCR
[02:26:17] [444/455] NWCB
[02:26:18] [445/455] SAMT
[02:26:20] [446/455] TMST
[02:26:21] [447/455] SJCN
[02:26:22] [448/455] MCBS
[02:26:23] [449/455] CMKR
[02:26:24] 🔄 Identity reset
[02:26:24] 🔄 Identity rotated (every 10 requests)
[02:26:24] [450/455] INPM
[02:26:25] [451/455] WVMT
[02:26:26] [452/455] NYSM
[02:26:27] [453/455] RCMA
[02:26:29] [454/455] RECM
[02:26:30] [455/455] CYCM
[02:26:31] ✅ DONE | Shows=0 | Movies=0
[02:45:15] 🚀 BMS DAILY TRACKER STARTED (enhanced anti‑detection)
[02:45:15] [1/455] MXGN
[02:45:16] 🧠 New identity created
[02:45:16] 🔄 Retry 1/5 for MXGN in 2.2s
[02:45:16] 🔄 Identity reset
[02:45:18] 🧠 New identity created
[02:45:19] [2/455] PGGM
[02:45:19] [3/455] IPMJ
[02:45:20] [4/455] M2PP
[02:45:21] [5/455] PMMS
[02:45:22] [6/455] SCJN
[02:45:25] [7/455] CPUM
[02:45:26] [8/455] SCND
[02:45:27] [9/455] INWM
[02:45:27] 🔄 Identity reset
[02:45:28] 🔄 Identity rotated (every 10 requests)
[02:45:28] 🔄 Retry 1/5 for INWM in 2.0s
[02:45:28] 🔄 Identity reset
[02:45:30] 🧠 New identity created
[02:45:30] 🔄 Retry 2/5 for INWM in 4.6s
[02:45:30] 🔄 Identity reset
[02:45:34] 🧠 New identity created
[02:45:34] 🔄 Retry 3/5 for INWM in 8.7s
[02:45:34] 🔄 Identity reset
[02:45:43] 🧠 New identity created
[02:45:43] 🔄 Retry 4/5 for INWM in 16.6s
[02:45:43] 🔄 Identity reset
[02:46:00] 🧠 New identity created
[02:46:00] [10/455] DVDC
[02:46:01] [11/455] WVND
[02:46:02] [12/455] LBDL
[02:46:03] [13/455] CRGM
[02:46:05] [14/455] PVKS
[02:46:06] [15/455] PBLL
[02:46:07] 🔄 Identity reset
[02:46:07] 🔄 Identity rotated (every 10 requests)
[02:46:07] [16/455] FNLN
[02:46:08] [17/455] PPDA
[02:46:09] [18/455] SCPT
[02:46:11] [19/455] IAJS
[02:46:11] [20/455] MMZG
[02:46:13] [21/455] MCTI
[02:46:14] [22/455] PPMF
[02:46:15] [23/455] FNSD
[02:46:16] [24/455] M2RH
[02:46:17] [25/455] CPGV
[02:46:18] 🔄 Identity reset
[02:46:18] 🔄 Identity rotated (every 10 requests)
[02:46:18] 🔄 Retry 1/5 for CPGV in 2.2s
[02:46:18] 🔄 Identity reset
[02:46:20] 🧠 New identity created
[02:46:21] [26/455] PECD
[02:46:22] [27/455] CTEE
[02:46:23] [28/455] IOMG
[02:46:24] [29/455] CIJA
[02:46:26] [30/455] NYCG
[02:46:27] [31/455] CEST
[02:46:27] [32/455] WVRG
[02:46:28] [33/455] DPDC
[02:46:29] [34/455] PDIV
[02:46:30] 🔄 Identity reset
[02:46:30] 🔄 Identity rotated (every 10 requests)
[02:46:31] [35/455] MTPP
[02:46:32] [36/455] MHNU
[02:46:34] [37/455] WUPG
[02:46:35] [38/455] USCO
[02:46:37] [39/455] INFR
[02:46:39] [40/455] PVPD
[02:46:40] [41/455] RONC
[02:46:40] [42/455] IOCP
[02:46:42] [43/455] EMPS
[02:46:43] [44/455] PNAD
[02:46:44] 🔄 Identity reset
[02:46:44] 🔄 Identity rotated (every 10 requests)
[02:46:44] [45/455] VVGZ
[02:46:45] [46/455] MDDC
[02:46:46] [47/455] MMAP
[02:46:48] [48/455] GPDC
[02:46:49] [49/455] PVPU
[02:46:50] [50/455] DCMV
[02:46:51] [51/455] PCCF
[02:46:52] [52/455] MCEF
[02:46:53] [53/455] INRD
[02:46:53] [54/455] CCPZ
[02:46:54] 🔄 Identity reset
[02:46:54] 🔄 Identity rotated (every 10 requests)
[02:46:54] [55/455] BCWG
[02:46:56] [56/455] PMGU
[02:46:57] [57/455] MCVM
[02:46:58] [58/455] MCDE
[02:46:58] [59/455] IEFM
[02:46:59] [60/455] MXCS
[02:47:00] [61/455] RNMT
[02:47:01] [62/455] PSDD
[02:47:02] [63/455] PETA
[02:47:04] [64/455] IZOP
[02:47:05] 🔄 Identity reset
[02:47:05] 🔄 Identity rotated (every 10 requests)
[02:47:05] 🔄 Retry 1/5 for IZOP in 2.4s
[02:47:05] 🔄 Identity reset
[02:47:07] 🧠 New identity created
[02:47:08] [65/455] PDEI
[02:47:09] [66/455] MTND
[02:47:09] [67/455] PCPL
[02:47:10] [68/455] LSCM
[02:47:11] [69/455] BTFD
[02:47:12] [70/455] MERM
[02:47:13] [71/455] PVMS
[02:47:14] [72/455] CIGK
[02:47:15] [73/455] INSG
[02:47:16] 🔄 Identity reset
[02:47:16] 🔄 Identity rotated (every 10 requests)
[02:47:16] 🔄 Retry 1/5 for INSG in 2.5s
[02:47:16] 🔄 Identity reset
[02:47:18] 🧠 New identity created
[02:47:18] 🔄 Retry 2/5 for INSG in 4.5s
[02:47:18] 🔄 Identity reset
[02:47:23] 🧠 New identity created
[02:47:23] 🔄 Retry 3/5 for INSG in 8.7s
[02:47:23] 🔄 Identity reset
[02:47:32] 🧠 New identity created
[02:47:32] [74/455] IDEN
[02:47:33] [75/455] MCGN
[02:47:34] [76/455] IGAM
[02:47:35] [77/455] SLCU
[02:47:35] [78/455] MIMU
[02:47:36] [79/455] QLAC
[02:47:37] [80/455] MENL
[02:47:38] 🔄 Identity reset
[02:47:38] 🔄 Identity rotated (every 10 requests)
[02:47:38] 🔄 Retry 1/5 for MENL in 2.4s
[02:47:38] 🔄 Identity reset
[02:47:40] 🧠 New identity created
[02:47:41] [81/455] SCUR
[02:47:42] [82/455] MDGD
[02:47:43] [83/455] LSRS
[02:47:44] [84/455] KMLG
[02:47:45] [85/455] MKLJ
[02:47:46] [86/455] IBYG
[02:47:48] [87/455] ISML
[02:47:50] [88/455] MJMM
[02:47:51] [89/455] RCGD
[02:47:52] 🔄 Identity reset
[02:47:52] 🔄 Identity rotated (every 10 requests)
[02:47:52] [90/455] MMOC
[02:47:53] [91/455] RRCO
[02:47:55] [92/455] MEDM
[02:47:56] [93/455] MCAZ
[02:47:57] [94/455] STWA
[02:47:58] [95/455] PFFG
[02:47:59] [96/455] GAGC
[02:48:00] [97/455] PMPM
[02:48:01] [98/455] HVCD
[02:48:01] [99/455] AKRF
[02:48:02] 🔄 Identity reset
[02:48:02] 🔄 Identity rotated (every 10 requests)
[02:48:02] 🔄 Retry 1/5 for AKRF in 2.5s
[02:48:02] 🔄 Identity reset
[02:48:05] 🧠 New identity created
[02:48:05] 🔄 Retry 2/5 for AKRF in 4.7s
[02:48:05] 🔄 Identity reset
[02:48:09] 🧠 New identity created
[02:48:10] [100/455] AKRC
[02:48:11] [101/455] MIDA
[02:48:12] [102/455] MAGX
[02:48:13] [103/455] ESOS
[02:48:14] [104/455] BBCL
[02:48:15] [105/455] LYAS
[02:48:16] [106/455] NRMS
[02:48:17] [107/455] BHUC
[02:48:17] 🔄 Identity reset
[02:48:17] 🔄 Identity rotated (every 10 requests)
[02:48:19] [108/455] SRIC
[02:48:20] [109/455] PDME
[02:48:20] [110/455] MJCS
[02:48:21] [111/455] NRAA
[02:48:22] [112/455] VATA
[02:48:23] [113/455] MNKC
[02:48:24] [114/455] DHCL
[02:48:25] [115/455] JCPC
[02:48:26] [116/455] CTML
[02:48:27] [117/455] RMMR
[02:48:27] 🔄 Identity reset
[02:48:27] 🔄 Identity rotated (every 10 requests)
[02:48:27] 🔄 Retry 1/5 for RMMR in 2.4s
[02:48:27] 🔄 Identity reset
[02:48:30] 🧠 New identity created
[02:48:30] [118/455] STTL
[02:48:31] [119/455] CNPS
[02:48:33] [120/455] ACKL
[02:48:34] [121/455] SCAU
[02:48:35] [122/455] RMIA
[02:48:36] [123/455] MANU
[02:48:37] [124/455] ARDC
[02:48:38] [125/455] GLDA
[02:48:38] [126/455] KVSW
[02:48:39] 🔄 Identity reset
[02:48:39] 🔄 Identity rotated (every 10 requests)
[02:48:39] 🔄 Retry 1/5 for KVSW in 2.5s
[02:48:39] 🔄 Identity reset
[02:48:42] 🧠 New identity created
[02:48:42] [127/455] CGCA
[02:48:43] [128/455] CMLO
[02:48:44] [129/455] CECB
[02:48:45] [130/455] RCPN
[02:48:46] [131/455] ASMW
[02:48:47] [132/455] PWLM
[02:48:48] [133/455] ASGM
[02:48:49] [134/455] ACWH
[02:48:50] [135/455] AAPW
[02:48:50] 🔄 Identity reset
[02:48:50] 🔄 Identity rotated (every 10 requests)
[02:48:52] [136/455] RTWA
[02:48:52] [137/455] RAMW
[02:48:53] [138/455] VKTR
[02:48:54] [139/455] SMBH
[02:48:55] [140/455] BVDR
[02:48:57] [141/455] MRTP
[02:48:58] [142/455] BLBR
[02:48:58] [143/455] LPIN
[02:48:59] [144/455] SNPC
[02:49:00] [145/455] PDCB
[02:49:01] 🔄 Identity reset
[02:49:01] 🔄 Identity rotated (every 10 requests)
[02:49:01] 🔄 Retry 1/5 for PDCB in 2.8s
[02:49:01] 🔄 Identity reset
[02:49:04] 🧠 New identity created
[02:49:04] 🔄 Retry 2/5 for PDCB in 4.5s
[02:49:04] 🔄 Identity reset
[02:49:08] 🧠 New identity created
[02:49:09] [146/455] DYPK
[02:49:10] [147/455] INMK
[02:49:11] [148/455] PDCK
[02:49:12] [149/455] PCKR
[02:49:13] [150/455] SHUA
[02:49:14] [151/455] SCVK
[02:49:15] [152/455] STPA
[02:49:16] [153/455] WVHD
[02:49:17] 🔄 Identity reset
[02:49:17] 🔄 Identity rotated (every 10 requests)
[02:49:17] [154/455] MRCH
[02:49:19] [155/455] MCNP
[02:49:20] [156/455] RCAG
[02:49:21] [157/455] JTSN
[02:49:21] [158/455] AANS
[02:49:23] [159/455] GDDR
[02:49:24] [160/455] SRER
[02:49:25] [161/455] JKMA
[02:49:26] [162/455] ARAN
[02:49:27] [163/455] ALCT
[02:49:28] 🔄 Identity reset
[02:49:28] 🔄 Identity rotated (every 10 requests)
[02:49:28] 🔄 Retry 1/5 for ALCT in 2.2s
[02:49:28] 🔄 Identity reset
[02:49:30] 🧠 New identity created
[02:49:30] 🔄 Retry 2/5 for ALCT in 4.5s
[02:49:30] 🔄 Identity reset
[02:49:35] 🧠 New identity created
[02:49:35] [164/455] CCTA
[02:49:36] [165/455] CNCT
[02:49:38] [166/455] NZBL
[02:49:39] [167/455] SRRA
[02:49:40] [168/455] SVPW
[02:49:41] [169/455] SRTW
[02:49:42] [170/455] XMTD
[02:49:42] [171/455] SCCZ
[02:49:43] 🔄 Identity reset
[02:49:43] 🔄 Identity rotated (every 10 requests)
[02:49:44] [172/455] PBCR
[02:49:45] [173/455] RTSC
[02:49:46] [174/455] TLSV
[02:49:47] [175/455] RMTK
[02:49:48] [176/455] SRAT
[02:49:49] [177/455] GCYC
[02:49:50] [178/455] HCAJ
[02:49:52] [179/455] LCXA
[02:49:53] [180/455] BINT
[02:49:54] [181/455] IXIM
[02:49:54] 🔄 Identity reset
[02:49:54] 🔄 Identity rotated (every 10 requests)
[02:49:55] 🔄 Retry 1/5 for IXIM in 3.0s
[02:49:55] 🔄 Identity reset
[02:49:58] 🧠 New identity created
[02:49:58] 🔄 Retry 2/5 for IXIM in 4.9s
[02:49:58] 🔄 Identity reset
[02:50:03] 🧠 New identity created
[02:50:03] 🔄 Retry 3/5 for IXIM in 8.5s
[02:50:03] 🔄 Identity reset
[02:50:11] 🧠 New identity created
[02:50:12] [182/455] MBCR
[02:50:12] [183/455] BMCJ
[02:50:13] [184/455] NICJ
[02:50:14] [185/455] SCAJ
[02:50:15] [186/455] CMXS
[02:50:16] [187/455] MMSR
[02:50:17] [188/455] PRKT
[02:50:17] 🔄 Identity reset
[02:50:18] 🔄 Identity rotated (every 10 requests)
[02:50:18] 🔄 Retry 1/5 for PRKT in 2.2s
[02:50:18] 🔄 Identity reset
[02:50:20] 🧠 New identity created
[02:50:20] 🔄 Retry 2/5 for PRKT in 4.3s
[02:50:20] 🔄 Identity reset
[02:50:24] 🧠 New identity created
[02:50:25] [189/455] LPTH
[02:50:26] [190/455] SARP
[02:50:27] [191/455] MNPP
[02:50:29] [192/455] PRLR
[02:50:29] [193/455] RCMW
[02:50:30] [194/455] FCMG
[02:50:31] [195/455] RTNK
[02:50:32] [196/455] LRCP
[02:50:33] 🔄 Identity reset
[02:50:33] 🔄 Identity rotated (every 10 requests)
[02:50:34] [197/455] DBJR
[02:50:35] [198/455] CACN
[02:50:35] [199/455] AMRL
[02:50:37] [200/455] SBBC
[02:50:38] [201/455] VENN
[02:50:39] [202/455] STSS
[02:50:40] [203/455] SMRB
[02:50:41] [204/455] CCMX
[02:50:42] [205/455] KCMR
[02:50:43] [206/455] SALH
[02:50:44] 🔄 Identity reset
[02:50:44] 🔄 Identity rotated (every 10 requests)
[02:50:44] 🔄 Retry 1/5 for SALH in 2.4s
[02:50:44] 🔄 Identity reset
[02:50:47] 🧠 New identity created
[02:50:47] [207/455] CGTT
[02:50:48] [208/455] PMDR
[02:50:49] [209/455] VCPM
[02:50:50] [210/455] RZMX
[02:50:51] [211/455] TMSY
[02:50:52] [212/455] NTMS
[02:50:53] [213/455] VTAG
[02:50:54] [214/455] REMA
[02:50:54] [215/455] NXCC
[02:50:55] 🔄 Identity reset
[02:50:55] 🔄 Identity rotated (every 10 requests)
[02:50:56] [216/455] SKYM
[02:50:57] [217/455] CCMO
[02:50:58] [218/455] DMXM
[02:50:59] [219/455] SPPM
[02:51:00] [220/455] PTKL
[02:51:01] [221/455] SLVO
[02:51:03] [222/455] VASL
[02:51:04] [223/455] CBCM
[02:51:05] [224/455] STMA
[02:51:06] [225/455] LASK
[02:51:07] 🔄 Identity reset
[02:51:07] 🔄 Identity rotated (every 10 requests)
[02:51:07] [226/455] VITE
[02:51:08] [227/455] AAST
[02:51:10] [228/455] JTPT
[02:51:11] [229/455] RRSH
[02:51:12] [230/455] CINL
[02:51:13] [231/455] MCSR
[02:51:13] [232/455] SBCF
[02:51:15] [233/455] GCDU
[02:51:16] [234/455] PSPR
[02:51:16] [235/455] IMMO
[02:51:17] 🔄 Identity reset
[02:51:17] 🔄 Identity rotated (every 10 requests)
[02:51:17] [236/455] CLGM
[02:51:19] [237/455] PBMM
[02:51:20] [238/455] CEHR
[02:51:21] [239/455] CPOE
[02:51:22] [240/455] PGFD
[02:51:23] [241/455] PSLC
[02:51:24] [242/455] MSMD
[02:51:25] [243/455] FMFB
[02:51:26] [244/455] RKCL
[02:51:27] [245/455] PMMC
[02:51:28] 🔄 Identity reset
[02:51:28] 🔄 Identity rotated (every 10 requests)
[02:51:28] 🔄 Retry 1/5 for PMMC in 2.6s
[02:51:28] 🔄 Identity reset
[02:51:30] 🧠 New identity created
[02:51:30] 🔄 Retry 2/5 for PMMC in 4.8s
[02:51:30] 🔄 Identity reset
[02:51:35] 🧠 New identity created
[02:51:36] [246/455] SKMM
[02:51:36] [247/455] VOIB
[02:51:38] [248/455] KINO
[02:51:39] [249/455] VCTP
[02:51:41] [250/455] PDWR
[02:51:42] [251/455] SAED
[02:51:43] [252/455] SRRT
[02:51:44] [253/455] CVLG
[02:51:44] 🔄 Identity reset
[02:51:44] 🔄 Identity rotated (every 10 requests)
[02:51:45] [254/455] SNGN
[02:51:45] [255/455] SIDA
[02:51:47] [256/455] IMCB
[02:51:48] [257/455] SMHP
[02:51:49] [258/455] GDTY
[02:51:50] [259/455] VYCH
[02:51:51] [260/455] PDYA
[02:51:52] [261/455] RKDO
[02:51:52] [262/455] VECG
[02:51:53] [263/455] NFGD
[02:51:54] 🔄 Identity reset
[02:51:54] 🔄 Identity rotated (every 10 requests)
[02:51:54] 🔄 Retry 1/5 for NFGD in 2.0s
[02:51:54] 🔄 Identity reset
[02:51:56] 🧠 New identity created
[02:51:56] 🔄 Retry 2/5 for NFGD in 4.5s
[02:51:56] 🔄 Identity reset
[02:52:01] 🧠 New identity created
[02:52:01] [264/455] SNDC
[02:52:03] [265/455] SDJH
[02:52:05] [266/455] HASV
[02:52:06] [267/455] PTYK
[02:52:07] [268/455] MUTB
[02:52:08] [269/455] AMRT
[02:52:08] [270/455] VACD
[02:52:10] [271/455] SKDD
[02:52:11] 🔄 Identity reset
[02:52:11] 🔄 Identity rotated (every 10 requests)
[02:52:11] 🔄 Retry 1/5 for SKDD in 2.3s
[02:52:11] 🔄 Identity reset
[02:52:13] 🧠 New identity created
[02:52:14] [272/455] STGR
[02:52:14] [273/455] GDAK
[02:52:15] [274/455] SKHK
[02:52:16] [275/455] SLND
[02:52:17] [276/455] APAP
[02:52:18] [277/455] AYYA
[02:52:20] [278/455] VCCZ
[02:52:21] [279/455] MEML
[02:52:22] [280/455] MAOU
[02:52:22] 🔄 Identity reset
[02:52:22] 🔄 Identity rotated (every 10 requests)
[02:52:22] [281/455] ESND
[02:52:23] [282/455] PTBZ
[02:52:24] [283/455] LBCN
[02:52:25] [284/455] PAWA
[02:52:26] [285/455] ZEIC
[02:52:27] [286/455] CGMM
[02:52:28] [287/455] PJPM
[02:52:29] [288/455] ECMR
[02:52:30] [289/455] SHMZ
[02:52:31] [290/455] STCA
[02:52:31] 🔄 Identity reset
[02:52:31] 🔄 Identity rotated (every 10 requests)
[02:52:32] [291/455] VDRC
[02:52:33] [292/455] SEEM
[02:52:34] [293/455] MKNS
[02:52:35] [294/455] KPPP
[02:52:36] [295/455] CCML
[02:52:36] [296/455] CIBA
[02:52:37] [297/455] NACS
[02:52:38] [298/455] CTMK
[02:52:39] [299/455] CTCT
[02:52:40] [300/455] MCSN
[02:52:41] 🔄 Identity reset
[02:52:41] 🔄 Identity rotated (every 10 requests)
[02:52:41] [301/455] MAXX
[02:52:42] [302/455] MECB
[02:52:45] [303/455] NTBY
[02:52:45] [304/455] UTBI
[02:52:46] [305/455] RADK
[02:52:47] [306/455] STBY
[02:52:50] [307/455] GTBY
[02:52:51] [308/455] RRMB
[02:52:51] [309/455] ABRN
[02:52:52] [310/455] GTSG
[02:52:53] 🔄 Identity reset
[02:52:53] 🔄 Identity rotated (every 10 requests)
[02:52:53] [311/455] GBTG
[02:52:54] [312/455] SBGS
[02:52:55] [313/455] KBPM
[02:52:56] [314/455] SMHT
[02:52:57] [315/455] VTDM
[02:52:59] [316/455] ASCT
[02:53:00] [317/455] AWCT
[02:53:01] [318/455] DCCU
[02:53:01] [319/455] PSCE
[02:53:02] [320/455] KSNY
[02:53:03] 🔄 Identity reset
[02:53:03] 🔄 Identity rotated (every 10 requests)
[02:53:03] 🔄 Retry 1/5 for KSNY in 2.4s
[02:53:03] 🔄 Identity reset
[02:53:06] 🧠 New identity created
[02:53:06] [321/455] ACID
[02:53:07] [322/455] LVCD
[02:53:08] [323/455] KSSB
[02:53:09] [324/455] SWTD
[02:53:10] [325/455] RBMR
[02:53:11] [326/455] SCBC
[02:53:12] [327/455] RKME
[02:53:14] [328/455] GALX
[02:53:15] [329/455] GCCH
[02:53:15] 🔄 Identity reset
[02:53:15] 🔄 Identity rotated (every 10 requests)
[02:53:15] 🔄 Retry 1/5 for GCCH in 2.8s
[02:53:15] 🔄 Identity reset
[02:53:18] 🧠 New identity created
[02:53:18] 🔄 Retry 2/5 for GCCH in 4.7s
[02:53:18] 🔄 Identity reset
[02:53:23] 🧠 New identity created
[02:53:23] [330/455] RATR
[02:53:24] [331/455] GTGA
[02:53:27] [332/455] LTTR
[02:53:28] [333/455] TTAA
[02:53:29] [334/455] TVHP
[02:53:30] [335/455] KVCS
[02:53:31] [336/455] CBMC
[02:53:31] [337/455] MAYJ
[02:53:32] 🔄 Identity reset
[02:53:32] 🔄 Identity rotated (every 10 requests)
[02:53:32] 🔄 Retry 1/5 for MAYJ in 2.0s
[02:53:32] 🔄 Identity reset
[02:53:34] 🧠 New identity created
[02:53:35] [338/455] INPR
[02:53:36] [339/455] RSSC
[02:53:37] [340/455] PCAN
[02:53:39] [341/455] PVHR
[02:53:40] [342/455] AGSM
[02:53:41] [343/455] PVES
[02:53:43] [344/455] INTO
[02:53:44] [345/455] ACON
[02:53:45] [346/455] PVPZ
[02:53:46] 🔄 Identity reset
[02:53:46] 🔄 Identity rotated (every 10 requests)
[02:53:47] [347/455] PVHC
[02:53:47] [348/455] KSTK
[02:53:48] [349/455] PVSR
[02:53:50] [350/455] ACTN
[02:53:51] [351/455] FMCN
[02:53:52] [352/455] PABC
[02:53:52] [353/455] SUTC
[02:53:54] [354/455] PGMV
[02:53:55] [355/455] GKCP
[02:53:56] [356/455] INCH
[02:53:57] 🔄 Identity reset
[02:53:57] 🔄 Identity rotated (every 10 requests)
[02:53:57] [357/455] MLMT
[02:53:59] [358/455] SSCC
[02:54:00] [359/455] SLMP
[02:54:01] [360/455] VVTN
[02:54:02] [361/455] SBTR
[02:54:03] [362/455] PGRA
[02:54:04] [363/455] PBRM
[02:54:06] [364/455] GCRP
[02:54:07] [365/455] MCSK
[02:54:08] [366/455] NLTC
[02:54:09] 🔄 Identity reset
[02:54:09] 🔄 Identity rotated (every 10 requests)
[02:54:09] [367/455] MTLM
[02:54:10] [368/455] VECT
[02:54:11] [369/455] KMRM
[02:54:12] [370/455] RACM
[02:54:13] [371/455] WSTC
[02:54:14] [372/455] PVTJ
[02:54:16] [373/455] MMKC
[02:54:17] [374/455] SVWT
[02:54:18] [375/455] JOTG
[02:54:19] [376/455] VCDK
[02:54:20] 🔄 Identity reset
[02:54:20] 🔄 Identity rotated (every 10 requests)
[02:54:20] [377/455] ANAC
[02:54:21] [378/455] GRTC
[02:54:23] [379/455] JTPL
[02:54:24] [380/455] VRCP
[02:54:24] [381/455] REMC
[02:54:25] [382/455] ATMG
[02:54:27] [383/455] GAHC
[02:54:28] [384/455] JTMV
[02:54:29] [385/455] OMTT
[02:54:31] [386/455] GKKC
[02:54:31] 🔄 Identity reset
[02:54:31] 🔄 Identity rotated (every 10 requests)
[02:54:33] [387/455] BBPO
[02:54:33] [388/455] ZCBB
[02:54:35] [389/455] DCGO
[02:54:36] [390/455] STOP
[02:54:36] [391/455] BSPC
[02:54:37] [392/455] SOND
[02:54:38] [393/455] GCKG
[02:54:39] [394/455] PCDB
[02:54:40] [395/455] PGRC
[02:54:41] [396/455] CSCT
[02:54:42] 🔄 Identity reset
[02:54:42] 🔄 Identity rotated (every 10 requests)
[02:54:43] [397/455] STDA
[02:54:45] [398/455] JAYD
[02:54:46] [399/455] PPPD
[02:54:46] [400/455] KRTT
[02:54:47] [401/455] PTDT
[02:54:49] [402/455] TRSV
[02:54:50] [403/455] VELR
[02:54:51] [404/455] STDT
[02:54:52] [405/455] SATT
[02:54:53] [406/455] KCPM
[02:54:54] 🔄 Identity reset
[02:54:54] 🔄 Identity rotated (every 10 requests)
[02:54:54] [407/455] MFCP
[02:54:55] [408/455] AXMP
[02:54:56] [409/455] LTVB
[02:54:57] [410/455] APST
[02:54:58] [411/455] DTVP
[02:54:59] [412/455] AAVB
[02:55:00] [413/455] PMBL
[02:55:01] [414/455] STKC
[02:55:03] [415/455] KKMA
[02:55:04] [416/455] NMXS
[02:55:04] 🔄 Identity reset
[02:55:04] 🔄 Identity rotated (every 10 requests)
[02:55:04] [417/455] DECX
[02:55:05] [418/455] MAPJ
[02:55:07] [419/455] SMLK
[02:55:08] [420/455] PMPU
[02:55:09] [421/455] AFST
[02:55:10] [422/455] SRSY
[02:55:11] [423/455] RMKT
[02:55:12] [424/455] RAJX
[02:55:13] [425/455] UVCD
[02:55:13] [426/455] LISA
[02:55:14] 🔄 Identity reset
[02:55:14] 🔄 Identity rotated (every 10 requests)
[02:55:14] [427/455] LMSR
[02:55:15] [428/455] PMCA
[02:55:17] [429/455] INPO
[02:55:18] [430/455] INGO
[02:55:19] [431/455] HFSQ
[02:55:20] [432/455] INMG
[02:55:21] [433/455] NYCP
[02:55:22] [434/455] HFSV
[02:55:24] [435/455] MMZP
[02:55:25] [436/455] KSES
[02:55:26] 🔄 Identity reset
[02:55:26] 🔄 Identity rotated (every 10 requests)
[02:55:26] [437/455] HFSA
[02:55:28] [438/455] ACMM
[02:55:29] [439/455] RCKD
[02:55:30] [440/455] BCKR
[02:55:31] [441/455] SFCO
[02:55:32] [442/455] JCCB
[02:55:33] [443/455] BCCR
[02:55:34] [444/455] NWCB
[02:55:35] [445/455] SAMT
[02:55:36] [446/455] TMST
[02:55:37] 🔄 Identity reset
[02:55:37] 🔄 Identity rotated (every 10 requests)
[02:55:37] [447/455] SJCN
[02:55:38] [448/455] MCBS
[02:55:39] [449/455] CMKR
[02:55:40] [450/455] INPM
[02:55:41] [451/455] WVMT
[02:55:43] [452/455] NYSM
[02:55:43] [453/455] RCMA
[02:55:44] [454/455] RECM
[02:55:45] [455/455] CYCM
[02:55:46] ✅ DONE | Shows=0 | Movies=0
[03:16:30] 🚀 BMS DAILY TRACKER STARTED (enhanced anti‑detection)
[03:16:30] [1/455] MXGN
[03:16:30] 🧠 New identity created
[03:16:31] [2/455] PGGM
[03:16:32] [3/455] IPMJ
[03:16:34] [4/455] M2PP
[03:16:35] [5/455] PMMS
[03:16:36] [6/455] SCJN
[03:16:38] [7/455] CPUM
[03:16:38] [8/455] SCND
[03:16:39] [9/455] INWM
[03:16:41] [10/455] DVDC
[03:16:41] 🔄 Identity reset
[03:16:41] 🔄 Identity rotated (every 10 requests)
[03:16:42] [11/455] WVND
[03:16:43] [12/455] LBDL
[03:16:45] [13/455] CRGM
[03:16:47] [14/455] PVKS
[03:16:48] [15/455] PBLL
[03:16:49] [16/455] FNLN
[03:16:50] [17/455] PPDA
[03:16:51] [18/455] SCPT
[03:16:52] [19/455] IAJS
[03:16:53] [20/455] MMZG
[03:16:54] 🔄 Identity reset
[03:16:54] 🔄 Identity rotated (every 10 requests)
[03:16:54] [21/455] MCTI
[03:16:55] [22/455] PPMF
[03:16:56] [23/455] FNSD
[03:16:57] [24/455] M2RH
[03:16:58] [25/455] CPGV
[03:16:59] [26/455] PECD
[03:17:01] [27/455] CTEE
[03:17:02] [28/455] IOMG
[03:17:03] [29/455] CIJA
[03:17:04] [30/455] NYCG
[03:17:05] 🔄 Identity reset
[03:17:05] 🔄 Identity rotated (every 10 requests)
[03:17:05] 🔄 Retry 1/5 for NYCG in 2.4s
[03:17:05] 🔄 Identity reset
[03:17:07] 🧠 New identity created
[03:17:09] [31/455] CEST
[03:17:09] [32/455] WVRG
[03:17:10] [33/455] DPDC
[03:17:11] [34/455] PDIV
[03:17:12] [35/455] MTPP
[03:17:13] [36/455] MHNU
[03:17:14] [37/455] WUPG
[03:17:15] [38/455] USCO
[03:17:16] [39/455] INFR
[03:17:17] 🔄 Identity reset
[03:17:17] 🔄 Identity rotated (every 10 requests)
[03:17:17] [40/455] PVPD
[03:17:18] [41/455] RONC
[03:17:19] [42/455] IOCP
[03:17:20] [43/455] EMPS
[03:17:21] [44/455] PNAD
[03:17:22] [45/455] VVGZ
[03:17:23] [46/455] MDDC
[03:17:24] [47/455] MMAP
[03:17:25] [48/455] GPDC
[03:17:26] [49/455] PVPU
[03:17:27] 🔄 Identity reset
[03:17:27] 🔄 Identity rotated (every 10 requests)
[03:17:27] [50/455] DCMV
[03:17:29] [51/455] PCCF
[03:17:30] [52/455] MCEF
[03:17:31] [53/455] INRD
[03:17:32] [54/455] CCPZ
[03:17:33] [55/455] BCWG
[03:17:34] [56/455] PMGU
[03:17:35] [57/455] MCVM
[03:17:36] [58/455] MCDE
[03:17:38] [59/455] IEFM
[03:17:38] 🔄 Identity reset
[03:17:38] 🔄 Identity rotated (every 10 requests)
[03:17:39] [60/455] MXCS
[03:17:40] [61/455] RNMT
[03:17:40] [62/455] PSDD
[03:17:41] [63/455] PETA
[03:17:42] [64/455] IZOP
[03:17:43] [65/455] PDEI
[03:17:44] [66/455] MTND
[03:17:46] [67/455] PCPL
[03:17:47] [68/455] LSCM
[03:17:48] [69/455] BTFD
[03:17:48] 🔄 Identity reset
[03:17:48] 🔄 Identity rotated (every 10 requests)
[03:17:49] 🔄 Retry 1/5 for BTFD in 2.1s
[03:17:49] 🔄 Identity reset
[03:17:51] 🧠 New identity created
[03:17:51] [70/455] MERM
[03:17:52] [71/455] PVMS
[03:17:53] [72/455] CIGK
[03:17:54] [73/455] INSG
[03:17:55] [74/455] IDEN
[03:17:56] [75/455] MCGN
[03:17:57] [76/455] IGAM
[03:17:58] [77/455] SLCU
[03:17:59] [78/455] MIMU
[03:17:59] 🔄 Identity reset
[03:17:59] 🔄 Identity rotated (every 10 requests)
[03:18:00] [79/455] QLAC
[03:18:01] [80/455] MENL
[03:18:02] [81/455] SCUR
[03:18:03] [82/455] MDGD
[03:18:04] [83/455] LSRS
[03:18:05] [84/455] KMLG
[03:18:06] [85/455] MKLJ
[03:18:06] [86/455] IBYG
[03:18:07] [87/455] ISML
[03:18:09] [88/455] MJMM
[03:18:10] 🔄 Identity reset
[03:18:10] 🔄 Identity rotated (every 10 requests)
[03:18:10] [89/455] RCGD
[03:18:11] [90/455] MMOC
[03:18:12] [91/455] RRCO
[03:18:14] [92/455] MEDM
[03:18:15] [93/455] MCAZ
[03:18:16] [94/455] STWA
[03:18:18] [95/455] PFFG
[03:18:19] [96/455] GAGC
[03:18:20] [97/455] PMPM
[03:18:21] [98/455] HVCD
[03:18:21] 🔄 Identity reset
[03:18:21] 🔄 Identity rotated (every 10 requests)
[03:18:21] 🔄 Retry 1/5 for HVCD in 3.0s
[03:18:21] 🔄 Identity reset
[03:18:24] 🧠 New identity created
[03:18:26] [99/455] AKRF
[03:18:27] [100/455] AKRC
[03:18:28] [101/455] MIDA
[03:18:29] [102/455] MAGX
[03:18:30] [103/455] ESOS
[03:18:31] [104/455] BBCL
[03:18:32] [105/455] LYAS
[03:18:33] [106/455] NRMS
[03:18:34] [107/455] BHUC
[03:18:34] 🔄 Identity reset
[03:18:34] 🔄 Identity rotated (every 10 requests)
[03:18:35] [108/455] SRIC
[03:18:36] [109/455] PDME
[03:18:37] [110/455] MJCS
[03:18:38] [111/455] NRAA
[03:18:39] [112/455] VATA
[03:18:40] [113/455] MNKC
[03:18:41] [114/455] DHCL
[03:18:42] [115/455] JCPC
[03:18:43] [116/455] CTML
[03:18:44] [117/455] RMMR
[03:18:44] 🔄 Identity reset
[03:18:44] 🔄 Identity rotated (every 10 requests)
[03:18:45] [118/455] STTL
[03:18:45] [119/455] CNPS
[03:18:46] [120/455] ACKL
[03:18:47] [121/455] SCAU
[03:18:49] [122/455] RMIA
[03:18:50] [123/455] MANU
[03:18:51] [124/455] ARDC
[03:18:52] [125/455] GLDA
[03:18:53] [126/455] KVSW
[03:18:54] [127/455] CGCA
[03:18:55] 🔄 Identity reset
[03:18:55] 🔄 Identity rotated (every 10 requests)
[03:18:55] [128/455] CMLO
[03:18:56] [129/455] CECB
[03:18:57] [130/455] RCPN
[03:18:58] [131/455] ASMW
[03:19:00] [132/455] PWLM
[03:19:01] [133/455] ASGM
[03:19:02] [134/455] ACWH
[03:19:03] [135/455] AAPW
[03:19:04] [136/455] RTWA
[03:19:05] [137/455] RAMW
[03:19:05] 🔄 Identity reset
[03:19:06] 🔄 Identity rotated (every 10 requests)
[03:19:06] 🔄 Retry 1/5 for RAMW in 2.0s
[03:19:06] 🔄 Identity reset
[03:19:08] 🧠 New identity created
[03:19:08] 🔄 Retry 2/5 for RAMW in 4.5s
[03:19:08] 🔄 Identity reset
[03:19:12] 🧠 New identity created
[03:19:13] [138/455] VKTR
[03:19:14] [139/455] SMBH
[03:19:16] [140/455] BVDR
[03:19:16] [141/455] MRTP
[03:19:17] [142/455] BLBR
[03:19:18] [143/455] LPIN
[03:19:19] [144/455] SNPC
[03:19:20] [145/455] PDCB
[03:19:21] 🔄 Identity reset
[03:19:21] 🔄 Identity rotated (every 10 requests)
[03:19:22] [146/455] DYPK
[03:19:23] [147/455] INMK
[03:19:23] [148/455] PDCK
[03:19:24] [149/455] PCKR
[03:19:25] [150/455] SHUA
[03:19:26] [151/455] SCVK
[03:19:28] [152/455] STPA
[03:19:29] [153/455] WVHD
[03:19:30] [154/455] MRCH
[03:19:31] [155/455] MCNP
[03:19:31] 🔄 Identity reset
[03:19:31] 🔄 Identity rotated (every 10 requests)
[03:19:32] [156/455] RCAG
[03:19:33] [157/455] JTSN
[03:19:34] [158/455] AANS
[03:19:35] [159/455] GDDR
[03:19:36] [160/455] SRER
[03:19:37] [161/455] JKMA
[03:19:38] [162/455] ARAN
[03:19:39] [163/455] ALCT
[03:19:40] [164/455] CCTA
[03:19:41] [165/455] CNCT
[03:19:42] 🔄 Identity reset
[03:19:42] 🔄 Identity rotated (every 10 requests)
[03:19:42] [166/455] NZBL
[03:19:43] [167/455] SRRA
[03:19:44] [168/455] SVPW
[03:19:45] [169/455] SRTW
[03:19:46] [170/455] XMTD
[03:19:47] [171/455] SCCZ
[03:19:48] [172/455] PBCR
[03:19:49] [173/455] RTSC
[03:19:50] [174/455] TLSV
[03:19:51] [175/455] RMTK
[03:19:52] 🔄 Identity reset
[03:19:52] 🔄 Identity rotated (every 10 requests)
[03:19:52] 🔄 Retry 1/5 for RMTK in 2.4s
[03:19:52] 🔄 Identity reset
[03:19:54] 🧠 New identity created
[03:19:55] [176/455] SRAT
[03:19:56] [177/455] GCYC
[03:19:56] [178/455] HCAJ
[03:19:57] [179/455] LCXA
[03:19:58] [180/455] BINT
[03:19:59] [181/455] IXIM
[03:20:00] [182/455] MBCR
[03:20:01] [183/455] BMCJ
[03:20:02] [184/455] NICJ
[03:20:03] 🔄 Identity reset
[03:20:03] 🔄 Identity rotated (every 10 requests)
[03:20:03] [185/455] SCAJ
[03:20:04] [186/455] CMXS
[03:20:05] [187/455] MMSR
[03:20:06] [188/455] PRKT
[03:20:07] [189/455] LPTH
[03:20:08] [190/455] SARP
[03:20:10] [191/455] MNPP
[03:20:11] [192/455] PRLR
[03:20:12] [193/455] RCMW
[03:20:13] [194/455] FCMG
[03:20:13] 🔄 Identity reset
[03:20:13] 🔄 Identity rotated (every 10 requests)
[03:20:14] [195/455] RTNK
[03:20:15] [196/455] LRCP
[03:20:16] [197/455] DBJR
[03:20:18] [198/455] CACN
[03:20:19] [199/455] AMRL
[03:20:20] [200/455] SBBC
[03:20:22] [201/455] VENN
[03:20:23] [202/455] STSS
[03:20:24] [203/455] SMRB
[03:20:25] [204/455] CCMX
[03:20:26] 🔄 Identity reset
[03:20:26] 🔄 Identity rotated (every 10 requests)
[03:20:26] [205/455] KCMR
[03:20:28] [206/455] SALH
[03:20:29] [207/455] CGTT
[03:20:29] [208/455] PMDR
[03:20:30] [209/455] VCPM
[03:20:31] [210/455] RZMX
[03:20:32] [211/455] TMSY
[03:20:33] [212/455] NTMS
[03:20:34] [213/455] VTAG
[03:20:35] [214/455] REMA
[03:20:36] 🔄 Identity reset
[03:20:36] 🔄 Identity rotated (every 10 requests)
[03:20:36] [215/455] NXCC
[03:20:37] [216/455] SKYM
[03:20:38] [217/455] CCMO
[03:20:40] [218/455] DMXM
[03:20:41] [219/455] SPPM
[03:20:42] [220/455] PTKL
[03:20:44] [221/455] SLVO
[03:20:45] [222/455] VASL
[03:20:46] [223/455] CBCM
[03:20:47] [224/455] STMA
[03:20:48] 🔄 Identity reset
[03:20:48] 🔄 Identity rotated (every 10 requests)
[03:20:48] [225/455] LASK
[03:20:49] [226/455] VITE
[03:20:50] [227/455] AAST
[03:20:52] [228/455] JTPT
[03:20:53] [229/455] RRSH
[03:20:54] [230/455] CINL
[03:20:55] [231/455] MCSR
[03:20:56] [232/455] SBCF
[03:20:58] [233/455] GCDU
[03:20:59] [234/455] PSPR
[03:20:59] 🔄 Identity reset
[03:20:59] 🔄 Identity rotated (every 10 requests)
[03:20:59] 🔄 Retry 1/5 for PSPR in 2.3s
[03:20:59] 🔄 Identity reset
[03:21:02] 🧠 New identity created
[03:21:02] 🔄 Retry 2/5 for PSPR in 4.8s
[03:21:02] 🔄 Identity reset
[03:21:07] 🧠 New identity created
[03:21:07] [235/455] IMMO
[03:21:09] [236/455] CLGM
[03:21:10] [237/455] PBMM
[03:21:11] [238/455] CEHR
[03:21:11] [239/455] CPOE
[03:21:13] [240/455] PGFD
[03:21:14] [241/455] PSLC
[03:21:15] [242/455] MSMD
[03:21:15] 🔄 Identity reset
[03:21:15] 🔄 Identity rotated (every 10 requests)
[03:21:17] [243/455] FMFB
[03:21:18] [244/455] RKCL
[03:21:18] [245/455] PMMC
[03:21:19] [246/455] SKMM
[03:21:21] [247/455] VOIB
[03:21:22] [248/455] KINO
[03:21:23] [249/455] VCTP
[03:21:24] [250/455] PDWR
[03:21:26] [251/455] SAED
[03:21:26] [252/455] SRRT
[03:21:27] 🔄 Identity reset
[03:21:27] 🔄 Identity rotated (every 10 requests)
[03:21:27] [253/455] CVLG
[03:21:29] [254/455] SNGN
[03:21:30] [255/455] SIDA
[03:21:31] [256/455] IMCB
[03:21:32] [257/455] SMHP
[03:21:33] [258/455] GDTY
[03:21:34] [259/455] VYCH
[03:21:35] [260/455] PDYA
[03:21:36] [261/455] RKDO
[03:21:37] [262/455] VECG
[03:21:37] 🔄 Identity reset
[03:21:38] 🔄 Identity rotated (every 10 requests)
[03:21:38] [263/455] NFGD
[03:21:39] [264/455] SNDC
[03:21:41] [265/455] SDJH
[03:21:42] [266/455] HASV
[03:21:43] [267/455] PTYK
[03:21:44] [268/455] MUTB
[03:21:45] [269/455] AMRT
[03:21:47] [270/455] VACD
[03:21:48] [271/455] SKDD
[03:21:50] [272/455] STGR
[03:21:50] 🔄 Identity reset
[03:21:50] 🔄 Identity rotated (every 10 requests)
[03:21:51] [273/455] GDAK
[03:21:52] [274/455] SKHK
[03:21:53] [275/455] SLND
[03:21:54] [276/455] APAP
[03:21:55] [277/455] AYYA
[03:21:56] [278/455] VCCZ
[03:21:57] [279/455] MEML
[03:21:58] [280/455] MAOU
[03:22:00] [281/455] ESND
[03:22:02] [282/455] PTBZ
[03:22:02] 🔄 Identity reset
[03:22:02] 🔄 Identity rotated (every 10 requests)
[03:22:03] [283/455] LBCN
[03:22:04] [284/455] PAWA
[03:22:05] [285/455] ZEIC
[03:22:06] [286/455] CGMM
[03:22:07] [287/455] PJPM
[03:22:09] [288/455] ECMR
[03:22:09] [289/455] SHMZ
[03:22:10] [290/455] STCA
[03:22:11] [291/455] VDRC
[03:22:13] [292/455] SEEM
[03:22:14] 🔄 Identity reset
[03:22:14] 🔄 Identity rotated (every 10 requests)
[03:22:15] [293/455] MKNS
[03:22:16] [294/455] KPPP
[03:22:17] [295/455] CCML
[03:22:18] [296/455] CIBA
[03:22:19] [297/455] NACS
[03:22:20] [298/455] CTMK
[03:22:20] [299/455] CTCT
[03:22:22] [300/455] MCSN
[03:22:23] [301/455] MAXX
[03:22:24] [302/455] MECB
[03:22:25] 🔄 Identity reset
[03:22:25] 🔄 Identity rotated (every 10 requests)
[03:22:25] [303/455] NTBY
[03:22:26] [304/455] UTBI
[03:22:27] [305/455] RADK
[03:22:28] [306/455] STBY
[03:22:29] [307/455] GTBY
[03:22:30] [308/455] RRMB
[03:22:30] [309/455] ABRN
[03:22:31] [310/455] GTSG
[03:22:32] [311/455] GBTG
[03:22:33] [312/455] SBGS
[03:22:34] 🔄 Identity reset
[03:22:34] 🔄 Identity rotated (every 10 requests)
[03:22:34] [313/455] KBPM
[03:22:35] [314/455] SMHT
[03:22:36] [315/455] VTDM
[03:22:38] [316/455] ASCT
[03:22:39] [317/455] AWCT
[03:22:41] [318/455] DCCU
[03:22:42] [319/455] PSCE
[03:22:43] [320/455] KSNY
[03:22:44] [321/455] ACID
[03:22:46] [322/455] LVCD
[03:22:46] 🔄 Identity reset
[03:22:46] 🔄 Identity rotated (every 10 requests)
[03:22:47] [323/455] KSSB
[03:22:48] [324/455] SWTD
[03:22:49] [325/455] RBMR
[03:22:51] [326/455] SCBC
[03:22:52] [327/455] RKME
[03:22:53] [328/455] GALX
[03:22:54] [329/455] GCCH
[03:22:55] [330/455] RATR
[03:22:56] [331/455] GTGA
[03:22:58] [332/455] LTTR
[03:22:58] 🔄 Identity reset
[03:22:58] 🔄 Identity rotated (every 10 requests)
[03:22:58] [333/455] TTAA
[03:23:00] [334/455] TVHP
[03:23:01] [335/455] KVCS
[03:23:01] [336/455] CBMC
[03:23:02] [337/455] MAYJ
[03:23:03] [338/455] INPR
[03:23:04] [339/455] RSSC
[03:23:05] [340/455] PCAN
[03:23:06] [341/455] PVHR
[03:23:07] [342/455] AGSM
[03:23:08] 🔄 Identity reset
[03:23:08] 🔄 Identity rotated (every 10 requests)
[03:23:08] [343/455] PVES
[03:23:09] [344/455] INTO
[03:23:10] [345/455] ACON
[03:23:11] [346/455] PVPZ
[03:23:12] [347/455] PVHC
[03:23:13] [348/455] KSTK
[03:23:14] [349/455] PVSR
[03:23:16] [350/455] ACTN
[03:23:17] [351/455] FMCN
[03:23:18] [352/455] PABC
[03:23:18] 🔄 Identity reset
[03:23:18] 🔄 Identity rotated (every 10 requests)
[03:23:19] [353/455] SUTC
[03:23:21] [354/455] PGMV
[03:23:22] [355/455] GKCP
[03:23:23] [356/455] INCH
[03:23:24] [357/455] MLMT
[03:23:25] [358/455] SSCC
[03:23:27] [359/455] SLMP
[03:23:27] [360/455] VVTN
[03:23:29] [361/455] SBTR
[03:23:30] [362/455] PGRA
[03:23:31] 🔄 Identity reset
[03:23:31] 🔄 Identity rotated (every 10 requests)
[03:23:33] [363/455] PBRM
[03:23:34] [364/455] GCRP
[03:23:36] [365/455] MCSK
[03:23:37] [366/455] NLTC
[03:23:38] [367/455] MTLM
[03:23:40] [368/455] VECT
[03:23:41] [369/455] KMRM
[03:23:42] [370/455] RACM
[03:23:43] [371/455] WSTC
[03:23:44] [372/455] PVTJ
[03:23:45] 🔄 Identity reset
[03:23:45] 🔄 Identity rotated (every 10 requests)
[03:23:46] [373/455] MMKC
[03:23:48] [374/455] SVWT
[03:23:49] [375/455] JOTG
[03:23:51] [376/455] VCDK
[03:23:52] [377/455] ANAC
[03:23:53] [378/455] GRTC
[03:23:53] [379/455] JTPL
[03:23:54] [380/455] VRCP
[03:23:56] [381/455] REMC
[03:23:57] [382/455] ATMG
[03:23:57] 🔄 Identity reset
[03:23:57] 🔄 Identity rotated (every 10 requests)
[03:23:58] [383/455] GAHC
[03:23:59] [384/455] JTMV
[03:24:00] [385/455] OMTT
[03:24:01] [386/455] GKKC
[03:24:02] [387/455] BBPO
[03:24:03] [388/455] ZCBB
[03:24:03] [389/455] DCGO
[03:24:04] [390/455] STOP
[03:24:05] [391/455] BSPC
[03:24:06] [392/455] SOND
[03:24:07] 🔄 Identity reset
[03:24:07] 🔄 Identity rotated (every 10 requests)
[03:24:07] [393/455] GCKG
[03:24:09] [394/455] PCDB
[03:24:10] [395/455] PGRC
[03:24:11] [396/455] CSCT
[03:24:12] [397/455] STDA
[03:24:13] [398/455] JAYD
[03:24:14] [399/455] PPPD
[03:24:15] [400/455] KRTT
[03:24:16] [401/455] PTDT
[03:24:17] [402/455] TRSV
[03:24:18] 🔄 Identity reset
[03:24:18] 🔄 Identity rotated (every 10 requests)
[03:24:18] [403/455] VELR
[03:24:19] [404/455] STDT
[03:24:20] [405/455] SATT
[03:24:21] [406/455] KCPM
[03:24:22] [407/455] MFCP
[03:24:23] [408/455] AXMP
[03:24:24] [409/455] LTVB
[03:24:25] [410/455] APST
[03:24:26] [411/455] DTVP
[03:24:27] [412/455] AAVB
[03:24:28] 🔄 Identity reset
[03:24:28] 🔄 Identity rotated (every 10 requests)
[03:24:28] [413/455] PMBL
[03:24:29] [414/455] STKC
[03:24:30] [415/455] KKMA
[03:24:31] [416/455] NMXS
[03:24:33] [417/455] DECX
[03:24:34] [418/455] MAPJ
[03:24:35] [419/455] SMLK
[03:24:37] [420/455] PMPU
[03:24:38] [421/455] AFST
[03:24:39] [422/455] SRSY
[03:24:39] 🔄 Identity reset
[03:24:39] 🔄 Identity rotated (every 10 requests)
[03:24:40] [423/455] RMKT
[03:24:41] [424/455] RAJX
[03:24:43] [425/455] UVCD
[03:24:44] [426/455] LISA
[03:24:45] [427/455] LMSR
[03:24:46] [428/455] PMCA
[03:24:47] [429/455] INPO
[03:24:48] [430/455] INGO
[03:24:49] [431/455] HFSQ
[03:24:51] [432/455] INMG
[03:24:51] 🔄 Identity reset
[03:24:51] 🔄 Identity rotated (every 10 requests)
[03:24:52] [433/455] NYCP
[03:24:53] [434/455] HFSV
[03:24:54] [435/455] MMZP
[03:24:55] [436/455] KSES
[03:24:57] [437/455] HFSA
[03:24:58] [438/455] ACMM
[03:24:59] [439/455] RCKD
[03:25:00] [440/455] BCKR
[03:25:02] [441/455] SFCO
[03:25:03] [442/455] JCCB
[03:25:04] 🔄 Identity reset
[03:25:04] 🔄 Identity rotated (every 10 requests)
[03:25:04] [443/455] BCCR
[03:25:06] [444/455] NWCB
[03:25:07] [445/455] SAMT
[03:25:08] [446/455] TMST
[03:25:09] [447/455] SJCN
[03:25:10] [448/455] MCBS
[03:25:11] [449/455] CMKR
[03:25:12] [450/455] INPM
[03:25:13] [451/455] WVMT
[03:25:14] [452/455] NYSM
[03:25:14] 🔄 Identity reset
[03:25:14] 🔄 Identity rotated (every 10 requests)
[03:25:15] [453/455] RCMA
[03:25:16] [454/455] RECM
[03:25:17] [455/455] CYCM
[03:25:18] ✅ DONE | Shows=1 | Movies=1
[04:17:19] 🚀 BMS DAILY TRACKER STARTED (enhanced anti‑detection)
[04:17:19] [1/455] MXGN
[04:17:19] 🧠 New identity created
[04:17:20] [2/455] PGGM
[04:17:21] [3/455] IPMJ
[04:17:22] [4/455] M2PP
[04:17:23] [5/455] PMMS
[04:17:23] [6/455] SCJN
[04:17:25] [7/455] CPUM
[04:17:27] [8/455] SCND
[04:17:28] [9/455] INWM
[04:17:29] [10/455] DVDC
[04:17:30] 🔄 Identity reset
[04:17:30] 🔄 Identity rotated (every 10 requests)
[04:17:30] 🔄 Retry 1/5 for DVDC in 2.1s
[04:17:30] 🔄 Identity reset
[04:17:32] 🧠 New identity created
[04:17:33] [11/455] WVND
[04:17:34] [12/455] LBDL
[04:17:36] [13/455] CRGM
[04:17:37] [14/455] PVKS
[04:17:37] [15/455] PBLL
[04:17:39] [16/455] FNLN
[04:17:40] [17/455] PPDA
[04:17:42] [18/455] SCPT
[04:17:43] [19/455] IAJS
[04:17:44] 🔄 Identity reset
[04:17:44] 🔄 Identity rotated (every 10 requests)
[04:17:44] [20/455] MMZG
[04:17:45] [21/455] MCTI
[04:17:46] [22/455] PPMF
[04:17:48] [23/455] FNSD
[04:17:49] [24/455] M2RH
[04:17:50] [25/455] CPGV
[04:17:51] [26/455] PECD
[04:17:52] [27/455] CTEE
[04:17:54] [28/455] IOMG
[04:17:56] [29/455] CIJA
[04:17:56] 🔄 Identity reset
[04:17:56] 🔄 Identity rotated (every 10 requests)
[04:17:57] [30/455] NYCG
[04:17:58] [31/455] CEST
[04:17:59] [32/455] WVRG
[04:18:00] [33/455] DPDC
[04:18:01] [34/455] PDIV
[04:18:03] [35/455] MTPP
[04:18:03] [36/455] MHNU
[04:18:04] [37/455] WUPG
[04:18:06] [38/455] USCO
[04:18:07] [39/455] INFR
[04:18:08] 🔄 Identity reset
[04:18:08] 🔄 Identity rotated (every 10 requests)
[04:18:09] [40/455] PVPD
[04:18:10] [41/455] RONC
[04:18:11] [42/455] IOCP
[04:18:12] [43/455] EMPS
[04:18:13] [44/455] PNAD
[04:18:14] [45/455] VVGZ
[04:18:16] [46/455] MDDC
[04:18:17] [47/455] MMAP
[04:18:19] [48/455] GPDC
[04:18:20] [49/455] PVPU
[04:18:21] 🔄 Identity reset
[04:18:21] 🔄 Identity rotated (every 10 requests)
[04:18:22] [50/455] DCMV
[04:18:23] [51/455] PCCF
[04:18:24] [52/455] MCEF
[04:18:25] [53/455] INRD
[04:18:26] [54/455] CCPZ
[04:18:27] [55/455] BCWG
[04:18:28] [56/455] PMGU
[04:18:30] [57/455] MCVM
[04:18:31] [58/455] MCDE
[04:18:33] [59/455] IEFM
[04:18:33] 🔄 Identity reset
[04:18:33] 🔄 Identity rotated (every 10 requests)
[04:18:34] [60/455] MXCS
[04:18:34] [61/455] RNMT
[04:18:36] [62/455] PSDD
[04:18:37] [63/455] PETA
[04:18:38] [64/455] IZOP
[04:18:39] [65/455] PDEI
[04:18:40] [66/455] MTND
[04:18:41] [67/455] PCPL
[04:18:42] [68/455] LSCM
[04:18:43] [69/455] BTFD
[04:18:44] 🔄 Identity reset
[04:18:44] 🔄 Identity rotated (every 10 requests)
[04:18:44] [70/455] MERM
[04:18:45] [71/455] PVMS
[04:18:46] [72/455] CIGK
[04:18:47] [73/455] INSG
[04:18:47] [74/455] IDEN
[04:18:49] [75/455] MCGN
[04:18:51] [76/455] IGAM
[04:18:52] [77/455] SLCU
[04:18:53] [78/455] MIMU
[04:18:54] [79/455] QLAC
[04:18:55] 🔄 Identity reset
[04:18:55] 🔄 Identity rotated (every 10 requests)
[04:18:55] [80/455] MENL
[04:18:56] [81/455] SCUR
[04:18:57] [82/455] MDGD
[04:18:58] [83/455] LSRS
[04:18:59] [84/455] KMLG
[04:19:00] [85/455] MKLJ
[04:19:00] [86/455] IBYG
[04:19:01] [87/455] ISML
[04:19:03] [88/455] MJMM
[04:19:04] [89/455] RCGD
[04:19:05] 🔄 Identity reset
[04:19:05] 🔄 Identity rotated (every 10 requests)
[04:19:05] [90/455] MMOC
[04:19:06] [91/455] RRCO
[04:19:07] [92/455] MEDM
[04:19:08] [93/455] MCAZ
[04:19:09] [94/455] STWA
[04:19:11] [95/455] PFFG
[04:19:11] [96/455] GAGC
[04:19:13] [97/455] PMPM
[04:19:15] [98/455] HVCD
[04:19:17] [99/455] AKRF
[04:19:17] 🔄 Identity reset
[04:19:17] 🔄 Identity rotated (every 10 requests)
[04:19:18] [100/455] AKRC
[04:19:18] [101/455] MIDA
[04:19:19] [102/455] MAGX
[04:19:20] [103/455] ESOS
[04:19:21] [104/455] BBCL
[04:19:22] [105/455] LYAS
[04:19:23] [106/455] NRMS
[04:19:24] [107/455] BHUC
[04:19:25] [108/455] SRIC
[04:19:26] [109/455] PDME
[04:19:27] 🔄 Identity reset
[04:19:27] 🔄 Identity rotated (every 10 requests)
[04:19:27] 🔄 Retry 1/5 for PDME in 2.9s
[04:19:27] 🔄 Identity reset
[04:19:30] 🧠 New identity created
[04:19:30] [110/455] MJCS
[04:19:31] [111/455] NRAA
[04:19:32] [112/455] VATA
[04:19:33] [113/455] MNKC
[04:19:34] [114/455] DHCL
[04:19:35] [115/455] JCPC
[04:19:37] [116/455] CTML
[04:19:38] [117/455] RMMR
[04:19:39] [118/455] STTL
[04:19:40] 🔄 Identity reset
[04:19:40] 🔄 Identity rotated (every 10 requests)
[04:19:40] [119/455] CNPS
[04:19:42] [120/455] ACKL
[04:19:43] [121/455] SCAU
[04:19:45] [122/455] RMIA
[04:19:46] [123/455] MANU
[04:19:47] [124/455] ARDC
[04:19:48] [125/455] GLDA
[04:19:49] [126/455] KVSW
[04:19:50] [127/455] CGCA
[04:19:51] [128/455] CMLO
[04:19:52] 🔄 Identity reset
[04:19:52] 🔄 Identity rotated (every 10 requests)
[04:19:53] [129/455] CECB
[04:19:54] [130/455] RCPN
[04:19:54] [131/455] ASMW
[04:19:55] [132/455] PWLM
[04:19:56] [133/455] ASGM
[04:19:58] [134/455] ACWH
[04:19:59] [135/455] AAPW
[04:20:00] [136/455] RTWA
[04:20:01] [137/455] RAMW
[04:20:02] [138/455] VKTR
[04:20:03] 🔄 Identity reset
[04:20:03] 🔄 Identity rotated (every 10 requests)
[04:20:04] [139/455] SMBH
[04:20:05] [140/455] BVDR
[04:20:05] [141/455] MRTP
[04:20:06] [142/455] BLBR
[04:20:08] [143/455] LPIN
[04:20:09] [144/455] SNPC
[04:20:10] [145/455] PDCB
[04:20:12] [146/455] DYPK
[04:20:13] [147/455] INMK
[04:20:13] [148/455] PDCK
[04:20:14] 🔄 Identity reset
[04:20:14] 🔄 Identity rotated (every 10 requests)
[04:20:14] 🔄 Retry 1/5 for PDCK in 2.3s
[04:20:14] 🔄 Identity reset
[04:20:16] 🧠 New identity created
[04:20:17] [149/455] PCKR
[04:20:19] [150/455] SHUA
[04:20:20] [151/455] SCVK
[04:20:21] [152/455] STPA
[04:20:22] [153/455] WVHD
[04:20:23] [154/455] MRCH
[04:20:24] [155/455] MCNP
[04:20:25] [156/455] RCAG
[04:20:26] [157/455] JTSN
[04:20:27] 🔄 Identity reset
[04:20:27] 🔄 Identity rotated (every 10 requests)
[04:20:27] [158/455] AANS
[04:20:28] [159/455] GDDR
[04:20:29] [160/455] SRER
[04:20:30] [161/455] JKMA
[04:20:31] [162/455] ARAN
[04:20:31] [163/455] ALCT
[04:20:32] [164/455] CCTA
[04:20:33] [165/455] CNCT
[04:20:34] [166/455] NZBL
[04:20:35] [167/455] SRRA
[04:20:36] 🔄 Identity reset
[04:20:36] 🔄 Identity rotated (every 10 requests)
[04:20:36] [168/455] SVPW
[04:20:37] [169/455] SRTW
[04:20:38] [170/455] XMTD
[04:20:39] [171/455] SCCZ
[04:20:40] [172/455] PBCR
[04:20:41] [173/455] RTSC
[04:20:42] [174/455] TLSV
[04:20:43] [175/455] RMTK
[04:20:43] [176/455] SRAT
[04:20:44] [177/455] GCYC
[04:20:45] 🔄 Identity reset
[04:20:45] 🔄 Identity rotated (every 10 requests)
[04:20:45] [178/455] HCAJ
[04:20:47] [179/455] LCXA
[04:20:48] [180/455] BINT
[04:20:49] [181/455] IXIM
[04:20:51] [182/455] MBCR
[04:20:52] [183/455] BMCJ
[04:20:53] [184/455] NICJ
[04:20:54] [185/455] SCAJ
[04:20:55] [186/455] CMXS
[04:20:56] [187/455] MMSR
[04:20:57] 🔄 Identity reset
[04:20:57] 🔄 Identity rotated (every 10 requests)
[04:20:57] 🔄 Retry 1/5 for MMSR in 2.2s
[04:20:57] 🔄 Identity reset
[04:20:59] 🧠 New identity created
[04:20:59] [188/455] PRKT
[04:21:00] [189/455] LPTH
[04:21:01] [190/455] SARP
[04:21:02] [191/455] MNPP
[04:21:03] [192/455] PRLR
[04:21:04] [193/455] RCMW
[04:21:05] [194/455] FCMG
[04:21:06] [195/455] RTNK
[04:21:06] [196/455] LRCP
[04:21:07] 🔄 Identity reset
[04:21:07] 🔄 Identity rotated (every 10 requests)
[04:21:07] [197/455] DBJR
[04:21:09] [198/455] CACN
[04:21:11] [199/455] AMRL
[04:21:11] [200/455] SBBC
[04:21:13] [201/455] VENN
[04:21:14] [202/455] STSS
[04:21:15] [203/455] SMRB
[04:21:16] [204/455] CCMX
[04:21:17] [205/455] KCMR
[04:21:18] [206/455] SALH
[04:21:19] 🔄 Identity reset
[04:21:19] 🔄 Identity rotated (every 10 requests)
[04:21:19] [207/455] CGTT
[04:21:21] [208/455] PMDR
[04:21:22] [209/455] VCPM
[04:21:22] [210/455] RZMX
[04:21:23] [211/455] TMSY
[04:21:25] [212/455] NTMS
[04:21:27] [213/455] VTAG
[04:21:27] [214/455] REMA
[04:21:28] [215/455] NXCC
[04:21:30] [216/455] SKYM
[04:21:30] 🔄 Identity reset
[04:21:30] 🔄 Identity rotated (every 10 requests)
[04:21:31] [217/455] CCMO
[04:21:32] [218/455] DMXM
[04:21:33] [219/455] SPPM
[04:21:34] [220/455] PTKL
[04:21:34] [221/455] SLVO
[04:21:35] [222/455] VASL
[04:21:36] [223/455] CBCM
[04:21:37] [224/455] STMA
[04:21:39] [225/455] LASK
[04:21:40] [226/455] VITE
[04:21:40] 🔄 Identity reset
[04:21:40] 🔄 Identity rotated (every 10 requests)
[04:21:41] [227/455] AAST
[04:21:42] [228/455] JTPT
[04:21:43] [229/455] RRSH
[04:21:44] [230/455] CINL
[04:21:44] [231/455] MCSR
[04:21:45] [232/455] SBCF
[04:21:46] [233/455] GCDU
[04:21:47] [234/455] PSPR
[04:21:48] [235/455] IMMO
[04:21:49] [236/455] CLGM
[04:21:50] 🔄 Identity reset
[04:21:50] 🔄 Identity rotated (every 10 requests)
[04:21:51] [237/455] PBMM
[04:21:52] [238/455] CEHR
[04:21:52] [239/455] CPOE
[04:21:53] [240/455] PGFD
[04:21:54] [241/455] PSLC
[04:21:55] [242/455] MSMD
[04:21:56] [243/455] FMFB
[04:21:57] [244/455] RKCL
[04:21:58] [245/455] PMMC
[04:21:59] [246/455] SKMM
[04:22:00] 🔄 Identity reset
[04:22:00] 🔄 Identity rotated (every 10 requests)
[04:22:00] [247/455] VOIB
[04:22:01] [248/455] KINO
[04:22:02] [249/455] VCTP
[04:22:03] [250/455] PDWR
[04:22:03] [251/455] SAED
[04:22:04] [252/455] SRRT
[04:22:05] [253/455] CVLG
[04:22:06] [254/455] SNGN
[04:22:08] [255/455] SIDA
[04:22:09] [256/455] IMCB
[04:22:10] 🔄 Identity reset
[04:22:10] 🔄 Identity rotated (every 10 requests)
[04:22:10] [257/455] SMHP
[04:22:11] [258/455] GDTY
[04:22:12] [259/455] VYCH
[04:22:14] [260/455] PDYA
[04:22:15] [261/455] RKDO
[04:22:16] [262/455] VECG
[04:22:18] [263/455] NFGD
[04:22:19] [264/455] SNDC
[04:22:20] [265/455] SDJH
[04:22:21] [266/455] HASV
[04:22:21] 🔄 Identity reset
[04:22:21] 🔄 Identity rotated (every 10 requests)
[04:22:22] [267/455] PTYK
[04:22:23] [268/455] MUTB
[04:22:24] [269/455] AMRT
[04:22:25] [270/455] VACD
[04:22:26] [271/455] SKDD
[04:22:28] [272/455] STGR
[04:22:28] [273/455] GDAK
[04:22:30] [274/455] SKHK
[04:22:31] [275/455] SLND
[04:22:32] [276/455] APAP
[04:22:33] 🔄 Identity reset
[04:22:33] 🔄 Identity rotated (every 10 requests)
[04:22:33] 🔄 Retry 1/5 for APAP in 2.1s
[04:22:33] 🔄 Identity reset
[04:22:35] 🧠 New identity created
[04:22:35] [277/455] AYYA
[04:22:37] [278/455] VCCZ
[04:22:38] [279/455] MEML
[04:22:39] [280/455] MAOU
[04:22:40] [281/455] ESND
[04:22:41] [282/455] PTBZ
[04:22:42] [283/455] LBCN
[04:22:44] [284/455] PAWA
[04:22:45] [285/455] ZEIC
[04:22:45] 🔄 Identity reset
[04:22:45] 🔄 Identity rotated (every 10 requests)
[04:22:46] [286/455] CGMM
[04:22:47] [287/455] PJPM
[04:22:49] [288/455] ECMR
[04:22:50] [289/455] SHMZ
[04:22:51] [290/455] STCA
[04:22:51] [291/455] VDRC
[04:22:52] [292/455] SEEM
[04:22:54] [293/455] MKNS
[04:22:55] [294/455] KPPP
[04:22:55] [295/455] CCML
[04:22:56] 🔄 Identity reset
[04:22:56] 🔄 Identity rotated (every 10 requests)
[04:22:56] [296/455] CIBA
[04:22:58] [297/455] NACS
[04:22:59] [298/455] CTMK
[04:23:00] [299/455] CTCT
[04:23:01] [300/455] MCSN
[04:23:02] [301/455] MAXX
[04:23:03] [302/455] MECB
[04:23:04] [303/455] NTBY
[04:23:06] [304/455] UTBI
[04:23:07] [305/455] RADK
[04:23:08] 🔄 Identity reset
[04:23:08] 🔄 Identity rotated (every 10 requests)
[04:23:09] [306/455] STBY
[04:23:10] [307/455] GTBY
[04:23:12] [308/455] RRMB
[04:23:13] [309/455] ABRN
[04:23:14] [310/455] GTSG
[04:23:15] [311/455] GBTG
[04:23:17] [312/455] SBGS
[04:23:18] [313/455] KBPM
[04:23:18] [314/455] SMHT
[04:23:20] [315/455] VTDM
[04:23:20] 🔄 Identity reset
[04:23:20] 🔄 Identity rotated (every 10 requests)
[04:23:21] [316/455] ASCT
[04:23:22] [317/455] AWCT
[04:23:23] [318/455] DCCU
[04:23:23] [319/455] PSCE
[04:23:24] [320/455] KSNY
[04:23:26] [321/455] ACID
[04:23:27] [322/455] LVCD
[04:23:27] [323/455] KSSB
[04:23:29] [324/455] SWTD
[04:23:31] [325/455] RBMR
[04:23:31] 🔄 Identity reset
[04:23:31] 🔄 Identity rotated (every 10 requests)
[04:23:32] [326/455] SCBC
[04:23:33] [327/455] RKME
[04:23:35] [328/455] GALX
[04:23:36] [329/455] GCCH
[04:23:38] [330/455] RATR
[04:23:40] [331/455] GTGA
[04:23:40] [332/455] LTTR
[04:23:42] [333/455] TTAA
[04:23:43] [334/455] TVHP
[04:23:44] [335/455] KVCS
[04:23:44] 🔄 Identity reset
[04:23:44] 🔄 Identity rotated (every 10 requests)
[04:23:45] [336/455] CBMC
[04:23:47] [337/455] MAYJ
[04:23:49] [338/455] INPR
[04:23:50] [339/455] RSSC
[04:23:50] [340/455] PCAN
[04:23:51] [341/455] PVHR
[04:23:52] [342/455] AGSM
[04:23:53] [343/455] PVES
[04:23:54] [344/455] INTO
[04:23:55] [345/455] ACON
[04:23:56] 🔄 Identity reset
[04:23:56] 🔄 Identity rotated (every 10 requests)
[04:23:56] [346/455] PVPZ
[04:23:57] [347/455] PVHC
[04:23:58] [348/455] KSTK
[04:23:59] [349/455] PVSR
[04:24:00] [350/455] ACTN
[04:24:01] [351/455] FMCN
[04:24:03] [352/455] PABC
[04:24:04] [353/455] SUTC
[04:24:05] [354/455] PGMV
[04:24:07] [355/455] GKCP
[04:24:08] 🔄 Identity reset
[04:24:08] 🔄 Identity rotated (every 10 requests)
[04:24:08] [356/455] INCH
[04:24:09] [357/455] MLMT
[04:24:10] [358/455] SSCC
[04:24:12] [359/455] SLMP
[04:24:13] [360/455] VVTN
[04:24:14] [361/455] SBTR
[04:24:15] [362/455] PGRA
[04:24:16] [363/455] PBRM
[04:24:17] [364/455] GCRP
[04:24:19] [365/455] MCSK
[04:24:19] 🔄 Identity reset
[04:24:19] 🔄 Identity rotated (every 10 requests)
[04:24:19] [366/455] NLTC
[04:24:20] [367/455] MTLM
[04:24:22] [368/455] VECT
[04:24:23] [369/455] KMRM
[04:24:24] [370/455] RACM
[04:24:25] [371/455] WSTC
[04:24:26] [372/455] PVTJ
[04:24:27] [373/455] MMKC
[04:24:28] [374/455] SVWT
[04:24:29] [375/455] JOTG
[04:24:30] 🔄 Identity reset
[04:24:30] 🔄 Identity rotated (every 10 requests)
[04:24:30] [376/455] VCDK
[04:24:31] [377/455] ANAC
[04:24:32] [378/455] GRTC
[04:24:33] [379/455] JTPL
[04:24:34] [380/455] VRCP
[04:24:35] [381/455] REMC
[04:24:36] [382/455] ATMG
[04:24:38] [383/455] GAHC
[04:24:39] [384/455] JTMV
[04:24:40] [385/455] OMTT
[04:24:40] 🔄 Identity reset
[04:24:41] 🔄 Identity rotated (every 10 requests)
[04:24:41] [386/455] GKKC
[04:24:42] [387/455] BBPO
[04:24:43] [388/455] ZCBB
[04:24:44] [389/455] DCGO
[04:24:45] [390/455] STOP
[04:24:46] [391/455] BSPC
[04:24:47] [392/455] SOND
[04:24:48] [393/455] GCKG
[04:24:49] [394/455] PCDB
[04:24:50] [395/455] PGRC
[04:24:51] 🔄 Identity reset
[04:24:51] 🔄 Identity rotated (every 10 requests)
[04:24:51] [396/455] CSCT
[04:24:52] [397/455] STDA
[04:24:53] [398/455] JAYD
[04:24:54] [399/455] PPPD
[04:24:55] [400/455] KRTT
[04:24:55] [401/455] PTDT
[04:24:56] [402/455] TRSV
[04:24:57] [403/455] VELR
[04:24:58] [404/455] STDT
[04:24:59] [405/455] SATT
[04:24:59] 🔄 Identity reset
[04:24:59] 🔄 Identity rotated (every 10 requests)
[04:25:00] [406/455] KCPM
[04:25:01] [407/455] MFCP
[04:25:02] [408/455] AXMP
[04:25:03] [409/455] LTVB
[04:25:04] [410/455] APST
[04:25:05] [411/455] DTVP
[04:25:06] [412/455] AAVB
[04:25:06] [413/455] PMBL
[04:25:08] [414/455] STKC
[04:25:10] [415/455] KKMA
[04:25:10] 🔄 Identity reset
[04:25:10] 🔄 Identity rotated (every 10 requests)
[04:25:10] [416/455] NMXS
[04:25:11] [417/455] DECX
[04:25:12] [418/455] MAPJ
[04:25:13] [419/455] SMLK
[04:25:14] [420/455] PMPU
[04:25:15] [421/455] AFST
[04:25:16] [422/455] SRSY
[04:25:17] [423/455] RMKT
[04:25:17] [424/455] RAJX
[04:25:18] [425/455] UVCD
[04:25:19] 🔄 Identity reset
[04:25:19] 🔄 Identity rotated (every 10 requests)
[04:25:20] [426/455] LISA
[04:25:21] [427/455] LMSR
[04:25:22] [428/455] PMCA
[04:25:24] [429/455] INPO
[04:25:25] [430/455] INGO
[04:25:26] [431/455] HFSQ
[04:25:27] [432/455] INMG
[04:25:28] [433/455] NYCP
[04:25:29] [434/455] HFSV
[04:25:30] [435/455] MMZP
[04:25:30] 🔄 Identity reset
[04:25:30] 🔄 Identity rotated (every 10 requests)
[04:25:30] 🔄 Retry 1/5 for MMZP in 2.3s
[04:25:30] 🔄 Identity reset
[04:25:33] 🧠 New identity created
[04:25:33] [436/455] KSES
[04:25:34] [437/455] HFSA
[04:25:36] [438/455] ACMM
[04:25:37] [439/455] RCKD
[04:25:39] [440/455] BCKR
[04:25:40] [441/455] SFCO
[04:25:41] [442/455] JCCB
[04:25:42] [443/455] BCCR
[04:25:43] [444/455] NWCB
[04:25:44] 🔄 Identity reset
[04:25:44] 🔄 Identity rotated (every 10 requests)
[04:25:45] [445/455] SAMT
[04:25:46] [446/455] TMST
[04:25:47] [447/455] SJCN
[04:25:48] [448/455] MCBS
[04:25:49] [449/455] CMKR
[04:25:50] [450/455] INPM
[04:25:51] [451/455] WVMT
[04:25:53] [452/455] NYSM
[04:25:54] [453/455] RCMA
[04:25:55] [454/455] RECM
[04:25:56] 🔄 Identity reset
[04:25:56] 🔄 Identity rotated (every 10 requests)
[04:25:56] [455/455] CYCM
[04:25:57] ✅ DONE | Shows=5 | Movies=2
[05:14:00] 🚀 BMS DAILY TRACKER STARTED (enhanced anti‑detection)
[05:14:00] [1/455] MXGN
[05:14:01] 🧠 New identity created
[05:14:01] [2/455] PGGM
[05:14:02] [3/455] IPMJ
[05:14:02] [4/455] M2PP
[05:14:03] [5/455] PMMS
[05:14:03] [6/455] SCJN
[05:14:04] [7/455] CPUM
[05:14:05] [8/455] SCND
[05:14:06] [9/455] INWM
[05:14:07] [10/455] DVDC
[05:14:08] 🔄 Identity reset
[05:14:08] 🔄 Identity rotated (every 10 requests)
[05:14:08] [11/455] WVND
[05:14:08] [12/455] LBDL
[05:14:09] [13/455] CRGM
[05:14:10] [14/455] PVKS
[05:14:12] [15/455] PBLL
[05:14:13] [16/455] FNLN
[05:14:14] [17/455] PPDA
[05:14:15] [18/455] SCPT
[05:14:15] [19/455] IAJS
[05:14:16] [20/455] MMZG
[05:14:17] 🔄 Identity reset
[05:14:17] 🔄 Identity rotated (every 10 requests)
[05:14:17] [21/455] MCTI
[05:14:18] [22/455] PPMF
[05:14:18] [23/455] FNSD
[05:14:19] [24/455] M2RH
[05:14:21] [25/455] CPGV
[05:14:22] [26/455] PECD
[05:14:23] [27/455] CTEE
[05:14:23] [28/455] IOMG
[05:14:24] [29/455] CIJA
[05:14:25] [30/455] NYCG
[05:14:25] 🔄 Identity reset
[05:14:25] 🔄 Identity rotated (every 10 requests)
[05:14:26] [31/455] CEST
[05:14:27] [32/455] WVRG
[05:14:27] [33/455] DPDC
[05:14:28] [34/455] PDIV
[05:14:29] [35/455] MTPP
[05:14:29] [36/455] MHNU
[05:14:31] [37/455] WUPG
[05:14:32] [38/455] USCO
[05:14:33] [39/455] INFR
[05:14:33] [40/455] PVPD
[05:14:34] 🔄 Identity reset
[05:14:34] 🔄 Identity rotated (every 10 requests)
[05:14:35] [41/455] RONC
[05:14:36] [42/455] IOCP
[05:14:37] [43/455] EMPS
[05:14:38] [44/455] PNAD
[05:14:38] [45/455] VVGZ
[05:14:39] [46/455] MDDC
[05:14:40] [47/455] MMAP
[05:14:41] [48/455] GPDC
[05:14:41] [49/455] PVPU
[05:14:42] [50/455] DCMV
[05:14:43] 🔄 Identity reset
[05:14:43] 🔄 Identity rotated (every 10 requests)
[05:14:44] [51/455] PCCF
[05:14:45] [52/455] MCEF
[05:14:46] [53/455] INRD
[05:14:47] [54/455] CCPZ
[05:14:48] [55/455] BCWG
[05:14:49] [56/455] PMGU
[05:14:50] [57/455] MCVM
[05:14:50] [58/455] MCDE
[05:14:51] [59/455] IEFM
[05:14:52] [60/455] MXCS
[05:14:52] 🔄 Identity reset
[05:14:52] 🔄 Identity rotated (every 10 requests)
[05:14:53] [61/455] RNMT
[05:14:54] [62/455] PSDD
[05:14:55] [63/455] PETA
[05:14:55] [64/455] IZOP
[05:14:56] [65/455] PDEI
[05:14:57] [66/455] MTND
[05:14:58] [67/455] PCPL
[05:14:58] [68/455] LSCM
[05:14:59] [69/455] BTFD
[05:15:01] [70/455] MERM
[05:15:01] 🔄 Identity reset
[05:15:01] 🔄 Identity rotated (every 10 requests)
[05:15:01] 🔄 Retry 1/5 for MERM in 2.0s
[05:15:01] 🔄 Identity reset
[05:15:03] 🧠 New identity created
[05:15:04] [71/455] PVMS
[05:15:05] [72/455] CIGK
[05:15:05] [73/455] INSG
[05:15:06] [74/455] IDEN
[05:15:07] [75/455] MCGN
[05:15:08] [76/455] IGAM
[05:15:09] [77/455] SLCU
[05:15:10] [78/455] MIMU
[05:15:11] [79/455] QLAC
[05:15:11] 🔄 Identity reset
[05:15:11] 🔄 Identity rotated (every 10 requests)
[05:15:12] [80/455] MENL
[05:15:12] [81/455] SCUR
[05:15:13] [82/455] MDGD
[05:15:14] [83/455] LSRS
[05:15:15] [84/455] KMLG
[05:15:16] [85/455] MKLJ
[05:15:17] [86/455] IBYG
[05:15:17] [87/455] ISML
[05:15:19] [88/455] MJMM
[05:15:20] [89/455] RCGD
[05:15:21] 🔄 Identity reset
[05:15:21] 🔄 Identity rotated (every 10 requests)
[05:15:21] [90/455] MMOC
[05:15:21] [91/455] RRCO
[05:15:22] [92/455] MEDM
[05:15:23] [93/455] MCAZ
[05:15:24] [94/455] STWA
[05:15:24] [95/455] PFFG
[05:15:25] [96/455] GAGC
[05:15:27] [97/455] PMPM
[05:15:28] [98/455] HVCD
[05:15:29] [99/455] AKRF
[05:15:30] 🔄 Identity reset
[05:15:30] 🔄 Identity rotated (every 10 requests)
[05:15:30] [100/455] AKRC
[05:15:31] [101/455] MIDA
[05:15:31] [102/455] MAGX
[05:15:32] [103/455] ESOS
[05:15:33] [104/455] BBCL
[05:15:34] [105/455] LYAS
[05:15:35] [106/455] NRMS
[05:15:36] [107/455] BHUC
[05:15:37] [108/455] SRIC
[05:15:38] [109/455] PDME
[05:15:38] 🔄 Identity reset
[05:15:39] 🔄 Identity rotated (every 10 requests)
[05:15:39] [110/455] MJCS
[05:15:40] [111/455] NRAA
[05:15:40] [112/455] VATA
[05:15:41] [113/455] MNKC
[05:15:43] [114/455] DHCL
[05:15:44] [115/455] JCPC
[05:15:45] [116/455] CTML
[05:15:46] [117/455] RMMR
[05:15:47] [118/455] STTL
[05:15:48] [119/455] CNPS
[05:15:49] 🔄 Identity reset
[05:15:49] 🔄 Identity rotated (every 10 requests)
[05:15:50] [120/455] ACKL
[05:15:51] [121/455] SCAU
[05:15:52] [122/455] RMIA
[05:15:53] [123/455] MANU
[05:15:54] [124/455] ARDC
[05:15:55] [125/455] GLDA
[05:15:56] [126/455] KVSW
[05:15:56] [127/455] CGCA
[05:15:57] [128/455] CMLO
[05:15:58] [129/455] CECB
[05:15:59] 🔄 Identity reset
[05:15:59] 🔄 Identity rotated (every 10 requests)
[05:16:00] [130/455] RCPN
[05:16:01] [131/455] ASMW
[05:16:03] [132/455] PWLM
[05:16:04] [133/455] ASGM
[05:16:05] [134/455] ACWH
[05:16:06] [135/455] AAPW
[05:16:07] [136/455] RTWA
[05:16:08] [137/455] RAMW
[05:16:08] [138/455] VKTR
[05:16:09] [139/455] SMBH
[05:16:10] 🔄 Identity reset
[05:16:10] 🔄 Identity rotated (every 10 requests)
[05:16:10] [140/455] BVDR
[05:16:11] [141/455] MRTP
[05:16:12] [142/455] BLBR
[05:16:13] [143/455] LPIN
[05:16:14] [144/455] SNPC
[05:16:14] [145/455] PDCB
[05:16:15] [146/455] DYPK
[05:16:16] [147/455] INMK
[05:16:17] [148/455] PDCK
[05:16:18] [149/455] PCKR
[05:16:18] 🔄 Identity reset
[05:16:18] 🔄 Identity rotated (every 10 requests)
[05:16:18] 🔄 Retry 1/5 for PCKR in 2.1s
[05:16:18] 🔄 Identity reset
[05:16:20] 🧠 New identity created
[05:16:21] [150/455] SHUA
[05:16:22] [151/455] SCVK
[05:16:23] [152/455] STPA
[05:16:23] [153/455] WVHD
[05:16:24] [154/455] MRCH
[05:16:24] [155/455] MCNP
[05:16:25] [156/455] RCAG
[05:16:26] [157/455] JTSN
[05:16:27] [158/455] AANS
[05:16:27] 🔄 Identity reset
[05:16:27] 🔄 Identity rotated (every 10 requests)
[05:16:28] [159/455] GDDR
[05:16:29] [160/455] SRER
[05:16:30] [161/455] JKMA
[05:16:31] [162/455] ARAN
[05:16:32] [163/455] ALCT
[05:16:33] [164/455] CCTA
[05:16:34] [165/455] CNCT
[05:16:35] [166/455] NZBL
[05:16:36] [167/455] SRRA
[05:16:37] [168/455] SVPW
[05:16:37] 🔄 Identity reset
[05:16:37] 🔄 Identity rotated (every 10 requests)
[05:16:37] [169/455] SRTW
[05:16:38] [170/455] XMTD
[05:16:39] [171/455] SCCZ
[05:16:40] [172/455] PBCR
[05:16:41] [173/455] RTSC
[05:16:41] [174/455] TLSV
[05:16:42] [175/455] RMTK
[05:16:44] [176/455] SRAT
[05:16:44] [177/455] GCYC
[05:16:45] [178/455] HCAJ
[05:16:46] 🔄 Identity reset
[05:16:46] 🔄 Identity rotated (every 10 requests)
[05:16:46] [179/455] LCXA
[05:16:47] [180/455] BINT
[05:16:48] [181/455] IXIM
[05:16:49] [182/455] MBCR
[05:16:50] [183/455] BMCJ
[05:16:51] [184/455] NICJ
[05:16:52] [185/455] SCAJ
[05:16:53] [186/455] CMXS
[05:16:53] [187/455] MMSR
[05:16:54] [188/455] PRKT
[05:16:55] 🔄 Identity reset
[05:16:55] 🔄 Identity rotated (every 10 requests)
[05:16:55] 🔄 Retry 1/5 for PRKT in 2.1s
[05:16:55] 🔄 Identity reset
[05:16:57] 🧠 New identity created
[05:16:57] [189/455] LPTH
[05:16:58] [190/455] SARP
[05:16:59] [191/455] MNPP
[05:17:01] [192/455] PRLR
[05:17:01] [193/455] RCMW
[05:17:02] [194/455] FCMG
[05:17:03] [195/455] RTNK
[05:17:04] [196/455] LRCP
[05:17:05] [197/455] DBJR
[05:17:05] 🔄 Identity reset
[05:17:06] 🔄 Identity rotated (every 10 requests)
[05:17:06] [198/455] CACN
[05:17:07] [199/455] AMRL
[05:17:08] [200/455] SBBC
[05:17:09] [201/455] VENN
[05:17:10] [202/455] STSS
[05:17:10] [203/455] SMRB
[05:17:11] [204/455] CCMX
[05:17:12] [205/455] KCMR
[05:17:14] [206/455] SALH
[05:17:15] [207/455] CGTT
[05:17:15] 🔄 Identity reset
[05:17:15] 🔄 Identity rotated (every 10 requests)
[05:17:16] [208/455] PMDR
[05:17:18] [209/455] VCPM
[05:17:18] [210/455] RZMX
[05:17:19] [211/455] TMSY
[05:17:20] [212/455] NTMS
[05:17:21] [213/455] VTAG
[05:17:22] [214/455] REMA
[05:17:23] [215/455] NXCC
[05:17:25] [216/455] SKYM
[05:17:25] [217/455] CCMO
[05:17:26] 🔄 Identity reset
[05:17:26] 🔄 Identity rotated (every 10 requests)
[05:17:26] [218/455] DMXM
[05:17:27] [219/455] SPPM
[05:17:28] [220/455] PTKL
[05:17:29] [221/455] SLVO
[05:17:30] [222/455] VASL
[05:17:31] [223/455] CBCM
[05:17:32] [224/455] STMA
[05:17:33] [225/455] LASK
[05:17:34] [226/455] VITE
[05:17:35] [227/455] AAST
[05:17:35] 🔄 Identity reset
[05:17:35] 🔄 Identity rotated (every 10 requests)
[05:17:36] [228/455] JTPT
[05:17:36] [229/455] RRSH
[05:17:37] [230/455] CINL
[05:17:38] [231/455] MCSR
[05:17:39] [232/455] SBCF
[05:17:40] [233/455] GCDU
[05:17:41] [234/455] PSPR
[05:17:42] [235/455] IMMO
[05:17:42] [236/455] CLGM
[05:17:43] [237/455] PBMM
[05:17:44] 🔄 Identity reset
[05:17:44] 🔄 Identity rotated (every 10 requests)
[05:17:44] [238/455] CEHR
[05:17:46] [239/455] CPOE
[05:17:47] [240/455] PGFD
[05:17:48] [241/455] PSLC
[05:17:49] [242/455] MSMD
[05:17:49] [243/455] FMFB
[05:17:50] [244/455] RKCL
[05:17:51] [245/455] PMMC
[05:17:52] [246/455] SKMM
[05:17:53] [247/455] VOIB
[05:17:54] 🔄 Identity reset
[05:17:54] 🔄 Identity rotated (every 10 requests)
[05:17:54] 🔄 Retry 1/5 for VOIB in 2.6s
[05:17:54] 🔄 Identity reset
[05:17:56] 🧠 New identity created
[05:17:57] [248/455] KINO
[05:17:58] [249/455] VCTP
[05:17:58] [250/455] PDWR
[05:17:59] [251/455] SAED
[05:18:00] [252/455] SRRT
[05:18:01] [253/455] CVLG
[05:18:02] [254/455] SNGN
[05:18:03] [255/455] SIDA
[05:18:04] [256/455] IMCB
[05:18:05] 🔄 Identity reset
[05:18:05] 🔄 Identity rotated (every 10 requests)
[05:18:05] [257/455] SMHP
[05:18:06] [258/455] GDTY
[05:18:08] [259/455] VYCH
[05:18:08] [260/455] PDYA
[05:18:09] [261/455] RKDO
[05:18:10] [262/455] VECG
[05:18:11] [263/455] NFGD
[05:18:12] [264/455] SNDC
[05:18:13] [265/455] SDJH
[05:18:14] [266/455] HASV
[05:18:15] 🔄 Identity reset
[05:18:15] 🔄 Identity rotated (every 10 requests)
[05:18:16] [267/455] PTYK
[05:18:17] [268/455] MUTB
[05:18:19] [269/455] AMRT
[05:18:20] [270/455] VACD
[05:18:20] [271/455] SKDD
[05:18:21] [272/455] STGR
[05:18:22] [273/455] GDAK
[05:18:23] [274/455] SKHK
[05:18:24] [275/455] SLND
[05:18:25] [276/455] APAP
[05:18:25] 🔄 Identity reset
[05:18:26] 🔄 Identity rotated (every 10 requests)
[05:18:26] [277/455] AYYA
[05:18:28] [278/455] VCCZ
[05:18:28] [279/455] MEML
[05:18:29] [280/455] MAOU
[05:18:30] [281/455] ESND
[05:18:31] [282/455] PTBZ
[05:18:32] [283/455] LBCN
[05:18:34] [284/455] PAWA
[05:18:35] [285/455] ZEIC
[05:18:36] [286/455] CGMM
[05:18:37] 🔄 Identity reset
[05:18:37] 🔄 Identity rotated (every 10 requests)
[05:18:37] [287/455] PJPM
[05:18:38] [288/455] ECMR
[05:18:39] [289/455] SHMZ
[05:18:40] [290/455] STCA
[05:18:41] [291/455] VDRC
[05:18:42] [292/455] SEEM
[05:18:43] [293/455] MKNS
[05:18:44] [294/455] KPPP
[05:18:45] [295/455] CCML
[05:18:46] [296/455] CIBA
[05:18:47] 🔄 Identity reset
[05:18:47] 🔄 Identity rotated (every 10 requests)
[05:18:47] [297/455] NACS
[05:18:48] [298/455] CTMK
[05:18:49] [299/455] CTCT
[05:18:50] [300/455] MCSN
[05:18:51] [301/455] MAXX
[05:18:52] [302/455] MECB
[05:18:53] [303/455] NTBY
[05:18:54] [304/455] UTBI
[05:18:55] [305/455] RADK
[05:18:56] [306/455] STBY
[05:18:56] 🔄 Identity reset
[05:18:56] 🔄 Identity rotated (every 10 requests)
[05:18:57] [307/455] GTBY
[05:18:58] [308/455] RRMB
[05:18:58] [309/455] ABRN
[05:18:59] [310/455] GTSG
[05:19:00] [311/455] GBTG
[05:19:01] [312/455] SBGS
[05:19:02] [313/455] KBPM
[05:19:03] [314/455] SMHT
[05:19:04] [315/455] VTDM
[05:19:05] [316/455] ASCT
[05:19:06] 🔄 Identity reset
[05:19:06] 🔄 Identity rotated (every 10 requests)
[05:19:06] [317/455] AWCT
[05:19:07] [318/455] DCCU
[05:19:08] [319/455] PSCE
[05:19:09] [320/455] KSNY
[05:19:10] [321/455] ACID
[05:19:11] [322/455] LVCD
[05:19:12] [323/455] KSSB
[05:19:14] [324/455] SWTD
[05:19:15] [325/455] RBMR
[05:19:15] [326/455] SCBC
[05:19:16] 🔄 Identity reset
[05:19:16] 🔄 Identity rotated (every 10 requests)
[05:19:16] [327/455] RKME
[05:19:17] [328/455] GALX
[05:19:18] [329/455] GCCH
[05:19:19] [330/455] RATR
[05:19:20] [331/455] GTGA
[05:19:21] [332/455] LTTR
[05:19:22] [333/455] TTAA
[05:19:23] [334/455] TVHP
[05:19:24] [335/455] KVCS
[05:19:25] [336/455] CBMC
[05:19:25] 🔄 Identity reset
[05:19:25] 🔄 Identity rotated (every 10 requests)
[05:19:26] [337/455] MAYJ
[05:19:27] [338/455] INPR
[05:19:28] [339/455] RSSC
[05:19:29] [340/455] PCAN
[05:19:30] [341/455] PVHR
[05:19:30] [342/455] AGSM
[05:19:31] [343/455] PVES
[05:19:33] [344/455] INTO
[05:19:34] [345/455] ACON
[05:19:35] [346/455] PVPZ
[05:19:35] 🔄 Identity reset
[05:19:36] 🔄 Identity rotated (every 10 requests)
[05:19:36] [347/455] PVHC
[05:19:37] [348/455] KSTK
[05:19:38] [349/455] PVSR
[05:19:38] [350/455] ACTN
[05:19:40] [351/455] FMCN
[05:19:41] [352/455] PABC
[05:19:42] [353/455] SUTC
[05:19:43] [354/455] PGMV
[05:19:44] [355/455] GKCP
[05:19:46] [356/455] INCH
[05:19:46] 🔄 Identity reset
[05:19:46] 🔄 Identity rotated (every 10 requests)
[05:19:47] [357/455] MLMT
[05:19:48] [358/455] SSCC
[05:19:49] [359/455] SLMP
[05:19:50] [360/455] VVTN
[05:19:51] [361/455] SBTR
[05:19:52] [362/455] PGRA
[05:19:53] [363/455] PBRM
[05:19:54] [364/455] GCRP
[05:19:55] [365/455] MCSK
[05:19:56] [366/455] NLTC
[05:19:56] 🔄 Identity reset
[05:19:56] 🔄 Identity rotated (every 10 requests)
[05:19:57] [367/455] MTLM
[05:19:58] [368/455] VECT
[05:19:59] [369/455] KMRM
[05:20:00] [370/455] RACM
[05:20:01] [371/455] WSTC
[05:20:03] [372/455] PVTJ
[05:20:04] [373/455] MMKC
[05:20:05] [374/455] SVWT
[05:20:06] [375/455] JOTG
[05:20:07] [376/455] VCDK
[05:20:08] 🔄 Identity reset
[05:20:08] 🔄 Identity rotated (every 10 requests)
[05:20:08] 🔄 Retry 1/5 for VCDK in 2.5s
[05:20:08] 🔄 Identity reset
[05:20:10] 🧠 New identity created
[05:20:11] [377/455] ANAC
[05:20:11] [378/455] GRTC
[05:20:12] [379/455] JTPL
[05:20:13] [380/455] VRCP
[05:20:14] [381/455] REMC
[05:20:15] [382/455] ATMG
[05:20:16] [383/455] GAHC
[05:20:17] [384/455] JTMV
[05:20:18] [385/455] OMTT
[05:20:18] 🔄 Identity reset
[05:20:19] 🔄 Identity rotated (every 10 requests)
[05:20:19] [386/455] GKKC
[05:20:20] [387/455] BBPO
[05:20:21] [388/455] ZCBB
[05:20:22] [389/455] DCGO
[05:20:22] [390/455] STOP
[05:20:23] [391/455] BSPC
[05:20:24] [392/455] SOND
[05:20:25] [393/455] GCKG
[05:20:26] [394/455] PCDB
[05:20:28] [395/455] PGRC
[05:20:29] 🔄 Identity reset
[05:20:29] 🔄 Identity rotated (every 10 requests)
[05:20:29] [396/455] CSCT
[05:20:30] [397/455] STDA
[05:20:31] [398/455] JAYD
[05:20:32] [399/455] PPPD
[05:20:33] [400/455] KRTT
[05:20:34] [401/455] PTDT
[05:20:35] [402/455] TRSV
[05:20:35] [403/455] VELR
[05:20:36] [404/455] STDT
[05:20:37] [405/455] SATT
[05:20:38] 🔄 Identity reset
[05:20:38] 🔄 Identity rotated (every 10 requests)
[05:20:38] [406/455] KCPM
[05:20:39] [407/455] MFCP
[05:20:40] [408/455] AXMP
[05:20:41] [409/455] LTVB
[05:20:42] [410/455] APST
[05:20:44] [411/455] DTVP
[05:20:45] [412/455] AAVB
[05:20:46] [413/455] PMBL
[05:20:48] [414/455] STKC
[05:20:50] [415/455] KKMA
[05:20:50] 🔄 Identity reset
[05:20:50] 🔄 Identity rotated (every 10 requests)
[05:20:51] [416/455] NMXS
[05:20:52] [417/455] DECX
[05:20:52] [418/455] MAPJ
[05:20:54] [419/455] SMLK
[05:20:55] [420/455] PMPU
[05:20:56] [421/455] AFST
[05:20:57] [422/455] SRSY
[05:20:58] [423/455] RMKT
[05:20:59] [424/455] RAJX
[05:20:59] [425/455] UVCD
[05:21:00] 🔄 Identity reset
[05:21:00] 🔄 Identity rotated (every 10 requests)
[05:21:00] [426/455] LISA
[05:21:01] [427/455] LMSR
[05:21:02] [428/455] PMCA
[05:21:03] [429/455] INPO
[05:21:04] [430/455] INGO
[05:21:04] [431/455] HFSQ
[05:21:05] [432/455] INMG
[05:21:07] [433/455] NYCP
[05:21:08] [434/455] HFSV
[05:21:09] [435/455] MMZP
[05:21:10] 🔄 Identity reset
[05:21:10] 🔄 Identity rotated (every 10 requests)
[05:21:10] 🔄 Retry 1/5 for MMZP in 2.1s
[05:21:10] 🔄 Identity reset
[05:21:12] 🧠 New identity created
[05:21:12] [436/455] KSES
[05:21:13] [437/455] HFSA
[05:21:14] [438/455] ACMM
[05:21:15] [439/455] RCKD
[05:21:15] [440/455] BCKR
[05:21:16] [441/455] SFCO
[05:21:17] [442/455] JCCB
[05:21:18] [443/455] BCCR
[05:21:19] [444/455] NWCB
[05:21:20] 🔄 Identity reset
[05:21:20] 🔄 Identity rotated (every 10 requests)
[05:21:20] [445/455] SAMT
[05:21:21] [446/455] TMST
[05:21:22] [447/455] SJCN
[05:21:23] [448/455] MCBS
[05:21:24] [449/455] CMKR
[05:21:25] [450/455] INPM
[05:21:26] [451/455] WVMT
[05:21:27] [452/455] NYSM
[05:21:28] [453/455] RCMA
[05:21:30] [454/455] RECM
[05:21:30] 🔄 Identity reset
[05:21:31] 🔄 Identity rotated (every 10 requests)
[05:21:31] [455/455] CYCM
[05:21:32] ✅ DONE | Shows=28 | Movies=6
[06:07:24] 🚀 BMS DAILY TRACKER STARTED (enhanced anti‑detection)
[06:07:24] [1/455] MXGN
[06:07:25] 🧠 New identity created
[06:07:25] [2/455] PGGM
[06:07:26] [3/455] IPMJ
[06:07:26] [4/455] M2PP
[06:07:27] [5/455] PMMS
[06:07:28] [6/455] SCJN
[06:07:29] [7/455] CPUM
[06:07:30] [8/455] SCND
[06:07:30] [9/455] INWM
[06:07:31] [10/455] DVDC
[06:07:32] 🔄 Identity reset
[06:07:32] 🔄 Identity rotated (every 10 requests)
[06:07:32] [11/455] WVND
[06:07:33] [12/455] LBDL
[06:07:33] [13/455] CRGM
[06:07:34] [14/455] PVKS
[06:07:35] [15/455] PBLL
[06:07:36] [16/455] FNLN
[06:07:36] [17/455] PPDA
[06:07:37] [18/455] SCPT
[06:07:38] [19/455] IAJS
[06:07:39] [20/455] MMZG
[06:07:39] 🔄 Identity reset
[06:07:39] 🔄 Identity rotated (every 10 requests)
[06:07:39] [21/455] MCTI
[06:07:40] [22/455] PPMF
[06:07:41] [23/455] FNSD
[06:07:42] [24/455] M2RH
[06:07:43] [25/455] CPGV
[06:07:43] [26/455] PECD
[06:07:44] [27/455] CTEE
[06:07:45] [28/455] IOMG
[06:07:45] [29/455] CIJA
[06:07:46] [30/455] NYCG
[06:07:47] 🔄 Identity reset
[06:07:47] 🔄 Identity rotated (every 10 requests)
[06:07:47] [31/455] CEST
[06:07:48] [32/455] WVRG
[06:07:48] [33/455] DPDC
[06:07:49] [34/455] PDIV
[06:07:50] [35/455] MTPP
[06:07:50] [36/455] MHNU
[06:07:51] [37/455] WUPG
[06:07:52] [38/455] USCO
[06:07:53] [39/455] INFR
[06:07:53] [40/455] PVPD
[06:07:54] 🔄 Identity reset
[06:07:54] 🔄 Identity rotated (every 10 requests)
[06:07:54] [41/455] RONC
[06:07:55] [42/455] IOCP
[06:07:56] [43/455] EMPS
[06:07:56] [44/455] PNAD
[06:07:57] [45/455] VVGZ
[06:07:58] [46/455] MDDC
[06:07:59] [47/455] MMAP
[06:07:59] [48/455] GPDC
[06:08:00] [49/455] PVPU
[06:08:01] [50/455] DCMV
[06:08:01] 🔄 Identity reset
[06:08:01] 🔄 Identity rotated (every 10 requests)
[06:08:01] [51/455] PCCF
[06:08:02] [52/455] MCEF
[06:08:03] [53/455] INRD
[06:08:03] [54/455] CCPZ
[06:08:04] [55/455] BCWG
[06:08:04] [56/455] PMGU
[06:08:05] [57/455] MCVM
[06:08:06] [58/455] MCDE
[06:08:06] [59/455] IEFM
[06:08:07] [60/455] MXCS
[06:08:08] 🔄 Identity reset
[06:08:08] 🔄 Identity rotated (every 10 requests)
[06:08:08] [61/455] RNMT
[06:08:09] [62/455] PSDD
[06:08:09] [63/455] PETA
[06:08:10] [64/455] IZOP
[06:08:10] [65/455] PDEI
[06:08:11] [66/455] MTND
[06:08:12] [67/455] PCPL
[06:08:12] [68/455] LSCM
[06:08:13] [69/455] BTFD
[06:08:13] [70/455] MERM
[06:08:14] 🔄 Identity reset
[06:08:14] 🔄 Identity rotated (every 10 requests)
[06:08:14] [71/455] PVMS
[06:08:14] [72/455] CIGK
[06:08:15] [73/455] INSG
[06:08:16] [74/455] IDEN
[06:08:16] [75/455] MCGN
[06:08:17] [76/455] IGAM
[06:08:18] [77/455] SLCU
[06:08:18] [78/455] MIMU
[06:08:19] [79/455] QLAC
[06:08:20] [80/455] MENL
[06:08:20] 🔄 Identity reset
[06:08:21] 🔄 Identity rotated (every 10 requests)
[06:08:21] [81/455] SCUR
[06:08:21] [82/455] MDGD
[06:08:22] [83/455] LSRS
[06:08:23] [84/455] KMLG
[06:08:24] [85/455] MKLJ
[06:08:25] [86/455] IBYG
[06:08:25] [87/455] ISML
[06:08:26] [88/455] MJMM
[06:08:26] [89/455] RCGD
[06:08:27] [90/455] MMOC
[06:08:28] 🔄 Identity reset
[06:08:28] 🔄 Identity rotated (every 10 requests)
[06:08:28] [91/455] RRCO
[06:08:28] [92/455] MEDM
[06:08:29] [93/455] MCAZ
[06:08:29] [94/455] STWA
[06:08:30] [95/455] PFFG
[06:08:31] [96/455] GAGC
[06:08:32] [97/455] PMPM
[06:08:32] [98/455] HVCD
[06:08:33] [99/455] AKRF
[06:08:33] [100/455] AKRC
[06:08:34] 🔄 Identity reset
[06:08:34] 🔄 Identity rotated (every 10 requests)
[06:08:34] [101/455] MIDA
[06:08:35] [102/455] MAGX
[06:08:35] [103/455] ESOS
[06:08:36] [104/455] BBCL
[06:08:36] [105/455] LYAS
[06:08:37] [106/455] NRMS
[06:08:38] [107/455] BHUC
[06:08:38] [108/455] SRIC
[06:08:39] [109/455] PDME
[06:08:39] [110/455] MJCS
[06:08:40] 🔄 Identity reset
[06:08:40] 🔄 Identity rotated (every 10 requests)
[06:08:40] [111/455] NRAA
[06:08:41] [112/455] VATA
[06:08:42] [113/455] MNKC
[06:08:43] [114/455] DHCL
[06:08:43] [115/455] JCPC
[06:08:44] [116/455] CTML
[06:08:45] [117/455] RMMR
[06:08:45] [118/455] STTL
[06:08:46] [119/455] CNPS
[06:08:47] [120/455] ACKL
[06:08:47] 🔄 Identity reset
[06:08:47] 🔄 Identity rotated (every 10 requests)
[06:08:48] [121/455] SCAU
[06:08:48] [122/455] RMIA
[06:08:49] [123/455] MANU
[06:08:50] [124/455] ARDC
[06:08:51] [125/455] GLDA
[06:08:52] [126/455] KVSW
[06:08:52] [127/455] CGCA
[06:08:53] [128/455] CMLO
[06:08:53] [129/455] CECB
[06:08:54] [130/455] RCPN
[06:08:54] 🔄 Identity reset
[06:08:54] 🔄 Identity rotated (every 10 requests)
[06:08:55] [131/455] ASMW
[06:08:55] [132/455] PWLM
[06:08:56] [133/455] ASGM
[06:08:57] [134/455] ACWH
[06:08:57] [135/455] AAPW
[06:08:58] [136/455] RTWA
[06:08:58] [137/455] RAMW
[06:08:59] [138/455] VKTR
[06:09:01] [139/455] SMBH
[06:09:02] [140/455] BVDR
[06:09:03] 🔄 Identity reset
[06:09:03] 🔄 Identity rotated (every 10 requests)
[06:09:04] [141/455] MRTP
[06:09:05] [142/455] BLBR
[06:09:06] [143/455] LPIN
[06:09:07] [144/455] SNPC
[06:09:07] [145/455] PDCB
[06:09:08] [146/455] DYPK
[06:09:08] [147/455] INMK
[06:09:09] [148/455] PDCK
[06:09:10] [149/455] PCKR
[06:09:10] [150/455] SHUA
[06:09:11] 🔄 Identity reset
[06:09:11] 🔄 Identity rotated (every 10 requests)
[06:09:11] [151/455] SCVK
[06:09:12] [152/455] STPA
[06:09:12] [153/455] WVHD
[06:09:13] [154/455] MRCH
[06:09:14] [155/455] MCNP
[06:09:15] [156/455] RCAG
[06:09:15] [157/455] JTSN
[06:09:16] [158/455] AANS
[06:09:17] [159/455] GDDR
[06:09:17] [160/455] SRER
[06:09:18] 🔄 Identity reset
[06:09:18] 🔄 Identity rotated (every 10 requests)
[06:09:18] [161/455] JKMA
[06:09:19] [162/455] ARAN
[06:09:20] [163/455] ALCT
[06:09:20] [164/455] CCTA
[06:09:21] [165/455] CNCT
[06:09:22] [166/455] NZBL
[06:09:22] [167/455] SRRA
[06:09:23] [168/455] SVPW
[06:09:24] [169/455] SRTW
[06:09:24] [170/455] XMTD
[06:09:25] 🔄 Identity reset
[06:09:25] 🔄 Identity rotated (every 10 requests)
[06:09:25] [171/455] SCCZ
[06:09:26] [172/455] PBCR
[06:09:27] [173/455] RTSC
[06:09:27] [174/455] TLSV
[06:09:28] [175/455] RMTK
[06:09:29] [176/455] SRAT
[06:09:30] [177/455] GCYC
[06:09:30] [178/455] HCAJ
[06:09:31] [179/455] LCXA
[06:09:31] [180/455] BINT
[06:09:32] 🔄 Identity reset
[06:09:32] 🔄 Identity rotated (every 10 requests)
[06:09:32] [181/455] IXIM
[06:09:33] [182/455] MBCR
[06:09:34] [183/455] BMCJ
[06:09:34] [184/455] NICJ
[06:09:35] [185/455] SCAJ
[06:09:36] [186/455] CMXS
[06:09:37] [187/455] MMSR
[06:09:38] [188/455] PRKT
[06:09:39] [189/455] LPTH
[06:09:40] [190/455] SARP
[06:09:40] 🔄 Identity reset
[06:09:40] 🔄 Identity rotated (every 10 requests)
[06:09:40] [191/455] MNPP
[06:09:41] [192/455] PRLR
[06:09:42] [193/455] RCMW
[06:09:42] [194/455] FCMG
[06:09:43] [195/455] RTNK
[06:09:44] [196/455] LRCP
[06:09:44] [197/455] DBJR
[06:09:45] [198/455] CACN
[06:09:46] [199/455] AMRL
[06:09:46] [200/455] SBBC
[06:09:47] 🔄 Identity reset
[06:09:47] 🔄 Identity rotated (every 10 requests)
[06:09:47] [201/455] VENN
[06:09:48] [202/455] STSS
[06:09:49] [203/455] SMRB
[06:09:49] [204/455] CCMX
[06:09:50] [205/455] KCMR
[06:09:51] [206/455] SALH
[06:09:52] [207/455] CGTT
[06:09:53] [208/455] PMDR
[06:09:53] [209/455] VCPM
[06:09:54] [210/455] RZMX
[06:09:54] 🔄 Identity reset
[06:09:54] 🔄 Identity rotated (every 10 requests)
[06:09:54] [211/455] TMSY
[06:09:55] [212/455] NTMS
[06:09:56] [213/455] VTAG
[06:09:57] [214/455] REMA
[06:09:57] [215/455] NXCC
[06:09:58] [216/455] SKYM
[06:09:59] [217/455] CCMO
[06:09:59] [218/455] DMXM
[06:10:00] [219/455] SPPM
[06:10:00] [220/455] PTKL
[06:10:01] 🔄 Identity reset
[06:10:01] 🔄 Identity rotated (every 10 requests)
[06:10:01] [221/455] SLVO
[06:10:02] [222/455] VASL
[06:10:02] [223/455] CBCM
[06:10:03] [224/455] STMA
[06:10:04] [225/455] LASK
[06:10:05] [226/455] VITE
[06:10:06] [227/455] AAST
[06:10:06] [228/455] JTPT
[06:10:07] [229/455] RRSH
[06:10:08] [230/455] CINL
[06:10:09] 🔄 Identity reset
[06:10:09] 🔄 Identity rotated (every 10 requests)
[06:10:09] [231/455] MCSR
[06:10:09] [232/455] SBCF
[06:10:11] [233/455] GCDU
[06:10:12] [234/455] PSPR
[06:10:12] [235/455] IMMO
[06:10:13] [236/455] CLGM
[06:10:14] [237/455] PBMM
[06:10:14] [238/455] CEHR
[06:10:15] [239/455] CPOE
[06:10:15] [240/455] PGFD
[06:10:16] 🔄 Identity reset
[06:10:16] 🔄 Identity rotated (every 10 requests)
[06:10:16] [241/455] PSLC
[06:10:17] [242/455] MSMD
[06:10:17] [243/455] FMFB
[06:10:18] [244/455] RKCL
[06:10:18] [245/455] PMMC
[06:10:19] [246/455] SKMM
[06:10:20] [247/455] VOIB
[06:10:20] [248/455] KINO
[06:10:21] [249/455] VCTP
[06:10:21] [250/455] PDWR
[06:10:22] 🔄 Identity reset
[06:10:22] 🔄 Identity rotated (every 10 requests)
[06:10:22] [251/455] SAED
[06:10:23] [252/455] SRRT
[06:10:23] [253/455] CVLG
[06:10:24] [254/455] SNGN
[06:10:25] [255/455] SIDA
[06:10:25] [256/455] IMCB
[06:10:26] [257/455] SMHP
[06:10:26] [258/455] GDTY
[06:10:27] [259/455] VYCH
[06:10:28] [260/455] PDYA
[06:10:29] 🔄 Identity reset
[06:10:29] 🔄 Identity rotated (every 10 requests)
[06:10:29] [261/455] RKDO
[06:10:29] [262/455] VECG
[06:10:30] [263/455] NFGD
[06:10:30] [264/455] SNDC
[06:10:31] [265/455] SDJH
[06:10:32] [266/455] HASV
[06:10:32] [267/455] PTYK
[06:10:33] [268/455] MUTB
[06:10:33] [269/455] AMRT
[06:10:34] [270/455] VACD
[06:10:35] 🔄 Identity reset
[06:10:35] 🔄 Identity rotated (every 10 requests)
[06:10:35] 🔄 Retry 1/5 for VACD in 2.9s
[06:10:35] 🔄 Identity reset
[06:10:38] 🧠 New identity created
[06:10:38] [271/455] SKDD
[06:10:38] [272/455] STGR
[06:10:39] [273/455] GDAK
[06:10:40] [274/455] SKHK
[06:10:40] [275/455] SLND
[06:10:41] [276/455] APAP
[06:10:42] [277/455] AYYA
[06:10:42] [278/455] VCCZ
[06:10:43] [279/455] MEML
[06:10:43] 🔄 Identity reset
[06:10:43] 🔄 Identity rotated (every 10 requests)
[06:10:43] [280/455] MAOU
[06:10:44] [281/455] ESND
[06:10:45] [282/455] PTBZ
[06:10:45] [283/455] LBCN
[06:10:46] [284/455] PAWA
[06:10:47] [285/455] ZEIC
[06:10:47] [286/455] CGMM
[06:10:48] [287/455] PJPM
[06:10:49] [288/455] ECMR
[06:10:50] [289/455] SHMZ
[06:10:50] 🔄 Identity reset
[06:10:50] 🔄 Identity rotated (every 10 requests)
[06:10:50] [290/455] STCA
[06:10:51] [291/455] VDRC
[06:10:52] [292/455] SEEM
[06:10:52] [293/455] MKNS
[06:10:53] [294/455] KPPP
[06:10:54] [295/455] CCML
[06:10:55] [296/455] CIBA
[06:10:56] [297/455] NACS
[06:10:56] [298/455] CTMK
[06:10:57] [299/455] CTCT
[06:10:58] 🔄 Identity reset
[06:10:58] 🔄 Identity rotated (every 10 requests)
[06:10:58] [300/455] MCSN
[06:10:59] [301/455] MAXX
[06:10:59] [302/455] MECB
[06:11:00] [303/455] NTBY
[06:11:01] [304/455] UTBI
[06:11:01] [305/455] RADK
[06:11:02] [306/455] STBY
[06:11:03] [307/455] GTBY
[06:11:03] [308/455] RRMB
[06:11:04] [309/455] ABRN
[06:11:05] 🔄 Identity reset
[06:11:05] 🔄 Identity rotated (every 10 requests)
[06:11:05] [310/455] GTSG
[06:11:05] [311/455] GBTG
[06:11:06] [312/455] SBGS
[06:11:07] [313/455] KBPM
[06:11:08] [314/455] SMHT
[06:11:08] [315/455] VTDM
[06:11:09] [316/455] ASCT
[06:11:10] [317/455] AWCT
[06:11:10] [318/455] DCCU
[06:11:11] [319/455] PSCE
[06:11:12] 🔄 Identity reset
[06:11:12] 🔄 Identity rotated (every 10 requests)
[06:11:12] 🔄 Retry 1/5 for PSCE in 2.1s
[06:11:12] 🔄 Identity reset
[06:11:14] 🧠 New identity created
[06:11:14] [320/455] KSNY
[06:11:15] [321/455] ACID
[06:11:16] [322/455] LVCD
[06:11:17] [323/455] KSSB
[06:11:18] [324/455] SWTD
[06:11:18] [325/455] RBMR
[06:11:19] [326/455] SCBC
[06:11:20] [327/455] RKME
[06:11:20] [328/455] GALX
[06:11:21] 🔄 Identity reset
[06:11:21] 🔄 Identity rotated (every 10 requests)
[06:11:21] [329/455] GCCH
[06:11:22] [330/455] RATR
[06:11:23] [331/455] GTGA
[06:11:23] [332/455] LTTR
[06:11:24] [333/455] TTAA
[06:11:26] [334/455] TVHP
[06:11:26] [335/455] KVCS
[06:11:27] [336/455] CBMC
[06:11:28] [337/455] MAYJ
[06:11:28] [338/455] INPR
[06:11:29] 🔄 Identity reset
[06:11:29] 🔄 Identity rotated (every 10 requests)
[06:11:29] [339/455] RSSC
[06:11:30] [340/455] PCAN
[06:11:30] [341/455] PVHR
[06:11:31] [342/455] AGSM
[06:11:32] [343/455] PVES
[06:11:32] [344/455] INTO
[06:11:33] [345/455] ACON
[06:11:34] [346/455] PVPZ
[06:11:34] [347/455] PVHC
[06:11:35] [348/455] KSTK
[06:11:35] 🔄 Identity reset
[06:11:35] 🔄 Identity rotated (every 10 requests)
[06:11:36] [349/455] PVSR
[06:11:36] [350/455] ACTN
[06:11:37] [351/455] FMCN
[06:11:37] [352/455] PABC
[06:11:38] [353/455] SUTC
[06:11:38] [354/455] PGMV
[06:11:39] [355/455] GKCP
[06:11:40] [356/455] INCH
[06:11:40] [357/455] MLMT
[06:11:41] [358/455] SSCC
[06:11:42] 🔄 Identity reset
[06:11:42] 🔄 Identity rotated (every 10 requests)
[06:11:42] [359/455] SLMP
[06:11:42] [360/455] VVTN
[06:11:43] [361/455] SBTR
[06:11:44] [362/455] PGRA
[06:11:44] [363/455] PBRM
[06:11:45] [364/455] GCRP
[06:11:46] [365/455] MCSK
[06:11:46] [366/455] NLTC
[06:11:47] [367/455] MTLM
[06:11:48] [368/455] VECT
[06:11:48] 🔄 Identity reset
[06:11:48] 🔄 Identity rotated (every 10 requests)
[06:11:48] [369/455] KMRM
[06:11:49] [370/455] RACM
[06:11:50] [371/455] WSTC
[06:11:50] [372/455] PVTJ
[06:11:52] [373/455] MMKC
[06:11:53] [374/455] SVWT
[06:11:53] [375/455] JOTG
[06:11:54] [376/455] VCDK
[06:11:55] [377/455] ANAC
[06:11:56] [378/455] GRTC
[06:11:56] 🔄 Identity reset
[06:11:56] 🔄 Identity rotated (every 10 requests)
[06:11:56] 🔄 Retry 1/5 for GRTC in 2.3s
[06:11:56] 🔄 Identity reset
[06:11:59] 🧠 New identity created
[06:11:59] [379/455] JTPL
[06:11:59] [380/455] VRCP
[06:12:00] [381/455] REMC
[06:12:00] [382/455] ATMG
[06:12:01] [383/455] GAHC
[06:12:02] [384/455] JTMV
[06:12:02] [385/455] OMTT
[06:12:03] [386/455] GKKC
[06:12:04] [387/455] BBPO
[06:12:05] 🔄 Identity reset
[06:12:05] 🔄 Identity rotated (every 10 requests)
[06:12:05] [388/455] ZCBB
[06:12:06] [389/455] DCGO
[06:12:06] [390/455] STOP
[06:12:07] [391/455] BSPC
[06:12:07] [392/455] SOND
[06:12:08] [393/455] GCKG
[06:12:09] [394/455] PCDB
[06:12:10] [395/455] PGRC
[06:12:11] [396/455] CSCT
[06:12:12] [397/455] STDA
[06:12:12] 🔄 Identity reset
[06:12:12] 🔄 Identity rotated (every 10 requests)
[06:12:12] [398/455] JAYD
[06:12:13] [399/455] PPPD
[06:12:14] [400/455] KRTT
[06:12:14] [401/455] PTDT
[06:12:15] [402/455] TRSV
[06:12:15] [403/455] VELR
[06:12:16] [404/455] STDT
[06:12:16] [405/455] SATT
[06:12:17] [406/455] KCPM
[06:12:18] [407/455] MFCP
[06:12:18] 🔄 Identity reset
[06:12:18] 🔄 Identity rotated (every 10 requests)
[06:12:18] [408/455] AXMP
[06:12:19] [409/455] LTVB
[06:12:20] [410/455] APST
[06:12:20] [411/455] DTVP
[06:12:21] [412/455] AAVB
[06:12:22] [413/455] PMBL
[06:12:22] [414/455] STKC
[06:12:23] [415/455] KKMA
[06:12:24] [416/455] NMXS
[06:12:24] [417/455] DECX
[06:12:25] 🔄 Identity reset
[06:12:25] 🔄 Identity rotated (every 10 requests)
[06:12:25] [418/455] MAPJ
[06:12:26] [419/455] SMLK
[06:12:26] [420/455] PMPU
[06:12:27] [421/455] AFST
[06:12:27] [422/455] SRSY
[06:12:28] [423/455] RMKT
[06:12:29] [424/455] RAJX
[06:12:29] [425/455] UVCD
[06:12:30] [426/455] LISA
[06:12:31] [427/455] LMSR
[06:12:32] 🔄 Identity reset
[06:12:32] 🔄 Identity rotated (every 10 requests)
[06:12:32] [428/455] PMCA
[06:12:33] [429/455] INPO
[06:12:33] [430/455] INGO
[06:12:34] [431/455] HFSQ
[06:12:34] [432/455] INMG
[06:12:35] [433/455] NYCP
[06:12:36] [434/455] HFSV
[06:12:36] [435/455] MMZP
[06:12:37] [436/455] KSES
[06:12:38] [437/455] HFSA
[06:12:38] 🔄 Identity reset
[06:12:38] 🔄 Identity rotated (every 10 requests)
[06:12:39] [438/455] ACMM
[06:12:39] [439/455] RCKD
[06:12:40] [440/455] BCKR
[06:12:40] [441/455] SFCO
[06:12:41] [442/455] JCCB
[06:12:42] [443/455] BCCR
[06:12:42] [444/455] NWCB
[06:12:43] [445/455] SAMT
[06:12:44] [446/455] TMST
[06:12:44] [447/455] SJCN
[06:12:45] 🔄 Identity reset
[06:12:45] 🔄 Identity rotated (every 10 requests)
[06:12:45] [448/455] MCBS
[06:12:46] [449/455] CMKR
[06:12:47] [450/455] INPM
[06:12:47] [451/455] WVMT
[06:12:48] [452/455] NYSM
[06:12:49] [453/455] RCMA
[06:12:49] [454/455] RECM
[06:12:50] [455/455] CYCM
[06:12:51] ✅ DONE | Shows=327 | Movies=35
[07:06:29] 🚀 BMS DAILY TRACKER STARTED (enhanced anti‑detection)
[07:06:29] [1/455] MXGN
[07:06:30] 🧠 New identity created
[07:06:30] [2/455] PGGM
[07:06:31] [3/455] IPMJ
[07:06:32] [4/455] M2PP
[07:06:33] [5/455] PMMS
[07:06:35] [6/455] SCJN
[07:06:36] [7/455] CPUM
[07:06:37] [8/455] SCND
[07:06:38] [9/455] INWM
[07:06:40] [10/455] DVDC
[07:06:40] 🔄 Identity reset
[07:06:40] 🔄 Identity rotated (every 10 requests)
[07:06:41] [11/455] WVND
[07:06:42] [12/455] LBDL
[07:06:43] [13/455] CRGM
[07:06:44] [14/455] PVKS
[07:06:44] [15/455] PBLL
[07:06:45] [16/455] FNLN
[07:06:46] [17/455] PPDA
[07:06:48] [18/455] SCPT
[07:06:49] [19/455] IAJS
[07:06:50] [20/455] MMZG
[07:06:51] 🔄 Identity reset
[07:06:51] 🔄 Identity rotated (every 10 requests)
[07:06:51] [21/455] MCTI
[07:06:52] [22/455] PPMF
[07:06:53] [23/455] FNSD
[07:06:54] [24/455] M2RH
[07:06:55] [25/455] CPGV
[07:06:56] [26/455] PECD
[07:06:57] [27/455] CTEE
[07:06:59] [28/455] IOMG
[07:07:00] [29/455] CIJA
[07:07:01] [30/455] NYCG
[07:07:02] 🔄 Identity reset
[07:07:02] 🔄 Identity rotated (every 10 requests)
[07:07:02] [31/455] CEST
[07:07:03] [32/455] WVRG
[07:07:04] [33/455] DPDC
[07:07:05] [34/455] PDIV
[07:07:06] [35/455] MTPP
[07:07:07] [36/455] MHNU
[07:07:08] [37/455] WUPG
[07:07:10] [38/455] USCO
[07:07:11] [39/455] INFR
[07:07:11] [40/455] PVPD
[07:07:12] 🔄 Identity reset
[07:07:12] 🔄 Identity rotated (every 10 requests)
[07:07:12] [41/455] RONC
[07:07:13] [42/455] IOCP
[07:07:15] [43/455] EMPS
[07:07:16] [44/455] PNAD
[07:07:17] [45/455] VVGZ
[07:07:18] [46/455] MDDC
[07:07:19] [47/455] MMAP
[07:07:20] [48/455] GPDC
[07:07:22] [49/455] PVPU
[07:07:23] [50/455] DCMV
[07:07:23] 🔄 Identity reset
[07:07:23] 🔄 Identity rotated (every 10 requests)
[07:07:24] [51/455] PCCF
[07:07:24] [52/455] MCEF
[07:07:26] [53/455] INRD
[07:07:27] [54/455] CCPZ
[07:07:28] [55/455] BCWG
[07:07:29] [56/455] PMGU
[07:07:30] [57/455] MCVM
[07:07:31] [58/455] MCDE
[07:07:32] [59/455] IEFM
[07:07:33] [60/455] MXCS
[07:07:33] 🔄 Identity reset
[07:07:33] 🔄 Identity rotated (every 10 requests)
[07:07:34] [61/455] RNMT
[07:07:35] [62/455] PSDD
[07:07:36] [63/455] PETA
[07:07:37] [64/455] IZOP
[07:07:38] [65/455] PDEI
[07:07:38] [66/455] MTND
[07:07:39] [67/455] PCPL
[07:07:40] [68/455] LSCM
[07:07:41] [69/455] BTFD
[07:07:42] [70/455] MERM
[07:07:43] 🔄 Identity reset
[07:07:43] 🔄 Identity rotated (every 10 requests)
[07:07:43] [71/455] PVMS
[07:07:44] [72/455] CIGK
[07:07:45] [73/455] INSG
[07:07:46] [74/455] IDEN
[07:07:47] [75/455] MCGN
[07:07:48] [76/455] IGAM
[07:07:49] [77/455] SLCU
[07:07:50] [78/455] MIMU
[07:07:51] [79/455] QLAC
[07:07:52] [80/455] MENL
[07:07:52] 🔄 Identity reset
[07:07:52] 🔄 Identity rotated (every 10 requests)
[07:07:54] [81/455] SCUR
[07:07:55] [82/455] MDGD
[07:07:56] [83/455] LSRS
[07:07:57] [84/455] KMLG
[07:07:57] [85/455] MKLJ
[07:07:58] [86/455] IBYG
[07:07:59] [87/455] ISML
[07:08:00] [88/455] MJMM
[07:08:01] [89/455] RCGD
[07:08:02] [90/455] MMOC
[07:08:03] 🔄 Identity reset
[07:08:03] 🔄 Identity rotated (every 10 requests)
[07:08:04] [91/455] RRCO
[07:08:05] [92/455] MEDM
[07:08:06] [93/455] MCAZ
[07:08:07] [94/455] STWA
[07:08:08] [95/455] PFFG
[07:08:09] [96/455] GAGC
[07:08:09] [97/455] PMPM
[07:08:10] [98/455] HVCD
[07:08:11] [99/455] AKRF
[07:08:12] [100/455] AKRC
[07:08:13] 🔄 Identity reset
[07:08:13] 🔄 Identity rotated (every 10 requests)
[07:08:13] [101/455] MIDA
[07:08:14] [102/455] MAGX
[07:08:15] [103/455] ESOS
[07:08:17] [104/455] BBCL
[07:08:18] [105/455] LYAS
[07:08:19] [106/455] NRMS
[07:08:20] [107/455] BHUC
[07:08:21] [108/455] SRIC
[07:08:23] [109/455] PDME
[07:08:24] [110/455] MJCS
[07:08:25] 🔄 Identity reset
[07:08:25] 🔄 Identity rotated (every 10 requests)
[07:08:25] [111/455] NRAA
[07:08:26] [112/455] VATA
[07:08:27] [113/455] MNKC
[07:08:27] [114/455] DHCL
[07:08:28] [115/455] JCPC
[07:08:30] [116/455] CTML
[07:08:30] [117/455] RMMR
[07:08:31] [118/455] STTL
[07:08:32] [119/455] CNPS
[07:08:34] [120/455] ACKL
[07:08:35] 🔄 Identity reset
[07:08:35] 🔄 Identity rotated (every 10 requests)
[07:08:35] [121/455] SCAU
[07:08:36] [122/455] RMIA
[07:08:38] [123/455] MANU
[07:08:39] [124/455] ARDC
[07:08:40] [125/455] GLDA
[07:08:41] [126/455] KVSW
[07:08:42] [127/455] CGCA
[07:08:43] [128/455] CMLO
[07:08:44] [129/455] CECB
[07:08:45] [130/455] RCPN
[07:08:46] 🔄 Identity reset
[07:08:46] 🔄 Identity rotated (every 10 requests)
[07:08:47] [131/455] ASMW
[07:08:48] [132/455] PWLM
[07:08:49] [133/455] ASGM
[07:08:50] [134/455] ACWH
[07:08:51] [135/455] AAPW
[07:08:52] [136/455] RTWA
[07:08:53] [137/455] RAMW
[07:08:54] [138/455] VKTR
[07:08:55] [139/455] SMBH
[07:08:57] [140/455] BVDR
[07:08:57] 🔄 Identity reset
[07:08:57] 🔄 Identity rotated (every 10 requests)
[07:08:57] [141/455] MRTP
[07:08:58] [142/455] BLBR
[07:09:00] [143/455] LPIN
[07:09:01] [144/455] SNPC
[07:09:02] [145/455] PDCB
[07:09:02] [146/455] DYPK
[07:09:03] [147/455] INMK
[07:09:05] [148/455] PDCK
[07:09:06] [149/455] PCKR
[07:09:07] [150/455] SHUA
[07:09:08] 🔄 Identity reset
[07:09:08] 🔄 Identity rotated (every 10 requests)
[07:09:08] [151/455] SCVK
[07:09:09] [152/455] STPA
[07:09:11] [153/455] WVHD
[07:09:12] [154/455] MRCH
[07:09:12] [155/455] MCNP
[07:09:14] [156/455] RCAG
[07:09:15] [157/455] JTSN
[07:09:16] [158/455] AANS
[07:09:18] [159/455] GDDR
[07:09:19] [160/455] SRER
[07:09:19] 🔄 Identity reset
[07:09:19] 🔄 Identity rotated (every 10 requests)
[07:09:20] [161/455] JKMA
[07:09:22] [162/455] ARAN
[07:09:23] [163/455] ALCT
[07:09:24] [164/455] CCTA
[07:09:25] [165/455] CNCT
[07:09:26] [166/455] NZBL
[07:09:28] [167/455] SRRA
[07:09:29] [168/455] SVPW
[07:09:30] [169/455] SRTW
[07:09:31] [170/455] XMTD
[07:09:32] 🔄 Identity reset
[07:09:32] 🔄 Identity rotated (every 10 requests)
[07:09:32] [171/455] SCCZ
[07:09:33] [172/455] PBCR
[07:09:34] [173/455] RTSC
[07:09:35] [174/455] TLSV
[07:09:36] [175/455] RMTK
[07:09:37] [176/455] SRAT
[07:09:38] [177/455] GCYC
[07:09:39] [178/455] HCAJ
[07:09:41] [179/455] LCXA
[07:09:42] [180/455] BINT
[07:09:42] 🔄 Identity reset
[07:09:42] 🔄 Identity rotated (every 10 requests)
[07:09:43] [181/455] IXIM
[07:09:44] [182/455] MBCR
[07:09:45] [183/455] BMCJ
[07:09:46] [184/455] NICJ
[07:09:48] [185/455] SCAJ
[07:09:49] [186/455] CMXS
[07:09:50] [187/455] MMSR
[07:09:51] [188/455] PRKT
[07:09:52] [189/455] LPTH
[07:09:53] [190/455] SARP
[07:09:53] 🔄 Identity reset
[07:09:53] 🔄 Identity rotated (every 10 requests)
[07:09:54] [191/455] MNPP
[07:09:55] [192/455] PRLR
[07:09:56] [193/455] RCMW
[07:09:57] [194/455] FCMG
[07:09:58] [195/455] RTNK
[07:09:59] [196/455] LRCP
[07:10:00] [197/455] DBJR
[07:10:01] [198/455] CACN
[07:10:02] [199/455] AMRL
[07:10:04] [200/455] SBBC
[07:10:04] 🔄 Identity reset
[07:10:04] 🔄 Identity rotated (every 10 requests)
[07:10:05] [201/455] VENN
[07:10:06] [202/455] STSS
[07:10:07] [203/455] SMRB
[07:10:07] [204/455] CCMX
[07:10:09] [205/455] KCMR
[07:10:09] [206/455] SALH
[07:10:10] [207/455] CGTT
[07:10:11] [208/455] PMDR
[07:10:12] [209/455] VCPM
[07:10:13] [210/455] RZMX
[07:10:14] 🔄 Identity reset
[07:10:14] 🔄 Identity rotated (every 10 requests)
[07:10:14] [211/455] TMSY
[07:10:15] [212/455] NTMS
[07:10:16] [213/455] VTAG
[07:10:17] [214/455] REMA
[07:10:18] [215/455] NXCC
[07:10:19] [216/455] SKYM
[07:10:19] [217/455] CCMO
[07:10:20] [218/455] DMXM
[07:10:21] [219/455] SPPM
[07:10:22] [220/455] PTKL
[07:10:23] 🔄 Identity reset
[07:10:23] 🔄 Identity rotated (every 10 requests)
[07:10:23] [221/455] SLVO
[07:10:24] [222/455] VASL
[07:10:26] [223/455] CBCM
[07:10:27] [224/455] STMA
[07:10:28] [225/455] LASK
[07:10:29] [226/455] VITE
[07:10:30] [227/455] AAST
[07:10:31] [228/455] JTPT
[07:10:32] [229/455] RRSH
[07:10:33] [230/455] CINL
[07:10:34] 🔄 Identity reset
[07:10:34] 🔄 Identity rotated (every 10 requests)
[07:10:34] [231/455] MCSR
[07:10:35] [232/455] SBCF
[07:10:36] [233/455] GCDU
[07:10:37] [234/455] PSPR
[07:10:38] [235/455] IMMO
[07:10:39] [236/455] CLGM
[07:10:40] [237/455] PBMM
[07:10:41] [238/455] CEHR
[07:10:42] [239/455] CPOE
[07:10:43] [240/455] PGFD
[07:10:44] 🔄 Identity reset
[07:10:44] 🔄 Identity rotated (every 10 requests)
[07:10:44] [241/455] PSLC
[07:10:45] [242/455] MSMD
[07:10:46] [243/455] FMFB
[07:10:47] [244/455] RKCL
[07:10:48] [245/455] PMMC
[07:10:49] [246/455] SKMM
[07:10:50] [247/455] VOIB
[07:10:51] [248/455] KINO
[07:10:52] [249/455] VCTP
[07:10:53] [250/455] PDWR
[07:10:53] 🔄 Identity reset
[07:10:53] 🔄 Identity rotated (every 10 requests)
[07:10:54] [251/455] SAED
[07:10:54] [252/455] SRRT
[07:10:56] [253/455] CVLG
[07:10:57] [254/455] SNGN
[07:10:58] [255/455] SIDA
[07:10:59] [256/455] IMCB
[07:11:00] [257/455] SMHP
[07:11:01] [258/455] GDTY
[07:11:02] [259/455] VYCH
[07:11:03] [260/455] PDYA
[07:11:03] 🔄 Identity reset
[07:11:04] 🔄 Identity rotated (every 10 requests)
[07:11:04] [261/455] RKDO
[07:11:05] [262/455] VECG
[07:11:06] [263/455] NFGD
[07:11:07] [264/455] SNDC
[07:11:08] [265/455] SDJH
[07:11:09] [266/455] HASV
[07:11:10] [267/455] PTYK
[07:11:11] [268/455] MUTB
[07:11:12] [269/455] AMRT
[07:11:13] [270/455] VACD
[07:11:13] 🔄 Identity reset
[07:11:13] 🔄 Identity rotated (every 10 requests)
[07:11:14] [271/455] SKDD
[07:11:16] [272/455] STGR
[07:11:17] [273/455] GDAK
[07:11:18] [274/455] SKHK
[07:11:20] [275/455] SLND
[07:11:21] [276/455] APAP
[07:11:22] [277/455] AYYA
[07:11:24] [278/455] VCCZ
[07:11:25] [279/455] MEML
[07:11:26] [280/455] MAOU
[07:11:26] 🔄 Identity reset
[07:11:26] 🔄 Identity rotated (every 10 requests)
[07:11:27] [281/455] ESND
[07:11:27] [282/455] PTBZ
[07:11:28] [283/455] LBCN
[07:11:29] [284/455] PAWA
[07:11:30] [285/455] ZEIC
[07:11:31] [286/455] CGMM
[07:11:32] [287/455] PJPM
[07:11:33] [288/455] ECMR
[07:11:34] [289/455] SHMZ
[07:11:35] [290/455] STCA
[07:11:35] 🔄 Identity reset
[07:11:35] 🔄 Identity rotated (every 10 requests)
[07:11:36] [291/455] VDRC
[07:11:37] [292/455] SEEM
[07:11:38] [293/455] MKNS
[07:11:39] [294/455] KPPP
[07:11:39] [295/455] CCML
[07:11:40] [296/455] CIBA
[07:11:41] [297/455] NACS
[07:11:43] [298/455] CTMK
[07:11:44] [299/455] CTCT
[07:11:45] [300/455] MCSN
[07:11:46] 🔄 Identity reset
[07:11:46] 🔄 Identity rotated (every 10 requests)
[07:11:47] [301/455] MAXX
[07:11:47] [302/455] MECB
[07:11:49] [303/455] NTBY
[07:11:50] [304/455] UTBI
[07:11:51] [305/455] RADK
[07:11:52] [306/455] STBY
[07:11:53] [307/455] GTBY
[07:11:54] [308/455] RRMB
[07:11:54] [309/455] ABRN
[07:11:55] [310/455] GTSG
[07:11:56] 🔄 Identity reset
[07:11:56] 🔄 Identity rotated (every 10 requests)
[07:11:56] [311/455] GBTG
[07:11:57] [312/455] SBGS
[07:11:59] [313/455] KBPM
[07:12:00] [314/455] SMHT
[07:12:01] [315/455] VTDM
[07:12:02] [316/455] ASCT
[07:12:03] [317/455] AWCT
[07:12:04] [318/455] DCCU
[07:12:05] [319/455] PSCE
[07:12:06] [320/455] KSNY
[07:12:07] 🔄 Identity reset
[07:12:07] 🔄 Identity rotated (every 10 requests)
[07:12:07] [321/455] ACID
[07:12:08] [322/455] LVCD
[07:12:09] [323/455] KSSB
[07:12:11] [324/455] SWTD
[07:12:12] [325/455] RBMR
[07:12:13] [326/455] SCBC
[07:12:14] [327/455] RKME
[07:12:16] [328/455] GALX
[07:12:17] [329/455] GCCH
[07:12:18] [330/455] RATR
[07:12:18] 🔄 Identity reset
[07:12:18] 🔄 Identity rotated (every 10 requests)
[07:12:19] [331/455] GTGA
[07:12:20] [332/455] LTTR
[07:12:21] [333/455] TTAA
[07:12:21] [334/455] TVHP
[07:12:22] [335/455] KVCS
[07:12:23] [336/455] CBMC
[07:12:24] [337/455] MAYJ
[07:12:25] [338/455] INPR
[07:12:26] [339/455] RSSC
[07:12:27] [340/455] PCAN
[07:12:27] 🔄 Identity reset
[07:12:27] 🔄 Identity rotated (every 10 requests)
[07:12:28] [341/455] PVHR
[07:12:29] [342/455] AGSM
[07:12:30] [343/455] PVES
[07:12:30] [344/455] INTO
[07:12:31] [345/455] ACON
[07:12:32] [346/455] PVPZ
[07:12:33] [347/455] PVHC
[07:12:34] [348/455] KSTK
[07:12:35] [349/455] PVSR
[07:12:36] [350/455] ACTN
[07:12:37] 🔄 Identity reset
[07:12:37] 🔄 Identity rotated (every 10 requests)
[07:12:37] [351/455] FMCN
[07:12:38] [352/455] PABC
[07:12:40] [353/455] SUTC
[07:12:41] [354/455] PGMV
[07:12:42] [355/455] GKCP
[07:12:44] [356/455] INCH
[07:12:45] [357/455] MLMT
[07:12:46] [358/455] SSCC
[07:12:47] [359/455] SLMP
[07:12:47] [360/455] VVTN
[07:12:48] 🔄 Identity reset
[07:12:48] 🔄 Identity rotated (every 10 requests)
[07:12:48] [361/455] SBTR
[07:12:49] [362/455] PGRA
[07:12:50] [363/455] PBRM
[07:12:51] [364/455] GCRP
[07:12:52] [365/455] MCSK
[07:12:53] [366/455] NLTC
[07:12:54] [367/455] MTLM
[07:12:55] [368/455] VECT
[07:12:56] [369/455] KMRM
[07:12:57] [370/455] RACM
[07:12:57] 🔄 Identity reset
[07:12:58] 🔄 Identity rotated (every 10 requests)
[07:12:58] [371/455] WSTC
[07:12:59] [372/455] PVTJ
[07:13:00] [373/455] MMKC
[07:13:01] [374/455] SVWT
[07:13:02] [375/455] JOTG
[07:13:03] [376/455] VCDK
[07:13:04] [377/455] ANAC
[07:13:05] [378/455] GRTC
[07:13:06] [379/455] JTPL
[07:13:07] [380/455] VRCP
[07:13:07] 🔄 Identity reset
[07:13:07] 🔄 Identity rotated (every 10 requests)
[07:13:08] [381/455] REMC
[07:13:09] [382/455] ATMG
[07:13:10] [383/455] GAHC
[07:13:10] [384/455] JTMV
[07:13:11] [385/455] OMTT
[07:13:12] [386/455] GKKC
[07:13:13] [387/455] BBPO
[07:13:14] [388/455] ZCBB
[07:13:15] [389/455] DCGO
[07:13:16] [390/455] STOP
[07:13:16] 🔄 Identity reset
[07:13:16] 🔄 Identity rotated (every 10 requests)
[07:13:17] [391/455] BSPC
[07:13:18] [392/455] SOND
[07:13:18] [393/455] GCKG
[07:13:19] [394/455] PCDB
[07:13:20] [395/455] PGRC
[07:13:21] [396/455] CSCT
[07:13:23] [397/455] STDA
[07:13:24] [398/455] JAYD
[07:13:25] [399/455] PPPD
[07:13:26] [400/455] KRTT
[07:13:26] 🔄 Identity reset
[07:13:26] 🔄 Identity rotated (every 10 requests)
[07:13:27] [401/455] PTDT
[07:13:27] [402/455] TRSV
[07:13:28] [403/455] VELR
[07:13:29] [404/455] STDT
[07:13:30] [405/455] SATT
[07:13:31] [406/455] KCPM
[07:13:33] [407/455] MFCP
[07:13:34] [408/455] AXMP
[07:13:35] [409/455] LTVB
[07:13:35] [410/455] APST
[07:13:36] 🔄 Identity reset
[07:13:36] 🔄 Identity rotated (every 10 requests)
[07:13:36] [411/455] DTVP
[07:13:37] [412/455] AAVB
[07:13:38] [413/455] PMBL
[07:13:39] [414/455] STKC
[07:13:40] [415/455] KKMA
[07:13:41] [416/455] NMXS
[07:13:42] [417/455] DECX
[07:13:43] [418/455] MAPJ
[07:13:45] [419/455] SMLK
[07:13:46] [420/455] PMPU
[07:13:46] 🔄 Identity reset
[07:13:46] 🔄 Identity rotated (every 10 requests)
[07:13:47] [421/455] AFST
[07:13:48] [422/455] SRSY
[07:13:48] [423/455] RMKT
[07:13:49] [424/455] RAJX
[07:13:50] [425/455] UVCD
[07:13:51] [426/455] LISA
[07:13:52] [427/455] LMSR
[07:13:53] [428/455] PMCA
[07:13:54] [429/455] INPO
[07:13:55] [430/455] INGO
[07:13:55] 🔄 Identity reset
[07:13:55] 🔄 Identity rotated (every 10 requests)
[07:13:56] [431/455] HFSQ
[07:13:57] [432/455] INMG
[07:13:58] [433/455] NYCP
[07:13:59] [434/455] HFSV
[07:14:01] [435/455] MMZP
[07:14:02] [436/455] KSES
[07:14:04] [437/455] HFSA
[07:14:04] [438/455] ACMM
[07:14:05] [439/455] RCKD
[07:14:06] [440/455] BCKR
[07:14:07] 🔄 Identity reset
[07:14:07] 🔄 Identity rotated (every 10 requests)
[07:14:07] [441/455] SFCO
[07:14:08] [442/455] JCCB
[07:14:09] [443/455] BCCR
[07:14:10] [444/455] NWCB
[07:14:11] [445/455] SAMT
[07:14:12] [446/455] TMST
[07:14:13] [447/455] SJCN
[07:14:14] [448/455] MCBS
[07:14:15] [449/455] CMKR
[07:14:16] [450/455] INPM
[07:14:16] 🔄 Identity reset
[07:14:16] 🔄 Identity rotated (every 10 requests)
[07:14:17] [451/455] WVMT
[07:14:19] [452/455] NYSM
[07:14:21] [453/455] RCMA
[07:14:22] [454/455] RECM
[07:14:23] [455/455] CYCM
[07:14:24] ✅ DONE | Shows=678 | Movies=49
[08:06:48] 🚀 BMS DAILY TRACKER STARTED (enhanced anti‑detection)
[08:06:48] [1/455] MXGN
[08:06:48] 🧠 New identity created
[08:06:48] [2/455] PGGM
[08:06:49] [3/455] IPMJ
[08:06:50] [4/455] M2PP
[08:06:50] [5/455] PMMS
[08:06:51] [6/455] SCJN
[08:06:52] [7/455] CPUM
[08:06:53] [8/455] SCND
[08:06:54] [9/455] INWM
[08:06:54] [10/455] DVDC
[08:06:55] 🔄 Identity reset
[08:06:55] 🔄 Identity rotated (every 10 requests)
[08:06:55] [11/455] WVND
[08:06:57] [12/455] LBDL
[08:06:58] [13/455] CRGM
[08:06:59] [14/455] PVKS
[08:07:00] [15/455] PBLL
[08:07:01] [16/455] FNLN
[08:07:02] [17/455] PPDA
[08:07:03] [18/455] SCPT
[08:07:04] [19/455] IAJS
[08:07:05] [20/455] MMZG
[08:07:06] 🔄 Identity reset
[08:07:06] 🔄 Identity rotated (every 10 requests)
[08:07:06] [21/455] MCTI
[08:07:07] [22/455] PPMF
[08:07:08] [23/455] FNSD
[08:07:08] [24/455] M2RH
[08:07:09] [25/455] CPGV
[08:07:10] [26/455] PECD
[08:07:10] [27/455] CTEE
[08:07:11] [28/455] IOMG
[08:07:11] [29/455] CIJA
[08:07:12] [30/455] NYCG
[08:07:13] 🔄 Identity reset
[08:07:13] 🔄 Identity rotated (every 10 requests)
[08:07:13] [31/455] CEST
[08:07:14] [32/455] WVRG
[08:07:15] [33/455] DPDC
[08:07:15] [34/455] PDIV
[08:07:16] [35/455] MTPP
[08:07:17] [36/455] MHNU
[08:07:17] [37/455] WUPG
[08:07:18] [38/455] USCO
[08:07:19] [39/455] INFR
[08:07:20] [40/455] PVPD
[08:07:21] 🔄 Identity reset
[08:07:21] 🔄 Identity rotated (every 10 requests)
[08:07:22] [41/455] RONC
[08:07:23] [42/455] IOCP
[08:07:24] [43/455] EMPS
[08:07:26] [44/455] PNAD
[08:07:27] [45/455] VVGZ
[08:07:28] [46/455] MDDC
[08:07:30] [47/455] MMAP
[08:07:31] [48/455] GPDC
[08:07:32] [49/455] PVPU
[08:07:34] [50/455] DCMV
[08:07:35] 🔄 Identity reset
[08:07:35] 🔄 Identity rotated (every 10 requests)
[08:07:35] [51/455] PCCF
[08:07:36] [52/455] MCEF
[08:07:37] [53/455] INRD
[08:07:38] [54/455] CCPZ
[08:07:39] [55/455] BCWG
[08:07:41] [56/455] PMGU
[08:07:42] [57/455] MCVM
[08:07:44] [58/455] MCDE
[08:07:45] [59/455] IEFM
[08:07:46] [60/455] MXCS
[08:07:47] 🔄 Identity reset
[08:07:47] 🔄 Identity rotated (every 10 requests)
[08:07:48] [61/455] RNMT
[08:07:49] [62/455] PSDD
[08:07:50] [63/455] PETA
[08:07:51] [64/455] IZOP
[08:07:52] [65/455] PDEI
[08:07:53] [66/455] MTND
[08:07:54] [67/455] PCPL
[08:07:55] [68/455] LSCM
[08:07:56] [69/455] BTFD
[08:07:56] [70/455] MERM
[08:07:57] 🔄 Identity reset
[08:07:57] 🔄 Identity rotated (every 10 requests)
[08:07:58] [71/455] PVMS
[08:07:59] [72/455] CIGK
[08:08:00] [73/455] INSG
[08:08:01] [74/455] IDEN
[08:08:02] [75/455] MCGN
[08:08:04] [76/455] IGAM
[08:08:04] [77/455] SLCU
[08:08:06] [78/455] MIMU
[08:08:07] [79/455] QLAC
[08:08:09] [80/455] MENL
[08:08:10] 🔄 Identity reset
[08:08:10] 🔄 Identity rotated (every 10 requests)
[08:08:10] [81/455] SCUR
[08:08:11] [82/455] MDGD
[08:08:12] [83/455] LSRS
[08:08:12] [84/455] KMLG
[08:08:13] [85/455] MKLJ
[08:08:14] [86/455] IBYG
[08:08:15] [87/455] ISML
[08:08:15] [88/455] MJMM
[08:08:16] [89/455] RCGD
[08:08:17] [90/455] MMOC
[08:08:17] 🔄 Identity reset
[08:08:17] 🔄 Identity rotated (every 10 requests)
[08:08:17] [91/455] RRCO
[08:08:18] [92/455] MEDM
[08:08:18] [93/455] MCAZ
[08:08:19] [94/455] STWA
[08:08:20] [95/455] PFFG
[08:08:21] [96/455] GAGC
[08:08:22] [97/455] PMPM
[08:08:22] [98/455] HVCD
[08:08:23] [99/455] AKRF
[08:08:24] [100/455] AKRC
[08:08:24] 🔄 Identity reset
[08:08:24] 🔄 Identity rotated (every 10 requests)
[08:08:25] [101/455] MIDA
[08:08:25] [102/455] MAGX
[08:08:26] [103/455] ESOS
[08:08:27] [104/455] BBCL
[08:08:28] [105/455] LYAS
[08:08:28] [106/455] NRMS
[08:08:29] [107/455] BHUC
[08:08:30] [108/455] SRIC
[08:08:30] [109/455] PDME
[08:08:31] [110/455] MJCS
[08:08:32] 🔄 Identity reset
[08:08:32] 🔄 Identity rotated (every 10 requests)
[08:08:32] [111/455] NRAA
[08:08:33] [112/455] VATA
[08:08:33] [113/455] MNKC
[08:08:34] [114/455] DHCL
[08:08:35] [115/455] JCPC
[08:08:35] [116/455] CTML
[08:08:36] [117/455] RMMR
[08:08:37] [118/455] STTL
[08:08:38] [119/455] CNPS
[08:08:39] [120/455] ACKL
[08:08:39] 🔄 Identity reset
[08:08:39] 🔄 Identity rotated (every 10 requests)
[08:08:40] [121/455] SCAU
[08:08:40] [122/455] RMIA
[08:08:41] [123/455] MANU
[08:08:42] [124/455] ARDC
[08:08:43] [125/455] GLDA
[08:08:44] [126/455] KVSW
[08:08:44] [127/455] CGCA
[08:08:45] [128/455] CMLO
[08:08:46] [129/455] CECB
[08:08:46] [130/455] RCPN
[08:08:47] 🔄 Identity reset
[08:08:47] 🔄 Identity rotated (every 10 requests)
[08:08:47] [131/455] ASMW
[08:08:49] [132/455] PWLM
[08:08:50] [133/455] ASGM
[08:08:51] [134/455] ACWH
[08:08:52] [135/455] AAPW
[08:08:53] [136/455] RTWA
[08:08:55] [137/455] RAMW
[08:08:56] [138/455] VKTR
[08:08:57] [139/455] SMBH
[08:08:58] [140/455] BVDR
[08:08:58] 🔄 Identity reset
[08:08:58] 🔄 Identity rotated (every 10 requests)
[08:09:00] [141/455] MRTP
[08:09:00] [142/455] BLBR
[08:09:01] [143/455] LPIN
[08:09:02] [144/455] SNPC
[08:09:03] [145/455] PDCB
[08:09:03] [146/455] DYPK
[08:09:04] [147/455] INMK
[08:09:05] [148/455] PDCK
[08:09:05] [149/455] PCKR
[08:09:06] [150/455] SHUA
[08:09:06] 🔄 Identity reset
[08:09:06] 🔄 Identity rotated (every 10 requests)
[08:09:07] [151/455] SCVK
[08:09:08] [152/455] STPA
[08:09:10] [153/455] WVHD
[08:09:11] [154/455] MRCH
[08:09:12] [155/455] MCNP
[08:09:14] [156/455] RCAG
[08:09:15] [157/455] JTSN
[08:09:16] [158/455] AANS
[08:09:17] [159/455] GDDR
[08:09:19] [160/455] SRER
[08:09:19] 🔄 Identity reset
[08:09:19] 🔄 Identity rotated (every 10 requests)
[08:09:20] [161/455] JKMA
[08:09:21] [162/455] ARAN
[08:09:22] [163/455] ALCT
[08:09:23] [164/455] CCTA
[08:09:24] [165/455] CNCT
[08:09:24] [166/455] NZBL
[08:09:25] [167/455] SRRA
[08:09:26] [168/455] SVPW
[08:09:27] [169/455] SRTW
[08:09:27] [170/455] XMTD
[08:09:28] 🔄 Identity reset
[08:09:28] 🔄 Identity rotated (every 10 requests)
[08:09:29] [171/455] SCCZ
[08:09:30] [172/455] PBCR
[08:09:31] [173/455] RTSC
[08:09:32] [174/455] TLSV
[08:09:33] [175/455] RMTK
[08:09:34] [176/455] SRAT
[08:09:35] [177/455] GCYC
[08:09:36] [178/455] HCAJ
[08:09:37] [179/455] LCXA
[08:09:38] [180/455] BINT
[08:09:39] 🔄 Identity reset
[08:09:39] 🔄 Identity rotated (every 10 requests)
[08:09:39] [181/455] IXIM
[08:09:40] [182/455] MBCR
[08:09:40] [183/455] BMCJ
[08:09:41] [184/455] NICJ
[08:09:42] [185/455] SCAJ
[08:09:43] [186/455] CMXS
[08:09:44] [187/455] MMSR
[08:09:45] [188/455] PRKT
[08:09:45] [189/455] LPTH
[08:09:46] [190/455] SARP
[08:09:46] 🔄 Identity reset
[08:09:47] 🔄 Identity rotated (every 10 requests)
[08:09:47] [191/455] MNPP
[08:09:48] [192/455] PRLR
[08:09:49] [193/455] RCMW
[08:09:50] [194/455] FCMG
[08:09:50] [195/455] RTNK
[08:09:51] [196/455] LRCP
[08:09:53] [197/455] DBJR
[08:09:53] [198/455] CACN
[08:09:54] [199/455] AMRL
[08:09:56] [200/455] SBBC
[08:09:57] 🔄 Identity reset
[08:09:57] 🔄 Identity rotated (every 10 requests)
[08:09:58] [201/455] VENN
[08:09:59] [202/455] STSS
[08:09:59] [203/455] SMRB
[08:10:00] [204/455] CCMX
[08:10:01] [205/455] KCMR
[08:10:03] [206/455] SALH
[08:10:04] [207/455] CGTT
[08:10:05] [208/455] PMDR
[08:10:06] [209/455] VCPM
[08:10:08] [210/455] RZMX
[08:10:08] 🔄 Identity reset
[08:10:08] 🔄 Identity rotated (every 10 requests)
[08:10:09] [211/455] TMSY
[08:10:10] [212/455] NTMS
[08:10:11] [213/455] VTAG
[08:10:12] [214/455] REMA
[08:10:13] [215/455] NXCC
[08:10:14] [216/455] SKYM
[08:10:15] [217/455] CCMO
[08:10:16] [218/455] DMXM
[08:10:17] [219/455] SPPM
[08:10:19] [220/455] PTKL
[08:10:19] 🔄 Identity reset
[08:10:19] 🔄 Identity rotated (every 10 requests)
[08:10:19] [221/455] SLVO
[08:10:20] [222/455] VASL
[08:10:21] [223/455] CBCM
[08:10:22] [224/455] STMA
[08:10:23] [225/455] LASK
[08:10:23] [226/455] VITE
[08:10:24] [227/455] AAST
[08:10:25] [228/455] JTPT
[08:10:25] [229/455] RRSH
[08:10:26] [230/455] CINL
[08:10:27] 🔄 Identity reset
[08:10:27] 🔄 Identity rotated (every 10 requests)
[08:10:27] [231/455] MCSR
[08:10:28] [232/455] SBCF
[08:10:29] [233/455] GCDU
[08:10:30] [234/455] PSPR
[08:10:32] [235/455] IMMO
[08:10:33] [236/455] CLGM
[08:10:34] [237/455] PBMM
[08:10:35] [238/455] CEHR
[08:10:36] [239/455] CPOE
[08:10:37] [240/455] PGFD
[08:10:38] 🔄 Identity reset
[08:10:38] 🔄 Identity rotated (every 10 requests)
[08:10:39] [241/455] PSLC
[08:10:40] [242/455] MSMD
[08:10:41] [243/455] FMFB
[08:10:42] [244/455] RKCL
[08:10:43] [245/455] PMMC
[08:10:45] [246/455] SKMM
[08:10:46] [247/455] VOIB
[08:10:47] [248/455] KINO
[08:10:47] [249/455] VCTP
[08:10:49] [250/455] PDWR
[08:10:50] 🔄 Identity reset
[08:10:50] 🔄 Identity rotated (every 10 requests)
[08:10:50] [251/455] SAED
[08:10:51] [252/455] SRRT
[08:10:52] [253/455] CVLG
[08:10:52] [254/455] SNGN
[08:10:53] [255/455] SIDA
[08:10:54] [256/455] IMCB
[08:10:55] [257/455] SMHP
[08:10:56] [258/455] GDTY
[08:10:57] [259/455] VYCH
[08:10:58] [260/455] PDYA
[08:10:59] 🔄 Identity reset
[08:10:59] 🔄 Identity rotated (every 10 requests)
[08:10:59] [261/455] RKDO
[08:11:00] [262/455] VECG
[08:11:01] [263/455] NFGD
[08:11:02] [264/455] SNDC
[08:11:02] [265/455] SDJH
[08:11:03] [266/455] HASV
[08:11:04] [267/455] PTYK
[08:11:05] [268/455] MUTB
[08:11:06] [269/455] AMRT
[08:11:07] [270/455] VACD
[08:11:07] 🔄 Identity reset
[08:11:07] 🔄 Identity rotated (every 10 requests)
[08:11:08] [271/455] SKDD
[08:11:08] [272/455] STGR
[08:11:09] [273/455] GDAK
[08:11:10] [274/455] SKHK
[08:11:11] [275/455] SLND
[08:11:12] [276/455] APAP
[08:11:13] [277/455] AYYA
[08:11:14] [278/455] VCCZ
[08:11:15] [279/455] MEML
[08:11:16] [280/455] MAOU
[08:11:16] 🔄 Identity reset
[08:11:16] 🔄 Identity rotated (every 10 requests)
[08:11:17] [281/455] ESND
[08:11:19] [282/455] PTBZ
[08:11:20] [283/455] LBCN
[08:11:21] [284/455] PAWA
[08:11:23] [285/455] ZEIC
[08:11:24] [286/455] CGMM
[08:11:25] [287/455] PJPM
[08:11:25] [288/455] ECMR
[08:11:26] [289/455] SHMZ
[08:11:27] [290/455] STCA
[08:11:28] 🔄 Identity reset
[08:11:28] 🔄 Identity rotated (every 10 requests)
[08:11:28] [291/455] VDRC
[08:11:29] [292/455] SEEM
[08:11:30] [293/455] MKNS
[08:11:30] [294/455] KPPP
[08:11:31] [295/455] CCML
[08:11:32] [296/455] CIBA
[08:11:33] [297/455] NACS
[08:11:34] [298/455] CTMK
[08:11:35] [299/455] CTCT
[08:11:36] [300/455] MCSN
[08:11:37] 🔄 Identity reset
[08:11:37] 🔄 Identity rotated (every 10 requests)
[08:11:37] [301/455] MAXX
[08:11:38] [302/455] MECB
[08:11:39] [303/455] NTBY
[08:11:40] [304/455] UTBI
[08:11:40] [305/455] RADK
[08:11:41] [306/455] STBY
[08:11:42] [307/455] GTBY
[08:11:43] [308/455] RRMB
[08:11:43] [309/455] ABRN
[08:11:45] [310/455] GTSG
[08:11:45] 🔄 Identity reset
[08:11:45] 🔄 Identity rotated (every 10 requests)
[08:11:45] [311/455] GBTG
[08:11:46] [312/455] SBGS
[08:11:47] [313/455] KBPM
[08:11:48] [314/455] SMHT
[08:11:50] [315/455] VTDM
[08:11:50] [316/455] ASCT
[08:11:51] [317/455] AWCT
[08:11:52] [318/455] DCCU
[08:11:54] [319/455] PSCE
[08:11:55] [320/455] KSNY
[08:11:55] 🔄 Identity reset
[08:11:55] 🔄 Identity rotated (every 10 requests)
[08:11:57] [321/455] ACID
[08:11:57] [322/455] LVCD
[08:11:58] [323/455] KSSB
[08:12:00] [324/455] SWTD
[08:12:01] [325/455] RBMR
[08:12:02] [326/455] SCBC
[08:12:03] [327/455] RKME
[08:12:04] [328/455] GALX
[08:12:04] [329/455] GCCH
[08:12:05] [330/455] RATR
[08:12:06] 🔄 Identity reset
[08:12:06] 🔄 Identity rotated (every 10 requests)
[08:12:06] [331/455] GTGA
[08:12:07] [332/455] LTTR
[08:12:08] [333/455] TTAA
[08:12:09] [334/455] TVHP
[08:12:10] [335/455] KVCS
[08:12:11] [336/455] CBMC
[08:12:12] [337/455] MAYJ
[08:12:13] [338/455] INPR
[08:12:13] [339/455] RSSC
[08:12:14] [340/455] PCAN
[08:12:15] 🔄 Identity reset
[08:12:15] 🔄 Identity rotated (every 10 requests)
[08:12:15] [341/455] PVHR
[08:12:16] [342/455] AGSM
[08:12:17] [343/455] PVES
[08:12:18] [344/455] INTO
[08:12:18] [345/455] ACON
[08:12:20] [346/455] PVPZ
[08:12:21] [347/455] PVHC
[08:12:22] [348/455] KSTK
[08:12:23] [349/455] PVSR
[08:12:23] [350/455] ACTN
[08:12:24] 🔄 Identity reset
[08:12:24] 🔄 Identity rotated (every 10 requests)
[08:12:24] [351/455] FMCN
[08:12:25] [352/455] PABC
[08:12:27] [353/455] SUTC
[08:12:28] [354/455] PGMV
[08:12:29] [355/455] GKCP
[08:12:30] [356/455] INCH
[08:12:31] [357/455] MLMT
[08:12:33] [358/455] SSCC
[08:12:34] [359/455] SLMP
[08:12:34] [360/455] VVTN
[08:12:35] 🔄 Identity reset
[08:12:35] 🔄 Identity rotated (every 10 requests)
[08:12:35] [361/455] SBTR
[08:12:36] [362/455] PGRA
[08:12:38] [363/455] PBRM
[08:12:39] [364/455] GCRP
[08:12:40] [365/455] MCSK
[08:12:40] [366/455] NLTC
[08:12:42] [367/455] MTLM
[08:12:44] [368/455] VECT
[08:12:45] [369/455] KMRM
[08:12:46] [370/455] RACM
[08:12:46] 🔄 Identity reset
[08:12:46] 🔄 Identity rotated (every 10 requests)
[08:12:47] [371/455] WSTC
[08:12:47] [372/455] PVTJ
[08:12:49] [373/455] MMKC
[08:12:50] [374/455] SVWT
[08:12:50] [375/455] JOTG
[08:12:51] [376/455] VCDK
[08:12:52] [377/455] ANAC
[08:12:53] [378/455] GRTC
[08:12:54] [379/455] JTPL
[08:12:55] [380/455] VRCP
[08:12:55] 🔄 Identity reset
[08:12:55] 🔄 Identity rotated (every 10 requests)
[08:12:56] [381/455] REMC
[08:12:56] [382/455] ATMG
[08:12:57] [383/455] GAHC
[08:12:59] [384/455] JTMV
[08:13:00] [385/455] OMTT
[08:13:01] [386/455] GKKC
[08:13:02] [387/455] BBPO
[08:13:02] [388/455] ZCBB
[08:13:04] [389/455] DCGO
[08:13:06] [390/455] STOP
[08:13:06] 🔄 Identity reset
[08:13:06] 🔄 Identity rotated (every 10 requests)
[08:13:06] [391/455] BSPC
[08:13:07] [392/455] SOND
[08:13:09] [393/455] GCKG
[08:13:09] [394/455] PCDB
[08:13:11] [395/455] PGRC
[08:13:13] [396/455] CSCT
[08:13:14] [397/455] STDA
[08:13:15] [398/455] JAYD
[08:13:16] [399/455] PPPD
[08:13:16] [400/455] KRTT
[08:13:17] 🔄 Identity reset
[08:13:17] 🔄 Identity rotated (every 10 requests)
[08:13:17] [401/455] PTDT
[08:13:19] [402/455] TRSV
[08:13:20] [403/455] VELR
[08:13:20] [404/455] STDT
[08:13:21] [405/455] SATT
[08:13:22] [406/455] KCPM
[08:13:23] [407/455] MFCP
[08:13:24] [408/455] AXMP
[08:13:25] [409/455] LTVB
[08:13:26] [410/455] APST
[08:13:26] 🔄 Identity reset
[08:13:26] 🔄 Identity rotated (every 10 requests)
[08:13:26] [411/455] DTVP
[08:13:27] [412/455] AAVB
[08:13:28] [413/455] PMBL
[08:13:30] [414/455] STKC
[08:13:31] [415/455] KKMA
[08:13:32] [416/455] NMXS
[08:13:33] [417/455] DECX
[08:13:34] [418/455] MAPJ
[08:13:35] [419/455] SMLK
[08:13:36] [420/455] PMPU
[08:13:36] 🔄 Identity reset
[08:13:36] 🔄 Identity rotated (every 10 requests)
[08:13:37] [421/455] AFST
[08:13:38] [422/455] SRSY
[08:13:40] [423/455] RMKT
[08:13:41] [424/455] RAJX
[08:13:42] [425/455] UVCD
[08:13:43] [426/455] LISA
[08:13:44] [427/455] LMSR
[08:13:46] [428/455] PMCA
[08:13:48] [429/455] INPO
[08:13:49] [430/455] INGO
[08:13:50] 🔄 Identity reset
[08:13:50] 🔄 Identity rotated (every 10 requests)
[08:13:50] [431/455] HFSQ
[08:13:51] [432/455] INMG
[08:13:53] [433/455] NYCP
[08:13:55] [434/455] HFSV
[08:13:56] [435/455] MMZP
[08:13:57] [436/455] KSES
[08:13:58] [437/455] HFSA
[08:13:59] [438/455] ACMM
[08:14:00] [439/455] RCKD
[08:14:01] [440/455] BCKR
[08:14:01] 🔄 Identity reset
[08:14:01] 🔄 Identity rotated (every 10 requests)
[08:14:03] [441/455] SFCO
[08:14:04] [442/455] JCCB
[08:14:04] [443/455] BCCR
[08:14:06] [444/455] NWCB
[08:14:07] [445/455] SAMT
[08:14:08] [446/455] TMST
[08:14:10] [447/455] SJCN
[08:14:11] [448/455] MCBS
[08:14:11] [449/455] CMKR
[08:14:12] [450/455] INPM
[08:14:13] 🔄 Identity reset
[08:14:13] 🔄 Identity rotated (every 10 requests)
[08:14:13] [451/455] WVMT
[08:14:14] [452/455] NYSM
[08:14:15] [453/455] RCMA
[08:14:17] [454/455] RECM
[08:14:18] [455/455] CYCM
[08:14:19] ✅ DONE | Shows=943 | Movies=58
[08:26:36] 🚀 BMS DAILY TRACKER STARTED (enhanced anti‑detection)
[08:26:36] [1/455] MXGN
[08:26:37] 🧠 New identity created
[08:26:38] [2/455] PGGM
[08:26:39] [3/455] IPMJ
[08:26:40] [4/455] M2PP
[08:26:41] [5/455] PMMS
[08:26:42] [6/455] SCJN
[08:26:43] [7/455] CPUM
[08:26:44] [8/455] SCND
[08:26:46] [9/455] INWM
[08:26:47] [10/455] DVDC
[08:26:48] 🔄 Identity reset
[08:26:48] 🔄 Identity rotated (every 10 requests)
[08:26:48] [11/455] WVND
[08:26:50] [12/455] LBDL
[08:26:51] [13/455] CRGM
[08:26:52] [14/455] PVKS
[08:26:53] [15/455] PBLL
[08:26:54] [16/455] FNLN
[08:26:55] [17/455] PPDA
[08:26:56] [18/455] SCPT
[08:26:57] [19/455] IAJS
[08:26:59] [20/455] MMZG
[08:26:59] 🔄 Identity reset
[08:26:59] 🔄 Identity rotated (every 10 requests)
[08:26:59] [21/455] MCTI
[08:27:00] [22/455] PPMF
[08:27:01] [23/455] FNSD
[08:27:03] [24/455] M2RH
[08:27:04] [25/455] CPGV
[08:27:04] [26/455] PECD
[08:27:06] [27/455] CTEE
[08:27:07] [28/455] IOMG
[08:27:09] [29/455] CIJA
[08:27:09] [30/455] NYCG
[08:27:10] 🔄 Identity reset
[08:27:10] 🔄 Identity rotated (every 10 requests)
[08:27:10] [31/455] CEST
[08:27:11] [32/455] WVRG
[08:27:12] [33/455] DPDC
[08:27:13] [34/455] PDIV
[08:27:14] [35/455] MTPP
[08:27:15] [36/455] MHNU
[08:27:16] [37/455] WUPG
[08:27:17] [38/455] USCO
[08:27:18] [39/455] INFR
[08:27:19] [40/455] PVPD
[08:27:19] 🔄 Identity reset
[08:27:19] 🔄 Identity rotated (every 10 requests)
[08:27:20] [41/455] RONC
[08:27:22] [42/455] IOCP
[08:27:23] [43/455] EMPS
[08:27:24] [44/455] PNAD
[08:27:25] [45/455] VVGZ
[08:27:26] [46/455] MDDC
[08:27:27] [47/455] MMAP
[08:27:28] [48/455] GPDC
[08:27:30] [49/455] PVPU
[08:27:31] [50/455] DCMV
[08:27:32] 🔄 Identity reset
[08:27:32] 🔄 Identity rotated (every 10 requests)
[08:27:32] [51/455] PCCF
[08:27:33] [52/455] MCEF
[08:27:34] [53/455] INRD
[08:27:34] [54/455] CCPZ
[08:27:35] [55/455] BCWG
[08:27:36] [56/455] PMGU
[08:27:37] [57/455] MCVM
[08:27:38] [58/455] MCDE
[08:27:40] [59/455] IEFM
[08:27:41] [60/455] MXCS
[08:27:42] 🔄 Identity reset
[08:27:42] 🔄 Identity rotated (every 10 requests)
[08:27:43] [61/455] RNMT
[08:27:44] [62/455] PSDD
[08:27:45] [63/455] PETA
[08:27:47] [64/455] IZOP
[08:27:48] [65/455] PDEI
[08:27:49] [66/455] MTND
[08:27:50] [67/455] PCPL
[08:27:51] [68/455] LSCM
[08:27:52] [69/455] BTFD
[08:27:53] [70/455] MERM
[08:27:53] 🔄 Identity reset
[08:27:53] 🔄 Identity rotated (every 10 requests)
[08:27:53] [71/455] PVMS
[08:27:54] [72/455] CIGK
[08:27:55] [73/455] INSG
[08:27:56] [74/455] IDEN
[08:27:56] [75/455] MCGN
[08:27:58] [76/455] IGAM
[08:27:59] [77/455] SLCU
[08:28:00] [78/455] MIMU
[08:28:01] [79/455] QLAC
[08:28:03] [80/455] MENL
[08:28:04] 🔄 Identity reset
[08:28:04] 🔄 Identity rotated (every 10 requests)
[08:28:04] [81/455] SCUR
[08:28:05] [82/455] MDGD
[08:28:06] [83/455] LSRS
[08:28:07] [84/455] KMLG
[08:28:08] [85/455] MKLJ
[08:28:09] [86/455] IBYG
[08:28:11] [87/455] ISML
[08:28:11] [88/455] MJMM
[08:28:12] [89/455] RCGD
[08:28:13] [90/455] MMOC
[08:28:13] 🔄 Identity reset
[08:28:14] 🔄 Identity rotated (every 10 requests)
[08:28:14] [91/455] RRCO
[08:28:15] [92/455] MEDM
[08:28:16] [93/455] MCAZ
[08:28:18] [94/455] STWA
[08:28:19] [95/455] PFFG
[08:28:20] [96/455] GAGC
[08:28:21] [97/455] PMPM
[08:28:22] [98/455] HVCD
[08:28:23] [99/455] AKRF
[08:28:23] [100/455] AKRC
[08:28:24] 🔄 Identity reset
[08:28:24] 🔄 Identity rotated (every 10 requests)
[08:28:25] [101/455] MIDA
[08:28:27] [102/455] MAGX
[08:28:28] [103/455] ESOS
[08:28:29] [104/455] BBCL
[08:28:30] [105/455] LYAS
[08:28:30] [106/455] NRMS
[08:28:31] [107/455] BHUC
[08:28:32] [108/455] SRIC
[08:28:33] [109/455] PDME
[08:28:34] [110/455] MJCS
[08:28:35] 🔄 Identity reset
[08:28:35] 🔄 Identity rotated (every 10 requests)
[08:28:35] 🔄 Retry 1/5 for MJCS in 2.6s
[08:28:35] 🔄 Identity reset
[08:28:37] 🧠 New identity created
[08:28:38] [111/455] NRAA
[08:28:39] [112/455] VATA
[08:28:40] [113/455] MNKC
[08:28:41] [114/455] DHCL
[08:28:42] [115/455] JCPC
[08:28:43] [116/455] CTML
[08:28:43] [117/455] RMMR
[08:28:44] [118/455] STTL
[08:28:46] [119/455] CNPS
[08:28:47] 🔄 Identity reset
[08:28:47] 🔄 Identity rotated (every 10 requests)
[08:28:47] [120/455] ACKL
[08:28:48] [121/455] SCAU
[08:28:49] [122/455] RMIA
[08:28:50] [123/455] MANU
[08:28:51] [124/455] ARDC
[08:28:52] [125/455] GLDA
[08:28:53] [126/455] KVSW
[08:28:53] [127/455] CGCA
[08:28:54] [128/455] CMLO
[08:28:55] [129/455] CECB
[08:28:56] 🔄 Identity reset
[08:28:56] 🔄 Identity rotated (every 10 requests)
[08:28:56] [130/455] RCPN
[08:28:57] [131/455] ASMW
[08:28:58] [132/455] PWLM
[08:28:58] [133/455] ASGM
[08:28:59] [134/455] ACWH
[08:29:01] [135/455] AAPW
[08:29:02] [136/455] RTWA
[08:29:03] [137/455] RAMW
[08:29:05] [138/455] VKTR
[08:29:06] [139/455] SMBH
[08:29:07] 🔄 Identity reset
[08:29:07] 🔄 Identity rotated (every 10 requests)
[08:29:07] [140/455] BVDR
[08:29:08] [141/455] MRTP
[08:29:09] [142/455] BLBR
[08:29:10] [143/455] LPIN
[08:29:11] [144/455] SNPC
[08:29:12] [145/455] PDCB
[08:29:13] [146/455] DYPK
[08:29:14] [147/455] INMK
[08:29:15] [148/455] PDCK
[08:29:15] [149/455] PCKR
[08:29:16] 🔄 Identity reset
[08:29:16] 🔄 Identity rotated (every 10 requests)
[08:29:16] [150/455] SHUA
[08:29:17] [151/455] SCVK
[08:29:18] [152/455] STPA
[08:29:19] [153/455] WVHD
[08:29:21] [154/455] MRCH
[08:29:22] [155/455] MCNP
[08:29:23] [156/455] RCAG
[08:29:25] [157/455] JTSN
[08:29:25] [158/455] AANS
[08:29:26] [159/455] GDDR
[08:29:27] 🔄 Identity reset
[08:29:27] 🔄 Identity rotated (every 10 requests)
[08:29:27] [160/455] SRER
[08:29:29] [161/455] JKMA
[08:29:29] [162/455] ARAN
[08:29:30] [163/455] ALCT
[08:29:30] [164/455] CCTA
[08:29:32] [165/455] CNCT
[08:29:33] [166/455] NZBL
[08:29:34] [167/455] SRRA
[08:29:35] [168/455] SVPW
[08:29:36] [169/455] SRTW
[08:29:37] 🔄 Identity reset
[08:29:37] 🔄 Identity rotated (every 10 requests)
[08:29:37] 🔄 Retry 1/5 for SRTW in 2.6s
[08:29:37] 🔄 Identity reset
[08:29:39] 🧠 New identity created
[08:29:40] [170/455] XMTD
[08:29:40] [171/455] SCCZ
[08:29:41] [172/455] PBCR
[08:29:42] [173/455] RTSC
[08:29:43] [174/455] TLSV
[08:29:44] [175/455] RMTK
[08:29:45] [176/455] SRAT
[08:29:46] [177/455] GCYC
[08:29:47] [178/455] HCAJ
[08:29:48] 🔄 Identity reset
[08:29:48] 🔄 Identity rotated (every 10 requests)
[08:29:48] [179/455] LCXA
[08:29:48] [180/455] BINT
[08:29:49] [181/455] IXIM
[08:29:50] [182/455] MBCR
[08:29:50] [183/455] BMCJ
[08:29:51] [184/455] NICJ
[08:29:53] [185/455] SCAJ
[08:29:54] [186/455] CMXS
[08:29:55] [187/455] MMSR
[08:29:56] [188/455] PRKT
[08:29:56] 🔄 Identity reset
[08:29:56] 🔄 Identity rotated (every 10 requests)
[08:29:57] [189/455] LPTH
[08:29:57] [190/455] SARP
[08:29:58] [191/455] MNPP
[08:30:00] [192/455] PRLR
[08:30:01] [193/455] RCMW
[08:30:01] [194/455] FCMG
[08:30:03] [195/455] RTNK
[08:30:04] [196/455] LRCP
[08:30:05] [197/455] DBJR
[08:30:06] [198/455] CACN
[08:30:06] 🔄 Identity reset
[08:30:06] 🔄 Identity rotated (every 10 requests)
[08:30:06] [199/455] AMRL
[08:30:07] [200/455] SBBC
[08:30:09] [201/455] VENN
[08:30:10] [202/455] STSS
[08:30:11] [203/455] SMRB
[08:30:12] [204/455] CCMX
[08:30:13] [205/455] KCMR
[08:30:14] [206/455] SALH
[08:30:15] [207/455] CGTT
[08:30:17] [208/455] PMDR
[08:30:17] 🔄 Identity reset
[08:30:17] 🔄 Identity rotated (every 10 requests)
[08:30:17] [209/455] VCPM
[08:30:19] [210/455] RZMX
[08:30:20] [211/455] TMSY
[08:30:21] [212/455] NTMS
[08:30:21] [213/455] VTAG
[08:30:23] [214/455] REMA
[08:30:25] [215/455] NXCC
[08:30:26] [216/455] SKYM
[08:30:27] [217/455] CCMO
[08:30:28] [218/455] DMXM
[08:30:28] 🔄 Identity reset
[08:30:28] 🔄 Identity rotated (every 10 requests)
[08:30:28] [219/455] SPPM
[08:30:29] [220/455] PTKL
[08:30:30] [221/455] SLVO
[08:30:31] [222/455] VASL
[08:30:32] [223/455] CBCM
[08:30:33] [224/455] STMA
[08:30:34] [225/455] LASK
[08:30:35] [226/455] VITE
[08:30:36] [227/455] AAST
[08:30:37] [228/455] JTPT
[08:30:38] 🔄 Identity reset
[08:30:38] 🔄 Identity rotated (every 10 requests)
[08:30:39] [229/455] RRSH
[08:30:40] [230/455] CINL
[08:30:41] [231/455] MCSR
[08:30:41] [232/455] SBCF
[08:30:42] [233/455] GCDU
[08:30:44] [234/455] PSPR
[08:30:44] [235/455] IMMO
[08:30:45] [236/455] CLGM
[08:30:46] [237/455] PBMM
[08:30:47] [238/455] CEHR
[08:30:47] 🔄 Identity reset
[08:30:47] 🔄 Identity rotated (every 10 requests)
[08:30:48] [239/455] CPOE
[08:30:48] [240/455] PGFD
[08:30:49] [241/455] PSLC
[08:30:49] [242/455] MSMD
[08:30:50] [243/455] FMFB
[08:30:51] [244/455] RKCL
[08:30:51] [245/455] PMMC
[08:30:52] [246/455] SKMM
[08:30:53] [247/455] VOIB
[08:30:54] [248/455] KINO
[08:30:54] 🔄 Identity reset
[08:30:55] 🔄 Identity rotated (every 10 requests)
[08:30:56] [249/455] VCTP
[08:30:57] [250/455] PDWR
[08:30:58] [251/455] SAED
[08:30:59] [252/455] SRRT
[08:31:00] [253/455] CVLG
[08:31:01] [254/455] SNGN
[08:31:02] [255/455] SIDA
[08:31:03] [256/455] IMCB
[08:31:04] [257/455] SMHP
[08:31:05] [258/455] GDTY
[08:31:05] 🔄 Identity reset
[08:31:05] 🔄 Identity rotated (every 10 requests)
[08:31:05] [259/455] VYCH
[08:31:07] [260/455] PDYA
[08:31:07] [261/455] RKDO
[08:31:08] [262/455] VECG
[08:31:09] [263/455] NFGD
[08:31:10] [264/455] SNDC
[08:31:11] [265/455] SDJH
[08:31:12] [266/455] HASV
[08:31:13] [267/455] PTYK
[08:31:13] [268/455] MUTB
[08:31:14] 🔄 Identity reset
[08:31:14] 🔄 Identity rotated (every 10 requests)
[08:31:14] [269/455] AMRT
[08:31:16] [270/455] VACD
[08:31:17] [271/455] SKDD
[08:31:18] [272/455] STGR
[08:31:19] [273/455] GDAK
[08:31:19] [274/455] SKHK
[08:31:20] [275/455] SLND
[08:31:21] [276/455] APAP
[08:31:22] [277/455] AYYA
[08:31:23] [278/455] VCCZ
[08:31:24] 🔄 Identity reset
[08:31:24] 🔄 Identity rotated (every 10 requests)
[08:31:25] [279/455] MEML
[08:31:25] [280/455] MAOU
[08:31:27] [281/455] ESND
[08:31:28] [282/455] PTBZ
[08:31:29] [283/455] LBCN
[08:31:30] [284/455] PAWA
[08:31:31] [285/455] ZEIC
[08:31:32] [286/455] CGMM
[08:31:32] [287/455] PJPM
[08:31:33] [288/455] ECMR
[08:31:34] 🔄 Identity reset
[08:31:34] 🔄 Identity rotated (every 10 requests)
[08:31:34] [289/455] SHMZ
[08:31:35] [290/455] STCA
[08:31:36] [291/455] VDRC
[08:31:36] [292/455] SEEM
[08:31:38] [293/455] MKNS
[08:31:38] [294/455] KPPP
[08:31:39] [295/455] CCML
[08:31:40] [296/455] CIBA
[08:31:41] [297/455] NACS
[08:31:42] [298/455] CTMK
[08:31:42] 🔄 Identity reset
[08:31:42] 🔄 Identity rotated (every 10 requests)
[08:31:42] [299/455] CTCT
[08:31:44] [300/455] MCSN
[08:31:45] [301/455] MAXX
[08:31:46] [302/455] MECB
[08:31:46] [303/455] NTBY
[08:31:48] [304/455] UTBI
[08:31:49] [305/455] RADK
[08:31:51] [306/455] STBY
[08:31:51] [307/455] GTBY
[08:31:52] [308/455] RRMB
[08:31:52] 🔄 Identity reset
[08:31:53] 🔄 Identity rotated (every 10 requests)
[08:31:53] [309/455] ABRN
[08:31:54] [310/455] GTSG
[08:31:55] [311/455] GBTG
[08:31:56] [312/455] SBGS
[08:31:57] [313/455] KBPM
[08:31:57] [314/455] SMHT
[08:31:59] [315/455] VTDM
[08:32:00] [316/455] ASCT
[08:32:01] [317/455] AWCT
[08:32:02] [318/455] DCCU
[08:32:02] 🔄 Identity reset
[08:32:02] 🔄 Identity rotated (every 10 requests)
[08:32:03] [319/455] PSCE
[08:32:04] [320/455] KSNY
[08:32:05] [321/455] ACID
[08:32:06] [322/455] LVCD
[08:32:07] [323/455] KSSB
[08:32:07] [324/455] SWTD
[08:32:08] [325/455] RBMR
[08:32:10] [326/455] SCBC
[08:32:11] [327/455] RKME
[08:32:11] [328/455] GALX
[08:32:12] 🔄 Identity reset
[08:32:12] 🔄 Identity rotated (every 10 requests)
[08:32:12] [329/455] GCCH
[08:32:14] [330/455] RATR
[08:32:14] [331/455] GTGA
[08:32:15] [332/455] LTTR
[08:32:15] [333/455] TTAA
[08:32:16] [334/455] TVHP
[08:32:17] [335/455] KVCS
[08:32:19] [336/455] CBMC
[08:32:19] [337/455] MAYJ
[08:32:20] [338/455] INPR
[08:32:21] 🔄 Identity reset
[08:32:21] 🔄 Identity rotated (every 10 requests)
[08:32:21] [339/455] RSSC
[08:32:21] [340/455] PCAN
[08:32:22] [341/455] PVHR
[08:32:23] [342/455] AGSM
[08:32:24] [343/455] PVES
[08:32:24] [344/455] INTO
[08:32:25] [345/455] ACON
[08:32:26] [346/455] PVPZ
[08:32:27] [347/455] PVHC
[08:32:27] [348/455] KSTK
[08:32:28] 🔄 Identity reset
[08:32:28] 🔄 Identity rotated (every 10 requests)
[08:32:29] [349/455] PVSR
[08:32:30] [350/455] ACTN
[08:32:30] [351/455] FMCN
[08:32:32] [352/455] PABC
[08:32:33] [353/455] SUTC
[08:32:33] [354/455] PGMV
[08:32:34] [355/455] GKCP
[08:32:35] [356/455] INCH
[08:32:36] [357/455] MLMT
[08:32:36] [358/455] SSCC
[08:32:37] 🔄 Identity reset
[08:32:37] 🔄 Identity rotated (every 10 requests)
[08:32:37] [359/455] SLMP
[08:32:38] [360/455] VVTN
[08:32:39] [361/455] SBTR
[08:32:40] [362/455] PGRA
[08:32:41] [363/455] PBRM
[08:32:41] [364/455] GCRP
[08:32:42] [365/455] MCSK
[08:32:43] [366/455] NLTC
[08:32:44] [367/455] MTLM
[08:32:45] [368/455] VECT
[08:32:46] 🔄 Identity reset
[08:32:46] 🔄 Identity rotated (every 10 requests)
[08:32:46] 🔄 Retry 1/5 for VECT in 2.5s
[08:32:46] 🔄 Identity reset
[08:32:48] 🧠 New identity created
[08:32:48] [369/455] KMRM
[08:32:49] [370/455] RACM
[08:32:50] [371/455] WSTC
[08:32:50] [372/455] PVTJ
[08:32:51] [373/455] MMKC
[08:32:53] [374/455] SVWT
[08:32:53] [375/455] JOTG
[08:32:54] [376/455] VCDK
[08:32:55] [377/455] ANAC
[08:32:55] 🔄 Identity reset
[08:32:55] 🔄 Identity rotated (every 10 requests)
[08:32:56] [378/455] GRTC
[08:32:57] [379/455] JTPL
[08:32:58] [380/455] VRCP
[08:32:58] [381/455] REMC
[08:32:59] [382/455] ATMG
[08:33:01] [383/455] GAHC
[08:33:02] [384/455] JTMV
[08:33:03] [385/455] OMTT
[08:33:04] [386/455] GKKC
[08:33:06] [387/455] BBPO
[08:33:07] 🔄 Identity reset
[08:33:07] 🔄 Identity rotated (every 10 requests)
[08:33:08] [388/455] ZCBB
[08:33:09] [389/455] DCGO
[08:33:10] [390/455] STOP
[08:33:11] [391/455] BSPC
[08:33:12] [392/455] SOND
[08:33:12] [393/455] GCKG
[08:33:13] [394/455] PCDB
[08:33:14] [395/455] PGRC
[08:33:15] [396/455] CSCT
[08:33:16] [397/455] STDA
[08:33:16] 🔄 Identity reset
[08:33:16] 🔄 Identity rotated (every 10 requests)
[08:33:17] [398/455] JAYD
[08:33:18] [399/455] PPPD
[08:33:19] [400/455] KRTT
[08:33:20] [401/455] PTDT
[08:33:20] [402/455] TRSV
[08:33:22] [403/455] VELR
[08:33:23] [404/455] STDT
[08:33:23] [405/455] SATT
[08:33:24] [406/455] KCPM
[08:33:25] [407/455] MFCP
[08:33:25] 🔄 Identity reset
[08:33:25] 🔄 Identity rotated (every 10 requests)
[08:33:26] [408/455] AXMP
[08:33:26] [409/455] LTVB
[08:33:27] [410/455] APST
[08:33:28] [411/455] DTVP
[08:33:29] [412/455] AAVB
[08:33:30] [413/455] PMBL
[08:33:30] [414/455] STKC
[08:33:31] [415/455] KKMA
[08:33:32] [416/455] NMXS
[08:33:33] [417/455] DECX
[08:33:33] 🔄 Identity reset
[08:33:33] 🔄 Identity rotated (every 10 requests)
[08:33:33] [418/455] MAPJ
[08:33:34] [419/455] SMLK
[08:33:36] [420/455] PMPU
[08:33:37] [421/455] AFST
[08:33:37] [422/455] SRSY
[08:33:38] [423/455] RMKT
[08:33:39] [424/455] RAJX
[08:33:39] [425/455] UVCD
[08:33:40] [426/455] LISA
[08:33:41] [427/455] LMSR
[08:33:41] 🔄 Identity reset
[08:33:41] 🔄 Identity rotated (every 10 requests)
[08:33:42] [428/455] PMCA
[08:33:42] [429/455] INPO
[08:33:43] [430/455] INGO
[08:33:45] [431/455] HFSQ
[08:33:46] [432/455] INMG
[08:33:47] [433/455] NYCP
[08:33:48] [434/455] HFSV
[08:33:49] [435/455] MMZP
[08:33:49] [436/455] KSES
[08:33:50] [437/455] HFSA
[08:33:51] 🔄 Identity reset
[08:33:51] 🔄 Identity rotated (every 10 requests)
[08:33:52] [438/455] ACMM
[08:33:52] [439/455] RCKD
[08:33:53] [440/455] BCKR
[08:33:54] [441/455] SFCO
[08:33:54] [442/455] JCCB
[08:33:55] [443/455] BCCR
[08:33:56] [444/455] NWCB
[08:33:57] [445/455] SAMT
[08:33:57] [446/455] TMST
[08:33:58] [447/455] SJCN
[08:33:59] 🔄 Identity reset
[08:33:59] 🔄 Identity rotated (every 10 requests)
[08:33:59] [448/455] MCBS
[08:34:01] [449/455] CMKR
[08:34:01] [450/455] INPM
[08:34:02] [451/455] WVMT
[08:34:03] [452/455] NYSM
[08:34:03] [453/455] RCMA
[08:34:04] [454/455] RECM
[08:34:04] [455/455] CYCM
[08:34:05] ✅ DONE | Shows=1041 | Movies=59
[09:07:04] 🚀 BMS DAILY TRACKER STARTED (enhanced anti‑detection)
[09:07:04] [1/455] MXGN
[09:07:05] 🧠 New identity created
[09:07:05] [2/455] PGGM
[09:07:06] [3/455] IPMJ
[09:07:06] [4/455] M2PP
[09:07:07] [5/455] PMMS
[09:07:08] [6/455] SCJN
[09:07:09] [7/455] CPUM
[09:07:09] [8/455] SCND
[09:07:10] [9/455] INWM
[09:07:11] [10/455] DVDC
[09:07:11] 🔄 Identity reset
[09:07:11] 🔄 Identity rotated (every 10 requests)
[09:07:12] [11/455] WVND
[09:07:13] [12/455] LBDL
[09:07:13] [13/455] CRGM
[09:07:14] [14/455] PVKS
[09:07:14] [15/455] PBLL
[09:07:15] [16/455] FNLN
[09:07:16] [17/455] PPDA
[09:07:16] [18/455] SCPT
[09:07:17] [19/455] IAJS
[09:07:18] [20/455] MMZG
[09:07:19] 🔄 Identity reset
[09:07:19] 🔄 Identity rotated (every 10 requests)
[09:07:19] [21/455] MCTI
[09:07:19] [22/455] PPMF
[09:07:20] [23/455] FNSD
[09:07:21] [24/455] M2RH
[09:07:21] [25/455] CPGV
[09:07:22] [26/455] PECD
[09:07:23] [27/455] CTEE
[09:07:24] [28/455] IOMG
[09:07:24] [29/455] CIJA
[09:07:25] [30/455] NYCG
[09:07:26] 🔄 Identity reset
[09:07:26] 🔄 Identity rotated (every 10 requests)
[09:07:26] [31/455] CEST
[09:07:27] [32/455] WVRG
[09:07:28] [33/455] DPDC
[09:07:29] [34/455] PDIV
[09:07:30] [35/455] MTPP
[09:07:30] [36/455] MHNU
[09:07:31] [37/455] WUPG
[09:07:32] [38/455] USCO
[09:07:33] [39/455] INFR
[09:07:34] [40/455] PVPD
[09:07:34] 🔄 Identity reset
[09:07:34] 🔄 Identity rotated (every 10 requests)
[09:07:35] [41/455] RONC
[09:07:35] [42/455] IOCP
[09:07:36] [43/455] EMPS
[09:07:37] [44/455] PNAD
[09:07:37] [45/455] VVGZ
[09:07:38] [46/455] MDDC
[09:07:39] [47/455] MMAP
[09:07:40] [48/455] GPDC
[09:07:40] [49/455] PVPU
[09:07:41] [50/455] DCMV
[09:07:42] 🔄 Identity reset
[09:07:42] 🔄 Identity rotated (every 10 requests)
[09:07:42] 🔄 Retry 1/5 for DCMV in 2.9s
[09:07:42] 🔄 Identity reset
[09:07:45] 🧠 New identity created
[09:07:45] [51/455] PCCF
[09:07:45] [52/455] MCEF
[09:07:46] [53/455] INRD
[09:07:47] [54/455] CCPZ
[09:07:47] [55/455] BCWG
[09:07:48] [56/455] PMGU
[09:07:49] [57/455] MCVM
[09:07:49] [58/455] MCDE
[09:07:50] [59/455] IEFM
[09:07:51] 🔄 Identity reset
[09:07:51] 🔄 Identity rotated (every 10 requests)
[09:07:51] [60/455] MXCS
[09:07:51] [61/455] RNMT
[09:07:52] [62/455] PSDD
[09:07:53] [63/455] PETA
[09:07:53] [64/455] IZOP
[09:07:54] [65/455] PDEI
[09:07:55] [66/455] MTND
[09:07:56] [67/455] PCPL
[09:07:56] [68/455] LSCM
[09:07:57] [69/455] BTFD
[09:07:57] 🔄 Identity reset
[09:07:57] 🔄 Identity rotated (every 10 requests)
[09:07:57] [70/455] MERM
[09:07:58] [71/455] PVMS
[09:07:59] [72/455] CIGK
[09:07:59] [73/455] INSG
[09:08:00] [74/455] IDEN
[09:08:01] [75/455] MCGN
[09:08:01] [76/455] IGAM
[09:08:02] [77/455] SLCU
[09:08:04] [78/455] MIMU
[09:08:04] [79/455] QLAC
[09:08:05] 🔄 Identity reset
[09:08:05] 🔄 Identity rotated (every 10 requests)
[09:08:05] [80/455] MENL
[09:08:06] [81/455] SCUR
[09:08:06] [82/455] MDGD
[09:08:07] [83/455] LSRS
[09:08:08] [84/455] KMLG
[09:08:09] [85/455] MKLJ
[09:08:10] [86/455] IBYG
[09:08:10] [87/455] ISML
[09:08:11] [88/455] MJMM
[09:08:12] [89/455] RCGD
[09:08:12] 🔄 Identity reset
[09:08:12] 🔄 Identity rotated (every 10 requests)
[09:08:12] [90/455] MMOC
[09:08:13] [91/455] RRCO
[09:08:14] [92/455] MEDM
[09:08:14] [93/455] MCAZ
[09:08:15] [94/455] STWA
[09:08:16] [95/455] PFFG
[09:08:17] [96/455] GAGC
[09:08:18] [97/455] PMPM
[09:08:18] [98/455] HVCD
[09:08:19] [99/455] AKRF
[09:08:20] 🔄 Identity reset
[09:08:20] 🔄 Identity rotated (every 10 requests)
[09:08:20] [100/455] AKRC
[09:08:21] [101/455] MIDA
[09:08:21] [102/455] MAGX
[09:08:22] [103/455] ESOS
[09:08:23] [104/455] BBCL
[09:08:23] [105/455] LYAS
[09:08:24] [106/455] NRMS
[09:08:25] [107/455] BHUC
[09:08:25] [108/455] SRIC
[09:08:26] [109/455] PDME
[09:08:27] 🔄 Identity reset
[09:08:27] 🔄 Identity rotated (every 10 requests)
[09:08:27] [110/455] MJCS
[09:08:27] [111/455] NRAA
[09:08:28] [112/455] VATA
[09:08:29] [113/455] MNKC
[09:08:29] [114/455] DHCL
[09:08:30] [115/455] JCPC
[09:08:31] [116/455] CTML
[09:08:32] [117/455] RMMR
[09:08:32] [118/455] STTL
[09:08:33] [119/455] CNPS
[09:08:34] 🔄 Identity reset
[09:08:34] 🔄 Identity rotated (every 10 requests)
[09:08:34] 🔄 Retry 1/5 for CNPS in 2.5s
[09:08:34] 🔄 Identity reset
[09:08:37] 🧠 New identity created
[09:08:37] [120/455] ACKL
[09:08:37] [121/455] SCAU
[09:08:38] [122/455] RMIA
[09:08:39] [123/455] MANU
[09:08:40] [124/455] ARDC
[09:08:41] [125/455] GLDA
[09:08:42] [126/455] KVSW
[09:08:42] [127/455] CGCA
[09:08:43] [128/455] CMLO
[09:08:44] 🔄 Identity reset
[09:08:44] 🔄 Identity rotated (every 10 requests)
[09:08:44] [129/455] CECB
[09:08:45] [130/455] RCPN
[09:08:46] [131/455] ASMW
[09:08:47] [132/455] PWLM
[09:08:48] [133/455] ASGM
[09:08:50] [134/455] ACWH
[09:08:50] [135/455] AAPW
[09:08:52] [136/455] RTWA
[09:08:53] [137/455] RAMW
[09:08:54] [138/455] VKTR
[09:08:54] 🔄 Identity reset
[09:08:54] 🔄 Identity rotated (every 10 requests)
[09:08:54] [139/455] SMBH
[09:08:55] [140/455] BVDR
[09:08:56] [141/455] MRTP
[09:08:57] [142/455] BLBR
[09:08:58] [143/455] LPIN
[09:08:59] [144/455] SNPC
[09:08:59] [145/455] PDCB
[09:09:00] [146/455] DYPK
[09:09:01] [147/455] INMK
[09:09:01] [148/455] PDCK
[09:09:02] 🔄 Identity reset
[09:09:02] 🔄 Identity rotated (every 10 requests)
[09:09:02] [149/455] PCKR
[09:09:03] [150/455] SHUA
[09:09:03] [151/455] SCVK
[09:09:04] [152/455] STPA
[09:09:05] [153/455] WVHD
[09:09:06] [154/455] MRCH
[09:09:07] [155/455] MCNP
[09:09:08] [156/455] RCAG
[09:09:08] [157/455] JTSN
[09:09:09] [158/455] AANS
[09:09:10] 🔄 Identity reset
[09:09:10] 🔄 Identity rotated (every 10 requests)
[09:09:10] [159/455] GDDR
[09:09:11] [160/455] SRER
[09:09:12] [161/455] JKMA
[09:09:13] [162/455] ARAN
[09:09:14] [163/455] ALCT
[09:09:15] [164/455] CCTA
[09:09:16] [165/455] CNCT
[09:09:16] [166/455] NZBL
[09:09:17] [167/455] SRRA
[09:09:18] [168/455] SVPW
[09:09:18] 🔄 Identity reset
[09:09:18] 🔄 Identity rotated (every 10 requests)
[09:09:18] 🔄 Retry 1/5 for SVPW in 2.5s
[09:09:18] 🔄 Identity reset
[09:09:21] 🧠 New identity created
[09:09:21] [169/455] SRTW
[09:09:22] [170/455] XMTD
[09:09:22] [171/455] SCCZ
[09:09:23] [172/455] PBCR
[09:09:24] [173/455] RTSC
[09:09:24] [174/455] TLSV
[09:09:25] [175/455] RMTK
[09:09:26] [176/455] SRAT
[09:09:27] [177/455] GCYC
[09:09:28] 🔄 Identity reset
[09:09:28] 🔄 Identity rotated (every 10 requests)
[09:09:28] [178/455] HCAJ
[09:09:28] [179/455] LCXA
[09:09:29] [180/455] BINT
[09:09:30] [181/455] IXIM
[09:09:31] [182/455] MBCR
[09:09:31] [183/455] BMCJ
[09:09:32] [184/455] NICJ
[09:09:33] [185/455] SCAJ
[09:09:34] [186/455] CMXS
[09:09:35] [187/455] MMSR
[09:09:35] 🔄 Identity reset
[09:09:35] 🔄 Identity rotated (every 10 requests)
[09:09:35] 🔄 Retry 1/5 for MMSR in 2.0s
[09:09:35] 🔄 Identity reset
[09:09:37] 🧠 New identity created
[09:09:38] [188/455] PRKT
[09:09:38] [189/455] LPTH
[09:09:39] [190/455] SARP
[09:09:39] [191/455] MNPP
[09:09:40] [192/455] PRLR
[09:09:41] [193/455] RCMW
[09:09:41] [194/455] FCMG
[09:09:42] [195/455] RTNK
[09:09:43] [196/455] LRCP
[09:09:43] 🔄 Identity reset
[09:09:43] 🔄 Identity rotated (every 10 requests)
[09:09:43] 🔄 Retry 1/5 for LRCP in 2.5s
[09:09:43] 🔄 Identity reset
[09:09:46] 🧠 New identity created
[09:09:46] [197/455] DBJR
[09:09:47] [198/455] CACN
[09:09:48] [199/455] AMRL
[09:09:49] [200/455] SBBC
[09:09:49] [201/455] VENN
[09:09:50] [202/455] STSS
[09:09:50] [203/455] SMRB
[09:09:51] [204/455] CCMX
[09:09:52] [205/455] KCMR
[09:09:53] 🔄 Identity reset
[09:09:53] 🔄 Identity rotated (every 10 requests)
[09:09:53] [206/455] SALH
[09:09:54] [207/455] CGTT
[09:09:55] [208/455] PMDR
[09:09:56] [209/455] VCPM
[09:09:56] [210/455] RZMX
[09:09:57] [211/455] TMSY
[09:09:58] [212/455] NTMS
[09:09:58] [213/455] VTAG
[09:09:59] [214/455] REMA
[09:10:00] [215/455] NXCC
[09:10:00] 🔄 Identity reset
[09:10:01] 🔄 Identity rotated (every 10 requests)
[09:10:01] [216/455] SKYM
[09:10:01] [217/455] CCMO
[09:10:02] [218/455] DMXM
[09:10:03] [219/455] SPPM
[09:10:04] [220/455] PTKL
[09:10:04] [221/455] SLVO
[09:10:05] [222/455] VASL
[09:10:06] [223/455] CBCM
[09:10:07] [224/455] STMA
[09:10:08] [225/455] LASK
[09:10:08] 🔄 Identity reset
[09:10:08] 🔄 Identity rotated (every 10 requests)
[09:10:08] [226/455] VITE
[09:10:09] [227/455] AAST
[09:10:10] [228/455] JTPT
[09:10:11] [229/455] RRSH
[09:10:11] [230/455] CINL
[09:10:12] [231/455] MCSR
[09:10:13] [232/455] SBCF
[09:10:13] [233/455] GCDU
[09:10:14] [234/455] PSPR
[09:10:15] [235/455] IMMO
[09:10:15] 🔄 Identity reset
[09:10:15] 🔄 Identity rotated (every 10 requests)
[09:10:16] [236/455] CLGM
[09:10:17] [237/455] PBMM
[09:10:18] [238/455] CEHR
[09:10:19] [239/455] CPOE
[09:10:20] [240/455] PGFD
[09:10:20] [241/455] PSLC
[09:10:21] [242/455] MSMD
[09:10:22] [243/455] FMFB
[09:10:23] [244/455] RKCL
[09:10:23] [245/455] PMMC
[09:10:24] 🔄 Identity reset
[09:10:24] 🔄 Identity rotated (every 10 requests)
[09:10:24] [246/455] SKMM
[09:10:25] [247/455] VOIB
[09:10:25] [248/455] KINO
[09:10:26] [249/455] VCTP
[09:10:27] [250/455] PDWR
[09:10:27] [251/455] SAED
[09:10:28] [252/455] SRRT
[09:10:29] [253/455] CVLG
[09:10:30] [254/455] SNGN
[09:10:31] [255/455] SIDA
[09:10:31] 🔄 Identity reset
[09:10:31] 🔄 Identity rotated (every 10 requests)
[09:10:31] [256/455] IMCB
[09:10:33] [257/455] SMHP
[09:10:33] [258/455] GDTY
[09:10:34] [259/455] VYCH
[09:10:35] [260/455] PDYA
[09:10:35] [261/455] RKDO
[09:10:36] [262/455] VECG
[09:10:37] [263/455] NFGD
[09:10:38] [264/455] SNDC
[09:10:38] [265/455] SDJH
[09:10:39] 🔄 Identity reset
[09:10:39] 🔄 Identity rotated (every 10 requests)
[09:10:39] 🔄 Retry 1/5 for SDJH in 2.3s
[09:10:39] 🔄 Identity reset
[09:10:41] 🧠 New identity created
[09:10:42] [266/455] HASV
[09:10:42] [267/455] PTYK
[09:10:43] [268/455] MUTB
[09:10:44] [269/455] AMRT
[09:10:45] [270/455] VACD
[09:10:46] [271/455] SKDD
[09:10:46] [272/455] STGR
[09:10:47] [273/455] GDAK
[09:10:48] [274/455] SKHK
[09:10:48] 🔄 Identity reset
[09:10:48] 🔄 Identity rotated (every 10 requests)
[09:10:48] [275/455] SLND
[09:10:49] [276/455] APAP
[09:10:50] [277/455] AYYA
[09:10:51] [278/455] VCCZ
[09:10:52] [279/455] MEML
[09:10:53] [280/455] MAOU
[09:10:53] [281/455] ESND
[09:10:55] [282/455] PTBZ
[09:10:55] [283/455] LBCN
[09:10:57] [284/455] PAWA
[09:10:57] 🔄 Identity reset
[09:10:57] 🔄 Identity rotated (every 10 requests)
[09:10:57] [285/455] ZEIC
[09:10:58] [286/455] CGMM
[09:10:59] [287/455] PJPM
[09:10:59] [288/455] ECMR
[09:11:00] [289/455] SHMZ
[09:11:01] [290/455] STCA
[09:11:02] [291/455] VDRC
[09:11:03] [292/455] SEEM
[09:11:03] [293/455] MKNS
[09:11:04] [294/455] KPPP
[09:11:04] 🔄 Identity reset
[09:11:04] 🔄 Identity rotated (every 10 requests)
[09:11:05] [295/455] CCML
[09:11:06] [296/455] CIBA
[09:11:07] [297/455] NACS
[09:11:07] [298/455] CTMK
[09:11:09] [299/455] CTCT
[09:11:10] [300/455] MCSN
[09:11:11] [301/455] MAXX
[09:11:12] [302/455] MECB
[09:11:13] [303/455] NTBY
[09:11:14] [304/455] UTBI
[09:11:14] 🔄 Identity reset
[09:11:14] 🔄 Identity rotated (every 10 requests)
[09:11:15] [305/455] RADK
[09:11:15] [306/455] STBY
[09:11:16] [307/455] GTBY
[09:11:17] [308/455] RRMB
[09:11:19] [309/455] ABRN
[09:11:20] [310/455] GTSG
[09:11:21] [311/455] GBTG
[09:11:21] [312/455] SBGS
[09:11:22] [313/455] KBPM
[09:11:23] [314/455] SMHT
[09:11:24] 🔄 Identity reset
[09:11:24] 🔄 Identity rotated (every 10 requests)
[09:11:24] [315/455] VTDM
[09:11:25] [316/455] ASCT
[09:11:26] [317/455] AWCT
[09:11:27] [318/455] DCCU
[09:11:28] [319/455] PSCE
[09:11:28] [320/455] KSNY
[09:11:29] [321/455] ACID
[09:11:30] [322/455] LVCD
[09:11:31] [323/455] KSSB
[09:11:33] [324/455] SWTD
[09:11:33] 🔄 Identity reset
[09:11:33] 🔄 Identity rotated (every 10 requests)
[09:11:33] [325/455] RBMR
[09:11:34] [326/455] SCBC
[09:11:35] [327/455] RKME
[09:11:36] [328/455] GALX
[09:11:37] [329/455] GCCH
[09:11:38] [330/455] RATR
[09:11:38] [331/455] GTGA
[09:11:39] [332/455] LTTR
[09:11:40] [333/455] TTAA
[09:11:41] [334/455] TVHP
[09:11:42] 🔄 Identity reset
[09:11:42] 🔄 Identity rotated (every 10 requests)
[09:11:42] [335/455] KVCS
[09:11:43] [336/455] CBMC
[09:11:43] [337/455] MAYJ
[09:11:45] [338/455] INPR
[09:11:46] [339/455] RSSC
[09:11:46] [340/455] PCAN
[09:11:47] [341/455] PVHR
[09:11:48] [342/455] AGSM
[09:11:49] [343/455] PVES
[09:11:49] [344/455] INTO
[09:11:50] 🔄 Identity reset
[09:11:50] 🔄 Identity rotated (every 10 requests)
[09:11:50] [345/455] ACON
[09:11:52] [346/455] PVPZ
[09:11:52] [347/455] PVHC
[09:11:53] [348/455] KSTK
[09:11:54] [349/455] PVSR
[09:11:55] [350/455] ACTN
[09:11:55] [351/455] FMCN
[09:11:56] [352/455] PABC
[09:11:58] [353/455] SUTC
[09:11:59] [354/455] PGMV
[09:11:59] 🔄 Identity reset
[09:11:59] 🔄 Identity rotated (every 10 requests)
[09:11:59] [355/455] GKCP
[09:12:00] [356/455] INCH
[09:12:01] [357/455] MLMT
[09:12:02] [358/455] SSCC
[09:12:03] [359/455] SLMP
[09:12:04] [360/455] VVTN
[09:12:04] [361/455] SBTR
[09:12:05] [362/455] PGRA
[09:12:06] [363/455] PBRM
[09:12:06] [364/455] GCRP
[09:12:07] 🔄 Identity reset
[09:12:07] 🔄 Identity rotated (every 10 requests)
[09:12:07] 🔄 Retry 1/5 for GCRP in 2.5s
[09:12:07] 🔄 Identity reset
[09:12:10] 🧠 New identity created
[09:12:10] [365/455] MCSK
[09:12:11] [366/455] NLTC
[09:12:12] [367/455] MTLM
[09:12:13] [368/455] VECT
[09:12:14] [369/455] KMRM
[09:12:15] [370/455] RACM
[09:12:15] [371/455] WSTC
[09:12:16] [372/455] PVTJ
[09:12:17] [373/455] MMKC
[09:12:17] 🔄 Identity reset
[09:12:17] 🔄 Identity rotated (every 10 requests)
[09:12:18] [374/455] SVWT
[09:12:19] [375/455] JOTG
[09:12:20] [376/455] VCDK
[09:12:20] [377/455] ANAC
[09:12:21] [378/455] GRTC
[09:12:22] [379/455] JTPL
[09:12:23] [380/455] VRCP
[09:12:24] [381/455] REMC
[09:12:25] [382/455] ATMG
[09:12:26] [383/455] GAHC
[09:12:27] 🔄 Identity reset
[09:12:27] 🔄 Identity rotated (every 10 requests)
[09:12:27] [384/455] JTMV
[09:12:28] [385/455] OMTT
[09:12:29] [386/455] GKKC
[09:12:30] [387/455] BBPO
[09:12:31] [388/455] ZCBB
[09:12:32] [389/455] DCGO
[09:12:33] [390/455] STOP
[09:12:33] [391/455] BSPC
[09:12:35] [392/455] SOND
[09:12:36] [393/455] GCKG
[09:12:37] 🔄 Identity reset
[09:12:37] 🔄 Identity rotated (every 10 requests)
[09:12:37] [394/455] PCDB
[09:12:38] [395/455] PGRC
[09:12:39] [396/455] CSCT
[09:12:40] [397/455] STDA
[09:12:40] [398/455] JAYD
[09:12:41] [399/455] PPPD
[09:12:42] [400/455] KRTT
[09:12:43] [401/455] PTDT
[09:12:44] [402/455] TRSV
[09:12:45] [403/455] VELR
[09:12:45] 🔄 Identity reset
[09:12:45] 🔄 Identity rotated (every 10 requests)
[09:12:45] [404/455] STDT
[09:12:46] [405/455] SATT
[09:12:47] [406/455] KCPM
[09:12:48] [407/455] MFCP
[09:12:49] [408/455] AXMP
[09:12:50] [409/455] LTVB
[09:12:51] [410/455] APST
[09:12:52] [411/455] DTVP
[09:12:54] [412/455] AAVB
[09:12:55] [413/455] PMBL
[09:12:55] 🔄 Identity reset
[09:12:55] 🔄 Identity rotated (every 10 requests)
[09:12:56] [414/455] STKC
[09:12:57] [415/455] KKMA
[09:12:58] [416/455] NMXS
[09:12:59] [417/455] DECX
[09:13:00] [418/455] MAPJ
[09:13:01] [419/455] SMLK
[09:13:02] [420/455] PMPU
[09:13:03] [421/455] AFST
[09:13:04] [422/455] SRSY
[09:13:05] [423/455] RMKT
[09:13:06] 🔄 Identity reset
[09:13:06] 🔄 Identity rotated (every 10 requests)
[09:13:06] [424/455] RAJX
[09:13:07] [425/455] UVCD
[09:13:08] [426/455] LISA
[09:13:09] [427/455] LMSR
[09:13:10] [428/455] PMCA
[09:13:10] [429/455] INPO
[09:13:11] [430/455] INGO
[09:13:13] [431/455] HFSQ
[09:13:15] [432/455] INMG
[09:13:16] [433/455] NYCP
[09:13:17] 🔄 Identity reset
[09:13:17] 🔄 Identity rotated (every 10 requests)
[09:13:17] [434/455] HFSV
[09:13:18] [435/455] MMZP
[09:13:19] [436/455] KSES
[09:13:20] [437/455] HFSA
[09:13:21] [438/455] ACMM
[09:13:22] [439/455] RCKD
[09:13:22] [440/455] BCKR
[09:13:23] [441/455] SFCO
[09:13:24] [442/455] JCCB
[09:13:25] [443/455] BCCR
[09:13:26] 🔄 Identity reset
[09:13:26] 🔄 Identity rotated (every 10 requests)
[09:13:26] [444/455] NWCB
[09:13:27] [445/455] SAMT
[09:13:28] [446/455] TMST
[09:13:29] [447/455] SJCN
[09:13:30] [448/455] MCBS
[09:13:31] [449/455] CMKR
[09:13:31] [450/455] INPM
[09:13:32] [451/455] WVMT
[09:13:33] [452/455] NYSM
[09:13:35] [453/455] RCMA
[09:13:35] 🔄 Identity reset
[09:13:35] 🔄 Identity rotated (every 10 requests)
[09:13:36] [454/455] RECM
[09:13:36] [455/455] CYCM
[09:13:37] ✅ DONE | Shows=1265 | Movies=65
[10:06:50] 🚀 BMS DAILY TRACKER STARTED (enhanced anti‑detection)
[10:06:50] [1/455] MXGN
[10:06:51] 🧠 New identity created
[10:06:51] [2/455] PGGM
[10:06:51] [3/455] IPMJ
[10:06:52] [4/455] M2PP
[10:06:53] [5/455] PMMS
[10:06:53] [6/455] SCJN
[10:06:54] [7/455] CPUM
[10:06:55] [8/455] SCND
[10:06:56] [9/455] INWM
[10:06:57] [10/455] DVDC
[10:06:57] 🔄 Identity reset
[10:06:57] 🔄 Identity rotated (every 10 requests)
[10:06:57] [11/455] WVND
[10:06:58] [12/455] LBDL
[10:06:59] [13/455] CRGM
[10:07:00] [14/455] PVKS
[10:07:01] [15/455] PBLL
[10:07:01] [16/455] FNLN
[10:07:02] [17/455] PPDA
[10:07:03] [18/455] SCPT
[10:07:03] [19/455] IAJS
[10:07:04] [20/455] MMZG
[10:07:05] 🔄 Identity reset
[10:07:05] 🔄 Identity rotated (every 10 requests)
[10:07:05] [21/455] MCTI
[10:07:05] [22/455] PPMF
[10:07:06] [23/455] FNSD
[10:07:07] [24/455] M2RH
[10:07:08] [25/455] CPGV
[10:07:08] [26/455] PECD
[10:07:09] [27/455] CTEE
[10:07:10] [28/455] IOMG
[10:07:10] [29/455] CIJA
[10:07:11] [30/455] NYCG
[10:07:12] 🔄 Identity reset
[10:07:12] 🔄 Identity rotated (every 10 requests)
[10:07:12] [31/455] CEST
[10:07:12] [32/455] WVRG
[10:07:13] [33/455] DPDC
[10:07:14] [34/455] PDIV
[10:07:15] [35/455] MTPP
[10:07:15] [36/455] MHNU
[10:07:16] [37/455] WUPG
[10:07:17] [38/455] USCO
[10:07:18] [39/455] INFR
[10:07:19] [40/455] PVPD
[10:07:19] 🔄 Identity reset
[10:07:19] 🔄 Identity rotated (every 10 requests)
[10:07:20] [41/455] RONC
[10:07:20] [42/455] IOCP
[10:07:21] [43/455] EMPS
[10:07:22] [44/455] PNAD
[10:07:22] [45/455] VVGZ
[10:07:23] [46/455] MDDC
[10:07:24] [47/455] MMAP
[10:07:24] [48/455] GPDC
[10:07:25] [49/455] PVPU
[10:07:26] [50/455] DCMV
[10:07:27] 🔄 Identity reset
[10:07:27] 🔄 Identity rotated (every 10 requests)
[10:07:27] [51/455] PCCF
[10:07:27] [52/455] MCEF
[10:07:28] [53/455] INRD
[10:07:28] [54/455] CCPZ
[10:07:29] [55/455] BCWG
[10:07:30] [56/455] PMGU
[10:07:30] [57/455] MCVM
[10:07:31] [58/455] MCDE
[10:07:32] [59/455] IEFM
[10:07:32] [60/455] MXCS
[10:07:33] 🔄 Identity reset
[10:07:33] 🔄 Identity rotated (every 10 requests)
[10:07:33] [61/455] RNMT
[10:07:34] [62/455] PSDD
[10:07:34] [63/455] PETA
[10:07:35] [64/455] IZOP
[10:07:36] [65/455] PDEI
[10:07:36] [66/455] MTND
[10:07:37] [67/455] PCPL
[10:07:38] [68/455] LSCM
[10:07:38] [69/455] BTFD
[10:07:39] [70/455] MERM
[10:07:40] 🔄 Identity reset
[10:07:40] 🔄 Identity rotated (every 10 requests)
[10:07:40] [71/455] PVMS
[10:07:41] [72/455] CIGK
[10:07:41] [73/455] INSG
[10:07:42] [74/455] IDEN
[10:07:42] [75/455] MCGN
[10:07:43] [76/455] IGAM
[10:07:44] [77/455] SLCU
[10:07:44] [78/455] MIMU
[10:07:45] [79/455] QLAC
[10:07:46] [80/455] MENL
[10:07:46] 🔄 Identity reset
[10:07:46] 🔄 Identity rotated (every 10 requests)
[10:07:47] [81/455] SCUR
[10:07:47] [82/455] MDGD
[10:07:48] [83/455] LSRS
[10:07:49] [84/455] KMLG
[10:07:50] [85/455] MKLJ
[10:07:51] [86/455] IBYG
[10:07:52] [87/455] ISML
[10:07:52] [88/455] MJMM
[10:07:53] [89/455] RCGD
[10:07:53] [90/455] MMOC
[10:07:54] 🔄 Identity reset
[10:07:54] 🔄 Identity rotated (every 10 requests)
[10:07:54] [91/455] RRCO
[10:07:55] [92/455] MEDM
[10:07:55] [93/455] MCAZ
[10:07:56] [94/455] STWA
[10:07:58] [95/455] PFFG
[10:07:59] [96/455] GAGC
[10:07:59] [97/455] PMPM
[10:08:00] [98/455] HVCD
[10:08:00] [99/455] AKRF
[10:08:01] [100/455] AKRC
[10:08:02] 🔄 Identity reset
[10:08:02] 🔄 Identity rotated (every 10 requests)
[10:08:03] [101/455] MIDA
[10:08:04] [102/455] MAGX
[10:08:04] [103/455] ESOS
[10:08:05] [104/455] BBCL
[10:08:06] [105/455] LYAS
[10:08:07] [106/455] NRMS
[10:08:07] [107/455] BHUC
[10:08:08] [108/455] SRIC
[10:08:09] [109/455] PDME
[10:08:09] [110/455] MJCS
[10:08:10] 🔄 Identity reset
[10:08:10] 🔄 Identity rotated (every 10 requests)
[10:08:10] [111/455] NRAA
[10:08:11] [112/455] VATA
[10:08:12] [113/455] MNKC
[10:08:12] [114/455] DHCL
[10:08:13] [115/455] JCPC
[10:08:14] [116/455] CTML
[10:08:14] [117/455] RMMR
[10:08:15] [118/455] STTL
[10:08:16] [119/455] CNPS
[10:08:17] [120/455] ACKL
[10:08:17] 🔄 Identity reset
[10:08:17] 🔄 Identity rotated (every 10 requests)
[10:08:18] [121/455] SCAU
[10:08:18] [122/455] RMIA
[10:08:19] [123/455] MANU
[10:08:20] [124/455] ARDC
[10:08:21] [125/455] GLDA
[10:08:21] [126/455] KVSW
[10:08:22] [127/455] CGCA
[10:08:23] [128/455] CMLO
[10:08:23] [129/455] CECB
[10:08:24] [130/455] RCPN
[10:08:24] 🔄 Identity reset
[10:08:24] 🔄 Identity rotated (every 10 requests)
[10:08:24] [131/455] ASMW
[10:08:25] [132/455] PWLM
[10:08:26] [133/455] ASGM
[10:08:27] [134/455] ACWH
[10:08:27] [135/455] AAPW
[10:08:29] [136/455] RTWA
[10:08:30] [137/455] RAMW
[10:08:30] [138/455] VKTR
[10:08:31] [139/455] SMBH
[10:08:33] [140/455] BVDR
[10:08:34] 🔄 Identity reset
[10:08:34] 🔄 Identity rotated (every 10 requests)
[10:08:34] [141/455] MRTP
[10:08:35] [142/455] BLBR
[10:08:36] [143/455] LPIN
[10:08:37] [144/455] SNPC
[10:08:38] [145/455] PDCB
[10:08:39] [146/455] DYPK
[10:08:39] [147/455] INMK
[10:08:40] [148/455] PDCK
[10:08:40] [149/455] PCKR
[10:08:41] [150/455] SHUA
[10:08:41] 🔄 Identity reset
[10:08:41] 🔄 Identity rotated (every 10 requests)
[10:08:42] [151/455] SCVK
[10:08:42] [152/455] STPA
[10:08:43] [153/455] WVHD
[10:08:44] [154/455] MRCH
[10:08:45] [155/455] MCNP
[10:08:46] [156/455] RCAG
[10:08:46] [157/455] JTSN
[10:08:47] [158/455] AANS
[10:08:48] [159/455] GDDR
[10:08:48] [160/455] SRER
[10:08:49] 🔄 Identity reset
[10:08:49] 🔄 Identity rotated (every 10 requests)
[10:08:49] [161/455] JKMA
[10:08:50] [162/455] ARAN
[10:08:51] [163/455] ALCT
[10:08:52] [164/455] CCTA
[10:08:53] [165/455] CNCT
[10:08:53] [166/455] NZBL
[10:08:54] [167/455] SRRA
[10:08:55] [168/455] SVPW
[10:08:55] [169/455] SRTW
[10:08:56] [170/455] XMTD
[10:08:56] 🔄 Identity reset
[10:08:56] 🔄 Identity rotated (every 10 requests)
[10:08:57] [171/455] SCCZ
[10:08:57] [172/455] PBCR
[10:08:58] [173/455] RTSC
[10:08:59] [174/455] TLSV
[10:08:59] [175/455] RMTK
[10:09:00] [176/455] SRAT
[10:09:01] [177/455] GCYC
[10:09:01] [178/455] HCAJ
[10:09:02] [179/455] LCXA
[10:09:03] [180/455] BINT
[10:09:03] 🔄 Identity reset
[10:09:03] 🔄 Identity rotated (every 10 requests)
[10:09:04] [181/455] IXIM
[10:09:04] [182/455] MBCR
[10:09:05] [183/455] BMCJ
[10:09:06] [184/455] NICJ
[10:09:07] [185/455] SCAJ
[10:09:07] [186/455] CMXS
[10:09:08] [187/455] MMSR
[10:09:09] [188/455] PRKT
[10:09:10] [189/455] LPTH
[10:09:10] [190/455] SARP
[10:09:11] 🔄 Identity reset
[10:09:11] 🔄 Identity rotated (every 10 requests)
[10:09:11] [191/455] MNPP
[10:09:12] [192/455] PRLR
[10:09:13] [193/455] RCMW
[10:09:13] [194/455] FCMG
[10:09:14] [195/455] RTNK
[10:09:14] [196/455] LRCP
[10:09:15] [197/455] DBJR
[10:09:16] [198/455] CACN
[10:09:17] [199/455] AMRL
[10:09:18] [200/455] SBBC
[10:09:19] 🔄 Identity reset
[10:09:19] 🔄 Identity rotated (every 10 requests)
[10:09:19] [201/455] VENN
[10:09:19] [202/455] STSS
[10:09:20] [203/455] SMRB
[10:09:21] [204/455] CCMX
[10:09:22] [205/455] KCMR
[10:09:22] [206/455] SALH
[10:09:23] [207/455] CGTT
[10:09:25] [208/455] PMDR
[10:09:26] [209/455] VCPM
[10:09:26] [210/455] RZMX
[10:09:27] 🔄 Identity reset
[10:09:27] 🔄 Identity rotated (every 10 requests)
[10:09:27] [211/455] TMSY
[10:09:28] [212/455] NTMS
[10:09:28] [213/455] VTAG
[10:09:29] [214/455] REMA
[10:09:30] [215/455] NXCC
[10:09:30] [216/455] SKYM
[10:09:31] [217/455] CCMO
[10:09:32] [218/455] DMXM
[10:09:33] [219/455] SPPM
[10:09:33] [220/455] PTKL
[10:09:34] 🔄 Identity reset
[10:09:34] 🔄 Identity rotated (every 10 requests)
[10:09:34] [221/455] SLVO
[10:09:35] [222/455] VASL
[10:09:35] [223/455] CBCM
[10:09:36] [224/455] STMA
[10:09:38] [225/455] LASK
[10:09:39] [226/455] VITE
[10:09:39] [227/455] AAST
[10:09:40] [228/455] JTPT
[10:09:41] [229/455] RRSH
[10:09:41] [230/455] CINL
[10:09:42] 🔄 Identity reset
[10:09:42] 🔄 Identity rotated (every 10 requests)
[10:09:42] [231/455] MCSR
[10:09:43] [232/455] SBCF
[10:09:44] [233/455] GCDU
[10:09:45] [234/455] PSPR
[10:09:45] [235/455] IMMO
[10:09:46] [236/455] CLGM
[10:09:48] [237/455] PBMM
[10:09:48] [238/455] CEHR
[10:09:49] [239/455] CPOE
[10:09:50] [240/455] PGFD
[10:09:51] 🔄 Identity reset
[10:09:51] 🔄 Identity rotated (every 10 requests)
[10:09:51] [241/455] PSLC
[10:09:52] [242/455] MSMD
[10:09:52] [243/455] FMFB
[10:09:53] [244/455] RKCL
[10:09:54] [245/455] PMMC
[10:09:54] [246/455] SKMM
[10:09:55] [247/455] VOIB
[10:09:55] [248/455] KINO
[10:09:56] [249/455] VCTP
[10:09:57] [250/455] PDWR
[10:09:57] 🔄 Identity reset
[10:09:57] 🔄 Identity rotated (every 10 requests)
[10:09:57] [251/455] SAED
[10:09:58] [252/455] SRRT
[10:09:59] [253/455] CVLG
[10:10:00] [254/455] SNGN
[10:10:00] [255/455] SIDA
[10:10:01] [256/455] IMCB
[10:10:02] [257/455] SMHP
[10:10:03] [258/455] GDTY
[10:10:04] [259/455] VYCH
[10:10:04] [260/455] PDYA
[10:10:05] 🔄 Identity reset
[10:10:05] 🔄 Identity rotated (every 10 requests)
[10:10:05] [261/455] RKDO
[10:10:06] [262/455] VECG
[10:10:07] [263/455] NFGD
[10:10:07] [264/455] SNDC
[10:10:08] [265/455] SDJH
[10:10:08] [266/455] HASV
[10:10:10] [267/455] PTYK
[10:10:11] [268/455] MUTB
[10:10:11] [269/455] AMRT
[10:10:12] [270/455] VACD
[10:10:13] 🔄 Identity reset
[10:10:13] 🔄 Identity rotated (every 10 requests)
[10:10:13] [271/455] SKDD
[10:10:14] [272/455] STGR
[10:10:14] [273/455] GDAK
[10:10:15] [274/455] SKHK
[10:10:16] [275/455] SLND
[10:10:17] [276/455] APAP
[10:10:17] [277/455] AYYA
[10:10:19] [278/455] VCCZ
[10:10:20] [279/455] MEML
[10:10:20] [280/455] MAOU
[10:10:21] 🔄 Identity reset
[10:10:21] 🔄 Identity rotated (every 10 requests)
[10:10:21] [281/455] ESND
[10:10:22] [282/455] PTBZ
[10:10:22] [283/455] LBCN
[10:10:23] [284/455] PAWA
[10:10:24] [285/455] ZEIC
[10:10:25] [286/455] CGMM
[10:10:26] [287/455] PJPM
[10:10:27] [288/455] ECMR
[10:10:28] [289/455] SHMZ
[10:10:28] [290/455] STCA
[10:10:29] 🔄 Identity reset
[10:10:29] 🔄 Identity rotated (every 10 requests)
[10:10:29] [291/455] VDRC
[10:10:30] [292/455] SEEM
[10:10:30] [293/455] MKNS
[10:10:31] [294/455] KPPP
[10:10:32] [295/455] CCML
[10:10:33] [296/455] CIBA
[10:10:34] [297/455] NACS
[10:10:35] [298/455] CTMK
[10:10:36] [299/455] CTCT
[10:10:36] [300/455] MCSN
[10:10:37] 🔄 Identity reset
[10:10:37] 🔄 Identity rotated (every 10 requests)
[10:10:37] [301/455] MAXX
[10:10:38] [302/455] MECB
[10:10:39] [303/455] NTBY
[10:10:39] [304/455] UTBI
[10:10:40] [305/455] RADK
[10:10:41] [306/455] STBY
[10:10:41] [307/455] GTBY
[10:10:42] [308/455] RRMB
[10:10:43] [309/455] ABRN
[10:10:44] [310/455] GTSG
[10:10:45] 🔄 Identity reset
[10:10:45] 🔄 Identity rotated (every 10 requests)
[10:10:45] [311/455] GBTG
[10:10:46] [312/455] SBGS
[10:10:47] [313/455] KBPM
[10:10:48] [314/455] SMHT
[10:10:48] [315/455] VTDM
[10:10:49] [316/455] ASCT
[10:10:50] [317/455] AWCT
[10:10:51] [318/455] DCCU
[10:10:52] [319/455] PSCE
[10:10:53] [320/455] KSNY
[10:10:53] 🔄 Identity reset
[10:10:53] 🔄 Identity rotated (every 10 requests)
[10:10:54] [321/455] ACID
[10:10:55] [322/455] LVCD
[10:10:56] [323/455] KSSB
[10:10:58] [324/455] SWTD
[10:10:58] [325/455] RBMR
[10:10:59] [326/455] SCBC
[10:11:00] [327/455] RKME
[10:11:00] [328/455] GALX
[10:11:01] [329/455] GCCH
[10:11:02] [330/455] RATR
[10:11:03] 🔄 Identity reset
[10:11:03] 🔄 Identity rotated (every 10 requests)
[10:11:03] [331/455] GTGA
[10:11:04] [332/455] LTTR
[10:11:05] [333/455] TTAA
[10:11:07] [334/455] TVHP
[10:11:07] [335/455] KVCS
[10:11:08] [336/455] CBMC
[10:11:09] [337/455] MAYJ
[10:11:10] [338/455] INPR
[10:11:11] [339/455] RSSC
[10:11:12] [340/455] PCAN
[10:11:12] 🔄 Identity reset
[10:11:12] 🔄 Identity rotated (every 10 requests)
[10:11:12] [341/455] PVHR
[10:11:13] [342/455] AGSM
[10:11:14] [343/455] PVES
[10:11:14] [344/455] INTO
[10:11:15] [345/455] ACON
[10:11:16] [346/455] PVPZ
[10:11:17] [347/455] PVHC
[10:11:18] [348/455] KSTK
[10:11:19] [349/455] PVSR
[10:11:19] [350/455] ACTN
[10:11:20] 🔄 Identity reset
[10:11:20] 🔄 Identity rotated (every 10 requests)
[10:11:20] [351/455] FMCN
[10:11:21] [352/455] PABC
[10:11:22] [353/455] SUTC
[10:11:22] [354/455] PGMV
[10:11:23] [355/455] GKCP
[10:11:24] [356/455] INCH
[10:11:25] [357/455] MLMT
[10:11:26] [358/455] SSCC
[10:11:26] [359/455] SLMP
[10:11:27] [360/455] VVTN
[10:11:27] 🔄 Identity reset
[10:11:27] 🔄 Identity rotated (every 10 requests)
[10:11:27] [361/455] SBTR
[10:11:28] [362/455] PGRA
[10:11:29] [363/455] PBRM
[10:11:29] [364/455] GCRP
[10:11:30] [365/455] MCSK
[10:11:31] [366/455] NLTC
[10:11:32] [367/455] MTLM
[10:11:33] [368/455] VECT
[10:11:33] [369/455] KMRM
[10:11:34] [370/455] RACM
[10:11:35] 🔄 Identity reset
[10:11:35] 🔄 Identity rotated (every 10 requests)
[10:11:35] [371/455] WSTC
[10:11:36] [372/455] PVTJ
[10:11:37] [373/455] MMKC
[10:11:38] [374/455] SVWT
[10:11:39] [375/455] JOTG
[10:11:40] [376/455] VCDK
[10:11:41] [377/455] ANAC
[10:11:42] [378/455] GRTC
[10:11:43] [379/455] JTPL
[10:11:43] [380/455] VRCP
[10:11:44] 🔄 Identity reset
[10:11:44] 🔄 Identity rotated (every 10 requests)
[10:11:44] [381/455] REMC
[10:11:45] [382/455] ATMG
[10:11:46] [383/455] GAHC
[10:11:46] [384/455] JTMV
[10:11:47] [385/455] OMTT
[10:11:48] [386/455] GKKC
[10:11:49] [387/455] BBPO
[10:11:50] [388/455] ZCBB
[10:11:51] [389/455] DCGO
[10:11:52] [390/455] STOP
[10:11:52] 🔄 Identity reset
[10:11:52] 🔄 Identity rotated (every 10 requests)
[10:11:52] [391/455] BSPC
[10:11:53] [392/455] SOND
[10:11:54] [393/455] GCKG
[10:11:55] [394/455] PCDB
[10:11:56] [395/455] PGRC
[10:11:57] [396/455] CSCT
[10:11:58] [397/455] STDA
[10:11:58] [398/455] JAYD
[10:11:59] [399/455] PPPD
[10:12:00] [400/455] KRTT
[10:12:01] 🔄 Identity reset
[10:12:01] 🔄 Identity rotated (every 10 requests)
[10:12:01] [401/455] PTDT
[10:12:02] [402/455] TRSV
[10:12:02] [403/455] VELR
[10:12:03] [404/455] STDT
[10:12:04] [405/455] SATT
[10:12:05] [406/455] KCPM
[10:12:06] [407/455] MFCP
[10:12:06] [408/455] AXMP
[10:12:08] [409/455] LTVB
[10:12:09] [410/455] APST
[10:12:10] 🔄 Identity reset
[10:12:10] 🔄 Identity rotated (every 10 requests)
[10:12:10] [411/455] DTVP
[10:12:11] [412/455] AAVB
[10:12:12] [413/455] PMBL
[10:12:13] [414/455] STKC
[10:12:14] [415/455] KKMA
[10:12:14] [416/455] NMXS
[10:12:15] [417/455] DECX
[10:12:16] [418/455] MAPJ
[10:12:17] [419/455] SMLK
[10:12:18] [420/455] PMPU
[10:12:18] 🔄 Identity reset
[10:12:18] 🔄 Identity rotated (every 10 requests)
[10:12:18] [421/455] AFST
[10:12:19] [422/455] SRSY
[10:12:21] [423/455] RMKT
[10:12:22] [424/455] RAJX
[10:12:22] [425/455] UVCD
[10:12:23] [426/455] LISA
[10:12:24] [427/455] LMSR
[10:12:25] [428/455] PMCA
[10:12:26] [429/455] INPO
[10:12:27] [430/455] INGO
[10:12:28] 🔄 Identity reset
[10:12:28] 🔄 Identity rotated (every 10 requests)
[10:12:28] [431/455] HFSQ
[10:12:29] [432/455] INMG
[10:12:30] [433/455] NYCP
[10:12:31] [434/455] HFSV
[10:12:32] [435/455] MMZP
[10:12:34] [436/455] KSES
[10:12:35] [437/455] HFSA
[10:12:36] [438/455] ACMM
[10:12:36] [439/455] RCKD
[10:12:37] [440/455] BCKR
[10:12:38] 🔄 Identity reset
[10:12:38] 🔄 Identity rotated (every 10 requests)
[10:12:38] [441/455] SFCO
[10:12:39] [442/455] JCCB
[10:12:40] [443/455] BCCR
[10:12:41] [444/455] NWCB
[10:12:42] [445/455] SAMT
[10:12:43] [446/455] TMST
[10:12:43] [447/455] SJCN
[10:12:44] [448/455] MCBS
[10:12:45] [449/455] CMKR
[10:12:46] [450/455] INPM
[10:12:46] 🔄 Identity reset
[10:12:46] 🔄 Identity rotated (every 10 requests)
[10:12:47] [451/455] WVMT
[10:12:47] [452/455] NYSM
[10:12:48] [453/455] RCMA
[10:12:49] [454/455] RECM
[10:12:50] [455/455] CYCM
[10:12:51] ✅ DONE | Shows=1618 | Movies=69
[11:06:36] 🚀 BMS DAILY TRACKER STARTED (enhanced anti‑detection)
[11:06:36] [1/455] MXGN
[11:06:37] 🧠 New identity created
[11:06:37] [2/455] PGGM
[11:06:38] [3/455] IPMJ
[11:06:39] [4/455] M2PP
[11:06:39] [5/455] PMMS
[11:06:41] [6/455] SCJN
[11:06:42] [7/455] CPUM
[11:06:43] [8/455] SCND
[11:06:43] [9/455] INWM
[11:06:44] [10/455] DVDC
[11:06:45] 🔄 Identity reset
[11:06:45] 🔄 Identity rotated (every 10 requests)
[11:06:45] [11/455] WVND
[11:06:46] [12/455] LBDL
[11:06:47] [13/455] CRGM
[11:06:48] [14/455] PVKS
[11:06:48] [15/455] PBLL
[11:06:49] [16/455] FNLN
[11:06:50] [17/455] PPDA
[11:06:51] [18/455] SCPT
[11:06:52] [19/455] IAJS
[11:06:53] [20/455] MMZG
[11:06:54] 🔄 Identity reset
[11:06:54] 🔄 Identity rotated (every 10 requests)
[11:06:54] [21/455] MCTI
[11:06:55] [22/455] PPMF
[11:06:56] [23/455] FNSD
[11:06:56] [24/455] M2RH
[11:06:57] [25/455] CPGV
[11:06:58] [26/455] PECD
[11:06:59] [27/455] CTEE
[11:07:00] [28/455] IOMG
[11:07:00] [29/455] CIJA
[11:07:01] [30/455] NYCG
[11:07:02] 🔄 Identity reset
[11:07:02] 🔄 Identity rotated (every 10 requests)
[11:07:02] [31/455] CEST
[11:07:04] [32/455] WVRG
[11:07:05] [33/455] DPDC
[11:07:06] [34/455] PDIV
[11:07:06] [35/455] MTPP
[11:07:07] [36/455] MHNU
[11:07:08] [37/455] WUPG
[11:07:09] [38/455] USCO
[11:07:10] [39/455] INFR
[11:07:11] [40/455] PVPD
[11:07:11] 🔄 Identity reset
[11:07:11] 🔄 Identity rotated (every 10 requests)
[11:07:12] [41/455] RONC
[11:07:13] [42/455] IOCP
[11:07:14] [43/455] EMPS
[11:07:15] [44/455] PNAD
[11:07:15] [45/455] VVGZ
[11:07:16] [46/455] MDDC
[11:07:17] [47/455] MMAP
[11:07:18] [48/455] GPDC
[11:07:19] [49/455] PVPU
[11:07:20] [50/455] DCMV
[11:07:20] 🔄 Identity reset
[11:07:20] 🔄 Identity rotated (every 10 requests)
[11:07:20] [51/455] PCCF
[11:07:21] [52/455] MCEF
[11:07:22] [53/455] INRD
[11:07:23] [54/455] CCPZ
[11:07:24] [55/455] BCWG
[11:07:25] [56/455] PMGU
[11:07:26] [57/455] MCVM
[11:07:26] [58/455] MCDE
[11:07:27] [59/455] IEFM
[11:07:28] [60/455] MXCS
[11:07:28] 🔄 Identity reset
[11:07:28] 🔄 Identity rotated (every 10 requests)
[11:07:29] [61/455] RNMT
[11:07:30] [62/455] PSDD
[11:07:30] [63/455] PETA
[11:07:31] [64/455] IZOP
[11:07:32] [65/455] PDEI
[11:07:33] [66/455] MTND
[11:07:33] [67/455] PCPL
[11:07:34] [68/455] LSCM
[11:07:35] [69/455] BTFD
[11:07:36] [70/455] MERM
[11:07:36] 🔄 Identity reset
[11:07:36] 🔄 Identity rotated (every 10 requests)
[11:07:36] [71/455] PVMS
[11:07:37] [72/455] CIGK
[11:07:38] [73/455] INSG
[11:07:39] [74/455] IDEN
[11:07:40] [75/455] MCGN
[11:07:41] [76/455] IGAM
[11:07:42] [77/455] SLCU
[11:07:42] [78/455] MIMU
[11:07:43] [79/455] QLAC
[11:07:44] [80/455] MENL
[11:07:45] 🔄 Identity reset
[11:07:45] 🔄 Identity rotated (every 10 requests)
[11:07:45] [81/455] SCUR
[11:07:45] [82/455] MDGD
[11:07:46] [83/455] LSRS
[11:07:47] [84/455] KMLG
[11:07:48] [85/455] MKLJ
[11:07:49] [86/455] IBYG
[11:07:49] [87/455] ISML
[11:07:50] [88/455] MJMM
[11:07:51] [89/455] RCGD
[11:07:52] [90/455] MMOC
[11:07:52] 🔄 Identity reset
[11:07:52] 🔄 Identity rotated (every 10 requests)
[11:07:53] [91/455] RRCO
[11:07:54] [92/455] MEDM
[11:07:54] [93/455] MCAZ
[11:07:55] [94/455] STWA
[11:07:56] [95/455] PFFG
[11:07:57] [96/455] GAGC
[11:07:58] [97/455] PMPM
[11:07:58] [98/455] HVCD
[11:07:59] [99/455] AKRF
[11:08:00] [100/455] AKRC
[11:08:00] 🔄 Identity reset
[11:08:00] 🔄 Identity rotated (every 10 requests)
[11:08:01] [101/455] MIDA
[11:08:01] [102/455] MAGX
[11:08:02] [103/455] ESOS
[11:08:03] [104/455] BBCL
[11:08:04] [105/455] LYAS
[11:08:05] [106/455] NRMS
[11:08:06] [107/455] BHUC
[11:08:07] [108/455] SRIC
[11:08:08] [109/455] PDME
[11:08:08] [110/455] MJCS
[11:08:09] 🔄 Identity reset
[11:08:09] 🔄 Identity rotated (every 10 requests)
[11:08:09] [111/455] NRAA
[11:08:09] [112/455] VATA
[11:08:10] [113/455] MNKC
[11:08:11] [114/455] DHCL
[11:08:12] [115/455] JCPC
[11:08:13] [116/455] CTML
[11:08:14] [117/455] RMMR
[11:08:15] [118/455] STTL
[11:08:16] [119/455] CNPS
[11:08:18] [120/455] ACKL
[11:08:18] 🔄 Identity reset
[11:08:18] 🔄 Identity rotated (every 10 requests)
[11:08:18] [121/455] SCAU
[11:08:19] [122/455] RMIA
[11:08:20] [123/455] MANU
[11:08:21] [124/455] ARDC
[11:08:22] [125/455] GLDA
[11:08:23] [126/455] KVSW
[11:08:23] [127/455] CGCA
[11:08:24] [128/455] CMLO
[11:08:25] [129/455] CECB
[11:08:25] [130/455] RCPN
[11:08:26] 🔄 Identity reset
[11:08:26] 🔄 Identity rotated (every 10 requests)
[11:08:27] [131/455] ASMW
[11:08:28] [132/455] PWLM
[11:08:29] [133/455] ASGM
[11:08:30] [134/455] ACWH
[11:08:31] [135/455] AAPW
[11:08:32] [136/455] RTWA
[11:08:32] [137/455] RAMW
[11:08:33] [138/455] VKTR
[11:08:35] [139/455] SMBH
[11:08:36] [140/455] BVDR
[11:08:36] 🔄 Identity reset
[11:08:36] 🔄 Identity rotated (every 10 requests)
[11:08:36] 🔄 Retry 1/5 for BVDR in 2.7s
[11:08:36] 🔄 Identity reset
[11:08:39] 🧠 New identity created
[11:08:40] [141/455] MRTP
[11:08:41] [142/455] BLBR
[11:08:42] [143/455] LPIN
[11:08:43] [144/455] SNPC
[11:08:43] [145/455] PDCB
[11:08:44] [146/455] DYPK
[11:08:45] [147/455] INMK
[11:08:46] [148/455] PDCK
[11:08:47] [149/455] PCKR
[11:08:47] 🔄 Identity reset
[11:08:47] 🔄 Identity rotated (every 10 requests)
[11:08:47] 🔄 Retry 1/5 for PCKR in 3.0s
[11:08:47] 🔄 Identity reset
[11:08:50] 🧠 New identity created
[11:08:50] [150/455] SHUA
[11:08:51] [151/455] SCVK
[11:08:52] [152/455] STPA
[11:08:53] [153/455] WVHD
[11:08:54] [154/455] MRCH
[11:08:55] [155/455] MCNP
[11:08:55] [156/455] RCAG
[11:08:56] [157/455] JTSN
[11:08:57] [158/455] AANS
[11:08:58] 🔄 Identity reset
[11:08:58] 🔄 Identity rotated (every 10 requests)
[11:08:58] [159/455] GDDR
[11:08:59] [160/455] SRER
[11:09:01] [161/455] JKMA
[11:09:02] [162/455] ARAN
[11:09:03] [163/455] ALCT
[11:09:04] [164/455] CCTA
[11:09:05] [165/455] CNCT
[11:09:06] [166/455] NZBL
[11:09:07] [167/455] SRRA
[11:09:08] [168/455] SVPW
[11:09:09] 🔄 Identity reset
[11:09:09] 🔄 Identity rotated (every 10 requests)
[11:09:09] [169/455] SRTW
[11:09:10] [170/455] XMTD
[11:09:10] [171/455] SCCZ
[11:09:11] [172/455] PBCR
[11:09:12] [173/455] RTSC
[11:09:13] [174/455] TLSV
[11:09:13] [175/455] RMTK
[11:09:14] [176/455] SRAT
[11:09:15] [177/455] GCYC
[11:09:16] [178/455] HCAJ
[11:09:16] 🔄 Identity reset
[11:09:16] 🔄 Identity rotated (every 10 requests)
[11:09:17] [179/455] LCXA
[11:09:17] [180/455] BINT
[11:09:19] [181/455] IXIM
[11:09:20] [182/455] MBCR
[11:09:20] [183/455] BMCJ
[11:09:21] [184/455] NICJ
[11:09:22] [185/455] SCAJ
[11:09:23] [186/455] CMXS
[11:09:24] [187/455] MMSR
[11:09:25] [188/455] PRKT
[11:09:25] 🔄 Identity reset
[11:09:25] 🔄 Identity rotated (every 10 requests)
[11:09:25] [189/455] LPTH
[11:09:26] [190/455] SARP
[11:09:27] [191/455] MNPP
[11:09:28] [192/455] PRLR
[11:09:29] [193/455] RCMW
[11:09:29] [194/455] FCMG
[11:09:30] [195/455] RTNK
[11:09:31] [196/455] LRCP
[11:09:31] [197/455] DBJR
[11:09:32] [198/455] CACN
[11:09:33] 🔄 Identity reset
[11:09:33] 🔄 Identity rotated (every 10 requests)
[11:09:33] [199/455] AMRL
[11:09:34] [200/455] SBBC
[11:09:35] [201/455] VENN
[11:09:35] [202/455] STSS
[11:09:36] [203/455] SMRB
[11:09:37] [204/455] CCMX
[11:09:38] [205/455] KCMR
[11:09:38] [206/455] SALH
[11:09:39] [207/455] CGTT
[11:09:41] [208/455] PMDR
[11:09:42] 🔄 Identity reset
[11:09:42] 🔄 Identity rotated (every 10 requests)
[11:09:42] [209/455] VCPM
[11:09:43] [210/455] RZMX
[11:09:44] [211/455] TMSY
[11:09:45] [212/455] NTMS
[11:09:46] [213/455] VTAG
[11:09:47] [214/455] REMA
[11:09:47] [215/455] NXCC
[11:09:49] [216/455] SKYM
[11:09:50] [217/455] CCMO
[11:09:51] [218/455] DMXM
[11:09:51] 🔄 Identity reset
[11:09:51] 🔄 Identity rotated (every 10 requests)
[11:09:52] [219/455] SPPM
[11:09:52] [220/455] PTKL
[11:09:53] [221/455] SLVO
[11:09:54] [222/455] VASL
[11:09:55] [223/455] CBCM
[11:09:57] [224/455] STMA
[11:09:58] [225/455] LASK
[11:09:59] [226/455] VITE
[11:10:01] [227/455] AAST
[11:10:02] [228/455] JTPT
[11:10:03] 🔄 Identity reset
[11:10:03] 🔄 Identity rotated (every 10 requests)
[11:10:03] [229/455] RRSH
[11:10:04] [230/455] CINL
[11:10:05] [231/455] MCSR
[11:10:06] [232/455] SBCF
[11:10:07] [233/455] GCDU
[11:10:08] [234/455] PSPR
[11:10:09] [235/455] IMMO
[11:10:10] [236/455] CLGM
[11:10:12] [237/455] PBMM
[11:10:12] [238/455] CEHR
[11:10:13] 🔄 Identity reset
[11:10:13] 🔄 Identity rotated (every 10 requests)
[11:10:13] [239/455] CPOE
[11:10:14] [240/455] PGFD
[11:10:15] [241/455] PSLC
[11:10:16] [242/455] MSMD
[11:10:16] [243/455] FMFB
[11:10:17] [244/455] RKCL
[11:10:18] [245/455] PMMC
[11:10:19] [246/455] SKMM
[11:10:19] [247/455] VOIB
[11:10:20] [248/455] KINO
[11:10:21] 🔄 Identity reset
[11:10:21] 🔄 Identity rotated (every 10 requests)
[11:10:21] [249/455] VCTP
[11:10:22] [250/455] PDWR
[11:10:23] [251/455] SAED
[11:10:23] [252/455] SRRT
[11:10:24] [253/455] CVLG
[11:10:25] [254/455] SNGN
[11:10:26] [255/455] SIDA
[11:10:27] [256/455] IMCB
[11:10:28] [257/455] SMHP
[11:10:28] [258/455] GDTY
[11:10:29] 🔄 Identity reset
[11:10:29] 🔄 Identity rotated (every 10 requests)
[11:10:30] [259/455] VYCH
[11:10:31] [260/455] PDYA
[11:10:31] [261/455] RKDO
[11:10:32] [262/455] VECG
[11:10:33] [263/455] NFGD
[11:10:34] [264/455] SNDC
[11:10:35] [265/455] SDJH
[11:10:36] [266/455] HASV
[11:10:37] [267/455] PTYK
[11:10:37] [268/455] MUTB
[11:10:38] 🔄 Identity reset
[11:10:38] 🔄 Identity rotated (every 10 requests)
[11:10:38] 🔄 Retry 1/5 for MUTB in 2.8s
[11:10:38] 🔄 Identity reset
[11:10:41] 🧠 New identity created
[11:10:41] 🔄 Retry 2/5 for MUTB in 4.5s
[11:10:41] 🔄 Identity reset
[11:10:45] 🧠 New identity created
[11:10:45] [269/455] AMRT
[11:10:46] [270/455] VACD
[11:10:47] [271/455] SKDD
[11:10:49] [272/455] STGR
[11:10:49] [273/455] GDAK
[11:10:50] [274/455] SKHK
[11:10:51] [275/455] SLND
[11:10:51] [276/455] APAP
[11:10:52] 🔄 Identity reset
[11:10:52] 🔄 Identity rotated (every 10 requests)
[11:10:52] 🔄 Retry 1/5 for APAP in 2.1s
[11:10:52] 🔄 Identity reset
[11:10:54] 🧠 New identity created
[11:10:55] [277/455] AYYA
[11:10:55] [278/455] VCCZ
[11:10:56] [279/455] MEML
[11:10:57] [280/455] MAOU
[11:10:58] [281/455] ESND
[11:10:59] [282/455] PTBZ
[11:10:59] [283/455] LBCN
[11:11:00] [284/455] PAWA
[11:11:01] [285/455] ZEIC
[11:11:02] 🔄 Identity reset
[11:11:02] 🔄 Identity rotated (every 10 requests)
[11:11:02] [286/455] CGMM
[11:11:03] [287/455] PJPM
[11:11:04] [288/455] ECMR
[11:11:05] [289/455] SHMZ
[11:11:05] [290/455] STCA
[11:11:06] [291/455] VDRC
[11:11:07] [292/455] SEEM
[11:11:08] [293/455] MKNS
[11:11:09] [294/455] KPPP
[11:11:10] [295/455] CCML
[11:11:10] 🔄 Identity reset
[11:11:10] 🔄 Identity rotated (every 10 requests)
[11:11:11] [296/455] CIBA
[11:11:12] [297/455] NACS
[11:11:13] [298/455] CTMK
[11:11:14] [299/455] CTCT
[11:11:15] [300/455] MCSN
[11:11:16] [301/455] MAXX
[11:11:17] [302/455] MECB
[11:11:18] [303/455] NTBY
[11:11:19] [304/455] UTBI
[11:11:20] [305/455] RADK
[11:11:20] 🔄 Identity reset
[11:11:20] 🔄 Identity rotated (every 10 requests)
[11:11:21] [306/455] STBY
[11:11:21] [307/455] GTBY
[11:11:22] [308/455] RRMB
[11:11:23] [309/455] ABRN
[11:11:24] [310/455] GTSG
[11:11:25] [311/455] GBTG
[11:11:25] [312/455] SBGS
[11:11:26] [313/455] KBPM
[11:11:27] [314/455] SMHT
[11:11:28] [315/455] VTDM
[11:11:28] 🔄 Identity reset
[11:11:28] 🔄 Identity rotated (every 10 requests)
[11:11:29] [316/455] ASCT
[11:11:30] [317/455] AWCT
[11:11:31] [318/455] DCCU
[11:11:32] [319/455] PSCE
[11:11:33] [320/455] KSNY
[11:11:34] [321/455] ACID
[11:11:35] [322/455] LVCD
[11:11:36] [323/455] KSSB
[11:11:38] [324/455] SWTD
[11:11:39] [325/455] RBMR
[11:11:39] 🔄 Identity reset
[11:11:39] 🔄 Identity rotated (every 10 requests)
[11:11:40] [326/455] SCBC
[11:11:41] [327/455] RKME
[11:11:42] [328/455] GALX
[11:11:43] [329/455] GCCH
[11:11:45] [330/455] RATR
[11:11:45] [331/455] GTGA
[11:11:46] [332/455] LTTR
[11:11:47] [333/455] TTAA
[11:11:48] [334/455] TVHP
[11:11:49] [335/455] KVCS
[11:11:49] 🔄 Identity reset
[11:11:49] 🔄 Identity rotated (every 10 requests)
[11:11:50] [336/455] CBMC
[11:11:51] [337/455] MAYJ
[11:11:52] [338/455] INPR
[11:11:52] [339/455] RSSC
[11:11:53] [340/455] PCAN
[11:11:55] [341/455] PVHR
[11:11:56] [342/455] AGSM
[11:11:57] [343/455] PVES
[11:11:58] [344/455] INTO
[11:11:59] [345/455] ACON
[11:11:59] 🔄 Identity reset
[11:11:59] 🔄 Identity rotated (every 10 requests)
[11:12:00] [346/455] PVPZ
[11:12:01] [347/455] PVHC
[11:12:01] [348/455] KSTK
[11:12:02] [349/455] PVSR
[11:12:03] [350/455] ACTN
[11:12:04] [351/455] FMCN
[11:12:04] [352/455] PABC
[11:12:06] [353/455] SUTC
[11:12:06] [354/455] PGMV
[11:12:07] [355/455] GKCP
[11:12:07] 🔄 Identity reset
[11:12:07] 🔄 Identity rotated (every 10 requests)
[11:12:08] [356/455] INCH
[11:12:09] [357/455] MLMT
[11:12:10] [358/455] SSCC
[11:12:11] [359/455] SLMP
[11:12:11] [360/455] VVTN
[11:12:12] [361/455] SBTR
[11:12:13] [362/455] PGRA
[11:12:14] [363/455] PBRM
[11:12:15] [364/455] GCRP
[11:12:16] [365/455] MCSK
[11:12:16] 🔄 Identity reset
[11:12:16] 🔄 Identity rotated (every 10 requests)
[11:12:17] [366/455] NLTC
[11:12:17] [367/455] MTLM
[11:12:18] [368/455] VECT
[11:12:19] [369/455] KMRM
[11:12:20] [370/455] RACM
[11:12:21] [371/455] WSTC
[11:12:21] [372/455] PVTJ
[11:12:23] [373/455] MMKC
[11:12:24] [374/455] SVWT
[11:12:24] [375/455] JOTG
[11:12:25] 🔄 Identity reset
[11:12:25] 🔄 Identity rotated (every 10 requests)
[11:12:25] [376/455] VCDK
[11:12:26] [377/455] ANAC
[11:12:27] [378/455] GRTC
[11:12:28] [379/455] JTPL
[11:12:29] [380/455] VRCP
[11:12:29] [381/455] REMC
[11:12:30] [382/455] ATMG
[11:12:31] [383/455] GAHC
[11:12:32] [384/455] JTMV
[11:12:33] [385/455] OMTT
[11:12:34] 🔄 Identity reset
[11:12:34] 🔄 Identity rotated (every 10 requests)
[11:12:34] [386/455] GKKC
[11:12:35] [387/455] BBPO
[11:12:36] [388/455] ZCBB
[11:12:37] [389/455] DCGO
[11:12:38] [390/455] STOP
[11:12:38] [391/455] BSPC
[11:12:39] [392/455] SOND
[11:12:40] [393/455] GCKG
[11:12:41] [394/455] PCDB
[11:12:42] [395/455] PGRC
[11:12:42] 🔄 Identity reset
[11:12:42] 🔄 Identity rotated (every 10 requests)
[11:12:43] [396/455] CSCT
[11:12:45] [397/455] STDA
[11:12:45] [398/455] JAYD
[11:12:46] [399/455] PPPD
[11:12:47] [400/455] KRTT
[11:12:48] [401/455] PTDT
[11:12:49] [402/455] TRSV
[11:12:50] [403/455] VELR
[11:12:50] [404/455] STDT
[11:12:51] [405/455] SATT
[11:12:52] 🔄 Identity reset
[11:12:52] 🔄 Identity rotated (every 10 requests)
[11:12:52] [406/455] KCPM
[11:12:53] [407/455] MFCP
[11:12:54] [408/455] AXMP
[11:12:55] [409/455] LTVB
[11:12:56] [410/455] APST
[11:12:56] [411/455] DTVP
[11:12:57] [412/455] AAVB
[11:12:58] [413/455] PMBL
[11:12:59] [414/455] STKC
[11:13:00] [415/455] KKMA
[11:13:01] 🔄 Identity reset
[11:13:01] 🔄 Identity rotated (every 10 requests)
[11:13:02] [416/455] NMXS
[11:13:03] [417/455] DECX
[11:13:04] [418/455] MAPJ
[11:13:05] [419/455] SMLK
[11:13:05] [420/455] PMPU
[11:13:06] [421/455] AFST
[11:13:07] [422/455] SRSY
[11:13:09] [423/455] RMKT
[11:13:10] [424/455] RAJX
[11:13:11] [425/455] UVCD
[11:13:11] 🔄 Identity reset
[11:13:11] 🔄 Identity rotated (every 10 requests)
[11:13:12] [426/455] LISA
[11:13:13] [427/455] LMSR
[11:13:13] [428/455] PMCA
[11:13:14] [429/455] INPO
[11:13:15] [430/455] INGO
[11:13:16] [431/455] HFSQ
[11:13:17] [432/455] INMG
[11:13:19] [433/455] NYCP
[11:13:19] [434/455] HFSV
[11:13:21] [435/455] MMZP
[11:13:22] 🔄 Identity reset
[11:13:22] 🔄 Identity rotated (every 10 requests)
[11:13:22] [436/455] KSES
[11:13:23] [437/455] HFSA
[11:13:24] [438/455] ACMM
[11:13:25] [439/455] RCKD
[11:13:26] [440/455] BCKR
[11:13:26] [441/455] SFCO
[11:13:27] [442/455] JCCB
[11:13:28] [443/455] BCCR
[11:13:29] [444/455] NWCB
[11:13:30] [445/455] SAMT
[11:13:31] 🔄 Identity reset
[11:13:31] 🔄 Identity rotated (every 10 requests)
[11:13:31] [446/455] TMST
[11:13:32] [447/455] SJCN
[11:13:32] [448/455] MCBS
[11:13:33] [449/455] CMKR
[11:13:34] [450/455] INPM
[11:13:35] [451/455] WVMT
[11:13:37] [452/455] NYSM
[11:13:37] [453/455] RCMA
[11:13:38] [454/455] RECM
[11:13:40] [455/455] CYCM
[11:13:40] 🔄 Identity reset
[11:13:41] 🔄 Identity rotated (every 10 requests)
[11:13:41] ✅ DONE | Shows=1907 | Movies=73
[12:06:36] 🚀 BMS DAILY TRACKER STARTED (enhanced anti‑detection)
[12:06:36] [1/455] MXGN
[12:06:36] 🧠 New identity created
[12:06:37] [2/455] PGGM
[12:06:38] [3/455] IPMJ
[12:06:38] [4/455] M2PP
[12:06:40] [5/455] PMMS
[12:06:41] [6/455] SCJN
[12:06:42] [7/455] CPUM
[12:06:42] [8/455] SCND
[12:06:43] [9/455] INWM
[12:06:43] [10/455] DVDC
[12:06:44] 🔄 Identity reset
[12:06:44] 🔄 Identity rotated (every 10 requests)
[12:06:44] [11/455] WVND
[12:06:46] [12/455] LBDL
[12:06:46] [13/455] CRGM
[12:06:47] [14/455] PVKS
[12:06:48] [15/455] PBLL
[12:06:49] [16/455] FNLN
[12:06:49] [17/455] PPDA
[12:06:50] [18/455] SCPT
[12:06:51] [19/455] IAJS
[12:06:52] [20/455] MMZG
[12:06:53] 🔄 Identity reset
[12:06:53] 🔄 Identity rotated (every 10 requests)
[12:06:53] [21/455] MCTI
[12:06:54] [22/455] PPMF
[12:06:55] [23/455] FNSD
[12:06:56] [24/455] M2RH
[12:06:57] [25/455] CPGV
[12:06:58] [26/455] PECD
[12:06:59] [27/455] CTEE
[12:06:59] [28/455] IOMG
[12:07:00] [29/455] CIJA
[12:07:01] [30/455] NYCG
[12:07:01] 🔄 Identity reset
[12:07:01] 🔄 Identity rotated (every 10 requests)
[12:07:01] [31/455] CEST
[12:07:02] [32/455] WVRG
[12:07:03] [33/455] DPDC
[12:07:03] [34/455] PDIV
[12:07:04] [35/455] MTPP
[12:07:05] [36/455] MHNU
[12:07:05] [37/455] WUPG
[12:07:06] [38/455] USCO
[12:07:07] [39/455] INFR
[12:07:08] [40/455] PVPD
[12:07:08] 🔄 Identity reset
[12:07:08] 🔄 Identity rotated (every 10 requests)
[12:07:09] 🔄 Retry 1/5 for PVPD in 2.4s
[12:07:09] 🔄 Identity reset
[12:07:11] 🧠 New identity created
[12:07:11] 🔄 Retry 2/5 for PVPD in 4.6s
[12:07:11] 🔄 Identity reset
[12:07:16] 🧠 New identity created
[12:07:16] [41/455] RONC
[12:07:17] [42/455] IOCP
[12:07:18] [43/455] EMPS
[12:07:19] [44/455] PNAD
[12:07:20] [45/455] VVGZ
[12:07:20] [46/455] MDDC
[12:07:21] [47/455] MMAP
[12:07:22] [48/455] GPDC
[12:07:22] 🔄 Identity reset
[12:07:22] 🔄 Identity rotated (every 10 requests)
[12:07:23] [49/455] PVPU
[12:07:24] [50/455] DCMV
[12:07:25] [51/455] PCCF
[12:07:26] [52/455] MCEF
[12:07:27] [53/455] INRD
[12:07:28] [54/455] CCPZ
[12:07:29] [55/455] BCWG
[12:07:30] [56/455] PMGU
[12:07:30] [57/455] MCVM
[12:07:31] [58/455] MCDE
[12:07:32] 🔄 Identity reset
[12:07:32] 🔄 Identity rotated (every 10 requests)
[12:07:33] [59/455] IEFM
[12:07:33] [60/455] MXCS
[12:07:34] [61/455] RNMT
[12:07:35] [62/455] PSDD
[12:07:36] [63/455] PETA
[12:07:37] [64/455] IZOP
[12:07:37] [65/455] PDEI
[12:07:38] [66/455] MTND
[12:07:38] [67/455] PCPL
[12:07:39] [68/455] LSCM
[12:07:40] 🔄 Identity reset
[12:07:40] 🔄 Identity rotated (every 10 requests)
[12:07:40] [69/455] BTFD
[12:07:41] [70/455] MERM
[12:07:42] [71/455] PVMS
[12:07:42] [72/455] CIGK
[12:07:43] [73/455] INSG
[12:07:44] [74/455] IDEN
[12:07:45] [75/455] MCGN
[12:07:45] [76/455] IGAM
[12:07:46] [77/455] SLCU
[12:07:47] [78/455] MIMU
[12:07:48] 🔄 Identity reset
[12:07:48] 🔄 Identity rotated (every 10 requests)
[12:07:48] [79/455] QLAC
[12:07:49] [80/455] MENL
[12:07:50] [81/455] SCUR
[12:07:50] [82/455] MDGD
[12:07:51] [83/455] LSRS
[12:07:52] [84/455] KMLG
[12:07:53] [85/455] MKLJ
[12:07:54] [86/455] IBYG
[12:07:55] [87/455] ISML
[12:07:56] [88/455] MJMM
[12:07:56] 🔄 Identity reset
[12:07:56] 🔄 Identity rotated (every 10 requests)
[12:07:56] [89/455] RCGD
[12:07:58] [90/455] MMOC
[12:07:58] [91/455] RRCO
[12:07:59] [92/455] MEDM
[12:08:00] [93/455] MCAZ
[12:08:01] [94/455] STWA
[12:08:02] [95/455] PFFG
[12:08:02] [96/455] GAGC
[12:08:03] [97/455] PMPM
[12:08:04] [98/455] HVCD
[12:08:05] 🔄 Identity reset
[12:08:05] 🔄 Identity rotated (every 10 requests)
[12:08:05] 🔄 Retry 1/5 for HVCD in 2.9s
[12:08:05] 🔄 Identity reset
[12:08:08] 🧠 New identity created
[12:08:08] [99/455] AKRF
[12:08:09] [100/455] AKRC
[12:08:10] [101/455] MIDA
[12:08:12] [102/455] MAGX
[12:08:13] [103/455] ESOS
[12:08:14] [104/455] BBCL
[12:08:15] [105/455] LYAS
[12:08:15] [106/455] NRMS
[12:08:16] [107/455] BHUC
[12:08:17] 🔄 Identity reset
[12:08:17] 🔄 Identity rotated (every 10 requests)
[12:08:17] [108/455] SRIC
[12:08:19] [109/455] PDME
[12:08:19] [110/455] MJCS
[12:08:20] [111/455] NRAA
[12:08:21] [112/455] VATA
[12:08:22] [113/455] MNKC
[12:08:24] [114/455] DHCL
[12:08:25] [115/455] JCPC
[12:08:25] [116/455] CTML
[12:08:26] [117/455] RMMR
[12:08:27] 🔄 Identity reset
[12:08:27] 🔄 Identity rotated (every 10 requests)
[12:08:27] [118/455] STTL
[12:08:28] [119/455] CNPS
[12:08:29] [120/455] ACKL
[12:08:30] [121/455] SCAU
[12:08:31] [122/455] RMIA
[12:08:32] [123/455] MANU
[12:08:33] [124/455] ARDC
[12:08:34] [125/455] GLDA
[12:08:35] [126/455] KVSW
[12:08:36] [127/455] CGCA
[12:08:36] 🔄 Identity reset
[12:08:36] 🔄 Identity rotated (every 10 requests)
[12:08:37] [128/455] CMLO
[12:08:38] [129/455] CECB
[12:08:38] [130/455] RCPN
[12:08:39] [131/455] ASMW
[12:08:41] [132/455] PWLM
[12:08:42] [133/455] ASGM
[12:08:43] [134/455] ACWH
[12:08:43] [135/455] AAPW
[12:08:45] [136/455] RTWA
[12:08:46] [137/455] RAMW
[12:08:46] 🔄 Identity reset
[12:08:46] 🔄 Identity rotated (every 10 requests)
[12:08:47] [138/455] VKTR
[12:08:48] [139/455] SMBH
[12:08:49] [140/455] BVDR
[12:08:50] [141/455] MRTP
[12:08:51] [142/455] BLBR
[12:08:52] [143/455] LPIN
[12:08:53] [144/455] SNPC
[12:08:54] [145/455] PDCB
[12:08:55] [146/455] DYPK
[12:08:56] [147/455] INMK
[12:08:57] 🔄 Identity reset
[12:08:57] 🔄 Identity rotated (every 10 requests)
[12:08:57] [148/455] PDCK
[12:08:58] [149/455] PCKR
[12:08:59] [150/455] SHUA
[12:09:00] [151/455] SCVK
[12:09:00] [152/455] STPA
[12:09:01] [153/455] WVHD
[12:09:02] [154/455] MRCH
[12:09:03] [155/455] MCNP
[12:09:03] [156/455] RCAG
[12:09:04] [157/455] JTSN
[12:09:05] 🔄 Identity reset
[12:09:05] 🔄 Identity rotated (every 10 requests)
[12:09:05] [158/455] AANS
[12:09:06] [159/455] GDDR
[12:09:07] [160/455] SRER
[12:09:07] [161/455] JKMA
[12:09:08] [162/455] ARAN
[12:09:09] [163/455] ALCT
[12:09:10] [164/455] CCTA
[12:09:11] [165/455] CNCT
[12:09:12] [166/455] NZBL
[12:09:13] [167/455] SRRA
[12:09:14] 🔄 Identity reset
[12:09:14] 🔄 Identity rotated (every 10 requests)
[12:09:15] [168/455] SVPW
[12:09:16] [169/455] SRTW
[12:09:17] [170/455] XMTD
[12:09:17] [171/455] SCCZ
[12:09:18] [172/455] PBCR
[12:09:19] [173/455] RTSC
[12:09:20] [174/455] TLSV
[12:09:20] [175/455] RMTK
[12:09:21] [176/455] SRAT
[12:09:22] [177/455] GCYC
[12:09:23] 🔄 Identity reset
[12:09:23] 🔄 Identity rotated (every 10 requests)
[12:09:23] [178/455] HCAJ
[12:09:24] [179/455] LCXA
[12:09:24] [180/455] BINT
[12:09:25] [181/455] IXIM
[12:09:26] [182/455] MBCR
[12:09:27] [183/455] BMCJ
[12:09:29] [184/455] NICJ
[12:09:29] [185/455] SCAJ
[12:09:31] [186/455] CMXS
[12:09:32] [187/455] MMSR
[12:09:33] 🔄 Identity reset
[12:09:33] 🔄 Identity rotated (every 10 requests)
[12:09:34] [188/455] PRKT
[12:09:35] [189/455] LPTH
[12:09:35] [190/455] SARP
[12:09:37] [191/455] MNPP
[12:09:38] [192/455] PRLR
[12:09:38] [193/455] RCMW
[12:09:39] [194/455] FCMG
[12:09:40] [195/455] RTNK
[12:09:40] [196/455] LRCP
[12:09:41] [197/455] DBJR
[12:09:42] 🔄 Identity reset
[12:09:42] 🔄 Identity rotated (every 10 requests)
[12:09:42] [198/455] CACN
[12:09:43] [199/455] AMRL
[12:09:44] [200/455] SBBC
[12:09:45] [201/455] VENN
[12:09:45] [202/455] STSS
[12:09:46] [203/455] SMRB
[12:09:47] [204/455] CCMX
[12:09:48] [205/455] KCMR
[12:09:49] [206/455] SALH
[12:09:50] [207/455] CGTT
[12:09:51] 🔄 Identity reset
[12:09:51] 🔄 Identity rotated (every 10 requests)
[12:09:52] [208/455] PMDR
[12:09:53] [209/455] VCPM
[12:09:54] [210/455] RZMX
[12:09:55] [211/455] TMSY
[12:09:56] [212/455] NTMS
[12:09:57] [213/455] VTAG
[12:09:58] [214/455] REMA
[12:09:58] [215/455] NXCC
[12:09:59] [216/455] SKYM
[12:09:59] [217/455] CCMO
[12:10:00] 🔄 Identity reset
[12:10:00] 🔄 Identity rotated (every 10 requests)
[12:10:00] [218/455] DMXM
[12:10:01] [219/455] SPPM
[12:10:02] [220/455] PTKL
[12:10:02] [221/455] SLVO
[12:10:04] [222/455] VASL
[12:10:05] [223/455] CBCM
[12:10:06] [224/455] STMA
[12:10:07] [225/455] LASK
[12:10:07] [226/455] VITE
[12:10:08] [227/455] AAST
[12:10:09] 🔄 Identity reset
[12:10:09] 🔄 Identity rotated (every 10 requests)
[12:10:09] [228/455] JTPT
[12:10:10] [229/455] RRSH
[12:10:11] [230/455] CINL
[12:10:13] [231/455] MCSR
[12:10:13] [232/455] SBCF
[12:10:15] [233/455] GCDU
[12:10:15] [234/455] PSPR
[12:10:16] [235/455] IMMO
[12:10:18] [236/455] CLGM
[12:10:19] [237/455] PBMM
[12:10:19] 🔄 Identity reset
[12:10:19] 🔄 Identity rotated (every 10 requests)
[12:10:20] [238/455] CEHR
[12:10:21] [239/455] CPOE
[12:10:21] [240/455] PGFD
[12:10:22] [241/455] PSLC
[12:10:24] [242/455] MSMD
[12:10:25] [243/455] FMFB
[12:10:26] [244/455] RKCL
[12:10:26] [245/455] PMMC
[12:10:27] [246/455] SKMM
[12:10:27] [247/455] VOIB
[12:10:28] 🔄 Identity reset
[12:10:28] 🔄 Identity rotated (every 10 requests)
[12:10:28] [248/455] KINO
[12:10:29] [249/455] VCTP
[12:10:30] [250/455] PDWR
[12:10:30] [251/455] SAED
[12:10:31] [252/455] SRRT
[12:10:32] [253/455] CVLG
[12:10:33] [254/455] SNGN
[12:10:33] [255/455] SIDA
[12:10:34] [256/455] IMCB
[12:10:35] [257/455] SMHP
[12:10:36] 🔄 Identity reset
[12:10:36] 🔄 Identity rotated (every 10 requests)
[12:10:36] [258/455] GDTY
[12:10:37] [259/455] VYCH
[12:10:38] [260/455] PDYA
[12:10:39] [261/455] RKDO
[12:10:39] [262/455] VECG
[12:10:40] [263/455] NFGD
[12:10:41] [264/455] SNDC
[12:10:42] [265/455] SDJH
[12:10:43] [266/455] HASV
[12:10:44] [267/455] PTYK
[12:10:44] 🔄 Identity reset
[12:10:44] 🔄 Identity rotated (every 10 requests)
[12:10:44] 🔄 Retry 1/5 for PTYK in 2.7s
[12:10:44] 🔄 Identity reset
[12:10:47] 🧠 New identity created
[12:10:47] [268/455] MUTB
[12:10:48] [269/455] AMRT
[12:10:49] [270/455] VACD
[12:10:50] [271/455] SKDD
[12:10:51] [272/455] STGR
[12:10:52] [273/455] GDAK
[12:10:53] [274/455] SKHK
[12:10:54] [275/455] SLND
[12:10:54] [276/455] APAP
[12:10:55] 🔄 Identity reset
[12:10:55] 🔄 Identity rotated (every 10 requests)
[12:10:55] [277/455] AYYA
[12:10:56] [278/455] VCCZ
[12:10:57] [279/455] MEML
[12:10:57] [280/455] MAOU
[12:10:59] [281/455] ESND
[12:11:00] [282/455] PTBZ
[12:11:01] [283/455] LBCN
[12:11:02] [284/455] PAWA
[12:11:02] [285/455] ZEIC
[12:11:03] [286/455] CGMM
[12:11:04] 🔄 Identity reset
[12:11:04] 🔄 Identity rotated (every 10 requests)
[12:11:04] [287/455] PJPM
[12:11:05] [288/455] ECMR
[12:11:07] [289/455] SHMZ
[12:11:07] [290/455] STCA
[12:11:08] [291/455] VDRC
[12:11:09] [292/455] SEEM
[12:11:11] [293/455] MKNS
[12:11:12] [294/455] KPPP
[12:11:12] [295/455] CCML
[12:11:13] [296/455] CIBA
[12:11:14] 🔄 Identity reset
[12:11:14] 🔄 Identity rotated (every 10 requests)
[12:11:14] [297/455] NACS
[12:11:15] [298/455] CTMK
[12:11:16] [299/455] CTCT
[12:11:16] [300/455] MCSN
[12:11:17] [301/455] MAXX
[12:11:18] [302/455] MECB
[12:11:20] [303/455] NTBY
[12:11:21] [304/455] UTBI
[12:11:21] [305/455] RADK
[12:11:23] [306/455] STBY
[12:11:24] 🔄 Identity reset
[12:11:24] 🔄 Identity rotated (every 10 requests)
[12:11:24] [307/455] GTBY
[12:11:25] [308/455] RRMB
[12:11:26] [309/455] ABRN
[12:11:27] [310/455] GTSG
[12:11:27] [311/455] GBTG
[12:11:28] [312/455] SBGS
[12:11:29] [313/455] KBPM
[12:11:30] [314/455] SMHT
[12:11:31] [315/455] VTDM
[12:11:32] [316/455] ASCT
[12:11:32] 🔄 Identity reset
[12:11:33] 🔄 Identity rotated (every 10 requests)
[12:11:33] [317/455] AWCT
[12:11:34] [318/455] DCCU
[12:11:35] [319/455] PSCE
[12:11:36] [320/455] KSNY
[12:11:37] [321/455] ACID
[12:11:37] [322/455] LVCD
[12:11:38] [323/455] KSSB
[12:11:40] [324/455] SWTD
[12:11:41] [325/455] RBMR
[12:11:42] [326/455] SCBC
[12:11:42] 🔄 Identity reset
[12:11:42] 🔄 Identity rotated (every 10 requests)
[12:11:43] [327/455] RKME
[12:11:44] [328/455] GALX
[12:11:45] [329/455] GCCH
[12:11:47] [330/455] RATR
[12:11:48] [331/455] GTGA
[12:11:49] [332/455] LTTR
[12:11:49] [333/455] TTAA
[12:11:50] [334/455] TVHP
[12:11:51] [335/455] KVCS
[12:11:52] [336/455] CBMC
[12:11:53] 🔄 Identity reset
[12:11:53] 🔄 Identity rotated (every 10 requests)
[12:11:53] [337/455] MAYJ
[12:11:54] [338/455] INPR
[12:11:55] [339/455] RSSC
[12:11:56] [340/455] PCAN
[12:11:57] [341/455] PVHR
[12:11:58] [342/455] AGSM
[12:11:59] [343/455] PVES
[12:11:59] [344/455] INTO
[12:12:00] [345/455] ACON
[12:12:01] [346/455] PVPZ
[12:12:01] 🔄 Identity reset
[12:12:02] 🔄 Identity rotated (every 10 requests)
[12:12:02] [347/455] PVHC
[12:12:03] [348/455] KSTK
[12:12:04] [349/455] PVSR
[12:12:05] [350/455] ACTN
[12:12:06] [351/455] FMCN
[12:12:07] [352/455] PABC
[12:12:07] [353/455] SUTC
[12:12:08] [354/455] PGMV
[12:12:09] [355/455] GKCP
[12:12:10] [356/455] INCH
[12:12:11] 🔄 Identity reset
[12:12:11] 🔄 Identity rotated (every 10 requests)
[12:12:11] [357/455] MLMT
[12:12:12] [358/455] SSCC
[12:12:12] [359/455] SLMP
[12:12:13] [360/455] VVTN
[12:12:14] [361/455] SBTR
[12:12:15] [362/455] PGRA
[12:12:15] [363/455] PBRM
[12:12:17] [364/455] GCRP
[12:12:18] [365/455] MCSK
[12:12:18] [366/455] NLTC
[12:12:19] 🔄 Identity reset
[12:12:19] 🔄 Identity rotated (every 10 requests)
[12:12:20] [367/455] MTLM
[12:12:21] [368/455] VECT
[12:12:22] [369/455] KMRM
[12:12:23] [370/455] RACM
[12:12:24] [371/455] WSTC
[12:12:25] [372/455] PVTJ
[12:12:27] [373/455] MMKC
[12:12:28] [374/455] SVWT
[12:12:29] [375/455] JOTG
[12:12:30] [376/455] VCDK
[12:12:30] 🔄 Identity reset
[12:12:30] 🔄 Identity rotated (every 10 requests)
[12:12:30] [377/455] ANAC
[12:12:31] [378/455] GRTC
[12:12:32] [379/455] JTPL
[12:12:34] [380/455] VRCP
[12:12:35] [381/455] REMC
[12:12:36] [382/455] ATMG
[12:12:36] [383/455] GAHC
[12:12:38] [384/455] JTMV
[12:12:39] [385/455] OMTT
[12:12:40] [386/455] GKKC
[12:12:40] 🔄 Identity reset
[12:12:40] 🔄 Identity rotated (every 10 requests)
[12:12:41] [387/455] BBPO
[12:12:41] [388/455] ZCBB
[12:12:42] [389/455] DCGO
[12:12:43] [390/455] STOP
[12:12:44] [391/455] BSPC
[12:12:45] [392/455] SOND
[12:12:46] [393/455] GCKG
[12:12:47] [394/455] PCDB
[12:12:47] [395/455] PGRC
[12:12:49] [396/455] CSCT
[12:12:49] 🔄 Identity reset
[12:12:49] 🔄 Identity rotated (every 10 requests)
[12:12:50] [397/455] STDA
[12:12:50] [398/455] JAYD
[12:12:51] [399/455] PPPD
[12:12:52] [400/455] KRTT
[12:12:54] [401/455] PTDT
[12:12:55] [402/455] TRSV
[12:12:55] [403/455] VELR
[12:12:56] [404/455] STDT
[12:12:57] [405/455] SATT
[12:12:58] [406/455] KCPM
[12:12:58] 🔄 Identity reset
[12:12:58] 🔄 Identity rotated (every 10 requests)
[12:12:59] [407/455] MFCP
[12:13:00] [408/455] AXMP
[12:13:01] [409/455] LTVB
[12:13:01] [410/455] APST
[12:13:02] [411/455] DTVP
[12:13:04] [412/455] AAVB
[12:13:06] [413/455] PMBL
[12:13:07] [414/455] STKC
[12:13:08] [415/455] KKMA
[12:13:09] [416/455] NMXS
[12:13:10] 🔄 Identity reset
[12:13:10] 🔄 Identity rotated (every 10 requests)
[12:13:10] [417/455] DECX
[12:13:11] [418/455] MAPJ
[12:13:12] [419/455] SMLK
[12:13:13] [420/455] PMPU
[12:13:14] [421/455] AFST
[12:13:15] [422/455] SRSY
[12:13:17] [423/455] RMKT
[12:13:18] [424/455] RAJX
[12:13:19] [425/455] UVCD
[12:13:20] [426/455] LISA
[12:13:21] 🔄 Identity reset
[12:13:21] 🔄 Identity rotated (every 10 requests)
[12:13:21] [427/455] LMSR
[12:13:22] [428/455] PMCA
[12:13:23] [429/455] INPO
[12:13:24] [430/455] INGO
[12:13:25] [431/455] HFSQ
[12:13:26] [432/455] INMG
[12:13:28] [433/455] NYCP
[12:13:29] [434/455] HFSV
[12:13:30] [435/455] MMZP
[12:13:31] [436/455] KSES
[12:13:32] 🔄 Identity reset
[12:13:32] 🔄 Identity rotated (every 10 requests)
[12:13:33] [437/455] HFSA
[12:13:34] [438/455] ACMM
[12:13:35] [439/455] RCKD
[12:13:36] [440/455] BCKR
[12:13:37] [441/455] SFCO
[12:13:39] [442/455] JCCB
[12:13:40] [443/455] BCCR
[12:13:41] [444/455] NWCB
[12:13:42] [445/455] SAMT
[12:13:43] [446/455] TMST
[12:13:44] 🔄 Identity reset
[12:13:44] 🔄 Identity rotated (every 10 requests)
[12:13:44] [447/455] SJCN
[12:13:45] [448/455] MCBS
[12:13:46] [449/455] CMKR
[12:13:47] [450/455] INPM
[12:13:48] [451/455] WVMT
[12:13:49] [452/455] NYSM
[12:13:50] [453/455] RCMA
[12:13:51] [454/455] RECM
[12:13:52] [455/455] CYCM
[12:13:53] ✅ DONE | Shows=2273 | Movies=75
[12:56:25] 🚀 BMS DAILY TRACKER STARTED (enhanced anti‑detection)
[12:56:25] [1/455] MXGN
[12:56:25] 🧠 New identity created
[12:56:26] [2/455] PGGM
[12:56:27] [3/455] IPMJ
[12:56:28] [4/455] M2PP
[12:56:29] [5/455] PMMS
[12:56:30] [6/455] SCJN
[12:56:31] [7/455] CPUM
[12:56:32] [8/455] SCND
[12:56:33] [9/455] INWM
[12:56:34] [10/455] DVDC
[12:56:34] 🔄 Identity reset
[12:56:34] 🔄 Identity rotated (every 10 requests)
[12:56:35] [11/455] WVND
[12:56:36] [12/455] LBDL
[12:56:38] [13/455] CRGM
[12:56:38] [14/455] PVKS
[12:56:39] [15/455] PBLL
[12:56:40] [16/455] FNLN
[12:56:41] [17/455] PPDA
[12:56:42] [18/455] SCPT
[12:56:43] [19/455] IAJS
[12:56:44] [20/455] MMZG
[12:56:44] 🔄 Identity reset
[12:56:44] 🔄 Identity rotated (every 10 requests)
[12:56:45] [21/455] MCTI
[12:56:46] [22/455] PPMF
[12:56:46] [23/455] FNSD
[12:56:48] [24/455] M2RH
[12:56:50] [25/455] CPGV
[12:56:51] [26/455] PECD
[12:56:52] [27/455] CTEE
[12:56:53] [28/455] IOMG
[12:56:55] [29/455] CIJA
[12:56:56] [30/455] NYCG
[12:56:56] 🔄 Identity reset
[12:56:56] 🔄 Identity rotated (every 10 requests)
[12:56:57] [31/455] CEST
[12:56:57] [32/455] WVRG
[12:56:58] [33/455] DPDC
[12:56:59] [34/455] PDIV
[12:57:00] [35/455] MTPP
[12:57:01] [36/455] MHNU
[12:57:01] [37/455] WUPG
[12:57:02] [38/455] USCO
[12:57:04] [39/455] INFR
[12:57:05] [40/455] PVPD
[12:57:06] 🔄 Identity reset
[12:57:06] 🔄 Identity rotated (every 10 requests)
[12:57:06] [41/455] RONC
[12:57:07] [42/455] IOCP
[12:57:08] [43/455] EMPS
[12:57:08] [44/455] PNAD
[12:57:09] [45/455] VVGZ
[12:57:11] [46/455] MDDC
[12:57:12] [47/455] MMAP
[12:57:14] [48/455] GPDC
[12:57:15] [49/455] PVPU
[12:57:15] [50/455] DCMV
[12:57:16] 🔄 Identity reset
[12:57:16] 🔄 Identity rotated (every 10 requests)
[12:57:16] [51/455] PCCF
[12:57:17] [52/455] MCEF
[12:57:18] [53/455] INRD
[12:57:19] [54/455] CCPZ
[12:57:19] [55/455] BCWG
[12:57:20] [56/455] PMGU
[12:57:21] [57/455] MCVM
[12:57:22] [58/455] MCDE
[12:57:24] [59/455] IEFM
[12:57:25] [60/455] MXCS
[12:57:25] 🔄 Identity reset
[12:57:25] 🔄 Identity rotated (every 10 requests)
[12:57:26] [61/455] RNMT
[12:57:26] [62/455] PSDD
[12:57:27] [63/455] PETA
[12:57:28] [64/455] IZOP
[12:57:29] [65/455] PDEI
[12:57:30] [66/455] MTND
[12:57:31] [67/455] PCPL
[12:57:32] [68/455] LSCM
[12:57:33] [69/455] BTFD
[12:57:34] [70/455] MERM
[12:57:35] 🔄 Identity reset
[12:57:35] 🔄 Identity rotated (every 10 requests)
[12:57:35] [71/455] PVMS
[12:57:36] [72/455] CIGK
[12:57:37] [73/455] INSG
[12:57:38] [74/455] IDEN
[12:57:39] [75/455] MCGN
[12:57:39] [76/455] IGAM
[12:57:40] [77/455] SLCU
[12:57:42] [78/455] MIMU
[12:57:43] [79/455] QLAC
[12:57:44] [80/455] MENL
[12:57:44] 🔄 Identity reset
[12:57:44] 🔄 Identity rotated (every 10 requests)
[12:57:45] [81/455] SCUR
[12:57:46] [82/455] MDGD
[12:57:47] [83/455] LSRS
[12:57:47] [84/455] KMLG
[12:57:48] [85/455] MKLJ
[12:57:49] [86/455] IBYG
[12:57:50] [87/455] ISML
[12:57:51] [88/455] MJMM
[12:57:52] [89/455] RCGD
[12:57:53] [90/455] MMOC
[12:57:54] 🔄 Identity reset
[12:57:54] 🔄 Identity rotated (every 10 requests)
[12:57:54] [91/455] RRCO
[12:57:56] [92/455] MEDM
[12:57:57] [93/455] MCAZ
[12:57:58] [94/455] STWA
[12:57:59] [95/455] PFFG
[12:58:00] [96/455] GAGC
[12:58:01] [97/455] PMPM
[12:58:02] [98/455] HVCD
[12:58:03] [99/455] AKRF
[12:58:03] [100/455] AKRC
[12:58:04] 🔄 Identity reset
[12:58:04] 🔄 Identity rotated (every 10 requests)
[12:58:04] [101/455] MIDA
[12:58:06] [102/455] MAGX
[12:58:07] [103/455] ESOS
[12:58:08] [104/455] BBCL
[12:58:09] [105/455] LYAS
[12:58:10] [106/455] NRMS
[12:58:11] [107/455] BHUC
[12:58:13] [108/455] SRIC
[12:58:14] [109/455] PDME
[12:58:15] [110/455] MJCS
[12:58:15] 🔄 Identity reset
[12:58:15] 🔄 Identity rotated (every 10 requests)
[12:58:16] [111/455] NRAA
[12:58:17] [112/455] VATA
[12:58:18] [113/455] MNKC
[12:58:19] [114/455] DHCL
[12:58:20] [115/455] JCPC
[12:58:21] [116/455] CTML
[12:58:22] [117/455] RMMR
[12:58:23] [118/455] STTL
[12:58:24] [119/455] CNPS
[12:58:26] [120/455] ACKL
[12:58:26] 🔄 Identity reset
[12:58:26] 🔄 Identity rotated (every 10 requests)
[12:58:26] [121/455] SCAU
[12:58:28] [122/455] RMIA
[12:58:29] [123/455] MANU
[12:58:30] [124/455] ARDC
[12:58:32] [125/455] GLDA
[12:58:32] [126/455] KVSW
[12:58:33] [127/455] CGCA
[12:58:34] [128/455] CMLO
[12:58:35] [129/455] CECB
[12:58:35] [130/455] RCPN
[12:58:36] 🔄 Identity reset
[12:58:36] 🔄 Identity rotated (every 10 requests)
[12:58:36] [131/455] ASMW
[12:58:37] [132/455] PWLM
[12:58:38] [133/455] ASGM
[12:58:39] [134/455] ACWH
[12:58:40] [135/455] AAPW
[12:58:40] [136/455] RTWA
[12:58:41] [137/455] RAMW
[12:58:42] [138/455] VKTR
[12:58:44] [139/455] SMBH
[12:58:45] [140/455] BVDR
[12:58:45] 🔄 Identity reset
[12:58:45] 🔄 Identity rotated (every 10 requests)
[12:58:45] [141/455] MRTP
[12:58:47] [142/455] BLBR
[12:58:48] [143/455] LPIN
[12:58:49] [144/455] SNPC
[12:58:50] [145/455] PDCB
[12:58:50] [146/455] DYPK
[12:58:51] [147/455] INMK
[12:58:52] [148/455] PDCK
[12:58:53] [149/455] PCKR
[12:58:54] [150/455] SHUA
[12:58:55] 🔄 Identity reset
[12:58:55] 🔄 Identity rotated (every 10 requests)
[12:58:55] [151/455] SCVK
[12:58:56] [152/455] STPA
[12:58:57] [153/455] WVHD
[12:58:58] [154/455] MRCH
[12:58:59] [155/455] MCNP
[12:59:00] [156/455] RCAG
[12:59:01] [157/455] JTSN
[12:59:02] [158/455] AANS
[12:59:03] [159/455] GDDR
[12:59:03] [160/455] SRER
[12:59:04] 🔄 Identity reset
[12:59:04] 🔄 Identity rotated (every 10 requests)
[12:59:04] [161/455] JKMA
[12:59:05] [162/455] ARAN
[12:59:06] [163/455] ALCT
[12:59:07] [164/455] CCTA
[12:59:08] [165/455] CNCT
[12:59:08] [166/455] NZBL
[12:59:09] [167/455] SRRA
[12:59:10] [168/455] SVPW
[12:59:11] [169/455] SRTW
[12:59:12] [170/455] XMTD
[12:59:13] 🔄 Identity reset
[12:59:13] 🔄 Identity rotated (every 10 requests)
[12:59:13] [171/455] SCCZ
[12:59:14] [172/455] PBCR
[12:59:15] [173/455] RTSC
[12:59:16] [174/455] TLSV
[12:59:17] [175/455] RMTK
[12:59:18] [176/455] SRAT
[12:59:19] [177/455] GCYC
[12:59:20] [178/455] HCAJ
[12:59:22] [179/455] LCXA
[12:59:23] [180/455] BINT
[12:59:24] 🔄 Identity reset
[12:59:24] 🔄 Identity rotated (every 10 requests)
[12:59:24] [181/455] IXIM
[12:59:25] [182/455] MBCR
[12:59:26] [183/455] BMCJ
[12:59:27] [184/455] NICJ
[12:59:28] [185/455] SCAJ
[12:59:29] [186/455] CMXS
[12:59:29] [187/455] MMSR
[12:59:31] [188/455] PRKT
[12:59:31] [189/455] LPTH
[12:59:32] [190/455] SARP
[12:59:33] 🔄 Identity reset
[12:59:33] 🔄 Identity rotated (every 10 requests)
[12:59:33] [191/455] MNPP
[12:59:34] [192/455] PRLR
[12:59:35] [193/455] RCMW
[12:59:36] [194/455] FCMG
[12:59:37] [195/455] RTNK
[12:59:37] [196/455] LRCP
[12:59:39] [197/455] DBJR
[12:59:39] [198/455] CACN
[12:59:40] [199/455] AMRL
[12:59:41] [200/455] SBBC
[12:59:42] 🔄 Identity reset
[12:59:42] 🔄 Identity rotated (every 10 requests)
[12:59:42] [201/455] VENN
[12:59:43] [202/455] STSS
[12:59:44] [203/455] SMRB
[12:59:45] [204/455] CCMX
[12:59:46] [205/455] KCMR
[12:59:47] [206/455] SALH
[12:59:48] [207/455] CGTT
[12:59:49] [208/455] PMDR
[12:59:50] [209/455] VCPM
[12:59:51] [210/455] RZMX
[12:59:52] 🔄 Identity reset
[12:59:52] 🔄 Identity rotated (every 10 requests)
[12:59:52] [211/455] TMSY
[12:59:53] [212/455] NTMS
[12:59:55] [213/455] VTAG
[12:59:56] [214/455] REMA
[12:59:56] [215/455] NXCC
[12:59:57] [216/455] SKYM
[12:59:58] [217/455] CCMO
[12:59:59] [218/455] DMXM
[13:00:00] [219/455] SPPM
[13:00:01] [220/455] PTKL
[13:00:02] 🔄 Identity reset
[13:00:02] 🔄 Identity rotated (every 10 requests)
[13:00:02] 🔄 Retry 1/5 for PTKL in 2.1s
[13:00:02] 🔄 Identity reset
[13:00:04] 🧠 New identity created
[13:00:05] [221/455] SLVO
[13:00:06] [222/455] VASL
[13:00:07] [223/455] CBCM
[13:00:07] [224/455] STMA
[13:00:09] [225/455] LASK
[13:00:10] [226/455] VITE
[13:00:11] [227/455] AAST
[13:00:12] [228/455] JTPT
[13:00:13] [229/455] RRSH
[13:00:13] 🔄 Identity reset
[13:00:14] 🔄 Identity rotated (every 10 requests)
[13:00:14] [230/455] CINL
[13:00:14] [231/455] MCSR
[13:00:15] [232/455] SBCF
[13:00:17] [233/455] GCDU
[13:00:17] [234/455] PSPR
[13:00:18] [235/455] IMMO
[13:00:19] [236/455] CLGM
[13:00:20] [237/455] PBMM
[13:00:20] [238/455] CEHR
[13:00:22] [239/455] CPOE
[13:00:23] 🔄 Identity reset
[13:00:23] 🔄 Identity rotated (every 10 requests)
[13:00:23] [240/455] PGFD
[13:00:24] [241/455] PSLC
[13:00:25] [242/455] MSMD
[13:00:26] [243/455] FMFB
[13:00:27] [244/455] RKCL
[13:00:28] [245/455] PMMC
[13:00:28] [246/455] SKMM
[13:00:30] [247/455] VOIB
[13:00:31] [248/455] KINO
[13:00:32] [249/455] VCTP
[13:00:32] 🔄 Identity reset
[13:00:32] 🔄 Identity rotated (every 10 requests)
[13:00:33] [250/455] PDWR
[13:00:33] [251/455] SAED
[13:00:34] [252/455] SRRT
[13:00:35] [253/455] CVLG
[13:00:36] [254/455] SNGN
[13:00:37] [255/455] SIDA
[13:00:38] [256/455] IMCB
[13:00:39] [257/455] SMHP
[13:00:40] [258/455] GDTY
[13:00:42] [259/455] VYCH
[13:00:42] 🔄 Identity reset
[13:00:42] 🔄 Identity rotated (every 10 requests)
[13:00:43] [260/455] PDYA
[13:00:44] [261/455] RKDO
[13:00:45] [262/455] VECG
[13:00:46] [263/455] NFGD
[13:00:47] [264/455] SNDC
[13:00:48] [265/455] SDJH
[13:00:48] [266/455] HASV
[13:00:50] [267/455] PTYK
[13:00:51] [268/455] MUTB
[13:00:52] [269/455] AMRT
[13:00:53] 🔄 Identity reset
[13:00:53] 🔄 Identity rotated (every 10 requests)
[13:00:53] [270/455] VACD
[13:00:54] [271/455] SKDD
[13:00:55] [272/455] STGR
[13:00:56] [273/455] GDAK
[13:00:56] [274/455] SKHK
[13:00:58] [275/455] SLND
[13:00:59] [276/455] APAP
[13:01:00] [277/455] AYYA
[13:01:01] [278/455] VCCZ
[13:01:02] [279/455] MEML
[13:01:03] 🔄 Identity reset
[13:01:03] 🔄 Identity rotated (every 10 requests)
[13:01:03] [280/455] MAOU
[13:01:03] [281/455] ESND
[13:01:04] [282/455] PTBZ
[13:01:06] [283/455] LBCN
[13:01:07] [284/455] PAWA
[13:01:07] [285/455] ZEIC
[13:01:09] [286/455] CGMM
[13:01:10] [287/455] PJPM
[13:01:11] [288/455] ECMR
[13:01:12] [289/455] SHMZ
[13:01:12] 🔄 Identity reset
[13:01:12] 🔄 Identity rotated (every 10 requests)
[13:01:12] [290/455] STCA
[13:01:13] [291/455] VDRC
[13:01:15] [292/455] SEEM
[13:01:16] [293/455] MKNS
[13:01:16] [294/455] KPPP
[13:01:17] [295/455] CCML
[13:01:18] [296/455] CIBA
[13:01:18] [297/455] NACS
[13:01:19] [298/455] CTMK
[13:01:20] [299/455] CTCT
[13:01:21] 🔄 Identity reset
[13:01:21] 🔄 Identity rotated (every 10 requests)
[13:01:21] [300/455] MCSN
[13:01:22] [301/455] MAXX
[13:01:23] [302/455] MECB
[13:01:23] [303/455] NTBY
[13:01:24] [304/455] UTBI
[13:01:25] [305/455] RADK
[13:01:26] [306/455] STBY
[13:01:27] [307/455] GTBY
[13:01:28] [308/455] RRMB
[13:01:29] [309/455] ABRN
[13:01:29] 🔄 Identity reset
[13:01:29] 🔄 Identity rotated (every 10 requests)
[13:01:30] [310/455] GTSG
[13:01:31] [311/455] GBTG
[13:01:32] [312/455] SBGS
[13:01:33] [313/455] KBPM
[13:01:34] [314/455] SMHT
[13:01:35] [315/455] VTDM
[13:01:36] [316/455] ASCT
[13:01:37] [317/455] AWCT
[13:01:38] [318/455] DCCU
[13:01:39] [319/455] PSCE
[13:01:40] 🔄 Identity reset
[13:01:40] 🔄 Identity rotated (every 10 requests)
[13:01:40] [320/455] KSNY
[13:01:41] [321/455] ACID
[13:01:42] [322/455] LVCD
[13:01:43] [323/455] KSSB
[13:01:44] [324/455] SWTD
[13:01:45] [325/455] RBMR
[13:01:46] [326/455] SCBC
[13:01:47] [327/455] RKME
[13:01:48] [328/455] GALX
[13:01:49] [329/455] GCCH
[13:01:49] 🔄 Identity reset
[13:01:49] 🔄 Identity rotated (every 10 requests)
[13:01:50] [330/455] RATR
[13:01:50] [331/455] GTGA
[13:01:51] [332/455] LTTR
[13:01:52] [333/455] TTAA
[13:01:53] [334/455] TVHP
[13:01:53] [335/455] KVCS
[13:01:54] [336/455] CBMC
[13:01:55] [337/455] MAYJ
[13:01:55] [338/455] INPR
[13:01:56] [339/455] RSSC
[13:01:57] 🔄 Identity reset
[13:01:57] 🔄 Identity rotated (every 10 requests)
[13:01:57] [340/455] PCAN
[13:01:58] [341/455] PVHR
[13:01:59] [342/455] AGSM
[13:02:00] [343/455] PVES
[13:02:01] [344/455] INTO
[13:02:01] [345/455] ACON
[13:02:02] [346/455] PVPZ
[13:02:03] [347/455] PVHC
[13:02:04] [348/455] KSTK
[13:02:05] [349/455] PVSR
[13:02:05] 🔄 Identity reset
[13:02:05] 🔄 Identity rotated (every 10 requests)
[13:02:05] [350/455] ACTN
[13:02:06] [351/455] FMCN
[13:02:07] [352/455] PABC
[13:02:08] [353/455] SUTC
[13:02:09] [354/455] PGMV
[13:02:11] [355/455] GKCP
[13:02:12] [356/455] INCH
[13:02:13] [357/455] MLMT
[13:02:14] [358/455] SSCC
[13:02:15] [359/455] SLMP
[13:02:16] 🔄 Identity reset
[13:02:16] 🔄 Identity rotated (every 10 requests)
[13:02:16] [360/455] VVTN
[13:02:17] [361/455] SBTR
[13:02:18] [362/455] PGRA
[13:02:19] [363/455] PBRM
[13:02:19] [364/455] GCRP
[13:02:20] [365/455] MCSK
[13:02:21] [366/455] NLTC
[13:02:22] [367/455] MTLM
[13:02:23] [368/455] VECT
[13:02:24] [369/455] KMRM
[13:02:25] 🔄 Identity reset
[13:02:25] 🔄 Identity rotated (every 10 requests)
[13:02:25] [370/455] RACM
[13:02:26] [371/455] WSTC
[13:02:27] [372/455] PVTJ
[13:02:27] [373/455] MMKC
[13:02:28] [374/455] SVWT
[13:02:30] [375/455] JOTG
[13:02:30] [376/455] VCDK
[13:02:31] [377/455] ANAC
[13:02:32] [378/455] GRTC
[13:02:33] [379/455] JTPL
[13:02:33] 🔄 Identity reset
[13:02:33] 🔄 Identity rotated (every 10 requests)
[13:02:34] [380/455] VRCP
[13:02:34] [381/455] REMC
[13:02:35] [382/455] ATMG
[13:02:36] [383/455] GAHC
[13:02:38] [384/455] JTMV
[13:02:39] [385/455] OMTT
[13:02:40] [386/455] GKKC
[13:02:40] [387/455] BBPO
[13:02:41] [388/455] ZCBB
[13:02:42] [389/455] DCGO
[13:02:43] 🔄 Identity reset
[13:02:43] 🔄 Identity rotated (every 10 requests)
[13:02:43] [390/455] STOP
[13:02:44] [391/455] BSPC
[13:02:45] [392/455] SOND
[13:02:46] [393/455] GCKG
[13:02:46] [394/455] PCDB
[13:02:47] [395/455] PGRC
[13:02:49] [396/455] CSCT
[13:02:50] [397/455] STDA
[13:02:51] [398/455] JAYD
[13:02:51] [399/455] PPPD
[13:02:52] 🔄 Identity reset
[13:02:52] 🔄 Identity rotated (every 10 requests)
[13:02:52] [400/455] KRTT
[13:02:53] [401/455] PTDT
[13:02:54] [402/455] TRSV
[13:02:55] [403/455] VELR
[13:02:56] [404/455] STDT
[13:02:57] [405/455] SATT
[13:02:57] [406/455] KCPM
[13:02:58] [407/455] MFCP
[13:02:59] [408/455] AXMP
[13:03:00] [409/455] LTVB
[13:03:01] 🔄 Identity reset
[13:03:01] 🔄 Identity rotated (every 10 requests)
[13:03:01] [410/455] APST
[13:03:02] [411/455] DTVP
[13:03:03] [412/455] AAVB
[13:03:04] [413/455] PMBL
[13:03:05] [414/455] STKC
[13:03:06] [415/455] KKMA
[13:03:07] [416/455] NMXS
[13:03:08] [417/455] DECX
[13:03:09] [418/455] MAPJ
[13:03:10] [419/455] SMLK
[13:03:11] 🔄 Identity reset
[13:03:11] 🔄 Identity rotated (every 10 requests)
[13:03:11] [420/455] PMPU
[13:03:11] [421/455] AFST
[13:03:12] [422/455] SRSY
[13:03:13] [423/455] RMKT
[13:03:13] [424/455] RAJX
[13:03:14] [425/455] UVCD
[13:03:15] [426/455] LISA
[13:03:16] [427/455] LMSR
[13:03:17] [428/455] PMCA
[13:03:18] [429/455] INPO
[13:03:18] 🔄 Identity reset
[13:03:18] 🔄 Identity rotated (every 10 requests)
[13:03:19] [430/455] INGO
[13:03:20] [431/455] HFSQ
[13:03:21] [432/455] INMG
[13:03:22] [433/455] NYCP
[13:03:23] [434/455] HFSV
[13:03:24] [435/455] MMZP
[13:03:26] [436/455] KSES
[13:03:26] [437/455] HFSA
[13:03:27] [438/455] ACMM
[13:03:29] [439/455] RCKD
[13:03:30] 🔄 Identity reset
[13:03:30] 🔄 Identity rotated (every 10 requests)
[13:03:30] [440/455] BCKR
[13:03:31] [441/455] SFCO
[13:03:32] [442/455] JCCB
[13:03:33] [443/455] BCCR
[13:03:34] [444/455] NWCB
[13:03:34] [445/455] SAMT
[13:03:36] [446/455] TMST
[13:03:38] [447/455] SJCN
[13:03:39] [448/455] MCBS
[13:03:40] [449/455] CMKR
[13:03:41] 🔄 Identity reset
[13:03:41] 🔄 Identity rotated (every 10 requests)
[13:03:41] [450/455] INPM
[13:03:42] [451/455] WVMT
[13:03:43] [452/455] NYSM
[13:03:44] [453/455] RCMA
[13:03:44] [454/455] RECM
[13:03:45] [455/455] CYCM
[13:03:46] ✅ DONE | Shows=2580 | Movies=76
[14:06:53] 🚀 BMS DAILY TRACKER STARTED (enhanced anti‑detection)
[14:06:53] [1/455] MXGN
[14:06:54] 🧠 New identity created
[14:06:54] [2/455] PGGM
[14:06:55] [3/455] IPMJ
[14:06:56] [4/455] M2PP
[14:06:56] [5/455] PMMS
[14:06:57] [6/455] SCJN
[14:06:58] [7/455] CPUM
[14:06:59] [8/455] SCND
[14:07:00] [9/455] INWM
[14:07:01] [10/455] DVDC
[14:07:01] 🔄 Identity reset
[14:07:01] 🔄 Identity rotated (every 10 requests)
[14:07:01] [11/455] WVND
[14:07:02] [12/455] LBDL
[14:07:03] [13/455] CRGM
[14:07:04] [14/455] PVKS
[14:07:05] [15/455] PBLL
[14:07:07] [16/455] FNLN
[14:07:07] [17/455] PPDA
[14:07:08] [18/455] SCPT
[14:07:09] [19/455] IAJS
[14:07:10] [20/455] MMZG
[14:07:10] 🔄 Identity reset
[14:07:10] 🔄 Identity rotated (every 10 requests)
[14:07:10] [21/455] MCTI
[14:07:11] [22/455] PPMF
[14:07:12] [23/455] FNSD
[14:07:13] [24/455] M2RH
[14:07:14] [25/455] CPGV
[14:07:15] [26/455] PECD
[14:07:16] [27/455] CTEE
[14:07:17] [28/455] IOMG
[14:07:17] [29/455] CIJA
[14:07:18] [30/455] NYCG
[14:07:19] 🔄 Identity reset
[14:07:19] 🔄 Identity rotated (every 10 requests)
[14:07:19] [31/455] CEST
[14:07:20] [32/455] WVRG
[14:07:21] [33/455] DPDC
[14:07:21] [34/455] PDIV
[14:07:22] [35/455] MTPP
[14:07:23] [36/455] MHNU
[14:07:23] [37/455] WUPG
[14:07:24] [38/455] USCO
[14:07:25] [39/455] INFR
[14:07:26] [40/455] PVPD
[14:07:26] 🔄 Identity reset
[14:07:26] 🔄 Identity rotated (every 10 requests)
[14:07:26] [41/455] RONC
[14:07:27] [42/455] IOCP
[14:07:28] [43/455] EMPS
[14:07:29] [44/455] PNAD
[14:07:29] [45/455] VVGZ
[14:07:31] [46/455] MDDC
[14:07:31] [47/455] MMAP
[14:07:32] [48/455] GPDC
[14:07:32] [49/455] PVPU
[14:07:33] [50/455] DCMV
[14:07:34] 🔄 Identity reset
[14:07:34] 🔄 Identity rotated (every 10 requests)
[14:07:34] [51/455] PCCF
[14:07:35] [52/455] MCEF
[14:07:36] [53/455] INRD
[14:07:37] [54/455] CCPZ
[14:07:37] [55/455] BCWG
[14:07:38] [56/455] PMGU
[14:07:38] [57/455] MCVM
[14:07:40] [58/455] MCDE
[14:07:41] [59/455] IEFM
[14:07:42] [60/455] MXCS
[14:07:42] 🔄 Identity reset
[14:07:42] 🔄 Identity rotated (every 10 requests)
[14:07:42] [61/455] RNMT
[14:07:43] [62/455] PSDD
[14:07:44] [63/455] PETA
[14:07:45] [64/455] IZOP
[14:07:46] [65/455] PDEI
[14:07:47] [66/455] MTND
[14:07:47] [67/455] PCPL
[14:07:48] [68/455] LSCM
[14:07:49] [69/455] BTFD
[14:07:49] [70/455] MERM
[14:07:50] 🔄 Identity reset
[14:07:50] 🔄 Identity rotated (every 10 requests)
[14:07:50] 🔄 Retry 1/5 for MERM in 2.1s
[14:07:50] 🔄 Identity reset
[14:07:52] 🧠 New identity created
[14:07:52] 🔄 Retry 2/5 for MERM in 4.0s
[14:07:52] 🔄 Identity reset
[14:07:56] 🧠 New identity created
[14:07:57] [71/455] PVMS
[14:07:57] [72/455] CIGK
[14:07:58] [73/455] INSG
[14:07:59] [74/455] IDEN
[14:08:00] [75/455] MCGN
[14:08:00] [76/455] IGAM
[14:08:01] [77/455] SLCU
[14:08:02] [78/455] MIMU
[14:08:02] 🔄 Identity reset
[14:08:02] 🔄 Identity rotated (every 10 requests)
[14:08:03] [79/455] QLAC
[14:08:04] [80/455] MENL
[14:08:04] [81/455] SCUR
[14:08:05] [82/455] MDGD
[14:08:06] [83/455] LSRS
[14:08:07] [84/455] KMLG
[14:08:08] [85/455] MKLJ
[14:08:09] [86/455] IBYG
[14:08:10] [87/455] ISML
[14:08:11] [88/455] MJMM
[14:08:11] 🔄 Identity reset
[14:08:11] 🔄 Identity rotated (every 10 requests)
[14:08:11] [89/455] RCGD
[14:08:12] [90/455] MMOC
[14:08:13] [91/455] RRCO
[14:08:14] [92/455] MEDM
[14:08:14] [93/455] MCAZ
[14:08:15] [94/455] STWA
[14:08:16] [95/455] PFFG
[14:08:17] [96/455] GAGC
[14:08:17] [97/455] PMPM
[14:08:18] [98/455] HVCD
[14:08:19] 🔄 Identity reset
[14:08:19] 🔄 Identity rotated (every 10 requests)
[14:08:19] [99/455] AKRF
[14:08:20] [100/455] AKRC
[14:08:21] [101/455] MIDA
[14:08:22] [102/455] MAGX
[14:08:23] [103/455] ESOS
[14:08:23] [104/455] BBCL
[14:08:24] [105/455] LYAS
[14:08:24] [106/455] NRMS
[14:08:25] [107/455] BHUC
[14:08:26] [108/455] SRIC
[14:08:26] 🔄 Identity reset
[14:08:26] 🔄 Identity rotated (every 10 requests)
[14:08:26] [109/455] PDME
[14:08:27] [110/455] MJCS
[14:08:28] [111/455] NRAA
[14:08:29] [112/455] VATA
[14:08:30] [113/455] MNKC
[14:08:31] [114/455] DHCL
[14:08:31] [115/455] JCPC
[14:08:32] [116/455] CTML
[14:08:33] [117/455] RMMR
[14:08:34] [118/455] STTL
[14:08:34] 🔄 Identity reset
[14:08:34] 🔄 Identity rotated (every 10 requests)
[14:08:34] 🔄 Retry 1/5 for STTL in 2.8s
[14:08:34] 🔄 Identity reset
[14:08:37] 🧠 New identity created
[14:08:37] 🔄 Retry 2/5 for STTL in 4.7s
[14:08:37] 🔄 Identity reset
[14:08:42] 🧠 New identity created
[14:08:42] 🔄 Retry 3/5 for STTL in 8.3s
[14:08:42] 🔄 Identity reset
[14:08:50] 🧠 New identity created
[14:08:50] 🔄 Retry 4/5 for STTL in 16.6s
[14:08:50] 🔄 Identity reset
[14:09:07] 🧠 New identity created
[14:09:07] ❌ STTL failed after 5 attempts
[14:09:07] 🔄 Identity reset
[14:09:07] ❌ STTL final failure | RuntimeError | HTTP 403
[14:09:07] [119/455] CNPS
[14:09:08] 🧠 New identity created
[14:09:08] [120/455] ACKL
[14:09:09] [121/455] SCAU
[14:09:09] [122/455] RMIA
[14:09:10] [123/455] MANU
[14:09:11] [124/455] ARDC
[14:09:12] 🔄 Identity reset
[14:09:12] 🔄 Identity rotated (every 10 requests)
[14:09:12] 🔄 Retry 1/5 for ARDC in 2.1s
[14:09:12] 🔄 Identity reset
[14:09:14] 🧠 New identity created
[14:09:14] [125/455] GLDA
[14:09:15] [126/455] KVSW
[14:09:16] [127/455] CGCA
[14:09:17] [128/455] CMLO
[14:09:18] [129/455] CECB
[14:09:19] [130/455] RCPN
[14:09:19] [131/455] ASMW
[14:09:21] [132/455] PWLM
[14:09:22] [133/455] ASGM
[14:09:22] 🔄 Identity reset
[14:09:22] 🔄 Identity rotated (every 10 requests)
[14:09:23] [134/455] ACWH
[14:09:24] [135/455] AAPW
[14:09:24] [136/455] RTWA
[14:09:25] [137/455] RAMW
[14:09:26] [138/455] VKTR
[14:09:27] [139/455] SMBH
[14:09:28] [140/455] BVDR
[14:09:28] [141/455] MRTP
[14:09:29] [142/455] BLBR
[14:09:30] [143/455] LPIN
[14:09:31] 🔄 Identity reset
[14:09:31] 🔄 Identity rotated (every 10 requests)
[14:09:31] [144/455] SNPC
[14:09:32] [145/455] PDCB
[14:09:32] [146/455] DYPK
[14:09:33] [147/455] INMK
[14:09:34] [148/455] PDCK
[14:09:35] [149/455] PCKR
[14:09:36] [150/455] SHUA
[14:09:37] [151/455] SCVK
[14:09:37] [152/455] STPA
[14:09:38] [153/455] WVHD
[14:09:39] 🔄 Identity reset
[14:09:39] 🔄 Identity rotated (every 10 requests)
[14:09:39] [154/455] MRCH
[14:09:40] [155/455] MCNP
[14:09:40] [156/455] RCAG
[14:09:42] [157/455] JTSN
[14:09:43] [158/455] AANS
[14:09:43] [159/455] GDDR
[14:09:44] [160/455] SRER
[14:09:46] [161/455] JKMA
[14:09:47] [162/455] ARAN
[14:09:48] [163/455] ALCT
[14:09:48] 🔄 Identity reset
[14:09:48] 🔄 Identity rotated (every 10 requests)
[14:09:49] [164/455] CCTA
[14:09:49] [165/455] CNCT
[14:09:50] [166/455] NZBL
[14:09:51] [167/455] SRRA
[14:09:52] [168/455] SVPW
[14:09:52] [169/455] SRTW
[14:09:53] [170/455] XMTD
[14:09:54] [171/455] SCCZ
[14:09:55] [172/455] PBCR
[14:09:55] [173/455] RTSC
[14:09:56] 🔄 Identity reset
[14:09:56] 🔄 Identity rotated (every 10 requests)
[14:09:56] [174/455] TLSV
[14:09:57] [175/455] RMTK
[14:09:58] [176/455] SRAT
[14:09:59] [177/455] GCYC
[14:10:00] [178/455] HCAJ
[14:10:01] [179/455] LCXA
[14:10:02] [180/455] BINT
[14:10:03] [181/455] IXIM
[14:10:04] [182/455] MBCR
[14:10:05] [183/455] BMCJ
[14:10:05] 🔄 Identity reset
[14:10:05] 🔄 Identity rotated (every 10 requests)
[14:10:06] [184/455] NICJ
[14:10:06] [185/455] SCAJ
[14:10:07] [186/455] CMXS
[14:10:08] [187/455] MMSR
[14:10:09] [188/455] PRKT
[14:10:10] [189/455] LPTH
[14:10:10] [190/455] SARP
[14:10:11] [191/455] MNPP
[14:10:12] [192/455] PRLR
[14:10:12] [193/455] RCMW
[14:10:13] 🔄 Identity reset
[14:10:13] 🔄 Identity rotated (every 10 requests)
[14:10:13] [194/455] FCMG
[14:10:14] [195/455] RTNK
[14:10:15] [196/455] LRCP
[14:10:16] [197/455] DBJR
[14:10:17] [198/455] CACN
[14:10:18] [199/455] AMRL
[14:10:19] [200/455] SBBC
[14:10:20] [201/455] VENN
[14:10:21] [202/455] STSS
[14:10:21] [203/455] SMRB
[14:10:22] 🔄 Identity reset
[14:10:22] 🔄 Identity rotated (every 10 requests)
[14:10:22] [204/455] CCMX
[14:10:23] [205/455] KCMR
[14:10:25] [206/455] SALH
[14:10:26] [207/455] CGTT
[14:10:27] [208/455] PMDR
[14:10:27] [209/455] VCPM
[14:10:28] [210/455] RZMX
[14:10:28] [211/455] TMSY
[14:10:29] [212/455] NTMS
[14:10:30] [213/455] VTAG
[14:10:31] 🔄 Identity reset
[14:10:31] 🔄 Identity rotated (every 10 requests)
[14:10:31] [214/455] REMA
[14:10:32] [215/455] NXCC
[14:10:32] [216/455] SKYM
[14:10:33] [217/455] CCMO
[14:10:34] [218/455] DMXM
[14:10:35] [219/455] SPPM
[14:10:35] [220/455] PTKL
[14:10:36] [221/455] SLVO
[14:10:37] [222/455] VASL
[14:10:38] [223/455] CBCM
[14:10:38] 🔄 Identity reset
[14:10:38] 🔄 Identity rotated (every 10 requests)
[14:10:39] [224/455] STMA
[14:10:40] [225/455] LASK
[14:10:40] [226/455] VITE
[14:10:41] [227/455] AAST
[14:10:42] [228/455] JTPT
[14:10:43] [229/455] RRSH
[14:10:43] [230/455] CINL
[14:10:44] [231/455] MCSR
[14:10:45] [232/455] SBCF
[14:10:46] [233/455] GCDU
[14:10:46] 🔄 Identity reset
[14:10:47] 🔄 Identity rotated (every 10 requests)
[14:10:47] [234/455] PSPR
[14:10:47] [235/455] IMMO
[14:10:48] [236/455] CLGM
[14:10:49] [237/455] PBMM
[14:10:50] [238/455] CEHR
[14:10:51] [239/455] CPOE
[14:10:52] [240/455] PGFD
[14:10:52] [241/455] PSLC
[14:10:53] [242/455] MSMD
[14:10:54] [243/455] FMFB
[14:10:54] 🔄 Identity reset
[14:10:54] 🔄 Identity rotated (every 10 requests)
[14:10:54] 🔄 Retry 1/5 for FMFB in 2.1s
[14:10:54] 🔄 Identity reset
[14:10:56] 🧠 New identity created
[14:10:57] [244/455] RKCL
[14:10:58] [245/455] PMMC
[14:10:58] [246/455] SKMM
[14:10:59] [247/455] VOIB
[14:11:00] [248/455] KINO
[14:11:01] [249/455] VCTP
[14:11:01] [250/455] PDWR
[14:11:02] [251/455] SAED
[14:11:03] [252/455] SRRT
[14:11:03] 🔄 Identity reset
[14:11:03] 🔄 Identity rotated (every 10 requests)
[14:11:04] [253/455] CVLG
[14:11:05] [254/455] SNGN
[14:11:06] [255/455] SIDA
[14:11:06] [256/455] IMCB
[14:11:07] [257/455] SMHP
[14:11:08] [258/455] GDTY
[14:11:10] [259/455] VYCH
[14:11:10] [260/455] PDYA
[14:11:11] [261/455] RKDO
[14:11:12] [262/455] VECG
[14:11:12] 🔄 Identity reset
[14:11:12] 🔄 Identity rotated (every 10 requests)
[14:11:12] [263/455] NFGD
[14:11:14] [264/455] SNDC
[14:11:15] [265/455] SDJH
[14:11:16] [266/455] HASV
[14:11:17] [267/455] PTYK
[14:11:18] [268/455] MUTB
[14:11:18] [269/455] AMRT
[14:11:19] [270/455] VACD
[14:11:20] [271/455] SKDD
[14:11:21] [272/455] STGR
[14:11:21] 🔄 Identity reset
[14:11:21] 🔄 Identity rotated (every 10 requests)
[14:11:21] [273/455] GDAK
[14:11:22] [274/455] SKHK
[14:11:23] [275/455] SLND
[14:11:24] [276/455] APAP
[14:11:25] [277/455] AYYA
[14:11:26] [278/455] VCCZ
[14:11:27] [279/455] MEML
[14:11:28] [280/455] MAOU
[14:11:29] [281/455] ESND
[14:11:30] [282/455] PTBZ
[14:11:30] 🔄 Identity reset
[14:11:30] 🔄 Identity rotated (every 10 requests)
[14:11:31] [283/455] LBCN
[14:11:31] [284/455] PAWA
[14:11:32] [285/455] ZEIC
[14:11:33] [286/455] CGMM
[14:11:34] [287/455] PJPM
[14:11:35] [288/455] ECMR
[14:11:35] [289/455] SHMZ
[14:11:36] [290/455] STCA
[14:11:37] [291/455] VDRC
[14:11:38] [292/455] SEEM
[14:11:39] 🔄 Identity reset
[14:11:39] 🔄 Identity rotated (every 10 requests)
[14:11:39] [293/455] MKNS
[14:11:40] [294/455] KPPP
[14:11:41] [295/455] CCML
[14:11:43] [296/455] CIBA
[14:11:44] [297/455] NACS
[14:11:45] [298/455] CTMK
[14:11:47] [299/455] CTCT
[14:11:48] [300/455] MCSN
[14:11:48] [301/455] MAXX
[14:11:49] [302/455] MECB
[14:11:50] 🔄 Identity reset
[14:11:50] 🔄 Identity rotated (every 10 requests)
[14:11:50] [303/455] NTBY
[14:11:51] [304/455] UTBI
[14:11:52] [305/455] RADK
[14:11:53] [306/455] STBY
[14:11:53] [307/455] GTBY
[14:11:54] [308/455] RRMB
[14:11:55] [309/455] ABRN
[14:11:56] [310/455] GTSG
[14:11:57] [311/455] GBTG
[14:11:58] [312/455] SBGS
[14:11:58] 🔄 Identity reset
[14:11:58] 🔄 Identity rotated (every 10 requests)
[14:11:59] [313/455] KBPM
[14:12:00] [314/455] SMHT
[14:12:01] [315/455] VTDM
[14:12:02] [316/455] ASCT
[14:12:03] [317/455] AWCT
[14:12:04] [318/455] DCCU
[14:12:05] [319/455] PSCE
[14:12:06] [320/455] KSNY
[14:12:07] [321/455] ACID
[14:12:08] [322/455] LVCD
[14:12:09] 🔄 Identity reset
[14:12:09] 🔄 Identity rotated (every 10 requests)
[14:12:09] 🔄 Retry 1/5 for LVCD in 2.5s
[14:12:09] 🔄 Identity reset
[14:12:12] 🧠 New identity created
[14:12:12] 🔄 Retry 2/5 for LVCD in 4.9s
[14:12:12] 🔄 Identity reset
[14:12:17] 🧠 New identity created
[14:12:17] [323/455] KSSB
[14:12:19] [324/455] SWTD
[14:12:19] [325/455] RBMR
[14:12:20] [326/455] SCBC
[14:12:21] [327/455] RKME
[14:12:22] [328/455] GALX
[14:12:23] [329/455] GCCH
[14:12:24] [330/455] RATR
[14:12:24] 🔄 Identity reset
[14:12:24] 🔄 Identity rotated (every 10 requests)
[14:12:25] [331/455] GTGA
[14:12:26] [332/455] LTTR
[14:12:27] [333/455] TTAA
[14:12:28] [334/455] TVHP
[14:12:29] [335/455] KVCS
[14:12:30] [336/455] CBMC
[14:12:31] [337/455] MAYJ
[14:12:32] [338/455] INPR
[14:12:33] [339/455] RSSC
[14:12:34] [340/455] PCAN
[14:12:34] 🔄 Identity reset
[14:12:34] 🔄 Identity rotated (every 10 requests)
[14:12:34] [341/455] PVHR
[14:12:35] [342/455] AGSM
[14:12:36] [343/455] PVES
[14:12:37] [344/455] INTO
[14:12:38] [345/455] ACON
[14:12:39] [346/455] PVPZ
[14:12:41] [347/455] PVHC
[14:12:42] [348/455] KSTK
[14:12:42] [349/455] PVSR
[14:12:43] [350/455] ACTN
[14:12:44] 🔄 Identity reset
[14:12:44] 🔄 Identity rotated (every 10 requests)
[14:12:44] [351/455] FMCN
[14:12:45] [352/455] PABC
[14:12:46] [353/455] SUTC
[14:12:47] [354/455] PGMV
[14:12:48] [355/455] GKCP
[14:12:49] [356/455] INCH
[14:12:50] [357/455] MLMT
[14:12:51] [358/455] SSCC
[14:12:52] [359/455] SLMP
[14:12:53] [360/455] VVTN
[14:12:53] 🔄 Identity reset
[14:12:53] 🔄 Identity rotated (every 10 requests)
[14:12:54] [361/455] SBTR
[14:12:54] [362/455] PGRA
[14:12:55] [363/455] PBRM
[14:12:56] [364/455] GCRP
[14:12:57] [365/455] MCSK
[14:12:58] [366/455] NLTC
[14:12:59] [367/455] MTLM
[14:13:00] [368/455] VECT
[14:13:00] [369/455] KMRM
[14:13:01] [370/455] RACM
[14:13:02] 🔄 Identity reset
[14:13:02] 🔄 Identity rotated (every 10 requests)
[14:13:02] [371/455] WSTC
[14:13:03] [372/455] PVTJ
[14:13:05] [373/455] MMKC
[14:13:06] [374/455] SVWT
[14:13:06] [375/455] JOTG
[14:13:07] [376/455] VCDK
[14:13:08] [377/455] ANAC
[14:13:09] [378/455] GRTC
[14:13:10] [379/455] JTPL
[14:13:11] [380/455] VRCP
[14:13:11] 🔄 Identity reset
[14:13:11] 🔄 Identity rotated (every 10 requests)
[14:13:12] 🔄 Retry 1/5 for VRCP in 2.6s
[14:13:12] 🔄 Identity reset
[14:13:14] 🧠 New identity created
[14:13:15] [381/455] REMC
[14:13:16] [382/455] ATMG
[14:13:17] [383/455] GAHC
[14:13:17] [384/455] JTMV
[14:13:18] [385/455] OMTT
[14:13:19] [386/455] GKKC
[14:13:20] [387/455] BBPO
[14:13:21] [388/455] ZCBB
[14:13:22] [389/455] DCGO
[14:13:22] 🔄 Identity reset
[14:13:22] 🔄 Identity rotated (every 10 requests)
[14:13:23] [390/455] STOP
[14:13:24] [391/455] BSPC
[14:13:25] [392/455] SOND
[14:13:26] [393/455] GCKG
[14:13:26] [394/455] PCDB
[14:13:27] [395/455] PGRC
[14:13:28] [396/455] CSCT
[14:13:29] [397/455] STDA
[14:13:30] [398/455] JAYD
[14:13:31] [399/455] PPPD
[14:13:32] 🔄 Identity reset
[14:13:32] 🔄 Identity rotated (every 10 requests)
[14:13:32] [400/455] KRTT
[14:13:34] [401/455] PTDT
[14:13:34] [402/455] TRSV
[14:13:35] [403/455] VELR
[14:13:35] [404/455] STDT
[14:13:36] [405/455] SATT
[14:13:37] [406/455] KCPM
[14:13:38] [407/455] MFCP
[14:13:39] [408/455] AXMP
[14:13:40] [409/455] LTVB
[14:13:40] 🔄 Identity reset
[14:13:40] 🔄 Identity rotated (every 10 requests)
[14:13:41] [410/455] APST
[14:13:41] [411/455] DTVP
[14:13:42] [412/455] AAVB
[14:13:43] [413/455] PMBL
[14:13:44] [414/455] STKC
[14:13:45] [415/455] KKMA
[14:13:46] [416/455] NMXS
[14:13:47] [417/455] DECX
[14:13:48] [418/455] MAPJ
[14:13:49] [419/455] SMLK
[14:13:49] 🔄 Identity reset
[14:13:49] 🔄 Identity rotated (every 10 requests)
[14:13:50] [420/455] PMPU
[14:13:51] [421/455] AFST
[14:13:53] [422/455] SRSY
[14:13:55] [423/455] RMKT
[14:13:55] [424/455] RAJX
[14:13:56] [425/455] UVCD
[14:13:57] [426/455] LISA
[14:13:58] [427/455] LMSR
[14:13:59] [428/455] PMCA
[14:14:00] [429/455] INPO
[14:14:01] 🔄 Identity reset
[14:14:01] 🔄 Identity rotated (every 10 requests)
[14:14:01] [430/455] INGO
[14:14:02] [431/455] HFSQ
[14:14:03] [432/455] INMG
[14:14:05] [433/455] NYCP
[14:14:05] [434/455] HFSV
[14:14:06] [435/455] MMZP
[14:14:07] [436/455] KSES
[14:14:08] [437/455] HFSA
[14:14:09] [438/455] ACMM
[14:14:10] [439/455] RCKD
[14:14:11] 🔄 Identity reset
[14:14:11] 🔄 Identity rotated (every 10 requests)
[14:14:11] [440/455] BCKR
[14:14:12] [441/455] SFCO
[14:14:13] [442/455] JCCB
[14:14:14] [443/455] BCCR
[14:14:15] [444/455] NWCB
[14:14:16] [445/455] SAMT
[14:14:17] [446/455] TMST
[14:14:18] [447/455] SJCN
[14:14:19] [448/455] MCBS
[14:14:19] [449/455] CMKR
[14:14:20] 🔄 Identity reset
[14:14:20] 🔄 Identity rotated (every 10 requests)
[14:14:20] 🔄 Retry 1/5 for CMKR in 2.7s
[14:14:20] 🔄 Identity reset
[14:14:23] 🧠 New identity created
[14:14:23] [450/455] INPM
[14:14:24] [451/455] WVMT
[14:14:25] [452/455] NYSM
[14:14:26] [453/455] RCMA
[14:14:28] [454/455] RECM
[14:14:28] [455/455] CYCM
[14:14:29] 🔁 RETRY ROUND 1 | Remaining: 1
[14:14:29] [RETRY-1] STTL
[14:14:32] ✅ DONE | Shows=2847 | Movies=78
[15:06:42] 🚀 BMS DAILY TRACKER STARTED (enhanced anti‑detection)
[15:06:42] [1/455] MXGN
[15:06:43] 🧠 New identity created
[15:06:43] [2/455] PGGM
[15:06:43] [3/455] IPMJ
[15:06:44] [4/455] M2PP
[15:06:45] [5/455] PMMS
[15:06:45] [6/455] SCJN
[15:06:46] [7/455] CPUM
[15:06:47] [8/455] SCND
[15:06:48] [9/455] INWM
[15:06:48] [10/455] DVDC
[15:06:49] 🔄 Identity reset
[15:06:49] 🔄 Identity rotated (every 10 requests)
[15:06:49] [11/455] WVND
[15:06:51] [12/455] LBDL
[15:06:51] [13/455] CRGM
[15:06:52] [14/455] PVKS
[15:06:53] [15/455] PBLL
[15:06:53] [16/455] FNLN
[15:06:54] [17/455] PPDA
[15:06:55] [18/455] SCPT
[15:06:55] [19/455] IAJS
[15:06:56] [20/455] MMZG
[15:06:56] 🔄 Identity reset
[15:06:56] 🔄 Identity rotated (every 10 requests)
[15:06:56] [21/455] MCTI
[15:06:57] [22/455] PPMF
[15:06:58] [23/455] FNSD
[15:06:59] [24/455] M2RH
[15:06:59] [25/455] CPGV
[15:07:00] [26/455] PECD
[15:07:00] [27/455] CTEE
[15:07:01] [28/455] IOMG
[15:07:01] [29/455] CIJA
[15:07:02] [30/455] NYCG
[15:07:02] 🔄 Identity reset
[15:07:02] 🔄 Identity rotated (every 10 requests)
[15:07:03] [31/455] CEST
[15:07:04] [32/455] WVRG
[15:07:05] [33/455] DPDC
[15:07:05] [34/455] PDIV
[15:07:06] [35/455] MTPP
[15:07:07] [36/455] MHNU
[15:07:08] [37/455] WUPG
[15:07:09] [38/455] USCO
[15:07:10] [39/455] INFR
[15:07:12] [40/455] PVPD
[15:07:12] 🔄 Identity reset
[15:07:12] 🔄 Identity rotated (every 10 requests)
[15:07:12] [41/455] RONC
[15:07:13] [42/455] IOCP
[15:07:14] [43/455] EMPS
[15:07:15] [44/455] PNAD
[15:07:16] [45/455] VVGZ
[15:07:17] [46/455] MDDC
[15:07:18] [47/455] MMAP
[15:07:19] [48/455] GPDC
[15:07:20] [49/455] PVPU
[15:07:21] [50/455] DCMV
[15:07:22] 🔄 Identity reset
[15:07:22] 🔄 Identity rotated (every 10 requests)
[15:07:22] [51/455] PCCF
[15:07:22] [52/455] MCEF
[15:07:23] [53/455] INRD
[15:07:24] [54/455] CCPZ
[15:07:25] [55/455] BCWG
[15:07:25] [56/455] PMGU
[15:07:26] [57/455] MCVM
[15:07:26] [58/455] MCDE
[15:07:27] [59/455] IEFM
[15:07:28] [60/455] MXCS
[15:07:28] 🔄 Identity reset
[15:07:28] 🔄 Identity rotated (every 10 requests)
[15:07:29] [61/455] RNMT
[15:07:29] [62/455] PSDD
[15:07:30] [63/455] PETA
[15:07:31] [64/455] IZOP
[15:07:32] [65/455] PDEI
[15:07:33] [66/455] MTND
[15:07:34] [67/455] PCPL
[15:07:35] [68/455] LSCM
[15:07:36] [69/455] BTFD
[15:07:36] [70/455] MERM
[15:07:37] 🔄 Identity reset
[15:07:37] 🔄 Identity rotated (every 10 requests)
[15:07:37] [71/455] PVMS
[15:07:39] [72/455] CIGK
[15:07:40] [73/455] INSG
[15:07:41] [74/455] IDEN
[15:07:42] [75/455] MCGN
[15:07:43] [76/455] IGAM
[15:07:44] [77/455] SLCU
[15:07:45] [78/455] MIMU
[15:07:46] [79/455] QLAC
[15:07:47] [80/455] MENL
[15:07:48] 🔄 Identity reset
[15:07:48] 🔄 Identity rotated (every 10 requests)
[15:07:48] [81/455] SCUR
[15:07:49] [82/455] MDGD
[15:07:50] [83/455] LSRS
[15:07:51] [84/455] KMLG
[15:07:52] [85/455] MKLJ
[15:07:52] [86/455] IBYG
[15:07:53] [87/455] ISML
[15:07:54] [88/455] MJMM
[15:07:54] [89/455] RCGD
[15:07:55] [90/455] MMOC
[15:07:56] 🔄 Identity reset
[15:07:56] 🔄 Identity rotated (every 10 requests)
[15:07:57] [91/455] RRCO
[15:07:58] [92/455] MEDM
[15:07:59] [93/455] MCAZ
[15:08:00] [94/455] STWA
[15:08:01] [95/455] PFFG
[15:08:02] [96/455] GAGC
[15:08:03] [97/455] PMPM
[15:08:04] [98/455] HVCD
[15:08:05] [99/455] AKRF
[15:08:06] [100/455] AKRC
[15:08:07] 🔄 Identity reset
[15:08:07] 🔄 Identity rotated (every 10 requests)
[15:08:07] [101/455] MIDA
[15:08:07] [102/455] MAGX
[15:08:08] [103/455] ESOS
[15:08:09] [104/455] BBCL
[15:08:10] [105/455] LYAS
[15:08:10] [106/455] NRMS
[15:08:11] [107/455] BHUC
[15:08:12] [108/455] SRIC
[15:08:12] [109/455] PDME
[15:08:13] [110/455] MJCS
[15:08:14] 🔄 Identity reset
[15:08:14] 🔄 Identity rotated (every 10 requests)
[15:08:14] [111/455] NRAA
[15:08:14] [112/455] VATA
[15:08:16] [113/455] MNKC
[15:08:17] [114/455] DHCL
[15:08:17] [115/455] JCPC
[15:08:18] [116/455] CTML
[15:08:18] [117/455] RMMR
[15:08:19] [118/455] STTL
[15:08:20] [119/455] CNPS
[15:08:21] [120/455] ACKL
[15:08:21] 🔄 Identity reset
[15:08:21] 🔄 Identity rotated (every 10 requests)
[15:08:22] [121/455] SCAU
[15:08:23] [122/455] RMIA
[15:08:24] [123/455] MANU
[15:08:25] [124/455] ARDC
[15:08:26] [125/455] GLDA
[15:08:26] [126/455] KVSW
[15:08:27] [127/455] CGCA
[15:08:28] [128/455] CMLO
[15:08:29] [129/455] CECB
[15:08:30] [130/455] RCPN
[15:08:31] 🔄 Identity reset
[15:08:31] 🔄 Identity rotated (every 10 requests)
[15:08:31] [131/455] ASMW
[15:08:32] [132/455] PWLM
[15:08:33] [133/455] ASGM
[15:08:34] [134/455] ACWH
[15:08:35] [135/455] AAPW
[15:08:36] [136/455] RTWA
[15:08:37] [137/455] RAMW
[15:08:38] [138/455] VKTR
[15:08:39] [139/455] SMBH
[15:08:40] [140/455] BVDR
[15:08:41] 🔄 Identity reset
[15:08:41] 🔄 Identity rotated (every 10 requests)
[15:08:41] [141/455] MRTP
[15:08:42] [142/455] BLBR
[15:08:43] [143/455] LPIN
[15:08:44] [144/455] SNPC
[15:08:45] [145/455] PDCB
[15:08:46] [146/455] DYPK
[15:08:46] [147/455] INMK
[15:08:47] [148/455] PDCK
[15:08:48] [149/455] PCKR
[15:08:48] [150/455] SHUA
[15:08:49] 🔄 Identity reset
[15:08:49] 🔄 Identity rotated (every 10 requests)
[15:08:50] [151/455] SCVK
[15:08:51] [152/455] STPA
[15:08:52] [153/455] WVHD
[15:08:52] [154/455] MRCH
[15:08:53] [155/455] MCNP
[15:08:54] [156/455] RCAG
[15:08:55] [157/455] JTSN
[15:08:56] [158/455] AANS
[15:08:57] [159/455] GDDR
[15:08:57] [160/455] SRER
[15:08:58] 🔄 Identity reset
[15:08:58] 🔄 Identity rotated (every 10 requests)
[15:08:58] [161/455] JKMA
[15:08:59] [162/455] ARAN
[15:09:00] [163/455] ALCT
[15:09:02] [164/455] CCTA
[15:09:03] [165/455] CNCT
[15:09:04] [166/455] NZBL
[15:09:05] [167/455] SRRA
[15:09:06] [168/455] SVPW
[15:09:07] [169/455] SRTW
[15:09:07] [170/455] XMTD
[15:09:08] 🔄 Identity reset
[15:09:08] 🔄 Identity rotated (every 10 requests)
[15:09:08] 🔄 Retry 1/5 for XMTD in 2.3s
[15:09:08] 🔄 Identity reset
[15:09:10] 🧠 New identity created
[15:09:11] [171/455] SCCZ
[15:09:12] [172/455] PBCR
[15:09:13] [173/455] RTSC
[15:09:14] [174/455] TLSV
[15:09:15] [175/455] RMTK
[15:09:16] [176/455] SRAT
[15:09:17] [177/455] GCYC
[15:09:18] [178/455] HCAJ
[15:09:19] [179/455] LCXA
[15:09:20] 🔄 Identity reset
[15:09:20] 🔄 Identity rotated (every 10 requests)
[15:09:20] [180/455] BINT
[15:09:22] [181/455] IXIM
[15:09:23] [182/455] MBCR
[15:09:24] [183/455] BMCJ
[15:09:26] [184/455] NICJ
[15:09:26] [185/455] SCAJ
[15:09:27] [186/455] CMXS
[15:09:28] [187/455] MMSR
[15:09:29] [188/455] PRKT
[15:09:30] [189/455] LPTH
[15:09:30] 🔄 Identity reset
[15:09:30] 🔄 Identity rotated (every 10 requests)
[15:09:31] [190/455] SARP
[15:09:32] [191/455] MNPP
[15:09:32] [192/455] PRLR
[15:09:34] [193/455] RCMW
[15:09:35] [194/455] FCMG
[15:09:36] [195/455] RTNK
[15:09:37] [196/455] LRCP
[15:09:38] [197/455] DBJR
[15:09:39] [198/455] CACN
[15:09:40] [199/455] AMRL
[15:09:40] 🔄 Identity reset
[15:09:40] 🔄 Identity rotated (every 10 requests)
[15:09:41] [200/455] SBBC
[15:09:42] [201/455] VENN
[15:09:42] [202/455] STSS
[15:09:43] [203/455] SMRB
[15:09:44] [204/455] CCMX
[15:09:45] [205/455] KCMR
[15:09:46] [206/455] SALH
[15:09:47] [207/455] CGTT
[15:09:48] [208/455] PMDR
[15:09:49] [209/455] VCPM
[15:09:50] 🔄 Identity reset
[15:09:50] 🔄 Identity rotated (every 10 requests)
[15:09:50] [210/455] RZMX
[15:09:50] [211/455] TMSY
[15:09:51] [212/455] NTMS
[15:09:53] [213/455] VTAG
[15:09:54] [214/455] REMA
[15:09:54] [215/455] NXCC
[15:09:55] [216/455] SKYM
[15:09:55] [217/455] CCMO
[15:09:56] [218/455] DMXM
[15:09:57] [219/455] SPPM
[15:09:58] 🔄 Identity reset
[15:09:58] 🔄 Identity rotated (every 10 requests)
[15:09:58] [220/455] PTKL
[15:09:59] [221/455] SLVO
[15:10:00] [222/455] VASL
[15:10:01] [223/455] CBCM
[15:10:02] [224/455] STMA
[15:10:03] [225/455] LASK
[15:10:04] [226/455] VITE
[15:10:05] [227/455] AAST
[15:10:06] [228/455] JTPT
[15:10:08] [229/455] RRSH
[15:10:08] 🔄 Identity reset
[15:10:08] 🔄 Identity rotated (every 10 requests)
[15:10:08] [230/455] CINL
[15:10:09] [231/455] MCSR
[15:10:10] [232/455] SBCF
[15:10:11] [233/455] GCDU
[15:10:12] [234/455] PSPR
[15:10:13] [235/455] IMMO
[15:10:14] [236/455] CLGM
[15:10:14] [237/455] PBMM
[15:10:15] [238/455] CEHR
[15:10:16] [239/455] CPOE
[15:10:17] 🔄 Identity reset
[15:10:17] 🔄 Identity rotated (every 10 requests)
[15:10:17] [240/455] PGFD
[15:10:18] [241/455] PSLC
[15:10:18] [242/455] MSMD
[15:10:19] [243/455] FMFB
[15:10:20] [244/455] RKCL
[15:10:21] [245/455] PMMC
[15:10:22] [246/455] SKMM
[15:10:22] [247/455] VOIB
[15:10:23] [248/455] KINO
[15:10:23] [249/455] VCTP
[15:10:24] 🔄 Identity reset
[15:10:24] 🔄 Identity rotated (every 10 requests)
[15:10:24] [250/455] PDWR
[15:10:25] [251/455] SAED
[15:10:26] [252/455] SRRT
[15:10:27] [253/455] CVLG
[15:10:28] [254/455] SNGN
[15:10:29] [255/455] SIDA
[15:10:30] [256/455] IMCB
[15:10:31] [257/455] SMHP
[15:10:34] [258/455] GDTY
[15:10:35] [259/455] VYCH
[15:10:36] 🔄 Identity reset
[15:10:36] 🔄 Identity rotated (every 10 requests)
[15:10:36] [260/455] PDYA
[15:10:37] [261/455] RKDO
[15:10:37] [262/455] VECG
[15:10:38] [263/455] NFGD
[15:10:38] [264/455] SNDC
[15:10:39] [265/455] SDJH
[15:10:40] [266/455] HASV
[15:10:40] [267/455] PTYK
[15:10:41] [268/455] MUTB
[15:10:41] [269/455] AMRT
[15:10:42] 🔄 Identity reset
[15:10:42] 🔄 Identity rotated (every 10 requests)
[15:10:42] [270/455] VACD
[15:10:43] [271/455] SKDD
[15:10:44] [272/455] STGR
[15:10:45] [273/455] GDAK
[15:10:46] [274/455] SKHK
[15:10:47] [275/455] SLND
[15:10:48] [276/455] APAP
[15:10:49] [277/455] AYYA
[15:10:50] [278/455] VCCZ
[15:10:51] [279/455] MEML
[15:10:52] 🔄 Identity reset
[15:10:52] 🔄 Identity rotated (every 10 requests)
[15:10:52] [280/455] MAOU
[15:10:53] [281/455] ESND
[15:10:53] [282/455] PTBZ
[15:10:54] [283/455] LBCN
[15:10:55] [284/455] PAWA
[15:10:55] [285/455] ZEIC
[15:10:56] [286/455] CGMM
[15:10:58] [287/455] PJPM
[15:10:58] [288/455] ECMR
[15:11:00] [289/455] SHMZ
[15:11:01] 🔄 Identity reset
[15:11:01] 🔄 Identity rotated (every 10 requests)
[15:11:01] [290/455] STCA
[15:11:02] [291/455] VDRC
[15:11:03] [292/455] SEEM
[15:11:04] [293/455] MKNS
[15:11:05] [294/455] KPPP
[15:11:06] [295/455] CCML
[15:11:07] [296/455] CIBA
[15:11:08] [297/455] NACS
[15:11:08] [298/455] CTMK
[15:11:09] [299/455] CTCT
[15:11:10] 🔄 Identity reset
[15:11:10] 🔄 Identity rotated (every 10 requests)
[15:11:10] [300/455] MCSN
[15:11:11] [301/455] MAXX
[15:11:12] [302/455] MECB
[15:11:13] [303/455] NTBY
[15:11:14] [304/455] UTBI
[15:11:15] [305/455] RADK
[15:11:16] [306/455] STBY
[15:11:17] [307/455] GTBY
[15:11:18] [308/455] RRMB
[15:11:19] [309/455] ABRN
[15:11:20] 🔄 Identity reset
[15:11:20] 🔄 Identity rotated (every 10 requests)
[15:11:20] [310/455] GTSG
[15:11:21] [311/455] GBTG
[15:11:22] [312/455] SBGS
[15:11:22] [313/455] KBPM
[15:11:23] [314/455] SMHT
[15:11:24] [315/455] VTDM
[15:11:25] [316/455] ASCT
[15:11:26] [317/455] AWCT
[15:11:26] [318/455] DCCU
[15:11:28] [319/455] PSCE
[15:11:28] 🔄 Identity reset
[15:11:28] 🔄 Identity rotated (every 10 requests)
[15:11:28] [320/455] KSNY
[15:11:29] [321/455] ACID
[15:11:30] [322/455] LVCD
[15:11:31] [323/455] KSSB
[15:11:32] [324/455] SWTD
[15:11:33] [325/455] RBMR
[15:11:34] [326/455] SCBC
[15:11:34] [327/455] RKME
[15:11:35] [328/455] GALX
[15:11:36] [329/455] GCCH
[15:11:37] 🔄 Identity reset
[15:11:37] 🔄 Identity rotated (every 10 requests)
[15:11:37] [330/455] RATR
[15:11:38] [331/455] GTGA
[15:11:39] [332/455] LTTR
[15:11:40] [333/455] TTAA
[15:11:41] [334/455] TVHP
[15:11:42] [335/455] KVCS
[15:11:43] [336/455] CBMC
[15:11:45] [337/455] MAYJ
[15:11:46] [338/455] INPR
[15:11:47] [339/455] RSSC
[15:11:47] 🔄 Identity reset
[15:11:47] 🔄 Identity rotated (every 10 requests)
[15:11:48] [340/455] PCAN
[15:11:49] [341/455] PVHR
[15:11:50] [342/455] AGSM
[15:11:51] [343/455] PVES
[15:11:52] [344/455] INTO
[15:11:53] [345/455] ACON
[15:11:54] [346/455] PVPZ
[15:11:55] [347/455] PVHC
[15:11:56] [348/455] KSTK
[15:11:56] [349/455] PVSR
[15:11:57] 🔄 Identity reset
[15:11:57] 🔄 Identity rotated (every 10 requests)
[15:11:57] [350/455] ACTN
[15:11:58] [351/455] FMCN
[15:11:59] [352/455] PABC
[15:11:59] [353/455] SUTC
[15:12:00] [354/455] PGMV
[15:12:01] [355/455] GKCP
[15:12:02] [356/455] INCH
[15:12:03] [357/455] MLMT
[15:12:04] [358/455] SSCC
[15:12:04] [359/455] SLMP
[15:12:05] 🔄 Identity reset
[15:12:05] 🔄 Identity rotated (every 10 requests)
[15:12:05] [360/455] VVTN
[15:12:07] [361/455] SBTR
[15:12:08] [362/455] PGRA
[15:12:09] [363/455] PBRM
[15:12:11] [364/455] GCRP
[15:12:12] [365/455] MCSK
[15:12:13] [366/455] NLTC
[15:12:14] [367/455] MTLM
[15:12:15] [368/455] VECT
[15:12:16] [369/455] KMRM
[15:12:16] 🔄 Identity reset
[15:12:16] 🔄 Identity rotated (every 10 requests)
[15:12:16] [370/455] RACM
[15:12:17] [371/455] WSTC
[15:12:18] [372/455] PVTJ
[15:12:20] [373/455] MMKC
[15:12:21] [374/455] SVWT
[15:12:22] [375/455] JOTG
[15:12:24] [376/455] VCDK
[15:12:25] [377/455] ANAC
[15:12:26] [378/455] GRTC
[15:12:27] [379/455] JTPL
[15:12:27] 🔄 Identity reset
[15:12:27] 🔄 Identity rotated (every 10 requests)
[15:12:28] [380/455] VRCP
[15:12:29] [381/455] REMC
[15:12:30] [382/455] ATMG
[15:12:31] [383/455] GAHC
[15:12:32] [384/455] JTMV
[15:12:33] [385/455] OMTT
[15:12:34] [386/455] GKKC
[15:12:34] [387/455] BBPO
[15:12:35] [388/455] ZCBB
[15:12:36] [389/455] DCGO
[15:12:37] 🔄 Identity reset
[15:12:37] 🔄 Identity rotated (every 10 requests)
[15:12:37] [390/455] STOP
[15:12:38] [391/455] BSPC
[15:12:40] [392/455] SOND
[15:12:41] [393/455] GCKG
[15:12:42] [394/455] PCDB
[15:12:43] [395/455] PGRC
[15:12:44] [396/455] CSCT
[15:12:45] [397/455] STDA
[15:12:45] [398/455] JAYD
[15:12:46] [399/455] PPPD
[15:12:47] 🔄 Identity reset
[15:12:47] 🔄 Identity rotated (every 10 requests)
[15:12:48] [400/455] KRTT
[15:12:49] [401/455] PTDT
[15:12:50] [402/455] TRSV
[15:12:51] [403/455] VELR
[15:12:53] [404/455] STDT
[15:12:53] [405/455] SATT
[15:12:54] [406/455] KCPM
[15:12:55] [407/455] MFCP
[15:12:56] [408/455] AXMP
[15:12:57] [409/455] LTVB
[15:12:57] 🔄 Identity reset
[15:12:57] 🔄 Identity rotated (every 10 requests)
[15:12:58] [410/455] APST
[15:12:59] [411/455] DTVP
[15:13:00] [412/455] AAVB
[15:13:01] [413/455] PMBL
[15:13:02] [414/455] STKC
[15:13:03] [415/455] KKMA
[15:13:04] [416/455] NMXS
[15:13:05] [417/455] DECX
[15:13:06] [418/455] MAPJ
[15:13:07] [419/455] SMLK
[15:13:07] 🔄 Identity reset
[15:13:07] 🔄 Identity rotated (every 10 requests)
[15:13:08] [420/455] PMPU
[15:13:08] [421/455] AFST
[15:13:10] [422/455] SRSY
[15:13:11] [423/455] RMKT
[15:13:12] [424/455] RAJX
[15:13:13] [425/455] UVCD
[15:13:14] [426/455] LISA
[15:13:16] [427/455] LMSR
[15:13:17] [428/455] PMCA
[15:13:17] [429/455] INPO
[15:13:18] 🔄 Identity reset
[15:13:18] 🔄 Identity rotated (every 10 requests)
[15:13:19] [430/455] INGO
[15:13:19] [431/455] HFSQ
[15:13:20] [432/455] INMG
[15:13:22] [433/455] NYCP
[15:13:23] [434/455] HFSV
[15:13:24] [435/455] MMZP
[15:13:25] [436/455] KSES
[15:13:26] [437/455] HFSA
[15:13:27] [438/455] ACMM
[15:13:29] [439/455] RCKD
[15:13:29] 🔄 Identity reset
[15:13:29] 🔄 Identity rotated (every 10 requests)
[15:13:29] [440/455] BCKR
[15:13:30] [441/455] SFCO
[15:13:31] [442/455] JCCB
[15:13:33] [443/455] BCCR
[15:13:34] [444/455] NWCB
[15:13:36] [445/455] SAMT
[15:13:37] [446/455] TMST
[15:13:37] [447/455] SJCN
[15:13:39] [448/455] MCBS
[15:13:40] [449/455] CMKR
[15:13:40] 🔄 Identity reset
[15:13:40] 🔄 Identity rotated (every 10 requests)
[15:13:41] 🔄 Retry 1/5 for CMKR in 2.9s
[15:13:41] 🔄 Identity reset
[15:13:43] 🧠 New identity created
[15:13:44] [450/455] INPM
[15:13:45] [451/455] WVMT
[15:13:46] [452/455] NYSM
[15:13:47] [453/455] RCMA
[15:13:48] [454/455] RECM
[15:13:49] [455/455] CYCM
[15:13:50] ✅ DONE | Shows=3199 | Movies=79
[16:06:34] 🚀 BMS DAILY TRACKER STARTED (enhanced anti‑detection)
[16:06:34] [1/455] MXGN
[16:06:35] 🧠 New identity created
[16:06:35] [2/455] PGGM
[16:06:36] [3/455] IPMJ
[16:06:37] [4/455] M2PP
[16:06:37] [5/455] PMMS
[16:06:38] [6/455] SCJN
[16:06:39] [7/455] CPUM
[16:06:39] [8/455] SCND
[16:06:40] [9/455] INWM
[16:06:41] [10/455] DVDC
[16:06:42] 🔄 Identity reset
[16:06:42] 🔄 Identity rotated (every 10 requests)
[16:06:42] [11/455] WVND
[16:06:43] [12/455] LBDL
[16:06:44] [13/455] CRGM
[16:06:44] [14/455] PVKS
[16:06:45] [15/455] PBLL
[16:06:46] [16/455] FNLN
[16:06:47] [17/455] PPDA
[16:06:48] [18/455] SCPT
[16:06:48] [19/455] IAJS
[16:06:49] [20/455] MMZG
[16:06:50] 🔄 Identity reset
[16:06:50] 🔄 Identity rotated (every 10 requests)
[16:06:50] 🔄 Retry 1/5 for MMZG in 2.4s
[16:06:50] 🔄 Identity reset
[16:06:52] 🧠 New identity created
[16:06:52] [21/455] MCTI
[16:06:53] [22/455] PPMF
[16:06:54] [23/455] FNSD
[16:06:55] [24/455] M2RH
[16:06:55] [25/455] CPGV
[16:06:56] [26/455] PECD
[16:06:57] [27/455] CTEE
[16:06:57] [28/455] IOMG
[16:06:58] [29/455] CIJA
[16:06:59] 🔄 Identity reset
[16:06:59] 🔄 Identity rotated (every 10 requests)
[16:06:59] [30/455] NYCG
[16:06:59] [31/455] CEST
[16:07:00] [32/455] WVRG
[16:07:01] [33/455] DPDC
[16:07:02] [34/455] PDIV
[16:07:02] [35/455] MTPP
[16:07:03] [36/455] MHNU
[16:07:04] [37/455] WUPG
[16:07:05] [38/455] USCO
[16:07:06] [39/455] INFR
[16:07:07] 🔄 Identity reset
[16:07:07] 🔄 Identity rotated (every 10 requests)
[16:07:07] [40/455] PVPD
[16:07:08] [41/455] RONC
[16:07:08] [42/455] IOCP
[16:07:09] [43/455] EMPS
[16:07:10] [44/455] PNAD
[16:07:10] [45/455] VVGZ
[16:07:11] [46/455] MDDC
[16:07:12] [47/455] MMAP
[16:07:12] [48/455] GPDC
[16:07:13] [49/455] PVPU
[16:07:14] 🔄 Identity reset
[16:07:14] 🔄 Identity rotated (every 10 requests)
[16:07:14] [50/455] DCMV
[16:07:14] [51/455] PCCF
[16:07:15] [52/455] MCEF
[16:07:16] [53/455] INRD
[16:07:16] [54/455] CCPZ
[16:07:17] [55/455] BCWG
[16:07:18] [56/455] PMGU
[16:07:18] [57/455] MCVM
[16:07:19] [58/455] MCDE
[16:07:19] [59/455] IEFM
[16:07:20] 🔄 Identity reset
[16:07:20] 🔄 Identity rotated (every 10 requests)
[16:07:20] [60/455] MXCS
[16:07:21] [61/455] RNMT
[16:07:22] [62/455] PSDD
[16:07:22] [63/455] PETA
[16:07:23] [64/455] IZOP
[16:07:24] [65/455] PDEI
[16:07:24] [66/455] MTND
[16:07:25] [67/455] PCPL
[16:07:25] [68/455] LSCM
[16:07:26] [69/455] BTFD
[16:07:27] 🔄 Identity reset
[16:07:27] 🔄 Identity rotated (every 10 requests)
[16:07:27] [70/455] MERM
[16:07:28] [71/455] PVMS
[16:07:29] [72/455] CIGK
[16:07:29] [73/455] INSG
[16:07:30] [74/455] IDEN
[16:07:31] [75/455] MCGN
[16:07:32] [76/455] IGAM
[16:07:32] [77/455] SLCU
[16:07:34] [78/455] MIMU
[16:07:34] [79/455] QLAC
[16:07:35] 🔄 Identity reset
[16:07:35] 🔄 Identity rotated (every 10 requests)
[16:07:35] [80/455] MENL
[16:07:36] [81/455] SCUR
[16:07:37] [82/455] MDGD
[16:07:38] [83/455] LSRS
[16:07:39] [84/455] KMLG
[16:07:40] [85/455] MKLJ
[16:07:40] [86/455] IBYG
[16:07:41] [87/455] ISML
[16:07:41] [88/455] MJMM
[16:07:42] [89/455] RCGD
[16:07:43] 🔄 Identity reset
[16:07:43] 🔄 Identity rotated (every 10 requests)
[16:07:43] [90/455] MMOC
[16:07:43] [91/455] RRCO
[16:07:44] [92/455] MEDM
[16:07:45] [93/455] MCAZ
[16:07:45] [94/455] STWA
[16:07:46] [95/455] PFFG
[16:07:47] [96/455] GAGC
[16:07:48] [97/455] PMPM
[16:07:49] [98/455] HVCD
[16:07:49] [99/455] AKRF
[16:07:50] 🔄 Identity reset
[16:07:50] 🔄 Identity rotated (every 10 requests)
[16:07:50] [100/455] AKRC
[16:07:50] [101/455] MIDA
[16:07:51] [102/455] MAGX
[16:07:52] [103/455] ESOS
[16:07:53] [104/455] BBCL
[16:07:53] [105/455] LYAS
[16:07:54] [106/455] NRMS
[16:07:55] [107/455] BHUC
[16:07:55] [108/455] SRIC
[16:07:56] [109/455] PDME
[16:07:57] 🔄 Identity reset
[16:07:57] 🔄 Identity rotated (every 10 requests)
[16:07:57] [110/455] MJCS
[16:07:58] [111/455] NRAA
[16:07:58] [112/455] VATA
[16:08:00] [113/455] MNKC
[16:08:01] [114/455] DHCL
[16:08:01] [115/455] JCPC
[16:08:02] [116/455] CTML
[16:08:03] [117/455] RMMR
[16:08:04] [118/455] STTL
[16:08:05] [119/455] CNPS
[16:08:05] 🔄 Identity reset
[16:08:05] 🔄 Identity rotated (every 10 requests)
[16:08:06] [120/455] ACKL
[16:08:07] [121/455] SCAU
[16:08:07] [122/455] RMIA
[16:08:08] [123/455] MANU
[16:08:09] [124/455] ARDC
[16:08:10] [125/455] GLDA
[16:08:11] [126/455] KVSW
[16:08:12] [127/455] CGCA
[16:08:12] [128/455] CMLO
[16:08:13] [129/455] CECB
[16:08:14] 🔄 Identity reset
[16:08:14] 🔄 Identity rotated (every 10 requests)
[16:08:14] [130/455] RCPN
[16:08:14] [131/455] ASMW
[16:08:15] [132/455] PWLM
[16:08:16] [133/455] ASGM
[16:08:17] [134/455] ACWH
[16:08:18] [135/455] AAPW
[16:08:19] [136/455] RTWA
[16:08:19] [137/455] RAMW
[16:08:20] [138/455] VKTR
[16:08:21] [139/455] SMBH
[16:08:22] 🔄 Identity reset
[16:08:22] 🔄 Identity rotated (every 10 requests)
[16:08:22] [140/455] BVDR
[16:08:23] [141/455] MRTP
[16:08:24] [142/455] BLBR
[16:08:25] [143/455] LPIN
[16:08:26] [144/455] SNPC
[16:08:26] [145/455] PDCB
[16:08:27] [146/455] DYPK
[16:08:28] [147/455] INMK
[16:08:28] [148/455] PDCK
[16:08:29] [149/455] PCKR
[16:08:30] 🔄 Identity reset
[16:08:30] 🔄 Identity rotated (every 10 requests)
[16:08:30] [150/455] SHUA
[16:08:30] [151/455] SCVK
[16:08:31] [152/455] STPA
[16:08:32] [153/455] WVHD
[16:08:33] [154/455] MRCH
[16:08:33] [155/455] MCNP
[16:08:34] [156/455] RCAG
[16:08:35] [157/455] JTSN
[16:08:36] [158/455] AANS
[16:08:36] [159/455] GDDR
[16:08:37] 🔄 Identity reset
[16:08:37] 🔄 Identity rotated (every 10 requests)
[16:08:37] [160/455] SRER
[16:08:38] [161/455] JKMA
[16:08:39] [162/455] ARAN
[16:08:40] [163/455] ALCT
[16:08:41] [164/455] CCTA
[16:08:42] [165/455] CNCT
[16:08:42] [166/455] NZBL
[16:08:43] [167/455] SRRA
[16:08:44] [168/455] SVPW
[16:08:44] [169/455] SRTW
[16:08:45] 🔄 Identity reset
[16:08:45] 🔄 Identity rotated (every 10 requests)
[16:08:45] [170/455] XMTD
[16:08:46] [171/455] SCCZ
[16:08:47] [172/455] PBCR
[16:08:47] [173/455] RTSC
[16:08:48] [174/455] TLSV
[16:08:49] [175/455] RMTK
[16:08:50] [176/455] SRAT
[16:08:50] [177/455] GCYC
[16:08:51] [178/455] HCAJ
[16:08:51] [179/455] LCXA
[16:08:52] 🔄 Identity reset
[16:08:52] 🔄 Identity rotated (every 10 requests)
[16:08:52] [180/455] BINT
[16:08:53] [181/455] IXIM
[16:08:54] [182/455] MBCR
[16:08:54] [183/455] BMCJ
[16:08:56] [184/455] NICJ
[16:08:56] [185/455] SCAJ
[16:08:57] [186/455] CMXS
[16:08:58] [187/455] MMSR
[16:08:59] [188/455] PRKT
[16:08:59] [189/455] LPTH
[16:09:00] 🔄 Identity reset
[16:09:00] 🔄 Identity rotated (every 10 requests)
[16:09:00] 🔄 Retry 1/5 for LPTH in 2.3s
[16:09:00] 🔄 Identity reset
[16:09:02] 🧠 New identity created
[16:09:02] [190/455] SARP
[16:09:03] [191/455] MNPP
[16:09:04] [192/455] PRLR
[16:09:04] [193/455] RCMW
[16:09:05] [194/455] FCMG
[16:09:06] [195/455] RTNK
[16:09:06] [196/455] LRCP
[16:09:07] [197/455] DBJR
[16:09:08] [198/455] CACN
[16:09:09] 🔄 Identity reset
[16:09:09] 🔄 Identity rotated (every 10 requests)
[16:09:09] [199/455] AMRL
[16:09:10] [200/455] SBBC
[16:09:10] [201/455] VENN
[16:09:11] [202/455] STSS
[16:09:12] [203/455] SMRB
[16:09:13] [204/455] CCMX
[16:09:15] [205/455] KCMR
[16:09:15] [206/455] SALH
[16:09:16] [207/455] CGTT
[16:09:18] [208/455] PMDR
[16:09:19] 🔄 Identity reset
[16:09:19] 🔄 Identity rotated (every 10 requests)
[16:09:19] [209/455] VCPM
[16:09:19] [210/455] RZMX
[16:09:20] [211/455] TMSY
[16:09:22] [212/455] NTMS
[16:09:23] [213/455] VTAG
[16:09:23] [214/455] REMA
[16:09:24] [215/455] NXCC
[16:09:25] [216/455] SKYM
[16:09:25] [217/455] CCMO
[16:09:26] [218/455] DMXM
[16:09:27] 🔄 Identity reset
[16:09:27] 🔄 Identity rotated (every 10 requests)
[16:09:27] [219/455] SPPM
[16:09:28] [220/455] PTKL
[16:09:29] [221/455] SLVO
[16:09:29] [222/455] VASL
[16:09:30] [223/455] CBCM
[16:09:31] [224/455] STMA
[16:09:32] [225/455] LASK
[16:09:32] [226/455] VITE
[16:09:33] [227/455] AAST
[16:09:34] [228/455] JTPT
[16:09:35] 🔄 Identity reset
[16:09:35] 🔄 Identity rotated (every 10 requests)
[16:09:35] [229/455] RRSH
[16:09:36] [230/455] CINL
[16:09:37] [231/455] MCSR
[16:09:37] [232/455] SBCF
[16:09:38] [233/455] GCDU
[16:09:39] [234/455] PSPR
[16:09:40] [235/455] IMMO
[16:09:40] [236/455] CLGM
[16:09:41] [237/455] PBMM
[16:09:42] [238/455] CEHR
[16:09:43] 🔄 Identity reset
[16:09:43] 🔄 Identity rotated (every 10 requests)
[16:09:43] [239/455] CPOE
[16:09:45] [240/455] PGFD
[16:09:45] [241/455] PSLC
[16:09:46] [242/455] MSMD
[16:09:47] [243/455] FMFB
[16:09:48] [244/455] RKCL
[16:09:48] [245/455] PMMC
[16:09:49] [246/455] SKMM
[16:09:50] [247/455] VOIB
[16:09:50] [248/455] KINO
[16:09:51] 🔄 Identity reset
[16:09:51] 🔄 Identity rotated (every 10 requests)
[16:09:51] [249/455] VCTP
[16:09:52] [250/455] PDWR
[16:09:52] [251/455] SAED
[16:09:53] [252/455] SRRT
[16:09:54] [253/455] CVLG
[16:09:55] [254/455] SNGN
[16:09:55] [255/455] SIDA
[16:09:56] [256/455] IMCB
[16:09:57] [257/455] SMHP
[16:09:58] [258/455] GDTY
[16:09:58] 🔄 Identity reset
[16:09:58] 🔄 Identity rotated (every 10 requests)
[16:09:59] [259/455] VYCH
[16:09:59] [260/455] PDYA
[16:10:00] [261/455] RKDO
[16:10:01] [262/455] VECG
[16:10:02] [263/455] NFGD
[16:10:03] [264/455] SNDC
[16:10:03] [265/455] SDJH
[16:10:04] [266/455] HASV
[16:10:06] [267/455] PTYK
[16:10:06] [268/455] MUTB
[16:10:07] 🔄 Identity reset
[16:10:07] 🔄 Identity rotated (every 10 requests)
[16:10:07] [269/455] AMRT
[16:10:08] [270/455] VACD
[16:10:08] [271/455] SKDD
[16:10:09] [272/455] STGR
[16:10:10] [273/455] GDAK
[16:10:11] [274/455] SKHK
[16:10:11] [275/455] SLND
[16:10:12] [276/455] APAP
[16:10:13] [277/455] AYYA
[16:10:14] [278/455] VCCZ
[16:10:14] 🔄 Identity reset
[16:10:14] 🔄 Identity rotated (every 10 requests)
[16:10:14] [279/455] MEML
[16:10:15] [280/455] MAOU
[16:10:16] [281/455] ESND
[16:10:17] [282/455] PTBZ
[16:10:17] [283/455] LBCN
[16:10:18] [284/455] PAWA
[16:10:19] [285/455] ZEIC
[16:10:20] [286/455] CGMM
[16:10:20] [287/455] PJPM
[16:10:21] [288/455] ECMR
[16:10:22] 🔄 Identity reset
[16:10:22] 🔄 Identity rotated (every 10 requests)
[16:10:22] [289/455] SHMZ
[16:10:23] [290/455] STCA
[16:10:24] [291/455] VDRC
[16:10:25] [292/455] SEEM
[16:10:25] [293/455] MKNS
[16:10:26] [294/455] KPPP
[16:10:27] [295/455] CCML
[16:10:28] [296/455] CIBA
[16:10:29] [297/455] NACS
[16:10:29] [298/455] CTMK
[16:10:30] 🔄 Identity reset
[16:10:30] 🔄 Identity rotated (every 10 requests)
[16:10:30] [299/455] CTCT
[16:10:31] [300/455] MCSN
[16:10:31] [301/455] MAXX
[16:10:32] [302/455] MECB
[16:10:33] [303/455] NTBY
[16:10:33] [304/455] UTBI
[16:10:34] [305/455] RADK
[16:10:35] [306/455] STBY
[16:10:35] [307/455] GTBY
[16:10:36] [308/455] RRMB
[16:10:37] 🔄 Identity reset
[16:10:37] 🔄 Identity rotated (every 10 requests)
[16:10:37] [309/455] ABRN
[16:10:38] [310/455] GTSG
[16:10:40] [311/455] GBTG
[16:10:41] [312/455] SBGS
[16:10:41] [313/455] KBPM
[16:10:42] [314/455] SMHT
[16:10:43] [315/455] VTDM
[16:10:44] [316/455] ASCT
[16:10:44] [317/455] AWCT
[16:10:45] [318/455] DCCU
[16:10:46] 🔄 Identity reset
[16:10:46] 🔄 Identity rotated (every 10 requests)
[16:10:46] [319/455] PSCE
[16:10:47] [320/455] KSNY
[16:10:49] [321/455] ACID
[16:10:50] [322/455] LVCD
[16:10:51] [323/455] KSSB
[16:10:52] [324/455] SWTD
[16:10:53] [325/455] RBMR
[16:10:53] [326/455] SCBC
[16:10:54] [327/455] RKME
[16:10:55] [328/455] GALX
[16:10:56] 🔄 Identity reset
[16:10:56] 🔄 Identity rotated (every 10 requests)
[16:10:56] [329/455] GCCH
[16:10:57] [330/455] RATR
[16:10:58] [331/455] GTGA
[16:10:59] [332/455] LTTR
[16:10:59] [333/455] TTAA
[16:11:00] [334/455] TVHP
[16:11:01] [335/455] KVCS
[16:11:02] [336/455] CBMC
[16:11:03] [337/455] MAYJ
[16:11:04] [338/455] INPR
[16:11:05] 🔄 Identity reset
[16:11:05] 🔄 Identity rotated (every 10 requests)
[16:11:05] [339/455] RSSC
[16:11:06] [340/455] PCAN
[16:11:07] [341/455] PVHR
[16:11:07] [342/455] AGSM
[16:11:08] [343/455] PVES
[16:11:09] [344/455] INTO
[16:11:10] [345/455] ACON
[16:11:11] [346/455] PVPZ
[16:11:11] [347/455] PVHC
[16:11:12] [348/455] KSTK
[16:11:13] 🔄 Identity reset
[16:11:13] 🔄 Identity rotated (every 10 requests)
[16:11:13] [349/455] PVSR
[16:11:14] [350/455] ACTN
[16:11:15] [351/455] FMCN
[16:11:16] [352/455] PABC
[16:11:16] [353/455] SUTC
[16:11:17] [354/455] PGMV
[16:11:18] [355/455] GKCP
[16:11:19] [356/455] INCH
[16:11:20] [357/455] MLMT
[16:11:21] [358/455] SSCC
[16:11:21] 🔄 Identity reset
[16:11:21] 🔄 Identity rotated (every 10 requests)
[16:11:22] [359/455] SLMP
[16:11:22] [360/455] VVTN
[16:11:23] [361/455] SBTR
[16:11:23] [362/455] PGRA
[16:11:24] [363/455] PBRM
[16:11:26] [364/455] GCRP
[16:11:27] [365/455] MCSK
[16:11:28] [366/455] NLTC
[16:11:29] [367/455] MTLM
[16:11:30] [368/455] VECT
[16:11:30] 🔄 Identity reset
[16:11:30] 🔄 Identity rotated (every 10 requests)
[16:11:30] 🔄 Retry 1/5 for VECT in 2.9s
[16:11:30] 🔄 Identity reset
[16:11:33] 🧠 New identity created
[16:11:34] [369/455] KMRM
[16:11:34] [370/455] RACM
[16:11:35] [371/455] WSTC
[16:11:36] [372/455] PVTJ
[16:11:36] [373/455] MMKC
[16:11:37] [374/455] SVWT
[16:11:38] [375/455] JOTG
[16:11:39] [376/455] VCDK
[16:11:39] [377/455] ANAC
[16:11:40] 🔄 Identity reset
[16:11:40] 🔄 Identity rotated (every 10 requests)
[16:11:40] [378/455] GRTC
[16:11:41] [379/455] JTPL
[16:11:42] [380/455] VRCP
[16:11:43] [381/455] REMC
[16:11:44] [382/455] ATMG
[16:11:45] [383/455] GAHC
[16:11:46] [384/455] JTMV
[16:11:47] [385/455] OMTT
[16:11:48] [386/455] GKKC
[16:11:49] [387/455] BBPO
[16:11:49] 🔄 Identity reset
[16:11:49] 🔄 Identity rotated (every 10 requests)
[16:11:49] [388/455] ZCBB
[16:11:50] [389/455] DCGO
[16:11:51] [390/455] STOP
[16:11:52] [391/455] BSPC
[16:11:52] [392/455] SOND
[16:11:53] [393/455] GCKG
[16:11:54] [394/455] PCDB
[16:11:55] [395/455] PGRC
[16:11:56] [396/455] CSCT
[16:11:57] [397/455] STDA
[16:11:58] 🔄 Identity reset
[16:11:58] 🔄 Identity rotated (every 10 requests)
[16:11:58] [398/455] JAYD
[16:11:59] [399/455] PPPD
[16:12:00] [400/455] KRTT
[16:12:01] [401/455] PTDT
[16:12:03] [402/455] TRSV
[16:12:03] [403/455] VELR
[16:12:04] [404/455] STDT
[16:12:05] [405/455] SATT
[16:12:05] [406/455] KCPM
[16:12:06] [407/455] MFCP
[16:12:07] 🔄 Identity reset
[16:12:07] 🔄 Identity rotated (every 10 requests)
[16:12:07] 🔄 Retry 1/5 for MFCP in 2.4s
[16:12:07] 🔄 Identity reset
[16:12:09] 🧠 New identity created
[16:12:10] [408/455] AXMP
[16:12:11] [409/455] LTVB
[16:12:13] [410/455] APST
[16:12:13] [411/455] DTVP
[16:12:15] [412/455] AAVB
[16:12:16] [413/455] PMBL
[16:12:17] [414/455] STKC
[16:12:18] [415/455] KKMA
[16:12:19] [416/455] NMXS
[16:12:19] 🔄 Identity reset
[16:12:19] 🔄 Identity rotated (every 10 requests)
[16:12:20] [417/455] DECX
[16:12:21] [418/455] MAPJ
[16:12:22] [419/455] SMLK
[16:12:22] [420/455] PMPU
[16:12:23] [421/455] AFST
[16:12:24] [422/455] SRSY
[16:12:26] [423/455] RMKT
[16:12:28] [424/455] RAJX
[16:12:29] [425/455] UVCD
[16:12:29] [426/455] LISA
[16:12:30] 🔄 Identity reset
[16:12:30] 🔄 Identity rotated (every 10 requests)
[16:12:31] [427/455] LMSR
[16:12:32] [428/455] PMCA
[16:12:33] [429/455] INPO
[16:12:34] [430/455] INGO
[16:12:35] [431/455] HFSQ
[16:12:36] [432/455] INMG
[16:12:37] [433/455] NYCP
[16:12:38] [434/455] HFSV
[16:12:39] [435/455] MMZP
[16:12:39] [436/455] KSES
[16:12:40] 🔄 Identity reset
[16:12:40] 🔄 Identity rotated (every 10 requests)
[16:12:41] [437/455] HFSA
[16:12:42] [438/455] ACMM
[16:12:42] [439/455] RCKD
[16:12:43] [440/455] BCKR
[16:12:44] [441/455] SFCO
[16:12:45] [442/455] JCCB
[16:12:46] [443/455] BCCR
[16:12:47] [444/455] NWCB
[16:12:48] [445/455] SAMT
[16:12:50] [446/455] TMST
[16:12:50] 🔄 Identity reset
[16:12:50] 🔄 Identity rotated (every 10 requests)
[16:12:51] [447/455] SJCN
[16:12:51] [448/455] MCBS
[16:12:52] [449/455] CMKR
[16:12:53] [450/455] INPM
[16:12:54] [451/455] WVMT
[16:12:55] [452/455] NYSM
[16:12:55] [453/455] RCMA
[16:12:56] [454/455] RECM
[16:12:57] [455/455] CYCM
[16:12:58] ✅ DONE | Shows=3636 | Movies=81
[17:07:12] 🚀 BMS DAILY TRACKER STARTED (enhanced anti‑detection)
[17:07:12] [1/455] MXGN
[17:07:12] 🧠 New identity created
[17:07:12] [2/455] PGGM
[17:07:13] [3/455] IPMJ
[17:07:13] [4/455] M2PP
[17:07:14] [5/455] PMMS
[17:07:15] [6/455] SCJN
[17:07:16] [7/455] CPUM
[17:07:16] [8/455] SCND
[17:07:17] [9/455] INWM
[17:07:18] [10/455] DVDC
[17:07:18] 🔄 Identity reset
[17:07:18] 🔄 Identity rotated (every 10 requests)
[17:07:18] [11/455] WVND
[17:07:19] [12/455] LBDL
[17:07:20] [13/455] CRGM
[17:07:21] [14/455] PVKS
[17:07:22] [15/455] PBLL
[17:07:22] [16/455] FNLN
[17:07:23] [17/455] PPDA
[17:07:23] [18/455] SCPT
[17:07:24] [19/455] IAJS
[17:07:25] [20/455] MMZG
[17:07:25] 🔄 Identity reset
[17:07:25] 🔄 Identity rotated (every 10 requests)
[17:07:25] [21/455] MCTI
[17:07:26] [22/455] PPMF
[17:07:27] [23/455] FNSD
[17:07:27] [24/455] M2RH
[17:07:28] [25/455] CPGV
[17:07:28] [26/455] PECD
[17:07:29] [27/455] CTEE
[17:07:30] [28/455] IOMG
[17:07:31] [29/455] CIJA
[17:07:31] [30/455] NYCG
[17:07:32] 🔄 Identity reset
[17:07:32] 🔄 Identity rotated (every 10 requests)
[17:07:32] [31/455] CEST
[17:07:32] [32/455] WVRG
[17:07:33] [33/455] DPDC
[17:07:34] [34/455] PDIV
[17:07:34] [35/455] MTPP
[17:07:35] [36/455] MHNU
[17:07:36] [37/455] WUPG
[17:07:37] [38/455] USCO
[17:07:37] [39/455] INFR
[17:07:38] [40/455] PVPD
[17:07:39] 🔄 Identity reset
[17:07:39] 🔄 Identity rotated (every 10 requests)
[17:07:39] [41/455] RONC
[17:07:39] [42/455] IOCP
[17:07:40] [43/455] EMPS
[17:07:40] [44/455] PNAD
[17:07:41] [45/455] VVGZ
[17:07:42] [46/455] MDDC
[17:07:42] [47/455] MMAP
[17:07:43] [48/455] GPDC
[17:07:44] [49/455] PVPU
[17:07:44] [50/455] DCMV
[17:07:45] 🔄 Identity reset
[17:07:45] 🔄 Identity rotated (every 10 requests)
[17:07:45] [51/455] PCCF
[17:07:46] [52/455] MCEF
[17:07:46] [53/455] INRD
[17:07:47] [54/455] CCPZ
[17:07:48] [55/455] BCWG
[17:07:48] [56/455] PMGU
[17:07:49] [57/455] MCVM
[17:07:50] [58/455] MCDE
[17:07:50] [59/455] IEFM
[17:07:51] [60/455] MXCS
[17:07:52] 🔄 Identity reset
[17:07:52] 🔄 Identity rotated (every 10 requests)
[17:07:52] [61/455] RNMT
[17:07:52] [62/455] PSDD
[17:07:53] [63/455] PETA
[17:07:54] [64/455] IZOP
[17:07:54] [65/455] PDEI
[17:07:55] [66/455] MTND
[17:07:55] [67/455] PCPL
[17:07:56] [68/455] LSCM
[17:07:56] [69/455] BTFD
[17:07:57] [70/455] MERM
[17:07:58] 🔄 Identity reset
[17:07:58] 🔄 Identity rotated (every 10 requests)
[17:07:58] [71/455] PVMS
[17:07:58] [72/455] CIGK
[17:07:59] [73/455] INSG
[17:07:59] [74/455] IDEN
[17:08:00] [75/455] MCGN
[17:08:01] [76/455] IGAM
[17:08:01] [77/455] SLCU
[17:08:03] [78/455] MIMU
[17:08:03] [79/455] QLAC
[17:08:04] [80/455] MENL
[17:08:05] 🔄 Identity reset
[17:08:05] 🔄 Identity rotated (every 10 requests)
[17:08:05] [81/455] SCUR
[17:08:06] [82/455] MDGD
[17:08:07] [83/455] LSRS
[17:08:08] [84/455] KMLG
[17:08:09] [85/455] MKLJ
[17:08:09] [86/455] IBYG
[17:08:10] [87/455] ISML
[17:08:11] [88/455] MJMM
[17:08:12] [89/455] RCGD
[17:08:12] [90/455] MMOC
[17:08:13] 🔄 Identity reset
[17:08:13] 🔄 Identity rotated (every 10 requests)
[17:08:13] [91/455] RRCO
[17:08:14] [92/455] MEDM
[17:08:15] [93/455] MCAZ
[17:08:15] [94/455] STWA
[17:08:16] [95/455] PFFG
[17:08:17] [96/455] GAGC
[17:08:18] [97/455] PMPM
[17:08:18] [98/455] HVCD
[17:08:19] [99/455] AKRF
[17:08:20] [100/455] AKRC
[17:08:21] 🔄 Identity reset
[17:08:21] 🔄 Identity rotated (every 10 requests)
[17:08:21] [101/455] MIDA
[17:08:22] [102/455] MAGX
[17:08:22] [103/455] ESOS
[17:08:23] [104/455] BBCL
[17:08:23] [105/455] LYAS
[17:08:24] [106/455] NRMS
[17:08:25] [107/455] BHUC
[17:08:25] [108/455] SRIC
[17:08:26] [109/455] PDME
[17:08:26] [110/455] MJCS
[17:08:27] 🔄 Identity reset
[17:08:27] 🔄 Identity rotated (every 10 requests)
[17:08:27] [111/455] NRAA
[17:08:27] [112/455] VATA
[17:08:28] [113/455] MNKC
[17:08:29] [114/455] DHCL
[17:08:29] [115/455] JCPC
[17:08:30] [116/455] CTML
[17:08:31] [117/455] RMMR
[17:08:31] [118/455] STTL
[17:08:32] [119/455] CNPS
[17:08:33] [120/455] ACKL
[17:08:34] 🔄 Identity reset
[17:08:34] 🔄 Identity rotated (every 10 requests)
[17:08:34] [121/455] SCAU
[17:08:35] [122/455] RMIA
[17:08:35] [123/455] MANU
[17:08:36] [124/455] ARDC
[17:08:37] [125/455] GLDA
[17:08:38] [126/455] KVSW
[17:08:39] [127/455] CGCA
[17:08:39] [128/455] CMLO
[17:08:40] [129/455] CECB
[17:08:42] [130/455] RCPN
[17:08:42] 🔄 Identity reset
[17:08:42] 🔄 Identity rotated (every 10 requests)
[17:08:42] [131/455] ASMW
[17:08:43] [132/455] PWLM
[17:08:44] [133/455] ASGM
[17:08:45] [134/455] ACWH
[17:08:46] [135/455] AAPW
[17:08:47] [136/455] RTWA
[17:08:48] [137/455] RAMW
[17:08:49] [138/455] VKTR
[17:08:50] [139/455] SMBH
[17:08:50] [140/455] BVDR
[17:08:51] 🔄 Identity reset
[17:08:51] 🔄 Identity rotated (every 10 requests)
[17:08:51] 🔄 Retry 1/5 for BVDR in 2.6s
[17:08:51] 🔄 Identity reset
[17:08:53] 🧠 New identity created
[17:08:54] [141/455] MRTP
[17:08:55] [142/455] BLBR
[17:08:56] [143/455] LPIN
[17:08:57] [144/455] SNPC
[17:08:57] [145/455] PDCB
[17:08:58] [146/455] DYPK
[17:08:58] [147/455] INMK
[17:08:59] [148/455] PDCK
[17:09:00] [149/455] PCKR
[17:09:00] 🔄 Identity reset
[17:09:00] 🔄 Identity rotated (every 10 requests)
[17:09:00] [150/455] SHUA
[17:09:01] [151/455] SCVK
[17:09:02] [152/455] STPA
[17:09:02] [153/455] WVHD
[17:09:03] [154/455] MRCH
[17:09:03] [155/455] MCNP
[17:09:04] [156/455] RCAG
[17:09:05] [157/455] JTSN
[17:09:05] [158/455] AANS
[17:09:06] [159/455] GDDR
[17:09:07] 🔄 Identity reset
[17:09:07] 🔄 Identity rotated (every 10 requests)
[17:09:07] [160/455] SRER
[17:09:08] [161/455] JKMA
[17:09:09] [162/455] ARAN
[17:09:09] [163/455] ALCT
[17:09:10] [164/455] CCTA
[17:09:11] [165/455] CNCT
[17:09:12] [166/455] NZBL
[17:09:13] [167/455] SRRA
[17:09:13] [168/455] SVPW
[17:09:14] [169/455] SRTW
[17:09:14] 🔄 Identity reset
[17:09:14] 🔄 Identity rotated (every 10 requests)
[17:09:15] [170/455] XMTD
[17:09:15] [171/455] SCCZ
[17:09:16] [172/455] PBCR
[17:09:16] [173/455] RTSC
[17:09:17] [174/455] TLSV
[17:09:18] [175/455] RMTK
[17:09:18] [176/455] SRAT
[17:09:19] [177/455] GCYC
[17:09:19] [178/455] HCAJ
[17:09:20] [179/455] LCXA
[17:09:21] 🔄 Identity reset
[17:09:21] 🔄 Identity rotated (every 10 requests)
[17:09:21] [180/455] BINT
[17:09:22] [181/455] IXIM
[17:09:22] [182/455] MBCR
[17:09:23] [183/455] BMCJ
[17:09:24] [184/455] NICJ
[17:09:24] [185/455] SCAJ
[17:09:25] [186/455] CMXS
[17:09:26] [187/455] MMSR
[17:09:28] [188/455] PRKT
[17:09:28] [189/455] LPTH
[17:09:29] 🔄 Identity reset
[17:09:29] 🔄 Identity rotated (every 10 requests)
[17:09:29] [190/455] SARP
[17:09:30] [191/455] MNPP
[17:09:30] [192/455] PRLR
[17:09:31] [193/455] RCMW
[17:09:31] [194/455] FCMG
[17:09:32] [195/455] RTNK
[17:09:33] [196/455] LRCP
[17:09:34] [197/455] DBJR
[17:09:35] [198/455] CACN
[17:09:36] [199/455] AMRL
[17:09:36] 🔄 Identity reset
[17:09:36] 🔄 Identity rotated (every 10 requests)
[17:09:36] [200/455] SBBC
[17:09:37] [201/455] VENN
[17:09:38] [202/455] STSS
[17:09:38] [203/455] SMRB
[17:09:39] [204/455] CCMX
[17:09:40] [205/455] KCMR
[17:09:41] [206/455] SALH
[17:09:42] [207/455] CGTT
[17:09:42] [208/455] PMDR
[17:09:43] [209/455] VCPM
[17:09:43] 🔄 Identity reset
[17:09:44] 🔄 Identity rotated (every 10 requests)
[17:09:44] [210/455] RZMX
[17:09:44] [211/455] TMSY
[17:09:45] [212/455] NTMS
[17:09:46] [213/455] VTAG
[17:09:47] [214/455] REMA
[17:09:47] [215/455] NXCC
[17:09:48] [216/455] SKYM
[17:09:49] [217/455] CCMO
[17:09:49] [218/455] DMXM
[17:09:50] [219/455] SPPM
[17:09:51] 🔄 Identity reset
[17:09:51] 🔄 Identity rotated (every 10 requests)
[17:09:51] 🔄 Retry 1/5 for SPPM in 2.2s
[17:09:51] 🔄 Identity reset
[17:09:53] 🧠 New identity created
[17:09:53] [220/455] PTKL
[17:09:54] [221/455] SLVO
[17:09:55] [222/455] VASL
[17:09:55] [223/455] CBCM
[17:09:56] [224/455] STMA
[17:09:57] [225/455] LASK
[17:09:58] [226/455] VITE
[17:09:58] [227/455] AAST
[17:09:59] [228/455] JTPT
[17:10:00] 🔄 Identity reset
[17:10:00] 🔄 Identity rotated (every 10 requests)
[17:10:00] [229/455] RRSH
[17:10:01] [230/455] CINL
[17:10:02] [231/455] MCSR
[17:10:02] [232/455] SBCF
[17:10:03] [233/455] GCDU
[17:10:04] [234/455] PSPR
[17:10:05] [235/455] IMMO
[17:10:06] [236/455] CLGM
[17:10:06] [237/455] PBMM
[17:10:07] [238/455] CEHR
[17:10:07] 🔄 Identity reset
[17:10:07] 🔄 Identity rotated (every 10 requests)
[17:10:08] [239/455] CPOE
[17:10:09] [240/455] PGFD
[17:10:10] [241/455] PSLC
[17:10:10] [242/455] MSMD
[17:10:11] [243/455] FMFB
[17:10:12] [244/455] RKCL
[17:10:12] [245/455] PMMC
[17:10:13] [246/455] SKMM
[17:10:13] [247/455] VOIB
[17:10:14] [248/455] KINO
[17:10:15] 🔄 Identity reset
[17:10:15] 🔄 Identity rotated (every 10 requests)
[17:10:15] [249/455] VCTP
[17:10:15] [250/455] PDWR
[17:10:16] [251/455] SAED
[17:10:17] [252/455] SRRT
[17:10:17] [253/455] CVLG
[17:10:18] [254/455] SNGN
[17:10:19] [255/455] SIDA
[17:10:19] [256/455] IMCB
[17:10:20] [257/455] SMHP
[17:10:21] [258/455] GDTY
[17:10:22] 🔄 Identity reset
[17:10:22] 🔄 Identity rotated (every 10 requests)
[17:10:22] [259/455] VYCH
[17:10:23] [260/455] PDYA
[17:10:23] [261/455] RKDO
[17:10:24] [262/455] VECG
[17:10:24] [263/455] NFGD
[17:10:25] [264/455] SNDC
[17:10:25] [265/455] SDJH
[17:10:26] [266/455] HASV
[17:10:27] [267/455] PTYK
[17:10:28] [268/455] MUTB
[17:10:29] 🔄 Identity reset
[17:10:29] 🔄 Identity rotated (every 10 requests)
[17:10:29] [269/455] AMRT
[17:10:30] [270/455] VACD
[17:10:31] [271/455] SKDD
[17:10:32] [272/455] STGR
[17:10:32] [273/455] GDAK
[17:10:33] [274/455] SKHK
[17:10:34] [275/455] SLND
[17:10:35] [276/455] APAP
[17:10:36] [277/455] AYYA
[17:10:37] [278/455] VCCZ
[17:10:37] 🔄 Identity reset
[17:10:37] 🔄 Identity rotated (every 10 requests)
[17:10:37] [279/455] MEML
[17:10:38] [280/455] MAOU
[17:10:38] [281/455] ESND
[17:10:39] [282/455] PTBZ
[17:10:40] [283/455] LBCN
[17:10:41] [284/455] PAWA
[17:10:41] [285/455] ZEIC
[17:10:42] [286/455] CGMM
[17:10:43] [287/455] PJPM
[17:10:43] [288/455] ECMR
[17:10:44] 🔄 Identity reset
[17:10:44] 🔄 Identity rotated (every 10 requests)
[17:10:44] [289/455] SHMZ
[17:10:45] [290/455] STCA
[17:10:46] [291/455] VDRC
[17:10:46] [292/455] SEEM
[17:10:47] [293/455] MKNS
[17:10:48] [294/455] KPPP
[17:10:48] [295/455] CCML
[17:10:50] [296/455] CIBA
[17:10:51] [297/455] NACS
[17:10:51] [298/455] CTMK
[17:10:52] 🔄 Identity reset
[17:10:52] 🔄 Identity rotated (every 10 requests)
[17:10:52] [299/455] CTCT
[17:10:53] [300/455] MCSN
[17:10:53] [301/455] MAXX
[17:10:54] [302/455] MECB
[17:10:55] [303/455] NTBY
[17:10:56] [304/455] UTBI
[17:10:56] [305/455] RADK
[17:10:57] [306/455] STBY
[17:10:58] [307/455] GTBY
[17:10:59] [308/455] RRMB
[17:10:59] 🔄 Identity reset
[17:10:59] 🔄 Identity rotated (every 10 requests)
[17:11:00] [309/455] ABRN
[17:11:01] [310/455] GTSG
[17:11:02] [311/455] GBTG
[17:11:02] [312/455] SBGS
[17:11:03] [313/455] KBPM
[17:11:04] [314/455] SMHT
[17:11:04] [315/455] VTDM
[17:11:06] [316/455] ASCT
[17:11:07] [317/455] AWCT
[17:11:08] [318/455] DCCU
[17:11:09] 🔄 Identity reset
[17:11:09] 🔄 Identity rotated (every 10 requests)
[17:11:09] [319/455] PSCE
[17:11:10] [320/455] KSNY
[17:11:11] [321/455] ACID
[17:11:12] [322/455] LVCD
[17:11:13] [323/455] KSSB
[17:11:14] [324/455] SWTD
[17:11:15] [325/455] RBMR
[17:11:15] [326/455] SCBC
[17:11:16] [327/455] RKME
[17:11:17] [328/455] GALX
[17:11:18] 🔄 Identity reset
[17:11:18] 🔄 Identity rotated (every 10 requests)
[17:11:18] 🔄 Retry 1/5 for GALX in 2.7s
[17:11:18] 🔄 Identity reset
[17:11:20] 🧠 New identity created
[17:11:21] [329/455] GCCH
[17:11:22] [330/455] RATR
[17:11:22] [331/455] GTGA
[17:11:23] [332/455] LTTR
[17:11:24] [333/455] TTAA
[17:11:26] [334/455] TVHP
[17:11:26] [335/455] KVCS
[17:11:27] [336/455] CBMC
[17:11:28] [337/455] MAYJ
[17:11:29] 🔄 Identity reset
[17:11:29] 🔄 Identity rotated (every 10 requests)
[17:11:29] [338/455] INPR
[17:11:30] [339/455] RSSC
[17:11:31] [340/455] PCAN
[17:11:31] [341/455] PVHR
[17:11:32] [342/455] AGSM
[17:11:33] [343/455] PVES
[17:11:33] [344/455] INTO
[17:11:34] [345/455] ACON
[17:11:35] [346/455] PVPZ
[17:11:36] [347/455] PVHC
[17:11:36] 🔄 Identity reset
[17:11:36] 🔄 Identity rotated (every 10 requests)
[17:11:37] [348/455] KSTK
[17:11:38] [349/455] PVSR
[17:11:38] [350/455] ACTN
[17:11:39] [351/455] FMCN
[17:11:40] [352/455] PABC
[17:11:41] [353/455] SUTC
[17:11:42] [354/455] PGMV
[17:11:42] [355/455] GKCP
[17:11:43] [356/455] INCH
[17:11:44] [357/455] MLMT
[17:11:45] 🔄 Identity reset
[17:11:45] 🔄 Identity rotated (every 10 requests)
[17:11:45] [358/455] SSCC
[17:11:46] [359/455] SLMP
[17:11:46] [360/455] VVTN
[17:11:47] [361/455] SBTR
[17:11:48] [362/455] PGRA
[17:11:48] [363/455] PBRM
[17:11:49] [364/455] GCRP
[17:11:50] [365/455] MCSK
[17:11:51] [366/455] NLTC
[17:11:52] [367/455] MTLM
[17:11:53] 🔄 Identity reset
[17:11:53] 🔄 Identity rotated (every 10 requests)
[17:11:53] [368/455] VECT
[17:11:54] [369/455] KMRM
[17:11:55] [370/455] RACM
[17:11:56] [371/455] WSTC
[17:11:56] [372/455] PVTJ
[17:11:57] [373/455] MMKC
[17:11:58] [374/455] SVWT
[17:11:59] [375/455] JOTG
[17:11:59] [376/455] VCDK
[17:12:00] [377/455] ANAC
[17:12:01] 🔄 Identity reset
[17:12:01] 🔄 Identity rotated (every 10 requests)
[17:12:01] [378/455] GRTC
[17:12:02] [379/455] JTPL
[17:12:03] [380/455] VRCP
[17:12:04] [381/455] REMC
[17:12:04] [382/455] ATMG
[17:12:05] [383/455] GAHC
[17:12:06] [384/455] JTMV
[17:12:07] [385/455] OMTT
[17:12:08] [386/455] GKKC
[17:12:09] [387/455] BBPO
[17:12:10] 🔄 Identity reset
[17:12:10] 🔄 Identity rotated (every 10 requests)
[17:12:10] [388/455] ZCBB
[17:12:10] [389/455] DCGO
[17:12:11] [390/455] STOP
[17:12:12] [391/455] BSPC
[17:12:13] [392/455] SOND
[17:12:14] [393/455] GCKG
[17:12:14] [394/455] PCDB
[17:12:15] [395/455] PGRC
[17:12:16] [396/455] CSCT
[17:12:17] [397/455] STDA
[17:12:18] 🔄 Identity reset
[17:12:18] 🔄 Identity rotated (every 10 requests)
[17:12:18] [398/455] JAYD
[17:12:19] [399/455] PPPD
[17:12:20] [400/455] KRTT
[17:12:21] [401/455] PTDT
[17:12:21] [402/455] TRSV
[17:12:22] [403/455] VELR
[17:12:23] [404/455] STDT
[17:12:24] [405/455] SATT
[17:12:24] [406/455] KCPM
[17:12:25] [407/455] MFCP
[17:12:26] 🔄 Identity reset
[17:12:26] 🔄 Identity rotated (every 10 requests)
[17:12:26] [408/455] AXMP
[17:12:27] [409/455] LTVB
[17:12:28] [410/455] APST
[17:12:29] [411/455] DTVP
[17:12:30] [412/455] AAVB
[17:12:31] [413/455] PMBL
[17:12:31] [414/455] STKC
[17:12:32] [415/455] KKMA
[17:12:33] [416/455] NMXS
[17:12:34] [417/455] DECX
[17:12:35] 🔄 Identity reset
[17:12:35] 🔄 Identity rotated (every 10 requests)
[17:12:35] 🔄 Retry 1/5 for DECX in 2.1s
[17:12:35] 🔄 Identity reset
[17:12:37] 🧠 New identity created
[17:12:37] [418/455] MAPJ
[17:12:39] [419/455] SMLK
[17:12:39] [420/455] PMPU
[17:12:40] [421/455] AFST
[17:12:41] [422/455] SRSY
[17:12:42] [423/455] RMKT
[17:12:43] [424/455] RAJX
[17:12:44] [425/455] UVCD
[17:12:45] [426/455] LISA
[17:12:45] 🔄 Identity reset
[17:12:45] 🔄 Identity rotated (every 10 requests)
[17:12:46] [427/455] LMSR
[17:12:47] [428/455] PMCA
[17:12:48] [429/455] INPO
[17:12:49] [430/455] INGO
[17:12:50] [431/455] HFSQ
[17:12:51] [432/455] INMG
[17:12:52] [433/455] NYCP
[17:12:52] [434/455] HFSV
[17:12:53] [435/455] MMZP
[17:12:54] [436/455] KSES
[17:12:54] 🔄 Identity reset
[17:12:54] 🔄 Identity rotated (every 10 requests)
[17:12:55] [437/455] HFSA
[17:12:56] [438/455] ACMM
[17:12:57] [439/455] RCKD
[17:12:57] [440/455] BCKR
[17:12:58] [441/455] SFCO
[17:12:59] [442/455] JCCB
[17:13:00] [443/455] BCCR
[17:13:01] [444/455] NWCB
[17:13:02] [445/455] SAMT
[17:13:04] [446/455] TMST
[17:13:04] 🔄 Identity reset
[17:13:04] 🔄 Identity rotated (every 10 requests)
[17:13:04] [447/455] SJCN
[17:13:05] [448/455] MCBS
[17:13:06] [449/455] CMKR
[17:13:07] [450/455] INPM
[17:13:08] [451/455] WVMT
[17:13:08] [452/455] NYSM
[17:13:10] [453/455] RCMA
[17:13:11] [454/455] RECM
[17:13:12] [455/455] CYCM
[17:13:13] ✅ DONE | Shows=3862 | Movies=82
[18:06:57] 🚀 BMS DAILY TRACKER STARTED (enhanced anti‑detection)
[18:06:57] [1/455] MXGN
[18:06:58] 🧠 New identity created
[18:06:58] [2/455] PGGM
[18:06:59] [3/455] IPMJ
[18:07:00] [4/455] M2PP
[18:07:00] [5/455] PMMS
[18:07:01] [6/455] SCJN
[18:07:02] [7/455] CPUM
[18:07:03] [8/455] SCND
[18:07:03] [9/455] INWM
[18:07:04] [10/455] DVDC
[18:07:05] 🔄 Identity reset
[18:07:05] 🔄 Identity rotated (every 10 requests)
[18:07:05] [11/455] WVND
[18:07:06] [12/455] LBDL
[18:07:06] [13/455] CRGM
[18:07:07] [14/455] PVKS
[18:07:08] [15/455] PBLL
[18:07:09] [16/455] FNLN
[18:07:09] [17/455] PPDA
[18:07:10] [18/455] SCPT
[18:07:11] [19/455] IAJS
[18:07:11] [20/455] MMZG
[18:07:12] 🔄 Identity reset
[18:07:12] 🔄 Identity rotated (every 10 requests)
[18:07:12] [21/455] MCTI
[18:07:13] [22/455] PPMF
[18:07:13] [23/455] FNSD
[18:07:14] [24/455] M2RH
[18:07:15] [25/455] CPGV
[18:07:15] [26/455] PECD
[18:07:16] [27/455] CTEE
[18:07:17] [28/455] IOMG
[18:07:18] [29/455] CIJA
[18:07:18] [30/455] NYCG
[18:07:19] 🔄 Identity reset
[18:07:19] 🔄 Identity rotated (every 10 requests)
[18:07:19] [31/455] CEST
[18:07:20] [32/455] WVRG
[18:07:21] [33/455] DPDC
[18:07:22] [34/455] PDIV
[18:07:22] [35/455] MTPP
[18:07:23] [36/455] MHNU
[18:07:24] [37/455] WUPG
[18:07:25] [38/455] USCO
[18:07:25] [39/455] INFR
[18:07:26] [40/455] PVPD
[18:07:27] 🔄 Identity reset
[18:07:27] 🔄 Identity rotated (every 10 requests)
[18:07:27] [41/455] RONC
[18:07:28] [42/455] IOCP
[18:07:28] [43/455] EMPS
[18:07:29] [44/455] PNAD
[18:07:29] [45/455] VVGZ
[18:07:30] [46/455] MDDC
[18:07:31] [47/455] MMAP
[18:07:31] [48/455] GPDC
[18:07:32] [49/455] PVPU
[18:07:33] [50/455] DCMV
[18:07:34] 🔄 Identity reset
[18:07:34] 🔄 Identity rotated (every 10 requests)
[18:07:34] [51/455] PCCF
[18:07:34] [52/455] MCEF
[18:07:35] [53/455] INRD
[18:07:36] [54/455] CCPZ
[18:07:36] [55/455] BCWG
[18:07:37] [56/455] PMGU
[18:07:38] [57/455] MCVM
[18:07:39] [58/455] MCDE
[18:07:39] [59/455] IEFM
[18:07:40] [60/455] MXCS
[18:07:41] 🔄 Identity reset
[18:07:41] 🔄 Identity rotated (every 10 requests)
[18:07:41] [61/455] RNMT
[18:07:42] [62/455] PSDD
[18:07:42] [63/455] PETA
[18:07:43] [64/455] IZOP
[18:07:44] [65/455] PDEI
[18:07:45] [66/455] MTND
[18:07:45] [67/455] PCPL
[18:07:46] [68/455] LSCM
[18:07:46] [69/455] BTFD
[18:07:47] [70/455] MERM
[18:07:48] 🔄 Identity reset
[18:07:48] 🔄 Identity rotated (every 10 requests)
[18:07:48] [71/455] PVMS
[18:07:49] [72/455] CIGK
[18:07:49] [73/455] INSG
[18:07:50] [74/455] IDEN
[18:07:51] [75/455] MCGN
[18:07:51] [76/455] IGAM
[18:07:52] [77/455] SLCU
[18:07:53] [78/455] MIMU
[18:07:54] [79/455] QLAC
[18:07:54] [80/455] MENL
[18:07:55] 🔄 Identity reset
[18:07:55] 🔄 Identity rotated (every 10 requests)
[18:07:55] [81/455] SCUR
[18:07:55] [82/455] MDGD
[18:07:56] [83/455] LSRS
[18:07:57] [84/455] KMLG
[18:07:58] [85/455] MKLJ
[18:07:59] [86/455] IBYG
[18:07:59] [87/455] ISML
[18:08:00] [88/455] MJMM
[18:08:01] [89/455] RCGD
[18:08:02] [90/455] MMOC
[18:08:02] 🔄 Identity reset
[18:08:02] 🔄 Identity rotated (every 10 requests)
[18:08:02] [91/455] RRCO
[18:08:03] [92/455] MEDM
[18:08:04] [93/455] MCAZ
[18:08:04] [94/455] STWA
[18:08:05] [95/455] PFFG
[18:08:06] [96/455] GAGC
[18:08:07] [97/455] PMPM
[18:08:07] [98/455] HVCD
[18:08:08] [99/455] AKRF
[18:08:09] [100/455] AKRC
[18:08:10] 🔄 Identity reset
[18:08:10] 🔄 Identity rotated (every 10 requests)
[18:08:10] [101/455] MIDA
[18:08:11] [102/455] MAGX
[18:08:11] [103/455] ESOS
[18:08:12] [104/455] BBCL
[18:08:13] [105/455] LYAS
[18:08:13] [106/455] NRMS
[18:08:14] [107/455] BHUC
[18:08:15] [108/455] SRIC
[18:08:15] [109/455] PDME
[18:08:16] [110/455] MJCS
[18:08:16] 🔄 Identity reset
[18:08:16] 🔄 Identity rotated (every 10 requests)
[18:08:17] [111/455] NRAA
[18:08:17] [112/455] VATA
[18:08:18] [113/455] MNKC
[18:08:19] [114/455] DHCL
[18:08:20] [115/455] JCPC
[18:08:20] [116/455] CTML
[18:08:21] [117/455] RMMR
[18:08:22] [118/455] STTL
[18:08:23] [119/455] CNPS
[18:08:23] [120/455] ACKL
[18:08:24] 🔄 Identity reset
[18:08:24] 🔄 Identity rotated (every 10 requests)
[18:08:24] [121/455] SCAU
[18:08:25] [122/455] RMIA
[18:08:26] [123/455] MANU
[18:08:27] [124/455] ARDC
[18:08:28] [125/455] GLDA
[18:08:28] [126/455] KVSW
[18:08:29] [127/455] CGCA
[18:08:30] [128/455] CMLO
[18:08:30] [129/455] CECB
[18:08:31] [130/455] RCPN
[18:08:32] 🔄 Identity reset
[18:08:32] 🔄 Identity rotated (every 10 requests)
[18:08:32] [131/455] ASMW
[18:08:33] [132/455] PWLM
[18:08:34] [133/455] ASGM
[18:08:35] [134/455] ACWH
[18:08:36] [135/455] AAPW
[18:08:37] [136/455] RTWA
[18:08:37] [137/455] RAMW
[18:08:38] [138/455] VKTR
[18:08:39] [139/455] SMBH
[18:08:40] [140/455] BVDR
[18:08:40] 🔄 Identity reset
[18:08:40] 🔄 Identity rotated (every 10 requests)
[18:08:41] [141/455] MRTP
[18:08:42] [142/455] BLBR
[18:08:43] [143/455] LPIN
[18:08:43] [144/455] SNPC
[18:08:44] [145/455] PDCB
[18:08:45] [146/455] DYPK
[18:08:46] [147/455] INMK
[18:08:46] [148/455] PDCK
[18:08:47] [149/455] PCKR
[18:08:48] [150/455] SHUA
[18:08:48] 🔄 Identity reset
[18:08:48] 🔄 Identity rotated (every 10 requests)
[18:08:48] [151/455] SCVK
[18:08:49] [152/455] STPA
[18:08:50] [153/455] WVHD
[18:08:51] [154/455] MRCH
[18:08:51] [155/455] MCNP
[18:08:52] [156/455] RCAG
[18:08:53] [157/455] JTSN
[18:08:53] [158/455] AANS
[18:08:54] [159/455] GDDR
[18:08:55] [160/455] SRER
[18:08:56] 🔄 Identity reset
[18:08:56] 🔄 Identity rotated (every 10 requests)
[18:08:56] [161/455] JKMA
[18:08:57] [162/455] ARAN
[18:08:58] [163/455] ALCT
[18:08:59] [164/455] CCTA
[18:09:00] [165/455] CNCT
[18:09:01] [166/455] NZBL
[18:09:01] [167/455] SRRA
[18:09:02] [168/455] SVPW
[18:09:03] [169/455] SRTW
[18:09:04] [170/455] XMTD
[18:09:04] 🔄 Identity reset
[18:09:04] 🔄 Identity rotated (every 10 requests)
[18:09:04] [171/455] SCCZ
[18:09:05] [172/455] PBCR
[18:09:06] [173/455] RTSC
[18:09:06] [174/455] TLSV
[18:09:07] [175/455] RMTK
[18:09:08] [176/455] SRAT
[18:09:09] [177/455] GCYC
[18:09:09] [178/455] HCAJ
[18:09:10] [179/455] LCXA
[18:09:11] [180/455] BINT
[18:09:11] 🔄 Identity reset
[18:09:11] 🔄 Identity rotated (every 10 requests)
[18:09:12] [181/455] IXIM
[18:09:13] [182/455] MBCR
[18:09:14] [183/455] BMCJ
[18:09:15] [184/455] NICJ
[18:09:15] [185/455] SCAJ
[18:09:16] [186/455] CMXS
[18:09:17] [187/455] MMSR
[18:09:18] [188/455] PRKT
[18:09:19] [189/455] LPTH
[18:09:20] [190/455] SARP
[18:09:20] 🔄 Identity reset
[18:09:20] 🔄 Identity rotated (every 10 requests)
[18:09:21] [191/455] MNPP
[18:09:21] [192/455] PRLR
[18:09:22] [193/455] RCMW
[18:09:22] [194/455] FCMG
[18:09:23] [195/455] RTNK
[18:09:24] [196/455] LRCP
[18:09:24] [197/455] DBJR
[18:09:25] [198/455] CACN
[18:09:26] [199/455] AMRL
[18:09:28] [200/455] SBBC
[18:09:29] 🔄 Identity reset
[18:09:29] 🔄 Identity rotated (every 10 requests)
[18:09:29] [201/455] VENN
[18:09:29] [202/455] STSS
[18:09:30] [203/455] SMRB
[18:09:31] [204/455] CCMX
[18:09:32] [205/455] KCMR
[18:09:32] [206/455] SALH
[18:09:33] [207/455] CGTT
[18:09:34] [208/455] PMDR
[18:09:35] [209/455] VCPM
[18:09:36] [210/455] RZMX
[18:09:36] 🔄 Identity reset
[18:09:36] 🔄 Identity rotated (every 10 requests)
[18:09:36] [211/455] TMSY
[18:09:37] [212/455] NTMS
[18:09:38] [213/455] VTAG
[18:09:39] [214/455] REMA
[18:09:40] [215/455] NXCC
[18:09:40] [216/455] SKYM
[18:09:41] [217/455] CCMO
[18:09:42] [218/455] DMXM
[18:09:43] [219/455] SPPM
[18:09:44] [220/455] PTKL
[18:09:44] 🔄 Identity reset
[18:09:44] 🔄 Identity rotated (every 10 requests)
[18:09:44] [221/455] SLVO
[18:09:45] [222/455] VASL
[18:09:46] [223/455] CBCM
[18:09:47] [224/455] STMA
[18:09:47] [225/455] LASK
[18:09:48] [226/455] VITE
[18:09:49] [227/455] AAST
[18:09:50] [228/455] JTPT
[18:09:50] [229/455] RRSH
[18:09:51] [230/455] CINL
[18:09:51] 🔄 Identity reset
[18:09:51] 🔄 Identity rotated (every 10 requests)
[18:09:52] [231/455] MCSR
[18:09:52] [232/455] SBCF
[18:09:53] [233/455] GCDU
[18:09:54] [234/455] PSPR
[18:09:55] [235/455] IMMO
[18:09:56] [236/455] CLGM
[18:09:57] [237/455] PBMM
[18:09:57] [238/455] CEHR
[18:09:58] [239/455] CPOE
[18:09:59] [240/455] PGFD
[18:10:00] 🔄 Identity reset
[18:10:00] 🔄 Identity rotated (every 10 requests)
[18:10:00] [241/455] PSLC
[18:10:00] [242/455] MSMD
[18:10:01] [243/455] FMFB
[18:10:02] [244/455] RKCL
[18:10:03] [245/455] PMMC
[18:10:03] [246/455] SKMM
[18:10:04] [247/455] VOIB
[18:10:05] [248/455] KINO
[18:10:05] [249/455] VCTP
[18:10:06] [250/455] PDWR
[18:10:06] 🔄 Identity reset
[18:10:06] 🔄 Identity rotated (every 10 requests)
[18:10:07] [251/455] SAED
[18:10:07] [252/455] SRRT
[18:10:08] [253/455] CVLG
[18:10:09] [254/455] SNGN
[18:10:09] [255/455] SIDA
[18:10:10] [256/455] IMCB
[18:10:11] [257/455] SMHP
[18:10:12] [258/455] GDTY
[18:10:12] [259/455] VYCH
[18:10:13] [260/455] PDYA
[18:10:14] 🔄 Identity reset
[18:10:14] 🔄 Identity rotated (every 10 requests)
[18:10:14] [261/455] RKDO
[18:10:15] [262/455] VECG
[18:10:15] [263/455] NFGD
[18:10:16] [264/455] SNDC
[18:10:17] [265/455] SDJH
[18:10:17] [266/455] HASV
[18:10:19] [267/455] PTYK
[18:10:19] [268/455] MUTB
[18:10:20] [269/455] AMRT
[18:10:21] [270/455] VACD
[18:10:21] 🔄 Identity reset
[18:10:21] 🔄 Identity rotated (every 10 requests)
[18:10:21] [271/455] SKDD
[18:10:22] [272/455] STGR
[18:10:22] [273/455] GDAK
[18:10:23] [274/455] SKHK
[18:10:24] [275/455] SLND
[18:10:24] [276/455] APAP
[18:10:25] [277/455] AYYA
[18:10:26] [278/455] VCCZ
[18:10:27] [279/455] MEML
[18:10:28] [280/455] MAOU
[18:10:28] 🔄 Identity reset
[18:10:28] 🔄 Identity rotated (every 10 requests)
[18:10:28] [281/455] ESND
[18:10:29] [282/455] PTBZ
[18:10:30] [283/455] LBCN
[18:10:31] [284/455] PAWA
[18:10:31] [285/455] ZEIC
[18:10:32] [286/455] CGMM
[18:10:33] [287/455] PJPM
[18:10:34] [288/455] ECMR
[18:10:34] [289/455] SHMZ
[18:10:35] [290/455] STCA
[18:10:36] 🔄 Identity reset
[18:10:36] 🔄 Identity rotated (every 10 requests)
[18:10:36] [291/455] VDRC
[18:10:37] [292/455] SEEM
[18:10:37] [293/455] MKNS
[18:10:38] [294/455] KPPP
[18:10:39] [295/455] CCML
[18:10:40] [296/455] CIBA
[18:10:41] [297/455] NACS
[18:10:42] [298/455] CTMK
[18:10:43] [299/455] CTCT
[18:10:44] [300/455] MCSN
[18:10:45] 🔄 Identity reset
[18:10:45] 🔄 Identity rotated (every 10 requests)
[18:10:45] [301/455] MAXX
[18:10:46] [302/455] MECB
[18:10:47] [303/455] NTBY
[18:10:48] [304/455] UTBI
[18:10:48] [305/455] RADK
[18:10:49] [306/455] STBY
[18:10:50] [307/455] GTBY
[18:10:51] [308/455] RRMB
[18:10:52] [309/455] ABRN
[18:10:53] [310/455] GTSG
[18:10:53] 🔄 Identity reset
[18:10:53] 🔄 Identity rotated (every 10 requests)
[18:10:53] [311/455] GBTG
[18:10:55] [312/455] SBGS
[18:10:56] [313/455] KBPM
[18:10:56] [314/455] SMHT
[18:10:57] [315/455] VTDM
[18:10:58] [316/455] ASCT
[18:10:59] [317/455] AWCT
[18:11:00] [318/455] DCCU
[18:11:01] [319/455] PSCE
[18:11:01] [320/455] KSNY
[18:11:02] 🔄 Identity reset
[18:11:02] 🔄 Identity rotated (every 10 requests)
[18:11:02] [321/455] ACID
[18:11:03] [322/455] LVCD
[18:11:05] [323/455] KSSB
[18:11:06] [324/455] SWTD
[18:11:06] [325/455] RBMR
[18:11:07] [326/455] SCBC
[18:11:08] [327/455] RKME
[18:11:08] [328/455] GALX
[18:11:09] [329/455] GCCH
[18:11:10] [330/455] RATR
[18:11:11] 🔄 Identity reset
[18:11:11] 🔄 Identity rotated (every 10 requests)
[18:11:11] [331/455] GTGA
[18:11:12] [332/455] LTTR
[18:11:14] [333/455] TTAA
[18:11:15] [334/455] TVHP
[18:11:15] [335/455] KVCS
[18:11:16] [336/455] CBMC
[18:11:17] [337/455] MAYJ
[18:11:18] [338/455] INPR
[18:11:19] [339/455] RSSC
[18:11:19] [340/455] PCAN
[18:11:20] 🔄 Identity reset
[18:11:20] 🔄 Identity rotated (every 10 requests)
[18:11:20] [341/455] PVHR
[18:11:21] [342/455] AGSM
[18:11:21] [343/455] PVES
[18:11:22] [344/455] INTO
[18:11:23] [345/455] ACON
[18:11:24] [346/455] PVPZ
[18:11:25] [347/455] PVHC
[18:11:25] [348/455] KSTK
[18:11:26] [349/455] PVSR
[18:11:27] [350/455] ACTN
[18:11:27] 🔄 Identity reset
[18:11:27] 🔄 Identity rotated (every 10 requests)
[18:11:28] [351/455] FMCN
[18:11:29] [352/455] PABC
[18:11:29] [353/455] SUTC
[18:11:30] [354/455] PGMV
[18:11:31] [355/455] GKCP
[18:11:32] [356/455] INCH
[18:11:33] [357/455] MLMT
[18:11:33] [358/455] SSCC
[18:11:34] [359/455] SLMP
[18:11:35] [360/455] VVTN
[18:11:35] 🔄 Identity reset
[18:11:35] 🔄 Identity rotated (every 10 requests)
[18:11:35] [361/455] SBTR
[18:11:36] [362/455] PGRA
[18:11:37] [363/455] PBRM
[18:11:38] [364/455] GCRP
[18:11:40] [365/455] MCSK
[18:11:41] [366/455] NLTC
[18:11:42] [367/455] MTLM
[18:11:43] [368/455] VECT
[18:11:44] [369/455] KMRM
[18:11:44] [370/455] RACM
[18:11:45] 🔄 Identity reset
[18:11:45] 🔄 Identity rotated (every 10 requests)
[18:11:45] [371/455] WSTC
[18:11:46] [372/455] PVTJ
[18:11:47] [373/455] MMKC
[18:11:48] [374/455] SVWT
[18:11:48] [375/455] JOTG
[18:11:49] [376/455] VCDK
[18:11:50] [377/455] ANAC
[18:11:51] [378/455] GRTC
[18:11:52] [379/455] JTPL
[18:11:53] [380/455] VRCP
[18:11:54] 🔄 Identity reset
[18:11:54] 🔄 Identity rotated (every 10 requests)
[18:11:54] [381/455] REMC
[18:11:55] [382/455] ATMG
[18:11:56] [383/455] GAHC
[18:11:57] [384/455] JTMV
[18:11:58] [385/455] OMTT
[18:11:59] [386/455] GKKC
[18:12:00] [387/455] BBPO
[18:12:01] [388/455] ZCBB
[18:12:01] [389/455] DCGO
[18:12:02] [390/455] STOP
[18:12:03] 🔄 Identity reset
[18:12:03] 🔄 Identity rotated (every 10 requests)
[18:12:03] [391/455] BSPC
[18:12:04] [392/455] SOND
[18:12:05] [393/455] GCKG
[18:12:06] [394/455] PCDB
[18:12:07] [395/455] PGRC
[18:12:08] [396/455] CSCT
[18:12:09] [397/455] STDA
[18:12:10] [398/455] JAYD
[18:12:12] [399/455] PPPD
[18:12:13] [400/455] KRTT
[18:12:14] 🔄 Identity reset
[18:12:14] 🔄 Identity rotated (every 10 requests)
[18:12:14] [401/455] PTDT
[18:12:15] [402/455] TRSV
[18:12:16] [403/455] VELR
[18:12:16] [404/455] STDT
[18:12:17] [405/455] SATT
[18:12:18] [406/455] KCPM
[18:12:19] [407/455] MFCP
[18:12:20] [408/455] AXMP
[18:12:21] [409/455] LTVB
[18:12:22] [410/455] APST
[18:12:22] 🔄 Identity reset
[18:12:22] 🔄 Identity rotated (every 10 requests)
[18:12:23] [411/455] DTVP
[18:12:24] [412/455] AAVB
[18:12:25] [413/455] PMBL
[18:12:26] [414/455] STKC
[18:12:27] [415/455] KKMA
[18:12:28] [416/455] NMXS
[18:12:29] [417/455] DECX
[18:12:30] [418/455] MAPJ
[18:12:31] [419/455] SMLK
[18:12:31] [420/455] PMPU
[18:12:32] 🔄 Identity reset
[18:12:32] 🔄 Identity rotated (every 10 requests)
[18:12:32] [421/455] AFST
[18:12:33] [422/455] SRSY
[18:12:34] [423/455] RMKT
[18:12:35] [424/455] RAJX
[18:12:36] [425/455] UVCD
[18:12:37] [426/455] LISA
[18:12:37] [427/455] LMSR
[18:12:39] [428/455] PMCA
[18:12:40] [429/455] INPO
[18:12:41] [430/455] INGO
[18:12:42] 🔄 Identity reset
[18:12:42] 🔄 Identity rotated (every 10 requests)
[18:12:42] [431/455] HFSQ
[18:12:43] [432/455] INMG
[18:12:44] [433/455] NYCP
[18:12:45] [434/455] HFSV
[18:12:46] [435/455] MMZP
[18:12:47] [436/455] KSES
[18:12:48] [437/455] HFSA
[18:12:49] [438/455] ACMM
[18:12:49] [439/455] RCKD
[18:12:50] [440/455] BCKR
[18:12:51] 🔄 Identity reset
[18:12:51] 🔄 Identity rotated (every 10 requests)
[18:12:51] [441/455] SFCO
[18:12:52] [442/455] JCCB
[18:12:53] [443/455] BCCR
[18:12:54] [444/455] NWCB
[18:12:54] [445/455] SAMT
[18:12:55] [446/455] TMST
[18:12:56] [447/455] SJCN
[18:12:56] [448/455] MCBS
[18:12:57] [449/455] CMKR
[18:12:58] [450/455] INPM
[18:12:59] 🔄 Identity reset
[18:12:59] 🔄 Identity rotated (every 10 requests)
[18:12:59] [451/455] WVMT
[18:13:00] [452/455] NYSM
[18:13:01] [453/455] RCMA
[18:13:02] [454/455] RECM
[18:13:03] [455/455] CYCM
[18:13:04] ✅ DONE | Shows=4107 | Movies=84
[19:06:30] 🚀 BMS DAILY TRACKER STARTED (enhanced anti‑detection)
[19:06:30] [1/455] MXGN
[19:06:31] 🧠 New identity created
[19:06:31] [2/455] PGGM
[19:06:32] [3/455] IPMJ
[19:06:33] [4/455] M2PP
[19:06:34] [5/455] PMMS
[19:06:35] [6/455] SCJN
[19:06:36] [7/455] CPUM
[19:06:37] [8/455] SCND
[19:06:38] [9/455] INWM
[19:06:39] [10/455] DVDC
[19:06:40] 🔄 Identity reset
[19:06:40] 🔄 Identity rotated (every 10 requests)
[19:06:40] 🔄 Retry 1/5 for DVDC in 2.6s
[19:06:40] 🔄 Identity reset
[19:06:43] 🧠 New identity created
[19:06:43] [11/455] WVND
[19:06:44] [12/455] LBDL
[19:06:45] [13/455] CRGM
[19:06:46] [14/455] PVKS
[19:06:47] [15/455] PBLL
[19:06:48] [16/455] FNLN
[19:06:48] [17/455] PPDA
[19:06:50] [18/455] SCPT
[19:06:51] [19/455] IAJS
[19:06:51] 🔄 Identity reset
[19:06:51] 🔄 Identity rotated (every 10 requests)
[19:06:51] [20/455] MMZG
[19:06:52] [21/455] MCTI
[19:06:53] [22/455] PPMF
[19:06:54] [23/455] FNSD
[19:06:55] [24/455] M2RH
[19:06:57] [25/455] CPGV
[19:06:58] [26/455] PECD
[19:06:59] [27/455] CTEE
[19:07:00] [28/455] IOMG
[19:07:00] [29/455] CIJA
[19:07:01] 🔄 Identity reset
[19:07:01] 🔄 Identity rotated (every 10 requests)
[19:07:02] [30/455] NYCG
[19:07:03] [31/455] CEST
[19:07:04] [32/455] WVRG
[19:07:05] [33/455] DPDC
[19:07:06] [34/455] PDIV
[19:07:07] [35/455] MTPP
[19:07:07] [36/455] MHNU
[19:07:08] [37/455] WUPG
[19:07:09] [38/455] USCO
[19:07:10] [39/455] INFR
[19:07:10] 🔄 Identity reset
[19:07:10] 🔄 Identity rotated (every 10 requests)
[19:07:11] [40/455] PVPD
[19:07:12] [41/455] RONC
[19:07:13] [42/455] IOCP
[19:07:14] [43/455] EMPS
[19:07:15] [44/455] PNAD
[19:07:16] [45/455] VVGZ
[19:07:16] [46/455] MDDC
[19:07:17] [47/455] MMAP
[19:07:19] [48/455] GPDC
[19:07:20] [49/455] PVPU
[19:07:20] 🔄 Identity reset
[19:07:20] 🔄 Identity rotated (every 10 requests)
[19:07:20] 🔄 Retry 1/5 for PVPU in 2.9s
[19:07:20] 🔄 Identity reset
[19:07:23] 🧠 New identity created
[19:07:24] [50/455] DCMV
[19:07:26] [51/455] PCCF
[19:07:27] [52/455] MCEF
[19:07:28] [53/455] INRD
[19:07:28] [54/455] CCPZ
[19:07:29] [55/455] BCWG
[19:07:31] [56/455] PMGU
[19:07:32] [57/455] MCVM
[19:07:33] [58/455] MCDE
[19:07:34] 🔄 Identity reset
[19:07:34] 🔄 Identity rotated (every 10 requests)
[19:07:34] [59/455] IEFM
[19:07:35] [60/455] MXCS
[19:07:36] [61/455] RNMT
[19:07:37] [62/455] PSDD
[19:07:37] [63/455] PETA
[19:07:38] [64/455] IZOP
[19:07:39] [65/455] PDEI
[19:07:40] [66/455] MTND
[19:07:41] [67/455] PCPL
[19:07:42] [68/455] LSCM
[19:07:43] 🔄 Identity reset
[19:07:43] 🔄 Identity rotated (every 10 requests)
[19:07:43] 🔄 Retry 1/5 for LSCM in 2.3s
[19:07:43] 🔄 Identity reset
[19:07:45] 🧠 New identity created
[19:07:45] 🔄 Retry 2/5 for LSCM in 4.1s
[19:07:45] 🔄 Identity reset
[19:07:49] 🧠 New identity created
[19:07:50] [69/455] BTFD
[19:07:51] [70/455] MERM
[19:07:52] [71/455] PVMS
[19:07:53] [72/455] CIGK
[19:07:54] [73/455] INSG
[19:07:55] [74/455] IDEN
[19:07:56] [75/455] MCGN
[19:07:57] [76/455] IGAM
[19:07:58] 🔄 Identity reset
[19:07:58] 🔄 Identity rotated (every 10 requests)
[19:07:58] 🔄 Retry 1/5 for IGAM in 2.2s
[19:07:58] 🔄 Identity reset
[19:08:00] 🧠 New identity created
[19:08:00] 🔄 Retry 2/5 for IGAM in 4.8s
[19:08:00] 🔄 Identity reset
[19:08:05] 🧠 New identity created
[19:08:05] [77/455] SLCU
[19:08:06] [78/455] MIMU
[19:08:07] [79/455] QLAC
[19:08:08] [80/455] MENL
[19:08:08] [81/455] SCUR
[19:08:09] [82/455] MDGD
[19:08:10] [83/455] LSRS
[19:08:11] [84/455] KMLG
[19:08:12] 🔄 Identity reset
[19:08:12] 🔄 Identity rotated (every 10 requests)
[19:08:12] [85/455] MKLJ
[19:08:13] [86/455] IBYG
[19:08:14] [87/455] ISML
[19:08:15] [88/455] MJMM
[19:08:16] [89/455] RCGD
[19:08:17] [90/455] MMOC
[19:08:18] [91/455] RRCO
[19:08:19] [92/455] MEDM
[19:08:19] [93/455] MCAZ
[19:08:20] [94/455] STWA
[19:08:21] 🔄 Identity reset
[19:08:21] 🔄 Identity rotated (every 10 requests)
[19:08:21] [95/455] PFFG
[19:08:22] [96/455] GAGC
[19:08:23] [97/455] PMPM
[19:08:24] [98/455] HVCD
[19:08:25] [99/455] AKRF
[19:08:26] [100/455] AKRC
[19:08:26] [101/455] MIDA
[19:08:27] [102/455] MAGX
[19:08:29] [103/455] ESOS
[19:08:29] [104/455] BBCL
[19:08:30] 🔄 Identity reset
[19:08:30] 🔄 Identity rotated (every 10 requests)
[19:08:30] [105/455] LYAS
[19:08:31] [106/455] NRMS
[19:08:32] [107/455] BHUC
[19:08:33] [108/455] SRIC
[19:08:34] [109/455] PDME
[19:08:35] [110/455] MJCS
[19:08:36] [111/455] NRAA
[19:08:37] [112/455] VATA
[19:08:38] [113/455] MNKC
[19:08:39] [114/455] DHCL
[19:08:39] 🔄 Identity reset
[19:08:39] 🔄 Identity rotated (every 10 requests)
[19:08:39] 🔄 Retry 1/5 for DHCL in 2.9s
[19:08:39] 🔄 Identity reset
[19:08:42] 🧠 New identity created
[19:08:42] [115/455] JCPC
[19:08:43] [116/455] CTML
[19:08:44] [117/455] RMMR
[19:08:45] [118/455] STTL
[19:08:46] [119/455] CNPS
[19:08:47] [120/455] ACKL
[19:08:48] [121/455] SCAU
[19:08:49] [122/455] RMIA
[19:08:51] [123/455] MANU
[19:08:51] 🔄 Identity reset
[19:08:51] 🔄 Identity rotated (every 10 requests)
[19:08:52] [124/455] ARDC
[19:08:53] [125/455] GLDA
[19:08:54] [126/455] KVSW
[19:08:55] [127/455] CGCA
[19:08:56] [128/455] CMLO
[19:08:58] [129/455] CECB
[19:08:59] [130/455] RCPN
[19:08:59] [131/455] ASMW
[19:09:00] [132/455] PWLM
[19:09:01] [133/455] ASGM
[19:09:02] 🔄 Identity reset
[19:09:02] 🔄 Identity rotated (every 10 requests)
[19:09:02] [134/455] ACWH
[19:09:03] [135/455] AAPW
[19:09:04] [136/455] RTWA
[19:09:05] [137/455] RAMW
[19:09:06] [138/455] VKTR
[19:09:07] [139/455] SMBH
[19:09:08] [140/455] BVDR
[19:09:09] [141/455] MRTP
[19:09:10] [142/455] BLBR
[19:09:11] [143/455] LPIN
[19:09:12] 🔄 Identity reset
[19:09:12] 🔄 Identity rotated (every 10 requests)
[19:09:12] 🔄 Retry 1/5 for LPIN in 2.4s
[19:09:12] 🔄 Identity reset
[19:09:14] 🧠 New identity created
[19:09:14] [144/455] SNPC
[19:09:15] [145/455] PDCB
[19:09:16] [146/455] DYPK
[19:09:17] [147/455] INMK
[19:09:18] [148/455] PDCK
[19:09:19] [149/455] PCKR
[19:09:20] [150/455] SHUA
[19:09:21] [151/455] SCVK
[19:09:22] [152/455] STPA
[19:09:22] 🔄 Identity reset
[19:09:22] 🔄 Identity rotated (every 10 requests)
[19:09:23] [153/455] WVHD
[19:09:24] [154/455] MRCH
[19:09:25] [155/455] MCNP
[19:09:26] [156/455] RCAG
[19:09:27] [157/455] JTSN
[19:09:27] [158/455] AANS
[19:09:29] [159/455] GDDR
[19:09:30] [160/455] SRER
[19:09:30] [161/455] JKMA
[19:09:31] [162/455] ARAN
[19:09:32] 🔄 Identity reset
[19:09:32] 🔄 Identity rotated (every 10 requests)
[19:09:32] [163/455] ALCT
[19:09:33] [164/455] CCTA
[19:09:34] [165/455] CNCT
[19:09:35] [166/455] NZBL
[19:09:36] [167/455] SRRA
[19:09:37] [168/455] SVPW
[19:09:38] [169/455] SRTW
[19:09:39] [170/455] XMTD
[19:09:40] [171/455] SCCZ
[19:09:41] [172/455] PBCR
[19:09:42] 🔄 Identity reset
[19:09:42] 🔄 Identity rotated (every 10 requests)
[19:09:42] 🔄 Retry 1/5 for PBCR in 2.1s
[19:09:42] 🔄 Identity reset
[19:09:44] 🧠 New identity created
[19:09:44] [173/455] RTSC
[19:09:45] [174/455] TLSV
[19:09:46] [175/455] RMTK
[19:09:47] [176/455] SRAT
[19:09:48] [177/455] GCYC
[19:09:48] [178/455] HCAJ
[19:09:49] [179/455] LCXA
[19:09:50] [180/455] BINT
[19:09:51] [181/455] IXIM
[19:09:52] 🔄 Identity reset
[19:09:52] 🔄 Identity rotated (every 10 requests)
[19:09:52] [182/455] MBCR
[19:09:53] [183/455] BMCJ
[19:09:54] [184/455] NICJ
[19:09:55] [185/455] SCAJ
[19:09:56] [186/455] CMXS
[19:09:57] [187/455] MMSR
[19:09:58] [188/455] PRKT
[19:09:59] [189/455] LPTH
[19:10:01] [190/455] SARP
[19:10:02] [191/455] MNPP
[19:10:02] 🔄 Identity reset
[19:10:02] 🔄 Identity rotated (every 10 requests)
[19:10:02] 🔄 Retry 1/5 for MNPP in 2.6s
[19:10:02] 🔄 Identity reset
[19:10:05] 🧠 New identity created
[19:10:05] [192/455] PRLR
[19:10:06] [193/455] RCMW
[19:10:07] [194/455] FCMG
[19:10:08] [195/455] RTNK
[19:10:09] [196/455] LRCP
[19:10:10] [197/455] DBJR
[19:10:10] [198/455] CACN
[19:10:11] [199/455] AMRL
[19:10:13] [200/455] SBBC
[19:10:13] 🔄 Identity reset
[19:10:13] 🔄 Identity rotated (every 10 requests)
[19:10:13] 🔄 Retry 1/5 for SBBC in 2.7s
[19:10:13] 🔄 Identity reset
[19:10:16] 🧠 New identity created
[19:10:16] [201/455] VENN
[19:10:17] [202/455] STSS
[19:10:18] [203/455] SMRB
[19:10:19] [204/455] CCMX
[19:10:20] [205/455] KCMR
[19:10:21] [206/455] SALH
[19:10:22] [207/455] CGTT
[19:10:23] [208/455] PMDR
[19:10:24] [209/455] VCPM
[19:10:25] 🔄 Identity reset
[19:10:25] 🔄 Identity rotated (every 10 requests)
[19:10:25] [210/455] RZMX
[19:10:26] [211/455] TMSY
[19:10:27] [212/455] NTMS
[19:10:28] [213/455] VTAG
[19:10:29] [214/455] REMA
[19:10:30] [215/455] NXCC
[19:10:32] [216/455] SKYM
[19:10:33] [217/455] CCMO
[19:10:34] [218/455] DMXM
[19:10:35] [219/455] SPPM
[19:10:35] 🔄 Identity reset
[19:10:35] 🔄 Identity rotated (every 10 requests)
[19:10:36] [220/455] PTKL
[19:10:37] [221/455] SLVO
[19:10:38] [222/455] VASL
[19:10:39] [223/455] CBCM
[19:10:39] [224/455] STMA
[19:10:40] [225/455] LASK
[19:10:41] [226/455] VITE
[19:10:42] [227/455] AAST
[19:10:43] [228/455] JTPT
[19:10:44] [229/455] RRSH
[19:10:44] 🔄 Identity reset
[19:10:44] 🔄 Identity rotated (every 10 requests)
[19:10:44] 🔄 Retry 1/5 for RRSH in 2.8s
[19:10:44] 🔄 Identity reset
[19:10:47] 🧠 New identity created
[19:10:47] 🔄 Retry 2/5 for RRSH in 4.7s
[19:10:47] 🔄 Identity reset
[19:10:52] 🧠 New identity created
[19:10:52] [230/455] CINL
[19:10:53] [231/455] MCSR
[19:10:54] [232/455] SBCF
[19:10:55] [233/455] GCDU
[19:10:56] [234/455] PSPR
[19:10:57] [235/455] IMMO
[19:10:59] [236/455] CLGM
[19:11:00] [237/455] PBMM
[19:11:00] 🔄 Identity reset
[19:11:00] 🔄 Identity rotated (every 10 requests)
[19:11:00] [238/455] CEHR
[19:11:01] [239/455] CPOE
[19:11:02] [240/455] PGFD
[19:11:04] [241/455] PSLC
[19:11:05] [242/455] MSMD
[19:11:05] [243/455] FMFB
[19:11:06] [244/455] RKCL
[19:11:07] [245/455] PMMC
[19:11:08] [246/455] SKMM
[19:11:09] [247/455] VOIB
[19:11:10] 🔄 Identity reset
[19:11:10] 🔄 Identity rotated (every 10 requests)
[19:11:10] 🔄 Retry 1/5 for VOIB in 2.2s
[19:11:10] 🔄 Identity reset
[19:11:12] 🧠 New identity created
[19:11:12] [248/455] KINO
[19:11:13] [249/455] VCTP
[19:11:14] [250/455] PDWR
[19:11:15] [251/455] SAED
[19:11:16] [252/455] SRRT
[19:11:17] [253/455] CVLG
[19:11:18] [254/455] SNGN
[19:11:19] [255/455] SIDA
[19:11:20] [256/455] IMCB
[19:11:20] 🔄 Identity reset
[19:11:20] 🔄 Identity rotated (every 10 requests)
[19:11:20] 🔄 Retry 1/5 for IMCB in 2.4s
[19:11:20] 🔄 Identity reset
[19:11:23] 🧠 New identity created
[19:11:23] [257/455] SMHP
[19:11:24] [258/455] GDTY
[19:11:25] [259/455] VYCH
[19:11:26] [260/455] PDYA
[19:11:28] [261/455] RKDO
[19:11:29] [262/455] VECG
[19:11:30] [263/455] NFGD
[19:11:31] [264/455] SNDC
[19:11:33] [265/455] SDJH
[19:11:33] 🔄 Identity reset
[19:11:33] 🔄 Identity rotated (every 10 requests)
[19:11:34] [266/455] HASV
[19:11:34] [267/455] PTYK
[19:11:36] [268/455] MUTB
[19:11:38] [269/455] AMRT
[19:11:39] [270/455] VACD
[19:11:40] [271/455] SKDD
[19:11:40] [272/455] STGR
[19:11:41] [273/455] GDAK
[19:11:42] [274/455] SKHK
[19:11:43] [275/455] SLND
[19:11:44] 🔄 Identity reset
[19:11:44] 🔄 Identity rotated (every 10 requests)
[19:11:45] [276/455] APAP
[19:11:46] [277/455] AYYA
[19:11:47] [278/455] VCCZ
[19:11:48] [279/455] MEML
[19:11:50] [280/455] MAOU
[19:11:51] [281/455] ESND
[19:11:52] [282/455] PTBZ
[19:11:54] [283/455] LBCN
[19:11:55] [284/455] PAWA
[19:11:55] [285/455] ZEIC
[19:11:56] 🔄 Identity reset
[19:11:56] 🔄 Identity rotated (every 10 requests)
[19:11:56] [286/455] CGMM
[19:11:57] [287/455] PJPM
[19:11:58] [288/455] ECMR
[19:11:59] [289/455] SHMZ
[19:12:01] [290/455] STCA
[19:12:02] [291/455] VDRC
[19:12:03] [292/455] SEEM
[19:12:03] [293/455] MKNS
[19:12:04] [294/455] KPPP
[19:12:05] [295/455] CCML
[19:12:06] 🔄 Identity reset
[19:12:06] 🔄 Identity rotated (every 10 requests)
[19:12:06] [296/455] CIBA
[19:12:07] [297/455] NACS
[19:12:08] [298/455] CTMK
[19:12:09] [299/455] CTCT
[19:12:10] [300/455] MCSN
[19:12:11] [301/455] MAXX
[19:12:12] [302/455] MECB
[19:12:13] [303/455] NTBY
[19:12:14] [304/455] UTBI
[19:12:15] [305/455] RADK
[19:12:15] 🔄 Identity reset
[19:12:15] 🔄 Identity rotated (every 10 requests)
[19:12:16] [306/455] STBY
[19:12:17] [307/455] GTBY
[19:12:18] [308/455] RRMB
[19:12:19] [309/455] ABRN
[19:12:20] [310/455] GTSG
[19:12:21] [311/455] GBTG
[19:12:22] [312/455] SBGS
[19:12:23] [313/455] KBPM
[19:12:24] [314/455] SMHT
[19:12:25] [315/455] VTDM
[19:12:25] 🔄 Identity reset
[19:12:25] 🔄 Identity rotated (every 10 requests)
[19:12:26] [316/455] ASCT
[19:12:27] [317/455] AWCT
[19:12:28] [318/455] DCCU
[19:12:29] [319/455] PSCE
[19:12:30] [320/455] KSNY
[19:12:31] [321/455] ACID
[19:12:32] [322/455] LVCD
[19:12:33] [323/455] KSSB
[19:12:34] [324/455] SWTD
[19:12:35] [325/455] RBMR
[19:12:35] 🔄 Identity reset
[19:12:35] 🔄 Identity rotated (every 10 requests)
[19:12:36] [326/455] SCBC
[19:12:37] [327/455] RKME
[19:12:38] [328/455] GALX
[19:12:39] [329/455] GCCH
[19:12:39] [330/455] RATR
[19:12:40] [331/455] GTGA
[19:12:41] [332/455] LTTR
[19:12:42] [333/455] TTAA
[19:12:43] [334/455] TVHP
[19:12:44] [335/455] KVCS
[19:12:44] 🔄 Identity reset
[19:12:44] 🔄 Identity rotated (every 10 requests)
[19:12:45] [336/455] CBMC
[19:12:47] [337/455] MAYJ
[19:12:48] [338/455] INPR
[19:12:49] [339/455] RSSC
[19:12:51] [340/455] PCAN
[19:12:52] [341/455] PVHR
[19:12:52] [342/455] AGSM
[19:12:53] [343/455] PVES
[19:12:54] [344/455] INTO
[19:12:55] [345/455] ACON
[19:12:56] 🔄 Identity reset
[19:12:56] 🔄 Identity rotated (every 10 requests)
[19:12:56] [346/455] PVPZ
[19:12:57] [347/455] PVHC
[19:12:58] [348/455] KSTK
[19:12:59] [349/455] PVSR
[19:12:59] [350/455] ACTN
[19:13:00] [351/455] FMCN
[19:13:01] [352/455] PABC
[19:13:02] [353/455] SUTC
[19:13:03] [354/455] PGMV
[19:13:04] [355/455] GKCP
[19:13:05] 🔄 Identity reset
[19:13:05] 🔄 Identity rotated (every 10 requests)
[19:13:06] [356/455] INCH
[19:13:07] [357/455] MLMT
[19:13:07] [358/455] SSCC
[19:13:08] [359/455] SLMP
[19:13:09] [360/455] VVTN
[19:13:10] [361/455] SBTR
[19:13:11] [362/455] PGRA
[19:13:12] [363/455] PBRM
[19:13:13] [364/455] GCRP
[19:13:14] [365/455] MCSK
[19:13:14] 🔄 Identity reset
[19:13:14] 🔄 Identity rotated (every 10 requests)
[19:13:15] [366/455] NLTC
[19:13:15] [367/455] MTLM
[19:13:16] [368/455] VECT
[19:13:18] [369/455] KMRM
[19:13:19] [370/455] RACM
[19:13:20] [371/455] WSTC
[19:13:21] [372/455] PVTJ
[19:13:22] [373/455] MMKC
[19:13:23] [374/455] SVWT
[19:13:24] [375/455] JOTG
[19:13:25] 🔄 Identity reset
[19:13:25] 🔄 Identity rotated (every 10 requests)
[19:13:25] [376/455] VCDK
[19:13:26] [377/455] ANAC
[19:13:27] [378/455] GRTC
[19:13:28] [379/455] JTPL
[19:13:29] [380/455] VRCP
[19:13:30] [381/455] REMC
[19:13:31] [382/455] ATMG
[19:13:32] [383/455] GAHC
[19:13:33] [384/455] JTMV
[19:13:35] [385/455] OMTT
[19:13:35] 🔄 Identity reset
[19:13:35] 🔄 Identity rotated (every 10 requests)
[19:13:35] [386/455] GKKC
[19:13:36] [387/455] BBPO
[19:13:37] [388/455] ZCBB
[19:13:38] [389/455] DCGO
[19:13:40] [390/455] STOP
[19:13:41] [391/455] BSPC
[19:13:42] [392/455] SOND
[19:13:43] [393/455] GCKG
[19:13:44] [394/455] PCDB
[19:13:46] [395/455] PGRC
[19:13:46] 🔄 Identity reset
[19:13:46] 🔄 Identity rotated (every 10 requests)
[19:13:47] [396/455] CSCT
[19:13:47] [397/455] STDA
[19:13:48] [398/455] JAYD
[19:13:49] [399/455] PPPD
[19:13:50] [400/455] KRTT
[19:13:51] [401/455] PTDT
[19:13:52] [402/455] TRSV
[19:13:53] [403/455] VELR
[19:13:54] [404/455] STDT
[19:13:55] [405/455] SATT
[19:13:55] 🔄 Identity reset
[19:13:55] 🔄 Identity rotated (every 10 requests)
[19:13:55] 🔄 Retry 1/5 for SATT in 2.3s
[19:13:55] 🔄 Identity reset
[19:13:58] 🧠 New identity created
[19:13:58] [406/455] KCPM
[19:13:59] [407/455] MFCP
[19:14:00] [408/455] AXMP
[19:14:01] [409/455] LTVB
[19:14:02] [410/455] APST
[19:14:03] [411/455] DTVP
[19:14:04] [412/455] AAVB
[19:14:06] [413/455] PMBL
[19:14:07] [414/455] STKC
[19:14:07] 🔄 Identity reset
[19:14:07] 🔄 Identity rotated (every 10 requests)
[19:14:07] 🔄 Retry 1/5 for STKC in 2.8s
[19:14:07] 🔄 Identity reset
[19:14:10] 🧠 New identity created
[19:14:10] [415/455] KKMA
[19:14:11] [416/455] NMXS
[19:14:13] [417/455] DECX
[19:14:14] [418/455] MAPJ
[19:14:15] [419/455] SMLK
[19:14:16] [420/455] PMPU
[19:14:17] [421/455] AFST
[19:14:18] [422/455] SRSY
[19:14:19] [423/455] RMKT
[19:14:20] 🔄 Identity reset
[19:14:20] 🔄 Identity rotated (every 10 requests)
[19:14:20] 🔄 Retry 1/5 for RMKT in 2.3s
[19:14:20] 🔄 Identity reset
[19:14:22] 🧠 New identity created
[19:14:22] 🔄 Retry 2/5 for RMKT in 4.6s
[19:14:22] 🔄 Identity reset
[19:14:27] 🧠 New identity created
[19:14:27] [424/455] RAJX
[19:14:28] [425/455] UVCD
[19:14:29] [426/455] LISA
[19:14:30] [427/455] LMSR
[19:14:31] [428/455] PMCA
[19:14:31] [429/455] INPO
[19:14:32] [430/455] INGO
[19:14:33] [431/455] HFSQ
[19:14:34] 🔄 Identity reset
[19:14:34] 🔄 Identity rotated (every 10 requests)
[19:14:34] [432/455] INMG
[19:14:35] [433/455] NYCP
[19:14:36] [434/455] HFSV
[19:14:37] [435/455] MMZP
[19:14:37] [436/455] KSES
[19:14:38] [437/455] HFSA
[19:14:39] [438/455] ACMM
[19:14:40] [439/455] RCKD
[19:14:41] [440/455] BCKR
[19:14:42] [441/455] SFCO
[19:14:42] 🔄 Identity reset
[19:14:42] 🔄 Identity rotated (every 10 requests)
[19:14:43] [442/455] JCCB
[19:14:43] [443/455] BCCR
[19:14:44] [444/455] NWCB
[19:14:46] [445/455] SAMT
[19:14:47] [446/455] TMST
[19:14:49] [447/455] SJCN
[19:14:50] [448/455] MCBS
[19:14:50] [449/455] CMKR
[19:14:51] [450/455] INPM
[19:14:52] [451/455] WVMT
[19:14:53] 🔄 Identity reset
[19:14:53] 🔄 Identity rotated (every 10 requests)
[19:14:53] 🔄 Retry 1/5 for WVMT in 2.5s
[19:14:53] 🔄 Identity reset
[19:14:55] 🧠 New identity created
[19:14:55] 🔄 Retry 2/5 for WVMT in 4.6s
[19:14:55] 🔄 Identity reset
[19:15:00] 🧠 New identity created
[19:15:00] [452/455] NYSM
[19:15:01] [453/455] RCMA
[19:15:02] [454/455] RECM
[19:15:02] [455/455] CYCM
[19:15:03] ✅ DONE | Shows=4611 | Movies=85
[20:05:25] 🚀 BMS DAILY TRACKER STARTED (enhanced anti‑detection)
[20:05:25] [1/455] MXGN
[20:05:26] 🧠 New identity created
[20:05:26] 🔄 Retry 1/5 for MXGN in 2.8s
[20:05:26] 🔄 Identity reset
[20:05:29] 🧠 New identity created
[20:05:29] [2/455] PGGM
[20:05:30] [3/455] IPMJ
[20:05:31] [4/455] M2PP
[20:05:31] [5/455] PMMS
[20:05:32] [6/455] SCJN
[20:05:33] [7/455] CPUM
[20:05:34] [8/455] SCND
[20:05:35] [9/455] INWM
[20:05:35] 🔄 Identity reset
[20:05:35] 🔄 Identity rotated (every 10 requests)
[20:05:36] [10/455] DVDC
[20:05:36] [11/455] WVND
[20:05:38] [12/455] LBDL
[20:05:38] [13/455] CRGM
[20:05:39] [14/455] PVKS
[20:05:40] [15/455] PBLL
[20:05:41] [16/455] FNLN
[20:05:42] [17/455] PPDA
[20:05:43] [18/455] SCPT
[20:05:43] [19/455] IAJS
[20:05:44] 🔄 Identity reset
[20:05:44] 🔄 Identity rotated (every 10 requests)
[20:05:44] [20/455] MMZG
[20:05:45] [21/455] MCTI
[20:05:46] [22/455] PPMF
[20:05:47] [23/455] FNSD
[20:05:47] [24/455] M2RH
[20:05:48] [25/455] CPGV
[20:05:49] [26/455] PECD
[20:05:50] [27/455] CTEE
[20:05:50] [28/455] IOMG
[20:05:51] [29/455] CIJA
[20:05:52] 🔄 Identity reset
[20:05:52] 🔄 Identity rotated (every 10 requests)
[20:05:52] 🔄 Retry 1/5 for CIJA in 2.4s
[20:05:52] 🔄 Identity reset
[20:05:54] 🧠 New identity created
[20:05:54] [30/455] NYCG
[20:05:55] [31/455] CEST
[20:05:56] [32/455] WVRG
[20:05:57] [33/455] DPDC
[20:05:57] [34/455] PDIV
[20:05:58] [35/455] MTPP
[20:06:00] [36/455] MHNU
[20:06:01] [37/455] WUPG
[20:06:01] [38/455] USCO
[20:06:02] 🔄 Identity reset
[20:06:02] 🔄 Identity rotated (every 10 requests)
[20:06:02] [39/455] INFR
[20:06:03] [40/455] PVPD
[20:06:04] [41/455] RONC
[20:06:04] [42/455] IOCP
[20:06:05] [43/455] EMPS
[20:06:05] [44/455] PNAD
[20:06:06] [45/455] VVGZ
[20:06:07] [46/455] MDDC
[20:06:08] [47/455] MMAP
[20:06:08] [48/455] GPDC
[20:06:09] 🔄 Identity reset
[20:06:09] 🔄 Identity rotated (every 10 requests)
[20:06:09] [49/455] PVPU
[20:06:10] [50/455] DCMV
[20:06:11] [51/455] PCCF
[20:06:12] [52/455] MCEF
[20:06:13] [53/455] INRD
[20:06:13] [54/455] CCPZ
[20:06:14] [55/455] BCWG
[20:06:15] [56/455] PMGU
[20:06:15] [57/455] MCVM
[20:06:17] [58/455] MCDE
[20:06:18] 🔄 Identity reset
[20:06:18] 🔄 Identity rotated (every 10 requests)
[20:06:18] [59/455] IEFM
[20:06:19] [60/455] MXCS
[20:06:20] [61/455] RNMT
[20:06:21] [62/455] PSDD
[20:06:22] [63/455] PETA
[20:06:23] [64/455] IZOP
[20:06:23] [65/455] PDEI
[20:06:24] [66/455] MTND
[20:06:25] [67/455] PCPL
[20:06:26] [68/455] LSCM
[20:06:26] 🔄 Identity reset
[20:06:26] 🔄 Identity rotated (every 10 requests)
[20:06:26] [69/455] BTFD
[20:06:27] [70/455] MERM
[20:06:28] [71/455] PVMS
[20:06:29] [72/455] CIGK
[20:06:29] [73/455] INSG
[20:06:30] [74/455] IDEN
[20:06:31] [75/455] MCGN
[20:06:31] [76/455] IGAM
[20:06:32] [77/455] SLCU
[20:06:33] [78/455] MIMU
[20:06:33] 🔄 Identity reset
[20:06:33] 🔄 Identity rotated (every 10 requests)
[20:06:33] [79/455] QLAC
[20:06:34] [80/455] MENL
[20:06:35] [81/455] SCUR
[20:06:36] [82/455] MDGD
[20:06:38] [83/455] LSRS
[20:06:39] [84/455] KMLG
[20:06:40] [85/455] MKLJ
[20:06:40] [86/455] IBYG
[20:06:41] [87/455] ISML
[20:06:42] [88/455] MJMM
[20:06:42] 🔄 Identity reset
[20:06:42] 🔄 Identity rotated (every 10 requests)
[20:06:42] [89/455] RCGD
[20:06:43] [90/455] MMOC
[20:06:44] [91/455] RRCO
[20:06:45] [92/455] MEDM
[20:06:45] [93/455] MCAZ
[20:06:46] [94/455] STWA
[20:06:47] [95/455] PFFG
[20:06:47] [96/455] GAGC
[20:06:48] [97/455] PMPM
[20:06:49] [98/455] HVCD
[20:06:50] 🔄 Identity reset
[20:06:50] 🔄 Identity rotated (every 10 requests)
[20:06:50] [99/455] AKRF
[20:06:51] [100/455] AKRC
[20:06:51] [101/455] MIDA
[20:06:52] [102/455] MAGX
[20:06:53] [103/455] ESOS
[20:06:53] [104/455] BBCL
[20:06:54] [105/455] LYAS
[20:06:55] [106/455] NRMS
[20:06:56] [107/455] BHUC
[20:06:56] [108/455] SRIC
[20:06:57] 🔄 Identity reset
[20:06:57] 🔄 Identity rotated (every 10 requests)
[20:06:57] [109/455] PDME
[20:06:58] [110/455] MJCS
[20:06:59] [111/455] NRAA
[20:07:00] [112/455] VATA
[20:07:01] [113/455] MNKC
[20:07:02] [114/455] DHCL
[20:07:03] [115/455] JCPC
[20:07:03] [116/455] CTML
[20:07:04] [117/455] RMMR
[20:07:05] [118/455] STTL
[20:07:05] 🔄 Identity reset
[20:07:05] 🔄 Identity rotated (every 10 requests)
[20:07:06] [119/455] CNPS
[20:07:06] [120/455] ACKL
[20:07:07] [121/455] SCAU
[20:07:08] [122/455] RMIA
[20:07:09] [123/455] MANU
[20:07:11] [124/455] ARDC
[20:07:11] [125/455] GLDA
[20:07:12] [126/455] KVSW
[20:07:13] [127/455] CGCA
[20:07:13] [128/455] CMLO
[20:07:14] 🔄 Identity reset
[20:07:14] 🔄 Identity rotated (every 10 requests)
[20:07:14] [129/455] CECB
[20:07:15] [130/455] RCPN
[20:07:15] [131/455] ASMW
[20:07:16] [132/455] PWLM
[20:07:18] [133/455] ASGM
[20:07:18] [134/455] ACWH
[20:07:19] [135/455] AAPW
[20:07:20] [136/455] RTWA
[20:07:20] [137/455] RAMW
[20:07:21] [138/455] VKTR
[20:07:22] 🔄 Identity reset
[20:07:22] 🔄 Identity rotated (every 10 requests)
[20:07:22] [139/455] SMBH
[20:07:23] [140/455] BVDR
[20:07:24] [141/455] MRTP
[20:07:25] [142/455] BLBR
[20:07:25] [143/455] LPIN
[20:07:27] [144/455] SNPC
[20:07:28] [145/455] PDCB
[20:07:28] [146/455] DYPK
[20:07:29] [147/455] INMK
[20:07:30] [148/455] PDCK
[20:07:30] 🔄 Identity reset
[20:07:30] 🔄 Identity rotated (every 10 requests)
[20:07:30] [149/455] PCKR
[20:07:31] [150/455] SHUA
[20:07:32] [151/455] SCVK
[20:07:34] [152/455] STPA
[20:07:34] [153/455] WVHD
[20:07:35] [154/455] MRCH
[20:07:36] [155/455] MCNP
[20:07:37] [156/455] RCAG
[20:07:37] [157/455] JTSN
[20:07:38] [158/455] AANS
[20:07:39] 🔄 Identity reset
[20:07:39] 🔄 Identity rotated (every 10 requests)
[20:07:39] [159/455] GDDR
[20:07:39] [160/455] SRER
[20:07:41] [161/455] JKMA
[20:07:42] [162/455] ARAN
[20:07:42] [163/455] ALCT
[20:07:43] [164/455] CCTA
[20:07:43] [165/455] CNCT
[20:07:44] [166/455] NZBL
[20:07:45] [167/455] SRRA
[20:07:46] [168/455] SVPW
[20:07:47] 🔄 Identity reset
[20:07:47] 🔄 Identity rotated (every 10 requests)
[20:07:47] 🔄 Retry 1/5 for SVPW in 2.1s
[20:07:47] 🔄 Identity reset
[20:07:49] 🧠 New identity created
[20:07:49] [169/455] SRTW
[20:07:50] [170/455] XMTD
[20:07:52] [171/455] SCCZ
[20:07:52] [172/455] PBCR
[20:07:53] [173/455] RTSC
[20:07:54] [174/455] TLSV
[20:07:54] [175/455] RMTK
[20:07:55] [176/455] SRAT
[20:07:56] [177/455] GCYC
[20:07:57] 🔄 Identity reset
[20:07:57] 🔄 Identity rotated (every 10 requests)
[20:07:57] 🔄 Retry 1/5 for GCYC in 2.2s
[20:07:57] 🔄 Identity reset
[20:07:59] 🧠 New identity created
[20:07:59] [178/455] HCAJ
[20:07:59] [179/455] LCXA
[20:08:00] [180/455] BINT
[20:08:01] [181/455] IXIM
[20:08:01] [182/455] MBCR
[20:08:02] [183/455] BMCJ
[20:08:03] [184/455] NICJ
[20:08:03] [185/455] SCAJ
[20:08:04] [186/455] CMXS
[20:08:05] 🔄 Identity reset
[20:08:05] 🔄 Identity rotated (every 10 requests)
[20:08:05] [187/455] MMSR
[20:08:05] [188/455] PRKT
[20:08:06] [189/455] LPTH
[20:08:07] [190/455] SARP
[20:08:08] [191/455] MNPP
[20:08:09] [192/455] PRLR
[20:08:09] [193/455] RCMW
[20:08:10] [194/455] FCMG
[20:08:10] [195/455] RTNK
[20:08:11] [196/455] LRCP
[20:08:12] 🔄 Identity reset
[20:08:12] 🔄 Identity rotated (every 10 requests)
[20:08:12] [197/455] DBJR
[20:08:12] [198/455] CACN
[20:08:13] [199/455] AMRL
[20:08:14] [200/455] SBBC
[20:08:15] [201/455] VENN
[20:08:15] [202/455] STSS
[20:08:16] [203/455] SMRB
[20:08:17] [204/455] CCMX
[20:08:18] [205/455] KCMR
[20:08:18] [206/455] SALH
[20:08:19] 🔄 Identity reset
[20:08:19] 🔄 Identity rotated (every 10 requests)
[20:08:19] [207/455] CGTT
[20:08:20] [208/455] PMDR
[20:08:21] [209/455] VCPM
[20:08:22] [210/455] RZMX
[20:08:22] [211/455] TMSY
[20:08:23] [212/455] NTMS
[20:08:24] [213/455] VTAG
[20:08:25] [214/455] REMA
[20:08:26] [215/455] NXCC
[20:08:26] [216/455] SKYM
[20:08:27] 🔄 Identity reset
[20:08:27] 🔄 Identity rotated (every 10 requests)
[20:08:27] [217/455] CCMO
[20:08:28] [218/455] DMXM
[20:08:28] [219/455] SPPM
[20:08:29] [220/455] PTKL
[20:08:30] [221/455] SLVO
[20:08:31] [222/455] VASL
[20:08:32] [223/455] CBCM
[20:08:33] [224/455] STMA
[20:08:34] [225/455] LASK
[20:08:34] [226/455] VITE
[20:08:35] 🔄 Identity reset
[20:08:35] 🔄 Identity rotated (every 10 requests)
[20:08:35] [227/455] AAST
[20:08:36] [228/455] JTPT
[20:08:37] [229/455] RRSH
[20:08:38] [230/455] CINL
[20:08:38] [231/455] MCSR
[20:08:39] [232/455] SBCF
[20:08:40] [233/455] GCDU
[20:08:40] [234/455] PSPR
[20:08:41] [235/455] IMMO
[20:08:42] [236/455] CLGM
[20:08:42] 🔄 Identity reset
[20:08:42] 🔄 Identity rotated (every 10 requests)
[20:08:42] [237/455] PBMM
[20:08:43] [238/455] CEHR
[20:08:44] [239/455] CPOE
[20:08:44] [240/455] PGFD
[20:08:45] [241/455] PSLC
[20:08:46] [242/455] MSMD
[20:08:46] [243/455] FMFB
[20:08:47] [244/455] RKCL
[20:08:48] [245/455] PMMC
[20:08:48] [246/455] SKMM
[20:08:49] 🔄 Identity reset
[20:08:49] 🔄 Identity rotated (every 10 requests)
[20:08:49] 🔄 Retry 1/5 for SKMM in 2.5s
[20:08:49] 🔄 Identity reset
[20:08:51] 🧠 New identity created
[20:08:52] [247/455] VOIB
[20:08:52] [248/455] KINO
[20:08:53] [249/455] VCTP
[20:08:54] [250/455] PDWR
[20:08:54] [251/455] SAED
[20:08:55] [252/455] SRRT
[20:08:56] [253/455] CVLG
[20:08:57] [254/455] SNGN
[20:08:58] [255/455] SIDA
[20:08:58] 🔄 Identity reset
[20:08:58] 🔄 Identity rotated (every 10 requests)
[20:08:58] [256/455] IMCB
[20:08:59] [257/455] SMHP
[20:09:00] [258/455] GDTY
[20:09:00] [259/455] VYCH
[20:09:01] [260/455] PDYA
[20:09:02] [261/455] RKDO
[20:09:03] [262/455] VECG
[20:09:03] [263/455] NFGD
[20:09:04] [264/455] SNDC
[20:09:05] [265/455] SDJH
[20:09:05] 🔄 Identity reset
[20:09:05] 🔄 Identity rotated (every 10 requests)
[20:09:05] [266/455] HASV
[20:09:06] [267/455] PTYK
[20:09:07] [268/455] MUTB
[20:09:07] [269/455] AMRT
[20:09:08] [270/455] VACD
[20:09:09] [271/455] SKDD
[20:09:10] [272/455] STGR
[20:09:10] [273/455] GDAK
[20:09:11] [274/455] SKHK
[20:09:12] [275/455] SLND
[20:09:12] 🔄 Identity reset
[20:09:12] 🔄 Identity rotated (every 10 requests)
[20:09:12] [276/455] APAP
[20:09:13] [277/455] AYYA
[20:09:14] [278/455] VCCZ
[20:09:15] [279/455] MEML
[20:09:15] [280/455] MAOU
[20:09:16] [281/455] ESND
[20:09:17] [282/455] PTBZ
[20:09:18] [283/455] LBCN
[20:09:19] [284/455] PAWA
[20:09:19] [285/455] ZEIC
[20:09:20] 🔄 Identity reset
[20:09:20] 🔄 Identity rotated (every 10 requests)
[20:09:20] [286/455] CGMM
[20:09:21] [287/455] PJPM
[20:09:21] [288/455] ECMR
[20:09:22] [289/455] SHMZ
[20:09:22] [290/455] STCA
[20:09:23] [291/455] VDRC
[20:09:25] [292/455] SEEM
[20:09:25] [293/455] MKNS
[20:09:26] [294/455] KPPP
[20:09:27] [295/455] CCML
[20:09:27] 🔄 Identity reset
[20:09:27] 🔄 Identity rotated (every 10 requests)
[20:09:27] 🔄 Retry 1/5 for CCML in 2.2s
[20:09:27] 🔄 Identity reset
[20:09:30] 🧠 New identity created
[20:09:30] 🔄 Retry 2/5 for CCML in 4.1s
[20:09:30] 🔄 Identity reset
[20:09:34] 🧠 New identity created
[20:09:34] 🔄 Retry 3/5 for CCML in 8.9s
[20:09:34] 🔄 Identity reset
[20:09:43] 🧠 New identity created
[20:09:43] [296/455] CIBA
[20:09:44] [297/455] NACS
[20:09:45] [298/455] CTMK
[20:09:46] [299/455] CTCT
[20:09:46] [300/455] MCSN
[20:09:47] [301/455] MAXX
[20:09:48] [302/455] MECB
[20:09:48] 🔄 Identity reset
[20:09:48] 🔄 Identity rotated (every 10 requests)
[20:09:48] [303/455] NTBY
[20:09:49] [304/455] UTBI
[20:09:50] [305/455] RADK
[20:09:50] [306/455] STBY
[20:09:51] [307/455] GTBY
[20:09:51] [308/455] RRMB
[20:09:53] [309/455] ABRN
[20:09:54] [310/455] GTSG
[20:09:55] [311/455] GBTG
[20:09:55] [312/455] SBGS
[20:09:56] 🔄 Identity reset
[20:09:56] 🔄 Identity rotated (every 10 requests)
[20:09:56] [313/455] KBPM
[20:09:57] [314/455] SMHT
[20:09:57] [315/455] VTDM
[20:09:58] [316/455] ASCT
[20:09:59] [317/455] AWCT
[20:10:00] [318/455] DCCU
[20:10:01] [319/455] PSCE
[20:10:01] [320/455] KSNY
[20:10:02] [321/455] ACID
[20:10:03] [322/455] LVCD
[20:10:04] 🔄 Identity reset
[20:10:04] 🔄 Identity rotated (every 10 requests)
[20:10:04] 🔄 Retry 1/5 for LVCD in 3.0s
[20:10:04] 🔄 Identity reset
[20:10:07] 🧠 New identity created
[20:10:07] [323/455] KSSB
[20:10:07] [324/455] SWTD
[20:10:08] [325/455] RBMR
[20:10:09] [326/455] SCBC
[20:10:10] [327/455] RKME
[20:10:10] [328/455] GALX
[20:10:12] [329/455] GCCH
[20:10:13] [330/455] RATR
[20:10:14] [331/455] GTGA
[20:10:14] 🔄 Identity reset
[20:10:14] 🔄 Identity rotated (every 10 requests)
[20:10:15] [332/455] LTTR
[20:10:15] [333/455] TTAA
[20:10:17] [334/455] TVHP
[20:10:18] [335/455] KVCS
[20:10:18] [336/455] CBMC
[20:10:20] [337/455] MAYJ
[20:10:21] [338/455] INPR
[20:10:22] [339/455] RSSC
[20:10:22] [340/455] PCAN
[20:10:23] [341/455] PVHR
[20:10:24] 🔄 Identity reset
[20:10:24] 🔄 Identity rotated (every 10 requests)
[20:10:24] 🔄 Retry 1/5 for PVHR in 2.3s
[20:10:24] 🔄 Identity reset
[20:10:26] 🧠 New identity created
[20:10:26] 🔄 Retry 2/5 for PVHR in 4.3s
[20:10:26] 🔄 Identity reset
[20:10:31] 🧠 New identity created
[20:10:31] [342/455] AGSM
[20:10:32] [343/455] PVES
[20:10:32] [344/455] INTO
[20:10:33] [345/455] ACON
[20:10:35] [346/455] PVPZ
[20:10:35] [347/455] PVHC
[20:10:36] [348/455] KSTK
[20:10:36] [349/455] PVSR
[20:10:37] 🔄 Identity reset
[20:10:37] 🔄 Identity rotated (every 10 requests)
[20:10:37] [350/455] ACTN
[20:10:38] [351/455] FMCN
[20:10:39] [352/455] PABC
[20:10:39] [353/455] SUTC
[20:10:40] [354/455] PGMV
[20:10:41] [355/455] GKCP
[20:10:41] [356/455] INCH
[20:10:42] [357/455] MLMT
[20:10:43] [358/455] SSCC
[20:10:44] [359/455] SLMP
[20:10:44] 🔄 Identity reset
[20:10:44] 🔄 Identity rotated (every 10 requests)
[20:10:44] [360/455] VVTN
[20:10:45] [361/455] SBTR
[20:10:46] [362/455] PGRA
[20:10:46] [363/455] PBRM
[20:10:47] [364/455] GCRP
[20:10:48] [365/455] MCSK
[20:10:49] [366/455] NLTC
[20:10:50] [367/455] MTLM
[20:10:50] [368/455] VECT
[20:10:51] [369/455] KMRM
[20:10:51] 🔄 Identity reset
[20:10:51] 🔄 Identity rotated (every 10 requests)
[20:10:52] [370/455] RACM
[20:10:52] [371/455] WSTC
[20:10:53] [372/455] PVTJ
[20:10:54] [373/455] MMKC
[20:10:55] [374/455] SVWT
[20:10:55] [375/455] JOTG
[20:10:56] [376/455] VCDK
[20:10:57] [377/455] ANAC
[20:10:58] [378/455] GRTC
[20:10:59] [379/455] JTPL
[20:10:59] 🔄 Identity reset
[20:10:59] 🔄 Identity rotated (every 10 requests)
[20:10:59] 🔄 Retry 1/5 for JTPL in 2.4s
[20:10:59] 🔄 Identity reset
[20:11:02] 🧠 New identity created
[20:11:02] [380/455] VRCP
[20:11:03] [381/455] REMC
[20:11:03] [382/455] ATMG
[20:11:04] [383/455] GAHC
[20:11:05] [384/455] JTMV
[20:11:05] [385/455] OMTT
[20:11:06] [386/455] GKKC
[20:11:07] [387/455] BBPO
[20:11:08] [388/455] ZCBB
[20:11:09] 🔄 Identity reset
[20:11:09] 🔄 Identity rotated (every 10 requests)
[20:11:09] [389/455] DCGO
[20:11:10] [390/455] STOP
[20:11:10] [391/455] BSPC
[20:11:11] [392/455] SOND
[20:11:12] [393/455] GCKG
[20:11:13] [394/455] PCDB
[20:11:14] [395/455] PGRC
[20:11:14] [396/455] CSCT
[20:11:15] [397/455] STDA
[20:11:16] [398/455] JAYD
[20:11:16] 🔄 Identity reset
[20:11:16] 🔄 Identity rotated (every 10 requests)
[20:11:17] [399/455] PPPD
[20:11:17] [400/455] KRTT
[20:11:18] [401/455] PTDT
[20:11:19] [402/455] TRSV
[20:11:20] [403/455] VELR
[20:11:20] [404/455] STDT
[20:11:21] [405/455] SATT
[20:11:21] [406/455] KCPM
[20:11:22] [407/455] MFCP
[20:11:23] [408/455] AXMP
[20:11:24] 🔄 Identity reset
[20:11:24] 🔄 Identity rotated (every 10 requests)
[20:11:25] [409/455] LTVB
[20:11:25] [410/455] APST
[20:11:26] [411/455] DTVP
[20:11:27] [412/455] AAVB
[20:11:29] [413/455] PMBL
[20:11:30] [414/455] STKC
[20:11:31] [415/455] KKMA
[20:11:32] [416/455] NMXS
[20:11:32] [417/455] DECX
[20:11:33] [418/455] MAPJ
[20:11:34] 🔄 Identity reset
[20:11:34] 🔄 Identity rotated (every 10 requests)
[20:11:34] [419/455] SMLK
[20:11:35] [420/455] PMPU
[20:11:35] [421/455] AFST
[20:11:36] [422/455] SRSY
[20:11:37] [423/455] RMKT
[20:11:38] [424/455] RAJX
[20:11:38] [425/455] UVCD
[20:11:39] [426/455] LISA
[20:11:40] [427/455] LMSR
[20:11:41] [428/455] PMCA
[20:11:42] 🔄 Identity reset
[20:11:42] 🔄 Identity rotated (every 10 requests)
[20:11:42] [429/455] INPO
[20:11:43] [430/455] INGO
[20:11:44] [431/455] HFSQ
[20:11:45] [432/455] INMG
[20:11:46] [433/455] NYCP
[20:11:47] [434/455] HFSV
[20:11:47] [435/455] MMZP
[20:11:48] [436/455] KSES
[20:11:49] [437/455] HFSA
[20:11:49] [438/455] ACMM
[20:11:50] 🔄 Identity reset
[20:11:50] 🔄 Identity rotated (every 10 requests)
[20:11:50] [439/455] RCKD
[20:11:51] [440/455] BCKR
[20:11:52] [441/455] SFCO
[20:11:53] [442/455] JCCB
[20:11:54] [443/455] BCCR
[20:11:55] [444/455] NWCB
[20:11:55] [445/455] SAMT
[20:11:57] [446/455] TMST
[20:11:57] [447/455] SJCN
[20:11:58] [448/455] MCBS
[20:11:59] 🔄 Identity reset
[20:11:59] 🔄 Identity rotated (every 10 requests)
[20:11:59] [449/455] CMKR
[20:12:00] [450/455] INPM
[20:12:01] [451/455] WVMT
[20:12:01] [452/455] NYSM
[20:12:02] [453/455] RCMA
[20:12:03] [454/455] RECM
[20:12:03] [455/455] CYCM
[20:12:05] ✅ DONE | Shows=4859 | Movies=85
[21:07:17] 🚀 BMS DAILY TRACKER STARTED (enhanced anti‑detection)
[21:07:17] [1/455] MXGN
[21:07:18] 🧠 New identity created
[21:07:18] [2/455] PGGM
[21:07:19] [3/455] IPMJ
[21:07:19] [4/455] M2PP
[21:07:20] [5/455] PMMS
[21:07:21] [6/455] SCJN
[21:07:22] [7/455] CPUM
[21:07:22] [8/455] SCND
[21:07:24] [9/455] INWM
[21:07:25] [10/455] DVDC
[21:07:25] 🔄 Identity reset
[21:07:25] 🔄 Identity rotated (every 10 requests)
[21:07:25] 🔄 Retry 1/5 for DVDC in 2.5s
[21:07:25] 🔄 Identity reset
[21:07:28] 🧠 New identity created
[21:07:28] [11/455] WVND
[21:07:29] [12/455] LBDL
[21:07:30] [13/455] CRGM
[21:07:30] [14/455] PVKS
[21:07:31] [15/455] PBLL
[21:07:32] [16/455] FNLN
[21:07:33] [17/455] PPDA
[21:07:33] [18/455] SCPT
[21:07:34] [19/455] IAJS
[21:07:35] 🔄 Identity reset
[21:07:35] 🔄 Identity rotated (every 10 requests)
[21:07:35] [20/455] MMZG
[21:07:35] [21/455] MCTI
[21:07:36] [22/455] PPMF
[21:07:36] [23/455] FNSD
[21:07:37] [24/455] M2RH
[21:07:37] [25/455] CPGV
[21:07:38] [26/455] PECD
[21:07:39] [27/455] CTEE
[21:07:39] [28/455] IOMG
[21:07:40] [29/455] CIJA
[21:07:41] 🔄 Identity reset
[21:07:41] 🔄 Identity rotated (every 10 requests)
[21:07:41] 🔄 Retry 1/5 for CIJA in 2.1s
[21:07:41] 🔄 Identity reset
[21:07:43] 🧠 New identity created
[21:07:43] [30/455] NYCG
[21:07:44] [31/455] CEST
[21:07:44] [32/455] WVRG
[21:07:45] [33/455] DPDC
[21:07:46] [34/455] PDIV
[21:07:46] [35/455] MTPP
[21:07:47] [36/455] MHNU
[21:07:48] [37/455] WUPG
[21:07:48] [38/455] USCO
[21:07:49] 🔄 Identity reset
[21:07:49] 🔄 Identity rotated (every 10 requests)
[21:07:49] [39/455] INFR
[21:07:50] [40/455] PVPD
[21:07:51] [41/455] RONC
[21:07:51] [42/455] IOCP
[21:07:52] [43/455] EMPS
[21:07:53] [44/455] PNAD
[21:07:53] [45/455] VVGZ
[21:07:54] [46/455] MDDC
[21:07:55] [47/455] MMAP
[21:07:55] [48/455] GPDC
[21:07:56] 🔄 Identity reset
[21:07:56] 🔄 Identity rotated (every 10 requests)
[21:07:56] [49/455] PVPU
[21:07:57] [50/455] DCMV
[21:07:57] [51/455] PCCF
[21:07:58] [52/455] MCEF
[21:07:58] [53/455] INRD
[21:07:59] [54/455] CCPZ
[21:08:00] [55/455] BCWG
[21:08:01] [56/455] PMGU
[21:08:01] [57/455] MCVM
[21:08:02] [58/455] MCDE
[21:08:02] 🔄 Identity reset
[21:08:02] 🔄 Identity rotated (every 10 requests)
[21:08:02] [59/455] IEFM
[21:08:03] [60/455] MXCS
[21:08:04] [61/455] RNMT
[21:08:04] [62/455] PSDD
[21:08:05] [63/455] PETA
[21:08:06] [64/455] IZOP
[21:08:06] [65/455] PDEI
[21:08:07] [66/455] MTND
[21:08:07] [67/455] PCPL
[21:08:08] [68/455] LSCM
[21:08:09] 🔄 Identity reset
[21:08:09] 🔄 Identity rotated (every 10 requests)
[21:08:09] [69/455] BTFD
[21:08:10] [70/455] MERM
[21:08:10] [71/455] PVMS
[21:08:11] [72/455] CIGK
[21:08:12] [73/455] INSG
[21:08:12] [74/455] IDEN
[21:08:13] [75/455] MCGN
[21:08:14] [76/455] IGAM
[21:08:14] [77/455] SLCU
[21:08:15] [78/455] MIMU
[21:08:16] 🔄 Identity reset
[21:08:16] 🔄 Identity rotated (every 10 requests)
[21:08:16] 🔄 Retry 1/5 for MIMU in 2.3s
[21:08:16] 🔄 Identity reset
[21:08:18] 🧠 New identity created
[21:08:18] [79/455] QLAC
[21:08:19] [80/455] MENL
[21:08:20] [81/455] SCUR
[21:08:20] [82/455] MDGD
[21:08:21] [83/455] LSRS
[21:08:22] [84/455] KMLG
[21:08:23] [85/455] MKLJ
[21:08:24] [86/455] IBYG
[21:08:24] [87/455] ISML
[21:08:25] 🔄 Identity reset
[21:08:25] 🔄 Identity rotated (every 10 requests)
[21:08:25] [88/455] MJMM
[21:08:26] [89/455] RCGD
[21:08:26] [90/455] MMOC
[21:08:27] [91/455] RRCO
[21:08:28] [92/455] MEDM
[21:08:28] [93/455] MCAZ
[21:08:29] [94/455] STWA
[21:08:30] [95/455] PFFG
[21:08:31] [96/455] GAGC
[21:08:32] [97/455] PMPM
[21:08:33] 🔄 Identity reset
[21:08:33] 🔄 Identity rotated (every 10 requests)
[21:08:33] [98/455] HVCD
[21:08:33] [99/455] AKRF
[21:08:35] [100/455] AKRC
[21:08:36] [101/455] MIDA
[21:08:37] [102/455] MAGX
[21:08:37] [103/455] ESOS
[21:08:38] [104/455] BBCL
[21:08:38] [105/455] LYAS
[21:08:39] [106/455] NRMS
[21:08:40] [107/455] BHUC
[21:08:40] 🔄 Identity reset
[21:08:40] 🔄 Identity rotated (every 10 requests)
[21:08:40] [108/455] SRIC
[21:08:41] [109/455] PDME
[21:08:42] [110/455] MJCS
[21:08:42] [111/455] NRAA
[21:08:43] [112/455] VATA
[21:08:44] [113/455] MNKC
[21:08:44] [114/455] DHCL
[21:08:45] [115/455] JCPC
[21:08:46] [116/455] CTML
[21:08:46] [117/455] RMMR
[21:08:47] 🔄 Identity reset
[21:08:47] 🔄 Identity rotated (every 10 requests)
[21:08:47] [118/455] STTL
[21:08:48] [119/455] CNPS
[21:08:48] [120/455] ACKL
[21:08:49] [121/455] SCAU
[21:08:50] [122/455] RMIA
[21:08:50] [123/455] MANU
[21:08:52] [124/455] ARDC
[21:08:53] [125/455] GLDA
[21:08:53] [126/455] KVSW
[21:08:54] [127/455] CGCA
[21:08:54] 🔄 Identity reset
[21:08:55] 🔄 Identity rotated (every 10 requests)
[21:08:55] [128/455] CMLO
[21:08:56] [129/455] CECB
[21:08:57] [130/455] RCPN
[21:08:57] [131/455] ASMW
[21:08:58] [132/455] PWLM
[21:08:59] [133/455] ASGM
[21:08:59] [134/455] ACWH
[21:09:00] [135/455] AAPW
[21:09:01] [136/455] RTWA
[21:09:02] [137/455] RAMW
[21:09:03] 🔄 Identity reset
[21:09:03] 🔄 Identity rotated (every 10 requests)
[21:09:03] [138/455] VKTR
[21:09:03] [139/455] SMBH
[21:09:04] [140/455] BVDR
[21:09:05] [141/455] MRTP
[21:09:06] [142/455] BLBR
[21:09:07] [143/455] LPIN
[21:09:08] [144/455] SNPC
[21:09:09] [145/455] PDCB
[21:09:10] [146/455] DYPK
[21:09:10] [147/455] INMK
[21:09:11] 🔄 Identity reset
[21:09:11] 🔄 Identity rotated (every 10 requests)
[21:09:11] [148/455] PDCK
[21:09:12] [149/455] PCKR
[21:09:12] [150/455] SHUA
[21:09:13] [151/455] SCVK
[21:09:13] [152/455] STPA
[21:09:14] [153/455] WVHD
[21:09:14] [154/455] MRCH
[21:09:15] [155/455] MCNP
[21:09:16] [156/455] RCAG
[21:09:17] [157/455] JTSN
[21:09:17] 🔄 Identity reset
[21:09:17] 🔄 Identity rotated (every 10 requests)
[21:09:17] [158/455] AANS
[21:09:18] [159/455] GDDR
[21:09:19] [160/455] SRER
[21:09:20] [161/455] JKMA
[21:09:21] [162/455] ARAN
[21:09:21] [163/455] ALCT
[21:09:22] [164/455] CCTA
[21:09:24] [165/455] CNCT
[21:09:25] [166/455] NZBL
[21:09:26] [167/455] SRRA
[21:09:26] 🔄 Identity reset
[21:09:26] 🔄 Identity rotated (every 10 requests)
[21:09:26] 🔄 Retry 1/5 for SRRA in 2.4s
[21:09:26] 🔄 Identity reset
[21:09:29] 🧠 New identity created
[21:09:29] 🔄 Retry 2/5 for SRRA in 4.7s
[21:09:29] 🔄 Identity reset
[21:09:33] 🧠 New identity created
[21:09:34] [168/455] SVPW
[21:09:34] [169/455] SRTW
[21:09:35] [170/455] XMTD
[21:09:36] [171/455] SCCZ
[21:09:36] [172/455] PBCR
[21:09:37] [173/455] RTSC
[21:09:37] [174/455] TLSV
[21:09:38] [175/455] RMTK
[21:09:39] 🔄 Identity reset
[21:09:39] 🔄 Identity rotated (every 10 requests)
[21:09:39] [176/455] SRAT
[21:09:40] [177/455] GCYC
[21:09:40] [178/455] HCAJ
[21:09:41] [179/455] LCXA
[21:09:42] [180/455] BINT
[21:09:43] [181/455] IXIM
[21:09:44] [182/455] MBCR
[21:09:44] [183/455] BMCJ
[21:09:45] [184/455] NICJ
[21:09:46] [185/455] SCAJ
[21:09:47] 🔄 Identity reset
[21:09:47] 🔄 Identity rotated (every 10 requests)
[21:09:47] [186/455] CMXS
[21:09:48] [187/455] MMSR
[21:09:49] [188/455] PRKT
[21:09:49] [189/455] LPTH
[21:09:50] [190/455] SARP
[21:09:50] [191/455] MNPP
[21:09:51] [192/455] PRLR
[21:09:52] [193/455] RCMW
[21:09:52] [194/455] FCMG
[21:09:53] [195/455] RTNK
[21:09:53] 🔄 Identity reset
[21:09:53] 🔄 Identity rotated (every 10 requests)
[21:09:54] [196/455] LRCP
[21:09:54] [197/455] DBJR
[21:09:55] [198/455] CACN
[21:09:57] [199/455] AMRL
[21:09:57] [200/455] SBBC
[21:09:58] [201/455] VENN
[21:09:59] [202/455] STSS
[21:09:59] [203/455] SMRB
[21:10:00] [204/455] CCMX
[21:10:01] [205/455] KCMR
[21:10:02] 🔄 Identity reset
[21:10:02] 🔄 Identity rotated (every 10 requests)
[21:10:02] 🔄 Retry 1/5 for KCMR in 2.9s
[21:10:02] 🔄 Identity reset
[21:10:05] 🧠 New identity created
[21:10:05] [206/455] SALH
[21:10:06] [207/455] CGTT
[21:10:06] [208/455] PMDR
[21:10:07] [209/455] VCPM
[21:10:08] [210/455] RZMX
[21:10:08] [211/455] TMSY
[21:10:09] [212/455] NTMS
[21:10:10] [213/455] VTAG
[21:10:11] [214/455] REMA
[21:10:11] 🔄 Identity reset
[21:10:11] 🔄 Identity rotated (every 10 requests)
[21:10:11] 🔄 Retry 1/5 for REMA in 2.8s
[21:10:11] 🔄 Identity reset
[21:10:14] 🧠 New identity created
[21:10:14] [215/455] NXCC
[21:10:15] [216/455] SKYM
[21:10:16] [217/455] CCMO
[21:10:16] [218/455] DMXM
[21:10:17] [219/455] SPPM
[21:10:18] [220/455] PTKL
[21:10:19] [221/455] SLVO
[21:10:19] [222/455] VASL
[21:10:20] [223/455] CBCM
[21:10:21] 🔄 Identity reset
[21:10:21] 🔄 Identity rotated (every 10 requests)
[21:10:21] [224/455] STMA
[21:10:22] [225/455] LASK
[21:10:22] [226/455] VITE
[21:10:23] [227/455] AAST
[21:10:24] [228/455] JTPT
[21:10:25] [229/455] RRSH
[21:10:25] [230/455] CINL
[21:10:26] [231/455] MCSR
[21:10:27] [232/455] SBCF
[21:10:28] [233/455] GCDU
[21:10:29] 🔄 Identity reset
[21:10:29] 🔄 Identity rotated (every 10 requests)
[21:10:29] 🔄 Retry 1/5 for GCDU in 2.8s
[21:10:29] 🔄 Identity reset
[21:10:32] 🧠 New identity created
[21:10:32] [234/455] PSPR
[21:10:33] [235/455] IMMO
[21:10:34] [236/455] CLGM
[21:10:35] [237/455] PBMM
[21:10:36] [238/455] CEHR
[21:10:37] [239/455] CPOE
[21:10:38] [240/455] PGFD
[21:10:38] [241/455] PSLC
[21:10:39] [242/455] MSMD
[21:10:39] 🔄 Identity reset
[21:10:39] 🔄 Identity rotated (every 10 requests)
[21:10:39] 🔄 Retry 1/5 for MSMD in 2.9s
[21:10:39] 🔄 Identity reset
[21:10:42] 🧠 New identity created
[21:10:42] 🔄 Retry 2/5 for MSMD in 4.4s
[21:10:42] 🔄 Identity reset
[21:10:47] 🧠 New identity created
[21:10:47] [243/455] FMFB
[21:10:48] [244/455] RKCL
[21:10:48] [245/455] PMMC
[21:10:49] [246/455] SKMM
[21:10:49] [247/455] VOIB
[21:10:50] [248/455] KINO
[21:10:51] [249/455] VCTP
[21:10:52] [250/455] PDWR
[21:10:52] 🔄 Identity reset
[21:10:52] 🔄 Identity rotated (every 10 requests)
[21:10:52] [251/455] SAED
[21:10:53] [252/455] SRRT
[21:10:54] [253/455] CVLG
[21:10:54] [254/455] SNGN
[21:10:55] [255/455] SIDA
[21:10:56] [256/455] IMCB
[21:10:57] [257/455] SMHP
[21:10:57] [258/455] GDTY
[21:10:58] [259/455] VYCH
[21:10:59] [260/455] PDYA
[21:10:59] 🔄 Identity reset
[21:10:59] 🔄 Identity rotated (every 10 requests)
[21:10:59] 🔄 Retry 1/5 for PDYA in 2.5s
[21:10:59] 🔄 Identity reset
[21:11:02] 🧠 New identity created
[21:11:02] 🔄 Retry 2/5 for PDYA in 4.7s
[21:11:02] 🔄 Identity reset
[21:11:07] 🧠 New identity created
[21:11:07] 🔄 Retry 3/5 for PDYA in 8.9s
[21:11:07] 🔄 Identity reset
[21:11:16] 🧠 New identity created
[21:11:16] 🔄 Retry 4/5 for PDYA in 16.2s
[21:11:16] 🔄 Identity reset
[21:11:32] 🧠 New identity created
[21:11:32] [261/455] RKDO
[21:11:32] [262/455] VECG
[21:11:33] [263/455] NFGD
[21:11:34] [264/455] SNDC
[21:11:35] [265/455] SDJH
[21:11:36] [266/455] HASV
[21:11:36] 🔄 Identity reset
[21:11:36] 🔄 Identity rotated (every 10 requests)
[21:11:36] 🔄 Retry 1/5 for HASV in 2.5s
[21:11:36] 🔄 Identity reset
[21:11:39] 🧠 New identity created
[21:11:39] [267/455] PTYK
[21:11:40] [268/455] MUTB
[21:11:41] [269/455] AMRT
[21:11:42] [270/455] VACD
[21:11:42] [271/455] SKDD
[21:11:43] [272/455] STGR
[21:11:43] [273/455] GDAK
[21:11:44] [274/455] SKHK
[21:11:45] [275/455] SLND
[21:11:45] 🔄 Identity reset
[21:11:45] 🔄 Identity rotated (every 10 requests)
[21:11:45] [276/455] APAP
[21:11:46] [277/455] AYYA
[21:11:47] [278/455] VCCZ
[21:11:48] [279/455] MEML
[21:11:49] [280/455] MAOU
[21:11:50] [281/455] ESND
[21:11:51] [282/455] PTBZ
[21:11:52] [283/455] LBCN
[21:11:53] [284/455] PAWA
[21:11:54] [285/455] ZEIC
[21:11:55] 🔄 Identity reset
[21:11:55] 🔄 Identity rotated (every 10 requests)
[21:11:55] [286/455] CGMM
[21:11:56] [287/455] PJPM
[21:11:57] [288/455] ECMR
[21:11:58] [289/455] SHMZ
[21:11:58] [290/455] STCA
[21:12:00] [291/455] VDRC
[21:12:00] [292/455] SEEM
[21:12:01] [293/455] MKNS
[21:12:03] [294/455] KPPP
[21:12:03] [295/455] CCML
[21:12:04] 🔄 Identity reset
[21:12:04] 🔄 Identity rotated (every 10 requests)
[21:12:04] [296/455] CIBA
[21:12:05] [297/455] NACS
[21:12:06] [298/455] CTMK
[21:12:07] [299/455] CTCT
[21:12:08] [300/455] MCSN
[21:12:09] [301/455] MAXX
[21:12:10] [302/455] MECB
[21:12:11] [303/455] NTBY
[21:12:11] [304/455] UTBI
[21:12:12] [305/455] RADK
[21:12:13] 🔄 Identity reset
[21:12:13] 🔄 Identity rotated (every 10 requests)
[21:12:13] [306/455] STBY
[21:12:14] [307/455] GTBY
[21:12:15] [308/455] RRMB
[21:12:16] [309/455] ABRN
[21:12:17] [310/455] GTSG
[21:12:18] [311/455] GBTG
[21:12:19] [312/455] SBGS
[21:12:20] [313/455] KBPM
[21:12:21] [314/455] SMHT
[21:12:21] [315/455] VTDM
[21:12:22] 🔄 Identity reset
[21:12:22] 🔄 Identity rotated (every 10 requests)
[21:12:22] [316/455] ASCT
[21:12:23] [317/455] AWCT
[21:12:24] [318/455] DCCU
[21:12:25] [319/455] PSCE
[21:12:27] [320/455] KSNY
[21:12:27] [321/455] ACID
[21:12:28] [322/455] LVCD
[21:12:29] [323/455] KSSB
[21:12:30] [324/455] SWTD
[21:12:31] [325/455] RBMR
[21:12:32] 🔄 Identity reset
[21:12:32] 🔄 Identity rotated (every 10 requests)
[21:12:32] [326/455] SCBC
[21:12:33] [327/455] RKME
[21:12:34] [328/455] GALX
[21:12:35] [329/455] GCCH
[21:12:36] [330/455] RATR
[21:12:38] [331/455] GTGA
[21:12:38] [332/455] LTTR
[21:12:39] [333/455] TTAA
[21:12:40] [334/455] TVHP
[21:12:41] [335/455] KVCS
[21:12:41] 🔄 Identity reset
[21:12:41] 🔄 Identity rotated (every 10 requests)
[21:12:41] 🔄 Retry 1/5 for KVCS in 2.3s
[21:12:41] 🔄 Identity reset
[21:12:44] 🧠 New identity created
[21:12:44] [336/455] CBMC
[21:12:45] [337/455] MAYJ
[21:12:46] [338/455] INPR
[21:12:47] [339/455] RSSC
[21:12:48] [340/455] PCAN
[21:12:49] [341/455] PVHR
[21:12:49] [342/455] AGSM
[21:12:50] [343/455] PVES
[21:12:51] [344/455] INTO
[21:12:52] 🔄 Identity reset
[21:12:52] 🔄 Identity rotated (every 10 requests)
[21:12:52] 🔄 Retry 1/5 for INTO in 2.8s
[21:12:52] 🔄 Identity reset
[21:12:55] 🧠 New identity created
[21:12:55] [345/455] ACON
[21:12:56] [346/455] PVPZ
[21:12:57] [347/455] PVHC
[21:12:58] [348/455] KSTK
[21:12:58] [349/455] PVSR
[21:12:59] [350/455] ACTN
[21:13:00] [351/455] FMCN
[21:13:01] [352/455] PABC
[21:13:01] [353/455] SUTC
[21:13:02] 🔄 Identity reset
[21:13:02] 🔄 Identity rotated (every 10 requests)
[21:13:02] [354/455] PGMV
[21:13:03] [355/455] GKCP
[21:13:04] [356/455] INCH
[21:13:05] [357/455] MLMT
[21:13:06] [358/455] SSCC
[21:13:07] [359/455] SLMP
[21:13:07] [360/455] VVTN
[21:13:08] [361/455] SBTR
[21:13:09] [362/455] PGRA
[21:13:10] [363/455] PBRM
[21:13:10] 🔄 Identity reset
[21:13:10] 🔄 Identity rotated (every 10 requests)
[21:13:11] [364/455] GCRP
[21:13:11] [365/455] MCSK
[21:13:12] [366/455] NLTC
[21:13:13] [367/455] MTLM
[21:13:15] [368/455] VECT
[21:13:16] [369/455] KMRM
[21:13:16] [370/455] RACM
[21:13:17] [371/455] WSTC
[21:13:18] [372/455] PVTJ
[21:13:19] [373/455] MMKC
[21:13:19] 🔄 Identity reset
[21:13:19] 🔄 Identity rotated (every 10 requests)
[21:13:20] [374/455] SVWT
[21:13:20] [375/455] JOTG
[21:13:21] [376/455] VCDK
[21:13:22] [377/455] ANAC
[21:13:23] [378/455] GRTC
[21:13:23] [379/455] JTPL
[21:13:24] [380/455] VRCP
[21:13:25] [381/455] REMC
[21:13:26] [382/455] ATMG
[21:13:26] [383/455] GAHC
[21:13:27] 🔄 Identity reset
[21:13:27] 🔄 Identity rotated (every 10 requests)
[21:13:27] [384/455] JTMV
[21:13:28] [385/455] OMTT
[21:13:29] [386/455] GKKC
[21:13:30] [387/455] BBPO
[21:13:31] [388/455] ZCBB
[21:13:32] [389/455] DCGO
[21:13:32] [390/455] STOP
[21:13:33] [391/455] BSPC
[21:13:34] [392/455] SOND
[21:13:35] [393/455] GCKG
[21:13:36] 🔄 Identity reset
[21:13:36] 🔄 Identity rotated (every 10 requests)
[21:13:36] [394/455] PCDB
[21:13:37] [395/455] PGRC
[21:13:38] [396/455] CSCT
[21:13:39] [397/455] STDA
[21:13:40] [398/455] JAYD
[21:13:42] [399/455] PPPD
[21:13:43] [400/455] KRTT
[21:13:44] [401/455] PTDT
[21:13:46] [402/455] TRSV
[21:13:46] [403/455] VELR
[21:13:47] 🔄 Identity reset
[21:13:47] 🔄 Identity rotated (every 10 requests)
[21:13:47] [404/455] STDT
[21:13:48] [405/455] SATT
[21:13:49] [406/455] KCPM
[21:13:50] [407/455] MFCP
[21:13:51] [408/455] AXMP
[21:13:51] [409/455] LTVB
[21:13:52] [410/455] APST
[21:13:53] [411/455] DTVP
[21:13:54] [412/455] AAVB
[21:13:56] [413/455] PMBL
[21:13:57] 🔄 Identity reset
[21:13:57] 🔄 Identity rotated (every 10 requests)
[21:13:57] [414/455] STKC
[21:13:58] [415/455] KKMA
[21:13:58] [416/455] NMXS
[21:13:59] [417/455] DECX
[21:14:00] [418/455] MAPJ
[21:14:01] [419/455] SMLK
[21:14:02] [420/455] PMPU
[21:14:03] [421/455] AFST
[21:14:04] [422/455] SRSY
[21:14:05] [423/455] RMKT
[21:14:05] 🔄 Identity reset
[21:14:05] 🔄 Identity rotated (every 10 requests)
[21:14:05] 🔄 Retry 1/5 for RMKT in 2.9s
[21:14:05] 🔄 Identity reset
[21:14:08] 🧠 New identity created
[21:14:09] [424/455] RAJX
[21:14:10] [425/455] UVCD
[21:14:11] [426/455] LISA
[21:14:12] [427/455] LMSR
[21:14:13] [428/455] PMCA
[21:14:14] [429/455] INPO
[21:14:15] [430/455] INGO
[21:14:16] [431/455] HFSQ
[21:14:16] [432/455] INMG
[21:14:17] 🔄 Identity reset
[21:14:17] 🔄 Identity rotated (every 10 requests)
[21:14:18] [433/455] NYCP
[21:14:18] [434/455] HFSV
[21:14:19] [435/455] MMZP
[21:14:20] [436/455] KSES
[21:14:21] [437/455] HFSA
[21:14:22] [438/455] ACMM
[21:14:23] [439/455] RCKD
[21:14:25] [440/455] BCKR
[21:14:26] [441/455] SFCO
[21:14:26] [442/455] JCCB
[21:14:27] 🔄 Identity reset
[21:14:27] 🔄 Identity rotated (every 10 requests)
[21:14:27] [443/455] BCCR
[21:14:28] [444/455] NWCB
[21:14:29] [445/455] SAMT
[21:14:30] [446/455] TMST
[21:14:31] [447/455] SJCN
[21:14:32] [448/455] MCBS
[21:14:33] [449/455] CMKR
[21:14:34] [450/455] INPM
[21:14:35] [451/455] WVMT
[21:14:36] [452/455] NYSM
[21:14:36] 🔄 Identity reset
[21:14:36] 🔄 Identity rotated (every 10 requests)
[21:14:36] [453/455] RCMA
[21:14:37] [454/455] RECM
[21:14:38] [455/455] CYCM
[21:14:39] ✅ DONE | Shows=4920 | Movies=85
[22:07:18] 🚀 BMS DAILY TRACKER STARTED (enhanced anti‑detection)
[22:07:18] [1/455] MXGN
[22:07:19] 🧠 New identity created
[22:07:20] [2/455] PGGM
[22:07:20] [3/455] IPMJ
[22:07:21] [4/455] M2PP
[22:07:22] [5/455] PMMS
[22:07:23] [6/455] SCJN
[22:07:24] [7/455] CPUM
[22:07:26] [8/455] SCND
[22:07:27] [9/455] INWM
[22:07:28] [10/455] DVDC
[22:07:29] 🔄 Identity reset
[22:07:29] 🔄 Identity rotated (every 10 requests)
[22:07:29] [11/455] WVND
[22:07:31] [12/455] LBDL
[22:07:32] [13/455] CRGM
[22:07:32] [14/455] PVKS
[22:07:33] [15/455] PBLL
[22:07:34] [16/455] FNLN
[22:07:35] [17/455] PPDA
[22:07:36] [18/455] SCPT
[22:07:37] [19/455] IAJS
[22:07:38] [20/455] MMZG
[22:07:39] 🔄 Identity reset
[22:07:39] 🔄 Identity rotated (every 10 requests)
[22:07:39] [21/455] MCTI
[22:07:41] [22/455] PPMF
[22:07:41] [23/455] FNSD
[22:07:42] [24/455] M2RH
[22:07:43] [25/455] CPGV
[22:07:44] [26/455] PECD
[22:07:45] [27/455] CTEE
[22:07:46] [28/455] IOMG
[22:07:47] [29/455] CIJA
[22:07:48] [30/455] NYCG
[22:07:49] 🔄 Identity reset
[22:07:49] 🔄 Identity rotated (every 10 requests)
[22:07:49] [31/455] CEST
[22:07:50] [32/455] WVRG
[22:07:51] [33/455] DPDC
[22:07:52] [34/455] PDIV
[22:07:52] [35/455] MTPP
[22:07:53] [36/455] MHNU
[22:07:54] [37/455] WUPG
[22:07:55] [38/455] USCO
[22:07:56] [39/455] INFR
[22:07:57] [40/455] PVPD
[22:07:57] 🔄 Identity reset
[22:07:57] 🔄 Identity rotated (every 10 requests)
[22:07:58] [41/455] RONC
[22:07:59] [42/455] IOCP
[22:08:00] [43/455] EMPS
[22:08:01] [44/455] PNAD
[22:08:02] [45/455] VVGZ
[22:08:02] [46/455] MDDC
[22:08:03] [47/455] MMAP
[22:08:04] [48/455] GPDC
[22:08:05] [49/455] PVPU
[22:08:06] [50/455] DCMV
[22:08:07] 🔄 Identity reset
[22:08:07] 🔄 Identity rotated (every 10 requests)
[22:08:07] [51/455] PCCF
[22:08:09] [52/455] MCEF
[22:08:10] [53/455] INRD
[22:08:11] [54/455] CCPZ
[22:08:12] [55/455] BCWG
[22:08:13] [56/455] PMGU
[22:08:14] [57/455] MCVM
[22:08:15] [58/455] MCDE
[22:08:16] [59/455] IEFM
[22:08:17] [60/455] MXCS
[22:08:17] 🔄 Identity reset
[22:08:17] 🔄 Identity rotated (every 10 requests)
[22:08:17] 🔄 Retry 1/5 for MXCS in 2.7s
[22:08:17] 🔄 Identity reset
[22:08:20] 🧠 New identity created
[22:08:21] [61/455] RNMT
[22:08:21] [62/455] PSDD
[22:08:22] [63/455] PETA
[22:08:24] [64/455] IZOP
[22:08:25] [65/455] PDEI
[22:08:26] [66/455] MTND
[22:08:27] [67/455] PCPL
[22:08:28] [68/455] LSCM
[22:08:29] [69/455] BTFD
[22:08:29] 🔄 Identity reset
[22:08:29] 🔄 Identity rotated (every 10 requests)
[22:08:30] [70/455] MERM
[22:08:31] [71/455] PVMS
[22:08:33] [72/455] CIGK
[22:08:34] [73/455] INSG
[22:08:35] [74/455] IDEN
[22:08:36] [75/455] MCGN
[22:08:37] [76/455] IGAM
[22:08:38] [77/455] SLCU
[22:08:39] [78/455] MIMU
[22:08:40] [79/455] QLAC
[22:08:40] 🔄 Identity reset
[22:08:40] 🔄 Identity rotated (every 10 requests)
[22:08:41] [80/455] MENL
[22:08:41] [81/455] SCUR
[22:08:42] [82/455] MDGD
[22:08:43] [83/455] LSRS
[22:08:44] [84/455] KMLG
[22:08:45] [85/455] MKLJ
[22:08:46] [86/455] IBYG
[22:08:47] [87/455] ISML
[22:08:48] [88/455] MJMM
[22:08:49] [89/455] RCGD
[22:08:50] 🔄 Identity reset
[22:08:50] 🔄 Identity rotated (every 10 requests)
[22:08:50] [90/455] MMOC
[22:08:51] [91/455] RRCO
[22:08:52] [92/455] MEDM
[22:08:53] [93/455] MCAZ
[22:08:54] [94/455] STWA
[22:08:54] [95/455] PFFG
[22:08:55] [96/455] GAGC
[22:08:56] [97/455] PMPM
[22:08:58] [98/455] HVCD
[22:08:59] [99/455] AKRF
[22:09:00] 🔄 Identity reset
[22:09:00] 🔄 Identity rotated (every 10 requests)
[22:09:00] [100/455] AKRC
[22:09:01] [101/455] MIDA
[22:09:02] [102/455] MAGX
[22:09:03] [103/455] ESOS
[22:09:04] [104/455] BBCL
[22:09:05] [105/455] LYAS
[22:09:06] [106/455] NRMS
[22:09:07] [107/455] BHUC
[22:09:08] [108/455] SRIC
[22:09:08] [109/455] PDME
[22:09:09] 🔄 Identity reset
[22:09:09] 🔄 Identity rotated (every 10 requests)
[22:09:10] [110/455] MJCS
[22:09:10] [111/455] NRAA
[22:09:11] [112/455] VATA
[22:09:12] [113/455] MNKC
[22:09:13] [114/455] DHCL
[22:09:14] [115/455] JCPC
[22:09:15] [116/455] CTML
[22:09:17] [117/455] RMMR
[22:09:18] [118/455] STTL
[22:09:19] [119/455] CNPS
[22:09:20] 🔄 Identity reset
[22:09:20] 🔄 Identity rotated (every 10 requests)
[22:09:20] [120/455] ACKL
[22:09:21] [121/455] SCAU
[22:09:22] [122/455] RMIA
[22:09:23] [123/455] MANU
[22:09:23] [124/455] ARDC
[22:09:24] [125/455] GLDA
[22:09:25] [126/455] KVSW
[22:09:26] [127/455] CGCA
[22:09:27] [128/455] CMLO
[22:09:28] [129/455] CECB
[22:09:29] 🔄 Identity reset
[22:09:29] 🔄 Identity rotated (every 10 requests)
[22:09:30] [130/455] RCPN
[22:09:31] [131/455] ASMW
[22:09:32] [132/455] PWLM
[22:09:33] [133/455] ASGM
[22:09:34] [134/455] ACWH
[22:09:36] [135/455] AAPW
[22:09:36] [136/455] RTWA
[22:09:37] [137/455] RAMW
[22:09:38] [138/455] VKTR
[22:09:39] [139/455] SMBH
[22:09:40] 🔄 Identity reset
[22:09:40] 🔄 Identity rotated (every 10 requests)
[22:09:40] [140/455] BVDR
[22:09:41] [141/455] MRTP
[22:09:42] [142/455] BLBR
[22:09:43] [143/455] LPIN
[22:09:44] [144/455] SNPC
[22:09:45] [145/455] PDCB
[22:09:46] [146/455] DYPK
[22:09:47] [147/455] INMK
[22:09:48] [148/455] PDCK
[22:09:49] [149/455] PCKR
[22:09:50] 🔄 Identity reset
[22:09:50] 🔄 Identity rotated (every 10 requests)
[22:09:50] [150/455] SHUA
[22:09:51] [151/455] SCVK
[22:09:52] [152/455] STPA
[22:09:53] [153/455] WVHD
[22:09:54] [154/455] MRCH
[22:09:55] [155/455] MCNP
[22:09:56] [156/455] RCAG
[22:09:57] [157/455] JTSN
[22:09:58] [158/455] AANS
[22:09:59] [159/455] GDDR
[22:10:00] 🔄 Identity reset
[22:10:00] 🔄 Identity rotated (every 10 requests)
[22:10:00] [160/455] SRER
[22:10:01] [161/455] JKMA
[22:10:02] [162/455] ARAN
[22:10:03] [163/455] ALCT
[22:10:04] [164/455] CCTA
[22:10:05] [165/455] CNCT
[22:10:05] [166/455] NZBL
[22:10:06] [167/455] SRRA
[22:10:07] [168/455] SVPW
[22:10:08] [169/455] SRTW
[22:10:09] 🔄 Identity reset
[22:10:09] 🔄 Identity rotated (every 10 requests)
[22:10:10] [170/455] XMTD
[22:10:11] [171/455] SCCZ
[22:10:12] [172/455] PBCR
[22:10:13] [173/455] RTSC
[22:10:14] [174/455] TLSV
[22:10:14] [175/455] RMTK
[22:10:15] [176/455] SRAT
[22:10:16] [177/455] GCYC
[22:10:17] [178/455] HCAJ
[22:10:18] [179/455] LCXA
[22:10:19] 🔄 Identity reset
[22:10:19] 🔄 Identity rotated (every 10 requests)
[22:10:19] [180/455] BINT
[22:10:20] [181/455] IXIM
[22:10:21] [182/455] MBCR
[22:10:22] [183/455] BMCJ
[22:10:23] [184/455] NICJ
[22:10:24] [185/455] SCAJ
[22:10:25] [186/455] CMXS
[22:10:26] [187/455] MMSR
[22:10:27] [188/455] PRKT
[22:10:28] [189/455] LPTH
[22:10:28] 🔄 Identity reset
[22:10:28] 🔄 Identity rotated (every 10 requests)
[22:10:29] [190/455] SARP
[22:10:30] [191/455] MNPP
[22:10:30] [192/455] PRLR
[22:10:32] [193/455] RCMW
[22:10:33] [194/455] FCMG
[22:10:34] [195/455] RTNK
[22:10:35] [196/455] LRCP
[22:10:36] [197/455] DBJR
[22:10:37] [198/455] CACN
[22:10:38] [199/455] AMRL
[22:10:38] 🔄 Identity reset
[22:10:38] 🔄 Identity rotated (every 10 requests)
[22:10:38] 🔄 Retry 1/5 for AMRL in 3.0s
[22:10:38] 🔄 Identity reset
[22:10:41] 🧠 New identity created
[22:10:41] 🔄 Retry 2/5 for AMRL in 4.4s
[22:10:41] 🔄 Identity reset
[22:10:46] 🧠 New identity created
[22:10:46] [200/455] SBBC
[22:10:47] [201/455] VENN
[22:10:48] [202/455] STSS
[22:10:49] [203/455] SMRB
[22:10:50] [204/455] CCMX
[22:10:51] [205/455] KCMR
[22:10:52] [206/455] SALH
[22:10:53] [207/455] CGTT
[22:10:54] 🔄 Identity reset
[22:10:54] 🔄 Identity rotated (every 10 requests)
[22:10:54] 🔄 Retry 1/5 for CGTT in 2.5s
[22:10:54] 🔄 Identity reset
[22:10:56] 🧠 New identity created
[22:10:57] [208/455] PMDR
[22:10:58] [209/455] VCPM
[22:10:59] [210/455] RZMX
[22:11:00] [211/455] TMSY
[22:11:01] [212/455] NTMS
[22:11:01] [213/455] VTAG
[22:11:03] [214/455] REMA
[22:11:03] [215/455] NXCC
[22:11:05] [216/455] SKYM
[22:11:06] 🔄 Identity reset
[22:11:06] 🔄 Identity rotated (every 10 requests)
[22:11:06] [217/455] CCMO
[22:11:07] [218/455] DMXM
[22:11:08] [219/455] SPPM
[22:11:08] [220/455] PTKL
[22:11:09] [221/455] SLVO
[22:11:10] [222/455] VASL
[22:11:11] [223/455] CBCM
[22:11:12] [224/455] STMA
[22:11:13] [225/455] LASK
[22:11:14] [226/455] VITE
[22:11:15] 🔄 Identity reset
[22:11:15] 🔄 Identity rotated (every 10 requests)
[22:11:15] [227/455] AAST
[22:11:16] [228/455] JTPT
[22:11:17] [229/455] RRSH
[22:11:18] [230/455] CINL
[22:11:19] [231/455] MCSR
[22:11:19] [232/455] SBCF
[22:11:20] [233/455] GCDU
[22:11:21] [234/455] PSPR
[22:11:23] [235/455] IMMO
[22:11:24] [236/455] CLGM
[22:11:24] 🔄 Identity reset
[22:11:24] 🔄 Identity rotated (every 10 requests)
[22:11:25] [237/455] PBMM
[22:11:26] [238/455] CEHR
[22:11:26] [239/455] CPOE
[22:11:27] [240/455] PGFD
[22:11:28] [241/455] PSLC
[22:11:29] [242/455] MSMD
[22:11:30] [243/455] FMFB
[22:11:31] [244/455] RKCL
[22:11:32] [245/455] PMMC
[22:11:33] [246/455] SKMM
[22:11:33] 🔄 Identity reset
[22:11:33] 🔄 Identity rotated (every 10 requests)
[22:11:34] [247/455] VOIB
[22:11:35] [248/455] KINO
[22:11:36] [249/455] VCTP
[22:11:37] [250/455] PDWR
[22:11:37] [251/455] SAED
[22:11:38] [252/455] SRRT
[22:11:39] [253/455] CVLG
[22:11:40] [254/455] SNGN
[22:11:41] [255/455] SIDA
[22:11:42] [256/455] IMCB
[22:11:43] 🔄 Identity reset
[22:11:43] 🔄 Identity rotated (every 10 requests)
[22:11:43] 🔄 Retry 1/5 for IMCB in 2.6s
[22:11:43] 🔄 Identity reset
[22:11:46] 🧠 New identity created
[22:11:46] [257/455] SMHP
[22:11:47] [258/455] GDTY
[22:11:48] [259/455] VYCH
[22:11:49] [260/455] PDYA
[22:11:50] [261/455] RKDO
[22:11:50] [262/455] VECG
[22:11:51] [263/455] NFGD
[22:11:52] [264/455] SNDC
[22:11:53] [265/455] SDJH
[22:11:53] 🔄 Identity reset
[22:11:53] 🔄 Identity rotated (every 10 requests)
[22:11:54] [266/455] HASV
[22:11:55] [267/455] PTYK
[22:11:56] [268/455] MUTB
[22:11:57] [269/455] AMRT
[22:11:58] [270/455] VACD
[22:11:59] [271/455] SKDD
[22:12:00] [272/455] STGR
[22:12:01] [273/455] GDAK
[22:12:02] [274/455] SKHK
[22:12:03] [275/455] SLND
[22:12:03] 🔄 Identity reset
[22:12:03] 🔄 Identity rotated (every 10 requests)
[22:12:04] [276/455] APAP
[22:12:04] [277/455] AYYA
[22:12:05] [278/455] VCCZ
[22:12:06] [279/455] MEML
[22:12:07] [280/455] MAOU
[22:12:09] [281/455] ESND
[22:12:10] [282/455] PTBZ
[22:12:11] [283/455] LBCN
[22:12:12] [284/455] PAWA
[22:12:13] [285/455] ZEIC
[22:12:13] 🔄 Identity reset
[22:12:13] 🔄 Identity rotated (every 10 requests)
[22:12:14] [286/455] CGMM
[22:12:15] [287/455] PJPM
[22:12:16] [288/455] ECMR
[22:12:17] [289/455] SHMZ
[22:12:18] [290/455] STCA
[22:12:19] [291/455] VDRC
[22:12:20] [292/455] SEEM
[22:12:21] [293/455] MKNS
[22:12:22] [294/455] KPPP
[22:12:23] [295/455] CCML
[22:12:23] 🔄 Identity reset
[22:12:23] 🔄 Identity rotated (every 10 requests)
[22:12:24] [296/455] CIBA
[22:12:25] [297/455] NACS
[22:12:26] [298/455] CTMK
[22:12:27] [299/455] CTCT
[22:12:28] [300/455] MCSN
[22:12:29] [301/455] MAXX
[22:12:30] [302/455] MECB
[22:12:31] [303/455] NTBY
[22:12:32] [304/455] UTBI
[22:12:33] [305/455] RADK
[22:12:33] 🔄 Identity reset
[22:12:33] 🔄 Identity rotated (every 10 requests)
[22:12:34] [306/455] STBY
[22:12:35] [307/455] GTBY
[22:12:35] [308/455] RRMB
[22:12:36] [309/455] ABRN
[22:12:38] [310/455] GTSG
[22:12:38] [311/455] GBTG
[22:12:39] [312/455] SBGS
[22:12:40] [313/455] KBPM
[22:12:41] [314/455] SMHT
[22:12:42] [315/455] VTDM
[22:12:43] 🔄 Identity reset
[22:12:43] 🔄 Identity rotated (every 10 requests)
[22:12:43] [316/455] ASCT
[22:12:44] [317/455] AWCT
[22:12:45] [318/455] DCCU
[22:12:46] [319/455] PSCE
[22:12:47] [320/455] KSNY
[22:12:48] [321/455] ACID
[22:12:49] [322/455] LVCD
[22:12:50] [323/455] KSSB
[22:12:51] [324/455] SWTD
[22:12:53] [325/455] RBMR
[22:12:53] 🔄 Identity reset
[22:12:53] 🔄 Identity rotated (every 10 requests)
[22:12:53] [326/455] SCBC
[22:12:54] [327/455] RKME
[22:12:56] [328/455] GALX
[22:12:58] [329/455] GCCH
[22:12:58] [330/455] RATR
[22:13:00] [331/455] GTGA
[22:13:01] [332/455] LTTR
[22:13:02] [333/455] TTAA
[22:13:03] [334/455] TVHP
[22:13:04] [335/455] KVCS
[22:13:04] 🔄 Identity reset
[22:13:04] 🔄 Identity rotated (every 10 requests)
[22:13:04] 🔄 Retry 1/5 for KVCS in 2.1s
[22:13:04] 🔄 Identity reset
[22:13:07] 🧠 New identity created
[22:13:08] [336/455] CBMC
[22:13:09] [337/455] MAYJ
[22:13:10] [338/455] INPR
[22:13:10] [339/455] RSSC
[22:13:12] [340/455] PCAN
[22:13:12] [341/455] PVHR
[22:13:13] [342/455] AGSM
[22:13:14] [343/455] PVES
[22:13:15] [344/455] INTO
[22:13:16] 🔄 Identity reset
[22:13:16] 🔄 Identity rotated (every 10 requests)
[22:13:16] [345/455] ACON
[22:13:18] [346/455] PVPZ
[22:13:20] [347/455] PVHC
[22:13:20] [348/455] KSTK
[22:13:21] [349/455] PVSR
[22:13:22] [350/455] ACTN
[22:13:23] [351/455] FMCN
[22:13:24] [352/455] PABC
[22:13:25] [353/455] SUTC
[22:13:26] [354/455] PGMV
[22:13:27] 🔄 Identity reset
[22:13:27] 🔄 Identity rotated (every 10 requests)
[22:13:27] [355/455] GKCP
[22:13:28] [356/455] INCH
[22:13:29] [357/455] MLMT
[22:13:30] [358/455] SSCC
[22:13:31] [359/455] SLMP
[22:13:31] [360/455] VVTN
[22:13:32] [361/455] SBTR
[22:13:33] [362/455] PGRA
[22:13:34] [363/455] PBRM
[22:13:35] [364/455] GCRP
[22:13:35] 🔄 Identity reset
[22:13:35] 🔄 Identity rotated (every 10 requests)
[22:13:36] [365/455] MCSK
[22:13:37] [366/455] NLTC
[22:13:38] [367/455] MTLM
[22:13:39] [368/455] VECT
[22:13:40] [369/455] KMRM
[22:13:41] [370/455] RACM
[22:13:42] [371/455] WSTC
[22:13:42] [372/455] PVTJ
[22:13:43] [373/455] MMKC
[22:13:44] [374/455] SVWT
[22:13:45] 🔄 Identity reset
[22:13:45] 🔄 Identity rotated (every 10 requests)
[22:13:45] [375/455] JOTG
[22:13:46] [376/455] VCDK
[22:13:47] [377/455] ANAC
[22:13:48] [378/455] GRTC
[22:13:49] [379/455] JTPL
[22:13:50] [380/455] VRCP
[22:13:51] [381/455] REMC
[22:13:52] [382/455] ATMG
[22:13:53] [383/455] GAHC
[22:13:54] [384/455] JTMV
[22:13:55] 🔄 Identity reset
[22:13:55] 🔄 Identity rotated (every 10 requests)
[22:13:55] [385/455] OMTT
[22:13:56] [386/455] GKKC
[22:13:57] [387/455] BBPO
[22:13:58] [388/455] ZCBB
[22:13:59] [389/455] DCGO
[22:14:00] [390/455] STOP
[22:14:01] [391/455] BSPC
[22:14:02] [392/455] SOND
[22:14:02] [393/455] GCKG
[22:14:03] [394/455] PCDB
[22:14:04] 🔄 Identity reset
[22:14:04] 🔄 Identity rotated (every 10 requests)
[22:14:04] [395/455] PGRC
[22:14:05] [396/455] CSCT
[22:14:06] [397/455] STDA
[22:14:07] [398/455] JAYD
[22:14:08] [399/455] PPPD
[22:14:09] [400/455] KRTT
[22:14:10] [401/455] PTDT
[22:14:10] [402/455] TRSV
[22:14:11] [403/455] VELR
[22:14:12] [404/455] STDT
[22:14:13] 🔄 Identity reset
[22:14:13] 🔄 Identity rotated (every 10 requests)
[22:14:13] [405/455] SATT
[22:14:14] [406/455] KCPM
[22:14:15] [407/455] MFCP
[22:14:17] [408/455] AXMP
[22:14:18] [409/455] LTVB
[22:14:19] [410/455] APST
[22:14:20] [411/455] DTVP
[22:14:21] [412/455] AAVB
[22:14:21] [413/455] PMBL
[22:14:23] [414/455] STKC
[22:14:24] 🔄 Identity reset
[22:14:24] 🔄 Identity rotated (every 10 requests)
[22:14:24] [415/455] KKMA
[22:14:25] [416/455] NMXS
[22:14:27] [417/455] DECX
[22:14:28] [418/455] MAPJ
[22:14:29] [419/455] SMLK
[22:14:30] [420/455] PMPU
[22:14:30] [421/455] AFST
[22:14:32] [422/455] SRSY
[22:14:32] [423/455] RMKT
[22:14:33] [424/455] RAJX
[22:14:34] 🔄 Identity reset
[22:14:34] 🔄 Identity rotated (every 10 requests)
[22:14:34] [425/455] UVCD
[22:14:35] [426/455] LISA
[22:14:36] [427/455] LMSR
[22:14:37] [428/455] PMCA
[22:14:38] [429/455] INPO
[22:14:39] [430/455] INGO
[22:14:40] [431/455] HFSQ
[22:14:41] [432/455] INMG
[22:14:42] [433/455] NYCP
[22:14:43] [434/455] HFSV
[22:14:43] 🔄 Identity reset
[22:14:43] 🔄 Identity rotated (every 10 requests)
[22:14:44] [435/455] MMZP
[22:14:45] [436/455] KSES
[22:14:46] [437/455] HFSA
[22:14:47] [438/455] ACMM
[22:14:48] [439/455] RCKD
[22:14:49] [440/455] BCKR
[22:14:50] [441/455] SFCO
[22:14:51] [442/455] JCCB
[22:14:52] [443/455] BCCR
[22:14:52] [444/455] NWCB
[22:14:53] 🔄 Identity reset
[22:14:53] 🔄 Identity rotated (every 10 requests)
[22:14:53] [445/455] SAMT
[22:14:54] [446/455] TMST
[22:14:55] [447/455] SJCN
[22:14:56] [448/455] MCBS
[22:14:57] [449/455] CMKR
[22:14:58] [450/455] INPM
[22:14:59] [451/455] WVMT
[22:15:00] [452/455] NYSM
[22:15:01] [453/455] RCMA
[22:15:03] [454/455] RECM
[22:15:03] 🔄 Identity reset
[22:15:03] 🔄 Identity rotated (every 10 requests)
[22:15:04] [455/455] CYCM
[22:15:05] ✅ DONE | Shows=4922 | Movies=85
[22:40:20] 🚀 BMS DAILY TRACKER STARTED (enhanced anti‑detection)
[22:40:20] [1/455] MXGN
[22:40:21] 🧠 New identity created
[22:40:22] [2/455] PGGM
[22:40:23] [3/455] IPMJ
[22:40:23] [4/455] M2PP
[22:40:24] [5/455] PMMS
[22:40:25] [6/455] SCJN
[22:40:26] [7/455] CPUM
[22:40:27] [8/455] SCND
[22:40:28] [9/455] INWM
[22:40:29] [10/455] DVDC
[22:40:29] 🔄 Identity reset
[22:40:29] 🔄 Identity rotated (every 10 requests)
[22:40:30] [11/455] WVND
[22:40:31] [12/455] LBDL
[22:40:31] [13/455] CRGM
[22:40:33] [14/455] PVKS
[22:40:34] [15/455] PBLL
[22:40:35] [16/455] FNLN
[22:40:36] [17/455] PPDA
[22:40:37] [18/455] SCPT
[22:40:38] [19/455] IAJS
[22:40:39] [20/455] MMZG
[22:40:40] 🔄 Identity reset
[22:40:40] 🔄 Identity rotated (every 10 requests)
[22:40:40] 🔄 Retry 1/5 for MMZG in 2.8s
[22:40:40] 🔄 Identity reset
[22:40:43] 🧠 New identity created
[22:40:43] [21/455] MCTI
[22:40:44] [22/455] PPMF
[22:40:45] [23/455] FNSD
[22:40:46] [24/455] M2RH
[22:40:47] [25/455] CPGV
[22:40:48] [26/455] PECD
[22:40:49] [27/455] CTEE
[22:40:50] [28/455] IOMG
[22:40:51] [29/455] CIJA
[22:40:52] 🔄 Identity reset
[22:40:52] 🔄 Identity rotated (every 10 requests)
[22:40:52] [30/455] NYCG
[22:40:53] [31/455] CEST
[22:40:54] [32/455] WVRG
[22:40:55] [33/455] DPDC
[22:40:56] [34/455] PDIV
[22:40:56] [35/455] MTPP
[22:40:57] [36/455] MHNU
[22:40:58] [37/455] WUPG
[22:40:59] [38/455] USCO
[22:41:00] [39/455] INFR
[22:41:01] 🔄 Identity reset
[22:41:01] 🔄 Identity rotated (every 10 requests)
[22:41:01] [40/455] PVPD
[22:41:02] [41/455] RONC
[22:41:04] [42/455] IOCP
[22:41:05] [43/455] EMPS
[22:41:05] [44/455] PNAD
[22:41:07] [45/455] VVGZ
[22:41:08] [46/455] MDDC
[22:41:09] [47/455] MMAP
[22:41:10] [48/455] GPDC
[22:41:11] [49/455] PVPU
[22:41:11] 🔄 Identity reset
[22:41:11] 🔄 Identity rotated (every 10 requests)
[22:41:12] [50/455] DCMV
[22:41:13] [51/455] PCCF
[22:41:14] [52/455] MCEF
[22:41:15] [53/455] INRD
[22:41:16] [54/455] CCPZ
[22:41:17] [55/455] BCWG
[22:41:18] [56/455] PMGU
[22:41:18] [57/455] MCVM
[22:41:19] [58/455] MCDE
[22:41:20] [59/455] IEFM
[22:41:21] 🔄 Identity reset
[22:41:21] 🔄 Identity rotated (every 10 requests)
[22:41:21] [60/455] MXCS
[22:41:22] [61/455] RNMT
[22:41:23] [62/455] PSDD
[22:41:24] [63/455] PETA
[22:41:25] [64/455] IZOP
[22:41:26] [65/455] PDEI
[22:41:28] [66/455] MTND
[22:41:29] [67/455] PCPL
[22:41:30] [68/455] LSCM
[22:41:31] [69/455] BTFD
[22:41:32] 🔄 Identity reset
[22:41:32] 🔄 Identity rotated (every 10 requests)
[22:41:32] [70/455] MERM
[22:41:34] [71/455] PVMS
[22:41:35] [72/455] CIGK
[22:41:36] [73/455] INSG
[22:41:37] [74/455] IDEN
[22:41:38] [75/455] MCGN
[22:41:39] [76/455] IGAM
[22:41:39] [77/455] SLCU
[22:41:40] [78/455] MIMU
[22:41:41] [79/455] QLAC
[22:41:42] 🔄 Identity reset
[22:41:42] 🔄 Identity rotated (every 10 requests)
[22:41:42] [80/455] MENL
[22:41:43] [81/455] SCUR
[22:41:44] [82/455] MDGD
[22:41:45] [83/455] LSRS
[22:41:46] [84/455] KMLG
[22:41:48] [85/455] MKLJ
[22:41:48] [86/455] IBYG
[22:41:49] [87/455] ISML
[22:41:50] [88/455] MJMM
[22:41:51] [89/455] RCGD
[22:41:52] 🔄 Identity reset
[22:41:52] 🔄 Identity rotated (every 10 requests)
[22:41:52] [90/455] MMOC
[22:41:53] [91/455] RRCO
[22:41:54] [92/455] MEDM
[22:41:55] [93/455] MCAZ
[22:41:56] [94/455] STWA
[22:41:57] [95/455] PFFG
[22:41:58] [96/455] GAGC
[22:41:59] [97/455] PMPM
[22:42:00] [98/455] HVCD
[22:42:01] [99/455] AKRF
[22:42:01] 🔄 Identity reset
[22:42:01] 🔄 Identity rotated (every 10 requests)
[22:42:02] [100/455] AKRC
[22:42:03] [101/455] MIDA
[22:42:04] [102/455] MAGX
[22:42:05] [103/455] ESOS
[22:42:06] [104/455] BBCL
[22:42:07] [105/455] LYAS
[22:42:07] [106/455] NRMS
[22:42:08] [107/455] BHUC
[22:42:09] [108/455] SRIC
[22:42:10] [109/455] PDME
[22:42:11] 🔄 Identity reset
[22:42:11] 🔄 Identity rotated (every 10 requests)
[22:42:11] [110/455] MJCS
[22:42:12] [111/455] NRAA
[22:42:13] [112/455] VATA
[22:42:14] [113/455] MNKC
[22:42:14] [114/455] DHCL
[22:42:15] [115/455] JCPC
[22:42:16] [116/455] CTML
[22:42:17] [117/455] RMMR
[22:42:18] [118/455] STTL
[22:42:19] [119/455] CNPS
[22:42:20] 🔄 Identity reset
[22:42:20] 🔄 Identity rotated (every 10 requests)
[22:42:20] [120/455] ACKL
[22:42:21] [121/455] SCAU
[22:42:22] [122/455] RMIA
[22:42:23] [123/455] MANU
[22:42:24] [124/455] ARDC
[22:42:25] [125/455] GLDA
[22:42:26] [126/455] KVSW
[22:42:27] [127/455] CGCA
[22:42:28] [128/455] CMLO
[22:42:29] [129/455] CECB
[22:42:30] 🔄 Identity reset
[22:42:30] 🔄 Identity rotated (every 10 requests)
[22:42:30] [130/455] RCPN
[22:42:31] [131/455] ASMW
[22:42:32] [132/455] PWLM
[22:42:33] [133/455] ASGM
[22:42:34] [134/455] ACWH
[22:42:35] [135/455] AAPW
[22:42:36] [136/455] RTWA
[22:42:37] [137/455] RAMW
[22:42:38] [138/455] VKTR
[22:42:39] [139/455] SMBH
[22:42:39] 🔄 Identity reset
[22:42:39] 🔄 Identity rotated (every 10 requests)
[22:42:40] [140/455] BVDR
[22:42:42] [141/455] MRTP
[22:42:43] [142/455] BLBR
[22:42:44] [143/455] LPIN
[22:42:45] [144/455] SNPC
[22:42:46] [145/455] PDCB
[22:42:47] [146/455] DYPK
[22:42:48] [147/455] INMK
[22:42:49] [148/455] PDCK
[22:42:50] [149/455] PCKR
[22:42:50] 🔄 Identity reset
[22:42:50] 🔄 Identity rotated (every 10 requests)
[22:42:51] [150/455] SHUA
[22:42:52] [151/455] SCVK
[22:42:54] [152/455] STPA
[22:42:55] [153/455] WVHD
[22:42:56] [154/455] MRCH
[22:42:57] [155/455] MCNP
[22:42:58] [156/455] RCAG
[22:42:59] [157/455] JTSN
[22:43:00] [158/455] AANS
[22:43:01] [159/455] GDDR
[22:43:01] 🔄 Identity reset
[22:43:01] 🔄 Identity rotated (every 10 requests)
[22:43:02] [160/455] SRER
[22:43:02] [161/455] JKMA
[22:43:03] [162/455] ARAN
[22:43:04] [163/455] ALCT
[22:43:05] [164/455] CCTA
[22:43:06] [165/455] CNCT
[22:43:07] [166/455] NZBL
[22:43:07] [167/455] SRRA
[22:43:08] [168/455] SVPW
[22:43:09] [169/455] SRTW
[22:43:10] 🔄 Identity reset
[22:43:10] 🔄 Identity rotated (every 10 requests)
[22:43:10] [170/455] XMTD
[22:43:11] [171/455] SCCZ
[22:43:12] [172/455] PBCR
[22:43:13] [173/455] RTSC
[22:43:14] [174/455] TLSV
[22:43:15] [175/455] RMTK
[22:43:16] [176/455] SRAT
[22:43:17] [177/455] GCYC
[22:43:18] [178/455] HCAJ
[22:43:19] [179/455] LCXA
[22:43:20] 🔄 Identity reset
[22:43:20] 🔄 Identity rotated (every 10 requests)
[22:43:20] [180/455] BINT
[22:43:21] [181/455] IXIM
[22:43:23] [182/455] MBCR
[22:43:24] [183/455] BMCJ
[22:43:25] [184/455] NICJ
[22:43:25] [185/455] SCAJ
[22:43:26] [186/455] CMXS
[22:43:27] [187/455] MMSR
[22:43:28] [188/455] PRKT
[22:43:29] [189/455] LPTH
[22:43:30] 🔄 Identity reset
[22:43:30] 🔄 Identity rotated (every 10 requests)
[22:43:30] [190/455] SARP
[22:43:31] [191/455] MNPP
[22:43:32] [192/455] PRLR
[22:43:33] [193/455] RCMW
[22:43:35] [194/455] FCMG
[22:43:36] [195/455] RTNK
[22:43:38] [196/455] LRCP
[22:43:39] [197/455] DBJR
[22:43:40] [198/455] CACN
[22:43:41] [199/455] AMRL
[22:43:42] 🔄 Identity reset
[22:43:42] 🔄 Identity rotated (every 10 requests)
[22:43:42] [200/455] SBBC
[22:43:43] [201/455] VENN
[22:43:44] [202/455] STSS
[22:43:45] [203/455] SMRB
[22:43:46] [204/455] CCMX
[22:43:47] [205/455] KCMR
[22:43:48] [206/455] SALH
[22:43:49] [207/455] CGTT
[22:43:50] [208/455] PMDR
[22:43:51] [209/455] VCPM
[22:43:51] 🔄 Identity reset
[22:43:51] 🔄 Identity rotated (every 10 requests)
[22:43:52] [210/455] RZMX
[22:43:53] [211/455] TMSY
[22:43:54] [212/455] NTMS
[22:43:55] [213/455] VTAG
[22:43:55] [214/455] REMA
[22:43:56] [215/455] NXCC
[22:43:57] [216/455] SKYM
[22:43:58] [217/455] CCMO
[22:43:59] [218/455] DMXM
[22:44:00] [219/455] SPPM
[22:44:01] 🔄 Identity reset
[22:44:01] 🔄 Identity rotated (every 10 requests)
[22:44:02] [220/455] PTKL
[22:44:04] [221/455] SLVO
[22:44:06] [222/455] VASL
[22:44:06] [223/455] CBCM
[22:44:07] [224/455] STMA
[22:44:08] [225/455] LASK
[22:44:09] [226/455] VITE
[22:44:10] [227/455] AAST
[22:44:11] [228/455] JTPT
[22:44:12] [229/455] RRSH
[22:44:13] 🔄 Identity reset
[22:44:13] 🔄 Identity rotated (every 10 requests)
[22:44:14] [230/455] CINL
[22:44:15] [231/455] MCSR
[22:44:16] [232/455] SBCF
[22:44:17] [233/455] GCDU
[22:44:18] [234/455] PSPR
[22:44:19] [235/455] IMMO
[22:44:20] [236/455] CLGM
[22:44:21] [237/455] PBMM
[22:44:22] [238/455] CEHR
[22:44:23] [239/455] CPOE
[22:44:24] 🔄 Identity reset
[22:44:24] 🔄 Identity rotated (every 10 requests)
[22:44:24] [240/455] PGFD
[22:44:25] [241/455] PSLC
[22:44:26] [242/455] MSMD
[22:44:27] [243/455] FMFB
[22:44:28] [244/455] RKCL
[22:44:29] [245/455] PMMC
[22:44:30] [246/455] SKMM
[22:44:31] [247/455] VOIB
[22:44:32] [248/455] KINO
[22:44:33] [249/455] VCTP
[22:44:34] 🔄 Identity reset
[22:44:34] 🔄 Identity rotated (every 10 requests)
[22:44:35] [250/455] PDWR
[22:44:36] [251/455] SAED
[22:44:36] [252/455] SRRT
[22:44:37] [253/455] CVLG
[22:44:38] [254/455] SNGN
[22:44:39] [255/455] SIDA
[22:44:41] [256/455] IMCB
[22:44:42] [257/455] SMHP
[22:44:43] [258/455] GDTY
[22:44:43] [259/455] VYCH
[22:44:44] 🔄 Identity reset
[22:44:44] 🔄 Identity rotated (every 10 requests)
[22:44:44] [260/455] PDYA
[22:44:45] [261/455] RKDO
[22:44:46] [262/455] VECG
[22:44:47] [263/455] NFGD
[22:44:48] [264/455] SNDC
[22:44:49] [265/455] SDJH
[22:44:50] [266/455] HASV
[22:44:51] [267/455] PTYK
[22:44:52] [268/455] MUTB
[22:44:53] [269/455] AMRT
[22:44:54] 🔄 Identity reset
[22:44:54] 🔄 Identity rotated (every 10 requests)
[22:44:54] [270/455] VACD
[22:44:55] [271/455] SKDD
[22:44:55] [272/455] STGR
[22:44:56] [273/455] GDAK
[22:44:57] [274/455] SKHK
[22:44:58] [275/455] SLND
[22:44:59] [276/455] APAP
[22:45:00] [277/455] AYYA
[22:45:01] [278/455] VCCZ
[22:45:02] [279/455] MEML
[22:45:02] 🔄 Identity reset
[22:45:03] 🔄 Identity rotated (every 10 requests)
[22:45:03] [280/455] MAOU
[22:45:04] [281/455] ESND
[22:45:05] [282/455] PTBZ
[22:45:06] [283/455] LBCN
[22:45:07] [284/455] PAWA
[22:45:08] [285/455] ZEIC
[22:45:08] [286/455] CGMM
[22:45:09] [287/455] PJPM
[22:45:10] [288/455] ECMR
[22:45:11] [289/455] SHMZ
[22:45:12] 🔄 Identity reset
[22:45:12] 🔄 Identity rotated (every 10 requests)
[22:45:12] [290/455] STCA
[22:45:13] [291/455] VDRC
[22:45:14] [292/455] SEEM
[22:45:15] [293/455] MKNS
[22:45:16] [294/455] KPPP
[22:45:17] [295/455] CCML
[22:45:18] [296/455] CIBA
[22:45:19] [297/455] NACS
[22:45:20] [298/455] CTMK
[22:45:22] [299/455] CTCT
[22:45:22] 🔄 Identity reset
[22:45:22] 🔄 Identity rotated (every 10 requests)
[22:45:23] [300/455] MCSN
[22:45:24] [301/455] MAXX
[22:45:25] [302/455] MECB
[22:45:26] [303/455] NTBY
[22:45:27] [304/455] UTBI
[22:45:28] [305/455] RADK
[22:45:29] [306/455] STBY
[22:45:31] [307/455] GTBY
[22:45:32] [308/455] RRMB
[22:45:32] [309/455] ABRN
[22:45:33] 🔄 Identity reset
[22:45:33] 🔄 Identity rotated (every 10 requests)
[22:45:34] [310/455] GTSG
[22:45:35] [311/455] GBTG
[22:45:37] [312/455] SBGS
[22:45:38] [313/455] KBPM
[22:45:39] [314/455] SMHT
[22:45:39] [315/455] VTDM
[22:45:40] [316/455] ASCT
[22:45:42] [317/455] AWCT
[22:45:42] [318/455] DCCU
[22:45:44] [319/455] PSCE
[22:45:45] 🔄 Identity reset
[22:45:45] 🔄 Identity rotated (every 10 requests)
[22:45:45] [320/455] KSNY
[22:45:47] [321/455] ACID
[22:45:48] [322/455] LVCD
[22:45:50] [323/455] KSSB
[22:45:51] [324/455] SWTD
[22:45:52] [325/455] RBMR
[22:45:53] [326/455] SCBC
[22:45:54] [327/455] RKME
[22:45:55] [328/455] GALX
[22:45:56] [329/455] GCCH
[22:45:57] 🔄 Identity reset
[22:45:57] 🔄 Identity rotated (every 10 requests)
[22:45:58] [330/455] RATR
[22:45:59] [331/455] GTGA
[22:45:59] [332/455] LTTR
[22:46:00] [333/455] TTAA
[22:46:01] [334/455] TVHP
[22:46:02] [335/455] KVCS
[22:46:03] [336/455] CBMC
[22:46:04] [337/455] MAYJ
[22:46:05] [338/455] INPR
[22:46:06] [339/455] RSSC
[22:46:07] 🔄 Identity reset
[22:46:07] 🔄 Identity rotated (every 10 requests)
[22:46:07] [340/455] PCAN
[22:46:08] [341/455] PVHR
[22:46:09] [342/455] AGSM
[22:46:10] [343/455] PVES
[22:46:11] [344/455] INTO
[22:46:13] [345/455] ACON
[22:46:14] [346/455] PVPZ
[22:46:15] [347/455] PVHC
[22:46:16] [348/455] KSTK
[22:46:17] [349/455] PVSR
[22:46:17] 🔄 Identity reset
[22:46:17] 🔄 Identity rotated (every 10 requests)
[22:46:18] [350/455] ACTN
[22:46:18] [351/455] FMCN
[22:46:19] [352/455] PABC
[22:46:20] [353/455] SUTC
[22:46:21] [354/455] PGMV
[22:46:23] [355/455] GKCP
[22:46:24] [356/455] INCH
[22:46:25] [357/455] MLMT
[22:46:26] [358/455] SSCC
[22:46:27] [359/455] SLMP
[22:46:28] 🔄 Identity reset
[22:46:28] 🔄 Identity rotated (every 10 requests)
[22:46:28] [360/455] VVTN
[22:46:29] [361/455] SBTR
[22:46:30] [362/455] PGRA
[22:46:32] [363/455] PBRM
[22:46:33] [364/455] GCRP
[22:46:33] [365/455] MCSK
[22:46:34] [366/455] NLTC
[22:46:35] [367/455] MTLM
[22:46:36] [368/455] VECT
[22:46:37] [369/455] KMRM
[22:46:38] 🔄 Identity reset
[22:46:38] 🔄 Identity rotated (every 10 requests)
[22:46:38] [370/455] RACM
[22:46:39] [371/455] WSTC
[22:46:41] [372/455] PVTJ
[22:46:42] [373/455] MMKC
[22:46:43] [374/455] SVWT
[22:46:43] [375/455] JOTG
[22:46:44] [376/455] VCDK
[22:46:45] [377/455] ANAC
[22:46:47] [378/455] GRTC
[22:46:48] [379/455] JTPL
[22:46:49] 🔄 Identity reset
[22:46:49] 🔄 Identity rotated (every 10 requests)
[22:46:50] [380/455] VRCP
[22:46:51] [381/455] REMC
[22:46:52] [382/455] ATMG
[22:46:53] [383/455] GAHC
[22:46:54] [384/455] JTMV
[22:46:55] [385/455] OMTT
[22:46:56] [386/455] GKKC
[22:46:56] [387/455] BBPO
[22:46:57] [388/455] ZCBB
[22:46:58] [389/455] DCGO
[22:46:59] 🔄 Identity reset
[22:46:59] 🔄 Identity rotated (every 10 requests)
[22:46:59] [390/455] STOP
[22:47:00] [391/455] BSPC
[22:47:01] [392/455] SOND
[22:47:02] [393/455] GCKG
[22:47:03] [394/455] PCDB
[22:47:04] [395/455] PGRC
[22:47:04] [396/455] CSCT
[22:47:05] [397/455] STDA
[22:47:06] [398/455] JAYD
[22:47:07] [399/455] PPPD
[22:47:08] 🔄 Identity reset
[22:47:08] 🔄 Identity rotated (every 10 requests)
[22:47:08] [400/455] KRTT
[22:47:10] [401/455] PTDT
[22:47:11] [402/455] TRSV
[22:47:12] [403/455] VELR
[22:47:13] [404/455] STDT
[22:47:14] [405/455] SATT
[22:47:15] [406/455] KCPM
[22:47:16] [407/455] MFCP
[22:47:17] [408/455] AXMP
[22:47:18] [409/455] LTVB
[22:47:18] 🔄 Identity reset
[22:47:18] 🔄 Identity rotated (every 10 requests)
[22:47:19] [410/455] APST
[22:47:20] [411/455] DTVP
[22:47:20] [412/455] AAVB
[22:47:21] [413/455] PMBL
[22:47:22] [414/455] STKC
[22:47:23] [415/455] KKMA
[22:47:24] [416/455] NMXS
[22:47:25] [417/455] DECX
[22:47:26] [418/455] MAPJ
[22:47:27] [419/455] SMLK
[22:47:27] 🔄 Identity reset
[22:47:27] 🔄 Identity rotated (every 10 requests)
[22:47:28] [420/455] PMPU
[22:47:29] [421/455] AFST
[22:47:30] [422/455] SRSY
[22:47:31] [423/455] RMKT
[22:47:32] [424/455] RAJX
[22:47:33] [425/455] UVCD
[22:47:34] [426/455] LISA
[22:47:35] [427/455] LMSR
[22:47:36] [428/455] PMCA
[22:47:37] [429/455] INPO
[22:47:38] 🔄 Identity reset
[22:47:38] 🔄 Identity rotated (every 10 requests)
[22:47:38] [430/455] INGO
[22:47:39] [431/455] HFSQ
[22:47:40] [432/455] INMG
[22:47:41] [433/455] NYCP
[22:47:42] [434/455] HFSV
[22:47:43] [435/455] MMZP
[22:47:44] [436/455] KSES
[22:47:45] [437/455] HFSA
[22:47:46] [438/455] ACMM
[22:47:47] [439/455] RCKD
[22:47:47] 🔄 Identity reset
[22:47:47] 🔄 Identity rotated (every 10 requests)
[22:47:49] [440/455] BCKR
[22:47:49] [441/455] SFCO
[22:47:51] [442/455] JCCB
[22:47:52] [443/455] BCCR
[22:47:53] [444/455] NWCB
[22:47:54] [445/455] SAMT
[22:47:55] [446/455] TMST
[22:47:56] [447/455] SJCN
[22:47:57] [448/455] MCBS
[22:47:58] [449/455] CMKR
[22:47:59] 🔄 Identity reset
[22:47:59] 🔄 Identity rotated (every 10 requests)
[22:47:59] [450/455] INPM
[22:48:00] [451/455] WVMT
[22:48:01] [452/455] NYSM
[22:48:02] [453/455] RCMA
[22:48:03] [454/455] RECM
[22:48:04] [455/455] CYCM
[22:48:05] ✅ DONE | Shows=4922 | Movies=85
