[00:16:49] 🚀 BMS DAILY TRACKER STARTED (enhanced anti‑detection)
[00:16:49] [1/459] NECA
[00:16:49] 🧠 New identity created
[00:16:50] [2/459] BJLC
[00:16:50] [3/459] BASU
[00:16:51] [4/459] RUPI
[00:16:52] [5/459] LCBK
[00:16:54] [6/459] PMAC
[00:16:55] [7/459] AMLC
[00:16:56] [8/459] LICL
[00:16:57] [9/459] UDMM
[00:16:58] [10/459] STBZ
[00:16:59] 🔄 Identity reset
[00:16:59] 🔄 Identity rotated (every 10 requests)
[00:16:59] [11/459] UUBT
[00:17:00] [12/459] SJKC
[00:17:01] [13/459] TUAL
[00:17:02] [14/459] MRSE
[00:17:03] [15/459] RMRK
[00:17:04] [16/459] TTKP
[00:17:05] [17/459] KTKO
[00:17:06] [18/459] SDBK
[00:17:07] [19/459] MCPR
[00:17:08] [20/459] CHTI
[00:17:09] 🔄 Identity reset
[00:17:09] 🔄 Identity rotated (every 10 requests)
[00:17:09] 🔄 Retry 1/5 for CHTI in 2.7s
[00:17:09] 🔄 Identity reset
[00:17:12] 🧠 New identity created
[00:17:12] [21/459] GCCP
[00:17:14] [22/459] SRMY
[00:17:14] [23/459] NYST
[00:17:16] [24/459] NYAG
[00:17:17] [25/459] SBMT
[00:17:18] [26/459] INGA
[00:17:19] [27/459] WSIC
[00:17:20] [28/459] SCSS
[00:17:21] [29/459] COPG
[00:17:21] 🔄 Identity reset
[00:17:21] 🔄 Identity rotated (every 10 requests)
[00:17:22] [30/459] RCGR
[00:17:24] [31/459] TCZA
[00:17:24] [32/459] CNLP
[00:17:25] [33/459] CLKN
[00:17:26] [34/459] LHDF
[00:17:28] [35/459] ELKC
[00:17:29] [36/459] VCEM
[00:17:30] [37/459] SSZA
[00:17:31] [38/459] KRMT
[00:17:33] [39/459] LCMV
[00:17:33] 🔄 Identity reset
[00:17:33] 🔄 Identity rotated (every 10 requests)
[00:17:34] [40/459] AYCZ
[00:17:35] [41/459] CUMS
[00:17:36] [42/459] BOCK
[00:17:37] [43/459] PNMR
[00:17:37] [44/459] PJCP
[00:17:39] [45/459] JDDD
[00:17:40] [46/459] STMS
[00:17:41] [47/459] FLMB
[00:17:42] [48/459] PKCM
[00:17:43] [49/459] SPPR
[00:17:44] 🔄 Identity reset
[00:17:44] 🔄 Identity rotated (every 10 requests)
[00:17:44] [50/459] EYLH
[00:17:45] [51/459] RJCC
[00:17:46] [52/459] MMPS
[00:17:47] [53/459] SHMX
[00:17:48] [54/459] CCNL
[00:17:49] [55/459] RCNV
[00:17:50] [56/459] MAAG
[00:17:51] [57/459] LXCM
[00:17:52] [58/459] RCNI
[00:17:53] [59/459] SNNI
[00:17:54] 🔄 Identity reset
[00:17:54] 🔄 Identity rotated (every 10 requests)
[00:17:54] [60/459] LALC
[00:17:55] [61/459] SOCN
[00:17:56] [62/459] JHTP
[00:17:57] [63/459] PITP
[00:17:58] [64/459] CCKW
[00:17:59] [65/459] MCMC
[00:18:00] [66/459] DEES
[00:18:01] [67/459] SABT
[00:18:02] [68/459] VSPP
[00:18:03] [69/459] ABCT
[00:18:04] 🔄 Identity reset
[00:18:04] 🔄 Identity rotated (every 10 requests)
[00:18:04] [70/459] JVTB
[00:18:06] [71/459] VCBD
[00:18:06] [72/459] RMGG
[00:18:07] [73/459] RNMH
[00:18:08] [74/459] SPGL
[00:18:09] [75/459] JTTR
[00:18:10] [76/459] SICS
[00:18:11] [77/459] SRMI
[00:18:12] [78/459] SSIJ
[00:18:13] [79/459] KFMT
[00:18:14] 🔄 Identity reset
[00:18:14] 🔄 Identity rotated (every 10 requests)
[00:18:15] [80/459] VBIT
[00:18:16] [81/459] JKCT
[00:18:17] [82/459] GCGP
[00:18:18] [83/459] GDCS
[00:18:19] [84/459] TRBA
[00:18:21] [85/459] QUST
[00:18:23] [86/459] VSHM
[00:18:24] [87/459] SDCP
[00:18:25] [88/459] SNVS
[00:18:26] [89/459] NYTO
[00:18:27] 🔄 Identity reset
[00:18:27] 🔄 Identity rotated (every 10 requests)
[00:18:27] 🔄 Retry 1/5 for NYTO in 2.5s
[00:18:27] 🔄 Identity reset
[00:18:29] 🧠 New identity created
[00:18:29] 🔄 Retry 2/5 for NYTO in 4.9s
[00:18:29] 🔄 Identity reset
[00:18:34] 🧠 New identity created
[00:18:35] [90/459] URWC
[00:18:36] [91/459] GTWH
[00:18:37] [92/459] PFCM
[00:18:38] [93/459] KRTA
[00:18:39] [94/459] AXMC
[00:18:40] [95/459] EVMC
[00:18:42] [96/459] HGSM
[00:18:43] [97/459] ACVM
[00:18:44] 🔄 Identity reset
[00:18:44] 🔄 Identity rotated (every 10 requests)
[00:18:44] [98/459] PSKL
[00:18:45] [99/459] RDMP
[00:18:46] [100/459] RHGH
[00:18:47] [101/459] OMCM
[00:18:48] [102/459] DCCP
[00:18:48] [103/459] MCPB
[00:18:49] [104/459] ALCI
[00:18:50] [105/459] BLMX
[00:18:51] [106/459] BTMV
[00:18:52] [107/459] FVPN
[00:18:53] 🔄 Identity reset
[00:18:53] 🔄 Identity rotated (every 10 requests)
[00:18:53] [108/459] CMAR
[00:18:54] [109/459] CEIM
[00:18:55] [110/459] CMVA
[00:18:56] [111/459] CPIV
[00:18:56] [112/459] CNPE
[00:18:57] [113/459] COLV
[00:18:58] [114/459] DNNV
[00:18:59] [115/459] HCAD
[00:19:00] [116/459] TAKA
[00:19:01] [117/459] INVD
[00:19:01] 🔄 Identity reset
[00:19:01] 🔄 Identity rotated (every 10 requests)
[00:19:02] [118/459] IRMM
[00:19:03] [119/459] INSE
[00:19:03] [120/459] MRSW
[00:19:04] [121/459] MCVD
[00:19:05] [122/459] MCSO
[00:19:06] [123/459] PEVM
[00:19:07] [124/459] PVNL
[00:19:08] [125/459] PTCV
[00:19:09] [126/459] PRTC
[00:19:09] [127/459] RCVA
[00:19:10] 🔄 Identity reset
[00:19:10] 🔄 Identity rotated (every 10 requests)
[00:19:10] [128/459] MTBN
[00:19:11] [129/459] LUCP
[00:19:12] [130/459] FMPT
[00:19:13] [131/459] JLSL
[00:19:14] [132/459] SBHA
[00:19:15] [133/459] SHRC
[00:19:16] [134/459] AVPS
[00:19:17] [135/459] STPM
[00:19:18] [136/459] ATRD
[00:19:19] [137/459] VTED
[00:19:19] 🔄 Identity reset
[00:19:19] 🔄 Identity rotated (every 10 requests)
[00:19:20] [138/459] ACAI
[00:19:21] [139/459] SMAE
[00:19:22] [140/459] VMAT
[00:19:23] [141/459] LKCT
[00:19:24] [142/459] JTVK
[00:19:25] [143/459] PRTY
[00:19:27] [144/459] GETT
[00:19:28] [145/459] ESAP
[00:19:29] [146/459] NCPM
[00:19:30] [147/459] PCPA
[00:19:30] 🔄 Identity reset
[00:19:30] 🔄 Identity rotated (every 10 requests)
[00:19:31] [148/459] MMOM
[00:19:32] [149/459] PHUP
[00:19:33] [150/459] CCPI
[00:19:35] [151/459] CNTD
[00:19:36] [152/459] NLJR
[00:19:37] [153/459] SRNG
[00:19:38] [154/459] MHAL
[00:19:38] [155/459] PNSM
[00:19:40] [156/459] DRMY
[00:19:40] [157/459] CCMU
[00:19:41] 🔄 Identity reset
[00:19:41] 🔄 Identity rotated (every 10 requests)
[00:19:41] [158/459] SCMY
[00:19:42] [159/459] PVSY
[00:19:43] [160/459] SDLM
[00:19:44] [161/459] ICCM
[00:19:45] [162/459] PYSU
[00:19:46] [163/459] GATM
[00:19:47] [164/459] WOTM
[00:19:48] [165/459] RKTS
[00:19:49] [166/459] PMTY
[00:19:49] [167/459] LYMS
[00:19:50] 🔄 Identity reset
[00:19:50] 🔄 Identity rotated (every 10 requests)
[00:19:50] [168/459] TGCA
[00:19:51] [169/459] DSTA
[00:19:52] [170/459] CNGE
[00:19:53] [171/459] VSTG
[00:19:53] [172/459] GTCK
[00:19:54] [173/459] TGNT
[00:19:56] [174/459] ASLC
[00:19:57] [175/459] SSST
[00:19:58] [176/459] KBTT
[00:19:59] [177/459] HKCP
[00:20:00] 🔄 Identity reset
[00:20:00] 🔄 Identity rotated (every 10 requests)
[00:20:00] 🔄 Retry 1/5 for HKCP in 2.8s
[00:20:00] 🔄 Identity reset
[00:20:03] 🧠 New identity created
[00:20:03] [178/459] SWLC
[00:20:05] [179/459] RTND
[00:20:06] [180/459] PKKT
[00:20:06] [181/459] HSTK
[00:20:07] [182/459] SPTT
[00:20:09] [183/459] IMPM
[00:20:10] [184/459] SCMV
[00:20:11] [185/459] SPCT
[00:20:12] [186/459] JBCA
[00:20:13] 🔄 Identity reset
[00:20:13] 🔄 Identity rotated (every 10 requests)
[00:20:13] [187/459] ATTR
[00:20:14] [188/459] SPMT
[00:20:15] [189/459] LCTM
[00:20:16] [190/459] SCVL
[00:20:17] [191/459] SCVT
[00:20:18] [192/459] KRIC
[00:20:19] [193/459] CTMG
[00:20:20] [194/459] ACNC
[00:20:21] [195/459] DMCK
[00:20:22] [196/459] KMTV
[00:20:22] 🔄 Identity reset
[00:20:22] 🔄 Identity rotated (every 10 requests)
[00:20:22] 🔄 Retry 1/5 for KMTV in 2.2s
[00:20:22] 🔄 Identity reset
[00:20:24] 🧠 New identity created
[00:20:25] [197/459] PFCJ
[00:20:26] [198/459] VNMD
[00:20:26] [199/459] VPCZ
[00:20:27] [200/459] SRYR
[00:20:28] [201/459] SYTR
[00:20:29] [202/459] GATR
[00:20:30] [203/459] URTR
[00:20:31] [204/459] MKSM
[00:20:32] [205/459] VSMH
[00:20:32] 🔄 Identity reset
[00:20:32] 🔄 Identity rotated (every 10 requests)
[00:20:33] [206/459] SKRJ
[00:20:34] [207/459] SSJR
[00:20:35] [208/459] SVSM
[00:20:36] [209/459] RUCM
[00:20:36] [210/459] PRKN
[00:20:37] [211/459] RROH
[00:20:39] [212/459] SCTN
[00:20:40] [213/459] RTDM
[00:20:41] [214/459] ASRM
[00:20:42] [215/459] SKMD
[00:20:43] 🔄 Identity reset
[00:20:43] 🔄 Identity rotated (every 10 requests)
[00:20:44] [216/459] SUTD
[00:20:45] [217/459] SADM
[00:20:46] [218/459] WCNR
[00:20:47] [219/459] CNED
[00:20:48] [220/459] MPDB
[00:20:49] [221/459] KTBH
[00:20:50] [222/459] IDRM
[00:20:51] [223/459] PJJT
[00:20:52] [224/459] PFCV
[00:20:54] [225/459] AACT
[00:20:55] 🔄 Identity reset
[00:20:55] 🔄 Identity rotated (every 10 requests)
[00:20:56] [226/459] AAAD
[00:20:57] [227/459] ANES
[00:20:57] [228/459] MNCA
[00:20:58] [229/459] RMGU
[00:20:59] [230/459] DLCN
[00:21:01] [231/459] LJWT
[00:21:02] [232/459] MCBG
[00:21:03] [233/459] MYBG
[00:21:03] [234/459] GCCA
[00:21:04] [235/459] GCGA
[00:21:05] 🔄 Identity reset
[00:21:05] 🔄 Identity rotated (every 10 requests)
[00:21:06] [236/459] ECGN
[00:21:07] [237/459] PRAB
[00:21:08] [238/459] PNMP
[00:21:10] [239/459] GCPT
[00:21:11] [240/459] ROYN
[00:21:12] [241/459] VATM
[00:21:13] [242/459] KSNT
[00:21:14] [243/459] ACTC
[00:21:15] [244/459] PLTD
[00:21:15] [245/459] SKMK
[00:21:16] 🔄 Identity reset
[00:21:16] 🔄 Identity rotated (every 10 requests)
[00:21:16] 🔄 Retry 1/5 for SKMK in 2.7s
[00:21:16] 🔄 Identity reset
[00:21:19] 🧠 New identity created
[00:21:19] [246/459] CMTT
[00:21:20] [247/459] SMXP
[00:21:21] [248/459] SCMX
[00:21:23] [249/459] ACXN
[00:21:25] [250/459] ASWT
[00:21:26] [251/459] VVVL
[00:21:26] [252/459] NAGO
[00:21:28] [253/459] SNCN
[00:21:29] [254/459] MCKP
[00:21:30] 🔄 Identity reset
[00:21:30] 🔄 Identity rotated (every 10 requests)
[00:21:30] [255/459] SAMO
[00:21:31] [256/459] JBTV
[00:21:32] [257/459] DCVV
[00:21:33] [258/459] KMSV
[00:21:34] [259/459] KDCN
[00:21:35] [260/459] CNCP
[00:21:36] [261/459] HAMC
[00:21:37] [262/459] CCVZ
[00:21:38] [263/459] NCCK
[00:21:39] [264/459] MCHR
[00:21:40] 🔄 Identity reset
[00:21:40] 🔄 Identity rotated (every 10 requests)
[00:21:40] 🔄 Retry 1/5 for MCHR in 2.6s
[00:21:40] 🔄 Identity reset
[00:21:42] 🧠 New identity created
[00:21:42] 🔄 Retry 2/5 for MCHR in 4.2s
[00:21:42] 🔄 Identity reset
[00:21:47] 🧠 New identity created
[00:21:47] [265/459] SCHT
[00:21:48] [266/459] ESSH
[00:21:49] [267/459] CUJC
[00:21:50] [268/459] PECP
[00:21:51] [269/459] PMMI
[00:21:52] [270/459] PCCH
[00:21:53] [271/459] PRPM
[00:21:54] [272/459] PVKL
[00:21:55] 🔄 Identity reset
[00:21:55] 🔄 Identity rotated (every 10 requests)
[00:21:55] [273/459] CBSM
[00:21:56] [274/459] PVCZ
[00:21:57] [275/459] PCVV
[00:21:58] [276/459] CTMJ
[00:22:00] [277/459] RCPS
[00:22:01] [278/459] PCIT
[00:22:01] [279/459] FNCH
[00:22:03] [280/459] INZD
[00:22:05] [281/459] INPC
[00:22:05] [282/459] LCZP
[00:22:06] 🔄 Identity reset
[00:22:06] 🔄 Identity rotated (every 10 requests)
[00:22:06] [283/459] SMCB
[00:22:07] [284/459] PTSB
[00:22:08] [285/459] TPSI
[00:22:09] [286/459] KHMJ
[00:22:11] [287/459] RCCJ
[00:22:12] [288/459] NCJA
[00:22:12] [289/459] NCJN
[00:22:14] [290/459] BTDP
[00:22:15] [291/459] PADY
[00:22:16] [292/459] NYBH
[00:22:17] 🔄 Identity reset
[00:22:17] 🔄 Identity rotated (every 10 requests)
[00:22:17] 🔄 Retry 1/5 for NYBH in 2.2s
[00:22:17] 🔄 Identity reset
[00:22:19] 🧠 New identity created
[00:22:19] 🔄 Retry 2/5 for NYBH in 4.3s
[00:22:19] 🔄 Identity reset
[00:22:23] 🧠 New identity created
[00:22:24] [293/459] MTBR
[00:22:25] [294/459] KRBC
[00:22:26] [295/459] DKTI
[00:22:27] [296/459] ANAN
[00:22:28] [297/459] INBP
[00:22:29] [298/459] PATB
[00:22:30] [299/459] RGNT
[00:22:31] [300/459] CGPM
[00:22:32] 🔄 Identity reset
[00:22:32] 🔄 Identity rotated (every 10 requests)
[00:22:32] [301/459] INTN
[00:22:33] [302/459] MCMP
[00:22:34] [303/459] ASRG
[00:22:35] [304/459] CXJD
[00:22:35] [305/459] SPCP
[00:22:36] [306/459] CSTP
[00:22:37] [307/459] PKVC
[00:22:38] [308/459] ESCP
[00:22:40] [309/459] CAEP
[00:22:41] [310/459] CCSP
[00:22:42] 🔄 Identity reset
[00:22:42] 🔄 Identity rotated (every 10 requests)
[00:22:43] [311/459] KTPC
[00:22:44] [312/459] DACA
[00:22:45] [313/459] NVKY
[00:22:46] [314/459] PTIN
[00:22:47] [315/459] SCIN
[00:22:48] [316/459] MCTY
[00:22:49] [317/459] PCMX
[00:22:50] [318/459] INIC
[00:22:51] [319/459] MMZM
[00:22:52] [320/459] SSLP
[00:22:53] 🔄 Identity reset
[00:22:53] 🔄 Identity rotated (every 10 requests)
[00:22:53] [321/459] DTDT
[00:22:54] [322/459] FFCX
[00:22:55] [323/459] RCMM
[00:22:56] [324/459] KYID
[00:22:57] [325/459] CSCI
[00:22:58] [326/459] FCMC
[00:22:59] [327/459] MMXI
[00:23:00] [328/459] ASTC
[00:23:01] [329/459] CMRA
[00:23:02] [330/459] DICI
[00:23:03] 🔄 Identity reset
[00:23:03] 🔄 Identity rotated (every 10 requests)
[00:23:04] [331/459] KDIN
[00:23:05] [332/459] PRFI
[00:23:06] [333/459] SVFC
[00:23:08] [334/459] UCPL
[00:23:09] [335/459] COOC
[00:23:10] [336/459] SCAL
[00:23:10] [337/459] SVFF
[00:23:11] [338/459] VCMG
[00:23:12] [339/459] UUCT
[00:23:13] [340/459] GCSE
[00:23:14] 🔄 Identity reset
[00:23:14] 🔄 Identity rotated (every 10 requests)
[00:23:14] [341/459] SUSC
[00:23:15] [342/459] MISC
[00:23:16] [343/459] RMBL
[00:23:17] [344/459] CMXN
[00:23:18] [345/459] PVBK
[00:23:19] [346/459] HHCG
[00:23:20] [347/459] SCAG
[00:23:21] [348/459] CNPR
[00:23:22] [349/459] CSER
[00:23:24] [350/459] HLWD
[00:23:24] 🔄 Identity reset
[00:23:24] 🔄 Identity rotated (every 10 requests)
[00:23:25] [351/459] BOLY
[00:23:26] [352/459] SSPG
[00:23:26] [353/459] MUPX
[00:23:27] [354/459] HAMR
[00:23:28] [355/459] SDNC
[00:23:29] [356/459] RTEN
[00:23:31] [357/459] SDTD
[00:23:32] [358/459] KAWS
[00:23:32] [359/459] CMZX
[00:23:33] [360/459] DCDD
[00:23:34] 🔄 Identity reset
[00:23:34] 🔄 Identity rotated (every 10 requests)
[00:23:34] [361/459] ALSN
[00:23:35] [362/459] IMXS
[00:23:36] [363/459] PVFF
[00:23:37] [364/459] PVOO
[00:23:38] [365/459] CFBS
[00:23:39] [366/459] PVER
[00:23:40] [367/459] PPNX
[00:23:41] [368/459] CNRM
[00:23:42] [369/459] PVWW
[00:23:44] [370/459] INMB
[00:23:45] 🔄 Identity reset
[00:23:45] 🔄 Identity rotated (every 10 requests)
[00:23:45] [371/459] CPJR
[00:23:46] [372/459] INRZ
[00:23:47] [373/459] PMSR
[00:23:48] [374/459] GPGM
[00:23:49] [375/459] PGWB
[00:23:50] [376/459] PMBR
[00:23:51] [377/459] GPAM
[00:23:52] [378/459] INBC
[00:23:53] [379/459] PZVK
[00:23:54] [380/459] CPEB
[00:23:55] 🔄 Identity reset
[00:23:55] 🔄 Identity rotated (every 10 requests)
[00:23:55] [381/459] FMLB
[00:23:56] [382/459] INBG
[00:23:57] [383/459] GPBR
[00:23:58] [384/459] PAAS
[00:23:59] [385/459] VTBR
[00:24:01] [386/459] GPMY
[00:24:01] [387/459] GYBU
[00:24:02] [388/459] INBJ
[00:24:03] [389/459] LKTH
[00:24:04] [390/459] NSBR
[00:24:05] 🔄 Identity reset
[00:24:05] 🔄 Identity rotated (every 10 requests)
[00:24:06] [391/459] PDRD
[00:24:07] [392/459] VRBL
[00:24:08] [393/459] VTGB
[00:24:09] [394/459] VTSK
[00:24:10] [395/459] BKDV
[00:24:11] [396/459] SVTB
[00:24:12] [397/459] MLDT
[00:24:13] [398/459] NRBL
[00:24:14] [399/459] SLTR
[00:24:15] [400/459] VNKA
[00:24:15] 🔄 Identity reset
[00:24:15] 🔄 Identity rotated (every 10 requests)
[00:24:16] [401/459] TDCA
[00:24:17] [402/459] INBM
[00:24:17] [403/459] SSNR
[00:24:18] [404/459] BHAC
[00:24:19] [405/459] SDSD
[00:24:20] [406/459] SAMP
[00:24:21] [407/459] RATK
[00:24:22] [408/459] KCBI
[00:24:23] [409/459] URBL
[00:24:24] [410/459] MKBG
[00:24:24] 🔄 Identity reset
[00:24:25] 🔄 Identity rotated (every 10 requests)
[00:24:25] 🔄 Retry 1/5 for MKBG in 2.6s
[00:24:25] 🔄 Identity reset
[00:24:27] 🧠 New identity created
[00:24:28] [411/459] ASTB
[00:24:28] [412/459] VBWT
[00:24:29] [413/459] GPSM
[00:24:30] [414/459] ROON
[00:24:31] [415/459] CHTH
[00:24:32] [416/459] SSPA
[00:24:33] [417/459] ANBL
[00:24:34] [418/459] VTBE
[00:24:35] [419/459] SVKT
[00:24:36] 🔄 Identity reset
[00:24:36] 🔄 Identity rotated (every 10 requests)
[00:24:36] [420/459] SVYK
[00:24:37] [421/459] PTBK
[00:24:38] [422/459] RKTB
[00:24:39] [423/459] BALT
[00:24:40] [424/459] STSV
[00:24:41] [425/459] VCCB
[00:24:42] [426/459] SLTB
[00:24:43] [427/459] SBCR
[00:24:44] [428/459] VDCS
[00:24:45] [429/459] MDKI
[00:24:46] 🔄 Identity reset
[00:24:46] 🔄 Identity rotated (every 10 requests)
[00:24:46] [430/459] SMRN
[00:24:47] [431/459] PTBC
[00:24:48] [432/459] RADI
[00:24:50] [433/459] ADCR
[00:24:51] [434/459] SDCS
[00:24:52] [435/459] SRPJ
[00:24:52] [436/459] ARTS
[00:24:53] [437/459] SRHK
[00:24:54] [438/459] SPAY
[00:24:55] [439/459] GPTB
[00:24:56] 🔄 Identity reset
[00:24:56] 🔄 Identity rotated (every 10 requests)
[00:24:56] [440/459] SNNN
[00:24:57] [441/459] BALJ
[00:24:58] [442/459] TRIG
[00:24:59] [443/459] GTYT
[00:25:00] [444/459] ATGN
[00:25:01] [445/459] ANTE
[00:25:02] [446/459] BDCG
[00:25:03] [447/459] VECI
[00:25:04] [448/459] SCPR
[00:25:05] [449/459] RTEA
[00:25:06] 🔄 Identity reset
[00:25:06] 🔄 Identity rotated (every 10 requests)
[00:25:07] [450/459] JSAI
[00:25:08] [451/459] VJTP
[00:25:09] [452/459] GNDS
[00:25:10] [453/459] PAXA
[00:25:11] [454/459] CGGM
[00:25:13] [455/459] ACKZ
[00:25:14] [456/459] EMCC
[00:25:15] [457/459] KLSK
[00:25:16] [458/459] AVCK
[00:25:16] [459/459] JTCK
[00:25:17] 🔄 Identity reset
[00:25:17] 🔄 Identity rotated (every 10 requests)
[00:25:17] ✅ DONE | Shows=0 | Movies=0
[01:16:58] 🚀 BMS DAILY TRACKER STARTED (enhanced anti‑detection)
[01:16:58] [1/459] NECA
[01:16:58] 🧠 New identity created
[01:16:59] [2/459] BJLC
[01:17:00] [3/459] BASU
[01:17:01] [4/459] RUPI
[01:17:01] [5/459] LCBK
[01:17:02] [6/459] PMAC
[01:17:03] [7/459] AMLC
[01:17:04] [8/459] LICL
[01:17:05] [9/459] UDMM
[01:17:06] [10/459] STBZ
[01:17:07] 🔄 Identity reset
[01:17:07] 🔄 Identity rotated (every 10 requests)
[01:17:07] [11/459] UUBT
[01:17:08] [12/459] SJKC
[01:17:09] [13/459] TUAL
[01:17:10] [14/459] MRSE
[01:17:11] [15/459] RMRK
[01:17:12] [16/459] TTKP
[01:17:13] [17/459] KTKO
[01:17:14] [18/459] SDBK
[01:17:15] [19/459] MCPR
[01:17:16] [20/459] CHTI
[01:17:17] 🔄 Identity reset
[01:17:17] 🔄 Identity rotated (every 10 requests)
[01:17:17] [21/459] GCCP
[01:17:18] [22/459] SRMY
[01:17:19] [23/459] NYST
[01:17:20] [24/459] NYAG
[01:17:21] [25/459] SBMT
[01:17:23] [26/459] INGA
[01:17:24] [27/459] WSIC
[01:17:25] [28/459] SCSS
[01:17:26] [29/459] COPG
[01:17:26] [30/459] RCGR
[01:17:27] 🔄 Identity reset
[01:17:27] 🔄 Identity rotated (every 10 requests)
[01:17:27] [31/459] TCZA
[01:17:28] [32/459] CNLP
[01:17:29] [33/459] CLKN
[01:17:30] [34/459] LHDF
[01:17:32] [35/459] ELKC
[01:17:33] [36/459] VCEM
[01:17:34] [37/459] SSZA
[01:17:35] [38/459] KRMT
[01:17:35] [39/459] LCMV
[01:17:36] [40/459] AYCZ
[01:17:37] 🔄 Identity reset
[01:17:37] 🔄 Identity rotated (every 10 requests)
[01:17:38] [41/459] CUMS
[01:17:39] [42/459] BOCK
[01:17:40] [43/459] PNMR
[01:17:41] [44/459] PJCP
[01:17:43] [45/459] JDDD
[01:17:43] [46/459] STMS
[01:17:44] [47/459] FLMB
[01:17:45] [48/459] PKCM
[01:17:46] [49/459] SPPR
[01:17:47] [50/459] EYLH
[01:17:48] 🔄 Identity reset
[01:17:48] 🔄 Identity rotated (every 10 requests)
[01:17:48] [51/459] RJCC
[01:17:49] [52/459] MMPS
[01:17:50] [53/459] SHMX
[01:17:51] [54/459] CCNL
[01:17:52] [55/459] RCNV
[01:17:52] [56/459] MAAG
[01:17:53] [57/459] LXCM
[01:17:54] [58/459] RCNI
[01:17:55] [59/459] SNNI
[01:17:56] [60/459] LALC
[01:17:57] 🔄 Identity reset
[01:17:57] 🔄 Identity rotated (every 10 requests)
[01:17:58] [61/459] SOCN
[01:17:59] [62/459] JHTP
[01:17:59] [63/459] PITP
[01:18:00] [64/459] CCKW
[01:18:01] [65/459] MCMC
[01:18:02] [66/459] DEES
[01:18:03] [67/459] SABT
[01:18:04] [68/459] VSPP
[01:18:05] [69/459] ABCT
[01:18:05] [70/459] JVTB
[01:18:06] 🔄 Identity reset
[01:18:06] 🔄 Identity rotated (every 10 requests)
[01:18:06] 🔄 Retry 1/5 for JVTB in 2.6s
[01:18:06] 🔄 Identity reset
[01:18:09] 🧠 New identity created
[01:18:09] [71/459] VCBD
[01:18:10] [72/459] RMGG
[01:18:12] [73/459] RNMH
[01:18:13] [74/459] SPGL
[01:18:13] [75/459] JTTR
[01:18:14] [76/459] SICS
[01:18:15] [77/459] SRMI
[01:18:16] [78/459] SSIJ
[01:18:17] [79/459] KFMT
[01:18:18] 🔄 Identity reset
[01:18:18] 🔄 Identity rotated (every 10 requests)
[01:18:18] 🔄 Retry 1/5 for KFMT in 2.3s
[01:18:18] 🔄 Identity reset
[01:18:20] 🧠 New identity created
[01:18:21] [80/459] VBIT
[01:18:22] [81/459] JKCT
[01:18:23] [82/459] GCGP
[01:18:24] [83/459] GDCS
[01:18:25] [84/459] TRBA
[01:18:26] [85/459] QUST
[01:18:27] [86/459] VSHM
[01:18:28] [87/459] SDCP
[01:18:28] [88/459] SNVS
[01:18:29] 🔄 Identity reset
[01:18:29] 🔄 Identity rotated (every 10 requests)
[01:18:29] [89/459] NYTO
[01:18:30] [90/459] URWC
[01:18:31] [91/459] GTWH
[01:18:32] [92/459] PFCM
[01:18:33] [93/459] KRTA
[01:18:34] [94/459] AXMC
[01:18:35] [95/459] EVMC
[01:18:36] [96/459] HGSM
[01:18:37] [97/459] ACVM
[01:18:37] [98/459] PSKL
[01:18:38] 🔄 Identity reset
[01:18:38] 🔄 Identity rotated (every 10 requests)
[01:18:39] [99/459] RDMP
[01:18:40] [100/459] RHGH
[01:18:41] [101/459] OMCM
[01:18:42] [102/459] DCCP
[01:18:43] [103/459] MCPB
[01:18:43] [104/459] ALCI
[01:18:44] [105/459] BLMX
[01:18:46] [106/459] BTMV
[01:18:47] [107/459] FVPN
[01:18:48] [108/459] CMAR
[01:18:48] 🔄 Identity reset
[01:18:48] 🔄 Identity rotated (every 10 requests)
[01:18:48] 🔄 Retry 1/5 for CMAR in 2.6s
[01:18:48] 🔄 Identity reset
[01:18:51] 🧠 New identity created
[01:18:51] [109/459] CEIM
[01:18:52] [110/459] CMVA
[01:18:54] [111/459] CPIV
[01:18:55] [112/459] CNPE
[01:18:56] [113/459] COLV
[01:18:58] [114/459] DNNV
[01:18:59] [115/459] HCAD
[01:19:00] [116/459] TAKA
[01:19:01] [117/459] INVD
[01:19:01] 🔄 Identity reset
[01:19:01] 🔄 Identity rotated (every 10 requests)
[01:19:02] [118/459] IRMM
[01:19:02] [119/459] INSE
[01:19:04] [120/459] MRSW
[01:19:05] [121/459] MCVD
[01:19:06] [122/459] MCSO
[01:19:07] [123/459] PEVM
[01:19:08] [124/459] PVNL
[01:19:09] [125/459] PTCV
[01:19:09] [126/459] PRTC
[01:19:10] [127/459] RCVA
[01:19:11] 🔄 Identity reset
[01:19:11] 🔄 Identity rotated (every 10 requests)
[01:19:11] [128/459] MTBN
[01:19:12] [129/459] LUCP
[01:19:14] [130/459] FMPT
[01:19:15] [131/459] JLSL
[01:19:16] [132/459] SBHA
[01:19:18] [133/459] SHRC
[01:19:18] [134/459] AVPS
[01:19:19] [135/459] STPM
[01:19:20] [136/459] ATRD
[01:19:21] [137/459] VTED
[01:19:22] 🔄 Identity reset
[01:19:22] 🔄 Identity rotated (every 10 requests)
[01:19:22] [138/459] ACAI
[01:19:23] [139/459] SMAE
[01:19:24] [140/459] VMAT
[01:19:25] [141/459] LKCT
[01:19:26] [142/459] JTVK
[01:19:27] [143/459] PRTY
[01:19:28] [144/459] GETT
[01:19:30] [145/459] ESAP
[01:19:31] [146/459] NCPM
[01:19:32] [147/459] PCPA
[01:19:32] 🔄 Identity reset
[01:19:32] 🔄 Identity rotated (every 10 requests)
[01:19:32] 🔄 Retry 1/5 for PCPA in 2.5s
[01:19:32] 🔄 Identity reset
[01:19:35] 🧠 New identity created
[01:19:35] [148/459] MMOM
[01:19:38] [149/459] PHUP
[01:19:39] [150/459] CCPI
[01:19:40] [151/459] CNTD
[01:19:41] [152/459] NLJR
[01:19:42] [153/459] SRNG
[01:19:42] [154/459] MHAL
[01:19:43] [155/459] PNSM
[01:19:45] [156/459] DRMY
[01:19:46] 🔄 Identity reset
[01:19:46] 🔄 Identity rotated (every 10 requests)
[01:19:46] [157/459] CCMU
[01:19:47] [158/459] SCMY
[01:19:47] [159/459] PVSY
[01:19:49] [160/459] SDLM
[01:19:50] [161/459] ICCM
[01:19:51] [162/459] PYSU
[01:19:51] [163/459] GATM
[01:19:54] [164/459] WOTM
[01:19:54] [165/459] RKTS
[01:19:55] [166/459] PMTY
[01:19:56] 🔄 Identity reset
[01:19:56] 🔄 Identity rotated (every 10 requests)
[01:19:56] 🔄 Retry 1/5 for PMTY in 2.0s
[01:19:56] 🔄 Identity reset
[01:19:58] 🧠 New identity created
[01:19:58] [167/459] LYMS
[01:19:59] [168/459] TGCA
[01:20:01] [169/459] DSTA
[01:20:02] [170/459] CNGE
[01:20:03] [171/459] VSTG
[01:20:04] [172/459] GTCK
[01:20:05] [173/459] TGNT
[01:20:05] [174/459] ASLC
[01:20:06] [175/459] SSST
[01:20:07] 🔄 Identity reset
[01:20:07] 🔄 Identity rotated (every 10 requests)
[01:20:07] [176/459] KBTT
[01:20:08] [177/459] HKCP
[01:20:09] [178/459] SWLC
[01:20:10] [179/459] RTND
[01:20:11] [180/459] PKKT
[01:20:12] [181/459] HSTK
[01:20:12] [182/459] SPTT
[01:20:13] [183/459] IMPM
[01:20:14] [184/459] SCMV
[01:20:15] [185/459] SPCT
[01:20:16] 🔄 Identity reset
[01:20:16] 🔄 Identity rotated (every 10 requests)
[01:20:16] [186/459] JBCA
[01:20:17] [187/459] ATTR
[01:20:19] [188/459] SPMT
[01:20:20] [189/459] LCTM
[01:20:21] [190/459] SCVL
[01:20:22] [191/459] SCVT
[01:20:23] [192/459] KRIC
[01:20:24] [193/459] CTMG
[01:20:25] [194/459] ACNC
[01:20:26] [195/459] DMCK
[01:20:27] 🔄 Identity reset
[01:20:27] 🔄 Identity rotated (every 10 requests)
[01:20:27] [196/459] KMTV
[01:20:28] [197/459] PFCJ
[01:20:29] [198/459] VNMD
[01:20:30] [199/459] VPCZ
[01:20:31] [200/459] SRYR
[01:20:32] [201/459] SYTR
[01:20:33] [202/459] GATR
[01:20:34] [203/459] URTR
[01:20:35] [204/459] MKSM
[01:20:35] [205/459] VSMH
[01:20:36] 🔄 Identity reset
[01:20:36] 🔄 Identity rotated (every 10 requests)
[01:20:36] [206/459] SKRJ
[01:20:37] [207/459] SSJR
[01:20:38] [208/459] SVSM
[01:20:39] [209/459] RUCM
[01:20:41] [210/459] PRKN
[01:20:42] [211/459] RROH
[01:20:43] [212/459] SCTN
[01:20:44] [213/459] RTDM
[01:20:46] [214/459] ASRM
[01:20:46] [215/459] SKMD
[01:20:47] 🔄 Identity reset
[01:20:47] 🔄 Identity rotated (every 10 requests)
[01:20:48] [216/459] SUTD
[01:20:49] [217/459] SADM
[01:20:50] [218/459] WCNR
[01:20:51] [219/459] CNED
[01:20:52] [220/459] MPDB
[01:20:53] [221/459] KTBH
[01:20:54] [222/459] IDRM
[01:20:54] [223/459] PJJT
[01:20:56] [224/459] PFCV
[01:20:57] [225/459] AACT
[01:20:58] 🔄 Identity reset
[01:20:58] 🔄 Identity rotated (every 10 requests)
[01:20:59] [226/459] AAAD
[01:21:01] [227/459] ANES
[01:21:02] [228/459] MNCA
[01:21:03] [229/459] RMGU
[01:21:04] [230/459] DLCN
[01:21:11] [231/459] LJWT
[01:21:12] [232/459] MCBG
[01:21:13] [233/459] MYBG
[01:21:14] [234/459] GCCA
[01:21:15] [235/459] GCGA
[01:21:16] 🔄 Identity reset
[01:21:16] 🔄 Identity rotated (every 10 requests)
[01:21:16] [236/459] ECGN
[01:21:18] [237/459] PRAB
[01:21:19] [238/459] PNMP
[01:21:20] [239/459] GCPT
[01:21:21] [240/459] ROYN
[01:21:22] [241/459] VATM
[01:21:23] [242/459] KSNT
[01:21:24] [243/459] ACTC
[01:21:25] [244/459] PLTD
[01:21:26] [245/459] SKMK
[01:21:26] 🔄 Identity reset
[01:21:26] 🔄 Identity rotated (every 10 requests)
[01:21:27] [246/459] CMTT
[01:21:28] [247/459] SMXP
[01:21:29] [248/459] SCMX
[01:21:30] [249/459] ACXN
[01:21:31] [250/459] ASWT
[01:21:31] [251/459] VVVL
[01:21:32] [252/459] NAGO
[01:21:33] [253/459] SNCN
[01:21:35] [254/459] MCKP
[01:21:36] [255/459] SAMO
[01:21:36] 🔄 Identity reset
[01:21:37] 🔄 Identity rotated (every 10 requests)
[01:21:37] 🔄 Retry 1/5 for SAMO in 2.4s
[01:21:37] 🔄 Identity reset
[01:21:39] 🧠 New identity created
[01:21:39] [256/459] JBTV
[01:21:40] [257/459] DCVV
[01:21:41] [258/459] KMSV
[01:21:43] [259/459] KDCN
[01:21:44] [260/459] CNCP
[01:21:45] [261/459] HAMC
[01:21:46] [262/459] CCVZ
[01:21:47] [263/459] NCCK
[01:21:48] [264/459] MCHR
[01:21:49] 🔄 Identity reset
[01:21:49] 🔄 Identity rotated (every 10 requests)
[01:21:49] [265/459] SCHT
[01:21:50] [266/459] ESSH
[01:21:51] [267/459] CUJC
[01:21:52] [268/459] PECP
[01:21:53] [269/459] PMMI
[01:21:55] [270/459] PCCH
[01:21:56] [271/459] PRPM
[01:21:56] [272/459] PVKL
[01:21:57] [273/459] CBSM
[01:21:59] [274/459] PVCZ
[01:21:59] 🔄 Identity reset
[01:21:59] 🔄 Identity rotated (every 10 requests)
[01:22:00] [275/459] PCVV
[01:22:01] [276/459] CTMJ
[01:22:02] [277/459] RCPS
[01:22:04] [278/459] PCIT
[01:22:05] [279/459] FNCH
[01:22:05] [280/459] INZD
[01:22:06] [281/459] INPC
[01:22:07] [282/459] LCZP
[01:22:08] [283/459] SMCB
[01:22:09] [284/459] PTSB
[01:22:09] 🔄 Identity reset
[01:22:10] 🔄 Identity rotated (every 10 requests)
[01:22:10] [285/459] TPSI
[01:22:11] [286/459] KHMJ
[01:22:12] [287/459] RCCJ
[01:22:14] [288/459] NCJA
[01:22:15] [289/459] NCJN
[01:22:16] [290/459] BTDP
[01:22:17] [291/459] PADY
[01:22:17] [292/459] NYBH
[01:22:18] [293/459] MTBR
[01:22:19] [294/459] KRBC
[01:22:20] 🔄 Identity reset
[01:22:20] 🔄 Identity rotated (every 10 requests)
[01:22:20] 🔄 Retry 1/5 for KRBC in 2.4s
[01:22:20] 🔄 Identity reset
[01:22:22] 🧠 New identity created
[01:22:22] 🔄 Retry 2/5 for KRBC in 4.7s
[01:22:22] 🔄 Identity reset
[01:22:27] 🧠 New identity created
[01:22:27] [295/459] DKTI
[01:22:28] [296/459] ANAN
[01:22:29] [297/459] INBP
[01:22:30] [298/459] PATB
[01:22:31] [299/459] RGNT
[01:22:32] [300/459] CGPM
[01:22:33] [301/459] INTN
[01:22:34] [302/459] MCMP
[01:22:34] 🔄 Identity reset
[01:22:34] 🔄 Identity rotated (every 10 requests)
[01:22:35] [303/459] ASRG
[01:22:36] [304/459] CXJD
[01:22:37] [305/459] SPCP
[01:22:38] [306/459] CSTP
[01:22:38] [307/459] PKVC
[01:22:39] [308/459] ESCP
[01:22:40] [309/459] CAEP
[01:22:41] [310/459] CCSP
[01:22:42] [311/459] KTPC
[01:22:44] [312/459] DACA
[01:22:44] 🔄 Identity reset
[01:22:44] 🔄 Identity rotated (every 10 requests)
[01:22:45] [313/459] NVKY
[01:22:46] [314/459] PTIN
[01:22:47] [315/459] SCIN
[01:22:47] [316/459] MCTY
[01:22:48] [317/459] PCMX
[01:22:51] [318/459] INIC
[01:22:52] [319/459] MMZM
[01:22:53] [320/459] SSLP
[01:22:54] [321/459] DTDT
[01:22:55] [322/459] FFCX
[01:22:55] 🔄 Identity reset
[01:22:55] 🔄 Identity rotated (every 10 requests)
[01:22:56] [323/459] RCMM
[01:22:57] [324/459] KYID
[01:22:57] [325/459] CSCI
[01:22:59] [326/459] FCMC
[01:23:00] [327/459] MMXI
[01:23:01] [328/459] ASTC
[01:23:02] [329/459] CMRA
[01:23:03] [330/459] DICI
[01:23:06] [331/459] KDIN
[01:23:07] [332/459] PRFI
[01:23:07] 🔄 Identity reset
[01:23:07] 🔄 Identity rotated (every 10 requests)
[01:23:08] [333/459] SVFC
[01:23:08] [334/459] UCPL
[01:23:09] [335/459] COOC
[01:23:10] [336/459] SCAL
[01:23:11] [337/459] SVFF
[01:23:12] [338/459] VCMG
[01:23:14] [339/459] UUCT
[01:23:15] [340/459] GCSE
[01:23:19] [341/459] SUSC
[01:23:20] [342/459] MISC
[01:23:21] 🔄 Identity reset
[01:23:21] 🔄 Identity rotated (every 10 requests)
[01:23:21] [343/459] RMBL
[01:23:23] [344/459] CMXN
[01:23:23] [345/459] PVBK
[01:23:24] [346/459] HHCG
[01:23:25] [347/459] SCAG
[01:23:26] [348/459] CNPR
[01:23:27] [349/459] CSER
[01:23:28] [350/459] HLWD
[01:23:28] [351/459] BOLY
[01:23:31] [352/459] SSPG
[01:23:31] 🔄 Identity reset
[01:23:31] 🔄 Identity rotated (every 10 requests)
[01:23:32] [353/459] MUPX
[01:23:33] [354/459] HAMR
[01:23:34] [355/459] SDNC
[01:23:35] [356/459] RTEN
[01:23:36] [357/459] SDTD
[01:23:37] [358/459] KAWS
[01:23:38] [359/459] CMZX
[01:23:39] [360/459] DCDD
[01:23:40] [361/459] ALSN
[01:23:41] [362/459] IMXS
[01:23:41] 🔄 Identity reset
[01:23:41] 🔄 Identity rotated (every 10 requests)
[01:23:41] 🔄 Retry 1/5 for IMXS in 2.7s
[01:23:41] 🔄 Identity reset
[01:23:44] 🧠 New identity created
[01:23:46] [363/459] PVFF
[01:23:48] [364/459] PVOO
[01:23:48] [365/459] CFBS
[01:23:50] [366/459] PVER
[01:23:51] [367/459] PPNX
[01:23:52] [368/459] CNRM
[01:23:53] [369/459] PVWW
[01:23:56] [370/459] INMB
[01:23:57] [371/459] CPJR
[01:23:58] 🔄 Identity reset
[01:23:58] 🔄 Identity rotated (every 10 requests)
[01:23:58] 🔄 Retry 1/5 for CPJR in 3.0s
[01:23:58] 🔄 Identity reset
[01:24:01] 🧠 New identity created
[01:24:01] [372/459] INRZ
[01:24:02] [373/459] PMSR
[01:24:03] [374/459] GPGM
[01:24:04] [375/459] PGWB
[01:24:06] [376/459] PMBR
[01:24:07] [377/459] GPAM
[01:24:09] [378/459] INBC
[01:24:09] [379/459] PZVK
[01:24:10] [380/459] CPEB
[01:24:11] 🔄 Identity reset
[01:24:11] 🔄 Identity rotated (every 10 requests)
[01:24:11] [381/459] FMLB
[01:24:13] [382/459] INBG
[01:24:14] [383/459] GPBR
[01:24:14] [384/459] PAAS
[01:24:15] [385/459] VTBR
[01:24:16] [386/459] GPMY
[01:24:17] [387/459] GYBU
[01:24:18] [388/459] INBJ
[01:24:19] [389/459] LKTH
[01:24:20] [390/459] NSBR
[01:24:20] 🔄 Identity reset
[01:24:20] 🔄 Identity rotated (every 10 requests)
[01:24:21] [391/459] PDRD
[01:24:22] [392/459] VRBL
[01:24:23] [393/459] VTGB
[01:24:23] [394/459] VTSK
[01:24:24] [395/459] BKDV
[01:24:26] [396/459] SVTB
[01:24:27] [397/459] MLDT
[01:24:27] [398/459] NRBL
[01:24:28] [399/459] SLTR
[01:24:29] [400/459] VNKA
[01:24:30] 🔄 Identity reset
[01:24:30] 🔄 Identity rotated (every 10 requests)
[01:24:31] [401/459] TDCA
[01:24:32] [402/459] INBM
[01:24:33] [403/459] SSNR
[01:24:34] [404/459] BHAC
[01:24:35] [405/459] SDSD
[01:24:36] [406/459] SAMP
[01:24:37] [407/459] RATK
[01:24:38] [408/459] KCBI
[01:24:39] [409/459] URBL
[01:24:40] [410/459] MKBG
[01:24:41] 🔄 Identity reset
[01:24:41] 🔄 Identity rotated (every 10 requests)
[01:24:41] [411/459] ASTB
[01:24:42] [412/459] VBWT
[01:24:43] [413/459] GPSM
[01:24:44] [414/459] ROON
[01:24:45] [415/459] CHTH
[01:24:46] [416/459] SSPA
[01:24:46] [417/459] ANBL
[01:24:47] [418/459] VTBE
[01:24:48] [419/459] SVKT
[01:24:49] [420/459] SVYK
[01:24:50] 🔄 Identity reset
[01:24:50] 🔄 Identity rotated (every 10 requests)
[01:24:50] [421/459] PTBK
[01:24:51] [422/459] RKTB
[01:24:52] [423/459] BALT
[01:24:53] [424/459] STSV
[01:24:54] [425/459] VCCB
[01:24:55] [426/459] SLTB
[01:24:56] [427/459] SBCR
[01:24:57] [428/459] VDCS
[01:24:58] [429/459] MDKI
[01:24:59] [430/459] SMRN
[01:24:59] 🔄 Identity reset
[01:24:59] 🔄 Identity rotated (every 10 requests)
[01:25:00] [431/459] PTBC
[01:25:01] [432/459] RADI
[01:25:02] [433/459] ADCR
[01:25:03] [434/459] SDCS
[01:25:05] [435/459] SRPJ
[01:25:05] [436/459] ARTS
[01:25:06] [437/459] SRHK
[01:25:07] [438/459] SPAY
[01:25:08] [439/459] GPTB
[01:25:10] [440/459] SNNN
[01:25:10] 🔄 Identity reset
[01:25:10] 🔄 Identity rotated (every 10 requests)
[01:25:10] 🔄 Retry 1/5 for SNNN in 2.9s
[01:25:10] 🔄 Identity reset
[01:25:13] 🧠 New identity created
[01:25:14] [441/459] BALJ
[01:25:14] [442/459] TRIG
[01:25:15] [443/459] GTYT
[01:25:16] [444/459] ATGN
[01:25:17] [445/459] ANTE
[01:25:18] [446/459] BDCG
[01:25:20] [447/459] VECI
[01:25:21] [448/459] SCPR
[01:25:22] [449/459] RTEA
[01:25:22] 🔄 Identity reset
[01:25:22] 🔄 Identity rotated (every 10 requests)
[01:25:24] [450/459] JSAI
[01:25:25] [451/459] VJTP
[01:25:27] [452/459] GNDS
[01:25:28] [453/459] PAXA
[01:25:29] [454/459] CGGM
[01:25:30] [455/459] ACKZ
[01:25:30] [456/459] EMCC
[01:25:34] [457/459] KLSK
[01:25:35] [458/459] AVCK
[01:25:36] [459/459] JTCK
[01:25:36] 🔄 Identity reset
[01:25:36] 🔄 Identity rotated (every 10 requests)
[01:25:37] ✅ DONE | Shows=0 | Movies=0
[02:16:42] 🚀 BMS DAILY TRACKER STARTED (enhanced anti‑detection)
[02:16:42] [1/459] NECA
[02:16:42] 🧠 New identity created
[02:16:43] [2/459] BJLC
[02:16:45] [3/459] BASU
[02:16:46] [4/459] RUPI
[02:16:47] [5/459] LCBK
[02:16:48] [6/459] PMAC
[02:16:49] [7/459] AMLC
[02:16:50] [8/459] LICL
[02:16:51] [9/459] UDMM
[02:16:53] [10/459] STBZ
[02:16:53] 🔄 Identity reset
[02:16:53] 🔄 Identity rotated (every 10 requests)
[02:16:54] [11/459] UUBT
[02:16:55] [12/459] SJKC
[02:16:57] [13/459] TUAL
[02:16:58] [14/459] MRSE
[02:16:59] [15/459] RMRK
[02:17:00] [16/459] TTKP
[02:17:01] [17/459] KTKO
[02:17:02] [18/459] SDBK
[02:17:03] [19/459] MCPR
[02:17:04] [20/459] CHTI
[02:17:04] 🔄 Identity reset
[02:17:04] 🔄 Identity rotated (every 10 requests)
[02:17:05] [21/459] GCCP
[02:17:06] [22/459] SRMY
[02:17:07] [23/459] NYST
[02:17:08] [24/459] NYAG
[02:17:10] [25/459] SBMT
[02:17:12] [26/459] INGA
[02:17:13] [27/459] WSIC
[02:17:13] [28/459] SCSS
[02:17:14] [29/459] COPG
[02:17:15] [30/459] RCGR
[02:17:16] 🔄 Identity reset
[02:17:16] 🔄 Identity rotated (every 10 requests)
[02:17:17] [31/459] TCZA
[02:17:18] [32/459] CNLP
[02:17:19] [33/459] CLKN
[02:17:20] [34/459] LHDF
[02:17:22] [35/459] ELKC
[02:17:23] [36/459] VCEM
[02:17:24] [37/459] SSZA
[02:17:25] [38/459] KRMT
[02:17:27] [39/459] LCMV
[02:17:28] [40/459] AYCZ
[02:17:29] 🔄 Identity reset
[02:17:29] 🔄 Identity rotated (every 10 requests)
[02:17:29] [41/459] CUMS
[02:17:30] [42/459] BOCK
[02:17:32] [43/459] PNMR
[02:17:33] [44/459] PJCP
[02:17:34] [45/459] JDDD
[02:17:35] [46/459] STMS
[02:17:36] [47/459] FLMB
[02:17:37] [48/459] PKCM
[02:17:38] [49/459] SPPR
[02:17:39] [50/459] EYLH
[02:17:40] 🔄 Identity reset
[02:17:40] 🔄 Identity rotated (every 10 requests)
[02:17:40] [51/459] RJCC
[02:17:41] [52/459] MMPS
[02:17:42] [53/459] SHMX
[02:17:43] [54/459] CCNL
[02:17:45] [55/459] RCNV
[02:17:46] [56/459] MAAG
[02:17:47] [57/459] LXCM
[02:17:49] [58/459] RCNI
[02:17:50] [59/459] SNNI
[02:17:51] [60/459] LALC
[02:17:52] 🔄 Identity reset
[02:17:52] 🔄 Identity rotated (every 10 requests)
[02:17:54] [61/459] SOCN
[02:17:55] [62/459] JHTP
[02:17:56] [63/459] PITP
[02:17:57] [64/459] CCKW
[02:17:58] [65/459] MCMC
[02:17:59] [66/459] DEES
[02:18:01] [67/459] SABT
[02:18:02] [68/459] VSPP
[02:18:04] [69/459] ABCT
[02:18:05] [70/459] JVTB
[02:18:05] 🔄 Identity reset
[02:18:05] 🔄 Identity rotated (every 10 requests)
[02:18:06] [71/459] VCBD
[02:18:07] [72/459] RMGG
[02:18:08] [73/459] RNMH
[02:18:09] [74/459] SPGL
[02:18:11] [75/459] JTTR
[02:18:12] [76/459] SICS
[02:18:13] [77/459] SRMI
[02:18:14] [78/459] SSIJ
[02:18:15] [79/459] KFMT
[02:18:16] [80/459] VBIT
[02:18:17] 🔄 Identity reset
[02:18:17] 🔄 Identity rotated (every 10 requests)
[02:18:17] [81/459] JKCT
[02:18:19] [82/459] GCGP
[02:18:20] [83/459] GDCS
[02:18:21] [84/459] TRBA
[02:18:22] [85/459] QUST
[02:18:24] [86/459] VSHM
[02:18:25] [87/459] SDCP
[02:18:26] [88/459] SNVS
[02:18:27] [89/459] NYTO
[02:18:29] [90/459] URWC
[02:18:29] 🔄 Identity reset
[02:18:29] 🔄 Identity rotated (every 10 requests)
[02:18:30] [91/459] GTWH
[02:18:31] [92/459] PFCM
[02:18:31] [93/459] KRTA
[02:18:33] [94/459] AXMC
[02:18:34] [95/459] EVMC
[02:18:35] [96/459] HGSM
[02:18:36] [97/459] ACVM
[02:18:36] [98/459] PSKL
[02:18:37] [99/459] RDMP
[02:18:38] [100/459] RHGH
[02:18:39] 🔄 Identity reset
[02:18:39] 🔄 Identity rotated (every 10 requests)
[02:18:39] [101/459] OMCM
[02:18:41] [102/459] DCCP
[02:18:42] [103/459] MCPB
[02:18:43] [104/459] ALCI
[02:18:44] [105/459] BLMX
[02:18:45] [106/459] BTMV
[02:18:46] [107/459] FVPN
[02:18:48] [108/459] CMAR
[02:18:49] [109/459] CEIM
[02:18:50] [110/459] CMVA
[02:18:50] 🔄 Identity reset
[02:18:50] 🔄 Identity rotated (every 10 requests)
[02:18:51] [111/459] CPIV
[02:18:52] [112/459] CNPE
[02:18:53] [113/459] COLV
[02:18:55] [114/459] DNNV
[02:18:56] [115/459] HCAD
[02:18:58] [116/459] TAKA
[02:18:59] [117/459] INVD
[02:19:01] [118/459] IRMM
[02:19:02] [119/459] INSE
[02:19:03] [120/459] MRSW
[02:19:03] 🔄 Identity reset
[02:19:03] 🔄 Identity rotated (every 10 requests)
[02:19:04] [121/459] MCVD
[02:19:05] [122/459] MCSO
[02:19:07] [123/459] PEVM
[02:19:08] [124/459] PVNL
[02:19:09] [125/459] PTCV
[02:19:10] [126/459] PRTC
[02:19:11] [127/459] RCVA
[02:19:11] [128/459] MTBN
[02:19:13] [129/459] LUCP
[02:19:15] [130/459] FMPT
[02:19:15] 🔄 Identity reset
[02:19:15] 🔄 Identity rotated (every 10 requests)
[02:19:16] [131/459] JLSL
[02:19:17] [132/459] SBHA
[02:19:18] [133/459] SHRC
[02:19:20] [134/459] AVPS
[02:19:21] [135/459] STPM
[02:19:23] [136/459] ATRD
[02:19:24] [137/459] VTED
[02:19:25] [138/459] ACAI
[02:19:26] [139/459] SMAE
[02:19:28] [140/459] VMAT
[02:19:28] 🔄 Identity reset
[02:19:28] 🔄 Identity rotated (every 10 requests)
[02:19:29] [141/459] LKCT
[02:19:30] [142/459] JTVK
[02:19:31] [143/459] PRTY
[02:19:32] [144/459] GETT
[02:19:33] [145/459] ESAP
[02:19:35] [146/459] NCPM
[02:19:37] [147/459] PCPA
[02:19:40] [148/459] MMOM
[02:19:41] [149/459] PHUP
[02:19:42] [150/459] CCPI
[02:19:42] 🔄 Identity reset
[02:19:42] 🔄 Identity rotated (every 10 requests)
[02:19:43] [151/459] CNTD
[02:19:44] [152/459] NLJR
[02:19:45] [153/459] SRNG
[02:19:46] [154/459] MHAL
[02:19:47] [155/459] PNSM
[02:19:48] [156/459] DRMY
[02:19:49] [157/459] CCMU
[02:19:50] [158/459] SCMY
[02:19:51] [159/459] PVSY
[02:19:53] [160/459] SDLM
[02:19:53] 🔄 Identity reset
[02:19:53] 🔄 Identity rotated (every 10 requests)
[02:19:54] [161/459] ICCM
[02:19:55] [162/459] PYSU
[02:19:55] [163/459] GATM
[02:19:56] [164/459] WOTM
[02:19:57] [165/459] RKTS
[02:19:59] [166/459] PMTY
[02:20:00] [167/459] LYMS
[02:20:01] [168/459] TGCA
[02:20:02] [169/459] DSTA
[02:20:04] [170/459] CNGE
[02:20:04] 🔄 Identity reset
[02:20:04] 🔄 Identity rotated (every 10 requests)
[02:20:05] [171/459] VSTG
[02:20:06] [172/459] GTCK
[02:20:07] [173/459] TGNT
[02:20:08] [174/459] ASLC
[02:20:09] [175/459] SSST
[02:20:11] [176/459] KBTT
[02:20:12] [177/459] HKCP
[02:20:13] [178/459] SWLC
[02:20:14] [179/459] RTND
[02:20:15] [180/459] PKKT
[02:20:16] 🔄 Identity reset
[02:20:16] 🔄 Identity rotated (every 10 requests)
[02:20:16] 🔄 Retry 1/5 for PKKT in 2.8s
[02:20:16] 🔄 Identity reset
[02:20:19] 🧠 New identity created
[02:20:19] [181/459] HSTK
[02:20:20] [182/459] SPTT
[02:20:22] [183/459] IMPM
[02:20:23] [184/459] SCMV
[02:20:24] [185/459] SPCT
[02:20:26] [186/459] JBCA
[02:20:26] [187/459] ATTR
[02:20:27] [188/459] SPMT
[02:20:29] [189/459] LCTM
[02:20:30] 🔄 Identity reset
[02:20:30] 🔄 Identity rotated (every 10 requests)
[02:20:31] [190/459] SCVL
[02:20:31] [191/459] SCVT
[02:20:32] [192/459] KRIC
[02:20:34] [193/459] CTMG
[02:20:35] [194/459] ACNC
[02:20:36] [195/459] DMCK
[02:20:37] [196/459] KMTV
[02:20:39] [197/459] PFCJ
[02:20:40] [198/459] VNMD
[02:20:41] [199/459] VPCZ
[02:20:41] 🔄 Identity reset
[02:20:41] 🔄 Identity rotated (every 10 requests)
[02:20:42] [200/459] SRYR
[02:20:43] [201/459] SYTR
[02:20:44] [202/459] GATR
[02:20:45] [203/459] URTR
[02:20:46] [204/459] MKSM
[02:20:47] [205/459] VSMH
[02:20:48] [206/459] SKRJ
[02:20:49] [207/459] SSJR
[02:20:50] [208/459] SVSM
[02:20:51] [209/459] RUCM
[02:20:51] 🔄 Identity reset
[02:20:51] 🔄 Identity rotated (every 10 requests)
[02:20:52] [210/459] PRKN
[02:20:53] [211/459] RROH
[02:20:54] [212/459] SCTN
[02:20:55] [213/459] RTDM
[02:20:57] [214/459] ASRM
[02:20:57] [215/459] SKMD
[02:20:58] [216/459] SUTD
[02:20:59] [217/459] SADM
[02:21:00] [218/459] WCNR
[02:21:01] [219/459] CNED
[02:21:02] 🔄 Identity reset
[02:21:02] 🔄 Identity rotated (every 10 requests)
[02:21:03] [220/459] MPDB
[02:21:04] [221/459] KTBH
[02:21:05] [222/459] IDRM
[02:21:06] [223/459] PJJT
[02:21:07] [224/459] PFCV
[02:21:08] [225/459] AACT
[02:21:09] [226/459] AAAD
[02:21:10] [227/459] ANES
[02:21:11] [228/459] MNCA
[02:21:12] [229/459] RMGU
[02:21:13] 🔄 Identity reset
[02:21:13] 🔄 Identity rotated (every 10 requests)
[02:21:13] [230/459] DLCN
[02:21:15] [231/459] LJWT
[02:21:15] [232/459] MCBG
[02:21:16] [233/459] MYBG
[02:21:17] [234/459] GCCA
[02:21:19] [235/459] GCGA
[02:21:20] [236/459] ECGN
[02:21:21] [237/459] PRAB
[02:21:23] [238/459] PNMP
[02:21:24] [239/459] GCPT
[02:21:25] 🔄 Identity reset
[02:21:25] 🔄 Identity rotated (every 10 requests)
[02:21:26] [240/459] ROYN
[02:21:28] [241/459] VATM
[02:21:29] [242/459] KSNT
[02:21:30] [243/459] ACTC
[02:21:31] [244/459] PLTD
[02:21:32] [245/459] SKMK
[02:21:33] [246/459] CMTT
[02:21:34] [247/459] SMXP
[02:21:35] [248/459] SCMX
[02:21:36] [249/459] ACXN
[02:21:37] 🔄 Identity reset
[02:21:37] 🔄 Identity rotated (every 10 requests)
[02:21:37] [250/459] ASWT
[02:21:38] [251/459] VVVL
[02:21:39] [252/459] NAGO
[02:21:40] [253/459] SNCN
[02:21:41] [254/459] MCKP
[02:21:42] [255/459] SAMO
[02:21:43] [256/459] JBTV
[02:21:44] [257/459] DCVV
[02:21:45] [258/459] KMSV
[02:21:46] [259/459] KDCN
[02:21:47] 🔄 Identity reset
[02:21:47] 🔄 Identity rotated (every 10 requests)
[02:21:48] [260/459] CNCP
[02:21:49] [261/459] HAMC
[02:21:50] [262/459] CCVZ
[02:21:52] [263/459] NCCK
[02:21:53] [264/459] MCHR
[02:21:54] [265/459] SCHT
[02:21:55] [266/459] ESSH
[02:21:57] [267/459] CUJC
[02:21:58] [268/459] PECP
[02:21:59] [269/459] PMMI
[02:21:59] 🔄 Identity reset
[02:21:59] 🔄 Identity rotated (every 10 requests)
[02:22:00] [270/459] PCCH
[02:22:01] [271/459] PRPM
[02:22:02] [272/459] PVKL
[02:22:03] [273/459] CBSM
[02:22:04] [274/459] PVCZ
[02:22:05] [275/459] PCVV
[02:22:06] [276/459] CTMJ
[02:22:07] [277/459] RCPS
[02:22:08] [278/459] PCIT
[02:22:09] [279/459] FNCH
[02:22:10] 🔄 Identity reset
[02:22:10] 🔄 Identity rotated (every 10 requests)
[02:22:10] [280/459] INZD
[02:22:11] [281/459] INPC
[02:22:12] [282/459] LCZP
[02:22:14] [283/459] SMCB
[02:22:16] [284/459] PTSB
[02:22:17] [285/459] TPSI
[02:22:19] [286/459] KHMJ
[02:22:20] [287/459] RCCJ
[02:22:20] [288/459] NCJA
[02:22:22] [289/459] NCJN
[02:22:23] 🔄 Identity reset
[02:22:23] 🔄 Identity rotated (every 10 requests)
[02:22:23] [290/459] BTDP
[02:22:24] [291/459] PADY
[02:22:25] [292/459] NYBH
[02:22:26] [293/459] MTBR
[02:22:28] [294/459] KRBC
[02:22:28] [295/459] DKTI
[02:22:29] [296/459] ANAN
[02:22:31] [297/459] INBP
[02:22:32] [298/459] PATB
[02:22:33] [299/459] RGNT
[02:22:34] 🔄 Identity reset
[02:22:34] 🔄 Identity rotated (every 10 requests)
[02:22:34] [300/459] CGPM
[02:22:35] [301/459] INTN
[02:22:37] [302/459] MCMP
[02:22:38] [303/459] ASRG
[02:22:39] [304/459] CXJD
[02:22:41] [305/459] SPCP
[02:22:42] [306/459] CSTP
[02:22:43] [307/459] PKVC
[02:22:45] [308/459] ESCP
[02:22:46] [309/459] CAEP
[02:22:46] 🔄 Identity reset
[02:22:46] 🔄 Identity rotated (every 10 requests)
[02:22:47] [310/459] CCSP
[02:22:48] [311/459] KTPC
[02:22:49] [312/459] DACA
[02:22:51] [313/459] NVKY
[02:22:52] [314/459] PTIN
[02:22:53] [315/459] SCIN
[02:22:54] [316/459] MCTY
[02:22:55] [317/459] PCMX
[02:22:56] [318/459] INIC
[02:22:57] [319/459] MMZM
[02:22:58] 🔄 Identity reset
[02:22:58] 🔄 Identity rotated (every 10 requests)
[02:22:59] [320/459] SSLP
[02:23:00] [321/459] DTDT
[02:23:01] [322/459] FFCX
[02:23:02] [323/459] RCMM
[02:23:04] [324/459] KYID
[02:23:05] [325/459] CSCI
[02:23:06] [326/459] FCMC
[02:23:07] [327/459] MMXI
[02:23:08] [328/459] ASTC
[02:23:09] [329/459] CMRA
[02:23:09] 🔄 Identity reset
[02:23:09] 🔄 Identity rotated (every 10 requests)
[02:23:10] [330/459] DICI
[02:23:12] [331/459] KDIN
[02:23:12] [332/459] PRFI
[02:23:14] [333/459] SVFC
[02:23:15] [334/459] UCPL
[02:23:16] [335/459] COOC
[02:23:17] [336/459] SCAL
[02:23:18] [337/459] SVFF
[02:23:19] [338/459] VCMG
[02:23:20] [339/459] UUCT
[02:23:21] 🔄 Identity reset
[02:23:21] 🔄 Identity rotated (every 10 requests)
[02:23:22] [340/459] GCSE
[02:23:23] [341/459] SUSC
[02:23:25] [342/459] MISC
[02:23:26] [343/459] RMBL
[02:23:27] [344/459] CMXN
[02:23:28] [345/459] PVBK
[02:23:29] [346/459] HHCG
[02:23:31] [347/459] SCAG
[02:23:32] [348/459] CNPR
[02:23:33] [349/459] CSER
[02:23:33] 🔄 Identity reset
[02:23:33] 🔄 Identity rotated (every 10 requests)
[02:23:34] [350/459] HLWD
[02:23:35] [351/459] BOLY
[02:23:36] [352/459] SSPG
[02:23:37] [353/459] MUPX
[02:23:38] [354/459] HAMR
[02:23:39] [355/459] SDNC
[02:23:40] [356/459] RTEN
[02:23:41] [357/459] SDTD
[02:23:43] [358/459] KAWS
[02:23:44] [359/459] CMZX
[02:23:44] 🔄 Identity reset
[02:23:44] 🔄 Identity rotated (every 10 requests)
[02:23:45] [360/459] DCDD
[02:23:46] [361/459] ALSN
[02:23:47] [362/459] IMXS
[02:23:49] [363/459] PVFF
[02:23:50] [364/459] PVOO
[02:23:51] [365/459] CFBS
[02:23:52] [366/459] PVER
[02:23:55] [367/459] PPNX
[02:23:56] [368/459] CNRM
[02:23:57] [369/459] PVWW
[02:23:58] 🔄 Identity reset
[02:23:58] 🔄 Identity rotated (every 10 requests)
[02:23:59] [370/459] INMB
[02:23:59] [371/459] CPJR
[02:24:01] [372/459] INRZ
[02:24:03] [373/459] PMSR
[02:24:05] [374/459] GPGM
[02:24:06] [375/459] PGWB
[02:24:06] [376/459] PMBR
[02:24:07] [377/459] GPAM
[02:24:08] [378/459] INBC
[02:24:10] [379/459] PZVK
[02:24:11] 🔄 Identity reset
[02:24:11] 🔄 Identity rotated (every 10 requests)
[02:24:12] [380/459] CPEB
[02:24:13] [381/459] FMLB
[02:24:14] [382/459] INBG
[02:24:16] [383/459] GPBR
[02:24:17] [384/459] PAAS
[02:24:18] [385/459] VTBR
[02:24:19] [386/459] GPMY
[02:24:20] [387/459] GYBU
[02:24:21] [388/459] INBJ
[02:24:23] [389/459] LKTH
[02:24:23] 🔄 Identity reset
[02:24:23] 🔄 Identity rotated (every 10 requests)
[02:24:24] [390/459] NSBR
[02:24:25] [391/459] PDRD
[02:24:26] [392/459] VRBL
[02:24:27] [393/459] VTGB
[02:24:28] [394/459] VTSK
[02:24:30] [395/459] BKDV
[02:24:31] [396/459] SVTB
[02:24:33] [397/459] MLDT
[02:24:34] [398/459] NRBL
[02:24:35] [399/459] SLTR
[02:24:36] 🔄 Identity reset
[02:24:36] 🔄 Identity rotated (every 10 requests)
[02:24:36] [400/459] VNKA
[02:24:37] [401/459] TDCA
[02:24:38] [402/459] INBM
[02:24:39] [403/459] SSNR
[02:24:40] [404/459] BHAC
[02:24:41] [405/459] SDSD
[02:24:42] [406/459] SAMP
[02:24:43] [407/459] RATK
[02:24:44] [408/459] KCBI
[02:24:45] [409/459] URBL
[02:24:46] 🔄 Identity reset
[02:24:46] 🔄 Identity rotated (every 10 requests)
[02:24:46] [410/459] MKBG
[02:24:47] [411/459] ASTB
[02:24:48] [412/459] VBWT
[02:24:49] [413/459] GPSM
[02:24:51] [414/459] ROON
[02:24:53] [415/459] CHTH
[02:24:54] [416/459] SSPA
[02:24:55] [417/459] ANBL
[02:24:57] [418/459] VTBE
[02:24:58] [419/459] SVKT
[02:24:58] 🔄 Identity reset
[02:24:58] 🔄 Identity rotated (every 10 requests)
[02:24:59] [420/459] SVYK
[02:24:59] [421/459] PTBK
[02:25:00] [422/459] RKTB
[02:25:01] [423/459] BALT
[02:25:03] [424/459] STSV
[02:25:04] [425/459] VCCB
[02:25:04] [426/459] SLTB
[02:25:06] [427/459] SBCR
[02:25:08] [428/459] VDCS
[02:25:09] [429/459] MDKI
[02:25:10] 🔄 Identity reset
[02:25:10] 🔄 Identity rotated (every 10 requests)
[02:25:10] [430/459] SMRN
[02:25:11] [431/459] PTBC
[02:25:12] [432/459] RADI
[02:25:13] [433/459] ADCR
[02:25:14] [434/459] SDCS
[02:25:16] [435/459] SRPJ
[02:25:18] [436/459] ARTS
[02:25:19] [437/459] SRHK
[02:25:20] [438/459] SPAY
[02:25:22] [439/459] GPTB
[02:25:23] 🔄 Identity reset
[02:25:23] 🔄 Identity rotated (every 10 requests)
[02:25:23] [440/459] SNNN
[02:25:24] [441/459] BALJ
[02:25:26] [442/459] TRIG
[02:25:27] [443/459] GTYT
[02:25:29] [444/459] ATGN
[02:25:30] [445/459] ANTE
[02:25:30] [446/459] BDCG
[02:25:31] [447/459] VECI
[02:25:33] [448/459] SCPR
[02:25:34] [449/459] RTEA
[02:25:34] 🔄 Identity reset
[02:25:34] 🔄 Identity rotated (every 10 requests)
[02:25:35] [450/459] JSAI
[02:25:36] [451/459] VJTP
[02:25:38] [452/459] GNDS
[02:25:40] [453/459] PAXA
[02:25:41] [454/459] CGGM
[02:25:43] [455/459] ACKZ
[02:25:44] [456/459] EMCC
[02:25:46] [457/459] KLSK
[02:25:48] [458/459] AVCK
[02:25:48] [459/459] JTCK
[02:25:49] 🔄 Identity reset
[02:25:49] 🔄 Identity rotated (every 10 requests)
[02:25:50] ✅ DONE | Shows=0 | Movies=0
[02:45:19] 🚀 BMS DAILY TRACKER STARTED (enhanced anti‑detection)
[02:45:19] [1/459] NECA
[02:45:20] 🧠 New identity created
[02:45:20] [2/459] BJLC
[02:45:22] [3/459] BASU
[02:45:23] [4/459] RUPI
[02:45:25] [5/459] LCBK
[02:45:26] [6/459] PMAC
[02:45:27] [7/459] AMLC
[02:45:29] [8/459] LICL
[02:45:29] [9/459] UDMM
[02:45:31] [10/459] STBZ
[02:45:32] 🔄 Identity reset
[02:45:32] 🔄 Identity rotated (every 10 requests)
[02:45:32] [11/459] UUBT
[02:45:33] [12/459] SJKC
[02:45:33] [13/459] TUAL
[02:45:34] [14/459] MRSE
[02:45:35] [15/459] RMRK
[02:45:36] [16/459] TTKP
[02:45:37] [17/459] KTKO
[02:45:38] [18/459] SDBK
[02:45:39] [19/459] MCPR
[02:45:40] [20/459] CHTI
[02:45:41] 🔄 Identity reset
[02:45:41] 🔄 Identity rotated (every 10 requests)
[02:45:42] [21/459] GCCP
[02:45:43] [22/459] SRMY
[02:45:44] [23/459] NYST
[02:45:45] [24/459] NYAG
[02:45:46] [25/459] SBMT
[02:45:47] [26/459] INGA
[02:45:48] [27/459] WSIC
[02:45:49] [28/459] SCSS
[02:45:50] [29/459] COPG
[02:45:51] [30/459] RCGR
[02:45:51] 🔄 Identity reset
[02:45:51] 🔄 Identity rotated (every 10 requests)
[02:45:51] 🔄 Retry 1/5 for RCGR in 2.9s
[02:45:51] 🔄 Identity reset
[02:45:54] 🧠 New identity created
[02:45:56] [31/459] TCZA
[02:45:56] [32/459] CNLP
[02:45:57] [33/459] CLKN
[02:45:59] [34/459] LHDF
[02:46:00] [35/459] ELKC
[02:46:01] [36/459] VCEM
[02:46:03] [37/459] SSZA
[02:46:03] [38/459] KRMT
[02:46:04] [39/459] LCMV
[02:46:05] 🔄 Identity reset
[02:46:05] 🔄 Identity rotated (every 10 requests)
[02:46:05] 🔄 Retry 1/5 for LCMV in 2.2s
[02:46:05] 🔄 Identity reset
[02:46:07] 🧠 New identity created
[02:46:08] [40/459] AYCZ
[02:46:09] [41/459] CUMS
[02:46:11] [42/459] BOCK
[02:46:13] [43/459] PNMR
[02:46:14] [44/459] PJCP
[02:46:15] [45/459] JDDD
[02:46:16] [46/459] STMS
[02:46:17] [47/459] FLMB
[02:46:18] [48/459] PKCM
[02:46:19] 🔄 Identity reset
[02:46:19] 🔄 Identity rotated (every 10 requests)
[02:46:19] [49/459] SPPR
[02:46:20] [50/459] EYLH
[02:46:22] [51/459] RJCC
[02:46:23] [52/459] MMPS
[02:46:25] [53/459] SHMX
[02:46:26] [54/459] CCNL
[02:46:28] [55/459] RCNV
[02:46:28] [56/459] MAAG
[02:46:30] [57/459] LXCM
[02:46:32] [58/459] RCNI
[02:46:32] 🔄 Identity reset
[02:46:32] 🔄 Identity rotated (every 10 requests)
[02:46:33] [59/459] SNNI
[02:46:33] [60/459] LALC
[02:46:35] [61/459] SOCN
[02:46:35] [62/459] JHTP
[02:46:36] [63/459] PITP
[02:46:37] [64/459] CCKW
[02:46:38] [65/459] MCMC
[02:46:39] [66/459] DEES
[02:46:40] [67/459] SABT
[02:46:42] [68/459] VSPP
[02:46:42] 🔄 Identity reset
[02:46:42] 🔄 Identity rotated (every 10 requests)
[02:46:43] [69/459] ABCT
[02:46:44] [70/459] JVTB
[02:46:44] [71/459] VCBD
[02:46:46] [72/459] RMGG
[02:46:47] [73/459] RNMH
[02:46:48] [74/459] SPGL
[02:46:49] [75/459] JTTR
[02:46:50] [76/459] SICS
[02:46:51] [77/459] SRMI
[02:46:51] [78/459] SSIJ
[02:46:52] 🔄 Identity reset
[02:46:52] 🔄 Identity rotated (every 10 requests)
[02:46:53] [79/459] KFMT
[02:46:54] [80/459] VBIT
[02:46:55] [81/459] JKCT
[02:46:56] [82/459] GCGP
[02:46:57] [83/459] GDCS
[02:46:59] [84/459] TRBA
[02:47:00] [85/459] QUST
[02:47:01] [86/459] VSHM
[02:47:03] [87/459] SDCP
[02:47:04] [88/459] SNVS
[02:47:05] 🔄 Identity reset
[02:47:05] 🔄 Identity rotated (every 10 requests)
[02:47:05] [89/459] NYTO
[02:47:06] [90/459] URWC
[02:47:07] [91/459] GTWH
[02:47:08] [92/459] PFCM
[02:47:09] [93/459] KRTA
[02:47:10] [94/459] AXMC
[02:47:12] [95/459] EVMC
[02:47:13] [96/459] HGSM
[02:47:14] [97/459] ACVM
[02:47:15] [98/459] PSKL
[02:47:15] 🔄 Identity reset
[02:47:15] 🔄 Identity rotated (every 10 requests)
[02:47:16] [99/459] RDMP
[02:47:17] [100/459] RHGH
[02:47:18] [101/459] OMCM
[02:47:19] [102/459] DCCP
[02:47:20] [103/459] MCPB
[02:47:21] [104/459] ALCI
[02:47:23] [105/459] BLMX
[02:47:24] [106/459] BTMV
[02:47:24] [107/459] FVPN
[02:47:25] [108/459] CMAR
[02:47:26] 🔄 Identity reset
[02:47:26] 🔄 Identity rotated (every 10 requests)
[02:47:26] [109/459] CEIM
[02:47:27] [110/459] CMVA
[02:47:29] [111/459] CPIV
[02:47:30] [112/459] CNPE
[02:47:31] [113/459] COLV
[02:47:32] [114/459] DNNV
[02:47:33] [115/459] HCAD
[02:47:34] [116/459] TAKA
[02:47:35] [117/459] INVD
[02:47:37] [118/459] IRMM
[02:47:38] 🔄 Identity reset
[02:47:38] 🔄 Identity rotated (every 10 requests)
[02:47:38] [119/459] INSE
[02:47:39] [120/459] MRSW
[02:47:41] [121/459] MCVD
[02:47:42] [122/459] MCSO
[02:47:44] [123/459] PEVM
[02:47:45] [124/459] PVNL
[02:47:46] [125/459] PTCV
[02:47:48] [126/459] PRTC
[02:47:49] [127/459] RCVA
[02:47:50] [128/459] MTBN
[02:47:50] 🔄 Identity reset
[02:47:50] 🔄 Identity rotated (every 10 requests)
[02:47:51] [129/459] LUCP
[02:47:51] [130/459] FMPT
[02:47:53] [131/459] JLSL
[02:47:54] [132/459] SBHA
[02:47:55] [133/459] SHRC
[02:47:56] [134/459] AVPS
[02:47:57] [135/459] STPM
[02:47:58] [136/459] ATRD
[02:47:59] [137/459] VTED
[02:48:00] [138/459] ACAI
[02:48:00] 🔄 Identity reset
[02:48:00] 🔄 Identity rotated (every 10 requests)
[02:48:00] 🔄 Retry 1/5 for ACAI in 2.7s
[02:48:00] 🔄 Identity reset
[02:48:03] 🧠 New identity created
[02:48:04] [139/459] SMAE
[02:48:05] [140/459] VMAT
[02:48:06] [141/459] LKCT
[02:48:07] [142/459] JTVK
[02:48:08] [143/459] PRTY
[02:48:09] [144/459] GETT
[02:48:10] [145/459] ESAP
[02:48:11] [146/459] NCPM
[02:48:13] [147/459] PCPA
[02:48:14] 🔄 Identity reset
[02:48:14] 🔄 Identity rotated (every 10 requests)
[02:48:15] [148/459] MMOM
[02:48:16] [149/459] PHUP
[02:48:17] [150/459] CCPI
[02:48:18] [151/459] CNTD
[02:48:20] [152/459] NLJR
[02:48:21] [153/459] SRNG
[02:48:23] [154/459] MHAL
[02:48:24] [155/459] PNSM
[02:48:25] [156/459] DRMY
[02:48:26] [157/459] CCMU
[02:48:27] 🔄 Identity reset
[02:48:27] 🔄 Identity rotated (every 10 requests)
[02:48:28] [158/459] SCMY
[02:48:29] [159/459] PVSY
[02:48:31] [160/459] SDLM
[02:48:33] [161/459] ICCM
[02:48:33] [162/459] PYSU
[02:48:34] [163/459] GATM
[02:48:35] [164/459] WOTM
[02:48:37] [165/459] RKTS
[02:48:38] [166/459] PMTY
[02:48:39] [167/459] LYMS
[02:48:39] 🔄 Identity reset
[02:48:39] 🔄 Identity rotated (every 10 requests)
[02:48:39] 🔄 Retry 1/5 for LYMS in 2.2s
[02:48:39] 🔄 Identity reset
[02:48:42] 🧠 New identity created
[02:48:42] 🔄 Retry 2/5 for LYMS in 4.6s
[02:48:42] 🔄 Identity reset
[02:48:46] 🧠 New identity created
[02:48:47] [168/459] TGCA
[02:48:48] [169/459] DSTA
[02:48:49] [170/459] CNGE
[02:48:50] [171/459] VSTG
[02:48:50] [172/459] GTCK
[02:48:51] [173/459] TGNT
[02:48:53] [174/459] ASLC
[02:48:54] [175/459] SSST
[02:48:55] 🔄 Identity reset
[02:48:55] 🔄 Identity rotated (every 10 requests)
[02:48:55] [176/459] KBTT
[02:48:56] [177/459] HKCP
[02:48:57] [178/459] SWLC
[02:48:58] [179/459] RTND
[02:48:58] [180/459] PKKT
[02:48:59] [181/459] HSTK
[02:49:01] [182/459] SPTT
[02:49:02] [183/459] IMPM
[02:49:02] [184/459] SCMV
[02:49:03] [185/459] SPCT
[02:49:04] 🔄 Identity reset
[02:49:04] 🔄 Identity rotated (every 10 requests)
[02:49:05] [186/459] JBCA
[02:49:06] [187/459] ATTR
[02:49:07] [188/459] SPMT
[02:49:08] [189/459] LCTM
[02:49:09] [190/459] SCVL
[02:49:11] [191/459] SCVT
[02:49:13] [192/459] KRIC
[02:49:14] [193/459] CTMG
[02:49:15] [194/459] ACNC
[02:49:16] [195/459] DMCK
[02:49:16] 🔄 Identity reset
[02:49:16] 🔄 Identity rotated (every 10 requests)
[02:49:17] [196/459] KMTV
[02:49:18] [197/459] PFCJ
[02:49:19] [198/459] VNMD
[02:49:19] [199/459] VPCZ
[02:49:20] [200/459] SRYR
[02:49:21] [201/459] SYTR
[02:49:26] [202/459] GATR
[02:49:28] [203/459] URTR
[02:49:29] [204/459] MKSM
[02:49:30] [205/459] VSMH
[02:49:30] 🔄 Identity reset
[02:49:30] 🔄 Identity rotated (every 10 requests)
[02:49:31] [206/459] SKRJ
[02:49:32] [207/459] SSJR
[02:49:34] [208/459] SVSM
[02:49:35] [209/459] RUCM
[02:49:36] [210/459] PRKN
[02:49:37] [211/459] RROH
[02:49:37] [212/459] SCTN
[02:49:38] [213/459] RTDM
[02:49:40] [214/459] ASRM
[02:49:41] [215/459] SKMD
[02:49:41] 🔄 Identity reset
[02:49:41] 🔄 Identity rotated (every 10 requests)
[02:49:42] [216/459] SUTD
[02:49:43] [217/459] SADM
[02:49:44] [218/459] WCNR
[02:49:45] [219/459] CNED
[02:49:46] [220/459] MPDB
[02:49:46] [221/459] KTBH
[02:49:47] [222/459] IDRM
[02:49:48] [223/459] PJJT
[02:49:50] [224/459] PFCV
[02:49:51] [225/459] AACT
[02:49:51] 🔄 Identity reset
[02:49:51] 🔄 Identity rotated (every 10 requests)
[02:49:51] 🔄 Retry 1/5 for AACT in 2.1s
[02:49:51] 🔄 Identity reset
[02:49:53] 🧠 New identity created
[02:49:55] [226/459] AAAD
[02:49:56] [227/459] ANES
[02:49:57] [228/459] MNCA
[02:49:58] [229/459] RMGU
[02:49:59] [230/459] DLCN
[02:50:00] [231/459] LJWT
[02:50:01] [232/459] MCBG
[02:50:02] [233/459] MYBG
[02:50:03] [234/459] GCCA
[02:50:04] 🔄 Identity reset
[02:50:04] 🔄 Identity rotated (every 10 requests)
[02:50:04] [235/459] GCGA
[02:50:05] [236/459] ECGN
[02:50:07] [237/459] PRAB
[02:50:09] [238/459] PNMP
[02:50:10] [239/459] GCPT
[02:50:11] [240/459] ROYN
[02:50:12] [241/459] VATM
[02:50:14] [242/459] KSNT
[02:50:15] [243/459] ACTC
[02:50:16] [244/459] PLTD
[02:50:16] 🔄 Identity reset
[02:50:16] 🔄 Identity rotated (every 10 requests)
[02:50:17] [245/459] SKMK
[02:50:18] [246/459] CMTT
[02:50:19] [247/459] SMXP
[02:50:20] [248/459] SCMX
[02:50:21] [249/459] ACXN
[02:50:22] [250/459] ASWT
[02:50:22] [251/459] VVVL
[02:50:23] [252/459] NAGO
[02:50:25] [253/459] SNCN
[02:50:26] [254/459] MCKP
[02:50:27] 🔄 Identity reset
[02:50:27] 🔄 Identity rotated (every 10 requests)
[02:50:27] 🔄 Retry 1/5 for MCKP in 2.8s
[02:50:27] 🔄 Identity reset
[02:50:30] 🧠 New identity created
[02:50:30] [255/459] SAMO
[02:50:32] [256/459] JBTV
[02:50:33] [257/459] DCVV
[02:50:33] [258/459] KMSV
[02:50:34] [259/459] KDCN
[02:50:35] [260/459] CNCP
[02:50:36] [261/459] HAMC
[02:50:38] [262/459] CCVZ
[02:50:39] [263/459] NCCK
[02:50:40] 🔄 Identity reset
[02:50:40] 🔄 Identity rotated (every 10 requests)
[02:50:40] [264/459] MCHR
[02:50:41] [265/459] SCHT
[02:50:42] [266/459] ESSH
[02:50:43] [267/459] CUJC
[02:50:44] [268/459] PECP
[02:50:46] [269/459] PMMI
[02:50:47] [270/459] PCCH
[02:50:48] [271/459] PRPM
[02:50:49] [272/459] PVKL
[02:50:50] [273/459] CBSM
[02:50:50] 🔄 Identity reset
[02:50:51] 🔄 Identity rotated (every 10 requests)
[02:50:52] [274/459] PVCZ
[02:50:53] [275/459] PCVV
[02:50:55] [276/459] CTMJ
[02:50:55] [277/459] RCPS
[02:50:57] [278/459] PCIT
[02:50:58] [279/459] FNCH
[02:50:59] [280/459] INZD
[02:51:01] [281/459] INPC
[02:51:02] [282/459] LCZP
[02:51:03] [283/459] SMCB
[02:51:03] 🔄 Identity reset
[02:51:03] 🔄 Identity rotated (every 10 requests)
[02:51:03] [284/459] PTSB
[02:51:05] [285/459] TPSI
[02:51:07] [286/459] KHMJ
[02:51:08] [287/459] RCCJ
[02:51:09] [288/459] NCJA
[02:51:10] [289/459] NCJN
[02:51:11] [290/459] BTDP
[02:51:12] [291/459] PADY
[02:51:13] [292/459] NYBH
[02:51:14] [293/459] MTBR
[02:51:15] 🔄 Identity reset
[02:51:15] 🔄 Identity rotated (every 10 requests)
[02:51:16] [294/459] KRBC
[02:51:17] [295/459] DKTI
[02:51:18] [296/459] ANAN
[02:51:19] [297/459] INBP
[02:51:21] [298/459] PATB
[02:51:22] [299/459] RGNT
[02:51:23] [300/459] CGPM
[02:51:24] [301/459] INTN
[02:51:25] [302/459] MCMP
[02:51:27] [303/459] ASRG
[02:51:28] 🔄 Identity reset
[02:51:28] 🔄 Identity rotated (every 10 requests)
[02:51:28] [304/459] CXJD
[02:51:29] [305/459] SPCP
[02:51:30] [306/459] CSTP
[02:51:31] [307/459] PKVC
[02:51:32] [308/459] ESCP
[02:51:33] [309/459] CAEP
[02:51:34] [310/459] CCSP
[02:51:36] [311/459] KTPC
[02:51:38] [312/459] DACA
[02:51:38] [313/459] NVKY
[02:51:39] 🔄 Identity reset
[02:51:39] 🔄 Identity rotated (every 10 requests)
[02:51:39] [314/459] PTIN
[02:51:40] [315/459] SCIN
[02:51:41] [316/459] MCTY
[02:51:42] [317/459] PCMX
[02:51:44] [318/459] INIC
[02:51:45] [319/459] MMZM
[02:51:46] [320/459] SSLP
[02:51:47] [321/459] DTDT
[02:51:47] [322/459] FFCX
[02:51:48] [323/459] RCMM
[02:51:49] 🔄 Identity reset
[02:51:49] 🔄 Identity rotated (every 10 requests)
[02:51:49] [324/459] KYID
[02:51:50] [325/459] CSCI
[02:51:52] [326/459] FCMC
[02:51:53] [327/459] MMXI
[02:51:54] [328/459] ASTC
[02:51:55] [329/459] CMRA
[02:51:56] [330/459] DICI
[02:51:58] [331/459] KDIN
[02:51:59] [332/459] PRFI
[02:52:01] [333/459] SVFC
[02:52:01] 🔄 Identity reset
[02:52:01] 🔄 Identity rotated (every 10 requests)
[02:52:02] [334/459] UCPL
[02:52:03] [335/459] COOC
[02:52:05] [336/459] SCAL
[02:52:07] [337/459] SVFF
[02:52:07] [338/459] VCMG
[02:52:08] [339/459] UUCT
[02:52:09] [340/459] GCSE
[02:52:11] [341/459] SUSC
[02:52:12] [342/459] MISC
[02:52:13] [343/459] RMBL
[02:52:13] 🔄 Identity reset
[02:52:13] 🔄 Identity rotated (every 10 requests)
[02:52:14] [344/459] CMXN
[02:52:15] [345/459] PVBK
[02:52:16] [346/459] HHCG
[02:52:17] [347/459] SCAG
[02:52:18] [348/459] CNPR
[02:52:19] [349/459] CSER
[02:52:21] [350/459] HLWD
[02:52:23] [351/459] BOLY
[02:52:23] [352/459] SSPG
[02:52:24] [353/459] MUPX
[02:52:25] 🔄 Identity reset
[02:52:25] 🔄 Identity rotated (every 10 requests)
[02:52:26] [354/459] HAMR
[02:52:27] [355/459] SDNC
[02:52:28] [356/459] RTEN
[02:52:29] [357/459] SDTD
[02:52:30] [358/459] KAWS
[02:52:31] [359/459] CMZX
[02:52:32] [360/459] DCDD
[02:52:33] [361/459] ALSN
[02:52:33] [362/459] IMXS
[02:52:35] [363/459] PVFF
[02:52:36] 🔄 Identity reset
[02:52:36] 🔄 Identity rotated (every 10 requests)
[02:52:37] [364/459] PVOO
[02:52:38] [365/459] CFBS
[02:52:39] [366/459] PVER
[02:52:40] [367/459] PPNX
[02:52:42] [368/459] CNRM
[02:52:44] [369/459] PVWW
[02:52:44] [370/459] INMB
[02:52:45] [371/459] CPJR
[02:52:46] [372/459] INRZ
[02:52:48] [373/459] PMSR
[02:52:49] 🔄 Identity reset
[02:52:49] 🔄 Identity rotated (every 10 requests)
[02:52:49] [374/459] GPGM
[02:52:51] [375/459] PGWB
[02:52:52] [376/459] PMBR
[02:52:53] [377/459] GPAM
[02:52:54] [378/459] INBC
[02:52:55] [379/459] PZVK
[02:52:56] [380/459] CPEB
[02:52:57] [381/459] FMLB
[02:52:58] [382/459] INBG
[02:53:00] [383/459] GPBR
[02:53:00] 🔄 Identity reset
[02:53:00] 🔄 Identity rotated (every 10 requests)
[02:53:01] [384/459] PAAS
[02:53:02] [385/459] VTBR
[02:53:03] [386/459] GPMY
[02:53:04] [387/459] GYBU
[02:53:05] [388/459] INBJ
[02:53:06] [389/459] LKTH
[02:53:06] [390/459] NSBR
[02:53:07] [391/459] PDRD
[02:53:09] [392/459] VRBL
[02:53:09] [393/459] VTGB
[02:53:10] 🔄 Identity reset
[02:53:10] 🔄 Identity rotated (every 10 requests)
[02:53:11] [394/459] VTSK
[02:53:12] [395/459] BKDV
[02:53:14] [396/459] SVTB
[02:53:15] [397/459] MLDT
[02:53:17] [398/459] NRBL
[02:53:18] [399/459] SLTR
[02:53:18] [400/459] VNKA
[02:53:19] [401/459] TDCA
[02:53:20] [402/459] INBM
[02:53:21] [403/459] SSNR
[02:53:22] 🔄 Identity reset
[02:53:22] 🔄 Identity rotated (every 10 requests)
[02:53:22] [404/459] BHAC
[02:53:23] [405/459] SDSD
[02:53:24] [406/459] SAMP
[02:53:26] [407/459] RATK
[02:53:27] [408/459] KCBI
[02:53:28] [409/459] URBL
[02:53:30] [410/459] MKBG
[02:53:31] [411/459] ASTB
[02:53:31] [412/459] VBWT
[02:53:32] [413/459] GPSM
[02:53:33] 🔄 Identity reset
[02:53:33] 🔄 Identity rotated (every 10 requests)
[02:53:33] [414/459] ROON
[02:53:34] [415/459] CHTH
[02:53:35] [416/459] SSPA
[02:53:37] [417/459] ANBL
[02:53:38] [418/459] VTBE
[02:53:38] [419/459] SVKT
[02:53:39] [420/459] SVYK
[02:53:40] [421/459] PTBK
[02:53:41] [422/459] RKTB
[02:53:42] [423/459] BALT
[02:53:43] 🔄 Identity reset
[02:53:43] 🔄 Identity rotated (every 10 requests)
[02:53:43] [424/459] STSV
[02:53:44] [425/459] VCCB
[02:53:45] [426/459] SLTB
[02:53:46] [427/459] SBCR
[02:53:47] [428/459] VDCS
[02:53:48] [429/459] MDKI
[02:53:49] [430/459] SMRN
[02:53:50] [431/459] PTBC
[02:53:52] [432/459] RADI
[02:53:53] [433/459] ADCR
[02:53:54] 🔄 Identity reset
[02:53:54] 🔄 Identity rotated (every 10 requests)
[02:53:54] [434/459] SDCS
[02:53:56] [435/459] SRPJ
[02:53:57] [436/459] ARTS
[02:53:58] [437/459] SRHK
[02:53:59] [438/459] SPAY
[02:54:00] [439/459] GPTB
[02:54:01] [440/459] SNNN
[02:54:02] [441/459] BALJ
[02:54:04] [442/459] TRIG
[02:54:05] [443/459] GTYT
[02:54:06] 🔄 Identity reset
[02:54:06] 🔄 Identity rotated (every 10 requests)
[02:54:06] 🔄 Retry 1/5 for GTYT in 2.8s
[02:54:06] 🔄 Identity reset
[02:54:09] 🧠 New identity created
[02:54:09] [444/459] ATGN
[02:54:10] [445/459] ANTE
[02:54:12] [446/459] BDCG
[02:54:12] [447/459] VECI
[02:54:14] [448/459] SCPR
[02:54:16] [449/459] RTEA
[02:54:17] [450/459] JSAI
[02:54:18] [451/459] VJTP
[02:54:19] [452/459] GNDS
[02:54:20] 🔄 Identity reset
[02:54:20] 🔄 Identity rotated (every 10 requests)
[02:54:20] [453/459] PAXA
[02:54:21] [454/459] CGGM
[02:54:23] [455/459] ACKZ
[02:54:24] [456/459] EMCC
[02:54:25] [457/459] KLSK
[02:54:27] [458/459] AVCK
[02:54:28] [459/459] JTCK
[02:54:29] ✅ DONE | Shows=0 | Movies=0
[03:16:35] 🚀 BMS DAILY TRACKER STARTED (enhanced anti‑detection)
[03:16:35] [1/459] NECA
[03:16:36] 🧠 New identity created
[03:16:37] [2/459] BJLC
[03:16:39] [3/459] BASU
[03:16:40] [4/459] RUPI
[03:16:41] [5/459] LCBK
[03:16:42] [6/459] PMAC
[03:16:42] [7/459] AMLC
[03:16:44] [8/459] LICL
[03:16:45] [9/459] UDMM
[03:16:47] [10/459] STBZ
[03:16:47] 🔄 Identity reset
[03:16:47] 🔄 Identity rotated (every 10 requests)
[03:16:48] [11/459] UUBT
[03:16:48] [12/459] SJKC
[03:16:49] [13/459] TUAL
[03:16:51] [14/459] MRSE
[03:16:52] [15/459] RMRK
[03:16:53] [16/459] TTKP
[03:16:54] [17/459] KTKO
[03:16:56] [18/459] SDBK
[03:16:57] [19/459] MCPR
[03:16:58] [20/459] CHTI
[03:16:58] 🔄 Identity reset
[03:16:59] 🔄 Identity rotated (every 10 requests)
[03:16:59] 🔄 Retry 1/5 for CHTI in 2.3s
[03:16:59] 🔄 Identity reset
[03:17:01] 🧠 New identity created
[03:17:01] [21/459] GCCP
[03:17:03] [22/459] SRMY
[03:17:04] [23/459] NYST
[03:17:04] [24/459] NYAG
[03:17:06] [25/459] SBMT
[03:17:08] [26/459] INGA
[03:17:09] [27/459] WSIC
[03:17:10] [28/459] SCSS
[03:17:11] [29/459] COPG
[03:17:11] 🔄 Identity reset
[03:17:11] 🔄 Identity rotated (every 10 requests)
[03:17:12] [30/459] RCGR
[03:17:13] [31/459] TCZA
[03:17:13] [32/459] CNLP
[03:17:14] [33/459] CLKN
[03:17:15] [34/459] LHDF
[03:17:17] [35/459] ELKC
[03:17:18] [36/459] VCEM
[03:17:19] [37/459] SSZA
[03:17:20] [38/459] KRMT
[03:17:22] [39/459] LCMV
[03:17:23] 🔄 Identity reset
[03:17:23] 🔄 Identity rotated (every 10 requests)
[03:17:24] [40/459] AYCZ
[03:17:24] [41/459] CUMS
[03:17:25] [42/459] BOCK
[03:17:27] [43/459] PNMR
[03:17:29] [44/459] PJCP
[03:17:31] [45/459] JDDD
[03:17:31] [46/459] STMS
[03:17:33] [47/459] FLMB
[03:17:35] [48/459] PKCM
[03:17:36] [49/459] SPPR
[03:17:36] 🔄 Identity reset
[03:17:36] 🔄 Identity rotated (every 10 requests)
[03:17:37] [50/459] EYLH
[03:17:38] [51/459] RJCC
[03:17:39] [52/459] MMPS
[03:17:40] [53/459] SHMX
[03:17:42] [54/459] CCNL
[03:17:43] [55/459] RCNV
[03:17:44] [56/459] MAAG
[03:17:45] [57/459] LXCM
[03:17:47] [58/459] RCNI
[03:17:48] [59/459] SNNI
[03:17:48] 🔄 Identity reset
[03:17:48] 🔄 Identity rotated (every 10 requests)
[03:17:49] [60/459] LALC
[03:17:50] [61/459] SOCN
[03:17:52] [62/459] JHTP
[03:17:53] [63/459] PITP
[03:17:53] [64/459] CCKW
[03:17:54] [65/459] MCMC
[03:17:55] [66/459] DEES
[03:17:56] [67/459] SABT
[03:17:57] [68/459] VSPP
[03:17:58] [69/459] ABCT
[03:17:59] 🔄 Identity reset
[03:17:59] 🔄 Identity rotated (every 10 requests)
[03:18:00] [70/459] JVTB
[03:18:01] [71/459] VCBD
[03:18:03] [72/459] RMGG
[03:18:04] [73/459] RNMH
[03:18:05] [74/459] SPGL
[03:18:06] [75/459] JTTR
[03:18:08] [76/459] SICS
[03:18:08] [77/459] SRMI
[03:18:09] [78/459] SSIJ
[03:18:11] [79/459] KFMT
[03:18:12] 🔄 Identity reset
[03:18:12] 🔄 Identity rotated (every 10 requests)
[03:18:12] 🔄 Retry 1/5 for KFMT in 2.0s
[03:18:12] 🔄 Identity reset
[03:18:14] 🧠 New identity created
[03:18:14] [80/459] VBIT
[03:18:16] [81/459] JKCT
[03:18:17] [82/459] GCGP
[03:18:17] [83/459] GDCS
[03:18:18] [84/459] TRBA
[03:18:19] [85/459] QUST
[03:18:21] [86/459] VSHM
[03:18:21] [87/459] SDCP
[03:18:23] [88/459] SNVS
[03:18:24] 🔄 Identity reset
[03:18:24] 🔄 Identity rotated (every 10 requests)
[03:18:24] [89/459] NYTO
[03:18:26] [90/459] URWC
[03:18:27] [91/459] GTWH
[03:18:28] [92/459] PFCM
[03:18:29] [93/459] KRTA
[03:18:31] [94/459] AXMC
[03:18:32] [95/459] EVMC
[03:18:33] [96/459] HGSM
[03:18:34] [97/459] ACVM
[03:18:36] [98/459] PSKL
[03:18:37] 🔄 Identity reset
[03:18:37] 🔄 Identity rotated (every 10 requests)
[03:18:37] [99/459] RDMP
[03:18:38] [100/459] RHGH
[03:18:39] [101/459] OMCM
[03:18:40] [102/459] DCCP
[03:18:41] [103/459] MCPB
[03:18:42] [104/459] ALCI
[03:18:43] [105/459] BLMX
[03:18:44] [106/459] BTMV
[03:18:46] [107/459] FVPN
[03:18:46] [108/459] CMAR
[03:18:47] 🔄 Identity reset
[03:18:47] 🔄 Identity rotated (every 10 requests)
[03:18:47] 🔄 Retry 1/5 for CMAR in 2.9s
[03:18:47] 🔄 Identity reset
[03:18:50] 🧠 New identity created
[03:18:50] 🔄 Retry 2/5 for CMAR in 4.1s
[03:18:50] 🔄 Identity reset
[03:18:54] 🧠 New identity created
[03:18:54] [109/459] CEIM
[03:18:55] [110/459] CMVA
[03:18:57] [111/459] CPIV
[03:18:58] [112/459] CNPE
[03:18:59] [113/459] COLV
[03:18:59] [114/459] DNNV
[03:19:01] [115/459] HCAD
[03:19:03] [116/459] TAKA
[03:19:03] 🔄 Identity reset
[03:19:03] 🔄 Identity rotated (every 10 requests)
[03:19:04] [117/459] INVD
[03:19:05] [118/459] IRMM
[03:19:06] [119/459] INSE
[03:19:07] [120/459] MRSW
[03:19:08] [121/459] MCVD
[03:19:10] [122/459] MCSO
[03:19:11] [123/459] PEVM
[03:19:12] [124/459] PVNL
[03:19:12] [125/459] PTCV
[03:19:14] [126/459] PRTC
[03:19:15] 🔄 Identity reset
[03:19:15] 🔄 Identity rotated (every 10 requests)
[03:19:15] [127/459] RCVA
[03:19:17] [128/459] MTBN
[03:19:17] [129/459] LUCP
[03:19:18] [130/459] FMPT
[03:19:19] [131/459] JLSL
[03:19:21] [132/459] SBHA
[03:19:22] [133/459] SHRC
[03:19:22] [134/459] AVPS
[03:19:24] [135/459] STPM
[03:19:26] [136/459] ATRD
[03:19:26] 🔄 Identity reset
[03:19:26] 🔄 Identity rotated (every 10 requests)
[03:19:27] [137/459] VTED
[03:19:27] [138/459] ACAI
[03:19:29] [139/459] SMAE
[03:19:30] [140/459] VMAT
[03:19:31] [141/459] LKCT
[03:19:32] [142/459] JTVK
[03:19:33] [143/459] PRTY
[03:19:34] [144/459] GETT
[03:19:35] [145/459] ESAP
[03:19:36] [146/459] NCPM
[03:19:37] 🔄 Identity reset
[03:19:37] 🔄 Identity rotated (every 10 requests)
[03:19:38] [147/459] PCPA
[03:19:40] [148/459] MMOM
[03:19:40] [149/459] PHUP
[03:19:42] [150/459] CCPI
[03:19:43] [151/459] CNTD
[03:19:44] [152/459] NLJR
[03:19:44] [153/459] SRNG
[03:19:45] [154/459] MHAL
[03:19:46] [155/459] PNSM
[03:19:47] [156/459] DRMY
[03:19:48] 🔄 Identity reset
[03:19:48] 🔄 Identity rotated (every 10 requests)
[03:19:48] 🔄 Retry 1/5 for DRMY in 3.0s
[03:19:48] 🔄 Identity reset
[03:19:51] 🧠 New identity created
[03:19:51] [157/459] CCMU
[03:19:52] [158/459] SCMY
[03:19:53] [159/459] PVSY
[03:19:55] [160/459] SDLM
[03:19:56] [161/459] ICCM
[03:19:57] [162/459] PYSU
[03:19:58] [163/459] GATM
[03:19:59] [164/459] WOTM
[03:20:01] [165/459] RKTS
[03:20:01] 🔄 Identity reset
[03:20:02] 🔄 Identity rotated (every 10 requests)
[03:20:02] 🔄 Retry 1/5 for RKTS in 2.8s
[03:20:02] 🔄 Identity reset
[03:20:04] 🧠 New identity created
[03:20:05] [166/459] PMTY
[03:20:06] [167/459] LYMS
[03:20:07] [168/459] TGCA
[03:20:08] [169/459] DSTA
[03:20:09] [170/459] CNGE
[03:20:11] [171/459] VSTG
[03:20:12] [172/459] GTCK
[03:20:13] [173/459] TGNT
[03:20:14] [174/459] ASLC
[03:20:15] 🔄 Identity reset
[03:20:15] 🔄 Identity rotated (every 10 requests)
[03:20:15] [175/459] SSST
[03:20:16] [176/459] KBTT
[03:20:18] [177/459] HKCP
[03:20:19] [178/459] SWLC
[03:20:20] [179/459] RTND
[03:20:21] [180/459] PKKT
[03:20:23] [181/459] HSTK
[03:20:24] [182/459] SPTT
[03:20:24] [183/459] IMPM
[03:20:25] [184/459] SCMV
[03:20:26] 🔄 Identity reset
[03:20:26] 🔄 Identity rotated (every 10 requests)
[03:20:26] [185/459] SPCT
[03:20:27] [186/459] JBCA
[03:20:28] [187/459] ATTR
[03:20:29] [188/459] SPMT
[03:20:31] [189/459] LCTM
[03:20:32] [190/459] SCVL
[03:20:33] [191/459] SCVT
[03:20:34] [192/459] KRIC
[03:20:35] [193/459] CTMG
[03:20:36] [194/459] ACNC
[03:20:37] 🔄 Identity reset
[03:20:37] 🔄 Identity rotated (every 10 requests)
[03:20:37] [195/459] DMCK
[03:20:38] [196/459] KMTV
[03:20:39] [197/459] PFCJ
[03:20:40] [198/459] VNMD
[03:20:41] [199/459] VPCZ
[03:20:42] [200/459] SRYR
[03:20:43] [201/459] SYTR
[03:20:44] [202/459] GATR
[03:20:45] [203/459] URTR
[03:20:47] [204/459] MKSM
[03:20:47] 🔄 Identity reset
[03:20:47] 🔄 Identity rotated (every 10 requests)
[03:20:48] [205/459] VSMH
[03:20:49] [206/459] SKRJ
[03:20:50] [207/459] SSJR
[03:20:51] [208/459] SVSM
[03:20:52] [209/459] RUCM
[03:20:52] [210/459] PRKN
[03:20:53] [211/459] RROH
[03:20:54] [212/459] SCTN
[03:20:55] [213/459] RTDM
[03:20:56] [214/459] ASRM
[03:20:57] 🔄 Identity reset
[03:20:57] 🔄 Identity rotated (every 10 requests)
[03:20:57] [215/459] SKMD
[03:20:59] [216/459] SUTD
[03:20:59] [217/459] SADM
[03:21:00] [218/459] WCNR
[03:21:01] [219/459] CNED
[03:21:02] [220/459] MPDB
[03:21:03] [221/459] KTBH
[03:21:04] [222/459] IDRM
[03:21:05] [223/459] PJJT
[03:21:06] [224/459] PFCV
[03:21:07] 🔄 Identity reset
[03:21:07] 🔄 Identity rotated (every 10 requests)
[03:21:07] 🔄 Retry 1/5 for PFCV in 2.5s
[03:21:07] 🔄 Identity reset
[03:21:09] 🧠 New identity created
[03:21:10] [225/459] AACT
[03:21:11] [226/459] AAAD
[03:21:12] [227/459] ANES
[03:21:13] [228/459] MNCA
[03:21:14] [229/459] RMGU
[03:21:16] [230/459] DLCN
[03:21:17] [231/459] LJWT
[03:21:18] [232/459] MCBG
[03:21:19] [233/459] MYBG
[03:21:19] 🔄 Identity reset
[03:21:19] 🔄 Identity rotated (every 10 requests)
[03:21:20] [234/459] GCCA
[03:21:21] [235/459] GCGA
[03:21:22] [236/459] ECGN
[03:21:24] [237/459] PRAB
[03:21:24] [238/459] PNMP
[03:21:26] [239/459] GCPT
[03:21:27] [240/459] ROYN
[03:21:28] [241/459] VATM
[03:21:30] [242/459] KSNT
[03:21:31] [243/459] ACTC
[03:21:32] 🔄 Identity reset
[03:21:32] 🔄 Identity rotated (every 10 requests)
[03:21:33] [244/459] PLTD
[03:21:34] [245/459] SKMK
[03:21:35] [246/459] CMTT
[03:21:36] [247/459] SMXP
[03:21:37] [248/459] SCMX
[03:21:38] [249/459] ACXN
[03:21:39] [250/459] ASWT
[03:21:40] [251/459] VVVL
[03:21:41] [252/459] NAGO
[03:21:42] [253/459] SNCN
[03:21:43] 🔄 Identity reset
[03:21:43] 🔄 Identity rotated (every 10 requests)
[03:21:43] [254/459] MCKP
[03:21:44] [255/459] SAMO
[03:21:46] [256/459] JBTV
[03:21:47] [257/459] DCVV
[03:21:48] [258/459] KMSV
[03:21:49] [259/459] KDCN
[03:21:51] [260/459] CNCP
[03:21:51] [261/459] HAMC
[03:21:52] [262/459] CCVZ
[03:21:53] [263/459] NCCK
[03:21:54] 🔄 Identity reset
[03:21:54] 🔄 Identity rotated (every 10 requests)
[03:21:55] [264/459] MCHR
[03:21:57] [265/459] SCHT
[03:21:57] [266/459] ESSH
[03:21:58] [267/459] CUJC
[03:22:00] [268/459] PECP
[03:22:01] [269/459] PMMI
[03:22:02] [270/459] PCCH
[03:22:03] [271/459] PRPM
[03:22:04] [272/459] PVKL
[03:22:05] [273/459] CBSM
[03:22:06] 🔄 Identity reset
[03:22:06] 🔄 Identity rotated (every 10 requests)
[03:22:07] [274/459] PVCZ
[03:22:08] [275/459] PCVV
[03:22:10] [276/459] CTMJ
[03:22:13] [277/459] RCPS
[03:22:14] [278/459] PCIT
[03:22:15] [279/459] FNCH
[03:22:16] [280/459] INZD
[03:22:17] [281/459] INPC
[03:22:19] [282/459] LCZP
[03:22:20] [283/459] SMCB
[03:22:21] 🔄 Identity reset
[03:22:21] 🔄 Identity rotated (every 10 requests)
[03:22:21] [284/459] PTSB
[03:22:23] [285/459] TPSI
[03:22:25] [286/459] KHMJ
[03:22:26] [287/459] RCCJ
[03:22:27] [288/459] NCJA
[03:22:29] [289/459] NCJN
[03:22:29] [290/459] BTDP
[03:22:30] [291/459] PADY
[03:22:31] [292/459] NYBH
[03:22:32] [293/459] MTBR
[03:22:33] 🔄 Identity reset
[03:22:33] 🔄 Identity rotated (every 10 requests)
[03:22:33] [294/459] KRBC
[03:22:35] [295/459] DKTI
[03:22:37] [296/459] ANAN
[03:22:38] [297/459] INBP
[03:22:40] [298/459] PATB
[03:22:41] [299/459] RGNT
[03:22:42] [300/459] CGPM
[03:22:44] [301/459] INTN
[03:22:46] [302/459] MCMP
[03:22:46] [303/459] ASRG
[03:22:47] 🔄 Identity reset
[03:22:47] 🔄 Identity rotated (every 10 requests)
[03:22:48] [304/459] CXJD
[03:22:49] [305/459] SPCP
[03:22:50] [306/459] CSTP
[03:22:52] [307/459] PKVC
[03:22:54] [308/459] ESCP
[03:22:55] [309/459] CAEP
[03:22:56] [310/459] CCSP
[03:22:57] [311/459] KTPC
[03:22:58] [312/459] DACA
[03:22:59] [313/459] NVKY
[03:23:00] 🔄 Identity reset
[03:23:00] 🔄 Identity rotated (every 10 requests)
[03:23:00] [314/459] PTIN
[03:23:01] [315/459] SCIN
[03:23:02] [316/459] MCTY
[03:23:04] [317/459] PCMX
[03:23:05] [318/459] INIC
[03:23:05] [319/459] MMZM
[03:23:06] [320/459] SSLP
[03:23:08] [321/459] DTDT
[03:23:09] [322/459] FFCX
[03:23:10] [323/459] RCMM
[03:23:11] 🔄 Identity reset
[03:23:11] 🔄 Identity rotated (every 10 requests)
[03:23:12] [324/459] KYID
[03:23:13] [325/459] CSCI
[03:23:14] [326/459] FCMC
[03:23:15] [327/459] MMXI
[03:23:17] [328/459] ASTC
[03:23:18] [329/459] CMRA
[03:23:19] [330/459] DICI
[03:23:21] [331/459] KDIN
[03:23:22] [332/459] PRFI
[03:23:24] [333/459] SVFC
[03:23:24] 🔄 Identity reset
[03:23:24] 🔄 Identity rotated (every 10 requests)
[03:23:24] [334/459] UCPL
[03:23:26] [335/459] COOC
[03:23:27] [336/459] SCAL
[03:23:28] [337/459] SVFF
[03:23:29] [338/459] VCMG
[03:23:31] [339/459] UUCT
[03:23:33] [340/459] GCSE
[03:23:34] [341/459] SUSC
[03:23:35] [342/459] MISC
[03:23:36] [343/459] RMBL
[03:23:37] 🔄 Identity reset
[03:23:37] 🔄 Identity rotated (every 10 requests)
[03:23:37] [344/459] CMXN
[03:23:39] [345/459] PVBK
[03:23:40] [346/459] HHCG
[03:23:42] [347/459] SCAG
[03:23:43] [348/459] CNPR
[03:23:44] [349/459] CSER
[03:23:45] [350/459] HLWD
[03:23:46] [351/459] BOLY
[03:23:48] [352/459] SSPG
[03:23:49] [353/459] MUPX
[03:23:50] 🔄 Identity reset
[03:23:50] 🔄 Identity rotated (every 10 requests)
[03:23:51] [354/459] HAMR
[03:23:51] [355/459] SDNC
[03:23:52] [356/459] RTEN
[03:23:53] [357/459] SDTD
[03:23:54] [358/459] KAWS
[03:23:55] [359/459] CMZX
[03:23:57] [360/459] DCDD
[03:23:58] [361/459] ALSN
[03:23:59] [362/459] IMXS
[03:24:00] [363/459] PVFF
[03:24:00] 🔄 Identity reset
[03:24:00] 🔄 Identity rotated (every 10 requests)
[03:24:01] [364/459] PVOO
[03:24:02] [365/459] CFBS
[03:24:03] [366/459] PVER
[03:24:05] [367/459] PPNX
[03:24:06] [368/459] CNRM
[03:24:08] [369/459] PVWW
[03:24:09] [370/459] INMB
[03:24:10] [371/459] CPJR
[03:24:11] [372/459] INRZ
[03:24:13] [373/459] PMSR
[03:24:13] 🔄 Identity reset
[03:24:13] 🔄 Identity rotated (every 10 requests)
[03:24:14] [374/459] GPGM
[03:24:16] [375/459] PGWB
[03:24:16] [376/459] PMBR
[03:24:17] [377/459] GPAM
[03:24:18] [378/459] INBC
[03:24:19] [379/459] PZVK
[03:24:20] [380/459] CPEB
[03:24:21] [381/459] FMLB
[03:24:22] [382/459] INBG
[03:24:23] [383/459] GPBR
[03:24:24] 🔄 Identity reset
[03:24:24] 🔄 Identity rotated (every 10 requests)
[03:24:24] [384/459] PAAS
[03:24:25] [385/459] VTBR
[03:24:26] [386/459] GPMY
[03:24:28] [387/459] GYBU
[03:24:29] [388/459] INBJ
[03:24:30] [389/459] LKTH
[03:24:31] [390/459] NSBR
[03:24:32] [391/459] PDRD
[03:24:33] [392/459] VRBL
[03:24:34] [393/459] VTGB
[03:24:34] 🔄 Identity reset
[03:24:34] 🔄 Identity rotated (every 10 requests)
[03:24:35] [394/459] VTSK
[03:24:37] [395/459] BKDV
[03:24:38] [396/459] SVTB
[03:24:39] [397/459] MLDT
[03:24:41] [398/459] NRBL
[03:24:42] [399/459] SLTR
[03:24:43] [400/459] VNKA
[03:24:43] [401/459] TDCA
[03:24:44] [402/459] INBM
[03:24:45] [403/459] SSNR
[03:24:46] 🔄 Identity reset
[03:24:46] 🔄 Identity rotated (every 10 requests)
[03:24:46] [404/459] BHAC
[03:24:47] [405/459] SDSD
[03:24:48] [406/459] SAMP
[03:24:49] [407/459] RATK
[03:24:50] [408/459] KCBI
[03:24:51] [409/459] URBL
[03:24:51] [410/459] MKBG
[03:24:53] [411/459] ASTB
[03:24:55] [412/459] VBWT
[03:24:55] [413/459] GPSM
[03:24:56] 🔄 Identity reset
[03:24:56] 🔄 Identity rotated (every 10 requests)
[03:24:56] 🔄 Retry 1/5 for GPSM in 3.0s
[03:24:56] 🔄 Identity reset
[03:24:59] 🧠 New identity created
[03:25:00] [414/459] ROON
[03:25:02] [415/459] CHTH
[03:25:03] [416/459] SSPA
[03:25:04] [417/459] ANBL
[03:25:05] [418/459] VTBE
[03:25:06] [419/459] SVKT
[03:25:06] [420/459] SVYK
[03:25:08] [421/459] PTBK
[03:25:09] [422/459] RKTB
[03:25:09] 🔄 Identity reset
[03:25:09] 🔄 Identity rotated (every 10 requests)
[03:25:10] [423/459] BALT
[03:25:11] [424/459] STSV
[03:25:12] [425/459] VCCB
[03:25:14] [426/459] SLTB
[03:25:15] [427/459] SBCR
[03:25:16] [428/459] VDCS
[03:25:17] [429/459] MDKI
[03:25:18] [430/459] SMRN
[03:25:19] [431/459] PTBC
[03:25:20] [432/459] RADI
[03:25:21] 🔄 Identity reset
[03:25:21] 🔄 Identity rotated (every 10 requests)
[03:25:21] [433/459] ADCR
[03:25:22] [434/459] SDCS
[03:25:24] [435/459] SRPJ
[03:25:25] [436/459] ARTS
[03:25:27] [437/459] SRHK
[03:25:29] [438/459] SPAY
[03:25:30] [439/459] GPTB
[03:25:31] [440/459] SNNN
[03:25:32] [441/459] BALJ
[03:25:33] [442/459] TRIG
[03:25:34] 🔄 Identity reset
[03:25:34] 🔄 Identity rotated (every 10 requests)
[03:25:35] [443/459] GTYT
[03:25:35] [444/459] ATGN
[03:25:37] [445/459] ANTE
[03:25:38] [446/459] BDCG
[03:25:40] [447/459] VECI
[03:25:41] [448/459] SCPR
[03:25:42] [449/459] RTEA
[03:25:43] [450/459] JSAI
[03:25:44] [451/459] VJTP
[03:25:45] [452/459] GNDS
[03:25:46] 🔄 Identity reset
[03:25:46] 🔄 Identity rotated (every 10 requests)
[03:25:46] [453/459] PAXA
[03:25:48] [454/459] CGGM
[03:25:50] [455/459] ACKZ
[03:25:50] [456/459] EMCC
[03:25:52] [457/459] KLSK
[03:25:53] [458/459] AVCK
[03:25:54] [459/459] JTCK
[03:25:55] ✅ DONE | Shows=2 | Movies=1
[04:16:22] 🚀 BMS DAILY TRACKER STARTED (enhanced anti‑detection)
[04:16:22] [1/459] NECA
[04:16:23] 🧠 New identity created
[04:16:23] [2/459] BJLC
[04:16:24] [3/459] BASU
[04:16:25] [4/459] RUPI
[04:16:26] [5/459] LCBK
[04:16:27] [6/459] PMAC
[04:16:28] [7/459] AMLC
[04:16:29] [8/459] LICL
[04:16:30] [9/459] UDMM
[04:16:31] [10/459] STBZ
[04:16:31] 🔄 Identity reset
[04:16:31] 🔄 Identity rotated (every 10 requests)
[04:16:31] [11/459] UUBT
[04:16:32] [12/459] SJKC
[04:16:33] [13/459] TUAL
[04:16:34] [14/459] MRSE
[04:16:35] [15/459] RMRK
[04:16:36] [16/459] TTKP
[04:16:37] [17/459] KTKO
[04:16:38] [18/459] SDBK
[04:16:39] [19/459] MCPR
[04:16:40] [20/459] CHTI
[04:16:40] 🔄 Identity reset
[04:16:40] 🔄 Identity rotated (every 10 requests)
[04:16:40] [21/459] GCCP
[04:16:41] [22/459] SRMY
[04:16:43] [23/459] NYST
[04:16:44] [24/459] NYAG
[04:16:45] [25/459] SBMT
[04:16:46] [26/459] INGA
[04:16:47] [27/459] WSIC
[04:16:48] [28/459] SCSS
[04:16:50] [29/459] COPG
[04:16:51] [30/459] RCGR
[04:16:52] 🔄 Identity reset
[04:16:52] 🔄 Identity rotated (every 10 requests)
[04:16:52] 🔄 Retry 1/5 for RCGR in 2.2s
[04:16:52] 🔄 Identity reset
[04:16:54] 🧠 New identity created
[04:16:54] [31/459] TCZA
[04:16:55] [32/459] CNLP
[04:16:57] [33/459] CLKN
[04:16:59] [34/459] LHDF
[04:17:01] [35/459] ELKC
[04:17:02] [36/459] VCEM
[04:17:03] [37/459] SSZA
[04:17:04] [38/459] KRMT
[04:17:05] [39/459] LCMV
[04:17:06] 🔄 Identity reset
[04:17:06] 🔄 Identity rotated (every 10 requests)
[04:17:06] [40/459] AYCZ
[04:17:07] [41/459] CUMS
[04:17:08] [42/459] BOCK
[04:17:09] [43/459] PNMR
[04:17:11] [44/459] PJCP
[04:17:12] [45/459] JDDD
[04:17:13] [46/459] STMS
[04:17:13] [47/459] FLMB
[04:17:14] [48/459] PKCM
[04:17:16] [49/459] SPPR
[04:17:17] 🔄 Identity reset
[04:17:17] 🔄 Identity rotated (every 10 requests)
[04:17:18] [50/459] EYLH
[04:17:19] [51/459] RJCC
[04:17:20] [52/459] MMPS
[04:17:21] [53/459] SHMX
[04:17:22] [54/459] CCNL
[04:17:23] [55/459] RCNV
[04:17:25] [56/459] MAAG
[04:17:25] [57/459] LXCM
[04:17:26] [58/459] RCNI
[04:17:27] [59/459] SNNI
[04:17:28] 🔄 Identity reset
[04:17:28] 🔄 Identity rotated (every 10 requests)
[04:17:28] [60/459] LALC
[04:17:29] [61/459] SOCN
[04:17:30] [62/459] JHTP
[04:17:31] [63/459] PITP
[04:17:32] [64/459] CCKW
[04:17:33] [65/459] MCMC
[04:17:34] [66/459] DEES
[04:17:35] [67/459] SABT
[04:17:36] [68/459] VSPP
[04:17:36] [69/459] ABCT
[04:17:37] 🔄 Identity reset
[04:17:37] 🔄 Identity rotated (every 10 requests)
[04:17:37] 🔄 Retry 1/5 for ABCT in 2.5s
[04:17:37] 🔄 Identity reset
[04:17:40] 🧠 New identity created
[04:17:40] [70/459] JVTB
[04:17:41] [71/459] VCBD
[04:17:42] [72/459] RMGG
[04:17:43] [73/459] RNMH
[04:17:44] [74/459] SPGL
[04:17:45] [75/459] JTTR
[04:17:46] [76/459] SICS
[04:17:47] [77/459] SRMI
[04:17:48] [78/459] SSIJ
[04:17:49] 🔄 Identity reset
[04:17:49] 🔄 Identity rotated (every 10 requests)
[04:17:49] [79/459] KFMT
[04:17:51] [80/459] VBIT
[04:17:52] [81/459] JKCT
[04:17:52] [82/459] GCGP
[04:17:53] [83/459] GDCS
[04:17:54] [84/459] TRBA
[04:17:56] [85/459] QUST
[04:17:57] [86/459] VSHM
[04:17:58] [87/459] SDCP
[04:17:59] [88/459] SNVS
[04:17:59] 🔄 Identity reset
[04:17:59] 🔄 Identity rotated (every 10 requests)
[04:17:59] 🔄 Retry 1/5 for SNVS in 2.6s
[04:17:59] 🔄 Identity reset
[04:18:02] 🧠 New identity created
[04:18:02] 🔄 Retry 2/5 for SNVS in 5.0s
[04:18:02] 🔄 Identity reset
[04:18:07] 🧠 New identity created
[04:18:07] [89/459] NYTO
[04:18:08] [90/459] URWC
[04:18:09] [91/459] GTWH
[04:18:10] [92/459] PFCM
[04:18:11] [93/459] KRTA
[04:18:12] [94/459] AXMC
[04:18:13] [95/459] EVMC
[04:18:14] [96/459] HGSM
[04:18:14] 🔄 Identity reset
[04:18:14] 🔄 Identity rotated (every 10 requests)
[04:18:15] [97/459] ACVM
[04:18:16] [98/459] PSKL
[04:18:17] [99/459] RDMP
[04:18:18] [100/459] RHGH
[04:18:19] [101/459] OMCM
[04:18:20] [102/459] DCCP
[04:18:21] [103/459] MCPB
[04:18:21] [104/459] ALCI
[04:18:22] [105/459] BLMX
[04:18:23] [106/459] BTMV
[04:18:24] 🔄 Identity reset
[04:18:24] 🔄 Identity rotated (every 10 requests)
[04:18:24] [107/459] FVPN
[04:18:26] [108/459] CMAR
[04:18:27] [109/459] CEIM
[04:18:28] [110/459] CMVA
[04:18:29] [111/459] CPIV
[04:18:30] [112/459] CNPE
[04:18:31] [113/459] COLV
[04:18:32] [114/459] DNNV
[04:18:33] [115/459] HCAD
[04:18:34] [116/459] TAKA
[04:18:35] 🔄 Identity reset
[04:18:35] 🔄 Identity rotated (every 10 requests)
[04:18:35] [117/459] INVD
[04:18:36] [118/459] IRMM
[04:18:37] [119/459] INSE
[04:18:38] [120/459] MRSW
[04:18:39] [121/459] MCVD
[04:18:40] [122/459] MCSO
[04:18:41] [123/459] PEVM
[04:18:42] [124/459] PVNL
[04:18:43] [125/459] PTCV
[04:18:44] [126/459] PRTC
[04:18:45] 🔄 Identity reset
[04:18:45] 🔄 Identity rotated (every 10 requests)
[04:18:45] [127/459] RCVA
[04:18:46] [128/459] MTBN
[04:18:47] [129/459] LUCP
[04:18:48] [130/459] FMPT
[04:18:49] [131/459] JLSL
[04:18:50] [132/459] SBHA
[04:18:51] [133/459] SHRC
[04:18:52] [134/459] AVPS
[04:18:53] [135/459] STPM
[04:18:54] [136/459] ATRD
[04:18:54] 🔄 Identity reset
[04:18:54] 🔄 Identity rotated (every 10 requests)
[04:18:54] [137/459] VTED
[04:18:55] [138/459] ACAI
[04:18:56] [139/459] SMAE
[04:18:57] [140/459] VMAT
[04:18:58] [141/459] LKCT
[04:18:59] [142/459] JTVK
[04:19:00] [143/459] PRTY
[04:19:01] [144/459] GETT
[04:19:02] [145/459] ESAP
[04:19:03] [146/459] NCPM
[04:19:03] 🔄 Identity reset
[04:19:03] 🔄 Identity rotated (every 10 requests)
[04:19:03] 🔄 Retry 1/5 for NCPM in 2.4s
[04:19:03] 🔄 Identity reset
[04:19:06] 🧠 New identity created
[04:19:06] [147/459] PCPA
[04:19:07] [148/459] MMOM
[04:19:08] [149/459] PHUP
[04:19:10] [150/459] CCPI
[04:19:10] [151/459] CNTD
[04:19:11] [152/459] NLJR
[04:19:12] [153/459] SRNG
[04:19:13] [154/459] MHAL
[04:19:15] [155/459] PNSM
[04:19:16] 🔄 Identity reset
[04:19:16] 🔄 Identity rotated (every 10 requests)
[04:19:16] [156/459] DRMY
[04:19:17] [157/459] CCMU
[04:19:18] [158/459] SCMY
[04:19:19] [159/459] PVSY
[04:19:20] [160/459] SDLM
[04:19:20] [161/459] ICCM
[04:19:21] [162/459] PYSU
[04:19:22] [163/459] GATM
[04:19:24] [164/459] WOTM
[04:19:26] [165/459] RKTS
[04:19:26] 🔄 Identity reset
[04:19:26] 🔄 Identity rotated (every 10 requests)
[04:19:26] 🔄 Retry 1/5 for RKTS in 2.4s
[04:19:26] 🔄 Identity reset
[04:19:29] 🧠 New identity created
[04:19:29] 🔄 Retry 2/5 for RKTS in 4.4s
[04:19:29] 🔄 Identity reset
[04:19:33] 🧠 New identity created
[04:19:34] [166/459] PMTY
[04:19:35] [167/459] LYMS
[04:19:35] [168/459] TGCA
[04:19:37] [169/459] DSTA
[04:19:38] [170/459] CNGE
[04:19:39] [171/459] VSTG
[04:19:40] [172/459] GTCK
[04:19:41] [173/459] TGNT
[04:19:42] 🔄 Identity reset
[04:19:42] 🔄 Identity rotated (every 10 requests)
[04:19:42] 🔄 Retry 1/5 for TGNT in 2.8s
[04:19:42] 🔄 Identity reset
[04:19:45] 🧠 New identity created
[04:19:45] 🔄 Retry 2/5 for TGNT in 4.1s
[04:19:45] 🔄 Identity reset
[04:19:49] 🧠 New identity created
[04:19:49] [174/459] ASLC
[04:19:50] [175/459] SSST
[04:19:51] [176/459] KBTT
[04:19:52] [177/459] HKCP
[04:19:53] [178/459] SWLC
[04:19:54] [179/459] RTND
[04:19:55] [180/459] PKKT
[04:19:55] [181/459] HSTK
[04:19:56] 🔄 Identity reset
[04:19:56] 🔄 Identity rotated (every 10 requests)
[04:19:56] [182/459] SPTT
[04:19:57] [183/459] IMPM
[04:19:58] [184/459] SCMV
[04:19:59] [185/459] SPCT
[04:20:00] [186/459] JBCA
[04:20:01] [187/459] ATTR
[04:20:02] [188/459] SPMT
[04:20:03] [189/459] LCTM
[04:20:04] [190/459] SCVL
[04:20:05] [191/459] SCVT
[04:20:06] 🔄 Identity reset
[04:20:06] 🔄 Identity rotated (every 10 requests)
[04:20:06] [192/459] KRIC
[04:20:07] [193/459] CTMG
[04:20:08] [194/459] ACNC
[04:20:09] [195/459] DMCK
[04:20:11] [196/459] KMTV
[04:20:11] [197/459] PFCJ
[04:20:12] [198/459] VNMD
[04:20:13] [199/459] VPCZ
[04:20:14] [200/459] SRYR
[04:20:15] [201/459] SYTR
[04:20:15] 🔄 Identity reset
[04:20:15] 🔄 Identity rotated (every 10 requests)
[04:20:16] [202/459] GATR
[04:20:17] [203/459] URTR
[04:20:18] [204/459] MKSM
[04:20:19] [205/459] VSMH
[04:20:20] [206/459] SKRJ
[04:20:21] [207/459] SSJR
[04:20:22] [208/459] SVSM
[04:20:23] [209/459] RUCM
[04:20:24] [210/459] PRKN
[04:20:24] [211/459] RROH
[04:20:25] 🔄 Identity reset
[04:20:25] 🔄 Identity rotated (every 10 requests)
[04:20:26] [212/459] SCTN
[04:20:27] [213/459] RTDM
[04:20:28] [214/459] ASRM
[04:20:29] [215/459] SKMD
[04:20:30] [216/459] SUTD
[04:20:31] [217/459] SADM
[04:20:31] [218/459] WCNR
[04:20:32] [219/459] CNED
[04:20:33] [220/459] MPDB
[04:20:35] [221/459] KTBH
[04:20:35] 🔄 Identity reset
[04:20:35] 🔄 Identity rotated (every 10 requests)
[04:20:36] [222/459] IDRM
[04:20:37] [223/459] PJJT
[04:20:38] [224/459] PFCV
[04:20:40] [225/459] AACT
[04:20:42] [226/459] AAAD
[04:20:43] [227/459] ANES
[04:20:44] [228/459] MNCA
[04:20:44] [229/459] RMGU
[04:20:45] [230/459] DLCN
[04:20:47] [231/459] LJWT
[04:20:48] 🔄 Identity reset
[04:20:48] 🔄 Identity rotated (every 10 requests)
[04:20:48] [232/459] MCBG
[04:20:49] [233/459] MYBG
[04:20:50] [234/459] GCCA
[04:20:51] [235/459] GCGA
[04:20:52] [236/459] ECGN
[04:20:53] [237/459] PRAB
[04:20:54] [238/459] PNMP
[04:20:55] [239/459] GCPT
[04:20:56] [240/459] ROYN
[04:20:56] [241/459] VATM
[04:20:57] 🔄 Identity reset
[04:20:57] 🔄 Identity rotated (every 10 requests)
[04:20:58] [242/459] KSNT
[04:20:59] [243/459] ACTC
[04:21:00] [244/459] PLTD
[04:21:00] [245/459] SKMK
[04:21:01] [246/459] CMTT
[04:21:02] [247/459] SMXP
[04:21:03] [248/459] SCMX
[04:21:04] [249/459] ACXN
[04:21:05] [250/459] ASWT
[04:21:06] [251/459] VVVL
[04:21:07] 🔄 Identity reset
[04:21:07] 🔄 Identity rotated (every 10 requests)
[04:21:07] 🔄 Retry 1/5 for VVVL in 2.9s
[04:21:07] 🔄 Identity reset
[04:21:10] 🧠 New identity created
[04:21:10] [252/459] NAGO
[04:21:12] [253/459] SNCN
[04:21:12] [254/459] MCKP
[04:21:13] [255/459] SAMO
[04:21:15] [256/459] JBTV
[04:21:17] [257/459] DCVV
[04:21:18] [258/459] KMSV
[04:21:19] [259/459] KDCN
[04:21:19] [260/459] CNCP
[04:21:20] 🔄 Identity reset
[04:21:20] 🔄 Identity rotated (every 10 requests)
[04:21:20] [261/459] HAMC
[04:21:21] [262/459] CCVZ
[04:21:22] [263/459] NCCK
[04:21:23] [264/459] MCHR
[04:21:24] [265/459] SCHT
[04:21:25] [266/459] ESSH
[04:21:26] [267/459] CUJC
[04:21:27] [268/459] PECP
[04:21:28] [269/459] PMMI
[04:21:29] [270/459] PCCH
[04:21:30] 🔄 Identity reset
[04:21:30] 🔄 Identity rotated (every 10 requests)
[04:21:30] [271/459] PRPM
[04:21:32] [272/459] PVKL
[04:21:33] [273/459] CBSM
[04:21:33] [274/459] PVCZ
[04:21:34] [275/459] PCVV
[04:21:35] [276/459] CTMJ
[04:21:36] [277/459] RCPS
[04:21:37] [278/459] PCIT
[04:21:38] [279/459] FNCH
[04:21:39] [280/459] INZD
[04:21:40] 🔄 Identity reset
[04:21:40] 🔄 Identity rotated (every 10 requests)
[04:21:41] [281/459] INPC
[04:21:42] [282/459] LCZP
[04:21:43] [283/459] SMCB
[04:21:44] [284/459] PTSB
[04:21:45] [285/459] TPSI
[04:21:46] [286/459] KHMJ
[04:21:47] [287/459] RCCJ
[04:21:48] [288/459] NCJA
[04:21:49] [289/459] NCJN
[04:21:50] [290/459] BTDP
[04:21:51] 🔄 Identity reset
[04:21:51] 🔄 Identity rotated (every 10 requests)
[04:21:51] 🔄 Retry 1/5 for BTDP in 2.2s
[04:21:51] 🔄 Identity reset
[04:21:53] 🧠 New identity created
[04:21:53] 🔄 Retry 2/5 for BTDP in 4.1s
[04:21:53] 🔄 Identity reset
[04:21:57] 🧠 New identity created
[04:21:57] [291/459] PADY
[04:21:59] [292/459] NYBH
[04:22:00] [293/459] MTBR
[04:22:01] [294/459] KRBC
[04:22:02] [295/459] DKTI
[04:22:03] [296/459] ANAN
[04:22:04] [297/459] INBP
[04:22:05] [298/459] PATB
[04:22:06] 🔄 Identity reset
[04:22:06] 🔄 Identity rotated (every 10 requests)
[04:22:06] [299/459] RGNT
[04:22:07] [300/459] CGPM
[04:22:08] [301/459] INTN
[04:22:09] [302/459] MCMP
[04:22:10] [303/459] ASRG
[04:22:11] [304/459] CXJD
[04:22:11] [305/459] SPCP
[04:22:12] [306/459] CSTP
[04:22:13] [307/459] PKVC
[04:22:14] [308/459] ESCP
[04:22:15] 🔄 Identity reset
[04:22:15] 🔄 Identity rotated (every 10 requests)
[04:22:15] [309/459] CAEP
[04:22:16] [310/459] CCSP
[04:22:17] [311/459] KTPC
[04:22:19] [312/459] DACA
[04:22:21] [313/459] NVKY
[04:22:21] [314/459] PTIN
[04:22:23] [315/459] SCIN
[04:22:24] [316/459] MCTY
[04:22:25] [317/459] PCMX
[04:22:27] [318/459] INIC
[04:22:27] 🔄 Identity reset
[04:22:28] 🔄 Identity rotated (every 10 requests)
[04:22:28] [319/459] MMZM
[04:22:30] [320/459] SSLP
[04:22:31] [321/459] DTDT
[04:22:32] [322/459] FFCX
[04:22:32] [323/459] RCMM
[04:22:34] [324/459] KYID
[04:22:35] [325/459] CSCI
[04:22:36] [326/459] FCMC
[04:22:38] [327/459] MMXI
[04:22:40] [328/459] ASTC
[04:22:40] 🔄 Identity reset
[04:22:40] 🔄 Identity rotated (every 10 requests)
[04:22:40] [329/459] CMRA
[04:22:41] [330/459] DICI
[04:22:42] [331/459] KDIN
[04:22:43] [332/459] PRFI
[04:22:44] [333/459] SVFC
[04:22:45] [334/459] UCPL
[04:22:46] [335/459] COOC
[04:22:47] [336/459] SCAL
[04:22:48] [337/459] SVFF
[04:22:49] [338/459] VCMG
[04:22:50] 🔄 Identity reset
[04:22:50] 🔄 Identity rotated (every 10 requests)
[04:22:50] [339/459] UUCT
[04:22:51] [340/459] GCSE
[04:22:52] [341/459] SUSC
[04:22:53] [342/459] MISC
[04:22:54] [343/459] RMBL
[04:22:55] [344/459] CMXN
[04:22:56] [345/459] PVBK
[04:22:57] [346/459] HHCG
[04:22:58] [347/459] SCAG
[04:22:59] [348/459] CNPR
[04:23:00] 🔄 Identity reset
[04:23:00] 🔄 Identity rotated (every 10 requests)
[04:23:00] [349/459] CSER
[04:23:02] [350/459] HLWD
[04:23:02] [351/459] BOLY
[04:23:03] [352/459] SSPG
[04:23:04] [353/459] MUPX
[04:23:06] [354/459] HAMR
[04:23:07] [355/459] SDNC
[04:23:08] [356/459] RTEN
[04:23:09] [357/459] SDTD
[04:23:10] [358/459] KAWS
[04:23:10] 🔄 Identity reset
[04:23:10] 🔄 Identity rotated (every 10 requests)
[04:23:10] [359/459] CMZX
[04:23:11] [360/459] DCDD
[04:23:12] [361/459] ALSN
[04:23:13] [362/459] IMXS
[04:23:15] [363/459] PVFF
[04:23:16] [364/459] PVOO
[04:23:17] [365/459] CFBS
[04:23:18] [366/459] PVER
[04:23:19] [367/459] PPNX
[04:23:20] [368/459] CNRM
[04:23:21] 🔄 Identity reset
[04:23:21] 🔄 Identity rotated (every 10 requests)
[04:23:21] [369/459] PVWW
[04:23:23] [370/459] INMB
[04:23:24] [371/459] CPJR
[04:23:26] [372/459] INRZ
[04:23:27] [373/459] PMSR
[04:23:28] [374/459] GPGM
[04:23:29] [375/459] PGWB
[04:23:30] [376/459] PMBR
[04:23:31] [377/459] GPAM
[04:23:32] [378/459] INBC
[04:23:33] 🔄 Identity reset
[04:23:33] 🔄 Identity rotated (every 10 requests)
[04:23:33] 🔄 Retry 1/5 for INBC in 2.4s
[04:23:33] 🔄 Identity reset
[04:23:35] 🧠 New identity created
[04:23:35] [379/459] PZVK
[04:23:36] [380/459] CPEB
[04:23:37] [381/459] FMLB
[04:23:39] [382/459] INBG
[04:23:40] [383/459] GPBR
[04:23:41] [384/459] PAAS
[04:23:42] [385/459] VTBR
[04:23:43] [386/459] GPMY
[04:23:44] [387/459] GYBU
[04:23:44] 🔄 Identity reset
[04:23:44] 🔄 Identity rotated (every 10 requests)
[04:23:45] [388/459] INBJ
[04:23:46] [389/459] LKTH
[04:23:46] [390/459] NSBR
[04:23:47] [391/459] PDRD
[04:23:48] [392/459] VRBL
[04:23:49] [393/459] VTGB
[04:23:50] [394/459] VTSK
[04:23:52] [395/459] BKDV
[04:23:53] [396/459] SVTB
[04:23:54] [397/459] MLDT
[04:23:55] 🔄 Identity reset
[04:23:55] 🔄 Identity rotated (every 10 requests)
[04:23:55] 🔄 Retry 1/5 for MLDT in 2.9s
[04:23:55] 🔄 Identity reset
[04:23:58] 🧠 New identity created
[04:23:58] [398/459] NRBL
[04:23:59] [399/459] SLTR
[04:24:01] [400/459] VNKA
[04:24:01] [401/459] TDCA
[04:24:02] [402/459] INBM
[04:24:03] [403/459] SSNR
[04:24:04] [404/459] BHAC
[04:24:05] [405/459] SDSD
[04:24:06] [406/459] SAMP
[04:24:07] 🔄 Identity reset
[04:24:07] 🔄 Identity rotated (every 10 requests)
[04:24:08] [407/459] RATK
[04:24:09] [408/459] KCBI
[04:24:10] [409/459] URBL
[04:24:11] [410/459] MKBG
[04:24:12] [411/459] ASTB
[04:24:13] [412/459] VBWT
[04:24:14] [413/459] GPSM
[04:24:15] [414/459] ROON
[04:24:16] [415/459] CHTH
[04:24:17] [416/459] SSPA
[04:24:18] 🔄 Identity reset
[04:24:18] 🔄 Identity rotated (every 10 requests)
[04:24:18] [417/459] ANBL
[04:24:19] [418/459] VTBE
[04:24:20] [419/459] SVKT
[04:24:21] [420/459] SVYK
[04:24:22] [421/459] PTBK
[04:24:23] [422/459] RKTB
[04:24:24] [423/459] BALT
[04:24:25] [424/459] STSV
[04:24:26] [425/459] VCCB
[04:24:26] [426/459] SLTB
[04:24:27] 🔄 Identity reset
[04:24:27] 🔄 Identity rotated (every 10 requests)
[04:24:28] [427/459] SBCR
[04:24:29] [428/459] VDCS
[04:24:30] [429/459] MDKI
[04:24:31] [430/459] SMRN
[04:24:32] [431/459] PTBC
[04:24:33] [432/459] RADI
[04:24:35] [433/459] ADCR
[04:24:36] [434/459] SDCS
[04:24:37] [435/459] SRPJ
[04:24:38] [436/459] ARTS
[04:24:38] 🔄 Identity reset
[04:24:38] 🔄 Identity rotated (every 10 requests)
[04:24:39] [437/459] SRHK
[04:24:40] [438/459] SPAY
[04:24:40] [439/459] GPTB
[04:24:42] [440/459] SNNN
[04:24:43] [441/459] BALJ
[04:24:44] [442/459] TRIG
[04:24:45] [443/459] GTYT
[04:24:46] [444/459] ATGN
[04:24:47] [445/459] ANTE
[04:24:48] [446/459] BDCG
[04:24:49] 🔄 Identity reset
[04:24:49] 🔄 Identity rotated (every 10 requests)
[04:24:49] [447/459] VECI
[04:24:50] [448/459] SCPR
[04:24:51] [449/459] RTEA
[04:24:53] [450/459] JSAI
[04:24:54] [451/459] VJTP
[04:24:55] [452/459] GNDS
[04:24:55] [453/459] PAXA
[04:24:56] [454/459] CGGM
[04:24:57] [455/459] ACKZ
[04:24:58] [456/459] EMCC
[04:24:59] 🔄 Identity reset
[04:24:59] 🔄 Identity rotated (every 10 requests)
[04:24:59] [457/459] KLSK
[04:25:00] [458/459] AVCK
[04:25:01] [459/459] JTCK
[04:25:02] ✅ DONE | Shows=14 | Movies=3
[05:13:54] 🚀 BMS DAILY TRACKER STARTED (enhanced anti‑detection)
[05:13:54] [1/459] NECA
[05:13:55] 🧠 New identity created
[05:13:56] [2/459] BJLC
[05:13:58] [3/459] BASU
[05:13:59] [4/459] RUPI
[05:14:00] [5/459] LCBK
[05:14:01] [6/459] PMAC
[05:14:01] [7/459] AMLC
[05:14:03] [8/459] LICL
[05:14:04] [9/459] UDMM
[05:14:05] [10/459] STBZ
[05:14:06] 🔄 Identity reset
[05:14:06] 🔄 Identity rotated (every 10 requests)
[05:14:07] [11/459] UUBT
[05:14:08] [12/459] SJKC
[05:14:09] [13/459] TUAL
[05:14:10] [14/459] MRSE
[05:14:11] [15/459] RMRK
[05:14:12] [16/459] TTKP
[05:14:13] [17/459] KTKO
[05:14:14] [18/459] SDBK
[05:14:15] [19/459] MCPR
[05:14:16] [20/459] CHTI
[05:14:17] 🔄 Identity reset
[05:14:17] 🔄 Identity rotated (every 10 requests)
[05:14:18] [21/459] GCCP
[05:14:19] [22/459] SRMY
[05:14:20] [23/459] NYST
[05:14:21] [24/459] NYAG
[05:14:22] [25/459] SBMT
[05:14:23] [26/459] INGA
[05:14:25] [27/459] WSIC
[05:14:26] [28/459] SCSS
[05:14:28] [29/459] COPG
[05:14:29] [30/459] RCGR
[05:14:29] 🔄 Identity reset
[05:14:29] 🔄 Identity rotated (every 10 requests)
[05:14:30] [31/459] TCZA
[05:14:31] [32/459] CNLP
[05:14:33] [33/459] CLKN
[05:14:33] [34/459] LHDF
[05:14:34] [35/459] ELKC
[05:14:35] [36/459] VCEM
[05:14:37] [37/459] SSZA
[05:14:37] [38/459] KRMT
[05:14:38] [39/459] LCMV
[05:14:39] [40/459] AYCZ
[05:14:40] 🔄 Identity reset
[05:14:40] 🔄 Identity rotated (every 10 requests)
[05:14:40] [41/459] CUMS
[05:14:41] [42/459] BOCK
[05:14:43] [43/459] PNMR
[05:14:44] [44/459] PJCP
[05:14:45] [45/459] JDDD
[05:14:46] [46/459] STMS
[05:14:47] [47/459] FLMB
[05:14:49] [48/459] PKCM
[05:14:50] [49/459] SPPR
[05:14:51] [50/459] EYLH
[05:14:51] 🔄 Identity reset
[05:14:51] 🔄 Identity rotated (every 10 requests)
[05:14:51] 🔄 Retry 1/5 for EYLH in 2.0s
[05:14:51] 🔄 Identity reset
[05:14:53] 🧠 New identity created
[05:14:54] [51/459] RJCC
[05:14:54] [52/459] MMPS
[05:14:56] [53/459] SHMX
[05:14:57] [54/459] CCNL
[05:14:58] [55/459] RCNV
[05:14:58] [56/459] MAAG
[05:14:59] [57/459] LXCM
[05:15:01] [58/459] RCNI
[05:15:02] [59/459] SNNI
[05:15:03] 🔄 Identity reset
[05:15:03] 🔄 Identity rotated (every 10 requests)
[05:15:03] [60/459] LALC
[05:15:05] [61/459] SOCN
[05:15:05] [62/459] JHTP
[05:15:07] [63/459] PITP
[05:15:08] [64/459] CCKW
[05:15:09] [65/459] MCMC
[05:15:10] [66/459] DEES
[05:15:11] [67/459] SABT
[05:15:12] [68/459] VSPP
[05:15:13] [69/459] ABCT
[05:15:14] 🔄 Identity reset
[05:15:14] 🔄 Identity rotated (every 10 requests)
[05:15:14] [70/459] JVTB
[05:15:16] [71/459] VCBD
[05:15:17] [72/459] RMGG
[05:15:19] [73/459] RNMH
[05:15:20] [74/459] SPGL
[05:15:21] [75/459] JTTR
[05:15:23] [76/459] SICS
[05:15:24] [77/459] SRMI
[05:15:26] [78/459] SSIJ
[05:15:27] [79/459] KFMT
[05:15:28] 🔄 Identity reset
[05:15:28] 🔄 Identity rotated (every 10 requests)
[05:15:28] [80/459] VBIT
[05:15:29] [81/459] JKCT
[05:15:31] [82/459] GCGP
[05:15:32] [83/459] GDCS
[05:15:34] [84/459] TRBA
[05:15:35] [85/459] QUST
[05:15:36] [86/459] VSHM
[05:15:37] [87/459] SDCP
[05:15:39] [88/459] SNVS
[05:15:39] [89/459] NYTO
[05:15:40] 🔄 Identity reset
[05:15:40] 🔄 Identity rotated (every 10 requests)
[05:15:40] [90/459] URWC
[05:15:42] [91/459] GTWH
[05:15:43] [92/459] PFCM
[05:15:45] [93/459] KRTA
[05:15:46] [94/459] AXMC
[05:15:47] [95/459] EVMC
[05:15:47] [96/459] HGSM
[05:15:49] [97/459] ACVM
[05:15:50] [98/459] PSKL
[05:15:51] [99/459] RDMP
[05:15:52] 🔄 Identity reset
[05:15:52] 🔄 Identity rotated (every 10 requests)
[05:15:53] [100/459] RHGH
[05:15:54] [101/459] OMCM
[05:15:55] [102/459] DCCP
[05:15:57] [103/459] MCPB
[05:15:58] [104/459] ALCI
[05:15:59] [105/459] BLMX
[05:16:01] [106/459] BTMV
[05:16:03] [107/459] FVPN
[05:16:03] [108/459] CMAR
[05:16:05] [109/459] CEIM
[05:16:05] 🔄 Identity reset
[05:16:06] 🔄 Identity rotated (every 10 requests)
[05:16:06] [110/459] CMVA
[05:16:07] [111/459] CPIV
[05:16:09] [112/459] CNPE
[05:16:10] [113/459] COLV
[05:16:11] [114/459] DNNV
[05:16:12] [115/459] HCAD
[05:16:13] [116/459] TAKA
[05:16:15] [117/459] INVD
[05:16:16] [118/459] IRMM
[05:16:17] [119/459] INSE
[05:16:18] 🔄 Identity reset
[05:16:18] 🔄 Identity rotated (every 10 requests)
[05:16:18] [120/459] MRSW
[05:16:20] [121/459] MCVD
[05:16:21] [122/459] MCSO
[05:16:21] [123/459] PEVM
[05:16:22] [124/459] PVNL
[05:16:23] [125/459] PTCV
[05:16:25] [126/459] PRTC
[05:16:26] [127/459] RCVA
[05:16:28] [128/459] MTBN
[05:16:29] [129/459] LUCP
[05:16:29] 🔄 Identity reset
[05:16:29] 🔄 Identity rotated (every 10 requests)
[05:16:30] [130/459] FMPT
[05:16:31] [131/459] JLSL
[05:16:32] [132/459] SBHA
[05:16:34] [133/459] SHRC
[05:16:34] [134/459] AVPS
[05:16:35] [135/459] STPM
[05:16:37] [136/459] ATRD
[05:16:37] [137/459] VTED
[05:16:38] [138/459] ACAI
[05:16:40] [139/459] SMAE
[05:16:40] 🔄 Identity reset
[05:16:40] 🔄 Identity rotated (every 10 requests)
[05:16:40] 🔄 Retry 1/5 for SMAE in 2.8s
[05:16:40] 🔄 Identity reset
[05:16:43] 🧠 New identity created
[05:16:43] [140/459] VMAT
[05:16:44] [141/459] LKCT
[05:16:45] [142/459] JTVK
[05:16:47] [143/459] PRTY
[05:16:47] [144/459] GETT
[05:16:49] [145/459] ESAP
[05:16:51] [146/459] NCPM
[05:16:52] [147/459] PCPA
[05:16:54] [148/459] MMOM
[05:16:54] 🔄 Identity reset
[05:16:54] 🔄 Identity rotated (every 10 requests)
[05:16:55] [149/459] PHUP
[05:16:56] [150/459] CCPI
[05:16:57] [151/459] CNTD
[05:16:59] [152/459] NLJR
[05:17:00] [153/459] SRNG
[05:17:01] [154/459] MHAL
[05:17:02] [155/459] PNSM
[05:17:03] [156/459] DRMY
[05:17:04] [157/459] CCMU
[05:17:06] [158/459] SCMY
[05:17:07] 🔄 Identity reset
[05:17:07] 🔄 Identity rotated (every 10 requests)
[05:17:08] [159/459] PVSY
[05:17:09] [160/459] SDLM
[05:17:11] [161/459] ICCM
[05:17:12] [162/459] PYSU
[05:17:13] [163/459] GATM
[05:17:13] [164/459] WOTM
[05:17:14] [165/459] RKTS
[05:17:15] [166/459] PMTY
[05:17:16] [167/459] LYMS
[05:17:17] [168/459] TGCA
[05:17:18] 🔄 Identity reset
[05:17:18] 🔄 Identity rotated (every 10 requests)
[05:17:18] [169/459] DSTA
[05:17:20] [170/459] CNGE
[05:17:22] [171/459] VSTG
[05:17:23] [172/459] GTCK
[05:17:24] [173/459] TGNT
[05:17:25] [174/459] ASLC
[05:17:26] [175/459] SSST
[05:17:27] [176/459] KBTT
[05:17:29] [177/459] HKCP
[05:17:30] [178/459] SWLC
[05:17:31] 🔄 Identity reset
[05:17:31] 🔄 Identity rotated (every 10 requests)
[05:17:32] [179/459] RTND
[05:17:33] [180/459] PKKT
[05:17:34] [181/459] HSTK
[05:17:35] [182/459] SPTT
[05:17:36] [183/459] IMPM
[05:17:37] [184/459] SCMV
[05:17:39] [185/459] SPCT
[05:17:40] [186/459] JBCA
[05:17:41] [187/459] ATTR
[05:17:43] [188/459] SPMT
[05:17:43] 🔄 Identity reset
[05:17:43] 🔄 Identity rotated (every 10 requests)
[05:17:44] [189/459] LCTM
[05:17:46] [190/459] SCVL
[05:17:46] [191/459] SCVT
[05:17:48] [192/459] KRIC
[05:17:49] [193/459] CTMG
[05:17:50] [194/459] ACNC
[05:17:51] [195/459] DMCK
[05:17:52] [196/459] KMTV
[05:17:53] [197/459] PFCJ
[05:17:54] [198/459] VNMD
[05:17:55] 🔄 Identity reset
[05:17:55] 🔄 Identity rotated (every 10 requests)
[05:17:56] [199/459] VPCZ
[05:17:56] [200/459] SRYR
[05:17:57] [201/459] SYTR
[05:17:58] [202/459] GATR
[05:17:59] [203/459] URTR
[05:18:00] [204/459] MKSM
[05:18:01] [205/459] VSMH
[05:18:02] [206/459] SKRJ
[05:18:03] [207/459] SSJR
[05:18:03] [208/459] SVSM
[05:18:04] 🔄 Identity reset
[05:18:04] 🔄 Identity rotated (every 10 requests)
[05:18:04] [209/459] RUCM
[05:18:05] [210/459] PRKN
[05:18:06] [211/459] RROH
[05:18:08] [212/459] SCTN
[05:18:09] [213/459] RTDM
[05:18:10] [214/459] ASRM
[05:18:10] [215/459] SKMD
[05:18:12] [216/459] SUTD
[05:18:14] [217/459] SADM
[05:18:14] [218/459] WCNR
[05:18:15] 🔄 Identity reset
[05:18:15] 🔄 Identity rotated (every 10 requests)
[05:18:15] [219/459] CNED
[05:18:17] [220/459] MPDB
[05:18:18] [221/459] KTBH
[05:18:20] [222/459] IDRM
[05:18:21] [223/459] PJJT
[05:18:22] [224/459] PFCV
[05:18:23] [225/459] AACT
[05:18:24] [226/459] AAAD
[05:18:25] [227/459] ANES
[05:18:26] [228/459] MNCA
[05:18:26] 🔄 Identity reset
[05:18:26] 🔄 Identity rotated (every 10 requests)
[05:18:27] [229/459] RMGU
[05:18:28] [230/459] DLCN
[05:18:29] [231/459] LJWT
[05:18:30] [232/459] MCBG
[05:18:31] [233/459] MYBG
[05:18:31] [234/459] GCCA
[05:18:32] [235/459] GCGA
[05:18:33] [236/459] ECGN
[05:18:34] [237/459] PRAB
[05:18:35] [238/459] PNMP
[05:18:36] 🔄 Identity reset
[05:18:36] 🔄 Identity rotated (every 10 requests)
[05:18:36] [239/459] GCPT
[05:18:38] [240/459] ROYN
[05:18:40] [241/459] VATM
[05:18:41] [242/459] KSNT
[05:18:42] [243/459] ACTC
[05:18:43] [244/459] PLTD
[05:18:44] [245/459] SKMK
[05:18:45] [246/459] CMTT
[05:18:46] [247/459] SMXP
[05:18:46] [248/459] SCMX
[05:18:47] 🔄 Identity reset
[05:18:47] 🔄 Identity rotated (every 10 requests)
[05:18:48] [249/459] ACXN
[05:18:49] [250/459] ASWT
[05:18:51] [251/459] VVVL
[05:18:51] [252/459] NAGO
[05:18:52] [253/459] SNCN
[05:18:53] [254/459] MCKP
[05:18:54] [255/459] SAMO
[05:18:55] [256/459] JBTV
[05:18:56] [257/459] DCVV
[05:18:57] [258/459] KMSV
[05:18:58] 🔄 Identity reset
[05:18:58] 🔄 Identity rotated (every 10 requests)
[05:18:58] [259/459] KDCN
[05:18:59] [260/459] CNCP
[05:19:00] [261/459] HAMC
[05:19:01] [262/459] CCVZ
[05:19:02] [263/459] NCCK
[05:19:03] [264/459] MCHR
[05:19:05] [265/459] SCHT
[05:19:06] [266/459] ESSH
[05:19:07] [267/459] CUJC
[05:19:09] [268/459] PECP
[05:19:09] 🔄 Identity reset
[05:19:09] 🔄 Identity rotated (every 10 requests)
[05:19:09] [269/459] PMMI
[05:19:11] [270/459] PCCH
[05:19:12] [271/459] PRPM
[05:19:13] [272/459] PVKL
[05:19:14] [273/459] CBSM
[05:19:15] [274/459] PVCZ
[05:19:16] [275/459] PCVV
[05:19:18] [276/459] CTMJ
[05:19:19] [277/459] RCPS
[05:19:19] [278/459] PCIT
[05:19:20] 🔄 Identity reset
[05:19:20] 🔄 Identity rotated (every 10 requests)
[05:19:20] [279/459] FNCH
[05:19:21] [280/459] INZD
[05:19:22] [281/459] INPC
[05:19:23] [282/459] LCZP
[05:19:25] [283/459] SMCB
[05:19:26] [284/459] PTSB
[05:19:27] [285/459] TPSI
[05:19:28] [286/459] KHMJ
[05:19:29] [287/459] RCCJ
[05:19:30] [288/459] NCJA
[05:19:30] 🔄 Identity reset
[05:19:30] 🔄 Identity rotated (every 10 requests)
[05:19:31] [289/459] NCJN
[05:19:32] [290/459] BTDP
[05:19:34] [291/459] PADY
[05:19:35] [292/459] NYBH
[05:19:36] [293/459] MTBR
[05:19:37] [294/459] KRBC
[05:19:37] [295/459] DKTI
[05:19:38] [296/459] ANAN
[05:19:40] [297/459] INBP
[05:19:41] [298/459] PATB
[05:19:42] 🔄 Identity reset
[05:19:42] 🔄 Identity rotated (every 10 requests)
[05:19:43] [299/459] RGNT
[05:19:44] [300/459] CGPM
[05:19:44] [301/459] INTN
[05:19:46] [302/459] MCMP
[05:19:47] [303/459] ASRG
[05:19:49] [304/459] CXJD
[05:19:49] [305/459] SPCP
[05:19:50] [306/459] CSTP
[05:19:52] [307/459] PKVC
[05:19:53] [308/459] ESCP
[05:19:53] 🔄 Identity reset
[05:19:53] 🔄 Identity rotated (every 10 requests)
[05:19:54] [309/459] CAEP
[05:19:55] [310/459] CCSP
[05:19:55] [311/459] KTPC
[05:19:57] [312/459] DACA
[05:19:58] [313/459] NVKY
[05:19:59] [314/459] PTIN
[05:20:01] [315/459] SCIN
[05:20:02] [316/459] MCTY
[05:20:02] [317/459] PCMX
[05:20:03] [318/459] INIC
[05:20:04] 🔄 Identity reset
[05:20:04] 🔄 Identity rotated (every 10 requests)
[05:20:05] [319/459] MMZM
[05:20:06] [320/459] SSLP
[05:20:08] [321/459] DTDT
[05:20:09] [322/459] FFCX
[05:20:11] [323/459] RCMM
[05:20:12] [324/459] KYID
[05:20:13] [325/459] CSCI
[05:20:14] [326/459] FCMC
[05:20:15] [327/459] MMXI
[05:20:15] [328/459] ASTC
[05:20:16] 🔄 Identity reset
[05:20:16] 🔄 Identity rotated (every 10 requests)
[05:20:16] [329/459] CMRA
[05:20:17] [330/459] DICI
[05:20:18] [331/459] KDIN
[05:20:19] [332/459] PRFI
[05:20:20] [333/459] SVFC
[05:20:21] [334/459] UCPL
[05:20:22] [335/459] COOC
[05:20:23] [336/459] SCAL
[05:20:24] [337/459] SVFF
[05:20:25] [338/459] VCMG
[05:20:26] 🔄 Identity reset
[05:20:26] 🔄 Identity rotated (every 10 requests)
[05:20:27] [339/459] UUCT
[05:20:28] [340/459] GCSE
[05:20:29] [341/459] SUSC
[05:20:30] [342/459] MISC
[05:20:32] [343/459] RMBL
[05:20:33] [344/459] CMXN
[05:20:34] [345/459] PVBK
[05:20:34] [346/459] HHCG
[05:20:35] [347/459] SCAG
[05:20:37] [348/459] CNPR
[05:20:37] 🔄 Identity reset
[05:20:37] 🔄 Identity rotated (every 10 requests)
[05:20:39] [349/459] CSER
[05:20:40] [350/459] HLWD
[05:20:41] [351/459] BOLY
[05:20:42] [352/459] SSPG
[05:20:43] [353/459] MUPX
[05:20:44] [354/459] HAMR
[05:20:45] [355/459] SDNC
[05:20:47] [356/459] RTEN
[05:20:48] [357/459] SDTD
[05:20:49] [358/459] KAWS
[05:20:50] 🔄 Identity reset
[05:20:50] 🔄 Identity rotated (every 10 requests)
[05:20:50] [359/459] CMZX
[05:20:51] [360/459] DCDD
[05:20:53] [361/459] ALSN
[05:20:54] [362/459] IMXS
[05:20:55] [363/459] PVFF
[05:20:56] [364/459] PVOO
[05:20:57] [365/459] CFBS
[05:20:58] [366/459] PVER
[05:21:00] [367/459] PPNX
[05:21:01] [368/459] CNRM
[05:21:02] 🔄 Identity reset
[05:21:02] 🔄 Identity rotated (every 10 requests)
[05:21:03] [369/459] PVWW
[05:21:04] [370/459] INMB
[05:21:05] [371/459] CPJR
[05:21:07] [372/459] INRZ
[05:21:08] [373/459] PMSR
[05:21:09] [374/459] GPGM
[05:21:11] [375/459] PGWB
[05:21:12] [376/459] PMBR
[05:21:13] [377/459] GPAM
[05:21:14] [378/459] INBC
[05:21:15] 🔄 Identity reset
[05:21:15] 🔄 Identity rotated (every 10 requests)
[05:21:15] [379/459] PZVK
[05:21:16] [380/459] CPEB
[05:21:17] [381/459] FMLB
[05:21:18] [382/459] INBG
[05:21:20] [383/459] GPBR
[05:21:21] [384/459] PAAS
[05:21:23] [385/459] VTBR
[05:21:24] [386/459] GPMY
[05:21:25] [387/459] GYBU
[05:21:27] [388/459] INBJ
[05:21:27] 🔄 Identity reset
[05:21:27] 🔄 Identity rotated (every 10 requests)
[05:21:28] [389/459] LKTH
[05:21:28] [390/459] NSBR
[05:21:30] [391/459] PDRD
[05:21:31] [392/459] VRBL
[05:21:32] [393/459] VTGB
[05:21:34] [394/459] VTSK
[05:21:35] [395/459] BKDV
[05:21:37] [396/459] SVTB
[05:21:38] [397/459] MLDT
[05:21:39] [398/459] NRBL
[05:21:40] 🔄 Identity reset
[05:21:40] 🔄 Identity rotated (every 10 requests)
[05:21:40] [399/459] SLTR
[05:21:41] [400/459] VNKA
[05:21:42] [401/459] TDCA
[05:21:43] [402/459] INBM
[05:21:44] [403/459] SSNR
[05:21:45] [404/459] BHAC
[05:21:46] [405/459] SDSD
[05:21:48] [406/459] SAMP
[05:21:48] [407/459] RATK
[05:21:49] [408/459] KCBI
[05:21:50] 🔄 Identity reset
[05:21:50] 🔄 Identity rotated (every 10 requests)
[05:21:51] [409/459] URBL
[05:21:52] [410/459] MKBG
[05:21:53] [411/459] ASTB
[05:21:54] [412/459] VBWT
[05:21:55] [413/459] GPSM
[05:21:56] [414/459] ROON
[05:21:58] [415/459] CHTH
[05:22:00] [416/459] SSPA
[05:22:01] [417/459] ANBL
[05:22:02] [418/459] VTBE
[05:22:03] 🔄 Identity reset
[05:22:03] 🔄 Identity rotated (every 10 requests)
[05:22:04] [419/459] SVKT
[05:22:05] [420/459] SVYK
[05:22:06] [421/459] PTBK
[05:22:07] [422/459] RKTB
[05:22:08] [423/459] BALT
[05:22:09] [424/459] STSV
[05:22:10] [425/459] VCCB
[05:22:12] [426/459] SLTB
[05:22:13] [427/459] SBCR
[05:22:15] [428/459] VDCS
[05:22:16] 🔄 Identity reset
[05:22:16] 🔄 Identity rotated (every 10 requests)
[05:22:17] [429/459] MDKI
[05:22:18] [430/459] SMRN
[05:22:19] [431/459] PTBC
[05:22:20] [432/459] RADI
[05:22:21] [433/459] ADCR
[05:22:22] [434/459] SDCS
[05:22:23] [435/459] SRPJ
[05:22:24] [436/459] ARTS
[05:22:25] [437/459] SRHK
[05:22:26] [438/459] SPAY
[05:22:27] 🔄 Identity reset
[05:22:27] 🔄 Identity rotated (every 10 requests)
[05:22:27] [439/459] GPTB
[05:22:28] [440/459] SNNN
[05:22:29] [441/459] BALJ
[05:22:31] [442/459] TRIG
[05:22:32] [443/459] GTYT
[05:22:33] [444/459] ATGN
[05:22:35] [445/459] ANTE
[05:22:36] [446/459] BDCG
[05:22:36] [447/459] VECI
[05:22:38] [448/459] SCPR
[05:22:39] 🔄 Identity reset
[05:22:39] 🔄 Identity rotated (every 10 requests)
[05:22:39] [449/459] RTEA
[05:22:41] [450/459] JSAI
[05:22:42] [451/459] VJTP
[05:22:43] [452/459] GNDS
[05:22:44] [453/459] PAXA
[05:22:46] [454/459] CGGM
[05:22:47] [455/459] ACKZ
[05:22:48] [456/459] EMCC
[05:22:50] [457/459] KLSK
[05:22:50] [458/459] AVCK
[05:22:51] 🔄 Identity reset
[05:22:51] 🔄 Identity rotated (every 10 requests)
[05:22:52] [459/459] JTCK
[05:22:53] ✅ DONE | Shows=68 | Movies=12
[06:06:33] 🚀 BMS DAILY TRACKER STARTED (enhanced anti‑detection)
[06:06:33] [1/459] NECA
[06:06:34] 🧠 New identity created
[06:06:34] [2/459] BJLC
[06:06:36] [3/459] BASU
[06:06:37] [4/459] RUPI
[06:06:39] [5/459] LCBK
[06:06:41] [6/459] PMAC
[06:06:41] [7/459] AMLC
[06:06:42] [8/459] LICL
[06:06:43] [9/459] UDMM
[06:06:43] [10/459] STBZ
[06:06:44] 🔄 Identity reset
[06:06:44] 🔄 Identity rotated (every 10 requests)
[06:06:44] [11/459] UUBT
[06:06:45] [12/459] SJKC
[06:06:46] [13/459] TUAL
[06:06:46] [14/459] MRSE
[06:06:47] [15/459] RMRK
[06:06:47] [16/459] TTKP
[06:06:49] [17/459] KTKO
[06:06:50] [18/459] SDBK
[06:06:50] [19/459] MCPR
[06:06:51] [20/459] CHTI
[06:06:52] 🔄 Identity reset
[06:06:52] 🔄 Identity rotated (every 10 requests)
[06:06:52] [21/459] GCCP
[06:06:54] [22/459] SRMY
[06:06:54] [23/459] NYST
[06:06:55] [24/459] NYAG
[06:06:56] [25/459] SBMT
[06:06:56] [26/459] INGA
[06:06:57] [27/459] WSIC
[06:06:58] [28/459] SCSS
[06:06:58] [29/459] COPG
[06:06:59] [30/459] RCGR
[06:07:00] 🔄 Identity reset
[06:07:00] 🔄 Identity rotated (every 10 requests)
[06:07:00] [31/459] TCZA
[06:07:00] [32/459] CNLP
[06:07:02] [33/459] CLKN
[06:07:03] [34/459] LHDF
[06:07:04] [35/459] ELKC
[06:07:05] [36/459] VCEM
[06:07:05] [37/459] SSZA
[06:07:07] [38/459] KRMT
[06:07:07] [39/459] LCMV
[06:07:09] [40/459] AYCZ
[06:07:10] 🔄 Identity reset
[06:07:10] 🔄 Identity rotated (every 10 requests)
[06:07:10] [41/459] CUMS
[06:07:11] [42/459] BOCK
[06:07:12] [43/459] PNMR
[06:07:13] [44/459] PJCP
[06:07:14] [45/459] JDDD
[06:07:14] [46/459] STMS
[06:07:15] [47/459] FLMB
[06:07:16] [48/459] PKCM
[06:07:17] [49/459] SPPR
[06:07:19] [50/459] EYLH
[06:07:20] 🔄 Identity reset
[06:07:20] 🔄 Identity rotated (every 10 requests)
[06:07:20] 🔄 Retry 1/5 for EYLH in 2.8s
[06:07:20] 🔄 Identity reset
[06:07:23] 🧠 New identity created
[06:07:24] [51/459] RJCC
[06:07:25] [52/459] MMPS
[06:07:25] [53/459] SHMX
[06:07:26] [54/459] CCNL
[06:07:27] [55/459] RCNV
[06:07:28] [56/459] MAAG
[06:07:29] [57/459] LXCM
[06:07:30] [58/459] RCNI
[06:07:30] [59/459] SNNI
[06:07:31] 🔄 Identity reset
[06:07:31] 🔄 Identity rotated (every 10 requests)
[06:07:31] [60/459] LALC
[06:07:32] [61/459] SOCN
[06:07:33] [62/459] JHTP
[06:07:34] [63/459] PITP
[06:07:35] [64/459] CCKW
[06:07:37] [65/459] MCMC
[06:07:37] [66/459] DEES
[06:07:38] [67/459] SABT
[06:07:39] [68/459] VSPP
[06:07:41] [69/459] ABCT
[06:07:41] 🔄 Identity reset
[06:07:41] 🔄 Identity rotated (every 10 requests)
[06:07:42] [70/459] JVTB
[06:07:42] [71/459] VCBD
[06:07:43] [72/459] RMGG
[06:07:44] [73/459] RNMH
[06:07:45] [74/459] SPGL
[06:07:46] [75/459] JTTR
[06:07:47] [76/459] SICS
[06:07:48] [77/459] SRMI
[06:07:49] [78/459] SSIJ
[06:07:50] [79/459] KFMT
[06:07:50] 🔄 Identity reset
[06:07:50] 🔄 Identity rotated (every 10 requests)
[06:07:51] [80/459] VBIT
[06:07:51] [81/459] JKCT
[06:07:52] [82/459] GCGP
[06:07:53] [83/459] GDCS
[06:07:55] [84/459] TRBA
[06:07:55] [85/459] QUST
[06:07:56] [86/459] VSHM
[06:07:56] [87/459] SDCP
[06:07:57] [88/459] SNVS
[06:07:58] [89/459] NYTO
[06:07:59] 🔄 Identity reset
[06:07:59] 🔄 Identity rotated (every 10 requests)
[06:07:59] [90/459] URWC
[06:08:00] [91/459] GTWH
[06:08:01] [92/459] PFCM
[06:08:03] [93/459] KRTA
[06:08:04] [94/459] AXMC
[06:08:06] [95/459] EVMC
[06:08:07] [96/459] HGSM
[06:08:08] [97/459] ACVM
[06:08:09] [98/459] PSKL
[06:08:10] [99/459] RDMP
[06:08:11] 🔄 Identity reset
[06:08:11] 🔄 Identity rotated (every 10 requests)
[06:08:11] 🔄 Retry 1/5 for RDMP in 2.4s
[06:08:11] 🔄 Identity reset
[06:08:13] 🧠 New identity created
[06:08:13] [100/459] RHGH
[06:08:14] [101/459] OMCM
[06:08:16] [102/459] DCCP
[06:08:16] [103/459] MCPB
[06:08:17] [104/459] ALCI
[06:08:17] [105/459] BLMX
[06:08:19] [106/459] BTMV
[06:08:21] [107/459] FVPN
[06:08:22] [108/459] CMAR
[06:08:22] 🔄 Identity reset
[06:08:22] 🔄 Identity rotated (every 10 requests)
[06:08:23] [109/459] CEIM
[06:08:24] [110/459] CMVA
[06:08:26] [111/459] CPIV
[06:08:27] [112/459] CNPE
[06:08:27] [113/459] COLV
[06:08:28] [114/459] DNNV
[06:08:29] [115/459] HCAD
[06:08:30] [116/459] TAKA
[06:08:31] [117/459] INVD
[06:08:32] [118/459] IRMM
[06:08:33] 🔄 Identity reset
[06:08:33] 🔄 Identity rotated (every 10 requests)
[06:08:33] [119/459] INSE
[06:08:34] [120/459] MRSW
[06:08:35] [121/459] MCVD
[06:08:36] [122/459] MCSO
[06:08:37] [123/459] PEVM
[06:08:38] [124/459] PVNL
[06:08:39] [125/459] PTCV
[06:08:39] [126/459] PRTC
[06:08:40] [127/459] RCVA
[06:08:41] [128/459] MTBN
[06:08:42] 🔄 Identity reset
[06:08:42] 🔄 Identity rotated (every 10 requests)
[06:08:42] [129/459] LUCP
[06:08:43] [130/459] FMPT
[06:08:44] [131/459] JLSL
[06:08:45] [132/459] SBHA
[06:08:46] [133/459] SHRC
[06:08:47] [134/459] AVPS
[06:08:49] [135/459] STPM
[06:08:49] [136/459] ATRD
[06:08:50] [137/459] VTED
[06:08:51] [138/459] ACAI
[06:08:52] 🔄 Identity reset
[06:08:52] 🔄 Identity rotated (every 10 requests)
[06:08:52] [139/459] SMAE
[06:08:54] [140/459] VMAT
[06:08:54] [141/459] LKCT
[06:08:55] [142/459] JTVK
[06:08:56] [143/459] PRTY
[06:08:57] [144/459] GETT
[06:08:59] [145/459] ESAP
[06:09:00] [146/459] NCPM
[06:09:01] [147/459] PCPA
[06:09:02] [148/459] MMOM
[06:09:02] 🔄 Identity reset
[06:09:02] 🔄 Identity rotated (every 10 requests)
[06:09:03] [149/459] PHUP
[06:09:03] [150/459] CCPI
[06:09:04] [151/459] CNTD
[06:09:05] [152/459] NLJR
[06:09:07] [153/459] SRNG
[06:09:07] [154/459] MHAL
[06:09:08] [155/459] PNSM
[06:09:10] [156/459] DRMY
[06:09:11] [157/459] CCMU
[06:09:12] [158/459] SCMY
[06:09:13] 🔄 Identity reset
[06:09:13] 🔄 Identity rotated (every 10 requests)
[06:09:13] [159/459] PVSY
[06:09:14] [160/459] SDLM
[06:09:15] [161/459] ICCM
[06:09:15] [162/459] PYSU
[06:09:16] [163/459] GATM
[06:09:17] [164/459] WOTM
[06:09:18] [165/459] RKTS
[06:09:19] [166/459] PMTY
[06:09:19] [167/459] LYMS
[06:09:20] [168/459] TGCA
[06:09:21] 🔄 Identity reset
[06:09:21] 🔄 Identity rotated (every 10 requests)
[06:09:22] [169/459] DSTA
[06:09:23] [170/459] CNGE
[06:09:25] [171/459] VSTG
[06:09:25] [172/459] GTCK
[06:09:26] [173/459] TGNT
[06:09:27] [174/459] ASLC
[06:09:28] [175/459] SSST
[06:09:28] [176/459] KBTT
[06:09:30] [177/459] HKCP
[06:09:31] [178/459] SWLC
[06:09:32] 🔄 Identity reset
[06:09:32] 🔄 Identity rotated (every 10 requests)
[06:09:32] [179/459] RTND
[06:09:32] [180/459] PKKT
[06:09:34] [181/459] HSTK
[06:09:35] [182/459] SPTT
[06:09:35] [183/459] IMPM
[06:09:37] [184/459] SCMV
[06:09:38] [185/459] SPCT
[06:09:38] [186/459] JBCA
[06:09:39] [187/459] ATTR
[06:09:41] [188/459] SPMT
[06:09:41] 🔄 Identity reset
[06:09:41] 🔄 Identity rotated (every 10 requests)
[06:09:41] [189/459] LCTM
[06:09:42] [190/459] SCVL
[06:09:43] [191/459] SCVT
[06:09:43] [192/459] KRIC
[06:09:45] [193/459] CTMG
[06:09:46] [194/459] ACNC
[06:09:47] [195/459] DMCK
[06:09:47] [196/459] KMTV
[06:09:48] [197/459] PFCJ
[06:09:49] [198/459] VNMD
[06:09:50] 🔄 Identity reset
[06:09:50] 🔄 Identity rotated (every 10 requests)
[06:09:51] [199/459] VPCZ
[06:09:51] [200/459] SRYR
[06:09:52] [201/459] SYTR
[06:09:53] [202/459] GATR
[06:09:54] [203/459] URTR
[06:09:55] [204/459] MKSM
[06:09:56] [205/459] VSMH
[06:09:57] [206/459] SKRJ
[06:09:58] [207/459] SSJR
[06:09:58] [208/459] SVSM
[06:09:59] 🔄 Identity reset
[06:09:59] 🔄 Identity rotated (every 10 requests)
[06:09:59] [209/459] RUCM
[06:10:00] [210/459] PRKN
[06:10:01] [211/459] RROH
[06:10:01] [212/459] SCTN
[06:10:02] [213/459] RTDM
[06:10:03] [214/459] ASRM
[06:10:03] [215/459] SKMD
[06:10:04] [216/459] SUTD
[06:10:06] [217/459] SADM
[06:10:06] [218/459] WCNR
[06:10:07] 🔄 Identity reset
[06:10:07] 🔄 Identity rotated (every 10 requests)
[06:10:07] [219/459] CNED
[06:10:09] [220/459] MPDB
[06:10:09] [221/459] KTBH
[06:10:11] [222/459] IDRM
[06:10:13] [223/459] PJJT
[06:10:14] [224/459] PFCV
[06:10:15] [225/459] AACT
[06:10:16] [226/459] AAAD
[06:10:17] [227/459] ANES
[06:10:18] [228/459] MNCA
[06:10:19] 🔄 Identity reset
[06:10:19] 🔄 Identity rotated (every 10 requests)
[06:10:19] [229/459] RMGU
[06:10:20] [230/459] DLCN
[06:10:21] [231/459] LJWT
[06:10:22] [232/459] MCBG
[06:10:23] [233/459] MYBG
[06:10:24] [234/459] GCCA
[06:10:25] [235/459] GCGA
[06:10:26] [236/459] ECGN
[06:10:27] [237/459] PRAB
[06:10:27] [238/459] PNMP
[06:10:28] 🔄 Identity reset
[06:10:28] 🔄 Identity rotated (every 10 requests)
[06:10:28] [239/459] GCPT
[06:10:30] [240/459] ROYN
[06:10:31] [241/459] VATM
[06:10:31] [242/459] KSNT
[06:10:33] [243/459] ACTC
[06:10:34] [244/459] PLTD
[06:10:35] [245/459] SKMK
[06:10:37] [246/459] CMTT
[06:10:38] [247/459] SMXP
[06:10:38] [248/459] SCMX
[06:10:39] 🔄 Identity reset
[06:10:39] 🔄 Identity rotated (every 10 requests)
[06:10:40] [249/459] ACXN
[06:10:41] [250/459] ASWT
[06:10:42] [251/459] VVVL
[06:10:43] [252/459] NAGO
[06:10:44] [253/459] SNCN
[06:10:45] [254/459] MCKP
[06:10:46] [255/459] SAMO
[06:10:47] [256/459] JBTV
[06:10:48] [257/459] DCVV
[06:10:49] [258/459] KMSV
[06:10:50] 🔄 Identity reset
[06:10:50] 🔄 Identity rotated (every 10 requests)
[06:10:50] [259/459] KDCN
[06:10:52] [260/459] CNCP
[06:10:53] [261/459] HAMC
[06:10:54] [262/459] CCVZ
[06:10:54] [263/459] NCCK
[06:10:56] [264/459] MCHR
[06:10:57] [265/459] SCHT
[06:10:58] [266/459] ESSH
[06:10:59] [267/459] CUJC
[06:11:01] [268/459] PECP
[06:11:01] 🔄 Identity reset
[06:11:01] 🔄 Identity rotated (every 10 requests)
[06:11:02] [269/459] PMMI
[06:11:03] [270/459] PCCH
[06:11:04] [271/459] PRPM
[06:11:05] [272/459] PVKL
[06:11:06] [273/459] CBSM
[06:11:08] [274/459] PVCZ
[06:11:09] [275/459] PCVV
[06:11:10] [276/459] CTMJ
[06:11:12] [277/459] RCPS
[06:11:13] [278/459] PCIT
[06:11:13] 🔄 Identity reset
[06:11:13] 🔄 Identity rotated (every 10 requests)
[06:11:14] [279/459] FNCH
[06:11:15] [280/459] INZD
[06:11:15] [281/459] INPC
[06:11:17] [282/459] LCZP
[06:11:17] [283/459] SMCB
[06:11:18] [284/459] PTSB
[06:11:19] [285/459] TPSI
[06:11:20] [286/459] KHMJ
[06:11:20] [287/459] RCCJ
[06:11:21] [288/459] NCJA
[06:11:22] 🔄 Identity reset
[06:11:22] 🔄 Identity rotated (every 10 requests)
[06:11:22] [289/459] NCJN
[06:11:23] [290/459] BTDP
[06:11:24] [291/459] PADY
[06:11:25] [292/459] NYBH
[06:11:26] [293/459] MTBR
[06:11:26] [294/459] KRBC
[06:11:27] [295/459] DKTI
[06:11:28] [296/459] ANAN
[06:11:30] [297/459] INBP
[06:11:32] [298/459] PATB
[06:11:32] 🔄 Identity reset
[06:11:32] 🔄 Identity rotated (every 10 requests)
[06:11:33] [299/459] RGNT
[06:11:34] [300/459] CGPM
[06:11:35] [301/459] INTN
[06:11:36] [302/459] MCMP
[06:11:38] [303/459] ASRG
[06:11:39] [304/459] CXJD
[06:11:40] [305/459] SPCP
[06:11:41] [306/459] CSTP
[06:11:42] [307/459] PKVC
[06:11:42] [308/459] ESCP
[06:11:43] 🔄 Identity reset
[06:11:43] 🔄 Identity rotated (every 10 requests)
[06:11:43] [309/459] CAEP
[06:11:45] [310/459] CCSP
[06:11:45] [311/459] KTPC
[06:11:46] [312/459] DACA
[06:11:48] [313/459] NVKY
[06:11:48] [314/459] PTIN
[06:11:50] [315/459] SCIN
[06:11:51] [316/459] MCTY
[06:11:51] [317/459] PCMX
[06:11:52] [318/459] INIC
[06:11:53] 🔄 Identity reset
[06:11:53] 🔄 Identity rotated (every 10 requests)
[06:11:54] [319/459] MMZM
[06:11:55] [320/459] SSLP
[06:11:56] [321/459] DTDT
[06:11:58] [322/459] FFCX
[06:11:59] [323/459] RCMM
[06:12:00] [324/459] KYID
[06:12:01] [325/459] CSCI
[06:12:02] [326/459] FCMC
[06:12:03] [327/459] MMXI
[06:12:04] [328/459] ASTC
[06:12:05] 🔄 Identity reset
[06:12:05] 🔄 Identity rotated (every 10 requests)
[06:12:05] [329/459] CMRA
[06:12:06] [330/459] DICI
[06:12:08] [331/459] KDIN
[06:12:09] [332/459] PRFI
[06:12:10] [333/459] SVFC
[06:12:11] [334/459] UCPL
[06:12:12] [335/459] COOC
[06:12:12] [336/459] SCAL
[06:12:14] [337/459] SVFF
[06:12:15] [338/459] VCMG
[06:12:16] 🔄 Identity reset
[06:12:16] 🔄 Identity rotated (every 10 requests)
[06:12:16] [339/459] UUCT
[06:12:17] [340/459] GCSE
[06:12:18] [341/459] SUSC
[06:12:20] [342/459] MISC
[06:12:21] [343/459] RMBL
[06:12:22] [344/459] CMXN
[06:12:23] [345/459] PVBK
[06:12:24] [346/459] HHCG
[06:12:25] [347/459] SCAG
[06:12:26] [348/459] CNPR
[06:12:27] 🔄 Identity reset
[06:12:27] 🔄 Identity rotated (every 10 requests)
[06:12:28] [349/459] CSER
[06:12:29] [350/459] HLWD
[06:12:30] [351/459] BOLY
[06:12:32] [352/459] SSPG
[06:12:33] [353/459] MUPX
[06:12:33] [354/459] HAMR
[06:12:34] [355/459] SDNC
[06:12:36] [356/459] RTEN
[06:12:37] [357/459] SDTD
[06:12:39] [358/459] KAWS
[06:12:39] 🔄 Identity reset
[06:12:39] 🔄 Identity rotated (every 10 requests)
[06:12:40] [359/459] CMZX
[06:12:41] [360/459] DCDD
[06:12:42] [361/459] ALSN
[06:12:43] [362/459] IMXS
[06:12:44] [363/459] PVFF
[06:12:45] [364/459] PVOO
[06:12:46] [365/459] CFBS
[06:12:47] [366/459] PVER
[06:12:48] [367/459] PPNX
[06:12:48] [368/459] CNRM
[06:12:49] 🔄 Identity reset
[06:12:49] 🔄 Identity rotated (every 10 requests)
[06:12:50] [369/459] PVWW
[06:12:51] [370/459] INMB
[06:12:52] [371/459] CPJR
[06:12:53] [372/459] INRZ
[06:12:54] [373/459] PMSR
[06:12:55] [374/459] GPGM
[06:12:56] [375/459] PGWB
[06:12:57] [376/459] PMBR
[06:12:58] [377/459] GPAM
[06:12:59] [378/459] INBC
[06:13:00] 🔄 Identity reset
[06:13:00] 🔄 Identity rotated (every 10 requests)
[06:13:00] [379/459] PZVK
[06:13:01] [380/459] CPEB
[06:13:02] [381/459] FMLB
[06:13:04] [382/459] INBG
[06:13:06] [383/459] GPBR
[06:13:07] [384/459] PAAS
[06:13:08] [385/459] VTBR
[06:13:08] [386/459] GPMY
[06:13:09] [387/459] GYBU
[06:13:11] [388/459] INBJ
[06:13:11] 🔄 Identity reset
[06:13:12] 🔄 Identity rotated (every 10 requests)
[06:13:12] [389/459] LKTH
[06:13:13] [390/459] NSBR
[06:13:14] [391/459] PDRD
[06:13:15] [392/459] VRBL
[06:13:17] [393/459] VTGB
[06:13:19] [394/459] VTSK
[06:13:20] [395/459] BKDV
[06:13:21] [396/459] SVTB
[06:13:22] [397/459] MLDT
[06:13:23] [398/459] NRBL
[06:13:23] 🔄 Identity reset
[06:13:23] 🔄 Identity rotated (every 10 requests)
[06:13:24] [399/459] SLTR
[06:13:25] [400/459] VNKA
[06:13:26] [401/459] TDCA
[06:13:27] [402/459] INBM
[06:13:28] [403/459] SSNR
[06:13:29] [404/459] BHAC
[06:13:30] [405/459] SDSD
[06:13:31] [406/459] SAMP
[06:13:31] [407/459] RATK
[06:13:32] [408/459] KCBI
[06:13:33] 🔄 Identity reset
[06:13:33] 🔄 Identity rotated (every 10 requests)
[06:13:34] [409/459] URBL
[06:13:36] [410/459] MKBG
[06:13:37] [411/459] ASTB
[06:13:38] [412/459] VBWT
[06:13:39] [413/459] GPSM
[06:13:40] [414/459] ROON
[06:13:41] [415/459] CHTH
[06:13:43] [416/459] SSPA
[06:13:44] [417/459] ANBL
[06:13:45] [418/459] VTBE
[06:13:46] 🔄 Identity reset
[06:13:46] 🔄 Identity rotated (every 10 requests)
[06:13:47] [419/459] SVKT
[06:13:48] [420/459] SVYK
[06:13:49] [421/459] PTBK
[06:13:50] [422/459] RKTB
[06:13:52] [423/459] BALT
[06:13:53] [424/459] STSV
[06:13:54] [425/459] VCCB
[06:13:54] [426/459] SLTB
[06:13:56] [427/459] SBCR
[06:13:58] [428/459] VDCS
[06:13:58] 🔄 Identity reset
[06:13:58] 🔄 Identity rotated (every 10 requests)
[06:13:59] [429/459] MDKI
[06:14:00] [430/459] SMRN
[06:14:01] [431/459] PTBC
[06:14:02] [432/459] RADI
[06:14:02] [433/459] ADCR
[06:14:03] [434/459] SDCS
[06:14:05] [435/459] SRPJ
[06:14:06] [436/459] ARTS
[06:14:07] [437/459] SRHK
[06:14:08] [438/459] SPAY
[06:14:08] 🔄 Identity reset
[06:14:08] 🔄 Identity rotated (every 10 requests)
[06:14:08] [439/459] GPTB
[06:14:09] [440/459] SNNN
[06:14:10] [441/459] BALJ
[06:14:12] [442/459] TRIG
[06:14:14] [443/459] GTYT
[06:14:14] [444/459] ATGN
[06:14:16] [445/459] ANTE
[06:14:17] [446/459] BDCG
[06:14:18] [447/459] VECI
[06:14:20] [448/459] SCPR
[06:14:20] 🔄 Identity reset
[06:14:20] 🔄 Identity rotated (every 10 requests)
[06:14:21] [449/459] RTEA
[06:14:22] [450/459] JSAI
[06:14:23] [451/459] VJTP
[06:14:24] [452/459] GNDS
[06:14:25] [453/459] PAXA
[06:14:26] [454/459] CGGM
[06:14:27] [455/459] ACKZ
[06:14:29] [456/459] EMCC
[06:14:30] [457/459] KLSK
[06:14:31] [458/459] AVCK
[06:14:32] 🔄 Identity reset
[06:14:32] 🔄 Identity rotated (every 10 requests)
[06:14:32] [459/459] JTCK
[06:14:33] ✅ DONE | Shows=342 | Movies=35
[07:06:27] 🚀 BMS DAILY TRACKER STARTED (enhanced anti‑detection)
[07:06:27] [1/459] NECA
[07:06:28] 🧠 New identity created
[07:06:28] [2/459] BJLC
[07:06:29] [3/459] BASU
[07:06:29] [4/459] RUPI
[07:06:31] [5/459] LCBK
[07:06:31] [6/459] PMAC
[07:06:32] [7/459] AMLC
[07:06:33] [8/459] LICL
[07:06:33] [9/459] UDMM
[07:06:34] [10/459] STBZ
[07:06:34] 🔄 Identity reset
[07:06:34] 🔄 Identity rotated (every 10 requests)
[07:06:35] [11/459] UUBT
[07:06:36] [12/459] SJKC
[07:06:36] [13/459] TUAL
[07:06:37] [14/459] MRSE
[07:06:38] [15/459] RMRK
[07:06:38] [16/459] TTKP
[07:06:39] [17/459] KTKO
[07:06:40] [18/459] SDBK
[07:06:40] [19/459] MCPR
[07:06:41] [20/459] CHTI
[07:06:42] 🔄 Identity reset
[07:06:42] 🔄 Identity rotated (every 10 requests)
[07:06:42] [21/459] GCCP
[07:06:43] [22/459] SRMY
[07:06:43] [23/459] NYST
[07:06:44] [24/459] NYAG
[07:06:44] [25/459] SBMT
[07:06:45] [26/459] INGA
[07:06:46] [27/459] WSIC
[07:06:46] [28/459] SCSS
[07:06:47] [29/459] COPG
[07:06:48] [30/459] RCGR
[07:06:48] 🔄 Identity reset
[07:06:48] 🔄 Identity rotated (every 10 requests)
[07:06:48] [31/459] TCZA
[07:06:49] [32/459] CNLP
[07:06:50] [33/459] CLKN
[07:06:51] [34/459] LHDF
[07:06:52] [35/459] ELKC
[07:06:53] [36/459] VCEM
[07:06:53] [37/459] SSZA
[07:06:55] [38/459] KRMT
[07:06:56] [39/459] LCMV
[07:06:56] [40/459] AYCZ
[07:06:57] 🔄 Identity reset
[07:06:57] 🔄 Identity rotated (every 10 requests)
[07:06:57] [41/459] CUMS
[07:06:58] [42/459] BOCK
[07:06:59] [43/459] PNMR
[07:07:00] [44/459] PJCP
[07:07:00] [45/459] JDDD
[07:07:01] [46/459] STMS
[07:07:01] [47/459] FLMB
[07:07:03] [48/459] PKCM
[07:07:03] [49/459] SPPR
[07:07:04] [50/459] EYLH
[07:07:05] 🔄 Identity reset
[07:07:05] 🔄 Identity rotated (every 10 requests)
[07:07:05] [51/459] RJCC
[07:07:05] [52/459] MMPS
[07:07:06] [53/459] SHMX
[07:07:07] [54/459] CCNL
[07:07:08] [55/459] RCNV
[07:07:08] [56/459] MAAG
[07:07:09] [57/459] LXCM
[07:07:09] [58/459] RCNI
[07:07:10] [59/459] SNNI
[07:07:11] [60/459] LALC
[07:07:11] 🔄 Identity reset
[07:07:11] 🔄 Identity rotated (every 10 requests)
[07:07:11] [61/459] SOCN
[07:07:13] [62/459] JHTP
[07:07:14] [63/459] PITP
[07:07:16] [64/459] CCKW
[07:07:17] [65/459] MCMC
[07:07:17] [66/459] DEES
[07:07:18] [67/459] SABT
[07:07:19] [68/459] VSPP
[07:07:20] [69/459] ABCT
[07:07:20] [70/459] JVTB
[07:07:21] 🔄 Identity reset
[07:07:21] 🔄 Identity rotated (every 10 requests)
[07:07:21] 🔄 Retry 1/5 for JVTB in 2.3s
[07:07:21] 🔄 Identity reset
[07:07:23] 🧠 New identity created
[07:07:23] [71/459] VCBD
[07:07:24] [72/459] RMGG
[07:07:25] [73/459] RNMH
[07:07:25] [74/459] SPGL
[07:07:26] [75/459] JTTR
[07:07:27] [76/459] SICS
[07:07:27] [77/459] SRMI
[07:07:29] [78/459] SSIJ
[07:07:30] [79/459] KFMT
[07:07:30] 🔄 Identity reset
[07:07:30] 🔄 Identity rotated (every 10 requests)
[07:07:31] [80/459] VBIT
[07:07:31] [81/459] JKCT
[07:07:32] [82/459] GCGP
[07:07:32] [83/459] GDCS
[07:07:33] [84/459] TRBA
[07:07:34] [85/459] QUST
[07:07:34] [86/459] VSHM
[07:07:35] [87/459] SDCP
[07:07:35] [88/459] SNVS
[07:07:37] [89/459] NYTO
[07:07:38] 🔄 Identity reset
[07:07:38] 🔄 Identity rotated (every 10 requests)
[07:07:38] [90/459] URWC
[07:07:39] [91/459] GTWH
[07:07:40] [92/459] PFCM
[07:07:41] [93/459] KRTA
[07:07:41] [94/459] AXMC
[07:07:43] [95/459] EVMC
[07:07:44] [96/459] HGSM
[07:07:45] [97/459] ACVM
[07:07:46] [98/459] PSKL
[07:07:46] [99/459] RDMP
[07:07:47] 🔄 Identity reset
[07:07:47] 🔄 Identity rotated (every 10 requests)
[07:07:47] [100/459] RHGH
[07:07:48] [101/459] OMCM
[07:07:48] [102/459] DCCP
[07:07:50] [103/459] MCPB
[07:07:51] [104/459] ALCI
[07:07:51] [105/459] BLMX
[07:07:52] [106/459] BTMV
[07:07:53] [107/459] FVPN
[07:07:54] [108/459] CMAR
[07:07:55] [109/459] CEIM
[07:07:56] 🔄 Identity reset
[07:07:56] 🔄 Identity rotated (every 10 requests)
[07:07:56] [110/459] CMVA
[07:07:58] [111/459] CPIV
[07:07:59] [112/459] CNPE
[07:08:00] [113/459] COLV
[07:08:01] [114/459] DNNV
[07:08:02] [115/459] HCAD
[07:08:04] [116/459] TAKA
[07:08:04] [117/459] INVD
[07:08:05] [118/459] IRMM
[07:08:06] [119/459] INSE
[07:08:07] 🔄 Identity reset
[07:08:07] 🔄 Identity rotated (every 10 requests)
[07:08:07] [120/459] MRSW
[07:08:08] [121/459] MCVD
[07:08:08] [122/459] MCSO
[07:08:09] [123/459] PEVM
[07:08:10] [124/459] PVNL
[07:08:10] [125/459] PTCV
[07:08:11] [126/459] PRTC
[07:08:11] [127/459] RCVA
[07:08:12] [128/459] MTBN
[07:08:13] [129/459] LUCP
[07:08:13] 🔄 Identity reset
[07:08:14] 🔄 Identity rotated (every 10 requests)
[07:08:14] [130/459] FMPT
[07:08:15] [131/459] JLSL
[07:08:16] [132/459] SBHA
[07:08:17] [133/459] SHRC
[07:08:18] [134/459] AVPS
[07:08:18] [135/459] STPM
[07:08:19] [136/459] ATRD
[07:08:19] [137/459] VTED
[07:08:21] [138/459] ACAI
[07:08:22] [139/459] SMAE
[07:08:23] 🔄 Identity reset
[07:08:23] 🔄 Identity rotated (every 10 requests)
[07:08:23] [140/459] VMAT
[07:08:23] [141/459] LKCT
[07:08:24] [142/459] JTVK
[07:08:26] [143/459] PRTY
[07:08:26] [144/459] GETT
[07:08:27] [145/459] ESAP
[07:08:28] [146/459] NCPM
[07:08:29] [147/459] PCPA
[07:08:30] [148/459] MMOM
[07:08:31] [149/459] PHUP
[07:08:31] 🔄 Identity reset
[07:08:31] 🔄 Identity rotated (every 10 requests)
[07:08:31] [150/459] CCPI
[07:08:32] [151/459] CNTD
[07:08:33] [152/459] NLJR
[07:08:33] [153/459] SRNG
[07:08:34] [154/459] MHAL
[07:08:35] [155/459] PNSM
[07:08:35] [156/459] DRMY
[07:08:36] [157/459] CCMU
[07:08:38] [158/459] SCMY
[07:08:38] [159/459] PVSY
[07:08:39] 🔄 Identity reset
[07:08:39] 🔄 Identity rotated (every 10 requests)
[07:08:39] [160/459] SDLM
[07:08:40] [161/459] ICCM
[07:08:40] [162/459] PYSU
[07:08:41] [163/459] GATM
[07:08:42] [164/459] WOTM
[07:08:43] [165/459] RKTS
[07:08:43] [166/459] PMTY
[07:08:44] [167/459] LYMS
[07:08:45] [168/459] TGCA
[07:08:45] [169/459] DSTA
[07:08:46] 🔄 Identity reset
[07:08:46] 🔄 Identity rotated (every 10 requests)
[07:08:46] 🔄 Retry 1/5 for DSTA in 2.8s
[07:08:46] 🔄 Identity reset
[07:08:48] 🧠 New identity created
[07:08:49] [170/459] CNGE
[07:08:50] [171/459] VSTG
[07:08:51] [172/459] GTCK
[07:08:52] [173/459] TGNT
[07:08:52] [174/459] ASLC
[07:08:53] [175/459] SSST
[07:08:54] [176/459] KBTT
[07:08:54] [177/459] HKCP
[07:08:56] [178/459] SWLC
[07:08:57] 🔄 Identity reset
[07:08:57] 🔄 Identity rotated (every 10 requests)
[07:08:57] [179/459] RTND
[07:08:57] [180/459] PKKT
[07:08:58] [181/459] HSTK
[07:08:59] [182/459] SPTT
[07:08:59] [183/459] IMPM
[07:09:00] [184/459] SCMV
[07:09:01] [185/459] SPCT
[07:09:01] [186/459] JBCA
[07:09:02] [187/459] ATTR
[07:09:03] [188/459] SPMT
[07:09:03] 🔄 Identity reset
[07:09:03] 🔄 Identity rotated (every 10 requests)
[07:09:03] [189/459] LCTM
[07:09:04] [190/459] SCVL
[07:09:05] [191/459] SCVT
[07:09:05] [192/459] KRIC
[07:09:06] [193/459] CTMG
[07:09:07] [194/459] ACNC
[07:09:08] [195/459] DMCK
[07:09:09] [196/459] KMTV
[07:09:09] [197/459] PFCJ
[07:09:10] [198/459] VNMD
[07:09:11] 🔄 Identity reset
[07:09:11] 🔄 Identity rotated (every 10 requests)
[07:09:11] 🔄 Retry 1/5 for VNMD in 2.7s
[07:09:11] 🔄 Identity reset
[07:09:13] 🧠 New identity created
[07:09:13] [199/459] VPCZ
[07:09:14] [200/459] SRYR
[07:09:15] [201/459] SYTR
[07:09:15] [202/459] GATR
[07:09:16] [203/459] URTR
[07:09:17] [204/459] MKSM
[07:09:17] [205/459] VSMH
[07:09:18] [206/459] SKRJ
[07:09:18] [207/459] SSJR
[07:09:19] 🔄 Identity reset
[07:09:19] 🔄 Identity rotated (every 10 requests)
[07:09:19] 🔄 Retry 1/5 for SSJR in 2.1s
[07:09:19] 🔄 Identity reset
[07:09:21] 🧠 New identity created
[07:09:21] [208/459] SVSM
[07:09:22] [209/459] RUCM
[07:09:23] [210/459] PRKN
[07:09:23] [211/459] RROH
[07:09:24] [212/459] SCTN
[07:09:24] [213/459] RTDM
[07:09:25] [214/459] ASRM
[07:09:26] [215/459] SKMD
[07:09:27] [216/459] SUTD
[07:09:27] 🔄 Identity reset
[07:09:27] 🔄 Identity rotated (every 10 requests)
[07:09:28] [217/459] SADM
[07:09:29] [218/459] WCNR
[07:09:29] [219/459] CNED
[07:09:30] [220/459] MPDB
[07:09:31] [221/459] KTBH
[07:09:31] [222/459] IDRM
[07:09:32] [223/459] PJJT
[07:09:32] [224/459] PFCV
[07:09:33] [225/459] AACT
[07:09:34] [226/459] AAAD
[07:09:35] 🔄 Identity reset
[07:09:35] 🔄 Identity rotated (every 10 requests)
[07:09:35] [227/459] ANES
[07:09:37] [228/459] MNCA
[07:09:38] [229/459] RMGU
[07:09:38] [230/459] DLCN
[07:09:40] [231/459] LJWT
[07:09:40] [232/459] MCBG
[07:09:41] [233/459] MYBG
[07:09:42] [234/459] GCCA
[07:09:42] [235/459] GCGA
[07:09:43] [236/459] ECGN
[07:09:44] 🔄 Identity reset
[07:09:44] 🔄 Identity rotated (every 10 requests)
[07:09:44] [237/459] PRAB
[07:09:46] [238/459] PNMP
[07:09:46] [239/459] GCPT
[07:09:47] [240/459] ROYN
[07:09:48] [241/459] VATM
[07:09:49] [242/459] KSNT
[07:09:49] [243/459] ACTC
[07:09:50] [244/459] PLTD
[07:09:51] [245/459] SKMK
[07:09:51] [246/459] CMTT
[07:09:52] 🔄 Identity reset
[07:09:52] 🔄 Identity rotated (every 10 requests)
[07:09:52] [247/459] SMXP
[07:09:53] [248/459] SCMX
[07:09:53] [249/459] ACXN
[07:09:54] [250/459] ASWT
[07:09:55] [251/459] VVVL
[07:09:55] [252/459] NAGO
[07:09:56] [253/459] SNCN
[07:09:56] [254/459] MCKP
[07:09:57] [255/459] SAMO
[07:09:58] [256/459] JBTV
[07:09:59] 🔄 Identity reset
[07:09:59] 🔄 Identity rotated (every 10 requests)
[07:10:00] [257/459] DCVV
[07:10:01] [258/459] KMSV
[07:10:03] [259/459] KDCN
[07:10:04] [260/459] CNCP
[07:10:05] [261/459] HAMC
[07:10:06] [262/459] CCVZ
[07:10:06] [263/459] NCCK
[07:10:07] [264/459] MCHR
[07:10:09] [265/459] SCHT
[07:10:09] [266/459] ESSH
[07:10:10] 🔄 Identity reset
[07:10:10] 🔄 Identity rotated (every 10 requests)
[07:10:10] [267/459] CUJC
[07:10:10] [268/459] PECP
[07:10:11] [269/459] PMMI
[07:10:12] [270/459] PCCH
[07:10:12] [271/459] PRPM
[07:10:13] [272/459] PVKL
[07:10:14] [273/459] CBSM
[07:10:16] [274/459] PVCZ
[07:10:16] [275/459] PCVV
[07:10:17] [276/459] CTMJ
[07:10:17] 🔄 Identity reset
[07:10:17] 🔄 Identity rotated (every 10 requests)
[07:10:18] [277/459] RCPS
[07:10:19] [278/459] PCIT
[07:10:19] [279/459] FNCH
[07:10:20] [280/459] INZD
[07:10:21] [281/459] INPC
[07:10:22] [282/459] LCZP
[07:10:22] [283/459] SMCB
[07:10:23] [284/459] PTSB
[07:10:24] [285/459] TPSI
[07:10:24] [286/459] KHMJ
[07:10:25] 🔄 Identity reset
[07:10:25] 🔄 Identity rotated (every 10 requests)
[07:10:25] [287/459] RCCJ
[07:10:26] [288/459] NCJA
[07:10:27] [289/459] NCJN
[07:10:28] [290/459] BTDP
[07:10:29] [291/459] PADY
[07:10:30] [292/459] NYBH
[07:10:31] [293/459] MTBR
[07:10:31] [294/459] KRBC
[07:10:32] [295/459] DKTI
[07:10:33] [296/459] ANAN
[07:10:33] 🔄 Identity reset
[07:10:33] 🔄 Identity rotated (every 10 requests)
[07:10:34] [297/459] INBP
[07:10:35] [298/459] PATB
[07:10:37] [299/459] RGNT
[07:10:38] [300/459] CGPM
[07:10:39] [301/459] INTN
[07:10:40] [302/459] MCMP
[07:10:40] [303/459] ASRG
[07:10:42] [304/459] CXJD
[07:10:42] [305/459] SPCP
[07:10:43] [306/459] CSTP
[07:10:43] 🔄 Identity reset
[07:10:43] 🔄 Identity rotated (every 10 requests)
[07:10:44] [307/459] PKVC
[07:10:45] [308/459] ESCP
[07:10:46] [309/459] CAEP
[07:10:47] [310/459] CCSP
[07:10:47] [311/459] KTPC
[07:10:48] [312/459] DACA
[07:10:49] [313/459] NVKY
[07:10:50] [314/459] PTIN
[07:10:51] [315/459] SCIN
[07:10:51] [316/459] MCTY
[07:10:52] 🔄 Identity reset
[07:10:52] 🔄 Identity rotated (every 10 requests)
[07:10:52] [317/459] PCMX
[07:10:53] [318/459] INIC
[07:10:54] [319/459] MMZM
[07:10:54] [320/459] SSLP
[07:10:55] [321/459] DTDT
[07:10:56] [322/459] FFCX
[07:10:56] [323/459] RCMM
[07:10:57] [324/459] KYID
[07:10:58] [325/459] CSCI
[07:10:59] [326/459] FCMC
[07:10:59] 🔄 Identity reset
[07:10:59] 🔄 Identity rotated (every 10 requests)
[07:11:00] [327/459] MMXI
[07:11:01] [328/459] ASTC
[07:11:01] [329/459] CMRA
[07:11:02] [330/459] DICI
[07:11:03] [331/459] KDIN
[07:11:03] [332/459] PRFI
[07:11:04] [333/459] SVFC
[07:11:05] [334/459] UCPL
[07:11:05] [335/459] COOC
[07:11:06] [336/459] SCAL
[07:11:07] 🔄 Identity reset
[07:11:07] 🔄 Identity rotated (every 10 requests)
[07:11:07] [337/459] SVFF
[07:11:08] [338/459] VCMG
[07:11:08] [339/459] UUCT
[07:11:09] [340/459] GCSE
[07:11:10] [341/459] SUSC
[07:11:11] [342/459] MISC
[07:11:12] [343/459] RMBL
[07:11:13] [344/459] CMXN
[07:11:14] [345/459] PVBK
[07:11:15] [346/459] HHCG
[07:11:16] 🔄 Identity reset
[07:11:16] 🔄 Identity rotated (every 10 requests)
[07:11:17] [347/459] SCAG
[07:11:18] [348/459] CNPR
[07:11:18] [349/459] CSER
[07:11:19] [350/459] HLWD
[07:11:20] [351/459] BOLY
[07:11:22] [352/459] SSPG
[07:11:23] [353/459] MUPX
[07:11:24] [354/459] HAMR
[07:11:24] [355/459] SDNC
[07:11:26] [356/459] RTEN
[07:11:26] 🔄 Identity reset
[07:11:26] 🔄 Identity rotated (every 10 requests)
[07:11:26] 🔄 Retry 1/5 for RTEN in 2.6s
[07:11:26] 🔄 Identity reset
[07:11:29] 🧠 New identity created
[07:11:29] [357/459] SDTD
[07:11:31] [358/459] KAWS
[07:11:32] [359/459] CMZX
[07:11:33] [360/459] DCDD
[07:11:33] [361/459] ALSN
[07:11:35] [362/459] IMXS
[07:11:36] [363/459] PVFF
[07:11:37] [364/459] PVOO
[07:11:37] [365/459] CFBS
[07:11:38] 🔄 Identity reset
[07:11:38] 🔄 Identity rotated (every 10 requests)
[07:11:38] [366/459] PVER
[07:11:39] [367/459] PPNX
[07:11:39] [368/459] CNRM
[07:11:41] [369/459] PVWW
[07:11:42] [370/459] INMB
[07:11:43] [371/459] CPJR
[07:11:44] [372/459] INRZ
[07:11:45] [373/459] PMSR
[07:11:46] [374/459] GPGM
[07:11:46] [375/459] PGWB
[07:11:47] 🔄 Identity reset
[07:11:47] 🔄 Identity rotated (every 10 requests)
[07:11:47] [376/459] PMBR
[07:11:49] [377/459] GPAM
[07:11:49] [378/459] INBC
[07:11:50] [379/459] PZVK
[07:11:51] [380/459] CPEB
[07:11:53] [381/459] FMLB
[07:11:54] [382/459] INBG
[07:11:55] [383/459] GPBR
[07:11:56] [384/459] PAAS
[07:11:58] [385/459] VTBR
[07:11:58] 🔄 Identity reset
[07:11:58] 🔄 Identity rotated (every 10 requests)
[07:11:59] [386/459] GPMY
[07:12:00] [387/459] GYBU
[07:12:01] [388/459] INBJ
[07:12:02] [389/459] LKTH
[07:12:03] [390/459] NSBR
[07:12:04] [391/459] PDRD
[07:12:05] [392/459] VRBL
[07:12:07] [393/459] VTGB
[07:12:08] [394/459] VTSK
[07:12:09] [395/459] BKDV
[07:12:10] 🔄 Identity reset
[07:12:10] 🔄 Identity rotated (every 10 requests)
[07:12:10] [396/459] SVTB
[07:12:11] [397/459] MLDT
[07:12:12] [398/459] NRBL
[07:12:13] [399/459] SLTR
[07:12:13] [400/459] VNKA
[07:12:15] [401/459] TDCA
[07:12:15] [402/459] INBM
[07:12:16] [403/459] SSNR
[07:12:17] [404/459] BHAC
[07:12:18] [405/459] SDSD
[07:12:18] 🔄 Identity reset
[07:12:18] 🔄 Identity rotated (every 10 requests)
[07:12:18] 🔄 Retry 1/5 for SDSD in 2.8s
[07:12:18] 🔄 Identity reset
[07:12:21] 🧠 New identity created
[07:12:21] [406/459] SAMP
[07:12:22] [407/459] RATK
[07:12:23] [408/459] KCBI
[07:12:24] [409/459] URBL
[07:12:25] [410/459] MKBG
[07:12:25] [411/459] ASTB
[07:12:26] [412/459] VBWT
[07:12:27] [413/459] GPSM
[07:12:28] [414/459] ROON
[07:12:29] 🔄 Identity reset
[07:12:29] 🔄 Identity rotated (every 10 requests)
[07:12:30] [415/459] CHTH
[07:12:31] [416/459] SSPA
[07:12:32] [417/459] ANBL
[07:12:32] [418/459] VTBE
[07:12:33] [419/459] SVKT
[07:12:34] [420/459] SVYK
[07:12:35] [421/459] PTBK
[07:12:36] [422/459] RKTB
[07:12:37] [423/459] BALT
[07:12:38] [424/459] STSV
[07:12:38] 🔄 Identity reset
[07:12:39] 🔄 Identity rotated (every 10 requests)
[07:12:39] [425/459] VCCB
[07:12:40] [426/459] SLTB
[07:12:41] [427/459] SBCR
[07:12:43] [428/459] VDCS
[07:12:44] [429/459] MDKI
[07:12:45] [430/459] SMRN
[07:12:46] [431/459] PTBC
[07:12:47] [432/459] RADI
[07:12:48] [433/459] ADCR
[07:12:49] [434/459] SDCS
[07:12:50] 🔄 Identity reset
[07:12:50] 🔄 Identity rotated (every 10 requests)
[07:12:50] 🔄 Retry 1/5 for SDCS in 2.4s
[07:12:50] 🔄 Identity reset
[07:12:52] 🧠 New identity created
[07:12:52] [435/459] SRPJ
[07:12:53] [436/459] ARTS
[07:12:53] [437/459] SRHK
[07:12:54] [438/459] SPAY
[07:12:55] [439/459] GPTB
[07:12:56] [440/459] SNNN
[07:12:57] [441/459] BALJ
[07:12:58] [442/459] TRIG
[07:13:00] [443/459] GTYT
[07:13:00] 🔄 Identity reset
[07:13:00] 🔄 Identity rotated (every 10 requests)
[07:13:00] [444/459] ATGN
[07:13:02] [445/459] ANTE
[07:13:03] [446/459] BDCG
[07:13:04] [447/459] VECI
[07:13:06] [448/459] SCPR
[07:13:06] [449/459] RTEA
[07:13:07] [450/459] JSAI
[07:13:08] [451/459] VJTP
[07:13:09] [452/459] GNDS
[07:13:10] [453/459] PAXA
[07:13:10] 🔄 Identity reset
[07:13:10] 🔄 Identity rotated (every 10 requests)
[07:13:11] [454/459] CGGM
[07:13:12] [455/459] ACKZ
[07:13:14] [456/459] EMCC
[07:13:14] [457/459] KLSK
[07:13:16] [458/459] AVCK
[07:13:17] [459/459] JTCK
[07:13:17] ✅ DONE | Shows=675 | Movies=50
[08:06:32] 🚀 BMS DAILY TRACKER STARTED (enhanced anti‑detection)
[08:06:32] [1/459] NECA
[08:06:32] 🧠 New identity created
[08:06:33] [2/459] BJLC
[08:06:34] [3/459] BASU
[08:06:35] [4/459] RUPI
[08:06:37] [5/459] LCBK
[08:06:38] [6/459] PMAC
[08:06:39] [7/459] AMLC
[08:06:40] [8/459] LICL
[08:06:42] [9/459] UDMM
[08:06:44] [10/459] STBZ
[08:06:44] 🔄 Identity reset
[08:06:44] 🔄 Identity rotated (every 10 requests)
[08:06:45] [11/459] UUBT
[08:06:46] [12/459] SJKC
[08:06:48] [13/459] TUAL
[08:06:48] [14/459] MRSE
[08:06:50] [15/459] RMRK
[08:06:51] [16/459] TTKP
[08:06:52] [17/459] KTKO
[08:06:53] [18/459] SDBK
[08:06:54] [19/459] MCPR
[08:06:55] [20/459] CHTI
[08:06:55] 🔄 Identity reset
[08:06:55] 🔄 Identity rotated (every 10 requests)
[08:06:56] [21/459] GCCP
[08:06:57] [22/459] SRMY
[08:06:58] [23/459] NYST
[08:06:59] [24/459] NYAG
[08:07:00] [25/459] SBMT
[08:07:01] [26/459] INGA
[08:07:02] [27/459] WSIC
[08:07:03] [28/459] SCSS
[08:07:04] [29/459] COPG
[08:07:05] [30/459] RCGR
[08:07:05] 🔄 Identity reset
[08:07:05] 🔄 Identity rotated (every 10 requests)
[08:07:05] [31/459] TCZA
[08:07:06] [32/459] CNLP
[08:07:07] [33/459] CLKN
[08:07:08] [34/459] LHDF
[08:07:09] [35/459] ELKC
[08:07:10] [36/459] VCEM
[08:07:11] [37/459] SSZA
[08:07:12] [38/459] KRMT
[08:07:14] [39/459] LCMV
[08:07:15] [40/459] AYCZ
[08:07:15] 🔄 Identity reset
[08:07:15] 🔄 Identity rotated (every 10 requests)
[08:07:16] [41/459] CUMS
[08:07:17] [42/459] BOCK
[08:07:19] [43/459] PNMR
[08:07:20] [44/459] PJCP
[08:07:21] [45/459] JDDD
[08:07:22] [46/459] STMS
[08:07:23] [47/459] FLMB
[08:07:25] [48/459] PKCM
[08:07:26] [49/459] SPPR
[08:07:27] [50/459] EYLH
[08:07:27] 🔄 Identity reset
[08:07:27] 🔄 Identity rotated (every 10 requests)
[08:07:27] [51/459] RJCC
[08:07:28] [52/459] MMPS
[08:07:30] [53/459] SHMX
[08:07:31] [54/459] CCNL
[08:07:32] [55/459] RCNV
[08:07:33] [56/459] MAAG
[08:07:34] [57/459] LXCM
[08:07:35] [58/459] RCNI
[08:07:36] [59/459] SNNI
[08:07:37] [60/459] LALC
[08:07:38] 🔄 Identity reset
[08:07:38] 🔄 Identity rotated (every 10 requests)
[08:07:38] [61/459] SOCN
[08:07:39] [62/459] JHTP
[08:07:40] [63/459] PITP
[08:07:41] [64/459] CCKW
[08:07:42] [65/459] MCMC
[08:07:43] [66/459] DEES
[08:07:44] [67/459] SABT
[08:07:45] [68/459] VSPP
[08:07:47] [69/459] ABCT
[08:07:48] [70/459] JVTB
[08:07:49] 🔄 Identity reset
[08:07:49] 🔄 Identity rotated (every 10 requests)
[08:07:50] [71/459] VCBD
[08:07:51] [72/459] RMGG
[08:07:53] [73/459] RNMH
[08:07:54] [74/459] SPGL
[08:07:55] [75/459] JTTR
[08:07:56] [76/459] SICS
[08:07:58] [77/459] SRMI
[08:07:59] [78/459] SSIJ
[08:08:00] [79/459] KFMT
[08:08:02] [80/459] VBIT
[08:08:02] 🔄 Identity reset
[08:08:02] 🔄 Identity rotated (every 10 requests)
[08:08:03] [81/459] JKCT
[08:08:04] [82/459] GCGP
[08:08:05] [83/459] GDCS
[08:08:07] [84/459] TRBA
[08:08:08] [85/459] QUST
[08:08:09] [86/459] VSHM
[08:08:10] [87/459] SDCP
[08:08:11] [88/459] SNVS
[08:08:13] [89/459] NYTO
[08:08:15] [90/459] URWC
[08:08:15] 🔄 Identity reset
[08:08:15] 🔄 Identity rotated (every 10 requests)
[08:08:16] [91/459] GTWH
[08:08:17] [92/459] PFCM
[08:08:18] [93/459] KRTA
[08:08:19] [94/459] AXMC
[08:08:20] [95/459] EVMC
[08:08:20] [96/459] HGSM
[08:08:22] [97/459] ACVM
[08:08:23] [98/459] PSKL
[08:08:24] [99/459] RDMP
[08:08:25] [100/459] RHGH
[08:08:26] 🔄 Identity reset
[08:08:26] 🔄 Identity rotated (every 10 requests)
[08:08:26] [101/459] OMCM
[08:08:27] [102/459] DCCP
[08:08:28] [103/459] MCPB
[08:08:29] [104/459] ALCI
[08:08:29] [105/459] BLMX
[08:08:30] [106/459] BTMV
[08:08:32] [107/459] FVPN
[08:08:33] [108/459] CMAR
[08:08:34] [109/459] CEIM
[08:08:35] [110/459] CMVA
[08:08:36] 🔄 Identity reset
[08:08:36] 🔄 Identity rotated (every 10 requests)
[08:08:37] [111/459] CPIV
[08:08:38] [112/459] CNPE
[08:08:39] [113/459] COLV
[08:08:41] [114/459] DNNV
[08:08:42] [115/459] HCAD
[08:08:43] [116/459] TAKA
[08:08:44] [117/459] INVD
[08:08:45] [118/459] IRMM
[08:08:46] [119/459] INSE
[08:08:47] [120/459] MRSW
[08:08:48] 🔄 Identity reset
[08:08:48] 🔄 Identity rotated (every 10 requests)
[08:08:48] [121/459] MCVD
[08:08:49] [122/459] MCSO
[08:08:50] [123/459] PEVM
[08:08:51] [124/459] PVNL
[08:08:52] [125/459] PTCV
[08:08:53] [126/459] PRTC
[08:08:54] [127/459] RCVA
[08:08:56] [128/459] MTBN
[08:08:57] [129/459] LUCP
[08:08:58] [130/459] FMPT
[08:08:59] 🔄 Identity reset
[08:08:59] 🔄 Identity rotated (every 10 requests)
[08:08:59] 🔄 Retry 1/5 for FMPT in 2.5s
[08:08:59] 🔄 Identity reset
[08:09:01] 🧠 New identity created
[08:09:02] [131/459] JLSL
[08:09:03] [132/459] SBHA
[08:09:04] [133/459] SHRC
[08:09:05] [134/459] AVPS
[08:09:06] [135/459] STPM
[08:09:07] [136/459] ATRD
[08:09:08] [137/459] VTED
[08:09:09] [138/459] ACAI
[08:09:11] [139/459] SMAE
[08:09:11] 🔄 Identity reset
[08:09:11] 🔄 Identity rotated (every 10 requests)
[08:09:12] [140/459] VMAT
[08:09:13] [141/459] LKCT
[08:09:14] [142/459] JTVK
[08:09:16] [143/459] PRTY
[08:09:16] [144/459] GETT
[08:09:17] [145/459] ESAP
[08:09:19] [146/459] NCPM
[08:09:21] [147/459] PCPA
[08:09:22] [148/459] MMOM
[08:09:23] [149/459] PHUP
[08:09:24] 🔄 Identity reset
[08:09:24] 🔄 Identity rotated (every 10 requests)
[08:09:24] [150/459] CCPI
[08:09:25] [151/459] CNTD
[08:09:27] [152/459] NLJR
[08:09:28] [153/459] SRNG
[08:09:29] [154/459] MHAL
[08:09:30] [155/459] PNSM
[08:09:31] [156/459] DRMY
[08:09:32] [157/459] CCMU
[08:09:34] [158/459] SCMY
[08:09:35] [159/459] PVSY
[08:09:36] 🔄 Identity reset
[08:09:36] 🔄 Identity rotated (every 10 requests)
[08:09:37] [160/459] SDLM
[08:09:38] [161/459] ICCM
[08:09:39] [162/459] PYSU
[08:09:40] [163/459] GATM
[08:09:40] [164/459] WOTM
[08:09:41] [165/459] RKTS
[08:09:42] [166/459] PMTY
[08:09:43] [167/459] LYMS
[08:09:44] [168/459] TGCA
[08:09:45] [169/459] DSTA
[08:09:46] 🔄 Identity reset
[08:09:46] 🔄 Identity rotated (every 10 requests)
[08:09:47] [170/459] CNGE
[08:09:48] [171/459] VSTG
[08:09:49] [172/459] GTCK
[08:09:50] [173/459] TGNT
[08:09:51] [174/459] ASLC
[08:09:52] [175/459] SSST
[08:09:54] [176/459] KBTT
[08:09:55] [177/459] HKCP
[08:09:56] [178/459] SWLC
[08:09:57] [179/459] RTND
[08:09:58] 🔄 Identity reset
[08:09:58] 🔄 Identity rotated (every 10 requests)
[08:09:58] [180/459] PKKT
[08:09:59] [181/459] HSTK
[08:10:00] [182/459] SPTT
[08:10:01] [183/459] IMPM
[08:10:02] [184/459] SCMV
[08:10:03] [185/459] SPCT
[08:10:05] [186/459] JBCA
[08:10:07] [187/459] ATTR
[08:10:08] [188/459] SPMT
[08:10:10] [189/459] LCTM
[08:10:10] 🔄 Identity reset
[08:10:10] 🔄 Identity rotated (every 10 requests)
[08:10:11] [190/459] SCVL
[08:10:12] [191/459] SCVT
[08:10:13] [192/459] KRIC
[08:10:14] [193/459] CTMG
[08:10:15] [194/459] ACNC
[08:10:15] [195/459] DMCK
[08:10:16] [196/459] KMTV
[08:10:17] [197/459] PFCJ
[08:10:19] [198/459] VNMD
[08:10:20] [199/459] VPCZ
[08:10:21] 🔄 Identity reset
[08:10:21] 🔄 Identity rotated (every 10 requests)
[08:10:21] 🔄 Retry 1/5 for VPCZ in 2.7s
[08:10:21] 🔄 Identity reset
[08:10:24] 🧠 New identity created
[08:10:24] [200/459] SRYR
[08:10:25] [201/459] SYTR
[08:10:26] [202/459] GATR
[08:10:26] [203/459] URTR
[08:10:27] [204/459] MKSM
[08:10:29] [205/459] VSMH
[08:10:30] [206/459] SKRJ
[08:10:31] [207/459] SSJR
[08:10:32] [208/459] SVSM
[08:10:32] 🔄 Identity reset
[08:10:32] 🔄 Identity rotated (every 10 requests)
[08:10:33] [209/459] RUCM
[08:10:34] [210/459] PRKN
[08:10:35] [211/459] RROH
[08:10:36] [212/459] SCTN
[08:10:37] [213/459] RTDM
[08:10:38] [214/459] ASRM
[08:10:39] [215/459] SKMD
[08:10:40] [216/459] SUTD
[08:10:41] [217/459] SADM
[08:10:42] [218/459] WCNR
[08:10:42] 🔄 Identity reset
[08:10:43] 🔄 Identity rotated (every 10 requests)
[08:10:43] [219/459] CNED
[08:10:44] [220/459] MPDB
[08:10:44] [221/459] KTBH
[08:10:46] [222/459] IDRM
[08:10:47] [223/459] PJJT
[08:10:48] [224/459] PFCV
[08:10:49] [225/459] AACT
[08:10:50] [226/459] AAAD
[08:10:51] [227/459] ANES
[08:10:52] [228/459] MNCA
[08:10:52] 🔄 Identity reset
[08:10:52] 🔄 Identity rotated (every 10 requests)
[08:10:53] [229/459] RMGU
[08:10:54] [230/459] DLCN
[08:10:55] [231/459] LJWT
[08:10:56] [232/459] MCBG
[08:10:57] [233/459] MYBG
[08:10:58] [234/459] GCCA
[08:10:59] [235/459] GCGA
[08:10:59] [236/459] ECGN
[08:11:00] [237/459] PRAB
[08:11:02] [238/459] PNMP
[08:11:02] 🔄 Identity reset
[08:11:02] 🔄 Identity rotated (every 10 requests)
[08:11:02] [239/459] GCPT
[08:11:04] [240/459] ROYN
[08:11:05] [241/459] VATM
[08:11:06] [242/459] KSNT
[08:11:08] [243/459] ACTC
[08:11:09] [244/459] PLTD
[08:11:09] [245/459] SKMK
[08:11:10] [246/459] CMTT
[08:11:11] [247/459] SMXP
[08:11:12] [248/459] SCMX
[08:11:12] 🔄 Identity reset
[08:11:12] 🔄 Identity rotated (every 10 requests)
[08:11:13] [249/459] ACXN
[08:11:14] [250/459] ASWT
[08:11:15] [251/459] VVVL
[08:11:16] [252/459] NAGO
[08:11:17] [253/459] SNCN
[08:11:18] [254/459] MCKP
[08:11:18] [255/459] SAMO
[08:11:19] [256/459] JBTV
[08:11:21] [257/459] DCVV
[08:11:22] [258/459] KMSV
[08:11:22] 🔄 Identity reset
[08:11:22] 🔄 Identity rotated (every 10 requests)
[08:11:22] 🔄 Retry 1/5 for KMSV in 2.7s
[08:11:22] 🔄 Identity reset
[08:11:25] 🧠 New identity created
[08:11:26] [259/459] KDCN
[08:11:27] [260/459] CNCP
[08:11:28] [261/459] HAMC
[08:11:29] [262/459] CCVZ
[08:11:30] [263/459] NCCK
[08:11:31] [264/459] MCHR
[08:11:33] [265/459] SCHT
[08:11:33] [266/459] ESSH
[08:11:34] [267/459] CUJC
[08:11:35] 🔄 Identity reset
[08:11:35] 🔄 Identity rotated (every 10 requests)
[08:11:36] [268/459] PECP
[08:11:37] [269/459] PMMI
[08:11:38] [270/459] PCCH
[08:11:39] [271/459] PRPM
[08:11:40] [272/459] PVKL
[08:11:41] [273/459] CBSM
[08:11:43] [274/459] PVCZ
[08:11:43] [275/459] PCVV
[08:11:45] [276/459] CTMJ
[08:11:46] [277/459] RCPS
[08:11:46] 🔄 Identity reset
[08:11:46] 🔄 Identity rotated (every 10 requests)
[08:11:47] [278/459] PCIT
[08:11:47] [279/459] FNCH
[08:11:48] [280/459] INZD
[08:11:49] [281/459] INPC
[08:11:50] [282/459] LCZP
[08:11:51] [283/459] SMCB
[08:11:52] [284/459] PTSB
[08:11:53] [285/459] TPSI
[08:11:55] [286/459] KHMJ
[08:11:55] [287/459] RCCJ
[08:11:56] 🔄 Identity reset
[08:11:56] 🔄 Identity rotated (every 10 requests)
[08:11:56] [288/459] NCJA
[08:11:57] [289/459] NCJN
[08:11:58] [290/459] BTDP
[08:12:00] [291/459] PADY
[08:12:01] [292/459] NYBH
[08:12:02] [293/459] MTBR
[08:12:02] [294/459] KRBC
[08:12:03] [295/459] DKTI
[08:12:04] [296/459] ANAN
[08:12:06] [297/459] INBP
[08:12:07] 🔄 Identity reset
[08:12:07] 🔄 Identity rotated (every 10 requests)
[08:12:08] [298/459] PATB
[08:12:09] [299/459] RGNT
[08:12:09] [300/459] CGPM
[08:12:11] [301/459] INTN
[08:12:13] [302/459] MCMP
[08:12:14] [303/459] ASRG
[08:12:15] [304/459] CXJD
[08:12:16] [305/459] SPCP
[08:12:17] [306/459] CSTP
[08:12:18] [307/459] PKVC
[08:12:18] 🔄 Identity reset
[08:12:18] 🔄 Identity rotated (every 10 requests)
[08:12:19] [308/459] ESCP
[08:12:20] [309/459] CAEP
[08:12:21] [310/459] CCSP
[08:12:22] [311/459] KTPC
[08:12:23] [312/459] DACA
[08:12:24] [313/459] NVKY
[08:12:25] [314/459] PTIN
[08:12:27] [315/459] SCIN
[08:12:28] [316/459] MCTY
[08:12:28] [317/459] PCMX
[08:12:29] 🔄 Identity reset
[08:12:29] 🔄 Identity rotated (every 10 requests)
[08:12:29] [318/459] INIC
[08:12:31] [319/459] MMZM
[08:12:32] [320/459] SSLP
[08:12:33] [321/459] DTDT
[08:12:35] [322/459] FFCX
[08:12:36] [323/459] RCMM
[08:12:36] [324/459] KYID
[08:12:37] [325/459] CSCI
[08:12:38] [326/459] FCMC
[08:12:40] [327/459] MMXI
[08:12:40] 🔄 Identity reset
[08:12:40] 🔄 Identity rotated (every 10 requests)
[08:12:40] [328/459] ASTC
[08:12:41] [329/459] CMRA
[08:12:42] [330/459] DICI
[08:12:43] [331/459] KDIN
[08:12:45] [332/459] PRFI
[08:12:46] [333/459] SVFC
[08:12:47] [334/459] UCPL
[08:12:47] [335/459] COOC
[08:12:48] [336/459] SCAL
[08:12:49] [337/459] SVFF
[08:12:50] 🔄 Identity reset
[08:12:50] 🔄 Identity rotated (every 10 requests)
[08:12:50] [338/459] VCMG
[08:12:51] [339/459] UUCT
[08:12:52] [340/459] GCSE
[08:12:53] [341/459] SUSC
[08:12:54] [342/459] MISC
[08:12:55] [343/459] RMBL
[08:12:56] [344/459] CMXN
[08:12:57] [345/459] PVBK
[08:12:58] [346/459] HHCG
[08:12:58] [347/459] SCAG
[08:12:59] 🔄 Identity reset
[08:12:59] 🔄 Identity rotated (every 10 requests)
[08:13:00] [348/459] CNPR
[08:13:01] [349/459] CSER
[08:13:03] [350/459] HLWD
[08:13:04] [351/459] BOLY
[08:13:04] [352/459] SSPG
[08:13:05] [353/459] MUPX
[08:13:07] [354/459] HAMR
[08:13:08] [355/459] SDNC
[08:13:09] [356/459] RTEN
[08:13:10] [357/459] SDTD
[08:13:11] 🔄 Identity reset
[08:13:11] 🔄 Identity rotated (every 10 requests)
[08:13:11] [358/459] KAWS
[08:13:12] [359/459] CMZX
[08:13:13] [360/459] DCDD
[08:13:14] [361/459] ALSN
[08:13:15] [362/459] IMXS
[08:13:16] [363/459] PVFF
[08:13:17] [364/459] PVOO
[08:13:18] [365/459] CFBS
[08:13:19] [366/459] PVER
[08:13:20] [367/459] PPNX
[08:13:20] 🔄 Identity reset
[08:13:20] 🔄 Identity rotated (every 10 requests)
[08:13:21] [368/459] CNRM
[08:13:23] [369/459] PVWW
[08:13:24] [370/459] INMB
[08:13:25] [371/459] CPJR
[08:13:27] [372/459] INRZ
[08:13:28] [373/459] PMSR
[08:13:29] [374/459] GPGM
[08:13:30] [375/459] PGWB
[08:13:31] [376/459] PMBR
[08:13:32] [377/459] GPAM
[08:13:33] 🔄 Identity reset
[08:13:33] 🔄 Identity rotated (every 10 requests)
[08:13:33] [378/459] INBC
[08:13:34] [379/459] PZVK
[08:13:35] [380/459] CPEB
[08:13:37] [381/459] FMLB
[08:13:38] [382/459] INBG
[08:13:39] [383/459] GPBR
[08:13:40] [384/459] PAAS
[08:13:41] [385/459] VTBR
[08:13:42] [386/459] GPMY
[08:13:43] [387/459] GYBU
[08:13:44] 🔄 Identity reset
[08:13:44] 🔄 Identity rotated (every 10 requests)
[08:13:44] [388/459] INBJ
[08:13:45] [389/459] LKTH
[08:13:46] [390/459] NSBR
[08:13:47] [391/459] PDRD
[08:13:48] [392/459] VRBL
[08:13:50] [393/459] VTGB
[08:13:51] [394/459] VTSK
[08:13:52] [395/459] BKDV
[08:13:53] [396/459] SVTB
[08:13:54] [397/459] MLDT
[08:13:55] 🔄 Identity reset
[08:13:55] 🔄 Identity rotated (every 10 requests)
[08:13:55] [398/459] NRBL
[08:13:56] [399/459] SLTR
[08:13:58] [400/459] VNKA
[08:13:59] [401/459] TDCA
[08:14:00] [402/459] INBM
[08:14:01] [403/459] SSNR
[08:14:02] [404/459] BHAC
[08:14:03] [405/459] SDSD
[08:14:04] [406/459] SAMP
[08:14:05] [407/459] RATK
[08:14:06] 🔄 Identity reset
[08:14:06] 🔄 Identity rotated (every 10 requests)
[08:14:06] [408/459] KCBI
[08:14:08] [409/459] URBL
[08:14:09] [410/459] MKBG
[08:14:10] [411/459] ASTB
[08:14:11] [412/459] VBWT
[08:14:12] [413/459] GPSM
[08:14:13] [414/459] ROON
[08:14:15] [415/459] CHTH
[08:14:16] [416/459] SSPA
[08:14:17] [417/459] ANBL
[08:14:18] 🔄 Identity reset
[08:14:18] 🔄 Identity rotated (every 10 requests)
[08:14:18] [418/459] VTBE
[08:14:19] [419/459] SVKT
[08:14:20] [420/459] SVYK
[08:14:21] [421/459] PTBK
[08:14:22] [422/459] RKTB
[08:14:23] [423/459] BALT
[08:14:24] [424/459] STSV
[08:14:26] [425/459] VCCB
[08:14:28] [426/459] SLTB
[08:14:29] [427/459] SBCR
[08:14:29] 🔄 Identity reset
[08:14:30] 🔄 Identity rotated (every 10 requests)
[08:14:30] 🔄 Retry 1/5 for SBCR in 2.1s
[08:14:30] 🔄 Identity reset
[08:14:32] 🧠 New identity created
[08:14:32] 🔄 Retry 2/5 for SBCR in 5.0s
[08:14:32] 🔄 Identity reset
[08:14:37] 🧠 New identity created
[08:14:38] [428/459] VDCS
[08:14:39] [429/459] MDKI
[08:14:41] [430/459] SMRN
[08:14:41] [431/459] PTBC
[08:14:42] [432/459] RADI
[08:14:44] [433/459] ADCR
[08:14:45] [434/459] SDCS
[08:14:46] [435/459] SRPJ
[08:14:47] 🔄 Identity reset
[08:14:47] 🔄 Identity rotated (every 10 requests)
[08:14:47] [436/459] ARTS
[08:14:48] [437/459] SRHK
[08:14:49] [438/459] SPAY
[08:14:50] [439/459] GPTB
[08:14:51] [440/459] SNNN
[08:14:52] [441/459] BALJ
[08:14:53] [442/459] TRIG
[08:14:55] [443/459] GTYT
[08:14:56] [444/459] ATGN
[08:14:57] [445/459] ANTE
[08:14:58] 🔄 Identity reset
[08:14:58] 🔄 Identity rotated (every 10 requests)
[08:14:58] [446/459] BDCG
[08:14:59] [447/459] VECI
[08:15:00] [448/459] SCPR
[08:15:01] [449/459] RTEA
[08:15:03] [450/459] JSAI
[08:15:04] [451/459] VJTP
[08:15:05] [452/459] GNDS
[08:15:05] [453/459] PAXA
[08:15:07] [454/459] CGGM
[08:15:08] [455/459] ACKZ
[08:15:09] 🔄 Identity reset
[08:15:09] 🔄 Identity rotated (every 10 requests)
[08:15:09] 🔄 Retry 1/5 for ACKZ in 2.7s
[08:15:09] 🔄 Identity reset
[08:15:11] 🧠 New identity created
[08:15:12] [456/459] EMCC
[08:15:14] [457/459] KLSK
[08:15:15] [458/459] AVCK
[08:15:16] [459/459] JTCK
[08:15:17] ✅ DONE | Shows=973 | Movies=56
[08:26:37] 🚀 BMS DAILY TRACKER STARTED (enhanced anti‑detection)
[08:26:37] [1/459] NECA
[08:26:38] 🧠 New identity created
[08:26:38] [2/459] BJLC
[08:26:39] [3/459] BASU
[08:26:40] [4/459] RUPI
[08:26:41] [5/459] LCBK
[08:26:42] [6/459] PMAC
[08:26:43] [7/459] AMLC
[08:26:43] [8/459] LICL
[08:26:44] [9/459] UDMM
[08:26:45] [10/459] STBZ
[08:26:45] 🔄 Identity reset
[08:26:45] 🔄 Identity rotated (every 10 requests)
[08:26:46] [11/459] UUBT
[08:26:47] [12/459] SJKC
[08:26:48] [13/459] TUAL
[08:26:50] [14/459] MRSE
[08:26:51] [15/459] RMRK
[08:26:53] [16/459] TTKP
[08:26:53] [17/459] KTKO
[08:26:54] [18/459] SDBK
[08:26:55] [19/459] MCPR
[08:26:57] [20/459] CHTI
[08:26:58] 🔄 Identity reset
[08:26:58] 🔄 Identity rotated (every 10 requests)
[08:26:58] [21/459] GCCP
[08:26:59] [22/459] SRMY
[08:27:00] [23/459] NYST
[08:27:02] [24/459] NYAG
[08:27:03] [25/459] SBMT
[08:27:03] [26/459] INGA
[08:27:04] [27/459] WSIC
[08:27:05] [28/459] SCSS
[08:27:06] [29/459] COPG
[08:27:07] [30/459] RCGR
[08:27:08] 🔄 Identity reset
[08:27:08] 🔄 Identity rotated (every 10 requests)
[08:27:08] [31/459] TCZA
[08:27:09] [32/459] CNLP
[08:27:10] [33/459] CLKN
[08:27:11] [34/459] LHDF
[08:27:13] [35/459] ELKC
[08:27:14] [36/459] VCEM
[08:27:15] [37/459] SSZA
[08:27:16] [38/459] KRMT
[08:27:16] [39/459] LCMV
[08:27:17] [40/459] AYCZ
[08:27:18] 🔄 Identity reset
[08:27:18] 🔄 Identity rotated (every 10 requests)
[08:27:18] [41/459] CUMS
[08:27:19] [42/459] BOCK
[08:27:20] [43/459] PNMR
[08:27:21] [44/459] PJCP
[08:27:22] [45/459] JDDD
[08:27:23] [46/459] STMS
[08:27:24] [47/459] FLMB
[08:27:24] [48/459] PKCM
[08:27:25] [49/459] SPPR
[08:27:26] [50/459] EYLH
[08:27:27] 🔄 Identity reset
[08:27:27] 🔄 Identity rotated (every 10 requests)
[08:27:27] [51/459] RJCC
[08:27:29] [52/459] MMPS
[08:27:29] [53/459] SHMX
[08:27:30] [54/459] CCNL
[08:27:31] [55/459] RCNV
[08:27:32] [56/459] MAAG
[08:27:33] [57/459] LXCM
[08:27:34] [58/459] RCNI
[08:27:35] [59/459] SNNI
[08:27:36] [60/459] LALC
[08:27:36] 🔄 Identity reset
[08:27:37] 🔄 Identity rotated (every 10 requests)
[08:27:38] [61/459] SOCN
[08:27:38] [62/459] JHTP
[08:27:39] [63/459] PITP
[08:27:40] [64/459] CCKW
[08:27:41] [65/459] MCMC
[08:27:42] [66/459] DEES
[08:27:43] [67/459] SABT
[08:27:44] [68/459] VSPP
[08:27:45] [69/459] ABCT
[08:27:46] [70/459] JVTB
[08:27:46] 🔄 Identity reset
[08:27:46] 🔄 Identity rotated (every 10 requests)
[08:27:47] [71/459] VCBD
[08:27:47] [72/459] RMGG
[08:27:48] [73/459] RNMH
[08:27:49] [74/459] SPGL
[08:27:50] [75/459] JTTR
[08:27:51] [76/459] SICS
[08:27:52] [77/459] SRMI
[08:27:53] [78/459] SSIJ
[08:27:55] [79/459] KFMT
[08:27:57] [80/459] VBIT
[08:27:57] 🔄 Identity reset
[08:27:57] 🔄 Identity rotated (every 10 requests)
[08:27:58] [81/459] JKCT
[08:27:58] [82/459] GCGP
[08:27:59] [83/459] GDCS
[08:28:00] [84/459] TRBA
[08:28:01] [85/459] QUST
[08:28:02] [86/459] VSHM
[08:28:03] [87/459] SDCP
[08:28:03] [88/459] SNVS
[08:28:05] [89/459] NYTO
[08:28:05] [90/459] URWC
[08:28:06] 🔄 Identity reset
[08:28:06] 🔄 Identity rotated (every 10 requests)
[08:28:07] [91/459] GTWH
[08:28:07] [92/459] PFCM
[08:28:08] [93/459] KRTA
[08:28:10] [94/459] AXMC
[08:28:11] [95/459] EVMC
[08:28:11] [96/459] HGSM
[08:28:12] [97/459] ACVM
[08:28:13] [98/459] PSKL
[08:28:14] [99/459] RDMP
[08:28:15] [100/459] RHGH
[08:28:15] 🔄 Identity reset
[08:28:15] 🔄 Identity rotated (every 10 requests)
[08:28:16] [101/459] OMCM
[08:28:17] [102/459] DCCP
[08:28:18] [103/459] MCPB
[08:28:19] [104/459] ALCI
[08:28:20] [105/459] BLMX
[08:28:21] [106/459] BTMV
[08:28:22] [107/459] FVPN
[08:28:22] [108/459] CMAR
[08:28:23] [109/459] CEIM
[08:28:24] [110/459] CMVA
[08:28:25] 🔄 Identity reset
[08:28:25] 🔄 Identity rotated (every 10 requests)
[08:28:25] [111/459] CPIV
[08:28:26] [112/459] CNPE
[08:28:27] [113/459] COLV
[08:28:29] [114/459] DNNV
[08:28:31] [115/459] HCAD
[08:28:31] [116/459] TAKA
[08:28:32] [117/459] INVD
[08:28:33] [118/459] IRMM
[08:28:34] [119/459] INSE
[08:28:35] [120/459] MRSW
[08:28:35] 🔄 Identity reset
[08:28:35] 🔄 Identity rotated (every 10 requests)
[08:28:36] [121/459] MCVD
[08:28:37] [122/459] MCSO
[08:28:38] [123/459] PEVM
[08:28:40] [124/459] PVNL
[08:28:41] [125/459] PTCV
[08:28:42] [126/459] PRTC
[08:28:42] [127/459] RCVA
[08:28:43] [128/459] MTBN
[08:28:45] [129/459] LUCP
[08:28:46] [130/459] FMPT
[08:28:46] 🔄 Identity reset
[08:28:46] 🔄 Identity rotated (every 10 requests)
[08:28:47] [131/459] JLSL
[08:28:48] [132/459] SBHA
[08:28:49] [133/459] SHRC
[08:28:50] [134/459] AVPS
[08:28:51] [135/459] STPM
[08:28:52] [136/459] ATRD
[08:28:53] [137/459] VTED
[08:28:54] [138/459] ACAI
[08:28:54] [139/459] SMAE
[08:28:56] [140/459] VMAT
[08:28:57] 🔄 Identity reset
[08:28:57] 🔄 Identity rotated (every 10 requests)
[08:28:58] [141/459] LKCT
[08:28:59] [142/459] JTVK
[08:29:00] [143/459] PRTY
[08:29:01] [144/459] GETT
[08:29:01] [145/459] ESAP
[08:29:02] [146/459] NCPM
[08:29:03] [147/459] PCPA
[08:29:04] [148/459] MMOM
[08:29:05] [149/459] PHUP
[08:29:06] [150/459] CCPI
[08:29:07] 🔄 Identity reset
[08:29:07] 🔄 Identity rotated (every 10 requests)
[08:29:07] [151/459] CNTD
[08:29:08] [152/459] NLJR
[08:29:09] [153/459] SRNG
[08:29:10] [154/459] MHAL
[08:29:11] [155/459] PNSM
[08:29:11] [156/459] DRMY
[08:29:12] [157/459] CCMU
[08:29:13] [158/459] SCMY
[08:29:14] [159/459] PVSY
[08:29:15] [160/459] SDLM
[08:29:16] 🔄 Identity reset
[08:29:16] 🔄 Identity rotated (every 10 requests)
[08:29:16] [161/459] ICCM
[08:29:17] [162/459] PYSU
[08:29:18] [163/459] GATM
[08:29:19] [164/459] WOTM
[08:29:20] [165/459] RKTS
[08:29:21] [166/459] PMTY
[08:29:22] [167/459] LYMS
[08:29:23] [168/459] TGCA
[08:29:24] [169/459] DSTA
[08:29:25] [170/459] CNGE
[08:29:26] 🔄 Identity reset
[08:29:26] 🔄 Identity rotated (every 10 requests)
[08:29:27] [171/459] VSTG
[08:29:28] [172/459] GTCK
[08:29:28] [173/459] TGNT
[08:29:29] [174/459] ASLC
[08:29:30] [175/459] SSST
[08:29:31] [176/459] KBTT
[08:29:32] [177/459] HKCP
[08:29:33] [178/459] SWLC
[08:29:34] [179/459] RTND
[08:29:35] [180/459] PKKT
[08:29:35] 🔄 Identity reset
[08:29:35] 🔄 Identity rotated (every 10 requests)
[08:29:36] [181/459] HSTK
[08:29:36] [182/459] SPTT
[08:29:37] [183/459] IMPM
[08:29:38] [184/459] SCMV
[08:29:40] [185/459] SPCT
[08:29:40] [186/459] JBCA
[08:29:41] [187/459] ATTR
[08:29:42] [188/459] SPMT
[08:29:43] [189/459] LCTM
[08:29:44] [190/459] SCVL
[08:29:44] 🔄 Identity reset
[08:29:44] 🔄 Identity rotated (every 10 requests)
[08:29:45] [191/459] SCVT
[08:29:46] [192/459] KRIC
[08:29:47] [193/459] CTMG
[08:29:47] [194/459] ACNC
[08:29:48] [195/459] DMCK
[08:29:49] [196/459] KMTV
[08:29:50] [197/459] PFCJ
[08:29:51] [198/459] VNMD
[08:29:52] [199/459] VPCZ
[08:29:53] [200/459] SRYR
[08:29:54] 🔄 Identity reset
[08:29:54] 🔄 Identity rotated (every 10 requests)
[08:29:54] [201/459] SYTR
[08:29:55] [202/459] GATR
[08:29:55] [203/459] URTR
[08:29:56] [204/459] MKSM
[08:29:57] [205/459] VSMH
[08:29:58] [206/459] SKRJ
[08:29:59] [207/459] SSJR
[08:30:00] [208/459] SVSM
[08:30:01] [209/459] RUCM
[08:30:02] [210/459] PRKN
[08:30:03] 🔄 Identity reset
[08:30:03] 🔄 Identity rotated (every 10 requests)
[08:30:03] [211/459] RROH
[08:30:04] [212/459] SCTN
[08:30:06] [213/459] RTDM
[08:30:06] [214/459] ASRM
[08:30:07] [215/459] SKMD
[08:30:08] [216/459] SUTD
[08:30:09] [217/459] SADM
[08:30:10] [218/459] WCNR
[08:30:11] [219/459] CNED
[08:30:12] [220/459] MPDB
[08:30:12] 🔄 Identity reset
[08:30:12] 🔄 Identity rotated (every 10 requests)
[08:30:12] [221/459] KTBH
[08:30:13] [222/459] IDRM
[08:30:14] [223/459] PJJT
[08:30:16] [224/459] PFCV
[08:30:17] [225/459] AACT
[08:30:19] [226/459] AAAD
[08:30:19] [227/459] ANES
[08:30:20] [228/459] MNCA
[08:30:21] [229/459] RMGU
[08:30:22] [230/459] DLCN
[08:30:23] 🔄 Identity reset
[08:30:23] 🔄 Identity rotated (every 10 requests)
[08:30:23] [231/459] LJWT
[08:30:23] [232/459] MCBG
[08:30:24] [233/459] MYBG
[08:30:26] [234/459] GCCA
[08:30:27] [235/459] GCGA
[08:30:28] [236/459] ECGN
[08:30:28] [237/459] PRAB
[08:30:29] [238/459] PNMP
[08:30:30] [239/459] GCPT
[08:30:31] [240/459] ROYN
[08:30:32] 🔄 Identity reset
[08:30:32] 🔄 Identity rotated (every 10 requests)
[08:30:32] [241/459] VATM
[08:30:33] [242/459] KSNT
[08:30:34] [243/459] ACTC
[08:30:35] [244/459] PLTD
[08:30:36] [245/459] SKMK
[08:30:37] [246/459] CMTT
[08:30:38] [247/459] SMXP
[08:30:39] [248/459] SCMX
[08:30:40] [249/459] ACXN
[08:30:41] [250/459] ASWT
[08:30:41] 🔄 Identity reset
[08:30:41] 🔄 Identity rotated (every 10 requests)
[08:30:42] [251/459] VVVL
[08:30:42] [252/459] NAGO
[08:30:44] [253/459] SNCN
[08:30:45] [254/459] MCKP
[08:30:46] [255/459] SAMO
[08:30:46] [256/459] JBTV
[08:30:47] [257/459] DCVV
[08:30:48] [258/459] KMSV
[08:30:49] [259/459] KDCN
[08:30:49] [260/459] CNCP
[08:30:50] 🔄 Identity reset
[08:30:50] 🔄 Identity rotated (every 10 requests)
[08:30:51] [261/459] HAMC
[08:30:52] [262/459] CCVZ
[08:30:53] [263/459] NCCK
[08:30:53] [264/459] MCHR
[08:30:54] [265/459] SCHT
[08:30:55] [266/459] ESSH
[08:30:56] [267/459] CUJC
[08:30:56] [268/459] PECP
[08:30:57] [269/459] PMMI
[08:30:58] [270/459] PCCH
[08:30:58] 🔄 Identity reset
[08:30:58] 🔄 Identity rotated (every 10 requests)
[08:30:59] [271/459] PRPM
[08:31:00] [272/459] PVKL
[08:31:01] [273/459] CBSM
[08:31:02] [274/459] PVCZ
[08:31:03] [275/459] PCVV
[08:31:04] [276/459] CTMJ
[08:31:06] [277/459] RCPS
[08:31:07] [278/459] PCIT
[08:31:08] [279/459] FNCH
[08:31:09] [280/459] INZD
[08:31:09] 🔄 Identity reset
[08:31:09] 🔄 Identity rotated (every 10 requests)
[08:31:10] [281/459] INPC
[08:31:10] [282/459] LCZP
[08:31:11] [283/459] SMCB
[08:31:12] [284/459] PTSB
[08:31:13] [285/459] TPSI
[08:31:14] [286/459] KHMJ
[08:31:16] [287/459] RCCJ
[08:31:17] [288/459] NCJA
[08:31:17] [289/459] NCJN
[08:31:19] [290/459] BTDP
[08:31:19] 🔄 Identity reset
[08:31:19] 🔄 Identity rotated (every 10 requests)
[08:31:19] [291/459] PADY
[08:31:20] [292/459] NYBH
[08:31:21] [293/459] MTBR
[08:31:23] [294/459] KRBC
[08:31:24] [295/459] DKTI
[08:31:24] [296/459] ANAN
[08:31:25] [297/459] INBP
[08:31:26] [298/459] PATB
[08:31:27] [299/459] RGNT
[08:31:27] [300/459] CGPM
[08:31:28] 🔄 Identity reset
[08:31:28] 🔄 Identity rotated (every 10 requests)
[08:31:28] [301/459] INTN
[08:31:29] [302/459] MCMP
[08:31:31] [303/459] ASRG
[08:31:32] [304/459] CXJD
[08:31:33] [305/459] SPCP
[08:31:33] [306/459] CSTP
[08:31:35] [307/459] PKVC
[08:31:37] [308/459] ESCP
[08:31:38] [309/459] CAEP
[08:31:39] [310/459] CCSP
[08:31:40] 🔄 Identity reset
[08:31:40] 🔄 Identity rotated (every 10 requests)
[08:31:40] [311/459] KTPC
[08:31:41] [312/459] DACA
[08:31:42] [313/459] NVKY
[08:31:43] [314/459] PTIN
[08:31:44] [315/459] SCIN
[08:31:45] [316/459] MCTY
[08:31:45] [317/459] PCMX
[08:31:46] [318/459] INIC
[08:31:47] [319/459] MMZM
[08:31:47] [320/459] SSLP
[08:31:48] 🔄 Identity reset
[08:31:48] 🔄 Identity rotated (every 10 requests)
[08:31:48] [321/459] DTDT
[08:31:49] [322/459] FFCX
[08:31:50] [323/459] RCMM
[08:31:51] [324/459] KYID
[08:31:52] [325/459] CSCI
[08:31:54] [326/459] FCMC
[08:31:55] [327/459] MMXI
[08:31:55] [328/459] ASTC
[08:31:56] [329/459] CMRA
[08:31:57] [330/459] DICI
[08:31:58] 🔄 Identity reset
[08:31:58] 🔄 Identity rotated (every 10 requests)
[08:31:58] [331/459] KDIN
[08:31:59] [332/459] PRFI
[08:32:00] [333/459] SVFC
[08:32:01] [334/459] UCPL
[08:32:02] [335/459] COOC
[08:32:03] [336/459] SCAL
[08:32:04] [337/459] SVFF
[08:32:05] [338/459] VCMG
[08:32:06] [339/459] UUCT
[08:32:07] [340/459] GCSE
[08:32:08] 🔄 Identity reset
[08:32:08] 🔄 Identity rotated (every 10 requests)
[08:32:09] [341/459] SUSC
[08:32:10] [342/459] MISC
[08:32:11] [343/459] RMBL
[08:32:11] [344/459] CMXN
[08:32:12] [345/459] PVBK
[08:32:13] [346/459] HHCG
[08:32:13] [347/459] SCAG
[08:32:14] [348/459] CNPR
[08:32:15] [349/459] CSER
[08:32:16] [350/459] HLWD
[08:32:17] 🔄 Identity reset
[08:32:17] 🔄 Identity rotated (every 10 requests)
[08:32:17] [351/459] BOLY
[08:32:18] [352/459] SSPG
[08:32:20] [353/459] MUPX
[08:32:21] [354/459] HAMR
[08:32:22] [355/459] SDNC
[08:32:23] [356/459] RTEN
[08:32:24] [357/459] SDTD
[08:32:25] [358/459] KAWS
[08:32:26] [359/459] CMZX
[08:32:27] [360/459] DCDD
[08:32:28] 🔄 Identity reset
[08:32:28] 🔄 Identity rotated (every 10 requests)
[08:32:28] [361/459] ALSN
[08:32:29] [362/459] IMXS
[08:32:30] [363/459] PVFF
[08:32:30] [364/459] PVOO
[08:32:31] [365/459] CFBS
[08:32:32] [366/459] PVER
[08:32:33] [367/459] PPNX
[08:32:34] [368/459] CNRM
[08:32:35] [369/459] PVWW
[08:32:36] [370/459] INMB
[08:32:36] 🔄 Identity reset
[08:32:36] 🔄 Identity rotated (every 10 requests)
[08:32:37] [371/459] CPJR
[08:32:38] [372/459] INRZ
[08:32:39] [373/459] PMSR
[08:32:39] [374/459] GPGM
[08:32:40] [375/459] PGWB
[08:32:41] [376/459] PMBR
[08:32:42] [377/459] GPAM
[08:32:43] [378/459] INBC
[08:32:44] [379/459] PZVK
[08:32:44] [380/459] CPEB
[08:32:45] 🔄 Identity reset
[08:32:45] 🔄 Identity rotated (every 10 requests)
[08:32:45] [381/459] FMLB
[08:32:46] [382/459] INBG
[08:32:47] [383/459] GPBR
[08:32:48] [384/459] PAAS
[08:32:49] [385/459] VTBR
[08:32:49] [386/459] GPMY
[08:32:50] [387/459] GYBU
[08:32:51] [388/459] INBJ
[08:32:52] [389/459] LKTH
[08:32:53] [390/459] NSBR
[08:32:54] 🔄 Identity reset
[08:32:54] 🔄 Identity rotated (every 10 requests)
[08:32:54] [391/459] PDRD
[08:32:55] [392/459] VRBL
[08:32:55] [393/459] VTGB
[08:32:56] [394/459] VTSK
[08:32:57] [395/459] BKDV
[08:32:59] [396/459] SVTB
[08:33:00] [397/459] MLDT
[08:33:02] [398/459] NRBL
[08:33:03] [399/459] SLTR
[08:33:04] [400/459] VNKA
[08:33:05] 🔄 Identity reset
[08:33:05] 🔄 Identity rotated (every 10 requests)
[08:33:05] [401/459] TDCA
[08:33:06] [402/459] INBM
[08:33:07] [403/459] SSNR
[08:33:08] [404/459] BHAC
[08:33:09] [405/459] SDSD
[08:33:09] [406/459] SAMP
[08:33:11] [407/459] RATK
[08:33:11] [408/459] KCBI
[08:33:12] [409/459] URBL
[08:33:13] [410/459] MKBG
[08:33:14] 🔄 Identity reset
[08:33:14] 🔄 Identity rotated (every 10 requests)
[08:33:14] [411/459] ASTB
[08:33:15] [412/459] VBWT
[08:33:16] [413/459] GPSM
[08:33:17] [414/459] ROON
[08:33:18] [415/459] CHTH
[08:33:18] [416/459] SSPA
[08:33:20] [417/459] ANBL
[08:33:21] [418/459] VTBE
[08:33:22] [419/459] SVKT
[08:33:23] [420/459] SVYK
[08:33:24] 🔄 Identity reset
[08:33:24] 🔄 Identity rotated (every 10 requests)
[08:33:24] [421/459] PTBK
[08:33:25] [422/459] RKTB
[08:33:26] [423/459] BALT
[08:33:27] [424/459] STSV
[08:33:28] [425/459] VCCB
[08:33:28] [426/459] SLTB
[08:33:29] [427/459] SBCR
[08:33:30] [428/459] VDCS
[08:33:31] [429/459] MDKI
[08:33:32] [430/459] SMRN
[08:33:32] 🔄 Identity reset
[08:33:32] 🔄 Identity rotated (every 10 requests)
[08:33:32] [431/459] PTBC
[08:33:33] [432/459] RADI
[08:33:34] [433/459] ADCR
[08:33:35] [434/459] SDCS
[08:33:36] [435/459] SRPJ
[08:33:37] [436/459] ARTS
[08:33:38] [437/459] SRHK
[08:33:39] [438/459] SPAY
[08:33:40] [439/459] GPTB
[08:33:42] [440/459] SNNN
[08:33:43] 🔄 Identity reset
[08:33:43] 🔄 Identity rotated (every 10 requests)
[08:33:43] 🔄 Retry 1/5 for SNNN in 2.9s
[08:33:43] 🔄 Identity reset
[08:33:46] 🧠 New identity created
[08:33:46] [441/459] BALJ
[08:33:47] [442/459] TRIG
[08:33:47] [443/459] GTYT
[08:33:48] [444/459] ATGN
[08:33:49] [445/459] ANTE
[08:33:50] [446/459] BDCG
[08:33:51] [447/459] VECI
[08:33:52] [448/459] SCPR
[08:33:53] [449/459] RTEA
[08:33:53] 🔄 Identity reset
[08:33:53] 🔄 Identity rotated (every 10 requests)
[08:33:53] [450/459] JSAI
[08:33:54] [451/459] VJTP
[08:33:55] [452/459] GNDS
[08:33:56] [453/459] PAXA
[08:33:57] [454/459] CGGM
[08:33:58] [455/459] ACKZ
[08:33:59] [456/459] EMCC
[08:33:59] [457/459] KLSK
[08:34:00] [458/459] AVCK
[08:34:02] [459/459] JTCK
[08:34:02] 🔄 Identity reset
[08:34:02] 🔄 Identity rotated (every 10 requests)
[08:34:03] ✅ DONE | Shows=1062 | Movies=60
[09:06:36] 🚀 BMS DAILY TRACKER STARTED (enhanced anti‑detection)
[09:06:36] [1/459] NECA
[09:06:37] 🧠 New identity created
[09:06:38] [2/459] BJLC
[09:06:40] [3/459] BASU
[09:06:41] [4/459] RUPI
[09:06:42] [5/459] LCBK
[09:06:43] [6/459] PMAC
[09:06:44] [7/459] AMLC
[09:06:46] [8/459] LICL
[09:06:47] [9/459] UDMM
[09:06:47] [10/459] STBZ
[09:06:48] 🔄 Identity reset
[09:06:48] 🔄 Identity rotated (every 10 requests)
[09:06:48] [11/459] UUBT
[09:06:49] [12/459] SJKC
[09:06:49] [13/459] TUAL
[09:06:50] [14/459] MRSE
[09:06:52] [15/459] RMRK
[09:06:52] [16/459] TTKP
[09:06:53] [17/459] KTKO
[09:06:54] [18/459] SDBK
[09:06:55] [19/459] MCPR
[09:06:56] [20/459] CHTI
[09:06:57] 🔄 Identity reset
[09:06:57] 🔄 Identity rotated (every 10 requests)
[09:06:58] [21/459] GCCP
[09:06:59] [22/459] SRMY
[09:07:00] [23/459] NYST
[09:07:00] [24/459] NYAG
[09:07:02] [25/459] SBMT
[09:07:03] [26/459] INGA
[09:07:03] [27/459] WSIC
[09:07:04] [28/459] SCSS
[09:07:05] [29/459] COPG
[09:07:06] [30/459] RCGR
[09:07:06] 🔄 Identity reset
[09:07:06] 🔄 Identity rotated (every 10 requests)
[09:07:07] [31/459] TCZA
[09:07:08] [32/459] CNLP
[09:07:08] [33/459] CLKN
[09:07:09] [34/459] LHDF
[09:07:10] [35/459] ELKC
[09:07:11] [36/459] VCEM
[09:07:12] [37/459] SSZA
[09:07:13] [38/459] KRMT
[09:07:15] [39/459] LCMV
[09:07:16] [40/459] AYCZ
[09:07:17] 🔄 Identity reset
[09:07:17] 🔄 Identity rotated (every 10 requests)
[09:07:17] [41/459] CUMS
[09:07:18] [42/459] BOCK
[09:07:19] [43/459] PNMR
[09:07:20] [44/459] PJCP
[09:07:21] [45/459] JDDD
[09:07:22] [46/459] STMS
[09:07:22] [47/459] FLMB
[09:07:24] [48/459] PKCM
[09:07:25] [49/459] SPPR
[09:07:26] [50/459] EYLH
[09:07:26] 🔄 Identity reset
[09:07:26] 🔄 Identity rotated (every 10 requests)
[09:07:27] [51/459] RJCC
[09:07:28] [52/459] MMPS
[09:07:28] [53/459] SHMX
[09:07:29] [54/459] CCNL
[09:07:31] [55/459] RCNV
[09:07:32] [56/459] MAAG
[09:07:33] [57/459] LXCM
[09:07:34] [58/459] RCNI
[09:07:35] [59/459] SNNI
[09:07:35] [60/459] LALC
[09:07:36] 🔄 Identity reset
[09:07:36] 🔄 Identity rotated (every 10 requests)
[09:07:36] [61/459] SOCN
[09:07:37] [62/459] JHTP
[09:07:38] [63/459] PITP
[09:07:39] [64/459] CCKW
[09:07:40] [65/459] MCMC
[09:07:41] [66/459] DEES
[09:07:42] [67/459] SABT
[09:07:44] [68/459] VSPP
[09:07:45] [69/459] ABCT
[09:07:46] [70/459] JVTB
[09:07:46] 🔄 Identity reset
[09:07:46] 🔄 Identity rotated (every 10 requests)
[09:07:47] [71/459] VCBD
[09:07:48] [72/459] RMGG
[09:07:49] [73/459] RNMH
[09:07:50] [74/459] SPGL
[09:07:52] [75/459] JTTR
[09:07:53] [76/459] SICS
[09:07:54] [77/459] SRMI
[09:07:55] [78/459] SSIJ
[09:07:56] [79/459] KFMT
[09:07:57] [80/459] VBIT
[09:07:58] 🔄 Identity reset
[09:07:58] 🔄 Identity rotated (every 10 requests)
[09:07:58] [81/459] JKCT
[09:07:59] [82/459] GCGP
[09:07:59] [83/459] GDCS
[09:08:01] [84/459] TRBA
[09:08:03] [85/459] QUST
[09:08:04] [86/459] VSHM
[09:08:04] [87/459] SDCP
[09:08:06] [88/459] SNVS
[09:08:07] [89/459] NYTO
[09:08:09] [90/459] URWC
[09:08:09] 🔄 Identity reset
[09:08:09] 🔄 Identity rotated (every 10 requests)
[09:08:09] [91/459] GTWH
[09:08:10] [92/459] PFCM
[09:08:11] [93/459] KRTA
[09:08:12] [94/459] AXMC
[09:08:13] [95/459] EVMC
[09:08:14] [96/459] HGSM
[09:08:14] [97/459] ACVM
[09:08:15] [98/459] PSKL
[09:08:17] [99/459] RDMP
[09:08:18] [100/459] RHGH
[09:08:18] 🔄 Identity reset
[09:08:18] 🔄 Identity rotated (every 10 requests)
[09:08:19] [101/459] OMCM
[09:08:19] [102/459] DCCP
[09:08:21] [103/459] MCPB
[09:08:22] [104/459] ALCI
[09:08:22] [105/459] BLMX
[09:08:24] [106/459] BTMV
[09:08:25] [107/459] FVPN
[09:08:26] [108/459] CMAR
[09:08:27] [109/459] CEIM
[09:08:28] [110/459] CMVA
[09:08:29] 🔄 Identity reset
[09:08:29] 🔄 Identity rotated (every 10 requests)
[09:08:29] [111/459] CPIV
[09:08:31] [112/459] CNPE
[09:08:31] [113/459] COLV
[09:08:32] [114/459] DNNV
[09:08:33] [115/459] HCAD
[09:08:34] [116/459] TAKA
[09:08:35] [117/459] INVD
[09:08:35] [118/459] IRMM
[09:08:36] [119/459] INSE
[09:08:37] [120/459] MRSW
[09:08:38] 🔄 Identity reset
[09:08:38] 🔄 Identity rotated (every 10 requests)
[09:08:38] [121/459] MCVD
[09:08:39] [122/459] MCSO
[09:08:40] [123/459] PEVM
[09:08:42] [124/459] PVNL
[09:08:43] [125/459] PTCV
[09:08:44] [126/459] PRTC
[09:08:46] [127/459] RCVA
[09:08:47] [128/459] MTBN
[09:08:48] [129/459] LUCP
[09:08:49] [130/459] FMPT
[09:08:50] 🔄 Identity reset
[09:08:50] 🔄 Identity rotated (every 10 requests)
[09:08:50] 🔄 Retry 1/5 for FMPT in 2.7s
[09:08:50] 🔄 Identity reset
[09:08:53] 🧠 New identity created
[09:08:53] [131/459] JLSL
[09:08:54] [132/459] SBHA
[09:08:55] [133/459] SHRC
[09:08:56] [134/459] AVPS
[09:08:57] [135/459] STPM
[09:08:58] [136/459] ATRD
[09:08:59] [137/459] VTED
[09:09:00] [138/459] ACAI
[09:09:01] [139/459] SMAE
[09:09:02] 🔄 Identity reset
[09:09:02] 🔄 Identity rotated (every 10 requests)
[09:09:03] [140/459] VMAT
[09:09:03] [141/459] LKCT
[09:09:04] [142/459] JTVK
[09:09:06] [143/459] PRTY
[09:09:07] [144/459] GETT
[09:09:07] [145/459] ESAP
[09:09:09] [146/459] NCPM
[09:09:11] [147/459] PCPA
[09:09:12] [148/459] MMOM
[09:09:12] [149/459] PHUP
[09:09:13] 🔄 Identity reset
[09:09:13] 🔄 Identity rotated (every 10 requests)
[09:09:13] [150/459] CCPI
[09:09:14] [151/459] CNTD
[09:09:15] [152/459] NLJR
[09:09:16] [153/459] SRNG
[09:09:17] [154/459] MHAL
[09:09:18] [155/459] PNSM
[09:09:19] [156/459] DRMY
[09:09:20] [157/459] CCMU
[09:09:21] [158/459] SCMY
[09:09:22] [159/459] PVSY
[09:09:23] 🔄 Identity reset
[09:09:23] 🔄 Identity rotated (every 10 requests)
[09:09:23] [160/459] SDLM
[09:09:24] [161/459] ICCM
[09:09:25] [162/459] PYSU
[09:09:25] [163/459] GATM
[09:09:26] [164/459] WOTM
[09:09:27] [165/459] RKTS
[09:09:28] [166/459] PMTY
[09:09:29] [167/459] LYMS
[09:09:30] [168/459] TGCA
[09:09:32] [169/459] DSTA
[09:09:32] 🔄 Identity reset
[09:09:32] 🔄 Identity rotated (every 10 requests)
[09:09:32] [170/459] CNGE
[09:09:34] [171/459] VSTG
[09:09:35] [172/459] GTCK
[09:09:36] [173/459] TGNT
[09:09:37] [174/459] ASLC
[09:09:38] [175/459] SSST
[09:09:40] [176/459] KBTT
[09:09:41] [177/459] HKCP
[09:09:42] [178/459] SWLC
[09:09:42] [179/459] RTND
[09:09:43] 🔄 Identity reset
[09:09:43] 🔄 Identity rotated (every 10 requests)
[09:09:44] [180/459] PKKT
[09:09:45] [181/459] HSTK
[09:09:46] [182/459] SPTT
[09:09:48] [183/459] IMPM
[09:09:49] [184/459] SCMV
[09:09:50] [185/459] SPCT
[09:09:51] [186/459] JBCA
[09:09:52] [187/459] ATTR
[09:09:53] [188/459] SPMT
[09:09:55] [189/459] LCTM
[09:09:55] 🔄 Identity reset
[09:09:55] 🔄 Identity rotated (every 10 requests)
[09:09:55] [190/459] SCVL
[09:09:56] [191/459] SCVT
[09:09:57] [192/459] KRIC
[09:09:58] [193/459] CTMG
[09:09:59] [194/459] ACNC
[09:10:01] [195/459] DMCK
[09:10:02] [196/459] KMTV
[09:10:02] [197/459] PFCJ
[09:10:04] [198/459] VNMD
[09:10:05] [199/459] VPCZ
[09:10:05] 🔄 Identity reset
[09:10:06] 🔄 Identity rotated (every 10 requests)
[09:10:06] [200/459] SRYR
[09:10:07] [201/459] SYTR
[09:10:08] [202/459] GATR
[09:10:09] [203/459] URTR
[09:10:10] [204/459] MKSM
[09:10:12] [205/459] VSMH
[09:10:13] [206/459] SKRJ
[09:10:13] [207/459] SSJR
[09:10:14] [208/459] SVSM
[09:10:15] [209/459] RUCM
[09:10:16] 🔄 Identity reset
[09:10:16] 🔄 Identity rotated (every 10 requests)
[09:10:16] [210/459] PRKN
[09:10:17] [211/459] RROH
[09:10:18] [212/459] SCTN
[09:10:19] [213/459] RTDM
[09:10:19] [214/459] ASRM
[09:10:20] [215/459] SKMD
[09:10:21] [216/459] SUTD
[09:10:23] [217/459] SADM
[09:10:24] [218/459] WCNR
[09:10:25] [219/459] CNED
[09:10:25] 🔄 Identity reset
[09:10:25] 🔄 Identity rotated (every 10 requests)
[09:10:25] [220/459] MPDB
[09:10:26] [221/459] KTBH
[09:10:28] [222/459] IDRM
[09:10:29] [223/459] PJJT
[09:10:30] [224/459] PFCV
[09:10:31] [225/459] AACT
[09:10:32] [226/459] AAAD
[09:10:33] [227/459] ANES
[09:10:34] [228/459] MNCA
[09:10:35] [229/459] RMGU
[09:10:35] 🔄 Identity reset
[09:10:35] 🔄 Identity rotated (every 10 requests)
[09:10:35] 🔄 Retry 1/5 for RMGU in 2.5s
[09:10:35] 🔄 Identity reset
[09:10:38] 🧠 New identity created
[09:10:39] [230/459] DLCN
[09:10:40] [231/459] LJWT
[09:10:40] [232/459] MCBG
[09:10:41] [233/459] MYBG
[09:10:42] [234/459] GCCA
[09:10:43] [235/459] GCGA
[09:10:44] [236/459] ECGN
[09:10:46] [237/459] PRAB
[09:10:48] [238/459] PNMP
[09:10:48] 🔄 Identity reset
[09:10:48] 🔄 Identity rotated (every 10 requests)
[09:10:49] [239/459] GCPT
[09:10:50] [240/459] ROYN
[09:10:51] [241/459] VATM
[09:10:51] [242/459] KSNT
[09:10:53] [243/459] ACTC
[09:10:54] [244/459] PLTD
[09:10:55] [245/459] SKMK
[09:10:55] [246/459] CMTT
[09:10:56] [247/459] SMXP
[09:10:57] [248/459] SCMX
[09:10:58] 🔄 Identity reset
[09:10:58] 🔄 Identity rotated (every 10 requests)
[09:10:58] [249/459] ACXN
[09:10:59] [250/459] ASWT
[09:11:00] [251/459] VVVL
[09:11:01] [252/459] NAGO
[09:11:01] [253/459] SNCN
[09:11:02] [254/459] MCKP
[09:11:03] [255/459] SAMO
[09:11:04] [256/459] JBTV
[09:11:05] [257/459] DCVV
[09:11:06] [258/459] KMSV
[09:11:07] 🔄 Identity reset
[09:11:07] 🔄 Identity rotated (every 10 requests)
[09:11:08] [259/459] KDCN
[09:11:09] [260/459] CNCP
[09:11:11] [261/459] HAMC
[09:11:11] [262/459] CCVZ
[09:11:12] [263/459] NCCK
[09:11:14] [264/459] MCHR
[09:11:15] [265/459] SCHT
[09:11:16] [266/459] ESSH
[09:11:18] [267/459] CUJC
[09:11:19] [268/459] PECP
[09:11:19] 🔄 Identity reset
[09:11:19] 🔄 Identity rotated (every 10 requests)
[09:11:20] [269/459] PMMI
[09:11:21] [270/459] PCCH
[09:11:22] [271/459] PRPM
[09:11:23] [272/459] PVKL
[09:11:24] [273/459] CBSM
[09:11:25] [274/459] PVCZ
[09:11:26] [275/459] PCVV
[09:11:27] [276/459] CTMJ
[09:11:28] [277/459] RCPS
[09:11:29] [278/459] PCIT
[09:11:30] 🔄 Identity reset
[09:11:30] 🔄 Identity rotated (every 10 requests)
[09:11:30] [279/459] FNCH
[09:11:31] [280/459] INZD
[09:11:32] [281/459] INPC
[09:11:33] [282/459] LCZP
[09:11:34] [283/459] SMCB
[09:11:35] [284/459] PTSB
[09:11:36] [285/459] TPSI
[09:11:37] [286/459] KHMJ
[09:11:37] [287/459] RCCJ
[09:11:38] [288/459] NCJA
[09:11:39] 🔄 Identity reset
[09:11:39] 🔄 Identity rotated (every 10 requests)
[09:11:39] [289/459] NCJN
[09:11:40] [290/459] BTDP
[09:11:41] [291/459] PADY
[09:11:42] [292/459] NYBH
[09:11:44] [293/459] MTBR
[09:11:45] [294/459] KRBC
[09:11:46] [295/459] DKTI
[09:11:46] [296/459] ANAN
[09:11:48] [297/459] INBP
[09:11:49] [298/459] PATB
[09:11:49] 🔄 Identity reset
[09:11:49] 🔄 Identity rotated (every 10 requests)
[09:11:50] [299/459] RGNT
[09:11:50] [300/459] CGPM
[09:11:51] [301/459] INTN
[09:11:52] [302/459] MCMP
[09:11:53] [303/459] ASRG
[09:11:54] [304/459] CXJD
[09:11:55] [305/459] SPCP
[09:11:56] [306/459] CSTP
[09:11:56] [307/459] PKVC
[09:11:57] [308/459] ESCP
[09:11:58] 🔄 Identity reset
[09:11:58] 🔄 Identity rotated (every 10 requests)
[09:11:58] [309/459] CAEP
[09:11:59] [310/459] CCSP
[09:12:00] [311/459] KTPC
[09:12:01] [312/459] DACA
[09:12:03] [313/459] NVKY
[09:12:03] [314/459] PTIN
[09:12:05] [315/459] SCIN
[09:12:06] [316/459] MCTY
[09:12:07] [317/459] PCMX
[09:12:07] [318/459] INIC
[09:12:08] 🔄 Identity reset
[09:12:08] 🔄 Identity rotated (every 10 requests)
[09:12:08] [319/459] MMZM
[09:12:10] [320/459] SSLP
[09:12:12] [321/459] DTDT
[09:12:12] [322/459] FFCX
[09:12:13] [323/459] RCMM
[09:12:15] [324/459] KYID
[09:12:16] [325/459] CSCI
[09:12:17] [326/459] FCMC
[09:12:18] [327/459] MMXI
[09:12:19] [328/459] ASTC
[09:12:19] 🔄 Identity reset
[09:12:19] 🔄 Identity rotated (every 10 requests)
[09:12:20] [329/459] CMRA
[09:12:21] [330/459] DICI
[09:12:21] [331/459] KDIN
[09:12:22] [332/459] PRFI
[09:12:24] [333/459] SVFC
[09:12:25] [334/459] UCPL
[09:12:26] [335/459] COOC
[09:12:26] [336/459] SCAL
[09:12:27] [337/459] SVFF
[09:12:29] [338/459] VCMG
[09:12:29] 🔄 Identity reset
[09:12:29] 🔄 Identity rotated (every 10 requests)
[09:12:30] [339/459] UUCT
[09:12:30] [340/459] GCSE
[09:12:31] [341/459] SUSC
[09:12:32] [342/459] MISC
[09:12:33] [343/459] RMBL
[09:12:34] [344/459] CMXN
[09:12:35] [345/459] PVBK
[09:12:35] [346/459] HHCG
[09:12:36] [347/459] SCAG
[09:12:38] [348/459] CNPR
[09:12:38] 🔄 Identity reset
[09:12:38] 🔄 Identity rotated (every 10 requests)
[09:12:39] [349/459] CSER
[09:12:41] [350/459] HLWD
[09:12:41] [351/459] BOLY
[09:12:42] [352/459] SSPG
[09:12:44] [353/459] MUPX
[09:12:45] [354/459] HAMR
[09:12:46] [355/459] SDNC
[09:12:47] [356/459] RTEN
[09:12:48] [357/459] SDTD
[09:12:50] [358/459] KAWS
[09:12:50] 🔄 Identity reset
[09:12:51] 🔄 Identity rotated (every 10 requests)
[09:12:51] 🔄 Retry 1/5 for KAWS in 2.8s
[09:12:51] 🔄 Identity reset
[09:12:53] 🧠 New identity created
[09:12:54] [359/459] CMZX
[09:12:55] [360/459] DCDD
[09:12:56] [361/459] ALSN
[09:12:57] [362/459] IMXS
[09:12:58] [363/459] PVFF
[09:13:00] [364/459] PVOO
[09:13:01] [365/459] CFBS
[09:13:01] [366/459] PVER
[09:13:02] [367/459] PPNX
[09:13:03] 🔄 Identity reset
[09:13:03] 🔄 Identity rotated (every 10 requests)
[09:13:03] [368/459] CNRM
[09:13:04] [369/459] PVWW
[09:13:05] [370/459] INMB
[09:13:06] [371/459] CPJR
[09:13:07] [372/459] INRZ
[09:13:08] [373/459] PMSR
[09:13:09] [374/459] GPGM
[09:13:11] [375/459] PGWB
[09:13:12] [376/459] PMBR
[09:13:13] [377/459] GPAM
[09:13:14] 🔄 Identity reset
[09:13:14] 🔄 Identity rotated (every 10 requests)
[09:13:14] 🔄 Retry 1/5 for GPAM in 2.8s
[09:13:14] 🔄 Identity reset
[09:13:17] 🧠 New identity created
[09:13:17] [378/459] INBC
[09:13:18] [379/459] PZVK
[09:13:19] [380/459] CPEB
[09:13:21] [381/459] FMLB
[09:13:22] [382/459] INBG
[09:13:23] [383/459] GPBR
[09:13:24] [384/459] PAAS
[09:13:26] [385/459] VTBR
[09:13:27] [386/459] GPMY
[09:13:28] 🔄 Identity reset
[09:13:28] 🔄 Identity rotated (every 10 requests)
[09:13:28] [387/459] GYBU
[09:13:30] [388/459] INBJ
[09:13:30] [389/459] LKTH
[09:13:31] [390/459] NSBR
[09:13:33] [391/459] PDRD
[09:13:34] [392/459] VRBL
[09:13:35] [393/459] VTGB
[09:13:37] [394/459] VTSK
[09:13:38] [395/459] BKDV
[09:13:39] [396/459] SVTB
[09:13:40] 🔄 Identity reset
[09:13:40] 🔄 Identity rotated (every 10 requests)
[09:13:40] [397/459] MLDT
[09:13:41] [398/459] NRBL
[09:13:42] [399/459] SLTR
[09:13:43] [400/459] VNKA
[09:13:44] [401/459] TDCA
[09:13:45] [402/459] INBM
[09:13:46] [403/459] SSNR
[09:13:47] [404/459] BHAC
[09:13:48] [405/459] SDSD
[09:13:49] [406/459] SAMP
[09:13:49] 🔄 Identity reset
[09:13:49] 🔄 Identity rotated (every 10 requests)
[09:13:50] [407/459] RATK
[09:13:50] [408/459] KCBI
[09:13:52] [409/459] URBL
[09:13:53] [410/459] MKBG
[09:13:54] [411/459] ASTB
[09:13:55] [412/459] VBWT
[09:13:56] [413/459] GPSM
[09:13:56] [414/459] ROON
[09:13:58] [415/459] CHTH
[09:13:59] [416/459] SSPA
[09:13:59] 🔄 Identity reset
[09:13:59] 🔄 Identity rotated (every 10 requests)
[09:14:00] [417/459] ANBL
[09:14:00] [418/459] VTBE
[09:14:01] [419/459] SVKT
[09:14:02] [420/459] SVYK
[09:14:04] [421/459] PTBK
[09:14:05] [422/459] RKTB
[09:14:06] [423/459] BALT
[09:14:07] [424/459] STSV
[09:14:08] [425/459] VCCB
[09:14:08] [426/459] SLTB
[09:14:09] 🔄 Identity reset
[09:14:09] 🔄 Identity rotated (every 10 requests)
[09:14:10] [427/459] SBCR
[09:14:12] [428/459] VDCS
[09:14:12] [429/459] MDKI
[09:14:13] [430/459] SMRN
[09:14:14] [431/459] PTBC
[09:14:15] [432/459] RADI
[09:14:17] [433/459] ADCR
[09:14:18] [434/459] SDCS
[09:14:18] [435/459] SRPJ
[09:14:19] [436/459] ARTS
[09:14:20] 🔄 Identity reset
[09:14:20] 🔄 Identity rotated (every 10 requests)
[09:14:20] [437/459] SRHK
[09:14:22] [438/459] SPAY
[09:14:23] [439/459] GPTB
[09:14:24] [440/459] SNNN
[09:14:24] [441/459] BALJ
[09:14:26] [442/459] TRIG
[09:14:27] [443/459] GTYT
[09:14:29] [444/459] ATGN
[09:14:30] [445/459] ANTE
[09:14:31] [446/459] BDCG
[09:14:32] 🔄 Identity reset
[09:14:32] 🔄 Identity rotated (every 10 requests)
[09:14:32] [447/459] VECI
[09:14:34] [448/459] SCPR
[09:14:35] [449/459] RTEA
[09:14:35] [450/459] JSAI
[09:14:37] [451/459] VJTP
[09:14:38] [452/459] GNDS
[09:14:39] [453/459] PAXA
[09:14:40] [454/459] CGGM
[09:14:41] [455/459] ACKZ
[09:14:42] [456/459] EMCC
[09:14:43] 🔄 Identity reset
[09:14:43] 🔄 Identity rotated (every 10 requests)
[09:14:44] [457/459] KLSK
[09:14:45] [458/459] AVCK
[09:14:46] [459/459] JTCK
[09:14:46] ✅ DONE | Shows=1238 | Movies=64
[10:06:34] 🚀 BMS DAILY TRACKER STARTED (enhanced anti‑detection)
[10:06:34] [1/459] NECA
[10:06:34] 🧠 New identity created
[10:06:35] [2/459] BJLC
[10:06:35] [3/459] BASU
[10:06:36] [4/459] RUPI
[10:06:37] [5/459] LCBK
[10:06:38] [6/459] PMAC
[10:06:39] [7/459] AMLC
[10:06:40] [8/459] LICL
[10:06:40] [9/459] UDMM
[10:06:41] [10/459] STBZ
[10:06:42] 🔄 Identity reset
[10:06:42] 🔄 Identity rotated (every 10 requests)
[10:06:42] [11/459] UUBT
[10:06:43] [12/459] SJKC
[10:06:44] [13/459] TUAL
[10:06:45] [14/459] MRSE
[10:06:46] [15/459] RMRK
[10:06:46] [16/459] TTKP
[10:06:47] [17/459] KTKO
[10:06:48] [18/459] SDBK
[10:06:49] [19/459] MCPR
[10:06:49] [20/459] CHTI
[10:06:50] 🔄 Identity reset
[10:06:50] 🔄 Identity rotated (every 10 requests)
[10:06:50] [21/459] GCCP
[10:06:51] [22/459] SRMY
[10:06:52] [23/459] NYST
[10:06:52] [24/459] NYAG
[10:06:53] [25/459] SBMT
[10:06:54] [26/459] INGA
[10:06:55] [27/459] WSIC
[10:06:55] [28/459] SCSS
[10:06:56] [29/459] COPG
[10:06:57] [30/459] RCGR
[10:06:57] 🔄 Identity reset
[10:06:57] 🔄 Identity rotated (every 10 requests)
[10:06:58] [31/459] TCZA
[10:06:59] [32/459] CNLP
[10:07:00] [33/459] CLKN
[10:07:01] [34/459] LHDF
[10:07:01] [35/459] ELKC
[10:07:02] [36/459] VCEM
[10:07:03] [37/459] SSZA
[10:07:05] [38/459] KRMT
[10:07:05] [39/459] LCMV
[10:07:06] [40/459] AYCZ
[10:07:07] 🔄 Identity reset
[10:07:07] 🔄 Identity rotated (every 10 requests)
[10:07:07] [41/459] CUMS
[10:07:08] [42/459] BOCK
[10:07:08] [43/459] PNMR
[10:07:09] [44/459] PJCP
[10:07:09] [45/459] JDDD
[10:07:10] [46/459] STMS
[10:07:11] [47/459] FLMB
[10:07:11] [48/459] PKCM
[10:07:12] [49/459] SPPR
[10:07:13] [50/459] EYLH
[10:07:14] 🔄 Identity reset
[10:07:14] 🔄 Identity rotated (every 10 requests)
[10:07:14] [51/459] RJCC
[10:07:15] [52/459] MMPS
[10:07:15] [53/459] SHMX
[10:07:16] [54/459] CCNL
[10:07:18] [55/459] RCNV
[10:07:18] [56/459] MAAG
[10:07:19] [57/459] LXCM
[10:07:20] [58/459] RCNI
[10:07:21] [59/459] SNNI
[10:07:21] [60/459] LALC
[10:07:22] 🔄 Identity reset
[10:07:22] 🔄 Identity rotated (every 10 requests)
[10:07:22] [61/459] SOCN
[10:07:23] [62/459] JHTP
[10:07:24] [63/459] PITP
[10:07:25] [64/459] CCKW
[10:07:25] [65/459] MCMC
[10:07:26] [66/459] DEES
[10:07:27] [67/459] SABT
[10:07:28] [68/459] VSPP
[10:07:29] [69/459] ABCT
[10:07:29] [70/459] JVTB
[10:07:30] 🔄 Identity reset
[10:07:30] 🔄 Identity rotated (every 10 requests)
[10:07:30] [71/459] VCBD
[10:07:31] [72/459] RMGG
[10:07:32] [73/459] RNMH
[10:07:32] [74/459] SPGL
[10:07:33] [75/459] JTTR
[10:07:34] [76/459] SICS
[10:07:35] [77/459] SRMI
[10:07:36] [78/459] SSIJ
[10:07:37] [79/459] KFMT
[10:07:38] [80/459] VBIT
[10:07:38] 🔄 Identity reset
[10:07:38] 🔄 Identity rotated (every 10 requests)
[10:07:39] [81/459] JKCT
[10:07:39] [82/459] GCGP
[10:07:40] [83/459] GDCS
[10:07:41] [84/459] TRBA
[10:07:42] [85/459] QUST
[10:07:42] [86/459] VSHM
[10:07:43] [87/459] SDCP
[10:07:44] [88/459] SNVS
[10:07:45] [89/459] NYTO
[10:07:46] [90/459] URWC
[10:07:46] 🔄 Identity reset
[10:07:46] 🔄 Identity rotated (every 10 requests)
[10:07:47] [91/459] GTWH
[10:07:47] [92/459] PFCM
[10:07:48] [93/459] KRTA
[10:07:49] [94/459] AXMC
[10:07:49] [95/459] EVMC
[10:07:50] [96/459] HGSM
[10:07:51] [97/459] ACVM
[10:07:52] [98/459] PSKL
[10:07:52] [99/459] RDMP
[10:07:53] [100/459] RHGH
[10:07:54] 🔄 Identity reset
[10:07:54] 🔄 Identity rotated (every 10 requests)
[10:07:54] [101/459] OMCM
[10:07:54] [102/459] DCCP
[10:07:55] [103/459] MCPB
[10:07:55] [104/459] ALCI
[10:07:56] [105/459] BLMX
[10:07:57] [106/459] BTMV
[10:07:58] [107/459] FVPN
[10:07:58] [108/459] CMAR
[10:07:59] [109/459] CEIM
[10:08:00] [110/459] CMVA
[10:08:00] 🔄 Identity reset
[10:08:00] 🔄 Identity rotated (every 10 requests)
[10:08:01] [111/459] CPIV
[10:08:01] [112/459] CNPE
[10:08:02] [113/459] COLV
[10:08:03] [114/459] DNNV
[10:08:04] [115/459] HCAD
[10:08:04] [116/459] TAKA
[10:08:05] [117/459] INVD
[10:08:06] [118/459] IRMM
[10:08:06] [119/459] INSE
[10:08:07] [120/459] MRSW
[10:08:08] 🔄 Identity reset
[10:08:08] 🔄 Identity rotated (every 10 requests)
[10:08:08] [121/459] MCVD
[10:08:09] [122/459] MCSO
[10:08:09] [123/459] PEVM
[10:08:10] [124/459] PVNL
[10:08:11] [125/459] PTCV
[10:08:11] [126/459] PRTC
[10:08:12] [127/459] RCVA
[10:08:13] [128/459] MTBN
[10:08:14] [129/459] LUCP
[10:08:14] [130/459] FMPT
[10:08:15] 🔄 Identity reset
[10:08:15] 🔄 Identity rotated (every 10 requests)
[10:08:15] [131/459] JLSL
[10:08:16] [132/459] SBHA
[10:08:17] [133/459] SHRC
[10:08:17] [134/459] AVPS
[10:08:18] [135/459] STPM
[10:08:19] [136/459] ATRD
[10:08:20] [137/459] VTED
[10:08:21] [138/459] ACAI
[10:08:23] [139/459] SMAE
[10:08:23] [140/459] VMAT
[10:08:24] 🔄 Identity reset
[10:08:24] 🔄 Identity rotated (every 10 requests)
[10:08:25] [141/459] LKCT
[10:08:25] [142/459] JTVK
[10:08:26] [143/459] PRTY
[10:08:27] [144/459] GETT
[10:08:28] [145/459] ESAP
[10:08:28] [146/459] NCPM
[10:08:29] [147/459] PCPA
[10:08:30] [148/459] MMOM
[10:08:30] [149/459] PHUP
[10:08:31] [150/459] CCPI
[10:08:31] 🔄 Identity reset
[10:08:31] 🔄 Identity rotated (every 10 requests)
[10:08:32] [151/459] CNTD
[10:08:32] [152/459] NLJR
[10:08:33] [153/459] SRNG
[10:08:33] [154/459] MHAL
[10:08:34] [155/459] PNSM
[10:08:35] [156/459] DRMY
[10:08:36] [157/459] CCMU
[10:08:36] [158/459] SCMY
[10:08:37] [159/459] PVSY
[10:08:38] [160/459] SDLM
[10:08:38] 🔄 Identity reset
[10:08:38] 🔄 Identity rotated (every 10 requests)
[10:08:39] [161/459] ICCM
[10:08:39] [162/459] PYSU
[10:08:40] [163/459] GATM
[10:08:41] [164/459] WOTM
[10:08:41] [165/459] RKTS
[10:08:42] [166/459] PMTY
[10:08:43] [167/459] LYMS
[10:08:43] [168/459] TGCA
[10:08:44] [169/459] DSTA
[10:08:45] [170/459] CNGE
[10:08:46] 🔄 Identity reset
[10:08:46] 🔄 Identity rotated (every 10 requests)
[10:08:46] [171/459] VSTG
[10:08:46] [172/459] GTCK
[10:08:47] [173/459] TGNT
[10:08:49] [174/459] ASLC
[10:08:49] [175/459] SSST
[10:08:50] [176/459] KBTT
[10:08:51] [177/459] HKCP
[10:08:52] [178/459] SWLC
[10:08:52] [179/459] RTND
[10:08:53] [180/459] PKKT
[10:08:53] 🔄 Identity reset
[10:08:53] 🔄 Identity rotated (every 10 requests)
[10:08:54] [181/459] HSTK
[10:08:54] [182/459] SPTT
[10:08:55] [183/459] IMPM
[10:08:56] [184/459] SCMV
[10:08:56] [185/459] SPCT
[10:08:57] [186/459] JBCA
[10:08:58] [187/459] ATTR
[10:08:59] [188/459] SPMT
[10:08:59] [189/459] LCTM
[10:09:00] [190/459] SCVL
[10:09:00] 🔄 Identity reset
[10:09:01] 🔄 Identity rotated (every 10 requests)
[10:09:01] [191/459] SCVT
[10:09:01] [192/459] KRIC
[10:09:02] [193/459] CTMG
[10:09:03] [194/459] ACNC
[10:09:03] [195/459] DMCK
[10:09:04] [196/459] KMTV
[10:09:05] [197/459] PFCJ
[10:09:05] [198/459] VNMD
[10:09:06] [199/459] VPCZ
[10:09:07] [200/459] SRYR
[10:09:07] 🔄 Identity reset
[10:09:07] 🔄 Identity rotated (every 10 requests)
[10:09:08] 🔄 Retry 1/5 for SRYR in 2.7s
[10:09:08] 🔄 Identity reset
[10:09:10] 🧠 New identity created
[10:09:10] [201/459] SYTR
[10:09:11] [202/459] GATR
[10:09:12] [203/459] URTR
[10:09:12] [204/459] MKSM
[10:09:13] [205/459] VSMH
[10:09:14] [206/459] SKRJ
[10:09:15] [207/459] SSJR
[10:09:15] [208/459] SVSM
[10:09:16] [209/459] RUCM
[10:09:16] 🔄 Identity reset
[10:09:16] 🔄 Identity rotated (every 10 requests)
[10:09:16] [210/459] PRKN
[10:09:17] [211/459] RROH
[10:09:18] [212/459] SCTN
[10:09:18] [213/459] RTDM
[10:09:19] [214/459] ASRM
[10:09:20] [215/459] SKMD
[10:09:21] [216/459] SUTD
[10:09:23] [217/459] SADM
[10:09:23] [218/459] WCNR
[10:09:24] [219/459] CNED
[10:09:25] 🔄 Identity reset
[10:09:25] 🔄 Identity rotated (every 10 requests)
[10:09:25] 🔄 Retry 1/5 for CNED in 2.9s
[10:09:25] 🔄 Identity reset
[10:09:28] 🧠 New identity created
[10:09:28] [220/459] MPDB
[10:09:29] [221/459] KTBH
[10:09:29] [222/459] IDRM
[10:09:30] [223/459] PJJT
[10:09:30] [224/459] PFCV
[10:09:31] [225/459] AACT
[10:09:33] [226/459] AAAD
[10:09:35] [227/459] ANES
[10:09:36] [228/459] MNCA
[10:09:36] 🔄 Identity reset
[10:09:36] 🔄 Identity rotated (every 10 requests)
[10:09:37] [229/459] RMGU
[10:09:37] [230/459] DLCN
[10:09:39] [231/459] LJWT
[10:09:39] [232/459] MCBG
[10:09:40] [233/459] MYBG
[10:09:41] [234/459] GCCA
[10:09:42] [235/459] GCGA
[10:09:42] [236/459] ECGN
[10:09:43] [237/459] PRAB
[10:09:44] [238/459] PNMP
[10:09:45] 🔄 Identity reset
[10:09:45] 🔄 Identity rotated (every 10 requests)
[10:09:45] [239/459] GCPT
[10:09:46] [240/459] ROYN
[10:09:47] [241/459] VATM
[10:09:47] [242/459] KSNT
[10:09:48] [243/459] ACTC
[10:09:49] [244/459] PLTD
[10:09:49] [245/459] SKMK
[10:09:50] [246/459] CMTT
[10:09:51] [247/459] SMXP
[10:09:52] [248/459] SCMX
[10:09:52] 🔄 Identity reset
[10:09:52] 🔄 Identity rotated (every 10 requests)
[10:09:52] [249/459] ACXN
[10:09:53] [250/459] ASWT
[10:09:54] [251/459] VVVL
[10:09:55] [252/459] NAGO
[10:09:56] [253/459] SNCN
[10:09:56] [254/459] MCKP
[10:09:57] [255/459] SAMO
[10:09:57] [256/459] JBTV
[10:09:58] [257/459] DCVV
[10:09:59] [258/459] KMSV
[10:10:00] 🔄 Identity reset
[10:10:00] 🔄 Identity rotated (every 10 requests)
[10:10:00] [259/459] KDCN
[10:10:01] [260/459] CNCP
[10:10:02] [261/459] HAMC
[10:10:02] [262/459] CCVZ
[10:10:03] [263/459] NCCK
[10:10:04] [264/459] MCHR
[10:10:05] [265/459] SCHT
[10:10:05] [266/459] ESSH
[10:10:06] [267/459] CUJC
[10:10:07] [268/459] PECP
[10:10:07] 🔄 Identity reset
[10:10:07] 🔄 Identity rotated (every 10 requests)
[10:10:08] [269/459] PMMI
[10:10:08] [270/459] PCCH
[10:10:09] [271/459] PRPM
[10:10:10] [272/459] PVKL
[10:10:11] [273/459] CBSM
[10:10:11] [274/459] PVCZ
[10:10:12] [275/459] PCVV
[10:10:13] [276/459] CTMJ
[10:10:14] [277/459] RCPS
[10:10:14] [278/459] PCIT
[10:10:15] 🔄 Identity reset
[10:10:15] 🔄 Identity rotated (every 10 requests)
[10:10:15] [279/459] FNCH
[10:10:17] [280/459] INZD
[10:10:18] [281/459] INPC
[10:10:19] [282/459] LCZP
[10:10:19] [283/459] SMCB
[10:10:20] [284/459] PTSB
[10:10:21] [285/459] TPSI
[10:10:21] [286/459] KHMJ
[10:10:23] [287/459] RCCJ
[10:10:24] [288/459] NCJA
[10:10:24] 🔄 Identity reset
[10:10:24] 🔄 Identity rotated (every 10 requests)
[10:10:25] [289/459] NCJN
[10:10:25] [290/459] BTDP
[10:10:26] [291/459] PADY
[10:10:27] [292/459] NYBH
[10:10:28] [293/459] MTBR
[10:10:28] [294/459] KRBC
[10:10:29] [295/459] DKTI
[10:10:31] [296/459] ANAN
[10:10:32] [297/459] INBP
[10:10:33] [298/459] PATB
[10:10:34] 🔄 Identity reset
[10:10:34] 🔄 Identity rotated (every 10 requests)
[10:10:34] 🔄 Retry 1/5 for PATB in 2.6s
[10:10:34] 🔄 Identity reset
[10:10:36] 🧠 New identity created
[10:10:36] [299/459] RGNT
[10:10:37] [300/459] CGPM
[10:10:38] [301/459] INTN
[10:10:39] [302/459] MCMP
[10:10:39] [303/459] ASRG
[10:10:40] [304/459] CXJD
[10:10:41] [305/459] SPCP
[10:10:42] [306/459] CSTP
[10:10:43] [307/459] PKVC
[10:10:43] 🔄 Identity reset
[10:10:43] 🔄 Identity rotated (every 10 requests)
[10:10:44] [308/459] ESCP
[10:10:44] [309/459] CAEP
[10:10:45] [310/459] CCSP
[10:10:46] [311/459] KTPC
[10:10:47] [312/459] DACA
[10:10:48] [313/459] NVKY
[10:10:48] [314/459] PTIN
[10:10:49] [315/459] SCIN
[10:10:49] [316/459] MCTY
[10:10:50] [317/459] PCMX
[10:10:51] 🔄 Identity reset
[10:10:51] 🔄 Identity rotated (every 10 requests)
[10:10:51] [318/459] INIC
[10:10:52] [319/459] MMZM
[10:10:52] [320/459] SSLP
[10:10:53] [321/459] DTDT
[10:10:54] [322/459] FFCX
[10:10:55] [323/459] RCMM
[10:10:56] [324/459] KYID
[10:10:56] [325/459] CSCI
[10:10:58] [326/459] FCMC
[10:10:59] [327/459] MMXI
[10:11:00] 🔄 Identity reset
[10:11:00] 🔄 Identity rotated (every 10 requests)
[10:11:00] [328/459] ASTC
[10:11:01] [329/459] CMRA
[10:11:01] [330/459] DICI
[10:11:03] [331/459] KDIN
[10:11:04] [332/459] PRFI
[10:11:05] [333/459] SVFC
[10:11:06] [334/459] UCPL
[10:11:06] [335/459] COOC
[10:11:07] [336/459] SCAL
[10:11:08] [337/459] SVFF
[10:11:08] 🔄 Identity reset
[10:11:08] 🔄 Identity rotated (every 10 requests)
[10:11:09] [338/459] VCMG
[10:11:09] [339/459] UUCT
[10:11:10] [340/459] GCSE
[10:11:11] [341/459] SUSC
[10:11:11] [342/459] MISC
[10:11:12] [343/459] RMBL
[10:11:13] [344/459] CMXN
[10:11:14] [345/459] PVBK
[10:11:15] [346/459] HHCG
[10:11:16] [347/459] SCAG
[10:11:17] 🔄 Identity reset
[10:11:17] 🔄 Identity rotated (every 10 requests)
[10:11:17] [348/459] CNPR
[10:11:18] [349/459] CSER
[10:11:19] [350/459] HLWD
[10:11:20] [351/459] BOLY
[10:11:21] [352/459] SSPG
[10:11:22] [353/459] MUPX
[10:11:23] [354/459] HAMR
[10:11:23] [355/459] SDNC
[10:11:24] [356/459] RTEN
[10:11:25] [357/459] SDTD
[10:11:25] 🔄 Identity reset
[10:11:25] 🔄 Identity rotated (every 10 requests)
[10:11:25] [358/459] KAWS
[10:11:26] [359/459] CMZX
[10:11:28] [360/459] DCDD
[10:11:29] [361/459] ALSN
[10:11:30] [362/459] IMXS
[10:11:31] [363/459] PVFF
[10:11:32] [364/459] PVOO
[10:11:32] [365/459] CFBS
[10:11:33] [366/459] PVER
[10:11:34] [367/459] PPNX
[10:11:34] 🔄 Identity reset
[10:11:34] 🔄 Identity rotated (every 10 requests)
[10:11:35] [368/459] CNRM
[10:11:36] [369/459] PVWW
[10:11:36] [370/459] INMB
[10:11:37] [371/459] CPJR
[10:11:39] [372/459] INRZ
[10:11:40] [373/459] PMSR
[10:11:41] [374/459] GPGM
[10:11:42] [375/459] PGWB
[10:11:42] [376/459] PMBR
[10:11:43] [377/459] GPAM
[10:11:43] 🔄 Identity reset
[10:11:43] 🔄 Identity rotated (every 10 requests)
[10:11:44] [378/459] INBC
[10:11:45] [379/459] PZVK
[10:11:45] [380/459] CPEB
[10:11:46] [381/459] FMLB
[10:11:47] [382/459] INBG
[10:11:48] [383/459] GPBR
[10:11:49] [384/459] PAAS
[10:11:50] [385/459] VTBR
[10:11:51] [386/459] GPMY
[10:11:52] [387/459] GYBU
[10:11:52] 🔄 Identity reset
[10:11:52] 🔄 Identity rotated (every 10 requests)
[10:11:52] [388/459] INBJ
[10:11:53] [389/459] LKTH
[10:11:54] [390/459] NSBR
[10:11:56] [391/459] PDRD
[10:11:56] [392/459] VRBL
[10:11:57] [393/459] VTGB
[10:11:58] [394/459] VTSK
[10:11:58] [395/459] BKDV
[10:12:00] [396/459] SVTB
[10:12:01] [397/459] MLDT
[10:12:01] 🔄 Identity reset
[10:12:01] 🔄 Identity rotated (every 10 requests)
[10:12:02] [398/459] NRBL
[10:12:03] [399/459] SLTR
[10:12:03] [400/459] VNKA
[10:12:04] [401/459] TDCA
[10:12:05] [402/459] INBM
[10:12:05] [403/459] SSNR
[10:12:06] [404/459] BHAC
[10:12:07] [405/459] SDSD
[10:12:08] [406/459] SAMP
[10:12:08] [407/459] RATK
[10:12:09] 🔄 Identity reset
[10:12:09] 🔄 Identity rotated (every 10 requests)
[10:12:09] [408/459] KCBI
[10:12:10] [409/459] URBL
[10:12:11] [410/459] MKBG
[10:12:12] [411/459] ASTB
[10:12:13] [412/459] VBWT
[10:12:13] [413/459] GPSM
[10:12:14] [414/459] ROON
[10:12:15] [415/459] CHTH
[10:12:16] [416/459] SSPA
[10:12:17] [417/459] ANBL
[10:12:17] 🔄 Identity reset
[10:12:17] 🔄 Identity rotated (every 10 requests)
[10:12:18] [418/459] VTBE
[10:12:18] [419/459] SVKT
[10:12:19] [420/459] SVYK
[10:12:20] [421/459] PTBK
[10:12:20] [422/459] RKTB
[10:12:21] [423/459] BALT
[10:12:22] [424/459] STSV
[10:12:23] [425/459] VCCB
[10:12:24] [426/459] SLTB
[10:12:24] [427/459] SBCR
[10:12:25] 🔄 Identity reset
[10:12:25] 🔄 Identity rotated (every 10 requests)
[10:12:25] [428/459] VDCS
[10:12:26] [429/459] MDKI
[10:12:27] [430/459] SMRN
[10:12:27] [431/459] PTBC
[10:12:28] [432/459] RADI
[10:12:29] [433/459] ADCR
[10:12:30] [434/459] SDCS
[10:12:31] [435/459] SRPJ
[10:12:31] [436/459] ARTS
[10:12:32] [437/459] SRHK
[10:12:33] 🔄 Identity reset
[10:12:33] 🔄 Identity rotated (every 10 requests)
[10:12:33] [438/459] SPAY
[10:12:33] [439/459] GPTB
[10:12:34] [440/459] SNNN
[10:12:35] [441/459] BALJ
[10:12:36] [442/459] TRIG
[10:12:37] [443/459] GTYT
[10:12:37] [444/459] ATGN
[10:12:39] [445/459] ANTE
[10:12:41] [446/459] BDCG
[10:12:42] [447/459] VECI
[10:12:42] 🔄 Identity reset
[10:12:42] 🔄 Identity rotated (every 10 requests)
[10:12:42] [448/459] SCPR
[10:12:43] [449/459] RTEA
[10:12:43] [450/459] JSAI
[10:12:44] [451/459] VJTP
[10:12:45] [452/459] GNDS
[10:12:46] [453/459] PAXA
[10:12:47] [454/459] CGGM
[10:12:48] [455/459] ACKZ
[10:12:49] [456/459] EMCC
[10:12:50] [457/459] KLSK
[10:12:51] 🔄 Identity reset
[10:12:51] 🔄 Identity rotated (every 10 requests)
[10:12:51] [458/459] AVCK
[10:12:52] [459/459] JTCK
[10:12:53] ✅ DONE | Shows=1564 | Movies=69
[11:06:38] 🚀 BMS DAILY TRACKER STARTED (enhanced anti‑detection)
[11:06:38] [1/459] NECA
[11:06:38] 🧠 New identity created
[11:06:39] [2/459] BJLC
[11:06:39] [3/459] BASU
[11:06:40] [4/459] RUPI
[11:06:41] [5/459] LCBK
[11:06:42] [6/459] PMAC
[11:06:43] [7/459] AMLC
[11:06:43] [8/459] LICL
[11:06:44] [9/459] UDMM
[11:06:45] [10/459] STBZ
[11:06:46] 🔄 Identity reset
[11:06:46] 🔄 Identity rotated (every 10 requests)
[11:06:46] [11/459] UUBT
[11:06:47] [12/459] SJKC
[11:06:48] [13/459] TUAL
[11:06:49] [14/459] MRSE
[11:06:50] [15/459] RMRK
[11:06:51] [16/459] TTKP
[11:06:52] [17/459] KTKO
[11:06:53] [18/459] SDBK
[11:06:54] [19/459] MCPR
[11:06:55] [20/459] CHTI
[11:06:55] 🔄 Identity reset
[11:06:55] 🔄 Identity rotated (every 10 requests)
[11:06:55] [21/459] GCCP
[11:06:56] [22/459] SRMY
[11:06:57] [23/459] NYST
[11:06:58] [24/459] NYAG
[11:06:59] [25/459] SBMT
[11:06:59] [26/459] INGA
[11:07:00] [27/459] WSIC
[11:07:01] [28/459] SCSS
[11:07:02] [29/459] COPG
[11:07:03] [30/459] RCGR
[11:07:04] 🔄 Identity reset
[11:07:04] 🔄 Identity rotated (every 10 requests)
[11:07:04] [31/459] TCZA
[11:07:05] [32/459] CNLP
[11:07:06] [33/459] CLKN
[11:07:06] [34/459] LHDF
[11:07:08] [35/459] ELKC
[11:07:09] [36/459] VCEM
[11:07:10] [37/459] SSZA
[11:07:11] [38/459] KRMT
[11:07:12] [39/459] LCMV
[11:07:12] [40/459] AYCZ
[11:07:13] 🔄 Identity reset
[11:07:13] 🔄 Identity rotated (every 10 requests)
[11:07:13] [41/459] CUMS
[11:07:14] [42/459] BOCK
[11:07:15] [43/459] PNMR
[11:07:16] [44/459] PJCP
[11:07:17] [45/459] JDDD
[11:07:17] [46/459] STMS
[11:07:18] [47/459] FLMB
[11:07:19] [48/459] PKCM
[11:07:20] [49/459] SPPR
[11:07:21] [50/459] EYLH
[11:07:21] 🔄 Identity reset
[11:07:21] 🔄 Identity rotated (every 10 requests)
[11:07:21] [51/459] RJCC
[11:07:22] [52/459] MMPS
[11:07:23] [53/459] SHMX
[11:07:24] [54/459] CCNL
[11:07:25] [55/459] RCNV
[11:07:25] [56/459] MAAG
[11:07:26] [57/459] LXCM
[11:07:27] [58/459] RCNI
[11:07:28] [59/459] SNNI
[11:07:29] [60/459] LALC
[11:07:30] 🔄 Identity reset
[11:07:30] 🔄 Identity rotated (every 10 requests)
[11:07:30] [61/459] SOCN
[11:07:31] [62/459] JHTP
[11:07:32] [63/459] PITP
[11:07:33] [64/459] CCKW
[11:07:34] [65/459] MCMC
[11:07:34] [66/459] DEES
[11:07:35] [67/459] SABT
[11:07:36] [68/459] VSPP
[11:07:37] [69/459] ABCT
[11:07:37] [70/459] JVTB
[11:07:38] 🔄 Identity reset
[11:07:38] 🔄 Identity rotated (every 10 requests)
[11:07:38] [71/459] VCBD
[11:07:39] [72/459] RMGG
[11:07:40] [73/459] RNMH
[11:07:41] [74/459] SPGL
[11:07:42] [75/459] JTTR
[11:07:43] [76/459] SICS
[11:07:44] [77/459] SRMI
[11:07:45] [78/459] SSIJ
[11:07:45] [79/459] KFMT
[11:07:46] [80/459] VBIT
[11:07:47] 🔄 Identity reset
[11:07:47] 🔄 Identity rotated (every 10 requests)
[11:07:47] [81/459] JKCT
[11:07:48] [82/459] GCGP
[11:07:49] [83/459] GDCS
[11:07:49] [84/459] TRBA
[11:07:50] [85/459] QUST
[11:07:51] [86/459] VSHM
[11:07:52] [87/459] SDCP
[11:07:54] [88/459] SNVS
[11:07:55] [89/459] NYTO
[11:07:55] [90/459] URWC
[11:07:56] 🔄 Identity reset
[11:07:56] 🔄 Identity rotated (every 10 requests)
[11:07:56] [91/459] GTWH
[11:07:57] [92/459] PFCM
[11:07:57] [93/459] KRTA
[11:07:58] [94/459] AXMC
[11:07:59] [95/459] EVMC
[11:08:00] [96/459] HGSM
[11:08:01] [97/459] ACVM
[11:08:02] [98/459] PSKL
[11:08:02] [99/459] RDMP
[11:08:03] [100/459] RHGH
[11:08:03] 🔄 Identity reset
[11:08:03] 🔄 Identity rotated (every 10 requests)
[11:08:04] [101/459] OMCM
[11:08:04] [102/459] DCCP
[11:08:05] [103/459] MCPB
[11:08:06] [104/459] ALCI
[11:08:07] [105/459] BLMX
[11:08:08] [106/459] BTMV
[11:08:09] [107/459] FVPN
[11:08:10] [108/459] CMAR
[11:08:10] [109/459] CEIM
[11:08:11] [110/459] CMVA
[11:08:12] 🔄 Identity reset
[11:08:12] 🔄 Identity rotated (every 10 requests)
[11:08:12] [111/459] CPIV
[11:08:12] [112/459] CNPE
[11:08:13] [113/459] COLV
[11:08:14] [114/459] DNNV
[11:08:14] [115/459] HCAD
[11:08:15] [116/459] TAKA
[11:08:16] [117/459] INVD
[11:08:17] [118/459] IRMM
[11:08:18] [119/459] INSE
[11:08:19] [120/459] MRSW
[11:08:19] 🔄 Identity reset
[11:08:19] 🔄 Identity rotated (every 10 requests)
[11:08:20] [121/459] MCVD
[11:08:20] [122/459] MCSO
[11:08:21] [123/459] PEVM
[11:08:22] [124/459] PVNL
[11:08:23] [125/459] PTCV
[11:08:24] [126/459] PRTC
[11:08:26] [127/459] RCVA
[11:08:27] [128/459] MTBN
[11:08:27] [129/459] LUCP
[11:08:28] [130/459] FMPT
[11:08:29] 🔄 Identity reset
[11:08:29] 🔄 Identity rotated (every 10 requests)
[11:08:29] [131/459] JLSL
[11:08:29] [132/459] SBHA
[11:08:30] [133/459] SHRC
[11:08:31] [134/459] AVPS
[11:08:32] [135/459] STPM
[11:08:34] [136/459] ATRD
[11:08:35] [137/459] VTED
[11:08:35] [138/459] ACAI
[11:08:37] [139/459] SMAE
[11:08:38] [140/459] VMAT
[11:08:38] 🔄 Identity reset
[11:08:38] 🔄 Identity rotated (every 10 requests)
[11:08:39] [141/459] LKCT
[11:08:40] [142/459] JTVK
[11:08:41] [143/459] PRTY
[11:08:41] [144/459] GETT
[11:08:42] [145/459] ESAP
[11:08:43] [146/459] NCPM
[11:08:44] [147/459] PCPA
[11:08:45] [148/459] MMOM
[11:08:45] [149/459] PHUP
[11:08:46] [150/459] CCPI
[11:08:47] 🔄 Identity reset
[11:08:47] 🔄 Identity rotated (every 10 requests)
[11:08:47] [151/459] CNTD
[11:08:48] [152/459] NLJR
[11:08:49] [153/459] SRNG
[11:08:49] [154/459] MHAL
[11:08:50] [155/459] PNSM
[11:08:51] [156/459] DRMY
[11:08:52] [157/459] CCMU
[11:08:52] [158/459] SCMY
[11:08:53] [159/459] PVSY
[11:08:54] [160/459] SDLM
[11:08:55] 🔄 Identity reset
[11:08:55] 🔄 Identity rotated (every 10 requests)
[11:08:55] [161/459] ICCM
[11:08:56] [162/459] PYSU
[11:08:56] [163/459] GATM
[11:08:57] [164/459] WOTM
[11:08:58] [165/459] RKTS
[11:08:58] [166/459] PMTY
[11:08:59] [167/459] LYMS
[11:09:00] [168/459] TGCA
[11:09:01] [169/459] DSTA
[11:09:02] [170/459] CNGE
[11:09:02] 🔄 Identity reset
[11:09:02] 🔄 Identity rotated (every 10 requests)
[11:09:03] [171/459] VSTG
[11:09:03] [172/459] GTCK
[11:09:04] [173/459] TGNT
[11:09:05] [174/459] ASLC
[11:09:06] [175/459] SSST
[11:09:06] [176/459] KBTT
[11:09:07] [177/459] HKCP
[11:09:08] [178/459] SWLC
[11:09:09] [179/459] RTND
[11:09:10] [180/459] PKKT
[11:09:11] 🔄 Identity reset
[11:09:11] 🔄 Identity rotated (every 10 requests)
[11:09:11] [181/459] HSTK
[11:09:12] [182/459] SPTT
[11:09:12] [183/459] IMPM
[11:09:13] [184/459] SCMV
[11:09:14] [185/459] SPCT
[11:09:15] [186/459] JBCA
[11:09:16] [187/459] ATTR
[11:09:17] [188/459] SPMT
[11:09:18] [189/459] LCTM
[11:09:18] [190/459] SCVL
[11:09:19] 🔄 Identity reset
[11:09:19] 🔄 Identity rotated (every 10 requests)
[11:09:19] [191/459] SCVT
[11:09:20] [192/459] KRIC
[11:09:21] [193/459] CTMG
[11:09:22] [194/459] ACNC
[11:09:23] [195/459] DMCK
[11:09:24] [196/459] KMTV
[11:09:25] [197/459] PFCJ
[11:09:25] [198/459] VNMD
[11:09:26] [199/459] VPCZ
[11:09:27] [200/459] SRYR
[11:09:28] 🔄 Identity reset
[11:09:28] 🔄 Identity rotated (every 10 requests)
[11:09:28] [201/459] SYTR
[11:09:30] [202/459] GATR
[11:09:31] [203/459] URTR
[11:09:31] [204/459] MKSM
[11:09:32] [205/459] VSMH
[11:09:33] [206/459] SKRJ
[11:09:33] [207/459] SSJR
[11:09:34] [208/459] SVSM
[11:09:35] [209/459] RUCM
[11:09:35] [210/459] PRKN
[11:09:36] 🔄 Identity reset
[11:09:36] 🔄 Identity rotated (every 10 requests)
[11:09:37] [211/459] RROH
[11:09:38] [212/459] SCTN
[11:09:39] [213/459] RTDM
[11:09:39] [214/459] ASRM
[11:09:40] [215/459] SKMD
[11:09:41] [216/459] SUTD
[11:09:41] [217/459] SADM
[11:09:42] [218/459] WCNR
[11:09:43] [219/459] CNED
[11:09:44] [220/459] MPDB
[11:09:45] 🔄 Identity reset
[11:09:45] 🔄 Identity rotated (every 10 requests)
[11:09:45] 🔄 Retry 1/5 for MPDB in 2.4s
[11:09:45] 🔄 Identity reset
[11:09:47] 🧠 New identity created
[11:09:47] [221/459] KTBH
[11:09:48] [222/459] IDRM
[11:09:50] [223/459] PJJT
[11:09:51] [224/459] PFCV
[11:09:52] [225/459] AACT
[11:09:54] [226/459] AAAD
[11:09:55] [227/459] ANES
[11:09:56] [228/459] MNCA
[11:09:57] [229/459] RMGU
[11:09:57] 🔄 Identity reset
[11:09:57] 🔄 Identity rotated (every 10 requests)
[11:09:57] 🔄 Retry 1/5 for RMGU in 2.5s
[11:09:57] 🔄 Identity reset
[11:10:00] 🧠 New identity created
[11:10:00] [230/459] DLCN
[11:10:01] [231/459] LJWT
[11:10:02] [232/459] MCBG
[11:10:03] [233/459] MYBG
[11:10:03] [234/459] GCCA
[11:10:04] [235/459] GCGA
[11:10:05] [236/459] ECGN
[11:10:06] [237/459] PRAB
[11:10:07] [238/459] PNMP
[11:10:08] 🔄 Identity reset
[11:10:08] 🔄 Identity rotated (every 10 requests)
[11:10:08] [239/459] GCPT
[11:10:09] [240/459] ROYN
[11:10:09] [241/459] VATM
[11:10:10] [242/459] KSNT
[11:10:11] [243/459] ACTC
[11:10:12] [244/459] PLTD
[11:10:13] [245/459] SKMK
[11:10:13] [246/459] CMTT
[11:10:14] [247/459] SMXP
[11:10:15] [248/459] SCMX
[11:10:16] 🔄 Identity reset
[11:10:16] 🔄 Identity rotated (every 10 requests)
[11:10:16] [249/459] ACXN
[11:10:17] [250/459] ASWT
[11:10:18] [251/459] VVVL
[11:10:18] [252/459] NAGO
[11:10:19] [253/459] SNCN
[11:10:20] [254/459] MCKP
[11:10:20] [255/459] SAMO
[11:10:21] [256/459] JBTV
[11:10:21] [257/459] DCVV
[11:10:22] [258/459] KMSV
[11:10:23] 🔄 Identity reset
[11:10:23] 🔄 Identity rotated (every 10 requests)
[11:10:24] [259/459] KDCN
[11:10:25] [260/459] CNCP
[11:10:26] [261/459] HAMC
[11:10:27] [262/459] CCVZ
[11:10:28] [263/459] NCCK
[11:10:28] [264/459] MCHR
[11:10:29] [265/459] SCHT
[11:10:30] [266/459] ESSH
[11:10:31] [267/459] CUJC
[11:10:32] [268/459] PECP
[11:10:32] 🔄 Identity reset
[11:10:32] 🔄 Identity rotated (every 10 requests)
[11:10:32] [269/459] PMMI
[11:10:33] [270/459] PCCH
[11:10:34] [271/459] PRPM
[11:10:35] [272/459] PVKL
[11:10:36] [273/459] CBSM
[11:10:37] [274/459] PVCZ
[11:10:38] [275/459] PCVV
[11:10:39] [276/459] CTMJ
[11:10:39] [277/459] RCPS
[11:10:40] [278/459] PCIT
[11:10:41] 🔄 Identity reset
[11:10:41] 🔄 Identity rotated (every 10 requests)
[11:10:42] [279/459] FNCH
[11:10:43] [280/459] INZD
[11:10:44] [281/459] INPC
[11:10:45] [282/459] LCZP
[11:10:46] [283/459] SMCB
[11:10:46] [284/459] PTSB
[11:10:47] [285/459] TPSI
[11:10:49] [286/459] KHMJ
[11:10:51] [287/459] RCCJ
[11:10:51] [288/459] NCJA
[11:10:52] 🔄 Identity reset
[11:10:52] 🔄 Identity rotated (every 10 requests)
[11:10:52] [289/459] NCJN
[11:10:53] [290/459] BTDP
[11:10:54] [291/459] PADY
[11:10:55] [292/459] NYBH
[11:10:56] [293/459] MTBR
[11:10:57] [294/459] KRBC
[11:10:59] [295/459] DKTI
[11:11:00] [296/459] ANAN
[11:11:01] [297/459] INBP
[11:11:02] [298/459] PATB
[11:11:03] 🔄 Identity reset
[11:11:03] 🔄 Identity rotated (every 10 requests)
[11:11:03] [299/459] RGNT
[11:11:04] [300/459] CGPM
[11:11:05] [301/459] INTN
[11:11:06] [302/459] MCMP
[11:11:07] [303/459] ASRG
[11:11:08] [304/459] CXJD
[11:11:08] [305/459] SPCP
[11:11:09] [306/459] CSTP
[11:11:10] [307/459] PKVC
[11:11:11] [308/459] ESCP
[11:11:11] 🔄 Identity reset
[11:11:11] 🔄 Identity rotated (every 10 requests)
[11:11:12] [309/459] CAEP
[11:11:13] [310/459] CCSP
[11:11:14] [311/459] KTPC
[11:11:15] [312/459] DACA
[11:11:16] [313/459] NVKY
[11:11:17] [314/459] PTIN
[11:11:17] [315/459] SCIN
[11:11:19] [316/459] MCTY
[11:11:20] [317/459] PCMX
[11:11:20] [318/459] INIC
[11:11:21] 🔄 Identity reset
[11:11:21] 🔄 Identity rotated (every 10 requests)
[11:11:22] [319/459] MMZM
[11:11:22] [320/459] SSLP
[11:11:23] [321/459] DTDT
[11:11:24] [322/459] FFCX
[11:11:25] [323/459] RCMM
[11:11:26] [324/459] KYID
[11:11:27] [325/459] CSCI
[11:11:28] [326/459] FCMC
[11:11:30] [327/459] MMXI
[11:11:30] [328/459] ASTC
[11:11:31] 🔄 Identity reset
[11:11:31] 🔄 Identity rotated (every 10 requests)
[11:11:32] [329/459] CMRA
[11:11:33] [330/459] DICI
[11:11:34] [331/459] KDIN
[11:11:35] [332/459] PRFI
[11:11:36] [333/459] SVFC
[11:11:36] [334/459] UCPL
[11:11:37] [335/459] COOC
[11:11:38] [336/459] SCAL
[11:11:39] [337/459] SVFF
[11:11:39] [338/459] VCMG
[11:11:40] 🔄 Identity reset
[11:11:40] 🔄 Identity rotated (every 10 requests)
[11:11:40] [339/459] UUCT
[11:11:41] [340/459] GCSE
[11:11:42] [341/459] SUSC
[11:11:43] [342/459] MISC
[11:11:44] [343/459] RMBL
[11:11:45] [344/459] CMXN
[11:11:46] [345/459] PVBK
[11:11:47] [346/459] HHCG
[11:11:47] [347/459] SCAG
[11:11:48] [348/459] CNPR
[11:11:49] 🔄 Identity reset
[11:11:49] 🔄 Identity rotated (every 10 requests)
[11:11:49] [349/459] CSER
[11:11:50] [350/459] HLWD
[11:11:52] [351/459] BOLY
[11:11:53] [352/459] SSPG
[11:11:54] [353/459] MUPX
[11:11:55] [354/459] HAMR
[11:11:56] [355/459] SDNC
[11:11:56] [356/459] RTEN
[11:11:57] [357/459] SDTD
[11:11:58] [358/459] KAWS
[11:11:59] 🔄 Identity reset
[11:11:59] 🔄 Identity rotated (every 10 requests)
[11:11:59] [359/459] CMZX
[11:12:00] [360/459] DCDD
[11:12:01] [361/459] ALSN
[11:12:02] [362/459] IMXS
[11:12:04] [363/459] PVFF
[11:12:04] [364/459] PVOO
[11:12:05] [365/459] CFBS
[11:12:06] [366/459] PVER
[11:12:07] [367/459] PPNX
[11:12:08] [368/459] CNRM
[11:12:08] 🔄 Identity reset
[11:12:08] 🔄 Identity rotated (every 10 requests)
[11:12:09] [369/459] PVWW
[11:12:09] [370/459] INMB
[11:12:10] [371/459] CPJR
[11:12:12] [372/459] INRZ
[11:12:13] [373/459] PMSR
[11:12:14] [374/459] GPGM
[11:12:15] [375/459] PGWB
[11:12:16] [376/459] PMBR
[11:12:17] [377/459] GPAM
[11:12:18] [378/459] INBC
[11:12:19] 🔄 Identity reset
[11:12:19] 🔄 Identity rotated (every 10 requests)
[11:12:19] [379/459] PZVK
[11:12:20] [380/459] CPEB
[11:12:22] [381/459] FMLB
[11:12:24] [382/459] INBG
[11:12:25] [383/459] GPBR
[11:12:25] [384/459] PAAS
[11:12:26] [385/459] VTBR
[11:12:27] [386/459] GPMY
[11:12:28] [387/459] GYBU
[11:12:29] [388/459] INBJ
[11:12:30] 🔄 Identity reset
[11:12:30] 🔄 Identity rotated (every 10 requests)
[11:12:30] [389/459] LKTH
[11:12:31] [390/459] NSBR
[11:12:32] [391/459] PDRD
[11:12:33] [392/459] VRBL
[11:12:34] [393/459] VTGB
[11:12:34] [394/459] VTSK
[11:12:35] [395/459] BKDV
[11:12:37] [396/459] SVTB
[11:12:38] [397/459] MLDT
[11:12:38] [398/459] NRBL
[11:12:39] 🔄 Identity reset
[11:12:39] 🔄 Identity rotated (every 10 requests)
[11:12:40] [399/459] SLTR
[11:12:40] [400/459] VNKA
[11:12:41] [401/459] TDCA
[11:12:41] [402/459] INBM
[11:12:42] [403/459] SSNR
[11:12:43] [404/459] BHAC
[11:12:44] [405/459] SDSD
[11:12:45] [406/459] SAMP
[11:12:46] [407/459] RATK
[11:12:47] [408/459] KCBI
[11:12:48] 🔄 Identity reset
[11:12:48] 🔄 Identity rotated (every 10 requests)
[11:12:48] [409/459] URBL
[11:12:49] [410/459] MKBG
[11:12:50] [411/459] ASTB
[11:12:51] [412/459] VBWT
[11:12:52] [413/459] GPSM
[11:12:53] [414/459] ROON
[11:12:54] [415/459] CHTH
[11:12:55] [416/459] SSPA
[11:12:56] [417/459] ANBL
[11:12:57] [418/459] VTBE
[11:12:58] 🔄 Identity reset
[11:12:58] 🔄 Identity rotated (every 10 requests)
[11:12:58] [419/459] SVKT
[11:12:59] [420/459] SVYK
[11:12:59] [421/459] PTBK
[11:13:00] [422/459] RKTB
[11:13:01] [423/459] BALT
[11:13:02] [424/459] STSV
[11:13:03] [425/459] VCCB
[11:13:04] [426/459] SLTB
[11:13:05] [427/459] SBCR
[11:13:06] [428/459] VDCS
[11:13:06] 🔄 Identity reset
[11:13:06] 🔄 Identity rotated (every 10 requests)
[11:13:07] [429/459] MDKI
[11:13:07] [430/459] SMRN
[11:13:08] [431/459] PTBC
[11:13:09] [432/459] RADI
[11:13:10] [433/459] ADCR
[11:13:11] [434/459] SDCS
[11:13:12] [435/459] SRPJ
[11:13:13] [436/459] ARTS
[11:13:14] [437/459] SRHK
[11:13:15] [438/459] SPAY
[11:13:16] 🔄 Identity reset
[11:13:16] 🔄 Identity rotated (every 10 requests)
[11:13:16] [439/459] GPTB
[11:13:17] [440/459] SNNN
[11:13:18] [441/459] BALJ
[11:13:19] [442/459] TRIG
[11:13:20] [443/459] GTYT
[11:13:21] [444/459] ATGN
[11:13:22] [445/459] ANTE
[11:13:22] [446/459] BDCG
[11:13:23] [447/459] VECI
[11:13:24] [448/459] SCPR
[11:13:25] 🔄 Identity reset
[11:13:25] 🔄 Identity rotated (every 10 requests)
[11:13:25] [449/459] RTEA
[11:13:26] [450/459] JSAI
[11:13:27] [451/459] VJTP
[11:13:28] [452/459] GNDS
[11:13:29] [453/459] PAXA
[11:13:30] [454/459] CGGM
[11:13:31] [455/459] ACKZ
[11:13:32] [456/459] EMCC
[11:13:32] [457/459] KLSK
[11:13:34] [458/459] AVCK
[11:13:35] 🔄 Identity reset
[11:13:35] 🔄 Identity rotated (every 10 requests)
[11:13:35] [459/459] JTCK
[11:13:36] ✅ DONE | Shows=1923 | Movies=71
[12:06:58] 🚀 BMS DAILY TRACKER STARTED (enhanced anti‑detection)
[12:06:58] [1/459] NECA
[12:06:59] 🧠 New identity created
[12:06:59] [2/459] BJLC
[12:07:00] [3/459] BASU
[12:07:01] [4/459] RUPI
[12:07:02] [5/459] LCBK
[12:07:02] [6/459] PMAC
[12:07:04] [7/459] AMLC
[12:07:04] [8/459] LICL
[12:07:05] [9/459] UDMM
[12:07:06] [10/459] STBZ
[12:07:06] 🔄 Identity reset
[12:07:07] 🔄 Identity rotated (every 10 requests)
[12:07:07] [11/459] UUBT
[12:07:08] [12/459] SJKC
[12:07:09] [13/459] TUAL
[12:07:10] [14/459] MRSE
[12:07:11] [15/459] RMRK
[12:07:12] [16/459] TTKP
[12:07:12] [17/459] KTKO
[12:07:13] [18/459] SDBK
[12:07:14] [19/459] MCPR
[12:07:15] [20/459] CHTI
[12:07:16] 🔄 Identity reset
[12:07:16] 🔄 Identity rotated (every 10 requests)
[12:07:16] [21/459] GCCP
[12:07:17] [22/459] SRMY
[12:07:18] [23/459] NYST
[12:07:18] [24/459] NYAG
[12:07:19] [25/459] SBMT
[12:07:20] [26/459] INGA
[12:07:21] [27/459] WSIC
[12:07:22] [28/459] SCSS
[12:07:23] [29/459] COPG
[12:07:24] [30/459] RCGR
[12:07:25] 🔄 Identity reset
[12:07:25] 🔄 Identity rotated (every 10 requests)
[12:07:25] [31/459] TCZA
[12:07:26] [32/459] CNLP
[12:07:26] [33/459] CLKN
[12:07:27] [34/459] LHDF
[12:07:28] [35/459] ELKC
[12:07:29] [36/459] VCEM
[12:07:29] [37/459] SSZA
[12:07:31] [38/459] KRMT
[12:07:32] [39/459] LCMV
[12:07:33] [40/459] AYCZ
[12:07:34] 🔄 Identity reset
[12:07:34] 🔄 Identity rotated (every 10 requests)
[12:07:34] [41/459] CUMS
[12:07:35] [42/459] BOCK
[12:07:36] [43/459] PNMR
[12:07:36] [44/459] PJCP
[12:07:37] [45/459] JDDD
[12:07:38] [46/459] STMS
[12:07:40] [47/459] FLMB
[12:07:41] [48/459] PKCM
[12:07:41] [49/459] SPPR
[12:07:42] [50/459] EYLH
[12:07:43] 🔄 Identity reset
[12:07:43] 🔄 Identity rotated (every 10 requests)
[12:07:44] [51/459] RJCC
[12:07:44] [52/459] MMPS
[12:07:45] [53/459] SHMX
[12:07:46] [54/459] CCNL
[12:07:47] [55/459] RCNV
[12:07:47] [56/459] MAAG
[12:07:48] [57/459] LXCM
[12:07:49] [58/459] RCNI
[12:07:50] [59/459] SNNI
[12:07:51] [60/459] LALC
[12:07:51] 🔄 Identity reset
[12:07:51] 🔄 Identity rotated (every 10 requests)
[12:07:51] [61/459] SOCN
[12:07:52] [62/459] JHTP
[12:07:53] [63/459] PITP
[12:07:54] [64/459] CCKW
[12:07:55] [65/459] MCMC
[12:07:56] [66/459] DEES
[12:07:57] [67/459] SABT
[12:07:58] [68/459] VSPP
[12:07:59] [69/459] ABCT
[12:08:00] [70/459] JVTB
[12:08:01] 🔄 Identity reset
[12:08:01] 🔄 Identity rotated (every 10 requests)
[12:08:01] [71/459] VCBD
[12:08:02] [72/459] RMGG
[12:08:03] [73/459] RNMH
[12:08:03] [74/459] SPGL
[12:08:04] [75/459] JTTR
[12:08:05] [76/459] SICS
[12:08:07] [77/459] SRMI
[12:08:08] [78/459] SSIJ
[12:08:09] [79/459] KFMT
[12:08:10] [80/459] VBIT
[12:08:11] 🔄 Identity reset
[12:08:11] 🔄 Identity rotated (every 10 requests)
[12:08:11] 🔄 Retry 1/5 for VBIT in 2.0s
[12:08:11] 🔄 Identity reset
[12:08:13] 🧠 New identity created
[12:08:14] [81/459] JKCT
[12:08:14] [82/459] GCGP
[12:08:15] [83/459] GDCS
[12:08:17] [84/459] TRBA
[12:08:18] [85/459] QUST
[12:08:19] [86/459] VSHM
[12:08:20] [87/459] SDCP
[12:08:21] [88/459] SNVS
[12:08:22] [89/459] NYTO
[12:08:23] 🔄 Identity reset
[12:08:23] 🔄 Identity rotated (every 10 requests)
[12:08:23] [90/459] URWC
[12:08:25] [91/459] GTWH
[12:08:26] [92/459] PFCM
[12:08:27] [93/459] KRTA
[12:08:28] [94/459] AXMC
[12:08:29] [95/459] EVMC
[12:08:30] [96/459] HGSM
[12:08:31] [97/459] ACVM
[12:08:32] [98/459] PSKL
[12:08:32] [99/459] RDMP
[12:08:33] 🔄 Identity reset
[12:08:33] 🔄 Identity rotated (every 10 requests)
[12:08:34] [100/459] RHGH
[12:08:35] [101/459] OMCM
[12:08:35] [102/459] DCCP
[12:08:36] [103/459] MCPB
[12:08:37] [104/459] ALCI
[12:08:38] [105/459] BLMX
[12:08:39] [106/459] BTMV
[12:08:40] [107/459] FVPN
[12:08:41] [108/459] CMAR
[12:08:42] [109/459] CEIM
[12:08:42] 🔄 Identity reset
[12:08:42] 🔄 Identity rotated (every 10 requests)
[12:08:43] [110/459] CMVA
[12:08:44] [111/459] CPIV
[12:08:44] [112/459] CNPE
[12:08:45] [113/459] COLV
[12:08:46] [114/459] DNNV
[12:08:47] [115/459] HCAD
[12:08:48] [116/459] TAKA
[12:08:49] [117/459] INVD
[12:08:50] [118/459] IRMM
[12:08:51] [119/459] INSE
[12:08:52] 🔄 Identity reset
[12:08:52] 🔄 Identity rotated (every 10 requests)
[12:08:52] [120/459] MRSW
[12:08:53] [121/459] MCVD
[12:08:55] [122/459] MCSO
[12:08:56] [123/459] PEVM
[12:08:56] [124/459] PVNL
[12:08:57] [125/459] PTCV
[12:08:58] [126/459] PRTC
[12:09:00] [127/459] RCVA
[12:09:00] [128/459] MTBN
[12:09:01] [129/459] LUCP
[12:09:02] 🔄 Identity reset
[12:09:02] 🔄 Identity rotated (every 10 requests)
[12:09:02] [130/459] FMPT
[12:09:04] [131/459] JLSL
[12:09:05] [132/459] SBHA
[12:09:06] [133/459] SHRC
[12:09:06] [134/459] AVPS
[12:09:07] [135/459] STPM
[12:09:08] [136/459] ATRD
[12:09:09] [137/459] VTED
[12:09:11] [138/459] ACAI
[12:09:12] [139/459] SMAE
[12:09:13] 🔄 Identity reset
[12:09:13] 🔄 Identity rotated (every 10 requests)
[12:09:13] [140/459] VMAT
[12:09:15] [141/459] LKCT
[12:09:16] [142/459] JTVK
[12:09:17] [143/459] PRTY
[12:09:18] [144/459] GETT
[12:09:19] [145/459] ESAP
[12:09:19] [146/459] NCPM
[12:09:20] [147/459] PCPA
[12:09:21] [148/459] MMOM
[12:09:22] [149/459] PHUP
[12:09:23] 🔄 Identity reset
[12:09:23] 🔄 Identity rotated (every 10 requests)
[12:09:23] [150/459] CCPI
[12:09:24] [151/459] CNTD
[12:09:24] [152/459] NLJR
[12:09:25] [153/459] SRNG
[12:09:26] [154/459] MHAL
[12:09:27] [155/459] PNSM
[12:09:27] [156/459] DRMY
[12:09:28] [157/459] CCMU
[12:09:29] [158/459] SCMY
[12:09:30] [159/459] PVSY
[12:09:30] 🔄 Identity reset
[12:09:30] 🔄 Identity rotated (every 10 requests)
[12:09:31] [160/459] SDLM
[12:09:32] [161/459] ICCM
[12:09:33] [162/459] PYSU
[12:09:34] [163/459] GATM
[12:09:35] [164/459] WOTM
[12:09:36] [165/459] RKTS
[12:09:37] [166/459] PMTY
[12:09:37] [167/459] LYMS
[12:09:38] [168/459] TGCA
[12:09:39] [169/459] DSTA
[12:09:40] 🔄 Identity reset
[12:09:40] 🔄 Identity rotated (every 10 requests)
[12:09:40] [170/459] CNGE
[12:09:41] [171/459] VSTG
[12:09:42] [172/459] GTCK
[12:09:43] [173/459] TGNT
[12:09:43] [174/459] ASLC
[12:09:44] [175/459] SSST
[12:09:45] [176/459] KBTT
[12:09:46] [177/459] HKCP
[12:09:47] [178/459] SWLC
[12:09:47] [179/459] RTND
[12:09:48] 🔄 Identity reset
[12:09:48] 🔄 Identity rotated (every 10 requests)
[12:09:48] [180/459] PKKT
[12:09:49] [181/459] HSTK
[12:09:50] [182/459] SPTT
[12:09:51] [183/459] IMPM
[12:09:53] [184/459] SCMV
[12:09:53] [185/459] SPCT
[12:09:54] [186/459] JBCA
[12:09:56] [187/459] ATTR
[12:09:57] [188/459] SPMT
[12:09:57] [189/459] LCTM
[12:09:58] 🔄 Identity reset
[12:09:58] 🔄 Identity rotated (every 10 requests)
[12:09:58] [190/459] SCVL
[12:09:59] [191/459] SCVT
[12:10:00] [192/459] KRIC
[12:10:00] [193/459] CTMG
[12:10:01] [194/459] ACNC
[12:10:02] [195/459] DMCK
[12:10:03] [196/459] KMTV
[12:10:04] [197/459] PFCJ
[12:10:06] [198/459] VNMD
[12:10:06] [199/459] VPCZ
[12:10:07] 🔄 Identity reset
[12:10:07] 🔄 Identity rotated (every 10 requests)
[12:10:07] [200/459] SRYR
[12:10:07] [201/459] SYTR
[12:10:08] [202/459] GATR
[12:10:09] [203/459] URTR
[12:10:10] [204/459] MKSM
[12:10:11] [205/459] VSMH
[12:10:12] [206/459] SKRJ
[12:10:13] [207/459] SSJR
[12:10:14] [208/459] SVSM
[12:10:14] [209/459] RUCM
[12:10:15] 🔄 Identity reset
[12:10:15] 🔄 Identity rotated (every 10 requests)
[12:10:16] [210/459] PRKN
[12:10:16] [211/459] RROH
[12:10:17] [212/459] SCTN
[12:10:18] [213/459] RTDM
[12:10:20] [214/459] ASRM
[12:10:21] [215/459] SKMD
[12:10:21] [216/459] SUTD
[12:10:22] [217/459] SADM
[12:10:23] [218/459] WCNR
[12:10:24] [219/459] CNED
[12:10:24] 🔄 Identity reset
[12:10:24] 🔄 Identity rotated (every 10 requests)
[12:10:26] [220/459] MPDB
[12:10:26] [221/459] KTBH
[12:10:27] [222/459] IDRM
[12:10:28] [223/459] PJJT
[12:10:30] [224/459] PFCV
[12:10:31] [225/459] AACT
[12:10:33] [226/459] AAAD
[12:10:35] [227/459] ANES
[12:10:36] [228/459] MNCA
[12:10:36] [229/459] RMGU
[12:10:37] 🔄 Identity reset
[12:10:37] 🔄 Identity rotated (every 10 requests)
[12:10:37] [230/459] DLCN
[12:10:38] [231/459] LJWT
[12:10:39] [232/459] MCBG
[12:10:40] [233/459] MYBG
[12:10:41] [234/459] GCCA
[12:10:42] [235/459] GCGA
[12:10:43] [236/459] ECGN
[12:10:44] [237/459] PRAB
[12:10:45] [238/459] PNMP
[12:10:45] [239/459] GCPT
[12:10:46] 🔄 Identity reset
[12:10:46] 🔄 Identity rotated (every 10 requests)
[12:10:47] [240/459] ROYN
[12:10:48] [241/459] VATM
[12:10:49] [242/459] KSNT
[12:10:50] [243/459] ACTC
[12:10:51] [244/459] PLTD
[12:10:51] [245/459] SKMK
[12:10:52] [246/459] CMTT
[12:10:53] [247/459] SMXP
[12:10:54] [248/459] SCMX
[12:10:56] [249/459] ACXN
[12:10:56] 🔄 Identity reset
[12:10:56] 🔄 Identity rotated (every 10 requests)
[12:10:57] [250/459] ASWT
[12:10:58] [251/459] VVVL
[12:10:58] [252/459] NAGO
[12:11:00] [253/459] SNCN
[12:11:01] [254/459] MCKP
[12:11:03] [255/459] SAMO
[12:11:04] [256/459] JBTV
[12:11:04] [257/459] DCVV
[12:11:05] [258/459] KMSV
[12:11:06] [259/459] KDCN
[12:11:07] 🔄 Identity reset
[12:11:07] 🔄 Identity rotated (every 10 requests)
[12:11:07] [260/459] CNCP
[12:11:09] [261/459] HAMC
[12:11:10] [262/459] CCVZ
[12:11:11] [263/459] NCCK
[12:11:11] [264/459] MCHR
[12:11:12] [265/459] SCHT
[12:11:13] [266/459] ESSH
[12:11:14] [267/459] CUJC
[12:11:15] [268/459] PECP
[12:11:17] [269/459] PMMI
[12:11:17] 🔄 Identity reset
[12:11:17] 🔄 Identity rotated (every 10 requests)
[12:11:17] [270/459] PCCH
[12:11:18] [271/459] PRPM
[12:11:19] [272/459] PVKL
[12:11:20] [273/459] CBSM
[12:11:21] [274/459] PVCZ
[12:11:21] [275/459] PCVV
[12:11:22] [276/459] CTMJ
[12:11:23] [277/459] RCPS
[12:11:24] [278/459] PCIT
[12:11:25] [279/459] FNCH
[12:11:25] 🔄 Identity reset
[12:11:25] 🔄 Identity rotated (every 10 requests)
[12:11:26] [280/459] INZD
[12:11:27] [281/459] INPC
[12:11:27] [282/459] LCZP
[12:11:28] [283/459] SMCB
[12:11:29] [284/459] PTSB
[12:11:30] [285/459] TPSI
[12:11:31] [286/459] KHMJ
[12:11:33] [287/459] RCCJ
[12:11:34] [288/459] NCJA
[12:11:34] [289/459] NCJN
[12:11:35] 🔄 Identity reset
[12:11:35] 🔄 Identity rotated (every 10 requests)
[12:11:36] [290/459] BTDP
[12:11:36] [291/459] PADY
[12:11:37] [292/459] NYBH
[12:11:38] [293/459] MTBR
[12:11:39] [294/459] KRBC
[12:11:40] [295/459] DKTI
[12:11:42] [296/459] ANAN
[12:11:42] [297/459] INBP
[12:11:43] [298/459] PATB
[12:11:44] [299/459] RGNT
[12:11:45] 🔄 Identity reset
[12:11:45] 🔄 Identity rotated (every 10 requests)
[12:11:45] [300/459] CGPM
[12:11:46] [301/459] INTN
[12:11:47] [302/459] MCMP
[12:11:48] [303/459] ASRG
[12:11:49] [304/459] CXJD
[12:11:50] [305/459] SPCP
[12:11:51] [306/459] CSTP
[12:11:51] [307/459] PKVC
[12:11:52] [308/459] ESCP
[12:11:53] [309/459] CAEP
[12:11:54] 🔄 Identity reset
[12:11:54] 🔄 Identity rotated (every 10 requests)
[12:11:54] [310/459] CCSP
[12:11:55] [311/459] KTPC
[12:11:56] [312/459] DACA
[12:11:57] [313/459] NVKY
[12:11:58] [314/459] PTIN
[12:11:59] [315/459] SCIN
[12:12:01] [316/459] MCTY
[12:12:02] [317/459] PCMX
[12:12:03] [318/459] INIC
[12:12:04] [319/459] MMZM
[12:12:05] 🔄 Identity reset
[12:12:05] 🔄 Identity rotated (every 10 requests)
[12:12:05] [320/459] SSLP
[12:12:06] [321/459] DTDT
[12:12:07] [322/459] FFCX
[12:12:08] [323/459] RCMM
[12:12:09] [324/459] KYID
[12:12:10] [325/459] CSCI
[12:12:11] [326/459] FCMC
[12:12:13] [327/459] MMXI
[12:12:14] [328/459] ASTC
[12:12:15] [329/459] CMRA
[12:12:15] 🔄 Identity reset
[12:12:15] 🔄 Identity rotated (every 10 requests)
[12:12:16] [330/459] DICI
[12:12:17] [331/459] KDIN
[12:12:18] [332/459] PRFI
[12:12:19] [333/459] SVFC
[12:12:20] [334/459] UCPL
[12:12:20] [335/459] COOC
[12:12:21] [336/459] SCAL
[12:12:22] [337/459] SVFF
[12:12:22] [338/459] VCMG
[12:12:23] [339/459] UUCT
[12:12:23] 🔄 Identity reset
[12:12:23] 🔄 Identity rotated (every 10 requests)
[12:12:24] [340/459] GCSE
[12:12:25] [341/459] SUSC
[12:12:26] [342/459] MISC
[12:12:27] [343/459] RMBL
[12:12:28] [344/459] CMXN
[12:12:29] [345/459] PVBK
[12:12:32] [346/459] HHCG
[12:12:37] [347/459] SCAG
[12:12:41] [348/459] CNPR
[12:12:43] [349/459] CSER
[12:12:43] 🔄 Identity reset
[12:12:43] 🔄 Identity rotated (every 10 requests)
[12:12:44] [350/459] HLWD
[12:12:45] [351/459] BOLY
[12:12:46] [352/459] SSPG
[12:12:47] [353/459] MUPX
[12:12:48] [354/459] HAMR
[12:12:49] [355/459] SDNC
[12:12:50] [356/459] RTEN
[12:12:51] [357/459] SDTD
[12:12:52] [358/459] KAWS
[12:12:53] [359/459] CMZX
[12:12:53] 🔄 Identity reset
[12:12:53] 🔄 Identity rotated (every 10 requests)
[12:12:54] [360/459] DCDD
[12:12:55] [361/459] ALSN
[12:12:56] [362/459] IMXS
[12:12:57] [363/459] PVFF
[12:12:58] [364/459] PVOO
[12:12:59] [365/459] CFBS
[12:13:00] [366/459] PVER
[12:13:02] [367/459] PPNX
[12:13:03] [368/459] CNRM
[12:13:03] [369/459] PVWW
[12:13:04] 🔄 Identity reset
[12:13:04] 🔄 Identity rotated (every 10 requests)
[12:13:05] [370/459] INMB
[12:13:06] [371/459] CPJR
[12:13:08] [372/459] INRZ
[12:13:09] [373/459] PMSR
[12:13:10] [374/459] GPGM
[12:13:10] [375/459] PGWB
[12:13:11] [376/459] PMBR
[12:13:12] [377/459] GPAM
[12:13:13] [378/459] INBC
[12:13:14] [379/459] PZVK
[12:13:15] 🔄 Identity reset
[12:13:15] 🔄 Identity rotated (every 10 requests)
[12:13:15] [380/459] CPEB
[12:13:16] [381/459] FMLB
[12:13:17] [382/459] INBG
[12:13:18] [383/459] GPBR
[12:13:19] [384/459] PAAS
[12:13:20] [385/459] VTBR
[12:13:21] [386/459] GPMY
[12:13:22] [387/459] GYBU
[12:13:22] [388/459] INBJ
[12:13:23] [389/459] LKTH
[12:13:24] 🔄 Identity reset
[12:13:24] 🔄 Identity rotated (every 10 requests)
[12:13:24] [390/459] NSBR
[12:13:25] [391/459] PDRD
[12:13:26] [392/459] VRBL
[12:13:27] [393/459] VTGB
[12:13:28] [394/459] VTSK
[12:13:29] [395/459] BKDV
[12:13:30] [396/459] SVTB
[12:13:31] [397/459] MLDT
[12:13:32] [398/459] NRBL
[12:13:33] [399/459] SLTR
[12:13:34] 🔄 Identity reset
[12:13:34] 🔄 Identity rotated (every 10 requests)
[12:13:34] [400/459] VNKA
[12:13:35] [401/459] TDCA
[12:13:36] [402/459] INBM
[12:13:37] [403/459] SSNR
[12:13:37] [404/459] BHAC
[12:13:38] [405/459] SDSD
[12:13:39] [406/459] SAMP
[12:13:40] [407/459] RATK
[12:13:41] [408/459] KCBI
[12:13:42] [409/459] URBL
[12:13:43] 🔄 Identity reset
[12:13:43] 🔄 Identity rotated (every 10 requests)
[12:13:43] [410/459] MKBG
[12:13:44] [411/459] ASTB
[12:13:45] [412/459] VBWT
[12:13:46] [413/459] GPSM
[12:13:47] [414/459] ROON
[12:13:48] [415/459] CHTH
[12:13:49] [416/459] SSPA
[12:13:50] [417/459] ANBL
[12:13:50] [418/459] VTBE
[12:13:51] [419/459] SVKT
[12:13:52] 🔄 Identity reset
[12:13:52] 🔄 Identity rotated (every 10 requests)
[12:13:52] [420/459] SVYK
[12:13:53] [421/459] PTBK
[12:13:54] [422/459] RKTB
[12:13:55] [423/459] BALT
[12:13:56] [424/459] STSV
[12:13:56] [425/459] VCCB
[12:13:57] [426/459] SLTB
[12:13:59] [427/459] SBCR
[12:14:00] [428/459] VDCS
[12:14:01] [429/459] MDKI
[12:14:02] 🔄 Identity reset
[12:14:02] 🔄 Identity rotated (every 10 requests)
[12:14:14] 🔄 Retry 1/5 for MDKI in 2.7s
[12:14:14] 🔄 Identity reset
[12:14:16] 🧠 New identity created
[12:14:17] [430/459] SMRN
[12:14:18] [431/459] PTBC
[12:14:19] [432/459] RADI
[12:14:20] [433/459] ADCR
[12:14:21] [434/459] SDCS
[12:14:22] [435/459] SRPJ
[12:14:23] [436/459] ARTS
[12:14:24] [437/459] SRHK
[12:14:25] [438/459] SPAY
[12:14:25] 🔄 Identity reset
[12:14:25] 🔄 Identity rotated (every 10 requests)
[12:14:26] [439/459] GPTB
[12:14:28] [440/459] SNNN
[12:14:28] [441/459] BALJ
[12:14:29] [442/459] TRIG
[12:14:30] [443/459] GTYT
[12:14:32] [444/459] ATGN
[12:14:33] [445/459] ANTE
[12:14:34] [446/459] BDCG
[12:14:35] [447/459] VECI
[12:14:36] [448/459] SCPR
[12:14:36] 🔄 Identity reset
[12:14:36] 🔄 Identity rotated (every 10 requests)
[12:14:37] [449/459] RTEA
[12:14:38] [450/459] JSAI
[12:14:39] [451/459] VJTP
[12:14:40] [452/459] GNDS
[12:14:41] [453/459] PAXA
[12:14:42] [454/459] CGGM
[12:14:43] [455/459] ACKZ
[12:14:44] [456/459] EMCC
[12:14:45] [457/459] KLSK
[12:14:45] [458/459] AVCK
[12:14:46] 🔄 Identity reset
[12:14:46] 🔄 Identity rotated (every 10 requests)
[12:14:47] [459/459] JTCK
[12:14:48] ✅ DONE | Shows=2206 | Movies=71
[12:56:28] 🚀 BMS DAILY TRACKER STARTED (enhanced anti‑detection)
[12:56:28] [1/459] NECA
[12:56:29] 🧠 New identity created
[12:56:30] [2/459] BJLC
[12:56:31] [3/459] BASU
[12:56:32] [4/459] RUPI
[12:56:33] [5/459] LCBK
[12:56:34] [6/459] PMAC
[12:56:35] [7/459] AMLC
[12:56:35] [8/459] LICL
[12:56:36] [9/459] UDMM
[12:56:37] [10/459] STBZ
[12:56:38] 🔄 Identity reset
[12:56:38] 🔄 Identity rotated (every 10 requests)
[12:56:38] [11/459] UUBT
[12:56:39] [12/459] SJKC
[12:56:40] [13/459] TUAL
[12:56:41] [14/459] MRSE
[12:56:42] [15/459] RMRK
[12:56:42] [16/459] TTKP
[12:56:43] [17/459] KTKO
[12:56:44] [18/459] SDBK
[12:56:45] [19/459] MCPR
[12:56:46] [20/459] CHTI
[12:56:46] 🔄 Identity reset
[12:56:46] 🔄 Identity rotated (every 10 requests)
[12:56:47] [21/459] GCCP
[12:56:48] [22/459] SRMY
[12:56:49] [23/459] NYST
[12:56:50] [24/459] NYAG
[12:56:51] [25/459] SBMT
[12:56:51] [26/459] INGA
[12:56:52] [27/459] WSIC
[12:56:53] [28/459] SCSS
[12:56:54] [29/459] COPG
[12:56:55] [30/459] RCGR
[12:56:56] 🔄 Identity reset
[12:56:56] 🔄 Identity rotated (every 10 requests)
[12:56:56] [31/459] TCZA
[12:56:57] [32/459] CNLP
[12:56:58] [33/459] CLKN
[12:56:59] [34/459] LHDF
[12:57:01] [35/459] ELKC
[12:57:02] [36/459] VCEM
[12:57:03] [37/459] SSZA
[12:57:04] [38/459] KRMT
[12:57:05] [39/459] LCMV
[12:57:06] [40/459] AYCZ
[12:57:07] 🔄 Identity reset
[12:57:07] 🔄 Identity rotated (every 10 requests)
[12:57:08] [41/459] CUMS
[12:57:09] [42/459] BOCK
[12:57:10] [43/459] PNMR
[12:57:11] [44/459] PJCP
[12:57:12] [45/459] JDDD
[12:57:13] [46/459] STMS
[12:57:14] [47/459] FLMB
[12:57:15] [48/459] PKCM
[12:57:16] [49/459] SPPR
[12:57:17] [50/459] EYLH
[12:57:17] 🔄 Identity reset
[12:57:17] 🔄 Identity rotated (every 10 requests)
[12:57:18] [51/459] RJCC
[12:57:19] [52/459] MMPS
[12:57:20] [53/459] SHMX
[12:57:21] [54/459] CCNL
[12:57:22] [55/459] RCNV
[12:57:23] [56/459] MAAG
[12:57:24] [57/459] LXCM
[12:57:25] [58/459] RCNI
[12:57:26] [59/459] SNNI
[12:57:27] [60/459] LALC
[12:57:27] 🔄 Identity reset
[12:57:27] 🔄 Identity rotated (every 10 requests)
[12:57:28] [61/459] SOCN
[12:57:29] [62/459] JHTP
[12:57:30] [63/459] PITP
[12:57:31] [64/459] CCKW
[12:57:32] [65/459] MCMC
[12:57:33] [66/459] DEES
[12:57:34] [67/459] SABT
[12:57:35] [68/459] VSPP
[12:57:36] [69/459] ABCT
[12:57:37] [70/459] JVTB
[12:57:38] 🔄 Identity reset
[12:57:38] 🔄 Identity rotated (every 10 requests)
[12:57:38] [71/459] VCBD
[12:57:39] [72/459] RMGG
[12:57:40] [73/459] RNMH
[12:57:41] [74/459] SPGL
[12:57:42] [75/459] JTTR
[12:57:43] [76/459] SICS
[12:57:44] [77/459] SRMI
[12:57:45] [78/459] SSIJ
[12:57:46] [79/459] KFMT
[12:57:47] [80/459] VBIT
[12:57:48] 🔄 Identity reset
[12:57:48] 🔄 Identity rotated (every 10 requests)
[12:57:48] [81/459] JKCT
[12:57:49] [82/459] GCGP
[12:57:50] [83/459] GDCS
[12:57:51] [84/459] TRBA
[12:57:52] [85/459] QUST
[12:57:53] [86/459] VSHM
[12:57:54] [87/459] SDCP
[12:57:55] [88/459] SNVS
[12:57:56] [89/459] NYTO
[12:57:57] [90/459] URWC
[12:57:58] 🔄 Identity reset
[12:57:58] 🔄 Identity rotated (every 10 requests)
[12:57:58] [91/459] GTWH
[12:57:59] [92/459] PFCM
[12:58:01] [93/459] KRTA
[12:58:01] [94/459] AXMC
[12:58:02] [95/459] EVMC
[12:58:03] [96/459] HGSM
[12:58:04] [97/459] ACVM
[12:58:05] [98/459] PSKL
[12:58:06] [99/459] RDMP
[12:58:07] [100/459] RHGH
[12:58:08] 🔄 Identity reset
[12:58:08] 🔄 Identity rotated (every 10 requests)
[12:58:08] [101/459] OMCM
[12:58:09] [102/459] DCCP
[12:58:10] [103/459] MCPB
[12:58:11] [104/459] ALCI
[12:58:12] [105/459] BLMX
[12:58:13] [106/459] BTMV
[12:58:13] [107/459] FVPN
[12:58:14] [108/459] CMAR
[12:58:16] [109/459] CEIM
[12:58:17] [110/459] CMVA
[12:58:17] 🔄 Identity reset
[12:58:17] 🔄 Identity rotated (every 10 requests)
[12:58:18] [111/459] CPIV
[12:58:19] [112/459] CNPE
[12:58:20] [113/459] COLV
[12:58:21] [114/459] DNNV
[12:58:22] [115/459] HCAD
[12:58:23] [116/459] TAKA
[12:58:24] [117/459] INVD
[12:58:25] [118/459] IRMM
[12:58:26] [119/459] INSE
[12:58:27] [120/459] MRSW
[12:58:27] 🔄 Identity reset
[12:58:27] 🔄 Identity rotated (every 10 requests)
[12:58:28] [121/459] MCVD
[12:58:29] [122/459] MCSO
[12:58:30] [123/459] PEVM
[12:58:32] [124/459] PVNL
[12:58:33] [125/459] PTCV
[12:58:34] [126/459] PRTC
[12:58:36] [127/459] RCVA
[12:58:36] [128/459] MTBN
[12:58:37] [129/459] LUCP
[12:58:38] [130/459] FMPT
[12:58:39] 🔄 Identity reset
[12:58:39] 🔄 Identity rotated (every 10 requests)
[12:58:39] 🔄 Retry 1/5 for FMPT in 2.4s
[12:58:39] 🔄 Identity reset
[12:58:41] 🧠 New identity created
[12:58:42] [131/459] JLSL
[12:58:43] [132/459] SBHA
[12:58:44] [133/459] SHRC
[12:58:44] [134/459] AVPS
[12:58:45] [135/459] STPM
[12:58:47] [136/459] ATRD
[12:58:48] [137/459] VTED
[12:58:49] [138/459] ACAI
[12:58:50] [139/459] SMAE
[12:58:51] 🔄 Identity reset
[12:58:51] 🔄 Identity rotated (every 10 requests)
[12:58:51] [140/459] VMAT
[12:58:52] [141/459] LKCT
[12:58:53] [142/459] JTVK
[12:58:54] [143/459] PRTY
[12:58:55] [144/459] GETT
[12:58:56] [145/459] ESAP
[12:58:57] [146/459] NCPM
[12:58:58] [147/459] PCPA
[12:58:59] [148/459] MMOM
[12:58:59] [149/459] PHUP
[12:59:00] 🔄 Identity reset
[12:59:00] 🔄 Identity rotated (every 10 requests)
[12:59:00] [150/459] CCPI
[12:59:01] [151/459] CNTD
[12:59:02] [152/459] NLJR
[12:59:03] [153/459] SRNG
[12:59:04] [154/459] MHAL
[12:59:05] [155/459] PNSM
[12:59:06] [156/459] DRMY
[12:59:07] [157/459] CCMU
[12:59:08] [158/459] SCMY
[12:59:08] [159/459] PVSY
[12:59:09] 🔄 Identity reset
[12:59:09] 🔄 Identity rotated (every 10 requests)
[12:59:09] [160/459] SDLM
[12:59:10] [161/459] ICCM
[12:59:12] [162/459] PYSU
[12:59:12] [163/459] GATM
[12:59:13] [164/459] WOTM
[12:59:14] [165/459] RKTS
[12:59:15] [166/459] PMTY
[12:59:16] [167/459] LYMS
[12:59:17] [168/459] TGCA
[12:59:18] [169/459] DSTA
[12:59:19] 🔄 Identity reset
[12:59:19] 🔄 Identity rotated (every 10 requests)
[12:59:19] [170/459] CNGE
[12:59:20] [171/459] VSTG
[12:59:21] [172/459] GTCK
[12:59:22] [173/459] TGNT
[12:59:23] [174/459] ASLC
[12:59:24] [175/459] SSST
[12:59:25] [176/459] KBTT
[12:59:26] [177/459] HKCP
[12:59:27] [178/459] SWLC
[12:59:28] [179/459] RTND
[12:59:28] 🔄 Identity reset
[12:59:28] 🔄 Identity rotated (every 10 requests)
[12:59:28] 🔄 Retry 1/5 for RTND in 2.3s
[12:59:28] 🔄 Identity reset
[12:59:31] 🧠 New identity created
[12:59:31] [180/459] PKKT
[12:59:32] [181/459] HSTK
[12:59:33] [182/459] SPTT
[12:59:34] [183/459] IMPM
[12:59:36] [184/459] SCMV
[12:59:37] [185/459] SPCT
[12:59:38] [186/459] JBCA
[12:59:39] [187/459] ATTR
[12:59:40] [188/459] SPMT
[12:59:41] 🔄 Identity reset
[12:59:41] 🔄 Identity rotated (every 10 requests)
[12:59:41] [189/459] LCTM
[12:59:42] [190/459] SCVL
[12:59:43] [191/459] SCVT
[12:59:44] [192/459] KRIC
[12:59:45] [193/459] CTMG
[12:59:46] [194/459] ACNC
[12:59:47] [195/459] DMCK
[12:59:48] [196/459] KMTV
[12:59:49] [197/459] PFCJ
[12:59:50] [198/459] VNMD
[12:59:51] 🔄 Identity reset
[12:59:51] 🔄 Identity rotated (every 10 requests)
[12:59:51] [199/459] VPCZ
[12:59:52] [200/459] SRYR
[12:59:53] [201/459] SYTR
[12:59:54] [202/459] GATR
[12:59:55] [203/459] URTR
[12:59:56] [204/459] MKSM
[12:59:57] [205/459] VSMH
[12:59:57] [206/459] SKRJ
[12:59:58] [207/459] SSJR
[12:59:59] [208/459] SVSM
[13:00:00] 🔄 Identity reset
[13:00:00] 🔄 Identity rotated (every 10 requests)
[13:00:01] [209/459] RUCM
[13:00:02] [210/459] PRKN
[13:00:03] [211/459] RROH
[13:00:05] [212/459] SCTN
[13:00:06] [213/459] RTDM
[13:00:06] [214/459] ASRM
[13:00:07] [215/459] SKMD
[13:00:08] [216/459] SUTD
[13:00:10] [217/459] SADM
[13:00:11] [218/459] WCNR
[13:00:11] 🔄 Identity reset
[13:00:11] 🔄 Identity rotated (every 10 requests)
[13:00:12] [219/459] CNED
[13:00:13] [220/459] MPDB
[13:00:14] [221/459] KTBH
[13:00:15] [222/459] IDRM
[13:00:16] [223/459] PJJT
[13:00:17] [224/459] PFCV
[13:00:18] [225/459] AACT
[13:00:20] [226/459] AAAD
[13:00:22] [227/459] ANES
[13:00:23] [228/459] MNCA
[13:00:23] 🔄 Identity reset
[13:00:23] 🔄 Identity rotated (every 10 requests)
[13:00:24] [229/459] RMGU
[13:00:24] [230/459] DLCN
[13:00:26] [231/459] LJWT
[13:00:27] [232/459] MCBG
[13:00:28] [233/459] MYBG
[13:00:29] [234/459] GCCA
[13:00:30] [235/459] GCGA
[13:00:31] [236/459] ECGN
[13:00:31] [237/459] PRAB
[13:00:32] [238/459] PNMP
[13:00:33] 🔄 Identity reset
[13:00:33] 🔄 Identity rotated (every 10 requests)
[13:00:34] [239/459] GCPT
[13:00:36] [240/459] ROYN
[13:00:37] [241/459] VATM
[13:00:38] [242/459] KSNT
[13:00:39] [243/459] ACTC
[13:00:40] [244/459] PLTD
[13:00:41] [245/459] SKMK
[13:00:42] [246/459] CMTT
[13:00:43] [247/459] SMXP
[13:00:44] [248/459] SCMX
[13:00:45] 🔄 Identity reset
[13:00:45] 🔄 Identity rotated (every 10 requests)
[13:00:46] [249/459] ACXN
[13:00:47] [250/459] ASWT
[13:00:48] [251/459] VVVL
[13:00:49] [252/459] NAGO
[13:00:50] [253/459] SNCN
[13:00:51] [254/459] MCKP
[13:00:52] [255/459] SAMO
[13:00:53] [256/459] JBTV
[13:00:54] [257/459] DCVV
[13:00:55] [258/459] KMSV
[13:00:56] 🔄 Identity reset
[13:00:56] 🔄 Identity rotated (every 10 requests)
[13:00:56] [259/459] KDCN
[13:00:57] [260/459] CNCP
[13:00:58] [261/459] HAMC
[13:00:59] [262/459] CCVZ
[13:01:00] [263/459] NCCK
[13:01:00] [264/459] MCHR
[13:01:01] [265/459] SCHT
[13:01:02] [266/459] ESSH
[13:01:03] [267/459] CUJC
[13:01:04] [268/459] PECP
[13:01:05] 🔄 Identity reset
[13:01:05] 🔄 Identity rotated (every 10 requests)
[13:01:05] [269/459] PMMI
[13:01:06] [270/459] PCCH
[13:01:07] [271/459] PRPM
[13:01:08] [272/459] PVKL
[13:01:09] [273/459] CBSM
[13:01:11] [274/459] PVCZ
[13:01:12] [275/459] PCVV
[13:01:13] [276/459] CTMJ
[13:01:13] [277/459] RCPS
[13:01:15] [278/459] PCIT
[13:01:16] 🔄 Identity reset
[13:01:16] 🔄 Identity rotated (every 10 requests)
[13:01:16] [279/459] FNCH
[13:01:17] [280/459] INZD
[13:01:18] [281/459] INPC
[13:01:19] [282/459] LCZP
[13:01:20] [283/459] SMCB
[13:01:21] [284/459] PTSB
[13:01:22] [285/459] TPSI
[13:01:23] [286/459] KHMJ
[13:01:24] [287/459] RCCJ
[13:01:25] [288/459] NCJA
[13:01:26] 🔄 Identity reset
[13:01:26] 🔄 Identity rotated (every 10 requests)
[13:01:26] [289/459] NCJN
[13:01:27] [290/459] BTDP
[13:01:28] [291/459] PADY
[13:01:29] [292/459] NYBH
[13:01:30] [293/459] MTBR
[13:01:31] [294/459] KRBC
[13:01:32] [295/459] DKTI
[13:01:33] [296/459] ANAN
[13:01:34] [297/459] INBP
[13:01:35] [298/459] PATB
[13:01:36] 🔄 Identity reset
[13:01:36] 🔄 Identity rotated (every 10 requests)
[13:01:36] 🔄 Retry 1/5 for PATB in 2.7s
[13:01:36] 🔄 Identity reset
[13:01:39] 🧠 New identity created
[13:01:39] [299/459] RGNT
[13:01:40] [300/459] CGPM
[13:01:41] [301/459] INTN
[13:01:42] [302/459] MCMP
[13:01:43] [303/459] ASRG
[13:01:43] [304/459] CXJD
[13:01:45] [305/459] SPCP
[13:01:45] [306/459] CSTP
[13:01:46] [307/459] PKVC
[13:01:47] 🔄 Identity reset
[13:01:47] 🔄 Identity rotated (every 10 requests)
[13:01:47] 🔄 Retry 1/5 for PKVC in 2.9s
[13:01:47] 🔄 Identity reset
[13:01:50] 🧠 New identity created
[13:01:50] 🔄 Retry 2/5 for PKVC in 5.0s
[13:01:50] 🔄 Identity reset
[13:01:55] 🧠 New identity created
[13:01:55] 🔄 Retry 3/5 for PKVC in 8.8s
[13:01:55] 🔄 Identity reset
[13:02:04] 🧠 New identity created
[13:02:04] [308/459] ESCP
[13:02:05] [309/459] CAEP
[13:02:06] [310/459] CCSP
[13:02:07] [311/459] KTPC
[13:02:08] [312/459] DACA
[13:02:10] [313/459] NVKY
[13:02:11] [314/459] PTIN
[13:02:11] 🔄 Identity reset
[13:02:11] 🔄 Identity rotated (every 10 requests)
[13:02:12] [315/459] SCIN
[13:02:13] [316/459] MCTY
[13:02:14] [317/459] PCMX
[13:02:15] [318/459] INIC
[13:02:16] [319/459] MMZM
[13:02:16] [320/459] SSLP
[13:02:17] [321/459] DTDT
[13:02:18] [322/459] FFCX
[13:02:19] [323/459] RCMM
[13:02:21] [324/459] KYID
[13:02:22] 🔄 Identity reset
[13:02:22] 🔄 Identity rotated (every 10 requests)
[13:02:22] [325/459] CSCI
[13:02:24] [326/459] FCMC
[13:02:25] [327/459] MMXI
[13:02:25] [328/459] ASTC
[13:02:26] [329/459] CMRA
[13:02:27] [330/459] DICI
[13:02:28] [331/459] KDIN
[13:02:29] [332/459] PRFI
[13:02:30] [333/459] SVFC
[13:02:31] [334/459] UCPL
[13:02:31] 🔄 Identity reset
[13:02:31] 🔄 Identity rotated (every 10 requests)
[13:02:32] [335/459] COOC
[13:02:33] [336/459] SCAL
[13:02:34] [337/459] SVFF
[13:02:35] [338/459] VCMG
[13:02:37] [339/459] UUCT
[13:02:38] [340/459] GCSE
[13:02:39] [341/459] SUSC
[13:02:39] [342/459] MISC
[13:02:40] [343/459] RMBL
[13:02:41] [344/459] CMXN
[13:02:42] 🔄 Identity reset
[13:02:42] 🔄 Identity rotated (every 10 requests)
[13:02:42] [345/459] PVBK
[13:02:43] [346/459] HHCG
[13:02:44] [347/459] SCAG
[13:02:45] [348/459] CNPR
[13:02:46] [349/459] CSER
[13:02:47] [350/459] HLWD
[13:02:48] [351/459] BOLY
[13:02:49] [352/459] SSPG
[13:02:50] [353/459] MUPX
[13:02:52] [354/459] HAMR
[13:02:52] 🔄 Identity reset
[13:02:52] 🔄 Identity rotated (every 10 requests)
[13:02:53] [355/459] SDNC
[13:02:54] [356/459] RTEN
[13:02:54] [357/459] SDTD
[13:02:55] [358/459] KAWS
[13:02:56] [359/459] CMZX
[13:02:57] [360/459] DCDD
[13:02:58] [361/459] ALSN
[13:02:59] [362/459] IMXS
[13:03:00] [363/459] PVFF
[13:03:01] [364/459] PVOO
[13:03:02] 🔄 Identity reset
[13:03:02] 🔄 Identity rotated (every 10 requests)
[13:03:02] [365/459] CFBS
[13:03:03] [366/459] PVER
[13:03:04] [367/459] PPNX
[13:03:05] [368/459] CNRM
[13:03:06] [369/459] PVWW
[13:03:07] [370/459] INMB
[13:03:09] [371/459] CPJR
[13:03:10] [372/459] INRZ
[13:03:10] [373/459] PMSR
[13:03:11] [374/459] GPGM
[13:03:12] 🔄 Identity reset
[13:03:12] 🔄 Identity rotated (every 10 requests)
[13:03:12] [375/459] PGWB
[13:03:13] [376/459] PMBR
[13:03:14] [377/459] GPAM
[13:03:15] [378/459] INBC
[13:03:16] [379/459] PZVK
[13:03:17] [380/459] CPEB
[13:03:18] [381/459] FMLB
[13:03:19] [382/459] INBG
[13:03:20] [383/459] GPBR
[13:03:20] [384/459] PAAS
[13:03:21] 🔄 Identity reset
[13:03:21] 🔄 Identity rotated (every 10 requests)
[13:03:22] [385/459] VTBR
[13:03:22] [386/459] GPMY
[13:03:23] [387/459] GYBU
[13:03:24] [388/459] INBJ
[13:03:25] [389/459] LKTH
[13:03:26] [390/459] NSBR
[13:03:27] [391/459] PDRD
[13:03:28] [392/459] VRBL
[13:03:29] [393/459] VTGB
[13:03:30] [394/459] VTSK
[13:03:31] 🔄 Identity reset
[13:03:31] 🔄 Identity rotated (every 10 requests)
[13:03:32] [395/459] BKDV
[13:03:33] [396/459] SVTB
[13:03:34] [397/459] MLDT
[13:03:35] [398/459] NRBL
[13:03:36] [399/459] SLTR
[13:03:37] [400/459] VNKA
[13:03:38] [401/459] TDCA
[13:03:39] [402/459] INBM
[13:03:40] [403/459] SSNR
[13:03:40] [404/459] BHAC
[13:03:41] 🔄 Identity reset
[13:03:41] 🔄 Identity rotated (every 10 requests)
[13:03:41] 🔄 Retry 1/5 for BHAC in 2.9s
[13:03:41] 🔄 Identity reset
[13:03:44] 🧠 New identity created
[13:03:44] [405/459] SDSD
[13:03:45] [406/459] SAMP
[13:03:46] [407/459] RATK
[13:03:47] [408/459] KCBI
[13:03:48] [409/459] URBL
[13:03:48] [410/459] MKBG
[13:03:49] [411/459] ASTB
[13:03:50] [412/459] VBWT
[13:03:51] [413/459] GPSM
[13:03:51] 🔄 Identity reset
[13:03:52] 🔄 Identity rotated (every 10 requests)
[13:03:52] [414/459] ROON
[13:03:53] [415/459] CHTH
[13:03:54] [416/459] SSPA
[13:03:55] [417/459] ANBL
[13:03:55] [418/459] VTBE
[13:03:56] [419/459] SVKT
[13:03:57] [420/459] SVYK
[13:03:59] [421/459] PTBK
[13:04:00] [422/459] RKTB
[13:04:01] [423/459] BALT
[13:04:01] 🔄 Identity reset
[13:04:01] 🔄 Identity rotated (every 10 requests)
[13:04:01] [424/459] STSV
[13:04:03] [425/459] VCCB
[13:04:04] [426/459] SLTB
[13:04:06] [427/459] SBCR
[13:04:06] [428/459] VDCS
[13:04:07] [429/459] MDKI
[13:04:08] [430/459] SMRN
[13:04:09] [431/459] PTBC
[13:04:10] [432/459] RADI
[13:04:12] [433/459] ADCR
[13:04:12] 🔄 Identity reset
[13:04:12] 🔄 Identity rotated (every 10 requests)
[13:04:12] [434/459] SDCS
[13:04:13] [435/459] SRPJ
[13:04:14] [436/459] ARTS
[13:04:15] [437/459] SRHK
[13:04:15] [438/459] SPAY
[13:04:16] [439/459] GPTB
[13:04:17] [440/459] SNNN
[13:04:18] [441/459] BALJ
[13:04:19] [442/459] TRIG
[13:04:20] [443/459] GTYT
[13:04:21] 🔄 Identity reset
[13:04:21] 🔄 Identity rotated (every 10 requests)
[13:04:21] [444/459] ATGN
[13:04:22] [445/459] ANTE
[13:04:23] [446/459] BDCG
[13:04:24] [447/459] VECI
[13:04:24] [448/459] SCPR
[13:04:25] [449/459] RTEA
[13:04:27] [450/459] JSAI
[13:04:29] [451/459] VJTP
[13:04:30] [452/459] GNDS
[13:04:30] [453/459] PAXA
[13:04:31] 🔄 Identity reset
[13:04:31] 🔄 Identity rotated (every 10 requests)
[13:04:31] [454/459] CGGM
[13:04:32] [455/459] ACKZ
[13:04:33] [456/459] EMCC
[13:04:34] [457/459] KLSK
[13:04:35] [458/459] AVCK
[13:04:35] [459/459] JTCK
[13:04:36] ✅ DONE | Shows=2481 | Movies=74
[14:06:20] 🚀 BMS DAILY TRACKER STARTED (enhanced anti‑detection)
[14:06:20] [1/459] NECA
[14:06:21] 🧠 New identity created
[14:06:21] [2/459] BJLC
[14:06:22] [3/459] BASU
[14:06:23] [4/459] RUPI
[14:06:24] [5/459] LCBK
[14:06:25] [6/459] PMAC
[14:06:27] [7/459] AMLC
[14:06:27] [8/459] LICL
[14:06:28] [9/459] UDMM
[14:06:30] [10/459] STBZ
[14:06:30] 🔄 Identity reset
[14:06:30] 🔄 Identity rotated (every 10 requests)
[14:06:31] [11/459] UUBT
[14:06:31] [12/459] SJKC
[14:06:32] [13/459] TUAL
[14:06:34] [14/459] MRSE
[14:06:35] [15/459] RMRK
[14:06:36] [16/459] TTKP
[14:06:38] [17/459] KTKO
[14:06:38] [18/459] SDBK
[14:06:39] [19/459] MCPR
[14:06:40] [20/459] CHTI
[14:06:40] 🔄 Identity reset
[14:06:40] 🔄 Identity rotated (every 10 requests)
[14:06:40] [21/459] GCCP
[14:06:41] [22/459] SRMY
[14:06:42] [23/459] NYST
[14:06:43] [24/459] NYAG
[14:06:44] [25/459] SBMT
[14:06:45] [26/459] INGA
[14:06:45] [27/459] WSIC
[14:06:46] [28/459] SCSS
[14:06:47] [29/459] COPG
[14:06:48] [30/459] RCGR
[14:06:48] 🔄 Identity reset
[14:06:48] 🔄 Identity rotated (every 10 requests)
[14:06:49] [31/459] TCZA
[14:06:50] [32/459] CNLP
[14:06:50] [33/459] CLKN
[14:06:51] [34/459] LHDF
[14:06:52] [35/459] ELKC
[14:06:53] [36/459] VCEM
[14:06:55] [37/459] SSZA
[14:06:55] [38/459] KRMT
[14:06:56] [39/459] LCMV
[14:06:57] [40/459] AYCZ
[14:06:57] 🔄 Identity reset
[14:06:57] 🔄 Identity rotated (every 10 requests)
[14:06:58] [41/459] CUMS
[14:06:58] [42/459] BOCK
[14:06:59] [43/459] PNMR
[14:07:00] [44/459] PJCP
[14:07:00] [45/459] JDDD
[14:07:01] [46/459] STMS
[14:07:02] [47/459] FLMB
[14:07:03] [48/459] PKCM
[14:07:04] [49/459] SPPR
[14:07:05] [50/459] EYLH
[14:07:05] 🔄 Identity reset
[14:07:05] 🔄 Identity rotated (every 10 requests)
[14:07:05] [51/459] RJCC
[14:07:06] [52/459] MMPS
[14:07:07] [53/459] SHMX
[14:07:08] [54/459] CCNL
[14:07:09] [55/459] RCNV
[14:07:10] [56/459] MAAG
[14:07:11] [57/459] LXCM
[14:07:12] [58/459] RCNI
[14:07:12] [59/459] SNNI
[14:07:13] [60/459] LALC
[14:07:14] 🔄 Identity reset
[14:07:14] 🔄 Identity rotated (every 10 requests)
[14:07:14] [61/459] SOCN
[14:07:15] [62/459] JHTP
[14:07:16] [63/459] PITP
[14:07:17] [64/459] CCKW
[14:07:17] [65/459] MCMC
[14:07:18] [66/459] DEES
[14:07:19] [67/459] SABT
[14:07:19] [68/459] VSPP
[14:07:20] [69/459] ABCT
[14:07:21] [70/459] JVTB
[14:07:22] 🔄 Identity reset
[14:07:22] 🔄 Identity rotated (every 10 requests)
[14:07:22] [71/459] VCBD
[14:07:23] [72/459] RMGG
[14:07:24] [73/459] RNMH
[14:07:25] [74/459] SPGL
[14:07:25] [75/459] JTTR
[14:07:26] [76/459] SICS
[14:07:28] [77/459] SRMI
[14:07:29] [78/459] SSIJ
[14:07:30] [79/459] KFMT
[14:07:30] [80/459] VBIT
[14:07:31] 🔄 Identity reset
[14:07:31] 🔄 Identity rotated (every 10 requests)
[14:07:31] [81/459] JKCT
[14:07:32] [82/459] GCGP
[14:07:33] [83/459] GDCS
[14:07:34] [84/459] TRBA
[14:07:35] [85/459] QUST
[14:07:36] [86/459] VSHM
[14:07:37] [87/459] SDCP
[14:07:37] [88/459] SNVS
[14:07:38] [89/459] NYTO
[14:07:39] [90/459] URWC
[14:07:40] 🔄 Identity reset
[14:07:40] 🔄 Identity rotated (every 10 requests)
[14:07:40] [91/459] GTWH
[14:07:41] [92/459] PFCM
[14:07:42] [93/459] KRTA
[14:07:43] [94/459] AXMC
[14:07:43] [95/459] EVMC
[14:07:44] [96/459] HGSM
[14:07:45] [97/459] ACVM
[14:07:45] [98/459] PSKL
[14:07:46] [99/459] RDMP
[14:07:47] [100/459] RHGH
[14:07:48] 🔄 Identity reset
[14:07:48] 🔄 Identity rotated (every 10 requests)
[14:07:48] [101/459] OMCM
[14:07:49] [102/459] DCCP
[14:07:49] [103/459] MCPB
[14:07:50] [104/459] ALCI
[14:07:50] [105/459] BLMX
[14:07:52] [106/459] BTMV
[14:07:53] [107/459] FVPN
[14:07:53] [108/459] CMAR
[14:07:54] [109/459] CEIM
[14:07:55] [110/459] CMVA
[14:07:55] 🔄 Identity reset
[14:07:55] 🔄 Identity rotated (every 10 requests)
[14:07:56] [111/459] CPIV
[14:07:57] [112/459] CNPE
[14:07:58] [113/459] COLV
[14:07:59] [114/459] DNNV
[14:08:00] [115/459] HCAD
[14:08:00] [116/459] TAKA
[14:08:01] [117/459] INVD
[14:08:02] [118/459] IRMM
[14:08:02] [119/459] INSE
[14:08:03] [120/459] MRSW
[14:08:04] 🔄 Identity reset
[14:08:04] 🔄 Identity rotated (every 10 requests)
[14:08:04] [121/459] MCVD
[14:08:05] [122/459] MCSO
[14:08:06] [123/459] PEVM
[14:08:06] [124/459] PVNL
[14:08:07] [125/459] PTCV
[14:08:08] [126/459] PRTC
[14:08:09] [127/459] RCVA
[14:08:09] [128/459] MTBN
[14:08:10] [129/459] LUCP
[14:08:11] [130/459] FMPT
[14:08:12] 🔄 Identity reset
[14:08:12] 🔄 Identity rotated (every 10 requests)
[14:08:12] [131/459] JLSL
[14:08:13] [132/459] SBHA
[14:08:14] [133/459] SHRC
[14:08:15] [134/459] AVPS
[14:08:17] [135/459] STPM
[14:08:18] [136/459] ATRD
[14:08:19] [137/459] VTED
[14:08:20] [138/459] ACAI
[14:08:21] [139/459] SMAE
[14:08:21] [140/459] VMAT
[14:08:22] 🔄 Identity reset
[14:08:22] 🔄 Identity rotated (every 10 requests)
[14:08:23] [141/459] LKCT
[14:08:24] [142/459] JTVK
[14:08:25] [143/459] PRTY
[14:08:25] [144/459] GETT
[14:08:26] [145/459] ESAP
[14:08:27] [146/459] NCPM
[14:08:27] [147/459] PCPA
[14:08:28] [148/459] MMOM
[14:08:28] [149/459] PHUP
[14:08:29] [150/459] CCPI
[14:08:30] 🔄 Identity reset
[14:08:30] 🔄 Identity rotated (every 10 requests)
[14:08:30] [151/459] CNTD
[14:08:31] [152/459] NLJR
[14:08:33] [153/459] SRNG
[14:08:34] [154/459] MHAL
[14:08:35] [155/459] PNSM
[14:08:35] [156/459] DRMY
[14:08:36] [157/459] CCMU
[14:08:37] [158/459] SCMY
[14:08:38] [159/459] PVSY
[14:08:39] [160/459] SDLM
[14:08:39] 🔄 Identity reset
[14:08:39] 🔄 Identity rotated (every 10 requests)
[14:08:39] [161/459] ICCM
[14:08:40] [162/459] PYSU
[14:08:41] [163/459] GATM
[14:08:41] [164/459] WOTM
[14:08:42] [165/459] RKTS
[14:08:43] [166/459] PMTY
[14:08:43] [167/459] LYMS
[14:08:45] [168/459] TGCA
[14:08:46] [169/459] DSTA
[14:08:47] [170/459] CNGE
[14:08:47] 🔄 Identity reset
[14:08:47] 🔄 Identity rotated (every 10 requests)
[14:08:48] [171/459] VSTG
[14:08:48] [172/459] GTCK
[14:08:49] [173/459] TGNT
[14:08:50] [174/459] ASLC
[14:08:51] [175/459] SSST
[14:08:52] [176/459] KBTT
[14:08:52] [177/459] HKCP
[14:08:53] [178/459] SWLC
[14:08:53] [179/459] RTND
[14:08:54] [180/459] PKKT
[14:08:54] 🔄 Identity reset
[14:08:55] 🔄 Identity rotated (every 10 requests)
[14:08:55] [181/459] HSTK
[14:08:56] [182/459] SPTT
[14:08:57] [183/459] IMPM
[14:08:57] [184/459] SCMV
[14:08:58] [185/459] SPCT
[14:08:59] [186/459] JBCA
[14:09:00] [187/459] ATTR
[14:09:01] [188/459] SPMT
[14:09:01] [189/459] LCTM
[14:09:02] [190/459] SCVL
[14:09:02] 🔄 Identity reset
[14:09:02] 🔄 Identity rotated (every 10 requests)
[14:09:02] [191/459] SCVT
[14:09:03] [192/459] KRIC
[14:09:04] [193/459] CTMG
[14:09:04] [194/459] ACNC
[14:09:06] [195/459] DMCK
[14:09:07] [196/459] KMTV
[14:09:08] [197/459] PFCJ
[14:09:08] [198/459] VNMD
[14:09:09] [199/459] VPCZ
[14:09:10] [200/459] SRYR
[14:09:11] 🔄 Identity reset
[14:09:11] 🔄 Identity rotated (every 10 requests)
[14:09:11] 🔄 Retry 1/5 for SRYR in 2.0s
[14:09:11] 🔄 Identity reset
[14:09:13] 🧠 New identity created
[14:09:13] [201/459] SYTR
[14:09:13] [202/459] GATR
[14:09:14] [203/459] URTR
[14:09:15] [204/459] MKSM
[14:09:15] [205/459] VSMH
[14:09:17] [206/459] SKRJ
[14:09:18] [207/459] SSJR
[14:09:19] [208/459] SVSM
[14:09:19] [209/459] RUCM
[14:09:20] 🔄 Identity reset
[14:09:20] 🔄 Identity rotated (every 10 requests)
[14:09:20] 🔄 Retry 1/5 for RUCM in 2.1s
[14:09:20] 🔄 Identity reset
[14:09:22] 🧠 New identity created
[14:09:22] [210/459] PRKN
[14:09:23] [211/459] RROH
[14:09:24] [212/459] SCTN
[14:09:25] [213/459] RTDM
[14:09:25] [214/459] ASRM
[14:09:26] [215/459] SKMD
[14:09:27] [216/459] SUTD
[14:09:28] [217/459] SADM
[14:09:29] [218/459] WCNR
[14:09:29] 🔄 Identity reset
[14:09:29] 🔄 Identity rotated (every 10 requests)
[14:09:29] [219/459] CNED
[14:09:30] [220/459] MPDB
[14:09:32] [221/459] KTBH
[14:09:33] [222/459] IDRM
[14:09:33] [223/459] PJJT
[14:09:34] [224/459] PFCV
[14:09:36] [225/459] AACT
[14:09:37] [226/459] AAAD
[14:09:38] [227/459] ANES
[14:09:39] [228/459] MNCA
[14:09:39] 🔄 Identity reset
[14:09:39] 🔄 Identity rotated (every 10 requests)
[14:09:39] [229/459] RMGU
[14:09:40] [230/459] DLCN
[14:09:41] [231/459] LJWT
[14:09:42] [232/459] MCBG
[14:09:43] [233/459] MYBG
[14:09:44] [234/459] GCCA
[14:09:44] [235/459] GCGA
[14:09:45] [236/459] ECGN
[14:09:46] [237/459] PRAB
[14:09:47] [238/459] PNMP
[14:09:48] 🔄 Identity reset
[14:09:48] 🔄 Identity rotated (every 10 requests)
[14:09:48] [239/459] GCPT
[14:09:48] [240/459] ROYN
[14:09:49] [241/459] VATM
[14:09:50] [242/459] KSNT
[14:09:50] [243/459] ACTC
[14:09:51] [244/459] PLTD
[14:09:52] [245/459] SKMK
[14:09:53] [246/459] CMTT
[14:09:54] [247/459] SMXP
[14:09:55] [248/459] SCMX
[14:09:55] 🔄 Identity reset
[14:09:55] 🔄 Identity rotated (every 10 requests)
[14:09:56] [249/459] ACXN
[14:09:57] [250/459] ASWT
[14:09:58] [251/459] VVVL
[14:09:58] [252/459] NAGO
[14:09:59] [253/459] SNCN
[14:10:00] [254/459] MCKP
[14:10:00] [255/459] SAMO
[14:10:02] [256/459] JBTV
[14:10:02] [257/459] DCVV
[14:10:03] [258/459] KMSV
[14:10:04] 🔄 Identity reset
[14:10:04] 🔄 Identity rotated (every 10 requests)
[14:10:04] [259/459] KDCN
[14:10:05] [260/459] CNCP
[14:10:06] [261/459] HAMC
[14:10:06] [262/459] CCVZ
[14:10:07] [263/459] NCCK
[14:10:08] [264/459] MCHR
[14:10:09] [265/459] SCHT
[14:10:10] [266/459] ESSH
[14:10:11] [267/459] CUJC
[14:10:13] [268/459] PECP
[14:10:13] 🔄 Identity reset
[14:10:13] 🔄 Identity rotated (every 10 requests)
[14:10:14] [269/459] PMMI
[14:10:14] [270/459] PCCH
[14:10:15] [271/459] PRPM
[14:10:16] [272/459] PVKL
[14:10:16] [273/459] CBSM
[14:10:17] [274/459] PVCZ
[14:10:18] [275/459] PCVV
[14:10:18] [276/459] CTMJ
[14:10:19] [277/459] RCPS
[14:10:20] [278/459] PCIT
[14:10:21] 🔄 Identity reset
[14:10:21] 🔄 Identity rotated (every 10 requests)
[14:10:21] [279/459] FNCH
[14:10:22] [280/459] INZD
[14:10:23] [281/459] INPC
[14:10:24] [282/459] LCZP
[14:10:25] [283/459] SMCB
[14:10:25] [284/459] PTSB
[14:10:26] [285/459] TPSI
[14:10:27] [286/459] KHMJ
[14:10:28] [287/459] RCCJ
[14:10:29] [288/459] NCJA
[14:10:30] 🔄 Identity reset
[14:10:30] 🔄 Identity rotated (every 10 requests)
[14:10:30] [289/459] NCJN
[14:10:31] [290/459] BTDP
[14:10:32] [291/459] PADY
[14:10:32] [292/459] NYBH
[14:10:33] [293/459] MTBR
[14:10:34] [294/459] KRBC
[14:10:35] [295/459] DKTI
[14:10:35] [296/459] ANAN
[14:10:36] [297/459] INBP
[14:10:37] [298/459] PATB
[14:10:38] 🔄 Identity reset
[14:10:38] 🔄 Identity rotated (every 10 requests)
[14:10:38] 🔄 Retry 1/5 for PATB in 2.0s
[14:10:38] 🔄 Identity reset
[14:10:40] 🧠 New identity created
[14:10:40] 🔄 Retry 2/5 for PATB in 4.1s
[14:10:40] 🔄 Identity reset
[14:10:44] 🧠 New identity created
[14:10:45] [299/459] RGNT
[14:10:46] [300/459] CGPM
[14:10:47] [301/459] INTN
[14:10:48] [302/459] MCMP
[14:10:49] [303/459] ASRG
[14:10:50] [304/459] CXJD
[14:10:50] [305/459] SPCP
[14:10:51] [306/459] CSTP
[14:10:52] 🔄 Identity reset
[14:10:52] 🔄 Identity rotated (every 10 requests)
[14:10:52] [307/459] PKVC
[14:10:53] [308/459] ESCP
[14:10:54] [309/459] CAEP
[14:10:54] [310/459] CCSP
[14:10:55] [311/459] KTPC
[14:10:56] [312/459] DACA
[14:10:58] [313/459] NVKY
[14:10:59] [314/459] PTIN
[14:10:59] [315/459] SCIN
[14:11:00] [316/459] MCTY
[14:11:01] 🔄 Identity reset
[14:11:01] 🔄 Identity rotated (every 10 requests)
[14:11:01] [317/459] PCMX
[14:11:02] [318/459] INIC
[14:11:03] [319/459] MMZM
[14:11:04] [320/459] SSLP
[14:11:04] [321/459] DTDT
[14:11:05] [322/459] FFCX
[14:11:06] [323/459] RCMM
[14:11:08] [324/459] KYID
[14:11:09] [325/459] CSCI
[14:11:10] [326/459] FCMC
[14:11:11] 🔄 Identity reset
[14:11:11] 🔄 Identity rotated (every 10 requests)
[14:11:11] [327/459] MMXI
[14:11:12] [328/459] ASTC
[14:11:13] [329/459] CMRA
[14:11:14] [330/459] DICI
[14:11:15] [331/459] KDIN
[14:11:16] [332/459] PRFI
[14:11:17] [333/459] SVFC
[14:11:18] [334/459] UCPL
[14:11:19] [335/459] COOC
[14:11:20] [336/459] SCAL
[14:11:21] 🔄 Identity reset
[14:11:21] 🔄 Identity rotated (every 10 requests)
[14:11:21] [337/459] SVFF
[14:11:22] [338/459] VCMG
[14:11:22] [339/459] UUCT
[14:11:23] [340/459] GCSE
[14:11:25] [341/459] SUSC
[14:11:26] [342/459] MISC
[14:11:27] [343/459] RMBL
[14:11:27] [344/459] CMXN
[14:11:29] [345/459] PVBK
[14:11:30] [346/459] HHCG
[14:11:30] 🔄 Identity reset
[14:11:30] 🔄 Identity rotated (every 10 requests)
[14:11:31] [347/459] SCAG
[14:11:31] [348/459] CNPR
[14:11:32] [349/459] CSER
[14:11:33] [350/459] HLWD
[14:11:34] [351/459] BOLY
[14:11:35] [352/459] SSPG
[14:11:36] [353/459] MUPX
[14:11:37] [354/459] HAMR
[14:11:38] [355/459] SDNC
[14:11:39] [356/459] RTEN
[14:11:39] 🔄 Identity reset
[14:11:39] 🔄 Identity rotated (every 10 requests)
[14:11:39] [357/459] SDTD
[14:11:40] [358/459] KAWS
[14:11:41] [359/459] CMZX
[14:11:42] [360/459] DCDD
[14:11:43] [361/459] ALSN
[14:11:44] [362/459] IMXS
[14:11:45] [363/459] PVFF
[14:11:45] [364/459] PVOO
[14:11:46] [365/459] CFBS
[14:11:48] [366/459] PVER
[14:11:48] 🔄 Identity reset
[14:11:48] 🔄 Identity rotated (every 10 requests)
[14:11:49] [367/459] PPNX
[14:11:50] [368/459] CNRM
[14:11:50] [369/459] PVWW
[14:11:51] [370/459] INMB
[14:11:52] [371/459] CPJR
[14:11:53] [372/459] INRZ
[14:11:54] [373/459] PMSR
[14:11:55] [374/459] GPGM
[14:11:56] [375/459] PGWB
[14:11:57] [376/459] PMBR
[14:11:57] 🔄 Identity reset
[14:11:58] 🔄 Identity rotated (every 10 requests)
[14:11:58] [377/459] GPAM
[14:11:59] [378/459] INBC
[14:12:00] [379/459] PZVK
[14:12:00] [380/459] CPEB
[14:12:01] [381/459] FMLB
[14:12:02] [382/459] INBG
[14:12:04] [383/459] GPBR
[14:12:05] [384/459] PAAS
[14:12:05] [385/459] VTBR
[14:12:06] [386/459] GPMY
[14:12:07] 🔄 Identity reset
[14:12:07] 🔄 Identity rotated (every 10 requests)
[14:12:07] [387/459] GYBU
[14:12:08] [388/459] INBJ
[14:12:10] [389/459] LKTH
[14:12:11] [390/459] NSBR
[14:12:12] [391/459] PDRD
[14:12:13] [392/459] VRBL
[14:12:13] [393/459] VTGB
[14:12:14] [394/459] VTSK
[14:12:15] [395/459] BKDV
[14:12:16] [396/459] SVTB
[14:12:16] 🔄 Identity reset
[14:12:16] 🔄 Identity rotated (every 10 requests)
[14:12:16] [397/459] MLDT
[14:12:18] [398/459] NRBL
[14:12:20] [399/459] SLTR
[14:12:20] [400/459] VNKA
[14:12:21] [401/459] TDCA
[14:12:22] [402/459] INBM
[14:12:23] [403/459] SSNR
[14:12:24] [404/459] BHAC
[14:12:25] [405/459] SDSD
[14:12:26] [406/459] SAMP
[14:12:26] 🔄 Identity reset
[14:12:26] 🔄 Identity rotated (every 10 requests)
[14:12:26] [407/459] RATK
[14:12:27] [408/459] KCBI
[14:12:28] [409/459] URBL
[14:12:29] [410/459] MKBG
[14:12:30] [411/459] ASTB
[14:12:31] [412/459] VBWT
[14:12:31] [413/459] GPSM
[14:12:32] [414/459] ROON
[14:12:33] [415/459] CHTH
[14:12:35] [416/459] SSPA
[14:12:35] 🔄 Identity reset
[14:12:35] 🔄 Identity rotated (every 10 requests)
[14:12:35] [417/459] ANBL
[14:12:36] [418/459] VTBE
[14:12:37] [419/459] SVKT
[14:12:38] [420/459] SVYK
[14:12:38] [421/459] PTBK
[14:12:39] [422/459] RKTB
[14:12:40] [423/459] BALT
[14:12:41] [424/459] STSV
[14:12:42] [425/459] VCCB
[14:12:42] [426/459] SLTB
[14:12:43] 🔄 Identity reset
[14:12:43] 🔄 Identity rotated (every 10 requests)
[14:12:43] [427/459] SBCR
[14:12:44] [428/459] VDCS
[14:12:45] [429/459] MDKI
[14:12:46] [430/459] SMRN
[14:12:46] [431/459] PTBC
[14:12:47] [432/459] RADI
[14:12:48] [433/459] ADCR
[14:12:49] [434/459] SDCS
[14:12:50] [435/459] SRPJ
[14:12:51] [436/459] ARTS
[14:12:51] 🔄 Identity reset
[14:12:51] 🔄 Identity rotated (every 10 requests)
[14:12:52] [437/459] SRHK
[14:12:52] [438/459] SPAY
[14:12:53] [439/459] GPTB
[14:12:54] [440/459] SNNN
[14:12:55] [441/459] BALJ
[14:12:55] [442/459] TRIG
[14:12:56] [443/459] GTYT
[14:12:57] [444/459] ATGN
[14:12:58] [445/459] ANTE
[14:12:59] [446/459] BDCG
[14:12:59] 🔄 Identity reset
[14:12:59] 🔄 Identity rotated (every 10 requests)
[14:13:00] [447/459] VECI
[14:13:00] [448/459] SCPR
[14:13:01] [449/459] RTEA
[14:13:02] [450/459] JSAI
[14:13:03] [451/459] VJTP
[14:13:04] [452/459] GNDS
[14:13:05] [453/459] PAXA
[14:13:06] [454/459] CGGM
[14:13:07] [455/459] ACKZ
[14:13:07] [456/459] EMCC
[14:13:08] 🔄 Identity reset
[14:13:08] 🔄 Identity rotated (every 10 requests)
[14:13:09] [457/459] KLSK
[14:13:10] [458/459] AVCK
[14:13:11] [459/459] JTCK
[14:13:12] ✅ DONE | Shows=2737 | Movies=75
[15:06:43] 🚀 BMS DAILY TRACKER STARTED (enhanced anti‑detection)
[15:06:43] [1/459] NECA
[15:06:43] 🧠 New identity created
[15:06:44] [2/459] BJLC
[15:06:45] [3/459] BASU
[15:06:47] [4/459] RUPI
[15:06:48] [5/459] LCBK
[15:06:48] [6/459] PMAC
[15:06:50] [7/459] AMLC
[15:06:51] [8/459] LICL
[15:06:53] [9/459] UDMM
[15:06:54] [10/459] STBZ
[15:06:54] 🔄 Identity reset
[15:06:54] 🔄 Identity rotated (every 10 requests)
[15:06:55] [11/459] UUBT
[15:06:55] [12/459] SJKC
[15:06:56] [13/459] TUAL
[15:06:57] [14/459] MRSE
[15:06:58] [15/459] RMRK
[15:06:59] [16/459] TTKP
[15:07:01] [17/459] KTKO
[15:07:02] [18/459] SDBK
[15:07:02] [19/459] MCPR
[15:07:04] [20/459] CHTI
[15:07:05] 🔄 Identity reset
[15:07:05] 🔄 Identity rotated (every 10 requests)
[15:07:05] [21/459] GCCP
[15:07:06] [22/459] SRMY
[15:07:07] [23/459] NYST
[15:07:08] [24/459] NYAG
[15:07:09] [25/459] SBMT
[15:07:10] [26/459] INGA
[15:07:11] [27/459] WSIC
[15:07:13] [28/459] SCSS
[15:07:14] [29/459] COPG
[15:07:14] [30/459] RCGR
[15:07:15] 🔄 Identity reset
[15:07:15] 🔄 Identity rotated (every 10 requests)
[15:07:16] [31/459] TCZA
[15:07:16] [32/459] CNLP
[15:07:17] [33/459] CLKN
[15:07:18] [34/459] LHDF
[15:07:19] [35/459] ELKC
[15:07:20] [36/459] VCEM
[15:07:22] [37/459] SSZA
[15:07:23] [38/459] KRMT
[15:07:23] [39/459] LCMV
[15:07:24] [40/459] AYCZ
[15:07:25] 🔄 Identity reset
[15:07:25] 🔄 Identity rotated (every 10 requests)
[15:07:26] [41/459] CUMS
[15:07:27] [42/459] BOCK
[15:07:28] [43/459] PNMR
[15:07:29] [44/459] PJCP
[15:07:30] [45/459] JDDD
[15:07:31] [46/459] STMS
[15:07:32] [47/459] FLMB
[15:07:33] [48/459] PKCM
[15:07:35] [49/459] SPPR
[15:07:35] [50/459] EYLH
[15:07:36] 🔄 Identity reset
[15:07:36] 🔄 Identity rotated (every 10 requests)
[15:07:36] [51/459] RJCC
[15:07:37] [52/459] MMPS
[15:07:38] [53/459] SHMX
[15:07:40] [54/459] CCNL
[15:07:41] [55/459] RCNV
[15:07:42] [56/459] MAAG
[15:07:43] [57/459] LXCM
[15:07:45] [58/459] RCNI
[15:07:46] [59/459] SNNI
[15:07:47] [60/459] LALC
[15:07:47] 🔄 Identity reset
[15:07:47] 🔄 Identity rotated (every 10 requests)
[15:07:48] [61/459] SOCN
[15:07:49] [62/459] JHTP
[15:07:50] [63/459] PITP
[15:07:50] [64/459] CCKW
[15:07:52] [65/459] MCMC
[15:07:53] [66/459] DEES
[15:07:54] [67/459] SABT
[15:07:55] [68/459] VSPP
[15:07:56] [69/459] ABCT
[15:07:56] [70/459] JVTB
[15:07:57] 🔄 Identity reset
[15:07:57] 🔄 Identity rotated (every 10 requests)
[15:07:57] [71/459] VCBD
[15:07:58] [72/459] RMGG
[15:08:00] [73/459] RNMH
[15:08:01] [74/459] SPGL
[15:08:02] [75/459] JTTR
[15:08:03] [76/459] SICS
[15:08:04] [77/459] SRMI
[15:08:04] [78/459] SSIJ
[15:08:05] [79/459] KFMT
[15:08:07] [80/459] VBIT
[15:08:08] 🔄 Identity reset
[15:08:08] 🔄 Identity rotated (every 10 requests)
[15:08:09] [81/459] JKCT
[15:08:09] [82/459] GCGP
[15:08:10] [83/459] GDCS
[15:08:11] [84/459] TRBA
[15:08:12] [85/459] QUST
[15:08:13] [86/459] VSHM
[15:08:14] [87/459] SDCP
[15:08:15] [88/459] SNVS
[15:08:16] [89/459] NYTO
[15:08:17] [90/459] URWC
[15:08:18] 🔄 Identity reset
[15:08:18] 🔄 Identity rotated (every 10 requests)
[15:08:18] [91/459] GTWH
[15:08:19] [92/459] PFCM
[15:08:20] [93/459] KRTA
[15:08:21] [94/459] AXMC
[15:08:22] [95/459] EVMC
[15:08:23] [96/459] HGSM
[15:08:24] [97/459] ACVM
[15:08:25] [98/459] PSKL
[15:08:26] [99/459] RDMP
[15:08:26] [100/459] RHGH
[15:08:27] 🔄 Identity reset
[15:08:27] 🔄 Identity rotated (every 10 requests)
[15:08:27] [101/459] OMCM
[15:08:28] [102/459] DCCP
[15:08:29] [103/459] MCPB
[15:08:30] [104/459] ALCI
[15:08:32] [105/459] BLMX
[15:08:32] [106/459] BTMV
[15:08:33] [107/459] FVPN
[15:08:34] [108/459] CMAR
[15:08:35] [109/459] CEIM
[15:08:36] [110/459] CMVA
[15:08:36] 🔄 Identity reset
[15:08:36] 🔄 Identity rotated (every 10 requests)
[15:08:37] [111/459] CPIV
[15:08:38] [112/459] CNPE
[15:08:39] [113/459] COLV
[15:08:40] [114/459] DNNV
[15:08:41] [115/459] HCAD
[15:08:42] [116/459] TAKA
[15:08:43] [117/459] INVD
[15:08:43] [118/459] IRMM
[15:08:44] [119/459] INSE
[15:08:45] [120/459] MRSW
[15:08:46] 🔄 Identity reset
[15:08:46] 🔄 Identity rotated (every 10 requests)
[15:08:46] [121/459] MCVD
[15:08:48] [122/459] MCSO
[15:08:49] [123/459] PEVM
[15:08:51] [124/459] PVNL
[15:08:52] [125/459] PTCV
[15:08:53] [126/459] PRTC
[15:08:54] [127/459] RCVA
[15:08:55] [128/459] MTBN
[15:08:55] [129/459] LUCP
[15:08:56] [130/459] FMPT
[15:08:57] 🔄 Identity reset
[15:08:57] 🔄 Identity rotated (every 10 requests)
[15:08:58] [131/459] JLSL
[15:08:59] [132/459] SBHA
[15:09:00] [133/459] SHRC
[15:09:01] [134/459] AVPS
[15:09:03] [135/459] STPM
[15:09:04] [136/459] ATRD
[15:09:04] [137/459] VTED
[15:09:05] [138/459] ACAI
[15:09:07] [139/459] SMAE
[15:09:08] [140/459] VMAT
[15:09:09] 🔄 Identity reset
[15:09:09] 🔄 Identity rotated (every 10 requests)
[15:09:10] [141/459] LKCT
[15:09:11] [142/459] JTVK
[15:09:12] [143/459] PRTY
[15:09:13] [144/459] GETT
[15:09:13] [145/459] ESAP
[15:09:14] [146/459] NCPM
[15:09:15] [147/459] PCPA
[15:09:16] [148/459] MMOM
[15:09:18] [149/459] PHUP
[15:09:19] [150/459] CCPI
[15:09:19] 🔄 Identity reset
[15:09:19] 🔄 Identity rotated (every 10 requests)
[15:09:20] [151/459] CNTD
[15:09:21] [152/459] NLJR
[15:09:22] [153/459] SRNG
[15:09:23] [154/459] MHAL
[15:09:24] [155/459] PNSM
[15:09:25] [156/459] DRMY
[15:09:25] [157/459] CCMU
[15:09:26] [158/459] SCMY
[15:09:27] [159/459] PVSY
[15:09:28] [160/459] SDLM
[15:09:29] 🔄 Identity reset
[15:09:29] 🔄 Identity rotated (every 10 requests)
[15:09:29] [161/459] ICCM
[15:09:30] [162/459] PYSU
[15:09:31] [163/459] GATM
[15:09:32] [164/459] WOTM
[15:09:33] [165/459] RKTS
[15:09:33] [166/459] PMTY
[15:09:34] [167/459] LYMS
[15:09:35] [168/459] TGCA
[15:09:36] [169/459] DSTA
[15:09:37] [170/459] CNGE
[15:09:38] 🔄 Identity reset
[15:09:38] 🔄 Identity rotated (every 10 requests)
[15:09:38] [171/459] VSTG
[15:09:40] [172/459] GTCK
[15:09:41] [173/459] TGNT
[15:09:42] [174/459] ASLC
[15:09:43] [175/459] SSST
[15:09:44] [176/459] KBTT
[15:09:45] [177/459] HKCP
[15:09:46] [178/459] SWLC
[15:09:47] [179/459] RTND
[15:09:48] [180/459] PKKT
[15:09:49] 🔄 Identity reset
[15:09:49] 🔄 Identity rotated (every 10 requests)
[15:09:49] [181/459] HSTK
[15:09:51] [182/459] SPTT
[15:09:52] [183/459] IMPM
[15:09:53] [184/459] SCMV
[15:09:55] [185/459] SPCT
[15:09:56] [186/459] JBCA
[15:09:56] [187/459] ATTR
[15:09:57] [188/459] SPMT
[15:09:58] [189/459] LCTM
[15:09:59] [190/459] SCVL
[15:10:00] 🔄 Identity reset
[15:10:00] 🔄 Identity rotated (every 10 requests)
[15:10:00] [191/459] SCVT
[15:10:01] [192/459] KRIC
[15:10:02] [193/459] CTMG
[15:10:03] [194/459] ACNC
[15:10:04] [195/459] DMCK
[15:10:05] [196/459] KMTV
[15:10:06] [197/459] PFCJ
[15:10:06] [198/459] VNMD
[15:10:07] [199/459] VPCZ
[15:10:08] [200/459] SRYR
[15:10:09] 🔄 Identity reset
[15:10:09] 🔄 Identity rotated (every 10 requests)
[15:10:09] [201/459] SYTR
[15:10:10] [202/459] GATR
[15:10:11] [203/459] URTR
[15:10:12] [204/459] MKSM
[15:10:13] [205/459] VSMH
[15:10:14] [206/459] SKRJ
[15:10:15] [207/459] SSJR
[15:10:15] [208/459] SVSM
[15:10:17] [209/459] RUCM
[15:10:17] [210/459] PRKN
[15:10:18] 🔄 Identity reset
[15:10:18] 🔄 Identity rotated (every 10 requests)
[15:10:18] [211/459] RROH
[15:10:20] [212/459] SCTN
[15:10:21] [213/459] RTDM
[15:10:22] [214/459] ASRM
[15:10:23] [215/459] SKMD
[15:10:23] [216/459] SUTD
[15:10:24] [217/459] SADM
[15:10:25] [218/459] WCNR
[15:10:26] [219/459] CNED
[15:10:27] [220/459] MPDB
[15:10:28] 🔄 Identity reset
[15:10:28] 🔄 Identity rotated (every 10 requests)
[15:10:28] [221/459] KTBH
[15:10:29] [222/459] IDRM
[15:10:30] [223/459] PJJT
[15:10:31] [224/459] PFCV
[15:10:32] [225/459] AACT
[15:10:34] [226/459] AAAD
[15:10:35] [227/459] ANES
[15:10:36] [228/459] MNCA
[15:10:37] [229/459] RMGU
[15:10:38] [230/459] DLCN
[15:10:39] 🔄 Identity reset
[15:10:39] 🔄 Identity rotated (every 10 requests)
[15:10:39] [231/459] LJWT
[15:10:40] [232/459] MCBG
[15:10:41] [233/459] MYBG
[15:10:42] [234/459] GCCA
[15:10:43] [235/459] GCGA
[15:10:44] [236/459] ECGN
[15:10:45] [237/459] PRAB
[15:10:45] [238/459] PNMP
[15:10:46] [239/459] GCPT
[15:10:47] [240/459] ROYN
[15:10:48] 🔄 Identity reset
[15:10:48] 🔄 Identity rotated (every 10 requests)
[15:10:49] [241/459] VATM
[15:10:50] [242/459] KSNT
[15:10:51] [243/459] ACTC
[15:10:52] [244/459] PLTD
[15:10:53] [245/459] SKMK
[15:10:54] [246/459] CMTT
[15:10:55] [247/459] SMXP
[15:10:56] [248/459] SCMX
[15:10:56] [249/459] ACXN
[15:10:58] [250/459] ASWT
[15:10:58] 🔄 Identity reset
[15:10:58] 🔄 Identity rotated (every 10 requests)
[15:10:59] [251/459] VVVL
[15:11:00] [252/459] NAGO
[15:11:01] [253/459] SNCN
[15:11:02] [254/459] MCKP
[15:11:03] [255/459] SAMO
[15:11:04] [256/459] JBTV
[15:11:05] [257/459] DCVV
[15:11:06] [258/459] KMSV
[15:11:07] [259/459] KDCN
[15:11:08] [260/459] CNCP
[15:11:08] 🔄 Identity reset
[15:11:08] 🔄 Identity rotated (every 10 requests)
[15:11:09] [261/459] HAMC
[15:11:10] [262/459] CCVZ
[15:11:11] [263/459] NCCK
[15:11:12] [264/459] MCHR
[15:11:12] [265/459] SCHT
[15:11:13] [266/459] ESSH
[15:11:14] [267/459] CUJC
[15:11:15] [268/459] PECP
[15:11:16] [269/459] PMMI
[15:11:17] [270/459] PCCH
[15:11:17] 🔄 Identity reset
[15:11:17] 🔄 Identity rotated (every 10 requests)
[15:11:18] [271/459] PRPM
[15:11:19] [272/459] PVKL
[15:11:19] [273/459] CBSM
[15:11:20] [274/459] PVCZ
[15:11:21] [275/459] PCVV
[15:11:22] [276/459] CTMJ
[15:11:24] [277/459] RCPS
[15:11:25] [278/459] PCIT
[15:11:26] [279/459] FNCH
[15:11:27] [280/459] INZD
[15:11:27] 🔄 Identity reset
[15:11:27] 🔄 Identity rotated (every 10 requests)
[15:11:28] [281/459] INPC
[15:11:29] [282/459] LCZP
[15:11:30] [283/459] SMCB
[15:11:31] [284/459] PTSB
[15:11:31] [285/459] TPSI
[15:11:32] [286/459] KHMJ
[15:11:33] [287/459] RCCJ
[15:11:34] [288/459] NCJA
[15:11:35] [289/459] NCJN
[15:11:37] [290/459] BTDP
[15:11:37] 🔄 Identity reset
[15:11:37] 🔄 Identity rotated (every 10 requests)
[15:11:38] [291/459] PADY
[15:11:39] [292/459] NYBH
[15:11:40] [293/459] MTBR
[15:11:41] [294/459] KRBC
[15:11:42] [295/459] DKTI
[15:11:44] [296/459] ANAN
[15:11:45] [297/459] INBP
[15:11:45] [298/459] PATB
[15:11:46] [299/459] RGNT
[15:11:47] [300/459] CGPM
[15:11:48] 🔄 Identity reset
[15:11:48] 🔄 Identity rotated (every 10 requests)
[15:11:48] [301/459] INTN
[15:11:49] [302/459] MCMP
[15:11:50] [303/459] ASRG
[15:11:51] [304/459] CXJD
[15:11:52] [305/459] SPCP
[15:11:53] [306/459] CSTP
[15:11:54] [307/459] PKVC
[15:11:55] [308/459] ESCP
[15:11:55] [309/459] CAEP
[15:11:56] [310/459] CCSP
[15:11:57] 🔄 Identity reset
[15:11:57] 🔄 Identity rotated (every 10 requests)
[15:11:57] [311/459] KTPC
[15:11:59] [312/459] DACA
[15:12:00] [313/459] NVKY
[15:12:01] [314/459] PTIN
[15:12:03] [315/459] SCIN
[15:12:04] [316/459] MCTY
[15:12:05] [317/459] PCMX
[15:12:05] [318/459] INIC
[15:12:06] [319/459] MMZM
[15:12:07] [320/459] SSLP
[15:12:08] 🔄 Identity reset
[15:12:08] 🔄 Identity rotated (every 10 requests)
[15:12:08] [321/459] DTDT
[15:12:09] [322/459] FFCX
[15:12:10] [323/459] RCMM
[15:12:12] [324/459] KYID
[15:12:12] [325/459] CSCI
[15:12:13] [326/459] FCMC
[15:12:14] [327/459] MMXI
[15:12:16] [328/459] ASTC
[15:12:16] [329/459] CMRA
[15:12:17] [330/459] DICI
[15:12:18] 🔄 Identity reset
[15:12:18] 🔄 Identity rotated (every 10 requests)
[15:12:18] [331/459] KDIN
[15:12:19] [332/459] PRFI
[15:12:21] [333/459] SVFC
[15:12:22] [334/459] UCPL
[15:12:23] [335/459] COOC
[15:12:24] [336/459] SCAL
[15:12:25] [337/459] SVFF
[15:12:26] [338/459] VCMG
[15:12:27] [339/459] UUCT
[15:12:27] [340/459] GCSE
[15:12:28] 🔄 Identity reset
[15:12:28] 🔄 Identity rotated (every 10 requests)
[15:12:28] [341/459] SUSC
[15:12:29] [342/459] MISC
[15:12:30] [343/459] RMBL
[15:12:32] [344/459] CMXN
[15:12:33] [345/459] PVBK
[15:12:34] [346/459] HHCG
[15:12:35] [347/459] SCAG
[15:12:36] [348/459] CNPR
[15:12:37] [349/459] CSER
[15:12:38] [350/459] HLWD
[15:12:39] 🔄 Identity reset
[15:12:39] 🔄 Identity rotated (every 10 requests)
[15:12:39] [351/459] BOLY
[15:12:41] [352/459] SSPG
[15:12:42] [353/459] MUPX
[15:12:43] [354/459] HAMR
[15:12:44] [355/459] SDNC
[15:12:45] [356/459] RTEN
[15:12:46] [357/459] SDTD
[15:12:47] [358/459] KAWS
[15:12:48] [359/459] CMZX
[15:12:49] [360/459] DCDD
[15:12:50] 🔄 Identity reset
[15:12:50] 🔄 Identity rotated (every 10 requests)
[15:12:50] [361/459] ALSN
[15:12:51] [362/459] IMXS
[15:12:52] [363/459] PVFF
[15:12:53] [364/459] PVOO
[15:12:54] [365/459] CFBS
[15:12:55] [366/459] PVER
[15:12:56] [367/459] PPNX
[15:12:56] [368/459] CNRM
[15:12:57] [369/459] PVWW
[15:12:58] [370/459] INMB
[15:12:59] 🔄 Identity reset
[15:12:59] 🔄 Identity rotated (every 10 requests)
[15:12:59] [371/459] CPJR
[15:13:01] [372/459] INRZ
[15:13:02] [373/459] PMSR
[15:13:03] [374/459] GPGM
[15:13:04] [375/459] PGWB
[15:13:05] [376/459] PMBR
[15:13:05] [377/459] GPAM
[15:13:06] [378/459] INBC
[15:13:08] [379/459] PZVK
[15:13:09] [380/459] CPEB
[15:13:09] 🔄 Identity reset
[15:13:09] 🔄 Identity rotated (every 10 requests)
[15:13:10] [381/459] FMLB
[15:13:11] [382/459] INBG
[15:13:12] [383/459] GPBR
[15:13:13] [384/459] PAAS
[15:13:15] [385/459] VTBR
[15:13:16] [386/459] GPMY
[15:13:17] [387/459] GYBU
[15:13:18] [388/459] INBJ
[15:13:19] [389/459] LKTH
[15:13:20] [390/459] NSBR
[15:13:20] 🔄 Identity reset
[15:13:20] 🔄 Identity rotated (every 10 requests)
[15:13:20] [391/459] PDRD
[15:13:21] [392/459] VRBL
[15:13:22] [393/459] VTGB
[15:13:24] [394/459] VTSK
[15:13:25] [395/459] BKDV
[15:13:26] [396/459] SVTB
[15:13:27] [397/459] MLDT
[15:13:28] [398/459] NRBL
[15:13:28] [399/459] SLTR
[15:13:41] 🔄 Retry 1/5 for SLTR in 2.3s
[15:13:41] 🔄 Identity reset
[15:13:43] 🧠 New identity created
[15:13:43] 🔄 Identity reset
[15:13:43] 🔄 Identity rotated (every 10 requests)
[15:13:44] [400/459] VNKA
[15:13:44] [401/459] TDCA
[15:13:45] [402/459] INBM
[15:13:46] [403/459] SSNR
[15:13:47] [404/459] BHAC
[15:13:49] [405/459] SDSD
[15:13:50] [406/459] SAMP
[15:13:51] [407/459] RATK
[15:13:52] [408/459] KCBI
[15:13:52] [409/459] URBL
[15:13:53] 🔄 Identity reset
[15:13:53] 🔄 Identity rotated (every 10 requests)
[15:13:54] [410/459] MKBG
[15:13:54] [411/459] ASTB
[15:13:56] [412/459] VBWT
[15:13:56] [413/459] GPSM
[15:13:57] [414/459] ROON
[15:13:59] [415/459] CHTH
[15:14:00] [416/459] SSPA
[15:14:00] [417/459] ANBL
[15:14:01] [418/459] VTBE
[15:14:02] [419/459] SVKT
[15:14:03] 🔄 Identity reset
[15:14:03] 🔄 Identity rotated (every 10 requests)
[15:14:03] [420/459] SVYK
[15:14:04] [421/459] PTBK
[15:14:05] [422/459] RKTB
[15:14:06] [423/459] BALT
[15:14:07] [424/459] STSV
[15:14:08] [425/459] VCCB
[15:14:09] [426/459] SLTB
[15:14:10] [427/459] SBCR
[15:14:11] [428/459] VDCS
[15:14:12] [429/459] MDKI
[15:14:12] 🔄 Identity reset
[15:14:12] 🔄 Identity rotated (every 10 requests)
[15:14:13] [430/459] SMRN
[15:14:13] [431/459] PTBC
[15:14:14] [432/459] RADI
[15:14:15] [433/459] ADCR
[15:14:16] [434/459] SDCS
[15:14:17] [435/459] SRPJ
[15:14:18] [436/459] ARTS
[15:14:19] [437/459] SRHK
[15:14:20] [438/459] SPAY
[15:14:21] [439/459] GPTB
[15:14:21] 🔄 Identity reset
[15:14:21] 🔄 Identity rotated (every 10 requests)
[15:14:22] [440/459] SNNN
[15:14:22] [441/459] BALJ
[15:14:23] [442/459] TRIG
[15:14:24] [443/459] GTYT
[15:14:25] [444/459] ATGN
[15:14:26] [445/459] ANTE
[15:14:27] [446/459] BDCG
[15:14:28] [447/459] VECI
[15:14:29] [448/459] SCPR
[15:14:30] [449/459] RTEA
[15:14:30] 🔄 Identity reset
[15:14:31] 🔄 Identity rotated (every 10 requests)
[15:14:31] [450/459] JSAI
[15:14:32] [451/459] VJTP
[15:14:32] [452/459] GNDS
[15:14:34] [453/459] PAXA
[15:14:34] [454/459] CGGM
[15:14:36] [455/459] ACKZ
[15:14:37] [456/459] EMCC
[15:14:38] [457/459] KLSK
[15:14:39] [458/459] AVCK
[15:14:40] [459/459] JTCK
[15:14:40] 🔄 Identity reset
[15:14:40] 🔄 Identity rotated (every 10 requests)
[15:14:40] ✅ DONE | Shows=3142 | Movies=75
[16:06:25] 🚀 BMS DAILY TRACKER STARTED (enhanced anti‑detection)
[16:06:25] [1/459] NECA
[16:06:25] 🧠 New identity created
[16:06:25] [2/459] BJLC
[16:06:26] [3/459] BASU
[16:06:27] [4/459] RUPI
[16:06:27] [5/459] LCBK
[16:06:28] [6/459] PMAC
[16:06:29] [7/459] AMLC
[16:06:30] [8/459] LICL
[16:06:30] [9/459] UDMM
[16:06:31] [10/459] STBZ
[16:06:32] 🔄 Identity reset
[16:06:32] 🔄 Identity rotated (every 10 requests)
[16:06:32] [11/459] UUBT
[16:06:33] [12/459] SJKC
[16:06:34] [13/459] TUAL
[16:06:36] [14/459] MRSE
[16:06:36] [15/459] RMRK
[16:06:37] [16/459] TTKP
[16:06:38] [17/459] KTKO
[16:06:39] [18/459] SDBK
[16:06:40] [19/459] MCPR
[16:06:41] [20/459] CHTI
[16:06:42] 🔄 Identity reset
[16:06:42] 🔄 Identity rotated (every 10 requests)
[16:06:42] [21/459] GCCP
[16:06:42] [22/459] SRMY
[16:06:43] [23/459] NYST
[16:06:44] [24/459] NYAG
[16:06:45] [25/459] SBMT
[16:06:46] [26/459] INGA
[16:06:46] [27/459] WSIC
[16:06:47] [28/459] SCSS
[16:06:48] [29/459] COPG
[16:06:48] [30/459] RCGR
[16:06:49] 🔄 Identity reset
[16:06:49] 🔄 Identity rotated (every 10 requests)
[16:06:49] [31/459] TCZA
[16:06:50] [32/459] CNLP
[16:06:51] [33/459] CLKN
[16:06:52] [34/459] LHDF
[16:06:52] [35/459] ELKC
[16:06:53] [36/459] VCEM
[16:06:54] [37/459] SSZA
[16:06:55] [38/459] KRMT
[16:06:55] [39/459] LCMV
[16:06:56] [40/459] AYCZ
[16:06:57] 🔄 Identity reset
[16:06:57] 🔄 Identity rotated (every 10 requests)
[16:06:57] [41/459] CUMS
[16:06:58] [42/459] BOCK
[16:06:58] [43/459] PNMR
[16:06:59] [44/459] PJCP
[16:07:00] [45/459] JDDD
[16:07:00] [46/459] STMS
[16:07:01] [47/459] FLMB
[16:07:02] [48/459] PKCM
[16:07:03] [49/459] SPPR
[16:07:03] [50/459] EYLH
[16:07:04] 🔄 Identity reset
[16:07:04] 🔄 Identity rotated (every 10 requests)
[16:07:04] 🔄 Retry 1/5 for EYLH in 2.2s
[16:07:04] 🔄 Identity reset
[16:07:06] 🧠 New identity created
[16:07:07] [51/459] RJCC
[16:07:08] [52/459] MMPS
[16:07:08] [53/459] SHMX
[16:07:09] [54/459] CCNL
[16:07:10] [55/459] RCNV
[16:07:11] [56/459] MAAG
[16:07:12] [57/459] LXCM
[16:07:13] [58/459] RCNI
[16:07:13] [59/459] SNNI
[16:07:14] 🔄 Identity reset
[16:07:14] 🔄 Identity rotated (every 10 requests)
[16:07:14] 🔄 Retry 1/5 for SNNI in 3.0s
[16:07:14] 🔄 Identity reset
[16:07:17] 🧠 New identity created
[16:07:17] [60/459] LALC
[16:07:18] [61/459] SOCN
[16:07:19] [62/459] JHTP
[16:07:20] [63/459] PITP
[16:07:21] [64/459] CCKW
[16:07:21] [65/459] MCMC
[16:07:22] [66/459] DEES
[16:07:23] [67/459] SABT
[16:07:24] [68/459] VSPP
[16:07:24] 🔄 Identity reset
[16:07:24] 🔄 Identity rotated (every 10 requests)
[16:07:25] [69/459] ABCT
[16:07:25] [70/459] JVTB
[16:07:26] [71/459] VCBD
[16:07:27] [72/459] RMGG
[16:07:29] [73/459] RNMH
[16:07:30] [74/459] SPGL
[16:07:30] [75/459] JTTR
[16:07:31] [76/459] SICS
[16:07:33] [77/459] SRMI
[16:07:34] [78/459] SSIJ
[16:07:35] 🔄 Identity reset
[16:07:35] 🔄 Identity rotated (every 10 requests)
[16:07:35] [79/459] KFMT
[16:07:35] [80/459] VBIT
[16:07:36] [81/459] JKCT
[16:07:37] [82/459] GCGP
[16:07:38] [83/459] GDCS
[16:07:39] [84/459] TRBA
[16:07:40] [85/459] QUST
[16:07:41] [86/459] VSHM
[16:07:42] [87/459] SDCP
[16:07:43] [88/459] SNVS
[16:07:43] 🔄 Identity reset
[16:07:43] 🔄 Identity rotated (every 10 requests)
[16:07:44] [89/459] NYTO
[16:07:44] [90/459] URWC
[16:07:45] [91/459] GTWH
[16:07:46] [92/459] PFCM
[16:07:47] [93/459] KRTA
[16:07:47] [94/459] AXMC
[16:07:48] [95/459] EVMC
[16:07:48] [96/459] HGSM
[16:07:49] [97/459] ACVM
[16:07:50] [98/459] PSKL
[16:07:50] 🔄 Identity reset
[16:07:50] 🔄 Identity rotated (every 10 requests)
[16:07:50] 🔄 Retry 1/5 for PSKL in 2.4s
[16:07:50] 🔄 Identity reset
[16:07:53] 🧠 New identity created
[16:07:53] [99/459] RDMP
[16:07:54] [100/459] RHGH
[16:07:54] [101/459] OMCM
[16:07:55] [102/459] DCCP
[16:07:56] [103/459] MCPB
[16:07:56] [104/459] ALCI
[16:07:57] [105/459] BLMX
[16:07:58] [106/459] BTMV
[16:07:59] [107/459] FVPN
[16:07:59] 🔄 Identity reset
[16:07:59] 🔄 Identity rotated (every 10 requests)
[16:07:59] 🔄 Retry 1/5 for FVPN in 2.4s
[16:07:59] 🔄 Identity reset
[16:08:02] 🧠 New identity created
[16:08:02] [108/459] CMAR
[16:08:03] [109/459] CEIM
[16:08:03] [110/459] CMVA
[16:08:04] [111/459] CPIV
[16:08:05] [112/459] CNPE
[16:08:05] [113/459] COLV
[16:08:06] [114/459] DNNV
[16:08:07] [115/459] HCAD
[16:08:08] [116/459] TAKA
[16:08:08] 🔄 Identity reset
[16:08:08] 🔄 Identity rotated (every 10 requests)
[16:08:08] [117/459] INVD
[16:08:09] [118/459] IRMM
[16:08:10] [119/459] INSE
[16:08:10] [120/459] MRSW
[16:08:11] [121/459] MCVD
[16:08:12] [122/459] MCSO
[16:08:13] [123/459] PEVM
[16:08:13] [124/459] PVNL
[16:08:14] [125/459] PTCV
[16:08:15] [126/459] PRTC
[16:08:15] 🔄 Identity reset
[16:08:15] 🔄 Identity rotated (every 10 requests)
[16:08:16] [127/459] RCVA
[16:08:16] [128/459] MTBN
[16:08:17] [129/459] LUCP
[16:08:18] [130/459] FMPT
[16:08:18] [131/459] JLSL
[16:08:19] [132/459] SBHA
[16:08:20] [133/459] SHRC
[16:08:21] [134/459] AVPS
[16:08:21] [135/459] STPM
[16:08:22] [136/459] ATRD
[16:08:23] 🔄 Identity reset
[16:08:23] 🔄 Identity rotated (every 10 requests)
[16:08:23] [137/459] VTED
[16:08:24] [138/459] ACAI
[16:08:25] [139/459] SMAE
[16:08:25] [140/459] VMAT
[16:08:27] [141/459] LKCT
[16:08:27] [142/459] JTVK
[16:08:28] [143/459] PRTY
[16:08:29] [144/459] GETT
[16:08:29] [145/459] ESAP
[16:08:30] [146/459] NCPM
[16:08:31] 🔄 Identity reset
[16:08:31] 🔄 Identity rotated (every 10 requests)
[16:08:31] [147/459] PCPA
[16:08:31] [148/459] MMOM
[16:08:32] [149/459] PHUP
[16:08:33] [150/459] CCPI
[16:08:34] [151/459] CNTD
[16:08:35] [152/459] NLJR
[16:08:35] [153/459] SRNG
[16:08:36] [154/459] MHAL
[16:08:37] [155/459] PNSM
[16:08:37] [156/459] DRMY
[16:08:38] 🔄 Identity reset
[16:08:38] 🔄 Identity rotated (every 10 requests)
[16:08:38] [157/459] CCMU
[16:08:39] [158/459] SCMY
[16:08:40] [159/459] PVSY
[16:08:41] [160/459] SDLM
[16:08:41] [161/459] ICCM
[16:08:42] [162/459] PYSU
[16:08:42] [163/459] GATM
[16:08:43] [164/459] WOTM
[16:08:45] [165/459] RKTS
[16:08:45] [166/459] PMTY
[16:08:46] 🔄 Identity reset
[16:08:46] 🔄 Identity rotated (every 10 requests)
[16:08:46] [167/459] LYMS
[16:08:47] [168/459] TGCA
[16:08:48] [169/459] DSTA
[16:08:49] [170/459] CNGE
[16:08:50] [171/459] VSTG
[16:08:50] [172/459] GTCK
[16:08:51] [173/459] TGNT
[16:08:52] [174/459] ASLC
[16:08:53] [175/459] SSST
[16:08:53] [176/459] KBTT
[16:08:54] 🔄 Identity reset
[16:08:54] 🔄 Identity rotated (every 10 requests)
[16:08:54] [177/459] HKCP
[16:08:54] [178/459] SWLC
[16:08:55] [179/459] RTND
[16:08:56] [180/459] PKKT
[16:08:57] [181/459] HSTK
[16:08:57] [182/459] SPTT
[16:08:58] [183/459] IMPM
[16:08:58] [184/459] SCMV
[16:08:59] [185/459] SPCT
[16:09:00] [186/459] JBCA
[16:09:01] 🔄 Identity reset
[16:09:01] 🔄 Identity rotated (every 10 requests)
[16:09:01] [187/459] ATTR
[16:09:02] [188/459] SPMT
[16:09:02] [189/459] LCTM
[16:09:03] [190/459] SCVL
[16:09:03] [191/459] SCVT
[16:09:04] [192/459] KRIC
[16:09:04] [193/459] CTMG
[16:09:05] [194/459] ACNC
[16:09:06] [195/459] DMCK
[16:09:07] [196/459] KMTV
[16:09:07] 🔄 Identity reset
[16:09:07] 🔄 Identity rotated (every 10 requests)
[16:09:07] [197/459] PFCJ
[16:09:08] [198/459] VNMD
[16:09:09] [199/459] VPCZ
[16:09:09] [200/459] SRYR
[16:09:10] [201/459] SYTR
[16:09:11] [202/459] GATR
[16:09:11] [203/459] URTR
[16:09:12] [204/459] MKSM
[16:09:13] [205/459] VSMH
[16:09:13] [206/459] SKRJ
[16:09:14] 🔄 Identity reset
[16:09:14] 🔄 Identity rotated (every 10 requests)
[16:09:14] [207/459] SSJR
[16:09:15] [208/459] SVSM
[16:09:15] [209/459] RUCM
[16:09:16] [210/459] PRKN
[16:09:17] [211/459] RROH
[16:09:18] [212/459] SCTN
[16:09:18] [213/459] RTDM
[16:09:19] [214/459] ASRM
[16:09:20] [215/459] SKMD
[16:09:21] [216/459] SUTD
[16:09:22] 🔄 Identity reset
[16:09:22] 🔄 Identity rotated (every 10 requests)
[16:09:22] [217/459] SADM
[16:09:24] [218/459] WCNR
[16:09:24] [219/459] CNED
[16:09:25] [220/459] MPDB
[16:09:26] [221/459] KTBH
[16:09:26] [222/459] IDRM
[16:09:27] [223/459] PJJT
[16:09:28] [224/459] PFCV
[16:09:29] [225/459] AACT
[16:09:30] [226/459] AAAD
[16:09:31] 🔄 Identity reset
[16:09:31] 🔄 Identity rotated (every 10 requests)
[16:09:32] [227/459] ANES
[16:09:33] [228/459] MNCA
[16:09:34] [229/459] RMGU
[16:09:34] [230/459] DLCN
[16:09:35] [231/459] LJWT
[16:09:36] [232/459] MCBG
[16:09:37] [233/459] MYBG
[16:09:37] [234/459] GCCA
[16:09:38] [235/459] GCGA
[16:09:39] [236/459] ECGN
[16:09:40] 🔄 Identity reset
[16:09:40] 🔄 Identity rotated (every 10 requests)
[16:09:40] [237/459] PRAB
[16:09:41] [238/459] PNMP
[16:09:41] [239/459] GCPT
[16:09:42] [240/459] ROYN
[16:09:43] [241/459] VATM
[16:09:44] [242/459] KSNT
[16:09:44] [243/459] ACTC
[16:09:46] [244/459] PLTD
[16:09:47] [245/459] SKMK
[16:09:47] [246/459] CMTT
[16:09:48] 🔄 Identity reset
[16:09:48] 🔄 Identity rotated (every 10 requests)
[16:09:48] [247/459] SMXP
[16:09:49] [248/459] SCMX
[16:09:49] [249/459] ACXN
[16:09:50] [250/459] ASWT
[16:09:51] [251/459] VVVL
[16:09:52] [252/459] NAGO
[16:09:53] [253/459] SNCN
[16:09:53] [254/459] MCKP
[16:09:54] [255/459] SAMO
[16:09:54] [256/459] JBTV
[16:09:55] 🔄 Identity reset
[16:09:55] 🔄 Identity rotated (every 10 requests)
[16:09:55] 🔄 Retry 1/5 for JBTV in 2.8s
[16:09:55] 🔄 Identity reset
[16:09:58] 🧠 New identity created
[16:09:58] [257/459] DCVV
[16:09:59] [258/459] KMSV
[16:10:00] [259/459] KDCN
[16:10:00] [260/459] CNCP
[16:10:01] [261/459] HAMC
[16:10:02] [262/459] CCVZ
[16:10:03] [263/459] NCCK
[16:10:03] [264/459] MCHR
[16:10:04] [265/459] SCHT
[16:10:05] 🔄 Identity reset
[16:10:05] 🔄 Identity rotated (every 10 requests)
[16:10:05] [266/459] ESSH
[16:10:06] [267/459] CUJC
[16:10:07] [268/459] PECP
[16:10:08] [269/459] PMMI
[16:10:08] [270/459] PCCH
[16:10:09] [271/459] PRPM
[16:10:10] [272/459] PVKL
[16:10:10] [273/459] CBSM
[16:10:11] [274/459] PVCZ
[16:10:12] [275/459] PCVV
[16:10:13] 🔄 Identity reset
[16:10:13] 🔄 Identity rotated (every 10 requests)
[16:10:13] [276/459] CTMJ
[16:10:14] [277/459] RCPS
[16:10:14] [278/459] PCIT
[16:10:15] [279/459] FNCH
[16:10:16] [280/459] INZD
[16:10:17] [281/459] INPC
[16:10:18] [282/459] LCZP
[16:10:19] [283/459] SMCB
[16:10:19] [284/459] PTSB
[16:10:20] [285/459] TPSI
[16:10:21] 🔄 Identity reset
[16:10:21] 🔄 Identity rotated (every 10 requests)
[16:10:21] [286/459] KHMJ
[16:10:22] [287/459] RCCJ
[16:10:22] [288/459] NCJA
[16:10:23] [289/459] NCJN
[16:10:24] [290/459] BTDP
[16:10:25] [291/459] PADY
[16:10:25] [292/459] NYBH
[16:10:26] [293/459] MTBR
[16:10:26] [294/459] KRBC
[16:10:28] [295/459] DKTI
[16:10:28] 🔄 Identity reset
[16:10:28] 🔄 Identity rotated (every 10 requests)
[16:10:29] [296/459] ANAN
[16:10:29] [297/459] INBP
[16:10:30] [298/459] PATB
[16:10:31] [299/459] RGNT
[16:10:32] [300/459] CGPM
[16:10:32] [301/459] INTN
[16:10:33] [302/459] MCMP
[16:10:34] [303/459] ASRG
[16:10:36] [304/459] CXJD
[16:10:36] [305/459] SPCP
[16:10:37] 🔄 Identity reset
[16:10:37] 🔄 Identity rotated (every 10 requests)
[16:10:37] 🔄 Retry 1/5 for SPCP in 2.0s
[16:10:37] 🔄 Identity reset
[16:10:39] 🧠 New identity created
[16:10:39] [306/459] CSTP
[16:10:40] [307/459] PKVC
[16:10:41] [308/459] ESCP
[16:10:42] [309/459] CAEP
[16:10:43] [310/459] CCSP
[16:10:44] [311/459] KTPC
[16:10:45] [312/459] DACA
[16:10:46] [313/459] NVKY
[16:10:47] [314/459] PTIN
[16:10:47] 🔄 Identity reset
[16:10:47] 🔄 Identity rotated (every 10 requests)
[16:10:48] [315/459] SCIN
[16:10:48] [316/459] MCTY
[16:10:49] [317/459] PCMX
[16:10:50] [318/459] INIC
[16:10:51] [319/459] MMZM
[16:10:51] [320/459] SSLP
[16:10:52] [321/459] DTDT
[16:10:53] [322/459] FFCX
[16:10:54] [323/459] RCMM
[16:10:54] [324/459] KYID
[16:10:55] 🔄 Identity reset
[16:10:55] 🔄 Identity rotated (every 10 requests)
[16:10:55] [325/459] CSCI
[16:10:56] [326/459] FCMC
[16:10:57] [327/459] MMXI
[16:10:58] [328/459] ASTC
[16:10:59] [329/459] CMRA
[16:10:59] [330/459] DICI
[16:11:00] [331/459] KDIN
[16:11:01] [332/459] PRFI
[16:11:02] [333/459] SVFC
[16:11:03] [334/459] UCPL
[16:11:03] 🔄 Identity reset
[16:11:03] 🔄 Identity rotated (every 10 requests)
[16:11:03] [335/459] COOC
[16:11:04] [336/459] SCAL
[16:11:05] [337/459] SVFF
[16:11:06] [338/459] VCMG
[16:11:06] [339/459] UUCT
[16:11:07] [340/459] GCSE
[16:11:08] [341/459] SUSC
[16:11:09] [342/459] MISC
[16:11:10] [343/459] RMBL
[16:11:10] [344/459] CMXN
[16:11:11] 🔄 Identity reset
[16:11:11] 🔄 Identity rotated (every 10 requests)
[16:11:11] [345/459] PVBK
[16:11:12] [346/459] HHCG
[16:11:13] [347/459] SCAG
[16:11:13] [348/459] CNPR
[16:11:14] [349/459] CSER
[16:11:15] [350/459] HLWD
[16:11:17] [351/459] BOLY
[16:11:18] [352/459] SSPG
[16:11:19] [353/459] MUPX
[16:11:20] [354/459] HAMR
[16:11:20] 🔄 Identity reset
[16:11:20] 🔄 Identity rotated (every 10 requests)
[16:11:20] [355/459] SDNC
[16:11:21] [356/459] RTEN
[16:11:22] [357/459] SDTD
[16:11:22] [358/459] KAWS
[16:11:23] [359/459] CMZX
[16:11:24] [360/459] DCDD
[16:11:25] [361/459] ALSN
[16:11:26] [362/459] IMXS
[16:11:27] [363/459] PVFF
[16:11:28] [364/459] PVOO
[16:11:28] 🔄 Identity reset
[16:11:28] 🔄 Identity rotated (every 10 requests)
[16:11:29] [365/459] CFBS
[16:11:30] [366/459] PVER
[16:11:31] [367/459] PPNX
[16:11:31] [368/459] CNRM
[16:11:32] [369/459] PVWW
[16:11:33] [370/459] INMB
[16:11:34] [371/459] CPJR
[16:11:36] [372/459] INRZ
[16:11:37] [373/459] PMSR
[16:11:37] [374/459] GPGM
[16:11:38] 🔄 Identity reset
[16:11:38] 🔄 Identity rotated (every 10 requests)
[16:11:38] [375/459] PGWB
[16:11:39] [376/459] PMBR
[16:11:40] [377/459] GPAM
[16:11:41] [378/459] INBC
[16:11:42] [379/459] PZVK
[16:11:43] [380/459] CPEB
[16:11:44] [381/459] FMLB
[16:11:45] [382/459] INBG
[16:11:46] [383/459] GPBR
[16:11:47] [384/459] PAAS
[16:11:48] 🔄 Identity reset
[16:11:48] 🔄 Identity rotated (every 10 requests)
[16:11:48] [385/459] VTBR
[16:11:49] [386/459] GPMY
[16:11:50] [387/459] GYBU
[16:11:51] [388/459] INBJ
[16:11:52] [389/459] LKTH
[16:11:53] [390/459] NSBR
[16:11:54] [391/459] PDRD
[16:11:55] [392/459] VRBL
[16:11:56] [393/459] VTGB
[16:11:56] [394/459] VTSK
[16:11:57] 🔄 Identity reset
[16:11:57] 🔄 Identity rotated (every 10 requests)
[16:11:57] [395/459] BKDV
[16:11:58] [396/459] SVTB
[16:11:59] [397/459] MLDT
[16:12:00] [398/459] NRBL
[16:12:01] [399/459] SLTR
[16:12:01] [400/459] VNKA
[16:12:02] [401/459] TDCA
[16:12:03] [402/459] INBM
[16:12:04] [403/459] SSNR
[16:12:04] [404/459] BHAC
[16:12:05] 🔄 Identity reset
[16:12:05] 🔄 Identity rotated (every 10 requests)
[16:12:06] [405/459] SDSD
[16:12:07] [406/459] SAMP
[16:12:08] [407/459] RATK
[16:12:08] [408/459] KCBI
[16:12:09] [409/459] URBL
[16:12:10] [410/459] MKBG
[16:12:11] [411/459] ASTB
[16:12:12] [412/459] VBWT
[16:12:12] [413/459] GPSM
[16:12:13] [414/459] ROON
[16:12:14] 🔄 Identity reset
[16:12:14] 🔄 Identity rotated (every 10 requests)
[16:12:14] [415/459] CHTH
[16:12:15] [416/459] SSPA
[16:12:16] [417/459] ANBL
[16:12:17] [418/459] VTBE
[16:12:17] [419/459] SVKT
[16:12:18] [420/459] SVYK
[16:12:18] [421/459] PTBK
[16:12:19] [422/459] RKTB
[16:12:20] [423/459] BALT
[16:12:21] [424/459] STSV
[16:12:21] 🔄 Identity reset
[16:12:21] 🔄 Identity rotated (every 10 requests)
[16:12:21] [425/459] VCCB
[16:12:22] [426/459] SLTB
[16:12:23] [427/459] SBCR
[16:12:24] [428/459] VDCS
[16:12:24] [429/459] MDKI
[16:12:25] [430/459] SMRN
[16:12:26] [431/459] PTBC
[16:12:27] [432/459] RADI
[16:12:28] [433/459] ADCR
[16:12:29] [434/459] SDCS
[16:12:29] 🔄 Identity reset
[16:12:29] 🔄 Identity rotated (every 10 requests)
[16:12:29] [435/459] SRPJ
[16:12:30] [436/459] ARTS
[16:12:31] [437/459] SRHK
[16:12:32] [438/459] SPAY
[16:12:32] [439/459] GPTB
[16:12:33] [440/459] SNNN
[16:12:34] [441/459] BALJ
[16:12:35] [442/459] TRIG
[16:12:35] [443/459] GTYT
[16:12:37] [444/459] ATGN
[16:12:38] 🔄 Identity reset
[16:12:38] 🔄 Identity rotated (every 10 requests)
[16:12:38] [445/459] ANTE
[16:12:39] [446/459] BDCG
[16:12:40] [447/459] VECI
[16:12:40] [448/459] SCPR
[16:12:41] [449/459] RTEA
[16:12:42] [450/459] JSAI
[16:12:43] [451/459] VJTP
[16:12:44] [452/459] GNDS
[16:12:45] [453/459] PAXA
[16:12:46] [454/459] CGGM
[16:12:46] 🔄 Identity reset
[16:12:46] 🔄 Identity rotated (every 10 requests)
[16:12:47] [455/459] ACKZ
[16:12:48] [456/459] EMCC
[16:12:50] [457/459] KLSK
[16:12:51] [458/459] AVCK
[16:12:52] [459/459] JTCK
[16:12:53] ✅ DONE | Shows=3494 | Movies=75
[17:06:28] 🚀 BMS DAILY TRACKER STARTED (enhanced anti‑detection)
[17:06:28] [1/459] NECA
[17:06:28] 🧠 New identity created
[17:06:29] [2/459] BJLC
[17:06:29] [3/459] BASU
[17:06:30] [4/459] RUPI
[17:06:31] [5/459] LCBK
[17:06:32] [6/459] PMAC
[17:06:33] [7/459] AMLC
[17:06:34] [8/459] LICL
[17:06:35] [9/459] UDMM
[17:06:36] [10/459] STBZ
[17:06:37] 🔄 Identity reset
[17:06:37] 🔄 Identity rotated (every 10 requests)
[17:06:38] [11/459] UUBT
[17:06:38] [12/459] SJKC
[17:06:39] [13/459] TUAL
[17:06:40] [14/459] MRSE
[17:06:41] [15/459] RMRK
[17:06:42] [16/459] TTKP
[17:06:43] [17/459] KTKO
[17:06:44] [18/459] SDBK
[17:06:45] [19/459] MCPR
[17:06:45] [20/459] CHTI
[17:06:46] 🔄 Identity reset
[17:06:46] 🔄 Identity rotated (every 10 requests)
[17:06:47] [21/459] GCCP
[17:06:48] [22/459] SRMY
[17:06:49] [23/459] NYST
[17:06:49] [24/459] NYAG
[17:06:50] [25/459] SBMT
[17:06:51] [26/459] INGA
[17:06:53] [27/459] WSIC
[17:06:54] [28/459] SCSS
[17:06:54] [29/459] COPG
[17:06:55] [30/459] RCGR
[17:06:56] 🔄 Identity reset
[17:06:56] 🔄 Identity rotated (every 10 requests)
[17:06:56] [31/459] TCZA
[17:06:57] [32/459] CNLP
[17:06:58] [33/459] CLKN
[17:06:59] [34/459] LHDF
[17:07:00] [35/459] ELKC
[17:07:01] [36/459] VCEM
[17:07:02] [37/459] SSZA
[17:07:03] [38/459] KRMT
[17:07:04] [39/459] LCMV
[17:07:05] [40/459] AYCZ
[17:07:06] 🔄 Identity reset
[17:07:06] 🔄 Identity rotated (every 10 requests)
[17:07:06] [41/459] CUMS
[17:07:07] [42/459] BOCK
[17:07:08] [43/459] PNMR
[17:07:09] [44/459] PJCP
[17:07:10] [45/459] JDDD
[17:07:11] [46/459] STMS
[17:07:12] [47/459] FLMB
[17:07:12] [48/459] PKCM
[17:07:13] [49/459] SPPR
[17:07:14] [50/459] EYLH
[17:07:15] 🔄 Identity reset
[17:07:15] 🔄 Identity rotated (every 10 requests)
[17:07:15] [51/459] RJCC
[17:07:16] [52/459] MMPS
[17:07:17] [53/459] SHMX
[17:07:18] [54/459] CCNL
[17:07:19] [55/459] RCNV
[17:07:20] [56/459] MAAG
[17:07:21] [57/459] LXCM
[17:07:22] [58/459] RCNI
[17:07:23] [59/459] SNNI
[17:07:24] [60/459] LALC
[17:07:25] 🔄 Identity reset
[17:07:25] 🔄 Identity rotated (every 10 requests)
[17:07:25] [61/459] SOCN
[17:07:26] [62/459] JHTP
[17:07:27] [63/459] PITP
[17:07:27] [64/459] CCKW
[17:07:28] [65/459] MCMC
[17:07:29] [66/459] DEES
[17:07:30] [67/459] SABT
[17:07:31] [68/459] VSPP
[17:07:32] [69/459] ABCT
[17:07:32] [70/459] JVTB
[17:07:33] 🔄 Identity reset
[17:07:33] 🔄 Identity rotated (every 10 requests)
[17:07:33] [71/459] VCBD
[17:07:34] [72/459] RMGG
[17:07:35] [73/459] RNMH
[17:07:36] [74/459] SPGL
[17:07:37] [75/459] JTTR
[17:07:38] [76/459] SICS
[17:07:39] [77/459] SRMI
[17:07:40] [78/459] SSIJ
[17:07:41] [79/459] KFMT
[17:07:42] [80/459] VBIT
[17:07:42] 🔄 Identity reset
[17:07:42] 🔄 Identity rotated (every 10 requests)
[17:07:43] [81/459] JKCT
[17:07:44] [82/459] GCGP
[17:07:44] [83/459] GDCS
[17:07:46] [84/459] TRBA
[17:07:47] [85/459] QUST
[17:07:47] [86/459] VSHM
[17:07:48] [87/459] SDCP
[17:07:49] [88/459] SNVS
[17:07:50] [89/459] NYTO
[17:07:51] [90/459] URWC
[17:07:51] 🔄 Identity reset
[17:07:51] 🔄 Identity rotated (every 10 requests)
[17:07:52] [91/459] GTWH
[17:07:53] [92/459] PFCM
[17:07:53] [93/459] KRTA
[17:07:54] [94/459] AXMC
[17:07:55] [95/459] EVMC
[17:07:56] [96/459] HGSM
[17:07:57] [97/459] ACVM
[17:07:58] [98/459] PSKL
[17:07:59] [99/459] RDMP
[17:08:01] [100/459] RHGH
[17:08:01] 🔄 Identity reset
[17:08:01] 🔄 Identity rotated (every 10 requests)
[17:08:02] [101/459] OMCM
[17:08:03] [102/459] DCCP
[17:08:04] [103/459] MCPB
[17:08:05] [104/459] ALCI
[17:08:06] [105/459] BLMX
[17:08:07] [106/459] BTMV
[17:08:08] [107/459] FVPN
[17:08:09] [108/459] CMAR
[17:08:10] [109/459] CEIM
[17:08:11] [110/459] CMVA
[17:08:12] 🔄 Identity reset
[17:08:12] 🔄 Identity rotated (every 10 requests)
[17:08:12] [111/459] CPIV
[17:08:14] [112/459] CNPE
[17:08:15] [113/459] COLV
[17:08:16] [114/459] DNNV
[17:08:17] [115/459] HCAD
[17:08:17] [116/459] TAKA
[17:08:18] [117/459] INVD
[17:08:19] [118/459] IRMM
[17:08:20] [119/459] INSE
[17:08:21] [120/459] MRSW
[17:08:22] 🔄 Identity reset
[17:08:22] 🔄 Identity rotated (every 10 requests)
[17:08:23] [121/459] MCVD
[17:08:24] [122/459] MCSO
[17:08:25] [123/459] PEVM
[17:08:26] [124/459] PVNL
[17:08:28] [125/459] PTCV
[17:08:29] [126/459] PRTC
[17:08:29] [127/459] RCVA
[17:08:30] [128/459] MTBN
[17:08:32] [129/459] LUCP
[17:08:33] [130/459] FMPT
[17:08:33] 🔄 Identity reset
[17:08:33] 🔄 Identity rotated (every 10 requests)
[17:08:34] [131/459] JLSL
[17:08:34] [132/459] SBHA
[17:08:35] [133/459] SHRC
[17:08:37] [134/459] AVPS
[17:08:37] [135/459] STPM
[17:08:38] [136/459] ATRD
[17:08:39] [137/459] VTED
[17:08:40] [138/459] ACAI
[17:08:41] [139/459] SMAE
[17:08:42] [140/459] VMAT
[17:08:42] 🔄 Identity reset
[17:08:42] 🔄 Identity rotated (every 10 requests)
[17:08:43] [141/459] LKCT
[17:08:44] [142/459] JTVK
[17:08:45] [143/459] PRTY
[17:08:46] [144/459] GETT
[17:08:47] [145/459] ESAP
[17:08:48] [146/459] NCPM
[17:08:49] [147/459] PCPA
[17:08:51] [148/459] MMOM
[17:08:52] [149/459] PHUP
[17:08:53] [150/459] CCPI
[17:08:54] 🔄 Identity reset
[17:08:54] 🔄 Identity rotated (every 10 requests)
[17:08:54] [151/459] CNTD
[17:08:55] [152/459] NLJR
[17:08:56] [153/459] SRNG
[17:08:57] [154/459] MHAL
[17:08:59] [155/459] PNSM
[17:08:59] [156/459] DRMY
[17:09:01] [157/459] CCMU
[17:09:01] [158/459] SCMY
[17:09:02] [159/459] PVSY
[17:09:03] [160/459] SDLM
[17:09:04] 🔄 Identity reset
[17:09:04] 🔄 Identity rotated (every 10 requests)
[17:09:05] [161/459] ICCM
[17:09:06] [162/459] PYSU
[17:09:07] [163/459] GATM
[17:09:08] [164/459] WOTM
[17:09:09] [165/459] RKTS
[17:09:10] [166/459] PMTY
[17:09:12] [167/459] LYMS
[17:09:13] [168/459] TGCA
[17:09:14] [169/459] DSTA
[17:09:16] [170/459] CNGE
[17:09:16] 🔄 Identity reset
[17:09:16] 🔄 Identity rotated (every 10 requests)
[17:09:17] [171/459] VSTG
[17:09:18] [172/459] GTCK
[17:09:18] [173/459] TGNT
[17:09:20] [174/459] ASLC
[17:09:21] [175/459] SSST
[17:09:21] [176/459] KBTT
[17:09:23] [177/459] HKCP
[17:09:24] [178/459] SWLC
[17:09:26] [179/459] RTND
[17:09:27] [180/459] PKKT
[17:09:27] 🔄 Identity reset
[17:09:27] 🔄 Identity rotated (every 10 requests)
[17:09:28] [181/459] HSTK
[17:09:29] [182/459] SPTT
[17:09:30] [183/459] IMPM
[17:09:31] [184/459] SCMV
[17:09:31] [185/459] SPCT
[17:09:33] [186/459] JBCA
[17:09:34] [187/459] ATTR
[17:09:35] [188/459] SPMT
[17:09:37] [189/459] LCTM
[17:09:38] [190/459] SCVL
[17:09:38] 🔄 Identity reset
[17:09:38] 🔄 Identity rotated (every 10 requests)
[17:09:39] [191/459] SCVT
[17:09:40] [192/459] KRIC
[17:09:40] [193/459] CTMG
[17:09:41] [194/459] ACNC
[17:09:42] [195/459] DMCK
[17:09:43] [196/459] KMTV
[17:09:44] [197/459] PFCJ
[17:09:45] [198/459] VNMD
[17:09:45] [199/459] VPCZ
[17:09:46] [200/459] SRYR
[17:09:47] 🔄 Identity reset
[17:09:47] 🔄 Identity rotated (every 10 requests)
[17:09:48] [201/459] SYTR
[17:09:49] [202/459] GATR
[17:09:50] [203/459] URTR
[17:09:51] [204/459] MKSM
[17:09:52] [205/459] VSMH
[17:09:53] [206/459] SKRJ
[17:09:54] [207/459] SSJR
[17:09:55] [208/459] SVSM
[17:09:55] [209/459] RUCM
[17:09:56] [210/459] PRKN
[17:09:57] 🔄 Identity reset
[17:09:57] 🔄 Identity rotated (every 10 requests)
[17:09:57] [211/459] RROH
[17:09:58] [212/459] SCTN
[17:09:59] [213/459] RTDM
[17:10:00] [214/459] ASRM
[17:10:01] [215/459] SKMD
[17:10:02] [216/459] SUTD
[17:10:02] [217/459] SADM
[17:10:03] [218/459] WCNR
[17:10:04] [219/459] CNED
[17:10:05] [220/459] MPDB
[17:10:05] 🔄 Identity reset
[17:10:05] 🔄 Identity rotated (every 10 requests)
[17:10:06] [221/459] KTBH
[17:10:07] [222/459] IDRM
[17:10:08] [223/459] PJJT
[17:10:08] [224/459] PFCV
[17:10:09] [225/459] AACT
[17:10:10] [226/459] AAAD
[17:10:11] [227/459] ANES
[17:10:12] [228/459] MNCA
[17:10:13] [229/459] RMGU
[17:10:14] [230/459] DLCN
[17:10:15] 🔄 Identity reset
[17:10:15] 🔄 Identity rotated (every 10 requests)
[17:10:15] [231/459] LJWT
[17:10:16] [232/459] MCBG
[17:10:17] [233/459] MYBG
[17:10:19] [234/459] GCCA
[17:10:20] [235/459] GCGA
[17:10:21] [236/459] ECGN
[17:10:21] [237/459] PRAB
[17:10:22] [238/459] PNMP
[17:10:23] [239/459] GCPT
[17:10:25] [240/459] ROYN
[17:10:25] 🔄 Identity reset
[17:10:25] 🔄 Identity rotated (every 10 requests)
[17:10:26] [241/459] VATM
[17:10:27] [242/459] KSNT
[17:10:28] [243/459] ACTC
[17:10:29] [244/459] PLTD
[17:10:30] [245/459] SKMK
[17:10:31] [246/459] CMTT
[17:10:31] [247/459] SMXP
[17:10:32] [248/459] SCMX
[17:10:33] [249/459] ACXN
[17:10:35] [250/459] ASWT
[17:10:36] 🔄 Identity reset
[17:10:36] 🔄 Identity rotated (every 10 requests)
[17:10:36] [251/459] VVVL
[17:10:38] [252/459] NAGO
[17:10:39] [253/459] SNCN
[17:10:41] [254/459] MCKP
[17:10:41] [255/459] SAMO
[17:10:42] [256/459] JBTV
[17:10:43] [257/459] DCVV
[17:10:44] [258/459] KMSV
[17:10:45] [259/459] KDCN
[17:10:46] [260/459] CNCP
[17:10:46] 🔄 Identity reset
[17:10:46] 🔄 Identity rotated (every 10 requests)
[17:10:47] [261/459] HAMC
[17:10:48] [262/459] CCVZ
[17:10:49] [263/459] NCCK
[17:10:50] [264/459] MCHR
[17:10:52] [265/459] SCHT
[17:10:52] [266/459] ESSH
[17:10:53] [267/459] CUJC
[17:10:54] [268/459] PECP
[17:10:55] [269/459] PMMI
[17:10:56] [270/459] PCCH
[17:10:56] 🔄 Identity reset
[17:10:56] 🔄 Identity rotated (every 10 requests)
[17:10:56] 🔄 Retry 1/5 for PCCH in 2.1s
[17:10:56] 🔄 Identity reset
[17:10:59] 🧠 New identity created
[17:10:59] [271/459] PRPM
[17:11:00] [272/459] PVKL
[17:11:01] [273/459] CBSM
[17:11:01] [274/459] PVCZ
[17:11:02] [275/459] PCVV
[17:11:04] [276/459] CTMJ
[17:11:05] [277/459] RCPS
[17:11:06] [278/459] PCIT
[17:11:07] [279/459] FNCH
[17:11:08] 🔄 Identity reset
[17:11:08] 🔄 Identity rotated (every 10 requests)
[17:11:08] [280/459] INZD
[17:11:09] [281/459] INPC
[17:11:10] [282/459] LCZP
[17:11:11] [283/459] SMCB
[17:11:11] [284/459] PTSB
[17:11:12] [285/459] TPSI
[17:11:14] [286/459] KHMJ
[17:11:15] [287/459] RCCJ
[17:11:15] [288/459] NCJA
[17:11:16] [289/459] NCJN
[17:11:17] 🔄 Identity reset
[17:11:17] 🔄 Identity rotated (every 10 requests)
[17:11:17] [290/459] BTDP
[17:11:18] [291/459] PADY
[17:11:19] [292/459] NYBH
[17:11:20] [293/459] MTBR
[17:11:21] [294/459] KRBC
[17:11:22] [295/459] DKTI
[17:11:23] [296/459] ANAN
[17:11:24] [297/459] INBP
[17:11:25] [298/459] PATB
[17:11:26] [299/459] RGNT
[17:11:26] 🔄 Identity reset
[17:11:26] 🔄 Identity rotated (every 10 requests)
[17:11:27] [300/459] CGPM
[17:11:28] [301/459] INTN
[17:11:29] [302/459] MCMP
[17:11:30] [303/459] ASRG
[17:11:30] [304/459] CXJD
[17:11:32] [305/459] SPCP
[17:11:33] [306/459] CSTP
[17:11:34] [307/459] PKVC
[17:11:35] [308/459] ESCP
[17:11:36] [309/459] CAEP
[17:11:37] 🔄 Identity reset
[17:11:37] 🔄 Identity rotated (every 10 requests)
[17:11:37] [310/459] CCSP
[17:11:38] [311/459] KTPC
[17:11:39] [312/459] DACA
[17:11:40] [313/459] NVKY
[17:11:41] [314/459] PTIN
[17:11:42] [315/459] SCIN
[17:11:43] [316/459] MCTY
[17:11:43] [317/459] PCMX
[17:11:44] [318/459] INIC
[17:11:45] [319/459] MMZM
[17:11:46] 🔄 Identity reset
[17:11:46] 🔄 Identity rotated (every 10 requests)
[17:11:46] [320/459] SSLP
[17:11:47] [321/459] DTDT
[17:11:48] [322/459] FFCX
[17:11:50] [323/459] RCMM
[17:11:51] [324/459] KYID
[17:11:52] [325/459] CSCI
[17:11:53] [326/459] FCMC
[17:11:54] [327/459] MMXI
[17:11:55] [328/459] ASTC
[17:11:56] [329/459] CMRA
[17:11:57] 🔄 Identity reset
[17:11:57] 🔄 Identity rotated (every 10 requests)
[17:11:57] [330/459] DICI
[17:11:58] [331/459] KDIN
[17:11:59] [332/459] PRFI
[17:12:00] [333/459] SVFC
[17:12:01] [334/459] UCPL
[17:12:02] [335/459] COOC
[17:12:03] [336/459] SCAL
[17:12:03] [337/459] SVFF
[17:12:04] [338/459] VCMG
[17:12:05] [339/459] UUCT
[17:12:06] 🔄 Identity reset
[17:12:06] 🔄 Identity rotated (every 10 requests)
[17:12:06] [340/459] GCSE
[17:12:07] [341/459] SUSC
[17:12:07] [342/459] MISC
[17:12:08] [343/459] RMBL
[17:12:09] [344/459] CMXN
[17:12:10] [345/459] PVBK
[17:12:11] [346/459] HHCG
[17:12:11] [347/459] SCAG
[17:12:12] [348/459] CNPR
[17:12:14] [349/459] CSER
[17:12:15] 🔄 Identity reset
[17:12:15] 🔄 Identity rotated (every 10 requests)
[17:12:15] [350/459] HLWD
[17:12:16] [351/459] BOLY
[17:12:17] [352/459] SSPG
[17:12:18] [353/459] MUPX
[17:12:19] [354/459] HAMR
[17:12:20] [355/459] SDNC
[17:12:20] [356/459] RTEN
[17:12:21] [357/459] SDTD
[17:12:23] [358/459] KAWS
[17:12:24] [359/459] CMZX
[17:12:25] 🔄 Identity reset
[17:12:25] 🔄 Identity rotated (every 10 requests)
[17:12:26] [360/459] DCDD
[17:12:27] [361/459] ALSN
[17:12:28] [362/459] IMXS
[17:12:30] [363/459] PVFF
[17:12:31] [364/459] PVOO
[17:12:32] [365/459] CFBS
[17:12:33] [366/459] PVER
[17:12:33] [367/459] PPNX
[17:12:34] [368/459] CNRM
[17:12:35] [369/459] PVWW
[17:12:36] 🔄 Identity reset
[17:12:36] 🔄 Identity rotated (every 10 requests)
[17:12:36] [370/459] INMB
[17:12:37] [371/459] CPJR
[17:12:38] [372/459] INRZ
[17:12:38] [373/459] PMSR
[17:12:39] [374/459] GPGM
[17:12:40] [375/459] PGWB
[17:12:41] [376/459] PMBR
[17:12:42] [377/459] GPAM
[17:12:42] [378/459] INBC
[17:12:43] [379/459] PZVK
[17:12:44] 🔄 Identity reset
[17:12:44] 🔄 Identity rotated (every 10 requests)
[17:12:45] [380/459] CPEB
[17:12:46] [381/459] FMLB
[17:12:47] [382/459] INBG
[17:12:48] [383/459] GPBR
[17:12:49] [384/459] PAAS
[17:12:50] [385/459] VTBR
[17:12:51] [386/459] GPMY
[17:12:52] [387/459] GYBU
[17:12:53] [388/459] INBJ
[17:12:54] [389/459] LKTH
[17:12:55] 🔄 Identity reset
[17:12:55] 🔄 Identity rotated (every 10 requests)
[17:12:55] [390/459] NSBR
[17:12:56] [391/459] PDRD
[17:12:57] [392/459] VRBL
[17:12:58] [393/459] VTGB
[17:13:00] [394/459] VTSK
[17:13:01] [395/459] BKDV
[17:13:02] [396/459] SVTB
[17:13:03] [397/459] MLDT
[17:13:03] [398/459] NRBL
[17:13:04] [399/459] SLTR
[17:13:05] 🔄 Identity reset
[17:13:05] 🔄 Identity rotated (every 10 requests)
[17:13:05] [400/459] VNKA
[17:13:06] [401/459] TDCA
[17:13:07] [402/459] INBM
[17:13:08] [403/459] SSNR
[17:13:09] [404/459] BHAC
[17:13:10] [405/459] SDSD
[17:13:11] [406/459] SAMP
[17:13:11] [407/459] RATK
[17:13:13] [408/459] KCBI
[17:13:14] [409/459] URBL
[17:13:14] 🔄 Identity reset
[17:13:14] 🔄 Identity rotated (every 10 requests)
[17:13:15] [410/459] MKBG
[17:13:15] [411/459] ASTB
[17:13:16] [412/459] VBWT
[17:13:18] [413/459] GPSM
[17:13:18] [414/459] ROON
[17:13:19] [415/459] CHTH
[17:13:21] [416/459] SSPA
[17:13:22] [417/459] ANBL
[17:13:23] [418/459] VTBE
[17:13:24] [419/459] SVKT
[17:13:24] 🔄 Identity reset
[17:13:25] 🔄 Identity rotated (every 10 requests)
[17:13:25] [420/459] SVYK
[17:13:26] [421/459] PTBK
[17:13:26] [422/459] RKTB
[17:13:27] [423/459] BALT
[17:13:28] [424/459] STSV
[17:13:29] [425/459] VCCB
[17:13:30] [426/459] SLTB
[17:13:31] [427/459] SBCR
[17:13:31] [428/459] VDCS
[17:13:33] [429/459] MDKI
[17:13:34] 🔄 Identity reset
[17:13:34] 🔄 Identity rotated (every 10 requests)
[17:13:34] [430/459] SMRN
[17:13:35] [431/459] PTBC
[17:13:35] [432/459] RADI
[17:13:36] [433/459] ADCR
[17:13:38] [434/459] SDCS
[17:13:39] [435/459] SRPJ
[17:13:40] [436/459] ARTS
[17:13:41] [437/459] SRHK
[17:13:42] [438/459] SPAY
[17:13:43] [439/459] GPTB
[17:13:43] 🔄 Identity reset
[17:13:43] 🔄 Identity rotated (every 10 requests)
[17:13:43] [440/459] SNNN
[17:13:44] [441/459] BALJ
[17:13:45] [442/459] TRIG
[17:13:46] [443/459] GTYT
[17:13:47] [444/459] ATGN
[17:13:49] [445/459] ANTE
[17:13:50] [446/459] BDCG
[17:13:51] [447/459] VECI
[17:13:53] [448/459] SCPR
[17:13:54] [449/459] RTEA
[17:13:54] 🔄 Identity reset
[17:13:54] 🔄 Identity rotated (every 10 requests)
[17:13:55] [450/459] JSAI
[17:13:55] [451/459] VJTP
[17:13:56] [452/459] GNDS
[17:13:57] [453/459] PAXA
[17:13:58] [454/459] CGGM
[17:13:59] [455/459] ACKZ
[17:13:59] [456/459] EMCC
[17:14:00] [457/459] KLSK
[17:14:02] [458/459] AVCK
[17:14:03] [459/459] JTCK
[17:14:04] 🔄 Identity reset
[17:14:04] 🔄 Identity rotated (every 10 requests)
[17:14:04] ✅ DONE | Shows=3700 | Movies=75
[18:06:36] 🚀 BMS DAILY TRACKER STARTED (enhanced anti‑detection)
[18:06:36] [1/459] NECA
[18:06:37] 🧠 New identity created
[18:06:37] [2/459] BJLC
[18:06:38] [3/459] BASU
[18:06:39] [4/459] RUPI
[18:06:40] [5/459] LCBK
[18:06:40] [6/459] PMAC
[18:06:41] [7/459] AMLC
[18:06:42] [8/459] LICL
[18:06:43] [9/459] UDMM
[18:06:43] [10/459] STBZ
[18:06:44] 🔄 Identity reset
[18:06:44] 🔄 Identity rotated (every 10 requests)
[18:06:44] [11/459] UUBT
[18:06:45] [12/459] SJKC
[18:06:46] [13/459] TUAL
[18:06:47] [14/459] MRSE
[18:06:48] [15/459] RMRK
[18:06:49] [16/459] TTKP
[18:06:50] [17/459] KTKO
[18:06:51] [18/459] SDBK
[18:06:52] [19/459] MCPR
[18:06:52] [20/459] CHTI
[18:06:53] 🔄 Identity reset
[18:06:53] 🔄 Identity rotated (every 10 requests)
[18:06:53] [21/459] GCCP
[18:06:54] [22/459] SRMY
[18:06:55] [23/459] NYST
[18:06:55] [24/459] NYAG
[18:06:56] [25/459] SBMT
[18:06:57] [26/459] INGA
[18:06:57] [27/459] WSIC
[18:06:58] [28/459] SCSS
[18:06:59] [29/459] COPG
[18:07:00] [30/459] RCGR
[18:07:01] 🔄 Identity reset
[18:07:01] 🔄 Identity rotated (every 10 requests)
[18:07:01] [31/459] TCZA
[18:07:02] [32/459] CNLP
[18:07:03] [33/459] CLKN
[18:07:03] [34/459] LHDF
[18:07:04] [35/459] ELKC
[18:07:05] [36/459] VCEM
[18:07:06] [37/459] SSZA
[18:07:07] [38/459] KRMT
[18:07:07] [39/459] LCMV
[18:07:08] [40/459] AYCZ
[18:07:08] 🔄 Identity reset
[18:07:08] 🔄 Identity rotated (every 10 requests)
[18:07:09] [41/459] CUMS
[18:07:10] [42/459] BOCK
[18:07:10] [43/459] PNMR
[18:07:11] [44/459] PJCP
[18:07:12] [45/459] JDDD
[18:07:12] [46/459] STMS
[18:07:13] [47/459] FLMB
[18:07:14] [48/459] PKCM
[18:07:15] [49/459] SPPR
[18:07:15] [50/459] EYLH
[18:07:16] 🔄 Identity reset
[18:07:16] 🔄 Identity rotated (every 10 requests)
[18:07:16] [51/459] RJCC
[18:07:17] [52/459] MMPS
[18:07:18] [53/459] SHMX
[18:07:19] [54/459] CCNL
[18:07:20] [55/459] RCNV
[18:07:20] [56/459] MAAG
[18:07:21] [57/459] LXCM
[18:07:21] [58/459] RCNI
[18:07:22] [59/459] SNNI
[18:07:24] [60/459] LALC
[18:07:24] 🔄 Identity reset
[18:07:24] 🔄 Identity rotated (every 10 requests)
[18:07:24] 🔄 Retry 1/5 for LALC in 2.3s
[18:07:24] 🔄 Identity reset
[18:07:27] 🧠 New identity created
[18:07:27] 🔄 Retry 2/5 for LALC in 5.0s
[18:07:27] 🔄 Identity reset
[18:07:32] 🧠 New identity created
[18:07:32] [61/459] SOCN
[18:07:33] [62/459] JHTP
[18:07:34] [63/459] PITP
[18:07:35] [64/459] CCKW
[18:07:36] [65/459] MCMC
[18:07:37] [66/459] DEES
[18:07:37] [67/459] SABT
[18:07:38] [68/459] VSPP
[18:07:39] 🔄 Identity reset
[18:07:39] 🔄 Identity rotated (every 10 requests)
[18:07:39] [69/459] ABCT
[18:07:40] [70/459] JVTB
[18:07:40] [71/459] VCBD
[18:07:41] [72/459] RMGG
[18:07:42] [73/459] RNMH
[18:07:43] [74/459] SPGL
[18:07:44] [75/459] JTTR
[18:07:44] [76/459] SICS
[18:07:45] [77/459] SRMI
[18:07:46] [78/459] SSIJ
[18:07:46] 🔄 Identity reset
[18:07:46] 🔄 Identity rotated (every 10 requests)
[18:07:47] [79/459] KFMT
[18:07:48] [80/459] VBIT
[18:07:49] [81/459] JKCT
[18:07:50] [82/459] GCGP
[18:07:50] [83/459] GDCS
[18:07:51] [84/459] TRBA
[18:07:52] [85/459] QUST
[18:07:52] [86/459] VSHM
[18:07:53] [87/459] SDCP
[18:07:54] [88/459] SNVS
[18:07:55] 🔄 Identity reset
[18:07:55] 🔄 Identity rotated (every 10 requests)
[18:07:55] [89/459] NYTO
[18:07:56] [90/459] URWC
[18:07:57] [91/459] GTWH
[18:07:57] [92/459] PFCM
[18:07:58] [93/459] KRTA
[18:07:58] [94/459] AXMC
[18:07:59] [95/459] EVMC
[18:08:00] [96/459] HGSM
[18:08:00] [97/459] ACVM
[18:08:01] [98/459] PSKL
[18:08:02] 🔄 Identity reset
[18:08:02] 🔄 Identity rotated (every 10 requests)
[18:08:02] [99/459] RDMP
[18:08:03] [100/459] RHGH
[18:08:04] [101/459] OMCM
[18:08:04] [102/459] DCCP
[18:08:05] [103/459] MCPB
[18:08:06] [104/459] ALCI
[18:08:06] [105/459] BLMX
[18:08:07] [106/459] BTMV
[18:08:08] [107/459] FVPN
[18:08:08] [108/459] CMAR
[18:08:09] 🔄 Identity reset
[18:08:09] 🔄 Identity rotated (every 10 requests)
[18:08:09] [109/459] CEIM
[18:08:10] [110/459] CMVA
[18:08:11] [111/459] CPIV
[18:08:11] [112/459] CNPE
[18:08:12] [113/459] COLV
[18:08:13] [114/459] DNNV
[18:08:13] [115/459] HCAD
[18:08:14] [116/459] TAKA
[18:08:15] [117/459] INVD
[18:08:16] [118/459] IRMM
[18:08:17] 🔄 Identity reset
[18:08:17] 🔄 Identity rotated (every 10 requests)
[18:08:17] [119/459] INSE
[18:08:18] [120/459] MRSW
[18:08:18] [121/459] MCVD
[18:08:19] [122/459] MCSO
[18:08:19] [123/459] PEVM
[18:08:20] [124/459] PVNL
[18:08:21] [125/459] PTCV
[18:08:21] [126/459] PRTC
[18:08:22] [127/459] RCVA
[18:08:23] [128/459] MTBN
[18:08:23] 🔄 Identity reset
[18:08:23] 🔄 Identity rotated (every 10 requests)
[18:08:23] [129/459] LUCP
[18:08:24] [130/459] FMPT
[18:08:25] [131/459] JLSL
[18:08:25] [132/459] SBHA
[18:08:26] [133/459] SHRC
[18:08:27] [134/459] AVPS
[18:08:28] [135/459] STPM
[18:08:29] [136/459] ATRD
[18:08:30] [137/459] VTED
[18:08:32] [138/459] ACAI
[18:08:32] 🔄 Identity reset
[18:08:32] 🔄 Identity rotated (every 10 requests)
[18:08:32] [139/459] SMAE
[18:08:33] [140/459] VMAT
[18:08:34] [141/459] LKCT
[18:08:34] [142/459] JTVK
[18:08:35] [143/459] PRTY
[18:08:36] [144/459] GETT
[18:08:36] [145/459] ESAP
[18:08:37] [146/459] NCPM
[18:08:38] [147/459] PCPA
[18:08:38] [148/459] MMOM
[18:08:39] 🔄 Identity reset
[18:08:39] 🔄 Identity rotated (every 10 requests)
[18:08:39] [149/459] PHUP
[18:08:40] [150/459] CCPI
[18:08:41] [151/459] CNTD
[18:08:41] [152/459] NLJR
[18:08:42] [153/459] SRNG
[18:08:43] [154/459] MHAL
[18:08:44] [155/459] PNSM
[18:08:44] [156/459] DRMY
[18:08:45] [157/459] CCMU
[18:08:46] [158/459] SCMY
[18:08:46] 🔄 Identity reset
[18:08:46] 🔄 Identity rotated (every 10 requests)
[18:08:46] [159/459] PVSY
[18:08:47] [160/459] SDLM
[18:08:48] [161/459] ICCM
[18:08:48] [162/459] PYSU
[18:08:49] [163/459] GATM
[18:08:50] [164/459] WOTM
[18:08:51] [165/459] RKTS
[18:08:52] [166/459] PMTY
[18:08:52] [167/459] LYMS
[18:08:53] [168/459] TGCA
[18:08:54] 🔄 Identity reset
[18:08:54] 🔄 Identity rotated (every 10 requests)
[18:08:54] [169/459] DSTA
[18:08:54] [170/459] CNGE
[18:08:55] [171/459] VSTG
[18:08:56] [172/459] GTCK
[18:08:57] [173/459] TGNT
[18:08:57] [174/459] ASLC
[18:08:58] [175/459] SSST
[18:08:59] [176/459] KBTT
[18:09:00] [177/459] HKCP
[18:09:00] [178/459] SWLC
[18:09:01] 🔄 Identity reset
[18:09:01] 🔄 Identity rotated (every 10 requests)
[18:09:01] 🔄 Retry 1/5 for SWLC in 2.5s
[18:09:01] 🔄 Identity reset
[18:09:03] 🧠 New identity created
[18:09:04] [179/459] RTND
[18:09:04] [180/459] PKKT
[18:09:05] [181/459] HSTK
[18:09:06] [182/459] SPTT
[18:09:06] [183/459] IMPM
[18:09:07] [184/459] SCMV
[18:09:08] [185/459] SPCT
[18:09:08] [186/459] JBCA
[18:09:09] [187/459] ATTR
[18:09:10] 🔄 Identity reset
[18:09:10] 🔄 Identity rotated (every 10 requests)
[18:09:10] 🔄 Retry 1/5 for ATTR in 2.9s
[18:09:10] 🔄 Identity reset
[18:09:13] 🧠 New identity created
[18:09:14] [188/459] SPMT
[18:09:14] [189/459] LCTM
[18:09:15] [190/459] SCVL
[18:09:16] [191/459] SCVT
[18:09:16] [192/459] KRIC
[18:09:17] [193/459] CTMG
[18:09:18] [194/459] ACNC
[18:09:19] [195/459] DMCK
[18:09:19] [196/459] KMTV
[18:09:20] 🔄 Identity reset
[18:09:20] 🔄 Identity rotated (every 10 requests)
[18:09:20] [197/459] PFCJ
[18:09:20] [198/459] VNMD
[18:09:21] [199/459] VPCZ
[18:09:22] [200/459] SRYR
[18:09:22] [201/459] SYTR
[18:09:23] [202/459] GATR
[18:09:24] [203/459] URTR
[18:09:25] [204/459] MKSM
[18:09:25] [205/459] VSMH
[18:09:26] [206/459] SKRJ
[18:09:27] 🔄 Identity reset
[18:09:27] 🔄 Identity rotated (every 10 requests)
[18:09:27] [207/459] SSJR
[18:09:28] [208/459] SVSM
[18:09:28] [209/459] RUCM
[18:09:29] [210/459] PRKN
[18:09:29] [211/459] RROH
[18:09:30] [212/459] SCTN
[18:09:31] [213/459] RTDM
[18:09:32] [214/459] ASRM
[18:09:33] [215/459] SKMD
[18:09:33] [216/459] SUTD
[18:09:34] 🔄 Identity reset
[18:09:34] 🔄 Identity rotated (every 10 requests)
[18:09:34] [217/459] SADM
[18:09:36] [218/459] WCNR
[18:09:36] [219/459] CNED
[18:09:37] [220/459] MPDB
[18:09:38] [221/459] KTBH
[18:09:39] [222/459] IDRM
[18:09:39] [223/459] PJJT
[18:09:40] [224/459] PFCV
[18:09:42] [225/459] AACT
[18:09:43] [226/459] AAAD
[18:09:43] 🔄 Identity reset
[18:09:43] 🔄 Identity rotated (every 10 requests)
[18:09:43] 🔄 Retry 1/5 for AAAD in 2.6s
[18:09:43] 🔄 Identity reset
[18:09:46] 🧠 New identity created
[18:09:46] [227/459] ANES
[18:09:47] [228/459] MNCA
[18:09:48] [229/459] RMGU
[18:09:48] [230/459] DLCN
[18:09:49] [231/459] LJWT
[18:09:50] [232/459] MCBG
[18:09:51] [233/459] MYBG
[18:09:52] [234/459] GCCA
[18:09:52] [235/459] GCGA
[18:09:53] 🔄 Identity reset
[18:09:53] 🔄 Identity rotated (every 10 requests)
[18:09:53] [236/459] ECGN
[18:09:54] [237/459] PRAB
[18:09:55] [238/459] PNMP
[18:09:56] [239/459] GCPT
[18:09:57] [240/459] ROYN
[18:09:57] [241/459] VATM
[18:09:58] [242/459] KSNT
[18:09:58] [243/459] ACTC
[18:09:59] [244/459] PLTD
[18:10:00] [245/459] SKMK
[18:10:01] 🔄 Identity reset
[18:10:01] 🔄 Identity rotated (every 10 requests)
[18:10:01] [246/459] CMTT
[18:10:02] [247/459] SMXP
[18:10:02] [248/459] SCMX
[18:10:03] [249/459] ACXN
[18:10:04] [250/459] ASWT
[18:10:05] [251/459] VVVL
[18:10:05] [252/459] NAGO
[18:10:06] [253/459] SNCN
[18:10:06] [254/459] MCKP
[18:10:07] [255/459] SAMO
[18:10:08] 🔄 Identity reset
[18:10:08] 🔄 Identity rotated (every 10 requests)
[18:10:08] [256/459] JBTV
[18:10:09] [257/459] DCVV
[18:10:09] [258/459] KMSV
[18:10:10] [259/459] KDCN
[18:10:11] [260/459] CNCP
[18:10:12] [261/459] HAMC
[18:10:13] [262/459] CCVZ
[18:10:14] [263/459] NCCK
[18:10:14] [264/459] MCHR
[18:10:15] [265/459] SCHT
[18:10:15] 🔄 Identity reset
[18:10:15] 🔄 Identity rotated (every 10 requests)
[18:10:16] 🔄 Retry 1/5 for SCHT in 2.8s
[18:10:16] 🔄 Identity reset
[18:10:18] 🧠 New identity created
[18:10:18] [266/459] ESSH
[18:10:19] [267/459] CUJC
[18:10:21] [268/459] PECP
[18:10:21] [269/459] PMMI
[18:10:22] [270/459] PCCH
[18:10:23] [271/459] PRPM
[18:10:24] [272/459] PVKL
[18:10:24] [273/459] CBSM
[18:10:25] [274/459] PVCZ
[18:10:26] 🔄 Identity reset
[18:10:26] 🔄 Identity rotated (every 10 requests)
[18:10:26] [275/459] PCVV
[18:10:27] [276/459] CTMJ
[18:10:28] [277/459] RCPS
[18:10:28] [278/459] PCIT
[18:10:29] [279/459] FNCH
[18:10:30] [280/459] INZD
[18:10:31] [281/459] INPC
[18:10:32] [282/459] LCZP
[18:10:32] [283/459] SMCB
[18:10:33] [284/459] PTSB
[18:10:34] 🔄 Identity reset
[18:10:34] 🔄 Identity rotated (every 10 requests)
[18:10:34] [285/459] TPSI
[18:10:34] [286/459] KHMJ
[18:10:35] [287/459] RCCJ
[18:10:36] [288/459] NCJA
[18:10:37] [289/459] NCJN
[18:10:37] [290/459] BTDP
[18:10:38] [291/459] PADY
[18:10:39] [292/459] NYBH
[18:10:40] [293/459] MTBR
[18:10:41] [294/459] KRBC
[18:10:41] 🔄 Identity reset
[18:10:41] 🔄 Identity rotated (every 10 requests)
[18:10:42] [295/459] DKTI
[18:10:43] [296/459] ANAN
[18:10:44] [297/459] INBP
[18:10:45] [298/459] PATB
[18:10:45] [299/459] RGNT
[18:10:46] [300/459] CGPM
[18:10:47] [301/459] INTN
[18:10:48] [302/459] MCMP
[18:10:49] [303/459] ASRG
[18:10:50] [304/459] CXJD
[18:10:51] 🔄 Identity reset
[18:10:51] 🔄 Identity rotated (every 10 requests)
[18:10:51] [305/459] SPCP
[18:10:52] [306/459] CSTP
[18:10:53] [307/459] PKVC
[18:10:53] [308/459] ESCP
[18:10:54] [309/459] CAEP
[18:10:55] [310/459] CCSP
[18:10:56] [311/459] KTPC
[18:10:58] [312/459] DACA
[18:10:58] [313/459] NVKY
[18:10:59] [314/459] PTIN
[18:11:00] 🔄 Identity reset
[18:11:00] 🔄 Identity rotated (every 10 requests)
[18:11:00] 🔄 Retry 1/5 for PTIN in 2.8s
[18:11:00] 🔄 Identity reset
[18:11:03] 🧠 New identity created
[18:11:03] [315/459] SCIN
[18:11:04] [316/459] MCTY
[18:11:05] [317/459] PCMX
[18:11:05] [318/459] INIC
[18:11:06] [319/459] MMZM
[18:11:07] [320/459] SSLP
[18:11:08] [321/459] DTDT
[18:11:09] [322/459] FFCX
[18:11:10] [323/459] RCMM
[18:11:11] 🔄 Identity reset
[18:11:11] 🔄 Identity rotated (every 10 requests)
[18:11:11] 🔄 Retry 1/5 for RCMM in 2.3s
[18:11:11] 🔄 Identity reset
[18:11:13] 🧠 New identity created
[18:11:13] [324/459] KYID
[18:11:14] [325/459] CSCI
[18:11:15] [326/459] FCMC
[18:11:16] [327/459] MMXI
[18:11:17] [328/459] ASTC
[18:11:18] [329/459] CMRA
[18:11:19] [330/459] DICI
[18:11:20] [331/459] KDIN
[18:11:21] [332/459] PRFI
[18:11:21] 🔄 Identity reset
[18:11:21] 🔄 Identity rotated (every 10 requests)
[18:11:21] 🔄 Retry 1/5 for PRFI in 2.2s
[18:11:21] 🔄 Identity reset
[18:11:23] 🧠 New identity created
[18:11:24] [333/459] SVFC
[18:11:24] [334/459] UCPL
[18:11:25] [335/459] COOC
[18:11:26] [336/459] SCAL
[18:11:27] [337/459] SVFF
[18:11:27] [338/459] VCMG
[18:11:28] [339/459] UUCT
[18:11:29] [340/459] GCSE
[18:11:30] [341/459] SUSC
[18:11:30] 🔄 Identity reset
[18:11:30] 🔄 Identity rotated (every 10 requests)
[18:11:30] [342/459] MISC
[18:11:31] [343/459] RMBL
[18:11:32] [344/459] CMXN
[18:11:33] [345/459] PVBK
[18:11:33] [346/459] HHCG
[18:11:35] [347/459] SCAG
[18:11:36] [348/459] CNPR
[18:11:38] [349/459] CSER
[18:11:39] [350/459] HLWD
[18:11:40] [351/459] BOLY
[18:11:40] 🔄 Identity reset
[18:11:41] 🔄 Identity rotated (every 10 requests)
[18:11:41] 🔄 Retry 1/5 for BOLY in 2.9s
[18:11:41] 🔄 Identity reset
[18:11:44] 🧠 New identity created
[18:11:44] 🔄 Retry 2/5 for BOLY in 5.0s
[18:11:44] 🔄 Identity reset
[18:11:49] 🧠 New identity created
[18:11:49] [352/459] SSPG
[18:11:51] [353/459] MUPX
[18:11:52] [354/459] HAMR
[18:11:53] [355/459] SDNC
[18:11:53] [356/459] RTEN
[18:11:54] [357/459] SDTD
[18:11:55] [358/459] KAWS
[18:11:56] [359/459] CMZX
[18:11:56] 🔄 Identity reset
[18:11:57] 🔄 Identity rotated (every 10 requests)
[18:11:57] 🔄 Retry 1/5 for CMZX in 2.2s
[18:11:57] 🔄 Identity reset
[18:11:59] 🧠 New identity created
[18:11:59] [360/459] DCDD
[18:12:00] [361/459] ALSN
[18:12:01] [362/459] IMXS
[18:12:02] [363/459] PVFF
[18:12:03] [364/459] PVOO
[18:12:03] [365/459] CFBS
[18:12:04] [366/459] PVER
[18:12:05] [367/459] PPNX
[18:12:06] [368/459] CNRM
[18:12:06] 🔄 Identity reset
[18:12:06] 🔄 Identity rotated (every 10 requests)
[18:12:07] [369/459] PVWW
[18:12:08] [370/459] INMB
[18:12:09] [371/459] CPJR
[18:12:10] [372/459] INRZ
[18:12:10] [373/459] PMSR
[18:12:11] [374/459] GPGM
[18:12:12] [375/459] PGWB
[18:12:13] [376/459] PMBR
[18:12:14] [377/459] GPAM
[18:12:16] [378/459] INBC
[18:12:17] 🔄 Identity reset
[18:12:17] 🔄 Identity rotated (every 10 requests)
[18:12:17] [379/459] PZVK
[18:12:18] [380/459] CPEB
[18:12:19] [381/459] FMLB
[18:12:19] [382/459] INBG
[18:12:20] [383/459] GPBR
[18:12:21] [384/459] PAAS
[18:12:23] [385/459] VTBR
[18:12:24] [386/459] GPMY
[18:12:25] [387/459] GYBU
[18:12:26] [388/459] INBJ
[18:12:26] 🔄 Identity reset
[18:12:26] 🔄 Identity rotated (every 10 requests)
[18:12:27] [389/459] LKTH
[18:12:27] [390/459] NSBR
[18:12:28] [391/459] PDRD
[18:12:29] [392/459] VRBL
[18:12:30] [393/459] VTGB
[18:12:30] [394/459] VTSK
[18:12:31] [395/459] BKDV
[18:12:32] [396/459] SVTB
[18:12:32] [397/459] MLDT
[18:12:34] [398/459] NRBL
[18:12:35] 🔄 Identity reset
[18:12:35] 🔄 Identity rotated (every 10 requests)
[18:12:35] 🔄 Retry 1/5 for NRBL in 2.8s
[18:12:35] 🔄 Identity reset
[18:12:37] 🧠 New identity created
[18:12:38] [399/459] SLTR
[18:12:38] [400/459] VNKA
[18:12:39] [401/459] TDCA
[18:12:40] [402/459] INBM
[18:12:41] [403/459] SSNR
[18:12:41] [404/459] BHAC
[18:12:42] [405/459] SDSD
[18:12:43] [406/459] SAMP
[18:12:43] [407/459] RATK
[18:12:44] 🔄 Identity reset
[18:12:44] 🔄 Identity rotated (every 10 requests)
[18:12:44] [408/459] KCBI
[18:12:45] [409/459] URBL
[18:12:46] [410/459] MKBG
[18:12:47] [411/459] ASTB
[18:12:48] [412/459] VBWT
[18:12:49] [413/459] GPSM
[18:12:51] [414/459] ROON
[18:12:52] [415/459] CHTH
[18:12:53] [416/459] SSPA
[18:12:54] [417/459] ANBL
[18:12:54] 🔄 Identity reset
[18:12:54] 🔄 Identity rotated (every 10 requests)
[18:12:54] [418/459] VTBE
[18:12:55] [419/459] SVKT
[18:12:56] [420/459] SVYK
[18:12:56] [421/459] PTBK
[18:12:57] [422/459] RKTB
[18:12:58] [423/459] BALT
[18:12:59] [424/459] STSV
[18:13:00] [425/459] VCCB
[18:13:01] [426/459] SLTB
[18:13:01] [427/459] SBCR
[18:13:02] 🔄 Identity reset
[18:13:02] 🔄 Identity rotated (every 10 requests)
[18:13:03] [428/459] VDCS
[18:13:03] [429/459] MDKI
[18:13:04] [430/459] SMRN
[18:13:05] [431/459] PTBC
[18:13:06] [432/459] RADI
[18:13:06] [433/459] ADCR
[18:13:07] [434/459] SDCS
[18:13:08] [435/459] SRPJ
[18:13:09] [436/459] ARTS
[18:13:09] [437/459] SRHK
[18:13:10] 🔄 Identity reset
[18:13:10] 🔄 Identity rotated (every 10 requests)
[18:13:10] [438/459] SPAY
[18:13:11] [439/459] GPTB
[18:13:12] [440/459] SNNN
[18:13:13] [441/459] BALJ
[18:13:14] [442/459] TRIG
[18:13:15] [443/459] GTYT
[18:13:16] [444/459] ATGN
[18:13:17] [445/459] ANTE
[18:13:18] [446/459] BDCG
[18:13:19] [447/459] VECI
[18:13:19] 🔄 Identity reset
[18:13:19] 🔄 Identity rotated (every 10 requests)
[18:13:20] [448/459] SCPR
[18:13:21] [449/459] RTEA
[18:13:22] [450/459] JSAI
[18:13:23] [451/459] VJTP
[18:13:23] [452/459] GNDS
[18:13:24] [453/459] PAXA
[18:13:25] [454/459] CGGM
[18:13:26] [455/459] ACKZ
[18:13:26] [456/459] EMCC
[18:13:27] [457/459] KLSK
[18:13:28] 🔄 Identity reset
[18:13:28] 🔄 Identity rotated (every 10 requests)
[18:13:28] 🔄 Retry 1/5 for KLSK in 3.0s
[18:13:28] 🔄 Identity reset
[18:13:31] 🧠 New identity created
[18:13:31] 🔄 Retry 2/5 for KLSK in 4.0s
[18:13:31] 🔄 Identity reset
[18:13:35] 🧠 New identity created
[18:13:35] [458/459] AVCK
[18:13:37] [459/459] JTCK
[18:13:38] ✅ DONE | Shows=3995 | Movies=75
[19:06:32] 🚀 BMS DAILY TRACKER STARTED (enhanced anti‑detection)
[19:06:32] [1/459] NECA
[19:06:33] 🧠 New identity created
[19:06:33] 🔄 Retry 1/5 for NECA in 2.5s
[19:06:33] 🔄 Identity reset
[19:06:35] 🧠 New identity created
[19:06:36] 🔄 Retry 2/5 for NECA in 4.2s
[19:06:36] 🔄 Identity reset
[19:06:40] 🧠 New identity created
[19:06:40] [2/459] BJLC
[19:06:41] [3/459] BASU
[19:06:42] [4/459] RUPI
[19:06:43] [5/459] LCBK
[19:06:43] [6/459] PMAC
[19:06:44] [7/459] AMLC
[19:06:45] [8/459] LICL
[19:06:46] 🔄 Identity reset
[19:06:46] 🔄 Identity rotated (every 10 requests)
[19:06:46] [9/459] UDMM
[19:06:47] [10/459] STBZ
[19:06:48] [11/459] UUBT
[19:06:49] [12/459] SJKC
[19:06:50] [13/459] TUAL
[19:06:51] [14/459] MRSE
[19:06:52] [15/459] RMRK
[19:06:53] [16/459] TTKP
[19:06:53] [17/459] KTKO
[19:06:54] [18/459] SDBK
[19:06:55] 🔄 Identity reset
[19:06:55] 🔄 Identity rotated (every 10 requests)
[19:06:55] [19/459] MCPR
[19:06:57] [20/459] CHTI
[19:06:58] [21/459] GCCP
[19:06:59] [22/459] SRMY
[19:07:00] [23/459] NYST
[19:07:01] [24/459] NYAG
[19:07:02] [25/459] SBMT
[19:07:02] [26/459] INGA
[19:07:04] [27/459] WSIC
[19:07:05] [28/459] SCSS
[19:07:05] 🔄 Identity reset
[19:07:05] 🔄 Identity rotated (every 10 requests)
[19:07:05] 🔄 Retry 1/5 for SCSS in 2.4s
[19:07:05] 🔄 Identity reset
[19:07:08] 🧠 New identity created
[19:07:08] [29/459] COPG
[19:07:09] [30/459] RCGR
[19:07:10] [31/459] TCZA
[19:07:10] [32/459] CNLP
[19:07:11] [33/459] CLKN
[19:07:13] [34/459] LHDF
[19:07:14] [35/459] ELKC
[19:07:15] [36/459] VCEM
[19:07:16] [37/459] SSZA
[19:07:16] 🔄 Identity reset
[19:07:16] 🔄 Identity rotated (every 10 requests)
[19:07:17] [38/459] KRMT
[19:07:17] [39/459] LCMV
[19:07:18] [40/459] AYCZ
[19:07:19] [41/459] CUMS
[19:07:20] [42/459] BOCK
[19:07:21] [43/459] PNMR
[19:07:22] [44/459] PJCP
[19:07:23] [45/459] JDDD
[19:07:25] [46/459] STMS
[19:07:26] [47/459] FLMB
[19:07:27] 🔄 Identity reset
[19:07:27] 🔄 Identity rotated (every 10 requests)
[19:07:27] [48/459] PKCM
[19:07:28] [49/459] SPPR
[19:07:29] [50/459] EYLH
[19:07:30] [51/459] RJCC
[19:07:31] [52/459] MMPS
[19:07:32] [53/459] SHMX
[19:07:32] [54/459] CCNL
[19:07:34] [55/459] RCNV
[19:07:35] [56/459] MAAG
[19:07:36] [57/459] LXCM
[19:07:36] 🔄 Identity reset
[19:07:36] 🔄 Identity rotated (every 10 requests)
[19:07:37] [58/459] RCNI
[19:07:38] [59/459] SNNI
[19:07:39] [60/459] LALC
[19:07:40] [61/459] SOCN
[19:07:41] [62/459] JHTP
[19:07:42] [63/459] PITP
[19:07:43] [64/459] CCKW
[19:07:44] [65/459] MCMC
[19:07:44] [66/459] DEES
[19:07:45] [67/459] SABT
[19:07:46] 🔄 Identity reset
[19:07:46] 🔄 Identity rotated (every 10 requests)
[19:07:46] [68/459] VSPP
[19:07:47] [69/459] ABCT
[19:07:48] [70/459] JVTB
[19:07:49] [71/459] VCBD
[19:07:50] [72/459] RMGG
[19:07:51] [73/459] RNMH
[19:07:53] [74/459] SPGL
[19:07:53] [75/459] JTTR
[19:07:54] [76/459] SICS
[19:07:55] [77/459] SRMI
[19:07:56] 🔄 Identity reset
[19:07:56] 🔄 Identity rotated (every 10 requests)
[19:07:56] 🔄 Retry 1/5 for SRMI in 2.1s
[19:07:56] 🔄 Identity reset
[19:07:58] 🧠 New identity created
[19:07:58] [78/459] SSIJ
[19:07:59] [79/459] KFMT
[19:08:00] [80/459] VBIT
[19:08:01] [81/459] JKCT
[19:08:02] [82/459] GCGP
[19:08:03] [83/459] GDCS
[19:08:04] [84/459] TRBA
[19:08:05] [85/459] QUST
[19:08:06] [86/459] VSHM
[19:08:06] 🔄 Identity reset
[19:08:06] 🔄 Identity rotated (every 10 requests)
[19:08:07] [87/459] SDCP
[19:08:07] [88/459] SNVS
[19:08:08] [89/459] NYTO
[19:08:10] [90/459] URWC
[19:08:11] [91/459] GTWH
[19:08:11] [92/459] PFCM
[19:08:12] [93/459] KRTA
[19:08:14] [94/459] AXMC
[19:08:15] [95/459] EVMC
[19:08:16] [96/459] HGSM
[19:08:17] 🔄 Identity reset
[19:08:17] 🔄 Identity rotated (every 10 requests)
[19:08:17] [97/459] ACVM
[19:08:18] [98/459] PSKL
[19:08:19] [99/459] RDMP
[19:08:20] [100/459] RHGH
[19:08:21] [101/459] OMCM
[19:08:22] [102/459] DCCP
[19:08:23] [103/459] MCPB
[19:08:24] [104/459] ALCI
[19:08:25] [105/459] BLMX
[19:08:26] [106/459] BTMV
[19:08:26] 🔄 Identity reset
[19:08:26] 🔄 Identity rotated (every 10 requests)
[19:08:27] [107/459] FVPN
[19:08:27] [108/459] CMAR
[19:08:28] [109/459] CEIM
[19:08:29] [110/459] CMVA
[19:08:31] [111/459] CPIV
[19:08:32] [112/459] CNPE
[19:08:33] [113/459] COLV
[19:08:34] [114/459] DNNV
[19:08:34] [115/459] HCAD
[19:08:35] [116/459] TAKA
[19:08:36] 🔄 Identity reset
[19:08:36] 🔄 Identity rotated (every 10 requests)
[19:08:36] [117/459] INVD
[19:08:37] [118/459] IRMM
[19:08:38] [119/459] INSE
[19:08:39] [120/459] MRSW
[19:08:40] [121/459] MCVD
[19:08:41] [122/459] MCSO
[19:08:42] [123/459] PEVM
[19:08:43] [124/459] PVNL
[19:08:44] [125/459] PTCV
[19:08:45] [126/459] PRTC
[19:08:46] 🔄 Identity reset
[19:08:46] 🔄 Identity rotated (every 10 requests)
[19:08:47] [127/459] RCVA
[19:08:48] [128/459] MTBN
[19:08:49] [129/459] LUCP
[19:08:49] [130/459] FMPT
[19:08:50] [131/459] JLSL
[19:08:51] [132/459] SBHA
[19:08:52] [133/459] SHRC
[19:08:53] [134/459] AVPS
[19:08:54] [135/459] STPM
[19:08:56] [136/459] ATRD
[19:08:56] 🔄 Identity reset
[19:08:56] 🔄 Identity rotated (every 10 requests)
[19:08:57] [137/459] VTED
[19:08:58] [138/459] ACAI
[19:08:59] [139/459] SMAE
[19:09:00] [140/459] VMAT
[19:09:00] [141/459] LKCT
[19:09:01] [142/459] JTVK
[19:09:02] [143/459] PRTY
[19:09:03] [144/459] GETT
[19:09:04] [145/459] ESAP
[19:09:05] [146/459] NCPM
[19:09:05] 🔄 Identity reset
[19:09:06] 🔄 Identity rotated (every 10 requests)
[19:09:06] [147/459] PCPA
[19:09:07] [148/459] MMOM
[19:09:08] [149/459] PHUP
[19:09:09] [150/459] CCPI
[19:09:10] [151/459] CNTD
[19:09:11] [152/459] NLJR
[19:09:12] [153/459] SRNG
[19:09:13] [154/459] MHAL
[19:09:15] [155/459] PNSM
[19:09:16] [156/459] DRMY
[19:09:17] 🔄 Identity reset
[19:09:17] 🔄 Identity rotated (every 10 requests)
[19:09:17] [157/459] CCMU
[19:09:18] [158/459] SCMY
[19:09:20] [159/459] PVSY
[19:09:21] [160/459] SDLM
[19:09:21] [161/459] ICCM
[19:09:22] [162/459] PYSU
[19:09:24] [163/459] GATM
[19:09:26] [164/459] WOTM
[19:09:27] [165/459] RKTS
[19:09:27] [166/459] PMTY
[19:09:28] 🔄 Identity reset
[19:09:28] 🔄 Identity rotated (every 10 requests)
[19:09:28] [167/459] LYMS
[19:09:30] [168/459] TGCA
[19:09:31] [169/459] DSTA
[19:09:32] [170/459] CNGE
[19:09:33] [171/459] VSTG
[19:09:33] [172/459] GTCK
[19:09:35] [173/459] TGNT
[19:09:36] [174/459] ASLC
[19:09:37] [175/459] SSST
[19:09:38] [176/459] KBTT
[19:09:39] 🔄 Identity reset
[19:09:39] 🔄 Identity rotated (every 10 requests)
[19:09:39] [177/459] HKCP
[19:09:40] [178/459] SWLC
[19:09:41] [179/459] RTND
[19:09:42] [180/459] PKKT
[19:09:44] [181/459] HSTK
[19:09:44] [182/459] SPTT
[19:09:45] [183/459] IMPM
[19:09:46] [184/459] SCMV
[19:09:47] [185/459] SPCT
[19:09:48] [186/459] JBCA
[19:09:48] 🔄 Identity reset
[19:09:48] 🔄 Identity rotated (every 10 requests)
[19:09:49] [187/459] ATTR
[19:09:50] [188/459] SPMT
[19:09:51] [189/459] LCTM
[19:09:52] [190/459] SCVL
[19:09:53] [191/459] SCVT
[19:09:55] [192/459] KRIC
[19:09:56] [193/459] CTMG
[19:09:57] [194/459] ACNC
[19:09:57] [195/459] DMCK
[19:09:58] [196/459] KMTV
[19:09:59] 🔄 Identity reset
[19:09:59] 🔄 Identity rotated (every 10 requests)
[19:09:59] [197/459] PFCJ
[19:10:00] [198/459] VNMD
[19:10:02] [199/459] VPCZ
[19:10:03] [200/459] SRYR
[19:10:03] [201/459] SYTR
[19:10:04] [202/459] GATR
[19:10:05] [203/459] URTR
[19:10:06] [204/459] MKSM
[19:10:07] [205/459] VSMH
[19:10:08] [206/459] SKRJ
[19:10:09] 🔄 Identity reset
[19:10:09] 🔄 Identity rotated (every 10 requests)
[19:10:09] [207/459] SSJR
[19:10:10] [208/459] SVSM
[19:10:11] [209/459] RUCM
[19:10:12] [210/459] PRKN
[19:10:13] [211/459] RROH
[19:10:14] [212/459] SCTN
[19:10:15] [213/459] RTDM
[19:10:16] [214/459] ASRM
[19:10:17] [215/459] SKMD
[19:10:18] [216/459] SUTD
[19:10:19] 🔄 Identity reset
[19:10:19] 🔄 Identity rotated (every 10 requests)
[19:10:19] [217/459] SADM
[19:10:20] [218/459] WCNR
[19:10:21] [219/459] CNED
[19:10:22] [220/459] MPDB
[19:10:23] [221/459] KTBH
[19:10:25] [222/459] IDRM
[19:10:25] [223/459] PJJT
[19:10:27] [224/459] PFCV
[19:10:27] [225/459] AACT
[19:10:28] [226/459] AAAD
[19:10:29] 🔄 Identity reset
[19:10:29] 🔄 Identity rotated (every 10 requests)
[19:10:29] [227/459] ANES
[19:10:30] [228/459] MNCA
[19:10:31] [229/459] RMGU
[19:10:32] [230/459] DLCN
[19:10:33] [231/459] LJWT
[19:10:33] [232/459] MCBG
[19:10:34] [233/459] MYBG
[19:10:35] [234/459] GCCA
[19:10:36] [235/459] GCGA
[19:10:37] [236/459] ECGN
[19:10:37] 🔄 Identity reset
[19:10:37] 🔄 Identity rotated (every 10 requests)
[19:10:37] 🔄 Retry 1/5 for ECGN in 2.2s
[19:10:37] 🔄 Identity reset
[19:10:39] 🧠 New identity created
[19:10:40] [237/459] PRAB
[19:10:41] [238/459] PNMP
[19:10:42] [239/459] GCPT
[19:10:43] [240/459] ROYN
[19:10:44] [241/459] VATM
[19:10:45] [242/459] KSNT
[19:10:46] [243/459] ACTC
[19:10:47] [244/459] PLTD
[19:10:47] [245/459] SKMK
[19:10:48] 🔄 Identity reset
[19:10:48] 🔄 Identity rotated (every 10 requests)
[19:10:48] 🔄 Retry 1/5 for SKMK in 2.8s
[19:10:48] 🔄 Identity reset
[19:10:51] 🧠 New identity created
[19:10:51] [246/459] CMTT
[19:10:52] [247/459] SMXP
[19:10:53] [248/459] SCMX
[19:10:54] [249/459] ACXN
[19:10:55] [250/459] ASWT
[19:10:56] [251/459] VVVL
[19:10:57] [252/459] NAGO
[19:10:57] [253/459] SNCN
[19:10:58] [254/459] MCKP
[19:10:59] 🔄 Identity reset
[19:10:59] 🔄 Identity rotated (every 10 requests)
[19:10:59] [255/459] SAMO
[19:11:00] [256/459] JBTV
[19:11:01] [257/459] DCVV
[19:11:02] [258/459] KMSV
[19:11:03] [259/459] KDCN
[19:11:04] [260/459] CNCP
[19:11:05] [261/459] HAMC
[19:11:06] [262/459] CCVZ
[19:11:06] [263/459] NCCK
[19:11:07] [264/459] MCHR
[19:11:08] 🔄 Identity reset
[19:11:08] 🔄 Identity rotated (every 10 requests)
[19:11:08] [265/459] SCHT
[19:11:09] [266/459] ESSH
[19:11:10] [267/459] CUJC
[19:11:11] [268/459] PECP
[19:11:12] [269/459] PMMI
[19:11:13] [270/459] PCCH
[19:11:15] [271/459] PRPM
[19:11:15] [272/459] PVKL
[19:11:16] [273/459] CBSM
[19:11:18] [274/459] PVCZ
[19:11:18] 🔄 Identity reset
[19:11:18] 🔄 Identity rotated (every 10 requests)
[19:11:19] [275/459] PCVV
[19:11:20] [276/459] CTMJ
[19:11:21] [277/459] RCPS
[19:11:22] [278/459] PCIT
[19:11:23] [279/459] FNCH
[19:11:24] [280/459] INZD
[19:11:25] [281/459] INPC
[19:11:26] [282/459] LCZP
[19:11:27] [283/459] SMCB
[19:11:28] [284/459] PTSB
[19:11:28] 🔄 Identity reset
[19:11:28] 🔄 Identity rotated (every 10 requests)
[19:11:29] [285/459] TPSI
[19:11:30] [286/459] KHMJ
[19:11:30] [287/459] RCCJ
[19:11:31] [288/459] NCJA
[19:11:32] [289/459] NCJN
[19:11:33] [290/459] BTDP
[19:11:34] [291/459] PADY
[19:11:36] [292/459] NYBH
[19:11:36] [293/459] MTBR
[19:11:37] [294/459] KRBC
[19:11:38] 🔄 Identity reset
[19:11:38] 🔄 Identity rotated (every 10 requests)
[19:11:38] [295/459] DKTI
[19:11:39] [296/459] ANAN
[19:11:41] [297/459] INBP
[19:11:41] [298/459] PATB
[19:11:42] [299/459] RGNT
[19:11:43] [300/459] CGPM
[19:11:44] [301/459] INTN
[19:11:45] [302/459] MCMP
[19:11:46] [303/459] ASRG
[19:11:47] [304/459] CXJD
[19:11:47] 🔄 Identity reset
[19:11:47] 🔄 Identity rotated (every 10 requests)
[19:11:48] [305/459] SPCP
[19:11:49] [306/459] CSTP
[19:11:49] [307/459] PKVC
[19:11:51] [308/459] ESCP
[19:11:51] [309/459] CAEP
[19:11:53] [310/459] CCSP
[19:11:54] [311/459] KTPC
[19:11:55] [312/459] DACA
[19:11:56] [313/459] NVKY
[19:11:57] [314/459] PTIN
[19:11:57] 🔄 Identity reset
[19:11:57] 🔄 Identity rotated (every 10 requests)
[19:11:58] [315/459] SCIN
[19:11:59] [316/459] MCTY
[19:11:59] [317/459] PCMX
[19:12:00] [318/459] INIC
[19:12:01] [319/459] MMZM
[19:12:02] [320/459] SSLP
[19:12:03] [321/459] DTDT
[19:12:03] [322/459] FFCX
[19:12:04] [323/459] RCMM
[19:12:05] [324/459] KYID
[19:12:06] 🔄 Identity reset
[19:12:06] 🔄 Identity rotated (every 10 requests)
[19:12:06] [325/459] CSCI
[19:12:07] [326/459] FCMC
[19:12:08] [327/459] MMXI
[19:12:09] [328/459] ASTC
[19:12:10] [329/459] CMRA
[19:12:11] [330/459] DICI
[19:12:12] [331/459] KDIN
[19:12:13] [332/459] PRFI
[19:12:14] [333/459] SVFC
[19:12:15] [334/459] UCPL
[19:12:15] 🔄 Identity reset
[19:12:15] 🔄 Identity rotated (every 10 requests)
[19:12:15] [335/459] COOC
[19:12:16] [336/459] SCAL
[19:12:18] [337/459] SVFF
[19:12:19] [338/459] VCMG
[19:12:20] [339/459] UUCT
[19:12:21] [340/459] GCSE
[19:12:23] [341/459] SUSC
[19:12:24] [342/459] MISC
[19:12:24] [343/459] RMBL
[19:12:25] [344/459] CMXN
[19:12:26] 🔄 Identity reset
[19:12:26] 🔄 Identity rotated (every 10 requests)
[19:12:26] [345/459] PVBK
[19:12:27] [346/459] HHCG
[19:12:28] [347/459] SCAG
[19:12:29] [348/459] CNPR
[19:12:30] [349/459] CSER
[19:12:31] [350/459] HLWD
[19:12:32] [351/459] BOLY
[19:12:33] [352/459] SSPG
[19:12:34] [353/459] MUPX
[19:12:35] [354/459] HAMR
[19:12:36] 🔄 Identity reset
[19:12:36] 🔄 Identity rotated (every 10 requests)
[19:12:36] [355/459] SDNC
[19:12:37] [356/459] RTEN
[19:12:38] [357/459] SDTD
[19:12:38] [358/459] KAWS
[19:12:39] [359/459] CMZX
[19:12:41] [360/459] DCDD
[19:12:42] [361/459] ALSN
[19:12:42] [362/459] IMXS
[19:12:43] [363/459] PVFF
[19:12:45] [364/459] PVOO
[19:12:46] 🔄 Identity reset
[19:12:46] 🔄 Identity rotated (every 10 requests)
[19:12:46] [365/459] CFBS
[19:12:47] [366/459] PVER
[19:12:48] [367/459] PPNX
[19:12:48] [368/459] CNRM
[19:12:49] [369/459] PVWW
[19:12:50] [370/459] INMB
[19:12:52] [371/459] CPJR
[19:12:53] [372/459] INRZ
[19:12:53] [373/459] PMSR
[19:12:54] [374/459] GPGM
[19:12:55] 🔄 Identity reset
[19:12:55] 🔄 Identity rotated (every 10 requests)
[19:12:55] [375/459] PGWB
[19:12:56] [376/459] PMBR
[19:12:57] [377/459] GPAM
[19:12:58] [378/459] INBC
[19:13:00] [379/459] PZVK
[19:13:01] [380/459] CPEB
[19:13:03] [381/459] FMLB
[19:13:04] [382/459] INBG
[19:13:05] [383/459] GPBR
[19:13:06] [384/459] PAAS
[19:13:07] 🔄 Identity reset
[19:13:07] 🔄 Identity rotated (every 10 requests)
[19:13:08] [385/459] VTBR
[19:13:09] [386/459] GPMY
[19:13:09] [387/459] GYBU
[19:13:10] [388/459] INBJ
[19:13:11] [389/459] LKTH
[19:13:12] [390/459] NSBR
[19:13:13] [391/459] PDRD
[19:13:14] [392/459] VRBL
[19:13:15] [393/459] VTGB
[19:13:16] [394/459] VTSK
[19:13:16] 🔄 Identity reset
[19:13:16] 🔄 Identity rotated (every 10 requests)
[19:13:17] [395/459] BKDV
[19:13:18] [396/459] SVTB
[19:13:19] [397/459] MLDT
[19:13:20] [398/459] NRBL
[19:13:21] [399/459] SLTR
[19:13:22] [400/459] VNKA
[19:13:23] [401/459] TDCA
[19:13:23] [402/459] INBM
[19:13:25] [403/459] SSNR
[19:13:26] [404/459] BHAC
[19:13:26] 🔄 Identity reset
[19:13:26] 🔄 Identity rotated (every 10 requests)
[19:13:27] [405/459] SDSD
[19:13:28] [406/459] SAMP
[19:13:29] [407/459] RATK
[19:13:31] [408/459] KCBI
[19:13:31] [409/459] URBL
[19:13:32] [410/459] MKBG
[19:13:33] [411/459] ASTB
[19:13:34] [412/459] VBWT
[19:13:35] [413/459] GPSM
[19:13:36] [414/459] ROON
[19:13:36] 🔄 Identity reset
[19:13:36] 🔄 Identity rotated (every 10 requests)
[19:13:37] [415/459] CHTH
[19:13:38] [416/459] SSPA
[19:13:39] [417/459] ANBL
[19:13:40] [418/459] VTBE
[19:13:40] [419/459] SVKT
[19:13:41] [420/459] SVYK
[19:13:42] [421/459] PTBK
[19:13:43] [422/459] RKTB
[19:13:44] [423/459] BALT
[19:13:45] [424/459] STSV
[19:13:46] 🔄 Identity reset
[19:13:46] 🔄 Identity rotated (every 10 requests)
[19:13:46] [425/459] VCCB
[19:13:47] [426/459] SLTB
[19:13:48] [427/459] SBCR
[19:13:49] [428/459] VDCS
[19:13:50] [429/459] MDKI
[19:13:51] [430/459] SMRN
[19:13:52] [431/459] PTBC
[19:13:53] [432/459] RADI
[19:13:54] [433/459] ADCR
[19:13:55] [434/459] SDCS
[19:13:56] 🔄 Identity reset
[19:13:56] 🔄 Identity rotated (every 10 requests)
[19:13:56] [435/459] SRPJ
[19:13:57] [436/459] ARTS
[19:13:58] [437/459] SRHK
[19:13:59] [438/459] SPAY
[19:14:00] [439/459] GPTB
[19:14:01] [440/459] SNNN
[19:14:03] [441/459] BALJ
[19:14:04] [442/459] TRIG
[19:14:06] [443/459] GTYT
[19:14:06] [444/459] ATGN
[19:14:07] 🔄 Identity reset
[19:14:07] 🔄 Identity rotated (every 10 requests)
[19:14:07] [445/459] ANTE
[19:14:08] [446/459] BDCG
[19:14:09] [447/459] VECI
[19:14:10] [448/459] SCPR
[19:14:11] [449/459] RTEA
[19:14:12] [450/459] JSAI
[19:14:13] [451/459] VJTP
[19:14:14] [452/459] GNDS
[19:14:15] [453/459] PAXA
[19:14:16] [454/459] CGGM
[19:14:16] 🔄 Identity reset
[19:14:16] 🔄 Identity rotated (every 10 requests)
[19:14:17] [455/459] ACKZ
[19:14:18] [456/459] EMCC
[19:14:19] [457/459] KLSK
[19:14:20] [458/459] AVCK
[19:14:21] [459/459] JTCK
[19:14:22] ✅ DONE | Shows=4450 | Movies=76
[20:05:23] 🚀 BMS DAILY TRACKER STARTED (enhanced anti‑detection)
[20:05:23] [1/459] NECA
[20:05:24] 🧠 New identity created
[20:05:24] [2/459] BJLC
[20:05:27] [3/459] BASU
[20:05:27] [4/459] RUPI
[20:05:28] [5/459] LCBK
[20:05:29] [6/459] PMAC
[20:05:31] [7/459] AMLC
[20:05:31] [8/459] LICL
[20:05:33] [9/459] UDMM
[20:05:35] [10/459] STBZ
[20:05:35] 🔄 Identity reset
[20:05:35] 🔄 Identity rotated (every 10 requests)
[20:05:35] [11/459] UUBT
[20:05:36] [12/459] SJKC
[20:05:37] [13/459] TUAL
[20:05:38] [14/459] MRSE
[20:05:39] [15/459] RMRK
[20:05:40] [16/459] TTKP
[20:05:41] [17/459] KTKO
[20:05:42] [18/459] SDBK
[20:05:43] [19/459] MCPR
[20:05:44] [20/459] CHTI
[20:05:44] 🔄 Identity reset
[20:05:44] 🔄 Identity rotated (every 10 requests)
[20:05:45] [21/459] GCCP
[20:05:45] [22/459] SRMY
[20:05:46] [23/459] NYST
[20:05:47] [24/459] NYAG
[20:05:48] [25/459] SBMT
[20:05:49] [26/459] INGA
[20:05:49] [27/459] WSIC
[20:05:50] [28/459] SCSS
[20:05:51] [29/459] COPG
[20:05:52] [30/459] RCGR
[20:05:52] 🔄 Identity reset
[20:05:52] 🔄 Identity rotated (every 10 requests)
[20:05:53] [31/459] TCZA
[20:05:54] [32/459] CNLP
[20:05:55] [33/459] CLKN
[20:05:56] [34/459] LHDF
[20:05:57] [35/459] ELKC
[20:05:58] [36/459] VCEM
[20:05:59] [37/459] SSZA
[20:06:02] [38/459] KRMT
[20:06:03] [39/459] LCMV
[20:06:04] [40/459] AYCZ
[20:06:05] 🔄 Identity reset
[20:06:05] 🔄 Identity rotated (every 10 requests)
[20:06:05] [41/459] CUMS
[20:06:06] [42/459] BOCK
[20:06:07] [43/459] PNMR
[20:06:07] [44/459] PJCP
[20:06:09] [45/459] JDDD
[20:06:09] [46/459] STMS
[20:06:10] [47/459] FLMB
[20:06:11] [48/459] PKCM
[20:06:12] [49/459] SPPR
[20:06:13] [50/459] EYLH
[20:06:13] 🔄 Identity reset
[20:06:13] 🔄 Identity rotated (every 10 requests)
[20:06:13] [51/459] RJCC
[20:06:14] [52/459] MMPS
[20:06:16] [53/459] SHMX
[20:06:17] [54/459] CCNL
[20:06:18] [55/459] RCNV
[20:06:19] [56/459] MAAG
[20:06:20] [57/459] LXCM
[20:06:21] [58/459] RCNI
[20:06:22] [59/459] SNNI
[20:06:23] [60/459] LALC
[20:06:24] 🔄 Identity reset
[20:06:24] 🔄 Identity rotated (every 10 requests)
[20:06:24] [61/459] SOCN
[20:06:25] [62/459] JHTP
[20:06:26] [63/459] PITP
[20:06:26] [64/459] CCKW
[20:06:27] [65/459] MCMC
[20:06:28] [66/459] DEES
[20:06:29] [67/459] SABT
[20:06:30] [68/459] VSPP
[20:06:31] [69/459] ABCT
[20:06:31] [70/459] JVTB
[20:06:32] 🔄 Identity reset
[20:06:32] 🔄 Identity rotated (every 10 requests)
[20:06:32] [71/459] VCBD
[20:06:34] [72/459] RMGG
[20:06:35] [73/459] RNMH
[20:06:36] [74/459] SPGL
[20:06:37] [75/459] JTTR
[20:06:37] [76/459] SICS
[20:06:38] [77/459] SRMI
[20:06:40] [78/459] SSIJ
[20:06:41] [79/459] KFMT
[20:06:41] [80/459] VBIT
[20:06:42] 🔄 Identity reset
[20:06:42] 🔄 Identity rotated (every 10 requests)
[20:06:42] [81/459] JKCT
[20:06:43] [82/459] GCGP
[20:06:44] [83/459] GDCS
[20:06:44] [84/459] TRBA
[20:06:45] [85/459] QUST
[20:06:46] [86/459] VSHM
[20:06:47] [87/459] SDCP
[20:06:48] [88/459] SNVS
[20:06:49] [89/459] NYTO
[20:06:51] [90/459] URWC
[20:06:51] 🔄 Identity reset
[20:06:51] 🔄 Identity rotated (every 10 requests)
[20:06:52] [91/459] GTWH
[20:06:52] [92/459] PFCM
[20:06:53] [93/459] KRTA
[20:06:54] [94/459] AXMC
[20:06:55] [95/459] EVMC
[20:06:55] [96/459] HGSM
[20:06:56] [97/459] ACVM
[20:06:57] [98/459] PSKL
[20:06:58] [99/459] RDMP
[20:07:00] [100/459] RHGH
[20:07:00] 🔄 Identity reset
[20:07:00] 🔄 Identity rotated (every 10 requests)
[20:07:00] [101/459] OMCM
[20:07:01] [102/459] DCCP
[20:07:02] [103/459] MCPB
[20:07:03] [104/459] ALCI
[20:07:03] [105/459] BLMX
[20:07:04] [106/459] BTMV
[20:07:05] [107/459] FVPN
[20:07:05] [108/459] CMAR
[20:07:06] [109/459] CEIM
[20:07:07] [110/459] CMVA
[20:07:07] 🔄 Identity reset
[20:07:07] 🔄 Identity rotated (every 10 requests)
[20:07:08] [111/459] CPIV
[20:07:08] [112/459] CNPE
[20:07:09] [113/459] COLV
[20:07:09] [114/459] DNNV
[20:07:10] [115/459] HCAD
[20:07:11] [116/459] TAKA
[20:07:12] [117/459] INVD
[20:07:12] [118/459] IRMM
[20:07:13] [119/459] INSE
[20:07:13] [120/459] MRSW
[20:07:14] 🔄 Identity reset
[20:07:14] 🔄 Identity rotated (every 10 requests)
[20:07:14] [121/459] MCVD
[20:07:15] [122/459] MCSO
[20:07:16] [123/459] PEVM
[20:07:16] [124/459] PVNL
[20:07:17] [125/459] PTCV
[20:07:18] [126/459] PRTC
[20:07:19] [127/459] RCVA
[20:07:20] [128/459] MTBN
[20:07:20] [129/459] LUCP
[20:07:21] [130/459] FMPT
[20:07:22] 🔄 Identity reset
[20:07:22] 🔄 Identity rotated (every 10 requests)
[20:07:22] [131/459] JLSL
[20:07:23] [132/459] SBHA
[20:07:23] [133/459] SHRC
[20:07:24] [134/459] AVPS
[20:07:25] [135/459] STPM
[20:07:26] [136/459] ATRD
[20:07:26] [137/459] VTED
[20:07:27] [138/459] ACAI
[20:07:28] [139/459] SMAE
[20:07:29] [140/459] VMAT
[20:07:30] 🔄 Identity reset
[20:07:30] 🔄 Identity rotated (every 10 requests)
[20:07:30] [141/459] LKCT
[20:07:31] [142/459] JTVK
[20:07:31] [143/459] PRTY
[20:07:32] [144/459] GETT
[20:07:33] [145/459] ESAP
[20:07:33] [146/459] NCPM
[20:07:34] [147/459] PCPA
[20:07:35] [148/459] MMOM
[20:07:35] [149/459] PHUP
[20:07:36] [150/459] CCPI
[20:07:36] 🔄 Identity reset
[20:07:36] 🔄 Identity rotated (every 10 requests)
[20:07:37] [151/459] CNTD
[20:07:37] [152/459] NLJR
[20:07:38] [153/459] SRNG
[20:07:39] [154/459] MHAL
[20:07:40] [155/459] PNSM
[20:07:41] [156/459] DRMY
[20:07:41] [157/459] CCMU
[20:07:42] [158/459] SCMY
[20:07:43] [159/459] PVSY
[20:07:44] [160/459] SDLM
[20:07:44] 🔄 Identity reset
[20:07:44] 🔄 Identity rotated (every 10 requests)
[20:07:45] [161/459] ICCM
[20:07:46] [162/459] PYSU
[20:07:46] [163/459] GATM
[20:07:47] [164/459] WOTM
[20:07:48] [165/459] RKTS
[20:07:49] [166/459] PMTY
[20:07:49] [167/459] LYMS
[20:07:50] [168/459] TGCA
[20:07:51] [169/459] DSTA
[20:07:52] [170/459] CNGE
[20:07:52] 🔄 Identity reset
[20:07:52] 🔄 Identity rotated (every 10 requests)
[20:07:52] [171/459] VSTG
[20:07:53] [172/459] GTCK
[20:07:54] [173/459] TGNT
[20:07:55] [174/459] ASLC
[20:07:55] [175/459] SSST
[20:07:56] [176/459] KBTT
[20:07:57] [177/459] HKCP
[20:07:58] [178/459] SWLC
[20:07:59] [179/459] RTND
[20:07:59] [180/459] PKKT
[20:08:00] 🔄 Identity reset
[20:08:00] 🔄 Identity rotated (every 10 requests)
[20:08:00] [181/459] HSTK
[20:08:01] [182/459] SPTT
[20:08:02] [183/459] IMPM
[20:08:02] [184/459] SCMV
[20:08:03] [185/459] SPCT
[20:08:04] [186/459] JBCA
[20:08:05] [187/459] ATTR
[20:08:06] [188/459] SPMT
[20:08:07] [189/459] LCTM
[20:08:08] [190/459] SCVL
[20:08:08] 🔄 Identity reset
[20:08:08] 🔄 Identity rotated (every 10 requests)
[20:08:09] [191/459] SCVT
[20:08:10] [192/459] KRIC
[20:08:11] [193/459] CTMG
[20:08:12] [194/459] ACNC
[20:08:13] [195/459] DMCK
[20:08:14] [196/459] KMTV
[20:08:14] [197/459] PFCJ
[20:08:15] [198/459] VNMD
[20:08:16] [199/459] VPCZ
[20:08:17] [200/459] SRYR
[20:08:17] 🔄 Identity reset
[20:08:17] 🔄 Identity rotated (every 10 requests)
[20:08:18] [201/459] SYTR
[20:08:19] [202/459] GATR
[20:08:19] [203/459] URTR
[20:08:20] [204/459] MKSM
[20:08:21] [205/459] VSMH
[20:08:22] [206/459] SKRJ
[20:08:23] [207/459] SSJR
[20:08:24] [208/459] SVSM
[20:08:25] [209/459] RUCM
[20:08:26] [210/459] PRKN
[20:08:27] 🔄 Identity reset
[20:08:27] 🔄 Identity rotated (every 10 requests)
[20:08:27] [211/459] RROH
[20:08:27] [212/459] SCTN
[20:08:28] [213/459] RTDM
[20:08:29] [214/459] ASRM
[20:08:30] [215/459] SKMD
[20:08:30] [216/459] SUTD
[20:08:31] [217/459] SADM
[20:08:32] [218/459] WCNR
[20:08:33] [219/459] CNED
[20:08:34] [220/459] MPDB
[20:08:34] 🔄 Identity reset
[20:08:34] 🔄 Identity rotated (every 10 requests)
[20:08:34] [221/459] KTBH
[20:08:35] [222/459] IDRM
[20:08:36] [223/459] PJJT
[20:08:37] [224/459] PFCV
[20:08:37] [225/459] AACT
[20:08:38] [226/459] AAAD
[20:08:39] [227/459] ANES
[20:08:41] [228/459] MNCA
[20:08:42] [229/459] RMGU
[20:08:43] [230/459] DLCN
[20:08:43] 🔄 Identity reset
[20:08:43] 🔄 Identity rotated (every 10 requests)
[20:08:43] 🔄 Retry 1/5 for DLCN in 2.6s
[20:08:43] 🔄 Identity reset
[20:08:46] 🧠 New identity created
[20:08:46] [231/459] LJWT
[20:08:46] [232/459] MCBG
[20:08:47] [233/459] MYBG
[20:08:48] [234/459] GCCA
[20:08:48] [235/459] GCGA
[20:08:49] [236/459] ECGN
[20:08:49] [237/459] PRAB
[20:08:50] [238/459] PNMP
[20:08:51] [239/459] GCPT
[20:08:52] 🔄 Identity reset
[20:08:52] 🔄 Identity rotated (every 10 requests)
[20:08:52] [240/459] ROYN
[20:08:52] [241/459] VATM
[20:08:53] [242/459] KSNT
[20:08:53] [243/459] ACTC
[20:08:54] [244/459] PLTD
[20:08:55] [245/459] SKMK
[20:08:56] [246/459] CMTT
[20:08:57] [247/459] SMXP
[20:08:57] [248/459] SCMX
[20:08:58] [249/459] ACXN
[20:08:58] 🔄 Identity reset
[20:08:58] 🔄 Identity rotated (every 10 requests)
[20:08:58] 🔄 Retry 1/5 for ACXN in 2.2s
[20:08:58] 🔄 Identity reset
[20:09:01] 🧠 New identity created
[20:09:01] [250/459] ASWT
[20:09:02] [251/459] VVVL
[20:09:03] [252/459] NAGO
[20:09:04] [253/459] SNCN
[20:09:04] [254/459] MCKP
[20:09:05] [255/459] SAMO
[20:09:05] [256/459] JBTV
[20:09:06] [257/459] DCVV
[20:09:07] [258/459] KMSV
[20:09:08] 🔄 Identity reset
[20:09:08] 🔄 Identity rotated (every 10 requests)
[20:09:08] [259/459] KDCN
[20:09:09] [260/459] CNCP
[20:09:10] [261/459] HAMC
[20:09:11] [262/459] CCVZ
[20:09:12] [263/459] NCCK
[20:09:12] [264/459] MCHR
[20:09:13] [265/459] SCHT
[20:09:14] [266/459] ESSH
[20:09:14] [267/459] CUJC
[20:09:15] [268/459] PECP
[20:09:15] 🔄 Identity reset
[20:09:15] 🔄 Identity rotated (every 10 requests)
[20:09:16] [269/459] PMMI
[20:09:16] [270/459] PCCH
[20:09:17] [271/459] PRPM
[20:09:18] [272/459] PVKL
[20:09:19] [273/459] CBSM
[20:09:20] [274/459] PVCZ
[20:09:20] [275/459] PCVV
[20:09:21] [276/459] CTMJ
[20:09:22] [277/459] RCPS
[20:09:23] [278/459] PCIT
[20:09:23] 🔄 Identity reset
[20:09:23] 🔄 Identity rotated (every 10 requests)
[20:09:23] [279/459] FNCH
[20:09:24] [280/459] INZD
[20:09:25] [281/459] INPC
[20:09:26] [282/459] LCZP
[20:09:27] [283/459] SMCB
[20:09:27] [284/459] PTSB
[20:09:28] [285/459] TPSI
[20:09:29] [286/459] KHMJ
[20:09:29] [287/459] RCCJ
[20:09:30] [288/459] NCJA
[20:09:31] 🔄 Identity reset
[20:09:31] 🔄 Identity rotated (every 10 requests)
[20:09:31] [289/459] NCJN
[20:09:32] [290/459] BTDP
[20:09:32] [291/459] PADY
[20:09:33] [292/459] NYBH
[20:09:34] [293/459] MTBR
[20:09:35] [294/459] KRBC
[20:09:35] [295/459] DKTI
[20:09:36] [296/459] ANAN
[20:09:37] [297/459] INBP
[20:09:37] [298/459] PATB
[20:09:38] 🔄 Identity reset
[20:09:38] 🔄 Identity rotated (every 10 requests)
[20:09:38] [299/459] RGNT
[20:09:39] [300/459] CGPM
[20:09:40] [301/459] INTN
[20:09:40] [302/459] MCMP
[20:09:41] [303/459] ASRG
[20:09:42] [304/459] CXJD
[20:09:44] [305/459] SPCP
[20:09:44] [306/459] CSTP
[20:09:45] [307/459] PKVC
[20:09:46] [308/459] ESCP
[20:09:46] 🔄 Identity reset
[20:09:46] 🔄 Identity rotated (every 10 requests)
[20:09:46] [309/459] CAEP
[20:09:47] [310/459] CCSP
[20:09:48] [311/459] KTPC
[20:09:49] [312/459] DACA
[20:09:49] [313/459] NVKY
[20:09:50] [314/459] PTIN
[20:09:51] [315/459] SCIN
[20:09:51] [316/459] MCTY
[20:09:52] [317/459] PCMX
[20:09:53] [318/459] INIC
[20:09:53] 🔄 Identity reset
[20:09:53] 🔄 Identity rotated (every 10 requests)
[20:09:53] 🔄 Retry 1/5 for INIC in 2.5s
[20:09:53] 🔄 Identity reset
[20:09:56] 🧠 New identity created
[20:09:56] [319/459] MMZM
[20:09:57] [320/459] SSLP
[20:09:57] [321/459] DTDT
[20:09:58] [322/459] FFCX
[20:09:59] [323/459] RCMM
[20:10:00] [324/459] KYID
[20:10:01] [325/459] CSCI
[20:10:02] [326/459] FCMC
[20:10:02] [327/459] MMXI
[20:10:03] 🔄 Identity reset
[20:10:03] 🔄 Identity rotated (every 10 requests)
[20:10:03] [328/459] ASTC
[20:10:04] [329/459] CMRA
[20:10:05] [330/459] DICI
[20:10:06] [331/459] KDIN
[20:10:06] [332/459] PRFI
[20:10:07] [333/459] SVFC
[20:10:07] [334/459] UCPL
[20:10:08] [335/459] COOC
[20:10:09] [336/459] SCAL
[20:10:09] [337/459] SVFF
[20:10:10] 🔄 Identity reset
[20:10:10] 🔄 Identity rotated (every 10 requests)
[20:10:10] [338/459] VCMG
[20:10:11] [339/459] UUCT
[20:10:11] [340/459] GCSE
[20:10:12] [341/459] SUSC
[20:10:13] [342/459] MISC
[20:10:13] [343/459] RMBL
[20:10:14] [344/459] CMXN
[20:10:15] [345/459] PVBK
[20:10:15] [346/459] HHCG
[20:10:16] [347/459] SCAG
[20:10:17] 🔄 Identity reset
[20:10:17] 🔄 Identity rotated (every 10 requests)
[20:10:17] [348/459] CNPR
[20:10:18] [349/459] CSER
[20:10:19] [350/459] HLWD
[20:10:20] [351/459] BOLY
[20:10:21] [352/459] SSPG
[20:10:22] [353/459] MUPX
[20:10:22] [354/459] HAMR
[20:10:24] [355/459] SDNC
[20:10:25] [356/459] RTEN
[20:10:25] [357/459] SDTD
[20:10:26] 🔄 Identity reset
[20:10:26] 🔄 Identity rotated (every 10 requests)
[20:10:26] [358/459] KAWS
[20:10:27] [359/459] CMZX
[20:10:27] [360/459] DCDD
[20:10:28] [361/459] ALSN
[20:10:29] [362/459] IMXS
[20:10:30] [363/459] PVFF
[20:10:31] [364/459] PVOO
[20:10:31] [365/459] CFBS
[20:10:32] [366/459] PVER
[20:10:33] [367/459] PPNX
[20:10:34] 🔄 Identity reset
[20:10:34] 🔄 Identity rotated (every 10 requests)
[20:10:34] [368/459] CNRM
[20:10:35] [369/459] PVWW
[20:10:35] [370/459] INMB
[20:10:36] [371/459] CPJR
[20:10:37] [372/459] INRZ
[20:10:38] [373/459] PMSR
[20:10:38] [374/459] GPGM
[20:10:39] [375/459] PGWB
[20:10:40] [376/459] PMBR
[20:10:41] [377/459] GPAM
[20:10:41] 🔄 Identity reset
[20:10:41] 🔄 Identity rotated (every 10 requests)
[20:10:42] [378/459] INBC
[20:10:42] [379/459] PZVK
[20:10:43] [380/459] CPEB
[20:10:44] [381/459] FMLB
[20:10:45] [382/459] INBG
[20:10:46] [383/459] GPBR
[20:10:47] [384/459] PAAS
[20:10:47] [385/459] VTBR
[20:10:48] [386/459] GPMY
[20:10:49] [387/459] GYBU
[20:10:49] 🔄 Identity reset
[20:10:49] 🔄 Identity rotated (every 10 requests)
[20:10:49] [388/459] INBJ
[20:10:50] [389/459] LKTH
[20:10:51] [390/459] NSBR
[20:10:52] [391/459] PDRD
[20:10:52] [392/459] VRBL
[20:10:53] [393/459] VTGB
[20:10:54] [394/459] VTSK
[20:10:54] [395/459] BKDV
[20:10:55] [396/459] SVTB
[20:10:56] [397/459] MLDT
[20:10:56] 🔄 Identity reset
[20:10:56] 🔄 Identity rotated (every 10 requests)
[20:10:57] [398/459] NRBL
[20:10:57] [399/459] SLTR
[20:10:58] [400/459] VNKA
[20:10:59] [401/459] TDCA
[20:10:59] [402/459] INBM
[20:11:00] [403/459] SSNR
[20:11:01] [404/459] BHAC
[20:11:02] [405/459] SDSD
[20:11:02] [406/459] SAMP
[20:11:03] [407/459] RATK
[20:11:04] 🔄 Identity reset
[20:11:04] 🔄 Identity rotated (every 10 requests)
[20:11:04] [408/459] KCBI
[20:11:04] [409/459] URBL
[20:11:05] [410/459] MKBG
[20:11:06] [411/459] ASTB
[20:11:07] [412/459] VBWT
[20:11:08] [413/459] GPSM
[20:11:08] [414/459] ROON
[20:11:09] [415/459] CHTH
[20:11:10] [416/459] SSPA
[20:11:11] [417/459] ANBL
[20:11:12] 🔄 Identity reset
[20:11:12] 🔄 Identity rotated (every 10 requests)
[20:11:12] [418/459] VTBE
[20:11:13] [419/459] SVKT
[20:11:13] [420/459] SVYK
[20:11:14] [421/459] PTBK
[20:11:15] [422/459] RKTB
[20:11:16] [423/459] BALT
[20:11:17] [424/459] STSV
[20:11:17] [425/459] VCCB
[20:11:18] [426/459] SLTB
[20:11:18] [427/459] SBCR
[20:11:19] 🔄 Identity reset
[20:11:19] 🔄 Identity rotated (every 10 requests)
[20:11:19] [428/459] VDCS
[20:11:20] [429/459] MDKI
[20:11:21] [430/459] SMRN
[20:11:21] [431/459] PTBC
[20:11:22] [432/459] RADI
[20:11:23] [433/459] ADCR
[20:11:24] [434/459] SDCS
[20:11:25] [435/459] SRPJ
[20:11:26] [436/459] ARTS
[20:11:26] [437/459] SRHK
[20:11:27] 🔄 Identity reset
[20:11:27] 🔄 Identity rotated (every 10 requests)
[20:11:27] [438/459] SPAY
[20:11:28] [439/459] GPTB
[20:11:29] [440/459] SNNN
[20:11:29] [441/459] BALJ
[20:11:31] [442/459] TRIG
[20:11:31] [443/459] GTYT
[20:11:32] [444/459] ATGN
[20:11:33] [445/459] ANTE
[20:11:34] [446/459] BDCG
[20:11:36] [447/459] VECI
[20:11:36] 🔄 Identity reset
[20:11:36] 🔄 Identity rotated (every 10 requests)
[20:11:36] [448/459] SCPR
[20:11:37] [449/459] RTEA
[20:11:38] [450/459] JSAI
[20:11:38] [451/459] VJTP
[20:11:39] [452/459] GNDS
[20:11:40] [453/459] PAXA
[20:11:41] [454/459] CGGM
[20:11:42] [455/459] ACKZ
[20:11:43] [456/459] EMCC
[20:11:44] [457/459] KLSK
[20:11:44] 🔄 Identity reset
[20:11:44] 🔄 Identity rotated (every 10 requests)
[20:11:45] [458/459] AVCK
[20:11:46] [459/459] JTCK
[20:11:46] ✅ DONE | Shows=4622 | Movies=77
[21:07:20] 🚀 BMS DAILY TRACKER STARTED (enhanced anti‑detection)
[21:07:20] [1/459] NECA
[21:07:21] 🧠 New identity created
[21:07:21] 🔄 Retry 1/5 for NECA in 2.2s
[21:07:21] 🔄 Identity reset
[21:07:23] 🧠 New identity created
[21:07:23] [2/459] BJLC
[21:07:24] [3/459] BASU
[21:07:24] [4/459] RUPI
[21:07:25] [5/459] LCBK
[21:07:26] [6/459] PMAC
[21:07:27] [7/459] AMLC
[21:07:27] [8/459] LICL
[21:07:28] [9/459] UDMM
[21:07:29] 🔄 Identity reset
[21:07:29] 🔄 Identity rotated (every 10 requests)
[21:07:29] [10/459] STBZ
[21:07:30] [11/459] UUBT
[21:07:31] [12/459] SJKC
[21:07:32] [13/459] TUAL
[21:07:33] [14/459] MRSE
[21:07:34] [15/459] RMRK
[21:07:34] [16/459] TTKP
[21:07:35] [17/459] KTKO
[21:07:36] [18/459] SDBK
[21:07:37] [19/459] MCPR
[21:07:37] 🔄 Identity reset
[21:07:37] 🔄 Identity rotated (every 10 requests)
[21:07:38] 🔄 Retry 1/5 for MCPR in 2.7s
[21:07:38] 🔄 Identity reset
[21:07:40] 🧠 New identity created
[21:07:40] [20/459] CHTI
[21:07:41] [21/459] GCCP
[21:07:42] [22/459] SRMY
[21:07:43] [23/459] NYST
[21:07:44] [24/459] NYAG
[21:07:45] [25/459] SBMT
[21:07:46] [26/459] INGA
[21:07:46] [27/459] WSIC
[21:07:47] [28/459] SCSS
[21:07:48] 🔄 Identity reset
[21:07:48] 🔄 Identity rotated (every 10 requests)
[21:07:48] [29/459] COPG
[21:07:49] [30/459] RCGR
[21:07:49] [31/459] TCZA
[21:07:50] [32/459] CNLP
[21:07:51] [33/459] CLKN
[21:07:51] [34/459] LHDF
[21:07:52] [35/459] ELKC
[21:07:53] [36/459] VCEM
[21:07:53] [37/459] SSZA
[21:07:54] [38/459] KRMT
[21:07:55] 🔄 Identity reset
[21:07:55] 🔄 Identity rotated (every 10 requests)
[21:07:55] 🔄 Retry 1/5 for KRMT in 2.5s
[21:07:55] 🔄 Identity reset
[21:07:58] 🧠 New identity created
[21:07:58] 🔄 Retry 2/5 for KRMT in 4.9s
[21:07:58] 🔄 Identity reset
[21:08:03] 🧠 New identity created
[21:08:03] [39/459] LCMV
[21:08:03] [40/459] AYCZ
[21:08:04] [41/459] CUMS
[21:08:05] [42/459] BOCK
[21:08:05] [43/459] PNMR
[21:08:06] [44/459] PJCP
[21:08:06] [45/459] JDDD
[21:08:07] [46/459] STMS
[21:08:08] 🔄 Identity reset
[21:08:08] 🔄 Identity rotated (every 10 requests)
[21:08:08] [47/459] FLMB
[21:08:09] [48/459] PKCM
[21:08:09] [49/459] SPPR
[21:08:10] [50/459] EYLH
[21:08:11] [51/459] RJCC
[21:08:11] [52/459] MMPS
[21:08:12] [53/459] SHMX
[21:08:13] [54/459] CCNL
[21:08:13] [55/459] RCNV
[21:08:14] [56/459] MAAG
[21:08:15] 🔄 Identity reset
[21:08:15] 🔄 Identity rotated (every 10 requests)
[21:08:15] [57/459] LXCM
[21:08:15] [58/459] RCNI
[21:08:16] [59/459] SNNI
[21:08:17] [60/459] LALC
[21:08:17] [61/459] SOCN
[21:08:18] [62/459] JHTP
[21:08:19] [63/459] PITP
[21:08:20] [64/459] CCKW
[21:08:21] [65/459] MCMC
[21:08:21] [66/459] DEES
[21:08:22] 🔄 Identity reset
[21:08:22] 🔄 Identity rotated (every 10 requests)
[21:08:22] [67/459] SABT
[21:08:23] [68/459] VSPP
[21:08:23] [69/459] ABCT
[21:08:24] [70/459] JVTB
[21:08:25] [71/459] VCBD
[21:08:26] [72/459] RMGG
[21:08:26] [73/459] RNMH
[21:08:27] [74/459] SPGL
[21:08:28] [75/459] JTTR
[21:08:28] [76/459] SICS
[21:08:29] 🔄 Identity reset
[21:08:29] 🔄 Identity rotated (every 10 requests)
[21:08:29] [77/459] SRMI
[21:08:30] [78/459] SSIJ
[21:08:31] [79/459] KFMT
[21:08:32] [80/459] VBIT
[21:08:33] [81/459] JKCT
[21:08:33] [82/459] GCGP
[21:08:34] [83/459] GDCS
[21:08:35] [84/459] TRBA
[21:08:36] [85/459] QUST
[21:08:36] [86/459] VSHM
[21:08:37] 🔄 Identity reset
[21:08:37] 🔄 Identity rotated (every 10 requests)
[21:08:37] [87/459] SDCP
[21:08:38] [88/459] SNVS
[21:08:38] [89/459] NYTO
[21:08:39] [90/459] URWC
[21:08:40] [91/459] GTWH
[21:08:40] [92/459] PFCM
[21:08:41] [93/459] KRTA
[21:08:42] [94/459] AXMC
[21:08:42] [95/459] EVMC
[21:08:43] [96/459] HGSM
[21:08:44] 🔄 Identity reset
[21:08:44] 🔄 Identity rotated (every 10 requests)
[21:08:44] [97/459] ACVM
[21:08:44] [98/459] PSKL
[21:08:45] [99/459] RDMP
[21:08:46] [100/459] RHGH
[21:08:46] [101/459] OMCM
[21:08:47] [102/459] DCCP
[21:08:48] [103/459] MCPB
[21:08:48] [104/459] ALCI
[21:08:49] [105/459] BLMX
[21:08:50] [106/459] BTMV
[21:08:50] 🔄 Identity reset
[21:08:50] 🔄 Identity rotated (every 10 requests)
[21:08:51] [107/459] FVPN
[21:08:51] [108/459] CMAR
[21:08:53] [109/459] CEIM
[21:08:54] [110/459] CMVA
[21:08:54] [111/459] CPIV
[21:08:55] [112/459] CNPE
[21:08:56] [113/459] COLV
[21:08:57] [114/459] DNNV
[21:08:57] [115/459] HCAD
[21:08:58] [116/459] TAKA
[21:08:58] 🔄 Identity reset
[21:08:58] 🔄 Identity rotated (every 10 requests)
[21:08:59] [117/459] INVD
[21:09:00] [118/459] IRMM
[21:09:01] [119/459] INSE
[21:09:01] [120/459] MRSW
[21:09:02] [121/459] MCVD
[21:09:03] [122/459] MCSO
[21:09:04] [123/459] PEVM
[21:09:04] [124/459] PVNL
[21:09:05] [125/459] PTCV
[21:09:05] [126/459] PRTC
[21:09:06] 🔄 Identity reset
[21:09:06] 🔄 Identity rotated (every 10 requests)
[21:09:06] [127/459] RCVA
[21:09:07] [128/459] MTBN
[21:09:07] [129/459] LUCP
[21:09:08] [130/459] FMPT
[21:09:08] [131/459] JLSL
[21:09:09] [132/459] SBHA
[21:09:10] [133/459] SHRC
[21:09:11] [134/459] AVPS
[21:09:12] [135/459] STPM
[21:09:13] [136/459] ATRD
[21:09:14] 🔄 Identity reset
[21:09:14] 🔄 Identity rotated (every 10 requests)
[21:09:14] [137/459] VTED
[21:09:15] [138/459] ACAI
[21:09:16] [139/459] SMAE
[21:09:16] [140/459] VMAT
[21:09:17] [141/459] LKCT
[21:09:18] [142/459] JTVK
[21:09:19] [143/459] PRTY
[21:09:19] [144/459] GETT
[21:09:20] [145/459] ESAP
[21:09:21] [146/459] NCPM
[21:09:21] 🔄 Identity reset
[21:09:21] 🔄 Identity rotated (every 10 requests)
[21:09:22] [147/459] PCPA
[21:09:22] [148/459] MMOM
[21:09:23] [149/459] PHUP
[21:09:23] [150/459] CCPI
[21:09:25] [151/459] CNTD
[21:09:26] [152/459] NLJR
[21:09:27] [153/459] SRNG
[21:09:27] [154/459] MHAL
[21:09:28] [155/459] PNSM
[21:09:28] [156/459] DRMY
[21:09:29] 🔄 Identity reset
[21:09:29] 🔄 Identity rotated (every 10 requests)
[21:09:29] [157/459] CCMU
[21:09:31] [158/459] SCMY
[21:09:31] [159/459] PVSY
[21:09:32] [160/459] SDLM
[21:09:32] [161/459] ICCM
[21:09:33] [162/459] PYSU
[21:09:34] [163/459] GATM
[21:09:34] [164/459] WOTM
[21:09:35] [165/459] RKTS
[21:09:36] [166/459] PMTY
[21:09:36] 🔄 Identity reset
[21:09:36] 🔄 Identity rotated (every 10 requests)
[21:09:36] 🔄 Retry 1/5 for PMTY in 2.6s
[21:09:36] 🔄 Identity reset
[21:09:39] 🧠 New identity created
[21:09:39] [167/459] LYMS
[21:09:40] [168/459] TGCA
[21:09:40] [169/459] DSTA
[21:09:41] [170/459] CNGE
[21:09:42] [171/459] VSTG
[21:09:43] [172/459] GTCK
[21:09:43] [173/459] TGNT
[21:09:44] [174/459] ASLC
[21:09:45] [175/459] SSST
[21:09:45] 🔄 Identity reset
[21:09:45] 🔄 Identity rotated (every 10 requests)
[21:09:45] [176/459] KBTT
[21:09:46] [177/459] HKCP
[21:09:46] [178/459] SWLC
[21:09:47] [179/459] RTND
[21:09:48] [180/459] PKKT
[21:09:48] [181/459] HSTK
[21:09:49] [182/459] SPTT
[21:09:50] [183/459] IMPM
[21:09:51] [184/459] SCMV
[21:09:51] [185/459] SPCT
[21:09:52] 🔄 Identity reset
[21:09:52] 🔄 Identity rotated (every 10 requests)
[21:09:52] [186/459] JBCA
[21:09:53] [187/459] ATTR
[21:09:54] [188/459] SPMT
[21:09:54] [189/459] LCTM
[21:09:55] [190/459] SCVL
[21:09:56] [191/459] SCVT
[21:09:56] [192/459] KRIC
[21:09:57] [193/459] CTMG
[21:09:58] [194/459] ACNC
[21:10:00] [195/459] DMCK
[21:10:00] 🔄 Identity reset
[21:10:00] 🔄 Identity rotated (every 10 requests)
[21:10:01] [196/459] KMTV
[21:10:01] [197/459] PFCJ
[21:10:02] [198/459] VNMD
[21:10:03] [199/459] VPCZ
[21:10:03] [200/459] SRYR
[21:10:04] [201/459] SYTR
[21:10:04] [202/459] GATR
[21:10:05] [203/459] URTR
[21:10:06] [204/459] MKSM
[21:10:07] [205/459] VSMH
[21:10:07] 🔄 Identity reset
[21:10:07] 🔄 Identity rotated (every 10 requests)
[21:10:07] [206/459] SKRJ
[21:10:08] [207/459] SSJR
[21:10:09] [208/459] SVSM
[21:10:09] [209/459] RUCM
[21:10:10] [210/459] PRKN
[21:10:11] [211/459] RROH
[21:10:11] [212/459] SCTN
[21:10:12] [213/459] RTDM
[21:10:13] [214/459] ASRM
[21:10:14] [215/459] SKMD
[21:10:14] 🔄 Identity reset
[21:10:14] 🔄 Identity rotated (every 10 requests)
[21:10:14] 🔄 Retry 1/5 for SKMD in 2.6s
[21:10:14] 🔄 Identity reset
[21:10:17] 🧠 New identity created
[21:10:17] [216/459] SUTD
[21:10:18] [217/459] SADM
[21:10:19] [218/459] WCNR
[21:10:19] [219/459] CNED
[21:10:20] [220/459] MPDB
[21:10:21] [221/459] KTBH
[21:10:22] [222/459] IDRM
[21:10:22] [223/459] PJJT
[21:10:23] [224/459] PFCV
[21:10:24] 🔄 Identity reset
[21:10:24] 🔄 Identity rotated (every 10 requests)
[21:10:24] 🔄 Retry 1/5 for PFCV in 2.7s
[21:10:24] 🔄 Identity reset
[21:10:27] 🧠 New identity created
[21:10:27] [225/459] AACT
[21:10:28] [226/459] AAAD
[21:10:28] [227/459] ANES
[21:10:29] [228/459] MNCA
[21:10:30] [229/459] RMGU
[21:10:31] [230/459] DLCN
[21:10:32] [231/459] LJWT
[21:10:32] [232/459] MCBG
[21:10:33] [233/459] MYBG
[21:10:33] 🔄 Identity reset
[21:10:33] 🔄 Identity rotated (every 10 requests)
[21:10:34] 🔄 Retry 1/5 for MYBG in 2.2s
[21:10:34] 🔄 Identity reset
[21:10:36] 🧠 New identity created
[21:10:36] [234/459] GCCA
[21:10:37] [235/459] GCGA
[21:10:38] [236/459] ECGN
[21:10:38] [237/459] PRAB
[21:10:39] [238/459] PNMP
[21:10:39] [239/459] GCPT
[21:10:40] [240/459] ROYN
[21:10:41] [241/459] VATM
[21:10:42] [242/459] KSNT
[21:10:42] 🔄 Identity reset
[21:10:42] 🔄 Identity rotated (every 10 requests)
[21:10:42] [243/459] ACTC
[21:10:43] [244/459] PLTD
[21:10:44] [245/459] SKMK
[21:10:44] [246/459] CMTT
[21:10:45] [247/459] SMXP
[21:10:46] [248/459] SCMX
[21:10:47] [249/459] ACXN
[21:10:48] [250/459] ASWT
[21:10:48] [251/459] VVVL
[21:10:49] [252/459] NAGO
[21:10:50] 🔄 Identity reset
[21:10:50] 🔄 Identity rotated (every 10 requests)
[21:10:50] 🔄 Retry 1/5 for NAGO in 2.2s
[21:10:50] 🔄 Identity reset
[21:10:52] 🧠 New identity created
[21:10:52] [253/459] SNCN
[21:10:53] [254/459] MCKP
[21:10:54] [255/459] SAMO
[21:10:54] [256/459] JBTV
[21:10:55] [257/459] DCVV
[21:10:56] [258/459] KMSV
[21:10:57] [259/459] KDCN
[21:10:59] [260/459] CNCP
[21:11:00] [261/459] HAMC
[21:11:01] 🔄 Identity reset
[21:11:01] 🔄 Identity rotated (every 10 requests)
[21:11:01] [262/459] CCVZ
[21:11:02] [263/459] NCCK
[21:11:03] [264/459] MCHR
[21:11:03] [265/459] SCHT
[21:11:04] [266/459] ESSH
[21:11:06] [267/459] CUJC
[21:11:06] [268/459] PECP
[21:11:07] [269/459] PMMI
[21:11:08] [270/459] PCCH
[21:11:08] [271/459] PRPM
[21:11:09] 🔄 Identity reset
[21:11:09] 🔄 Identity rotated (every 10 requests)
[21:11:09] [272/459] PVKL
[21:11:10] [273/459] CBSM
[21:11:11] [274/459] PVCZ
[21:11:11] [275/459] PCVV
[21:11:12] [276/459] CTMJ
[21:11:13] [277/459] RCPS
[21:11:13] [278/459] PCIT
[21:11:14] [279/459] FNCH
[21:11:15] [280/459] INZD
[21:11:16] [281/459] INPC
[21:11:16] 🔄 Identity reset
[21:11:16] 🔄 Identity rotated (every 10 requests)
[21:11:17] [282/459] LCZP
[21:11:18] [283/459] SMCB
[21:11:18] [284/459] PTSB
[21:11:19] [285/459] TPSI
[21:11:20] [286/459] KHMJ
[21:11:21] [287/459] RCCJ
[21:11:21] [288/459] NCJA
[21:11:22] [289/459] NCJN
[21:11:23] [290/459] BTDP
[21:11:24] [291/459] PADY
[21:11:24] 🔄 Identity reset
[21:11:24] 🔄 Identity rotated (every 10 requests)
[21:11:24] [292/459] NYBH
[21:11:25] [293/459] MTBR
[21:11:26] [294/459] KRBC
[21:11:27] [295/459] DKTI
[21:11:28] [296/459] ANAN
[21:11:29] [297/459] INBP
[21:11:30] [298/459] PATB
[21:11:31] [299/459] RGNT
[21:11:31] [300/459] CGPM
[21:11:32] [301/459] INTN
[21:11:33] 🔄 Identity reset
[21:11:33] 🔄 Identity rotated (every 10 requests)
[21:11:33] [302/459] MCMP
[21:11:34] [303/459] ASRG
[21:11:35] [304/459] CXJD
[21:11:36] [305/459] SPCP
[21:11:37] [306/459] CSTP
[21:11:38] [307/459] PKVC
[21:11:38] [308/459] ESCP
[21:11:39] [309/459] CAEP
[21:11:40] [310/459] CCSP
[21:11:41] [311/459] KTPC
[21:11:41] 🔄 Identity reset
[21:11:41] 🔄 Identity rotated (every 10 requests)
[21:11:42] [312/459] DACA
[21:11:44] [313/459] NVKY
[21:11:45] [314/459] PTIN
[21:11:45] [315/459] SCIN
[21:11:46] [316/459] MCTY
[21:11:47] [317/459] PCMX
[21:11:48] [318/459] INIC
[21:11:49] [319/459] MMZM
[21:11:50] [320/459] SSLP
[21:11:51] [321/459] DTDT
[21:11:51] 🔄 Identity reset
[21:11:51] 🔄 Identity rotated (every 10 requests)
[21:11:51] [322/459] FFCX
[21:11:52] [323/459] RCMM
[21:11:53] [324/459] KYID
[21:11:54] [325/459] CSCI
[21:11:55] [326/459] FCMC
[21:11:55] [327/459] MMXI
[21:11:56] [328/459] ASTC
[21:11:57] [329/459] CMRA
[21:11:58] [330/459] DICI
[21:11:59] [331/459] KDIN
[21:11:59] 🔄 Identity reset
[21:12:00] 🔄 Identity rotated (every 10 requests)
[21:12:00] 🔄 Retry 1/5 for KDIN in 2.5s
[21:12:00] 🔄 Identity reset
[21:12:02] 🧠 New identity created
[21:12:02] 🔄 Retry 2/5 for KDIN in 4.1s
[21:12:02] 🔄 Identity reset
[21:12:06] 🧠 New identity created
[21:12:07] [332/459] PRFI
[21:12:07] [333/459] SVFC
[21:12:08] [334/459] UCPL
[21:12:09] [335/459] COOC
[21:12:09] [336/459] SCAL
[21:12:10] [337/459] SVFF
[21:12:11] [338/459] VCMG
[21:12:11] [339/459] UUCT
[21:12:12] 🔄 Identity reset
[21:12:12] 🔄 Identity rotated (every 10 requests)
[21:12:12] [340/459] GCSE
[21:12:13] [341/459] SUSC
[21:12:13] [342/459] MISC
[21:12:14] [343/459] RMBL
[21:12:15] [344/459] CMXN
[21:12:16] [345/459] PVBK
[21:12:17] [346/459] HHCG
[21:12:18] [347/459] SCAG
[21:12:19] [348/459] CNPR
[21:12:20] [349/459] CSER
[21:12:20] 🔄 Identity reset
[21:12:20] 🔄 Identity rotated (every 10 requests)
[21:12:20] 🔄 Retry 1/5 for CSER in 2.5s
[21:12:20] 🔄 Identity reset
[21:12:23] 🧠 New identity created
[21:12:23] 🔄 Retry 2/5 for CSER in 4.5s
[21:12:23] 🔄 Identity reset
[21:12:27] 🧠 New identity created
[21:12:28] [350/459] HLWD
[21:12:29] [351/459] BOLY
[21:12:29] [352/459] SSPG
[21:12:30] [353/459] MUPX
[21:12:32] [354/459] HAMR
[21:12:33] [355/459] SDNC
[21:12:33] [356/459] RTEN
[21:12:34] [357/459] SDTD
[21:12:35] 🔄 Identity reset
[21:12:35] 🔄 Identity rotated (every 10 requests)
[21:12:35] [358/459] KAWS
[21:12:36] [359/459] CMZX
[21:12:38] [360/459] DCDD
[21:12:39] [361/459] ALSN
[21:12:40] [362/459] IMXS
[21:12:40] [363/459] PVFF
[21:12:41] [364/459] PVOO
[21:12:42] [365/459] CFBS
[21:12:43] [366/459] PVER
[21:12:44] [367/459] PPNX
[21:12:45] 🔄 Identity reset
[21:12:45] 🔄 Identity rotated (every 10 requests)
[21:12:45] [368/459] CNRM
[21:12:46] [369/459] PVWW
[21:12:47] [370/459] INMB
[21:12:48] [371/459] CPJR
[21:12:50] [372/459] INRZ
[21:12:51] [373/459] PMSR
[21:12:53] [374/459] GPGM
[21:12:54] [375/459] PGWB
[21:12:55] [376/459] PMBR
[21:12:56] [377/459] GPAM
[21:12:56] 🔄 Identity reset
[21:12:56] 🔄 Identity rotated (every 10 requests)
[21:12:57] [378/459] INBC
[21:12:58] [379/459] PZVK
[21:12:59] [380/459] CPEB
[21:13:00] [381/459] FMLB
[21:13:00] [382/459] INBG
[21:13:02] [383/459] GPBR
[21:13:02] [384/459] PAAS
[21:13:03] [385/459] VTBR
[21:13:04] [386/459] GPMY
[21:13:05] [387/459] GYBU
[21:13:05] 🔄 Identity reset
[21:13:05] 🔄 Identity rotated (every 10 requests)
[21:13:06] [388/459] INBJ
[21:13:07] [389/459] LKTH
[21:13:08] [390/459] NSBR
[21:13:09] [391/459] PDRD
[21:13:10] [392/459] VRBL
[21:13:10] [393/459] VTGB
[21:13:11] [394/459] VTSK
[21:13:11] [395/459] BKDV
[21:13:12] [396/459] SVTB
[21:13:13] [397/459] MLDT
[21:13:14] 🔄 Identity reset
[21:13:14] 🔄 Identity rotated (every 10 requests)
[21:13:14] [398/459] NRBL
[21:13:15] [399/459] SLTR
[21:13:16] [400/459] VNKA
[21:13:16] [401/459] TDCA
[21:13:17] [402/459] INBM
[21:13:17] [403/459] SSNR
[21:13:18] [404/459] BHAC
[21:13:19] [405/459] SDSD
[21:13:20] [406/459] SAMP
[21:13:21] [407/459] RATK
[21:13:21] 🔄 Identity reset
[21:13:22] 🔄 Identity rotated (every 10 requests)
[21:13:22] [408/459] KCBI
[21:13:24] [409/459] URBL
[21:13:25] [410/459] MKBG
[21:13:26] [411/459] ASTB
[21:13:27] [412/459] VBWT
[21:13:27] [413/459] GPSM
[21:13:28] [414/459] ROON
[21:13:30] [415/459] CHTH
[21:13:31] [416/459] SSPA
[21:13:32] [417/459] ANBL
[21:13:32] 🔄 Identity reset
[21:13:32] 🔄 Identity rotated (every 10 requests)
[21:13:33] [418/459] VTBE
[21:13:33] [419/459] SVKT
[21:13:34] [420/459] SVYK
[21:13:35] [421/459] PTBK
[21:13:36] [422/459] RKTB
[21:13:36] [423/459] BALT
[21:13:37] [424/459] STSV
[21:13:38] [425/459] VCCB
[21:13:39] [426/459] SLTB
[21:13:41] [427/459] SBCR
[21:13:41] 🔄 Identity reset
[21:13:41] 🔄 Identity rotated (every 10 requests)
[21:13:41] [428/459] VDCS
[21:13:42] [429/459] MDKI
[21:13:44] [430/459] SMRN
[21:13:44] [431/459] PTBC
[21:13:45] [432/459] RADI
[21:13:46] [433/459] ADCR
[21:13:47] [434/459] SDCS
[21:13:48] [435/459] SRPJ
[21:13:49] [436/459] ARTS
[21:13:50] [437/459] SRHK
[21:13:50] 🔄 Identity reset
[21:13:50] 🔄 Identity rotated (every 10 requests)
[21:13:51] [438/459] SPAY
[21:13:52] [439/459] GPTB
[21:13:53] [440/459] SNNN
[21:13:54] [441/459] BALJ
[21:13:55] [442/459] TRIG
[21:13:56] [443/459] GTYT
[21:13:57] [444/459] ATGN
[21:13:58] [445/459] ANTE
[21:13:58] [446/459] BDCG
[21:14:00] [447/459] VECI
[21:14:00] 🔄 Identity reset
[21:14:00] 🔄 Identity rotated (every 10 requests)
[21:14:01] [448/459] SCPR
[21:14:01] [449/459] RTEA
[21:14:02] [450/459] JSAI
[21:14:03] [451/459] VJTP
[21:14:04] [452/459] GNDS
[21:14:05] [453/459] PAXA
[21:14:05] [454/459] CGGM
[21:14:07] [455/459] ACKZ
[21:14:08] [456/459] EMCC
[21:14:09] [457/459] KLSK
[21:14:09] 🔄 Identity reset
[21:14:09] 🔄 Identity rotated (every 10 requests)
[21:14:10] [458/459] AVCK
[21:14:12] [459/459] JTCK
[21:14:12] ✅ DONE | Shows=4697 | Movies=77
[22:07:26] 🚀 BMS DAILY TRACKER STARTED (enhanced anti‑detection)
[22:07:26] [1/459] NECA
[22:07:27] 🧠 New identity created
[22:07:27] [2/459] BJLC
[22:07:28] [3/459] BASU
[22:07:28] [4/459] RUPI
[22:07:29] [5/459] LCBK
[22:07:30] [6/459] PMAC
[22:07:31] [7/459] AMLC
[22:07:32] [8/459] LICL
[22:07:32] [9/459] UDMM
[22:07:34] [10/459] STBZ
[22:07:34] 🔄 Identity reset
[22:07:34] 🔄 Identity rotated (every 10 requests)
[22:07:35] [11/459] UUBT
[22:07:36] [12/459] SJKC
[22:07:37] [13/459] TUAL
[22:07:38] [14/459] MRSE
[22:07:38] [15/459] RMRK
[22:07:39] [16/459] TTKP
[22:07:41] [17/459] KTKO
[22:07:41] [18/459] SDBK
[22:07:42] [19/459] MCPR
[22:07:43] [20/459] CHTI
[22:07:43] 🔄 Identity reset
[22:07:43] 🔄 Identity rotated (every 10 requests)
[22:07:43] [21/459] GCCP
[22:07:44] [22/459] SRMY
[22:07:45] [23/459] NYST
[22:07:45] [24/459] NYAG
[22:07:46] [25/459] SBMT
[22:07:47] [26/459] INGA
[22:07:47] [27/459] WSIC
[22:07:48] [28/459] SCSS
[22:07:49] [29/459] COPG
[22:07:50] [30/459] RCGR
[22:07:50] 🔄 Identity reset
[22:07:50] 🔄 Identity rotated (every 10 requests)
[22:07:51] [31/459] TCZA
[22:07:51] [32/459] CNLP
[22:07:52] [33/459] CLKN
[22:07:52] [34/459] LHDF
[22:07:53] [35/459] ELKC
[22:07:54] [36/459] VCEM
[22:07:55] [37/459] SSZA
[22:07:55] [38/459] KRMT
[22:07:56] [39/459] LCMV
[22:07:57] [40/459] AYCZ
[22:07:57] 🔄 Identity reset
[22:07:57] 🔄 Identity rotated (every 10 requests)
[22:07:57] 🔄 Retry 1/5 for AYCZ in 2.2s
[22:07:57] 🔄 Identity reset
[22:08:00] 🧠 New identity created
[22:08:00] [41/459] CUMS
[22:08:01] [42/459] BOCK
[22:08:01] [43/459] PNMR
[22:08:02] [44/459] PJCP
[22:08:03] [45/459] JDDD
[22:08:03] [46/459] STMS
[22:08:04] [47/459] FLMB
[22:08:05] [48/459] PKCM
[22:08:05] [49/459] SPPR
[22:08:06] 🔄 Identity reset
[22:08:06] 🔄 Identity rotated (every 10 requests)
[22:08:06] 🔄 Retry 1/5 for SPPR in 2.3s
[22:08:06] 🔄 Identity reset
[22:08:08] 🧠 New identity created
[22:08:09] [50/459] EYLH
[22:08:09] [51/459] RJCC
[22:08:10] [52/459] MMPS
[22:08:11] [53/459] SHMX
[22:08:12] [54/459] CCNL
[22:08:13] [55/459] RCNV
[22:08:13] [56/459] MAAG
[22:08:14] [57/459] LXCM
[22:08:14] [58/459] RCNI
[22:08:15] 🔄 Identity reset
[22:08:15] 🔄 Identity rotated (every 10 requests)
[22:08:15] [59/459] SNNI
[22:08:16] [60/459] LALC
[22:08:16] [61/459] SOCN
[22:08:17] [62/459] JHTP
[22:08:18] [63/459] PITP
[22:08:19] [64/459] CCKW
[22:08:20] [65/459] MCMC
[22:08:21] [66/459] DEES
[22:08:21] [67/459] SABT
[22:08:22] [68/459] VSPP
[22:08:23] 🔄 Identity reset
[22:08:23] 🔄 Identity rotated (every 10 requests)
[22:08:23] [69/459] ABCT
[22:08:24] [70/459] JVTB
[22:08:25] [71/459] VCBD
[22:08:25] [72/459] RMGG
[22:08:26] [73/459] RNMH
[22:08:27] [74/459] SPGL
[22:08:28] [75/459] JTTR
[22:08:29] [76/459] SICS
[22:08:29] [77/459] SRMI
[22:08:30] [78/459] SSIJ
[22:08:30] 🔄 Identity reset
[22:08:30] 🔄 Identity rotated (every 10 requests)
[22:08:31] [79/459] KFMT
[22:08:31] [80/459] VBIT
[22:08:32] [81/459] JKCT
[22:08:32] [82/459] GCGP
[22:08:33] [83/459] GDCS
[22:08:34] [84/459] TRBA
[22:08:35] [85/459] QUST
[22:08:35] [86/459] VSHM
[22:08:36] [87/459] SDCP
[22:08:37] [88/459] SNVS
[22:08:37] 🔄 Identity reset
[22:08:37] 🔄 Identity rotated (every 10 requests)
[22:08:38] [89/459] NYTO
[22:08:39] [90/459] URWC
[22:08:39] [91/459] GTWH
[22:08:40] [92/459] PFCM
[22:08:40] [93/459] KRTA
[22:08:41] [94/459] AXMC
[22:08:42] [95/459] EVMC
[22:08:43] [96/459] HGSM
[22:08:43] [97/459] ACVM
[22:08:44] [98/459] PSKL
[22:08:45] 🔄 Identity reset
[22:08:45] 🔄 Identity rotated (every 10 requests)
[22:08:45] [99/459] RDMP
[22:08:46] [100/459] RHGH
[22:08:46] [101/459] OMCM
[22:08:47] [102/459] DCCP
[22:08:48] [103/459] MCPB
[22:08:48] [104/459] ALCI
[22:08:49] [105/459] BLMX
[22:08:50] [106/459] BTMV
[22:08:51] [107/459] FVPN
[22:08:51] [108/459] CMAR
[22:08:52] 🔄 Identity reset
[22:08:52] 🔄 Identity rotated (every 10 requests)
[22:08:52] [109/459] CEIM
[22:08:53] [110/459] CMVA
[22:08:54] [111/459] CPIV
[22:08:55] [112/459] CNPE
[22:08:56] [113/459] COLV
[22:08:57] [114/459] DNNV
[22:08:57] [115/459] HCAD
[22:08:58] [116/459] TAKA
[22:08:59] [117/459] INVD
[22:08:59] [118/459] IRMM
[22:09:00] 🔄 Identity reset
[22:09:00] 🔄 Identity rotated (every 10 requests)
[22:09:00] [119/459] INSE
[22:09:01] [120/459] MRSW
[22:09:02] [121/459] MCVD
[22:09:02] [122/459] MCSO
[22:09:03] [123/459] PEVM
[22:09:03] [124/459] PVNL
[22:09:04] [125/459] PTCV
[22:09:05] [126/459] PRTC
[22:09:06] [127/459] RCVA
[22:09:06] [128/459] MTBN
[22:09:07] 🔄 Identity reset
[22:09:07] 🔄 Identity rotated (every 10 requests)
[22:09:07] [129/459] LUCP
[22:09:07] [130/459] FMPT
[22:09:08] [131/459] JLSL
[22:09:09] [132/459] SBHA
[22:09:09] [133/459] SHRC
[22:09:10] [134/459] AVPS
[22:09:11] [135/459] STPM
[22:09:11] [136/459] ATRD
[22:09:12] [137/459] VTED
[22:09:13] [138/459] ACAI
[22:09:14] 🔄 Identity reset
[22:09:14] 🔄 Identity rotated (every 10 requests)
[22:09:14] [139/459] SMAE
[22:09:15] [140/459] VMAT
[22:09:16] [141/459] LKCT
[22:09:16] [142/459] JTVK
[22:09:17] [143/459] PRTY
[22:09:18] [144/459] GETT
[22:09:18] [145/459] ESAP
[22:09:19] [146/459] NCPM
[22:09:20] [147/459] PCPA
[22:09:20] [148/459] MMOM
[22:09:21] 🔄 Identity reset
[22:09:21] 🔄 Identity rotated (every 10 requests)
[22:09:21] [149/459] PHUP
[22:09:22] [150/459] CCPI
[22:09:23] [151/459] CNTD
[22:09:24] [152/459] NLJR
[22:09:25] [153/459] SRNG
[22:09:25] [154/459] MHAL
[22:09:26] [155/459] PNSM
[22:09:27] [156/459] DRMY
[22:09:28] [157/459] CCMU
[22:09:29] [158/459] SCMY
[22:09:30] 🔄 Identity reset
[22:09:30] 🔄 Identity rotated (every 10 requests)
[22:09:30] [159/459] PVSY
[22:09:30] [160/459] SDLM
[22:09:31] [161/459] ICCM
[22:09:32] [162/459] PYSU
[22:09:32] [163/459] GATM
[22:09:33] [164/459] WOTM
[22:09:34] [165/459] RKTS
[22:09:34] [166/459] PMTY
[22:09:35] [167/459] LYMS
[22:09:36] [168/459] TGCA
[22:09:36] 🔄 Identity reset
[22:09:36] 🔄 Identity rotated (every 10 requests)
[22:09:36] [169/459] DSTA
[22:09:38] [170/459] CNGE
[22:09:39] [171/459] VSTG
[22:09:40] [172/459] GTCK
[22:09:41] [173/459] TGNT
[22:09:41] [174/459] ASLC
[22:09:42] [175/459] SSST
[22:09:43] [176/459] KBTT
[22:09:44] [177/459] HKCP
[22:09:44] [178/459] SWLC
[22:09:45] 🔄 Identity reset
[22:09:45] 🔄 Identity rotated (every 10 requests)
[22:09:45] [179/459] RTND
[22:09:46] [180/459] PKKT
[22:09:47] [181/459] HSTK
[22:09:47] [182/459] SPTT
[22:09:48] [183/459] IMPM
[22:09:49] [184/459] SCMV
[22:09:49] [185/459] SPCT
[22:09:50] [186/459] JBCA
[22:09:51] [187/459] ATTR
[22:09:51] [188/459] SPMT
[22:09:52] 🔄 Identity reset
[22:09:52] 🔄 Identity rotated (every 10 requests)
[22:09:52] [189/459] LCTM
[22:09:53] [190/459] SCVL
[22:09:53] [191/459] SCVT
[22:09:54] [192/459] KRIC
[22:09:55] [193/459] CTMG
[22:09:56] [194/459] ACNC
[22:09:57] [195/459] DMCK
[22:09:58] [196/459] KMTV
[22:09:58] [197/459] PFCJ
[22:09:59] [198/459] VNMD
[22:09:59] 🔄 Identity reset
[22:09:59] 🔄 Identity rotated (every 10 requests)
[22:10:00] [199/459] VPCZ
[22:10:00] [200/459] SRYR
[22:10:01] [201/459] SYTR
[22:10:02] [202/459] GATR
[22:10:03] [203/459] URTR
[22:10:03] [204/459] MKSM
[22:10:04] [205/459] VSMH
[22:10:05] [206/459] SKRJ
[22:10:05] [207/459] SSJR
[22:10:06] [208/459] SVSM
[22:10:07] 🔄 Identity reset
[22:10:07] 🔄 Identity rotated (every 10 requests)
[22:10:07] [209/459] RUCM
[22:10:08] [210/459] PRKN
[22:10:08] [211/459] RROH
[22:10:09] [212/459] SCTN
[22:10:10] [213/459] RTDM
[22:10:10] [214/459] ASRM
[22:10:11] [215/459] SKMD
[22:10:12] [216/459] SUTD
[22:10:12] [217/459] SADM
[22:10:13] [218/459] WCNR
[22:10:14] 🔄 Identity reset
[22:10:14] 🔄 Identity rotated (every 10 requests)
[22:10:14] [219/459] CNED
[22:10:15] [220/459] MPDB
[22:10:16] [221/459] KTBH
[22:10:16] [222/459] IDRM
[22:10:17] [223/459] PJJT
[22:10:18] [224/459] PFCV
[22:10:19] [225/459] AACT
[22:10:20] [226/459] AAAD
[22:10:20] [227/459] ANES
[22:10:21] [228/459] MNCA
[22:10:22] 🔄 Identity reset
[22:10:22] 🔄 Identity rotated (every 10 requests)
[22:10:22] 🔄 Retry 1/5 for MNCA in 2.7s
[22:10:22] 🔄 Identity reset
[22:10:24] 🧠 New identity created
[22:10:25] [229/459] RMGU
[22:10:25] [230/459] DLCN
[22:10:26] [231/459] LJWT
[22:10:27] [232/459] MCBG
[22:10:28] [233/459] MYBG
[22:10:28] [234/459] GCCA
[22:10:29] [235/459] GCGA
[22:10:30] [236/459] ECGN
[22:10:31] [237/459] PRAB
[22:10:32] 🔄 Identity reset
[22:10:32] 🔄 Identity rotated (every 10 requests)
[22:10:32] [238/459] PNMP
[22:10:33] [239/459] GCPT
[22:10:34] [240/459] ROYN
[22:10:34] [241/459] VATM
[22:10:35] [242/459] KSNT
[22:10:36] [243/459] ACTC
[22:10:36] [244/459] PLTD
[22:10:37] [245/459] SKMK
[22:10:38] [246/459] CMTT
[22:10:39] [247/459] SMXP
[22:10:40] 🔄 Identity reset
[22:10:40] 🔄 Identity rotated (every 10 requests)
[22:10:40] [248/459] SCMX
[22:10:40] [249/459] ACXN
[22:10:41] [250/459] ASWT
[22:10:42] [251/459] VVVL
[22:10:43] [252/459] NAGO
[22:10:44] [253/459] SNCN
[22:10:44] [254/459] MCKP
[22:10:45] [255/459] SAMO
[22:10:46] [256/459] JBTV
[22:10:47] [257/459] DCVV
[22:10:48] 🔄 Identity reset
[22:10:48] 🔄 Identity rotated (every 10 requests)
[22:10:48] [258/459] KMSV
[22:10:49] [259/459] KDCN
[22:10:50] [260/459] CNCP
[22:10:51] [261/459] HAMC
[22:10:53] [262/459] CCVZ
[22:10:54] [263/459] NCCK
[22:10:55] [264/459] MCHR
[22:10:56] [265/459] SCHT
[22:10:57] [266/459] ESSH
[22:10:58] [267/459] CUJC
[22:10:59] 🔄 Identity reset
[22:10:59] 🔄 Identity rotated (every 10 requests)
[22:10:59] 🔄 Retry 1/5 for CUJC in 2.8s
[22:10:59] 🔄 Identity reset
[22:11:01] 🧠 New identity created
[22:11:02] [268/459] PECP
[22:11:02] [269/459] PMMI
[22:11:03] [270/459] PCCH
[22:11:04] [271/459] PRPM
[22:11:04] [272/459] PVKL
[22:11:05] [273/459] CBSM
[22:11:06] [274/459] PVCZ
[22:11:07] [275/459] PCVV
[22:11:07] [276/459] CTMJ
[22:11:08] 🔄 Identity reset
[22:11:08] 🔄 Identity rotated (every 10 requests)
[22:11:08] [277/459] RCPS
[22:11:09] [278/459] PCIT
[22:11:10] [279/459] FNCH
[22:11:11] [280/459] INZD
[22:11:12] [281/459] INPC
[22:11:13] [282/459] LCZP
[22:11:14] [283/459] SMCB
[22:11:14] [284/459] PTSB
[22:11:15] [285/459] TPSI
[22:11:16] [286/459] KHMJ
[22:11:16] 🔄 Identity reset
[22:11:16] 🔄 Identity rotated (every 10 requests)
[22:11:17] [287/459] RCCJ
[22:11:17] [288/459] NCJA
[22:11:18] [289/459] NCJN
[22:11:19] [290/459] BTDP
[22:11:20] [291/459] PADY
[22:11:20] [292/459] NYBH
[22:11:21] [293/459] MTBR
[22:11:22] [294/459] KRBC
[22:11:23] [295/459] DKTI
[22:11:24] [296/459] ANAN
[22:11:25] 🔄 Identity reset
[22:11:25] 🔄 Identity rotated (every 10 requests)
[22:11:25] 🔄 Retry 1/5 for ANAN in 2.8s
[22:11:25] 🔄 Identity reset
[22:11:28] 🧠 New identity created
[22:11:29] [297/459] INBP
[22:11:30] [298/459] PATB
[22:11:31] [299/459] RGNT
[22:11:31] [300/459] CGPM
[22:11:33] [301/459] INTN
[22:11:34] [302/459] MCMP
[22:11:35] [303/459] ASRG
[22:11:35] [304/459] CXJD
[22:11:36] [305/459] SPCP
[22:11:37] 🔄 Identity reset
[22:11:37] 🔄 Identity rotated (every 10 requests)
[22:11:37] [306/459] CSTP
[22:11:38] [307/459] PKVC
[22:11:39] [308/459] ESCP
[22:11:40] [309/459] CAEP
[22:11:41] [310/459] CCSP
[22:11:42] [311/459] KTPC
[22:11:43] [312/459] DACA
[22:11:43] [313/459] NVKY
[22:11:44] [314/459] PTIN
[22:11:46] [315/459] SCIN
[22:11:46] 🔄 Identity reset
[22:11:46] 🔄 Identity rotated (every 10 requests)
[22:11:46] 🔄 Retry 1/5 for SCIN in 2.1s
[22:11:46] 🔄 Identity reset
[22:11:49] 🧠 New identity created
[22:11:49] [316/459] MCTY
[22:11:50] [317/459] PCMX
[22:11:50] [318/459] INIC
[22:11:51] [319/459] MMZM
[22:11:52] [320/459] SSLP
[22:11:53] [321/459] DTDT
[22:11:53] [322/459] FFCX
[22:11:54] [323/459] RCMM
[22:11:55] [324/459] KYID
[22:11:56] 🔄 Identity reset
[22:11:56] 🔄 Identity rotated (every 10 requests)
[22:11:56] [325/459] CSCI
[22:11:57] [326/459] FCMC
[22:11:58] [327/459] MMXI
[22:11:59] [328/459] ASTC
[22:12:00] [329/459] CMRA
[22:12:01] [330/459] DICI
[22:12:02] [331/459] KDIN
[22:12:03] [332/459] PRFI
[22:12:04] [333/459] SVFC
[22:12:05] [334/459] UCPL
[22:12:05] 🔄 Identity reset
[22:12:05] 🔄 Identity rotated (every 10 requests)
[22:12:05] [335/459] COOC
[22:12:06] [336/459] SCAL
[22:12:07] [337/459] SVFF
[22:12:08] [338/459] VCMG
[22:12:09] [339/459] UUCT
[22:12:09] [340/459] GCSE
[22:12:10] [341/459] SUSC
[22:12:11] [342/459] MISC
[22:12:12] [343/459] RMBL
[22:12:13] [344/459] CMXN
[22:12:13] 🔄 Identity reset
[22:12:13] 🔄 Identity rotated (every 10 requests)
[22:12:14] [345/459] PVBK
[22:12:14] [346/459] HHCG
[22:12:15] [347/459] SCAG
[22:12:16] [348/459] CNPR
[22:12:17] [349/459] CSER
[22:12:18] [350/459] HLWD
[22:12:19] [351/459] BOLY
[22:12:20] [352/459] SSPG
[22:12:20] [353/459] MUPX
[22:12:21] [354/459] HAMR
[22:12:22] 🔄 Identity reset
[22:12:22] 🔄 Identity rotated (every 10 requests)
[22:12:22] [355/459] SDNC
[22:12:23] [356/459] RTEN
[22:12:24] [357/459] SDTD
[22:12:24] [358/459] KAWS
[22:12:25] [359/459] CMZX
[22:12:26] [360/459] DCDD
[22:12:27] [361/459] ALSN
[22:12:28] [362/459] IMXS
[22:12:29] [363/459] PVFF
[22:12:30] [364/459] PVOO
[22:12:30] 🔄 Identity reset
[22:12:30] 🔄 Identity rotated (every 10 requests)
[22:12:31] [365/459] CFBS
[22:12:32] [366/459] PVER
[22:12:33] [367/459] PPNX
[22:12:34] [368/459] CNRM
[22:12:35] [369/459] PVWW
[22:12:37] [370/459] INMB
[22:12:37] [371/459] CPJR
[22:12:38] [372/459] INRZ
[22:12:39] [373/459] PMSR
[22:12:40] [374/459] GPGM
[22:12:41] 🔄 Identity reset
[22:12:41] 🔄 Identity rotated (every 10 requests)
[22:12:41] [375/459] PGWB
[22:12:42] [376/459] PMBR
[22:12:43] [377/459] GPAM
[22:12:45] [378/459] INBC
[22:12:46] [379/459] PZVK
[22:12:47] [380/459] CPEB
[22:12:48] [381/459] FMLB
[22:12:49] [382/459] INBG
[22:12:50] [383/459] GPBR
[22:12:51] [384/459] PAAS
[22:12:52] 🔄 Identity reset
[22:12:52] 🔄 Identity rotated (every 10 requests)
[22:12:52] [385/459] VTBR
[22:12:53] [386/459] GPMY
[22:12:54] [387/459] GYBU
[22:12:55] [388/459] INBJ
[22:12:56] [389/459] LKTH
[22:12:57] [390/459] NSBR
[22:12:58] [391/459] PDRD
[22:12:59] [392/459] VRBL
[22:12:59] [393/459] VTGB
[22:13:00] [394/459] VTSK
[22:13:01] 🔄 Identity reset
[22:13:01] 🔄 Identity rotated (every 10 requests)
[22:13:01] [395/459] BKDV
[22:13:02] [396/459] SVTB
[22:13:02] [397/459] MLDT
[22:13:03] [398/459] NRBL
[22:13:04] [399/459] SLTR
[22:13:05] [400/459] VNKA
[22:13:06] [401/459] TDCA
[22:13:07] [402/459] INBM
[22:13:08] [403/459] SSNR
[22:13:08] [404/459] BHAC
[22:13:09] 🔄 Identity reset
[22:13:09] 🔄 Identity rotated (every 10 requests)
[22:13:10] [405/459] SDSD
[22:13:11] [406/459] SAMP
[22:13:12] [407/459] RATK
[22:13:12] [408/459] KCBI
[22:13:13] [409/459] URBL
[22:13:14] [410/459] MKBG
[22:13:15] [411/459] ASTB
[22:13:16] [412/459] VBWT
[22:13:17] [413/459] GPSM
[22:13:17] [414/459] ROON
[22:13:18] 🔄 Identity reset
[22:13:18] 🔄 Identity rotated (every 10 requests)
[22:13:19] [415/459] CHTH
[22:13:20] [416/459] SSPA
[22:13:21] [417/459] ANBL
[22:13:22] [418/459] VTBE
[22:13:22] [419/459] SVKT
[22:13:23] [420/459] SVYK
[22:13:24] [421/459] PTBK
[22:13:25] [422/459] RKTB
[22:13:26] [423/459] BALT
[22:13:27] [424/459] STSV
[22:13:27] 🔄 Identity reset
[22:13:27] 🔄 Identity rotated (every 10 requests)
[22:13:27] [425/459] VCCB
[22:13:28] [426/459] SLTB
[22:13:30] [427/459] SBCR
[22:13:31] [428/459] VDCS
[22:13:31] [429/459] MDKI
[22:13:32] [430/459] SMRN
[22:13:33] [431/459] PTBC
[22:13:34] [432/459] RADI
[22:13:35] [433/459] ADCR
[22:13:36] [434/459] SDCS
[22:13:37] 🔄 Identity reset
[22:13:37] 🔄 Identity rotated (every 10 requests)
[22:13:37] [435/459] SRPJ
[22:13:38] [436/459] ARTS
[22:13:39] [437/459] SRHK
[22:13:39] [438/459] SPAY
[22:13:40] [439/459] GPTB
[22:13:41] [440/459] SNNN
[22:13:42] [441/459] BALJ
[22:13:43] [442/459] TRIG
[22:13:44] [443/459] GTYT
[22:13:45] [444/459] ATGN
[22:13:45] 🔄 Identity reset
[22:13:45] 🔄 Identity rotated (every 10 requests)
[22:13:46] [445/459] ANTE
[22:13:47] [446/459] BDCG
[22:13:47] [447/459] VECI
[22:13:48] [448/459] SCPR
[22:13:49] [449/459] RTEA
[22:13:50] [450/459] JSAI
[22:13:51] [451/459] VJTP
[22:13:52] [452/459] GNDS
[22:13:53] [453/459] PAXA
[22:13:54] [454/459] CGGM
[22:13:55] 🔄 Identity reset
[22:13:55] 🔄 Identity rotated (every 10 requests)
[22:13:55] [455/459] ACKZ
[22:13:56] [456/459] EMCC
[22:13:57] [457/459] KLSK
[22:13:57] [458/459] AVCK
[22:13:58] [459/459] JTCK
[22:14:00] ✅ DONE | Shows=4699 | Movies=77
[22:40:00] 🚀 BMS DAILY TRACKER STARTED (enhanced anti‑detection)
[22:40:00] [1/459] NECA
[22:40:01] 🧠 New identity created
[22:40:01] [2/459] BJLC
[22:40:02] [3/459] BASU
[22:40:03] [4/459] RUPI
[22:40:04] [5/459] LCBK
[22:40:05] [6/459] PMAC
[22:40:05] [7/459] AMLC
[22:40:06] [8/459] LICL
[22:40:07] [9/459] UDMM
[22:40:08] [10/459] STBZ
[22:40:09] 🔄 Identity reset
[22:40:09] 🔄 Identity rotated (every 10 requests)
[22:40:09] 🔄 Retry 1/5 for STBZ in 2.9s
[22:40:09] 🔄 Identity reset
[22:40:12] 🧠 New identity created
[22:40:12] [11/459] UUBT
[22:40:14] [12/459] SJKC
[22:40:15] [13/459] TUAL
[22:40:16] [14/459] MRSE
[22:40:17] [15/459] RMRK
[22:40:18] [16/459] TTKP
[22:40:19] [17/459] KTKO
[22:40:20] [18/459] SDBK
[22:40:20] [19/459] MCPR
[22:40:21] 🔄 Identity reset
[22:40:21] 🔄 Identity rotated (every 10 requests)
[22:40:21] [20/459] CHTI
[22:40:22] [21/459] GCCP
[22:40:23] [22/459] SRMY
[22:40:24] [23/459] NYST
[22:40:25] [24/459] NYAG
[22:40:26] [25/459] SBMT
[22:40:28] [26/459] INGA
[22:40:29] [27/459] WSIC
[22:40:30] [28/459] SCSS
[22:40:32] [29/459] COPG
[22:40:33] 🔄 Identity reset
[22:40:33] 🔄 Identity rotated (every 10 requests)
[22:40:33] [30/459] RCGR
[22:40:34] [31/459] TCZA
[22:40:35] [32/459] CNLP
[22:40:36] [33/459] CLKN
[22:40:37] [34/459] LHDF
[22:40:37] [35/459] ELKC
[22:40:38] [36/459] VCEM
[22:40:39] [37/459] SSZA
[22:40:41] [38/459] KRMT
[22:40:42] [39/459] LCMV
[22:40:43] 🔄 Identity reset
[22:40:43] 🔄 Identity rotated (every 10 requests)
[22:40:43] [40/459] AYCZ
[22:40:45] [41/459] CUMS
[22:40:46] [42/459] BOCK
[22:40:47] [43/459] PNMR
[22:40:47] [44/459] PJCP
[22:40:48] [45/459] JDDD
[22:40:49] [46/459] STMS
[22:40:50] [47/459] FLMB
[22:40:51] [48/459] PKCM
[22:40:52] [49/459] SPPR
[22:40:52] 🔄 Identity reset
[22:40:52] 🔄 Identity rotated (every 10 requests)
[22:40:53] [50/459] EYLH
[22:40:54] [51/459] RJCC
[22:40:55] [52/459] MMPS
[22:40:56] [53/459] SHMX
[22:40:58] [54/459] CCNL
[22:40:59] [55/459] RCNV
[22:40:59] [56/459] MAAG
[22:41:00] [57/459] LXCM
[22:41:01] [58/459] RCNI
[22:41:02] [59/459] SNNI
[22:41:03] 🔄 Identity reset
[22:41:03] 🔄 Identity rotated (every 10 requests)
[22:41:03] [60/459] LALC
[22:41:04] [61/459] SOCN
[22:41:05] [62/459] JHTP
[22:41:06] [63/459] PITP
[22:41:07] [64/459] CCKW
[22:41:08] [65/459] MCMC
[22:41:09] [66/459] DEES
[22:41:10] [67/459] SABT
[22:41:12] [68/459] VSPP
[22:41:13] [69/459] ABCT
[22:41:14] 🔄 Identity reset
[22:41:14] 🔄 Identity rotated (every 10 requests)
[22:41:14] [70/459] JVTB
[22:41:15] [71/459] VCBD
[22:41:16] [72/459] RMGG
[22:41:17] [73/459] RNMH
[22:41:19] [74/459] SPGL
[22:41:19] [75/459] JTTR
[22:41:20] [76/459] SICS
[22:41:21] [77/459] SRMI
[22:41:23] [78/459] SSIJ
[22:41:24] [79/459] KFMT
[22:41:24] 🔄 Identity reset
[22:41:24] 🔄 Identity rotated (every 10 requests)
[22:41:25] [80/459] VBIT
[22:41:26] [81/459] JKCT
[22:41:27] [82/459] GCGP
[22:41:28] [83/459] GDCS
[22:41:28] [84/459] TRBA
[22:41:29] [85/459] QUST
[22:41:31] [86/459] VSHM
[22:41:32] [87/459] SDCP
[22:41:33] [88/459] SNVS
[22:41:33] [89/459] NYTO
[22:41:34] 🔄 Identity reset
[22:41:34] 🔄 Identity rotated (every 10 requests)
[22:41:34] [90/459] URWC
[22:41:35] [91/459] GTWH
[22:41:36] [92/459] PFCM
[22:41:37] [93/459] KRTA
[22:41:38] [94/459] AXMC
[22:41:39] [95/459] EVMC
[22:41:40] [96/459] HGSM
[22:41:41] [97/459] ACVM
[22:41:42] [98/459] PSKL
[22:41:43] [99/459] RDMP
[22:41:44] 🔄 Identity reset
[22:41:44] 🔄 Identity rotated (every 10 requests)
[22:41:44] [100/459] RHGH
[22:41:45] [101/459] OMCM
[22:41:46] [102/459] DCCP
[22:41:47] [103/459] MCPB
[22:41:48] [104/459] ALCI
[22:41:49] [105/459] BLMX
[22:41:50] [106/459] BTMV
[22:41:52] [107/459] FVPN
[22:41:53] [108/459] CMAR
[22:41:54] [109/459] CEIM
[22:41:55] 🔄 Identity reset
[22:41:55] 🔄 Identity rotated (every 10 requests)
[22:41:55] [110/459] CMVA
[22:41:56] [111/459] CPIV
[22:41:57] [112/459] CNPE
[22:41:58] [113/459] COLV
[22:41:59] [114/459] DNNV
[22:42:00] [115/459] HCAD
[22:42:01] [116/459] TAKA
[22:42:02] [117/459] INVD
[22:42:03] [118/459] IRMM
[22:42:04] [119/459] INSE
[22:42:04] 🔄 Identity reset
[22:42:04] 🔄 Identity rotated (every 10 requests)
[22:42:05] [120/459] MRSW
[22:42:06] [121/459] MCVD
[22:42:07] [122/459] MCSO
[22:42:08] [123/459] PEVM
[22:42:09] [124/459] PVNL
[22:42:10] [125/459] PTCV
[22:42:11] [126/459] PRTC
[22:42:12] [127/459] RCVA
[22:42:13] [128/459] MTBN
[22:42:14] [129/459] LUCP
[22:42:14] 🔄 Identity reset
[22:42:14] 🔄 Identity rotated (every 10 requests)
[22:42:15] [130/459] FMPT
[22:42:16] [131/459] JLSL
[22:42:16] [132/459] SBHA
[22:42:17] [133/459] SHRC
[22:42:18] [134/459] AVPS
[22:42:20] [135/459] STPM
[22:42:21] [136/459] ATRD
[22:42:22] [137/459] VTED
[22:42:23] [138/459] ACAI
[22:42:24] [139/459] SMAE
[22:42:25] 🔄 Identity reset
[22:42:25] 🔄 Identity rotated (every 10 requests)
[22:42:25] [140/459] VMAT
[22:42:26] [141/459] LKCT
[22:42:27] [142/459] JTVK
[22:42:28] [143/459] PRTY
[22:42:29] [144/459] GETT
[22:42:30] [145/459] ESAP
[22:42:31] [146/459] NCPM
[22:42:32] [147/459] PCPA
[22:42:33] [148/459] MMOM
[22:42:34] [149/459] PHUP
[22:42:35] 🔄 Identity reset
[22:42:35] 🔄 Identity rotated (every 10 requests)
[22:42:35] [150/459] CCPI
[22:42:37] [151/459] CNTD
[22:42:38] [152/459] NLJR
[22:42:38] [153/459] SRNG
[22:42:40] [154/459] MHAL
[22:42:41] [155/459] PNSM
[22:42:42] [156/459] DRMY
[22:42:43] [157/459] CCMU
[22:42:44] [158/459] SCMY
[22:42:45] [159/459] PVSY
[22:42:45] 🔄 Identity reset
[22:42:45] 🔄 Identity rotated (every 10 requests)
[22:42:46] [160/459] SDLM
[22:42:47] [161/459] ICCM
[22:42:49] [162/459] PYSU
[22:42:50] [163/459] GATM
[22:42:51] [164/459] WOTM
[22:42:52] [165/459] RKTS
[22:42:53] [166/459] PMTY
[22:42:54] [167/459] LYMS
[22:42:54] [168/459] TGCA
[22:42:55] [169/459] DSTA
[22:42:56] 🔄 Identity reset
[22:42:56] 🔄 Identity rotated (every 10 requests)
[22:42:56] [170/459] CNGE
[22:42:57] [171/459] VSTG
[22:42:58] [172/459] GTCK
[22:42:59] [173/459] TGNT
[22:43:00] [174/459] ASLC
[22:43:01] [175/459] SSST
[22:43:02] [176/459] KBTT
[22:43:02] [177/459] HKCP
[22:43:04] [178/459] SWLC
[22:43:05] [179/459] RTND
[22:43:05] 🔄 Identity reset
[22:43:05] 🔄 Identity rotated (every 10 requests)
[22:43:05] [180/459] PKKT
[22:43:07] [181/459] HSTK
[22:43:08] [182/459] SPTT
[22:43:09] [183/459] IMPM
[22:43:10] [184/459] SCMV
[22:43:10] [185/459] SPCT
[22:43:11] [186/459] JBCA
[22:43:12] [187/459] ATTR
[22:43:13] [188/459] SPMT
[22:43:14] [189/459] LCTM
[22:43:15] 🔄 Identity reset
[22:43:15] 🔄 Identity rotated (every 10 requests)
[22:43:15] [190/459] SCVL
[22:43:16] [191/459] SCVT
[22:43:17] [192/459] KRIC
[22:43:18] [193/459] CTMG
[22:43:19] [194/459] ACNC
[22:43:20] [195/459] DMCK
[22:43:21] [196/459] KMTV
[22:43:22] [197/459] PFCJ
[22:43:23] [198/459] VNMD
[22:43:24] [199/459] VPCZ
[22:43:24] 🔄 Identity reset
[22:43:24] 🔄 Identity rotated (every 10 requests)
[22:43:25] [200/459] SRYR
[22:43:26] [201/459] SYTR
[22:43:27] [202/459] GATR
[22:43:27] [203/459] URTR
[22:43:29] [204/459] MKSM
[22:43:30] [205/459] VSMH
[22:43:31] [206/459] SKRJ
[22:43:32] [207/459] SSJR
[22:43:33] [208/459] SVSM
[22:43:35] [209/459] RUCM
[22:43:35] 🔄 Identity reset
[22:43:35] 🔄 Identity rotated (every 10 requests)
[22:43:36] [210/459] PRKN
[22:43:37] [211/459] RROH
[22:43:37] [212/459] SCTN
[22:43:38] [213/459] RTDM
[22:43:39] [214/459] ASRM
[22:43:40] [215/459] SKMD
[22:43:41] [216/459] SUTD
[22:43:42] [217/459] SADM
[22:43:43] [218/459] WCNR
[22:43:44] [219/459] CNED
[22:43:45] 🔄 Identity reset
[22:43:45] 🔄 Identity rotated (every 10 requests)
[22:43:46] [220/459] MPDB
[22:43:48] [221/459] KTBH
[22:43:49] [222/459] IDRM
[22:43:49] [223/459] PJJT
[22:43:50] [224/459] PFCV
[22:43:51] [225/459] AACT
[22:43:52] [226/459] AAAD
[22:43:53] [227/459] ANES
[22:43:54] [228/459] MNCA
[22:43:55] [229/459] RMGU
[22:43:56] 🔄 Identity reset
[22:43:56] 🔄 Identity rotated (every 10 requests)
[22:43:56] [230/459] DLCN
[22:43:57] [231/459] LJWT
[22:43:58] [232/459] MCBG
[22:43:59] [233/459] MYBG
[22:44:00] [234/459] GCCA
[22:44:01] [235/459] GCGA
[22:44:02] [236/459] ECGN
[22:44:03] [237/459] PRAB
[22:44:04] [238/459] PNMP
[22:44:06] [239/459] GCPT
[22:44:07] 🔄 Identity reset
[22:44:07] 🔄 Identity rotated (every 10 requests)
[22:44:07] [240/459] ROYN
[22:44:08] [241/459] VATM
[22:44:10] [242/459] KSNT
[22:44:11] [243/459] ACTC
[22:44:11] [244/459] PLTD
[22:44:12] [245/459] SKMK
[22:44:13] [246/459] CMTT
[22:44:14] [247/459] SMXP
[22:44:15] [248/459] SCMX
[22:44:16] [249/459] ACXN
[22:44:16] 🔄 Identity reset
[22:44:16] 🔄 Identity rotated (every 10 requests)
[22:44:17] [250/459] ASWT
[22:44:18] [251/459] VVVL
[22:44:19] [252/459] NAGO
[22:44:20] [253/459] SNCN
[22:44:21] [254/459] MCKP
[22:44:22] [255/459] SAMO
[22:44:23] [256/459] JBTV
[22:44:24] [257/459] DCVV
[22:44:25] [258/459] KMSV
[22:44:26] [259/459] KDCN
[22:44:27] 🔄 Identity reset
[22:44:27] 🔄 Identity rotated (every 10 requests)
[22:44:28] [260/459] CNCP
[22:44:28] [261/459] HAMC
[22:44:29] [262/459] CCVZ
[22:44:30] [263/459] NCCK
[22:44:31] [264/459] MCHR
[22:44:32] [265/459] SCHT
[22:44:33] [266/459] ESSH
[22:44:34] [267/459] CUJC
[22:44:35] [268/459] PECP
[22:44:36] [269/459] PMMI
[22:44:36] 🔄 Identity reset
[22:44:36] 🔄 Identity rotated (every 10 requests)
[22:44:38] [270/459] PCCH
[22:44:38] [271/459] PRPM
[22:44:39] [272/459] PVKL
[22:44:40] [273/459] CBSM
[22:44:41] [274/459] PVCZ
[22:44:42] [275/459] PCVV
[22:44:43] [276/459] CTMJ
[22:44:44] [277/459] RCPS
[22:44:44] [278/459] PCIT
[22:44:45] [279/459] FNCH
[22:44:46] 🔄 Identity reset
[22:44:46] 🔄 Identity rotated (every 10 requests)
[22:44:46] [280/459] INZD
[22:44:47] [281/459] INPC
[22:44:48] [282/459] LCZP
[22:44:49] [283/459] SMCB
[22:44:50] [284/459] PTSB
[22:44:51] [285/459] TPSI
[22:44:52] [286/459] KHMJ
[22:44:53] [287/459] RCCJ
[22:44:53] [288/459] NCJA
[22:44:54] [289/459] NCJN
[22:44:55] 🔄 Identity reset
[22:44:55] 🔄 Identity rotated (every 10 requests)
[22:44:55] [290/459] BTDP
[22:44:56] [291/459] PADY
[22:44:57] [292/459] NYBH
[22:44:58] [293/459] MTBR
[22:45:00] [294/459] KRBC
[22:45:01] [295/459] DKTI
[22:45:02] [296/459] ANAN
[22:45:04] [297/459] INBP
[22:45:05] [298/459] PATB
[22:45:06] [299/459] RGNT
[22:45:07] 🔄 Identity reset
[22:45:07] 🔄 Identity rotated (every 10 requests)
[22:45:07] [300/459] CGPM
[22:45:09] [301/459] INTN
[22:45:10] [302/459] MCMP
[22:45:11] [303/459] ASRG
[22:45:11] [304/459] CXJD
[22:45:12] [305/459] SPCP
[22:45:14] [306/459] CSTP
[22:45:16] [307/459] PKVC
[22:45:17] [308/459] ESCP
[22:45:18] [309/459] CAEP
[22:45:18] 🔄 Identity reset
[22:45:18] 🔄 Identity rotated (every 10 requests)
[22:45:19] [310/459] CCSP
[22:45:19] [311/459] KTPC
[22:45:20] [312/459] DACA
[22:45:21] [313/459] NVKY
[22:45:22] [314/459] PTIN
[22:45:23] [315/459] SCIN
[22:45:24] [316/459] MCTY
[22:45:25] [317/459] PCMX
[22:45:26] [318/459] INIC
[22:45:27] [319/459] MMZM
[22:45:28] 🔄 Identity reset
[22:45:28] 🔄 Identity rotated (every 10 requests)
[22:45:28] [320/459] SSLP
[22:45:29] [321/459] DTDT
[22:45:30] [322/459] FFCX
[22:45:31] [323/459] RCMM
[22:45:32] [324/459] KYID
[22:45:33] [325/459] CSCI
[22:45:35] [326/459] FCMC
[22:45:35] [327/459] MMXI
[22:45:36] [328/459] ASTC
[22:45:37] [329/459] CMRA
[22:45:37] 🔄 Identity reset
[22:45:37] 🔄 Identity rotated (every 10 requests)
[22:45:38] [330/459] DICI
[22:45:39] [331/459] KDIN
[22:45:40] [332/459] PRFI
[22:45:41] [333/459] SVFC
[22:45:42] [334/459] UCPL
[22:45:43] [335/459] COOC
[22:45:44] [336/459] SCAL
[22:45:45] [337/459] SVFF
[22:45:46] [338/459] VCMG
[22:45:47] [339/459] UUCT
[22:45:47] 🔄 Identity reset
[22:45:47] 🔄 Identity rotated (every 10 requests)
[22:45:48] [340/459] GCSE
[22:45:49] [341/459] SUSC
[22:45:50] [342/459] MISC
[22:45:51] [343/459] RMBL
[22:45:52] [344/459] CMXN
[22:45:53] [345/459] PVBK
[22:45:53] [346/459] HHCG
[22:45:54] [347/459] SCAG
[22:45:55] [348/459] CNPR
[22:45:56] [349/459] CSER
[22:45:57] 🔄 Identity reset
[22:45:57] 🔄 Identity rotated (every 10 requests)
[22:45:57] [350/459] HLWD
[22:45:58] [351/459] BOLY
[22:45:59] [352/459] SSPG
[22:46:00] [353/459] MUPX
[22:46:01] [354/459] HAMR
[22:46:02] [355/459] SDNC
[22:46:03] [356/459] RTEN
[22:46:04] [357/459] SDTD
[22:46:05] [358/459] KAWS
[22:46:06] [359/459] CMZX
[22:46:06] 🔄 Identity reset
[22:46:06] 🔄 Identity rotated (every 10 requests)
[22:46:07] [360/459] DCDD
[22:46:08] [361/459] ALSN
[22:46:09] [362/459] IMXS
[22:46:10] [363/459] PVFF
[22:46:11] [364/459] PVOO
[22:46:12] [365/459] CFBS
[22:46:13] [366/459] PVER
[22:46:14] [367/459] PPNX
[22:46:15] [368/459] CNRM
[22:46:16] [369/459] PVWW
[22:46:17] 🔄 Identity reset
[22:46:17] 🔄 Identity rotated (every 10 requests)
[22:46:17] [370/459] INMB
[22:46:18] [371/459] CPJR
[22:46:19] [372/459] INRZ
[22:46:20] [373/459] PMSR
[22:46:21] [374/459] GPGM
[22:46:22] [375/459] PGWB
[22:46:23] [376/459] PMBR
[22:46:24] [377/459] GPAM
[22:46:25] [378/459] INBC
[22:46:26] [379/459] PZVK
[22:46:26] 🔄 Identity reset
[22:46:26] 🔄 Identity rotated (every 10 requests)
[22:46:27] [380/459] CPEB
[22:46:28] [381/459] FMLB
[22:46:29] [382/459] INBG
[22:46:30] [383/459] GPBR
[22:46:32] [384/459] PAAS
[22:46:33] [385/459] VTBR
[22:46:34] [386/459] GPMY
[22:46:35] [387/459] GYBU
[22:46:36] [388/459] INBJ
[22:46:37] [389/459] LKTH
[22:46:38] 🔄 Identity reset
[22:46:38] 🔄 Identity rotated (every 10 requests)
[22:46:39] [390/459] NSBR
[22:46:40] [391/459] PDRD
[22:46:41] [392/459] VRBL
[22:46:42] [393/459] VTGB
[22:46:43] [394/459] VTSK
[22:46:43] [395/459] BKDV
[22:46:44] [396/459] SVTB
[22:46:45] [397/459] MLDT
[22:46:46] [398/459] NRBL
[22:46:47] [399/459] SLTR
[22:46:48] 🔄 Identity reset
[22:46:48] 🔄 Identity rotated (every 10 requests)
[22:46:48] [400/459] VNKA
[22:46:49] [401/459] TDCA
[22:46:51] [402/459] INBM
[22:46:52] [403/459] SSNR
[22:46:54] [404/459] BHAC
[22:46:55] [405/459] SDSD
[22:46:55] [406/459] SAMP
[22:46:56] [407/459] RATK
[22:46:57] [408/459] KCBI
[22:46:58] [409/459] URBL
[22:46:59] 🔄 Identity reset
[22:46:59] 🔄 Identity rotated (every 10 requests)
[22:46:59] [410/459] MKBG
[22:47:00] [411/459] ASTB
[22:47:01] [412/459] VBWT
[22:47:02] [413/459] GPSM
[22:47:03] [414/459] ROON
[22:47:04] [415/459] CHTH
[22:47:05] [416/459] SSPA
[22:47:06] [417/459] ANBL
[22:47:07] [418/459] VTBE
[22:47:08] [419/459] SVKT
[22:47:08] 🔄 Identity reset
[22:47:08] 🔄 Identity rotated (every 10 requests)
[22:47:09] [420/459] SVYK
[22:47:10] [421/459] PTBK
[22:47:11] [422/459] RKTB
[22:47:11] [423/459] BALT
[22:47:12] [424/459] STSV
[22:47:13] [425/459] VCCB
[22:47:15] [426/459] SLTB
[22:47:16] [427/459] SBCR
[22:47:17] [428/459] VDCS
[22:47:18] [429/459] MDKI
[22:47:18] 🔄 Identity reset
[22:47:18] 🔄 Identity rotated (every 10 requests)
[22:47:19] [430/459] SMRN
[22:47:19] [431/459] PTBC
[22:47:20] [432/459] RADI
[22:47:22] [433/459] ADCR
[22:47:23] [434/459] SDCS
[22:47:24] [435/459] SRPJ
[22:47:25] [436/459] ARTS
[22:47:26] [437/459] SRHK
[22:47:27] [438/459] SPAY
[22:47:28] [439/459] GPTB
[22:47:28] 🔄 Identity reset
[22:47:28] 🔄 Identity rotated (every 10 requests)
[22:47:28] [440/459] SNNN
[22:47:29] [441/459] BALJ
[22:47:30] [442/459] TRIG
[22:47:31] [443/459] GTYT
[22:47:33] [444/459] ATGN
[22:47:33] [445/459] ANTE
[22:47:34] [446/459] BDCG
[22:47:35] [447/459] VECI
[22:47:36] [448/459] SCPR
[22:47:37] [449/459] RTEA
[22:47:38] 🔄 Identity reset
[22:47:38] 🔄 Identity rotated (every 10 requests)
[22:47:38] [450/459] JSAI
[22:47:39] [451/459] VJTP
[22:47:41] [452/459] GNDS
[22:47:41] [453/459] PAXA
[22:47:42] [454/459] CGGM
[22:47:43] [455/459] ACKZ
[22:47:44] [456/459] EMCC
[22:47:45] [457/459] KLSK
[22:47:46] [458/459] AVCK
[22:47:47] [459/459] JTCK
[22:47:47] 🔄 Identity reset
[22:47:47] 🔄 Identity rotated (every 10 requests)
[22:47:48] ✅ DONE | Shows=4700 | Movies=77
