[21:38:54] 🚀 SCRIPT STARTED (enhanced anti‑detection)
[21:38:54] [1/458] MBDC
[21:38:55] 🧠 New identity created
[21:38:55] [2/458] CHKM
[21:38:56] [3/458] JTKZ
[21:38:57] [4/458] CMCT
[21:38:58] [5/458] ASHO
[21:38:59] [6/458] ECDG
[21:39:00] [7/458] SPAT
[21:39:01] [8/458] HILC
[21:39:02] [9/458] SPPH
[21:39:03] [10/458] SBHN
[21:39:03] 🔄 Identity reset
[21:39:03] 🔄 Identity rotated (every 10 requests)
[21:39:04] [11/458] RRCA
[21:39:05] [12/458] APAA
[21:39:06] [13/458] RAME
[21:39:07] [14/458] TMMS
[21:39:08] [15/458] BATK
[21:39:08] [16/458] LKOP
[21:39:10] [17/458] AMTT
[21:39:11] [18/458] PTGK
[21:39:12] [19/458] ANRS
[21:39:13] [20/458] VWBW
[21:39:13] 🔄 Identity reset
[21:39:13] 🔄 Identity rotated (every 10 requests)
[21:39:14] [21/458] SVFG
[21:39:15] [22/458] STAT
[21:39:16] [23/458] GDCV
[21:39:17] [24/458] VEBI
[21:39:18] [25/458] VDSS
[21:39:20] [26/458] NTHV
[21:39:21] [27/458] AOCH
[21:39:22] [28/458] KASR
[21:39:22] [29/458] AYCS
[21:39:23] [30/458] SHAI
[21:39:24] 🔄 Identity reset
[21:39:24] 🔄 Identity rotated (every 10 requests)
[21:39:24] [31/458] SKPE
[21:39:25] [32/458] SBTA
[21:39:26] [33/458] RTTD
[21:39:27] [34/458] CCJD
[21:39:28] [35/458] RSJJ
[21:39:29] [36/458] RKND
[21:39:30] [37/458] SVTX
[21:39:31] [38/458] BAKM
[21:39:32] [39/458] SVDC
[21:39:33] [40/458] MNCV
[21:39:34] 🔄 Identity reset
[21:39:34] 🔄 Identity rotated (every 10 requests)
[21:39:34] [41/458] SJGC
[21:39:35] [42/458] MTPK
[21:39:36] [43/458] GATP
[21:39:37] [44/458] ABTS
[21:39:38] [45/458] ABDE
[21:39:39] [46/458] RCNM
[21:39:39] [47/458] KTHV
[21:39:40] [48/458] MDGJ
[21:39:42] [49/458] SMLM
[21:39:43] [50/458] JTMA
[21:39:43] 🔄 Identity reset
[21:39:43] 🔄 Identity rotated (every 10 requests)
[21:39:44] [51/458] ACKP
[21:39:45] [52/458] SRTA
[21:39:45] [53/458] STAY
[21:39:46] [54/458] MAVO
[21:39:47] [55/458] APTS
[21:39:48] [56/458] OMEA
[21:39:49] [57/458] TTFD
[21:39:50] [58/458] MJCU
[21:39:50] [59/458] CXTE
[21:39:52] [60/458] CTPX
[21:39:52] 🔄 Identity reset
[21:39:52] 🔄 Identity rotated (every 10 requests)
[21:39:53] [61/458] ASSL
[21:39:54] [62/458] CMVB
[21:39:55] [63/458] VPUR
[21:39:56] [64/458] JJDA
[21:39:57] [65/458] INBL
[21:39:59] [66/458] BIKB
[21:40:00] [67/458] NTBB
[21:40:01] [68/458] GLOB
[21:40:02] [69/458] SNTB
[21:40:02] [70/458] CHGV
[21:40:03] 🔄 Identity reset
[21:40:03] 🔄 Identity rotated (every 10 requests)
[21:40:03] [71/458] SSBZ
[21:40:04] [72/458] PRDB
[21:40:05] [73/458] ISMT
[21:40:06] [74/458] MCSD
[21:40:08] [75/458] JBTT
[21:40:09] [76/458] GEKR
[21:40:09] [77/458] PVUN
[21:40:10] [78/458] NRTB
[21:40:11] [79/458] PRAA
[21:40:12] [80/458] PCBL
[21:40:13] 🔄 Identity reset
[21:40:13] 🔄 Identity rotated (every 10 requests)
[21:40:13] [81/458] PTCM
[21:40:14] [82/458] KHNN
[21:40:15] [83/458] OMJE
[21:40:15] [84/458] STGN
[21:40:16] [85/458] RPMS
[21:40:17] [86/458] NWAD
[21:40:18] [87/458] BLCK
[21:40:19] [88/458] SVAA
[21:40:20] [89/458] URVM
[21:40:21] [90/458] ANTM
[21:40:21] 🔄 Identity reset
[21:40:21] 🔄 Identity rotated (every 10 requests)
[21:40:22] [91/458] VJYM
[21:40:23] [92/458] MAZZ
[21:40:25] [93/458] CSHM
[21:40:26] [94/458] WGMH
[21:40:27] [95/458] SALN
[21:40:27] [96/458] BRTP
[21:40:29] [97/458] SVTA
[21:40:30] [98/458] SBTP
[21:40:32] [99/458] VLSS
[21:40:32] [100/458] SRJA
[21:40:33] 🔄 Identity reset
[21:40:33] 🔄 Identity rotated (every 10 requests)
[21:40:34] [101/458] ANCG
[21:40:35] [102/458] CGGC
[21:40:36] [103/458] CRJA
[21:40:37] [104/458] USCR
[21:40:38] [105/458] MMEF
[21:40:39] [106/458] JCRJ
[21:40:39] [107/458] ADCM
[21:40:41] [108/458] BMYK
[21:40:42] [109/458] KICS
[21:40:43] [110/458] MBBT
[21:40:44] 🔄 Identity reset
[21:40:44] 🔄 Identity rotated (every 10 requests)
[21:40:44] [111/458] MACK
[21:40:45] [112/458] CLDR
[21:40:45] [113/458] JYCR
[21:40:46] [114/458] DCRP
[21:40:47] [115/458] RAHT
[21:40:48] [116/458] CSSM
[21:40:49] [117/458] ATPK
[21:40:50] [118/458] KLRT
[21:40:51] [119/458] SRDD
[21:40:52] [120/458] CKMC
[21:40:52] 🔄 Identity reset
[21:40:52] 🔄 Identity rotated (every 10 requests)
[21:40:53] [121/458] KRVM
[21:40:54] [122/458] AKCP
[21:40:54] [123/458] CNCV
[21:40:55] [124/458] PACT
[21:40:56] [125/458] NATP
[21:40:57] [126/458] PCPK
[21:40:58] [127/458] SMHO
[21:40:59] [128/458] CWTK
[21:41:00] [129/458] RVKZ
[21:41:01] [130/458] ASPD
[21:41:02] 🔄 Identity reset
[21:41:02] 🔄 Identity rotated (every 10 requests)
[21:41:02] [131/458] VTKZ
[21:41:03] [132/458] LCSO
[21:41:04] [133/458] PRDY
[21:41:05] [134/458] RCAP
[21:41:05] [135/458] RGAR
[21:41:06] [136/458] RCAC
[21:41:08] [137/458] PMOD
[21:41:09] [138/458] PVCN
[21:41:10] [139/458] SCRZ
[21:41:11] [140/458] PVPC
[21:41:11] 🔄 Identity reset
[21:41:11] 🔄 Identity rotated (every 10 requests)
[21:41:12] [141/458] STID
[21:41:13] [142/458] NEDD
[21:41:14] [143/458] BNBA
[21:41:15] [144/458] NTCD
[21:41:16] [145/458] OCDE
[21:41:17] [146/458] CCDU
[21:41:18] [147/458] CRXH
[21:41:19] [148/458] VLVT
[21:41:20] [149/458] CICI
[21:41:21] [150/458] SUCB
[21:41:22] 🔄 Identity reset
[21:41:22] 🔄 Identity rotated (every 10 requests)
[21:41:22] [151/458] TCBP
[21:41:23] [152/458] SCCY
[21:41:24] [153/458] LXCY
[21:41:25] [154/458] NCMD
[21:41:25] [155/458] PHCS
[21:41:26] [156/458] DUXR
[21:41:27] [157/458] VNKS
[21:41:28] [158/458] SEDP
[21:41:29] [159/458] SVEN
[21:41:30] [160/458] SRKM
[21:41:30] 🔄 Identity reset
[21:41:30] 🔄 Identity rotated (every 10 requests)
[21:41:31] [161/458] JTLT
[21:41:32] [162/458] SVSS
[21:41:32] [163/458] AMDE
[21:41:34] [164/458] WVRN
[21:41:35] [165/458] ISMG
[21:41:36] [166/458] WVKS
[21:41:37] [167/458] USCG
[21:41:37] [168/458] IOTG
[21:41:38] [169/458] RRJM
[21:41:40] [170/458] EDMP
[21:41:40] 🔄 Identity reset
[21:41:40] 🔄 Identity rotated (every 10 requests)
[21:41:40] 🔄 Retry 1/5 for EDMP in 2.3s
[21:41:40] 🔄 Identity reset
[21:41:43] 🧠 New identity created
[21:41:43] [171/458] SCGZ
[21:41:44] [172/458] GMGX
[21:41:45] [173/458] OMTP
[21:41:47] [174/458] MITD
[21:41:47] [175/458] SMMD
[21:41:48] [176/458] STML
[21:41:49] [177/458] MCFS
[21:41:50] [178/458] FPKA
[21:41:51] [179/458] OMLR
[21:41:51] 🔄 Identity reset
[21:41:52] 🔄 Identity rotated (every 10 requests)
[21:41:52] 🔄 Retry 1/5 for OMLR in 2.1s
[21:41:52] 🔄 Identity reset
[21:41:54] 🧠 New identity created
[21:41:54] [180/458] KKSC
[21:41:55] [181/458] RVMA
[21:41:56] [182/458] SCLL
[21:41:57] [183/458] SCDK
[21:41:57] [184/458] SXMI
[21:41:58] [185/458] SHDN
[21:41:59] [186/458] PAAD
[21:42:00] [187/458] UUCB
[21:42:01] [188/458] JHOL
[21:42:02] 🔄 Identity reset
[21:42:02] 🔄 Identity rotated (every 10 requests)
[21:42:02] [189/458] SGWT
[21:42:03] [190/458] SRII
[21:42:04] [191/458] SGCK
[21:42:05] [192/458] SVVB
[21:42:06] [193/458] DMHA
[21:42:07] [194/458] PPNL
[21:42:07] [195/458] CPNL
[21:42:08] [196/458] WVLD
[21:42:09] [197/458] PSLV
[21:42:10] [198/458] VTTL
[21:42:11] 🔄 Identity reset
[21:42:11] 🔄 Identity rotated (every 10 requests)
[21:42:11] [199/458] NPAD
[21:42:12] [200/458] PVCS
[21:42:13] [201/458] MCHL
[21:42:14] [202/458] PPLL
[21:42:15] [203/458] MALO
[21:42:16] [204/458] SWBH
[21:42:17] [205/458] PUGB
[21:42:18] [206/458] INBB
[21:42:19] [207/458] INNS
[21:42:20] [208/458] MCPT
[21:42:20] 🔄 Identity reset
[21:42:20] 🔄 Identity rotated (every 10 requests)
[21:42:21] [209/458] SCMI
[21:42:21] [210/458] OCON
[21:42:22] [211/458] SCSM
[21:42:24] [212/458] RJVN
[21:42:25] [213/458] AMDK
[21:42:26] [214/458] ISMR
[21:42:27] [215/458] SMTD
[21:42:27] [216/458] VTDD
[21:42:28] [217/458] PDDZ
[21:42:29] [218/458] PCCK
[21:42:30] 🔄 Identity reset
[21:42:30] 🔄 Identity rotated (every 10 requests)
[21:42:30] [219/458] INAM
[21:42:31] [220/458] FNKT
[21:42:32] [221/458] GDKA
[21:42:33] [222/458] MAYU
[21:42:34] [223/458] TCGU
[21:42:34] [224/458] KDCA
[21:42:36] [225/458] DOMY
[21:42:37] [226/458] PDDD
[21:42:38] [227/458] BJTS
[21:42:38] [228/458] VTCA
[21:42:39] 🔄 Identity reset
[21:42:39] 🔄 Identity rotated (every 10 requests)
[21:42:40] [229/458] SBTM
[21:42:41] [230/458] SEET
[21:42:42] [231/458] SSTJ
[21:42:43] [232/458] SVNT
[21:42:44] [233/458] PPPR
[21:42:45] [234/458] PVYS
[21:42:46] [235/458] IOSE
[21:42:47] [236/458] ACTV
[21:42:47] [237/458] APVE
[21:42:48] [238/458] TCCL
[21:42:49] 🔄 Identity reset
[21:42:49] 🔄 Identity rotated (every 10 requests)
[21:42:49] [239/458] SCMO
[21:42:50] [240/458] SAUM
[21:42:51] [241/458] KCJS
[21:42:52] [242/458] NJCJ
[21:42:53] [243/458] NECF
[21:42:54] [244/458] CCGW
[21:42:55] [245/458] CCMG
[21:42:55] [246/458] NYRG
[21:42:56] [247/458] NCSQ
[21:42:57] [248/458] GRCG
[21:42:58] 🔄 Identity reset
[21:42:58] 🔄 Identity rotated (every 10 requests)
[21:42:58] [249/458] CCBT
[21:43:00] [250/458] ACGA
[21:43:01] [251/458] INAG
[21:43:02] [252/458] FUCG
[21:43:03] [253/458] AICF
[21:43:04] [254/458] GRGA
[21:43:05] [255/458] GDCN
[21:43:05] [256/458] RRCG
[21:43:06] [257/458] SDCH
[21:43:07] [258/458] WVJM
[21:43:08] 🔄 Identity reset
[21:43:08] 🔄 Identity rotated (every 10 requests)
[21:43:08] [259/458] JCCZ
[21:43:10] [260/458] CNCL
[21:43:10] [261/458] TMLV
[21:43:11] [262/458] MEMB
[21:43:12] [263/458] SGTD
[21:43:13] [264/458] CONX
[21:43:14] [265/458] CCMH
[21:43:15] [266/458] ACMC
[21:43:17] [267/458] DTPD
[21:43:18] [268/458] POJA
[21:43:19] 🔄 Identity reset
[21:43:19] 🔄 Identity rotated (every 10 requests)
[21:43:19] 🔄 Retry 1/5 for POJA in 2.9s
[21:43:19] 🔄 Identity reset
[21:43:22] 🧠 New identity created
[21:43:22] [269/458] FNBH
[21:43:24] [270/458] CGCB
[21:43:25] [271/458] RACN
[21:43:26] [272/458] JTSM
[21:43:27] [273/458] SCDN
[21:43:28] [274/458] AACK
[21:43:28] [275/458] RMCE
[21:43:29] [276/458] BSGB
[21:43:31] [277/458] MRCB
[21:43:32] 🔄 Identity reset
[21:43:32] 🔄 Identity rotated (every 10 requests)
[21:43:32] [278/458] SRVR
[21:43:33] [279/458] VTKK
[21:43:34] [280/458] AMST
[21:43:35] [281/458] APCY
[21:43:36] [282/458] LMHO
[21:43:37] [283/458] MTZH
[21:43:38] [284/458] AMZB
[21:43:40] [285/458] SUVT
[21:43:41] [286/458] RCIP
[21:43:42] [287/458] KESR
[21:43:42] 🔄 Identity reset
[21:43:42] 🔄 Identity rotated (every 10 requests)
[21:43:43] [288/458] SNKC
[21:43:44] [289/458] SCED
[21:43:45] [290/458] DVCA
[21:43:45] [291/458] VCDT
[21:43:46] [292/458] RRDI
[21:43:47] [293/458] DFCH
[21:43:48] [294/458] INSC
[21:43:49] [295/458] RGTR
[21:43:50] [296/458] FMOT
[21:43:50] [297/458] SCPM
[21:43:51] 🔄 Identity reset
[21:43:51] 🔄 Identity rotated (every 10 requests)
[21:43:51] [298/458] GCDT
[21:43:52] [299/458] BRKT
[21:43:53] [300/458] DEMP
[21:43:54] [301/458] SRLC
[21:43:55] [302/458] KSTT
[21:43:56] [303/458] SMMT
[21:43:57] [304/458] SILM
[21:43:58] [305/458] JCVM
[21:43:59] [306/458] KCSV
[21:44:00] [307/458] MHLK
[21:44:00] 🔄 Identity reset
[21:44:00] 🔄 Identity rotated (every 10 requests)
[21:44:01] [308/458] SLVL
[21:44:01] [309/458] RJKP
[21:44:02] [310/458] BBPC
[21:44:03] [311/458] MXCB
[21:44:04] [312/458] TCPK
[21:44:05] [313/458] RTBR
[21:44:06] [314/458] GAUT
[21:44:07] [315/458] DVCF
[21:44:08] [316/458] JTSB
[21:44:08] [317/458] SBLS
[21:44:09] 🔄 Identity reset
[21:44:09] 🔄 Identity rotated (every 10 requests)
[21:44:09] [318/458] UDAY
[21:44:10] [319/458] PTNP
[21:44:11] [320/458] DMKT
[21:44:12] [321/458] NTDT
[21:44:14] [322/458] SHDJ
[21:44:15] [323/458] OTNC
[21:44:16] [324/458] RNTW
[21:44:17] [325/458] GCMI
[21:44:18] [326/458] CRCM
[21:44:20] [327/458] NNCZ
[21:44:20] 🔄 Identity reset
[21:44:20] 🔄 Identity rotated (every 10 requests)
[21:44:21] [328/458] OEMO
[21:44:21] [329/458] PVJM
[21:44:22] [330/458] CPJI
[21:44:23] [331/458] RMCJ
[21:44:24] [332/458] CNWJ
[21:44:25] [333/458] EPJM
[21:44:26] [334/458] FNJJ
[21:44:27] [335/458] GCMJ
[21:44:28] [336/458] INPS
[21:44:29] [337/458] BICJ
[21:44:29] 🔄 Identity reset
[21:44:29] 🔄 Identity rotated (every 10 requests)
[21:44:29] [338/458] ISTJ
[21:44:30] [339/458] INJC
[21:44:31] [340/458] GLXJ
[21:44:32] [341/458] INEM
[21:44:33] [342/458] JTMN
[21:44:34] [343/458] FRCJ
[21:44:35] [344/458] DDJP
[21:44:36] [345/458] INJV
[21:44:36] [346/458] GOLC
[21:44:37] [347/458] KOCI
[21:44:38] 🔄 Identity reset
[21:44:38] 🔄 Identity rotated (every 10 requests)
[21:44:39] [348/458] FSTD
[21:44:40] [349/458] PACJ
[21:44:41] [350/458] GMCN
[21:44:42] [351/458] MMDJ
[21:44:43] [352/458] GODH
[21:44:43] [353/458] SKYN
[21:44:44] [354/458] NCTH
[21:44:45] [355/458] SKVZ
[21:44:47] [356/458] SVML
[21:44:48] [357/458] ACVZ
[21:44:48] 🔄 Identity reset
[21:44:48] 🔄 Identity rotated (every 10 requests)
[21:44:48] 🔄 Retry 1/5 for ACVZ in 2.6s
[21:44:48] 🔄 Identity reset
[21:44:51] 🧠 New identity created
[21:44:51] [358/458] SURA
[21:44:52] [359/458] RTRB
[21:44:53] [360/458] LLCT
[21:44:54] [361/458] ATTS
[21:44:55] [362/458] JYCM
[21:44:56] [363/458] CTKR
[21:44:57] [364/458] LCKR
[21:44:58] [365/458] NYCV
[21:44:59] [366/458] NYOH
[21:45:00] 🔄 Identity reset
[21:45:00] 🔄 Identity rotated (every 10 requests)
[21:45:00] [367/458] NOVX
[21:45:01] [368/458] MRGK
[21:45:02] [369/458] MOON
[21:45:03] [370/458] SBUC
[21:45:04] [371/458] GSVA
[21:45:05] [372/458] VIAK
[21:45:06] [373/458] SMVZ
[21:45:08] [374/458] MATE
[21:45:09] [375/458] RDCN
[21:45:09] [376/458] ASBL
[21:45:10] 🔄 Identity reset
[21:45:10] 🔄 Identity rotated (every 10 requests)
[21:45:10] 🔄 Retry 1/5 for ASBL in 2.9s
[21:45:10] 🔄 Identity reset
[21:45:13] 🧠 New identity created
[21:45:13] [377/458] ASVS
[21:45:15] [378/458] ASSR
[21:45:16] [379/458] SSKN
[21:45:17] [380/458] DRPV
[21:45:18] [381/458] MRHT
[21:45:19] [382/458] BSCN
[21:45:19] [383/458] RKNX
[21:45:20] [384/458] MSMC
[21:45:21] [385/458] MSCJ
[21:45:22] 🔄 Identity reset
[21:45:22] 🔄 Identity rotated (every 10 requests)
[21:45:22] [386/458] BTBJ
[21:45:24] [387/458] MJCC
[21:45:24] [388/458] IOMM
[21:45:25] [389/458] ADGR
[21:45:26] [390/458] MYCP
[21:45:27] [391/458] IGCM
[21:45:28] [392/458] PGRK
[21:45:29] [393/458] VPGO
[21:45:30] [394/458] KOMS
[21:45:31] [395/458] URGG
[21:45:31] 🔄 Identity reset
[21:45:31] 🔄 Identity rotated (every 10 requests)
[21:45:31] 🔄 Retry 1/5 for URGG in 2.9s
[21:45:31] 🔄 Identity reset
[21:45:34] 🧠 New identity created
[21:45:35] [396/458] GOST
[21:45:36] [397/458] LACT
[21:45:36] [398/458] BWCM
[21:45:37] [399/458] NCCW
[21:45:38] [400/458] SKYC
[21:45:39] [401/458] CCPM
[21:45:40] [402/458] VCBT
[21:45:41] [403/458] SDKR
[21:45:42] [404/458] CTYB
[21:45:43] 🔄 Identity reset
[21:45:43] 🔄 Identity rotated (every 10 requests)
[21:45:43] [405/458] SHCX
[21:45:44] [406/458] RCUN
[21:45:45] [407/458] CNRA
[21:45:46] [408/458] RFCA
[21:45:47] [409/458] RDCU
[21:45:47] [410/458] SARK
[21:45:48] [411/458] SPPP
[21:45:49] [412/458] ADMB
[21:45:50] [413/458] JYOE
[21:45:51] [414/458] SRMD
[21:45:51] 🔄 Identity reset
[21:45:52] 🔄 Identity rotated (every 10 requests)
[21:45:52] [415/458] RJDH
[21:45:53] [416/458] SSTD
[21:45:54] [417/458] AACV
[21:45:55] [418/458] PPVD
[21:45:56] [419/458] STCP
[21:45:57] [420/458] ANLS
[21:45:58] [421/458] BIJO
[21:45:58] [422/458] AVAB
[21:45:59] [423/458] SPMD
[21:46:01] [424/458] SVJL
[21:46:02] 🔄 Identity reset
[21:46:02] 🔄 Identity rotated (every 10 requests)
[21:46:02] 🔄 Retry 1/5 for SVJL in 2.9s
[21:46:02] 🔄 Identity reset
[21:46:05] 🧠 New identity created
[21:46:05] [425/458] SDDJ
[21:46:07] [426/458] SLTU
[21:46:08] [427/458] SAKA
[21:46:09] [428/458] PMAM
[21:46:10] [429/458] FNAM
[21:46:10] [430/458] ACAM
[21:46:12] [431/458] SCMM
[21:46:13] [432/458] PMAK
[21:46:14] [433/458] NYSA
[21:46:14] 🔄 Identity reset
[21:46:14] 🔄 Identity rotated (every 10 requests)
[21:46:15] [434/458] FCPA
[21:46:16] [435/458] GDAN
[21:46:17] [436/458] RSCA
[21:46:18] [437/458] DMAN
[21:46:18] [438/458] DZCM
[21:46:19] [439/458] NSGL
[21:46:20] [440/458] CCPP
[21:46:21] [441/458] PSMG
[21:46:22] [442/458] GSER
[21:46:23] [443/458] FCCT
[21:46:24] 🔄 Identity reset
[21:46:24] 🔄 Identity rotated (every 10 requests)
[21:46:24] [444/458] FCTB
[21:46:25] [445/458] LCNK
[21:46:26] [446/458] SKTY
[21:46:27] [447/458] INAA
[21:46:28] [448/458] RCWN
[21:46:29] [449/458] VAIS
[21:46:30] [450/458] CVMN
[21:46:31] [451/458] INTS
[21:46:32] [452/458] FRGS
[21:46:33] [453/458] DTCK
[21:46:34] 🔄 Identity reset
[21:46:34] 🔄 Identity rotated (every 10 requests)
[21:46:34] [454/458] MCMH
[21:46:35] [455/458] ECRR
[21:46:36] [456/458] RLLP
[21:46:37] [457/458] CCSN
[21:46:38] [458/458] CCBA
[21:46:39] 🧹 Deduping shows
[21:46:39] ✅ DONE | Shows=1237 | Movies=25
[03:42:19] 🚀 SCRIPT STARTED (enhanced anti‑detection)
[03:42:19] [1/458] MBDC
[03:42:20] 🧠 New identity created
[03:42:20] [2/458] CHKM
[03:42:21] [3/458] JTKZ
[03:42:22] [4/458] CMCT
[03:42:23] [5/458] ASHO
[03:42:24] [6/458] ECDG
[03:42:25] [7/458] SPAT
[03:42:26] [8/458] HILC
[03:42:27] [9/458] SPPH
[03:42:28] [10/458] SBHN
[03:42:28] 🔄 Identity reset
[03:42:28] 🔄 Identity rotated (every 10 requests)
[03:42:29] [11/458] RRCA
[03:42:29] [12/458] APAA
[03:42:30] [13/458] RAME
[03:42:31] [14/458] TMMS
[03:42:32] [15/458] BATK
[03:42:33] [16/458] LKOP
[03:42:34] [17/458] AMTT
[03:42:35] [18/458] PTGK
[03:42:36] [19/458] ANRS
[03:42:38] [20/458] VWBW
[03:42:39] 🔄 Identity reset
[03:42:39] 🔄 Identity rotated (every 10 requests)
[03:42:39] [21/458] SVFG
[03:42:40] [22/458] STAT
[03:42:41] [23/458] GDCV
[03:42:42] [24/458] VEBI
[03:42:43] [25/458] VDSS
[03:42:44] [26/458] NTHV
[03:42:44] [27/458] AOCH
[03:42:45] [28/458] KASR
[03:42:46] [29/458] AYCS
[03:42:47] [30/458] SHAI
[03:42:47] 🔄 Identity reset
[03:42:47] 🔄 Identity rotated (every 10 requests)
[03:42:48] [31/458] SKPE
[03:42:49] [32/458] SBTA
[03:42:50] [33/458] RTTD
[03:42:51] [34/458] CCJD
[03:42:51] [35/458] RSJJ
[03:42:52] [36/458] RKND
[03:42:53] [37/458] SVTX
[03:42:55] [38/458] BAKM
[03:42:56] [39/458] SVDC
[03:42:56] [40/458] MNCV
[03:42:57] 🔄 Identity reset
[03:42:57] 🔄 Identity rotated (every 10 requests)
[03:42:57] [41/458] SJGC
[03:42:58] [42/458] MTPK
[03:42:59] [43/458] GATP
[03:43:00] [44/458] ABTS
[03:43:01] [45/458] ABDE
[03:43:01] [46/458] RCNM
[03:43:02] [47/458] KTHV
[03:43:03] [48/458] MDGJ
[03:43:04] [49/458] SMLM
[03:43:05] [50/458] JTMA
[03:43:06] 🔄 Identity reset
[03:43:06] 🔄 Identity rotated (every 10 requests)
[03:43:06] [51/458] ACKP
[03:43:07] [52/458] SRTA
[03:43:08] [53/458] STAY
[03:43:09] [54/458] MAVO
[03:43:10] [55/458] APTS
[03:43:10] [56/458] OMEA
[03:43:11] [57/458] TTFD
[03:43:13] [58/458] MJCU
[03:43:14] [59/458] CXTE
[03:43:14] [60/458] CTPX
[03:43:15] 🔄 Identity reset
[03:43:15] 🔄 Identity rotated (every 10 requests)
[03:43:16] [61/458] ASSL
[03:43:16] [62/458] CMVB
[03:43:17] [63/458] VPUR
[03:43:18] [64/458] JJDA
[03:43:19] [65/458] INBL
[03:43:20] [66/458] BIKB
[03:43:21] [67/458] NTBB
[03:43:21] [68/458] GLOB
[03:43:23] [69/458] SNTB
[03:43:24] [70/458] CHGV
[03:43:24] 🔄 Identity reset
[03:43:24] 🔄 Identity rotated (every 10 requests)
[03:43:25] [71/458] SSBZ
[03:43:25] [72/458] PRDB
[03:43:26] [73/458] ISMT
[03:43:27] [74/458] MCSD
[03:43:28] [75/458] JBTT
[03:43:29] [76/458] GEKR
[03:43:30] [77/458] PVUN
[03:43:31] [78/458] NRTB
[03:43:31] [79/458] PRAA
[03:43:32] [80/458] PCBL
[03:43:33] 🔄 Identity reset
[03:43:33] 🔄 Identity rotated (every 10 requests)
[03:43:33] [81/458] PTCM
[03:43:34] [82/458] KHNN
[03:43:35] [83/458] OMJE
[03:43:36] [84/458] STGN
[03:43:36] [85/458] RPMS
[03:43:37] [86/458] NWAD
[03:43:38] [87/458] BLCK
[03:43:40] [88/458] SVAA
[03:43:40] [89/458] URVM
[03:43:41] [90/458] ANTM
[03:43:42] 🔄 Identity reset
[03:43:42] 🔄 Identity rotated (every 10 requests)
[03:43:42] [91/458] VJYM
[03:43:43] [92/458] MAZZ
[03:43:44] [93/458] CSHM
[03:43:44] [94/458] WGMH
[03:43:45] [95/458] SALN
[03:43:46] [96/458] BRTP
[03:43:47] [97/458] SVTA
[03:43:48] [98/458] SBTP
[03:43:49] [99/458] VLSS
[03:43:50] [100/458] SRJA
[03:43:50] 🔄 Identity reset
[03:43:50] 🔄 Identity rotated (every 10 requests)
[03:43:50] [101/458] ANCG
[03:43:51] [102/458] CGGC
[03:43:53] [103/458] CRJA
[03:43:54] [104/458] USCR
[03:43:55] [105/458] MMEF
[03:43:56] [106/458] JCRJ
[03:43:56] [107/458] ADCM
[03:43:57] [108/458] BMYK
[03:43:58] [109/458] KICS
[03:44:00] [110/458] MBBT
[03:44:00] 🔄 Identity reset
[03:44:00] 🔄 Identity rotated (every 10 requests)
[03:44:01] [111/458] MACK
[03:44:02] [112/458] CLDR
[03:44:02] [113/458] JYCR
[03:44:03] [114/458] DCRP
[03:44:04] [115/458] RAHT
[03:44:06] [116/458] CSSM
[03:44:06] [117/458] ATPK
[03:44:07] [118/458] KLRT
[03:44:08] [119/458] SRDD
[03:44:09] [120/458] CKMC
[03:44:10] 🔄 Identity reset
[03:44:10] 🔄 Identity rotated (every 10 requests)
[03:44:10] [121/458] KRVM
[03:44:11] [122/458] AKCP
[03:44:12] [123/458] CNCV
[03:44:12] [124/458] PACT
[03:44:13] [125/458] NATP
[03:44:14] [126/458] PCPK
[03:44:15] [127/458] SMHO
[03:44:16] [128/458] CWTK
[03:44:17] [129/458] RVKZ
[03:44:18] [130/458] ASPD
[03:44:18] 🔄 Identity reset
[03:44:18] 🔄 Identity rotated (every 10 requests)
[03:44:19] [131/458] VTKZ
[03:44:20] [132/458] LCSO
[03:44:20] [133/458] PRDY
[03:44:21] [134/458] RCAP
[03:44:22] [135/458] RGAR
[03:44:23] [136/458] RCAC
[03:44:24] [137/458] PMOD
[03:44:25] [138/458] PVCN
[03:44:26] [139/458] SCRZ
[03:44:27] [140/458] PVPC
[03:44:28] 🔄 Identity reset
[03:44:28] 🔄 Identity rotated (every 10 requests)
[03:44:29] [141/458] STID
[03:44:30] [142/458] NEDD
[03:44:31] [143/458] BNBA
[03:44:32] [144/458] NTCD
[03:44:32] [145/458] OCDE
[03:44:33] [146/458] CCDU
[03:44:34] [147/458] CRXH
[03:44:35] [148/458] VLVT
[03:44:36] [149/458] CICI
[03:44:37] [150/458] SUCB
[03:44:38] 🔄 Identity reset
[03:44:38] 🔄 Identity rotated (every 10 requests)
[03:44:38] 🔄 Retry 1/5 for SUCB in 2.4s
[03:44:38] 🔄 Identity reset
[03:44:40] 🧠 New identity created
[03:44:41] [151/458] TCBP
[03:44:42] [152/458] SCCY
[03:44:43] [153/458] LXCY
[03:44:44] [154/458] NCMD
[03:44:44] [155/458] PHCS
[03:44:45] [156/458] DUXR
[03:44:46] [157/458] VNKS
[03:44:47] [158/458] SEDP
[03:44:48] [159/458] SVEN
[03:44:49] 🔄 Identity reset
[03:44:49] 🔄 Identity rotated (every 10 requests)
[03:44:49] [160/458] SRKM
[03:44:50] [161/458] JTLT
[03:44:50] [162/458] SVSS
[03:44:51] [163/458] AMDE
[03:44:52] [164/458] WVRN
[03:44:53] [165/458] ISMG
[03:44:54] [166/458] WVKS
[03:44:55] [167/458] USCG
[03:44:56] [168/458] IOTG
[03:44:57] [169/458] RRJM
[03:44:58] 🔄 Identity reset
[03:44:58] 🔄 Identity rotated (every 10 requests)
[03:44:58] [170/458] EDMP
[03:44:59] [171/458] SCGZ
[03:45:01] [172/458] GMGX
[03:45:02] [173/458] OMTP
[03:45:03] [174/458] MITD
[03:45:05] [175/458] SMMD
[03:45:06] [176/458] STML
[03:45:07] [177/458] MCFS
[03:45:07] [178/458] FPKA
[03:45:08] [179/458] OMLR
[03:45:09] 🔄 Identity reset
[03:45:09] 🔄 Identity rotated (every 10 requests)
[03:45:09] [180/458] KKSC
[03:45:10] [181/458] RVMA
[03:45:11] [182/458] SCLL
[03:45:12] [183/458] SCDK
[03:45:12] [184/458] SXMI
[03:45:13] [185/458] SHDN
[03:45:14] [186/458] PAAD
[03:45:15] [187/458] UUCB
[03:45:16] [188/458] JHOL
[03:45:17] [189/458] SGWT
[03:45:17] 🔄 Identity reset
[03:45:17] 🔄 Identity rotated (every 10 requests)
[03:45:17] [190/458] SRII
[03:45:18] [191/458] SGCK
[03:45:19] [192/458] SVVB
[03:45:20] [193/458] DMHA
[03:45:21] [194/458] PPNL
[03:45:22] [195/458] CPNL
[03:45:23] [196/458] WVLD
[03:45:24] [197/458] PSLV
[03:45:25] [198/458] VTTL
[03:45:27] [199/458] NPAD
[03:45:27] 🔄 Identity reset
[03:45:27] 🔄 Identity rotated (every 10 requests)
[03:45:28] [200/458] PVCS
[03:45:29] [201/458] MCHL
[03:45:29] [202/458] PPLL
[03:45:31] [203/458] MALO
[03:45:31] [204/458] SWBH
[03:45:32] [205/458] PUGB
[03:45:33] [206/458] INBB
[03:45:34] [207/458] INNS
[03:45:35] [208/458] MCPT
[03:45:36] [209/458] SCMI
[03:45:36] 🔄 Identity reset
[03:45:36] 🔄 Identity rotated (every 10 requests)
[03:45:37] [210/458] OCON
[03:45:38] [211/458] SCSM
[03:45:39] [212/458] RJVN
[03:45:40] [213/458] AMDK
[03:45:42] [214/458] ISMR
[03:45:42] [215/458] SMTD
[03:45:43] [216/458] VTDD
[03:45:45] [217/458] PDDZ
[03:45:46] [218/458] PCCK
[03:45:47] [219/458] INAM
[03:45:47] 🔄 Identity reset
[03:45:47] 🔄 Identity rotated (every 10 requests)
[03:45:48] [220/458] FNKT
[03:45:48] [221/458] GDKA
[03:45:49] [222/458] MAYU
[03:45:50] [223/458] TCGU
[03:45:51] [224/458] KDCA
[03:45:52] [225/458] DOMY
[03:45:53] [226/458] PDDD
[03:45:54] [227/458] BJTS
[03:45:55] [228/458] VTCA
[03:45:55] [229/458] SBTM
[03:45:56] 🔄 Identity reset
[03:45:56] 🔄 Identity rotated (every 10 requests)
[03:45:56] [230/458] SEET
[03:45:57] [231/458] SSTJ
[03:45:58] [232/458] SVNT
[03:45:59] [233/458] PPPR
[03:46:00] [234/458] PVYS
[03:46:01] [235/458] IOSE
[03:46:01] [236/458] ACTV
[03:46:02] [237/458] APVE
[03:46:03] [238/458] TCCL
[03:46:04] [239/458] SCMO
[03:46:05] 🔄 Identity reset
[03:46:05] 🔄 Identity rotated (every 10 requests)
[03:46:05] [240/458] SAUM
[03:46:06] [241/458] KCJS
[03:46:07] [242/458] NJCJ
[03:46:08] [243/458] NECF
[03:46:08] [244/458] CCGW
[03:46:09] [245/458] CCMG
[03:46:10] [246/458] NYRG
[03:46:11] [247/458] NCSQ
[03:46:12] [248/458] GRCG
[03:46:13] [249/458] CCBT
[03:46:13] 🔄 Identity reset
[03:46:13] 🔄 Identity rotated (every 10 requests)
[03:46:14] [250/458] ACGA
[03:46:14] [251/458] INAG
[03:46:15] [252/458] FUCG
[03:46:17] [253/458] AICF
[03:46:18] [254/458] GRGA
[03:46:19] [255/458] GDCN
[03:46:20] [256/458] RRCG
[03:46:20] [257/458] SDCH
[03:46:21] [258/458] WVJM
[03:46:22] [259/458] JCCZ
[03:46:23] 🔄 Identity reset
[03:46:23] 🔄 Identity rotated (every 10 requests)
[03:46:23] [260/458] CNCL
[03:46:24] [261/458] TMLV
[03:46:25] [262/458] MEMB
[03:46:26] [263/458] SGTD
[03:46:27] [264/458] CONX
[03:46:28] [265/458] CCMH
[03:46:28] [266/458] ACMC
[03:46:29] [267/458] DTPD
[03:46:31] [268/458] POJA
[03:46:32] [269/458] FNBH
[03:46:32] 🔄 Identity reset
[03:46:32] 🔄 Identity rotated (every 10 requests)
[03:46:33] [270/458] CGCB
[03:46:33] [271/458] RACN
[03:46:34] [272/458] JTSM
[03:46:35] [273/458] SCDN
[03:46:36] [274/458] AACK
[03:46:37] [275/458] RMCE
[03:46:38] [276/458] BSGB
[03:46:39] [277/458] MRCB
[03:46:40] [278/458] SRVR
[03:46:42] [279/458] VTKK
[03:46:42] 🔄 Identity reset
[03:46:42] 🔄 Identity rotated (every 10 requests)
[03:46:43] [280/458] AMST
[03:46:44] [281/458] APCY
[03:46:45] [282/458] LMHO
[03:46:46] [283/458] MTZH
[03:46:46] [284/458] AMZB
[03:46:47] [285/458] SUVT
[03:46:49] [286/458] RCIP
[03:46:49] [287/458] KESR
[03:46:50] [288/458] SNKC
[03:46:51] [289/458] SCED
[03:46:52] 🔄 Identity reset
[03:46:52] 🔄 Identity rotated (every 10 requests)
[03:46:52] [290/458] DVCA
[03:46:53] [291/458] VCDT
[03:46:54] [292/458] RRDI
[03:46:55] [293/458] DFCH
[03:46:56] [294/458] INSC
[03:46:57] [295/458] RGTR
[03:46:58] [296/458] FMOT
[03:46:59] [297/458] SCPM
[03:47:00] [298/458] GCDT
[03:47:01] [299/458] BRKT
[03:47:01] 🔄 Identity reset
[03:47:01] 🔄 Identity rotated (every 10 requests)
[03:47:02] [300/458] DEMP
[03:47:03] [301/458] SRLC
[03:47:04] [302/458] KSTT
[03:47:04] [303/458] SMMT
[03:47:05] [304/458] SILM
[03:47:06] [305/458] JCVM
[03:47:07] [306/458] KCSV
[03:47:08] [307/458] MHLK
[03:47:09] [308/458] SLVL
[03:47:10] [309/458] RJKP
[03:47:11] 🔄 Identity reset
[03:47:11] 🔄 Identity rotated (every 10 requests)
[03:47:11] [310/458] BBPC
[03:47:12] [311/458] MXCB
[03:47:13] [312/458] TCPK
[03:47:14] [313/458] RTBR
[03:47:14] [314/458] GAUT
[03:47:15] [315/458] DVCF
[03:47:16] [316/458] JTSB
[03:47:17] [317/458] SBLS
[03:47:18] [318/458] UDAY
[03:47:19] [319/458] PTNP
[03:47:19] 🔄 Identity reset
[03:47:19] 🔄 Identity rotated (every 10 requests)
[03:47:19] 🔄 Retry 1/5 for PTNP in 2.7s
[03:47:19] 🔄 Identity reset
[03:47:22] 🧠 New identity created
[03:47:22] [320/458] DMKT
[03:47:23] [321/458] NTDT
[03:47:24] [322/458] SHDJ
[03:47:25] [323/458] OTNC
[03:47:26] [324/458] RNTW
[03:47:27] [325/458] GCMI
[03:47:28] [326/458] CRCM
[03:47:29] [327/458] NNCZ
[03:47:30] [328/458] OEMO
[03:47:30] 🔄 Identity reset
[03:47:30] 🔄 Identity rotated (every 10 requests)
[03:47:31] [329/458] PVJM
[03:47:32] [330/458] CPJI
[03:47:33] [331/458] RMCJ
[03:47:34] [332/458] CNWJ
[03:47:35] [333/458] EPJM
[03:47:35] [334/458] FNJJ
[03:47:36] [335/458] GCMJ
[03:47:37] [336/458] INPS
[03:47:38] [337/458] BICJ
[03:47:39] [338/458] ISTJ
[03:47:40] 🔄 Identity reset
[03:47:40] 🔄 Identity rotated (every 10 requests)
[03:47:40] [339/458] INJC
[03:47:41] [340/458] GLXJ
[03:47:42] [341/458] INEM
[03:47:43] [342/458] JTMN
[03:47:44] [343/458] FRCJ
[03:47:44] [344/458] DDJP
[03:47:45] [345/458] INJV
[03:47:46] [346/458] GOLC
[03:47:47] [347/458] KOCI
[03:47:48] [348/458] FSTD
[03:47:48] 🔄 Identity reset
[03:47:48] 🔄 Identity rotated (every 10 requests)
[03:47:48] [349/458] PACJ
[03:47:49] [350/458] GMCN
[03:47:50] [351/458] MMDJ
[03:47:51] [352/458] GODH
[03:47:52] [353/458] SKYN
[03:47:53] [354/458] NCTH
[03:47:54] [355/458] SKVZ
[03:47:54] [356/458] SVML
[03:47:55] [357/458] ACVZ
[03:47:56] [358/458] SURA
[03:47:57] 🔄 Identity reset
[03:47:57] 🔄 Identity rotated (every 10 requests)
[03:47:57] [359/458] RTRB
[03:47:58] [360/458] LLCT
[03:47:59] [361/458] ATTS
[03:48:00] [362/458] JYCM
[03:48:01] [363/458] CTKR
[03:48:02] [364/458] LCKR
[03:48:03] [365/458] NYCV
[03:48:04] [366/458] NYOH
[03:48:05] [367/458] NOVX
[03:48:06] [368/458] MRGK
[03:48:06] 🔄 Identity reset
[03:48:06] 🔄 Identity rotated (every 10 requests)
[03:48:07] [369/458] MOON
[03:48:07] [370/458] SBUC
[03:48:09] [371/458] GSVA
[03:48:10] [372/458] VIAK
[03:48:11] [373/458] SMVZ
[03:48:11] [374/458] MATE
[03:48:12] [375/458] RDCN
[03:48:13] [376/458] ASBL
[03:48:14] [377/458] ASVS
[03:48:15] [378/458] ASSR
[03:48:15] 🔄 Identity reset
[03:48:15] 🔄 Identity rotated (every 10 requests)
[03:48:15] [379/458] SSKN
[03:48:17] [380/458] DRPV
[03:48:18] [381/458] MRHT
[03:48:19] [382/458] BSCN
[03:48:19] [383/458] RKNX
[03:48:20] [384/458] MSMC
[03:48:21] [385/458] MSCJ
[03:48:22] [386/458] BTBJ
[03:48:23] [387/458] MJCC
[03:48:24] [388/458] IOMM
[03:48:24] 🔄 Identity reset
[03:48:24] 🔄 Identity rotated (every 10 requests)
[03:48:25] [389/458] ADGR
[03:48:26] [390/458] MYCP
[03:48:27] [391/458] IGCM
[03:48:28] [392/458] PGRK
[03:48:29] [393/458] VPGO
[03:48:30] [394/458] KOMS
[03:48:31] [395/458] URGG
[03:48:31] [396/458] GOST
[03:48:32] [397/458] LACT
[03:48:33] [398/458] BWCM
[03:48:34] 🔄 Identity reset
[03:48:34] 🔄 Identity rotated (every 10 requests)
[03:48:34] [399/458] NCCW
[03:48:35] [400/458] SKYC
[03:48:36] [401/458] CCPM
[03:48:37] [402/458] VCBT
[03:48:38] [403/458] SDKR
[03:48:38] [404/458] CTYB
[03:48:40] [405/458] SHCX
[03:48:41] [406/458] RCUN
[03:48:43] [407/458] CNRA
[03:48:43] [408/458] RFCA
[03:48:44] 🔄 Identity reset
[03:48:44] 🔄 Identity rotated (every 10 requests)
[03:48:44] [409/458] RDCU
[03:48:45] [410/458] SARK
[03:48:46] [411/458] SPPP
[03:48:47] [412/458] ADMB
[03:48:48] [413/458] JYOE
[03:48:49] [414/458] SRMD
[03:48:50] [415/458] RJDH
[03:48:50] [416/458] SSTD
[03:48:51] [417/458] AACV
[03:48:53] [418/458] PPVD
[03:48:53] 🔄 Identity reset
[03:48:53] 🔄 Identity rotated (every 10 requests)
[03:48:54] [419/458] STCP
[03:48:54] [420/458] ANLS
[03:48:55] [421/458] BIJO
[03:48:57] [422/458] AVAB
[03:48:58] [423/458] SPMD
[03:48:58] [424/458] SVJL
[03:49:00] [425/458] SDDJ
[03:49:01] [426/458] SLTU
[03:49:01] [427/458] SAKA
[03:49:02] [428/458] PMAM
[03:49:03] 🔄 Identity reset
[03:49:03] 🔄 Identity rotated (every 10 requests)
[03:49:03] [429/458] FNAM
[03:49:04] [430/458] ACAM
[03:49:05] [431/458] SCMM
[03:49:06] [432/458] PMAK
[03:49:07] [433/458] NYSA
[03:49:08] [434/458] FCPA
[03:49:09] [435/458] GDAN
[03:49:09] [436/458] RSCA
[03:49:10] [437/458] DMAN
[03:49:11] [438/458] DZCM
[03:49:12] 🔄 Identity reset
[03:49:12] 🔄 Identity rotated (every 10 requests)
[03:49:12] [439/458] NSGL
[03:49:13] [440/458] CCPP
[03:49:14] [441/458] PSMG
[03:49:15] [442/458] GSER
[03:49:16] [443/458] FCCT
[03:49:18] [444/458] FCTB
[03:49:18] [445/458] LCNK
[03:49:19] [446/458] SKTY
[03:49:20] [447/458] INAA
[03:49:21] [448/458] RCWN
[03:49:21] 🔄 Identity reset
[03:49:21] 🔄 Identity rotated (every 10 requests)
[03:49:22] [449/458] VAIS
[03:49:23] [450/458] CVMN
[03:49:24] [451/458] INTS
[03:49:25] [452/458] FRGS
[03:49:26] [453/458] DTCK
[03:49:28] [454/458] MCMH
[03:49:28] [455/458] ECRR
[03:49:29] [456/458] RLLP
[03:49:30] [457/458] CCSN
[03:49:31] [458/458] CCBA
[03:49:32] 🔄 Identity reset
[03:49:32] 🔄 Identity rotated (every 10 requests)
[03:49:32] 🧹 Deduping shows
[03:49:32] ✅ DONE | Shows=1328 | Movies=29
[10:59:33] 🚀 SCRIPT STARTED (enhanced anti‑detection)
[10:59:33] [1/458] MBDC
[10:59:34] 🧠 New identity created
[10:59:34] 🔄 Retry 1/5 for MBDC in 3.0s
[10:59:34] 🔄 Identity reset
[10:59:37] 🧠 New identity created
[10:59:37] [2/458] CHKM
[10:59:38] [3/458] JTKZ
[10:59:39] [4/458] CMCT
[10:59:40] [5/458] ASHO
[10:59:40] [6/458] ECDG
[10:59:41] [7/458] SPAT
[10:59:42] [8/458] HILC
[10:59:43] [9/458] SPPH
[10:59:43] 🔄 Identity reset
[10:59:43] 🔄 Identity rotated (every 10 requests)
[10:59:43] [10/458] SBHN
[10:59:44] [11/458] RRCA
[10:59:45] [12/458] APAA
[10:59:46] [13/458] RAME
[10:59:47] [14/458] TMMS
[10:59:47] [15/458] BATK
[10:59:48] [16/458] LKOP
[10:59:49] [17/458] AMTT
[10:59:50] [18/458] PTGK
[10:59:51] [19/458] ANRS
[10:59:51] 🔄 Identity reset
[10:59:51] 🔄 Identity rotated (every 10 requests)
[10:59:51] 🔄 Retry 1/5 for ANRS in 2.4s
[10:59:51] 🔄 Identity reset
[10:59:54] 🧠 New identity created
[10:59:54] 🔄 Retry 2/5 for ANRS in 4.8s
[10:59:54] 🔄 Identity reset
[10:59:59] 🧠 New identity created
[11:00:00] [20/458] VWBW
[11:00:00] [21/458] SVFG
[11:00:01] [22/458] STAT
[11:00:02] [23/458] GDCV
[11:00:03] [24/458] VEBI
[11:00:04] [25/458] VDSS
[11:00:05] [26/458] NTHV
[11:00:06] [27/458] AOCH
[11:00:06] 🔄 Identity reset
[11:00:06] 🔄 Identity rotated (every 10 requests)
[11:00:06] 🔄 Retry 1/5 for AOCH in 2.2s
[11:00:06] 🔄 Identity reset
[11:00:09] 🧠 New identity created
[11:00:09] [28/458] KASR
[11:00:11] [29/458] AYCS
[11:00:11] [30/458] SHAI
[11:00:12] [31/458] SKPE
[11:00:13] [32/458] SBTA
[11:00:14] [33/458] RTTD
[11:00:15] [34/458] CCJD
[11:00:16] [35/458] RSJJ
[11:00:17] [36/458] RKND
[11:00:18] 🔄 Identity reset
[11:00:18] 🔄 Identity rotated (every 10 requests)
[11:00:18] [37/458] SVTX
[11:00:19] [38/458] BAKM
[11:00:19] [39/458] SVDC
[11:00:20] [40/458] MNCV
[11:00:21] [41/458] SJGC
[11:00:22] [42/458] MTPK
[11:00:23] [43/458] GATP
[11:00:24] [44/458] ABTS
[11:00:24] [45/458] ABDE
[11:00:25] [46/458] RCNM
[11:00:26] 🔄 Identity reset
[11:00:26] 🔄 Identity rotated (every 10 requests)
[11:00:26] [47/458] KTHV
[11:00:27] [48/458] MDGJ
[11:00:28] [49/458] SMLM
[11:00:30] [50/458] JTMA
[11:00:31] [51/458] ACKP
[11:00:32] [52/458] SRTA
[11:00:32] [53/458] STAY
[11:00:34] [54/458] MAVO
[11:00:35] [55/458] APTS
[11:00:36] [56/458] OMEA
[11:00:37] 🔄 Identity reset
[11:00:37] 🔄 Identity rotated (every 10 requests)
[11:00:37] [57/458] TTFD
[11:00:38] [58/458] MJCU
[11:00:40] [59/458] CXTE
[11:00:41] [60/458] CTPX
[11:00:42] [61/458] ASSL
[11:00:43] [62/458] CMVB
[11:00:43] [63/458] VPUR
[11:00:45] [64/458] JJDA
[11:00:46] [65/458] INBL
[11:00:47] [66/458] BIKB
[11:00:48] 🔄 Identity reset
[11:00:48] 🔄 Identity rotated (every 10 requests)
[11:00:48] [67/458] NTBB
[11:00:49] [68/458] GLOB
[11:00:50] [69/458] SNTB
[11:00:51] [70/458] CHGV
[11:00:52] [71/458] SSBZ
[11:00:52] [72/458] PRDB
[11:00:54] [73/458] ISMT
[11:00:55] [74/458] MCSD
[11:00:56] [75/458] JBTT
[11:00:57] [76/458] GEKR
[11:00:58] 🔄 Identity reset
[11:00:58] 🔄 Identity rotated (every 10 requests)
[11:00:58] [77/458] PVUN
[11:00:59] [78/458] NRTB
[11:01:00] [79/458] PRAA
[11:01:00] [80/458] PCBL
[11:01:01] [81/458] PTCM
[11:01:03] [82/458] KHNN
[11:01:04] [83/458] OMJE
[11:01:05] [84/458] STGN
[11:01:05] [85/458] RPMS
[11:01:06] [86/458] NWAD
[11:01:07] 🔄 Identity reset
[11:01:07] 🔄 Identity rotated (every 10 requests)
[11:01:07] 🔄 Retry 1/5 for NWAD in 2.0s
[11:01:07] 🔄 Identity reset
[11:01:09] 🧠 New identity created
[11:01:10] [87/458] BLCK
[11:01:11] [88/458] SVAA
[11:01:12] [89/458] URVM
[11:01:13] [90/458] ANTM
[11:01:14] [91/458] VJYM
[11:01:14] [92/458] MAZZ
[11:01:15] [93/458] CSHM
[11:01:16] [94/458] WGMH
[11:01:17] [95/458] SALN
[11:01:17] 🔄 Identity reset
[11:01:17] 🔄 Identity rotated (every 10 requests)
[11:01:18] [96/458] BRTP
[11:01:20] [97/458] SVTA
[11:01:21] [98/458] SBTP
[11:01:22] [99/458] VLSS
[11:01:23] [100/458] SRJA
[11:01:24] [101/458] ANCG
[11:01:24] [102/458] CGGC
[11:01:25] [103/458] CRJA
[11:01:27] [104/458] USCR
[11:01:28] [105/458] MMEF
[11:01:28] 🔄 Identity reset
[11:01:28] 🔄 Identity rotated (every 10 requests)
[11:01:29] [106/458] JCRJ
[11:01:29] [107/458] ADCM
[11:01:30] [108/458] BMYK
[11:01:32] [109/458] KICS
[11:01:33] [110/458] MBBT
[11:01:34] [111/458] MACK
[11:01:35] [112/458] CLDR
[11:01:36] [113/458] JYCR
[11:01:37] [114/458] DCRP
[11:01:37] [115/458] RAHT
[11:01:38] 🔄 Identity reset
[11:01:38] 🔄 Identity rotated (every 10 requests)
[11:01:38] [116/458] CSSM
[11:01:39] [117/458] ATPK
[11:01:41] [118/458] KLRT
[11:01:42] [119/458] SRDD
[11:01:43] [120/458] CKMC
[11:01:43] [121/458] KRVM
[11:01:44] [122/458] AKCP
[11:01:45] [123/458] CNCV
[11:01:46] [124/458] PACT
[11:01:47] [125/458] NATP
[11:01:48] 🔄 Identity reset
[11:01:48] 🔄 Identity rotated (every 10 requests)
[11:01:48] [126/458] PCPK
[11:01:49] [127/458] SMHO
[11:01:50] [128/458] CWTK
[11:01:51] [129/458] RVKZ
[11:01:52] [130/458] ASPD
[11:01:53] [131/458] VTKZ
[11:01:54] [132/458] LCSO
[11:01:55] [133/458] PRDY
[11:01:56] [134/458] RCAP
[11:01:57] [135/458] RGAR
[11:01:58] 🔄 Identity reset
[11:01:58] 🔄 Identity rotated (every 10 requests)
[11:01:58] [136/458] RCAC
[11:01:59] [137/458] PMOD
[11:02:00] [138/458] PVCN
[11:02:01] [139/458] SCRZ
[11:02:01] [140/458] PVPC
[11:02:02] [141/458] STID
[11:02:03] [142/458] NEDD
[11:02:04] [143/458] BNBA
[11:02:05] [144/458] NTCD
[11:02:06] [145/458] OCDE
[11:02:07] 🔄 Identity reset
[11:02:07] 🔄 Identity rotated (every 10 requests)
[11:02:07] [146/458] CCDU
[11:02:08] [147/458] CRXH
[11:02:10] [148/458] VLVT
[11:02:10] [149/458] CICI
[11:02:11] [150/458] SUCB
[11:02:12] [151/458] TCBP
[11:02:13] [152/458] SCCY
[11:02:14] [153/458] LXCY
[11:02:15] [154/458] NCMD
[11:02:15] [155/458] PHCS
[11:02:16] 🔄 Identity reset
[11:02:16] 🔄 Identity rotated (every 10 requests)
[11:02:16] [156/458] DUXR
[11:02:17] [157/458] VNKS
[11:02:18] [158/458] SEDP
[11:02:19] [159/458] SVEN
[11:02:20] [160/458] SRKM
[11:02:21] [161/458] JTLT
[11:02:22] [162/458] SVSS
[11:02:22] [163/458] AMDE
[11:02:23] [164/458] WVRN
[11:02:24] [165/458] ISMG
[11:02:25] 🔄 Identity reset
[11:02:25] 🔄 Identity rotated (every 10 requests)
[11:02:25] [166/458] WVKS
[11:02:26] [167/458] USCG
[11:02:27] [168/458] IOTG
[11:02:27] [169/458] RRJM
[11:02:28] [170/458] EDMP
[11:02:29] [171/458] SCGZ
[11:02:30] [172/458] GMGX
[11:02:31] [173/458] OMTP
[11:02:33] [174/458] MITD
[11:02:34] [175/458] SMMD
[11:02:35] 🔄 Identity reset
[11:02:35] 🔄 Identity rotated (every 10 requests)
[11:02:35] [176/458] STML
[11:02:36] [177/458] MCFS
[11:02:37] [178/458] FPKA
[11:02:38] [179/458] OMLR
[11:02:39] [180/458] KKSC
[11:02:40] [181/458] RVMA
[11:02:41] [182/458] SCLL
[11:02:42] [183/458] SCDK
[11:02:44] [184/458] SXMI
[11:02:45] [185/458] SHDN
[11:02:45] 🔄 Identity reset
[11:02:45] 🔄 Identity rotated (every 10 requests)
[11:02:46] [186/458] PAAD
[11:02:46] [187/458] UUCB
[11:02:47] [188/458] JHOL
[11:02:48] [189/458] SGWT
[11:02:49] [190/458] SRII
[11:02:51] [191/458] SGCK
[11:02:52] [192/458] SVVB
[11:02:53] [193/458] DMHA
[11:02:54] [194/458] PPNL
[11:02:55] [195/458] CPNL
[11:02:56] 🔄 Identity reset
[11:02:56] 🔄 Identity rotated (every 10 requests)
[11:02:56] [196/458] WVLD
[11:02:57] [197/458] PSLV
[11:02:58] [198/458] VTTL
[11:02:59] [199/458] NPAD
[11:03:00] [200/458] PVCS
[11:03:00] [201/458] MCHL
[11:03:01] [202/458] PPLL
[11:03:02] [203/458] MALO
[11:03:03] [204/458] SWBH
[11:03:04] [205/458] PUGB
[11:03:04] 🔄 Identity reset
[11:03:04] 🔄 Identity rotated (every 10 requests)
[11:03:04] [206/458] INBB
[11:03:05] [207/458] INNS
[11:03:06] [208/458] MCPT
[11:03:07] [209/458] SCMI
[11:03:08] [210/458] OCON
[11:03:09] [211/458] SCSM
[11:03:10] [212/458] RJVN
[11:03:11] [213/458] AMDK
[11:03:12] [214/458] ISMR
[11:03:13] [215/458] SMTD
[11:03:14] 🔄 Identity reset
[11:03:14] 🔄 Identity rotated (every 10 requests)
[11:03:14] [216/458] VTDD
[11:03:15] [217/458] PDDZ
[11:03:16] [218/458] PCCK
[11:03:17] [219/458] INAM
[11:03:18] [220/458] FNKT
[11:03:19] [221/458] GDKA
[11:03:20] [222/458] MAYU
[11:03:21] [223/458] TCGU
[11:03:22] [224/458] KDCA
[11:03:23] [225/458] DOMY
[11:03:23] 🔄 Identity reset
[11:03:23] 🔄 Identity rotated (every 10 requests)
[11:03:23] [226/458] PDDD
[11:03:24] [227/458] BJTS
[11:03:25] [228/458] VTCA
[11:03:26] [229/458] SBTM
[11:03:27] [230/458] SEET
[11:03:28] [231/458] SSTJ
[11:03:29] [232/458] SVNT
[11:03:29] [233/458] PPPR
[11:03:31] [234/458] PVYS
[11:03:32] [235/458] IOSE
[11:03:32] 🔄 Identity reset
[11:03:32] 🔄 Identity rotated (every 10 requests)
[11:03:32] [236/458] ACTV
[11:03:33] [237/458] APVE
[11:03:34] [238/458] TCCL
[11:03:35] [239/458] SCMO
[11:03:36] [240/458] SAUM
[11:03:36] [241/458] KCJS
[11:03:37] [242/458] NJCJ
[11:03:38] [243/458] NECF
[11:03:39] [244/458] CCGW
[11:03:40] [245/458] CCMG
[11:03:40] 🔄 Identity reset
[11:03:40] 🔄 Identity rotated (every 10 requests)
[11:03:41] [246/458] NYRG
[11:03:41] [247/458] NCSQ
[11:03:42] [248/458] GRCG
[11:03:43] [249/458] CCBT
[11:03:44] [250/458] ACGA
[11:03:45] [251/458] INAG
[11:03:46] [252/458] FUCG
[11:03:47] [253/458] AICF
[11:03:47] [254/458] GRGA
[11:03:48] [255/458] GDCN
[11:03:49] 🔄 Identity reset
[11:03:49] 🔄 Identity rotated (every 10 requests)
[11:03:49] 🔄 Retry 1/5 for GDCN in 2.7s
[11:03:49] 🔄 Identity reset
[11:03:52] 🧠 New identity created
[11:03:52] [256/458] RRCG
[11:03:53] [257/458] SDCH
[11:03:54] [258/458] WVJM
[11:03:55] [259/458] JCCZ
[11:03:56] [260/458] CNCL
[11:03:56] [261/458] TMLV
[11:03:57] [262/458] MEMB
[11:03:58] [263/458] SGTD
[11:03:59] [264/458] CONX
[11:04:00] 🔄 Identity reset
[11:04:00] 🔄 Identity rotated (every 10 requests)
[11:04:00] [265/458] CCMH
[11:04:01] [266/458] ACMC
[11:04:02] [267/458] DTPD
[11:04:02] [268/458] POJA
[11:04:03] [269/458] FNBH
[11:04:04] [270/458] CGCB
[11:04:05] [271/458] RACN
[11:04:06] [272/458] JTSM
[11:04:07] [273/458] SCDN
[11:04:08] [274/458] AACK
[11:04:09] 🔄 Identity reset
[11:04:09] 🔄 Identity rotated (every 10 requests)
[11:04:09] [275/458] RMCE
[11:04:10] [276/458] BSGB
[11:04:11] [277/458] MRCB
[11:04:12] [278/458] SRVR
[11:04:13] [279/458] VTKK
[11:04:14] [280/458] AMST
[11:04:15] [281/458] APCY
[11:04:15] [282/458] LMHO
[11:04:16] [283/458] MTZH
[11:04:17] [284/458] AMZB
[11:04:18] 🔄 Identity reset
[11:04:18] 🔄 Identity rotated (every 10 requests)
[11:04:18] [285/458] SUVT
[11:04:19] [286/458] RCIP
[11:04:20] [287/458] KESR
[11:04:21] [288/458] SNKC
[11:04:22] [289/458] SCED
[11:04:23] [290/458] DVCA
[11:04:24] [291/458] VCDT
[11:04:24] [292/458] RRDI
[11:04:26] [293/458] DFCH
[11:04:27] [294/458] INSC
[11:04:27] 🔄 Identity reset
[11:04:27] 🔄 Identity rotated (every 10 requests)
[11:04:28] [295/458] RGTR
[11:04:28] [296/458] FMOT
[11:04:29] [297/458] SCPM
[11:04:30] [298/458] GCDT
[11:04:32] [299/458] BRKT
[11:04:32] [300/458] DEMP
[11:04:33] [301/458] SRLC
[11:04:35] [302/458] KSTT
[11:04:36] [303/458] SMMT
[11:04:37] [304/458] SILM
[11:04:37] 🔄 Identity reset
[11:04:37] 🔄 Identity rotated (every 10 requests)
[11:04:38] [305/458] JCVM
[11:04:38] [306/458] KCSV
[11:04:39] [307/458] MHLK
[11:04:40] [308/458] SLVL
[11:04:41] [309/458] RJKP
[11:04:42] [310/458] BBPC
[11:04:43] [311/458] MXCB
[11:04:44] [312/458] TCPK
[11:04:44] [313/458] RTBR
[11:04:45] [314/458] GAUT
[11:04:46] 🔄 Identity reset
[11:04:46] 🔄 Identity rotated (every 10 requests)
[11:04:46] [315/458] DVCF
[11:04:47] [316/458] JTSB
[11:04:48] [317/458] SBLS
[11:04:49] [318/458] UDAY
[11:04:50] [319/458] PTNP
[11:04:50] [320/458] DMKT
[11:04:51] [321/458] NTDT
[11:04:52] [322/458] SHDJ
[11:04:53] [323/458] OTNC
[11:04:54] [324/458] RNTW
[11:04:55] 🔄 Identity reset
[11:04:55] 🔄 Identity rotated (every 10 requests)
[11:04:55] [325/458] GCMI
[11:04:56] [326/458] CRCM
[11:04:57] [327/458] NNCZ
[11:04:58] [328/458] OEMO
[11:05:00] [329/458] PVJM
[11:05:01] [330/458] CPJI
[11:05:01] [331/458] RMCJ
[11:05:02] [332/458] CNWJ
[11:05:03] [333/458] EPJM
[11:05:04] [334/458] FNJJ
[11:05:05] 🔄 Identity reset
[11:05:05] 🔄 Identity rotated (every 10 requests)
[11:05:06] [335/458] GCMJ
[11:05:06] [336/458] INPS
[11:05:07] [337/458] BICJ
[11:05:08] [338/458] ISTJ
[11:05:09] [339/458] INJC
[11:05:10] [340/458] GLXJ
[11:05:11] [341/458] INEM
[11:05:12] [342/458] JTMN
[11:05:13] [343/458] FRCJ
[11:05:14] [344/458] DDJP
[11:05:14] 🔄 Identity reset
[11:05:14] 🔄 Identity rotated (every 10 requests)
[11:05:14] 🔄 Retry 1/5 for DDJP in 2.6s
[11:05:14] 🔄 Identity reset
[11:05:17] 🧠 New identity created
[11:05:17] [345/458] INJV
[11:05:18] [346/458] GOLC
[11:05:19] [347/458] KOCI
[11:05:20] [348/458] FSTD
[11:05:20] [349/458] PACJ
[11:05:21] [350/458] GMCN
[11:05:22] [351/458] MMDJ
[11:05:23] [352/458] GODH
[11:05:24] [353/458] SKYN
[11:05:25] 🔄 Identity reset
[11:05:25] 🔄 Identity rotated (every 10 requests)
[11:05:25] [354/458] NCTH
[11:05:26] [355/458] SKVZ
[11:05:27] [356/458] SVML
[11:05:28] [357/458] ACVZ
[11:05:29] [358/458] SURA
[11:05:29] [359/458] RTRB
[11:05:30] [360/458] LLCT
[11:05:31] [361/458] ATTS
[11:05:32] [362/458] JYCM
[11:05:33] [363/458] CTKR
[11:05:34] 🔄 Identity reset
[11:05:34] 🔄 Identity rotated (every 10 requests)
[11:05:34] [364/458] LCKR
[11:05:35] [365/458] NYCV
[11:05:36] [366/458] NYOH
[11:05:37] [367/458] NOVX
[11:05:37] [368/458] MRGK
[11:05:38] [369/458] MOON
[11:05:39] [370/458] SBUC
[11:05:40] [371/458] GSVA
[11:05:42] [372/458] VIAK
[11:05:43] [373/458] SMVZ
[11:05:43] 🔄 Identity reset
[11:05:43] 🔄 Identity rotated (every 10 requests)
[11:05:43] [374/458] MATE
[11:05:44] [375/458] RDCN
[11:05:45] [376/458] ASBL
[11:05:46] [377/458] ASVS
[11:05:47] [378/458] ASSR
[11:05:48] [379/458] SSKN
[11:05:48] [380/458] DRPV
[11:05:49] [381/458] MRHT
[11:05:50] [382/458] BSCN
[11:05:51] [383/458] RKNX
[11:05:51] 🔄 Identity reset
[11:05:51] 🔄 Identity rotated (every 10 requests)
[11:05:52] [384/458] MSMC
[11:05:52] [385/458] MSCJ
[11:05:53] [386/458] BTBJ
[11:05:54] [387/458] MJCC
[11:05:55] [388/458] IOMM
[11:05:56] [389/458] ADGR
[11:05:56] [390/458] MYCP
[11:05:57] [391/458] IGCM
[11:05:58] [392/458] PGRK
[11:05:59] [393/458] VPGO
[11:05:59] 🔄 Identity reset
[11:05:59] 🔄 Identity rotated (every 10 requests)
[11:06:00] [394/458] KOMS
[11:06:01] [395/458] URGG
[11:06:02] [396/458] GOST
[11:06:03] [397/458] LACT
[11:06:04] [398/458] BWCM
[11:06:05] [399/458] NCCW
[11:06:06] [400/458] SKYC
[11:06:07] [401/458] CCPM
[11:06:08] [402/458] VCBT
[11:06:09] [403/458] SDKR
[11:06:09] 🔄 Identity reset
[11:06:09] 🔄 Identity rotated (every 10 requests)
[11:06:10] [404/458] CTYB
[11:06:10] [405/458] SHCX
[11:06:11] [406/458] RCUN
[11:06:12] [407/458] CNRA
[11:06:13] [408/458] RFCA
[11:06:14] [409/458] RDCU
[11:06:14] [410/458] SARK
[11:06:15] [411/458] SPPP
[11:06:16] [412/458] ADMB
[11:06:17] [413/458] JYOE
[11:06:18] 🔄 Identity reset
[11:06:18] 🔄 Identity rotated (every 10 requests)
[11:06:18] [414/458] SRMD
[11:06:20] [415/458] RJDH
[11:06:20] [416/458] SSTD
[11:06:21] [417/458] AACV
[11:06:22] [418/458] PPVD
[11:06:23] [419/458] STCP
[11:06:24] [420/458] ANLS
[11:06:25] [421/458] BIJO
[11:06:25] [422/458] AVAB
[11:06:26] [423/458] SPMD
[11:06:27] 🔄 Identity reset
[11:06:27] 🔄 Identity rotated (every 10 requests)
[11:06:27] 🔄 Retry 1/5 for SPMD in 2.0s
[11:06:27] 🔄 Identity reset
[11:06:29] 🧠 New identity created
[11:06:29] [424/458] SVJL
[11:06:30] [425/458] SDDJ
[11:06:31] [426/458] SLTU
[11:06:32] [427/458] SAKA
[11:06:32] [428/458] PMAM
[11:06:33] [429/458] FNAM
[11:06:34] [430/458] ACAM
[11:06:35] [431/458] SCMM
[11:06:36] [432/458] PMAK
[11:06:36] 🔄 Identity reset
[11:06:36] 🔄 Identity rotated (every 10 requests)
[11:06:37] [433/458] NYSA
[11:06:38] [434/458] FCPA
[11:06:38] [435/458] GDAN
[11:06:39] [436/458] RSCA
[11:06:40] [437/458] DMAN
[11:06:40] [438/458] DZCM
[11:06:41] [439/458] NSGL
[11:06:42] [440/458] CCPP
[11:06:43] [441/458] PSMG
[11:06:44] [442/458] GSER
[11:06:44] 🔄 Identity reset
[11:06:44] 🔄 Identity rotated (every 10 requests)
[11:06:45] [443/458] FCCT
[11:06:45] [444/458] FCTB
[11:06:46] [445/458] LCNK
[11:06:47] [446/458] SKTY
[11:06:48] [447/458] INAA
[11:06:49] [448/458] RCWN
[11:06:49] [449/458] VAIS
[11:06:50] [450/458] CVMN
[11:06:51] [451/458] INTS
[11:06:52] [452/458] FRGS
[11:06:52] 🔄 Identity reset
[11:06:52] 🔄 Identity rotated (every 10 requests)
[11:06:53] [453/458] DTCK
[11:06:54] [454/458] MCMH
[11:06:54] [455/458] ECRR
[11:06:55] [456/458] RLLP
[11:06:56] [457/458] CCSN
[11:06:57] [458/458] CCBA
[11:06:58] 🧹 Deduping shows
[11:06:58] ✅ DONE | Shows=1359 | Movies=30
[17:37:58] 🚀 SCRIPT STARTED (enhanced anti‑detection)
[17:37:58] [1/458] MBDC
[17:37:59] 🧠 New identity created
[17:37:59] [2/458] CHKM
[17:38:00] [3/458] JTKZ
[17:38:01] [4/458] CMCT
[17:38:02] [5/458] ASHO
[17:38:02] [6/458] ECDG
[17:38:03] [7/458] SPAT
[17:38:04] [8/458] HILC
[17:38:05] [9/458] SPPH
[17:38:06] [10/458] SBHN
[17:38:07] 🔄 Identity reset
[17:38:07] 🔄 Identity rotated (every 10 requests)
[17:38:07] [11/458] RRCA
[17:38:08] [12/458] APAA
[17:38:09] [13/458] RAME
[17:38:10] [14/458] TMMS
[17:38:11] [15/458] BATK
[17:38:12] [16/458] LKOP
[17:38:13] [17/458] AMTT
[17:38:14] [18/458] PTGK
[17:38:14] [19/458] ANRS
[17:38:15] [20/458] VWBW
[17:38:16] 🔄 Identity reset
[17:38:16] 🔄 Identity rotated (every 10 requests)
[17:38:16] [21/458] SVFG
[17:38:17] [22/458] STAT
[17:38:18] [23/458] GDCV
[17:38:19] [24/458] VEBI
[17:38:19] [25/458] VDSS
[17:38:21] [26/458] NTHV
[17:38:21] [27/458] AOCH
[17:38:23] [28/458] KASR
[17:38:24] [29/458] AYCS
[17:38:25] [30/458] SHAI
[17:38:26] 🔄 Identity reset
[17:38:26] 🔄 Identity rotated (every 10 requests)
[17:38:26] [31/458] SKPE
[17:38:27] [32/458] SBTA
[17:38:28] [33/458] RTTD
[17:38:29] [34/458] CCJD
[17:38:30] [35/458] RSJJ
[17:38:30] [36/458] RKND
[17:38:31] [37/458] SVTX
[17:38:32] [38/458] BAKM
[17:38:33] [39/458] SVDC
[17:38:34] [40/458] MNCV
[17:38:35] 🔄 Identity reset
[17:38:35] 🔄 Identity rotated (every 10 requests)
[17:38:35] [41/458] SJGC
[17:38:36] [42/458] MTPK
[17:38:37] [43/458] GATP
[17:38:38] [44/458] ABTS
[17:38:38] [45/458] ABDE
[17:38:40] [46/458] RCNM
[17:38:40] [47/458] KTHV
[17:38:41] [48/458] MDGJ
[17:38:42] [49/458] SMLM
[17:38:43] [50/458] JTMA
[17:38:44] 🔄 Identity reset
[17:38:44] 🔄 Identity rotated (every 10 requests)
[17:38:45] [51/458] ACKP
[17:38:45] [52/458] SRTA
[17:38:46] [53/458] STAY
[17:38:47] [54/458] MAVO
[17:38:48] [55/458] APTS
[17:38:49] [56/458] OMEA
[17:38:50] [57/458] TTFD
[17:38:51] [58/458] MJCU
[17:38:52] [59/458] CXTE
[17:38:53] [60/458] CTPX
[17:38:53] 🔄 Identity reset
[17:38:53] 🔄 Identity rotated (every 10 requests)
[17:38:53] [61/458] ASSL
[17:38:54] [62/458] CMVB
[17:38:55] [63/458] VPUR
[17:38:56] [64/458] JJDA
[17:38:57] [65/458] INBL
[17:38:58] [66/458] BIKB
[17:38:59] [67/458] NTBB
[17:39:00] [68/458] GLOB
[17:39:01] [69/458] SNTB
[17:39:02] [70/458] CHGV
[17:39:03] 🔄 Identity reset
[17:39:03] 🔄 Identity rotated (every 10 requests)
[17:39:03] [71/458] SSBZ
[17:39:04] [72/458] PRDB
[17:39:06] [73/458] ISMT
[17:39:06] [74/458] MCSD
[17:39:07] [75/458] JBTT
[17:39:08] [76/458] GEKR
[17:39:09] [77/458] PVUN
[17:39:10] [78/458] NRTB
[17:39:11] [79/458] PRAA
[17:39:11] [80/458] PCBL
[17:39:12] 🔄 Identity reset
[17:39:12] 🔄 Identity rotated (every 10 requests)
[17:39:12] [81/458] PTCM
[17:39:13] [82/458] KHNN
[17:39:14] [83/458] OMJE
[17:39:15] [84/458] STGN
[17:39:16] [85/458] RPMS
[17:39:17] [86/458] NWAD
[17:39:18] [87/458] BLCK
[17:39:19] [88/458] SVAA
[17:39:20] [89/458] URVM
[17:39:21] [90/458] ANTM
[17:39:21] 🔄 Identity reset
[17:39:21] 🔄 Identity rotated (every 10 requests)
[17:39:21] [91/458] VJYM
[17:39:22] [92/458] MAZZ
[17:39:23] [93/458] CSHM
[17:39:24] [94/458] WGMH
[17:39:25] [95/458] SALN
[17:39:26] [96/458] BRTP
[17:39:27] [97/458] SVTA
[17:39:28] [98/458] SBTP
[17:39:28] [99/458] VLSS
[17:39:30] [100/458] SRJA
[17:39:31] 🔄 Identity reset
[17:39:31] 🔄 Identity rotated (every 10 requests)
[17:39:34] [101/458] ANCG
[17:39:35] [102/458] CGGC
[17:39:36] [103/458] CRJA
[17:39:37] [104/458] USCR
[17:39:38] [105/458] MMEF
[17:39:39] [106/458] JCRJ
[17:39:40] [107/458] ADCM
[17:39:41] [108/458] BMYK
[17:39:42] [109/458] KICS
[17:39:43] [110/458] MBBT
[17:39:43] 🔄 Identity reset
[17:39:43] 🔄 Identity rotated (every 10 requests)
[17:39:44] [111/458] MACK
[17:39:45] [112/458] CLDR
[17:39:45] [113/458] JYCR
[17:39:46] [114/458] DCRP
[17:39:47] [115/458] RAHT
[17:39:48] [116/458] CSSM
[17:39:49] [117/458] ATPK
[17:39:50] [118/458] KLRT
[17:39:51] [119/458] SRDD
[17:39:52] [120/458] CKMC
[17:39:52] 🔄 Identity reset
[17:39:52] 🔄 Identity rotated (every 10 requests)
[17:39:53] [121/458] KRVM
[17:40:05] 🔄 Retry 1/5 for KRVM in 2.3s
[17:40:05] 🔄 Identity reset
[17:40:08] 🧠 New identity created
[17:40:16] [122/458] AKCP
[17:40:17] [123/458] CNCV
[17:40:18] [124/458] PACT
[17:40:18] [125/458] NATP
[17:40:19] [126/458] PCPK
[17:40:20] [127/458] SMHO
[17:40:21] [128/458] CWTK
[17:40:22] [129/458] RVKZ
[17:40:22] 🔄 Identity reset
[17:40:22] 🔄 Identity rotated (every 10 requests)
[17:40:23] [130/458] ASPD
[17:40:24] [131/458] VTKZ
[17:40:25] [132/458] LCSO
[17:40:26] [133/458] PRDY
[17:40:27] [134/458] RCAP
[17:40:29] [135/458] RGAR
[17:40:30] [136/458] RCAC
[17:40:31] [137/458] PMOD
[17:40:32] [138/458] PVCN
[17:40:33] [139/458] SCRZ
[17:40:34] 🔄 Identity reset
[17:40:34] 🔄 Identity rotated (every 10 requests)
[17:40:34] [140/458] PVPC
[17:40:35] [141/458] STID
[17:40:36] [142/458] NEDD
[17:40:37] [143/458] BNBA
[17:40:38] [144/458] NTCD
[17:40:39] [145/458] OCDE
[17:40:40] [146/458] CCDU
[17:40:40] [147/458] CRXH
[17:40:42] [148/458] VLVT
[17:40:43] [149/458] CICI
[17:40:44] 🔄 Identity reset
[17:40:44] 🔄 Identity rotated (every 10 requests)
[17:40:44] [150/458] SUCB
[17:40:45] [151/458] TCBP
[17:40:46] [152/458] SCCY
[17:40:47] [153/458] LXCY
[17:40:47] [154/458] NCMD
[17:40:49] [155/458] PHCS
[17:40:50] [156/458] DUXR
[17:40:51] [157/458] VNKS
[17:40:52] [158/458] SEDP
[17:40:53] [159/458] SVEN
[17:40:53] 🔄 Identity reset
[17:40:54] 🔄 Identity rotated (every 10 requests)
[17:40:54] [160/458] SRKM
[17:40:55] [161/458] JTLT
[17:40:56] [162/458] SVSS
[17:40:56] [163/458] AMDE
[17:40:57] [164/458] WVRN
[17:40:58] [165/458] ISMG
[17:40:59] [166/458] WVKS
[17:41:00] [167/458] USCG
[17:41:01] [168/458] IOTG
[17:41:02] [169/458] RRJM
[17:41:02] 🔄 Identity reset
[17:41:02] 🔄 Identity rotated (every 10 requests)
[17:41:03] [170/458] EDMP
[17:41:04] [171/458] SCGZ
[17:41:05] [172/458] GMGX
[17:41:06] [173/458] OMTP
[17:41:07] [174/458] MITD
[17:41:08] [175/458] SMMD
[17:41:08] [176/458] STML
[17:41:09] [177/458] MCFS
[17:41:10] [178/458] FPKA
[17:41:12] [179/458] OMLR
[17:41:12] 🔄 Identity reset
[17:41:12] 🔄 Identity rotated (every 10 requests)
[17:41:13] [180/458] KKSC
[17:41:14] [181/458] RVMA
[17:41:15] [182/458] SCLL
[17:41:15] [183/458] SCDK
[17:41:16] [184/458] SXMI
[17:41:17] [185/458] SHDN
[17:41:18] [186/458] PAAD
[17:41:19] [187/458] UUCB
[17:41:21] [188/458] JHOL
[17:41:22] [189/458] SGWT
[17:41:22] 🔄 Identity reset
[17:41:22] 🔄 Identity rotated (every 10 requests)
[17:41:22] [190/458] SRII
[17:41:23] [191/458] SGCK
[17:41:24] [192/458] SVVB
[17:41:25] [193/458] DMHA
[17:41:26] [194/458] PPNL
[17:41:27] [195/458] CPNL
[17:41:28] [196/458] WVLD
[17:41:29] [197/458] PSLV
[17:41:30] [198/458] VTTL
[17:41:31] [199/458] NPAD
[17:41:32] 🔄 Identity reset
[17:41:32] 🔄 Identity rotated (every 10 requests)
[17:41:32] [200/458] PVCS
[17:41:33] [201/458] MCHL
[17:41:35] [202/458] PPLL
[17:41:36] [203/458] MALO
[17:41:37] [204/458] SWBH
[17:41:38] [205/458] PUGB
[17:41:38] [206/458] INBB
[17:41:39] [207/458] INNS
[17:41:40] [208/458] MCPT
[17:41:41] [209/458] SCMI
[17:41:41] 🔄 Identity reset
[17:41:41] 🔄 Identity rotated (every 10 requests)
[17:41:42] [210/458] OCON
[17:41:43] [211/458] SCSM
[17:41:43] [212/458] RJVN
[17:41:44] [213/458] AMDK
[17:41:45] [214/458] ISMR
[17:41:46] [215/458] SMTD
[17:41:47] [216/458] VTDD
[17:41:48] [217/458] PDDZ
[17:41:49] [218/458] PCCK
[17:41:50] [219/458] INAM
[17:41:50] 🔄 Identity reset
[17:41:50] 🔄 Identity rotated (every 10 requests)
[17:41:50] 🔄 Retry 1/5 for INAM in 2.9s
[17:41:50] 🔄 Identity reset
[17:41:53] 🧠 New identity created
[17:41:54] [220/458] FNKT
[17:41:55] [221/458] GDKA
[17:41:56] [222/458] MAYU
[17:41:57] [223/458] TCGU
[17:41:58] [224/458] KDCA
[17:41:59] [225/458] DOMY
[17:41:59] [226/458] PDDD
[17:42:01] [227/458] BJTS
[17:42:02] [228/458] VTCA
[17:42:03] 🔄 Identity reset
[17:42:03] 🔄 Identity rotated (every 10 requests)
[17:42:03] [229/458] SBTM
[17:42:04] [230/458] SEET
[17:42:05] [231/458] SSTJ
[17:42:06] [232/458] SVNT
[17:42:06] [233/458] PPPR
[17:42:07] [234/458] PVYS
[17:42:09] [235/458] IOSE
[17:42:10] [236/458] ACTV
[17:42:11] [237/458] APVE
[17:42:11] [238/458] TCCL
[17:42:12] 🔄 Identity reset
[17:42:12] 🔄 Identity rotated (every 10 requests)
[17:42:12] 🔄 Retry 1/5 for TCCL in 2.0s
[17:42:12] 🔄 Identity reset
[17:42:14] 🧠 New identity created
[17:42:15] [239/458] SCMO
[17:42:16] [240/458] SAUM
[17:42:16] [241/458] KCJS
[17:42:17] [242/458] NJCJ
[17:42:19] [243/458] NECF
[17:42:19] [244/458] CCGW
[17:42:20] [245/458] CCMG
[17:42:21] [246/458] NYRG
[17:42:22] [247/458] NCSQ
[17:42:23] 🔄 Identity reset
[17:42:23] 🔄 Identity rotated (every 10 requests)
[17:42:24] [248/458] GRCG
[17:42:25] [249/458] CCBT
[17:42:25] [250/458] ACGA
[17:42:26] [251/458] INAG
[17:42:27] [252/458] FUCG
[17:42:28] [253/458] AICF
[17:42:29] [254/458] GRGA
[17:42:30] [255/458] GDCN
[17:42:31] [256/458] RRCG
[17:42:32] [257/458] SDCH
[17:42:32] 🔄 Identity reset
[17:42:32] 🔄 Identity rotated (every 10 requests)
[17:42:33] [258/458] WVJM
[17:42:33] [259/458] JCCZ
[17:42:34] [260/458] CNCL
[17:42:35] [261/458] TMLV
[17:42:36] [262/458] MEMB
[17:42:37] [263/458] SGTD
[17:42:38] [264/458] CONX
[17:42:39] [265/458] CCMH
[17:42:40] [266/458] ACMC
[17:42:41] [267/458] DTPD
[17:42:41] 🔄 Identity reset
[17:42:41] 🔄 Identity rotated (every 10 requests)
[17:42:42] [268/458] POJA
[17:42:43] [269/458] FNBH
[17:42:44] [270/458] CGCB
[17:42:44] [271/458] RACN
[17:42:45] [272/458] JTSM
[17:42:46] [273/458] SCDN
[17:42:47] [274/458] AACK
[17:42:48] [275/458] RMCE
[17:42:49] [276/458] BSGB
[17:42:50] [277/458] MRCB
[17:42:51] 🔄 Identity reset
[17:42:51] 🔄 Identity rotated (every 10 requests)
[17:42:51] [278/458] SRVR
[17:42:53] [279/458] VTKK
[17:42:54] [280/458] AMST
[17:42:54] [281/458] APCY
[17:42:55] [282/458] LMHO
[17:42:56] [283/458] MTZH
[17:42:57] [284/458] AMZB
[17:42:58] [285/458] SUVT
[17:42:59] [286/458] RCIP
[17:43:00] [287/458] KESR
[17:43:01] 🔄 Identity reset
[17:43:01] 🔄 Identity rotated (every 10 requests)
[17:43:01] [288/458] SNKC
[17:43:02] [289/458] SCED
[17:43:03] [290/458] DVCA
[17:43:04] [291/458] VCDT
[17:43:05] [292/458] RRDI
[17:43:06] [293/458] DFCH
[17:43:07] [294/458] INSC
[17:43:07] [295/458] RGTR
[17:43:08] [296/458] FMOT
[17:43:09] [297/458] SCPM
[17:43:10] 🔄 Identity reset
[17:43:10] 🔄 Identity rotated (every 10 requests)
[17:43:10] [298/458] GCDT
[17:43:11] [299/458] BRKT
[17:43:12] [300/458] DEMP
[17:43:13] [301/458] SRLC
[17:43:14] [302/458] KSTT
[17:43:15] [303/458] SMMT
[17:43:16] [304/458] SILM
[17:43:16] [305/458] JCVM
[17:43:17] [306/458] KCSV
[17:43:18] [307/458] MHLK
[17:43:19] 🔄 Identity reset
[17:43:19] 🔄 Identity rotated (every 10 requests)
[17:43:19] [308/458] SLVL
[17:43:20] [309/458] RJKP
[17:43:21] [310/458] BBPC
[17:43:22] [311/458] MXCB
[17:43:23] [312/458] TCPK
[17:43:24] [313/458] RTBR
[17:43:25] [314/458] GAUT
[17:43:26] [315/458] DVCF
[17:43:27] [316/458] JTSB
[17:43:28] [317/458] SBLS
[17:43:29] 🔄 Identity reset
[17:43:29] 🔄 Identity rotated (every 10 requests)
[17:43:29] [318/458] UDAY
[17:43:30] [319/458] PTNP
[17:43:30] [320/458] DMKT
[17:43:31] [321/458] NTDT
[17:43:32] [322/458] SHDJ
[17:43:33] [323/458] OTNC
[17:43:34] [324/458] RNTW
[17:43:35] [325/458] GCMI
[17:43:36] [326/458] CRCM
[17:43:37] [327/458] NNCZ
[17:43:37] 🔄 Identity reset
[17:43:37] 🔄 Identity rotated (every 10 requests)
[17:43:38] [328/458] OEMO
[17:43:39] [329/458] PVJM
[17:43:40] [330/458] CPJI
[17:43:41] [331/458] RMCJ
[17:43:42] [332/458] CNWJ
[17:43:43] [333/458] EPJM
[17:43:44] [334/458] FNJJ
[17:43:45] [335/458] GCMJ
[17:43:46] [336/458] INPS
[17:43:47] [337/458] BICJ
[17:43:48] 🔄 Identity reset
[17:43:48] 🔄 Identity rotated (every 10 requests)
[17:43:48] 🔄 Retry 1/5 for BICJ in 2.8s
[17:43:48] 🔄 Identity reset
[17:43:50] 🧠 New identity created
[17:43:51] [338/458] ISTJ
[17:43:52] [339/458] INJC
[17:43:52] [340/458] GLXJ
[17:43:53] [341/458] INEM
[17:43:54] [342/458] JTMN
[17:43:55] [343/458] FRCJ
[17:43:56] [344/458] DDJP
[17:43:57] [345/458] INJV
[17:43:59] [346/458] GOLC
[17:44:00] 🔄 Identity reset
[17:44:00] 🔄 Identity rotated (every 10 requests)
[17:44:00] [347/458] KOCI
[17:44:01] [348/458] FSTD
[17:44:03] [349/458] PACJ
[17:44:03] [350/458] GMCN
[17:44:04] [351/458] MMDJ
[17:44:05] [352/458] GODH
[17:44:06] [353/458] SKYN
[17:44:07] [354/458] NCTH
[17:44:08] [355/458] SKVZ
[17:44:09] [356/458] SVML
[17:44:09] 🔄 Identity reset
[17:44:09] 🔄 Identity rotated (every 10 requests)
[17:44:10] [357/458] ACVZ
[17:44:11] [358/458] SURA
[17:44:12] [359/458] RTRB
[17:44:13] [360/458] LLCT
[17:44:14] [361/458] ATTS
[17:44:15] [362/458] JYCM
[17:44:16] [363/458] CTKR
[17:44:17] [364/458] LCKR
[17:44:18] [365/458] NYCV
[17:44:20] [366/458] NYOH
[17:44:20] 🔄 Identity reset
[17:44:20] 🔄 Identity rotated (every 10 requests)
[17:44:21] [367/458] NOVX
[17:44:22] [368/458] MRGK
[17:44:23] [369/458] MOON
[17:44:24] [370/458] SBUC
[17:44:25] [371/458] GSVA
[17:44:26] [372/458] VIAK
[17:44:28] [373/458] SMVZ
[17:44:29] [374/458] MATE
[17:44:29] [375/458] RDCN
[17:44:30] [376/458] ASBL
[17:44:31] 🔄 Identity reset
[17:44:31] 🔄 Identity rotated (every 10 requests)
[17:44:31] 🔄 Retry 1/5 for ASBL in 2.5s
[17:44:31] 🔄 Identity reset
[17:44:34] 🧠 New identity created
[17:44:34] [377/458] ASVS
[17:44:35] [378/458] ASSR
[17:44:36] [379/458] SSKN
[17:44:37] [380/458] DRPV
[17:44:38] [381/458] MRHT
[17:44:39] [382/458] BSCN
[17:44:40] [383/458] RKNX
[17:44:41] [384/458] MSMC
[17:44:42] [385/458] MSCJ
[17:44:42] 🔄 Identity reset
[17:44:42] 🔄 Identity rotated (every 10 requests)
[17:44:43] [386/458] BTBJ
[17:44:44] [387/458] MJCC
[17:44:44] [388/458] IOMM
[17:44:46] [389/458] ADGR
[17:44:47] [390/458] MYCP
[17:44:47] [391/458] IGCM
[17:44:48] [392/458] PGRK
[17:44:50] [393/458] VPGO
[17:44:51] [394/458] KOMS
[17:44:52] [395/458] URGG
[17:44:52] 🔄 Identity reset
[17:44:52] 🔄 Identity rotated (every 10 requests)
[17:44:53] [396/458] GOST
[17:44:53] [397/458] LACT
[17:44:54] [398/458] BWCM
[17:44:55] [399/458] NCCW
[17:44:56] [400/458] SKYC
[17:44:58] [401/458] CCPM
[17:44:58] [402/458] VCBT
[17:44:59] [403/458] SDKR
[17:45:00] [404/458] CTYB
[17:45:01] [405/458] SHCX
[17:45:02] 🔄 Identity reset
[17:45:02] 🔄 Identity rotated (every 10 requests)
[17:45:02] 🔄 Retry 1/5 for SHCX in 3.0s
[17:45:02] 🔄 Identity reset
[17:45:05] 🧠 New identity created
[17:45:05] 🔄 Retry 2/5 for SHCX in 4.1s
[17:45:05] 🔄 Identity reset
[17:45:09] 🧠 New identity created
[17:45:09] [406/458] RCUN
[17:45:10] [407/458] CNRA
[17:45:11] [408/458] RFCA
[17:45:12] [409/458] RDCU
[17:45:13] [410/458] SARK
[17:45:14] [411/458] SPPP
[17:45:15] [412/458] ADMB
[17:45:16] [413/458] JYOE
[17:45:17] 🔄 Identity reset
[17:45:17] 🔄 Identity rotated (every 10 requests)
[17:45:18] [414/458] SRMD
[17:45:19] [415/458] RJDH
[17:45:20] [416/458] SSTD
[17:45:22] [417/458] AACV
[17:45:23] [418/458] PPVD
[17:45:23] [419/458] STCP
[17:45:24] [420/458] ANLS
[17:45:25] [421/458] BIJO
[17:45:26] [422/458] AVAB
[17:45:27] [423/458] SPMD
[17:45:28] 🔄 Identity reset
[17:45:28] 🔄 Identity rotated (every 10 requests)
[17:45:28] [424/458] SVJL
[17:45:29] [425/458] SDDJ
[17:45:30] [426/458] SLTU
[17:45:32] [427/458] SAKA
[17:45:33] [428/458] PMAM
[17:45:34] [429/458] FNAM
[17:45:35] [430/458] ACAM
[17:45:36] [431/458] SCMM
[17:45:37] [432/458] PMAK
[17:45:37] [433/458] NYSA
[17:45:38] 🔄 Identity reset
[17:45:38] 🔄 Identity rotated (every 10 requests)
[17:45:38] [434/458] FCPA
[17:45:39] [435/458] GDAN
[17:45:41] [436/458] RSCA
[17:45:41] [437/458] DMAN
[17:45:42] [438/458] DZCM
[17:45:43] [439/458] NSGL
[17:45:44] [440/458] CCPP
[17:45:45] [441/458] PSMG
[17:45:46] [442/458] GSER
[17:45:47] [443/458] FCCT
[17:45:48] 🔄 Identity reset
[17:45:48] 🔄 Identity rotated (every 10 requests)
[17:45:48] 🔄 Retry 1/5 for FCCT in 3.0s
[17:45:48] 🔄 Identity reset
[17:45:51] 🧠 New identity created
[17:45:51] [444/458] FCTB
[17:45:53] [445/458] LCNK
[17:45:54] [446/458] SKTY
[17:45:55] [447/458] INAA
[17:45:56] [448/458] RCWN
[17:45:57] [449/458] VAIS
[17:45:58] [450/458] CVMN
[17:45:59] [451/458] INTS
[17:46:00] [452/458] FRGS
[17:46:00] 🔄 Identity reset
[17:46:00] 🔄 Identity rotated (every 10 requests)
[17:46:01] [453/458] DTCK
[17:46:01] [454/458] MCMH
[17:46:02] [455/458] ECRR
[17:46:03] [456/458] RLLP
[17:46:04] [457/458] CCSN
[17:46:05] [458/458] CCBA
[17:46:07] 🧹 Deduping shows
[17:46:07] ✅ DONE | Shows=1687 | Movies=37
[21:24:23] 🚀 SCRIPT STARTED (enhanced anti‑detection)
[21:24:23] [1/458] MBDC
[21:24:24] 🧠 New identity created
[21:24:24] [2/458] CHKM
[21:24:25] [3/458] JTKZ
[21:24:25] [4/458] CMCT
[21:24:26] [5/458] ASHO
[21:24:27] [6/458] ECDG
[21:24:29] [7/458] SPAT
[21:24:29] [8/458] HILC
[21:24:30] [9/458] SPPH
[21:24:31] [10/458] SBHN
[21:24:32] 🔄 Identity reset
[21:24:32] 🔄 Identity rotated (every 10 requests)
[21:24:32] [11/458] RRCA
[21:24:33] [12/458] APAA
[21:24:34] [13/458] RAME
[21:24:35] [14/458] TMMS
[21:24:36] [15/458] BATK
[21:24:37] [16/458] LKOP
[21:24:38] [17/458] AMTT
[21:24:39] [18/458] PTGK
[21:24:41] [19/458] ANRS
[21:24:41] [20/458] VWBW
[21:24:42] 🔄 Identity reset
[21:24:42] 🔄 Identity rotated (every 10 requests)
[21:24:42] [21/458] SVFG
[21:24:43] [22/458] STAT
[21:24:44] [23/458] GDCV
[21:24:45] [24/458] VEBI
[21:24:46] [25/458] VDSS
[21:24:47] [26/458] NTHV
[21:24:48] [27/458] AOCH
[21:24:49] [28/458] KASR
[21:24:50] [29/458] AYCS
[21:24:51] [30/458] SHAI
[21:24:51] 🔄 Identity reset
[21:24:51] 🔄 Identity rotated (every 10 requests)
[21:24:52] [31/458] SKPE
[21:24:53] [32/458] SBTA
[21:24:54] [33/458] RTTD
[21:24:54] [34/458] CCJD
[21:24:55] [35/458] RSJJ
[21:24:56] [36/458] RKND
[21:24:57] [37/458] SVTX
[21:24:58] [38/458] BAKM
[21:24:59] [39/458] SVDC
[21:25:00] [40/458] MNCV
[21:25:00] 🔄 Identity reset
[21:25:00] 🔄 Identity rotated (every 10 requests)
[21:25:01] [41/458] SJGC
[21:25:02] [42/458] MTPK
[21:25:02] [43/458] GATP
[21:25:03] [44/458] ABTS
[21:25:04] [45/458] ABDE
[21:25:05] [46/458] RCNM
[21:25:06] [47/458] KTHV
[21:25:07] [48/458] MDGJ
[21:25:08] [49/458] SMLM
[21:25:09] [50/458] JTMA
[21:25:10] 🔄 Identity reset
[21:25:10] 🔄 Identity rotated (every 10 requests)
[21:25:10] [51/458] ACKP
[21:25:11] [52/458] SRTA
[21:25:12] [53/458] STAY
[21:25:13] [54/458] MAVO
[21:25:13] [55/458] APTS
[21:25:14] [56/458] OMEA
[21:25:15] [57/458] TTFD
[21:25:16] [58/458] MJCU
[21:25:17] [59/458] CXTE
[21:25:17] [60/458] CTPX
[21:25:18] 🔄 Identity reset
[21:25:18] 🔄 Identity rotated (every 10 requests)
[21:25:18] [61/458] ASSL
[21:25:19] [62/458] CMVB
[21:25:20] [63/458] VPUR
[21:25:21] [64/458] JJDA
[21:25:21] [65/458] INBL
[21:25:22] [66/458] BIKB
[21:25:23] [67/458] NTBB
[21:25:24] [68/458] GLOB
[21:25:25] [69/458] SNTB
[21:25:26] [70/458] CHGV
[21:25:27] 🔄 Identity reset
[21:25:27] 🔄 Identity rotated (every 10 requests)
[21:25:27] [71/458] SSBZ
[21:25:28] [72/458] PRDB
[21:25:29] [73/458] ISMT
[21:25:30] [74/458] MCSD
[21:25:31] [75/458] JBTT
[21:25:32] [76/458] GEKR
[21:25:33] [77/458] PVUN
[21:25:34] [78/458] NRTB
[21:25:34] [79/458] PRAA
[21:25:35] [80/458] PCBL
[21:25:36] 🔄 Identity reset
[21:25:36] 🔄 Identity rotated (every 10 requests)
[21:25:36] [81/458] PTCM
[21:25:37] [82/458] KHNN
[21:25:38] [83/458] OMJE
[21:25:39] [84/458] STGN
[21:25:40] [85/458] RPMS
[21:25:41] [86/458] NWAD
[21:25:42] [87/458] BLCK
[21:25:43] [88/458] SVAA
[21:25:44] [89/458] URVM
[21:25:45] [90/458] ANTM
[21:25:45] 🔄 Identity reset
[21:25:45] 🔄 Identity rotated (every 10 requests)
[21:25:46] [91/458] VJYM
[21:25:47] [92/458] MAZZ
[21:25:48] [93/458] CSHM
[21:25:49] [94/458] WGMH
[21:25:50] [95/458] SALN
[21:25:51] [96/458] BRTP
[21:25:52] [97/458] SVTA
[21:25:53] [98/458] SBTP
[21:25:54] [99/458] VLSS
[21:25:55] [100/458] SRJA
[21:25:55] 🔄 Identity reset
[21:25:55] 🔄 Identity rotated (every 10 requests)
[21:25:56] [101/458] ANCG
[21:25:56] [102/458] CGGC
[21:25:58] [103/458] CRJA
[21:25:59] [104/458] USCR
[21:26:00] [105/458] MMEF
[21:26:01] [106/458] JCRJ
[21:26:02] [107/458] ADCM
[21:26:03] [108/458] BMYK
[21:26:04] [109/458] KICS
[21:26:05] [110/458] MBBT
[21:26:05] 🔄 Identity reset
[21:26:05] 🔄 Identity rotated (every 10 requests)
[21:26:06] [111/458] MACK
[21:26:07] [112/458] CLDR
[21:26:07] [113/458] JYCR
[21:26:08] [114/458] DCRP
[21:26:09] [115/458] RAHT
[21:26:10] [116/458] CSSM
[21:26:11] [117/458] ATPK
[21:26:12] [118/458] KLRT
[21:26:13] [119/458] SRDD
[21:26:14] [120/458] CKMC
[21:26:15] 🔄 Identity reset
[21:26:15] 🔄 Identity rotated (every 10 requests)
[21:26:16] [121/458] KRVM
[21:26:16] [122/458] AKCP
[21:26:17] [123/458] CNCV
[21:26:19] [124/458] PACT
[21:26:20] [125/458] NATP
[21:26:21] [126/458] PCPK
[21:26:22] [127/458] SMHO
[21:26:23] [128/458] CWTK
[21:26:24] [129/458] RVKZ
[21:26:25] [130/458] ASPD
[21:26:26] 🔄 Identity reset
[21:26:26] 🔄 Identity rotated (every 10 requests)
[21:26:26] [131/458] VTKZ
[21:26:27] [132/458] LCSO
[21:26:28] [133/458] PRDY
[21:26:29] [134/458] RCAP
[21:26:30] [135/458] RGAR
[21:26:30] [136/458] RCAC
[21:26:31] [137/458] PMOD
[21:26:32] [138/458] PVCN
[21:26:33] [139/458] SCRZ
[21:26:34] [140/458] PVPC
[21:26:35] 🔄 Identity reset
[21:26:35] 🔄 Identity rotated (every 10 requests)
[21:26:35] [141/458] STID
[21:26:36] [142/458] NEDD
[21:26:37] [143/458] BNBA
[21:26:38] [144/458] NTCD
[21:26:39] [145/458] OCDE
[21:26:40] [146/458] CCDU
[21:26:41] [147/458] CRXH
[21:26:41] [148/458] VLVT
[21:26:42] [149/458] CICI
[21:26:43] [150/458] SUCB
[21:26:44] 🔄 Identity reset
[21:26:44] 🔄 Identity rotated (every 10 requests)
[21:26:44] [151/458] TCBP
[21:26:45] [152/458] SCCY
[21:26:46] [153/458] LXCY
[21:26:47] [154/458] NCMD
[21:26:48] [155/458] PHCS
[21:26:50] [156/458] DUXR
[21:26:50] [157/458] VNKS
[21:26:51] [158/458] SEDP
[21:26:52] [159/458] SVEN
[21:26:53] [160/458] SRKM
[21:26:53] 🔄 Identity reset
[21:26:53] 🔄 Identity rotated (every 10 requests)
[21:26:54] [161/458] JTLT
[21:26:55] [162/458] SVSS
[21:26:56] [163/458] AMDE
[21:26:57] [164/458] WVRN
[21:26:58] [165/458] ISMG
[21:26:59] [166/458] WVKS
[21:27:00] [167/458] USCG
[21:27:01] [168/458] IOTG
[21:27:02] [169/458] RRJM
[21:27:02] [170/458] EDMP
[21:27:03] 🔄 Identity reset
[21:27:03] 🔄 Identity rotated (every 10 requests)
[21:27:03] [171/458] SCGZ
[21:27:04] [172/458] GMGX
[21:27:05] [173/458] OMTP
[21:27:05] [174/458] MITD
[21:27:07] [175/458] SMMD
[21:27:08] [176/458] STML
[21:27:09] [177/458] MCFS
[21:27:10] [178/458] FPKA
[21:27:11] [179/458] OMLR
[21:27:12] [180/458] KKSC
[21:27:13] 🔄 Identity reset
[21:27:13] 🔄 Identity rotated (every 10 requests)
[21:27:13] [181/458] RVMA
[21:27:14] [182/458] SCLL
[21:27:15] [183/458] SCDK
[21:27:15] [184/458] SXMI
[21:27:16] [185/458] SHDN
[21:27:17] [186/458] PAAD
[21:27:18] [187/458] UUCB
[21:27:19] [188/458] JHOL
[21:27:20] [189/458] SGWT
[21:27:21] [190/458] SRII
[21:27:22] 🔄 Identity reset
[21:27:22] 🔄 Identity rotated (every 10 requests)
[21:27:22] [191/458] SGCK
[21:27:23] [192/458] SVVB
[21:27:24] [193/458] DMHA
[21:27:25] [194/458] PPNL
[21:27:26] [195/458] CPNL
[21:27:27] [196/458] WVLD
[21:27:28] [197/458] PSLV
[21:27:29] [198/458] VTTL
[21:27:29] [199/458] NPAD
[21:27:30] [200/458] PVCS
[21:27:31] 🔄 Identity reset
[21:27:31] 🔄 Identity rotated (every 10 requests)
[21:27:31] [201/458] MCHL
[21:27:32] [202/458] PPLL
[21:27:33] [203/458] MALO
[21:27:34] [204/458] SWBH
[21:27:35] [205/458] PUGB
[21:27:36] [206/458] INBB
[21:27:37] [207/458] INNS
[21:27:38] [208/458] MCPT
[21:27:39] [209/458] SCMI
[21:27:41] [210/458] OCON
[21:27:41] 🔄 Identity reset
[21:27:41] 🔄 Identity rotated (every 10 requests)
[21:27:42] [211/458] SCSM
[21:27:43] [212/458] RJVN
[21:27:44] [213/458] AMDK
[21:27:45] [214/458] ISMR
[21:27:46] [215/458] SMTD
[21:27:48] [216/458] VTDD
[21:27:49] [217/458] PDDZ
[21:27:49] [218/458] PCCK
[21:27:50] [219/458] INAM
[21:27:51] [220/458] FNKT
[21:27:51] 🔄 Identity reset
[21:27:51] 🔄 Identity rotated (every 10 requests)
[21:27:52] [221/458] GDKA
[21:27:53] [222/458] MAYU
[21:27:54] [223/458] TCGU
[21:27:54] [224/458] KDCA
[21:27:55] [225/458] DOMY
[21:27:56] [226/458] PDDD
[21:27:57] [227/458] BJTS
[21:27:58] [228/458] VTCA
[21:27:58] [229/458] SBTM
[21:27:59] [230/458] SEET
[21:28:00] 🔄 Identity reset
[21:28:00] 🔄 Identity rotated (every 10 requests)
[21:28:01] [231/458] SSTJ
[21:28:02] [232/458] SVNT
[21:28:02] [233/458] PPPR
[21:28:03] [234/458] PVYS
[21:28:04] [235/458] IOSE
[21:28:05] [236/458] ACTV
[21:28:06] [237/458] APVE
[21:28:07] [238/458] TCCL
[21:28:07] [239/458] SCMO
[21:28:08] [240/458] SAUM
[21:28:09] 🔄 Identity reset
[21:28:09] 🔄 Identity rotated (every 10 requests)
[21:28:09] [241/458] KCJS
[21:28:10] [242/458] NJCJ
[21:28:11] [243/458] NECF
[21:28:12] [244/458] CCGW
[21:28:13] [245/458] CCMG
[21:28:13] [246/458] NYRG
[21:28:14] [247/458] NCSQ
[21:28:15] [248/458] GRCG
[21:28:16] [249/458] CCBT
[21:28:17] [250/458] ACGA
[21:28:17] 🔄 Identity reset
[21:28:17] 🔄 Identity rotated (every 10 requests)
[21:28:17] [251/458] INAG
[21:28:19] [252/458] FUCG
[21:28:20] [253/458] AICF
[21:28:21] [254/458] GRGA
[21:28:22] [255/458] GDCN
[21:28:22] [256/458] RRCG
[21:28:23] [257/458] SDCH
[21:28:24] [258/458] WVJM
[21:28:25] [259/458] JCCZ
[21:28:26] [260/458] CNCL
[21:28:27] 🔄 Identity reset
[21:28:27] 🔄 Identity rotated (every 10 requests)
[21:28:27] [261/458] TMLV
[21:28:28] [262/458] MEMB
[21:28:29] [263/458] SGTD
[21:28:30] [264/458] CONX
[21:28:31] [265/458] CCMH
[21:28:32] [266/458] ACMC
[21:28:33] [267/458] DTPD
[21:28:34] [268/458] POJA
[21:28:34] [269/458] FNBH
[21:28:35] [270/458] CGCB
[21:28:36] 🔄 Identity reset
[21:28:36] 🔄 Identity rotated (every 10 requests)
[21:28:36] [271/458] RACN
[21:28:37] [272/458] JTSM
[21:28:38] [273/458] SCDN
[21:28:39] [274/458] AACK
[21:28:40] [275/458] RMCE
[21:28:41] [276/458] BSGB
[21:28:42] [277/458] MRCB
[21:28:42] [278/458] SRVR
[21:28:43] [279/458] VTKK
[21:28:44] [280/458] AMST
[21:28:44] 🔄 Identity reset
[21:28:44] 🔄 Identity rotated (every 10 requests)
[21:28:45] [281/458] APCY
[21:28:46] [282/458] LMHO
[21:28:46] [283/458] MTZH
[21:28:47] [284/458] AMZB
[21:28:48] [285/458] SUVT
[21:28:49] [286/458] RCIP
[21:28:50] [287/458] KESR
[21:28:51] [288/458] SNKC
[21:28:52] [289/458] SCED
[21:28:53] [290/458] DVCA
[21:28:53] 🔄 Identity reset
[21:28:53] 🔄 Identity rotated (every 10 requests)
[21:28:54] [291/458] VCDT
[21:28:55] [292/458] RRDI
[21:28:55] [293/458] DFCH
[21:28:56] [294/458] INSC
[21:28:57] [295/458] RGTR
[21:28:58] [296/458] FMOT
[21:28:59] [297/458] SCPM
[21:29:00] [298/458] GCDT
[21:29:00] [299/458] BRKT
[21:29:01] [300/458] DEMP
[21:29:02] 🔄 Identity reset
[21:29:02] 🔄 Identity rotated (every 10 requests)
[21:29:02] [301/458] SRLC
[21:29:03] [302/458] KSTT
[21:29:04] [303/458] SMMT
[21:29:05] [304/458] SILM
[21:29:05] [305/458] JCVM
[21:29:06] [306/458] KCSV
[21:29:07] [307/458] MHLK
[21:29:08] [308/458] SLVL
[21:29:09] [309/458] RJKP
[21:29:10] [310/458] BBPC
[21:29:11] 🔄 Identity reset
[21:29:11] 🔄 Identity rotated (every 10 requests)
[21:29:11] [311/458] MXCB
[21:29:12] [312/458] TCPK
[21:29:13] [313/458] RTBR
[21:29:14] [314/458] GAUT
[21:29:15] [315/458] DVCF
[21:29:15] [316/458] JTSB
[21:29:16] [317/458] SBLS
[21:29:17] [318/458] UDAY
[21:29:18] [319/458] PTNP
[21:29:19] [320/458] DMKT
[21:29:20] 🔄 Identity reset
[21:29:20] 🔄 Identity rotated (every 10 requests)
[21:29:20] [321/458] NTDT
[21:29:21] [322/458] SHDJ
[21:29:22] [323/458] OTNC
[21:29:23] [324/458] RNTW
[21:29:24] [325/458] GCMI
[21:29:24] [326/458] CRCM
[21:29:25] [327/458] NNCZ
[21:29:26] [328/458] OEMO
[21:29:27] [329/458] PVJM
[21:29:28] [330/458] CPJI
[21:29:28] 🔄 Identity reset
[21:29:28] 🔄 Identity rotated (every 10 requests)
[21:29:29] [331/458] RMCJ
[21:29:30] [332/458] CNWJ
[21:29:31] [333/458] EPJM
[21:29:32] [334/458] FNJJ
[21:29:33] [335/458] GCMJ
[21:29:33] [336/458] INPS
[21:29:34] [337/458] BICJ
[21:29:35] [338/458] ISTJ
[21:29:36] [339/458] INJC
[21:29:37] [340/458] GLXJ
[21:29:38] 🔄 Identity reset
[21:29:38] 🔄 Identity rotated (every 10 requests)
[21:29:38] [341/458] INEM
[21:29:39] [342/458] JTMN
[21:29:40] [343/458] FRCJ
[21:29:40] [344/458] DDJP
[21:29:41] [345/458] INJV
[21:29:42] [346/458] GOLC
[21:29:43] [347/458] KOCI
[21:29:43] [348/458] FSTD
[21:29:44] [349/458] PACJ
[21:29:46] [350/458] GMCN
[21:29:46] 🔄 Identity reset
[21:29:46] 🔄 Identity rotated (every 10 requests)
[21:29:47] [351/458] MMDJ
[21:29:48] [352/458] GODH
[21:29:49] [353/458] SKYN
[21:29:49] [354/458] NCTH
[21:29:50] [355/458] SKVZ
[21:29:51] [356/458] SVML
[21:29:53] [357/458] ACVZ
[21:29:53] [358/458] SURA
[21:29:54] [359/458] RTRB
[21:29:55] [360/458] LLCT
[21:29:56] 🔄 Identity reset
[21:29:56] 🔄 Identity rotated (every 10 requests)
[21:29:56] [361/458] ATTS
[21:29:57] [362/458] JYCM
[21:29:58] [363/458] CTKR
[21:29:59] [364/458] LCKR
[21:30:00] [365/458] NYCV
[21:30:01] [366/458] NYOH
[21:30:02] [367/458] NOVX
[21:30:03] [368/458] MRGK
[21:30:04] [369/458] MOON
[21:30:05] [370/458] SBUC
[21:30:06] 🔄 Identity reset
[21:30:06] 🔄 Identity rotated (every 10 requests)
[21:30:06] [371/458] GSVA
[21:30:07] [372/458] VIAK
[21:30:08] [373/458] SMVZ
[21:30:09] [374/458] MATE
[21:30:10] [375/458] RDCN
[21:30:11] [376/458] ASBL
[21:30:12] [377/458] ASVS
[21:30:13] [378/458] ASSR
[21:30:13] [379/458] SSKN
[21:30:14] [380/458] DRPV
[21:30:15] 🔄 Identity reset
[21:30:15] 🔄 Identity rotated (every 10 requests)
[21:30:15] [381/458] MRHT
[21:30:16] [382/458] BSCN
[21:30:17] [383/458] RKNX
[21:30:18] [384/458] MSMC
[21:30:19] [385/458] MSCJ
[21:30:20] [386/458] BTBJ
[21:30:21] [387/458] MJCC
[21:30:22] [388/458] IOMM
[21:30:23] [389/458] ADGR
[21:30:24] [390/458] MYCP
[21:30:24] 🔄 Identity reset
[21:30:24] 🔄 Identity rotated (every 10 requests)
[21:30:25] [391/458] IGCM
[21:30:26] [392/458] PGRK
[21:30:27] [393/458] VPGO
[21:30:28] [394/458] KOMS
[21:30:29] [395/458] URGG
[21:30:30] [396/458] GOST
[21:30:30] [397/458] LACT
[21:30:31] [398/458] BWCM
[21:30:33] [399/458] NCCW
[21:30:34] [400/458] SKYC
[21:30:34] 🔄 Identity reset
[21:30:34] 🔄 Identity rotated (every 10 requests)
[21:30:34] [401/458] CCPM
[21:30:35] [402/458] VCBT
[21:30:36] [403/458] SDKR
[21:30:37] [404/458] CTYB
[21:30:38] [405/458] SHCX
[21:30:39] [406/458] RCUN
[21:30:40] [407/458] CNRA
[21:30:41] [408/458] RFCA
[21:30:42] [409/458] RDCU
[21:30:43] [410/458] SARK
[21:30:44] 🔄 Identity reset
[21:30:44] 🔄 Identity rotated (every 10 requests)
[21:30:44] [411/458] SPPP
[21:30:45] [412/458] ADMB
[21:30:46] [413/458] JYOE
[21:30:46] [414/458] SRMD
[21:30:47] [415/458] RJDH
[21:30:48] [416/458] SSTD
[21:30:49] [417/458] AACV
[21:30:50] [418/458] PPVD
[21:30:51] [419/458] STCP
[21:30:52] [420/458] ANLS
[21:30:52] 🔄 Identity reset
[21:30:52] 🔄 Identity rotated (every 10 requests)
[21:30:52] [421/458] BIJO
[21:30:53] [422/458] AVAB
[21:30:54] [423/458] SPMD
[21:30:55] [424/458] SVJL
[21:30:56] [425/458] SDDJ
[21:30:56] [426/458] SLTU
[21:30:57] [427/458] SAKA
[21:30:58] [428/458] PMAM
[21:30:59] [429/458] FNAM
[21:31:00] [430/458] ACAM
[21:31:00] 🔄 Identity reset
[21:31:00] 🔄 Identity rotated (every 10 requests)
[21:31:01] [431/458] SCMM
[21:31:02] [432/458] PMAK
[21:31:03] [433/458] NYSA
[21:31:04] [434/458] FCPA
[21:31:05] [435/458] GDAN
[21:31:06] [436/458] RSCA
[21:31:07] [437/458] DMAN
[21:31:08] [438/458] DZCM
[21:31:09] [439/458] NSGL
[21:31:09] [440/458] CCPP
[21:31:10] 🔄 Identity reset
[21:31:10] 🔄 Identity rotated (every 10 requests)
[21:31:11] [441/458] PSMG
[21:31:12] [442/458] GSER
[21:31:13] [443/458] FCCT
[21:31:14] [444/458] FCTB
[21:31:14] [445/458] LCNK
[21:31:15] [446/458] SKTY
[21:31:16] [447/458] INAA
[21:31:17] [448/458] RCWN
[21:31:18] [449/458] VAIS
[21:31:19] [450/458] CVMN
[21:31:20] 🔄 Identity reset
[21:31:20] 🔄 Identity rotated (every 10 requests)
[21:31:20] [451/458] INTS
[21:31:21] [452/458] FRGS
[21:31:22] [453/458] DTCK
[21:31:23] [454/458] MCMH
[21:31:23] [455/458] ECRR
[21:31:24] [456/458] RLLP
[21:31:25] [457/458] CCSN
[21:31:26] [458/458] CCBA
[21:31:27] 🧹 Deduping shows
[21:31:27] ✅ DONE | Shows=2142 | Movies=44
[05:35:20] 🚀 SCRIPT STARTED (enhanced anti‑detection)
[05:35:20] [1/458] MBDC
[05:35:21] 🧠 New identity created
[05:35:21] [2/458] CHKM
[05:35:22] [3/458] JTKZ
[05:35:23] [4/458] CMCT
[05:35:23] [5/458] ASHO
[05:35:24] [6/458] ECDG
[05:35:25] [7/458] SPAT
[05:35:26] [8/458] HILC
[05:35:26] [9/458] SPPH
[05:35:27] [10/458] SBHN
[05:35:27] 🔄 Identity reset
[05:35:27] 🔄 Identity rotated (every 10 requests)
[05:35:28] 🔄 Retry 1/5 for SBHN in 2.3s
[05:35:28] 🔄 Identity reset
[05:35:30] 🧠 New identity created
[05:35:30] 🔄 Retry 2/5 for SBHN in 4.4s
[05:35:30] 🔄 Identity reset
[05:35:34] 🧠 New identity created
[05:35:34] [11/458] RRCA
[05:35:35] [12/458] APAA
[05:35:36] [13/458] RAME
[05:35:37] [14/458] TMMS
[05:35:38] [15/458] BATK
[05:35:39] [16/458] LKOP
[05:35:39] [17/458] AMTT
[05:35:41] [18/458] PTGK
[05:35:42] 🔄 Identity reset
[05:35:42] 🔄 Identity rotated (every 10 requests)
[05:35:42] [19/458] ANRS
[05:35:43] [20/458] VWBW
[05:35:44] [21/458] SVFG
[05:35:45] [22/458] STAT
[05:35:46] [23/458] GDCV
[05:35:46] [24/458] VEBI
[05:35:47] [25/458] VDSS
[05:35:48] [26/458] NTHV
[05:35:49] [27/458] AOCH
[05:35:50] [28/458] KASR
[05:35:50] 🔄 Identity reset
[05:35:50] 🔄 Identity rotated (every 10 requests)
[05:35:50] 🔄 Retry 1/5 for KASR in 2.7s
[05:35:50] 🔄 Identity reset
[05:35:53] 🧠 New identity created
[05:35:53] 🔄 Retry 2/5 for KASR in 4.7s
[05:35:53] 🔄 Identity reset
[05:35:58] 🧠 New identity created
[05:35:58] 🔄 Retry 3/5 for KASR in 9.0s
[05:35:58] 🔄 Identity reset
[05:36:07] 🧠 New identity created
[05:36:07] [29/458] AYCS
[05:36:07] [30/458] SHAI
[05:36:09] [31/458] SKPE
[05:36:10] [32/458] SBTA
[05:36:11] [33/458] RTTD
[05:36:12] [34/458] CCJD
[05:36:13] [35/458] RSJJ
[05:36:14] 🔄 Identity reset
[05:36:14] 🔄 Identity rotated (every 10 requests)
[05:36:14] [36/458] RKND
[05:36:15] [37/458] SVTX
[05:36:15] [38/458] BAKM
[05:36:16] [39/458] SVDC
[05:36:17] [40/458] MNCV
[05:36:18] [41/458] SJGC
[05:36:18] [42/458] MTPK
[05:36:19] [43/458] GATP
[05:36:20] [44/458] ABTS
[05:36:21] [45/458] ABDE
[05:36:22] 🔄 Identity reset
[05:36:22] 🔄 Identity rotated (every 10 requests)
[05:36:22] 🔄 Retry 1/5 for ABDE in 3.0s
[05:36:22] 🔄 Identity reset
[05:36:25] 🧠 New identity created
[05:36:25] [46/458] RCNM
[05:36:26] [47/458] KTHV
[05:36:26] [48/458] MDGJ
[05:36:27] [49/458] SMLM
[05:36:28] [50/458] JTMA
[05:36:29] [51/458] ACKP
[05:36:29] [52/458] SRTA
[05:36:30] [53/458] STAY
[05:36:31] [54/458] MAVO
[05:36:31] 🔄 Identity reset
[05:36:31] 🔄 Identity rotated (every 10 requests)
[05:36:32] [55/458] APTS
[05:36:32] [56/458] OMEA
[05:36:33] [57/458] TTFD
[05:36:34] [58/458] MJCU
[05:36:35] [59/458] CXTE
[05:36:36] [60/458] CTPX
[05:36:37] [61/458] ASSL
[05:36:38] [62/458] CMVB
[05:36:38] [63/458] VPUR
[05:36:40] [64/458] JJDA
[05:36:41] 🔄 Identity reset
[05:36:41] 🔄 Identity rotated (every 10 requests)
[05:36:41] [65/458] INBL
[05:36:42] [66/458] BIKB
[05:36:42] [67/458] NTBB
[05:36:43] [68/458] GLOB
[05:36:44] [69/458] SNTB
[05:36:45] [70/458] CHGV
[05:36:45] [71/458] SSBZ
[05:36:46] [72/458] PRDB
[05:36:47] [73/458] ISMT
[05:36:48] [74/458] MCSD
[05:36:49] 🔄 Identity reset
[05:36:49] 🔄 Identity rotated (every 10 requests)
[05:36:49] [75/458] JBTT
[05:36:50] [76/458] GEKR
[05:36:50] [77/458] PVUN
[05:36:51] [78/458] NRTB
[05:36:52] [79/458] PRAA
[05:36:53] [80/458] PCBL
[05:36:53] [81/458] PTCM
[05:36:54] [82/458] KHNN
[05:36:55] [83/458] OMJE
[05:36:56] [84/458] STGN
[05:36:56] 🔄 Identity reset
[05:36:56] 🔄 Identity rotated (every 10 requests)
[05:36:56] [85/458] RPMS
[05:36:57] [86/458] NWAD
[05:36:58] [87/458] BLCK
[05:36:59] [88/458] SVAA
[05:37:00] [89/458] URVM
[05:37:00] [90/458] ANTM
[05:37:01] [91/458] VJYM
[05:37:02] [92/458] MAZZ
[05:37:03] [93/458] CSHM
[05:37:04] [94/458] WGMH
[05:37:04] 🔄 Identity reset
[05:37:04] 🔄 Identity rotated (every 10 requests)
[05:37:04] [95/458] SALN
[05:37:05] [96/458] BRTP
[05:37:06] [97/458] SVTA
[05:37:07] [98/458] SBTP
[05:37:07] [99/458] VLSS
[05:37:08] [100/458] SRJA
[05:37:09] [101/458] ANCG
[05:37:10] [102/458] CGGC
[05:37:12] [103/458] CRJA
[05:37:13] [104/458] USCR
[05:37:14] 🔄 Identity reset
[05:37:14] 🔄 Identity rotated (every 10 requests)
[05:37:14] [105/458] MMEF
[05:37:15] [106/458] JCRJ
[05:37:16] [107/458] ADCM
[05:37:17] [108/458] BMYK
[05:37:18] [109/458] KICS
[05:37:19] [110/458] MBBT
[05:37:20] [111/458] MACK
[05:37:21] [112/458] CLDR
[05:37:21] [113/458] JYCR
[05:37:22] [114/458] DCRP
[05:37:23] 🔄 Identity reset
[05:37:23] 🔄 Identity rotated (every 10 requests)
[05:37:23] [115/458] RAHT
[05:37:24] [116/458] CSSM
[05:37:25] [117/458] ATPK
[05:37:26] [118/458] KLRT
[05:37:27] [119/458] SRDD
[05:37:27] [120/458] CKMC
[05:37:28] [121/458] KRVM
[05:37:29] [122/458] AKCP
[05:37:30] [123/458] CNCV
[05:37:31] [124/458] PACT
[05:37:31] 🔄 Identity reset
[05:37:31] 🔄 Identity rotated (every 10 requests)
[05:37:32] [125/458] NATP
[05:37:32] [126/458] PCPK
[05:37:33] [127/458] SMHO
[05:37:34] [128/458] CWTK
[05:37:35] [129/458] RVKZ
[05:37:35] [130/458] ASPD
[05:37:36] [131/458] VTKZ
[05:37:37] [132/458] LCSO
[05:37:38] [133/458] PRDY
[05:37:38] [134/458] RCAP
[05:37:39] 🔄 Identity reset
[05:37:39] 🔄 Identity rotated (every 10 requests)
[05:37:39] 🔄 Retry 1/5 for RCAP in 2.2s
[05:37:39] 🔄 Identity reset
[05:37:41] 🧠 New identity created
[05:37:41] [135/458] RGAR
[05:37:42] [136/458] RCAC
[05:37:43] [137/458] PMOD
[05:37:44] [138/458] PVCN
[05:37:45] [139/458] SCRZ
[05:37:46] [140/458] PVPC
[05:37:47] [141/458] STID
[05:37:48] [142/458] NEDD
[05:37:49] [143/458] BNBA
[05:37:50] 🔄 Identity reset
[05:37:50] 🔄 Identity rotated (every 10 requests)
[05:37:50] [144/458] NTCD
[05:37:51] [145/458] OCDE
[05:37:52] [146/458] CCDU
[05:37:52] [147/458] CRXH
[05:37:53] [148/458] VLVT
[05:37:54] [149/458] CICI
[05:37:55] [150/458] SUCB
[05:37:56] [151/458] TCBP
[05:37:57] [152/458] SCCY
[05:37:58] [153/458] LXCY
[05:37:58] 🔄 Identity reset
[05:37:58] 🔄 Identity rotated (every 10 requests)
[05:37:58] [154/458] NCMD
[05:37:59] [155/458] PHCS
[05:38:00] [156/458] DUXR
[05:38:01] [157/458] VNKS
[05:38:01] [158/458] SEDP
[05:38:03] [159/458] SVEN
[05:38:04] [160/458] SRKM
[05:38:05] [161/458] JTLT
[05:38:06] [162/458] SVSS
[05:38:06] [163/458] AMDE
[05:38:07] 🔄 Identity reset
[05:38:07] 🔄 Identity rotated (every 10 requests)
[05:38:07] 🔄 Retry 1/5 for AMDE in 2.4s
[05:38:07] 🔄 Identity reset
[05:38:09] 🧠 New identity created
[05:38:10] [164/458] WVRN
[05:38:10] [165/458] ISMG
[05:38:11] [166/458] WVKS
[05:38:12] [167/458] USCG
[05:38:13] [168/458] IOTG
[05:38:14] [169/458] RRJM
[05:38:15] [170/458] EDMP
[05:38:16] [171/458] SCGZ
[05:38:17] [172/458] GMGX
[05:38:17] 🔄 Identity reset
[05:38:17] 🔄 Identity rotated (every 10 requests)
[05:38:18] [173/458] OMTP
[05:38:19] [174/458] MITD
[05:38:19] [175/458] SMMD
[05:38:20] [176/458] STML
[05:38:21] [177/458] MCFS
[05:38:22] [178/458] FPKA
[05:38:22] [179/458] OMLR
[05:38:23] [180/458] KKSC
[05:38:24] [181/458] RVMA
[05:38:25] [182/458] SCLL
[05:38:26] 🔄 Identity reset
[05:38:26] 🔄 Identity rotated (every 10 requests)
[05:38:26] [183/458] SCDK
[05:38:27] [184/458] SXMI
[05:38:28] [185/458] SHDN
[05:38:28] [186/458] PAAD
[05:38:29] [187/458] UUCB
[05:38:30] [188/458] JHOL
[05:38:31] [189/458] SGWT
[05:38:31] [190/458] SRII
[05:38:32] [191/458] SGCK
[05:38:33] [192/458] SVVB
[05:38:34] 🔄 Identity reset
[05:38:34] 🔄 Identity rotated (every 10 requests)
[05:38:34] 🔄 Retry 1/5 for SVVB in 2.5s
[05:38:34] 🔄 Identity reset
[05:38:37] 🧠 New identity created
[05:38:37] 🔄 Retry 2/5 for SVVB in 5.0s
[05:38:37] 🔄 Identity reset
[05:38:42] 🧠 New identity created
[05:38:42] 🔄 Retry 3/5 for SVVB in 8.1s
[05:38:42] 🔄 Identity reset
[05:38:50] 🧠 New identity created
[05:38:50] 🔄 Retry 4/5 for SVVB in 16.2s
[05:38:50] 🔄 Identity reset
[05:39:06] 🧠 New identity created
[05:39:06] [193/458] DMHA
[05:39:07] [194/458] PPNL
[05:39:08] [195/458] CPNL
[05:39:09] [196/458] WVLD
[05:39:10] [197/458] PSLV
[05:39:11] [198/458] VTTL
[05:39:11] 🔄 Identity reset
[05:39:11] 🔄 Identity rotated (every 10 requests)
[05:39:11] [199/458] NPAD
[05:39:12] [200/458] PVCS
[05:39:13] [201/458] MCHL
[05:39:14] [202/458] PPLL
[05:39:15] [203/458] MALO
[05:39:16] [204/458] SWBH
[05:39:16] [205/458] PUGB
[05:39:17] [206/458] INBB
[05:39:19] [207/458] INNS
[05:39:20] [208/458] MCPT
[05:39:20] 🔄 Identity reset
[05:39:20] 🔄 Identity rotated (every 10 requests)
[05:39:21] [209/458] SCMI
[05:39:21] [210/458] OCON
[05:39:22] [211/458] SCSM
[05:39:23] [212/458] RJVN
[05:39:24] [213/458] AMDK
[05:39:24] [214/458] ISMR
[05:39:25] [215/458] SMTD
[05:39:26] [216/458] VTDD
[05:39:26] [217/458] PDDZ
[05:39:27] [218/458] PCCK
[05:39:28] 🔄 Identity reset
[05:39:28] 🔄 Identity rotated (every 10 requests)
[05:39:28] [219/458] INAM
[05:39:29] [220/458] FNKT
[05:39:30] [221/458] GDKA
[05:39:31] [222/458] MAYU
[05:39:31] [223/458] TCGU
[05:39:32] [224/458] KDCA
[05:39:33] [225/458] DOMY
[05:39:34] [226/458] PDDD
[05:39:35] [227/458] BJTS
[05:39:36] [228/458] VTCA
[05:39:36] 🔄 Identity reset
[05:39:36] 🔄 Identity rotated (every 10 requests)
[05:39:36] [229/458] SBTM
[05:39:37] [230/458] SEET
[05:39:38] [231/458] SSTJ
[05:39:39] [232/458] SVNT
[05:39:40] [233/458] PPPR
[05:39:40] [234/458] PVYS
[05:39:41] [235/458] IOSE
[05:39:42] [236/458] ACTV
[05:39:43] [237/458] APVE
[05:39:44] [238/458] TCCL
[05:39:44] 🔄 Identity reset
[05:39:44] 🔄 Identity rotated (every 10 requests)
[05:39:44] 🔄 Retry 1/5 for TCCL in 2.3s
[05:39:44] 🔄 Identity reset
[05:39:46] 🧠 New identity created
[05:39:46] 🔄 Retry 2/5 for TCCL in 4.8s
[05:39:46] 🔄 Identity reset
[05:39:51] 🧠 New identity created
[05:39:51] 🔄 Retry 3/5 for TCCL in 8.3s
[05:39:51] 🔄 Identity reset
[05:40:00] 🧠 New identity created
[05:40:00] [239/458] SCMO
[05:40:01] [240/458] SAUM
[05:40:02] [241/458] KCJS
[05:40:03] [242/458] NJCJ
[05:40:04] [243/458] NECF
[05:40:04] [244/458] CCGW
[05:40:05] [245/458] CCMG
[05:40:06] 🔄 Identity reset
[05:40:06] 🔄 Identity rotated (every 10 requests)
[05:40:07] [246/458] NYRG
[05:40:08] [247/458] NCSQ
[05:40:08] [248/458] GRCG
[05:40:09] [249/458] CCBT
[05:40:10] [250/458] ACGA
[05:40:11] [251/458] INAG
[05:40:12] [252/458] FUCG
[05:40:12] [253/458] AICF
[05:40:13] [254/458] GRGA
[05:40:15] [255/458] GDCN
[05:40:15] 🔄 Identity reset
[05:40:15] 🔄 Identity rotated (every 10 requests)
[05:40:16] [256/458] RRCG
[05:40:17] [257/458] SDCH
[05:40:17] [258/458] WVJM
[05:40:18] [259/458] JCCZ
[05:40:19] [260/458] CNCL
[05:40:20] [261/458] TMLV
[05:40:21] [262/458] MEMB
[05:40:22] [263/458] SGTD
[05:40:23] [264/458] CONX
[05:40:24] [265/458] CCMH
[05:40:24] 🔄 Identity reset
[05:40:24] 🔄 Identity rotated (every 10 requests)
[05:40:25] 🔄 Retry 1/5 for CCMH in 2.4s
[05:40:25] 🔄 Identity reset
[05:40:27] 🧠 New identity created
[05:40:27] 🔄 Retry 2/5 for CCMH in 4.7s
[05:40:27] 🔄 Identity reset
[05:40:32] 🧠 New identity created
[05:40:32] [266/458] ACMC
[05:40:33] [267/458] DTPD
[05:40:34] [268/458] POJA
[05:40:35] [269/458] FNBH
[05:40:35] [270/458] CGCB
[05:40:36] [271/458] RACN
[05:40:37] [272/458] JTSM
[05:40:38] [273/458] SCDN
[05:40:39] 🔄 Identity reset
[05:40:39] 🔄 Identity rotated (every 10 requests)
[05:40:39] [274/458] AACK
[05:40:40] [275/458] RMCE
[05:40:41] [276/458] BSGB
[05:40:41] [277/458] MRCB
[05:40:42] [278/458] SRVR
[05:40:43] [279/458] VTKK
[05:40:44] [280/458] AMST
[05:40:46] [281/458] APCY
[05:40:46] [282/458] LMHO
[05:40:48] [283/458] MTZH
[05:40:48] 🔄 Identity reset
[05:40:48] 🔄 Identity rotated (every 10 requests)
[05:40:49] [284/458] AMZB
[05:40:50] [285/458] SUVT
[05:40:51] [286/458] RCIP
[05:40:52] [287/458] KESR
[05:40:53] [288/458] SNKC
[05:40:53] [289/458] SCED
[05:40:54] [290/458] DVCA
[05:40:55] [291/458] VCDT
[05:40:56] [292/458] RRDI
[05:40:57] [293/458] DFCH
[05:40:58] 🔄 Identity reset
[05:40:58] 🔄 Identity rotated (every 10 requests)
[05:40:58] [294/458] INSC
[05:40:59] [295/458] RGTR
[05:40:59] [296/458] FMOT
[05:41:00] [297/458] SCPM
[05:41:01] [298/458] GCDT
[05:41:02] [299/458] BRKT
[05:41:03] [300/458] DEMP
[05:41:04] [301/458] SRLC
[05:41:05] [302/458] KSTT
[05:41:06] [303/458] SMMT
[05:41:07] 🔄 Identity reset
[05:41:07] 🔄 Identity rotated (every 10 requests)
[05:41:07] [304/458] SILM
[05:41:08] [305/458] JCVM
[05:41:09] [306/458] KCSV
[05:41:10] [307/458] MHLK
[05:41:10] [308/458] SLVL
[05:41:11] [309/458] RJKP
[05:41:12] [310/458] BBPC
[05:41:13] [311/458] MXCB
[05:41:14] [312/458] TCPK
[05:41:15] [313/458] RTBR
[05:41:15] 🔄 Identity reset
[05:41:15] 🔄 Identity rotated (every 10 requests)
[05:41:15] [314/458] GAUT
[05:41:16] [315/458] DVCF
[05:41:17] [316/458] JTSB
[05:41:18] [317/458] SBLS
[05:41:19] [318/458] UDAY
[05:41:20] [319/458] PTNP
[05:41:21] [320/458] DMKT
[05:41:21] [321/458] NTDT
[05:41:22] [322/458] SHDJ
[05:41:23] [323/458] OTNC
[05:41:24] 🔄 Identity reset
[05:41:24] 🔄 Identity rotated (every 10 requests)
[05:41:24] [324/458] RNTW
[05:41:25] [325/458] GCMI
[05:41:26] [326/458] CRCM
[05:41:27] [327/458] NNCZ
[05:41:28] [328/458] OEMO
[05:41:29] [329/458] PVJM
[05:41:31] [330/458] CPJI
[05:41:31] [331/458] RMCJ
[05:41:32] [332/458] CNWJ
[05:41:33] [333/458] EPJM
[05:41:34] 🔄 Identity reset
[05:41:34] 🔄 Identity rotated (every 10 requests)
[05:41:34] [334/458] FNJJ
[05:41:35] [335/458] GCMJ
[05:41:36] [336/458] INPS
[05:41:37] [337/458] BICJ
[05:41:38] [338/458] ISTJ
[05:41:38] [339/458] INJC
[05:41:39] [340/458] GLXJ
[05:41:41] [341/458] INEM
[05:41:42] [342/458] JTMN
[05:41:43] [343/458] FRCJ
[05:41:43] 🔄 Identity reset
[05:41:43] 🔄 Identity rotated (every 10 requests)
[05:41:43] [344/458] DDJP
[05:41:45] [345/458] INJV
[05:41:45] [346/458] GOLC
[05:41:46] [347/458] KOCI
[05:41:48] [348/458] FSTD
[05:41:48] [349/458] PACJ
[05:41:49] [350/458] GMCN
[05:41:50] [351/458] MMDJ
[05:41:51] [352/458] GODH
[05:41:53] [353/458] SKYN
[05:41:54] 🔄 Identity reset
[05:41:54] 🔄 Identity rotated (every 10 requests)
[05:41:54] [354/458] NCTH
[05:41:55] [355/458] SKVZ
[05:41:56] [356/458] SVML
[05:41:57] [357/458] ACVZ
[05:41:58] [358/458] SURA
[05:41:59] [359/458] RTRB
[05:42:00] [360/458] LLCT
[05:42:01] [361/458] ATTS
[05:42:02] [362/458] JYCM
[05:42:03] [363/458] CTKR
[05:42:03] 🔄 Identity reset
[05:42:03] 🔄 Identity rotated (every 10 requests)
[05:42:04] [364/458] LCKR
[05:42:05] [365/458] NYCV
[05:42:06] [366/458] NYOH
[05:42:06] [367/458] NOVX
[05:42:08] [368/458] MRGK
[05:42:09] [369/458] MOON
[05:42:10] [370/458] SBUC
[05:42:10] [371/458] GSVA
[05:42:12] [372/458] VIAK
[05:42:13] [373/458] SMVZ
[05:42:13] 🔄 Identity reset
[05:42:13] 🔄 Identity rotated (every 10 requests)
[05:42:13] [374/458] MATE
[05:42:14] [375/458] RDCN
[05:42:15] [376/458] ASBL
[05:42:16] [377/458] ASVS
[05:42:17] [378/458] ASSR
[05:42:19] [379/458] SSKN
[05:42:19] [380/458] DRPV
[05:42:21] [381/458] MRHT
[05:42:22] [382/458] BSCN
[05:42:22] [383/458] RKNX
[05:42:23] 🔄 Identity reset
[05:42:23] 🔄 Identity rotated (every 10 requests)
[05:42:23] [384/458] MSMC
[05:42:24] [385/458] MSCJ
[05:42:25] [386/458] BTBJ
[05:42:26] [387/458] MJCC
[05:42:26] [388/458] IOMM
[05:42:27] [389/458] ADGR
[05:42:28] [390/458] MYCP
[05:42:29] [391/458] IGCM
[05:42:30] [392/458] PGRK
[05:42:31] [393/458] VPGO
[05:42:31] 🔄 Identity reset
[05:42:31] 🔄 Identity rotated (every 10 requests)
[05:42:31] [394/458] KOMS
[05:42:32] [395/458] URGG
[05:42:33] [396/458] GOST
[05:42:34] [397/458] LACT
[05:42:35] [398/458] BWCM
[05:42:36] [399/458] NCCW
[05:42:37] [400/458] SKYC
[05:42:38] [401/458] CCPM
[05:42:39] [402/458] VCBT
[05:42:40] [403/458] SDKR
[05:42:41] 🔄 Identity reset
[05:42:41] 🔄 Identity rotated (every 10 requests)
[05:42:41] [404/458] CTYB
[05:42:42] [405/458] SHCX
[05:42:42] [406/458] RCUN
[05:42:43] [407/458] CNRA
[05:42:44] [408/458] RFCA
[05:42:45] [409/458] RDCU
[05:42:46] [410/458] SARK
[05:42:47] [411/458] SPPP
[05:42:47] [412/458] ADMB
[05:42:49] [413/458] JYOE
[05:42:50] 🔄 Identity reset
[05:42:50] 🔄 Identity rotated (every 10 requests)
[05:42:50] [414/458] SRMD
[05:42:51] [415/458] RJDH
[05:42:52] [416/458] SSTD
[05:42:53] [417/458] AACV
[05:42:54] [418/458] PPVD
[05:42:55] [419/458] STCP
[05:42:56] [420/458] ANLS
[05:42:57] [421/458] BIJO
[05:42:58] [422/458] AVAB
[05:42:58] [423/458] SPMD
[05:42:59] 🔄 Identity reset
[05:42:59] 🔄 Identity rotated (every 10 requests)
[05:42:59] [424/458] SVJL
[05:43:00] [425/458] SDDJ
[05:43:01] [426/458] SLTU
[05:43:02] [427/458] SAKA
[05:43:03] [428/458] PMAM
[05:43:04] [429/458] FNAM
[05:43:05] [430/458] ACAM
[05:43:06] [431/458] SCMM
[05:43:07] [432/458] PMAK
[05:43:09] [433/458] NYSA
[05:43:09] 🔄 Identity reset
[05:43:09] 🔄 Identity rotated (every 10 requests)
[05:43:10] [434/458] FCPA
[05:43:11] [435/458] GDAN
[05:43:11] [436/458] RSCA
[05:43:12] [437/458] DMAN
[05:43:13] [438/458] DZCM
[05:43:14] [439/458] NSGL
[05:43:15] [440/458] CCPP
[05:43:16] [441/458] PSMG
[05:43:17] [442/458] GSER
[05:43:18] [443/458] FCCT
[05:43:18] 🔄 Identity reset
[05:43:18] 🔄 Identity rotated (every 10 requests)
[05:43:18] [444/458] FCTB
[05:43:20] [445/458] LCNK
[05:43:21] [446/458] SKTY
[05:43:22] [447/458] INAA
[05:43:23] [448/458] RCWN
[05:43:24] [449/458] VAIS
[05:43:24] [450/458] CVMN
[05:43:26] [451/458] INTS
[05:43:27] [452/458] FRGS
[05:43:28] [453/458] DTCK
[05:43:29] 🔄 Identity reset
[05:43:29] 🔄 Identity rotated (every 10 requests)
[05:43:29] 🔄 Retry 1/5 for DTCK in 2.4s
[05:43:29] 🔄 Identity reset
[05:43:31] 🧠 New identity created
[05:43:32] [454/458] MCMH
[05:43:33] [455/458] ECRR
[05:43:33] [456/458] RLLP
[05:43:34] [457/458] CCSN
[05:43:35] [458/458] CCBA
[05:43:36] 🧹 Deduping shows
[05:43:36] ✅ DONE | Shows=2348 | Movies=48
[14:10:58] 🚀 SCRIPT STARTED (enhanced anti‑detection)
[14:10:58] [1/458] MBDC
[14:10:59] 🧠 New identity created
[14:10:59] [2/458] CHKM
[14:10:59] [3/458] JTKZ
[14:11:00] [4/458] CMCT
[14:11:01] [5/458] ASHO
[14:11:02] [6/458] ECDG
[14:11:03] [7/458] SPAT
[14:11:04] [8/458] HILC
[14:11:04] [9/458] SPPH
[14:11:05] [10/458] SBHN
[14:11:06] 🔄 Identity reset
[14:11:06] 🔄 Identity rotated (every 10 requests)
[14:11:06] [11/458] RRCA
[14:11:07] [12/458] APAA
[14:11:07] [13/458] RAME
[14:11:08] [14/458] TMMS
[14:11:09] [15/458] BATK
[14:11:10] [16/458] LKOP
[14:11:10] [17/458] AMTT
[14:11:11] [18/458] PTGK
[14:11:12] [19/458] ANRS
[14:11:13] [20/458] VWBW
[14:11:14] 🔄 Identity reset
[14:11:14] 🔄 Identity rotated (every 10 requests)
[14:11:14] [21/458] SVFG
[14:11:15] [22/458] STAT
[14:11:16] [23/458] GDCV
[14:11:17] [24/458] VEBI
[14:11:18] [25/458] VDSS
[14:11:19] [26/458] NTHV
[14:11:20] [27/458] AOCH
[14:11:21] [28/458] KASR
[14:11:21] [29/458] AYCS
[14:11:22] [30/458] SHAI
[14:11:23] 🔄 Identity reset
[14:11:23] 🔄 Identity rotated (every 10 requests)
[14:11:23] 🔄 Retry 1/5 for SHAI in 2.8s
[14:11:23] 🔄 Identity reset
[14:11:26] 🧠 New identity created
[14:11:26] [31/458] SKPE
[14:11:27] [32/458] SBTA
[14:11:28] [33/458] RTTD
[14:11:28] [34/458] CCJD
[14:11:30] [35/458] RSJJ
[14:11:30] [36/458] RKND
[14:11:32] [37/458] SVTX
[14:11:32] [38/458] BAKM
[14:11:33] [39/458] SVDC
[14:11:34] 🔄 Identity reset
[14:11:34] 🔄 Identity rotated (every 10 requests)
[14:11:34] [40/458] MNCV
[14:11:35] [41/458] SJGC
[14:11:35] [42/458] MTPK
[14:11:36] [43/458] GATP
[14:11:37] [44/458] ABTS
[14:11:38] [45/458] ABDE
[14:11:39] [46/458] RCNM
[14:11:39] [47/458] KTHV
[14:11:40] [48/458] MDGJ
[14:11:41] [49/458] SMLM
[14:11:41] 🔄 Identity reset
[14:11:41] 🔄 Identity rotated (every 10 requests)
[14:11:41] 🔄 Retry 1/5 for SMLM in 2.3s
[14:11:41] 🔄 Identity reset
[14:11:44] 🧠 New identity created
[14:11:44] [50/458] JTMA
[14:11:45] [51/458] ACKP
[14:11:46] [52/458] SRTA
[14:11:46] [53/458] STAY
[14:11:47] [54/458] MAVO
[14:11:48] [55/458] APTS
[14:11:49] [56/458] OMEA
[14:11:50] [57/458] TTFD
[14:11:50] [58/458] MJCU
[14:11:51] 🔄 Identity reset
[14:11:51] 🔄 Identity rotated (every 10 requests)
[14:11:51] [59/458] CXTE
[14:11:52] [60/458] CTPX
[14:11:53] [61/458] ASSL
[14:11:53] [62/458] CMVB
[14:11:54] [63/458] VPUR
[14:11:55] [64/458] JJDA
[14:11:56] [65/458] INBL
[14:11:57] [66/458] BIKB
[14:11:58] [67/458] NTBB
[14:11:59] [68/458] GLOB
[14:11:59] 🔄 Identity reset
[14:11:59] 🔄 Identity rotated (every 10 requests)
[14:12:00] [69/458] SNTB
[14:12:01] [70/458] CHGV
[14:12:01] [71/458] SSBZ
[14:12:03] [72/458] PRDB
[14:12:04] [73/458] ISMT
[14:12:04] [74/458] MCSD
[14:12:05] [75/458] JBTT
[14:12:06] [76/458] GEKR
[14:12:07] [77/458] PVUN
[14:12:08] [78/458] NRTB
[14:12:08] 🔄 Identity reset
[14:12:08] 🔄 Identity rotated (every 10 requests)
[14:12:08] [79/458] PRAA
[14:12:10] [80/458] PCBL
[14:12:10] [81/458] PTCM
[14:12:11] [82/458] KHNN
[14:12:12] [83/458] OMJE
[14:12:13] [84/458] STGN
[14:12:14] [85/458] RPMS
[14:12:14] [86/458] NWAD
[14:12:15] [87/458] BLCK
[14:12:16] [88/458] SVAA
[14:12:17] 🔄 Identity reset
[14:12:17] 🔄 Identity rotated (every 10 requests)
[14:12:17] [89/458] URVM
[14:12:17] [90/458] ANTM
[14:12:19] [91/458] VJYM
[14:12:20] [92/458] MAZZ
[14:12:21] [93/458] CSHM
[14:12:22] [94/458] WGMH
[14:12:22] [95/458] SALN
[14:12:23] [96/458] BRTP
[14:12:24] [97/458] SVTA
[14:12:25] [98/458] SBTP
[14:12:25] 🔄 Identity reset
[14:12:25] 🔄 Identity rotated (every 10 requests)
[14:12:25] 🔄 Retry 1/5 for SBTP in 2.5s
[14:12:25] 🔄 Identity reset
[14:12:28] 🧠 New identity created
[14:12:28] [99/458] VLSS
[14:12:29] [100/458] SRJA
[14:12:29] [101/458] ANCG
[14:12:30] [102/458] CGGC
[14:12:31] [103/458] CRJA
[14:12:32] [104/458] USCR
[14:12:33] [105/458] MMEF
[14:12:33] [106/458] JCRJ
[14:12:34] [107/458] ADCM
[14:12:35] 🔄 Identity reset
[14:12:35] 🔄 Identity rotated (every 10 requests)
[14:12:35] [108/458] BMYK
[14:12:36] [109/458] KICS
[14:12:37] [110/458] MBBT
[14:12:37] [111/458] MACK
[14:12:38] [112/458] CLDR
[14:12:39] [113/458] JYCR
[14:12:40] [114/458] DCRP
[14:12:41] [115/458] RAHT
[14:12:41] [116/458] CSSM
[14:12:42] [117/458] ATPK
[14:12:43] 🔄 Identity reset
[14:12:43] 🔄 Identity rotated (every 10 requests)
[14:12:43] [118/458] KLRT
[14:12:44] [119/458] SRDD
[14:12:44] [120/458] CKMC
[14:12:46] [121/458] KRVM
[14:12:46] [122/458] AKCP
[14:12:47] [123/458] CNCV
[14:12:48] [124/458] PACT
[14:12:49] [125/458] NATP
[14:12:50] [126/458] PCPK
[14:12:51] [127/458] SMHO
[14:12:51] 🔄 Identity reset
[14:12:51] 🔄 Identity rotated (every 10 requests)
[14:12:52] [128/458] CWTK
[14:12:52] [129/458] RVKZ
[14:12:53] [130/458] ASPD
[14:12:55] [131/458] VTKZ
[14:12:56] [132/458] LCSO
[14:12:56] [133/458] PRDY
[14:12:57] [134/458] RCAP
[14:12:58] [135/458] RGAR
[14:12:58] [136/458] RCAC
[14:12:59] [137/458] PMOD
[14:13:00] 🔄 Identity reset
[14:13:00] 🔄 Identity rotated (every 10 requests)
[14:13:00] 🔄 Retry 1/5 for PMOD in 3.0s
[14:13:00] 🔄 Identity reset
[14:13:03] 🧠 New identity created
[14:13:03] [138/458] PVCN
[14:13:04] [139/458] SCRZ
[14:13:04] [140/458] PVPC
[14:13:05] [141/458] STID
[14:13:06] [142/458] NEDD
[14:13:07] [143/458] BNBA
[14:13:08] [144/458] NTCD
[14:13:08] [145/458] OCDE
[14:13:09] [146/458] CCDU
[14:13:10] 🔄 Identity reset
[14:13:10] 🔄 Identity rotated (every 10 requests)
[14:13:10] [147/458] CRXH
[14:13:12] [148/458] VLVT
[14:13:13] [149/458] CICI
[14:13:14] [150/458] SUCB
[14:13:15] [151/458] TCBP
[14:13:15] [152/458] SCCY
[14:13:16] [153/458] LXCY
[14:13:17] [154/458] NCMD
[14:13:17] [155/458] PHCS
[14:13:18] [156/458] DUXR
[14:13:19] 🔄 Identity reset
[14:13:19] 🔄 Identity rotated (every 10 requests)
[14:13:19] [157/458] VNKS
[14:13:20] [158/458] SEDP
[14:13:21] [159/458] SVEN
[14:13:21] [160/458] SRKM
[14:13:23] [161/458] JTLT
[14:13:24] [162/458] SVSS
[14:13:24] [163/458] AMDE
[14:13:25] [164/458] WVRN
[14:13:26] [165/458] ISMG
[14:13:27] [166/458] WVKS
[14:13:27] 🔄 Identity reset
[14:13:27] 🔄 Identity rotated (every 10 requests)
[14:13:27] [167/458] USCG
[14:13:28] [168/458] IOTG
[14:13:29] [169/458] RRJM
[14:13:30] [170/458] EDMP
[14:13:31] [171/458] SCGZ
[14:13:31] [172/458] GMGX
[14:13:32] [173/458] OMTP
[14:13:33] [174/458] MITD
[14:13:34] [175/458] SMMD
[14:13:34] [176/458] STML
[14:13:35] 🔄 Identity reset
[14:13:35] 🔄 Identity rotated (every 10 requests)
[14:13:36] [177/458] MCFS
[14:13:36] [178/458] FPKA
[14:13:37] [179/458] OMLR
[14:13:38] [180/458] KKSC
[14:13:39] [181/458] RVMA
[14:13:40] [182/458] SCLL
[14:13:41] [183/458] SCDK
[14:13:42] [184/458] SXMI
[14:13:43] [185/458] SHDN
[14:13:43] [186/458] PAAD
[14:13:44] 🔄 Identity reset
[14:13:44] 🔄 Identity rotated (every 10 requests)
[14:13:44] 🔄 Retry 1/5 for PAAD in 2.0s
[14:13:44] 🔄 Identity reset
[14:13:46] 🧠 New identity created
[14:13:46] [187/458] UUCB
[14:13:47] [188/458] JHOL
[14:13:48] [189/458] SGWT
[14:13:48] [190/458] SRII
[14:13:49] [191/458] SGCK
[14:13:50] [192/458] SVVB
[14:13:50] [193/458] DMHA
[14:13:51] [194/458] PPNL
[14:13:52] [195/458] CPNL
[14:13:53] 🔄 Identity reset
[14:13:53] 🔄 Identity rotated (every 10 requests)
[14:13:54] [196/458] WVLD
[14:13:54] [197/458] PSLV
[14:13:56] [198/458] VTTL
[14:13:57] [199/458] NPAD
[14:13:58] [200/458] PVCS
[14:13:58] [201/458] MCHL
[14:13:59] [202/458] PPLL
[14:14:00] [203/458] MALO
[14:14:01] [204/458] SWBH
[14:14:01] [205/458] PUGB
[14:14:02] 🔄 Identity reset
[14:14:02] 🔄 Identity rotated (every 10 requests)
[14:14:02] [206/458] INBB
[14:14:03] [207/458] INNS
[14:14:04] [208/458] MCPT
[14:14:05] [209/458] SCMI
[14:14:05] [210/458] OCON
[14:14:06] [211/458] SCSM
[14:14:07] [212/458] RJVN
[14:14:07] [213/458] AMDK
[14:14:08] [214/458] ISMR
[14:14:09] [215/458] SMTD
[14:14:09] 🔄 Identity reset
[14:14:09] 🔄 Identity rotated (every 10 requests)
[14:14:10] [216/458] VTDD
[14:14:11] [217/458] PDDZ
[14:14:12] [218/458] PCCK
[14:14:12] [219/458] INAM
[14:14:13] [220/458] FNKT
[14:14:14] [221/458] GDKA
[14:14:15] [222/458] MAYU
[14:14:16] [223/458] TCGU
[14:14:16] [224/458] KDCA
[14:14:17] [225/458] DOMY
[14:14:18] 🔄 Identity reset
[14:14:18] 🔄 Identity rotated (every 10 requests)
[14:14:18] [226/458] PDDD
[14:14:19] [227/458] BJTS
[14:14:20] [228/458] VTCA
[14:14:21] [229/458] SBTM
[14:14:21] [230/458] SEET
[14:14:22] [231/458] SSTJ
[14:14:23] [232/458] SVNT
[14:14:24] [233/458] PPPR
[14:14:25] [234/458] PVYS
[14:14:26] [235/458] IOSE
[14:14:27] 🔄 Identity reset
[14:14:27] 🔄 Identity rotated (every 10 requests)
[14:14:27] [236/458] ACTV
[14:14:28] [237/458] APVE
[14:14:29] [238/458] TCCL
[14:14:30] [239/458] SCMO
[14:14:30] [240/458] SAUM
[14:14:31] [241/458] KCJS
[14:14:32] [242/458] NJCJ
[14:14:33] [243/458] NECF
[14:14:34] [244/458] CCGW
[14:14:35] [245/458] CCMG
[14:14:35] 🔄 Identity reset
[14:14:35] 🔄 Identity rotated (every 10 requests)
[14:14:35] [246/458] NYRG
[14:14:36] [247/458] NCSQ
[14:14:37] [248/458] GRCG
[14:14:38] [249/458] CCBT
[14:14:40] [250/458] ACGA
[14:14:41] [251/458] INAG
[14:14:42] [252/458] FUCG
[14:14:43] [253/458] AICF
[14:14:44] [254/458] GRGA
[14:14:45] [255/458] GDCN
[14:14:45] 🔄 Identity reset
[14:14:45] 🔄 Identity rotated (every 10 requests)
[14:14:46] [256/458] RRCG
[14:14:47] [257/458] SDCH
[14:14:47] [258/458] WVJM
[14:14:48] [259/458] JCCZ
[14:14:49] [260/458] CNCL
[14:14:50] [261/458] TMLV
[14:14:50] [262/458] MEMB
[14:14:51] [263/458] SGTD
[14:14:52] [264/458] CONX
[14:14:53] [265/458] CCMH
[14:14:53] 🔄 Identity reset
[14:14:54] 🔄 Identity rotated (every 10 requests)
[14:14:54] [266/458] ACMC
[14:14:55] [267/458] DTPD
[14:14:57] [268/458] POJA
[14:14:58] [269/458] FNBH
[14:14:58] [270/458] CGCB
[14:15:00] [271/458] RACN
[14:15:01] [272/458] JTSM
[14:15:02] [273/458] SCDN
[14:15:03] [274/458] AACK
[14:15:04] [275/458] RMCE
[14:15:04] 🔄 Identity reset
[14:15:04] 🔄 Identity rotated (every 10 requests)
[14:15:05] [276/458] BSGB
[14:15:05] [277/458] MRCB
[14:15:06] [278/458] SRVR
[14:15:07] [279/458] VTKK
[14:15:08] [280/458] AMST
[14:15:09] [281/458] APCY
[14:15:09] [282/458] LMHO
[14:15:11] [283/458] MTZH
[14:15:12] [284/458] AMZB
[14:15:13] [285/458] SUVT
[14:15:13] 🔄 Identity reset
[14:15:13] 🔄 Identity rotated (every 10 requests)
[14:15:13] [286/458] RCIP
[14:15:14] [287/458] KESR
[14:15:15] [288/458] SNKC
[14:15:15] [289/458] SCED
[14:15:16] [290/458] DVCA
[14:15:17] [291/458] VCDT
[14:15:18] [292/458] RRDI
[14:15:19] [293/458] DFCH
[14:15:20] [294/458] INSC
[14:15:20] [295/458] RGTR
[14:15:21] 🔄 Identity reset
[14:15:21] 🔄 Identity rotated (every 10 requests)
[14:15:21] 🔄 Retry 1/5 for RGTR in 2.6s
[14:15:21] 🔄 Identity reset
[14:15:24] 🧠 New identity created
[14:15:24] [296/458] FMOT
[14:15:25] [297/458] SCPM
[14:15:26] [298/458] GCDT
[14:15:27] [299/458] BRKT
[14:15:28] [300/458] DEMP
[14:15:29] [301/458] SRLC
[14:15:30] [302/458] KSTT
[14:15:31] [303/458] SMMT
[14:15:32] [304/458] SILM
[14:15:32] 🔄 Identity reset
[14:15:32] 🔄 Identity rotated (every 10 requests)
[14:15:33] [305/458] JCVM
[14:15:34] [306/458] KCSV
[14:15:34] [307/458] MHLK
[14:15:35] [308/458] SLVL
[14:15:36] [309/458] RJKP
[14:15:37] [310/458] BBPC
[14:15:39] [311/458] MXCB
[14:15:39] [312/458] TCPK
[14:15:41] [313/458] RTBR
[14:15:42] [314/458] GAUT
[14:15:43] 🔄 Identity reset
[14:15:43] 🔄 Identity rotated (every 10 requests)
[14:15:43] [315/458] DVCF
[14:15:44] [316/458] JTSB
[14:15:45] [317/458] SBLS
[14:15:45] [318/458] UDAY
[14:15:46] [319/458] PTNP
[14:15:47] [320/458] DMKT
[14:15:48] [321/458] NTDT
[14:15:49] [322/458] SHDJ
[14:15:50] [323/458] OTNC
[14:15:50] [324/458] RNTW
[14:15:51] 🔄 Identity reset
[14:15:51] 🔄 Identity rotated (every 10 requests)
[14:15:51] [325/458] GCMI
[14:15:52] [326/458] CRCM
[14:15:53] [327/458] NNCZ
[14:15:55] [328/458] OEMO
[14:15:56] [329/458] PVJM
[14:15:57] [330/458] CPJI
[14:15:58] [331/458] RMCJ
[14:15:59] [332/458] CNWJ
[14:16:00] [333/458] EPJM
[14:16:01] [334/458] FNJJ
[14:16:01] 🔄 Identity reset
[14:16:01] 🔄 Identity rotated (every 10 requests)
[14:16:02] [335/458] GCMJ
[14:16:03] [336/458] INPS
[14:16:04] [337/458] BICJ
[14:16:04] [338/458] ISTJ
[14:16:05] [339/458] INJC
[14:16:06] [340/458] GLXJ
[14:16:08] [341/458] INEM
[14:16:09] [342/458] JTMN
[14:16:09] [343/458] FRCJ
[14:16:10] [344/458] DDJP
[14:16:11] 🔄 Identity reset
[14:16:11] 🔄 Identity rotated (every 10 requests)
[14:16:11] [345/458] INJV
[14:16:12] [346/458] GOLC
[14:16:13] [347/458] KOCI
[14:16:14] [348/458] FSTD
[14:16:15] [349/458] PACJ
[14:16:16] [350/458] GMCN
[14:16:17] [351/458] MMDJ
[14:16:18] [352/458] GODH
[14:16:18] [353/458] SKYN
[14:16:19] [354/458] NCTH
[14:16:20] 🔄 Identity reset
[14:16:20] 🔄 Identity rotated (every 10 requests)
[14:16:21] [355/458] SKVZ
[14:16:22] [356/458] SVML
[14:16:22] [357/458] ACVZ
[14:16:23] [358/458] SURA
[14:16:24] [359/458] RTRB
[14:16:25] [360/458] LLCT
[14:16:26] [361/458] ATTS
[14:16:27] [362/458] JYCM
[14:16:28] [363/458] CTKR
[14:16:29] [364/458] LCKR
[14:16:30] 🔄 Identity reset
[14:16:30] 🔄 Identity rotated (every 10 requests)
[14:16:30] [365/458] NYCV
[14:16:31] [366/458] NYOH
[14:16:33] [367/458] NOVX
[14:16:34] [368/458] MRGK
[14:16:35] [369/458] MOON
[14:16:36] [370/458] SBUC
[14:16:37] [371/458] GSVA
[14:16:38] [372/458] VIAK
[14:16:39] [373/458] SMVZ
[14:16:40] [374/458] MATE
[14:16:40] 🔄 Identity reset
[14:16:40] 🔄 Identity rotated (every 10 requests)
[14:16:41] [375/458] RDCN
[14:16:42] [376/458] ASBL
[14:16:42] [377/458] ASVS
[14:16:44] [378/458] ASSR
[14:16:45] [379/458] SSKN
[14:16:46] [380/458] DRPV
[14:16:46] [381/458] MRHT
[14:16:47] [382/458] BSCN
[14:16:48] [383/458] RKNX
[14:16:49] [384/458] MSMC
[14:16:50] 🔄 Identity reset
[14:16:50] 🔄 Identity rotated (every 10 requests)
[14:16:51] [385/458] MSCJ
[14:16:51] [386/458] BTBJ
[14:16:52] [387/458] MJCC
[14:16:53] [388/458] IOMM
[14:16:54] [389/458] ADGR
[14:16:54] [390/458] MYCP
[14:16:56] [391/458] IGCM
[14:16:57] [392/458] PGRK
[14:16:58] [393/458] VPGO
[14:16:58] [394/458] KOMS
[14:16:59] 🔄 Identity reset
[14:16:59] 🔄 Identity rotated (every 10 requests)
[14:16:59] [395/458] URGG
[14:17:00] [396/458] GOST
[14:17:01] [397/458] LACT
[14:17:02] [398/458] BWCM
[14:17:03] [399/458] NCCW
[14:17:04] [400/458] SKYC
[14:17:05] [401/458] CCPM
[14:17:05] [402/458] VCBT
[14:17:06] [403/458] SDKR
[14:17:07] [404/458] CTYB
[14:17:07] 🔄 Identity reset
[14:17:07] 🔄 Identity rotated (every 10 requests)
[14:17:08] [405/458] SHCX
[14:17:08] [406/458] RCUN
[14:17:09] [407/458] CNRA
[14:17:10] [408/458] RFCA
[14:17:11] [409/458] RDCU
[14:17:12] [410/458] SARK
[14:17:13] [411/458] SPPP
[14:17:14] [412/458] ADMB
[14:17:14] [413/458] JYOE
[14:17:16] [414/458] SRMD
[14:17:17] 🔄 Identity reset
[14:17:17] 🔄 Identity rotated (every 10 requests)
[14:17:17] [415/458] RJDH
[14:17:18] [416/458] SSTD
[14:17:19] [417/458] AACV
[14:17:20] [418/458] PPVD
[14:17:21] [419/458] STCP
[14:17:22] [420/458] ANLS
[14:17:22] [421/458] BIJO
[14:17:23] [422/458] AVAB
[14:17:24] [423/458] SPMD
[14:17:25] [424/458] SVJL
[14:17:26] 🔄 Identity reset
[14:17:26] 🔄 Identity rotated (every 10 requests)
[14:17:26] [425/458] SDDJ
[14:17:27] [426/458] SLTU
[14:17:29] [427/458] SAKA
[14:17:30] [428/458] PMAM
[14:17:30] [429/458] FNAM
[14:17:31] [430/458] ACAM
[14:17:32] [431/458] SCMM
[14:17:33] [432/458] PMAK
[14:17:34] [433/458] NYSA
[14:17:35] [434/458] FCPA
[14:17:35] 🔄 Identity reset
[14:17:35] 🔄 Identity rotated (every 10 requests)
[14:17:35] [435/458] GDAN
[14:17:36] [436/458] RSCA
[14:17:37] [437/458] DMAN
[14:17:38] [438/458] DZCM
[14:17:39] [439/458] NSGL
[14:17:40] [440/458] CCPP
[14:17:41] [441/458] PSMG
[14:17:42] [442/458] GSER
[14:17:43] [443/458] FCCT
[14:17:44] [444/458] FCTB
[14:17:44] 🔄 Identity reset
[14:17:44] 🔄 Identity rotated (every 10 requests)
[14:17:45] [445/458] LCNK
[14:17:46] [446/458] SKTY
[14:17:47] [447/458] INAA
[14:17:49] [448/458] RCWN
[14:17:49] [449/458] VAIS
[14:17:50] [450/458] CVMN
[14:17:51] [451/458] INTS
[14:17:52] [452/458] FRGS
[14:17:53] [453/458] DTCK
[14:17:54] [454/458] MCMH
[14:17:55] 🔄 Identity reset
[14:17:55] 🔄 Identity rotated (every 10 requests)
[14:17:55] [455/458] ECRR
[14:17:56] [456/458] RLLP
[14:17:56] [457/458] CCSN
[14:17:57] [458/458] CCBA
[14:17:58] 🧹 Deduping shows
[14:17:58] ✅ DONE | Shows=2669 | Movies=57
[19:55:45] 🚀 SCRIPT STARTED (enhanced anti‑detection)
[19:55:45] [1/458] MBDC
[19:55:45] 🧠 New identity created
[19:55:47] [2/458] CHKM
[19:55:47] [3/458] JTKZ
[19:55:48] [4/458] CMCT
[19:55:49] [5/458] ASHO
[19:55:50] [6/458] ECDG
[19:55:51] [7/458] SPAT
[19:55:52] [8/458] HILC
[19:55:53] [9/458] SPPH
[19:55:54] [10/458] SBHN
[19:55:54] 🔄 Identity reset
[19:55:54] 🔄 Identity rotated (every 10 requests)
[19:55:55] [11/458] RRCA
[19:55:55] [12/458] APAA
[19:55:56] [13/458] RAME
[19:55:57] [14/458] TMMS
[19:55:58] [15/458] BATK
[19:56:00] [16/458] LKOP
[19:56:00] [17/458] AMTT
[19:56:01] [18/458] PTGK
[19:56:02] [19/458] ANRS
[19:56:03] [20/458] VWBW
[19:56:04] 🔄 Identity reset
[19:56:04] 🔄 Identity rotated (every 10 requests)
[19:56:04] 🔄 Retry 1/5 for VWBW in 2.8s
[19:56:04] 🔄 Identity reset
[19:56:07] 🧠 New identity created
[19:56:07] [21/458] SVFG
[19:56:08] [22/458] STAT
[19:56:09] [23/458] GDCV
[19:56:10] [24/458] VEBI
[19:56:11] [25/458] VDSS
[19:56:12] [26/458] NTHV
[19:56:13] [27/458] AOCH
[19:56:14] [28/458] KASR
[19:56:15] [29/458] AYCS
[19:56:15] 🔄 Identity reset
[19:56:15] 🔄 Identity rotated (every 10 requests)
[19:56:16] [30/458] SHAI
[19:56:17] [31/458] SKPE
[19:56:18] [32/458] SBTA
[19:56:19] [33/458] RTTD
[19:56:20] [34/458] CCJD
[19:56:21] [35/458] RSJJ
[19:56:22] [36/458] RKND
[19:56:23] [37/458] SVTX
[19:56:24] [38/458] BAKM
[19:56:24] [39/458] SVDC
[19:56:25] 🔄 Identity reset
[19:56:25] 🔄 Identity rotated (every 10 requests)
[19:56:25] [40/458] MNCV
[19:56:26] [41/458] SJGC
[19:56:27] [42/458] MTPK
[19:56:28] [43/458] GATP
[19:56:29] [44/458] ABTS
[19:56:30] [45/458] ABDE
[19:56:31] [46/458] RCNM
[19:56:32] [47/458] KTHV
[19:56:32] [48/458] MDGJ
[19:56:33] [49/458] SMLM
[19:56:34] 🔄 Identity reset
[19:56:34] 🔄 Identity rotated (every 10 requests)
[19:56:34] [50/458] JTMA
[19:56:35] [51/458] ACKP
[19:56:36] [52/458] SRTA
[19:56:37] [53/458] STAY
[19:56:38] [54/458] MAVO
[19:56:40] [55/458] APTS
[19:56:41] [56/458] OMEA
[19:56:42] [57/458] TTFD
[19:56:43] [58/458] MJCU
[19:56:43] [59/458] CXTE
[19:56:44] 🔄 Identity reset
[19:56:44] 🔄 Identity rotated (every 10 requests)
[19:56:44] [60/458] CTPX
[19:56:45] [61/458] ASSL
[19:56:46] [62/458] CMVB
[19:56:47] [63/458] VPUR
[19:56:48] [64/458] JJDA
[19:56:49] [65/458] INBL
[19:56:50] [66/458] BIKB
[19:56:50] [67/458] NTBB
[19:56:52] [68/458] GLOB
[19:56:53] [69/458] SNTB
[19:56:53] 🔄 Identity reset
[19:56:53] 🔄 Identity rotated (every 10 requests)
[19:56:54] [70/458] CHGV
[19:56:55] [71/458] SSBZ
[19:56:56] [72/458] PRDB
[19:56:57] [73/458] ISMT
[19:56:58] [74/458] MCSD
[19:56:58] [75/458] JBTT
[19:56:59] [76/458] GEKR
[19:57:00] [77/458] PVUN
[19:57:01] [78/458] NRTB
[19:57:02] [79/458] PRAA
[19:57:03] 🔄 Identity reset
[19:57:03] 🔄 Identity rotated (every 10 requests)
[19:57:03] [80/458] PCBL
[19:57:04] [81/458] PTCM
[19:57:05] [82/458] KHNN
[19:57:07] [83/458] OMJE
[19:57:08] [84/458] STGN
[19:57:10] [85/458] RPMS
[19:57:11] [86/458] NWAD
[19:57:12] [87/458] BLCK
[19:57:14] [88/458] SVAA
[19:57:14] [89/458] URVM
[19:57:15] 🔄 Identity reset
[19:57:15] 🔄 Identity rotated (every 10 requests)
[19:57:15] [90/458] ANTM
[19:57:16] [91/458] VJYM
[19:57:17] [92/458] MAZZ
[19:57:18] [93/458] CSHM
[19:57:19] [94/458] WGMH
[19:57:20] [95/458] SALN
[19:57:21] [96/458] BRTP
[19:57:21] [97/458] SVTA
[19:57:23] [98/458] SBTP
[19:57:23] [99/458] VLSS
[19:57:24] 🔄 Identity reset
[19:57:24] 🔄 Identity rotated (every 10 requests)
[19:57:24] [100/458] SRJA
[19:57:26] [101/458] ANCG
[19:57:27] [102/458] CGGC
[19:57:28] [103/458] CRJA
[19:57:29] [104/458] USCR
[19:57:30] [105/458] MMEF
[19:57:31] [106/458] JCRJ
[19:57:32] [107/458] ADCM
[19:57:33] [108/458] BMYK
[19:57:33] [109/458] KICS
[19:57:34] 🔄 Identity reset
[19:57:34] 🔄 Identity rotated (every 10 requests)
[19:57:35] [110/458] MBBT
[19:57:36] [111/458] MACK
[19:57:38] [112/458] CLDR
[19:57:38] [113/458] JYCR
[19:57:39] [114/458] DCRP
[19:57:40] [115/458] RAHT
[19:57:41] [116/458] CSSM
[19:57:42] [117/458] ATPK
[19:57:43] [118/458] KLRT
[19:57:44] [119/458] SRDD
[19:57:44] 🔄 Identity reset
[19:57:44] 🔄 Identity rotated (every 10 requests)
[19:57:45] [120/458] CKMC
[19:57:46] [121/458] KRVM
[19:57:47] [122/458] AKCP
[19:57:49] [123/458] CNCV
[19:57:50] [124/458] PACT
[19:57:51] [125/458] NATP
[19:57:52] [126/458] PCPK
[19:57:53] [127/458] SMHO
[19:57:54] [128/458] CWTK
[19:57:54] [129/458] RVKZ
[19:57:55] 🔄 Identity reset
[19:57:55] 🔄 Identity rotated (every 10 requests)
[19:57:56] [130/458] ASPD
[19:57:57] [131/458] VTKZ
[19:57:57] [132/458] LCSO
[19:57:58] [133/458] PRDY
[19:57:59] [134/458] RCAP
[19:58:00] [135/458] RGAR
[19:58:01] [136/458] RCAC
[19:58:02] [137/458] PMOD
[19:58:02] [138/458] PVCN
[19:58:03] [139/458] SCRZ
[19:58:04] 🔄 Identity reset
[19:58:04] 🔄 Identity rotated (every 10 requests)
[19:58:04] [140/458] PVPC
[19:58:05] [141/458] STID
[19:58:06] [142/458] NEDD
[19:58:07] [143/458] BNBA
[19:58:08] [144/458] NTCD
[19:58:09] [145/458] OCDE
[19:58:10] [146/458] CCDU
[19:58:12] [147/458] CRXH
[19:58:13] [148/458] VLVT
[19:58:14] [149/458] CICI
[19:58:14] 🔄 Identity reset
[19:58:14] 🔄 Identity rotated (every 10 requests)
[19:58:15] 🔄 Retry 1/5 for CICI in 2.6s
[19:58:15] 🔄 Identity reset
[19:58:17] 🧠 New identity created
[19:58:17] 🔄 Retry 2/5 for CICI in 4.5s
[19:58:17] 🔄 Identity reset
[19:58:22] 🧠 New identity created
[19:58:23] [150/458] SUCB
[19:58:24] [151/458] TCBP
[19:58:25] [152/458] SCCY
[19:58:25] [153/458] LXCY
[19:58:26] [154/458] NCMD
[19:58:27] [155/458] PHCS
[19:58:28] [156/458] DUXR
[19:58:29] [157/458] VNKS
[19:58:29] 🔄 Identity reset
[19:58:29] 🔄 Identity rotated (every 10 requests)
[19:58:29] 🔄 Retry 1/5 for VNKS in 2.5s
[19:58:29] 🔄 Identity reset
[19:58:32] 🧠 New identity created
[19:58:32] [158/458] SEDP
[19:58:33] [159/458] SVEN
[19:58:34] [160/458] SRKM
[19:58:35] [161/458] JTLT
[19:58:36] [162/458] SVSS
[19:58:37] [163/458] AMDE
[19:58:38] [164/458] WVRN
[19:58:39] [165/458] ISMG
[19:58:40] [166/458] WVKS
[19:58:41] 🔄 Identity reset
[19:58:41] 🔄 Identity rotated (every 10 requests)
[19:58:41] [167/458] USCG
[19:58:42] [168/458] IOTG
[19:58:43] [169/458] RRJM
[19:58:44] [170/458] EDMP
[19:58:45] [171/458] SCGZ
[19:58:46] [172/458] GMGX
[19:58:48] [173/458] OMTP
[19:58:49] [174/458] MITD
[19:58:50] [175/458] SMMD
[19:58:51] [176/458] STML
[19:58:51] 🔄 Identity reset
[19:58:51] 🔄 Identity rotated (every 10 requests)
[19:58:52] [177/458] MCFS
[19:58:53] [178/458] FPKA
[19:58:54] [179/458] OMLR
[19:58:54] [180/458] KKSC
[19:58:55] [181/458] RVMA
[19:58:56] [182/458] SCLL
[19:58:57] [183/458] SCDK
[19:58:58] [184/458] SXMI
[19:58:59] [185/458] SHDN
[19:59:00] [186/458] PAAD
[19:59:00] 🔄 Identity reset
[19:59:00] 🔄 Identity rotated (every 10 requests)
[19:59:01] [187/458] UUCB
[19:59:02] [188/458] JHOL
[19:59:03] [189/458] SGWT
[19:59:04] [190/458] SRII
[19:59:05] [191/458] SGCK
[19:59:07] [192/458] SVVB
[19:59:07] [193/458] DMHA
[19:59:08] [194/458] PPNL
[19:59:09] [195/458] CPNL
[19:59:10] [196/458] WVLD
[19:59:10] 🔄 Identity reset
[19:59:10] 🔄 Identity rotated (every 10 requests)
[19:59:11] [197/458] PSLV
[19:59:11] [198/458] VTTL
[19:59:12] [199/458] NPAD
[19:59:13] [200/458] PVCS
[19:59:14] [201/458] MCHL
[19:59:15] [202/458] PPLL
[19:59:16] [203/458] MALO
[19:59:16] [204/458] SWBH
[19:59:17] [205/458] PUGB
[19:59:18] [206/458] INBB
[19:59:19] 🔄 Identity reset
[19:59:19] 🔄 Identity rotated (every 10 requests)
[19:59:19] [207/458] INNS
[19:59:20] [208/458] MCPT
[19:59:21] [209/458] SCMI
[19:59:22] [210/458] OCON
[19:59:24] [211/458] SCSM
[19:59:24] [212/458] RJVN
[19:59:25] [213/458] AMDK
[19:59:26] [214/458] ISMR
[19:59:28] [215/458] SMTD
[19:59:29] [216/458] VTDD
[19:59:29] 🔄 Identity reset
[19:59:29] 🔄 Identity rotated (every 10 requests)
[19:59:30] [217/458] PDDZ
[19:59:31] [218/458] PCCK
[19:59:32] [219/458] INAM
[19:59:33] [220/458] FNKT
[19:59:34] [221/458] GDKA
[19:59:36] [222/458] MAYU
[19:59:37] [223/458] TCGU
[19:59:38] [224/458] KDCA
[19:59:39] [225/458] DOMY
[19:59:40] [226/458] PDDD
[19:59:40] 🔄 Identity reset
[19:59:40] 🔄 Identity rotated (every 10 requests)
[19:59:41] [227/458] BJTS
[19:59:43] [228/458] VTCA
[19:59:44] [229/458] SBTM
[19:59:45] [230/458] SEET
[19:59:46] [231/458] SSTJ
[19:59:47] [232/458] SVNT
[19:59:48] [233/458] PPPR
[19:59:49] [234/458] PVYS
[19:59:50] [235/458] IOSE
[19:59:51] [236/458] ACTV
[19:59:51] 🔄 Identity reset
[19:59:51] 🔄 Identity rotated (every 10 requests)
[19:59:51] [237/458] APVE
[19:59:52] [238/458] TCCL
[19:59:53] [239/458] SCMO
[19:59:54] [240/458] SAUM
[19:59:55] [241/458] KCJS
[19:59:56] [242/458] NJCJ
[19:59:57] [243/458] NECF
[19:59:58] [244/458] CCGW
[19:59:59] [245/458] CCMG
[20:00:00] [246/458] NYRG
[20:00:00] 🔄 Identity reset
[20:00:00] 🔄 Identity rotated (every 10 requests)
[20:00:01] [247/458] NCSQ
[20:00:01] [248/458] GRCG
[20:00:03] [249/458] CCBT
[20:00:04] [250/458] ACGA
[20:00:05] [251/458] INAG
[20:00:06] [252/458] FUCG
[20:00:07] [253/458] AICF
[20:00:08] [254/458] GRGA
[20:00:09] [255/458] GDCN
[20:00:09] [256/458] RRCG
[20:00:10] 🔄 Identity reset
[20:00:10] 🔄 Identity rotated (every 10 requests)
[20:00:10] [257/458] SDCH
[20:00:11] [258/458] WVJM
[20:00:12] [259/458] JCCZ
[20:00:13] [260/458] CNCL
[20:00:14] [261/458] TMLV
[20:00:15] [262/458] MEMB
[20:00:16] [263/458] SGTD
[20:00:17] [264/458] CONX
[20:00:18] [265/458] CCMH
[20:00:18] [266/458] ACMC
[20:00:19] 🔄 Identity reset
[20:00:19] 🔄 Identity rotated (every 10 requests)
[20:00:19] [267/458] DTPD
[20:00:20] [268/458] POJA
[20:00:21] [269/458] FNBH
[20:00:22] [270/458] CGCB
[20:00:23] [271/458] RACN
[20:00:24] [272/458] JTSM
[20:00:25] [273/458] SCDN
[20:00:26] [274/458] AACK
[20:00:27] [275/458] RMCE
[20:00:28] [276/458] BSGB
[20:00:28] 🔄 Identity reset
[20:00:28] 🔄 Identity rotated (every 10 requests)
[20:00:29] [277/458] MRCB
[20:00:30] [278/458] SRVR
[20:00:31] [279/458] VTKK
[20:00:32] [280/458] AMST
[20:00:32] [281/458] APCY
[20:00:33] [282/458] LMHO
[20:00:34] [283/458] MTZH
[20:00:35] [284/458] AMZB
[20:00:36] [285/458] SUVT
[20:00:37] [286/458] RCIP
[20:00:38] 🔄 Identity reset
[20:00:38] 🔄 Identity rotated (every 10 requests)
[20:00:38] [287/458] KESR
[20:00:39] [288/458] SNKC
[20:00:40] [289/458] SCED
[20:00:41] [290/458] DVCA
[20:00:42] [291/458] VCDT
[20:00:43] [292/458] RRDI
[20:00:44] [293/458] DFCH
[20:00:45] [294/458] INSC
[20:00:46] [295/458] RGTR
[20:00:47] [296/458] FMOT
[20:00:47] 🔄 Identity reset
[20:00:47] 🔄 Identity rotated (every 10 requests)
[20:00:48] [297/458] SCPM
[20:00:49] [298/458] GCDT
[20:00:50] [299/458] BRKT
[20:00:51] [300/458] DEMP
[20:00:52] [301/458] SRLC
[20:00:54] [302/458] KSTT
[20:00:54] [303/458] SMMT
[20:00:55] [304/458] SILM
[20:00:57] [305/458] JCVM
[20:00:57] [306/458] KCSV
[20:00:58] 🔄 Identity reset
[20:00:58] 🔄 Identity rotated (every 10 requests)
[20:00:58] [307/458] MHLK
[20:00:59] [308/458] SLVL
[20:01:00] [309/458] RJKP
[20:01:01] [310/458] BBPC
[20:01:02] [311/458] MXCB
[20:01:03] [312/458] TCPK
[20:01:04] [313/458] RTBR
[20:01:05] [314/458] GAUT
[20:01:06] [315/458] DVCF
[20:01:07] [316/458] JTSB
[20:01:07] 🔄 Identity reset
[20:01:07] 🔄 Identity rotated (every 10 requests)
[20:01:08] [317/458] SBLS
[20:01:09] [318/458] UDAY
[20:01:10] [319/458] PTNP
[20:01:11] [320/458] DMKT
[20:01:11] [321/458] NTDT
[20:01:13] [322/458] SHDJ
[20:01:14] [323/458] OTNC
[20:01:15] [324/458] RNTW
[20:01:16] [325/458] GCMI
[20:01:16] [326/458] CRCM
[20:01:17] 🔄 Identity reset
[20:01:17] 🔄 Identity rotated (every 10 requests)
[20:01:18] [327/458] NNCZ
[20:01:18] [328/458] OEMO
[20:01:19] [329/458] PVJM
[20:01:20] [330/458] CPJI
[20:01:21] [331/458] RMCJ
[20:01:22] [332/458] CNWJ
[20:01:23] [333/458] EPJM
[20:01:24] [334/458] FNJJ
[20:01:25] [335/458] GCMJ
[20:01:25] [336/458] INPS
[20:01:26] 🔄 Identity reset
[20:01:26] 🔄 Identity rotated (every 10 requests)
[20:01:27] [337/458] BICJ
[20:01:27] [338/458] ISTJ
[20:01:28] [339/458] INJC
[20:01:29] [340/458] GLXJ
[20:01:30] [341/458] INEM
[20:01:31] [342/458] JTMN
[20:01:32] [343/458] FRCJ
[20:01:33] [344/458] DDJP
[20:01:34] [345/458] INJV
[20:01:35] [346/458] GOLC
[20:01:35] 🔄 Identity reset
[20:01:35] 🔄 Identity rotated (every 10 requests)
[20:01:36] [347/458] KOCI
[20:01:37] [348/458] FSTD
[20:01:37] [349/458] PACJ
[20:01:39] [350/458] GMCN
[20:01:40] [351/458] MMDJ
[20:01:41] [352/458] GODH
[20:01:42] [353/458] SKYN
[20:01:43] [354/458] NCTH
[20:01:44] [355/458] SKVZ
[20:01:45] [356/458] SVML
[20:01:46] 🔄 Identity reset
[20:01:46] 🔄 Identity rotated (every 10 requests)
[20:01:46] [357/458] ACVZ
[20:01:47] [358/458] SURA
[20:01:48] [359/458] RTRB
[20:01:49] [360/458] LLCT
[20:01:50] [361/458] ATTS
[20:01:51] [362/458] JYCM
[20:01:52] [363/458] CTKR
[20:01:53] [364/458] LCKR
[20:01:54] [365/458] NYCV
[20:01:55] [366/458] NYOH
[20:01:56] 🔄 Identity reset
[20:01:56] 🔄 Identity rotated (every 10 requests)
[20:01:56] [367/458] NOVX
[20:01:57] [368/458] MRGK
[20:01:58] [369/458] MOON
[20:01:59] [370/458] SBUC
[20:02:00] [371/458] GSVA
[20:02:01] [372/458] VIAK
[20:02:02] [373/458] SMVZ
[20:02:03] [374/458] MATE
[20:02:03] [375/458] RDCN
[20:02:05] [376/458] ASBL
[20:02:05] 🔄 Identity reset
[20:02:05] 🔄 Identity rotated (every 10 requests)
[20:02:06] [377/458] ASVS
[20:02:08] [378/458] ASSR
[20:02:09] [379/458] SSKN
[20:02:09] [380/458] DRPV
[20:02:10] [381/458] MRHT
[20:02:11] [382/458] BSCN
[20:02:12] [383/458] RKNX
[20:02:13] [384/458] MSMC
[20:02:14] [385/458] MSCJ
[20:02:15] [386/458] BTBJ
[20:02:16] 🔄 Identity reset
[20:02:16] 🔄 Identity rotated (every 10 requests)
[20:02:16] [387/458] MJCC
[20:02:17] [388/458] IOMM
[20:02:18] [389/458] ADGR
[20:02:19] [390/458] MYCP
[20:02:20] [391/458] IGCM
[20:02:20] [392/458] PGRK
[20:02:21] [393/458] VPGO
[20:02:22] [394/458] KOMS
[20:02:23] [395/458] URGG
[20:02:24] [396/458] GOST
[20:02:24] 🔄 Identity reset
[20:02:24] 🔄 Identity rotated (every 10 requests)
[20:02:25] [397/458] LACT
[20:02:26] [398/458] BWCM
[20:02:27] [399/458] NCCW
[20:02:28] [400/458] SKYC
[20:02:29] [401/458] CCPM
[20:02:30] [402/458] VCBT
[20:02:31] [403/458] SDKR
[20:02:32] [404/458] CTYB
[20:02:33] [405/458] SHCX
[20:02:34] [406/458] RCUN
[20:02:34] 🔄 Identity reset
[20:02:34] 🔄 Identity rotated (every 10 requests)
[20:02:35] [407/458] CNRA
[20:02:36] [408/458] RFCA
[20:02:38] [409/458] RDCU
[20:02:39] [410/458] SARK
[20:02:40] [411/458] SPPP
[20:02:40] [412/458] ADMB
[20:02:41] [413/458] JYOE
[20:02:42] [414/458] SRMD
[20:02:43] [415/458] RJDH
[20:02:44] [416/458] SSTD
[20:02:45] 🔄 Identity reset
[20:02:45] 🔄 Identity rotated (every 10 requests)
[20:02:45] [417/458] AACV
[20:02:46] [418/458] PPVD
[20:02:47] [419/458] STCP
[20:02:48] [420/458] ANLS
[20:02:49] [421/458] BIJO
[20:02:50] [422/458] AVAB
[20:02:51] [423/458] SPMD
[20:02:52] [424/458] SVJL
[20:02:53] [425/458] SDDJ
[20:02:54] [426/458] SLTU
[20:02:54] 🔄 Identity reset
[20:02:54] 🔄 Identity rotated (every 10 requests)
[20:02:55] [427/458] SAKA
[20:02:56] [428/458] PMAM
[20:02:56] [429/458] FNAM
[20:02:57] [430/458] ACAM
[20:02:58] [431/458] SCMM
[20:02:59] [432/458] PMAK
[20:03:00] [433/458] NYSA
[20:03:01] [434/458] FCPA
[20:03:02] [435/458] GDAN
[20:03:03] [436/458] RSCA
[20:03:03] 🔄 Identity reset
[20:03:03] 🔄 Identity rotated (every 10 requests)
[20:03:04] [437/458] DMAN
[20:03:05] [438/458] DZCM
[20:03:06] [439/458] NSGL
[20:03:07] [440/458] CCPP
[20:03:08] [441/458] PSMG
[20:03:09] [442/458] GSER
[20:03:11] [443/458] FCCT
[20:03:11] [444/458] FCTB
[20:03:12] [445/458] LCNK
[20:03:13] [446/458] SKTY
[20:03:14] 🔄 Identity reset
[20:03:14] 🔄 Identity rotated (every 10 requests)
[20:03:14] [447/458] INAA
[20:03:15] [448/458] RCWN
[20:03:16] [449/458] VAIS
[20:03:17] [450/458] CVMN
[20:03:18] [451/458] INTS
[20:03:18] [452/458] FRGS
[20:03:19] [453/458] DTCK
[20:03:20] [454/458] MCMH
[20:03:21] [455/458] ECRR
[20:03:22] [456/458] RLLP
[20:03:23] 🔄 Identity reset
[20:03:23] 🔄 Identity rotated (every 10 requests)
[20:03:23] [457/458] CCSN
[20:03:24] [458/458] CCBA
[20:03:25] 🧹 Deduping shows
[20:03:25] ✅ DONE | Shows=3155 | Movies=69
[23:13:11] 🚀 SCRIPT STARTED (enhanced anti‑detection)
[23:13:11] [1/458] MBDC
[23:13:11] 🧠 New identity created
[23:13:11] [2/458] CHKM
[23:13:12] [3/458] JTKZ
[23:13:13] [4/458] CMCT
[23:13:14] [5/458] ASHO
[23:13:14] [6/458] ECDG
[23:13:15] [7/458] SPAT
[23:13:16] [8/458] HILC
[23:13:17] [9/458] SPPH
[23:13:18] [10/458] SBHN
[23:13:19] 🔄 Identity reset
[23:13:19] 🔄 Identity rotated (every 10 requests)
[23:13:19] [11/458] RRCA
[23:13:20] [12/458] APAA
[23:13:20] [13/458] RAME
[23:13:21] [14/458] TMMS
[23:13:22] [15/458] BATK
[23:13:23] [16/458] LKOP
[23:13:24] [17/458] AMTT
[23:13:25] [18/458] PTGK
[23:13:26] [19/458] ANRS
[23:13:27] [20/458] VWBW
[23:13:27] 🔄 Identity reset
[23:13:27] 🔄 Identity rotated (every 10 requests)
[23:13:28] [21/458] SVFG
[23:13:29] [22/458] STAT
[23:13:29] [23/458] GDCV
[23:13:31] [24/458] VEBI
[23:13:32] [25/458] VDSS
[23:13:33] [26/458] NTHV
[23:13:33] [27/458] AOCH
[23:13:34] [28/458] KASR
[23:13:35] [29/458] AYCS
[23:13:36] [30/458] SHAI
[23:13:37] 🔄 Identity reset
[23:13:37] 🔄 Identity rotated (every 10 requests)
[23:13:37] [31/458] SKPE
[23:13:38] [32/458] SBTA
[23:13:39] [33/458] RTTD
[23:13:40] [34/458] CCJD
[23:13:40] [35/458] RSJJ
[23:13:41] [36/458] RKND
[23:13:42] [37/458] SVTX
[23:13:43] [38/458] BAKM
[23:13:44] [39/458] SVDC
[23:13:45] [40/458] MNCV
[23:13:46] 🔄 Identity reset
[23:13:46] 🔄 Identity rotated (every 10 requests)
[23:13:47] [41/458] SJGC
[23:13:48] [42/458] MTPK
[23:13:48] [43/458] GATP
[23:13:49] [44/458] ABTS
[23:13:50] [45/458] ABDE
[23:13:52] [46/458] RCNM
[23:13:52] [47/458] KTHV
[23:13:53] [48/458] MDGJ
[23:13:54] [49/458] SMLM
[23:13:56] [50/458] JTMA
[23:13:57] 🔄 Identity reset
[23:13:57] 🔄 Identity rotated (every 10 requests)
[23:13:57] [51/458] ACKP
[23:13:58] [52/458] SRTA
[23:13:59] [53/458] STAY
[23:13:59] [54/458] MAVO
[23:14:00] [55/458] APTS
[23:14:02] [56/458] OMEA
[23:14:03] [57/458] TTFD
[23:14:04] [58/458] MJCU
[23:14:05] [59/458] CXTE
[23:14:06] [60/458] CTPX
[23:14:06] 🔄 Identity reset
[23:14:06] 🔄 Identity rotated (every 10 requests)
[23:14:07] [61/458] ASSL
[23:14:08] [62/458] CMVB
[23:14:08] [63/458] VPUR
[23:14:09] [64/458] JJDA
[23:14:10] [65/458] INBL
[23:14:11] [66/458] BIKB
[23:14:12] [67/458] NTBB
[23:14:14] [68/458] GLOB
[23:14:15] [69/458] SNTB
[23:14:15] [70/458] CHGV
[23:14:16] 🔄 Identity reset
[23:14:16] 🔄 Identity rotated (every 10 requests)
[23:14:16] [71/458] SSBZ
[23:14:17] [72/458] PRDB
[23:14:18] [73/458] ISMT
[23:14:19] [74/458] MCSD
[23:14:19] [75/458] JBTT
[23:14:20] [76/458] GEKR
[23:14:21] [77/458] PVUN
[23:14:22] [78/458] NRTB
[23:14:23] [79/458] PRAA
[23:14:24] [80/458] PCBL
[23:14:25] 🔄 Identity reset
[23:14:25] 🔄 Identity rotated (every 10 requests)
[23:14:25] [81/458] PTCM
[23:14:26] [82/458] KHNN
[23:14:26] [83/458] OMJE
[23:14:27] [84/458] STGN
[23:14:28] [85/458] RPMS
[23:14:29] [86/458] NWAD
[23:14:30] [87/458] BLCK
[23:14:32] [88/458] SVAA
[23:14:32] [89/458] URVM
[23:14:33] [90/458] ANTM
[23:14:34] 🔄 Identity reset
[23:14:34] 🔄 Identity rotated (every 10 requests)
[23:14:34] [91/458] VJYM
[23:14:35] [92/458] MAZZ
[23:14:36] [93/458] CSHM
[23:14:37] [94/458] WGMH
[23:14:38] [95/458] SALN
[23:14:39] [96/458] BRTP
[23:14:40] [97/458] SVTA
[23:14:40] [98/458] SBTP
[23:14:41] [99/458] VLSS
[23:14:42] [100/458] SRJA
[23:14:43] 🔄 Identity reset
[23:14:43] 🔄 Identity rotated (every 10 requests)
[23:14:43] [101/458] ANCG
[23:14:44] [102/458] CGGC
[23:14:45] [103/458] CRJA
[23:14:45] [104/458] USCR
[23:14:47] [105/458] MMEF
[23:14:47] [106/458] JCRJ
[23:14:48] [107/458] ADCM
[23:14:49] [108/458] BMYK
[23:14:50] [109/458] KICS
[23:14:51] [110/458] MBBT
[23:14:52] 🔄 Identity reset
[23:14:52] 🔄 Identity rotated (every 10 requests)
[23:14:52] [111/458] MACK
[23:14:53] [112/458] CLDR
[23:14:54] [113/458] JYCR
[23:14:55] [114/458] DCRP
[23:14:56] [115/458] RAHT
[23:14:57] [116/458] CSSM
[23:14:58] [117/458] ATPK
[23:14:59] [118/458] KLRT
[23:15:00] [119/458] SRDD
[23:15:01] [120/458] CKMC
[23:15:01] 🔄 Identity reset
[23:15:01] 🔄 Identity rotated (every 10 requests)
[23:15:01] 🔄 Retry 1/5 for CKMC in 2.5s
[23:15:01] 🔄 Identity reset
[23:15:04] 🧠 New identity created
[23:15:04] [121/458] KRVM
[23:15:05] [122/458] AKCP
[23:15:06] [123/458] CNCV
[23:15:07] [124/458] PACT
[23:15:08] [125/458] NATP
[23:15:09] [126/458] PCPK
[23:15:10] [127/458] SMHO
[23:15:11] [128/458] CWTK
[23:15:12] [129/458] RVKZ
[23:15:13] 🔄 Identity reset
[23:15:13] 🔄 Identity rotated (every 10 requests)
[23:15:13] [130/458] ASPD
[23:15:14] [131/458] VTKZ
[23:15:16] [132/458] LCSO
[23:15:17] [133/458] PRDY
[23:15:17] [134/458] RCAP
[23:15:18] [135/458] RGAR
[23:15:19] [136/458] RCAC
[23:15:20] [137/458] PMOD
[23:15:21] [138/458] PVCN
[23:15:22] [139/458] SCRZ
[23:15:23] 🔄 Identity reset
[23:15:23] 🔄 Identity rotated (every 10 requests)
[23:15:23] 🔄 Retry 1/5 for SCRZ in 2.2s
[23:15:23] 🔄 Identity reset
[23:15:25] 🧠 New identity created
[23:15:25] [140/458] PVPC
[23:15:26] [141/458] STID
[23:15:26] [142/458] NEDD
[23:15:28] [143/458] BNBA
[23:15:29] [144/458] NTCD
[23:15:30] [145/458] OCDE
[23:15:31] [146/458] CCDU
[23:15:32] [147/458] CRXH
[23:15:33] [148/458] VLVT
[23:15:33] 🔄 Identity reset
[23:15:33] 🔄 Identity rotated (every 10 requests)
[23:15:33] [149/458] CICI
[23:15:34] [150/458] SUCB
[23:15:35] [151/458] TCBP
[23:15:35] [152/458] SCCY
[23:15:37] [153/458] LXCY
[23:15:38] [154/458] NCMD
[23:15:38] [155/458] PHCS
[23:15:39] [156/458] DUXR
[23:15:40] [157/458] VNKS
[23:15:41] [158/458] SEDP
[23:15:41] 🔄 Identity reset
[23:15:41] 🔄 Identity rotated (every 10 requests)
[23:15:42] [159/458] SVEN
[23:15:43] [160/458] SRKM
[23:15:44] [161/458] JTLT
[23:15:45] [162/458] SVSS
[23:15:46] [163/458] AMDE
[23:15:47] [164/458] WVRN
[23:15:47] [165/458] ISMG
[23:15:49] [166/458] WVKS
[23:15:50] [167/458] USCG
[23:15:51] [168/458] IOTG
[23:15:51] 🔄 Identity reset
[23:15:51] 🔄 Identity rotated (every 10 requests)
[23:15:51] 🔄 Retry 1/5 for IOTG in 2.8s
[23:15:51] 🔄 Identity reset
[23:15:54] 🧠 New identity created
[23:15:54] [169/458] RRJM
[23:15:55] [170/458] EDMP
[23:15:56] [171/458] SCGZ
[23:15:57] [172/458] GMGX
[23:15:58] [173/458] OMTP
[23:15:59] [174/458] MITD
[23:16:00] [175/458] SMMD
[23:16:01] [176/458] STML
[23:16:02] [177/458] MCFS
[23:16:02] 🔄 Identity reset
[23:16:02] 🔄 Identity rotated (every 10 requests)
[23:16:02] 🔄 Retry 1/5 for MCFS in 2.4s
[23:16:02] 🔄 Identity reset
[23:16:05] 🧠 New identity created
[23:16:05] [178/458] FPKA
[23:16:06] [179/458] OMLR
[23:16:07] [180/458] KKSC
[23:16:08] [181/458] RVMA
[23:16:09] [182/458] SCLL
[23:16:10] [183/458] SCDK
[23:16:12] [184/458] SXMI
[23:16:12] [185/458] SHDN
[23:16:13] [186/458] PAAD
[23:16:14] 🔄 Identity reset
[23:16:14] 🔄 Identity rotated (every 10 requests)
[23:16:14] [187/458] UUCB
[23:16:15] [188/458] JHOL
[23:16:16] [189/458] SGWT
[23:16:16] [190/458] SRII
[23:16:17] [191/458] SGCK
[23:16:19] [192/458] SVVB
[23:16:20] [193/458] DMHA
[23:16:20] [194/458] PPNL
[23:16:21] [195/458] CPNL
[23:16:22] [196/458] WVLD
[23:16:23] 🔄 Identity reset
[23:16:23] 🔄 Identity rotated (every 10 requests)
[23:16:23] [197/458] PSLV
[23:16:23] [198/458] VTTL
[23:16:24] [199/458] NPAD
[23:16:25] [200/458] PVCS
[23:16:26] [201/458] MCHL
[23:16:27] [202/458] PPLL
[23:16:27] [203/458] MALO
[23:16:28] [204/458] SWBH
[23:16:30] [205/458] PUGB
[23:16:31] [206/458] INBB
[23:16:32] 🔄 Identity reset
[23:16:32] 🔄 Identity rotated (every 10 requests)
[23:16:32] 🔄 Retry 1/5 for INBB in 2.2s
[23:16:32] 🔄 Identity reset
[23:16:34] 🧠 New identity created
[23:16:34] 🔄 Retry 2/5 for INBB in 4.1s
[23:16:34] 🔄 Identity reset
[23:16:38] 🧠 New identity created
[23:16:38] [207/458] INNS
[23:16:39] [208/458] MCPT
[23:16:40] [209/458] SCMI
[23:16:41] [210/458] OCON
[23:16:42] [211/458] SCSM
[23:16:43] [212/458] RJVN
[23:16:44] [213/458] AMDK
[23:16:44] [214/458] ISMR
[23:16:45] 🔄 Identity reset
[23:16:45] 🔄 Identity rotated (every 10 requests)
[23:16:45] 🔄 Retry 1/5 for ISMR in 3.0s
[23:16:45] 🔄 Identity reset
[23:16:48] 🧠 New identity created
[23:16:48] [215/458] SMTD
[23:16:49] [216/458] VTDD
[23:16:50] [217/458] PDDZ
[23:16:51] [218/458] PCCK
[23:16:52] [219/458] INAM
[23:16:52] [220/458] FNKT
[23:16:53] [221/458] GDKA
[23:16:54] [222/458] MAYU
[23:16:55] [223/458] TCGU
[23:16:55] 🔄 Identity reset
[23:16:55] 🔄 Identity rotated (every 10 requests)
[23:16:56] [224/458] KDCA
[23:16:57] [225/458] DOMY
[23:16:58] [226/458] PDDD
[23:16:58] [227/458] BJTS
[23:17:00] [228/458] VTCA
[23:17:01] [229/458] SBTM
[23:17:02] [230/458] SEET
[23:17:03] [231/458] SSTJ
[23:17:03] [232/458] SVNT
[23:17:04] [233/458] PPPR
[23:17:05] 🔄 Identity reset
[23:17:05] 🔄 Identity rotated (every 10 requests)
[23:17:05] [234/458] PVYS
[23:17:06] [235/458] IOSE
[23:17:07] [236/458] ACTV
[23:17:08] [237/458] APVE
[23:17:10] [238/458] TCCL
[23:17:11] [239/458] SCMO
[23:17:11] [240/458] SAUM
[23:17:12] [241/458] KCJS
[23:17:13] [242/458] NJCJ
[23:17:14] [243/458] NECF
[23:17:15] 🔄 Identity reset
[23:17:15] 🔄 Identity rotated (every 10 requests)
[23:17:15] 🔄 Retry 1/5 for NECF in 2.9s
[23:17:15] 🔄 Identity reset
[23:17:18] 🧠 New identity created
[23:17:18] [244/458] CCGW
[23:17:19] [245/458] CCMG
[23:17:20] [246/458] NYRG
[23:17:21] [247/458] NCSQ
[23:17:21] [248/458] GRCG
[23:17:22] [249/458] CCBT
[23:17:23] [250/458] ACGA
[23:17:24] [251/458] INAG
[23:17:24] [252/458] FUCG
[23:17:25] 🔄 Identity reset
[23:17:25] 🔄 Identity rotated (every 10 requests)
[23:17:25] [253/458] AICF
[23:17:26] [254/458] GRGA
[23:17:27] [255/458] GDCN
[23:17:28] [256/458] RRCG
[23:17:29] [257/458] SDCH
[23:17:29] [258/458] WVJM
[23:17:30] [259/458] JCCZ
[23:17:31] [260/458] CNCL
[23:17:32] [261/458] TMLV
[23:17:33] [262/458] MEMB
[23:17:34] 🔄 Identity reset
[23:17:34] 🔄 Identity rotated (every 10 requests)
[23:17:34] [263/458] SGTD
[23:17:35] [264/458] CONX
[23:17:36] [265/458] CCMH
[23:17:37] [266/458] ACMC
[23:17:38] [267/458] DTPD
[23:17:39] [268/458] POJA
[23:17:40] [269/458] FNBH
[23:17:41] [270/458] CGCB
[23:17:42] [271/458] RACN
[23:17:43] [272/458] JTSM
[23:17:43] 🔄 Identity reset
[23:17:43] 🔄 Identity rotated (every 10 requests)
[23:17:43] 🔄 Retry 1/5 for JTSM in 2.2s
[23:17:43] 🔄 Identity reset
[23:17:46] 🧠 New identity created
[23:17:46] 🔄 Retry 2/5 for JTSM in 4.0s
[23:17:46] 🔄 Identity reset
[23:17:50] 🧠 New identity created
[23:17:50] [273/458] SCDN
[23:17:50] [274/458] AACK
[23:17:51] [275/458] RMCE
[23:17:52] [276/458] BSGB
[23:17:53] [277/458] MRCB
[23:17:53] [278/458] SRVR
[23:17:54] [279/458] VTKK
[23:17:55] [280/458] AMST
[23:17:56] 🔄 Identity reset
[23:17:56] 🔄 Identity rotated (every 10 requests)
[23:17:57] [281/458] APCY
[23:17:58] [282/458] LMHO
[23:17:58] [283/458] MTZH
[23:17:59] [284/458] AMZB
[23:18:00] [285/458] SUVT
[23:18:01] [286/458] RCIP
[23:18:01] [287/458] KESR
[23:18:02] [288/458] SNKC
[23:18:03] [289/458] SCED
[23:18:04] [290/458] DVCA
[23:18:04] 🔄 Identity reset
[23:18:04] 🔄 Identity rotated (every 10 requests)
[23:18:04] [291/458] VCDT
[23:18:05] [292/458] RRDI
[23:18:06] [293/458] DFCH
[23:18:07] [294/458] INSC
[23:18:08] [295/458] RGTR
[23:18:08] [296/458] FMOT
[23:18:09] [297/458] SCPM
[23:18:10] [298/458] GCDT
[23:18:11] [299/458] BRKT
[23:18:12] [300/458] DEMP
[23:18:12] 🔄 Identity reset
[23:18:12] 🔄 Identity rotated (every 10 requests)
[23:18:13] [301/458] SRLC
[23:18:14] [302/458] KSTT
[23:18:14] [303/458] SMMT
[23:18:15] [304/458] SILM
[23:18:16] [305/458] JCVM
[23:18:17] [306/458] KCSV
[23:18:18] [307/458] MHLK
[23:18:19] [308/458] SLVL
[23:18:20] [309/458] RJKP
[23:18:21] [310/458] BBPC
[23:18:21] 🔄 Identity reset
[23:18:21] 🔄 Identity rotated (every 10 requests)
[23:18:21] [311/458] MXCB
[23:18:22] [312/458] TCPK
[23:18:23] [313/458] RTBR
[23:18:24] [314/458] GAUT
[23:18:24] [315/458] DVCF
[23:18:25] [316/458] JTSB
[23:18:27] [317/458] SBLS
[23:18:28] [318/458] UDAY
[23:18:29] [319/458] PTNP
[23:18:30] [320/458] DMKT
[23:18:31] 🔄 Identity reset
[23:18:31] 🔄 Identity rotated (every 10 requests)
[23:18:31] [321/458] NTDT
[23:18:32] [322/458] SHDJ
[23:18:33] [323/458] OTNC
[23:18:34] [324/458] RNTW
[23:18:35] [325/458] GCMI
[23:18:36] [326/458] CRCM
[23:18:37] [327/458] NNCZ
[23:18:37] [328/458] OEMO
[23:18:39] [329/458] PVJM
[23:18:40] [330/458] CPJI
[23:18:40] 🔄 Identity reset
[23:18:40] 🔄 Identity rotated (every 10 requests)
[23:18:40] [331/458] RMCJ
[23:18:41] [332/458] CNWJ
[23:18:42] [333/458] EPJM
[23:18:43] [334/458] FNJJ
[23:18:44] [335/458] GCMJ
[23:18:45] [336/458] INPS
[23:18:46] [337/458] BICJ
[23:18:47] [338/458] ISTJ
[23:18:48] [339/458] INJC
[23:18:49] [340/458] GLXJ
[23:18:49] 🔄 Identity reset
[23:18:49] 🔄 Identity rotated (every 10 requests)
[23:18:50] [341/458] INEM
[23:18:50] [342/458] JTMN
[23:18:51] [343/458] FRCJ
[23:18:52] [344/458] DDJP
[23:18:53] [345/458] INJV
[23:18:53] [346/458] GOLC
[23:18:54] [347/458] KOCI
[23:18:55] [348/458] FSTD
[23:18:56] [349/458] PACJ
[23:18:58] [350/458] GMCN
[23:18:58] 🔄 Identity reset
[23:18:58] 🔄 Identity rotated (every 10 requests)
[23:18:59] [351/458] MMDJ
[23:18:59] [352/458] GODH
[23:19:00] [353/458] SKYN
[23:19:01] [354/458] NCTH
[23:19:02] [355/458] SKVZ
[23:19:03] [356/458] SVML
[23:19:04] [357/458] ACVZ
[23:19:05] [358/458] SURA
[23:19:06] [359/458] RTRB
[23:19:07] [360/458] LLCT
[23:19:08] 🔄 Identity reset
[23:19:08] 🔄 Identity rotated (every 10 requests)
[23:19:08] [361/458] ATTS
[23:19:09] [362/458] JYCM
[23:19:10] [363/458] CTKR
[23:19:11] [364/458] LCKR
[23:19:12] [365/458] NYCV
[23:19:12] [366/458] NYOH
[23:19:14] [367/458] NOVX
[23:19:15] [368/458] MRGK
[23:19:15] [369/458] MOON
[23:19:16] [370/458] SBUC
[23:19:16] 🔄 Identity reset
[23:19:16] 🔄 Identity rotated (every 10 requests)
[23:19:17] [371/458] GSVA
[23:19:18] [372/458] VIAK
[23:19:18] [373/458] SMVZ
[23:19:19] [374/458] MATE
[23:19:20] [375/458] RDCN
[23:19:21] [376/458] ASBL
[23:19:22] [377/458] ASVS
[23:19:24] [378/458] ASSR
[23:19:24] [379/458] SSKN
[23:19:25] [380/458] DRPV
[23:19:26] 🔄 Identity reset
[23:19:26] 🔄 Identity rotated (every 10 requests)
[23:19:26] [381/458] MRHT
[23:19:27] [382/458] BSCN
[23:19:28] [383/458] RKNX
[23:19:29] [384/458] MSMC
[23:19:30] [385/458] MSCJ
[23:19:31] [386/458] BTBJ
[23:19:31] [387/458] MJCC
[23:19:32] [388/458] IOMM
[23:19:33] [389/458] ADGR
[23:19:35] [390/458] MYCP
[23:19:35] 🔄 Identity reset
[23:19:35] 🔄 Identity rotated (every 10 requests)
[23:19:36] [391/458] IGCM
[23:19:36] [392/458] PGRK
[23:19:37] [393/458] VPGO
[23:19:38] [394/458] KOMS
[23:19:39] [395/458] URGG
[23:19:40] [396/458] GOST
[23:19:41] [397/458] LACT
[23:19:42] [398/458] BWCM
[23:19:43] [399/458] NCCW
[23:19:44] [400/458] SKYC
[23:19:44] 🔄 Identity reset
[23:19:44] 🔄 Identity rotated (every 10 requests)
[23:19:45] [401/458] CCPM
[23:19:46] [402/458] VCBT
[23:19:46] [403/458] SDKR
[23:19:47] [404/458] CTYB
[23:19:48] [405/458] SHCX
[23:19:49] [406/458] RCUN
[23:19:50] [407/458] CNRA
[23:19:51] [408/458] RFCA
[23:19:52] [409/458] RDCU
[23:19:53] [410/458] SARK
[23:19:53] 🔄 Identity reset
[23:19:53] 🔄 Identity rotated (every 10 requests)
[23:19:53] [411/458] SPPP
[23:19:54] [412/458] ADMB
[23:19:56] [413/458] JYOE
[23:19:57] [414/458] SRMD
[23:19:57] [415/458] RJDH
[23:19:59] [416/458] SSTD
[23:20:01] [417/458] AACV
[23:20:02] [418/458] PPVD
[23:20:03] [419/458] STCP
[23:20:03] [420/458] ANLS
[23:20:04] 🔄 Identity reset
[23:20:04] 🔄 Identity rotated (every 10 requests)
[23:20:04] 🔄 Retry 1/5 for ANLS in 2.6s
[23:20:04] 🔄 Identity reset
[23:20:06] 🧠 New identity created
[23:20:06] 🔄 Retry 2/5 for ANLS in 4.4s
[23:20:06] 🔄 Identity reset
[23:20:11] 🧠 New identity created
[23:20:12] [421/458] BIJO
[23:20:13] [422/458] AVAB
[23:20:14] [423/458] SPMD
[23:20:15] [424/458] SVJL
[23:20:16] [425/458] SDDJ
[23:20:16] [426/458] SLTU
[23:20:17] [427/458] SAKA
[23:20:18] [428/458] PMAM
[23:20:18] 🔄 Identity reset
[23:20:18] 🔄 Identity rotated (every 10 requests)
[23:20:19] [429/458] FNAM
[23:20:19] [430/458] ACAM
[23:20:20] [431/458] SCMM
[23:20:21] [432/458] PMAK
[23:20:21] [433/458] NYSA
[23:20:22] [434/458] FCPA
[23:20:23] [435/458] GDAN
[23:20:24] [436/458] RSCA
[23:20:25] [437/458] DMAN
[23:20:26] [438/458] DZCM
[23:20:26] 🔄 Identity reset
[23:20:26] 🔄 Identity rotated (every 10 requests)
[23:20:27] [439/458] NSGL
[23:20:27] [440/458] CCPP
[23:20:28] [441/458] PSMG
[23:20:29] [442/458] GSER
[23:20:30] [443/458] FCCT
[23:20:31] [444/458] FCTB
[23:20:32] [445/458] LCNK
[23:20:33] [446/458] SKTY
[23:20:33] [447/458] INAA
[23:20:34] [448/458] RCWN
[23:20:35] 🔄 Identity reset
[23:20:35] 🔄 Identity rotated (every 10 requests)
[23:20:35] [449/458] VAIS
[23:20:36] [450/458] CVMN
[23:20:37] [451/458] INTS
[23:20:38] [452/458] FRGS
[23:20:39] [453/458] DTCK
[23:20:40] [454/458] MCMH
[23:20:41] [455/458] ECRR
[23:20:41] [456/458] RLLP
[23:20:42] [457/458] CCSN
[23:20:43] [458/458] CCBA
[23:20:44] 🔄 Identity reset
[23:20:44] 🔄 Identity rotated (every 10 requests)
[23:20:44] 🧹 Deduping shows
[23:20:44] ✅ DONE | Shows=3299 | Movies=71
[09:31:51] 🚀 SCRIPT STARTED
[09:31:51] [1/458] MBDC
[09:31:51] 🧠 New identity created
[09:31:52] [2/458] CHKM
[09:31:53] [3/458] JTKZ
[09:31:54] [4/458] CMCT
[09:31:55] [5/458] ASHO
[09:31:56] [6/458] ECDG
[09:31:57] [7/458] SPAT
[09:31:58] [8/458] HILC
[09:31:59] [9/458] SPPH
[09:32:00] [10/458] SBHN
[09:32:00] 🔄 Identity reset
[09:32:00] 🔄 Identity rotated (every 10 requests)
[09:32:01] [11/458] RRCA
[09:32:02] [12/458] APAA
[09:32:03] [13/458] RAME
[09:32:04] [14/458] TMMS
[09:32:05] [15/458] BATK
[09:32:06] [16/458] LKOP
[09:32:07] [17/458] AMTT
[09:32:08] [18/458] PTGK
[09:32:09] [19/458] ANRS
[09:32:10] [20/458] VWBW
[09:32:10] 🔄 Identity reset
[09:32:10] 🔄 Identity rotated (every 10 requests)
[09:32:10] [21/458] SVFG
[09:32:12] [22/458] STAT
[09:32:13] [23/458] GDCV
[09:32:14] [24/458] VEBI
[09:32:15] [25/458] VDSS
[09:32:16] [26/458] NTHV
[09:32:16] [27/458] AOCH
[09:32:17] [28/458] KASR
[09:32:18] [29/458] AYCS
[09:32:19] [30/458] SHAI
[09:32:19] 🔄 Identity reset
[09:32:19] 🔄 Identity rotated (every 10 requests)
[09:32:20] [31/458] SKPE
[09:32:21] [32/458] SBTA
[09:32:22] [33/458] RTTD
[09:32:22] [34/458] CCJD
[09:32:23] [35/458] RSJJ
[09:32:24] [36/458] RKND
[09:32:25] [37/458] SVTX
[09:32:27] [38/458] BAKM
[09:32:28] [39/458] SVDC
[09:32:29] [40/458] MNCV
[09:32:29] 🔄 Identity reset
[09:32:29] 🔄 Identity rotated (every 10 requests)
[09:32:29] [41/458] SJGC
[09:32:30] [42/458] MTPK
[09:32:31] [43/458] GATP
[09:32:32] [44/458] ABTS
[09:32:33] [45/458] ABDE
[09:32:34] [46/458] RCNM
[09:32:34] [47/458] KTHV
[09:32:35] [48/458] MDGJ
[09:32:37] [49/458] SMLM
[09:32:37] [50/458] JTMA
[09:32:37] 🔄 Identity reset
[09:32:37] 🔄 Identity rotated (every 10 requests)
[09:32:38] [51/458] ACKP
[09:32:39] [52/458] SRTA
[09:32:41] [53/458] STAY
[09:32:42] [54/458] MAVO
[09:32:42] [55/458] APTS
[09:32:43] [56/458] OMEA
[09:32:44] [57/458] TTFD
[09:32:45] [58/458] MJCU
[09:32:46] [59/458] CXTE
[09:32:47] [60/458] CTPX
[09:32:47] 🔄 Identity reset
[09:32:47] 🔄 Identity rotated (every 10 requests)
[09:32:48] [61/458] ASSL
[09:32:49] [62/458] CMVB
[09:32:49] [63/458] VPUR
[09:32:50] [64/458] JJDA
[09:32:52] [65/458] INBL
[09:32:53] [66/458] BIKB
[09:32:53] [67/458] NTBB
[09:32:54] [68/458] GLOB
[09:32:56] [69/458] SNTB
[09:32:56] [70/458] CHGV
[09:32:56] 🔄 Identity reset
[09:32:56] 🔄 Identity rotated (every 10 requests)
[09:32:57] 🔄 Retry 1/5 for CHGV in 2.0s
[09:32:57] 🔄 Identity reset
[09:32:59] 🧠 New identity created
[09:32:59] 🔄 Retry 2/5 for CHGV in 4.7s
[09:32:59] 🔄 Identity reset
[09:33:03] 🧠 New identity created
[09:33:04] [71/458] SSBZ
[09:33:05] [72/458] PRDB
[09:33:06] [73/458] ISMT
[09:33:07] [74/458] MCSD
[09:33:08] [75/458] JBTT
[09:33:09] [76/458] GEKR
[09:33:10] [77/458] PVUN
[09:33:10] [78/458] NRTB
[09:33:10] 🔄 Identity reset
[09:33:10] 🔄 Identity rotated (every 10 requests)
[09:33:11] [79/458] PRAA
[09:33:12] [80/458] PCBL
[09:33:13] [81/458] PTCM
[09:33:14] [82/458] KHNN
[09:33:15] [83/458] OMJE
[09:33:16] [84/458] STGN
[09:33:17] [85/458] RPMS
[09:33:17] [86/458] NWAD
[09:33:18] [87/458] BLCK
[09:33:19] [88/458] SVAA
[09:33:19] 🔄 Identity reset
[09:33:19] 🔄 Identity rotated (every 10 requests)
[09:33:20] [89/458] URVM
[09:33:21] [90/458] ANTM
[09:33:22] [91/458] VJYM
[09:33:23] [92/458] MAZZ
[09:33:24] [93/458] CSHM
[09:33:25] [94/458] WGMH
[09:33:27] [95/458] SALN
[09:33:28] [96/458] BRTP
[09:33:29] [97/458] SVTA
[09:33:30] [98/458] SBTP
[09:33:30] 🔄 Identity reset
[09:33:30] 🔄 Identity rotated (every 10 requests)
[09:33:31] [99/458] VLSS
[09:33:32] [100/458] SRJA
[09:33:32] [101/458] ANCG
[09:33:33] [102/458] CGGC
[09:33:34] [103/458] CRJA
[09:33:35] [104/458] USCR
[09:33:36] [105/458] MMEF
[09:33:37] [106/458] JCRJ
[09:33:38] [107/458] ADCM
[09:33:39] [108/458] BMYK
[09:33:39] 🔄 Identity reset
[09:33:39] 🔄 Identity rotated (every 10 requests)
[09:33:40] [109/458] KICS
[09:33:41] [110/458] MBBT
[09:33:42] [111/458] MACK
[09:33:43] [112/458] CLDR
[09:33:43] [113/458] JYCR
[09:33:44] [114/458] DCRP
[09:33:45] [115/458] RAHT
[09:33:47] [116/458] CSSM
[09:33:47] [117/458] ATPK
[09:33:48] [118/458] KLRT
[09:33:48] 🔄 Identity reset
[09:33:48] 🔄 Identity rotated (every 10 requests)
[09:33:49] [119/458] SRDD
[09:33:50] [120/458] CKMC
[09:33:51] [121/458] KRVM
[09:33:52] [122/458] AKCP
[09:33:54] [123/458] CNCV
[09:33:54] [124/458] PACT
[09:33:55] [125/458] NATP
[09:33:56] [126/458] PCPK
[09:33:57] [127/458] SMHO
[09:33:58] [128/458] CWTK
[09:33:58] 🔄 Identity reset
[09:33:58] 🔄 Identity rotated (every 10 requests)
[09:33:58] [129/458] RVKZ
[09:33:59] [130/458] ASPD
[09:34:00] [131/458] VTKZ
[09:34:01] [132/458] LCSO
[09:34:03] [133/458] PRDY
[09:34:04] [134/458] RCAP
[09:34:05] [135/458] RGAR
[09:34:06] [136/458] RCAC
[09:34:07] [137/458] PMOD
[09:34:08] [138/458] PVCN
[09:34:08] 🔄 Identity reset
[09:34:08] 🔄 Identity rotated (every 10 requests)
[09:34:09] [139/458] SCRZ
[09:34:10] [140/458] PVPC
[09:34:11] [141/458] STID
[09:34:11] [142/458] NEDD
[09:34:12] [143/458] BNBA
[09:34:14] [144/458] NTCD
[09:34:15] [145/458] OCDE
[09:34:15] [146/458] CCDU
[09:34:16] [147/458] CRXH
[09:34:18] [148/458] VLVT
[09:34:18] 🔄 Identity reset
[09:34:18] 🔄 Identity rotated (every 10 requests)
[09:34:19] [149/458] CICI
[09:34:20] [150/458] SUCB
[09:34:21] [151/458] TCBP
[09:34:22] [152/458] SCCY
[09:34:23] [153/458] LXCY
[09:34:23] [154/458] NCMD
[09:34:25] [155/458] PHCS
[09:34:27] [156/458] DUXR
[09:34:27] [157/458] VNKS
[09:34:29] [158/458] SEDP
[09:34:29] 🔄 Identity reset
[09:34:29] 🔄 Identity rotated (every 10 requests)
[09:34:30] [159/458] SVEN
[09:34:31] [160/458] SRKM
[09:34:32] [161/458] JTLT
[09:34:33] [162/458] SVSS
[09:34:34] [163/458] AMDE
[09:34:35] [164/458] WVRN
[09:34:36] [165/458] ISMG
[09:34:37] [166/458] WVKS
[09:34:38] [167/458] USCG
[09:34:39] [168/458] IOTG
[09:34:39] 🔄 Identity reset
[09:34:39] 🔄 Identity rotated (every 10 requests)
[09:34:40] [169/458] RRJM
[09:34:41] [170/458] EDMP
[09:34:42] [171/458] SCGZ
[09:34:42] [172/458] GMGX
[09:34:43] [173/458] OMTP
[09:34:44] [174/458] MITD
[09:34:45] [175/458] SMMD
[09:34:46] [176/458] STML
[09:34:47] [177/458] MCFS
[09:34:48] [178/458] FPKA
[09:34:48] 🔄 Identity reset
[09:34:48] 🔄 Identity rotated (every 10 requests)
[09:34:49] [179/458] OMLR
[09:34:50] [180/458] KKSC
[09:34:51] [181/458] RVMA
[09:34:52] [182/458] SCLL
[09:34:53] [183/458] SCDK
[09:34:54] [184/458] SXMI
[09:34:54] [185/458] SHDN
[09:34:55] [186/458] PAAD
[09:34:56] [187/458] UUCB
[09:34:57] [188/458] JHOL
[09:34:57] 🔄 Identity reset
[09:34:57] 🔄 Identity rotated (every 10 requests)
[09:34:58] [189/458] SGWT
[09:34:59] [190/458] SRII
[09:35:00] [191/458] SGCK
[09:35:01] [192/458] SVVB
[09:35:01] [193/458] DMHA
[09:35:02] [194/458] PPNL
[09:35:03] [195/458] CPNL
[09:35:04] [196/458] WVLD
[09:35:05] [197/458] PSLV
[09:35:06] [198/458] VTTL
[09:35:06] 🔄 Identity reset
[09:35:06] 🔄 Identity rotated (every 10 requests)
[09:35:07] [199/458] NPAD
[09:35:08] [200/458] PVCS
[09:35:08] [201/458] MCHL
[09:35:10] [202/458] PPLL
[09:35:11] [203/458] MALO
[09:35:12] [204/458] SWBH
[09:35:13] [205/458] PUGB
[09:35:14] [206/458] INBB
[09:35:15] [207/458] INNS
[09:35:16] [208/458] MCPT
[09:35:16] 🔄 Identity reset
[09:35:16] 🔄 Identity rotated (every 10 requests)
[09:35:17] [209/458] SCMI
[09:35:18] [210/458] OCON
[09:35:19] [211/458] SCSM
[09:35:20] [212/458] RJVN
[09:35:21] [213/458] AMDK
[09:35:21] [214/458] ISMR
[09:35:22] [215/458] SMTD
[09:35:23] [216/458] VTDD
[09:35:24] [217/458] PDDZ
[09:35:26] [218/458] PCCK
[09:35:26] 🔄 Identity reset
[09:35:26] 🔄 Identity rotated (every 10 requests)
[09:35:27] [219/458] INAM
[09:35:28] [220/458] FNKT
[09:35:29] [221/458] GDKA
[09:35:29] [222/458] MAYU
[09:35:30] [223/458] TCGU
[09:35:32] [224/458] KDCA
[09:35:33] [225/458] DOMY
[09:35:34] [226/458] PDDD
[09:35:35] [227/458] BJTS
[09:35:36] [228/458] VTCA
[09:35:36] 🔄 Identity reset
[09:35:36] 🔄 Identity rotated (every 10 requests)
[09:35:36] [229/458] SBTM
[09:35:37] [230/458] SEET
[09:35:38] [231/458] SSTJ
[09:35:39] [232/458] SVNT
[09:35:40] [233/458] PPPR
[09:35:41] [234/458] PVYS
[09:35:42] [235/458] IOSE
[09:35:43] [236/458] ACTV
[09:35:44] [237/458] APVE
[09:35:45] [238/458] TCCL
[09:35:45] 🔄 Identity reset
[09:35:45] 🔄 Identity rotated (every 10 requests)
[09:35:46] [239/458] SCMO
[09:35:47] [240/458] SAUM
[09:35:48] [241/458] KCJS
[09:35:49] [242/458] NJCJ
[09:35:49] [243/458] NECF
[09:35:50] [244/458] CCGW
[09:35:51] [245/458] CCMG
[09:35:52] [246/458] NYRG
[09:35:53] [247/458] NCSQ
[09:35:54] [248/458] GRCG
[09:35:54] 🔄 Identity reset
[09:35:54] 🔄 Identity rotated (every 10 requests)
[09:35:55] [249/458] CCBT
[09:35:56] [250/458] ACGA
[09:35:57] [251/458] INAG
[09:35:57] [252/458] FUCG
[09:35:59] [253/458] AICF
[09:36:00] [254/458] GRGA
[09:36:01] [255/458] GDCN
[09:36:02] [256/458] RRCG
[09:36:03] [257/458] SDCH
[09:36:04] [258/458] WVJM
[09:36:04] 🔄 Identity reset
[09:36:04] 🔄 Identity rotated (every 10 requests)
[09:36:05] [259/458] JCCZ
[09:36:06] [260/458] CNCL
[09:36:07] [261/458] TMLV
[09:36:08] [262/458] MEMB
[09:36:09] [263/458] SGTD
[09:36:10] [264/458] CONX
[09:36:11] [265/458] CCMH
[09:36:12] [266/458] ACMC
[09:36:13] [267/458] DTPD
[09:36:14] [268/458] POJA
[09:36:14] 🔄 Identity reset
[09:36:14] 🔄 Identity rotated (every 10 requests)
[09:36:15] [269/458] FNBH
[09:36:16] [270/458] CGCB
[09:36:17] [271/458] RACN
[09:36:19] [272/458] JTSM
[09:36:19] [273/458] SCDN
[09:36:20] [274/458] AACK
[09:36:21] [275/458] RMCE
[09:36:22] [276/458] BSGB
[09:36:23] [277/458] MRCB
[09:36:23] [278/458] SRVR
[09:36:23] 🔄 Identity reset
[09:36:23] 🔄 Identity rotated (every 10 requests)
[09:36:24] [279/458] VTKK
[09:36:25] [280/458] AMST
[09:36:26] [281/458] APCY
[09:36:28] [282/458] LMHO
[09:36:29] [283/458] MTZH
[09:36:30] [284/458] AMZB
[09:36:31] [285/458] SUVT
[09:36:32] [286/458] RCIP
[09:36:33] [287/458] KESR
[09:36:34] [288/458] SNKC
[09:36:34] 🔄 Identity reset
[09:36:34] 🔄 Identity rotated (every 10 requests)
[09:36:35] [289/458] SCED
[09:36:36] [290/458] DVCA
[09:36:37] [291/458] VCDT
[09:36:37] [292/458] RRDI
[09:36:38] [293/458] DFCH
[09:36:39] [294/458] INSC
[09:36:40] [295/458] RGTR
[09:36:40] [296/458] FMOT
[09:36:42] [297/458] SCPM
[09:36:43] [298/458] GCDT
[09:36:43] 🔄 Identity reset
[09:36:43] 🔄 Identity rotated (every 10 requests)
[09:36:44] [299/458] BRKT
[09:36:45] [300/458] DEMP
[09:36:46] [301/458] SRLC
[09:36:47] [302/458] KSTT
[09:36:48] [303/458] SMMT
[09:36:49] [304/458] SILM
[09:36:49] [305/458] JCVM
[09:36:50] [306/458] KCSV
[09:36:51] [307/458] MHLK
[09:36:52] [308/458] SLVL
[09:36:52] 🔄 Identity reset
[09:36:52] 🔄 Identity rotated (every 10 requests)
[09:36:53] [309/458] RJKP
[09:36:54] [310/458] BBPC
[09:36:55] [311/458] MXCB
[09:36:56] [312/458] TCPK
[09:36:57] [313/458] RTBR
[09:36:58] [314/458] GAUT
[09:36:59] [315/458] DVCF
[09:37:00] [316/458] JTSB
[09:37:01] [317/458] SBLS
[09:37:02] [318/458] UDAY
[09:37:02] 🔄 Identity reset
[09:37:02] 🔄 Identity rotated (every 10 requests)
[09:37:03] [319/458] PTNP
[09:37:04] [320/458] DMKT
[09:37:05] [321/458] NTDT
[09:37:06] [322/458] SHDJ
[09:37:07] [323/458] OTNC
[09:37:08] [324/458] RNTW
[09:37:09] [325/458] GCMI
[09:37:09] [326/458] CRCM
[09:37:10] [327/458] NNCZ
[09:37:11] [328/458] OEMO
[09:37:11] 🔄 Identity reset
[09:37:11] 🔄 Identity rotated (every 10 requests)
[09:37:12] [329/458] PVJM
[09:37:13] [330/458] CPJI
[09:37:14] [331/458] RMCJ
[09:37:15] [332/458] CNWJ
[09:37:16] [333/458] EPJM
[09:37:17] [334/458] FNJJ
[09:37:18] [335/458] GCMJ
[09:37:18] [336/458] INPS
[09:37:19] [337/458] BICJ
[09:37:20] [338/458] ISTJ
[09:37:20] 🔄 Identity reset
[09:37:20] 🔄 Identity rotated (every 10 requests)
[09:37:21] [339/458] INJC
[09:37:22] [340/458] GLXJ
[09:37:23] [341/458] INEM
[09:37:25] [342/458] JTMN
[09:37:26] [343/458] FRCJ
[09:37:26] [344/458] DDJP
[09:37:27] [345/458] INJV
[09:37:28] [346/458] GOLC
[09:37:29] [347/458] KOCI
[09:37:30] [348/458] FSTD
[09:37:30] 🔄 Identity reset
[09:37:30] 🔄 Identity rotated (every 10 requests)
[09:37:31] [349/458] PACJ
[09:37:32] [350/458] GMCN
[09:37:33] [351/458] MMDJ
[09:37:34] [352/458] GODH
[09:37:35] [353/458] SKYN
[09:37:36] [354/458] NCTH
[09:37:37] [355/458] SKVZ
[09:37:38] [356/458] SVML
[09:37:39] [357/458] ACVZ
[09:37:39] [358/458] SURA
[09:37:39] 🔄 Identity reset
[09:37:40] 🔄 Identity rotated (every 10 requests)
[09:37:40] [359/458] RTRB
[09:37:41] [360/458] LLCT
[09:37:42] [361/458] ATTS
[09:37:43] [362/458] JYCM
[09:37:44] [363/458] CTKR
[09:37:45] [364/458] LCKR
[09:37:45] [365/458] NYCV
[09:37:46] [366/458] NYOH
[09:37:47] [367/458] NOVX
[09:37:48] [368/458] MRGK
[09:37:48] 🔄 Identity reset
[09:37:48] 🔄 Identity rotated (every 10 requests)
[09:37:49] [369/458] MOON
[09:37:50] [370/458] SBUC
[09:37:51] [371/458] GSVA
[09:37:52] [372/458] VIAK
[09:37:53] [373/458] SMVZ
[09:37:54] [374/458] MATE
[09:37:54] [375/458] RDCN
[09:37:55] [376/458] ASBL
[09:37:56] [377/458] ASVS
[09:37:57] [378/458] ASSR
[09:37:57] 🔄 Identity reset
[09:37:57] 🔄 Identity rotated (every 10 requests)
[09:37:58] [379/458] SSKN
[09:37:59] [380/458] DRPV
[09:38:00] [381/458] MRHT
[09:38:02] [382/458] BSCN
[09:38:02] [383/458] RKNX
[09:38:03] [384/458] MSMC
[09:38:04] [385/458] MSCJ
[09:38:05] [386/458] BTBJ
[09:38:06] [387/458] MJCC
[09:38:07] [388/458] IOMM
[09:38:07] 🔄 Identity reset
[09:38:07] 🔄 Identity rotated (every 10 requests)
[09:38:08] [389/458] ADGR
[09:38:09] [390/458] MYCP
[09:38:10] [391/458] IGCM
[09:38:11] [392/458] PGRK
[09:38:12] [393/458] VPGO
[09:38:13] [394/458] KOMS
[09:38:14] [395/458] URGG
[09:38:15] [396/458] GOST
[09:38:16] [397/458] LACT
[09:38:17] [398/458] BWCM
[09:38:17] 🔄 Identity reset
[09:38:17] 🔄 Identity rotated (every 10 requests)
[09:38:18] [399/458] NCCW
[09:38:19] [400/458] SKYC
[09:38:20] [401/458] CCPM
[09:38:21] [402/458] VCBT
[09:38:21] [403/458] SDKR
[09:38:23] [404/458] CTYB
[09:38:24] [405/458] SHCX
[09:38:25] [406/458] RCUN
[09:38:26] [407/458] CNRA
[09:38:27] [408/458] RFCA
[09:38:27] 🔄 Identity reset
[09:38:27] 🔄 Identity rotated (every 10 requests)
[09:38:28] [409/458] RDCU
[09:38:29] [410/458] SARK
[09:38:29] [411/458] SPPP
[09:38:30] [412/458] ADMB
[09:38:31] [413/458] JYOE
[09:38:32] [414/458] SRMD
[09:38:33] [415/458] RJDH
[09:38:34] [416/458] SSTD
[09:38:35] [417/458] AACV
[09:38:36] [418/458] PPVD
[09:38:36] 🔄 Identity reset
[09:38:36] 🔄 Identity rotated (every 10 requests)
[09:38:36] 🔄 Retry 1/5 for PPVD in 2.5s
[09:38:36] 🔄 Identity reset
[09:38:38] 🧠 New identity created
[09:38:39] [419/458] STCP
[09:38:40] [420/458] ANLS
[09:38:41] [421/458] BIJO
[09:38:42] [422/458] AVAB
[09:38:43] [423/458] SPMD
[09:38:44] [424/458] SVJL
[09:38:45] [425/458] SDDJ
[09:38:45] [426/458] SLTU
[09:38:46] [427/458] SAKA
[09:38:46] 🔄 Identity reset
[09:38:46] 🔄 Identity rotated (every 10 requests)
[09:38:46] 🔄 Retry 1/5 for SAKA in 2.3s
[09:38:46] 🔄 Identity reset
[09:38:49] 🧠 New identity created
[09:38:50] [428/458] PMAM
[09:38:51] [429/458] FNAM
[09:38:53] [430/458] ACAM
[09:38:53] [431/458] SCMM
[09:38:54] [432/458] PMAK
[09:38:55] [433/458] NYSA
[09:38:56] [434/458] FCPA
[09:38:57] [435/458] GDAN
[09:38:58] [436/458] RSCA
[09:38:58] 🔄 Identity reset
[09:38:58] 🔄 Identity rotated (every 10 requests)
[09:38:59] [437/458] DMAN
[09:39:00] [438/458] DZCM
[09:39:01] [439/458] NSGL
[09:39:01] [440/458] CCPP
[09:39:02] [441/458] PSMG
[09:39:03] [442/458] GSER
[09:39:04] [443/458] FCCT
[09:39:05] [444/458] FCTB
[09:39:06] [445/458] LCNK
[09:39:07] [446/458] SKTY
[09:39:07] 🔄 Identity reset
[09:39:07] 🔄 Identity rotated (every 10 requests)
[09:39:08] [447/458] INAA
[09:39:08] [448/458] RCWN
[09:39:09] [449/458] VAIS
[09:39:10] [450/458] CVMN
[09:39:11] [451/458] INTS
[09:39:12] [452/458] FRGS
[09:39:13] [453/458] DTCK
[09:39:14] [454/458] MCMH
[09:39:15] [455/458] ECRR
[09:39:16] [456/458] RLLP
[09:39:16] 🔄 Identity reset
[09:39:16] 🔄 Identity rotated (every 10 requests)
[09:39:17] [457/458] CCSN
[09:39:18] [458/458] CCBA
[09:39:19] 🧹 Deduping shows
[09:39:19] ✅ DONE | Shows=3349 | Movies=72
[12:53:10] 🚀 SCRIPT STARTED
[12:53:10] [1/458] MBDC
[12:53:10] 🧠 New identity created
[12:53:11] [2/458] CHKM
[12:53:12] [3/458] JTKZ
[12:53:13] [4/458] CMCT
[12:53:14] [5/458] ASHO
[12:53:15] [6/458] ECDG
[12:53:16] [7/458] SPAT
[12:53:17] [8/458] HILC
[12:53:19] [9/458] SPPH
[12:53:20] [10/458] SBHN
[12:53:20] 🔄 Identity reset
[12:53:20] 🔄 Identity rotated (every 10 requests)
[12:53:20] [11/458] RRCA
[12:53:22] [12/458] APAA
[12:53:23] [13/458] RAME
[12:53:24] [14/458] TMMS
[12:53:25] [15/458] BATK
[12:53:26] [16/458] LKOP
[12:53:26] [17/458] AMTT
[12:53:28] [18/458] PTGK
[12:53:28] [19/458] ANRS
[12:53:29] [20/458] VWBW
[12:53:29] 🔄 Identity reset
[12:53:29] 🔄 Identity rotated (every 10 requests)
[12:53:30] [21/458] SVFG
[12:53:31] [22/458] STAT
[12:53:32] [23/458] GDCV
[12:53:33] [24/458] VEBI
[12:53:34] [25/458] VDSS
[12:53:35] [26/458] NTHV
[12:53:36] [27/458] AOCH
[12:53:37] [28/458] KASR
[12:53:38] [29/458] AYCS
[12:53:39] [30/458] SHAI
[12:53:39] 🔄 Identity reset
[12:53:39] 🔄 Identity rotated (every 10 requests)
[12:53:40] [31/458] SKPE
[12:53:41] [32/458] SBTA
[12:53:42] [33/458] RTTD
[12:53:43] [34/458] CCJD
[12:53:44] [35/458] RSJJ
[12:53:45] [36/458] RKND
[12:53:46] [37/458] SVTX
[12:53:47] [38/458] BAKM
[12:53:48] [39/458] SVDC
[12:53:49] [40/458] MNCV
[12:53:49] 🔄 Identity reset
[12:53:49] 🔄 Identity rotated (every 10 requests)
[12:53:50] [41/458] SJGC
[12:53:51] [42/458] MTPK
[12:53:52] [43/458] GATP
[12:53:53] [44/458] ABTS
[12:53:54] [45/458] ABDE
[12:53:55] [46/458] RCNM
[12:53:56] [47/458] KTHV
[12:53:57] [48/458] MDGJ
[12:53:58] [49/458] SMLM
[12:53:58] [50/458] JTMA
[12:53:58] 🔄 Identity reset
[12:53:58] 🔄 Identity rotated (every 10 requests)
[12:53:59] [51/458] ACKP
[12:54:00] [52/458] SRTA
[12:54:01] [53/458] STAY
[12:54:03] [54/458] MAVO
[12:54:04] [55/458] APTS
[12:54:05] [56/458] OMEA
[12:54:05] [57/458] TTFD
[12:54:06] [58/458] MJCU
[12:54:08] [59/458] CXTE
[12:54:09] [60/458] CTPX
[12:54:09] 🔄 Identity reset
[12:54:09] 🔄 Identity rotated (every 10 requests)
[12:54:10] [61/458] ASSL
[12:54:11] [62/458] CMVB
[12:54:12] [63/458] VPUR
[12:54:13] [64/458] JJDA
[12:54:15] [65/458] INBL
[12:54:16] [66/458] BIKB
[12:54:17] [67/458] NTBB
[12:54:17] [68/458] GLOB
[12:54:18] [69/458] SNTB
[12:54:19] [70/458] CHGV
[12:54:19] 🔄 Identity reset
[12:54:19] 🔄 Identity rotated (every 10 requests)
[12:54:21] [71/458] SSBZ
[12:54:21] [72/458] PRDB
[12:54:23] [73/458] ISMT
[12:54:23] [74/458] MCSD
[12:54:24] [75/458] JBTT
[12:54:25] [76/458] GEKR
[12:54:26] [77/458] PVUN
[12:54:27] [78/458] NRTB
[12:54:28] [79/458] PRAA
[12:54:29] [80/458] PCBL
[12:54:29] 🔄 Identity reset
[12:54:29] 🔄 Identity rotated (every 10 requests)
[12:54:31] [81/458] PTCM
[12:54:31] [82/458] KHNN
[12:54:32] [83/458] OMJE
[12:54:33] [84/458] STGN
[12:54:34] [85/458] RPMS
[12:54:35] [86/458] NWAD
[12:54:36] [87/458] BLCK
[12:54:37] [88/458] SVAA
[12:54:38] [89/458] URVM
[12:54:39] [90/458] ANTM
[12:54:39] 🔄 Identity reset
[12:54:39] 🔄 Identity rotated (every 10 requests)
[12:54:41] [91/458] VJYM
[12:54:42] [92/458] MAZZ
[12:54:43] [93/458] CSHM
[12:54:43] [94/458] WGMH
[12:54:45] [95/458] SALN
[12:54:46] [96/458] BRTP
[12:54:47] [97/458] SVTA
[12:54:48] [98/458] SBTP
[12:54:49] [99/458] VLSS
[12:54:50] [100/458] SRJA
[12:54:50] 🔄 Identity reset
[12:54:50] 🔄 Identity rotated (every 10 requests)
[12:54:51] [101/458] ANCG
[12:54:52] [102/458] CGGC
[12:54:53] [103/458] CRJA
[12:54:54] [104/458] USCR
[12:54:55] [105/458] MMEF
[12:54:56] [106/458] JCRJ
[12:54:57] [107/458] ADCM
[12:54:58] [108/458] BMYK
[12:54:59] [109/458] KICS
[12:54:59] [110/458] MBBT
[12:54:59] 🔄 Identity reset
[12:54:59] 🔄 Identity rotated (every 10 requests)
[12:55:00] [111/458] MACK
[12:55:01] [112/458] CLDR
[12:55:02] [113/458] JYCR
[12:55:03] [114/458] DCRP
[12:55:04] [115/458] RAHT
[12:55:05] [116/458] CSSM
[12:55:06] [117/458] ATPK
[12:55:07] [118/458] KLRT
[12:55:08] [119/458] SRDD
[12:55:10] [120/458] CKMC
[12:55:10] 🔄 Identity reset
[12:55:10] 🔄 Identity rotated (every 10 requests)
[12:55:11] [121/458] KRVM
[12:55:12] [122/458] AKCP
[12:55:13] [123/458] CNCV
[12:55:15] [124/458] PACT
[12:55:16] [125/458] NATP
[12:55:17] [126/458] PCPK
[12:55:18] [127/458] SMHO
[12:55:20] [128/458] CWTK
[12:55:21] [129/458] RVKZ
[12:55:21] [130/458] ASPD
[12:55:21] 🔄 Identity reset
[12:55:22] 🔄 Identity rotated (every 10 requests)
[12:55:23] [131/458] VTKZ
[12:55:24] [132/458] LCSO
[12:55:25] [133/458] PRDY
[12:55:26] [134/458] RCAP
[12:55:27] [135/458] RGAR
[12:55:28] [136/458] RCAC
[12:55:29] [137/458] PMOD
[12:55:30] [138/458] PVCN
[12:55:31] [139/458] SCRZ
[12:55:32] [140/458] PVPC
[12:55:32] 🔄 Identity reset
[12:55:32] 🔄 Identity rotated (every 10 requests)
[12:55:32] 🔄 Retry 1/5 for PVPC in 2.8s
[12:55:32] 🔄 Identity reset
[12:55:35] 🧠 New identity created
[12:55:36] [141/458] STID
[12:55:37] [142/458] NEDD
[12:55:38] [143/458] BNBA
[12:55:39] [144/458] NTCD
[12:55:41] [145/458] OCDE
[12:55:41] [146/458] CCDU
[12:55:42] [147/458] CRXH
[12:55:43] [148/458] VLVT
[12:55:44] [149/458] CICI
[12:55:44] 🔄 Identity reset
[12:55:44] 🔄 Identity rotated (every 10 requests)
[12:55:45] [150/458] SUCB
[12:55:46] [151/458] TCBP
[12:55:47] [152/458] SCCY
[12:55:48] [153/458] LXCY
[12:55:49] [154/458] NCMD
[12:55:51] [155/458] PHCS
[12:55:52] [156/458] DUXR
[12:55:53] [157/458] VNKS
[12:55:54] [158/458] SEDP
[12:55:55] [159/458] SVEN
[12:55:55] 🔄 Identity reset
[12:55:55] 🔄 Identity rotated (every 10 requests)
[12:55:55] 🔄 Retry 1/5 for SVEN in 2.1s
[12:55:55] 🔄 Identity reset
[12:55:57] 🧠 New identity created
[12:55:58] [160/458] SRKM
[12:55:59] [161/458] JTLT
[12:56:00] [162/458] SVSS
[12:56:01] [163/458] AMDE
[12:56:02] [164/458] WVRN
[12:56:02] [165/458] ISMG
[12:56:03] [166/458] WVKS
[12:56:04] [167/458] USCG
[12:56:05] [168/458] IOTG
[12:56:05] 🔄 Identity reset
[12:56:05] 🔄 Identity rotated (every 10 requests)
[12:56:06] [169/458] RRJM
[12:56:07] [170/458] EDMP
[12:56:08] [171/458] SCGZ
[12:56:09] [172/458] GMGX
[12:56:10] [173/458] OMTP
[12:56:11] [174/458] MITD
[12:56:12] [175/458] SMMD
[12:56:13] [176/458] STML
[12:56:14] [177/458] MCFS
[12:56:15] [178/458] FPKA
[12:56:15] 🔄 Identity reset
[12:56:15] 🔄 Identity rotated (every 10 requests)
[12:56:16] [179/458] OMLR
[12:56:18] [180/458] KKSC
[12:56:19] [181/458] RVMA
[12:56:21] [182/458] SCLL
[12:56:22] [183/458] SCDK
[12:56:23] [184/458] SXMI
[12:56:24] [185/458] SHDN
[12:56:25] [186/458] PAAD
[12:56:26] [187/458] UUCB
[12:56:27] [188/458] JHOL
[12:56:27] 🔄 Identity reset
[12:56:27] 🔄 Identity rotated (every 10 requests)
[12:56:28] [189/458] SGWT
[12:56:29] [190/458] SRII
[12:56:30] [191/458] SGCK
[12:56:31] [192/458] SVVB
[12:56:32] [193/458] DMHA
[12:56:33] [194/458] PPNL
[12:56:34] [195/458] CPNL
[12:56:36] [196/458] WVLD
[12:56:37] [197/458] PSLV
[12:56:38] [198/458] VTTL
[12:56:38] 🔄 Identity reset
[12:56:38] 🔄 Identity rotated (every 10 requests)
[12:56:40] [199/458] NPAD
[12:56:41] [200/458] PVCS
[12:56:42] [201/458] MCHL
[12:56:43] [202/458] PPLL
[12:56:44] [203/458] MALO
[12:56:45] [204/458] SWBH
[12:56:46] [205/458] PUGB
[12:56:47] [206/458] INBB
[12:56:48] [207/458] INNS
[12:56:49] [208/458] MCPT
[12:56:49] 🔄 Identity reset
[12:56:49] 🔄 Identity rotated (every 10 requests)
[12:56:50] [209/458] SCMI
[12:56:51] [210/458] OCON
[12:56:52] [211/458] SCSM
[12:56:53] [212/458] RJVN
[12:56:54] [213/458] AMDK
[12:56:55] [214/458] ISMR
[12:56:56] [215/458] SMTD
[12:56:58] [216/458] VTDD
[12:56:59] [217/458] PDDZ
[12:57:00] [218/458] PCCK
[12:57:00] 🔄 Identity reset
[12:57:00] 🔄 Identity rotated (every 10 requests)
[12:57:01] [219/458] INAM
[12:57:03] [220/458] FNKT
[12:57:04] [221/458] GDKA
[12:57:05] [222/458] MAYU
[12:57:06] [223/458] TCGU
[12:57:07] [224/458] KDCA
[12:57:08] [225/458] DOMY
[12:57:09] [226/458] PDDD
[12:57:11] [227/458] BJTS
[12:57:12] [228/458] VTCA
[12:57:12] 🔄 Identity reset
[12:57:12] 🔄 Identity rotated (every 10 requests)
[12:57:14] [229/458] SBTM
[12:57:14] [230/458] SEET
[12:57:15] [231/458] SSTJ
[12:57:16] [232/458] SVNT
[12:57:17] [233/458] PPPR
[12:57:18] [234/458] PVYS
[12:57:19] [235/458] IOSE
[12:57:20] [236/458] ACTV
[12:57:21] [237/458] APVE
[12:57:22] [238/458] TCCL
[12:57:22] 🔄 Identity reset
[12:57:22] 🔄 Identity rotated (every 10 requests)
[12:57:23] [239/458] SCMO
[12:57:24] [240/458] SAUM
[12:57:25] [241/458] KCJS
[12:57:26] [242/458] NJCJ
[12:57:27] [243/458] NECF
[12:57:28] [244/458] CCGW
[12:57:30] [245/458] CCMG
[12:57:30] [246/458] NYRG
[12:57:31] [247/458] NCSQ
[12:57:33] [248/458] GRCG
[12:57:33] 🔄 Identity reset
[12:57:33] 🔄 Identity rotated (every 10 requests)
[12:57:34] [249/458] CCBT
[12:57:36] [250/458] ACGA
[12:57:37] [251/458] INAG
[12:57:38] [252/458] FUCG
[12:57:39] [253/458] AICF
[12:57:40] [254/458] GRGA
[12:57:41] [255/458] GDCN
[12:57:42] [256/458] RRCG
[12:57:43] [257/458] SDCH
[12:57:44] [258/458] WVJM
[12:57:44] 🔄 Identity reset
[12:57:44] 🔄 Identity rotated (every 10 requests)
[12:57:46] [259/458] JCCZ
[12:57:47] [260/458] CNCL
[12:57:48] [261/458] TMLV
[12:57:49] [262/458] MEMB
[12:57:50] [263/458] SGTD
[12:57:51] [264/458] CONX
[12:57:52] [265/458] CCMH
[12:57:53] [266/458] ACMC
[12:57:54] [267/458] DTPD
[12:57:56] [268/458] POJA
[12:57:56] 🔄 Identity reset
[12:57:56] 🔄 Identity rotated (every 10 requests)
[12:57:57] [269/458] FNBH
[12:57:58] [270/458] CGCB
[12:57:59] [271/458] RACN
[12:58:00] [272/458] JTSM
[12:58:01] [273/458] SCDN
[12:58:02] [274/458] AACK
[12:58:03] [275/458] RMCE
[12:58:05] [276/458] BSGB
[12:58:05] [277/458] MRCB
[12:58:06] [278/458] SRVR
[12:58:06] 🔄 Identity reset
[12:58:06] 🔄 Identity rotated (every 10 requests)
[12:58:08] [279/458] VTKK
[12:58:08] [280/458] AMST
[12:58:09] [281/458] APCY
[12:58:10] [282/458] LMHO
[12:58:11] [283/458] MTZH
[12:58:12] [284/458] AMZB
[12:58:13] [285/458] SUVT
[12:58:14] [286/458] RCIP
[12:58:15] [287/458] KESR
[12:58:16] [288/458] SNKC
[12:58:16] 🔄 Identity reset
[12:58:16] 🔄 Identity rotated (every 10 requests)
[12:58:17] [289/458] SCED
[12:58:18] [290/458] DVCA
[12:58:19] [291/458] VCDT
[12:58:21] [292/458] RRDI
[12:58:23] [293/458] DFCH
[12:58:23] [294/458] INSC
[12:58:24] [295/458] RGTR
[12:58:25] [296/458] FMOT
[12:58:26] [297/458] SCPM
[12:58:27] [298/458] GCDT
[12:58:27] 🔄 Identity reset
[12:58:27] 🔄 Identity rotated (every 10 requests)
[12:58:28] [299/458] BRKT
[12:58:29] [300/458] DEMP
[12:58:30] [301/458] SRLC
[12:58:32] [302/458] KSTT
[12:58:32] [303/458] SMMT
[12:58:33] [304/458] SILM
[12:58:34] [305/458] JCVM
[12:58:35] [306/458] KCSV
[12:58:36] [307/458] MHLK
[12:58:37] [308/458] SLVL
[12:58:37] 🔄 Identity reset
[12:58:37] 🔄 Identity rotated (every 10 requests)
[12:58:38] [309/458] RJKP
[12:58:39] [310/458] BBPC
[12:58:40] [311/458] MXCB
[12:58:42] [312/458] TCPK
[12:58:43] [313/458] RTBR
[12:58:44] [314/458] GAUT
[12:58:45] [315/458] DVCF
[12:58:46] [316/458] JTSB
[12:58:47] [317/458] SBLS
[12:58:48] [318/458] UDAY
[12:58:48] 🔄 Identity reset
[12:58:48] 🔄 Identity rotated (every 10 requests)
[12:58:49] [319/458] PTNP
[12:58:51] [320/458] DMKT
[12:58:52] [321/458] NTDT
[12:58:53] [322/458] SHDJ
[12:58:54] [323/458] OTNC
[12:58:55] [324/458] RNTW
[12:58:56] [325/458] GCMI
[12:58:57] [326/458] CRCM
[12:58:58] [327/458] NNCZ
[12:58:59] [328/458] OEMO
[12:58:59] 🔄 Identity reset
[12:58:59] 🔄 Identity rotated (every 10 requests)
[12:59:00] [329/458] PVJM
[12:59:00] [330/458] CPJI
[12:59:02] [331/458] RMCJ
[12:59:03] [332/458] CNWJ
[12:59:04] [333/458] EPJM
[12:59:05] [334/458] FNJJ
[12:59:07] [335/458] GCMJ
[12:59:08] [336/458] INPS
[12:59:10] [337/458] BICJ
[12:59:10] [338/458] ISTJ
[12:59:10] 🔄 Identity reset
[12:59:10] 🔄 Identity rotated (every 10 requests)
[12:59:12] [339/458] INJC
[12:59:12] [340/458] GLXJ
[12:59:14] [341/458] INEM
[12:59:15] [342/458] JTMN
[12:59:16] [343/458] FRCJ
[12:59:17] [344/458] DDJP
[12:59:18] [345/458] INJV
[12:59:19] [346/458] GOLC
[12:59:20] [347/458] KOCI
[12:59:21] [348/458] FSTD
[12:59:21] 🔄 Identity reset
[12:59:21] 🔄 Identity rotated (every 10 requests)
[12:59:22] [349/458] PACJ
[12:59:23] [350/458] GMCN
[12:59:24] [351/458] MMDJ
[12:59:25] [352/458] GODH
[12:59:27] [353/458] SKYN
[12:59:27] [354/458] NCTH
[12:59:28] [355/458] SKVZ
[12:59:30] [356/458] SVML
[12:59:31] [357/458] ACVZ
[12:59:33] [358/458] SURA
[12:59:33] 🔄 Identity reset
[12:59:33] 🔄 Identity rotated (every 10 requests)
[12:59:34] [359/458] RTRB
[12:59:35] [360/458] LLCT
[12:59:36] [361/458] ATTS
[12:59:37] [362/458] JYCM
[12:59:39] [363/458] CTKR
[12:59:40] [364/458] LCKR
[12:59:41] [365/458] NYCV
[12:59:42] [366/458] NYOH
[12:59:44] [367/458] NOVX
[12:59:45] [368/458] MRGK
[12:59:45] 🔄 Identity reset
[12:59:45] 🔄 Identity rotated (every 10 requests)
[12:59:46] [369/458] MOON
[12:59:47] [370/458] SBUC
[12:59:48] [371/458] GSVA
[12:59:50] [372/458] VIAK
[12:59:51] [373/458] SMVZ
[12:59:52] [374/458] MATE
[12:59:53] [375/458] RDCN
[12:59:54] [376/458] ASBL
[12:59:55] [377/458] ASVS
[12:59:57] [378/458] ASSR
[12:59:57] 🔄 Identity reset
[12:59:57] 🔄 Identity rotated (every 10 requests)
[12:59:58] [379/458] SSKN
[12:59:59] [380/458] DRPV
[13:00:00] [381/458] MRHT
[13:00:02] [382/458] BSCN
[13:00:03] [383/458] RKNX
[13:00:04] [384/458] MSMC
[13:00:05] [385/458] MSCJ
[13:00:06] [386/458] BTBJ
[13:00:07] [387/458] MJCC
[13:00:08] [388/458] IOMM
[13:00:08] 🔄 Identity reset
[13:00:08] 🔄 Identity rotated (every 10 requests)
[13:00:10] [389/458] ADGR
[13:00:10] [390/458] MYCP
[13:00:11] [391/458] IGCM
[13:00:12] [392/458] PGRK
[13:00:13] [393/458] VPGO
[13:00:14] [394/458] KOMS
[13:00:15] [395/458] URGG
[13:00:16] [396/458] GOST
[13:00:17] [397/458] LACT
[13:00:18] [398/458] BWCM
[13:00:18] 🔄 Identity reset
[13:00:18] 🔄 Identity rotated (every 10 requests)
[13:00:19] [399/458] NCCW
[13:00:20] [400/458] SKYC
[13:00:22] [401/458] CCPM
[13:00:23] [402/458] VCBT
[13:00:24] [403/458] SDKR
[13:00:25] [404/458] CTYB
[13:00:26] [405/458] SHCX
[13:00:27] [406/458] RCUN
[13:00:28] [407/458] CNRA
[13:00:30] [408/458] RFCA
[13:00:30] 🔄 Identity reset
[13:00:30] 🔄 Identity rotated (every 10 requests)
[13:00:31] [409/458] RDCU
[13:00:32] [410/458] SARK
[13:00:33] [411/458] SPPP
[13:00:34] [412/458] ADMB
[13:00:35] [413/458] JYOE
[13:00:36] [414/458] SRMD
[13:00:37] [415/458] RJDH
[13:00:38] [416/458] SSTD
[13:00:39] [417/458] AACV
[13:00:40] [418/458] PPVD
[13:00:40] 🔄 Identity reset
[13:00:40] 🔄 Identity rotated (every 10 requests)
[13:00:41] [419/458] STCP
[13:00:42] [420/458] ANLS
[13:00:43] [421/458] BIJO
[13:00:44] [422/458] AVAB
[13:00:45] [423/458] SPMD
[13:00:46] [424/458] SVJL
[13:00:47] [425/458] SDDJ
[13:00:48] [426/458] SLTU
[13:00:49] [427/458] SAKA
[13:00:50] [428/458] PMAM
[13:00:50] 🔄 Identity reset
[13:00:50] 🔄 Identity rotated (every 10 requests)
[13:00:51] [429/458] FNAM
[13:00:52] [430/458] ACAM
[13:00:54] [431/458] SCMM
[13:00:56] [432/458] PMAK
[13:00:57] [433/458] NYSA
[13:00:58] [434/458] FCPA
[13:00:59] [435/458] GDAN
[13:01:00] [436/458] RSCA
[13:01:00] [437/458] DMAN
[13:01:01] [438/458] DZCM
[13:01:01] 🔄 Identity reset
[13:01:01] 🔄 Identity rotated (every 10 requests)
[13:01:03] [439/458] NSGL
[13:01:04] [440/458] CCPP
[13:01:04] [441/458] PSMG
[13:01:06] [442/458] GSER
[13:01:08] [443/458] FCCT
[13:01:09] [444/458] FCTB
[13:01:11] [445/458] LCNK
[13:01:12] [446/458] SKTY
[13:01:13] [447/458] INAA
[13:01:14] [448/458] RCWN
[13:01:14] 🔄 Identity reset
[13:01:14] 🔄 Identity rotated (every 10 requests)
[13:01:15] [449/458] VAIS
[13:01:16] [450/458] CVMN
[13:01:17] [451/458] INTS
[13:01:18] [452/458] FRGS
[13:01:20] [453/458] DTCK
[13:01:21] [454/458] MCMH
[13:01:22] [455/458] ECRR
[13:01:23] [456/458] RLLP
[13:01:24] [457/458] CCSN
[13:01:26] [458/458] CCBA
[13:01:26] 🔄 Identity reset
[13:01:26] 🔄 Identity rotated (every 10 requests)
[13:01:27] 🧹 Deduping shows
[13:01:27] ✅ DONE | Shows=3469 | Movies=75
[16:40:08] 🚀 SCRIPT STARTED
[16:40:08] [1/458] MBDC
[16:40:08] 🧠 New identity created
[16:40:09] [2/458] CHKM
[16:40:10] [3/458] JTKZ
[16:40:11] [4/458] CMCT
[16:40:12] [5/458] ASHO
[16:40:13] [6/458] ECDG
[16:40:13] [7/458] SPAT
[16:40:14] [8/458] HILC
[16:40:15] [9/458] SPPH
[16:40:16] [10/458] SBHN
[16:40:16] 🔄 Identity reset
[16:40:17] 🔄 Identity rotated (every 10 requests)
[16:40:17] 🔄 Retry 1/5 for SBHN in 2.7s
[16:40:17] 🔄 Identity reset
[16:40:19] 🧠 New identity created
[16:40:20] [11/458] RRCA
[16:40:21] [12/458] APAA
[16:40:22] [13/458] RAME
[16:40:24] [14/458] TMMS
[16:40:24] [15/458] BATK
[16:40:25] [16/458] LKOP
[16:40:26] [17/458] AMTT
[16:40:27] [18/458] PTGK
[16:40:28] [19/458] ANRS
[16:40:28] 🔄 Identity reset
[16:40:28] 🔄 Identity rotated (every 10 requests)
[16:40:30] [20/458] VWBW
[16:40:30] [21/458] SVFG
[16:40:31] [22/458] STAT
[16:40:32] [23/458] GDCV
[16:40:33] [24/458] VEBI
[16:40:35] [25/458] VDSS
[16:40:37] [26/458] NTHV
[16:40:38] [27/458] AOCH
[16:40:39] [28/458] KASR
[16:40:40] [29/458] AYCS
[16:40:40] 🔄 Identity reset
[16:40:40] 🔄 Identity rotated (every 10 requests)
[16:40:41] [30/458] SHAI
[16:40:41] [31/458] SKPE
[16:40:42] [32/458] SBTA
[16:40:43] [33/458] RTTD
[16:40:44] [34/458] CCJD
[16:40:45] [35/458] RSJJ
[16:40:46] [36/458] RKND
[16:40:47] [37/458] SVTX
[16:40:47] [38/458] BAKM
[16:40:48] [39/458] SVDC
[16:40:48] 🔄 Identity reset
[16:40:48] 🔄 Identity rotated (every 10 requests)
[16:40:50] [40/458] MNCV
[16:40:51] [41/458] SJGC
[16:40:52] [42/458] MTPK
[16:40:53] [43/458] GATP
[16:40:54] [44/458] ABTS
[16:40:55] [45/458] ABDE
[16:40:56] [46/458] RCNM
[16:40:57] [47/458] KTHV
[16:40:58] [48/458] MDGJ
[16:40:59] [49/458] SMLM
[16:40:59] 🔄 Identity reset
[16:40:59] 🔄 Identity rotated (every 10 requests)
[16:41:00] [50/458] JTMA
[16:41:01] [51/458] ACKP
[16:41:02] [52/458] SRTA
[16:41:02] [53/458] STAY
[16:41:04] [54/458] MAVO
[16:41:05] [55/458] APTS
[16:41:06] [56/458] OMEA
[16:41:07] [57/458] TTFD
[16:41:08] [58/458] MJCU
[16:41:08] [59/458] CXTE
[16:41:08] 🔄 Identity reset
[16:41:08] 🔄 Identity rotated (every 10 requests)
[16:41:10] [60/458] CTPX
[16:41:12] [61/458] ASSL
[16:41:13] [62/458] CMVB
[16:41:14] [63/458] VPUR
[16:41:15] [64/458] JJDA
[16:41:16] [65/458] INBL
[16:41:17] [66/458] BIKB
[16:41:18] [67/458] NTBB
[16:41:19] [68/458] GLOB
[16:41:20] [69/458] SNTB
[16:41:20] 🔄 Identity reset
[16:41:20] 🔄 Identity rotated (every 10 requests)
[16:41:21] [70/458] CHGV
[16:41:22] [71/458] SSBZ
[16:41:23] [72/458] PRDB
[16:41:24] [73/458] ISMT
[16:41:25] [74/458] MCSD
[16:41:26] [75/458] JBTT
[16:41:27] [76/458] GEKR
[16:41:28] [77/458] PVUN
[16:41:29] [78/458] NRTB
[16:41:30] [79/458] PRAA
[16:41:30] 🔄 Identity reset
[16:41:30] 🔄 Identity rotated (every 10 requests)
[16:41:31] [80/458] PCBL
[16:41:32] [81/458] PTCM
[16:41:34] [82/458] KHNN
[16:41:35] [83/458] OMJE
[16:41:37] [84/458] STGN
[16:41:37] [85/458] RPMS
[16:41:38] [86/458] NWAD
[16:41:39] [87/458] BLCK
[16:41:40] [88/458] SVAA
[16:41:41] [89/458] URVM
[16:41:41] 🔄 Identity reset
[16:41:41] 🔄 Identity rotated (every 10 requests)
[16:41:42] [90/458] ANTM
[16:41:43] [91/458] VJYM
[16:41:44] [92/458] MAZZ
[16:41:45] [93/458] CSHM
[16:41:46] [94/458] WGMH
[16:41:47] [95/458] SALN
[16:41:48] [96/458] BRTP
[16:41:49] [97/458] SVTA
[16:41:50] [98/458] SBTP
[16:41:51] [99/458] VLSS
[16:41:51] 🔄 Identity reset
[16:41:51] 🔄 Identity rotated (every 10 requests)
[16:41:51] [100/458] SRJA
[16:41:52] [101/458] ANCG
[16:41:53] [102/458] CGGC
[16:41:54] [103/458] CRJA
[16:41:55] [104/458] USCR
[16:41:56] [105/458] MMEF
[16:41:58] [106/458] JCRJ
[16:41:59] [107/458] ADCM
[16:42:01] [108/458] BMYK
[16:42:02] [109/458] KICS
[16:42:02] 🔄 Identity reset
[16:42:02] 🔄 Identity rotated (every 10 requests)
[16:42:04] [110/458] MBBT
[16:42:05] [111/458] MACK
[16:42:06] [112/458] CLDR
[16:42:07] [113/458] JYCR
[16:42:08] [114/458] DCRP
[16:42:09] [115/458] RAHT
[16:42:10] [116/458] CSSM
[16:42:11] [117/458] ATPK
[16:42:12] [118/458] KLRT
[16:42:13] [119/458] SRDD
[16:42:13] 🔄 Identity reset
[16:42:13] 🔄 Identity rotated (every 10 requests)
[16:42:15] [120/458] CKMC
[16:42:15] [121/458] KRVM
[16:42:16] [122/458] AKCP
[16:42:17] [123/458] CNCV
[16:42:19] [124/458] PACT
[16:42:20] [125/458] NATP
[16:42:22] [126/458] PCPK
[16:42:23] [127/458] SMHO
[16:42:24] [128/458] CWTK
[16:42:25] [129/458] RVKZ
[16:42:25] 🔄 Identity reset
[16:42:25] 🔄 Identity rotated (every 10 requests)
[16:42:26] [130/458] ASPD
[16:42:27] [131/458] VTKZ
[16:42:28] [132/458] LCSO
[16:42:29] [133/458] PRDY
[16:42:30] [134/458] RCAP
[16:42:31] [135/458] RGAR
[16:42:32] [136/458] RCAC
[16:42:33] [137/458] PMOD
[16:42:34] [138/458] PVCN
[16:42:35] [139/458] SCRZ
[16:42:35] 🔄 Identity reset
[16:42:35] 🔄 Identity rotated (every 10 requests)
[16:42:35] [140/458] PVPC
[16:42:36] [141/458] STID
[16:42:37] [142/458] NEDD
[16:42:39] [143/458] BNBA
[16:42:40] [144/458] NTCD
[16:42:41] [145/458] OCDE
[16:42:42] [146/458] CCDU
[16:42:43] [147/458] CRXH
[16:42:44] [148/458] VLVT
[16:42:45] [149/458] CICI
[16:42:45] 🔄 Identity reset
[16:42:45] 🔄 Identity rotated (every 10 requests)
[16:42:46] [150/458] SUCB
[16:42:47] [151/458] TCBP
[16:42:47] [152/458] SCCY
[16:42:48] [153/458] LXCY
[16:42:50] [154/458] NCMD
[16:42:50] [155/458] PHCS
[16:42:51] [156/458] DUXR
[16:42:52] [157/458] VNKS
[16:42:54] [158/458] SEDP
[16:42:55] [159/458] SVEN
[16:42:55] 🔄 Identity reset
[16:42:55] 🔄 Identity rotated (every 10 requests)
[16:42:55] 🔄 Retry 1/5 for SVEN in 2.3s
[16:42:55] 🔄 Identity reset
[16:42:57] 🧠 New identity created
[16:42:58] [160/458] SRKM
[16:42:59] [161/458] JTLT
[16:43:00] [162/458] SVSS
[16:43:01] [163/458] AMDE
[16:43:02] [164/458] WVRN
[16:43:03] [165/458] ISMG
[16:43:04] [166/458] WVKS
[16:43:05] [167/458] USCG
[16:43:05] [168/458] IOTG
[16:43:05] 🔄 Identity reset
[16:43:05] 🔄 Identity rotated (every 10 requests)
[16:43:07] [169/458] RRJM
[16:43:08] [170/458] EDMP
[16:43:09] [171/458] SCGZ
[16:43:10] [172/458] GMGX
[16:43:11] [173/458] OMTP
[16:43:13] [174/458] MITD
[16:43:13] [175/458] SMMD
[16:43:14] [176/458] STML
[16:43:15] [177/458] MCFS
[16:43:16] [178/458] FPKA
[16:43:16] 🔄 Identity reset
[16:43:16] 🔄 Identity rotated (every 10 requests)
[16:43:16] 🔄 Retry 1/5 for FPKA in 2.6s
[16:43:16] 🔄 Identity reset
[16:43:19] 🧠 New identity created
[16:43:21] [179/458] OMLR
[16:43:22] [180/458] KKSC
[16:43:23] [181/458] RVMA
[16:43:24] [182/458] SCLL
[16:43:25] [183/458] SCDK
[16:43:27] [184/458] SXMI
[16:43:28] [185/458] SHDN
[16:43:29] [186/458] PAAD
[16:43:30] [187/458] UUCB
[16:43:30] 🔄 Identity reset
[16:43:30] 🔄 Identity rotated (every 10 requests)
[16:43:31] [188/458] JHOL
[16:43:32] [189/458] SGWT
[16:43:33] [190/458] SRII
[16:43:34] [191/458] SGCK
[16:43:35] [192/458] SVVB
[16:43:36] [193/458] DMHA
[16:43:37] [194/458] PPNL
[16:43:38] [195/458] CPNL
[16:43:39] [196/458] WVLD
[16:43:41] [197/458] PSLV
[16:43:41] 🔄 Identity reset
[16:43:41] 🔄 Identity rotated (every 10 requests)
[16:43:42] [198/458] VTTL
[16:43:43] [199/458] NPAD
[16:43:44] [200/458] PVCS
[16:43:45] [201/458] MCHL
[16:43:46] [202/458] PPLL
[16:43:47] [203/458] MALO
[16:43:48] [204/458] SWBH
[16:43:49] [205/458] PUGB
[16:43:51] [206/458] INBB
[16:43:52] [207/458] INNS
[16:43:52] 🔄 Identity reset
[16:43:52] 🔄 Identity rotated (every 10 requests)
[16:43:53] [208/458] MCPT
[16:43:54] [209/458] SCMI
[16:43:55] [210/458] OCON
[16:43:56] [211/458] SCSM
[16:43:57] [212/458] RJVN
[16:43:58] [213/458] AMDK
[16:43:59] [214/458] ISMR
[16:44:00] [215/458] SMTD
[16:44:01] [216/458] VTDD
[16:44:03] [217/458] PDDZ
[16:44:03] 🔄 Identity reset
[16:44:03] 🔄 Identity rotated (every 10 requests)
[16:44:04] [218/458] PCCK
[16:44:05] [219/458] INAM
[16:44:07] [220/458] FNKT
[16:44:08] [221/458] GDKA
[16:44:09] [222/458] MAYU
[16:44:11] [223/458] TCGU
[16:44:12] [224/458] KDCA
[16:44:13] [225/458] DOMY
[16:44:14] [226/458] PDDD
[16:44:16] [227/458] BJTS
[16:44:16] 🔄 Identity reset
[16:44:16] 🔄 Identity rotated (every 10 requests)
[16:44:16] [228/458] VTCA
[16:44:17] [229/458] SBTM
[16:44:18] [230/458] SEET
[16:44:19] [231/458] SSTJ
[16:44:20] [232/458] SVNT
[16:44:21] [233/458] PPPR
[16:44:22] [234/458] PVYS
[16:44:22] [235/458] IOSE
[16:44:23] [236/458] ACTV
[16:44:24] [237/458] APVE
[16:44:24] 🔄 Identity reset
[16:44:24] 🔄 Identity rotated (every 10 requests)
[16:44:26] [238/458] TCCL
[16:44:28] [239/458] SCMO
[16:44:29] [240/458] SAUM
[16:44:30] [241/458] KCJS
[16:44:31] [242/458] NJCJ
[16:44:32] [243/458] NECF
[16:44:33] [244/458] CCGW
[16:44:34] [245/458] CCMG
[16:44:35] [246/458] NYRG
[16:44:36] [247/458] NCSQ
[16:44:36] 🔄 Identity reset
[16:44:36] 🔄 Identity rotated (every 10 requests)
[16:44:36] 🔄 Retry 1/5 for NCSQ in 2.9s
[16:44:36] 🔄 Identity reset
[16:44:39] 🧠 New identity created
[16:44:40] [248/458] GRCG
[16:44:40] [249/458] CCBT
[16:44:41] [250/458] ACGA
[16:44:42] [251/458] INAG
[16:44:43] [252/458] FUCG
[16:44:45] [253/458] AICF
[16:44:47] [254/458] GRGA
[16:44:47] [255/458] GDCN
[16:44:48] [256/458] RRCG
[16:44:48] 🔄 Identity reset
[16:44:48] 🔄 Identity rotated (every 10 requests)
[16:44:48] 🔄 Retry 1/5 for RRCG in 2.0s
[16:44:48] 🔄 Identity reset
[16:44:50] 🧠 New identity created
[16:44:51] [257/458] SDCH
[16:44:52] [258/458] WVJM
[16:44:53] [259/458] JCCZ
[16:44:54] [260/458] CNCL
[16:44:55] [261/458] TMLV
[16:44:56] [262/458] MEMB
[16:44:57] [263/458] SGTD
[16:44:58] [264/458] CONX
[16:44:59] [265/458] CCMH
[16:44:59] 🔄 Identity reset
[16:44:59] 🔄 Identity rotated (every 10 requests)
[16:44:59] 🔄 Retry 1/5 for CCMH in 2.3s
[16:44:59] 🔄 Identity reset
[16:45:01] 🧠 New identity created
[16:45:02] [266/458] ACMC
[16:45:04] [267/458] DTPD
[16:45:05] [268/458] POJA
[16:45:06] [269/458] FNBH
[16:45:07] [270/458] CGCB
[16:45:08] [271/458] RACN
[16:45:09] [272/458] JTSM
[16:45:10] [273/458] SCDN
[16:45:11] [274/458] AACK
[16:45:11] 🔄 Identity reset
[16:45:11] 🔄 Identity rotated (every 10 requests)
[16:45:13] [275/458] RMCE
[16:45:14] [276/458] BSGB
[16:45:15] [277/458] MRCB
[16:45:16] [278/458] SRVR
[16:45:17] [279/458] VTKK
[16:45:17] [280/458] AMST
[16:45:19] [281/458] APCY
[16:45:20] [282/458] LMHO
[16:45:21] [283/458] MTZH
[16:45:23] [284/458] AMZB
[16:45:23] 🔄 Identity reset
[16:45:23] 🔄 Identity rotated (every 10 requests)
[16:45:24] [285/458] SUVT
[16:45:25] [286/458] RCIP
[16:45:26] [287/458] KESR
[16:45:26] [288/458] SNKC
[16:45:27] [289/458] SCED
[16:45:28] [290/458] DVCA
[16:45:30] [291/458] VCDT
[16:45:31] [292/458] RRDI
[16:45:33] [293/458] DFCH
[16:45:34] [294/458] INSC
[16:45:34] 🔄 Identity reset
[16:45:34] 🔄 Identity rotated (every 10 requests)
[16:45:35] [295/458] RGTR
[16:45:36] [296/458] FMOT
[16:45:37] [297/458] SCPM
[16:45:38] [298/458] GCDT
[16:45:39] [299/458] BRKT
[16:45:40] [300/458] DEMP
[16:45:41] [301/458] SRLC
[16:45:42] [302/458] KSTT
[16:45:43] [303/458] SMMT
[16:45:44] [304/458] SILM
[16:45:44] 🔄 Identity reset
[16:45:44] 🔄 Identity rotated (every 10 requests)
[16:45:46] [305/458] JCVM
[16:45:47] [306/458] KCSV
[16:45:47] [307/458] MHLK
[16:45:48] [308/458] SLVL
[16:45:49] [309/458] RJKP
[16:45:50] [310/458] BBPC
[16:45:51] [311/458] MXCB
[16:45:52] [312/458] TCPK
[16:45:53] [313/458] RTBR
[16:45:54] [314/458] GAUT
[16:45:54] 🔄 Identity reset
[16:45:54] 🔄 Identity rotated (every 10 requests)
[16:45:55] [315/458] DVCF
[16:45:56] [316/458] JTSB
[16:45:57] [317/458] SBLS
[16:45:58] [318/458] UDAY
[16:46:00] [319/458] PTNP
[16:46:00] [320/458] DMKT
[16:46:01] [321/458] NTDT
[16:46:03] [322/458] SHDJ
[16:46:04] [323/458] OTNC
[16:46:05] [324/458] RNTW
[16:46:05] 🔄 Identity reset
[16:46:05] 🔄 Identity rotated (every 10 requests)
[16:46:08] [325/458] GCMI
[16:46:08] [326/458] CRCM
[16:46:09] [327/458] NNCZ
[16:46:10] [328/458] OEMO
[16:46:11] [329/458] PVJM
[16:46:13] [330/458] CPJI
[16:46:14] [331/458] RMCJ
[16:46:15] [332/458] CNWJ
[16:46:16] [333/458] EPJM
[16:46:17] [334/458] FNJJ
[16:46:17] 🔄 Identity reset
[16:46:17] 🔄 Identity rotated (every 10 requests)
[16:46:18] 🔄 Retry 1/5 for FNJJ in 2.2s
[16:46:18] 🔄 Identity reset
[16:46:20] 🧠 New identity created
[16:46:22] [335/458] GCMJ
[16:46:23] [336/458] INPS
[16:46:24] [337/458] BICJ
[16:46:25] [338/458] ISTJ
[16:46:26] [339/458] INJC
[16:46:27] [340/458] GLXJ
[16:46:28] [341/458] INEM
[16:46:30] [342/458] JTMN
[16:46:31] [343/458] FRCJ
[16:46:31] 🔄 Identity reset
[16:46:31] 🔄 Identity rotated (every 10 requests)
[16:46:32] [344/458] DDJP
[16:46:32] [345/458] INJV
[16:46:33] [346/458] GOLC
[16:46:34] [347/458] KOCI
[16:46:35] [348/458] FSTD
[16:46:36] [349/458] PACJ
[16:46:37] [350/458] GMCN
[16:46:38] [351/458] MMDJ
[16:46:39] [352/458] GODH
[16:46:40] [353/458] SKYN
[16:46:40] 🔄 Identity reset
[16:46:40] 🔄 Identity rotated (every 10 requests)
[16:46:40] 🔄 Retry 1/5 for SKYN in 2.6s
[16:46:40] 🔄 Identity reset
[16:46:42] 🧠 New identity created
[16:46:43] [354/458] NCTH
[16:46:44] [355/458] SKVZ
[16:46:45] [356/458] SVML
[16:46:46] [357/458] ACVZ
[16:46:48] [358/458] SURA
[16:46:49] [359/458] RTRB
[16:46:50] [360/458] LLCT
[16:46:51] [361/458] ATTS
[16:46:52] [362/458] JYCM
[16:46:52] 🔄 Identity reset
[16:46:52] 🔄 Identity rotated (every 10 requests)
[16:46:54] [363/458] CTKR
[16:46:55] [364/458] LCKR
[16:46:56] [365/458] NYCV
[16:46:57] [366/458] NYOH
[16:46:59] [367/458] NOVX
[16:46:59] [368/458] MRGK
[16:47:00] [369/458] MOON
[16:47:01] [370/458] SBUC
[16:47:03] [371/458] GSVA
[16:47:04] [372/458] VIAK
[16:47:04] 🔄 Identity reset
[16:47:04] 🔄 Identity rotated (every 10 requests)
[16:47:05] [373/458] SMVZ
[16:47:06] [374/458] MATE
[16:47:07] [375/458] RDCN
[16:47:08] [376/458] ASBL
[16:47:09] [377/458] ASVS
[16:47:10] [378/458] ASSR
[16:47:11] [379/458] SSKN
[16:47:12] [380/458] DRPV
[16:47:13] [381/458] MRHT
[16:47:14] [382/458] BSCN
[16:47:14] 🔄 Identity reset
[16:47:14] 🔄 Identity rotated (every 10 requests)
[16:47:15] [383/458] RKNX
[16:47:16] [384/458] MSMC
[16:47:17] [385/458] MSCJ
[16:47:18] [386/458] BTBJ
[16:47:20] [387/458] MJCC
[16:47:21] [388/458] IOMM
[16:47:23] [389/458] ADGR
[16:47:23] [390/458] MYCP
[16:47:24] [391/458] IGCM
[16:47:25] [392/458] PGRK
[16:47:25] 🔄 Identity reset
[16:47:25] 🔄 Identity rotated (every 10 requests)
[16:47:26] [393/458] VPGO
[16:47:27] [394/458] KOMS
[16:47:29] [395/458] URGG
[16:47:29] [396/458] GOST
[16:47:30] [397/458] LACT
[16:47:31] [398/458] BWCM
[16:47:32] [399/458] NCCW
[16:47:33] [400/458] SKYC
[16:47:35] [401/458] CCPM
[16:47:36] [402/458] VCBT
[16:47:36] 🔄 Identity reset
[16:47:36] 🔄 Identity rotated (every 10 requests)
[16:47:37] [403/458] SDKR
[16:47:38] [404/458] CTYB
[16:47:39] [405/458] SHCX
[16:47:39] [406/458] RCUN
[16:47:40] [407/458] CNRA
[16:47:41] [408/458] RFCA
[16:47:42] [409/458] RDCU
[16:47:43] [410/458] SARK
[16:47:44] [411/458] SPPP
[16:47:45] [412/458] ADMB
[16:47:45] 🔄 Identity reset
[16:47:45] 🔄 Identity rotated (every 10 requests)
[16:47:47] [413/458] JYOE
[16:47:47] [414/458] SRMD
[16:47:49] [415/458] RJDH
[16:47:51] [416/458] SSTD
[16:47:52] [417/458] AACV
[16:47:53] [418/458] PPVD
[16:47:54] [419/458] STCP
[16:47:55] [420/458] ANLS
[16:47:56] [421/458] BIJO
[16:47:57] [422/458] AVAB
[16:47:57] 🔄 Identity reset
[16:47:57] 🔄 Identity rotated (every 10 requests)
[16:47:58] [423/458] SPMD
[16:47:59] [424/458] SVJL
[16:47:59] [425/458] SDDJ
[16:48:00] [426/458] SLTU
[16:48:01] [427/458] SAKA
[16:48:02] [428/458] PMAM
[16:48:03] [429/458] FNAM
[16:48:04] [430/458] ACAM
[16:48:05] [431/458] SCMM
[16:48:06] [432/458] PMAK
[16:48:06] 🔄 Identity reset
[16:48:06] 🔄 Identity rotated (every 10 requests)
[16:48:07] [433/458] NYSA
[16:48:08] [434/458] FCPA
[16:48:09] [435/458] GDAN
[16:48:10] [436/458] RSCA
[16:48:11] [437/458] DMAN
[16:48:12] [438/458] DZCM
[16:48:12] [439/458] NSGL
[16:48:13] [440/458] CCPP
[16:48:14] [441/458] PSMG
[16:48:15] [442/458] GSER
[16:48:15] 🔄 Identity reset
[16:48:15] 🔄 Identity rotated (every 10 requests)
[16:48:15] 🔄 Retry 1/5 for GSER in 2.1s
[16:48:15] 🔄 Identity reset
[16:48:17] 🧠 New identity created
[16:48:19] [443/458] FCCT
[16:48:20] [444/458] FCTB
[16:48:21] [445/458] LCNK
[16:48:22] [446/458] SKTY
[16:48:23] [447/458] INAA
[16:48:24] [448/458] RCWN
[16:48:25] [449/458] VAIS
[16:48:26] [450/458] CVMN
[16:48:26] [451/458] INTS
[16:48:26] 🔄 Identity reset
[16:48:26] 🔄 Identity rotated (every 10 requests)
[16:48:27] [452/458] FRGS
[16:48:28] [453/458] DTCK
[16:48:29] [454/458] MCMH
[16:48:30] [455/458] ECRR
[16:48:31] [456/458] RLLP
[16:48:33] [457/458] CCSN
[16:48:35] [458/458] CCBA
[16:48:35] 🧹 Deduping shows
[16:48:36] ✅ DONE | Shows=3537 | Movies=80
