[21:38:52] 🚀 SCRIPT STARTED (enhanced anti‑detection)
[21:38:52] [1/455] MXGN
[21:38:52] 🧠 New identity created
[21:38:53] [2/455] PGGM
[21:38:54] [3/455] IPMJ
[21:38:55] [4/455] M2PP
[21:38:56] [5/455] PMMS
[21:38:57] [6/455] SCJN
[21:38:57] [7/455] CPUM
[21:38:59] [8/455] SCND
[21:39:00] [9/455] INWM
[21:39:00] [10/455] DVDC
[21:39:01] 🔄 Identity reset
[21:39:01] 🔄 Identity rotated (every 10 requests)
[21:39:01] [11/455] WVND
[21:39:02] [12/455] LBDL
[21:39:03] [13/455] CRGM
[21:39:04] [14/455] PVKS
[21:39:05] [15/455] PBLL
[21:39:06] [16/455] FNLN
[21:39:07] [17/455] PPDA
[21:39:08] [18/455] SCPT
[21:39:09] [19/455] IAJS
[21:39:09] [20/455] MMZG
[21:39:10] 🔄 Identity reset
[21:39:10] 🔄 Identity rotated (every 10 requests)
[21:39:10] [21/455] MCTI
[21:39:12] [22/455] PPMF
[21:39:13] [23/455] FNSD
[21:39:14] [24/455] M2RH
[21:39:15] [25/455] CPGV
[21:39:16] [26/455] PECD
[21:39:17] [27/455] CTEE
[21:39:18] [28/455] IOMG
[21:39:18] [29/455] CIJA
[21:39:19] [30/455] NYCG
[21:39:20] 🔄 Identity reset
[21:39:20] 🔄 Identity rotated (every 10 requests)
[21:39:20] [31/455] CEST
[21:39:21] [32/455] WVRG
[21:39:22] [33/455] DPDC
[21:39:23] [34/455] PDIV
[21:39:24] [35/455] MTPP
[21:39:24] [36/455] MHNU
[21:39:25] [37/455] WUPG
[21:39:26] [38/455] USCO
[21:39:27] [39/455] INFR
[21:39:28] [40/455] PVPD
[21:39:28] 🔄 Identity reset
[21:39:28] 🔄 Identity rotated (every 10 requests)
[21:39:29] [41/455] RONC
[21:39:29] [42/455] IOCP
[21:39:30] [43/455] EMPS
[21:39:31] [44/455] PNAD
[21:39:32] [45/455] VVGZ
[21:39:33] [46/455] MDDC
[21:39:34] [47/455] MMAP
[21:39:34] [48/455] GPDC
[21:39:35] [49/455] PVPU
[21:39:36] [50/455] DCMV
[21:39:37] 🔄 Identity reset
[21:39:37] 🔄 Identity rotated (every 10 requests)
[21:39:37] [51/455] PCCF
[21:39:38] [52/455] MCEF
[21:39:39] [53/455] INRD
[21:39:40] [54/455] CCPZ
[21:39:41] [55/455] BCWG
[21:39:41] [56/455] PMGU
[21:39:42] [57/455] MCVM
[21:39:43] [58/455] MCDE
[21:39:44] [59/455] IEFM
[21:39:45] [60/455] MXCS
[21:39:46] 🔄 Identity reset
[21:39:46] 🔄 Identity rotated (every 10 requests)
[21:39:46] [61/455] RNMT
[21:39:47] [62/455] PSDD
[21:39:48] [63/455] PETA
[21:39:49] [64/455] IZOP
[21:39:50] [65/455] PDEI
[21:39:51] [66/455] MTND
[21:39:52] [67/455] PCPL
[21:39:53] [68/455] LSCM
[21:39:54] [69/455] BTFD
[21:39:55] [70/455] MERM
[21:39:56] 🔄 Identity reset
[21:39:56] 🔄 Identity rotated (every 10 requests)
[21:39:56] [71/455] PVMS
[21:39:57] [72/455] CIGK
[21:39:58] [73/455] INSG
[21:39:58] [74/455] IDEN
[21:39:59] [75/455] MCGN
[21:40:00] [76/455] IGAM
[21:40:01] [77/455] SLCU
[21:40:02] [78/455] MIMU
[21:40:03] [79/455] QLAC
[21:40:04] [80/455] MENL
[21:40:05] 🔄 Identity reset
[21:40:05] 🔄 Identity rotated (every 10 requests)
[21:40:05] [81/455] SCUR
[21:40:06] [82/455] MDGD
[21:40:07] [83/455] LSRS
[21:40:08] [84/455] KMLG
[21:40:09] [85/455] MKLJ
[21:40:10] [86/455] IBYG
[21:40:11] [87/455] ISML
[21:40:11] [88/455] MJMM
[21:40:12] [89/455] RCGD
[21:40:13] [90/455] MMOC
[21:40:14] 🔄 Identity reset
[21:40:14] 🔄 Identity rotated (every 10 requests)
[21:40:14] [91/455] RRCO
[21:40:15] [92/455] MEDM
[21:40:16] [93/455] MCAZ
[21:40:17] [94/455] STWA
[21:40:18] [95/455] PFFG
[21:40:19] [96/455] GAGC
[21:40:20] [97/455] PMPM
[21:40:21] [98/455] HVCD
[21:40:21] [99/455] AKRF
[21:40:22] [100/455] AKRC
[21:40:23] 🔄 Identity reset
[21:40:23] 🔄 Identity rotated (every 10 requests)
[21:40:23] [101/455] MIDA
[21:40:24] [102/455] MAGX
[21:40:25] [103/455] ESOS
[21:40:26] [104/455] BBCL
[21:40:27] [105/455] LYAS
[21:40:28] [106/455] NRMS
[21:40:29] [107/455] BHUC
[21:40:30] [108/455] SRIC
[21:40:30] [109/455] PDME
[21:40:31] [110/455] MJCS
[21:40:32] 🔄 Identity reset
[21:40:32] 🔄 Identity rotated (every 10 requests)
[21:40:33] [111/455] NRAA
[21:40:33] [112/455] VATA
[21:40:34] [113/455] MNKC
[21:40:35] [114/455] DHCL
[21:40:36] [115/455] JCPC
[21:40:37] [116/455] CTML
[21:40:38] [117/455] RMMR
[21:40:39] [118/455] STTL
[21:40:40] [119/455] CNPS
[21:40:41] [120/455] ACKL
[21:40:41] 🔄 Identity reset
[21:40:41] 🔄 Identity rotated (every 10 requests)
[21:40:42] [121/455] SCAU
[21:40:42] [122/455] RMIA
[21:40:43] [123/455] MANU
[21:40:44] [124/455] ARDC
[21:40:45] [125/455] GLDA
[21:40:46] [126/455] KVSW
[21:40:47] [127/455] CGCA
[21:40:47] [128/455] CMLO
[21:40:48] [129/455] CECB
[21:40:49] [130/455] RCPN
[21:40:50] 🔄 Identity reset
[21:40:50] 🔄 Identity rotated (every 10 requests)
[21:40:50] [131/455] ASMW
[21:40:51] [132/455] PWLM
[21:40:52] [133/455] ASGM
[21:40:53] [134/455] ACWH
[21:40:54] [135/455] AAPW
[21:40:55] [136/455] RTWA
[21:40:56] [137/455] RAMW
[21:40:57] [138/455] VKTR
[21:40:57] [139/455] SMBH
[21:40:58] [140/455] BVDR
[21:40:59] 🔄 Identity reset
[21:40:59] 🔄 Identity rotated (every 10 requests)
[21:40:59] [141/455] MRTP
[21:41:01] [142/455] BLBR
[21:41:02] [143/455] LPIN
[21:41:03] [144/455] SNPC
[21:41:04] [145/455] PDCB
[21:41:05] [146/455] DYPK
[21:41:05] [147/455] INMK
[21:41:06] [148/455] PDCK
[21:41:07] [149/455] PCKR
[21:41:08] [150/455] SHUA
[21:41:09] 🔄 Identity reset
[21:41:09] 🔄 Identity rotated (every 10 requests)
[21:41:09] [151/455] SCVK
[21:41:10] [152/455] STPA
[21:41:11] [153/455] WVHD
[21:41:12] [154/455] MRCH
[21:41:13] [155/455] MCNP
[21:41:14] [156/455] RCAG
[21:41:15] [157/455] JTSN
[21:41:15] [158/455] AANS
[21:41:16] [159/455] GDDR
[21:41:17] [160/455] SRER
[21:41:18] 🔄 Identity reset
[21:41:18] 🔄 Identity rotated (every 10 requests)
[21:41:18] [161/455] JKMA
[21:41:19] [162/455] ARAN
[21:41:20] [163/455] ALCT
[21:41:21] [164/455] CCTA
[21:41:22] [165/455] CNCT
[21:41:22] [166/455] NZBL
[21:41:23] [167/455] SRRA
[21:41:24] [168/455] SVPW
[21:41:25] [169/455] SRTW
[21:41:27] [170/455] XMTD
[21:41:27] 🔄 Identity reset
[21:41:27] 🔄 Identity rotated (every 10 requests)
[21:41:27] [171/455] SCCZ
[21:41:28] [172/455] PBCR
[21:41:29] [173/455] RTSC
[21:41:31] [174/455] TLSV
[21:41:32] [175/455] RMTK
[21:41:32] [176/455] SRAT
[21:41:33] [177/455] GCYC
[21:41:34] [178/455] HCAJ
[21:41:35] [179/455] LCXA
[21:41:36] [180/455] BINT
[21:41:37] 🔄 Identity reset
[21:41:37] 🔄 Identity rotated (every 10 requests)
[21:41:37] [181/455] IXIM
[21:41:39] [182/455] MBCR
[21:41:40] [183/455] BMCJ
[21:41:40] [184/455] NICJ
[21:41:41] [185/455] SCAJ
[21:41:42] [186/455] CMXS
[21:41:43] [187/455] MMSR
[21:41:44] [188/455] PRKT
[21:41:45] [189/455] LPTH
[21:41:45] [190/455] SARP
[21:41:46] 🔄 Identity reset
[21:41:46] 🔄 Identity rotated (every 10 requests)
[21:41:47] [191/455] MNPP
[21:41:48] [192/455] PRLR
[21:41:49] [193/455] RCMW
[21:41:50] [194/455] FCMG
[21:41:51] [195/455] RTNK
[21:41:52] [196/455] LRCP
[21:41:53] [197/455] DBJR
[21:41:54] [198/455] CACN
[21:41:54] [199/455] AMRL
[21:41:55] [200/455] SBBC
[21:41:56] 🔄 Identity reset
[21:41:56] 🔄 Identity rotated (every 10 requests)
[21:41:56] [201/455] VENN
[21:41:57] [202/455] STSS
[21:41:58] [203/455] SMRB
[21:41:59] [204/455] CCMX
[21:42:00] [205/455] KCMR
[21:42:01] [206/455] SALH
[21:42:02] [207/455] CGTT
[21:42:03] [208/455] PMDR
[21:42:04] [209/455] VCPM
[21:42:04] [210/455] RZMX
[21:42:05] 🔄 Identity reset
[21:42:05] 🔄 Identity rotated (every 10 requests)
[21:42:06] [211/455] TMSY
[21:42:07] [212/455] NTMS
[21:42:08] [213/455] VTAG
[21:42:09] [214/455] REMA
[21:42:10] [215/455] NXCC
[21:42:10] [216/455] SKYM
[21:42:11] [217/455] CCMO
[21:42:12] [218/455] DMXM
[21:42:13] [219/455] SPPM
[21:42:13] [220/455] PTKL
[21:42:14] 🔄 Identity reset
[21:42:14] 🔄 Identity rotated (every 10 requests)
[21:42:15] [221/455] SLVO
[21:42:16] [222/455] VASL
[21:42:17] [223/455] CBCM
[21:42:18] [224/455] STMA
[21:42:18] [225/455] LASK
[21:42:19] [226/455] VITE
[21:42:20] [227/455] AAST
[21:42:21] [228/455] JTPT
[21:42:22] [229/455] RRSH
[21:42:23] [230/455] CINL
[21:42:23] 🔄 Identity reset
[21:42:23] 🔄 Identity rotated (every 10 requests)
[21:42:23] 🔄 Retry 1/5 for CINL in 2.0s
[21:42:23] 🔄 Identity reset
[21:42:25] 🧠 New identity created
[21:42:26] [231/455] MCSR
[21:42:27] [232/455] SBCF
[21:42:27] [233/455] GCDU
[21:42:28] [234/455] PSPR
[21:42:29] [235/455] IMMO
[21:42:30] [236/455] CLGM
[21:42:31] [237/455] PBMM
[21:42:32] [238/455] CEHR
[21:42:32] [239/455] CPOE
[21:42:33] 🔄 Identity reset
[21:42:33] 🔄 Identity rotated (every 10 requests)
[21:42:33] 🔄 Retry 1/5 for CPOE in 2.8s
[21:42:33] 🔄 Identity reset
[21:42:36] 🧠 New identity created
[21:42:36] [240/455] PGFD
[21:42:37] [241/455] PSLC
[21:42:38] [242/455] MSMD
[21:42:39] [243/455] FMFB
[21:42:40] [244/455] RKCL
[21:42:41] [245/455] PMMC
[21:42:42] [246/455] SKMM
[21:42:43] [247/455] VOIB
[21:42:44] [248/455] KINO
[21:42:44] 🔄 Identity reset
[21:42:44] 🔄 Identity rotated (every 10 requests)
[21:42:44] 🔄 Retry 1/5 for KINO in 2.1s
[21:42:44] 🔄 Identity reset
[21:42:47] 🧠 New identity created
[21:42:47] [249/455] VCTP
[21:42:48] [250/455] PDWR
[21:42:49] [251/455] SAED
[21:42:49] [252/455] SRRT
[21:42:50] [253/455] CVLG
[21:42:51] [254/455] SNGN
[21:42:52] [255/455] SIDA
[21:42:53] [256/455] IMCB
[21:42:53] [257/455] SMHP
[21:42:54] 🔄 Identity reset
[21:42:54] 🔄 Identity rotated (every 10 requests)
[21:42:54] 🔄 Retry 1/5 for SMHP in 2.4s
[21:42:54] 🔄 Identity reset
[21:42:57] 🧠 New identity created
[21:42:57] 🔄 Retry 2/5 for SMHP in 4.7s
[21:42:57] 🔄 Identity reset
[21:43:01] 🧠 New identity created
[21:43:02] [258/455] GDTY
[21:43:03] [259/455] VYCH
[21:43:03] [260/455] PDYA
[21:43:04] [261/455] RKDO
[21:43:05] [262/455] VECG
[21:43:06] [263/455] NFGD
[21:43:07] [264/455] SNDC
[21:43:08] [265/455] SDJH
[21:43:08] 🔄 Identity reset
[21:43:08] 🔄 Identity rotated (every 10 requests)
[21:43:09] [266/455] HASV
[21:43:09] [267/455] PTYK
[21:43:10] [268/455] MUTB
[21:43:11] [269/455] AMRT
[21:43:13] [270/455] VACD
[21:43:13] [271/455] SKDD
[21:43:14] [272/455] STGR
[21:43:15] [273/455] GDAK
[21:43:16] [274/455] SKHK
[21:43:17] [275/455] SLND
[21:43:18] 🔄 Identity reset
[21:43:18] 🔄 Identity rotated (every 10 requests)
[21:43:18] [276/455] APAP
[21:43:19] [277/455] AYYA
[21:43:20] [278/455] VCCZ
[21:43:21] [279/455] MEML
[21:43:21] [280/455] MAOU
[21:43:22] [281/455] ESND
[21:43:23] [282/455] PTBZ
[21:43:24] [283/455] LBCN
[21:43:26] [284/455] PAWA
[21:43:27] [285/455] ZEIC
[21:43:28] 🔄 Identity reset
[21:43:28] 🔄 Identity rotated (every 10 requests)
[21:43:28] [286/455] CGMM
[21:43:29] [287/455] PJPM
[21:43:29] [288/455] ECMR
[21:43:30] [289/455] SHMZ
[21:43:31] [290/455] STCA
[21:43:32] [291/455] VDRC
[21:43:33] [292/455] SEEM
[21:43:34] [293/455] MKNS
[21:43:34] [294/455] KPPP
[21:43:35] [295/455] CCML
[21:43:36] 🔄 Identity reset
[21:43:36] 🔄 Identity rotated (every 10 requests)
[21:43:36] [296/455] CIBA
[21:43:37] [297/455] NACS
[21:43:38] [298/455] CTMK
[21:43:39] [299/455] CTCT
[21:43:40] [300/455] MCSN
[21:43:40] [301/455] MAXX
[21:43:41] [302/455] MECB
[21:43:43] [303/455] NTBY
[21:43:43] [304/455] UTBI
[21:43:44] [305/455] RADK
[21:43:45] 🔄 Identity reset
[21:43:45] 🔄 Identity rotated (every 10 requests)
[21:43:46] [306/455] STBY
[21:43:46] [307/455] GTBY
[21:43:47] [308/455] RRMB
[21:43:48] [309/455] ABRN
[21:43:49] [310/455] GTSG
[21:43:50] [311/455] GBTG
[21:43:51] [312/455] SBGS
[21:43:52] [313/455] KBPM
[21:43:53] [314/455] SMHT
[21:43:54] [315/455] VTDM
[21:43:55] 🔄 Identity reset
[21:43:55] 🔄 Identity rotated (every 10 requests)
[21:43:55] [316/455] ASCT
[21:43:56] [317/455] AWCT
[21:43:57] [318/455] DCCU
[21:43:57] [319/455] PSCE
[21:43:58] [320/455] KSNY
[21:43:59] [321/455] ACID
[21:44:01] [322/455] LVCD
[21:44:02] [323/455] KSSB
[21:44:03] [324/455] SWTD
[21:44:04] [325/455] RBMR
[21:44:04] 🔄 Identity reset
[21:44:04] 🔄 Identity rotated (every 10 requests)
[21:44:04] 🔄 Retry 1/5 for RBMR in 2.1s
[21:44:04] 🔄 Identity reset
[21:44:06] 🧠 New identity created
[21:44:07] [326/455] SCBC
[21:44:08] [327/455] RKME
[21:44:08] [328/455] GALX
[21:44:10] [329/455] GCCH
[21:44:11] [330/455] RATR
[21:44:12] [331/455] GTGA
[21:44:13] [332/455] LTTR
[21:44:13] [333/455] TTAA
[21:44:14] [334/455] TVHP
[21:44:15] 🔄 Identity reset
[21:44:15] 🔄 Identity rotated (every 10 requests)
[21:44:15] [335/455] KVCS
[21:44:16] [336/455] CBMC
[21:44:17] [337/455] MAYJ
[21:44:18] [338/455] INPR
[21:44:19] [339/455] RSSC
[21:44:20] [340/455] PCAN
[21:44:21] [341/455] PVHR
[21:44:22] [342/455] AGSM
[21:44:23] [343/455] PVES
[21:44:23] [344/455] INTO
[21:44:24] 🔄 Identity reset
[21:44:24] 🔄 Identity rotated (every 10 requests)
[21:44:24] [345/455] ACON
[21:44:26] [346/455] PVPZ
[21:44:27] [347/455] PVHC
[21:44:28] [348/455] KSTK
[21:44:28] [349/455] PVSR
[21:44:29] [350/455] ACTN
[21:44:30] [351/455] FMCN
[21:44:31] [352/455] PABC
[21:44:32] [353/455] SUTC
[21:44:33] [354/455] PGMV
[21:44:33] 🔄 Identity reset
[21:44:33] 🔄 Identity rotated (every 10 requests)
[21:44:33] 🔄 Retry 1/5 for PGMV in 2.9s
[21:44:33] 🔄 Identity reset
[21:44:36] 🧠 New identity created
[21:44:36] [355/455] GKCP
[21:44:37] [356/455] INCH
[21:44:38] [357/455] MLMT
[21:44:39] [358/455] SSCC
[21:44:40] [359/455] SLMP
[21:44:41] [360/455] VVTN
[21:44:42] [361/455] SBTR
[21:44:42] [362/455] PGRA
[21:44:43] [363/455] PBRM
[21:44:44] 🔄 Identity reset
[21:44:44] 🔄 Identity rotated (every 10 requests)
[21:44:44] [364/455] GCRP
[21:44:45] [365/455] MCSK
[21:44:46] [366/455] NLTC
[21:44:47] [367/455] MTLM
[21:44:48] [368/455] VECT
[21:44:48] [369/455] KMRM
[21:44:49] [370/455] RACM
[21:44:50] [371/455] WSTC
[21:44:51] [372/455] PVTJ
[21:44:52] [373/455] MMKC
[21:44:52] 🔄 Identity reset
[21:44:52] 🔄 Identity rotated (every 10 requests)
[21:44:53] [374/455] SVWT
[21:44:54] [375/455] JOTG
[21:44:54] [376/455] VCDK
[21:44:55] [377/455] ANAC
[21:44:56] [378/455] GRTC
[21:44:57] [379/455] JTPL
[21:44:58] [380/455] VRCP
[21:44:59] [381/455] REMC
[21:44:59] [382/455] ATMG
[21:45:00] [383/455] GAHC
[21:45:01] 🔄 Identity reset
[21:45:01] 🔄 Identity rotated (every 10 requests)
[21:45:01] 🔄 Retry 1/5 for GAHC in 2.1s
[21:45:01] 🔄 Identity reset
[21:45:03] 🧠 New identity created
[21:45:03] [384/455] JTMV
[21:45:04] [385/455] OMTT
[21:45:05] [386/455] GKKC
[21:45:06] [387/455] BBPO
[21:45:07] [388/455] ZCBB
[21:45:07] [389/455] DCGO
[21:45:08] [390/455] STOP
[21:45:09] [391/455] BSPC
[21:45:10] [392/455] SOND
[21:45:11] 🔄 Identity reset
[21:45:11] 🔄 Identity rotated (every 10 requests)
[21:45:11] [393/455] GCKG
[21:45:12] [394/455] PCDB
[21:45:13] [395/455] PGRC
[21:45:14] [396/455] CSCT
[21:45:14] [397/455] STDA
[21:45:15] [398/455] JAYD
[21:45:16] [399/455] PPPD
[21:45:17] [400/455] KRTT
[21:45:18] [401/455] PTDT
[21:45:19] [402/455] TRSV
[21:45:19] 🔄 Identity reset
[21:45:19] 🔄 Identity rotated (every 10 requests)
[21:45:20] [403/455] VELR
[21:45:20] [404/455] STDT
[21:45:21] [405/455] SATT
[21:45:22] [406/455] KCPM
[21:45:23] [407/455] MFCP
[21:45:24] [408/455] AXMP
[21:45:25] [409/455] LTVB
[21:45:26] [410/455] APST
[21:45:27] [411/455] DTVP
[21:45:27] [412/455] AAVB
[21:45:28] 🔄 Identity reset
[21:45:28] 🔄 Identity rotated (every 10 requests)
[21:45:28] [413/455] PMBL
[21:45:29] [414/455] STKC
[21:45:30] [415/455] KKMA
[21:45:31] [416/455] NMXS
[21:45:32] [417/455] DECX
[21:45:33] [418/455] MAPJ
[21:45:34] [419/455] SMLK
[21:45:35] [420/455] PMPU
[21:45:37] [421/455] AFST
[21:45:38] [422/455] SRSY
[21:45:38] 🔄 Identity reset
[21:45:38] 🔄 Identity rotated (every 10 requests)
[21:45:39] [423/455] RMKT
[21:45:40] [424/455] RAJX
[21:45:40] [425/455] UVCD
[21:45:41] [426/455] LISA
[21:45:42] [427/455] LMSR
[21:45:43] [428/455] PMCA
[21:45:44] [429/455] INPO
[21:45:45] [430/455] INGO
[21:45:46] [431/455] HFSQ
[21:45:47] [432/455] INMG
[21:45:48] 🔄 Identity reset
[21:45:48] 🔄 Identity rotated (every 10 requests)
[21:45:48] [433/455] NYCP
[21:45:49] [434/455] HFSV
[21:45:50] [435/455] MMZP
[21:45:51] [436/455] KSES
[21:45:51] [437/455] HFSA
[21:45:52] [438/455] ACMM
[21:45:53] [439/455] RCKD
[21:45:54] [440/455] BCKR
[21:45:55] [441/455] SFCO
[21:45:56] [442/455] JCCB
[21:45:57] 🔄 Identity reset
[21:45:57] 🔄 Identity rotated (every 10 requests)
[21:45:57] [443/455] BCCR
[21:45:59] [444/455] NWCB
[21:46:00] [445/455] SAMT
[21:46:01] [446/455] TMST
[21:46:03] [447/455] SJCN
[21:46:04] [448/455] MCBS
[21:46:05] [449/455] CMKR
[21:46:05] [450/455] INPM
[21:46:06] [451/455] WVMT
[21:46:08] [452/455] NYSM
[21:46:08] 🔄 Identity reset
[21:46:08] 🔄 Identity rotated (every 10 requests)
[21:46:09] [453/455] RCMA
[21:46:10] [454/455] RECM
[21:46:11] [455/455] CYCM
[21:46:12] 🧹 Deduping shows
[21:46:12] ✅ DONE | Shows=1683 | Movies=38
[03:42:20] 🚀 SCRIPT STARTED (enhanced anti‑detection)
[03:42:20] [1/455] MXGN
[03:42:21] 🧠 New identity created
[03:42:21] [2/455] PGGM
[03:42:22] [3/455] IPMJ
[03:42:23] [4/455] M2PP
[03:42:24] [5/455] PMMS
[03:42:25] [6/455] SCJN
[03:42:26] [7/455] CPUM
[03:42:27] [8/455] SCND
[03:42:28] [9/455] INWM
[03:42:29] [10/455] DVDC
[03:42:29] 🔄 Identity reset
[03:42:29] 🔄 Identity rotated (every 10 requests)
[03:42:30] [11/455] WVND
[03:42:32] [12/455] LBDL
[03:42:32] [13/455] CRGM
[03:42:33] [14/455] PVKS
[03:42:34] [15/455] PBLL
[03:42:35] [16/455] FNLN
[03:42:36] [17/455] PPDA
[03:42:37] [18/455] SCPT
[03:42:38] [19/455] IAJS
[03:42:39] [20/455] MMZG
[03:42:39] 🔄 Identity reset
[03:42:39] 🔄 Identity rotated (every 10 requests)
[03:42:40] [21/455] MCTI
[03:42:41] [22/455] PPMF
[03:42:42] [23/455] FNSD
[03:42:43] [24/455] M2RH
[03:42:44] [25/455] CPGV
[03:42:45] [26/455] PECD
[03:42:57] 🔄 Retry 1/5 for PECD in 3.0s
[03:42:57] 🔄 Identity reset
[03:43:00] 🧠 New identity created
[03:43:12] 🔄 Retry 2/5 for PECD in 4.1s
[03:43:12] 🔄 Identity reset
[03:43:17] 🧠 New identity created
[03:43:26] [27/455] CTEE
[03:43:27] [28/455] IOMG
[03:43:27] 🔄 Identity reset
[03:43:27] 🔄 Identity rotated (every 10 requests)
[03:43:27] 🔄 Retry 1/5 for IOMG in 2.1s
[03:43:27] 🔄 Identity reset
[03:43:29] 🧠 New identity created
[03:43:30] [29/455] CIJA
[03:43:31] [30/455] NYCG
[03:43:32] [31/455] CEST
[03:43:33] [32/455] WVRG
[03:43:33] [33/455] DPDC
[03:43:34] [34/455] PDIV
[03:43:35] [35/455] MTPP
[03:43:36] [36/455] MHNU
[03:43:37] [37/455] WUPG
[03:43:38] 🔄 Identity reset
[03:43:38] 🔄 Identity rotated (every 10 requests)
[03:43:38] [38/455] USCO
[03:43:39] [39/455] INFR
[03:43:40] [40/455] PVPD
[03:43:41] [41/455] RONC
[03:43:41] [42/455] IOCP
[03:43:42] [43/455] EMPS
[03:43:43] [44/455] PNAD
[03:43:44] [45/455] VVGZ
[03:43:45] [46/455] MDDC
[03:43:46] [47/455] MMAP
[03:43:47] 🔄 Identity reset
[03:43:47] 🔄 Identity rotated (every 10 requests)
[03:43:47] [48/455] GPDC
[03:43:48] [49/455] PVPU
[03:43:49] [50/455] DCMV
[03:43:50] [51/455] PCCF
[03:43:51] [52/455] MCEF
[03:43:53] [53/455] INRD
[03:43:54] [54/455] CCPZ
[03:43:55] [55/455] BCWG
[03:43:56] [56/455] PMGU
[03:43:57] [57/455] MCVM
[03:43:57] 🔄 Identity reset
[03:43:57] 🔄 Identity rotated (every 10 requests)
[03:43:57] [58/455] MCDE
[03:43:58] [59/455] IEFM
[03:43:59] [60/455] MXCS
[03:44:01] [61/455] RNMT
[03:44:02] [62/455] PSDD
[03:44:03] [63/455] PETA
[03:44:03] [64/455] IZOP
[03:44:04] [65/455] PDEI
[03:44:05] [66/455] MTND
[03:44:06] [67/455] PCPL
[03:44:06] 🔄 Identity reset
[03:44:07] 🔄 Identity rotated (every 10 requests)
[03:44:07] [68/455] LSCM
[03:44:08] [69/455] BTFD
[03:44:09] [70/455] MERM
[03:44:10] [71/455] PVMS
[03:44:11] [72/455] CIGK
[03:44:12] [73/455] INSG
[03:44:12] [74/455] IDEN
[03:44:13] [75/455] MCGN
[03:44:14] [76/455] IGAM
[03:44:15] [77/455] SLCU
[03:44:15] 🔄 Identity reset
[03:44:15] 🔄 Identity rotated (every 10 requests)
[03:44:15] 🔄 Retry 1/5 for SLCU in 2.7s
[03:44:15] 🔄 Identity reset
[03:44:18] 🧠 New identity created
[03:44:18] [78/455] MIMU
[03:44:19] [79/455] QLAC
[03:44:20] [80/455] MENL
[03:44:21] [81/455] SCUR
[03:44:22] [82/455] MDGD
[03:44:23] [83/455] LSRS
[03:44:24] [84/455] KMLG
[03:44:25] [85/455] MKLJ
[03:44:25] [86/455] IBYG
[03:44:26] 🔄 Identity reset
[03:44:26] 🔄 Identity rotated (every 10 requests)
[03:44:26] [87/455] ISML
[03:44:27] [88/455] MJMM
[03:44:28] [89/455] RCGD
[03:44:29] [90/455] MMOC
[03:44:30] [91/455] RRCO
[03:44:31] [92/455] MEDM
[03:44:31] [93/455] MCAZ
[03:44:32] [94/455] STWA
[03:44:34] [95/455] PFFG
[03:44:35] [96/455] GAGC
[03:44:35] 🔄 Identity reset
[03:44:35] 🔄 Identity rotated (every 10 requests)
[03:44:36] [97/455] PMPM
[03:44:36] [98/455] HVCD
[03:44:37] [99/455] AKRF
[03:44:39] [100/455] AKRC
[03:44:40] [101/455] MIDA
[03:44:41] [102/455] MAGX
[03:44:41] [103/455] ESOS
[03:44:42] [104/455] BBCL
[03:44:43] [105/455] LYAS
[03:44:44] [106/455] NRMS
[03:44:45] 🔄 Identity reset
[03:44:45] 🔄 Identity rotated (every 10 requests)
[03:44:45] [107/455] BHUC
[03:44:46] [108/455] SRIC
[03:44:47] [109/455] PDME
[03:44:48] [110/455] MJCS
[03:44:49] [111/455] NRAA
[03:44:49] [112/455] VATA
[03:44:50] [113/455] MNKC
[03:44:51] [114/455] DHCL
[03:44:52] [115/455] JCPC
[03:44:53] [116/455] CTML
[03:44:54] 🔄 Identity reset
[03:44:54] 🔄 Identity rotated (every 10 requests)
[03:44:54] [117/455] RMMR
[03:44:55] [118/455] STTL
[03:44:56] [119/455] CNPS
[03:44:57] [120/455] ACKL
[03:44:57] [121/455] SCAU
[03:44:58] [122/455] RMIA
[03:44:59] [123/455] MANU
[03:45:00] [124/455] ARDC
[03:45:01] [125/455] GLDA
[03:45:02] [126/455] KVSW
[03:45:03] 🔄 Identity reset
[03:45:03] 🔄 Identity rotated (every 10 requests)
[03:45:04] [127/455] CGCA
[03:45:06] [128/455] CMLO
[03:45:07] [129/455] CECB
[03:45:08] [130/455] RCPN
[03:45:08] [131/455] ASMW
[03:45:10] [132/455] PWLM
[03:45:11] [133/455] ASGM
[03:45:12] [134/455] ACWH
[03:45:13] [135/455] AAPW
[03:45:14] [136/455] RTWA
[03:45:14] 🔄 Identity reset
[03:45:14] 🔄 Identity rotated (every 10 requests)
[03:45:15] [137/455] RAMW
[03:45:16] [138/455] VKTR
[03:45:17] [139/455] SMBH
[03:45:18] [140/455] BVDR
[03:45:19] [141/455] MRTP
[03:45:20] [142/455] BLBR
[03:45:21] [143/455] LPIN
[03:45:22] [144/455] SNPC
[03:45:23] [145/455] PDCB
[03:45:24] [146/455] DYPK
[03:45:24] 🔄 Identity reset
[03:45:24] 🔄 Identity rotated (every 10 requests)
[03:45:25] [147/455] INMK
[03:45:26] [148/455] PDCK
[03:45:27] [149/455] PCKR
[03:45:28] [150/455] SHUA
[03:45:29] [151/455] SCVK
[03:45:31] [152/455] STPA
[03:45:32] [153/455] WVHD
[03:45:33] [154/455] MRCH
[03:45:34] [155/455] MCNP
[03:45:34] [156/455] RCAG
[03:45:35] 🔄 Identity reset
[03:45:35] 🔄 Identity rotated (every 10 requests)
[03:45:35] [157/455] JTSN
[03:45:36] [158/455] AANS
[03:45:37] [159/455] GDDR
[03:45:38] [160/455] SRER
[03:45:39] [161/455] JKMA
[03:45:40] [162/455] ARAN
[03:45:41] [163/455] ALCT
[03:45:42] [164/455] CCTA
[03:45:43] [165/455] CNCT
[03:45:44] [166/455] NZBL
[03:45:44] 🔄 Identity reset
[03:45:44] 🔄 Identity rotated (every 10 requests)
[03:45:45] [167/455] SRRA
[03:45:46] [168/455] SVPW
[03:45:46] [169/455] SRTW
[03:45:47] [170/455] XMTD
[03:45:48] [171/455] SCCZ
[03:45:49] [172/455] PBCR
[03:45:50] [173/455] RTSC
[03:45:51] [174/455] TLSV
[03:45:52] [175/455] RMTK
[03:45:53] [176/455] SRAT
[03:45:53] 🔄 Identity reset
[03:45:53] 🔄 Identity rotated (every 10 requests)
[03:45:54] [177/455] GCYC
[03:45:55] [178/455] HCAJ
[03:45:55] [179/455] LCXA
[03:45:56] [180/455] BINT
[03:45:57] [181/455] IXIM
[03:45:58] [182/455] MBCR
[03:45:59] [183/455] BMCJ
[03:46:00] [184/455] NICJ
[03:46:01] [185/455] SCAJ
[03:46:02] [186/455] CMXS
[03:46:02] 🔄 Identity reset
[03:46:02] 🔄 Identity rotated (every 10 requests)
[03:46:02] [187/455] MMSR
[03:46:03] [188/455] PRKT
[03:46:04] [189/455] LPTH
[03:46:05] [190/455] SARP
[03:46:06] [191/455] MNPP
[03:46:07] [192/455] PRLR
[03:46:09] [193/455] RCMW
[03:46:10] [194/455] FCMG
[03:46:10] [195/455] RTNK
[03:46:11] [196/455] LRCP
[03:46:12] 🔄 Identity reset
[03:46:12] 🔄 Identity rotated (every 10 requests)
[03:46:12] [197/455] DBJR
[03:46:13] [198/455] CACN
[03:46:14] [199/455] AMRL
[03:46:15] [200/455] SBBC
[03:46:15] [201/455] VENN
[03:46:16] [202/455] STSS
[03:46:17] [203/455] SMRB
[03:46:18] [204/455] CCMX
[03:46:19] [205/455] KCMR
[03:46:20] [206/455] SALH
[03:46:21] 🔄 Identity reset
[03:46:21] 🔄 Identity rotated (every 10 requests)
[03:46:21] [207/455] CGTT
[03:46:22] [208/455] PMDR
[03:46:23] [209/455] VCPM
[03:46:24] [210/455] RZMX
[03:46:24] [211/455] TMSY
[03:46:26] [212/455] NTMS
[03:46:27] [213/455] VTAG
[03:46:28] [214/455] REMA
[03:46:29] [215/455] NXCC
[03:46:30] [216/455] SKYM
[03:46:31] 🔄 Identity reset
[03:46:31] 🔄 Identity rotated (every 10 requests)
[03:46:31] [217/455] CCMO
[03:46:33] [218/455] DMXM
[03:46:34] [219/455] SPPM
[03:46:35] [220/455] PTKL
[03:46:36] [221/455] SLVO
[03:46:37] [222/455] VASL
[03:46:38] [223/455] CBCM
[03:46:38] [224/455] STMA
[03:46:39] [225/455] LASK
[03:46:40] [226/455] VITE
[03:46:41] 🔄 Identity reset
[03:46:41] 🔄 Identity rotated (every 10 requests)
[03:46:53] 🔄 Retry 1/5 for VITE in 2.4s
[03:46:53] 🔄 Identity reset
[03:46:55] 🧠 New identity created
[03:47:03] [227/455] AAST
[03:47:04] [228/455] JTPT
[03:47:05] [229/455] RRSH
[03:47:06] [230/455] CINL
[03:47:07] [231/455] MCSR
[03:47:07] [232/455] SBCF
[03:47:08] [233/455] GCDU
[03:47:09] [234/455] PSPR
[03:47:10] [235/455] IMMO
[03:47:11] 🔄 Identity reset
[03:47:11] 🔄 Identity rotated (every 10 requests)
[03:47:11] [236/455] CLGM
[03:47:12] [237/455] PBMM
[03:47:13] [238/455] CEHR
[03:47:14] [239/455] CPOE
[03:47:14] [240/455] PGFD
[03:47:15] [241/455] PSLC
[03:47:16] [242/455] MSMD
[03:47:17] [243/455] FMFB
[03:47:18] [244/455] RKCL
[03:47:19] [245/455] PMMC
[03:47:19] 🔄 Identity reset
[03:47:19] 🔄 Identity rotated (every 10 requests)
[03:47:20] [246/455] SKMM
[03:47:21] [247/455] VOIB
[03:47:22] [248/455] KINO
[03:47:22] [249/455] VCTP
[03:47:24] [250/455] PDWR
[03:47:25] [251/455] SAED
[03:47:26] [252/455] SRRT
[03:47:27] [253/455] CVLG
[03:47:28] [254/455] SNGN
[03:47:28] [255/455] SIDA
[03:47:29] 🔄 Identity reset
[03:47:29] 🔄 Identity rotated (every 10 requests)
[03:47:29] [256/455] IMCB
[03:47:30] [257/455] SMHP
[03:47:31] [258/455] GDTY
[03:47:32] [259/455] VYCH
[03:47:33] [260/455] PDYA
[03:47:34] [261/455] RKDO
[03:47:35] [262/455] VECG
[03:47:36] [263/455] NFGD
[03:47:37] [264/455] SNDC
[03:47:38] [265/455] SDJH
[03:47:39] 🔄 Identity reset
[03:47:39] 🔄 Identity rotated (every 10 requests)
[03:47:40] [266/455] HASV
[03:47:40] [267/455] PTYK
[03:47:41] [268/455] MUTB
[03:47:42] [269/455] AMRT
[03:47:43] [270/455] VACD
[03:47:44] [271/455] SKDD
[03:47:44] [272/455] STGR
[03:47:45] [273/455] GDAK
[03:47:46] [274/455] SKHK
[03:47:47] [275/455] SLND
[03:47:48] 🔄 Identity reset
[03:47:48] 🔄 Identity rotated (every 10 requests)
[03:47:48] [276/455] APAP
[03:47:49] [277/455] AYYA
[03:47:50] [278/455] VCCZ
[03:47:51] [279/455] MEML
[03:47:52] [280/455] MAOU
[03:47:52] [281/455] ESND
[03:47:53] [282/455] PTBZ
[03:47:54] [283/455] LBCN
[03:47:55] [284/455] PAWA
[03:47:56] [285/455] ZEIC
[03:47:57] 🔄 Identity reset
[03:47:57] 🔄 Identity rotated (every 10 requests)
[03:47:57] [286/455] CGMM
[03:47:58] [287/455] PJPM
[03:47:59] [288/455] ECMR
[03:48:00] [289/455] SHMZ
[03:48:01] [290/455] STCA
[03:48:02] [291/455] VDRC
[03:48:03] [292/455] SEEM
[03:48:04] [293/455] MKNS
[03:48:05] [294/455] KPPP
[03:48:05] [295/455] CCML
[03:48:06] 🔄 Identity reset
[03:48:06] 🔄 Identity rotated (every 10 requests)
[03:48:06] [296/455] CIBA
[03:48:07] [297/455] NACS
[03:48:08] [298/455] CTMK
[03:48:09] [299/455] CTCT
[03:48:10] [300/455] MCSN
[03:48:11] [301/455] MAXX
[03:48:12] [302/455] MECB
[03:48:13] [303/455] NTBY
[03:48:14] [304/455] UTBI
[03:48:14] [305/455] RADK
[03:48:15] 🔄 Identity reset
[03:48:15] 🔄 Identity rotated (every 10 requests)
[03:48:16] [306/455] STBY
[03:48:17] [307/455] GTBY
[03:48:17] [308/455] RRMB
[03:48:18] [309/455] ABRN
[03:48:19] [310/455] GTSG
[03:48:20] [311/455] GBTG
[03:48:21] [312/455] SBGS
[03:48:21] [313/455] KBPM
[03:48:22] [314/455] SMHT
[03:48:23] [315/455] VTDM
[03:48:24] 🔄 Identity reset
[03:48:24] 🔄 Identity rotated (every 10 requests)
[03:48:24] [316/455] ASCT
[03:48:25] [317/455] AWCT
[03:48:26] [318/455] DCCU
[03:48:27] [319/455] PSCE
[03:48:28] [320/455] KSNY
[03:48:29] [321/455] ACID
[03:48:30] [322/455] LVCD
[03:48:31] [323/455] KSSB
[03:48:32] [324/455] SWTD
[03:48:33] [325/455] RBMR
[03:48:33] 🔄 Identity reset
[03:48:33] 🔄 Identity rotated (every 10 requests)
[03:48:34] [326/455] SCBC
[03:48:35] [327/455] RKME
[03:48:36] [328/455] GALX
[03:48:36] [329/455] GCCH
[03:48:37] [330/455] RATR
[03:48:38] [331/455] GTGA
[03:48:39] [332/455] LTTR
[03:48:40] [333/455] TTAA
[03:48:41] [334/455] TVHP
[03:48:42] [335/455] KVCS
[03:48:43] 🔄 Identity reset
[03:48:43] 🔄 Identity rotated (every 10 requests)
[03:48:43] [336/455] CBMC
[03:48:44] [337/455] MAYJ
[03:48:45] [338/455] INPR
[03:48:46] [339/455] RSSC
[03:48:47] [340/455] PCAN
[03:48:48] [341/455] PVHR
[03:48:48] [342/455] AGSM
[03:48:50] [343/455] PVES
[03:48:51] [344/455] INTO
[03:48:52] [345/455] ACON
[03:48:52] 🔄 Identity reset
[03:48:52] 🔄 Identity rotated (every 10 requests)
[03:48:53] [346/455] PVPZ
[03:48:54] [347/455] PVHC
[03:48:55] [348/455] KSTK
[03:48:55] [349/455] PVSR
[03:48:56] [350/455] ACTN
[03:48:57] [351/455] FMCN
[03:48:58] [352/455] PABC
[03:48:59] [353/455] SUTC
[03:49:00] [354/455] PGMV
[03:49:01] [355/455] GKCP
[03:49:01] 🔄 Identity reset
[03:49:01] 🔄 Identity rotated (every 10 requests)
[03:49:02] [356/455] INCH
[03:49:03] [357/455] MLMT
[03:49:04] [358/455] SSCC
[03:49:05] [359/455] SLMP
[03:49:06] [360/455] VVTN
[03:49:07] [361/455] SBTR
[03:49:08] [362/455] PGRA
[03:49:09] [363/455] PBRM
[03:49:10] [364/455] GCRP
[03:49:10] [365/455] MCSK
[03:49:11] 🔄 Identity reset
[03:49:11] 🔄 Identity rotated (every 10 requests)
[03:49:11] [366/455] NLTC
[03:49:12] [367/455] MTLM
[03:49:13] [368/455] VECT
[03:49:14] [369/455] KMRM
[03:49:15] [370/455] RACM
[03:49:16] [371/455] WSTC
[03:49:17] [372/455] PVTJ
[03:49:18] [373/455] MMKC
[03:49:19] [374/455] SVWT
[03:49:20] [375/455] JOTG
[03:49:21] 🔄 Identity reset
[03:49:21] 🔄 Identity rotated (every 10 requests)
[03:49:21] [376/455] VCDK
[03:49:22] [377/455] ANAC
[03:49:23] [378/455] GRTC
[03:49:24] [379/455] JTPL
[03:49:25] [380/455] VRCP
[03:49:26] [381/455] REMC
[03:49:27] [382/455] ATMG
[03:49:28] [383/455] GAHC
[03:49:29] [384/455] JTMV
[03:49:30] [385/455] OMTT
[03:49:30] 🔄 Identity reset
[03:49:30] 🔄 Identity rotated (every 10 requests)
[03:49:31] [386/455] GKKC
[03:49:31] [387/455] BBPO
[03:49:32] [388/455] ZCBB
[03:49:33] [389/455] DCGO
[03:49:35] [390/455] STOP
[03:49:36] [391/455] BSPC
[03:49:37] [392/455] SOND
[03:49:39] [393/455] GCKG
[03:49:40] [394/455] PCDB
[03:49:41] [395/455] PGRC
[03:49:41] 🔄 Identity reset
[03:49:41] 🔄 Identity rotated (every 10 requests)
[03:49:42] [396/455] CSCT
[03:49:43] [397/455] STDA
[03:49:43] [398/455] JAYD
[03:49:44] [399/455] PPPD
[03:49:46] [400/455] KRTT
[03:49:47] [401/455] PTDT
[03:49:49] [402/455] TRSV
[03:49:49] [403/455] VELR
[03:49:50] [404/455] STDT
[03:49:51] [405/455] SATT
[03:49:52] 🔄 Identity reset
[03:49:52] 🔄 Identity rotated (every 10 requests)
[03:49:52] [406/455] KCPM
[03:49:53] [407/455] MFCP
[03:49:54] [408/455] AXMP
[03:49:55] [409/455] LTVB
[03:49:56] [410/455] APST
[03:49:57] [411/455] DTVP
[03:49:58] [412/455] AAVB
[03:49:59] [413/455] PMBL
[03:50:00] [414/455] STKC
[03:50:01] [415/455] KKMA
[03:50:01] 🔄 Identity reset
[03:50:01] 🔄 Identity rotated (every 10 requests)
[03:50:02] [416/455] NMXS
[03:50:03] [417/455] DECX
[03:50:04] [418/455] MAPJ
[03:50:06] [419/455] SMLK
[03:50:08] [420/455] PMPU
[03:50:09] [421/455] AFST
[03:50:10] [422/455] SRSY
[03:50:10] [423/455] RMKT
[03:50:11] [424/455] RAJX
[03:50:12] [425/455] UVCD
[03:50:13] 🔄 Identity reset
[03:50:13] 🔄 Identity rotated (every 10 requests)
[03:50:14] [426/455] LISA
[03:50:15] [427/455] LMSR
[03:50:16] [428/455] PMCA
[03:50:17] [429/455] INPO
[03:50:18] [430/455] INGO
[03:50:19] [431/455] HFSQ
[03:50:19] [432/455] INMG
[03:50:20] [433/455] NYCP
[03:50:21] [434/455] HFSV
[03:50:22] [435/455] MMZP
[03:50:23] 🔄 Identity reset
[03:50:23] 🔄 Identity rotated (every 10 requests)
[03:50:23] [436/455] KSES
[03:50:24] [437/455] HFSA
[03:50:25] [438/455] ACMM
[03:50:26] [439/455] RCKD
[03:50:27] [440/455] BCKR
[03:50:28] [441/455] SFCO
[03:50:29] [442/455] JCCB
[03:50:30] [443/455] BCCR
[03:50:31] [444/455] NWCB
[03:50:32] [445/455] SAMT
[03:50:33] 🔄 Identity reset
[03:50:33] 🔄 Identity rotated (every 10 requests)
[03:50:34] [446/455] TMST
[03:50:35] [447/455] SJCN
[03:50:36] [448/455] MCBS
[03:50:37] [449/455] CMKR
[03:50:37] [450/455] INPM
[03:50:38] [451/455] WVMT
[03:50:40] [452/455] NYSM
[03:50:41] [453/455] RCMA
[03:50:42] [454/455] RECM
[03:50:43] [455/455] CYCM
[03:50:43] 🔄 Identity reset
[03:50:43] 🔄 Identity rotated (every 10 requests)
[03:50:44] 🧹 Deduping shows
[03:50:44] ✅ DONE | Shows=1863 | Movies=43
[10:59:26] 🚀 SCRIPT STARTED (enhanced anti‑detection)
[10:59:26] [1/455] MXGN
[10:59:27] 🧠 New identity created
[10:59:27] [2/455] PGGM
[10:59:28] [3/455] IPMJ
[10:59:29] [4/455] M2PP
[10:59:30] [5/455] PMMS
[10:59:31] [6/455] SCJN
[10:59:31] [7/455] CPUM
[10:59:33] [8/455] SCND
[10:59:34] [9/455] INWM
[10:59:35] [10/455] DVDC
[10:59:36] 🔄 Identity reset
[10:59:36] 🔄 Identity rotated (every 10 requests)
[10:59:37] [11/455] WVND
[10:59:38] [12/455] LBDL
[10:59:39] [13/455] CRGM
[10:59:41] [14/455] PVKS
[10:59:42] [15/455] PBLL
[10:59:42] [16/455] FNLN
[10:59:43] [17/455] PPDA
[10:59:44] [18/455] SCPT
[10:59:46] [19/455] IAJS
[10:59:47] [20/455] MMZG
[10:59:47] 🔄 Identity reset
[10:59:47] 🔄 Identity rotated (every 10 requests)
[10:59:48] [21/455] MCTI
[10:59:48] [22/455] PPMF
[10:59:50] [23/455] FNSD
[10:59:51] [24/455] M2RH
[10:59:52] [25/455] CPGV
[10:59:53] [26/455] PECD
[10:59:53] [27/455] CTEE
[10:59:54] [28/455] IOMG
[10:59:55] [29/455] CIJA
[10:59:56] [30/455] NYCG
[10:59:56] 🔄 Identity reset
[10:59:56] 🔄 Identity rotated (every 10 requests)
[10:59:56] 🔄 Retry 1/5 for NYCG in 3.0s
[10:59:56] 🔄 Identity reset
[10:59:59] 🧠 New identity created
[10:59:59] 🔄 Retry 2/5 for NYCG in 4.5s
[10:59:59] 🔄 Identity reset
[11:00:04] 🧠 New identity created
[11:00:04] [31/455] CEST
[11:00:05] [32/455] WVRG
[11:00:06] [33/455] DPDC
[11:00:07] [34/455] PDIV
[11:00:08] [35/455] MTPP
[11:00:09] [36/455] MHNU
[11:00:10] [37/455] WUPG
[11:00:11] [38/455] USCO
[11:00:12] 🔄 Identity reset
[11:00:12] 🔄 Identity rotated (every 10 requests)
[11:00:12] [39/455] INFR
[11:00:13] [40/455] PVPD
[11:00:14] [41/455] RONC
[11:00:15] [42/455] IOCP
[11:00:15] [43/455] EMPS
[11:00:16] [44/455] PNAD
[11:00:17] [45/455] VVGZ
[11:00:18] [46/455] MDDC
[11:00:19] [47/455] MMAP
[11:00:20] [48/455] GPDC
[11:00:21] 🔄 Identity reset
[11:00:21] 🔄 Identity rotated (every 10 requests)
[11:00:21] [49/455] PVPU
[11:00:22] [50/455] DCMV
[11:00:23] [51/455] PCCF
[11:00:24] [52/455] MCEF
[11:00:24] [53/455] INRD
[11:00:25] [54/455] CCPZ
[11:00:26] [55/455] BCWG
[11:00:27] [56/455] PMGU
[11:00:28] [57/455] MCVM
[11:00:29] [58/455] MCDE
[11:00:29] 🔄 Identity reset
[11:00:29] 🔄 Identity rotated (every 10 requests)
[11:00:30] [59/455] IEFM
[11:00:31] [60/455] MXCS
[11:00:32] [61/455] RNMT
[11:00:33] [62/455] PSDD
[11:00:33] [63/455] PETA
[11:00:34] [64/455] IZOP
[11:00:35] [65/455] PDEI
[11:00:36] [66/455] MTND
[11:00:37] [67/455] PCPL
[11:00:37] [68/455] LSCM
[11:00:38] 🔄 Identity reset
[11:00:38] 🔄 Identity rotated (every 10 requests)
[11:00:39] [69/455] BTFD
[11:00:39] [70/455] MERM
[11:00:41] [71/455] PVMS
[11:00:42] [72/455] CIGK
[11:00:43] [73/455] INSG
[11:00:44] [74/455] IDEN
[11:00:46] [75/455] MCGN
[11:00:47] [76/455] IGAM
[11:00:48] [77/455] SLCU
[11:00:49] [78/455] MIMU
[11:00:50] 🔄 Identity reset
[11:00:50] 🔄 Identity rotated (every 10 requests)
[11:00:51] [79/455] QLAC
[11:00:51] [80/455] MENL
[11:00:52] [81/455] SCUR
[11:00:53] [82/455] MDGD
[11:00:54] [83/455] LSRS
[11:00:55] [84/455] KMLG
[11:00:55] [85/455] MKLJ
[11:00:56] [86/455] IBYG
[11:00:57] [87/455] ISML
[11:00:58] [88/455] MJMM
[11:00:59] 🔄 Identity reset
[11:00:59] 🔄 Identity rotated (every 10 requests)
[11:00:59] [89/455] RCGD
[11:01:00] [90/455] MMOC
[11:01:01] [91/455] RRCO
[11:01:02] [92/455] MEDM
[11:01:03] [93/455] MCAZ
[11:01:04] [94/455] STWA
[11:01:06] [95/455] PFFG
[11:01:06] [96/455] GAGC
[11:01:07] [97/455] PMPM
[11:01:08] [98/455] HVCD
[11:01:09] 🔄 Identity reset
[11:01:09] 🔄 Identity rotated (every 10 requests)
[11:01:09] [99/455] AKRF
[11:01:10] [100/455] AKRC
[11:01:11] [101/455] MIDA
[11:01:12] [102/455] MAGX
[11:01:13] [103/455] ESOS
[11:01:14] [104/455] BBCL
[11:01:15] [105/455] LYAS
[11:01:16] [106/455] NRMS
[11:01:17] [107/455] BHUC
[11:01:18] [108/455] SRIC
[11:01:19] 🔄 Identity reset
[11:01:19] 🔄 Identity rotated (every 10 requests)
[11:01:19] 🔄 Retry 1/5 for SRIC in 2.6s
[11:01:19] 🔄 Identity reset
[11:01:21] 🧠 New identity created
[11:01:22] [109/455] PDME
[11:01:22] [110/455] MJCS
[11:01:23] [111/455] NRAA
[11:01:24] [112/455] VATA
[11:01:25] [113/455] MNKC
[11:01:26] [114/455] DHCL
[11:01:27] [115/455] JCPC
[11:01:28] [116/455] CTML
[11:01:28] [117/455] RMMR
[11:01:29] 🔄 Identity reset
[11:01:29] 🔄 Identity rotated (every 10 requests)
[11:01:29] 🔄 Retry 1/5 for RMMR in 2.6s
[11:01:29] 🔄 Identity reset
[11:01:32] 🧠 New identity created
[11:01:32] 🔄 Retry 2/5 for RMMR in 4.5s
[11:01:32] 🔄 Identity reset
[11:01:36] 🧠 New identity created
[11:01:37] [118/455] STTL
[11:01:38] [119/455] CNPS
[11:01:38] [120/455] ACKL
[11:01:39] [121/455] SCAU
[11:01:40] [122/455] RMIA
[11:01:41] [123/455] MANU
[11:01:42] [124/455] ARDC
[11:01:44] [125/455] GLDA
[11:01:44] 🔄 Identity reset
[11:01:44] 🔄 Identity rotated (every 10 requests)
[11:01:44] 🔄 Retry 1/5 for GLDA in 2.4s
[11:01:44] 🔄 Identity reset
[11:01:47] 🧠 New identity created
[11:01:47] [126/455] KVSW
[11:01:48] [127/455] CGCA
[11:01:49] [128/455] CMLO
[11:01:50] [129/455] CECB
[11:01:50] [130/455] RCPN
[11:01:51] [131/455] ASMW
[11:01:52] [132/455] PWLM
[11:01:53] [133/455] ASGM
[11:01:54] [134/455] ACWH
[11:01:54] 🔄 Identity reset
[11:01:54] 🔄 Identity rotated (every 10 requests)
[11:01:54] 🔄 Retry 1/5 for ACWH in 2.1s
[11:01:54] 🔄 Identity reset
[11:01:56] 🧠 New identity created
[11:01:57] [135/455] AAPW
[11:01:58] [136/455] RTWA
[11:01:59] [137/455] RAMW
[11:01:59] [138/455] VKTR
[11:02:00] [139/455] SMBH
[11:02:01] [140/455] BVDR
[11:02:02] [141/455] MRTP
[11:02:03] [142/455] BLBR
[11:02:03] [143/455] LPIN
[11:02:04] 🔄 Identity reset
[11:02:04] 🔄 Identity rotated (every 10 requests)
[11:02:04] [144/455] SNPC
[11:02:05] [145/455] PDCB
[11:02:06] [146/455] DYPK
[11:02:07] [147/455] INMK
[11:02:08] [148/455] PDCK
[11:02:09] [149/455] PCKR
[11:02:10] [150/455] SHUA
[11:02:11] [151/455] SCVK
[11:02:12] [152/455] STPA
[11:02:13] [153/455] WVHD
[11:02:13] 🔄 Identity reset
[11:02:13] 🔄 Identity rotated (every 10 requests)
[11:02:13] [154/455] MRCH
[11:02:14] [155/455] MCNP
[11:02:15] [156/455] RCAG
[11:02:16] [157/455] JTSN
[11:02:16] [158/455] AANS
[11:02:17] [159/455] GDDR
[11:02:18] [160/455] SRER
[11:02:20] [161/455] JKMA
[11:02:21] [162/455] ARAN
[11:02:22] [163/455] ALCT
[11:02:22] 🔄 Identity reset
[11:02:22] 🔄 Identity rotated (every 10 requests)
[11:02:22] 🔄 Retry 1/5 for ALCT in 2.0s
[11:02:22] 🔄 Identity reset
[11:02:24] 🧠 New identity created
[11:02:24] [164/455] CCTA
[11:02:25] [165/455] CNCT
[11:02:26] [166/455] NZBL
[11:02:27] [167/455] SRRA
[11:02:28] [168/455] SVPW
[11:02:29] [169/455] SRTW
[11:02:30] [170/455] XMTD
[11:02:31] [171/455] SCCZ
[11:02:32] [172/455] PBCR
[11:02:32] 🔄 Identity reset
[11:02:33] 🔄 Identity rotated (every 10 requests)
[11:02:33] [173/455] RTSC
[11:02:34] [174/455] TLSV
[11:02:34] [175/455] RMTK
[11:02:36] [176/455] SRAT
[11:02:37] [177/455] GCYC
[11:02:38] [178/455] HCAJ
[11:02:39] [179/455] LCXA
[11:02:39] [180/455] BINT
[11:02:40] [181/455] IXIM
[11:02:41] [182/455] MBCR
[11:02:42] 🔄 Identity reset
[11:02:42] 🔄 Identity rotated (every 10 requests)
[11:02:42] 🔄 Retry 1/5 for MBCR in 2.4s
[11:02:42] 🔄 Identity reset
[11:02:44] 🧠 New identity created
[11:02:45] [183/455] BMCJ
[11:02:45] [184/455] NICJ
[11:02:46] [185/455] SCAJ
[11:02:47] [186/455] CMXS
[11:02:48] [187/455] MMSR
[11:02:49] [188/455] PRKT
[11:02:50] [189/455] LPTH
[11:02:50] [190/455] SARP
[11:02:51] [191/455] MNPP
[11:02:52] 🔄 Identity reset
[11:02:52] 🔄 Identity rotated (every 10 requests)
[11:02:52] [192/455] PRLR
[11:02:53] [193/455] RCMW
[11:02:54] [194/455] FCMG
[11:02:55] [195/455] RTNK
[11:02:56] [196/455] LRCP
[11:02:57] [197/455] DBJR
[11:02:58] [198/455] CACN
[11:02:58] [199/455] AMRL
[11:02:59] [200/455] SBBC
[11:03:00] [201/455] VENN
[11:03:01] 🔄 Identity reset
[11:03:01] 🔄 Identity rotated (every 10 requests)
[11:03:01] [202/455] STSS
[11:03:02] [203/455] SMRB
[11:03:03] [204/455] CCMX
[11:03:04] [205/455] KCMR
[11:03:04] [206/455] SALH
[11:03:05] [207/455] CGTT
[11:03:06] [208/455] PMDR
[11:03:07] [209/455] VCPM
[11:03:08] [210/455] RZMX
[11:03:09] [211/455] TMSY
[11:03:09] 🔄 Identity reset
[11:03:09] 🔄 Identity rotated (every 10 requests)
[11:03:09] [212/455] NTMS
[11:03:10] [213/455] VTAG
[11:03:11] [214/455] REMA
[11:03:12] [215/455] NXCC
[11:03:14] [216/455] SKYM
[11:03:15] [217/455] CCMO
[11:03:16] [218/455] DMXM
[11:03:17] [219/455] SPPM
[11:03:18] [220/455] PTKL
[11:03:18] [221/455] SLVO
[11:03:19] 🔄 Identity reset
[11:03:19] 🔄 Identity rotated (every 10 requests)
[11:03:19] 🔄 Retry 1/5 for SLVO in 2.6s
[11:03:19] 🔄 Identity reset
[11:03:22] 🧠 New identity created
[11:03:22] [222/455] VASL
[11:03:23] [223/455] CBCM
[11:03:24] [224/455] STMA
[11:03:24] [225/455] LASK
[11:03:26] [226/455] VITE
[11:03:27] [227/455] AAST
[11:03:27] [228/455] JTPT
[11:03:28] [229/455] RRSH
[11:03:29] [230/455] CINL
[11:03:30] 🔄 Identity reset
[11:03:30] 🔄 Identity rotated (every 10 requests)
[11:03:30] 🔄 Retry 1/5 for CINL in 2.6s
[11:03:30] 🔄 Identity reset
[11:03:32] 🧠 New identity created
[11:03:32] 🔄 Retry 2/5 for CINL in 4.7s
[11:03:32] 🔄 Identity reset
[11:03:37] 🧠 New identity created
[11:03:37] 🔄 Retry 3/5 for CINL in 8.3s
[11:03:37] 🔄 Identity reset
[11:03:45] 🧠 New identity created
[11:03:46] [231/455] MCSR
[11:03:46] [232/455] SBCF
[11:03:47] [233/455] GCDU
[11:03:48] [234/455] PSPR
[11:03:49] [235/455] IMMO
[11:03:50] [236/455] CLGM
[11:03:51] [237/455] PBMM
[11:03:51] 🔄 Identity reset
[11:03:51] 🔄 Identity rotated (every 10 requests)
[11:03:52] 🔄 Retry 1/5 for PBMM in 2.5s
[11:03:52] 🔄 Identity reset
[11:03:54] 🧠 New identity created
[11:03:54] [238/455] CEHR
[11:03:55] [239/455] CPOE
[11:03:56] [240/455] PGFD
[11:03:58] [241/455] PSLC
[11:03:59] [242/455] MSMD
[11:04:00] [243/455] FMFB
[11:04:00] [244/455] RKCL
[11:04:01] [245/455] PMMC
[11:04:02] [246/455] SKMM
[11:04:03] 🔄 Identity reset
[11:04:03] 🔄 Identity rotated (every 10 requests)
[11:04:03] [247/455] VOIB
[11:04:04] [248/455] KINO
[11:04:05] [249/455] VCTP
[11:04:05] [250/455] PDWR
[11:04:06] [251/455] SAED
[11:04:08] [252/455] SRRT
[11:04:09] [253/455] CVLG
[11:04:10] [254/455] SNGN
[11:04:11] [255/455] SIDA
[11:04:12] [256/455] IMCB
[11:04:12] 🔄 Identity reset
[11:04:12] 🔄 Identity rotated (every 10 requests)
[11:04:12] [257/455] SMHP
[11:04:13] [258/455] GDTY
[11:04:14] [259/455] VYCH
[11:04:15] [260/455] PDYA
[11:04:16] [261/455] RKDO
[11:04:17] [262/455] VECG
[11:04:18] [263/455] NFGD
[11:04:19] [264/455] SNDC
[11:04:20] [265/455] SDJH
[11:04:21] [266/455] HASV
[11:04:21] 🔄 Identity reset
[11:04:21] 🔄 Identity rotated (every 10 requests)
[11:04:21] [267/455] PTYK
[11:04:22] [268/455] MUTB
[11:04:24] [269/455] AMRT
[11:04:25] [270/455] VACD
[11:04:25] [271/455] SKDD
[11:04:26] [272/455] STGR
[11:04:27] [273/455] GDAK
[11:04:28] [274/455] SKHK
[11:04:29] [275/455] SLND
[11:04:29] [276/455] APAP
[11:04:30] 🔄 Identity reset
[11:04:30] 🔄 Identity rotated (every 10 requests)
[11:04:30] [277/455] AYYA
[11:04:31] [278/455] VCCZ
[11:04:32] [279/455] MEML
[11:04:33] [280/455] MAOU
[11:04:34] [281/455] ESND
[11:04:35] [282/455] PTBZ
[11:04:36] [283/455] LBCN
[11:04:37] [284/455] PAWA
[11:04:38] [285/455] ZEIC
[11:04:39] [286/455] CGMM
[11:04:40] 🔄 Identity reset
[11:04:40] 🔄 Identity rotated (every 10 requests)
[11:04:40] 🔄 Retry 1/5 for CGMM in 2.6s
[11:04:40] 🔄 Identity reset
[11:04:42] 🧠 New identity created
[11:04:43] [287/455] PJPM
[11:04:44] [288/455] ECMR
[11:04:45] [289/455] SHMZ
[11:04:46] [290/455] STCA
[11:04:47] [291/455] VDRC
[11:04:48] [292/455] SEEM
[11:04:48] [293/455] MKNS
[11:04:49] [294/455] KPPP
[11:04:51] [295/455] CCML
[11:04:52] 🔄 Identity reset
[11:04:52] 🔄 Identity rotated (every 10 requests)
[11:04:52] 🔄 Retry 1/5 for CCML in 2.2s
[11:04:52] 🔄 Identity reset
[11:04:54] 🧠 New identity created
[11:04:54] [296/455] CIBA
[11:04:55] [297/455] NACS
[11:04:56] [298/455] CTMK
[11:04:57] [299/455] CTCT
[11:04:58] [300/455] MCSN
[11:04:58] [301/455] MAXX
[11:04:59] [302/455] MECB
[11:05:00] [303/455] NTBY
[11:05:01] [304/455] UTBI
[11:05:02] 🔄 Identity reset
[11:05:02] 🔄 Identity rotated (every 10 requests)
[11:05:02] [305/455] RADK
[11:05:03] [306/455] STBY
[11:05:03] [307/455] GTBY
[11:05:04] [308/455] RRMB
[11:05:06] [309/455] ABRN
[11:05:06] [310/455] GTSG
[11:05:07] [311/455] GBTG
[11:05:08] [312/455] SBGS
[11:05:09] [313/455] KBPM
[11:05:10] [314/455] SMHT
[11:05:10] 🔄 Identity reset
[11:05:10] 🔄 Identity rotated (every 10 requests)
[11:05:11] [315/455] VTDM
[11:05:12] [316/455] ASCT
[11:05:12] [317/455] AWCT
[11:05:13] [318/455] DCCU
[11:05:14] [319/455] PSCE
[11:05:15] [320/455] KSNY
[11:05:16] [321/455] ACID
[11:05:17] [322/455] LVCD
[11:05:18] [323/455] KSSB
[11:05:18] [324/455] SWTD
[11:05:19] 🔄 Identity reset
[11:05:19] 🔄 Identity rotated (every 10 requests)
[11:05:19] [325/455] RBMR
[11:05:20] [326/455] SCBC
[11:05:21] [327/455] RKME
[11:05:22] [328/455] GALX
[11:05:23] [329/455] GCCH
[11:05:24] [330/455] RATR
[11:05:24] [331/455] GTGA
[11:05:25] [332/455] LTTR
[11:05:26] [333/455] TTAA
[11:05:27] [334/455] TVHP
[11:05:28] 🔄 Identity reset
[11:05:28] 🔄 Identity rotated (every 10 requests)
[11:05:28] 🔄 Retry 1/5 for TVHP in 2.9s
[11:05:28] 🔄 Identity reset
[11:05:31] 🧠 New identity created
[11:05:31] [335/455] KVCS
[11:05:32] [336/455] CBMC
[11:05:33] [337/455] MAYJ
[11:05:34] [338/455] INPR
[11:05:35] [339/455] RSSC
[11:05:36] [340/455] PCAN
[11:05:37] [341/455] PVHR
[11:05:38] [342/455] AGSM
[11:05:38] [343/455] PVES
[11:05:39] 🔄 Identity reset
[11:05:39] 🔄 Identity rotated (every 10 requests)
[11:05:39] 🔄 Retry 1/5 for PVES in 2.6s
[11:05:39] 🔄 Identity reset
[11:05:42] 🧠 New identity created
[11:05:42] [344/455] INTO
[11:05:43] [345/455] ACON
[11:05:43] [346/455] PVPZ
[11:05:44] [347/455] PVHC
[11:05:45] [348/455] KSTK
[11:05:46] [349/455] PVSR
[11:05:47] [350/455] ACTN
[11:05:48] [351/455] FMCN
[11:05:48] [352/455] PABC
[11:05:49] 🔄 Identity reset
[11:05:49] 🔄 Identity rotated (every 10 requests)
[11:05:49] [353/455] SUTC
[11:05:50] [354/455] PGMV
[11:05:51] [355/455] GKCP
[11:05:52] [356/455] INCH
[11:05:53] [357/455] MLMT
[11:05:54] [358/455] SSCC
[11:05:55] [359/455] SLMP
[11:05:56] [360/455] VVTN
[11:05:56] [361/455] SBTR
[11:05:57] [362/455] PGRA
[11:05:58] 🔄 Identity reset
[11:05:58] 🔄 Identity rotated (every 10 requests)
[11:05:58] [363/455] PBRM
[11:05:59] [364/455] GCRP
[11:06:00] [365/455] MCSK
[11:06:01] [366/455] NLTC
[11:06:01] [367/455] MTLM
[11:06:02] [368/455] VECT
[11:06:03] [369/455] KMRM
[11:06:04] [370/455] RACM
[11:06:05] [371/455] WSTC
[11:06:06] [372/455] PVTJ
[11:06:06] 🔄 Identity reset
[11:06:06] 🔄 Identity rotated (every 10 requests)
[11:06:07] [373/455] MMKC
[11:06:08] [374/455] SVWT
[11:06:09] [375/455] JOTG
[11:06:11] [376/455] VCDK
[11:06:11] [377/455] ANAC
[11:06:13] [378/455] GRTC
[11:06:14] [379/455] JTPL
[11:06:14] [380/455] VRCP
[11:06:15] [381/455] REMC
[11:06:16] [382/455] ATMG
[11:06:17] 🔄 Identity reset
[11:06:17] 🔄 Identity rotated (every 10 requests)
[11:06:17] [383/455] GAHC
[11:06:18] [384/455] JTMV
[11:06:20] [385/455] OMTT
[11:06:21] [386/455] GKKC
[11:06:22] [387/455] BBPO
[11:06:23] [388/455] ZCBB
[11:06:24] [389/455] DCGO
[11:06:25] [390/455] STOP
[11:06:26] [391/455] BSPC
[11:06:26] [392/455] SOND
[11:06:27] 🔄 Identity reset
[11:06:27] 🔄 Identity rotated (every 10 requests)
[11:06:27] [393/455] GCKG
[11:06:28] [394/455] PCDB
[11:06:29] [395/455] PGRC
[11:06:30] [396/455] CSCT
[11:06:30] [397/455] STDA
[11:06:31] [398/455] JAYD
[11:06:32] [399/455] PPPD
[11:06:33] [400/455] KRTT
[11:06:34] [401/455] PTDT
[11:06:35] [402/455] TRSV
[11:06:35] 🔄 Identity reset
[11:06:35] 🔄 Identity rotated (every 10 requests)
[11:06:35] [403/455] VELR
[11:06:36] [404/455] STDT
[11:06:37] [405/455] SATT
[11:06:38] [406/455] KCPM
[11:06:39] [407/455] MFCP
[11:06:40] [408/455] AXMP
[11:06:41] [409/455] LTVB
[11:06:42] [410/455] APST
[11:06:43] [411/455] DTVP
[11:06:44] [412/455] AAVB
[11:06:44] 🔄 Identity reset
[11:06:44] 🔄 Identity rotated (every 10 requests)
[11:06:45] [413/455] PMBL
[11:06:46] [414/455] STKC
[11:06:47] [415/455] KKMA
[11:06:48] [416/455] NMXS
[11:06:48] [417/455] DECX
[11:06:49] [418/455] MAPJ
[11:06:50] [419/455] SMLK
[11:06:51] [420/455] PMPU
[11:06:52] [421/455] AFST
[11:06:53] [422/455] SRSY
[11:06:54] 🔄 Identity reset
[11:06:54] 🔄 Identity rotated (every 10 requests)
[11:06:54] [423/455] RMKT
[11:06:55] [424/455] RAJX
[11:06:56] [425/455] UVCD
[11:06:57] [426/455] LISA
[11:06:58] [427/455] LMSR
[11:07:00] [428/455] PMCA
[11:07:01] [429/455] INPO
[11:07:02] [430/455] INGO
[11:07:03] [431/455] HFSQ
[11:07:04] [432/455] INMG
[11:07:05] 🔄 Identity reset
[11:07:05] 🔄 Identity rotated (every 10 requests)
[11:07:05] [433/455] NYCP
[11:07:06] [434/455] HFSV
[11:07:07] [435/455] MMZP
[11:07:07] [436/455] KSES
[11:07:08] [437/455] HFSA
[11:07:09] [438/455] ACMM
[11:07:10] [439/455] RCKD
[11:07:10] [440/455] BCKR
[11:07:11] [441/455] SFCO
[11:07:12] [442/455] JCCB
[11:07:13] 🔄 Identity reset
[11:07:13] 🔄 Identity rotated (every 10 requests)
[11:07:13] [443/455] BCCR
[11:07:14] [444/455] NWCB
[11:07:16] [445/455] SAMT
[11:07:17] [446/455] TMST
[11:07:18] [447/455] SJCN
[11:07:18] [448/455] MCBS
[11:07:19] [449/455] CMKR
[11:07:20] [450/455] INPM
[11:07:21] [451/455] WVMT
[11:07:22] [452/455] NYSM
[11:07:22] 🔄 Identity reset
[11:07:22] 🔄 Identity rotated (every 10 requests)
[11:07:23] [453/455] RCMA
[11:07:23] [454/455] RECM
[11:07:24] [455/455] CYCM
[11:07:25] 🧹 Deduping shows
[11:07:25] ✅ DONE | Shows=2175 | Movies=50
[17:37:51] 🚀 SCRIPT STARTED (enhanced anti‑detection)
[17:37:51] [1/455] MXGN
[17:37:52] 🧠 New identity created
[17:37:52] [2/455] PGGM
[17:37:53] [3/455] IPMJ
[17:37:54] [4/455] M2PP
[17:37:55] [5/455] PMMS
[17:37:56] [6/455] SCJN
[17:37:57] [7/455] CPUM
[17:37:58] [8/455] SCND
[17:37:58] [9/455] INWM
[17:37:59] [10/455] DVDC
[17:38:00] 🔄 Identity reset
[17:38:00] 🔄 Identity rotated (every 10 requests)
[17:38:00] [11/455] WVND
[17:38:01] [12/455] LBDL
[17:38:02] [13/455] CRGM
[17:38:03] [14/455] PVKS
[17:38:04] [15/455] PBLL
[17:38:05] [16/455] FNLN
[17:38:06] [17/455] PPDA
[17:38:07] [18/455] SCPT
[17:38:08] [19/455] IAJS
[17:38:09] [20/455] MMZG
[17:38:10] 🔄 Identity reset
[17:38:10] 🔄 Identity rotated (every 10 requests)
[17:38:10] [21/455] MCTI
[17:38:11] [22/455] PPMF
[17:38:12] [23/455] FNSD
[17:38:13] [24/455] M2RH
[17:38:14] [25/455] CPGV
[17:38:15] [26/455] PECD
[17:38:16] [27/455] CTEE
[17:38:17] [28/455] IOMG
[17:38:18] [29/455] CIJA
[17:38:19] [30/455] NYCG
[17:38:20] 🔄 Identity reset
[17:38:20] 🔄 Identity rotated (every 10 requests)
[17:38:20] [31/455] CEST
[17:38:21] [32/455] WVRG
[17:38:22] [33/455] DPDC
[17:38:23] [34/455] PDIV
[17:38:23] [35/455] MTPP
[17:38:24] [36/455] MHNU
[17:38:25] [37/455] WUPG
[17:38:26] [38/455] USCO
[17:38:27] [39/455] INFR
[17:38:28] [40/455] PVPD
[17:38:29] 🔄 Identity reset
[17:38:29] 🔄 Identity rotated (every 10 requests)
[17:38:29] [41/455] RONC
[17:38:30] [42/455] IOCP
[17:38:31] [43/455] EMPS
[17:38:32] [44/455] PNAD
[17:38:33] [45/455] VVGZ
[17:38:33] [46/455] MDDC
[17:38:35] [47/455] MMAP
[17:38:35] [48/455] GPDC
[17:38:36] [49/455] PVPU
[17:38:37] [50/455] DCMV
[17:38:38] 🔄 Identity reset
[17:38:38] 🔄 Identity rotated (every 10 requests)
[17:38:38] [51/455] PCCF
[17:38:39] [52/455] MCEF
[17:38:40] [53/455] INRD
[17:38:41] [54/455] CCPZ
[17:38:42] [55/455] BCWG
[17:38:43] [56/455] PMGU
[17:38:43] [57/455] MCVM
[17:38:45] [58/455] MCDE
[17:38:46] [59/455] IEFM
[17:38:47] [60/455] MXCS
[17:38:48] 🔄 Identity reset
[17:38:48] 🔄 Identity rotated (every 10 requests)
[17:38:48] [61/455] RNMT
[17:38:49] [62/455] PSDD
[17:38:50] [63/455] PETA
[17:38:51] [64/455] IZOP
[17:38:51] [65/455] PDEI
[17:38:52] [66/455] MTND
[17:38:53] [67/455] PCPL
[17:38:54] [68/455] LSCM
[17:38:55] [69/455] BTFD
[17:38:56] [70/455] MERM
[17:38:56] 🔄 Identity reset
[17:38:56] 🔄 Identity rotated (every 10 requests)
[17:38:56] [71/455] PVMS
[17:38:57] [72/455] CIGK
[17:38:58] [73/455] INSG
[17:38:59] [74/455] IDEN
[17:39:00] [75/455] MCGN
[17:39:01] [76/455] IGAM
[17:39:02] [77/455] SLCU
[17:39:03] [78/455] MIMU
[17:39:03] [79/455] QLAC
[17:39:04] [80/455] MENL
[17:39:05] 🔄 Identity reset
[17:39:05] 🔄 Identity rotated (every 10 requests)
[17:39:06] [81/455] SCUR
[17:39:07] [82/455] MDGD
[17:39:08] [83/455] LSRS
[17:39:08] [84/455] KMLG
[17:39:09] [85/455] MKLJ
[17:39:10] [86/455] IBYG
[17:39:11] [87/455] ISML
[17:39:12] [88/455] MJMM
[17:39:13] [89/455] RCGD
[17:39:14] [90/455] MMOC
[17:39:14] 🔄 Identity reset
[17:39:14] 🔄 Identity rotated (every 10 requests)
[17:39:15] [91/455] RRCO
[17:39:15] [92/455] MEDM
[17:39:16] [93/455] MCAZ
[17:39:17] [94/455] STWA
[17:39:18] [95/455] PFFG
[17:39:19] [96/455] GAGC
[17:39:20] [97/455] PMPM
[17:39:21] [98/455] HVCD
[17:39:23] [99/455] AKRF
[17:39:24] [100/455] AKRC
[17:39:24] 🔄 Identity reset
[17:39:24] 🔄 Identity rotated (every 10 requests)
[17:39:24] [101/455] MIDA
[17:39:25] [102/455] MAGX
[17:39:26] [103/455] ESOS
[17:39:27] [104/455] BBCL
[17:39:28] [105/455] LYAS
[17:39:29] [106/455] NRMS
[17:39:30] [107/455] BHUC
[17:39:31] [108/455] SRIC
[17:39:32] [109/455] PDME
[17:39:32] [110/455] MJCS
[17:39:33] 🔄 Identity reset
[17:39:33] 🔄 Identity rotated (every 10 requests)
[17:39:34] [111/455] NRAA
[17:39:34] [112/455] VATA
[17:39:35] [113/455] MNKC
[17:39:36] [114/455] DHCL
[17:39:37] [115/455] JCPC
[17:39:38] [116/455] CTML
[17:39:39] [117/455] RMMR
[17:39:40] [118/455] STTL
[17:39:41] [119/455] CNPS
[17:39:42] [120/455] ACKL
[17:39:42] 🔄 Identity reset
[17:39:42] 🔄 Identity rotated (every 10 requests)
[17:39:43] [121/455] SCAU
[17:39:45] [122/455] RMIA
[17:39:47] [123/455] MANU
[17:39:47] [124/455] ARDC
[17:39:48] [125/455] GLDA
[17:39:49] [126/455] KVSW
[17:39:50] [127/455] CGCA
[17:39:51] [128/455] CMLO
[17:39:52] [129/455] CECB
[17:39:53] [130/455] RCPN
[17:39:53] 🔄 Identity reset
[17:39:53] 🔄 Identity rotated (every 10 requests)
[17:39:54] [131/455] ASMW
[17:39:56] [132/455] PWLM
[17:39:57] [133/455] ASGM
[17:39:58] [134/455] ACWH
[17:39:59] [135/455] AAPW
[17:40:00] [136/455] RTWA
[17:40:01] [137/455] RAMW
[17:40:02] [138/455] VKTR
[17:40:02] [139/455] SMBH
[17:40:03] [140/455] BVDR
[17:40:04] 🔄 Identity reset
[17:40:04] 🔄 Identity rotated (every 10 requests)
[17:40:04] [141/455] MRTP
[17:40:05] [142/455] BLBR
[17:40:06] [143/455] LPIN
[17:40:07] [144/455] SNPC
[17:40:08] [145/455] PDCB
[17:40:09] [146/455] DYPK
[17:40:10] [147/455] INMK
[17:40:11] [148/455] PDCK
[17:40:12] [149/455] PCKR
[17:40:13] [150/455] SHUA
[17:40:13] 🔄 Identity reset
[17:40:13] 🔄 Identity rotated (every 10 requests)
[17:40:14] [151/455] SCVK
[17:40:15] [152/455] STPA
[17:40:16] [153/455] WVHD
[17:40:16] [154/455] MRCH
[17:40:18] [155/455] MCNP
[17:40:20] [156/455] RCAG
[17:40:21] [157/455] JTSN
[17:40:21] [158/455] AANS
[17:40:22] [159/455] GDDR
[17:40:24] [160/455] SRER
[17:40:24] 🔄 Identity reset
[17:40:24] 🔄 Identity rotated (every 10 requests)
[17:40:24] [161/455] JKMA
[17:40:26] [162/455] ARAN
[17:40:27] [163/455] ALCT
[17:40:28] [164/455] CCTA
[17:40:29] [165/455] CNCT
[17:40:29] [166/455] NZBL
[17:40:30] [167/455] SRRA
[17:40:31] [168/455] SVPW
[17:40:32] [169/455] SRTW
[17:40:33] [170/455] XMTD
[17:40:34] 🔄 Identity reset
[17:40:34] 🔄 Identity rotated (every 10 requests)
[17:40:34] [171/455] SCCZ
[17:40:35] [172/455] PBCR
[17:40:36] [173/455] RTSC
[17:40:37] [174/455] TLSV
[17:40:38] [175/455] RMTK
[17:40:39] [176/455] SRAT
[17:40:40] [177/455] GCYC
[17:40:41] [178/455] HCAJ
[17:40:41] [179/455] LCXA
[17:40:42] [180/455] BINT
[17:40:43] 🔄 Identity reset
[17:40:43] 🔄 Identity rotated (every 10 requests)
[17:40:43] [181/455] IXIM
[17:40:44] [182/455] MBCR
[17:40:45] [183/455] BMCJ
[17:40:46] [184/455] NICJ
[17:40:47] [185/455] SCAJ
[17:40:48] [186/455] CMXS
[17:40:49] [187/455] MMSR
[17:40:50] [188/455] PRKT
[17:40:51] [189/455] LPTH
[17:40:52] [190/455] SARP
[17:40:52] 🔄 Identity reset
[17:40:52] 🔄 Identity rotated (every 10 requests)
[17:40:53] [191/455] MNPP
[17:40:54] [192/455] PRLR
[17:40:55] [193/455] RCMW
[17:40:56] [194/455] FCMG
[17:40:58] [195/455] RTNK
[17:40:59] [196/455] LRCP
[17:41:00] [197/455] DBJR
[17:41:01] [198/455] CACN
[17:41:01] [199/455] AMRL
[17:41:02] [200/455] SBBC
[17:41:03] 🔄 Identity reset
[17:41:03] 🔄 Identity rotated (every 10 requests)
[17:41:03] [201/455] VENN
[17:41:05] [202/455] STSS
[17:41:06] [203/455] SMRB
[17:41:07] [204/455] CCMX
[17:41:07] [205/455] KCMR
[17:41:09] [206/455] SALH
[17:41:10] [207/455] CGTT
[17:41:11] [208/455] PMDR
[17:41:12] [209/455] VCPM
[17:41:13] [210/455] RZMX
[17:41:14] 🔄 Identity reset
[17:41:14] 🔄 Identity rotated (every 10 requests)
[17:41:14] [211/455] TMSY
[17:41:15] [212/455] NTMS
[17:41:15] [213/455] VTAG
[17:41:16] [214/455] REMA
[17:41:17] [215/455] NXCC
[17:41:18] [216/455] SKYM
[17:41:19] [217/455] CCMO
[17:41:20] [218/455] DMXM
[17:41:21] [219/455] SPPM
[17:41:23] [220/455] PTKL
[17:41:23] 🔄 Identity reset
[17:41:23] 🔄 Identity rotated (every 10 requests)
[17:41:24] [221/455] SLVO
[17:41:25] [222/455] VASL
[17:41:25] [223/455] CBCM
[17:41:26] [224/455] STMA
[17:41:27] [225/455] LASK
[17:41:28] [226/455] VITE
[17:41:29] [227/455] AAST
[17:41:30] [228/455] JTPT
[17:41:31] [229/455] RRSH
[17:41:33] [230/455] CINL
[17:41:33] 🔄 Identity reset
[17:41:33] 🔄 Identity rotated (every 10 requests)
[17:41:34] [231/455] MCSR
[17:41:34] [232/455] SBCF
[17:41:35] [233/455] GCDU
[17:41:36] [234/455] PSPR
[17:41:37] [235/455] IMMO
[17:41:38] [236/455] CLGM
[17:41:39] [237/455] PBMM
[17:41:40] [238/455] CEHR
[17:41:41] [239/455] CPOE
[17:41:42] [240/455] PGFD
[17:41:43] 🔄 Identity reset
[17:41:43] 🔄 Identity rotated (every 10 requests)
[17:41:43] [241/455] PSLC
[17:41:44] [242/455] MSMD
[17:41:45] [243/455] FMFB
[17:41:46] [244/455] RKCL
[17:41:47] [245/455] PMMC
[17:41:49] [246/455] SKMM
[17:41:49] [247/455] VOIB
[17:41:50] [248/455] KINO
[17:41:51] [249/455] VCTP
[17:41:52] [250/455] PDWR
[17:41:52] 🔄 Identity reset
[17:41:53] 🔄 Identity rotated (every 10 requests)
[17:41:53] [251/455] SAED
[17:41:54] [252/455] SRRT
[17:41:55] [253/455] CVLG
[17:41:56] [254/455] SNGN
[17:41:57] [255/455] SIDA
[17:41:59] [256/455] IMCB
[17:42:00] [257/455] SMHP
[17:42:01] [258/455] GDTY
[17:42:02] [259/455] VYCH
[17:42:02] [260/455] PDYA
[17:42:03] 🔄 Identity reset
[17:42:03] 🔄 Identity rotated (every 10 requests)
[17:42:03] [261/455] RKDO
[17:42:04] [262/455] VECG
[17:42:05] [263/455] NFGD
[17:42:06] [264/455] SNDC
[17:42:07] [265/455] SDJH
[17:42:08] [266/455] HASV
[17:42:09] [267/455] PTYK
[17:42:10] [268/455] MUTB
[17:42:11] [269/455] AMRT
[17:42:12] [270/455] VACD
[17:42:13] 🔄 Identity reset
[17:42:13] 🔄 Identity rotated (every 10 requests)
[17:42:13] [271/455] SKDD
[17:42:14] [272/455] STGR
[17:42:15] [273/455] GDAK
[17:42:16] [274/455] SKHK
[17:42:17] [275/455] SLND
[17:42:18] [276/455] APAP
[17:42:19] [277/455] AYYA
[17:42:20] [278/455] VCCZ
[17:42:21] [279/455] MEML
[17:42:22] [280/455] MAOU
[17:42:23] 🔄 Identity reset
[17:42:23] 🔄 Identity rotated (every 10 requests)
[17:42:23] [281/455] ESND
[17:42:24] [282/455] PTBZ
[17:42:25] [283/455] LBCN
[17:42:26] [284/455] PAWA
[17:42:26] [285/455] ZEIC
[17:42:27] [286/455] CGMM
[17:42:28] [287/455] PJPM
[17:42:29] [288/455] ECMR
[17:42:30] [289/455] SHMZ
[17:42:31] [290/455] STCA
[17:42:32] 🔄 Identity reset
[17:42:32] 🔄 Identity rotated (every 10 requests)
[17:42:32] [291/455] VDRC
[17:42:33] [292/455] SEEM
[17:42:34] [293/455] MKNS
[17:42:35] [294/455] KPPP
[17:42:36] [295/455] CCML
[17:42:36] [296/455] CIBA
[17:42:37] [297/455] NACS
[17:42:38] [298/455] CTMK
[17:42:39] [299/455] CTCT
[17:42:40] [300/455] MCSN
[17:42:40] 🔄 Identity reset
[17:42:40] 🔄 Identity rotated (every 10 requests)
[17:42:41] [301/455] MAXX
[17:42:41] [302/455] MECB
[17:42:42] [303/455] NTBY
[17:42:43] [304/455] UTBI
[17:42:44] [305/455] RADK
[17:42:45] [306/455] STBY
[17:42:46] [307/455] GTBY
[17:42:47] [308/455] RRMB
[17:42:47] [309/455] ABRN
[17:42:48] [310/455] GTSG
[17:42:49] 🔄 Identity reset
[17:42:49] 🔄 Identity rotated (every 10 requests)
[17:42:49] [311/455] GBTG
[17:42:50] [312/455] SBGS
[17:42:51] [313/455] KBPM
[17:42:52] [314/455] SMHT
[17:42:52] [315/455] VTDM
[17:42:53] [316/455] ASCT
[17:42:54] [317/455] AWCT
[17:42:55] [318/455] DCCU
[17:42:56] [319/455] PSCE
[17:42:57] [320/455] KSNY
[17:42:57] 🔄 Identity reset
[17:42:57] 🔄 Identity rotated (every 10 requests)
[17:42:58] [321/455] ACID
[17:42:59] [322/455] LVCD
[17:42:59] [323/455] KSSB
[17:43:01] [324/455] SWTD
[17:43:02] [325/455] RBMR
[17:43:03] [326/455] SCBC
[17:43:05] [327/455] RKME
[17:43:06] [328/455] GALX
[17:43:07] [329/455] GCCH
[17:43:09] [330/455] RATR
[17:43:10] 🔄 Identity reset
[17:43:10] 🔄 Identity rotated (every 10 requests)
[17:43:10] [331/455] GTGA
[17:43:12] [332/455] LTTR
[17:43:12] [333/455] TTAA
[17:43:13] [334/455] TVHP
[17:43:14] [335/455] KVCS
[17:43:15] [336/455] CBMC
[17:43:16] [337/455] MAYJ
[17:43:17] [338/455] INPR
[17:43:18] [339/455] RSSC
[17:43:19] [340/455] PCAN
[17:43:19] 🔄 Identity reset
[17:43:19] 🔄 Identity rotated (every 10 requests)
[17:43:20] [341/455] PVHR
[17:43:21] [342/455] AGSM
[17:43:22] [343/455] PVES
[17:43:23] [344/455] INTO
[17:43:23] [345/455] ACON
[17:43:24] [346/455] PVPZ
[17:43:25] [347/455] PVHC
[17:43:26] [348/455] KSTK
[17:43:27] [349/455] PVSR
[17:43:28] [350/455] ACTN
[17:43:29] 🔄 Identity reset
[17:43:29] 🔄 Identity rotated (every 10 requests)
[17:43:29] [351/455] FMCN
[17:43:30] [352/455] PABC
[17:43:31] [353/455] SUTC
[17:43:32] [354/455] PGMV
[17:43:32] [355/455] GKCP
[17:43:33] [356/455] INCH
[17:43:34] [357/455] MLMT
[17:43:35] [358/455] SSCC
[17:43:36] [359/455] SLMP
[17:43:37] [360/455] VVTN
[17:43:37] 🔄 Identity reset
[17:43:37] 🔄 Identity rotated (every 10 requests)
[17:43:38] [361/455] SBTR
[17:43:39] [362/455] PGRA
[17:43:39] [363/455] PBRM
[17:43:40] [364/455] GCRP
[17:43:41] [365/455] MCSK
[17:43:43] [366/455] NLTC
[17:43:44] [367/455] MTLM
[17:43:45] [368/455] VECT
[17:43:45] [369/455] KMRM
[17:43:46] [370/455] RACM
[17:43:47] 🔄 Identity reset
[17:43:47] 🔄 Identity rotated (every 10 requests)
[17:43:47] [371/455] WSTC
[17:43:48] [372/455] PVTJ
[17:43:49] [373/455] MMKC
[17:43:50] [374/455] SVWT
[17:43:51] [375/455] JOTG
[17:43:52] [376/455] VCDK
[17:43:52] [377/455] ANAC
[17:43:53] [378/455] GRTC
[17:43:54] [379/455] JTPL
[17:43:55] [380/455] VRCP
[17:43:56] 🔄 Identity reset
[17:43:56] 🔄 Identity rotated (every 10 requests)
[17:43:56] [381/455] REMC
[17:43:57] [382/455] ATMG
[17:43:59] [383/455] GAHC
[17:44:00] [384/455] JTMV
[17:44:01] [385/455] OMTT
[17:44:02] [386/455] GKKC
[17:44:03] [387/455] BBPO
[17:44:04] [388/455] ZCBB
[17:44:05] [389/455] DCGO
[17:44:05] [390/455] STOP
[17:44:06] 🔄 Identity reset
[17:44:06] 🔄 Identity rotated (every 10 requests)
[17:44:06] [391/455] BSPC
[17:44:07] [392/455] SOND
[17:44:08] [393/455] GCKG
[17:44:09] [394/455] PCDB
[17:44:10] [395/455] PGRC
[17:44:11] [396/455] CSCT
[17:44:12] [397/455] STDA
[17:44:13] [398/455] JAYD
[17:44:14] [399/455] PPPD
[17:44:14] [400/455] KRTT
[17:44:15] 🔄 Identity reset
[17:44:15] 🔄 Identity rotated (every 10 requests)
[17:44:15] [401/455] PTDT
[17:44:16] [402/455] TRSV
[17:44:17] [403/455] VELR
[17:44:18] [404/455] STDT
[17:44:18] [405/455] SATT
[17:44:19] [406/455] KCPM
[17:44:20] [407/455] MFCP
[17:44:22] [408/455] AXMP
[17:44:22] [409/455] LTVB
[17:44:23] [410/455] APST
[17:44:24] 🔄 Identity reset
[17:44:24] 🔄 Identity rotated (every 10 requests)
[17:44:24] [411/455] DTVP
[17:44:26] [412/455] AAVB
[17:44:27] [413/455] PMBL
[17:44:27] [414/455] STKC
[17:44:29] [415/455] KKMA
[17:44:30] [416/455] NMXS
[17:44:31] [417/455] DECX
[17:44:32] [418/455] MAPJ
[17:44:33] [419/455] SMLK
[17:44:34] [420/455] PMPU
[17:44:34] 🔄 Identity reset
[17:44:34] 🔄 Identity rotated (every 10 requests)
[17:44:34] [421/455] AFST
[17:44:35] [422/455] SRSY
[17:44:36] [423/455] RMKT
[17:44:37] [424/455] RAJX
[17:44:38] [425/455] UVCD
[17:44:39] [426/455] LISA
[17:44:40] [427/455] LMSR
[17:44:41] [428/455] PMCA
[17:44:42] [429/455] INPO
[17:44:42] [430/455] INGO
[17:44:43] 🔄 Identity reset
[17:44:43] 🔄 Identity rotated (every 10 requests)
[17:44:43] [431/455] HFSQ
[17:44:44] [432/455] INMG
[17:44:45] [433/455] NYCP
[17:44:46] [434/455] HFSV
[17:44:47] [435/455] MMZP
[17:44:48] [436/455] KSES
[17:44:48] [437/455] HFSA
[17:44:49] [438/455] ACMM
[17:44:50] [439/455] RCKD
[17:44:51] [440/455] BCKR
[17:44:52] 🔄 Identity reset
[17:44:52] 🔄 Identity rotated (every 10 requests)
[17:44:52] [441/455] SFCO
[17:44:53] [442/455] JCCB
[17:44:54] [443/455] BCCR
[17:44:55] [444/455] NWCB
[17:44:55] [445/455] SAMT
[17:44:56] [446/455] TMST
[17:44:57] [447/455] SJCN
[17:44:58] [448/455] MCBS
[17:44:59] [449/455] CMKR
[17:45:00] [450/455] INPM
[17:45:00] 🔄 Identity reset
[17:45:01] 🔄 Identity rotated (every 10 requests)
[17:45:02] [451/455] WVMT
[17:45:03] [452/455] NYSM
[17:45:03] [453/455] RCMA
[17:45:04] [454/455] RECM
[17:45:05] [455/455] CYCM
[17:45:06] 🧹 Deduping shows
[17:45:06] ✅ DONE | Shows=2585 | Movies=63
[21:24:26] 🚀 SCRIPT STARTED (enhanced anti‑detection)
[21:24:26] [1/455] MXGN
[21:24:27] 🧠 New identity created
[21:24:27] [2/455] PGGM
[21:24:28] [3/455] IPMJ
[21:24:29] [4/455] M2PP
[21:24:30] [5/455] PMMS
[21:24:30] [6/455] SCJN
[21:24:31] [7/455] CPUM
[21:24:32] [8/455] SCND
[21:24:33] [9/455] INWM
[21:24:34] [10/455] DVDC
[21:24:34] 🔄 Identity reset
[21:24:34] 🔄 Identity rotated (every 10 requests)
[21:24:35] [11/455] WVND
[21:24:36] [12/455] LBDL
[21:24:37] [13/455] CRGM
[21:24:38] [14/455] PVKS
[21:24:39] [15/455] PBLL
[21:24:40] [16/455] FNLN
[21:24:41] [17/455] PPDA
[21:24:42] [18/455] SCPT
[21:24:43] [19/455] IAJS
[21:24:44] [20/455] MMZG
[21:24:45] 🔄 Identity reset
[21:24:45] 🔄 Identity rotated (every 10 requests)
[21:24:45] [21/455] MCTI
[21:24:46] [22/455] PPMF
[21:24:47] [23/455] FNSD
[21:24:48] [24/455] M2RH
[21:24:49] [25/455] CPGV
[21:24:50] [26/455] PECD
[21:24:51] [27/455] CTEE
[21:24:52] [28/455] IOMG
[21:24:53] [29/455] CIJA
[21:24:54] [30/455] NYCG
[21:24:54] 🔄 Identity reset
[21:24:54] 🔄 Identity rotated (every 10 requests)
[21:24:55] [31/455] CEST
[21:24:56] [32/455] WVRG
[21:24:57] [33/455] DPDC
[21:24:57] [34/455] PDIV
[21:24:58] [35/455] MTPP
[21:24:59] [36/455] MHNU
[21:25:00] [37/455] WUPG
[21:25:01] [38/455] USCO
[21:25:02] [39/455] INFR
[21:25:03] [40/455] PVPD
[21:25:04] 🔄 Identity reset
[21:25:04] 🔄 Identity rotated (every 10 requests)
[21:25:04] [41/455] RONC
[21:25:05] [42/455] IOCP
[21:25:06] [43/455] EMPS
[21:25:07] [44/455] PNAD
[21:25:08] [45/455] VVGZ
[21:25:09] [46/455] MDDC
[21:25:10] [47/455] MMAP
[21:25:11] [48/455] GPDC
[21:25:12] [49/455] PVPU
[21:25:13] [50/455] DCMV
[21:25:13] 🔄 Identity reset
[21:25:13] 🔄 Identity rotated (every 10 requests)
[21:25:13] [51/455] PCCF
[21:25:14] [52/455] MCEF
[21:25:15] [53/455] INRD
[21:25:16] [54/455] CCPZ
[21:25:17] [55/455] BCWG
[21:25:18] [56/455] PMGU
[21:25:19] [57/455] MCVM
[21:25:20] [58/455] MCDE
[21:25:21] [59/455] IEFM
[21:25:21] [60/455] MXCS
[21:25:22] 🔄 Identity reset
[21:25:22] 🔄 Identity rotated (every 10 requests)
[21:25:22] [61/455] RNMT
[21:25:23] [62/455] PSDD
[21:25:24] [63/455] PETA
[21:25:25] [64/455] IZOP
[21:25:26] [65/455] PDEI
[21:25:27] [66/455] MTND
[21:25:28] [67/455] PCPL
[21:25:29] [68/455] LSCM
[21:25:30] [69/455] BTFD
[21:25:31] [70/455] MERM
[21:25:31] 🔄 Identity reset
[21:25:31] 🔄 Identity rotated (every 10 requests)
[21:25:32] [71/455] PVMS
[21:25:33] [72/455] CIGK
[21:25:34] [73/455] INSG
[21:25:34] [74/455] IDEN
[21:25:36] [75/455] MCGN
[21:25:37] [76/455] IGAM
[21:25:39] [77/455] SLCU
[21:25:40] [78/455] MIMU
[21:25:41] [79/455] QLAC
[21:25:42] [80/455] MENL
[21:25:42] 🔄 Identity reset
[21:25:42] 🔄 Identity rotated (every 10 requests)
[21:25:42] [81/455] SCUR
[21:25:43] [82/455] MDGD
[21:25:44] [83/455] LSRS
[21:25:46] [84/455] KMLG
[21:25:47] [85/455] MKLJ
[21:25:48] [86/455] IBYG
[21:25:48] [87/455] ISML
[21:25:49] [88/455] MJMM
[21:25:50] [89/455] RCGD
[21:25:51] [90/455] MMOC
[21:25:52] 🔄 Identity reset
[21:25:52] 🔄 Identity rotated (every 10 requests)
[21:25:52] [91/455] RRCO
[21:25:53] [92/455] MEDM
[21:25:54] [93/455] MCAZ
[21:25:55] [94/455] STWA
[21:25:56] [95/455] PFFG
[21:25:57] [96/455] GAGC
[21:25:58] [97/455] PMPM
[21:25:59] [98/455] HVCD
[21:26:00] [99/455] AKRF
[21:26:00] [100/455] AKRC
[21:26:01] 🔄 Identity reset
[21:26:01] 🔄 Identity rotated (every 10 requests)
[21:26:01] [101/455] MIDA
[21:26:02] [102/455] MAGX
[21:26:03] [103/455] ESOS
[21:26:04] [104/455] BBCL
[21:26:05] [105/455] LYAS
[21:26:06] [106/455] NRMS
[21:26:06] [107/455] BHUC
[21:26:07] [108/455] SRIC
[21:26:08] [109/455] PDME
[21:26:09] [110/455] MJCS
[21:26:10] 🔄 Identity reset
[21:26:10] 🔄 Identity rotated (every 10 requests)
[21:26:10] [111/455] NRAA
[21:26:11] [112/455] VATA
[21:26:12] [113/455] MNKC
[21:26:12] [114/455] DHCL
[21:26:13] [115/455] JCPC
[21:26:15] [116/455] CTML
[21:26:16] [117/455] RMMR
[21:26:17] [118/455] STTL
[21:26:17] [119/455] CNPS
[21:26:18] [120/455] ACKL
[21:26:19] 🔄 Identity reset
[21:26:19] 🔄 Identity rotated (every 10 requests)
[21:26:19] [121/455] SCAU
[21:26:20] [122/455] RMIA
[21:26:21] [123/455] MANU
[21:26:22] [124/455] ARDC
[21:26:23] [125/455] GLDA
[21:26:24] [126/455] KVSW
[21:26:26] [127/455] CGCA
[21:26:27] [128/455] CMLO
[21:26:27] [129/455] CECB
[21:26:29] [130/455] RCPN
[21:26:29] 🔄 Identity reset
[21:26:29] 🔄 Identity rotated (every 10 requests)
[21:26:30] [131/455] ASMW
[21:26:31] [132/455] PWLM
[21:26:32] [133/455] ASGM
[21:26:33] [134/455] ACWH
[21:26:33] [135/455] AAPW
[21:26:34] [136/455] RTWA
[21:26:35] [137/455] RAMW
[21:26:36] [138/455] VKTR
[21:26:37] [139/455] SMBH
[21:26:38] [140/455] BVDR
[21:26:38] 🔄 Identity reset
[21:26:38] 🔄 Identity rotated (every 10 requests)
[21:26:38] [141/455] MRTP
[21:26:39] [142/455] BLBR
[21:26:40] [143/455] LPIN
[21:26:41] [144/455] SNPC
[21:26:42] [145/455] PDCB
[21:26:43] [146/455] DYPK
[21:26:44] [147/455] INMK
[21:26:45] [148/455] PDCK
[21:26:45] [149/455] PCKR
[21:26:46] [150/455] SHUA
[21:26:47] 🔄 Identity reset
[21:26:47] 🔄 Identity rotated (every 10 requests)
[21:26:47] [151/455] SCVK
[21:26:49] [152/455] STPA
[21:26:50] [153/455] WVHD
[21:26:51] [154/455] MRCH
[21:26:52] [155/455] MCNP
[21:26:52] [156/455] RCAG
[21:26:53] [157/455] JTSN
[21:26:54] [158/455] AANS
[21:26:55] [159/455] GDDR
[21:26:56] [160/455] SRER
[21:26:57] 🔄 Identity reset
[21:26:57] 🔄 Identity rotated (every 10 requests)
[21:26:57] [161/455] JKMA
[21:26:58] [162/455] ARAN
[21:26:59] [163/455] ALCT
[21:26:59] [164/455] CCTA
[21:27:00] [165/455] CNCT
[21:27:01] [166/455] NZBL
[21:27:02] [167/455] SRRA
[21:27:03] [168/455] SVPW
[21:27:04] [169/455] SRTW
[21:27:05] [170/455] XMTD
[21:27:06] 🔄 Identity reset
[21:27:06] 🔄 Identity rotated (every 10 requests)
[21:27:06] [171/455] SCCZ
[21:27:07] [172/455] PBCR
[21:27:08] [173/455] RTSC
[21:27:10] [174/455] TLSV
[21:27:10] [175/455] RMTK
[21:27:11] [176/455] SRAT
[21:27:12] [177/455] GCYC
[21:27:13] [178/455] HCAJ
[21:27:14] [179/455] LCXA
[21:27:15] [180/455] BINT
[21:27:15] 🔄 Identity reset
[21:27:15] 🔄 Identity rotated (every 10 requests)
[21:27:16] [181/455] IXIM
[21:27:17] [182/455] MBCR
[21:27:18] [183/455] BMCJ
[21:27:19] [184/455] NICJ
[21:27:20] [185/455] SCAJ
[21:27:21] [186/455] CMXS
[21:27:22] [187/455] MMSR
[21:27:23] [188/455] PRKT
[21:27:24] [189/455] LPTH
[21:27:25] [190/455] SARP
[21:27:25] 🔄 Identity reset
[21:27:25] 🔄 Identity rotated (every 10 requests)
[21:27:26] [191/455] MNPP
[21:27:27] [192/455] PRLR
[21:27:28] [193/455] RCMW
[21:27:29] [194/455] FCMG
[21:27:29] [195/455] RTNK
[21:27:30] [196/455] LRCP
[21:27:31] [197/455] DBJR
[21:27:32] [198/455] CACN
[21:27:33] [199/455] AMRL
[21:27:34] [200/455] SBBC
[21:27:34] 🔄 Identity reset
[21:27:34] 🔄 Identity rotated (every 10 requests)
[21:27:35] [201/455] VENN
[21:27:36] [202/455] STSS
[21:27:37] [203/455] SMRB
[21:27:38] [204/455] CCMX
[21:27:39] [205/455] KCMR
[21:27:40] [206/455] SALH
[21:27:40] [207/455] CGTT
[21:27:41] [208/455] PMDR
[21:27:42] [209/455] VCPM
[21:27:43] [210/455] RZMX
[21:27:44] 🔄 Identity reset
[21:27:44] 🔄 Identity rotated (every 10 requests)
[21:27:44] [211/455] TMSY
[21:27:45] [212/455] NTMS
[21:27:46] [213/455] VTAG
[21:27:47] [214/455] REMA
[21:27:48] [215/455] NXCC
[21:27:49] [216/455] SKYM
[21:27:50] [217/455] CCMO
[21:27:51] [218/455] DMXM
[21:27:52] [219/455] SPPM
[21:27:53] [220/455] PTKL
[21:27:54] 🔄 Identity reset
[21:27:54] 🔄 Identity rotated (every 10 requests)
[21:27:54] [221/455] SLVO
[21:27:55] [222/455] VASL
[21:27:56] [223/455] CBCM
[21:27:57] [224/455] STMA
[21:27:59] [225/455] LASK
[21:28:00] [226/455] VITE
[21:28:01] [227/455] AAST
[21:28:02] [228/455] JTPT
[21:28:02] [229/455] RRSH
[21:28:03] [230/455] CINL
[21:28:04] 🔄 Identity reset
[21:28:04] 🔄 Identity rotated (every 10 requests)
[21:28:04] [231/455] MCSR
[21:28:05] [232/455] SBCF
[21:28:06] [233/455] GCDU
[21:28:07] [234/455] PSPR
[21:28:08] [235/455] IMMO
[21:28:09] [236/455] CLGM
[21:28:10] [237/455] PBMM
[21:28:10] [238/455] CEHR
[21:28:11] [239/455] CPOE
[21:28:12] [240/455] PGFD
[21:28:13] 🔄 Identity reset
[21:28:13] 🔄 Identity rotated (every 10 requests)
[21:28:13] [241/455] PSLC
[21:28:14] [242/455] MSMD
[21:28:15] [243/455] FMFB
[21:28:16] [244/455] RKCL
[21:28:17] [245/455] PMMC
[21:28:17] [246/455] SKMM
[21:28:18] [247/455] VOIB
[21:28:19] [248/455] KINO
[21:28:20] [249/455] VCTP
[21:28:21] [250/455] PDWR
[21:28:21] 🔄 Identity reset
[21:28:21] 🔄 Identity rotated (every 10 requests)
[21:28:22] [251/455] SAED
[21:28:23] [252/455] SRRT
[21:28:24] [253/455] CVLG
[21:28:25] [254/455] SNGN
[21:28:25] [255/455] SIDA
[21:28:26] [256/455] IMCB
[21:28:27] [257/455] SMHP
[21:28:28] [258/455] GDTY
[21:28:29] [259/455] VYCH
[21:28:30] [260/455] PDYA
[21:28:31] 🔄 Identity reset
[21:28:31] 🔄 Identity rotated (every 10 requests)
[21:28:31] [261/455] RKDO
[21:28:32] [262/455] VECG
[21:28:33] [263/455] NFGD
[21:28:34] [264/455] SNDC
[21:28:34] [265/455] SDJH
[21:28:36] [266/455] HASV
[21:28:37] [267/455] PTYK
[21:28:38] [268/455] MUTB
[21:28:39] [269/455] AMRT
[21:28:40] [270/455] VACD
[21:28:40] 🔄 Identity reset
[21:28:41] 🔄 Identity rotated (every 10 requests)
[21:28:41] [271/455] SKDD
[21:28:42] [272/455] STGR
[21:28:43] [273/455] GDAK
[21:28:43] [274/455] SKHK
[21:28:44] [275/455] SLND
[21:28:45] [276/455] APAP
[21:28:46] [277/455] AYYA
[21:28:47] [278/455] VCCZ
[21:28:48] [279/455] MEML
[21:28:48] [280/455] MAOU
[21:28:49] 🔄 Identity reset
[21:28:49] 🔄 Identity rotated (every 10 requests)
[21:28:49] [281/455] ESND
[21:28:50] [282/455] PTBZ
[21:28:51] [283/455] LBCN
[21:28:52] [284/455] PAWA
[21:28:53] [285/455] ZEIC
[21:28:54] [286/455] CGMM
[21:28:55] [287/455] PJPM
[21:28:56] [288/455] ECMR
[21:28:56] [289/455] SHMZ
[21:28:57] [290/455] STCA
[21:28:58] 🔄 Identity reset
[21:28:58] 🔄 Identity rotated (every 10 requests)
[21:28:58] [291/455] VDRC
[21:28:59] [292/455] SEEM
[21:29:01] [293/455] MKNS
[21:29:02] [294/455] KPPP
[21:29:02] [295/455] CCML
[21:29:03] [296/455] CIBA
[21:29:04] [297/455] NACS
[21:29:05] [298/455] CTMK
[21:29:06] [299/455] CTCT
[21:29:07] [300/455] MCSN
[21:29:07] 🔄 Identity reset
[21:29:07] 🔄 Identity rotated (every 10 requests)
[21:29:08] [301/455] MAXX
[21:29:09] [302/455] MECB
[21:29:10] [303/455] NTBY
[21:29:10] [304/455] UTBI
[21:29:11] [305/455] RADK
[21:29:12] [306/455] STBY
[21:29:13] [307/455] GTBY
[21:29:14] [308/455] RRMB
[21:29:15] [309/455] ABRN
[21:29:15] [310/455] GTSG
[21:29:16] 🔄 Identity reset
[21:29:16] 🔄 Identity rotated (every 10 requests)
[21:29:16] [311/455] GBTG
[21:29:17] [312/455] SBGS
[21:29:18] [313/455] KBPM
[21:29:19] [314/455] SMHT
[21:29:20] [315/455] VTDM
[21:29:21] [316/455] ASCT
[21:29:22] [317/455] AWCT
[21:29:23] [318/455] DCCU
[21:29:23] [319/455] PSCE
[21:29:24] [320/455] KSNY
[21:29:25] 🔄 Identity reset
[21:29:25] 🔄 Identity rotated (every 10 requests)
[21:29:25] [321/455] ACID
[21:29:26] [322/455] LVCD
[21:29:27] [323/455] KSSB
[21:29:28] [324/455] SWTD
[21:29:29] [325/455] RBMR
[21:29:30] [326/455] SCBC
[21:29:31] [327/455] RKME
[21:29:31] [328/455] GALX
[21:29:32] [329/455] GCCH
[21:29:33] [330/455] RATR
[21:29:34] 🔄 Identity reset
[21:29:34] 🔄 Identity rotated (every 10 requests)
[21:29:34] [331/455] GTGA
[21:29:35] [332/455] LTTR
[21:29:36] [333/455] TTAA
[21:29:37] [334/455] TVHP
[21:29:37] [335/455] KVCS
[21:29:38] [336/455] CBMC
[21:29:39] [337/455] MAYJ
[21:29:40] [338/455] INPR
[21:29:41] [339/455] RSSC
[21:29:43] [340/455] PCAN
[21:29:43] 🔄 Identity reset
[21:29:43] 🔄 Identity rotated (every 10 requests)
[21:29:44] [341/455] PVHR
[21:29:45] [342/455] AGSM
[21:29:46] [343/455] PVES
[21:29:47] [344/455] INTO
[21:29:48] [345/455] ACON
[21:29:49] [346/455] PVPZ
[21:29:50] [347/455] PVHC
[21:29:51] [348/455] KSTK
[21:29:51] [349/455] PVSR
[21:29:52] [350/455] ACTN
[21:29:53] 🔄 Identity reset
[21:29:53] 🔄 Identity rotated (every 10 requests)
[21:29:53] [351/455] FMCN
[21:29:54] [352/455] PABC
[21:29:55] [353/455] SUTC
[21:29:56] [354/455] PGMV
[21:29:57] [355/455] GKCP
[21:29:58] [356/455] INCH
[21:29:59] [357/455] MLMT
[21:30:00] [358/455] SSCC
[21:30:01] [359/455] SLMP
[21:30:02] [360/455] VVTN
[21:30:03] 🔄 Identity reset
[21:30:03] 🔄 Identity rotated (every 10 requests)
[21:30:03] [361/455] SBTR
[21:30:04] [362/455] PGRA
[21:30:05] [363/455] PBRM
[21:30:06] [364/455] GCRP
[21:30:07] [365/455] MCSK
[21:30:08] [366/455] NLTC
[21:30:08] [367/455] MTLM
[21:30:09] [368/455] VECT
[21:30:10] [369/455] KMRM
[21:30:12] [370/455] RACM
[21:30:12] 🔄 Identity reset
[21:30:13] 🔄 Identity rotated (every 10 requests)
[21:30:13] [371/455] WSTC
[21:30:14] [372/455] PVTJ
[21:30:15] [373/455] MMKC
[21:30:15] [374/455] SVWT
[21:30:16] [375/455] JOTG
[21:30:17] [376/455] VCDK
[21:30:18] [377/455] ANAC
[21:30:18] [378/455] GRTC
[21:30:19] [379/455] JTPL
[21:30:20] [380/455] VRCP
[21:30:21] 🔄 Identity reset
[21:30:21] 🔄 Identity rotated (every 10 requests)
[21:30:21] [381/455] REMC
[21:30:22] [382/455] ATMG
[21:30:23] [383/455] GAHC
[21:30:24] [384/455] JTMV
[21:30:25] [385/455] OMTT
[21:30:26] [386/455] GKKC
[21:30:27] [387/455] BBPO
[21:30:28] [388/455] ZCBB
[21:30:29] [389/455] DCGO
[21:30:30] [390/455] STOP
[21:30:30] 🔄 Identity reset
[21:30:30] 🔄 Identity rotated (every 10 requests)
[21:30:31] [391/455] BSPC
[21:30:32] [392/455] SOND
[21:30:32] [393/455] GCKG
[21:30:33] [394/455] PCDB
[21:30:35] [395/455] PGRC
[21:30:36] [396/455] CSCT
[21:30:37] [397/455] STDA
[21:30:38] [398/455] JAYD
[21:30:39] [399/455] PPPD
[21:30:40] [400/455] KRTT
[21:30:40] 🔄 Identity reset
[21:30:40] 🔄 Identity rotated (every 10 requests)
[21:30:41] [401/455] PTDT
[21:30:41] [402/455] TRSV
[21:30:42] [403/455] VELR
[21:30:43] [404/455] STDT
[21:30:44] [405/455] SATT
[21:30:46] [406/455] KCPM
[21:30:47] [407/455] MFCP
[21:30:48] [408/455] AXMP
[21:30:48] [409/455] LTVB
[21:30:49] [410/455] APST
[21:30:50] 🔄 Identity reset
[21:30:50] 🔄 Identity rotated (every 10 requests)
[21:30:51] [411/455] DTVP
[21:30:52] [412/455] AAVB
[21:30:53] [413/455] PMBL
[21:30:54] [414/455] STKC
[21:30:55] [415/455] KKMA
[21:30:55] [416/455] NMXS
[21:30:56] [417/455] DECX
[21:30:57] [418/455] MAPJ
[21:30:58] [419/455] SMLK
[21:30:59] [420/455] PMPU
[21:30:59] 🔄 Identity reset
[21:30:59] 🔄 Identity rotated (every 10 requests)
[21:31:00] [421/455] AFST
[21:31:00] [422/455] SRSY
[21:31:01] [423/455] RMKT
[21:31:02] [424/455] RAJX
[21:31:03] [425/455] UVCD
[21:31:04] [426/455] LISA
[21:31:05] [427/455] LMSR
[21:31:06] [428/455] PMCA
[21:31:07] [429/455] INPO
[21:31:08] [430/455] INGO
[21:31:09] 🔄 Identity reset
[21:31:09] 🔄 Identity rotated (every 10 requests)
[21:31:09] [431/455] HFSQ
[21:31:10] [432/455] INMG
[21:31:11] [433/455] NYCP
[21:31:12] [434/455] HFSV
[21:31:13] [435/455] MMZP
[21:31:14] [436/455] KSES
[21:31:14] [437/455] HFSA
[21:31:15] [438/455] ACMM
[21:31:16] [439/455] RCKD
[21:31:17] [440/455] BCKR
[21:31:18] 🔄 Identity reset
[21:31:18] 🔄 Identity rotated (every 10 requests)
[21:31:18] [441/455] SFCO
[21:31:19] [442/455] JCCB
[21:31:20] [443/455] BCCR
[21:31:21] [444/455] NWCB
[21:31:22] [445/455] SAMT
[21:31:23] [446/455] TMST
[21:31:24] [447/455] SJCN
[21:31:25] [448/455] MCBS
[21:31:25] [449/455] CMKR
[21:31:26] [450/455] INPM
[21:31:27] 🔄 Identity reset
[21:31:27] 🔄 Identity rotated (every 10 requests)
[21:31:27] [451/455] WVMT
[21:31:28] [452/455] NYSM
[21:31:29] [453/455] RCMA
[21:31:30] [454/455] RECM
[21:31:30] [455/455] CYCM
[21:31:31] 🧹 Deduping shows
[21:31:31] ✅ DONE | Shows=3707 | Movies=74
[05:35:26] 🚀 SCRIPT STARTED (enhanced anti‑detection)
[05:35:26] [1/455] MXGN
[05:35:27] 🧠 New identity created
[05:35:27] [2/455] PGGM
[05:35:28] [3/455] IPMJ
[05:35:29] [4/455] M2PP
[05:35:30] [5/455] PMMS
[05:35:30] [6/455] SCJN
[05:35:31] [7/455] CPUM
[05:35:32] [8/455] SCND
[05:35:33] [9/455] INWM
[05:35:34] [10/455] DVDC
[05:35:34] 🔄 Identity reset
[05:35:34] 🔄 Identity rotated (every 10 requests)
[05:35:34] [11/455] WVND
[05:35:35] [12/455] LBDL
[05:35:36] [13/455] CRGM
[05:35:36] [14/455] PVKS
[05:35:37] [15/455] PBLL
[05:35:39] [16/455] FNLN
[05:35:40] [17/455] PPDA
[05:35:41] [18/455] SCPT
[05:35:41] [19/455] IAJS
[05:35:42] [20/455] MMZG
[05:35:43] 🔄 Identity reset
[05:35:43] 🔄 Identity rotated (every 10 requests)
[05:35:43] [21/455] MCTI
[05:35:44] [22/455] PPMF
[05:35:46] [23/455] FNSD
[05:35:47] [24/455] M2RH
[05:35:47] [25/455] CPGV
[05:35:48] [26/455] PECD
[05:35:49] [27/455] CTEE
[05:35:50] [28/455] IOMG
[05:35:51] [29/455] CIJA
[05:35:51] [30/455] NYCG
[05:35:52] 🔄 Identity reset
[05:35:52] 🔄 Identity rotated (every 10 requests)
[05:35:52] [31/455] CEST
[05:35:53] [32/455] WVRG
[05:35:54] [33/455] DPDC
[05:35:54] [34/455] PDIV
[05:35:55] [35/455] MTPP
[05:35:56] [36/455] MHNU
[05:35:56] [37/455] WUPG
[05:35:57] [38/455] USCO
[05:35:58] [39/455] INFR
[05:36:00] [40/455] PVPD
[05:36:00] 🔄 Identity reset
[05:36:00] 🔄 Identity rotated (every 10 requests)
[05:36:01] [41/455] RONC
[05:36:01] [42/455] IOCP
[05:36:02] [43/455] EMPS
[05:36:03] [44/455] PNAD
[05:36:03] [45/455] VVGZ
[05:36:04] [46/455] MDDC
[05:36:05] [47/455] MMAP
[05:36:06] [48/455] GPDC
[05:36:06] [49/455] PVPU
[05:36:08] [50/455] DCMV
[05:36:08] 🔄 Identity reset
[05:36:08] 🔄 Identity rotated (every 10 requests)
[05:36:08] [51/455] PCCF
[05:36:09] [52/455] MCEF
[05:36:10] [53/455] INRD
[05:36:11] [54/455] CCPZ
[05:36:12] [55/455] BCWG
[05:36:13] [56/455] PMGU
[05:36:14] [57/455] MCVM
[05:36:14] [58/455] MCDE
[05:36:15] [59/455] IEFM
[05:36:16] [60/455] MXCS
[05:36:16] 🔄 Identity reset
[05:36:16] 🔄 Identity rotated (every 10 requests)
[05:36:16] [61/455] RNMT
[05:36:17] [62/455] PSDD
[05:36:17] [63/455] PETA
[05:36:18] [64/455] IZOP
[05:36:19] [65/455] PDEI
[05:36:20] [66/455] MTND
[05:36:21] [67/455] PCPL
[05:36:22] [68/455] LSCM
[05:36:23] [69/455] BTFD
[05:36:24] [70/455] MERM
[05:36:24] 🔄 Identity reset
[05:36:24] 🔄 Identity rotated (every 10 requests)
[05:36:24] 🔄 Retry 1/5 for MERM in 2.7s
[05:36:24] 🔄 Identity reset
[05:36:27] 🧠 New identity created
[05:36:27] 🔄 Retry 2/5 for MERM in 4.7s
[05:36:27] 🔄 Identity reset
[05:36:32] 🧠 New identity created
[05:36:32] 🔄 Retry 3/5 for MERM in 8.8s
[05:36:32] 🔄 Identity reset
[05:36:41] 🧠 New identity created
[05:36:41] [71/455] PVMS
[05:36:42] [72/455] CIGK
[05:36:43] [73/455] INSG
[05:36:44] [74/455] IDEN
[05:36:45] [75/455] MCGN
[05:36:46] [76/455] IGAM
[05:36:47] [77/455] SLCU
[05:36:47] 🔄 Identity reset
[05:36:47] 🔄 Identity rotated (every 10 requests)
[05:36:48] [78/455] MIMU
[05:36:48] [79/455] QLAC
[05:36:50] [80/455] MENL
[05:36:50] [81/455] SCUR
[05:36:51] [82/455] MDGD
[05:36:52] [83/455] LSRS
[05:36:53] [84/455] KMLG
[05:36:54] [85/455] MKLJ
[05:36:55] [86/455] IBYG
[05:36:55] [87/455] ISML
[05:36:56] 🔄 Identity reset
[05:36:56] 🔄 Identity rotated (every 10 requests)
[05:36:56] [88/455] MJMM
[05:36:57] [89/455] RCGD
[05:36:58] [90/455] MMOC
[05:36:58] [91/455] RRCO
[05:36:59] [92/455] MEDM
[05:37:00] [93/455] MCAZ
[05:37:01] [94/455] STWA
[05:37:02] [95/455] PFFG
[05:37:03] [96/455] GAGC
[05:37:04] [97/455] PMPM
[05:37:05] 🔄 Identity reset
[05:37:05] 🔄 Identity rotated (every 10 requests)
[05:37:05] 🔄 Retry 1/5 for PMPM in 3.0s
[05:37:05] 🔄 Identity reset
[05:37:08] 🧠 New identity created
[05:37:09] [98/455] HVCD
[05:37:10] [99/455] AKRF
[05:37:11] [100/455] AKRC
[05:37:12] [101/455] MIDA
[05:37:13] [102/455] MAGX
[05:37:14] [103/455] ESOS
[05:37:15] [104/455] BBCL
[05:37:15] [105/455] LYAS
[05:37:16] [106/455] NRMS
[05:37:17] 🔄 Identity reset
[05:37:17] 🔄 Identity rotated (every 10 requests)
[05:37:17] [107/455] BHUC
[05:37:17] [108/455] SRIC
[05:37:18] [109/455] PDME
[05:37:19] [110/455] MJCS
[05:37:20] [111/455] NRAA
[05:37:21] [112/455] VATA
[05:37:22] [113/455] MNKC
[05:37:23] [114/455] DHCL
[05:37:23] [115/455] JCPC
[05:37:24] [116/455] CTML
[05:37:25] 🔄 Identity reset
[05:37:25] 🔄 Identity rotated (every 10 requests)
[05:37:25] [117/455] RMMR
[05:37:25] [118/455] STTL
[05:37:26] [119/455] CNPS
[05:37:28] [120/455] ACKL
[05:37:28] [121/455] SCAU
[05:37:29] [122/455] RMIA
[05:37:30] [123/455] MANU
[05:37:31] [124/455] ARDC
[05:37:32] [125/455] GLDA
[05:37:33] [126/455] KVSW
[05:37:33] 🔄 Identity reset
[05:37:33] 🔄 Identity rotated (every 10 requests)
[05:37:33] [127/455] CGCA
[05:37:35] [128/455] CMLO
[05:37:36] [129/455] CECB
[05:37:37] [130/455] RCPN
[05:37:37] [131/455] ASMW
[05:37:38] [132/455] PWLM
[05:37:39] [133/455] ASGM
[05:37:40] [134/455] ACWH
[05:37:41] [135/455] AAPW
[05:37:42] [136/455] RTWA
[05:37:42] 🔄 Identity reset
[05:37:42] 🔄 Identity rotated (every 10 requests)
[05:37:43] [137/455] RAMW
[05:37:43] [138/455] VKTR
[05:37:44] [139/455] SMBH
[05:37:45] [140/455] BVDR
[05:37:46] [141/455] MRTP
[05:37:46] [142/455] BLBR
[05:37:47] [143/455] LPIN
[05:37:48] [144/455] SNPC
[05:37:49] [145/455] PDCB
[05:37:49] [146/455] DYPK
[05:37:50] 🔄 Identity reset
[05:37:50] 🔄 Identity rotated (every 10 requests)
[05:37:51] [147/455] INMK
[05:37:52] [148/455] PDCK
[05:37:53] [149/455] PCKR
[05:37:53] [150/455] SHUA
[05:37:54] [151/455] SCVK
[05:37:55] [152/455] STPA
[05:37:56] [153/455] WVHD
[05:37:56] [154/455] MRCH
[05:37:57] [155/455] MCNP
[05:37:58] [156/455] RCAG
[05:37:58] 🔄 Identity reset
[05:37:58] 🔄 Identity rotated (every 10 requests)
[05:37:59] [157/455] JTSN
[05:37:59] [158/455] AANS
[05:38:00] [159/455] GDDR
[05:38:02] [160/455] SRER
[05:38:03] [161/455] JKMA
[05:38:04] [162/455] ARAN
[05:38:04] [163/455] ALCT
[05:38:05] [164/455] CCTA
[05:38:06] [165/455] CNCT
[05:38:07] [166/455] NZBL
[05:38:07] 🔄 Identity reset
[05:38:07] 🔄 Identity rotated (every 10 requests)
[05:38:07] 🔄 Retry 1/5 for NZBL in 2.2s
[05:38:07] 🔄 Identity reset
[05:38:10] 🧠 New identity created
[05:38:10] [167/455] SRRA
[05:38:11] [168/455] SVPW
[05:38:11] [169/455] SRTW
[05:38:12] [170/455] XMTD
[05:38:13] [171/455] SCCZ
[05:38:14] [172/455] PBCR
[05:38:15] [173/455] RTSC
[05:38:15] [174/455] TLSV
[05:38:17] [175/455] RMTK
[05:38:18] 🔄 Identity reset
[05:38:18] 🔄 Identity rotated (every 10 requests)
[05:38:18] [176/455] SRAT
[05:38:19] [177/455] GCYC
[05:38:20] [178/455] HCAJ
[05:38:21] [179/455] LCXA
[05:38:21] [180/455] BINT
[05:38:22] [181/455] IXIM
[05:38:23] [182/455] MBCR
[05:38:24] [183/455] BMCJ
[05:38:24] [184/455] NICJ
[05:38:25] [185/455] SCAJ
[05:38:26] 🔄 Identity reset
[05:38:26] 🔄 Identity rotated (every 10 requests)
[05:38:26] 🔄 Retry 1/5 for SCAJ in 2.8s
[05:38:26] 🔄 Identity reset
[05:38:29] 🧠 New identity created
[05:38:29] [186/455] CMXS
[05:38:30] [187/455] MMSR
[05:38:31] [188/455] PRKT
[05:38:31] [189/455] LPTH
[05:38:32] [190/455] SARP
[05:38:33] [191/455] MNPP
[05:38:34] [192/455] PRLR
[05:38:35] [193/455] RCMW
[05:38:36] [194/455] FCMG
[05:38:36] 🔄 Identity reset
[05:38:36] 🔄 Identity rotated (every 10 requests)
[05:38:36] 🔄 Retry 1/5 for FCMG in 2.3s
[05:38:36] 🔄 Identity reset
[05:38:39] 🧠 New identity created
[05:38:39] [195/455] RTNK
[05:38:40] [196/455] LRCP
[05:38:41] [197/455] DBJR
[05:38:42] [198/455] CACN
[05:38:42] [199/455] AMRL
[05:38:43] [200/455] SBBC
[05:38:44] [201/455] VENN
[05:38:45] [202/455] STSS
[05:38:46] [203/455] SMRB
[05:38:46] 🔄 Identity reset
[05:38:46] 🔄 Identity rotated (every 10 requests)
[05:38:46] 🔄 Retry 1/5 for SMRB in 2.2s
[05:38:46] 🔄 Identity reset
[05:38:48] 🧠 New identity created
[05:38:49] 🔄 Retry 2/5 for SMRB in 4.9s
[05:38:49] 🔄 Identity reset
[05:38:53] 🧠 New identity created
[05:38:54] [204/455] CCMX
[05:38:55] [205/455] KCMR
[05:38:55] [206/455] SALH
[05:38:56] [207/455] CGTT
[05:38:57] [208/455] PMDR
[05:38:58] [209/455] VCPM
[05:38:59] [210/455] RZMX
[05:38:59] [211/455] TMSY
[05:39:00] 🔄 Identity reset
[05:39:00] 🔄 Identity rotated (every 10 requests)
[05:39:00] [212/455] NTMS
[05:39:01] [213/455] VTAG
[05:39:02] [214/455] REMA
[05:39:03] [215/455] NXCC
[05:39:03] [216/455] SKYM
[05:39:04] [217/455] CCMO
[05:39:05] [218/455] DMXM
[05:39:06] [219/455] SPPM
[05:39:06] [220/455] PTKL
[05:39:07] [221/455] SLVO
[05:39:08] 🔄 Identity reset
[05:39:08] 🔄 Identity rotated (every 10 requests)
[05:39:08] [222/455] VASL
[05:39:08] [223/455] CBCM
[05:39:09] [224/455] STMA
[05:39:10] [225/455] LASK
[05:39:11] [226/455] VITE
[05:39:11] [227/455] AAST
[05:39:12] [228/455] JTPT
[05:39:14] [229/455] RRSH
[05:39:14] [230/455] CINL
[05:39:15] [231/455] MCSR
[05:39:16] 🔄 Identity reset
[05:39:16] 🔄 Identity rotated (every 10 requests)
[05:39:16] [232/455] SBCF
[05:39:17] [233/455] GCDU
[05:39:18] [234/455] PSPR
[05:39:18] [235/455] IMMO
[05:39:19] [236/455] CLGM
[05:39:20] [237/455] PBMM
[05:39:21] [238/455] CEHR
[05:39:22] [239/455] CPOE
[05:39:24] [240/455] PGFD
[05:39:25] [241/455] PSLC
[05:39:26] 🔄 Identity reset
[05:39:26] 🔄 Identity rotated (every 10 requests)
[05:39:26] 🔄 Retry 1/5 for PSLC in 2.5s
[05:39:26] 🔄 Identity reset
[05:39:28] 🧠 New identity created
[05:39:28] 🔄 Retry 2/5 for PSLC in 4.3s
[05:39:28] 🔄 Identity reset
[05:39:33] 🧠 New identity created
[05:39:33] [242/455] MSMD
[05:39:34] [243/455] FMFB
[05:39:35] [244/455] RKCL
[05:39:35] [245/455] PMMC
[05:39:37] [246/455] SKMM
[05:39:37] [247/455] VOIB
[05:39:38] [248/455] KINO
[05:39:39] [249/455] VCTP
[05:39:39] 🔄 Identity reset
[05:39:39] 🔄 Identity rotated (every 10 requests)
[05:39:40] [250/455] PDWR
[05:39:41] [251/455] SAED
[05:39:41] [252/455] SRRT
[05:39:42] [253/455] CVLG
[05:39:42] [254/455] SNGN
[05:39:43] [255/455] SIDA
[05:39:44] [256/455] IMCB
[05:39:45] [257/455] SMHP
[05:39:46] [258/455] GDTY
[05:39:46] [259/455] VYCH
[05:39:47] 🔄 Identity reset
[05:39:47] 🔄 Identity rotated (every 10 requests)
[05:39:47] [260/455] PDYA
[05:39:48] [261/455] RKDO
[05:39:49] [262/455] VECG
[05:39:50] [263/455] NFGD
[05:39:51] [264/455] SNDC
[05:39:52] [265/455] SDJH
[05:39:53] [266/455] HASV
[05:39:54] [267/455] PTYK
[05:39:55] [268/455] MUTB
[05:39:56] [269/455] AMRT
[05:39:57] 🔄 Identity reset
[05:39:57] 🔄 Identity rotated (every 10 requests)
[05:39:57] [270/455] VACD
[05:39:58] [271/455] SKDD
[05:39:58] [272/455] STGR
[05:39:59] [273/455] GDAK
[05:40:00] [274/455] SKHK
[05:40:01] [275/455] SLND
[05:40:02] [276/455] APAP
[05:40:03] [277/455] AYYA
[05:40:04] [278/455] VCCZ
[05:40:04] [279/455] MEML
[05:40:05] 🔄 Identity reset
[05:40:05] 🔄 Identity rotated (every 10 requests)
[05:40:06] [280/455] MAOU
[05:40:07] [281/455] ESND
[05:40:08] [282/455] PTBZ
[05:40:09] [283/455] LBCN
[05:40:10] [284/455] PAWA
[05:40:11] [285/455] ZEIC
[05:40:11] [286/455] CGMM
[05:40:12] [287/455] PJPM
[05:40:13] [288/455] ECMR
[05:40:14] [289/455] SHMZ
[05:40:15] 🔄 Identity reset
[05:40:15] 🔄 Identity rotated (every 10 requests)
[05:40:15] [290/455] STCA
[05:40:16] [291/455] VDRC
[05:40:16] [292/455] SEEM
[05:40:17] [293/455] MKNS
[05:40:18] [294/455] KPPP
[05:40:19] [295/455] CCML
[05:40:20] [296/455] CIBA
[05:40:20] [297/455] NACS
[05:40:21] [298/455] CTMK
[05:40:22] [299/455] CTCT
[05:40:23] 🔄 Identity reset
[05:40:23] 🔄 Identity rotated (every 10 requests)
[05:40:23] [300/455] MCSN
[05:40:24] [301/455] MAXX
[05:40:24] [302/455] MECB
[05:40:26] [303/455] NTBY
[05:40:27] [304/455] UTBI
[05:40:28] [305/455] RADK
[05:40:28] [306/455] STBY
[05:40:29] [307/455] GTBY
[05:40:30] [308/455] RRMB
[05:40:31] [309/455] ABRN
[05:40:32] 🔄 Identity reset
[05:40:32] 🔄 Identity rotated (every 10 requests)
[05:40:32] [310/455] GTSG
[05:40:33] [311/455] GBTG
[05:40:33] [312/455] SBGS
[05:40:34] [313/455] KBPM
[05:40:36] [314/455] SMHT
[05:40:37] [315/455] VTDM
[05:40:38] [316/455] ASCT
[05:40:38] [317/455] AWCT
[05:40:39] [318/455] DCCU
[05:40:40] [319/455] PSCE
[05:40:41] 🔄 Identity reset
[05:40:41] 🔄 Identity rotated (every 10 requests)
[05:40:41] [320/455] KSNY
[05:40:42] [321/455] ACID
[05:40:42] [322/455] LVCD
[05:40:43] [323/455] KSSB
[05:40:44] [324/455] SWTD
[05:40:45] [325/455] RBMR
[05:40:46] [326/455] SCBC
[05:40:47] [327/455] RKME
[05:40:48] [328/455] GALX
[05:40:49] [329/455] GCCH
[05:40:49] 🔄 Identity reset
[05:40:49] 🔄 Identity rotated (every 10 requests)
[05:40:49] 🔄 Retry 1/5 for GCCH in 2.8s
[05:40:49] 🔄 Identity reset
[05:40:52] 🧠 New identity created
[05:40:52] 🔄 Retry 2/5 for GCCH in 4.0s
[05:40:52] 🔄 Identity reset
[05:40:56] 🧠 New identity created
[05:40:57] [330/455] RATR
[05:40:58] [331/455] GTGA
[05:40:59] [332/455] LTTR
[05:40:59] [333/455] TTAA
[05:41:00] [334/455] TVHP
[05:41:01] [335/455] KVCS
[05:41:02] [336/455] CBMC
[05:41:03] [337/455] MAYJ
[05:41:03] 🔄 Identity reset
[05:41:03] 🔄 Identity rotated (every 10 requests)
[05:41:04] [338/455] INPR
[05:41:05] [339/455] RSSC
[05:41:05] [340/455] PCAN
[05:41:06] [341/455] PVHR
[05:41:07] [342/455] AGSM
[05:41:08] [343/455] PVES
[05:41:09] [344/455] INTO
[05:41:10] [345/455] ACON
[05:41:11] [346/455] PVPZ
[05:41:11] [347/455] PVHC
[05:41:12] 🔄 Identity reset
[05:41:12] 🔄 Identity rotated (every 10 requests)
[05:41:12] 🔄 Retry 1/5 for PVHC in 2.7s
[05:41:12] 🔄 Identity reset
[05:41:15] 🧠 New identity created
[05:41:15] [348/455] KSTK
[05:41:16] [349/455] PVSR
[05:41:17] [350/455] ACTN
[05:41:17] [351/455] FMCN
[05:41:18] [352/455] PABC
[05:41:19] [353/455] SUTC
[05:41:20] [354/455] PGMV
[05:41:21] [355/455] GKCP
[05:41:22] [356/455] INCH
[05:41:22] 🔄 Identity reset
[05:41:22] 🔄 Identity rotated (every 10 requests)
[05:41:22] [357/455] MLMT
[05:41:24] [358/455] SSCC
[05:41:25] [359/455] SLMP
[05:41:25] [360/455] VVTN
[05:41:26] [361/455] SBTR
[05:41:27] [362/455] PGRA
[05:41:28] [363/455] PBRM
[05:41:29] [364/455] GCRP
[05:41:29] [365/455] MCSK
[05:41:30] [366/455] NLTC
[05:41:31] 🔄 Identity reset
[05:41:31] 🔄 Identity rotated (every 10 requests)
[05:41:31] [367/455] MTLM
[05:41:32] [368/455] VECT
[05:41:33] [369/455] KMRM
[05:41:34] [370/455] RACM
[05:41:35] [371/455] WSTC
[05:41:35] [372/455] PVTJ
[05:41:36] [373/455] MMKC
[05:41:37] [374/455] SVWT
[05:41:38] [375/455] JOTG
[05:41:39] [376/455] VCDK
[05:41:39] 🔄 Identity reset
[05:41:39] 🔄 Identity rotated (every 10 requests)
[05:41:39] 🔄 Retry 1/5 for VCDK in 2.5s
[05:41:39] 🔄 Identity reset
[05:41:42] 🧠 New identity created
[05:41:42] [377/455] ANAC
[05:41:43] [378/455] GRTC
[05:41:44] [379/455] JTPL
[05:41:45] [380/455] VRCP
[05:41:46] [381/455] REMC
[05:41:47] [382/455] ATMG
[05:41:48] [383/455] GAHC
[05:41:49] [384/455] JTMV
[05:41:50] [385/455] OMTT
[05:41:51] 🔄 Identity reset
[05:41:51] 🔄 Identity rotated (every 10 requests)
[05:41:52] [386/455] GKKC
[05:41:53] [387/455] BBPO
[05:41:54] [388/455] ZCBB
[05:41:55] [389/455] DCGO
[05:41:56] [390/455] STOP
[05:41:57] [391/455] BSPC
[05:41:58] [392/455] SOND
[05:41:59] [393/455] GCKG
[05:42:00] [394/455] PCDB
[05:42:00] [395/455] PGRC
[05:42:01] 🔄 Identity reset
[05:42:01] 🔄 Identity rotated (every 10 requests)
[05:42:01] [396/455] CSCT
[05:42:02] [397/455] STDA
[05:42:03] [398/455] JAYD
[05:42:04] [399/455] PPPD
[05:42:05] [400/455] KRTT
[05:42:05] [401/455] PTDT
[05:42:06] [402/455] TRSV
[05:42:07] [403/455] VELR
[05:42:08] [404/455] STDT
[05:42:09] [405/455] SATT
[05:42:10] 🔄 Identity reset
[05:42:10] 🔄 Identity rotated (every 10 requests)
[05:42:10] 🔄 Retry 1/5 for SATT in 2.1s
[05:42:10] 🔄 Identity reset
[05:42:12] 🧠 New identity created
[05:42:12] [406/455] KCPM
[05:42:13] [407/455] MFCP
[05:42:14] [408/455] AXMP
[05:42:15] [409/455] LTVB
[05:42:15] [410/455] APST
[05:42:16] [411/455] DTVP
[05:42:17] [412/455] AAVB
[05:42:18] [413/455] PMBL
[05:42:19] [414/455] STKC
[05:42:19] 🔄 Identity reset
[05:42:19] 🔄 Identity rotated (every 10 requests)
[05:42:20] [415/455] KKMA
[05:42:20] [416/455] NMXS
[05:42:22] [417/455] DECX
[05:42:23] [418/455] MAPJ
[05:42:24] [419/455] SMLK
[05:42:25] [420/455] PMPU
[05:42:26] [421/455] AFST
[05:42:27] [422/455] SRSY
[05:42:28] [423/455] RMKT
[05:42:29] [424/455] RAJX
[05:42:30] 🔄 Identity reset
[05:42:30] 🔄 Identity rotated (every 10 requests)
[05:42:30] [425/455] UVCD
[05:42:31] [426/455] LISA
[05:42:32] [427/455] LMSR
[05:42:33] [428/455] PMCA
[05:42:34] [429/455] INPO
[05:42:35] [430/455] INGO
[05:42:35] [431/455] HFSQ
[05:42:36] [432/455] INMG
[05:42:37] [433/455] NYCP
[05:42:38] [434/455] HFSV
[05:42:38] 🔄 Identity reset
[05:42:38] 🔄 Identity rotated (every 10 requests)
[05:42:39] [435/455] MMZP
[05:42:40] [436/455] KSES
[05:42:40] [437/455] HFSA
[05:42:41] [438/455] ACMM
[05:42:42] [439/455] RCKD
[05:42:43] [440/455] BCKR
[05:42:44] [441/455] SFCO
[05:42:45] [442/455] JCCB
[05:42:46] [443/455] BCCR
[05:42:46] [444/455] NWCB
[05:42:47] 🔄 Identity reset
[05:42:47] 🔄 Identity rotated (every 10 requests)
[05:42:47] 🔄 Retry 1/5 for NWCB in 2.4s
[05:42:47] 🔄 Identity reset
[05:42:49] 🧠 New identity created
[05:42:50] [445/455] SAMT
[05:42:51] [446/455] TMST
[05:42:52] [447/455] SJCN
[05:42:53] [448/455] MCBS
[05:42:53] [449/455] CMKR
[05:42:54] [450/455] INPM
[05:42:55] [451/455] WVMT
[05:42:56] [452/455] NYSM
[05:42:57] [453/455] RCMA
[05:42:57] 🔄 Identity reset
[05:42:57] 🔄 Identity rotated (every 10 requests)
[05:42:57] 🔄 Retry 1/5 for RCMA in 2.9s
[05:42:57] 🔄 Identity reset
[05:43:00] 🧠 New identity created
[05:43:00] 🔄 Retry 2/5 for RCMA in 4.7s
[05:43:00] 🔄 Identity reset
[05:43:05] 🧠 New identity created
[05:43:05] [454/455] RECM
[05:43:06] [455/455] CYCM
[05:43:07] 🧹 Deduping shows
[05:43:07] ✅ DONE | Shows=3998 | Movies=76
[14:11:08] 🚀 SCRIPT STARTED (enhanced anti‑detection)
[14:11:08] [1/455] MXGN
[14:11:08] 🧠 New identity created
[14:11:09] [2/455] PGGM
[14:11:10] [3/455] IPMJ
[14:11:11] [4/455] M2PP
[14:11:12] [5/455] PMMS
[14:11:13] [6/455] SCJN
[14:11:14] [7/455] CPUM
[14:11:15] [8/455] SCND
[14:11:15] [9/455] INWM
[14:11:16] [10/455] DVDC
[14:11:17] 🔄 Identity reset
[14:11:17] 🔄 Identity rotated (every 10 requests)
[14:11:17] 🔄 Retry 1/5 for DVDC in 2.4s
[14:11:17] 🔄 Identity reset
[14:11:19] 🧠 New identity created
[14:11:20] [11/455] WVND
[14:11:21] [12/455] LBDL
[14:11:22] [13/455] CRGM
[14:11:22] [14/455] PVKS
[14:11:24] [15/455] PBLL
[14:11:24] [16/455] FNLN
[14:11:25] [17/455] PPDA
[14:11:26] [18/455] SCPT
[14:11:27] [19/455] IAJS
[14:11:28] 🔄 Identity reset
[14:11:28] 🔄 Identity rotated (every 10 requests)
[14:11:28] [20/455] MMZG
[14:11:28] [21/455] MCTI
[14:11:29] [22/455] PPMF
[14:11:30] [23/455] FNSD
[14:11:31] [24/455] M2RH
[14:11:32] [25/455] CPGV
[14:11:33] [26/455] PECD
[14:11:34] [27/455] CTEE
[14:11:35] [28/455] IOMG
[14:11:36] [29/455] CIJA
[14:11:37] 🔄 Identity reset
[14:11:37] 🔄 Identity rotated (every 10 requests)
[14:11:37] 🔄 Retry 1/5 for CIJA in 2.7s
[14:11:37] 🔄 Identity reset
[14:11:39] 🧠 New identity created
[14:11:40] [30/455] NYCG
[14:11:41] [31/455] CEST
[14:11:41] [32/455] WVRG
[14:11:42] [33/455] DPDC
[14:11:43] [34/455] PDIV
[14:11:44] [35/455] MTPP
[14:11:45] [36/455] MHNU
[14:11:46] [37/455] WUPG
[14:11:48] [38/455] USCO
[14:11:49] 🔄 Identity reset
[14:11:49] 🔄 Identity rotated (every 10 requests)
[14:11:49] 🔄 Retry 1/5 for USCO in 2.2s
[14:11:49] 🔄 Identity reset
[14:11:51] 🧠 New identity created
[14:11:51] [39/455] INFR
[14:11:52] [40/455] PVPD
[14:11:53] [41/455] RONC
[14:11:54] [42/455] IOCP
[14:11:55] [43/455] EMPS
[14:11:56] [44/455] PNAD
[14:11:57] [45/455] VVGZ
[14:11:58] [46/455] MDDC
[14:11:59] [47/455] MMAP
[14:12:00] 🔄 Identity reset
[14:12:00] 🔄 Identity rotated (every 10 requests)
[14:12:00] 🔄 Retry 1/5 for MMAP in 2.1s
[14:12:00] 🔄 Identity reset
[14:12:02] 🧠 New identity created
[14:12:02] [48/455] GPDC
[14:12:03] [49/455] PVPU
[14:12:03] [50/455] DCMV
[14:12:04] [51/455] PCCF
[14:12:05] [52/455] MCEF
[14:12:07] [53/455] INRD
[14:12:08] [54/455] CCPZ
[14:12:10] [55/455] BCWG
[14:12:11] [56/455] PMGU
[14:12:11] 🔄 Identity reset
[14:12:11] 🔄 Identity rotated (every 10 requests)
[14:12:11] 🔄 Retry 1/5 for PMGU in 2.1s
[14:12:11] 🔄 Identity reset
[14:12:13] 🧠 New identity created
[14:12:14] [57/455] MCVM
[14:12:14] [58/455] MCDE
[14:12:15] [59/455] IEFM
[14:12:16] [60/455] MXCS
[14:12:17] [61/455] RNMT
[14:12:18] [62/455] PSDD
[14:12:19] [63/455] PETA
[14:12:20] [64/455] IZOP
[14:12:21] [65/455] PDEI
[14:12:21] 🔄 Identity reset
[14:12:21] 🔄 Identity rotated (every 10 requests)
[14:12:22] [66/455] MTND
[14:12:24] [67/455] PCPL
[14:12:25] [68/455] LSCM
[14:12:26] [69/455] BTFD
[14:12:27] [70/455] MERM
[14:12:27] [71/455] PVMS
[14:12:28] [72/455] CIGK
[14:12:30] [73/455] INSG
[14:12:31] [74/455] IDEN
[14:12:32] [75/455] MCGN
[14:12:32] 🔄 Identity reset
[14:12:33] 🔄 Identity rotated (every 10 requests)
[14:12:33] 🔄 Retry 1/5 for MCGN in 2.9s
[14:12:33] 🔄 Identity reset
[14:12:35] 🧠 New identity created
[14:12:36] [76/455] IGAM
[14:12:36] [77/455] SLCU
[14:12:37] [78/455] MIMU
[14:12:39] [79/455] QLAC
[14:12:40] [80/455] MENL
[14:12:41] [81/455] SCUR
[14:12:42] [82/455] MDGD
[14:12:43] [83/455] LSRS
[14:12:44] [84/455] KMLG
[14:12:44] 🔄 Identity reset
[14:12:44] 🔄 Identity rotated (every 10 requests)
[14:12:45] [85/455] MKLJ
[14:12:46] [86/455] IBYG
[14:12:46] [87/455] ISML
[14:12:47] [88/455] MJMM
[14:12:48] [89/455] RCGD
[14:12:49] [90/455] MMOC
[14:12:50] [91/455] RRCO
[14:12:51] [92/455] MEDM
[14:12:52] [93/455] MCAZ
[14:12:53] [94/455] STWA
[14:12:53] 🔄 Identity reset
[14:12:53] 🔄 Identity rotated (every 10 requests)
[14:12:53] [95/455] PFFG
[14:12:54] [96/455] GAGC
[14:12:55] [97/455] PMPM
[14:12:56] [98/455] HVCD
[14:12:57] [99/455] AKRF
[14:12:58] [100/455] AKRC
[14:12:59] [101/455] MIDA
[14:13:00] [102/455] MAGX
[14:13:01] [103/455] ESOS
[14:13:02] [104/455] BBCL
[14:13:02] 🔄 Identity reset
[14:13:02] 🔄 Identity rotated (every 10 requests)
[14:13:02] [105/455] LYAS
[14:13:03] [106/455] NRMS
[14:13:04] [107/455] BHUC
[14:13:05] [108/455] SRIC
[14:13:06] [109/455] PDME
[14:13:06] [110/455] MJCS
[14:13:07] [111/455] NRAA
[14:13:08] [112/455] VATA
[14:13:09] [113/455] MNKC
[14:13:10] [114/455] DHCL
[14:13:11] 🔄 Identity reset
[14:13:11] 🔄 Identity rotated (every 10 requests)
[14:13:11] [115/455] JCPC
[14:13:12] [116/455] CTML
[14:13:13] [117/455] RMMR
[14:13:14] [118/455] STTL
[14:13:15] [119/455] CNPS
[14:13:16] [120/455] ACKL
[14:13:17] [121/455] SCAU
[14:13:18] [122/455] RMIA
[14:13:19] [123/455] MANU
[14:13:20] [124/455] ARDC
[14:13:20] 🔄 Identity reset
[14:13:20] 🔄 Identity rotated (every 10 requests)
[14:13:20] [125/455] GLDA
[14:13:21] [126/455] KVSW
[14:13:23] [127/455] CGCA
[14:13:24] [128/455] CMLO
[14:13:25] [129/455] CECB
[14:13:26] [130/455] RCPN
[14:13:26] [131/455] ASMW
[14:13:27] [132/455] PWLM
[14:13:28] [133/455] ASGM
[14:13:29] [134/455] ACWH
[14:13:30] 🔄 Identity reset
[14:13:30] 🔄 Identity rotated (every 10 requests)
[14:13:30] [135/455] AAPW
[14:13:31] [136/455] RTWA
[14:13:32] [137/455] RAMW
[14:13:32] [138/455] VKTR
[14:13:33] [139/455] SMBH
[14:13:34] [140/455] BVDR
[14:13:35] [141/455] MRTP
[14:13:36] [142/455] BLBR
[14:13:37] [143/455] LPIN
[14:13:38] [144/455] SNPC
[14:13:38] 🔄 Identity reset
[14:13:38] 🔄 Identity rotated (every 10 requests)
[14:13:38] [145/455] PDCB
[14:13:39] [146/455] DYPK
[14:13:40] [147/455] INMK
[14:13:41] [148/455] PDCK
[14:13:43] [149/455] PCKR
[14:13:44] [150/455] SHUA
[14:13:45] [151/455] SCVK
[14:13:45] [152/455] STPA
[14:13:46] [153/455] WVHD
[14:13:47] [154/455] MRCH
[14:13:47] 🔄 Identity reset
[14:13:47] 🔄 Identity rotated (every 10 requests)
[14:13:48] [155/455] MCNP
[14:13:49] [156/455] RCAG
[14:13:49] [157/455] JTSN
[14:13:50] [158/455] AANS
[14:13:51] [159/455] GDDR
[14:13:53] [160/455] SRER
[14:13:54] [161/455] JKMA
[14:13:54] [162/455] ARAN
[14:13:55] [163/455] ALCT
[14:13:56] [164/455] CCTA
[14:13:57] 🔄 Identity reset
[14:13:57] 🔄 Identity rotated (every 10 requests)
[14:13:57] [165/455] CNCT
[14:13:58] [166/455] NZBL
[14:13:59] [167/455] SRRA
[14:13:59] [168/455] SVPW
[14:14:00] [169/455] SRTW
[14:14:01] [170/455] XMTD
[14:14:02] [171/455] SCCZ
[14:14:03] [172/455] PBCR
[14:14:04] [173/455] RTSC
[14:14:05] [174/455] TLSV
[14:14:05] 🔄 Identity reset
[14:14:05] 🔄 Identity rotated (every 10 requests)
[14:14:05] [175/455] RMTK
[14:14:06] [176/455] SRAT
[14:14:07] [177/455] GCYC
[14:14:08] [178/455] HCAJ
[14:14:08] [179/455] LCXA
[14:14:09] [180/455] BINT
[14:14:10] [181/455] IXIM
[14:14:11] [182/455] MBCR
[14:14:12] [183/455] BMCJ
[14:14:13] [184/455] NICJ
[14:14:14] 🔄 Identity reset
[14:14:14] 🔄 Identity rotated (every 10 requests)
[14:14:14] 🔄 Retry 1/5 for NICJ in 2.4s
[14:14:14] 🔄 Identity reset
[14:14:16] 🧠 New identity created
[14:14:16] [185/455] SCAJ
[14:14:17] [186/455] CMXS
[14:14:18] [187/455] MMSR
[14:14:19] [188/455] PRKT
[14:14:20] [189/455] LPTH
[14:14:21] [190/455] SARP
[14:14:22] [191/455] MNPP
[14:14:23] [192/455] PRLR
[14:14:24] [193/455] RCMW
[14:14:24] 🔄 Identity reset
[14:14:24] 🔄 Identity rotated (every 10 requests)
[14:14:25] [194/455] FCMG
[14:14:26] [195/455] RTNK
[14:14:26] [196/455] LRCP
[14:14:27] [197/455] DBJR
[14:14:28] [198/455] CACN
[14:14:29] [199/455] AMRL
[14:14:30] [200/455] SBBC
[14:14:31] [201/455] VENN
[14:14:31] [202/455] STSS
[14:14:32] [203/455] SMRB
[14:14:32] 🔄 Identity reset
[14:14:32] 🔄 Identity rotated (every 10 requests)
[14:14:33] [204/455] CCMX
[14:14:33] [205/455] KCMR
[14:14:35] [206/455] SALH
[14:14:36] [207/455] CGTT
[14:14:37] [208/455] PMDR
[14:14:38] [209/455] VCPM
[14:14:39] [210/455] RZMX
[14:14:40] [211/455] TMSY
[14:14:41] [212/455] NTMS
[14:14:42] [213/455] VTAG
[14:14:42] 🔄 Identity reset
[14:14:42] 🔄 Identity rotated (every 10 requests)
[14:14:42] [214/455] REMA
[14:14:43] [215/455] NXCC
[14:14:44] [216/455] SKYM
[14:14:45] [217/455] CCMO
[14:14:46] [218/455] DMXM
[14:14:47] [219/455] SPPM
[14:14:48] [220/455] PTKL
[14:14:49] [221/455] SLVO
[14:14:50] [222/455] VASL
[14:14:50] [223/455] CBCM
[14:14:51] 🔄 Identity reset
[14:14:51] 🔄 Identity rotated (every 10 requests)
[14:14:51] [224/455] STMA
[14:14:52] [225/455] LASK
[14:14:53] [226/455] VITE
[14:14:54] [227/455] AAST
[14:14:55] [228/455] JTPT
[14:14:56] [229/455] RRSH
[14:14:57] [230/455] CINL
[14:14:58] [231/455] MCSR
[14:14:59] [232/455] SBCF
[14:14:59] [233/455] GCDU
[14:15:00] 🔄 Identity reset
[14:15:00] 🔄 Identity rotated (every 10 requests)
[14:15:00] [234/455] PSPR
[14:15:01] [235/455] IMMO
[14:15:02] [236/455] CLGM
[14:15:04] [237/455] PBMM
[14:15:05] [238/455] CEHR
[14:15:05] [239/455] CPOE
[14:15:06] [240/455] PGFD
[14:15:07] [241/455] PSLC
[14:15:08] [242/455] MSMD
[14:15:09] [243/455] FMFB
[14:15:09] 🔄 Identity reset
[14:15:09] 🔄 Identity rotated (every 10 requests)
[14:15:10] [244/455] RKCL
[14:15:11] [245/455] PMMC
[14:15:12] [246/455] SKMM
[14:15:13] [247/455] VOIB
[14:15:13] [248/455] KINO
[14:15:14] [249/455] VCTP
[14:15:15] [250/455] PDWR
[14:15:17] [251/455] SAED
[14:15:18] [252/455] SRRT
[14:15:19] [253/455] CVLG
[14:15:19] 🔄 Identity reset
[14:15:19] 🔄 Identity rotated (every 10 requests)
[14:15:20] [254/455] SNGN
[14:15:21] [255/455] SIDA
[14:15:21] [256/455] IMCB
[14:15:22] [257/455] SMHP
[14:15:23] [258/455] GDTY
[14:15:24] [259/455] VYCH
[14:15:25] [260/455] PDYA
[14:15:26] [261/455] RKDO
[14:15:27] [262/455] VECG
[14:15:27] [263/455] NFGD
[14:15:28] 🔄 Identity reset
[14:15:28] 🔄 Identity rotated (every 10 requests)
[14:15:28] [264/455] SNDC
[14:15:30] [265/455] SDJH
[14:15:31] [266/455] HASV
[14:15:31] [267/455] PTYK
[14:15:32] [268/455] MUTB
[14:15:33] [269/455] AMRT
[14:15:34] [270/455] VACD
[14:15:35] [271/455] SKDD
[14:15:36] [272/455] STGR
[14:15:37] [273/455] GDAK
[14:15:38] 🔄 Identity reset
[14:15:38] 🔄 Identity rotated (every 10 requests)
[14:15:38] 🔄 Retry 1/5 for GDAK in 2.5s
[14:15:38] 🔄 Identity reset
[14:15:41] 🧠 New identity created
[14:15:41] 🔄 Retry 2/5 for GDAK in 4.9s
[14:15:41] 🔄 Identity reset
[14:15:46] 🧠 New identity created
[14:15:46] [274/455] SKHK
[14:15:47] [275/455] SLND
[14:15:48] [276/455] APAP
[14:15:49] [277/455] AYYA
[14:15:50] [278/455] VCCZ
[14:15:50] [279/455] MEML
[14:15:51] [280/455] MAOU
[14:15:52] [281/455] ESND
[14:15:53] 🔄 Identity reset
[14:15:53] 🔄 Identity rotated (every 10 requests)
[14:15:53] [282/455] PTBZ
[14:15:54] [283/455] LBCN
[14:15:55] [284/455] PAWA
[14:15:56] [285/455] ZEIC
[14:15:57] [286/455] CGMM
[14:15:58] [287/455] PJPM
[14:15:59] [288/455] ECMR
[14:16:00] [289/455] SHMZ
[14:16:01] [290/455] STCA
[14:16:02] [291/455] VDRC
[14:16:03] 🔄 Identity reset
[14:16:03] 🔄 Identity rotated (every 10 requests)
[14:16:03] [292/455] SEEM
[14:16:05] [293/455] MKNS
[14:16:06] [294/455] KPPP
[14:16:06] [295/455] CCML
[14:16:07] [296/455] CIBA
[14:16:08] [297/455] NACS
[14:16:09] [298/455] CTMK
[14:16:10] [299/455] CTCT
[14:16:11] [300/455] MCSN
[14:16:12] [301/455] MAXX
[14:16:13] 🔄 Identity reset
[14:16:13] 🔄 Identity rotated (every 10 requests)
[14:16:13] 🔄 Retry 1/5 for MAXX in 3.0s
[14:16:13] 🔄 Identity reset
[14:16:16] 🧠 New identity created
[14:16:16] [302/455] MECB
[14:16:17] [303/455] NTBY
[14:16:18] [304/455] UTBI
[14:16:19] [305/455] RADK
[14:16:20] [306/455] STBY
[14:16:21] [307/455] GTBY
[14:16:22] [308/455] RRMB
[14:16:22] [309/455] ABRN
[14:16:23] [310/455] GTSG
[14:16:24] 🔄 Identity reset
[14:16:24] 🔄 Identity rotated (every 10 requests)
[14:16:24] [311/455] GBTG
[14:16:25] [312/455] SBGS
[14:16:26] [313/455] KBPM
[14:16:27] [314/455] SMHT
[14:16:28] [315/455] VTDM
[14:16:28] [316/455] ASCT
[14:16:29] [317/455] AWCT
[14:16:30] [318/455] DCCU
[14:16:31] [319/455] PSCE
[14:16:33] [320/455] KSNY
[14:16:33] 🔄 Identity reset
[14:16:34] 🔄 Identity rotated (every 10 requests)
[14:16:34] [321/455] ACID
[14:16:35] [322/455] LVCD
[14:16:36] [323/455] KSSB
[14:16:38] [324/455] SWTD
[14:16:39] [325/455] RBMR
[14:16:40] [326/455] SCBC
[14:16:40] [327/455] RKME
[14:16:41] [328/455] GALX
[14:16:42] [329/455] GCCH
[14:16:44] [330/455] RATR
[14:16:45] 🔄 Identity reset
[14:16:45] 🔄 Identity rotated (every 10 requests)
[14:16:45] [331/455] GTGA
[14:16:46] [332/455] LTTR
[14:16:46] [333/455] TTAA
[14:16:47] [334/455] TVHP
[14:16:48] [335/455] KVCS
[14:16:49] [336/455] CBMC
[14:16:50] [337/455] MAYJ
[14:16:51] [338/455] INPR
[14:16:52] [339/455] RSSC
[14:16:53] [340/455] PCAN
[14:16:54] 🔄 Identity reset
[14:16:54] 🔄 Identity rotated (every 10 requests)
[14:16:54] [341/455] PVHR
[14:16:55] [342/455] AGSM
[14:16:56] [343/455] PVES
[14:16:57] [344/455] INTO
[14:16:58] [345/455] ACON
[14:16:58] [346/455] PVPZ
[14:16:59] [347/455] PVHC
[14:17:00] [348/455] KSTK
[14:17:01] [349/455] PVSR
[14:17:02] [350/455] ACTN
[14:17:03] 🔄 Identity reset
[14:17:03] 🔄 Identity rotated (every 10 requests)
[14:17:03] 🔄 Retry 1/5 for ACTN in 2.1s
[14:17:03] 🔄 Identity reset
[14:17:05] 🧠 New identity created
[14:17:05] 🔄 Retry 2/5 for ACTN in 4.4s
[14:17:05] 🔄 Identity reset
[14:17:09] 🧠 New identity created
[14:17:10] [351/455] FMCN
[14:17:11] [352/455] PABC
[14:17:12] [353/455] SUTC
[14:17:13] [354/455] PGMV
[14:17:14] [355/455] GKCP
[14:17:14] [356/455] INCH
[14:17:15] [357/455] MLMT
[14:17:16] [358/455] SSCC
[14:17:17] 🔄 Identity reset
[14:17:17] 🔄 Identity rotated (every 10 requests)
[14:17:17] [359/455] SLMP
[14:17:18] [360/455] VVTN
[14:17:19] [361/455] SBTR
[14:17:20] [362/455] PGRA
[14:17:21] [363/455] PBRM
[14:17:22] [364/455] GCRP
[14:17:23] [365/455] MCSK
[14:17:24] [366/455] NLTC
[14:17:26] [367/455] MTLM
[14:17:27] [368/455] VECT
[14:17:28] 🔄 Identity reset
[14:17:28] 🔄 Identity rotated (every 10 requests)
[14:17:28] [369/455] KMRM
[14:17:29] [370/455] RACM
[14:17:30] [371/455] WSTC
[14:17:30] [372/455] PVTJ
[14:17:31] [373/455] MMKC
[14:17:32] [374/455] SVWT
[14:17:34] [375/455] JOTG
[14:17:35] [376/455] VCDK
[14:17:36] [377/455] ANAC
[14:17:37] [378/455] GRTC
[14:17:38] 🔄 Identity reset
[14:17:38] 🔄 Identity rotated (every 10 requests)
[14:17:38] [379/455] JTPL
[14:17:39] [380/455] VRCP
[14:17:40] [381/455] REMC
[14:17:41] [382/455] ATMG
[14:17:42] [383/455] GAHC
[14:17:44] [384/455] JTMV
[14:17:45] [385/455] OMTT
[14:17:46] [386/455] GKKC
[14:17:46] [387/455] BBPO
[14:17:47] [388/455] ZCBB
[14:17:48] 🔄 Identity reset
[14:17:48] 🔄 Identity rotated (every 10 requests)
[14:17:48] [389/455] DCGO
[14:17:49] [390/455] STOP
[14:17:50] [391/455] BSPC
[14:17:51] [392/455] SOND
[14:17:52] [393/455] GCKG
[14:17:53] [394/455] PCDB
[14:17:54] [395/455] PGRC
[14:17:55] [396/455] CSCT
[14:17:56] [397/455] STDA
[14:17:57] [398/455] JAYD
[14:17:57] 🔄 Identity reset
[14:17:57] 🔄 Identity rotated (every 10 requests)
[14:17:57] [399/455] PPPD
[14:17:58] [400/455] KRTT
[14:17:59] [401/455] PTDT
[14:18:00] [402/455] TRSV
[14:18:02] [403/455] VELR
[14:18:03] [404/455] STDT
[14:18:04] [405/455] SATT
[14:18:05] [406/455] KCPM
[14:18:06] [407/455] MFCP
[14:18:07] [408/455] AXMP
[14:18:08] 🔄 Identity reset
[14:18:08] 🔄 Identity rotated (every 10 requests)
[14:18:08] 🔄 Retry 1/5 for AXMP in 2.2s
[14:18:08] 🔄 Identity reset
[14:18:10] 🧠 New identity created
[14:18:10] [409/455] LTVB
[14:18:11] [410/455] APST
[14:18:12] [411/455] DTVP
[14:18:13] [412/455] AAVB
[14:18:14] [413/455] PMBL
[14:18:15] [414/455] STKC
[14:18:16] [415/455] KKMA
[14:18:17] [416/455] NMXS
[14:18:18] [417/455] DECX
[14:18:18] 🔄 Identity reset
[14:18:18] 🔄 Identity rotated (every 10 requests)
[14:18:19] [418/455] MAPJ
[14:18:20] [419/455] SMLK
[14:18:21] [420/455] PMPU
[14:18:22] [421/455] AFST
[14:18:23] [422/455] SRSY
[14:18:24] [423/455] RMKT
[14:18:25] [424/455] RAJX
[14:18:26] [425/455] UVCD
[14:18:27] [426/455] LISA
[14:18:28] [427/455] LMSR
[14:18:29] 🔄 Identity reset
[14:18:29] 🔄 Identity rotated (every 10 requests)
[14:18:29] [428/455] PMCA
[14:18:30] [429/455] INPO
[14:18:31] [430/455] INGO
[14:18:32] [431/455] HFSQ
[14:18:33] [432/455] INMG
[14:18:34] [433/455] NYCP
[14:18:35] [434/455] HFSV
[14:18:36] [435/455] MMZP
[14:18:36] [436/455] KSES
[14:18:37] [437/455] HFSA
[14:18:38] 🔄 Identity reset
[14:18:38] 🔄 Identity rotated (every 10 requests)
[14:18:38] [438/455] ACMM
[14:18:39] [439/455] RCKD
[14:18:40] [440/455] BCKR
[14:18:41] [441/455] SFCO
[14:18:42] [442/455] JCCB
[14:18:43] [443/455] BCCR
[14:18:44] [444/455] NWCB
[14:18:45] [445/455] SAMT
[14:18:46] [446/455] TMST
[14:18:47] [447/455] SJCN
[14:18:48] 🔄 Identity reset
[14:18:48] 🔄 Identity rotated (every 10 requests)
[14:18:48] [448/455] MCBS
[14:18:49] [449/455] CMKR
[14:18:50] [450/455] INPM
[14:18:51] [451/455] WVMT
[14:18:52] [452/455] NYSM
[14:18:53] [453/455] RCMA
[14:18:54] [454/455] RECM
[14:18:55] [455/455] CYCM
[14:18:56] 🧹 Deduping shows
[14:18:56] ✅ DONE | Shows=4313 | Movies=80
[19:55:35] 🚀 SCRIPT STARTED (enhanced anti‑detection)
[19:55:35] [1/455] MXGN
[19:55:36] 🧠 New identity created
[19:55:36] [2/455] PGGM
[19:55:37] [3/455] IPMJ
[19:55:38] [4/455] M2PP
[19:55:40] [5/455] PMMS
[19:55:41] [6/455] SCJN
[19:55:42] [7/455] CPUM
[19:55:43] [8/455] SCND
[19:55:44] [9/455] INWM
[19:55:45] [10/455] DVDC
[19:55:46] 🔄 Identity reset
[19:55:46] 🔄 Identity rotated (every 10 requests)
[19:55:47] [11/455] WVND
[19:55:48] [12/455] LBDL
[19:55:49] [13/455] CRGM
[19:55:50] [14/455] PVKS
[19:55:51] [15/455] PBLL
[19:55:51] [16/455] FNLN
[19:55:52] [17/455] PPDA
[19:55:54] [18/455] SCPT
[19:55:54] [19/455] IAJS
[19:55:55] [20/455] MMZG
[19:55:56] 🔄 Identity reset
[19:55:56] 🔄 Identity rotated (every 10 requests)
[19:55:56] [21/455] MCTI
[19:55:57] [22/455] PPMF
[19:55:58] [23/455] FNSD
[19:55:59] [24/455] M2RH
[19:56:00] [25/455] CPGV
[19:56:01] [26/455] PECD
[19:56:01] [27/455] CTEE
[19:56:03] [28/455] IOMG
[19:56:04] [29/455] CIJA
[19:56:05] [30/455] NYCG
[19:56:06] 🔄 Identity reset
[19:56:06] 🔄 Identity rotated (every 10 requests)
[19:56:06] [31/455] CEST
[19:56:07] [32/455] WVRG
[19:56:08] [33/455] DPDC
[19:56:09] [34/455] PDIV
[19:56:10] [35/455] MTPP
[19:56:11] [36/455] MHNU
[19:56:11] [37/455] WUPG
[19:56:12] [38/455] USCO
[19:56:13] [39/455] INFR
[19:56:14] [40/455] PVPD
[19:56:15] 🔄 Identity reset
[19:56:15] 🔄 Identity rotated (every 10 requests)
[19:56:15] [41/455] RONC
[19:56:16] [42/455] IOCP
[19:56:17] [43/455] EMPS
[19:56:18] [44/455] PNAD
[19:56:19] [45/455] VVGZ
[19:56:20] [46/455] MDDC
[19:56:21] [47/455] MMAP
[19:56:22] [48/455] GPDC
[19:56:22] [49/455] PVPU
[19:56:23] [50/455] DCMV
[19:56:24] 🔄 Identity reset
[19:56:24] 🔄 Identity rotated (every 10 requests)
[19:56:24] [51/455] PCCF
[19:56:25] [52/455] MCEF
[19:56:26] [53/455] INRD
[19:56:27] [54/455] CCPZ
[19:56:28] [55/455] BCWG
[19:56:29] [56/455] PMGU
[19:56:30] [57/455] MCVM
[19:56:31] [58/455] MCDE
[19:56:32] [59/455] IEFM
[19:56:33] [60/455] MXCS
[19:56:33] 🔄 Identity reset
[19:56:33] 🔄 Identity rotated (every 10 requests)
[19:56:33] [61/455] RNMT
[19:56:34] [62/455] PSDD
[19:56:35] [63/455] PETA
[19:56:36] [64/455] IZOP
[19:56:37] [65/455] PDEI
[19:56:38] [66/455] MTND
[19:56:39] [67/455] PCPL
[19:56:40] [68/455] LSCM
[19:56:41] [69/455] BTFD
[19:56:42] [70/455] MERM
[19:56:42] 🔄 Identity reset
[19:56:43] 🔄 Identity rotated (every 10 requests)
[19:56:43] [71/455] PVMS
[19:56:44] [72/455] CIGK
[19:56:45] [73/455] INSG
[19:56:45] [74/455] IDEN
[19:56:46] [75/455] MCGN
[19:56:48] [76/455] IGAM
[19:56:49] [77/455] SLCU
[19:56:50] [78/455] MIMU
[19:56:51] [79/455] QLAC
[19:56:52] [80/455] MENL
[19:56:52] 🔄 Identity reset
[19:56:52] 🔄 Identity rotated (every 10 requests)
[19:56:53] [81/455] SCUR
[19:56:53] [82/455] MDGD
[19:56:55] [83/455] LSRS
[19:56:56] [84/455] KMLG
[19:56:57] [85/455] MKLJ
[19:56:58] [86/455] IBYG
[19:56:59] [87/455] ISML
[19:56:59] [88/455] MJMM
[19:57:01] [89/455] RCGD
[19:57:03] [90/455] MMOC
[19:57:03] 🔄 Identity reset
[19:57:03] 🔄 Identity rotated (every 10 requests)
[19:57:04] [91/455] RRCO
[19:57:05] [92/455] MEDM
[19:57:06] [93/455] MCAZ
[19:57:06] [94/455] STWA
[19:57:08] [95/455] PFFG
[19:57:08] [96/455] GAGC
[19:57:09] [97/455] PMPM
[19:57:10] [98/455] HVCD
[19:57:11] [99/455] AKRF
[19:57:12] [100/455] AKRC
[19:57:13] 🔄 Identity reset
[19:57:13] 🔄 Identity rotated (every 10 requests)
[19:57:13] [101/455] MIDA
[19:57:14] [102/455] MAGX
[19:57:15] [103/455] ESOS
[19:57:16] [104/455] BBCL
[19:57:17] [105/455] LYAS
[19:57:18] [106/455] NRMS
[19:57:19] [107/455] BHUC
[19:57:20] [108/455] SRIC
[19:57:20] [109/455] PDME
[19:57:21] [110/455] MJCS
[19:57:22] 🔄 Identity reset
[19:57:22] 🔄 Identity rotated (every 10 requests)
[19:57:23] [111/455] NRAA
[19:57:24] [112/455] VATA
[19:57:25] [113/455] MNKC
[19:57:26] [114/455] DHCL
[19:57:27] [115/455] JCPC
[19:57:28] [116/455] CTML
[19:57:29] [117/455] RMMR
[19:57:30] [118/455] STTL
[19:57:31] [119/455] CNPS
[19:57:31] [120/455] ACKL
[19:57:32] 🔄 Identity reset
[19:57:32] 🔄 Identity rotated (every 10 requests)
[19:57:32] [121/455] SCAU
[19:57:33] [122/455] RMIA
[19:57:34] [123/455] MANU
[19:57:35] [124/455] ARDC
[19:57:36] [125/455] GLDA
[19:57:36] [126/455] KVSW
[19:57:37] [127/455] CGCA
[19:57:38] [128/455] CMLO
[19:57:39] [129/455] CECB
[19:57:40] [130/455] RCPN
[19:57:40] 🔄 Identity reset
[19:57:40] 🔄 Identity rotated (every 10 requests)
[19:57:41] [131/455] ASMW
[19:57:42] [132/455] PWLM
[19:57:42] [133/455] ASGM
[19:57:43] [134/455] ACWH
[19:57:45] [135/455] AAPW
[19:57:46] [136/455] RTWA
[19:57:47] [137/455] RAMW
[19:57:48] [138/455] VKTR
[19:57:49] [139/455] SMBH
[19:57:50] [140/455] BVDR
[19:57:50] 🔄 Identity reset
[19:57:51] 🔄 Identity rotated (every 10 requests)
[19:57:51] [141/455] MRTP
[19:57:52] [142/455] BLBR
[19:57:53] [143/455] LPIN
[19:57:55] [144/455] SNPC
[19:57:56] [145/455] PDCB
[19:57:57] [146/455] DYPK
[19:57:58] [147/455] INMK
[19:57:58] [148/455] PDCK
[19:57:59] [149/455] PCKR
[19:58:00] [150/455] SHUA
[19:58:01] 🔄 Identity reset
[19:58:01] 🔄 Identity rotated (every 10 requests)
[19:58:01] 🔄 Retry 1/5 for SHUA in 2.0s
[19:58:01] 🔄 Identity reset
[19:58:03] 🧠 New identity created
[19:58:03] [151/455] SCVK
[19:58:04] [152/455] STPA
[19:58:05] [153/455] WVHD
[19:58:06] [154/455] MRCH
[19:58:07] [155/455] MCNP
[19:58:08] [156/455] RCAG
[19:58:09] [157/455] JTSN
[19:58:10] [158/455] AANS
[19:58:11] [159/455] GDDR
[19:58:11] 🔄 Identity reset
[19:58:11] 🔄 Identity rotated (every 10 requests)
[19:58:11] [160/455] SRER
[19:58:13] [161/455] JKMA
[19:58:14] [162/455] ARAN
[19:58:14] [163/455] ALCT
[19:58:15] [164/455] CCTA
[19:58:16] [165/455] CNCT
[19:58:17] [166/455] NZBL
[19:58:18] [167/455] SRRA
[19:58:19] [168/455] SVPW
[19:58:20] [169/455] SRTW
[19:58:21] 🔄 Identity reset
[19:58:21] 🔄 Identity rotated (every 10 requests)
[19:58:21] [170/455] XMTD
[19:58:22] [171/455] SCCZ
[19:58:23] [172/455] PBCR
[19:58:24] [173/455] RTSC
[19:58:25] [174/455] TLSV
[19:58:26] [175/455] RMTK
[19:58:27] [176/455] SRAT
[19:58:29] [177/455] GCYC
[19:58:30] [178/455] HCAJ
[19:58:31] [179/455] LCXA
[19:58:32] 🔄 Identity reset
[19:58:32] 🔄 Identity rotated (every 10 requests)
[19:58:32] [180/455] BINT
[19:58:33] [181/455] IXIM
[19:58:34] [182/455] MBCR
[19:58:35] [183/455] BMCJ
[19:58:36] [184/455] NICJ
[19:58:37] [185/455] SCAJ
[19:58:38] [186/455] CMXS
[19:58:39] [187/455] MMSR
[19:58:40] [188/455] PRKT
[19:58:41] [189/455] LPTH
[19:58:42] 🔄 Identity reset
[19:58:42] 🔄 Identity rotated (every 10 requests)
[19:58:42] [190/455] SARP
[19:58:44] [191/455] MNPP
[19:58:45] [192/455] PRLR
[19:58:45] [193/455] RCMW
[19:58:46] [194/455] FCMG
[19:58:47] [195/455] RTNK
[19:58:48] [196/455] LRCP
[19:58:49] [197/455] DBJR
[19:58:50] [198/455] CACN
[19:58:50] [199/455] AMRL
[19:58:51] 🔄 Identity reset
[19:58:51] 🔄 Identity rotated (every 10 requests)
[19:58:52] [200/455] SBBC
[19:58:53] [201/455] VENN
[19:58:54] [202/455] STSS
[19:58:55] [203/455] SMRB
[19:58:56] [204/455] CCMX
[19:58:57] [205/455] KCMR
[19:58:58] [206/455] SALH
[19:58:59] [207/455] CGTT
[19:58:59] [208/455] PMDR
[19:59:00] [209/455] VCPM
[19:59:01] 🔄 Identity reset
[19:59:01] 🔄 Identity rotated (every 10 requests)
[19:59:01] [210/455] RZMX
[19:59:03] [211/455] TMSY
[19:59:03] [212/455] NTMS
[19:59:04] [213/455] VTAG
[19:59:05] [214/455] REMA
[19:59:06] [215/455] NXCC
[19:59:07] [216/455] SKYM
[19:59:08] [217/455] CCMO
[19:59:10] [218/455] DMXM
[19:59:10] [219/455] SPPM
[19:59:11] 🔄 Identity reset
[19:59:11] 🔄 Identity rotated (every 10 requests)
[19:59:11] 🔄 Retry 1/5 for SPPM in 2.7s
[19:59:11] 🔄 Identity reset
[19:59:14] 🧠 New identity created
[19:59:15] [220/455] PTKL
[19:59:16] [221/455] SLVO
[19:59:17] [222/455] VASL
[19:59:18] [223/455] CBCM
[19:59:19] [224/455] STMA
[19:59:19] [225/455] LASK
[19:59:20] [226/455] VITE
[19:59:22] [227/455] AAST
[19:59:23] [228/455] JTPT
[19:59:23] 🔄 Identity reset
[19:59:24] 🔄 Identity rotated (every 10 requests)
[19:59:24] 🔄 Retry 1/5 for JTPT in 2.8s
[19:59:24] 🔄 Identity reset
[19:59:26] 🧠 New identity created
[19:59:27] [229/455] RRSH
[19:59:28] [230/455] CINL
[19:59:29] [231/455] MCSR
[19:59:30] [232/455] SBCF
[19:59:31] [233/455] GCDU
[19:59:32] [234/455] PSPR
[19:59:33] [235/455] IMMO
[19:59:34] [236/455] CLGM
[19:59:35] [237/455] PBMM
[19:59:35] 🔄 Identity reset
[19:59:35] 🔄 Identity rotated (every 10 requests)
[19:59:36] [238/455] CEHR
[19:59:36] [239/455] CPOE
[19:59:37] [240/455] PGFD
[19:59:38] [241/455] PSLC
[19:59:39] [242/455] MSMD
[19:59:40] [243/455] FMFB
[19:59:41] [244/455] RKCL
[19:59:42] [245/455] PMMC
[19:59:43] [246/455] SKMM
[19:59:44] [247/455] VOIB
[19:59:44] 🔄 Identity reset
[19:59:44] 🔄 Identity rotated (every 10 requests)
[19:59:45] [248/455] KINO
[19:59:46] [249/455] VCTP
[19:59:47] [250/455] PDWR
[19:59:48] [251/455] SAED
[19:59:49] [252/455] SRRT
[19:59:50] [253/455] CVLG
[19:59:51] [254/455] SNGN
[19:59:52] [255/455] SIDA
[19:59:53] [256/455] IMCB
[19:59:53] [257/455] SMHP
[19:59:54] 🔄 Identity reset
[19:59:54] 🔄 Identity rotated (every 10 requests)
[19:59:55] [258/455] GDTY
[19:59:55] [259/455] VYCH
[19:59:56] [260/455] PDYA
[19:59:57] [261/455] RKDO
[19:59:58] [262/455] VECG
[19:59:59] [263/455] NFGD
[20:00:00] [264/455] SNDC
[20:00:01] [265/455] SDJH
[20:00:02] [266/455] HASV
[20:00:03] [267/455] PTYK
[20:00:04] 🔄 Identity reset
[20:00:04] 🔄 Identity rotated (every 10 requests)
[20:00:04] [268/455] MUTB
[20:00:05] [269/455] AMRT
[20:00:06] [270/455] VACD
[20:00:07] [271/455] SKDD
[20:00:08] [272/455] STGR
[20:00:09] [273/455] GDAK
[20:00:10] [274/455] SKHK
[20:00:11] [275/455] SLND
[20:00:12] [276/455] APAP
[20:00:14] [277/455] AYYA
[20:00:14] 🔄 Identity reset
[20:00:15] 🔄 Identity rotated (every 10 requests)
[20:00:15] 🔄 Retry 1/5 for AYYA in 2.0s
[20:00:15] 🔄 Identity reset
[20:00:17] 🧠 New identity created
[20:00:17] 🔄 Retry 2/5 for AYYA in 4.9s
[20:00:17] 🔄 Identity reset
[20:00:22] 🧠 New identity created
[20:00:22] [278/455] VCCZ
[20:00:23] [279/455] MEML
[20:00:24] [280/455] MAOU
[20:00:24] [281/455] ESND
[20:00:25] [282/455] PTBZ
[20:00:26] [283/455] LBCN
[20:00:27] [284/455] PAWA
[20:00:28] [285/455] ZEIC
[20:00:29] 🔄 Identity reset
[20:00:29] 🔄 Identity rotated (every 10 requests)
[20:00:29] [286/455] CGMM
[20:00:30] [287/455] PJPM
[20:00:31] [288/455] ECMR
[20:00:32] [289/455] SHMZ
[20:00:33] [290/455] STCA
[20:00:34] [291/455] VDRC
[20:00:35] [292/455] SEEM
[20:00:36] [293/455] MKNS
[20:00:37] [294/455] KPPP
[20:00:38] [295/455] CCML
[20:00:38] 🔄 Identity reset
[20:00:38] 🔄 Identity rotated (every 10 requests)
[20:00:38] [296/455] CIBA
[20:00:39] [297/455] NACS
[20:00:40] [298/455] CTMK
[20:00:42] [299/455] CTCT
[20:00:43] [300/455] MCSN
[20:00:44] [301/455] MAXX
[20:00:44] [302/455] MECB
[20:00:45] [303/455] NTBY
[20:00:46] [304/455] UTBI
[20:00:47] [305/455] RADK
[20:00:48] 🔄 Identity reset
[20:00:48] 🔄 Identity rotated (every 10 requests)
[20:00:48] [306/455] STBY
[20:00:49] [307/455] GTBY
[20:00:50] [308/455] RRMB
[20:00:51] [309/455] ABRN
[20:00:52] [310/455] GTSG
[20:00:52] [311/455] GBTG
[20:00:53] [312/455] SBGS
[20:00:54] [313/455] KBPM
[20:00:55] [314/455] SMHT
[20:00:56] [315/455] VTDM
[20:00:57] 🔄 Identity reset
[20:00:57] 🔄 Identity rotated (every 10 requests)
[20:00:57] [316/455] ASCT
[20:00:58] [317/455] AWCT
[20:00:59] [318/455] DCCU
[20:01:00] [319/455] PSCE
[20:01:01] [320/455] KSNY
[20:01:02] [321/455] ACID
[20:01:03] [322/455] LVCD
[20:01:04] [323/455] KSSB
[20:01:05] [324/455] SWTD
[20:01:06] [325/455] RBMR
[20:01:06] 🔄 Identity reset
[20:01:06] 🔄 Identity rotated (every 10 requests)
[20:01:07] [326/455] SCBC
[20:01:07] [327/455] RKME
[20:01:08] [328/455] GALX
[20:01:10] [329/455] GCCH
[20:01:11] [330/455] RATR
[20:01:12] [331/455] GTGA
[20:01:13] [332/455] LTTR
[20:01:14] [333/455] TTAA
[20:01:15] [334/455] TVHP
[20:01:16] [335/455] KVCS
[20:01:16] 🔄 Identity reset
[20:01:16] 🔄 Identity rotated (every 10 requests)
[20:01:17] [336/455] CBMC
[20:01:18] [337/455] MAYJ
[20:01:18] [338/455] INPR
[20:01:19] [339/455] RSSC
[20:01:20] [340/455] PCAN
[20:01:21] [341/455] PVHR
[20:01:23] [342/455] AGSM
[20:01:23] [343/455] PVES
[20:01:24] [344/455] INTO
[20:01:25] [345/455] ACON
[20:01:26] 🔄 Identity reset
[20:01:26] 🔄 Identity rotated (every 10 requests)
[20:01:26] [346/455] PVPZ
[20:01:27] [347/455] PVHC
[20:01:28] [348/455] KSTK
[20:01:29] [349/455] PVSR
[20:01:30] [350/455] ACTN
[20:01:31] [351/455] FMCN
[20:01:32] [352/455] PABC
[20:01:33] [353/455] SUTC
[20:01:34] [354/455] PGMV
[20:01:35] [355/455] GKCP
[20:01:35] 🔄 Identity reset
[20:01:35] 🔄 Identity rotated (every 10 requests)
[20:01:35] [356/455] INCH
[20:01:36] [357/455] MLMT
[20:01:37] [358/455] SSCC
[20:01:38] [359/455] SLMP
[20:01:39] [360/455] VVTN
[20:01:40] [361/455] SBTR
[20:01:41] [362/455] PGRA
[20:01:42] [363/455] PBRM
[20:01:43] [364/455] GCRP
[20:01:44] [365/455] MCSK
[20:01:45] 🔄 Identity reset
[20:01:45] 🔄 Identity rotated (every 10 requests)
[20:01:45] [366/455] NLTC
[20:01:46] [367/455] MTLM
[20:01:47] [368/455] VECT
[20:01:48] [369/455] KMRM
[20:01:48] [370/455] RACM
[20:01:49] [371/455] WSTC
[20:01:50] [372/455] PVTJ
[20:01:51] [373/455] MMKC
[20:01:52] [374/455] SVWT
[20:01:53] [375/455] JOTG
[20:01:53] 🔄 Identity reset
[20:01:53] 🔄 Identity rotated (every 10 requests)
[20:01:54] [376/455] VCDK
[20:01:55] [377/455] ANAC
[20:01:56] [378/455] GRTC
[20:01:57] [379/455] JTPL
[20:01:58] [380/455] VRCP
[20:01:59] [381/455] REMC
[20:02:00] [382/455] ATMG
[20:02:01] [383/455] GAHC
[20:02:02] [384/455] JTMV
[20:02:03] [385/455] OMTT
[20:02:04] 🔄 Identity reset
[20:02:04] 🔄 Identity rotated (every 10 requests)
[20:02:04] [386/455] GKKC
[20:02:05] [387/455] BBPO
[20:02:06] [388/455] ZCBB
[20:02:07] [389/455] DCGO
[20:02:07] [390/455] STOP
[20:02:08] [391/455] BSPC
[20:02:10] [392/455] SOND
[20:02:10] [393/455] GCKG
[20:02:11] [394/455] PCDB
[20:02:12] [395/455] PGRC
[20:02:13] 🔄 Identity reset
[20:02:13] 🔄 Identity rotated (every 10 requests)
[20:02:13] [396/455] CSCT
[20:02:14] [397/455] STDA
[20:02:16] [398/455] JAYD
[20:02:17] [399/455] PPPD
[20:02:18] [400/455] KRTT
[20:02:20] [401/455] PTDT
[20:02:21] [402/455] TRSV
[20:02:22] [403/455] VELR
[20:02:24] [404/455] STDT
[20:02:25] [405/455] SATT
[20:02:25] 🔄 Identity reset
[20:02:25] 🔄 Identity rotated (every 10 requests)
[20:02:26] [406/455] KCPM
[20:02:26] [407/455] MFCP
[20:02:28] [408/455] AXMP
[20:02:28] [409/455] LTVB
[20:02:29] [410/455] APST
[20:02:30] [411/455] DTVP
[20:02:31] [412/455] AAVB
[20:02:32] [413/455] PMBL
[20:02:33] [414/455] STKC
[20:02:34] [415/455] KKMA
[20:02:35] 🔄 Identity reset
[20:02:35] 🔄 Identity rotated (every 10 requests)
[20:02:36] [416/455] NMXS
[20:02:36] [417/455] DECX
[20:02:37] [418/455] MAPJ
[20:02:38] [419/455] SMLK
[20:02:39] [420/455] PMPU
[20:02:40] [421/455] AFST
[20:02:41] [422/455] SRSY
[20:02:42] [423/455] RMKT
[20:02:43] [424/455] RAJX
[20:02:44] [425/455] UVCD
[20:02:44] 🔄 Identity reset
[20:02:44] 🔄 Identity rotated (every 10 requests)
[20:02:45] [426/455] LISA
[20:02:46] [427/455] LMSR
[20:02:47] [428/455] PMCA
[20:02:48] [429/455] INPO
[20:02:49] [430/455] INGO
[20:02:49] [431/455] HFSQ
[20:02:50] [432/455] INMG
[20:02:51] [433/455] NYCP
[20:02:53] [434/455] HFSV
[20:02:54] [435/455] MMZP
[20:02:54] 🔄 Identity reset
[20:02:54] 🔄 Identity rotated (every 10 requests)
[20:02:55] [436/455] KSES
[20:02:55] [437/455] HFSA
[20:02:56] [438/455] ACMM
[20:02:57] [439/455] RCKD
[20:02:58] [440/455] BCKR
[20:02:59] [441/455] SFCO
[20:03:00] [442/455] JCCB
[20:03:01] [443/455] BCCR
[20:03:01] [444/455] NWCB
[20:03:03] [445/455] SAMT
[20:03:03] 🔄 Identity reset
[20:03:03] 🔄 Identity rotated (every 10 requests)
[20:03:04] [446/455] TMST
[20:03:05] [447/455] SJCN
[20:03:06] [448/455] MCBS
[20:03:07] [449/455] CMKR
[20:03:08] [450/455] INPM
[20:03:09] [451/455] WVMT
[20:03:09] [452/455] NYSM
[20:03:10] [453/455] RCMA
[20:03:11] [454/455] RECM
[20:03:12] [455/455] CYCM
[20:03:12] 🔄 Identity reset
[20:03:12] 🔄 Identity rotated (every 10 requests)
[20:03:13] 🧹 Deduping shows
[20:03:13] ✅ DONE | Shows=4752 | Movies=89
[23:13:54] 🚀 SCRIPT STARTED (enhanced anti‑detection)
[23:13:54] [1/455] MXGN
[23:13:54] 🧠 New identity created
[23:13:55] [2/455] PGGM
[23:13:55] [3/455] IPMJ
[23:13:57] [4/455] M2PP
[23:13:58] [5/455] PMMS
[23:13:59] [6/455] SCJN
[23:14:00] [7/455] CPUM
[23:14:01] [8/455] SCND
[23:14:02] [9/455] INWM
[23:14:03] [10/455] DVDC
[23:14:04] 🔄 Identity reset
[23:14:04] 🔄 Identity rotated (every 10 requests)
[23:14:04] 🔄 Retry 1/5 for DVDC in 2.1s
[23:14:04] 🔄 Identity reset
[23:14:06] 🧠 New identity created
[23:14:07] [11/455] WVND
[23:14:07] [12/455] LBDL
[23:14:08] [13/455] CRGM
[23:14:09] [14/455] PVKS
[23:14:10] [15/455] PBLL
[23:14:11] [16/455] FNLN
[23:14:12] [17/455] PPDA
[23:14:12] [18/455] SCPT
[23:14:13] [19/455] IAJS
[23:14:14] 🔄 Identity reset
[23:14:14] 🔄 Identity rotated (every 10 requests)
[23:14:14] [20/455] MMZG
[23:14:15] [21/455] MCTI
[23:14:16] [22/455] PPMF
[23:14:17] [23/455] FNSD
[23:14:18] [24/455] M2RH
[23:14:18] [25/455] CPGV
[23:14:20] [26/455] PECD
[23:14:21] [27/455] CTEE
[23:14:22] [28/455] IOMG
[23:14:23] [29/455] CIJA
[23:14:23] 🔄 Identity reset
[23:14:24] 🔄 Identity rotated (every 10 requests)
[23:14:24] [30/455] NYCG
[23:14:25] [31/455] CEST
[23:14:26] [32/455] WVRG
[23:14:27] [33/455] DPDC
[23:14:28] [34/455] PDIV
[23:14:29] [35/455] MTPP
[23:14:31] [36/455] MHNU
[23:14:32] [37/455] WUPG
[23:14:32] [38/455] USCO
[23:14:34] [39/455] INFR
[23:14:34] 🔄 Identity reset
[23:14:34] 🔄 Identity rotated (every 10 requests)
[23:14:36] [40/455] PVPD
[23:14:37] [41/455] RONC
[23:14:37] [42/455] IOCP
[23:14:38] [43/455] EMPS
[23:14:39] [44/455] PNAD
[23:14:40] [45/455] VVGZ
[23:14:41] [46/455] MDDC
[23:14:42] [47/455] MMAP
[23:14:42] [48/455] GPDC
[23:14:44] [49/455] PVPU
[23:14:45] 🔄 Identity reset
[23:14:45] 🔄 Identity rotated (every 10 requests)
[23:14:45] [50/455] DCMV
[23:14:46] [51/455] PCCF
[23:14:47] [52/455] MCEF
[23:14:48] [53/455] INRD
[23:14:49] [54/455] CCPZ
[23:14:49] [55/455] BCWG
[23:14:50] [56/455] PMGU
[23:14:51] [57/455] MCVM
[23:14:52] [58/455] MCDE
[23:14:53] [59/455] IEFM
[23:14:54] 🔄 Identity reset
[23:14:54] 🔄 Identity rotated (every 10 requests)
[23:14:54] [60/455] MXCS
[23:14:55] [61/455] RNMT
[23:14:56] [62/455] PSDD
[23:14:57] [63/455] PETA
[23:14:58] [64/455] IZOP
[23:14:59] [65/455] PDEI
[23:14:59] [66/455] MTND
[23:15:01] [67/455] PCPL
[23:15:02] [68/455] LSCM
[23:15:03] [69/455] BTFD
[23:15:03] 🔄 Identity reset
[23:15:03] 🔄 Identity rotated (every 10 requests)
[23:15:04] [70/455] MERM
[23:15:05] [71/455] PVMS
[23:15:06] [72/455] CIGK
[23:15:07] [73/455] INSG
[23:15:08] [74/455] IDEN
[23:15:10] [75/455] MCGN
[23:15:11] [76/455] IGAM
[23:15:11] [77/455] SLCU
[23:15:12] [78/455] MIMU
[23:15:13] [79/455] QLAC
[23:15:14] 🔄 Identity reset
[23:15:14] 🔄 Identity rotated (every 10 requests)
[23:15:15] [80/455] MENL
[23:15:17] [81/455] SCUR
[23:15:18] [82/455] MDGD
[23:15:19] [83/455] LSRS
[23:15:20] [84/455] KMLG
[23:15:21] [85/455] MKLJ
[23:15:22] [86/455] IBYG
[23:15:23] [87/455] ISML
[23:15:23] [88/455] MJMM
[23:15:24] [89/455] RCGD
[23:15:25] 🔄 Identity reset
[23:15:25] 🔄 Identity rotated (every 10 requests)
[23:15:25] 🔄 Retry 1/5 for RCGD in 2.3s
[23:15:25] 🔄 Identity reset
[23:15:28] 🧠 New identity created
[23:15:28] [90/455] MMOC
[23:15:29] [91/455] RRCO
[23:15:29] [92/455] MEDM
[23:15:30] [93/455] MCAZ
[23:15:31] [94/455] STWA
[23:15:32] [95/455] PFFG
[23:15:33] [96/455] GAGC
[23:15:34] [97/455] PMPM
[23:15:34] [98/455] HVCD
[23:15:35] 🔄 Identity reset
[23:15:35] 🔄 Identity rotated (every 10 requests)
[23:15:35] [99/455] AKRF
[23:15:36] [100/455] AKRC
[23:15:37] [101/455] MIDA
[23:15:39] [102/455] MAGX
[23:15:40] [103/455] ESOS
[23:15:41] [104/455] BBCL
[23:15:42] [105/455] LYAS
[23:15:43] [106/455] NRMS
[23:15:44] [107/455] BHUC
[23:15:45] [108/455] SRIC
[23:15:45] 🔄 Identity reset
[23:15:45] 🔄 Identity rotated (every 10 requests)
[23:15:45] [109/455] PDME
[23:15:46] [110/455] MJCS
[23:15:47] [111/455] NRAA
[23:15:48] [112/455] VATA
[23:15:49] [113/455] MNKC
[23:15:50] [114/455] DHCL
[23:15:51] [115/455] JCPC
[23:15:51] [116/455] CTML
[23:15:52] [117/455] RMMR
[23:15:53] [118/455] STTL
[23:15:54] 🔄 Identity reset
[23:15:54] 🔄 Identity rotated (every 10 requests)
[23:15:54] [119/455] CNPS
[23:15:55] [120/455] ACKL
[23:15:56] [121/455] SCAU
[23:15:56] [122/455] RMIA
[23:15:57] [123/455] MANU
[23:15:59] [124/455] ARDC
[23:16:01] [125/455] GLDA
[23:16:03] [126/455] KVSW
[23:16:04] [127/455] CGCA
[23:16:05] [128/455] CMLO
[23:16:05] 🔄 Identity reset
[23:16:05] 🔄 Identity rotated (every 10 requests)
[23:16:06] [129/455] CECB
[23:16:07] [130/455] RCPN
[23:16:08] [131/455] ASMW
[23:16:08] [132/455] PWLM
[23:16:09] [133/455] ASGM
[23:16:10] [134/455] ACWH
[23:16:11] [135/455] AAPW
[23:16:12] [136/455] RTWA
[23:16:14] [137/455] RAMW
[23:16:15] [138/455] VKTR
[23:16:15] 🔄 Identity reset
[23:16:15] 🔄 Identity rotated (every 10 requests)
[23:16:15] [139/455] SMBH
[23:16:16] [140/455] BVDR
[23:16:18] [141/455] MRTP
[23:16:19] [142/455] BLBR
[23:16:20] [143/455] LPIN
[23:16:21] [144/455] SNPC
[23:16:22] [145/455] PDCB
[23:16:23] [146/455] DYPK
[23:16:24] [147/455] INMK
[23:16:26] [148/455] PDCK
[23:16:27] 🔄 Identity reset
[23:16:27] 🔄 Identity rotated (every 10 requests)
[23:16:27] [149/455] PCKR
[23:16:28] [150/455] SHUA
[23:16:29] [151/455] SCVK
[23:16:30] [152/455] STPA
[23:16:31] [153/455] WVHD
[23:16:32] [154/455] MRCH
[23:16:33] [155/455] MCNP
[23:16:34] [156/455] RCAG
[23:16:36] [157/455] JTSN
[23:16:37] [158/455] AANS
[23:16:37] 🔄 Identity reset
[23:16:37] 🔄 Identity rotated (every 10 requests)
[23:16:37] 🔄 Retry 1/5 for AANS in 2.0s
[23:16:37] 🔄 Identity reset
[23:16:39] 🧠 New identity created
[23:16:39] 🔄 Retry 2/5 for AANS in 4.5s
[23:16:39] 🔄 Identity reset
[23:16:44] 🧠 New identity created
[23:16:44] [159/455] GDDR
[23:16:45] [160/455] SRER
[23:16:46] [161/455] JKMA
[23:16:47] [162/455] ARAN
[23:16:48] [163/455] ALCT
[23:16:49] [164/455] CCTA
[23:16:50] [165/455] CNCT
[23:16:51] [166/455] NZBL
[23:16:52] 🔄 Identity reset
[23:16:52] 🔄 Identity rotated (every 10 requests)
[23:16:52] [167/455] SRRA
[23:16:53] [168/455] SVPW
[23:16:53] [169/455] SRTW
[23:16:54] [170/455] XMTD
[23:16:55] [171/455] SCCZ
[23:16:56] [172/455] PBCR
[23:16:57] [173/455] RTSC
[23:16:59] [174/455] TLSV
[23:17:00] [175/455] RMTK
[23:17:01] [176/455] SRAT
[23:17:01] 🔄 Identity reset
[23:17:01] 🔄 Identity rotated (every 10 requests)
[23:17:02] [177/455] GCYC
[23:17:03] [178/455] HCAJ
[23:17:04] [179/455] LCXA
[23:17:04] [180/455] BINT
[23:17:05] [181/455] IXIM
[23:17:07] [182/455] MBCR
[23:17:08] [183/455] BMCJ
[23:17:09] [184/455] NICJ
[23:17:10] [185/455] SCAJ
[23:17:11] [186/455] CMXS
[23:17:12] 🔄 Identity reset
[23:17:12] 🔄 Identity rotated (every 10 requests)
[23:17:12] [187/455] MMSR
[23:17:13] [188/455] PRKT
[23:17:14] [189/455] LPTH
[23:17:15] [190/455] SARP
[23:17:16] [191/455] MNPP
[23:17:17] [192/455] PRLR
[23:17:18] [193/455] RCMW
[23:17:19] [194/455] FCMG
[23:17:20] [195/455] RTNK
[23:17:21] [196/455] LRCP
[23:17:21] 🔄 Identity reset
[23:17:21] 🔄 Identity rotated (every 10 requests)
[23:17:22] [197/455] DBJR
[23:17:23] [198/455] CACN
[23:17:24] [199/455] AMRL
[23:17:25] [200/455] SBBC
[23:17:26] [201/455] VENN
[23:17:26] [202/455] STSS
[23:17:27] [203/455] SMRB
[23:17:28] [204/455] CCMX
[23:17:29] [205/455] KCMR
[23:17:30] [206/455] SALH
[23:17:31] 🔄 Identity reset
[23:17:31] 🔄 Identity rotated (every 10 requests)
[23:17:31] [207/455] CGTT
[23:17:32] [208/455] PMDR
[23:17:33] [209/455] VCPM
[23:17:34] [210/455] RZMX
[23:17:36] [211/455] TMSY
[23:17:36] [212/455] NTMS
[23:17:37] [213/455] VTAG
[23:17:38] [214/455] REMA
[23:17:40] [215/455] NXCC
[23:17:41] [216/455] SKYM
[23:17:42] 🔄 Identity reset
[23:17:42] 🔄 Identity rotated (every 10 requests)
[23:17:42] [217/455] CCMO
[23:17:44] [218/455] DMXM
[23:17:45] [219/455] SPPM
[23:17:46] [220/455] PTKL
[23:17:47] [221/455] SLVO
[23:17:48] [222/455] VASL
[23:17:49] [223/455] CBCM
[23:17:50] [224/455] STMA
[23:17:51] [225/455] LASK
[23:17:52] [226/455] VITE
[23:17:52] 🔄 Identity reset
[23:17:52] 🔄 Identity rotated (every 10 requests)
[23:17:52] [227/455] AAST
[23:17:54] [228/455] JTPT
[23:17:55] [229/455] RRSH
[23:17:56] [230/455] CINL
[23:17:56] [231/455] MCSR
[23:17:57] [232/455] SBCF
[23:17:58] [233/455] GCDU
[23:18:00] [234/455] PSPR
[23:18:01] [235/455] IMMO
[23:18:02] [236/455] CLGM
[23:18:03] 🔄 Identity reset
[23:18:03] 🔄 Identity rotated (every 10 requests)
[23:18:03] [237/455] PBMM
[23:18:04] [238/455] CEHR
[23:18:05] [239/455] CPOE
[23:18:06] [240/455] PGFD
[23:18:07] [241/455] PSLC
[23:18:08] [242/455] MSMD
[23:18:09] [243/455] FMFB
[23:18:10] [244/455] RKCL
[23:18:11] [245/455] PMMC
[23:18:12] [246/455] SKMM
[23:18:12] 🔄 Identity reset
[23:18:12] 🔄 Identity rotated (every 10 requests)
[23:18:12] 🔄 Retry 1/5 for SKMM in 2.1s
[23:18:12] 🔄 Identity reset
[23:18:14] 🧠 New identity created
[23:18:15] 🔄 Retry 2/5 for SKMM in 4.5s
[23:18:15] 🔄 Identity reset
[23:18:19] 🧠 New identity created
[23:18:20] [247/455] VOIB
[23:18:21] [248/455] KINO
[23:18:22] [249/455] VCTP
[23:18:23] [250/455] PDWR
[23:18:24] [251/455] SAED
[23:18:26] [252/455] SRRT
[23:18:27] [253/455] CVLG
[23:18:28] [254/455] SNGN
[23:18:28] 🔄 Identity reset
[23:18:28] 🔄 Identity rotated (every 10 requests)
[23:18:29] [255/455] SIDA
[23:18:30] [256/455] IMCB
[23:18:32] [257/455] SMHP
[23:18:33] [258/455] GDTY
[23:18:34] [259/455] VYCH
[23:18:35] [260/455] PDYA
[23:18:36] [261/455] RKDO
[23:18:36] [262/455] VECG
[23:18:37] [263/455] NFGD
[23:18:38] [264/455] SNDC
[23:18:39] 🔄 Identity reset
[23:18:39] 🔄 Identity rotated (every 10 requests)
[23:18:39] [265/455] SDJH
[23:18:40] [266/455] HASV
[23:18:41] [267/455] PTYK
[23:18:42] [268/455] MUTB
[23:18:43] [269/455] AMRT
[23:18:44] [270/455] VACD
[23:18:45] [271/455] SKDD
[23:18:46] [272/455] STGR
[23:18:47] [273/455] GDAK
[23:18:48] [274/455] SKHK
[23:18:48] 🔄 Identity reset
[23:18:48] 🔄 Identity rotated (every 10 requests)
[23:18:48] 🔄 Retry 1/5 for SKHK in 2.6s
[23:18:48] 🔄 Identity reset
[23:18:51] 🧠 New identity created
[23:18:51] [275/455] SLND
[23:18:52] [276/455] APAP
[23:18:53] [277/455] AYYA
[23:18:54] [278/455] VCCZ
[23:18:55] [279/455] MEML
[23:18:56] [280/455] MAOU
[23:18:57] [281/455] ESND
[23:18:58] [282/455] PTBZ
[23:18:59] [283/455] LBCN
[23:18:59] 🔄 Identity reset
[23:18:59] 🔄 Identity rotated (every 10 requests)
[23:19:00] 🔄 Retry 1/5 for LBCN in 2.6s
[23:19:00] 🔄 Identity reset
[23:19:02] 🧠 New identity created
[23:19:03] [284/455] PAWA
[23:19:04] [285/455] ZEIC
[23:19:05] [286/455] CGMM
[23:19:05] [287/455] PJPM
[23:19:06] [288/455] ECMR
[23:19:07] [289/455] SHMZ
[23:19:08] [290/455] STCA
[23:19:09] [291/455] VDRC
[23:19:10] [292/455] SEEM
[23:19:11] 🔄 Identity reset
[23:19:11] 🔄 Identity rotated (every 10 requests)
[23:19:11] 🔄 Retry 1/5 for SEEM in 2.3s
[23:19:11] 🔄 Identity reset
[23:19:13] 🧠 New identity created
[23:19:14] [293/455] MKNS
[23:19:15] [294/455] KPPP
[23:19:16] [295/455] CCML
[23:19:17] [296/455] CIBA
[23:19:18] [297/455] NACS
[23:19:19] [298/455] CTMK
[23:19:20] [299/455] CTCT
[23:19:21] [300/455] MCSN
[23:19:21] [301/455] MAXX
[23:19:22] 🔄 Identity reset
[23:19:22] 🔄 Identity rotated (every 10 requests)
[23:19:22] [302/455] MECB
[23:19:23] [303/455] NTBY
[23:19:24] [304/455] UTBI
[23:19:25] [305/455] RADK
[23:19:26] [306/455] STBY
[23:19:27] [307/455] GTBY
[23:19:28] [308/455] RRMB
[23:19:29] [309/455] ABRN
[23:19:30] [310/455] GTSG
[23:19:31] [311/455] GBTG
[23:19:31] 🔄 Identity reset
[23:19:31] 🔄 Identity rotated (every 10 requests)
[23:19:31] 🔄 Retry 1/5 for GBTG in 2.3s
[23:19:31] 🔄 Identity reset
[23:19:34] 🧠 New identity created
[23:19:34] 🔄 Retry 2/5 for GBTG in 4.5s
[23:19:34] 🔄 Identity reset
[23:19:38] 🧠 New identity created
[23:19:39] [312/455] SBGS
[23:19:39] [313/455] KBPM
[23:19:40] [314/455] SMHT
[23:19:41] [315/455] VTDM
[23:19:42] [316/455] ASCT
[23:19:43] [317/455] AWCT
[23:19:44] [318/455] DCCU
[23:19:45] [319/455] PSCE
[23:19:45] 🔄 Identity reset
[23:19:45] 🔄 Identity rotated (every 10 requests)
[23:19:46] [320/455] KSNY
[23:19:46] [321/455] ACID
[23:19:47] [322/455] LVCD
[23:19:48] [323/455] KSSB
[23:19:50] [324/455] SWTD
[23:19:51] [325/455] RBMR
[23:19:52] [326/455] SCBC
[23:19:53] [327/455] RKME
[23:19:53] [328/455] GALX
[23:19:55] [329/455] GCCH
[23:19:55] 🔄 Identity reset
[23:19:56] 🔄 Identity rotated (every 10 requests)
[23:19:56] [330/455] RATR
[23:19:57] [331/455] GTGA
[23:19:58] [332/455] LTTR
[23:19:59] [333/455] TTAA
[23:20:00] [334/455] TVHP
[23:20:01] [335/455] KVCS
[23:20:02] [336/455] CBMC
[23:20:03] [337/455] MAYJ
[23:20:04] [338/455] INPR
[23:20:04] [339/455] RSSC
[23:20:05] 🔄 Identity reset
[23:20:05] 🔄 Identity rotated (every 10 requests)
[23:20:05] [340/455] PCAN
[23:20:06] [341/455] PVHR
[23:20:07] [342/455] AGSM
[23:20:08] [343/455] PVES
[23:20:09] [344/455] INTO
[23:20:10] [345/455] ACON
[23:20:11] [346/455] PVPZ
[23:20:12] [347/455] PVHC
[23:20:13] [348/455] KSTK
[23:20:14] [349/455] PVSR
[23:20:14] 🔄 Identity reset
[23:20:14] 🔄 Identity rotated (every 10 requests)
[23:20:15] [350/455] ACTN
[23:20:15] [351/455] FMCN
[23:20:16] [352/455] PABC
[23:20:17] [353/455] SUTC
[23:20:18] [354/455] PGMV
[23:20:19] [355/455] GKCP
[23:20:20] [356/455] INCH
[23:20:21] [357/455] MLMT
[23:20:22] [358/455] SSCC
[23:20:23] [359/455] SLMP
[23:20:23] 🔄 Identity reset
[23:20:23] 🔄 Identity rotated (every 10 requests)
[23:20:24] [360/455] VVTN
[23:20:25] [361/455] SBTR
[23:20:26] [362/455] PGRA
[23:20:27] [363/455] PBRM
[23:20:28] [364/455] GCRP
[23:20:29] [365/455] MCSK
[23:20:29] [366/455] NLTC
[23:20:31] [367/455] MTLM
[23:20:33] [368/455] VECT
[23:20:34] [369/455] KMRM
[23:20:35] 🔄 Identity reset
[23:20:35] 🔄 Identity rotated (every 10 requests)
[23:20:35] [370/455] RACM
[23:20:36] [371/455] WSTC
[23:20:37] [372/455] PVTJ
[23:20:38] [373/455] MMKC
[23:20:38] [374/455] SVWT
[23:20:39] [375/455] JOTG
[23:20:40] [376/455] VCDK
[23:20:41] [377/455] ANAC
[23:20:42] [378/455] GRTC
[23:20:43] [379/455] JTPL
[23:20:44] 🔄 Identity reset
[23:20:44] 🔄 Identity rotated (every 10 requests)
[23:20:45] [380/455] VRCP
[23:20:46] [381/455] REMC
[23:20:46] [382/455] ATMG
[23:20:47] [383/455] GAHC
[23:20:48] [384/455] JTMV
[23:20:49] [385/455] OMTT
[23:20:50] [386/455] GKKC
[23:20:51] [387/455] BBPO
[23:20:52] [388/455] ZCBB
[23:20:53] [389/455] DCGO
[23:20:54] 🔄 Identity reset
[23:20:54] 🔄 Identity rotated (every 10 requests)
[23:20:54] [390/455] STOP
[23:20:56] [391/455] BSPC
[23:20:56] [392/455] SOND
[23:20:57] [393/455] GCKG
[23:20:58] [394/455] PCDB
[23:20:59] [395/455] PGRC
[23:21:00] [396/455] CSCT
[23:21:02] [397/455] STDA
[23:21:03] [398/455] JAYD
[23:21:04] [399/455] PPPD
[23:21:04] 🔄 Identity reset
[23:21:04] 🔄 Identity rotated (every 10 requests)
[23:21:05] [400/455] KRTT
[23:21:06] [401/455] PTDT
[23:21:06] [402/455] TRSV
[23:21:07] [403/455] VELR
[23:21:08] [404/455] STDT
[23:21:09] [405/455] SATT
[23:21:10] [406/455] KCPM
[23:21:11] [407/455] MFCP
[23:21:12] [408/455] AXMP
[23:21:13] [409/455] LTVB
[23:21:13] 🔄 Identity reset
[23:21:13] 🔄 Identity rotated (every 10 requests)
[23:21:13] 🔄 Retry 1/5 for LTVB in 2.7s
[23:21:13] 🔄 Identity reset
[23:21:16] 🧠 New identity created
[23:21:16] 🔄 Retry 2/5 for LTVB in 4.7s
[23:21:16] 🔄 Identity reset
[23:21:21] 🧠 New identity created
[23:21:21] [410/455] APST
[23:21:22] [411/455] DTVP
[23:21:23] [412/455] AAVB
[23:21:24] [413/455] PMBL
[23:21:26] [414/455] STKC
[23:21:27] [415/455] KKMA
[23:21:28] [416/455] NMXS
[23:21:29] [417/455] DECX
[23:21:29] 🔄 Identity reset
[23:21:29] 🔄 Identity rotated (every 10 requests)
[23:21:30] [418/455] MAPJ
[23:21:31] [419/455] SMLK
[23:21:31] [420/455] PMPU
[23:21:32] [421/455] AFST
[23:21:33] [422/455] SRSY
[23:21:34] [423/455] RMKT
[23:21:35] [424/455] RAJX
[23:21:36] [425/455] UVCD
[23:21:37] [426/455] LISA
[23:21:38] [427/455] LMSR
[23:21:38] 🔄 Identity reset
[23:21:38] 🔄 Identity rotated (every 10 requests)
[23:21:39] [428/455] PMCA
[23:21:40] [429/455] INPO
[23:21:42] [430/455] INGO
[23:21:43] [431/455] HFSQ
[23:21:44] [432/455] INMG
[23:21:44] [433/455] NYCP
[23:21:46] [434/455] HFSV
[23:21:47] [435/455] MMZP
[23:21:48] [436/455] KSES
[23:21:49] [437/455] HFSA
[23:21:50] 🔄 Identity reset
[23:21:50] 🔄 Identity rotated (every 10 requests)
[23:21:50] [438/455] ACMM
[23:21:51] [439/455] RCKD
[23:21:52] [440/455] BCKR
[23:21:53] [441/455] SFCO
[23:21:54] [442/455] JCCB
[23:21:55] [443/455] BCCR
[23:21:56] [444/455] NWCB
[23:21:57] [445/455] SAMT
[23:21:58] [446/455] TMST
[23:21:59] [447/455] SJCN
[23:21:59] 🔄 Identity reset
[23:21:59] 🔄 Identity rotated (every 10 requests)
[23:21:59] 🔄 Retry 1/5 for SJCN in 2.1s
[23:21:59] 🔄 Identity reset
[23:22:02] 🧠 New identity created
[23:22:02] [448/455] MCBS
[23:22:04] [449/455] CMKR
[23:22:04] [450/455] INPM
[23:22:05] [451/455] WVMT
[23:22:06] [452/455] NYSM
[23:22:07] [453/455] RCMA
[23:22:08] [454/455] RECM
[23:22:09] [455/455] CYCM
[23:22:10] 🧹 Deduping shows
[23:22:10] ✅ DONE | Shows=4845 | Movies=89
[09:31:44] 🚀 SCRIPT STARTED
[09:31:44] [1/455] MXGN
[09:31:44] 🧠 New identity created
[09:31:45] [2/455] PGGM
[09:31:46] [3/455] IPMJ
[09:31:47] [4/455] M2PP
[09:31:47] [5/455] PMMS
[09:31:48] [6/455] SCJN
[09:31:49] [7/455] CPUM
[09:31:50] [8/455] SCND
[09:31:51] [9/455] INWM
[09:31:52] [10/455] DVDC
[09:31:52] 🔄 Identity reset
[09:31:52] 🔄 Identity rotated (every 10 requests)
[09:31:53] [11/455] WVND
[09:31:54] [12/455] LBDL
[09:31:55] [13/455] CRGM
[09:31:56] [14/455] PVKS
[09:31:57] [15/455] PBLL
[09:31:58] [16/455] FNLN
[09:31:59] [17/455] PPDA
[09:31:59] [18/455] SCPT
[09:32:01] [19/455] IAJS
[09:32:01] [20/455] MMZG
[09:32:01] 🔄 Identity reset
[09:32:01] 🔄 Identity rotated (every 10 requests)
[09:32:01] 🔄 Retry 1/5 for MMZG in 2.0s
[09:32:01] 🔄 Identity reset
[09:32:03] 🧠 New identity created
[09:32:04] [21/455] MCTI
[09:32:05] [22/455] PPMF
[09:32:06] [23/455] FNSD
[09:32:07] [24/455] M2RH
[09:32:08] [25/455] CPGV
[09:32:09] [26/455] PECD
[09:32:10] [27/455] CTEE
[09:32:10] [28/455] IOMG
[09:32:11] [29/455] CIJA
[09:32:11] 🔄 Identity reset
[09:32:11] 🔄 Identity rotated (every 10 requests)
[09:32:12] [30/455] NYCG
[09:32:13] [31/455] CEST
[09:32:14] [32/455] WVRG
[09:32:15] [33/455] DPDC
[09:32:15] [34/455] PDIV
[09:32:16] [35/455] MTPP
[09:32:18] [36/455] MHNU
[09:32:19] [37/455] WUPG
[09:32:20] [38/455] USCO
[09:32:21] [39/455] INFR
[09:32:21] 🔄 Identity reset
[09:32:21] 🔄 Identity rotated (every 10 requests)
[09:32:21] 🔄 Retry 1/5 for INFR in 2.3s
[09:32:21] 🔄 Identity reset
[09:32:23] 🧠 New identity created
[09:32:23] 🔄 Retry 2/5 for INFR in 4.2s
[09:32:23] 🔄 Identity reset
[09:32:28] 🧠 New identity created
[09:32:29] [40/455] PVPD
[09:32:32] [41/455] RONC
[09:32:33] [42/455] IOCP
[09:32:34] [43/455] EMPS
[09:32:35] [44/455] PNAD
[09:32:36] [45/455] VVGZ
[09:32:37] [46/455] MDDC
[09:32:38] [47/455] MMAP
[09:32:38] 🔄 Identity reset
[09:32:38] 🔄 Identity rotated (every 10 requests)
[09:32:39] [48/455] GPDC
[09:32:40] [49/455] PVPU
[09:32:41] [50/455] DCMV
[09:32:42] [51/455] PCCF
[09:32:43] [52/455] MCEF
[09:32:44] [53/455] INRD
[09:32:44] [54/455] CCPZ
[09:32:45] [55/455] BCWG
[09:32:46] [56/455] PMGU
[09:32:47] [57/455] MCVM
[09:32:47] 🔄 Identity reset
[09:32:47] 🔄 Identity rotated (every 10 requests)
[09:32:48] [58/455] MCDE
[09:32:49] [59/455] IEFM
[09:32:50] [60/455] MXCS
[09:32:51] [61/455] RNMT
[09:32:52] [62/455] PSDD
[09:32:53] [63/455] PETA
[09:32:54] [64/455] IZOP
[09:32:55] [65/455] PDEI
[09:32:56] [66/455] MTND
[09:32:56] [67/455] PCPL
[09:32:56] 🔄 Identity reset
[09:32:56] 🔄 Identity rotated (every 10 requests)
[09:32:57] [68/455] LSCM
[09:32:58] [69/455] BTFD
[09:32:59] [70/455] MERM
[09:33:00] [71/455] PVMS
[09:33:01] [72/455] CIGK
[09:33:01] [73/455] INSG
[09:33:02] [74/455] IDEN
[09:33:03] [75/455] MCGN
[09:33:04] [76/455] IGAM
[09:33:05] [77/455] SLCU
[09:33:05] 🔄 Identity reset
[09:33:05] 🔄 Identity rotated (every 10 requests)
[09:33:05] 🔄 Retry 1/5 for SLCU in 2.9s
[09:33:05] 🔄 Identity reset
[09:33:08] 🧠 New identity created
[09:33:09] [78/455] MIMU
[09:33:10] [79/455] QLAC
[09:33:11] [80/455] MENL
[09:33:12] [81/455] SCUR
[09:33:13] [82/455] MDGD
[09:33:14] [83/455] LSRS
[09:33:14] [84/455] KMLG
[09:33:15] [85/455] MKLJ
[09:33:16] [86/455] IBYG
[09:33:16] 🔄 Identity reset
[09:33:16] 🔄 Identity rotated (every 10 requests)
[09:33:17] [87/455] ISML
[09:33:18] [88/455] MJMM
[09:33:20] [89/455] RCGD
[09:33:21] [90/455] MMOC
[09:33:21] [91/455] RRCO
[09:33:22] [92/455] MEDM
[09:33:23] [93/455] MCAZ
[09:33:24] [94/455] STWA
[09:33:26] [95/455] PFFG
[09:33:27] [96/455] GAGC
[09:33:27] 🔄 Identity reset
[09:33:27] 🔄 Identity rotated (every 10 requests)
[09:33:28] [97/455] PMPM
[09:33:29] [98/455] HVCD
[09:33:30] [99/455] AKRF
[09:33:30] [100/455] AKRC
[09:33:31] [101/455] MIDA
[09:33:32] [102/455] MAGX
[09:33:33] [103/455] ESOS
[09:33:34] [104/455] BBCL
[09:33:35] [105/455] LYAS
[09:33:35] [106/455] NRMS
[09:33:35] 🔄 Identity reset
[09:33:35] 🔄 Identity rotated (every 10 requests)
[09:33:36] [107/455] BHUC
[09:33:37] [108/455] SRIC
[09:33:38] [109/455] PDME
[09:33:39] [110/455] MJCS
[09:33:40] [111/455] NRAA
[09:33:41] [112/455] VATA
[09:33:42] [113/455] MNKC
[09:33:43] [114/455] DHCL
[09:33:44] [115/455] JCPC
[09:33:45] [116/455] CTML
[09:33:45] 🔄 Identity reset
[09:33:45] 🔄 Identity rotated (every 10 requests)
[09:33:45] [117/455] RMMR
[09:33:46] [118/455] STTL
[09:33:47] [119/455] CNPS
[09:33:48] [120/455] ACKL
[09:33:49] [121/455] SCAU
[09:33:50] [122/455] RMIA
[09:33:51] [123/455] MANU
[09:33:52] [124/455] ARDC
[09:33:53] [125/455] GLDA
[09:33:53] [126/455] KVSW
[09:33:53] 🔄 Identity reset
[09:33:53] 🔄 Identity rotated (every 10 requests)
[09:33:54] [127/455] CGCA
[09:33:55] [128/455] CMLO
[09:33:56] [129/455] CECB
[09:33:57] [130/455] RCPN
[09:33:58] [131/455] ASMW
[09:33:58] [132/455] PWLM
[09:33:59] [133/455] ASGM
[09:34:00] [134/455] ACWH
[09:34:01] [135/455] AAPW
[09:34:01] [136/455] RTWA
[09:34:01] 🔄 Identity reset
[09:34:01] 🔄 Identity rotated (every 10 requests)
[09:34:03] [137/455] RAMW
[09:34:03] [138/455] VKTR
[09:34:04] [139/455] SMBH
[09:34:05] [140/455] BVDR
[09:34:06] [141/455] MRTP
[09:34:06] [142/455] BLBR
[09:34:07] [143/455] LPIN
[09:34:08] [144/455] SNPC
[09:34:09] [145/455] PDCB
[09:34:10] [146/455] DYPK
[09:34:10] 🔄 Identity reset
[09:34:10] 🔄 Identity rotated (every 10 requests)
[09:34:11] [147/455] INMK
[09:34:12] [148/455] PDCK
[09:34:13] [149/455] PCKR
[09:34:13] [150/455] SHUA
[09:34:14] [151/455] SCVK
[09:34:15] [152/455] STPA
[09:34:16] [153/455] WVHD
[09:34:17] [154/455] MRCH
[09:34:18] [155/455] MCNP
[09:34:19] [156/455] RCAG
[09:34:19] 🔄 Identity reset
[09:34:19] 🔄 Identity rotated (every 10 requests)
[09:34:19] 🔄 Retry 1/5 for RCAG in 2.2s
[09:34:19] 🔄 Identity reset
[09:34:21] 🧠 New identity created
[09:34:21] 🔄 Retry 2/5 for RCAG in 4.7s
[09:34:21] 🔄 Identity reset
[09:34:26] 🧠 New identity created
[09:34:27] [157/455] JTSN
[09:34:28] [158/455] AANS
[09:34:28] [159/455] GDDR
[09:34:29] [160/455] SRER
[09:34:30] [161/455] JKMA
[09:34:31] [162/455] ARAN
[09:34:32] [163/455] ALCT
[09:34:33] [164/455] CCTA
[09:34:33] 🔄 Identity reset
[09:34:33] 🔄 Identity rotated (every 10 requests)
[09:34:34] [165/455] CNCT
[09:34:34] [166/455] NZBL
[09:34:35] [167/455] SRRA
[09:34:36] [168/455] SVPW
[09:34:37] [169/455] SRTW
[09:34:38] [170/455] XMTD
[09:34:39] [171/455] SCCZ
[09:34:40] [172/455] PBCR
[09:34:41] [173/455] RTSC
[09:34:42] [174/455] TLSV
[09:34:42] 🔄 Identity reset
[09:34:42] 🔄 Identity rotated (every 10 requests)
[09:34:42] 🔄 Retry 1/5 for TLSV in 2.7s
[09:34:42] 🔄 Identity reset
[09:34:44] 🧠 New identity created
[09:34:44] 🔄 Retry 2/5 for TLSV in 4.1s
[09:34:44] 🔄 Identity reset
[09:34:49] 🧠 New identity created
[09:34:49] 🔄 Retry 3/5 for TLSV in 8.9s
[09:34:49] 🔄 Identity reset
[09:34:58] 🧠 New identity created
[09:34:58] [175/455] RMTK
[09:34:59] [176/455] SRAT
[09:35:00] [177/455] GCYC
[09:35:00] [178/455] HCAJ
[09:35:01] [179/455] LCXA
[09:35:02] [180/455] BINT
[09:35:03] [181/455] IXIM
[09:35:03] 🔄 Identity reset
[09:35:03] 🔄 Identity rotated (every 10 requests)
[09:35:04] [182/455] MBCR
[09:35:04] [183/455] BMCJ
[09:35:06] [184/455] NICJ
[09:35:07] [185/455] SCAJ
[09:35:07] [186/455] CMXS
[09:35:08] [187/455] MMSR
[09:35:09] [188/455] PRKT
[09:35:10] [189/455] LPTH
[09:35:11] [190/455] SARP
[09:35:11] [191/455] MNPP
[09:35:11] 🔄 Identity reset
[09:35:11] 🔄 Identity rotated (every 10 requests)
[09:35:12] [192/455] PRLR
[09:35:13] [193/455] RCMW
[09:35:14] [194/455] FCMG
[09:35:15] [195/455] RTNK
[09:35:15] [196/455] LRCP
[09:35:16] [197/455] DBJR
[09:35:17] [198/455] CACN
[09:35:18] [199/455] AMRL
[09:35:18] [200/455] SBBC
[09:35:19] [201/455] VENN
[09:35:19] 🔄 Identity reset
[09:35:19] 🔄 Identity rotated (every 10 requests)
[09:35:20] [202/455] STSS
[09:35:22] [203/455] SMRB
[09:35:22] [204/455] CCMX
[09:35:23] [205/455] KCMR
[09:35:24] [206/455] SALH
[09:35:25] [207/455] CGTT
[09:35:26] [208/455] PMDR
[09:35:27] [209/455] VCPM
[09:35:28] [210/455] RZMX
[09:35:28] [211/455] TMSY
[09:35:28] 🔄 Identity reset
[09:35:28] 🔄 Identity rotated (every 10 requests)
[09:35:29] 🔄 Retry 1/5 for TMSY in 2.6s
[09:35:29] 🔄 Identity reset
[09:35:31] 🧠 New identity created
[09:35:31] 🔄 Retry 2/5 for TMSY in 4.1s
[09:35:31] 🔄 Identity reset
[09:35:35] 🧠 New identity created
[09:35:36] [212/455] NTMS
[09:35:37] [213/455] VTAG
[09:35:37] [214/455] REMA
[09:35:38] [215/455] NXCC
[09:35:38] [216/455] SKYM
[09:35:39] [217/455] CCMO
[09:35:40] [218/455] DMXM
[09:35:40] [219/455] SPPM
[09:35:40] 🔄 Identity reset
[09:35:40] 🔄 Identity rotated (every 10 requests)
[09:35:41] [220/455] PTKL
[09:35:41] [221/455] SLVO
[09:35:42] [222/455] VASL
[09:35:43] [223/455] CBCM
[09:35:43] [224/455] STMA
[09:35:44] [225/455] LASK
[09:35:45] [226/455] VITE
[09:35:46] [227/455] AAST
[09:35:46] [228/455] JTPT
[09:35:47] [229/455] RRSH
[09:35:47] 🔄 Identity reset
[09:35:47] 🔄 Identity rotated (every 10 requests)
[09:35:47] 🔄 Retry 1/5 for RRSH in 3.0s
[09:35:47] 🔄 Identity reset
[09:35:50] 🧠 New identity created
[09:35:51] [230/455] CINL
[09:35:52] [231/455] MCSR
[09:35:52] [232/455] SBCF
[09:35:53] [233/455] GCDU
[09:35:53] [234/455] PSPR
[09:35:54] [235/455] IMMO
[09:35:55] [236/455] CLGM
[09:35:55] [237/455] PBMM
[09:35:56] [238/455] CEHR
[09:35:56] 🔄 Identity reset
[09:35:56] 🔄 Identity rotated (every 10 requests)
[09:35:56] [239/455] CPOE
[09:35:57] [240/455] PGFD
[09:35:58] [241/455] PSLC
[09:35:59] [242/455] MSMD
[09:35:59] [243/455] FMFB
[09:36:00] [244/455] RKCL
[09:36:00] [245/455] PMMC
[09:36:01] [246/455] SKMM
[09:36:02] [247/455] VOIB
[09:36:02] [248/455] KINO
[09:36:02] 🔄 Identity reset
[09:36:02] 🔄 Identity rotated (every 10 requests)
[09:36:03] 🔄 Retry 1/5 for KINO in 2.8s
[09:36:03] 🔄 Identity reset
[09:36:05] 🧠 New identity created
[09:36:05] 🔄 Retry 2/5 for KINO in 4.2s
[09:36:05] 🔄 Identity reset
[09:36:10] 🧠 New identity created
[09:36:10] 🔄 Retry 3/5 for KINO in 8.6s
[09:36:10] 🔄 Identity reset
[09:36:18] 🧠 New identity created
[09:36:19] [249/455] VCTP
[09:36:19] [250/455] PDWR
[09:36:20] [251/455] SAED
[09:36:21] [252/455] SRRT
[09:36:21] [253/455] CVLG
[09:36:22] [254/455] SNGN
[09:36:23] [255/455] SIDA
[09:36:23] 🔄 Identity reset
[09:36:23] 🔄 Identity rotated (every 10 requests)
[09:36:24] [256/455] IMCB
[09:36:24] [257/455] SMHP
[09:36:25] [258/455] GDTY
[09:36:25] [259/455] VYCH
[09:36:26] [260/455] PDYA
[09:36:27] [261/455] RKDO
[09:36:27] [262/455] VECG
[09:36:28] [263/455] NFGD
[09:36:29] [264/455] SNDC
[09:36:29] [265/455] SDJH
[09:36:29] 🔄 Identity reset
[09:36:29] 🔄 Identity rotated (every 10 requests)
[09:36:30] 🔄 Retry 1/5 for SDJH in 2.9s
[09:36:30] 🔄 Identity reset
[09:36:32] 🧠 New identity created
[09:36:33] [266/455] HASV
[09:36:34] [267/455] PTYK
[09:36:35] [268/455] MUTB
[09:36:35] [269/455] AMRT
[09:36:36] [270/455] VACD
[09:36:36] [271/455] SKDD
[09:36:37] [272/455] STGR
[09:36:37] [273/455] GDAK
[09:36:38] [274/455] SKHK
[09:36:38] 🔄 Identity reset
[09:36:38] 🔄 Identity rotated (every 10 requests)
[09:36:39] [275/455] SLND
[09:36:39] [276/455] APAP
[09:36:40] [277/455] AYYA
[09:36:41] [278/455] VCCZ
[09:36:41] [279/455] MEML
[09:36:42] [280/455] MAOU
[09:36:43] [281/455] ESND
[09:36:43] [282/455] PTBZ
[09:36:44] [283/455] LBCN
[09:36:44] [284/455] PAWA
[09:36:44] 🔄 Identity reset
[09:36:44] 🔄 Identity rotated (every 10 requests)
[09:36:45] [285/455] ZEIC
[09:36:46] [286/455] CGMM
[09:36:46] [287/455] PJPM
[09:36:47] [288/455] ECMR
[09:36:48] [289/455] SHMZ
[09:36:48] [290/455] STCA
[09:36:49] [291/455] VDRC
[09:36:50] [292/455] SEEM
[09:36:50] [293/455] MKNS
[09:36:51] [294/455] KPPP
[09:36:51] 🔄 Identity reset
[09:36:51] 🔄 Identity rotated (every 10 requests)
[09:36:52] [295/455] CCML
[09:36:52] [296/455] CIBA
[09:36:53] [297/455] NACS
[09:36:54] [298/455] CTMK
[09:36:54] [299/455] CTCT
[09:36:55] [300/455] MCSN
[09:36:55] [301/455] MAXX
[09:36:56] [302/455] MECB
[09:36:57] [303/455] NTBY
[09:36:57] [304/455] UTBI
[09:36:57] 🔄 Identity reset
[09:36:57] 🔄 Identity rotated (every 10 requests)
[09:36:58] [305/455] RADK
[09:36:58] [306/455] STBY
[09:36:59] [307/455] GTBY
[09:37:00] [308/455] RRMB
[09:37:00] [309/455] ABRN
[09:37:01] [310/455] GTSG
[09:37:02] [311/455] GBTG
[09:37:02] [312/455] SBGS
[09:37:03] [313/455] KBPM
[09:37:04] [314/455] SMHT
[09:37:04] 🔄 Identity reset
[09:37:04] 🔄 Identity rotated (every 10 requests)
[09:37:04] 🔄 Retry 1/5 for SMHT in 2.6s
[09:37:04] 🔄 Identity reset
[09:37:06] 🧠 New identity created
[09:37:07] [315/455] VTDM
[09:37:08] [316/455] ASCT
[09:37:08] [317/455] AWCT
[09:37:09] [318/455] DCCU
[09:37:10] [319/455] PSCE
[09:37:10] [320/455] KSNY
[09:37:11] [321/455] ACID
[09:37:12] [322/455] LVCD
[09:37:12] [323/455] KSSB
[09:37:12] 🔄 Identity reset
[09:37:12] 🔄 Identity rotated (every 10 requests)
[09:37:13] [324/455] SWTD
[09:37:14] [325/455] RBMR
[09:37:14] [326/455] SCBC
[09:37:15] [327/455] RKME
[09:37:16] [328/455] GALX
[09:37:16] [329/455] GCCH
[09:37:17] [330/455] RATR
[09:37:17] [331/455] GTGA
[09:37:18] [332/455] LTTR
[09:37:19] [333/455] TTAA
[09:37:19] 🔄 Identity reset
[09:37:19] 🔄 Identity rotated (every 10 requests)
[09:37:19] [334/455] TVHP
[09:37:20] [335/455] KVCS
[09:37:21] [336/455] CBMC
[09:37:21] [337/455] MAYJ
[09:37:22] [338/455] INPR
[09:37:23] [339/455] RSSC
[09:37:24] [340/455] PCAN
[09:37:24] [341/455] PVHR
[09:37:25] [342/455] AGSM
[09:37:26] [343/455] PVES
[09:37:26] 🔄 Identity reset
[09:37:26] 🔄 Identity rotated (every 10 requests)
[09:37:26] [344/455] INTO
[09:37:27] [345/455] ACON
[09:37:28] [346/455] PVPZ
[09:37:29] [347/455] PVHC
[09:37:29] [348/455] KSTK
[09:37:30] [349/455] PVSR
[09:37:30] [350/455] ACTN
[09:37:31] [351/455] FMCN
[09:37:32] [352/455] PABC
[09:37:32] [353/455] SUTC
[09:37:32] 🔄 Identity reset
[09:37:32] 🔄 Identity rotated (every 10 requests)
[09:37:33] [354/455] PGMV
[09:37:34] [355/455] GKCP
[09:37:34] [356/455] INCH
[09:37:35] [357/455] MLMT
[09:37:36] [358/455] SSCC
[09:37:36] [359/455] SLMP
[09:37:37] [360/455] VVTN
[09:37:37] [361/455] SBTR
[09:37:38] [362/455] PGRA
[09:37:39] [363/455] PBRM
[09:37:39] 🔄 Identity reset
[09:37:39] 🔄 Identity rotated (every 10 requests)
[09:37:39] [364/455] GCRP
[09:37:40] [365/455] MCSK
[09:37:41] [366/455] NLTC
[09:37:42] [367/455] MTLM
[09:37:43] [368/455] VECT
[09:37:43] [369/455] KMRM
[09:37:44] [370/455] RACM
[09:37:45] [371/455] WSTC
[09:37:46] [372/455] PVTJ
[09:37:47] [373/455] MMKC
[09:37:47] 🔄 Identity reset
[09:37:47] 🔄 Identity rotated (every 10 requests)
[09:37:47] [374/455] SVWT
[09:37:48] [375/455] JOTG
[09:37:49] [376/455] VCDK
[09:37:50] [377/455] ANAC
[09:37:50] [378/455] GRTC
[09:37:51] [379/455] JTPL
[09:37:53] [380/455] VRCP
[09:37:54] [381/455] REMC
[09:37:55] [382/455] ATMG
[09:37:56] [383/455] GAHC
[09:37:56] 🔄 Identity reset
[09:37:56] 🔄 Identity rotated (every 10 requests)
[09:37:57] [384/455] JTMV
[09:37:57] [385/455] OMTT
[09:37:58] [386/455] GKKC
[09:37:59] [387/455] BBPO
[09:38:00] [388/455] ZCBB
[09:38:01] [389/455] DCGO
[09:38:01] [390/455] STOP
[09:38:02] [391/455] BSPC
[09:38:03] [392/455] SOND
[09:38:04] [393/455] GCKG
[09:38:04] 🔄 Identity reset
[09:38:04] 🔄 Identity rotated (every 10 requests)
[09:38:04] [394/455] PCDB
[09:38:05] [395/455] PGRC
[09:38:06] [396/455] CSCT
[09:38:07] [397/455] STDA
[09:38:08] [398/455] JAYD
[09:38:09] [399/455] PPPD
[09:38:10] [400/455] KRTT
[09:38:11] [401/455] PTDT
[09:38:11] [402/455] TRSV
[09:38:12] [403/455] VELR
[09:38:12] 🔄 Identity reset
[09:38:12] 🔄 Identity rotated (every 10 requests)
[09:38:13] [404/455] STDT
[09:38:14] [405/455] SATT
[09:38:14] [406/455] KCPM
[09:38:15] [407/455] MFCP
[09:38:16] [408/455] AXMP
[09:38:17] [409/455] LTVB
[09:38:17] [410/455] APST
[09:38:19] [411/455] DTVP
[09:38:20] [412/455] AAVB
[09:38:20] [413/455] PMBL
[09:38:20] 🔄 Identity reset
[09:38:20] 🔄 Identity rotated (every 10 requests)
[09:38:21] [414/455] STKC
[09:38:22] [415/455] KKMA
[09:38:22] [416/455] NMXS
[09:38:23] [417/455] DECX
[09:38:24] [418/455] MAPJ
[09:38:25] [419/455] SMLK
[09:38:25] [420/455] PMPU
[09:38:26] [421/455] AFST
[09:38:27] [422/455] SRSY
[09:38:27] [423/455] RMKT
[09:38:27] 🔄 Identity reset
[09:38:27] 🔄 Identity rotated (every 10 requests)
[09:38:28] [424/455] RAJX
[09:38:29] [425/455] UVCD
[09:38:30] [426/455] LISA
[09:38:30] [427/455] LMSR
[09:38:31] [428/455] PMCA
[09:38:32] [429/455] INPO
[09:38:33] [430/455] INGO
[09:38:34] [431/455] HFSQ
[09:38:35] [432/455] INMG
[09:38:35] [433/455] NYCP
[09:38:35] 🔄 Identity reset
[09:38:35] 🔄 Identity rotated (every 10 requests)
[09:38:36] [434/455] HFSV
[09:38:37] [435/455] MMZP
[09:38:38] [436/455] KSES
[09:38:39] [437/455] HFSA
[09:38:39] [438/455] ACMM
[09:38:40] [439/455] RCKD
[09:38:41] [440/455] BCKR
[09:38:41] [441/455] SFCO
[09:38:42] [442/455] JCCB
[09:38:43] [443/455] BCCR
[09:38:43] 🔄 Identity reset
[09:38:43] 🔄 Identity rotated (every 10 requests)
[09:38:44] [444/455] NWCB
[09:38:45] [445/455] SAMT
[09:38:45] [446/455] TMST
[09:38:46] [447/455] SJCN
[09:38:47] [448/455] MCBS
[09:38:48] [449/455] CMKR
[09:38:48] [450/455] INPM
[09:38:49] [451/455] WVMT
[09:38:50] [452/455] NYSM
[09:38:51] [453/455] RCMA
[09:38:51] 🔄 Identity reset
[09:38:51] 🔄 Identity rotated (every 10 requests)
[09:38:52] [454/455] RECM
[09:38:53] [455/455] CYCM
[09:38:53] 🧹 Deduping shows
[09:38:53] ✅ DONE | Shows=4857 | Movies=89
[12:53:08] 🚀 SCRIPT STARTED
[12:53:08] [1/455] MXGN
[12:53:08] 🧠 New identity created
[12:53:08] [2/455] PGGM
[12:53:10] [3/455] IPMJ
[12:53:11] [4/455] M2PP
[12:53:12] [5/455] PMMS
[12:53:13] [6/455] SCJN
[12:53:14] [7/455] CPUM
[12:53:15] [8/455] SCND
[12:53:16] [9/455] INWM
[12:53:17] [10/455] DVDC
[12:53:17] 🔄 Identity reset
[12:53:17] 🔄 Identity rotated (every 10 requests)
[12:53:19] [11/455] WVND
[12:53:20] [12/455] LBDL
[12:53:21] [13/455] CRGM
[12:53:22] [14/455] PVKS
[12:53:23] [15/455] PBLL
[12:53:24] [16/455] FNLN
[12:53:25] [17/455] PPDA
[12:53:25] [18/455] SCPT
[12:53:26] [19/455] IAJS
[12:53:27] [20/455] MMZG
[12:53:27] 🔄 Identity reset
[12:53:27] 🔄 Identity rotated (every 10 requests)
[12:53:28] [21/455] MCTI
[12:53:29] [22/455] PPMF
[12:53:30] [23/455] FNSD
[12:53:31] [24/455] M2RH
[12:53:32] [25/455] CPGV
[12:53:33] [26/455] PECD
[12:53:34] [27/455] CTEE
[12:53:35] [28/455] IOMG
[12:53:36] [29/455] CIJA
[12:53:37] [30/455] NYCG
[12:53:37] 🔄 Identity reset
[12:53:37] 🔄 Identity rotated (every 10 requests)
[12:53:38] [31/455] CEST
[12:53:38] [32/455] WVRG
[12:53:39] [33/455] DPDC
[12:53:41] [34/455] PDIV
[12:53:42] [35/455] MTPP
[12:53:43] [36/455] MHNU
[12:53:44] [37/455] WUPG
[12:53:45] [38/455] USCO
[12:53:46] [39/455] INFR
[12:53:46] [40/455] PVPD
[12:53:46] 🔄 Identity reset
[12:53:46] 🔄 Identity rotated (every 10 requests)
[12:53:47] [41/455] RONC
[12:53:48] [42/455] IOCP
[12:53:49] [43/455] EMPS
[12:53:50] [44/455] PNAD
[12:53:51] [45/455] VVGZ
[12:53:52] [46/455] MDDC
[12:53:53] [47/455] MMAP
[12:53:53] [48/455] GPDC
[12:53:54] [49/455] PVPU
[12:53:55] [50/455] DCMV
[12:53:55] 🔄 Identity reset
[12:53:55] 🔄 Identity rotated (every 10 requests)
[12:53:56] [51/455] PCCF
[12:53:58] [52/455] MCEF
[12:53:58] [53/455] INRD
[12:53:59] [54/455] CCPZ
[12:54:00] [55/455] BCWG
[12:54:01] [56/455] PMGU
[12:54:02] [57/455] MCVM
[12:54:03] [58/455] MCDE
[12:54:03] [59/455] IEFM
[12:54:04] [60/455] MXCS
[12:54:04] 🔄 Identity reset
[12:54:04] 🔄 Identity rotated (every 10 requests)
[12:54:06] [61/455] RNMT
[12:54:07] [62/455] PSDD
[12:54:08] [63/455] PETA
[12:54:09] [64/455] IZOP
[12:54:10] [65/455] PDEI
[12:54:10] [66/455] MTND
[12:54:11] [67/455] PCPL
[12:54:12] [68/455] LSCM
[12:54:13] [69/455] BTFD
[12:54:14] [70/455] MERM
[12:54:14] 🔄 Identity reset
[12:54:14] 🔄 Identity rotated (every 10 requests)
[12:54:14] [71/455] PVMS
[12:54:15] [72/455] CIGK
[12:54:17] [73/455] INSG
[12:54:18] [74/455] IDEN
[12:54:18] [75/455] MCGN
[12:54:19] [76/455] IGAM
[12:54:21] [77/455] SLCU
[12:54:22] [78/455] MIMU
[12:54:23] [79/455] QLAC
[12:54:24] [80/455] MENL
[12:54:24] 🔄 Identity reset
[12:54:24] 🔄 Identity rotated (every 10 requests)
[12:54:25] [81/455] SCUR
[12:54:26] [82/455] MDGD
[12:54:26] [83/455] LSRS
[12:54:27] [84/455] KMLG
[12:54:28] [85/455] MKLJ
[12:54:29] [86/455] IBYG
[12:54:31] [87/455] ISML
[12:54:32] [88/455] MJMM
[12:54:33] [89/455] RCGD
[12:54:34] [90/455] MMOC
[12:54:34] 🔄 Identity reset
[12:54:34] 🔄 Identity rotated (every 10 requests)
[12:54:35] [91/455] RRCO
[12:54:36] [92/455] MEDM
[12:54:37] [93/455] MCAZ
[12:54:38] [94/455] STWA
[12:54:39] [95/455] PFFG
[12:54:40] [96/455] GAGC
[12:54:41] [97/455] PMPM
[12:54:42] [98/455] HVCD
[12:54:43] [99/455] AKRF
[12:54:43] [100/455] AKRC
[12:54:43] 🔄 Identity reset
[12:54:44] 🔄 Identity rotated (every 10 requests)
[12:54:44] [101/455] MIDA
[12:54:45] [102/455] MAGX
[12:54:46] [103/455] ESOS
[12:54:47] [104/455] BBCL
[12:54:48] [105/455] LYAS
[12:54:49] [106/455] NRMS
[12:54:49] [107/455] BHUC
[12:54:50] [108/455] SRIC
[12:54:51] [109/455] PDME
[12:54:52] [110/455] MJCS
[12:54:52] 🔄 Identity reset
[12:54:52] 🔄 Identity rotated (every 10 requests)
[12:54:53] [111/455] NRAA
[12:54:54] [112/455] VATA
[12:54:55] [113/455] MNKC
[12:54:56] [114/455] DHCL
[12:54:57] [115/455] JCPC
[12:54:58] [116/455] CTML
[12:54:59] [117/455] RMMR
[12:55:00] [118/455] STTL
[12:55:00] [119/455] CNPS
[12:55:01] [120/455] ACKL
[12:55:01] 🔄 Identity reset
[12:55:01] 🔄 Identity rotated (every 10 requests)
[12:55:02] [121/455] SCAU
[12:55:03] [122/455] RMIA
[12:55:04] [123/455] MANU
[12:55:05] [124/455] ARDC
[12:55:07] [125/455] GLDA
[12:55:07] [126/455] KVSW
[12:55:08] [127/455] CGCA
[12:55:09] [128/455] CMLO
[12:55:10] [129/455] CECB
[12:55:11] [130/455] RCPN
[12:55:11] 🔄 Identity reset
[12:55:11] 🔄 Identity rotated (every 10 requests)
[12:55:12] [131/455] ASMW
[12:55:12] [132/455] PWLM
[12:55:14] [133/455] ASGM
[12:55:15] [134/455] ACWH
[12:55:16] [135/455] AAPW
[12:55:16] [136/455] RTWA
[12:55:17] [137/455] RAMW
[12:55:18] [138/455] VKTR
[12:55:19] [139/455] SMBH
[12:55:19] [140/455] BVDR
[12:55:19] 🔄 Identity reset
[12:55:19] 🔄 Identity rotated (every 10 requests)
[12:55:20] [141/455] MRTP
[12:55:21] [142/455] BLBR
[12:55:22] [143/455] LPIN
[12:55:23] [144/455] SNPC
[12:55:24] [145/455] PDCB
[12:55:25] [146/455] DYPK
[12:55:26] [147/455] INMK
[12:55:27] [148/455] PDCK
[12:55:28] [149/455] PCKR
[12:55:29] [150/455] SHUA
[12:55:29] 🔄 Identity reset
[12:55:29] 🔄 Identity rotated (every 10 requests)
[12:55:29] [151/455] SCVK
[12:55:30] [152/455] STPA
[12:55:31] [153/455] WVHD
[12:55:32] [154/455] MRCH
[12:55:33] [155/455] MCNP
[12:55:34] [156/455] RCAG
[12:55:35] [157/455] JTSN
[12:55:36] [158/455] AANS
[12:55:37] [159/455] GDDR
[12:55:37] [160/455] SRER
[12:55:37] 🔄 Identity reset
[12:55:37] 🔄 Identity rotated (every 10 requests)
[12:55:38] [161/455] JKMA
[12:55:39] [162/455] ARAN
[12:55:40] [163/455] ALCT
[12:55:41] [164/455] CCTA
[12:55:42] [165/455] CNCT
[12:55:43] [166/455] NZBL
[12:55:44] [167/455] SRRA
[12:55:45] [168/455] SVPW
[12:55:46] [169/455] SRTW
[12:55:47] [170/455] XMTD
[12:55:47] 🔄 Identity reset
[12:55:47] 🔄 Identity rotated (every 10 requests)
[12:55:48] [171/455] SCCZ
[12:55:48] [172/455] PBCR
[12:55:49] [173/455] RTSC
[12:55:50] [174/455] TLSV
[12:55:51] [175/455] RMTK
[12:55:52] [176/455] SRAT
[12:55:52] [177/455] GCYC
[12:55:53] [178/455] HCAJ
[12:55:54] [179/455] LCXA
[12:55:55] [180/455] BINT
[12:55:55] 🔄 Identity reset
[12:55:55] 🔄 Identity rotated (every 10 requests)
[12:55:56] [181/455] IXIM
[12:55:57] [182/455] MBCR
[12:55:57] [183/455] BMCJ
[12:55:58] [184/455] NICJ
[12:55:59] [185/455] SCAJ
[12:56:01] [186/455] CMXS
[12:56:02] [187/455] MMSR
[12:56:03] [188/455] PRKT
[12:56:04] [189/455] LPTH
[12:56:05] [190/455] SARP
[12:56:05] 🔄 Identity reset
[12:56:05] 🔄 Identity rotated (every 10 requests)
[12:56:06] [191/455] MNPP
[12:56:06] [192/455] PRLR
[12:56:07] [193/455] RCMW
[12:56:08] [194/455] FCMG
[12:56:09] [195/455] RTNK
[12:56:10] [196/455] LRCP
[12:56:11] [197/455] DBJR
[12:56:12] [198/455] CACN
[12:56:13] [199/455] AMRL
[12:56:14] [200/455] SBBC
[12:56:14] 🔄 Identity reset
[12:56:14] 🔄 Identity rotated (every 10 requests)
[12:56:15] [201/455] VENN
[12:56:16] [202/455] STSS
[12:56:16] [203/455] SMRB
[12:56:17] [204/455] CCMX
[12:56:18] [205/455] KCMR
[12:56:19] [206/455] SALH
[12:56:20] [207/455] CGTT
[12:56:21] [208/455] PMDR
[12:56:21] [209/455] VCPM
[12:56:22] [210/455] RZMX
[12:56:22] 🔄 Identity reset
[12:56:22] 🔄 Identity rotated (every 10 requests)
[12:56:23] [211/455] TMSY
[12:56:24] [212/455] NTMS
[12:56:26] [213/455] VTAG
[12:56:27] [214/455] REMA
[12:56:28] [215/455] NXCC
[12:56:29] [216/455] SKYM
[12:56:29] [217/455] CCMO
[12:56:30] [218/455] DMXM
[12:56:31] [219/455] SPPM
[12:56:32] [220/455] PTKL
[12:56:32] 🔄 Identity reset
[12:56:32] 🔄 Identity rotated (every 10 requests)
[12:56:33] [221/455] SLVO
[12:56:34] [222/455] VASL
[12:56:35] [223/455] CBCM
[12:56:36] [224/455] STMA
[12:56:37] [225/455] LASK
[12:56:37] [226/455] VITE
[12:56:38] [227/455] AAST
[12:56:39] [228/455] JTPT
[12:56:40] [229/455] RRSH
[12:56:41] [230/455] CINL
[12:56:41] 🔄 Identity reset
[12:56:41] 🔄 Identity rotated (every 10 requests)
[12:56:42] [231/455] MCSR
[12:56:43] [232/455] SBCF
[12:56:43] [233/455] GCDU
[12:56:44] [234/455] PSPR
[12:56:45] [235/455] IMMO
[12:56:46] [236/455] CLGM
[12:56:47] [237/455] PBMM
[12:56:48] [238/455] CEHR
[12:56:49] [239/455] CPOE
[12:56:49] [240/455] PGFD
[12:56:49] 🔄 Identity reset
[12:56:49] 🔄 Identity rotated (every 10 requests)
[12:56:49] 🔄 Retry 1/5 for PGFD in 2.7s
[12:56:49] 🔄 Identity reset
[12:56:52] 🧠 New identity created
[12:56:53] [241/455] PSLC
[12:56:54] [242/455] MSMD
[12:56:55] [243/455] FMFB
[12:56:55] [244/455] RKCL
[12:56:56] [245/455] PMMC
[12:56:57] [246/455] SKMM
[12:56:58] [247/455] VOIB
[12:57:00] [248/455] KINO
[12:57:01] [249/455] VCTP
[12:57:01] 🔄 Identity reset
[12:57:01] 🔄 Identity rotated (every 10 requests)
[12:57:02] [250/455] PDWR
[12:57:03] [251/455] SAED
[12:57:04] [252/455] SRRT
[12:57:05] [253/455] CVLG
[12:57:06] [254/455] SNGN
[12:57:07] [255/455] SIDA
[12:57:08] [256/455] IMCB
[12:57:09] [257/455] SMHP
[12:57:10] [258/455] GDTY
[12:57:11] [259/455] VYCH
[12:57:11] 🔄 Identity reset
[12:57:11] 🔄 Identity rotated (every 10 requests)
[12:57:12] [260/455] PDYA
[12:57:13] [261/455] RKDO
[12:57:14] [262/455] VECG
[12:57:15] [263/455] NFGD
[12:57:16] [264/455] SNDC
[12:57:17] [265/455] SDJH
[12:57:18] [266/455] HASV
[12:57:19] [267/455] PTYK
[12:57:20] [268/455] MUTB
[12:57:21] [269/455] AMRT
[12:57:21] 🔄 Identity reset
[12:57:21] 🔄 Identity rotated (every 10 requests)
[12:57:22] [270/455] VACD
[12:57:22] [271/455] SKDD
[12:57:23] [272/455] STGR
[12:57:25] [273/455] GDAK
[12:57:26] [274/455] SKHK
[12:57:27] [275/455] SLND
[12:57:28] [276/455] APAP
[12:57:28] [277/455] AYYA
[12:57:29] [278/455] VCCZ
[12:57:30] [279/455] MEML
[12:57:30] 🔄 Identity reset
[12:57:30] 🔄 Identity rotated (every 10 requests)
[12:57:31] [280/455] MAOU
[12:57:32] [281/455] ESND
[12:57:33] [282/455] PTBZ
[12:57:34] [283/455] LBCN
[12:57:35] [284/455] PAWA
[12:57:35] [285/455] ZEIC
[12:57:36] [286/455] CGMM
[12:57:37] [287/455] PJPM
[12:57:38] [288/455] ECMR
[12:57:39] [289/455] SHMZ
[12:57:39] 🔄 Identity reset
[12:57:39] 🔄 Identity rotated (every 10 requests)
[12:57:40] [290/455] STCA
[12:57:40] [291/455] VDRC
[12:57:41] [292/455] SEEM
[12:57:42] [293/455] MKNS
[12:57:43] [294/455] KPPP
[12:57:43] [295/455] CCML
[12:57:44] [296/455] CIBA
[12:57:45] [297/455] NACS
[12:57:46] [298/455] CTMK
[12:57:46] [299/455] CTCT
[12:57:46] 🔄 Identity reset
[12:57:46] 🔄 Identity rotated (every 10 requests)
[12:57:47] [300/455] MCSN
[12:57:48] [301/455] MAXX
[12:57:49] [302/455] MECB
[12:57:50] [303/455] NTBY
[12:57:51] [304/455] UTBI
[12:57:52] [305/455] RADK
[12:57:52] [306/455] STBY
[12:57:53] [307/455] GTBY
[12:57:54] [308/455] RRMB
[12:57:55] [309/455] ABRN
[12:57:55] 🔄 Identity reset
[12:57:55] 🔄 Identity rotated (every 10 requests)
[12:57:56] [310/455] GTSG
[12:57:57] [311/455] GBTG
[12:57:58] [312/455] SBGS
[12:57:59] [313/455] KBPM
[12:58:00] [314/455] SMHT
[12:58:01] [315/455] VTDM
[12:58:02] [316/455] ASCT
[12:58:03] [317/455] AWCT
[12:58:04] [318/455] DCCU
[12:58:05] [319/455] PSCE
[12:58:05] 🔄 Identity reset
[12:58:05] 🔄 Identity rotated (every 10 requests)
[12:58:06] [320/455] KSNY
[12:58:07] [321/455] ACID
[12:58:08] [322/455] LVCD
[12:58:08] [323/455] KSSB
[12:58:09] [324/455] SWTD
[12:58:10] [325/455] RBMR
[12:58:11] [326/455] SCBC
[12:58:12] [327/455] RKME
[12:58:12] [328/455] GALX
[12:58:13] [329/455] GCCH
[12:58:13] 🔄 Identity reset
[12:58:13] 🔄 Identity rotated (every 10 requests)
[12:58:14] [330/455] RATR
[12:58:15] [331/455] GTGA
[12:58:16] [332/455] LTTR
[12:58:17] [333/455] TTAA
[12:58:18] [334/455] TVHP
[12:58:19] [335/455] KVCS
[12:58:20] [336/455] CBMC
[12:58:21] [337/455] MAYJ
[12:58:22] [338/455] INPR
[12:58:23] [339/455] RSSC
[12:58:23] 🔄 Identity reset
[12:58:23] 🔄 Identity rotated (every 10 requests)
[12:58:23] [340/455] PCAN
[12:58:24] [341/455] PVHR
[12:58:25] [342/455] AGSM
[12:58:26] [343/455] PVES
[12:58:27] [344/455] INTO
[12:58:28] [345/455] ACON
[12:58:29] [346/455] PVPZ
[12:58:31] [347/455] PVHC
[12:58:31] [348/455] KSTK
[12:58:32] [349/455] PVSR
[12:58:32] 🔄 Identity reset
[12:58:32] 🔄 Identity rotated (every 10 requests)
[12:58:33] [350/455] ACTN
[12:58:34] [351/455] FMCN
[12:58:35] [352/455] PABC
[12:58:36] [353/455] SUTC
[12:58:37] [354/455] PGMV
[12:58:38] [355/455] GKCP
[12:58:39] [356/455] INCH
[12:58:40] [357/455] MLMT
[12:58:40] [358/455] SSCC
[12:58:41] [359/455] SLMP
[12:58:41] 🔄 Identity reset
[12:58:41] 🔄 Identity rotated (every 10 requests)
[12:58:42] [360/455] VVTN
[12:58:43] [361/455] SBTR
[12:58:44] [362/455] PGRA
[12:58:45] [363/455] PBRM
[12:58:46] [364/455] GCRP
[12:58:47] [365/455] MCSK
[12:58:48] [366/455] NLTC
[12:58:49] [367/455] MTLM
[12:58:51] [368/455] VECT
[12:58:51] [369/455] KMRM
[12:58:51] 🔄 Identity reset
[12:58:51] 🔄 Identity rotated (every 10 requests)
[12:58:51] 🔄 Retry 1/5 for KMRM in 2.8s
[12:58:51] 🔄 Identity reset
[12:58:54] 🧠 New identity created
[12:58:55] [370/455] RACM
[12:58:56] [371/455] WSTC
[12:58:57] [372/455] PVTJ
[12:58:58] [373/455] MMKC
[12:58:59] [374/455] SVWT
[12:59:00] [375/455] JOTG
[12:59:00] [376/455] VCDK
[12:59:01] [377/455] ANAC
[12:59:02] [378/455] GRTC
[12:59:02] 🔄 Identity reset
[12:59:02] 🔄 Identity rotated (every 10 requests)
[12:59:03] [379/455] JTPL
[12:59:04] [380/455] VRCP
[12:59:04] [381/455] REMC
[12:59:05] [382/455] ATMG
[12:59:06] [383/455] GAHC
[12:59:07] [384/455] JTMV
[12:59:08] [385/455] OMTT
[12:59:09] [386/455] GKKC
[12:59:10] [387/455] BBPO
[12:59:10] [388/455] ZCBB
[12:59:10] 🔄 Identity reset
[12:59:10] 🔄 Identity rotated (every 10 requests)
[12:59:11] [389/455] DCGO
[12:59:12] [390/455] STOP
[12:59:13] [391/455] BSPC
[12:59:14] [392/455] SOND
[12:59:15] [393/455] GCKG
[12:59:16] [394/455] PCDB
[12:59:17] [395/455] PGRC
[12:59:18] [396/455] CSCT
[12:59:18] [397/455] STDA
[12:59:19] [398/455] JAYD
[12:59:19] 🔄 Identity reset
[12:59:19] 🔄 Identity rotated (every 10 requests)
[12:59:20] [399/455] PPPD
[12:59:21] [400/455] KRTT
[12:59:22] [401/455] PTDT
[12:59:23] [402/455] TRSV
[12:59:24] [403/455] VELR
[12:59:25] [404/455] STDT
[12:59:25] [405/455] SATT
[12:59:26] [406/455] KCPM
[12:59:27] [407/455] MFCP
[12:59:28] [408/455] AXMP
[12:59:28] 🔄 Identity reset
[12:59:28] 🔄 Identity rotated (every 10 requests)
[12:59:29] [409/455] LTVB
[12:59:30] [410/455] APST
[12:59:31] [411/455] DTVP
[12:59:32] [412/455] AAVB
[12:59:32] [413/455] PMBL
[12:59:33] [414/455] STKC
[12:59:35] [415/455] KKMA
[12:59:36] [416/455] NMXS
[12:59:37] [417/455] DECX
[12:59:38] [418/455] MAPJ
[12:59:38] 🔄 Identity reset
[12:59:38] 🔄 Identity rotated (every 10 requests)
[12:59:38] [419/455] SMLK
[12:59:39] [420/455] PMPU
[12:59:40] [421/455] AFST
[12:59:41] [422/455] SRSY
[12:59:42] [423/455] RMKT
[12:59:43] [424/455] RAJX
[12:59:44] [425/455] UVCD
[12:59:45] [426/455] LISA
[12:59:46] [427/455] LMSR
[12:59:46] [428/455] PMCA
[12:59:46] 🔄 Identity reset
[12:59:46] 🔄 Identity rotated (every 10 requests)
[12:59:47] [429/455] INPO
[12:59:48] [430/455] INGO
[12:59:50] [431/455] HFSQ
[12:59:51] [432/455] INMG
[12:59:51] [433/455] NYCP
[12:59:52] [434/455] HFSV
[12:59:53] [435/455] MMZP
[12:59:54] [436/455] KSES
[12:59:55] [437/455] HFSA
[12:59:56] [438/455] ACMM
[12:59:56] 🔄 Identity reset
[12:59:56] 🔄 Identity rotated (every 10 requests)
[12:59:57] [439/455] RCKD
[12:59:58] [440/455] BCKR
[12:59:59] [441/455] SFCO
[13:00:00] [442/455] JCCB
[13:00:02] [443/455] BCCR
[13:00:03] [444/455] NWCB
[13:00:03] [445/455] SAMT
[13:00:04] [446/455] TMST
[13:00:05] [447/455] SJCN
[13:00:06] [448/455] MCBS
[13:00:06] 🔄 Identity reset
[13:00:06] 🔄 Identity rotated (every 10 requests)
[13:00:07] [449/455] CMKR
[13:00:08] [450/455] INPM
[13:00:09] [451/455] WVMT
[13:00:10] [452/455] NYSM
[13:00:11] [453/455] RCMA
[13:00:12] [454/455] RECM
[13:00:13] [455/455] CYCM
[13:00:14] 🧹 Deduping shows
[13:00:14] ✅ DONE | Shows=4926 | Movies=89
[16:40:17] 🚀 SCRIPT STARTED
[16:40:17] [1/455] MXGN
[16:40:17] 🧠 New identity created
[16:40:18] [2/455] PGGM
[16:40:20] [3/455] IPMJ
[16:40:21] [4/455] M2PP
[16:40:22] [5/455] PMMS
[16:40:22] [6/455] SCJN
[16:40:23] [7/455] CPUM
[16:40:24] [8/455] SCND
[16:40:25] [9/455] INWM
[16:40:26] [10/455] DVDC
[16:40:26] 🔄 Identity reset
[16:40:26] 🔄 Identity rotated (every 10 requests)
[16:40:26] 🔄 Retry 1/5 for DVDC in 2.4s
[16:40:26] 🔄 Identity reset
[16:40:29] 🧠 New identity created
[16:40:31] [11/455] WVND
[16:40:31] [12/455] LBDL
[16:40:32] [13/455] CRGM
[16:40:33] [14/455] PVKS
[16:40:34] [15/455] PBLL
[16:40:35] [16/455] FNLN
[16:40:36] [17/455] PPDA
[16:40:37] [18/455] SCPT
[16:40:38] [19/455] IAJS
[16:40:38] 🔄 Identity reset
[16:40:38] 🔄 Identity rotated (every 10 requests)
[16:40:38] 🔄 Retry 1/5 for IAJS in 2.7s
[16:40:38] 🔄 Identity reset
[16:40:41] 🧠 New identity created
[16:40:42] [20/455] MMZG
[16:40:43] [21/455] MCTI
[16:40:43] [22/455] PPMF
[16:40:44] [23/455] FNSD
[16:40:45] [24/455] M2RH
[16:40:46] [25/455] CPGV
[16:40:47] [26/455] PECD
[16:40:48] [27/455] CTEE
[16:40:49] [28/455] IOMG
[16:40:49] 🔄 Identity reset
[16:40:49] 🔄 Identity rotated (every 10 requests)
[16:40:51] [29/455] CIJA
[16:40:52] [30/455] NYCG
[16:40:52] [31/455] CEST
[16:40:53] [32/455] WVRG
[16:40:54] [33/455] DPDC
[16:40:55] [34/455] PDIV
[16:40:56] [35/455] MTPP
[16:40:57] [36/455] MHNU
[16:40:58] [37/455] WUPG
[16:40:59] [38/455] USCO
[16:40:59] 🔄 Identity reset
[16:40:59] 🔄 Identity rotated (every 10 requests)
[16:41:00] [39/455] INFR
[16:41:00] [40/455] PVPD
[16:41:01] [41/455] RONC
[16:41:02] [42/455] IOCP
[16:41:03] [43/455] EMPS
[16:41:04] [44/455] PNAD
[16:41:05] [45/455] VVGZ
[16:41:06] [46/455] MDDC
[16:41:07] [47/455] MMAP
[16:41:08] [48/455] GPDC
[16:41:08] 🔄 Identity reset
[16:41:08] 🔄 Identity rotated (every 10 requests)
[16:41:08] [49/455] PVPU
[16:41:09] [50/455] DCMV
[16:41:10] [51/455] PCCF
[16:41:11] [52/455] MCEF
[16:41:12] [53/455] INRD
[16:41:13] [54/455] CCPZ
[16:41:14] [55/455] BCWG
[16:41:15] [56/455] PMGU
[16:41:16] [57/455] MCVM
[16:41:17] [58/455] MCDE
[16:41:17] 🔄 Identity reset
[16:41:17] 🔄 Identity rotated (every 10 requests)
[16:41:18] [59/455] IEFM
[16:41:19] [60/455] MXCS
[16:41:19] [61/455] RNMT
[16:41:20] [62/455] PSDD
[16:41:22] [63/455] PETA
[16:41:23] [64/455] IZOP
[16:41:24] [65/455] PDEI
[16:41:25] [66/455] MTND
[16:41:27] [67/455] PCPL
[16:41:28] [68/455] LSCM
[16:41:28] 🔄 Identity reset
[16:41:28] 🔄 Identity rotated (every 10 requests)
[16:41:29] [69/455] BTFD
[16:41:30] [70/455] MERM
[16:41:31] [71/455] PVMS
[16:41:32] [72/455] CIGK
[16:41:33] [73/455] INSG
[16:41:33] [74/455] IDEN
[16:41:34] [75/455] MCGN
[16:41:35] [76/455] IGAM
[16:41:36] [77/455] SLCU
[16:41:37] [78/455] MIMU
[16:41:37] 🔄 Identity reset
[16:41:37] 🔄 Identity rotated (every 10 requests)
[16:41:37] [79/455] QLAC
[16:41:38] [80/455] MENL
[16:41:39] [81/455] SCUR
[16:41:40] [82/455] MDGD
[16:41:41] [83/455] LSRS
[16:41:42] [84/455] KMLG
[16:41:43] [85/455] MKLJ
[16:41:44] [86/455] IBYG
[16:41:45] [87/455] ISML
[16:41:46] [88/455] MJMM
[16:41:46] 🔄 Identity reset
[16:41:46] 🔄 Identity rotated (every 10 requests)
[16:41:47] [89/455] RCGD
[16:41:48] [90/455] MMOC
[16:41:50] [91/455] RRCO
[16:41:51] [92/455] MEDM
[16:41:52] [93/455] MCAZ
[16:41:53] [94/455] STWA
[16:41:54] [95/455] PFFG
[16:41:55] [96/455] GAGC
[16:41:55] [97/455] PMPM
[16:41:56] [98/455] HVCD
[16:41:56] 🔄 Identity reset
[16:41:56] 🔄 Identity rotated (every 10 requests)
[16:41:56] 🔄 Retry 1/5 for HVCD in 3.0s
[16:41:56] 🔄 Identity reset
[16:41:59] 🧠 New identity created
[16:42:01] [99/455] AKRF
[16:42:02] [100/455] AKRC
[16:42:03] [101/455] MIDA
[16:42:04] [102/455] MAGX
[16:42:05] [103/455] ESOS
[16:42:06] [104/455] BBCL
[16:42:07] [105/455] LYAS
[16:42:08] [106/455] NRMS
[16:42:09] [107/455] BHUC
[16:42:09] 🔄 Identity reset
[16:42:09] 🔄 Identity rotated (every 10 requests)
[16:42:09] 🔄 Retry 1/5 for BHUC in 2.6s
[16:42:09] 🔄 Identity reset
[16:42:11] 🧠 New identity created
[16:42:11] 🔄 Retry 2/5 for BHUC in 4.8s
[16:42:11] 🔄 Identity reset
[16:42:16] 🧠 New identity created
[16:42:16] 🔄 Retry 3/5 for BHUC in 8.3s
[16:42:16] 🔄 Identity reset
[16:42:25] 🧠 New identity created
[16:42:26] [108/455] SRIC
[16:42:27] [109/455] PDME
[16:42:28] [110/455] MJCS
[16:42:28] [111/455] NRAA
[16:42:29] [112/455] VATA
[16:42:31] [113/455] MNKC
[16:42:31] [114/455] DHCL
[16:42:31] 🔄 Identity reset
[16:42:31] 🔄 Identity rotated (every 10 requests)
[16:42:32] [115/455] JCPC
[16:42:33] [116/455] CTML
[16:42:34] [117/455] RMMR
[16:42:35] [118/455] STTL
[16:42:36] [119/455] CNPS
[16:42:37] [120/455] ACKL
[16:42:37] [121/455] SCAU
[16:42:38] [122/455] RMIA
[16:42:39] [123/455] MANU
[16:42:40] [124/455] ARDC
[16:42:40] 🔄 Identity reset
[16:42:40] 🔄 Identity rotated (every 10 requests)
[16:42:41] [125/455] GLDA
[16:42:42] [126/455] KVSW
[16:42:43] [127/455] CGCA
[16:42:43] [128/455] CMLO
[16:42:44] [129/455] CECB
[16:42:46] [130/455] RCPN
[16:42:46] [131/455] ASMW
[16:42:47] [132/455] PWLM
[16:42:49] [133/455] ASGM
[16:42:49] [134/455] ACWH
[16:42:49] 🔄 Identity reset
[16:42:49] 🔄 Identity rotated (every 10 requests)
[16:42:50] [135/455] AAPW
[16:42:51] [136/455] RTWA
[16:42:53] [137/455] RAMW
[16:42:54] [138/455] VKTR
[16:42:55] [139/455] SMBH
[16:42:57] [140/455] BVDR
[16:42:58] [141/455] MRTP
[16:42:59] [142/455] BLBR
[16:43:00] [143/455] LPIN
[16:43:02] [144/455] SNPC
[16:43:02] 🔄 Identity reset
[16:43:02] 🔄 Identity rotated (every 10 requests)
[16:43:02] [145/455] PDCB
[16:43:03] [146/455] DYPK
[16:43:04] [147/455] INMK
[16:43:06] [148/455] PDCK
[16:43:07] [149/455] PCKR
[16:43:08] [150/455] SHUA
[16:43:09] [151/455] SCVK
[16:43:10] [152/455] STPA
[16:43:11] [153/455] WVHD
[16:43:12] [154/455] MRCH
[16:43:12] 🔄 Identity reset
[16:43:12] 🔄 Identity rotated (every 10 requests)
[16:43:12] [155/455] MCNP
[16:43:13] [156/455] RCAG
[16:43:14] [157/455] JTSN
[16:43:15] [158/455] AANS
[16:43:16] [159/455] GDDR
[16:43:17] [160/455] SRER
[16:43:18] [161/455] JKMA
[16:43:18] [162/455] ARAN
[16:43:19] [163/455] ALCT
[16:43:20] [164/455] CCTA
[16:43:20] 🔄 Identity reset
[16:43:20] 🔄 Identity rotated (every 10 requests)
[16:43:20] 🔄 Retry 1/5 for CCTA in 2.7s
[16:43:20] 🔄 Identity reset
[16:43:23] 🧠 New identity created
[16:43:24] [165/455] CNCT
[16:43:25] [166/455] NZBL
[16:43:25] [167/455] SRRA
[16:43:27] [168/455] SVPW
[16:43:28] [169/455] SRTW
[16:43:28] [170/455] XMTD
[16:43:29] [171/455] SCCZ
[16:43:30] [172/455] PBCR
[16:43:31] [173/455] RTSC
[16:43:31] 🔄 Identity reset
[16:43:31] 🔄 Identity rotated (every 10 requests)
[16:43:32] [174/455] TLSV
[16:43:33] [175/455] RMTK
[16:43:33] [176/455] SRAT
[16:43:34] [177/455] GCYC
[16:43:35] [178/455] HCAJ
[16:43:36] [179/455] LCXA
[16:43:36] [180/455] BINT
[16:43:37] [181/455] IXIM
[16:43:38] [182/455] MBCR
[16:43:39] [183/455] BMCJ
[16:43:39] 🔄 Identity reset
[16:43:39] 🔄 Identity rotated (every 10 requests)
[16:43:40] [184/455] NICJ
[16:43:40] [185/455] SCAJ
[16:43:41] [186/455] CMXS
[16:43:42] [187/455] MMSR
[16:43:43] [188/455] PRKT
[16:43:44] [189/455] LPTH
[16:43:45] [190/455] SARP
[16:43:45] [191/455] MNPP
[16:43:46] [192/455] PRLR
[16:43:47] [193/455] RCMW
[16:43:47] 🔄 Identity reset
[16:43:47] 🔄 Identity rotated (every 10 requests)
[16:43:48] [194/455] FCMG
[16:43:49] [195/455] RTNK
[16:43:49] [196/455] LRCP
[16:43:51] [197/455] DBJR
[16:43:52] [198/455] CACN
[16:43:53] [199/455] AMRL
[16:43:54] [200/455] SBBC
[16:43:54] [201/455] VENN
[16:43:55] [202/455] STSS
[16:43:56] [203/455] SMRB
[16:43:56] 🔄 Identity reset
[16:43:56] 🔄 Identity rotated (every 10 requests)
[16:43:57] [204/455] CCMX
[16:43:58] [205/455] KCMR
[16:43:59] [206/455] SALH
[16:44:00] [207/455] CGTT
[16:44:01] [208/455] PMDR
[16:44:01] [209/455] VCPM
[16:44:02] [210/455] RZMX
[16:44:03] [211/455] TMSY
[16:44:04] [212/455] NTMS
[16:44:05] [213/455] VTAG
[16:44:05] 🔄 Identity reset
[16:44:05] 🔄 Identity rotated (every 10 requests)
[16:44:06] [214/455] REMA
[16:44:07] [215/455] NXCC
[16:44:08] [216/455] SKYM
[16:44:09] [217/455] CCMO
[16:44:09] [218/455] DMXM
[16:44:10] [219/455] SPPM
[16:44:11] [220/455] PTKL
[16:44:12] [221/455] SLVO
[16:44:13] [222/455] VASL
[16:44:14] [223/455] CBCM
[16:44:14] 🔄 Identity reset
[16:44:14] 🔄 Identity rotated (every 10 requests)
[16:44:15] [224/455] STMA
[16:44:16] [225/455] LASK
[16:44:17] [226/455] VITE
[16:44:18] [227/455] AAST
[16:44:19] [228/455] JTPT
[16:44:19] [229/455] RRSH
[16:44:20] [230/455] CINL
[16:44:21] [231/455] MCSR
[16:44:22] [232/455] SBCF
[16:44:23] [233/455] GCDU
[16:44:23] 🔄 Identity reset
[16:44:23] 🔄 Identity rotated (every 10 requests)
[16:44:24] [234/455] PSPR
[16:44:24] [235/455] IMMO
[16:44:26] [236/455] CLGM
[16:44:27] [237/455] PBMM
[16:44:28] [238/455] CEHR
[16:44:29] [239/455] CPOE
[16:44:29] [240/455] PGFD
[16:44:30] [241/455] PSLC
[16:44:31] [242/455] MSMD
[16:44:32] [243/455] FMFB
[16:44:32] 🔄 Identity reset
[16:44:32] 🔄 Identity rotated (every 10 requests)
[16:44:33] [244/455] RKCL
[16:44:34] [245/455] PMMC
[16:44:35] [246/455] SKMM
[16:44:36] [247/455] VOIB
[16:44:37] [248/455] KINO
[16:44:37] [249/455] VCTP
[16:44:38] [250/455] PDWR
[16:44:39] [251/455] SAED
[16:44:40] [252/455] SRRT
[16:44:42] [253/455] CVLG
[16:44:42] 🔄 Identity reset
[16:44:42] 🔄 Identity rotated (every 10 requests)
[16:44:43] [254/455] SNGN
[16:44:43] [255/455] SIDA
[16:44:45] [256/455] IMCB
[16:44:46] [257/455] SMHP
[16:44:47] [258/455] GDTY
[16:44:48] [259/455] VYCH
[16:44:49] [260/455] PDYA
[16:44:50] [261/455] RKDO
[16:44:51] [262/455] VECG
[16:44:52] [263/455] NFGD
[16:44:52] 🔄 Identity reset
[16:44:52] 🔄 Identity rotated (every 10 requests)
[16:44:53] [264/455] SNDC
[16:44:54] [265/455] SDJH
[16:44:54] [266/455] HASV
[16:44:55] [267/455] PTYK
[16:44:56] [268/455] MUTB
[16:44:57] [269/455] AMRT
[16:44:58] [270/455] VACD
[16:44:59] [271/455] SKDD
[16:44:59] [272/455] STGR
[16:45:00] [273/455] GDAK
[16:45:00] 🔄 Identity reset
[16:45:00] 🔄 Identity rotated (every 10 requests)
[16:45:01] [274/455] SKHK
[16:45:02] [275/455] SLND
[16:45:03] [276/455] APAP
[16:45:05] [277/455] AYYA
[16:45:05] [278/455] VCCZ
[16:45:06] [279/455] MEML
[16:45:07] [280/455] MAOU
[16:45:08] [281/455] ESND
[16:45:09] [282/455] PTBZ
[16:45:10] [283/455] LBCN
[16:45:10] 🔄 Identity reset
[16:45:10] 🔄 Identity rotated (every 10 requests)
[16:45:11] [284/455] PAWA
[16:45:12] [285/455] ZEIC
[16:45:13] [286/455] CGMM
[16:45:14] [287/455] PJPM
[16:45:15] [288/455] ECMR
[16:45:16] [289/455] SHMZ
[16:45:17] [290/455] STCA
[16:45:19] [291/455] VDRC
[16:45:19] [292/455] SEEM
[16:45:20] [293/455] MKNS
[16:45:20] 🔄 Identity reset
[16:45:20] 🔄 Identity rotated (every 10 requests)
[16:45:20] 🔄 Retry 1/5 for MKNS in 2.2s
[16:45:20] 🔄 Identity reset
[16:45:23] 🧠 New identity created
[16:45:23] [294/455] KPPP
[16:45:24] [295/455] CCML
[16:45:25] [296/455] CIBA
[16:45:26] [297/455] NACS
[16:45:27] [298/455] CTMK
[16:45:28] [299/455] CTCT
[16:45:29] [300/455] MCSN
[16:45:30] [301/455] MAXX
[16:45:31] [302/455] MECB
[16:45:31] 🔄 Identity reset
[16:45:31] 🔄 Identity rotated (every 10 requests)
[16:45:31] 🔄 Retry 1/5 for MECB in 2.9s
[16:45:31] 🔄 Identity reset
[16:45:34] 🧠 New identity created
[16:45:34] [303/455] NTBY
[16:45:35] [304/455] UTBI
[16:45:36] [305/455] RADK
[16:45:37] [306/455] STBY
[16:45:38] [307/455] GTBY
[16:45:39] [308/455] RRMB
[16:45:40] [309/455] ABRN
[16:45:41] [310/455] GTSG
[16:45:41] [311/455] GBTG
[16:45:41] 🔄 Identity reset
[16:45:41] 🔄 Identity rotated (every 10 requests)
[16:45:42] [312/455] SBGS
[16:45:43] [313/455] KBPM
[16:45:44] [314/455] SMHT
[16:45:45] [315/455] VTDM
[16:45:46] [316/455] ASCT
[16:45:47] [317/455] AWCT
[16:45:48] [318/455] DCCU
[16:45:48] [319/455] PSCE
[16:45:49] [320/455] KSNY
[16:45:50] [321/455] ACID
[16:45:50] 🔄 Identity reset
[16:45:50] 🔄 Identity rotated (every 10 requests)
[16:45:51] [322/455] LVCD
[16:45:52] [323/455] KSSB
[16:45:52] [324/455] SWTD
[16:45:53] [325/455] RBMR
[16:45:54] [326/455] SCBC
[16:45:55] [327/455] RKME
[16:45:56] [328/455] GALX
[16:45:57] [329/455] GCCH
[16:45:57] [330/455] RATR
[16:45:58] [331/455] GTGA
[16:45:58] 🔄 Identity reset
[16:45:58] 🔄 Identity rotated (every 10 requests)
[16:45:59] [332/455] LTTR
[16:46:00] [333/455] TTAA
[16:46:01] [334/455] TVHP
[16:46:02] [335/455] KVCS
[16:46:03] [336/455] CBMC
[16:46:04] [337/455] MAYJ
[16:46:05] [338/455] INPR
[16:46:06] [339/455] RSSC
[16:46:07] [340/455] PCAN
[16:46:08] [341/455] PVHR
[16:46:08] 🔄 Identity reset
[16:46:08] 🔄 Identity rotated (every 10 requests)
[16:46:09] [342/455] AGSM
[16:46:10] [343/455] PVES
[16:46:11] [344/455] INTO
[16:46:12] [345/455] ACON
[16:46:12] [346/455] PVPZ
[16:46:13] [347/455] PVHC
[16:46:14] [348/455] KSTK
[16:46:15] [349/455] PVSR
[16:46:16] [350/455] ACTN
[16:46:17] [351/455] FMCN
[16:46:17] 🔄 Identity reset
[16:46:18] 🔄 Identity rotated (every 10 requests)
[16:46:19] [352/455] PABC
[16:46:20] [353/455] SUTC
[16:46:20] [354/455] PGMV
[16:46:21] [355/455] GKCP
[16:46:22] [356/455] INCH
[16:46:23] [357/455] MLMT
[16:46:24] [358/455] SSCC
[16:46:25] [359/455] SLMP
[16:46:26] [360/455] VVTN
[16:46:27] [361/455] SBTR
[16:46:27] 🔄 Identity reset
[16:46:27] 🔄 Identity rotated (every 10 requests)
[16:46:28] [362/455] PGRA
[16:46:29] [363/455] PBRM
[16:46:30] [364/455] GCRP
[16:46:31] [365/455] MCSK
[16:46:32] [366/455] NLTC
[16:46:32] [367/455] MTLM
[16:46:33] [368/455] VECT
[16:46:35] [369/455] KMRM
[16:46:36] [370/455] RACM
[16:46:37] [371/455] WSTC
[16:46:37] 🔄 Identity reset
[16:46:37] 🔄 Identity rotated (every 10 requests)
[16:46:38] [372/455] PVTJ
[16:46:40] [373/455] MMKC
[16:46:41] [374/455] SVWT
[16:46:41] [375/455] JOTG
[16:46:42] [376/455] VCDK
[16:46:43] [377/455] ANAC
[16:46:44] [378/455] GRTC
[16:46:46] [379/455] JTPL
[16:46:46] [380/455] VRCP
[16:46:47] [381/455] REMC
[16:46:47] 🔄 Identity reset
[16:46:47] 🔄 Identity rotated (every 10 requests)
[16:46:47] 🔄 Retry 1/5 for REMC in 2.9s
[16:46:47] 🔄 Identity reset
[16:46:50] 🧠 New identity created
[16:46:51] [382/455] ATMG
[16:46:52] [383/455] GAHC
[16:46:54] [384/455] JTMV
[16:46:55] [385/455] OMTT
[16:46:56] [386/455] GKKC
[16:46:57] [387/455] BBPO
[16:46:59] [388/455] ZCBB
[16:46:59] [389/455] DCGO
[16:47:00] [390/455] STOP
[16:47:00] 🔄 Identity reset
[16:47:00] 🔄 Identity rotated (every 10 requests)
[16:47:00] 🔄 Retry 1/5 for STOP in 2.4s
[16:47:00] 🔄 Identity reset
[16:47:03] 🧠 New identity created
[16:47:04] [391/455] BSPC
[16:47:05] [392/455] SOND
[16:47:05] [393/455] GCKG
[16:47:06] [394/455] PCDB
[16:47:07] [395/455] PGRC
[16:47:08] [396/455] CSCT
[16:47:09] [397/455] STDA
[16:47:10] [398/455] JAYD
[16:47:11] [399/455] PPPD
[16:47:11] 🔄 Identity reset
[16:47:11] 🔄 Identity rotated (every 10 requests)
[16:47:12] [400/455] KRTT
[16:47:12] [401/455] PTDT
[16:47:13] [402/455] TRSV
[16:47:14] [403/455] VELR
[16:47:15] [404/455] STDT
[16:47:16] [405/455] SATT
[16:47:17] [406/455] KCPM
[16:47:18] [407/455] MFCP
[16:47:19] [408/455] AXMP
[16:47:20] [409/455] LTVB
[16:47:20] 🔄 Identity reset
[16:47:20] 🔄 Identity rotated (every 10 requests)
[16:47:20] [410/455] APST
[16:47:21] [411/455] DTVP
[16:47:22] [412/455] AAVB
[16:47:23] [413/455] PMBL
[16:47:24] [414/455] STKC
[16:47:25] [415/455] KKMA
[16:47:26] [416/455] NMXS
[16:47:27] [417/455] DECX
[16:47:28] [418/455] MAPJ
[16:47:29] [419/455] SMLK
[16:47:29] 🔄 Identity reset
[16:47:29] 🔄 Identity rotated (every 10 requests)
[16:47:30] [420/455] PMPU
[16:47:32] [421/455] AFST
[16:47:33] [422/455] SRSY
[16:47:33] [423/455] RMKT
[16:47:34] [424/455] RAJX
[16:47:35] [425/455] UVCD
[16:47:36] [426/455] LISA
[16:47:37] [427/455] LMSR
[16:47:37] [428/455] PMCA
[16:47:38] [429/455] INPO
[16:47:38] 🔄 Identity reset
[16:47:38] 🔄 Identity rotated (every 10 requests)
[16:47:39] [430/455] INGO
[16:47:40] [431/455] HFSQ
[16:47:41] [432/455] INMG
[16:47:42] [433/455] NYCP
[16:47:43] [434/455] HFSV
[16:47:44] [435/455] MMZP
[16:47:45] [436/455] KSES
[16:47:45] [437/455] HFSA
[16:47:46] [438/455] ACMM
[16:47:47] [439/455] RCKD
[16:47:47] 🔄 Identity reset
[16:47:47] 🔄 Identity rotated (every 10 requests)
[16:47:47] 🔄 Retry 1/5 for RCKD in 2.7s
[16:47:47] 🔄 Identity reset
[16:47:50] 🧠 New identity created
[16:47:50] 🔄 Retry 2/5 for RCKD in 4.0s
[16:47:50] 🔄 Identity reset
[16:47:54] 🧠 New identity created
[16:47:56] [440/455] BCKR
[16:47:56] [441/455] SFCO
[16:47:57] [442/455] JCCB
[16:47:58] [443/455] BCCR
[16:47:59] [444/455] NWCB
[16:48:00] [445/455] SAMT
[16:48:01] [446/455] TMST
[16:48:02] [447/455] SJCN
[16:48:02] 🔄 Identity reset
[16:48:02] 🔄 Identity rotated (every 10 requests)
[16:48:03] [448/455] MCBS
[16:48:04] [449/455] CMKR
[16:48:04] [450/455] INPM
[16:48:05] [451/455] WVMT
[16:48:07] [452/455] NYSM
[16:48:08] [453/455] RCMA
[16:48:09] [454/455] RECM
[16:48:10] [455/455] CYCM
[16:48:11] 🧹 Deduping shows
[16:48:11] ✅ DONE | Shows=5014 | Movies=89
