[21:38:47] 📍 Loaded 754 district venues
[21:38:47] 🚀 DISTRICT SCRAPER STARTED
[21:38:48] ✅ 1102311 → AUTH OK
[21:38:48] ✅ 1102175 → AUTH OK
[21:38:48] ✅ 61879 → AUTH OK
[21:38:48] ✅ 1102289 → AUTH OK
[21:38:48] ✅ 1068240 → AUTH OK
[21:38:48] ✅ 1086677 → AUTH OK
[21:38:48] ✅ 1583 → AUTH OK
[21:38:48] ✅ 1102100 → AUTH OK
[21:38:48] ✅ 1102103 → AUTH OK
[21:38:48] ✅ 20856 → AUTH OK
[21:38:48] ✅ 1068270 → AUTH OK
[21:38:48] ✅ 1096456 → AUTH OK
[21:38:48] ✅ 1101483 → AUTH OK
[21:38:48] ✅ 1101584 → AUTH OK
[21:38:48] ✅ 1102183 → AUTH OK
[21:38:48] ✅ 1020401 → AUTH OK
[21:38:48] ✅ 1067161 → AUTH OK
[21:38:48] ✅ 1102233 → AUTH OK
[21:38:48] ✅ 1102215 → AUTH OK
[21:38:48] ✅ 1102096 → AUTH OK
[21:38:48] ✅ 1102076 → AUTH OK
[21:38:48] ✅ 51512 → AUTH OK
[21:38:48] ✅ 1102127 → AUTH OK
[21:38:48] ✅ 1100725 → AUTH OK
[21:38:48] ✅ 1101397 → AUTH OK
[21:38:48] ✅ 9508 → AUTH OK
[21:38:48] ✅ 1102119 → AUTH OK
[21:38:48] ✅ 1044502 → AUTH OK
[21:38:48] ✅ 1102097 → AUTH OK
[21:38:48] ✅ 1102244 → AUTH OK
[21:38:48] ✅ 4430 → AUTH OK
[21:38:48] ✅ 1102304 → AUTH OK
[21:38:48] ✅ 1102098 → AUTH OK
[21:38:48] ✅ 1082714 → AUTH OK
[21:38:48] ✅ 1096475 → AUTH OK
[21:38:48] ✅ 1095290 → AUTH OK
[21:38:48] ✅ 1096734 → AUTH OK
[21:38:48] ✅ 1096482 → AUTH OK
[21:38:48] ✅ 539 → AUTH OK
[21:38:48] ✅ 1101355 → AUTH OK
[21:38:48] ✅ 1096524 → AUTH OK
[21:38:48] ✅ 7854 → AUTH OK
[21:38:48] ✅ 1011906 → AUTH OK
[21:38:48] ✅ 1094756 → AUTH OK
[21:38:48] ✅ 1102176 → AUTH OK
[21:38:48] ✅ 1102094 → AUTH OK
[21:38:48] ✅ 1102173 → AUTH OK
[21:38:48] ✅ 1102280 → AUTH OK
[21:38:48] ✅ 1101450 → AUTH OK
[21:38:48] ✅ 1102272 → AUTH OK
[21:38:48] ✅ 9736 → AUTH OK
[21:38:48] ✅ 1102182 → AUTH OK
[21:38:48] ✅ 1102164 → AUTH OK
[21:38:48] ✅ 1101471 → AUTH OK
[21:38:48] ✅ 1101451 → AUTH OK
[21:38:49] ✅ 1102090 → AUTH OK
[21:38:49] ✅ 1102095 → AUTH OK
[21:38:49] ✅ 1102248 → AUTH OK
[21:38:49] ✅ 1102256 → AUTH OK
[21:38:49] ✅ 1102071 → AUTH OK
[21:38:49] ✅ 1102242 → AUTH OK
[21:38:49] ✅ 1102270 → AUTH OK
[21:38:49] ✅ 1101521 → AUTH OK
[21:38:49] ✅ 1102082 → AUTH OK
[21:38:49] ✅ 1102084 → AUTH OK
[21:38:49] ✅ 7257 → AUTH OK
[21:38:49] ✅ 1102181 → AUTH OK
[21:38:49] ✅ 1101568 → AUTH OK
[21:38:49] ✅ 1102073 → AUTH OK
[21:38:49] ✅ 4222 → AUTH OK
[21:38:49] ✅ 1102165 → AUTH OK
[21:38:49] ✅ 1038431 → AUTH OK
[21:38:49] ✅ 1102277 → AUTH OK
[21:38:49] ✅ 1102253 → AUTH OK
[21:38:49] ✅ 1102299 → AUTH OK
[21:38:49] ✅ 1102265 → AUTH OK
[21:38:49] ✅ 1102269 → AUTH OK
[21:38:49] ✅ 1102047 → AUTH OK
[21:38:49] ✅ 1102174 → AUTH OK
[21:38:49] ✅ 1102273 → AUTH OK
[21:38:49] ✅ 1101590 → AUTH OK
[21:38:49] ✅ 1102291 → AUTH OK
[21:38:49] ✅ 1102166 → AUTH OK
[21:38:49] ✅ 1102080 → AUTH OK
[21:38:49] ✅ 1102213 → AUTH OK
[21:38:49] ✅ 1102184 → AUTH OK
[21:38:49] ✅ 1102261 → AUTH OK
[21:38:49] ✅ 1102129 → AUTH OK
[21:38:49] ✅ 1041690 → AUTH OK
[21:38:49] ✅ 1056145 → AUTH OK
[21:38:49] ✅ 1102247 → AUTH OK
[21:38:49] ✅ 28486 → AUTH OK
[21:38:49] ✅ 1102055 → AUTH OK
[21:38:49] ✅ 1102241 → AUTH OK
[21:38:49] ✅ 1102132 → AUTH OK
[21:38:49] ✅ 1031364 → AUTH OK
[21:38:49] ✅ 1102285 → AUTH OK
[21:38:49] ✅ 1031589 → AUTH OK
[21:38:49] ✅ 1060495 → AUTH OK
[21:38:49] ✅ 1101388 → AUTH OK
[21:38:49] ✅ 1101387 → AUTH OK
[21:38:50] ✅ 1102123 → AUTH OK
[21:38:50] ✅ 1101423 → AUTH OK
[21:38:50] ✅ 1102106 → AUTH OK
[21:38:50] ✅ 1101368 → AUTH OK
[21:38:50] ✅ 1102068 → AUTH OK
[21:38:50] ✅ 1078022 → AUTH OK
[21:38:50] ✅ 1102125 → AUTH OK
[21:38:50] ✅ 4132 → AUTH OK
[21:38:50] ✅ 1053154 → AUTH OK
[21:38:50] ✅ 1102137 → AUTH OK
[21:38:50] ✅ 1042102 → AUTH OK
[21:38:50] ✅ 1039880 → AUTH OK
[21:38:50] ✅ 1102120 → AUTH OK
[21:38:50] ✅ 1101217 → AUTH OK
[21:38:50] ✅ 1102284 → AUTH OK
[21:38:50] ✅ 1080585 → AUTH OK
[21:38:50] ✅ 1102147 → AUTH OK
[21:38:50] ✅ 1102168 → AUTH OK
[21:38:50] ✅ 1691 → AUTH OK
[21:38:50] ✅ 1100831 → AUTH OK
[21:38:50] ✅ 1078001 → AUTH OK
[21:38:50] ✅ 1102069 → AUTH OK
[21:38:50] ✅ 1102258 → AUTH OK
[21:38:50] ✅ 1041689 → AUTH OK
[21:38:50] ✅ 1101219 → AUTH OK
[21:38:50] ✅ 1102134 → AUTH OK
[21:38:50] ✅ 20834 → AUTH OK
[21:38:50] ✅ 1101452 → AUTH OK
[21:38:50] ✅ 1102067 → AUTH OK
[21:38:50] ✅ 1102276 → AUTH OK
[21:38:50] ✅ 5172 → AUTH OK
[21:38:50] ✅ 1037501 → AUTH OK
[21:38:50] ✅ 1102236 → AUTH OK
[21:38:50] ✅ 43628 → AUTH OK
[21:38:50] ✅ 4911 → AUTH OK
[21:38:50] ✅ 1102124 → AUTH OK
[21:38:50] ✅ 1102281 → AUTH OK
[21:38:50] ✅ 1102275 → AUTH OK
[21:38:50] ✅ 1094757 → AUTH OK
[21:38:50] ✅ 14699 → AUTH OK
[21:38:50] ✅ 1102294 → AUTH OK
[21:38:50] ✅ 1011900 → AUTH OK
[21:38:50] ✅ 1102078 → AUTH OK
[21:38:50] ✅ 5100 → AUTH OK
[21:38:50] ✅ 27047 → AUTH OK
[21:38:50] ✅ 1095009 → AUTH OK
[21:38:50] ✅ 1020826 → AUTH OK
[21:38:50] ✅ 1102104 → AUTH OK
[21:38:50] ✅ 1014604 → AUTH OK
[21:38:50] ✅ 1102135 → AUTH OK
[21:38:50] ✅ 14697 → AUTH OK
[21:38:51] ✅ 1027478 → AUTH OK
[21:38:51] ✅ 1052124 → AUTH OK
[21:38:51] ✅ 1101222 → AUTH OK
[21:38:51] ✅ 4175 → AUTH OK
[21:38:51] ✅ 1092638 → AUTH OK
[21:38:51] ✅ 1092639 → AUTH OK
[21:38:51] ✅ 1101523 → AUTH OK
[21:38:51] ✅ 1094680 → AUTH OK
[21:38:51] ✅ 1054725 → AUTH OK
[21:38:51] ✅ 1088547 → AUTH OK
[21:38:51] ✅ 1102239 → AUTH OK
[21:38:51] ✅ 1102075 → AUTH OK
[21:38:51] ✅ 1102228 → AUTH OK
[21:38:51] ✅ 27908 → AUTH OK
[21:38:51] ✅ 13772 → AUTH OK
[21:38:51] ✅ 1088548 → AUTH OK
[21:38:51] ✅ 1102099 → AUTH OK
[21:38:51] ✅ 1039949 → AUTH OK
[21:38:51] ✅ 1102227 → AUTH OK
[21:38:51] ✅ 1102108 → AUTH OK
[21:38:51] ✅ 1054741 → AUTH OK
[21:38:51] ✅ 1101449 → AUTH OK
[21:38:51] ✅ 11272 → AUTH OK
[21:38:51] ✅ 16605 → AUTH OK
[21:38:51] ✅ 1102107 → AUTH OK
[21:38:51] ✅ 1060262 → AUTH OK
[21:38:51] ✅ 1031592 → AUTH OK
[21:38:51] ✅ 1102121 → AUTH OK
[21:38:51] ✅ 7686 → AUTH OK
[21:38:51] ✅ 1042632 → AUTH OK
[21:38:51] ✅ 1037507 → AUTH OK
[21:38:51] ✅ 1102133 → AUTH OK
[21:38:51] ✅ 1102126 → AUTH OK
[21:38:51] ✅ 29761 → AUTH OK
[21:38:51] ✅ 4918 → AUTH OK
[21:38:51] ✅ 1102116 → AUTH OK
[21:38:51] ✅ 1102122 → AUTH OK
[21:38:51] ✅ 1101384 → AUTH OK
[21:38:51] ✅ 3943 → AUTH OK
[21:38:51] ✅ 4184 → AUTH OK
[21:38:51] ✅ 1042465 → AUTH OK
[21:38:51] ✅ 6081 → AUTH OK
[21:38:51] ✅ 1078025 → AUTH OK
[21:38:51] ✅ 1037496 → AUTH OK
[21:38:51] ✅ 1041688 → AUTH OK
[21:38:51] ✅ 1037033 → AUTH OK
[21:38:51] ✅ 1044503 → AUTH OK
[21:38:51] ✅ 1049243 → AUTH OK
[21:38:52] ✅ 1074151 → AUTH OK
[21:38:52] ✅ 11264 → AUTH OK
[21:38:52] ✅ 1065383 → AUTH OK
[21:38:52] ✅ 1102186 → AUTH OK
[21:38:52] ✅ 1040891 → AUTH OK
[21:38:52] ✅ 1093265 → AUTH OK
[21:38:52] ✅ 29998 → AUTH OK
[21:38:52] ✅ 50915 → AUTH OK
[21:38:52] ✅ 1024804 → AUTH OK
[21:38:52] ✅ 1039878 → AUTH OK
[21:38:52] ✅ 1008705 → AUTH OK
[21:38:52] ✅ 1030389 → AUTH OK
[21:38:52] ✅ 1094334 → AUTH OK
[21:38:52] ✅ 1051040 → AUTH OK
[21:38:52] ✅ 1039847 → AUTH OK
[21:38:52] ✅ 1076602 → AUTH OK
[21:38:52] ✅ 1031638 → AUTH OK
[21:38:52] ✅ 7714 → AUTH OK
[21:38:52] ✅ 1037228 → AUTH OK
[21:38:52] ✅ 1039860 → AUTH OK
[21:38:52] ✅ 1039846 → AUTH OK
[21:38:52] ✅ 1047659 → AUTH OK
[21:38:52] ✅ 1039875 → AUTH OK
[21:38:52] ✅ 4106 → AUTH OK
[21:38:52] ✅ 1031636 → AUTH OK
[21:38:52] ✅ 1009194 → AUTH OK
[21:38:52] ✅ 28206 → AUTH OK
[21:38:52] ✅ 1041687 → AUTH OK
[21:38:52] ✅ 1096733 → AUTH OK
[21:38:52] ✅ 2855 → AUTH OK
[21:38:52] ✅ 1024343 → AUTH OK
[21:38:52] ✅ 25805 → AUTH OK
[21:38:52] ✅ 9292 → AUTH OK
[21:38:52] ✅ 1001773 → AUTH OK
[21:38:52] ✅ 1097120 → AUTH OK
[21:38:52] ✅ 1039862 → AUTH OK
[21:38:52] ✅ 1039864 → AUTH OK
[21:38:52] ✅ 1036959 → AUTH OK
[21:38:52] ✅ 1089130 → AUTH OK
[21:38:52] ✅ 7258 → AUTH OK
[21:38:52] ✅ 1041672 → AUTH OK
[21:38:52] ✅ 1039850 → AUTH OK
[21:38:52] ✅ 4097 → AUTH OK
[21:38:52] ✅ 1088822 → AUTH OK
[21:38:52] ✅ 1040466 → AUTH OK
[21:38:52] ✅ 1018795 → AUTH OK
[21:38:52] ✅ 1039865 → AUTH OK
[21:38:52] ✅ 1041685 → AUTH OK
[21:38:52] ✅ 9242 → AUTH OK
[21:38:52] ✅ 25803 → AUTH OK
[21:38:52] ✅ 9365 → AUTH OK
[21:38:52] ✅ 27151 → AUTH OK
[21:38:52] ✅ 1046654 → AUTH OK
[21:38:52] ✅ 36376 → AUTH OK
[21:38:52] ✅ 1041244 → AUTH OK
[21:38:53] ✅ 44361 → AUTH OK
[21:38:53] ✅ 1098929 → AUTH OK
[21:38:53] ✅ 7543 → AUTH OK
[21:38:53] ✅ 1039851 → AUTH OK
[21:38:53] ✅ 56048 → AUTH OK
[21:38:53] ✅ 1041449 → AUTH OK
[21:38:53] ✅ 13958 → AUTH OK
[21:38:53] ✅ 7813 → AUTH OK
[21:38:53] ✅ 1039848 → AUTH OK
[21:38:53] ✅ 9920 → AUTH OK
[21:38:53] ✅ 7301 → AUTH OK
[21:38:53] ✅ 7841 → AUTH OK
[21:38:53] ✅ 14120 → AUTH OK
[21:38:53] ✅ 1039849 → AUTH OK
[21:38:53] ✅ 4693 → AUTH OK
[21:38:53] ✅ 4380 → AUTH OK
[21:38:53] ✅ 1080239 → AUTH OK
[21:38:53] ✅ 1056572 → AUTH OK
[21:38:53] ✅ 1016089 → AUTH OK
[21:38:53] ✅ 27373 → AUTH OK
[21:38:53] ✅ 1041394 → AUTH OK
[21:38:53] ✅ 1018799 → AUTH OK
[21:38:53] ✅ 1075746 → AUTH OK
[21:38:53] ✅ 1022965 → AUTH OK
[21:38:53] ✅ 1030438 → AUTH OK
[21:38:53] ✅ 4171 → AUTH OK
[21:38:53] ✅ 28968 → AUTH OK
[21:38:53] ✅ 4178 → AUTH OK
[21:38:53] ✅ 4189 → AUTH OK
[21:38:53] ✅ 60083 → AUTH OK
[21:38:53] ✅ 55733 → AUTH OK
[21:38:53] ✅ 1053400 → AUTH OK
[21:38:53] ✅ 1008456 → AUTH OK
[21:38:53] ✅ 1037518 → AUTH OK
[21:38:53] ✅ 1008418 → AUTH OK
[21:38:53] ✅ 17069 → AUTH OK
[21:38:53] ✅ 24521 → AUTH OK
[21:38:53] ✅ 9487 → AUTH OK
[21:38:53] ✅ 1041728 → AUTH OK
[21:38:53] ✅ 1037961 → AUTH OK
[21:38:53] ✅ 10940 → AUTH OK
[21:38:53] ✅ 1041743 → AUTH OK
[21:38:53] ✅ 1050791 → AUTH OK
[21:38:53] ✅ 1018652 → AUTH OK
[21:38:53] ✅ 1030504 → AUTH OK
[21:38:53] ✅ 25804 → AUTH OK
[21:38:53] ✅ 55272 → AUTH OK
[21:38:53] ✅ 1053618 → AUTH OK
[21:38:53] ✅ 1049666 → AUTH OK
[21:38:53] ✅ 1016088 → AUTH OK
[21:38:54] ✅ 1037525 → AUTH OK
[21:38:54] ✅ 60085 → AUTH OK
[21:38:54] ✅ 1042635 → AUTH OK
[21:38:54] ✅ 1016053 → AUTH OK
[21:38:54] ✅ 1042640 → AUTH OK
[21:38:54] ✅ 1011174 → AUTH OK
[21:38:54] ✅ 4248 → AUTH OK
[21:38:54] ✅ 1007054 → AUTH OK
[21:38:54] ✅ 4891 → AUTH OK
[21:38:54] ✅ 1036962 → AUTH OK
[21:38:54] ✅ 1037502 → AUTH OK
[21:38:54] ✅ 1037511 → AUTH OK
[21:38:54] ✅ 1042615 → AUTH OK
[21:38:54] ✅ 28925 → AUTH OK
[21:38:54] ✅ 1042453 → AUTH OK
[21:38:54] ✅ 4232 → AUTH OK
[21:38:54] ✅ 3981 → AUTH OK
[21:38:54] ✅ 5059 → AUTH OK
[21:38:54] ✅ 3960 → AUTH OK
[21:38:54] ✅ 3910 → AUTH OK
[21:38:54] ✅ 1016133 → AUTH OK
[21:38:54] ✅ 14702 → AUTH OK
[21:38:54] ✅ 1037526 → AUTH OK
[21:38:54] ✅ 19528 → AUTH OK
[21:38:54] ✅ 22684 → AUTH OK
[21:38:54] ✅ 1041504 → AUTH OK
[21:38:54] ✅ 6044 → AUTH OK
[21:38:54] ✅ 4028 → AUTH OK
[21:38:54] ✅ 32194 → AUTH OK
[21:38:54] ✅ 14694 → AUTH OK
[21:38:54] ✅ 7534 → AUTH OK
[21:38:54] ✅ 1012595 → AUTH OK
[21:38:54] ✅ 7881 → AUTH OK
[21:38:54] ✅ 4008 → AUTH OK
[21:38:54] ✅ 1067946 → AUTH OK
[21:38:54] ✅ 25860 → AUTH OK
[21:38:54] ✅ 4067 → AUTH OK
[21:38:54] ✅ 9135 → AUTH OK
[21:38:54] ✅ 58633 → AUTH OK
[21:38:54] ✅ 6057 → AUTH OK
[21:38:54] ✅ 43348 → AUTH OK
[21:38:54] ✅ 1019166 → AUTH OK
[21:38:54] ✅ 10250 → AUTH OK
[21:38:54] ✅ 1092958 → AUTH OK
[21:38:54] ✅ 1050645 → AUTH OK
[21:38:54] ✅ 1089067 → AUTH OK
[21:38:54] ✅ 1005799 → AUTH OK
[21:38:54] ✅ 1005798 → AUTH OK
[21:38:54] ✅ 1025291 → AUTH OK
[21:38:54] ✅ 1018798 → AUTH OK
[21:38:54] ✅ 1020333 → AUTH OK
[21:38:54] ✅ 1037530 → AUTH OK
[21:38:55] ✅ 1091219 → AUTH OK
[21:38:55] ✅ 1034375 → AUTH OK
[21:38:55] ✅ 4608 → AUTH OK
[21:38:55] ✅ 1058533 → AUTH OK
[21:38:55] ✅ 1041725 → AUTH OK
[21:38:55] ✅ 1044095 → AUTH OK
[21:38:55] ✅ 27150 → AUTH OK
[21:38:55] ✅ 1058794 → AUTH OK
[21:38:55] ✅ 1034383 → AUTH OK
[21:38:55] ✅ 1033632 → AUTH OK
[21:38:55] ✅ 1023626 → AUTH OK
[21:38:55] ✅ 1015291 → AUTH OK
[21:38:55] ✅ 1034254 → AUTH OK
[21:38:55] ✅ 1019593 → AUTH OK
[21:38:55] ✅ 27715 → AUTH OK
[21:38:55] ✅ 27716 → AUTH OK
[21:38:55] ✅ 1034186 → AUTH OK
[21:38:55] ✅ 1013208 → AUTH OK
[21:38:55] ✅ 1039768 → AUTH OK
[21:38:55] ✅ 4042 → AUTH OK
[21:38:55] ✅ 44966 → AUTH OK
[21:38:55] ✅ 1039751 → AUTH OK
[21:38:55] ✅ 1015289 → AUTH OK
[21:38:55] ✅ 7747 → AUTH OK
[21:38:55] ✅ 24929 → AUTH OK
[21:38:55] ✅ 1063761 → AUTH OK
[21:38:55] ✅ 496 → AUTH OK
[21:38:55] ✅ 1016986 → AUTH OK
[21:38:55] ✅ 4306 → AUTH OK
[21:38:55] ✅ 24351 → AUTH OK
[21:38:55] ✅ 1088790 → AUTH OK
[21:38:55] ✅ 1020288 → AUTH OK
[21:38:55] ✅ 4217 → AUTH OK
[21:38:55] ✅ 1088803 → AUTH OK
[21:38:55] ✅ 1037520 → AUTH OK
[21:38:55] ✅ 9373 → AUTH OK
[21:38:55] ✅ 1037142 → AUTH OK
[21:38:55] ✅ 52996 → AUTH OK
[21:38:55] ✅ 1039424 → AUTH OK
[21:38:55] ✅ 1067686 → AUTH OK
[21:38:55] ✅ 7752 → AUTH OK
[21:38:55] ✅ 1053939 → AUTH OK
[21:38:55] ✅ 1015795 → AUTH OK
[21:38:55] ✅ 1036961 → AUTH OK
[21:38:55] ✅ 15527 → AUTH OK
[21:38:55] ✅ 26401 → AUTH OK
[21:38:55] ✅ 7222 → AUTH OK
[21:38:55] ✅ 31987 → AUTH OK
[21:38:55] ✅ 4332 → AUTH OK
[21:38:55] ✅ 1041692 → AUTH OK
[21:38:55] ✅ 16791 → AUTH OK
[21:38:55] ✅ 1063452 → AUTH OK
[21:38:56] ✅ 44366 → AUTH OK
[21:38:56] ✅ 1020190 → AUTH OK
[21:38:56] ✅ 6093 → AUTH OK
[21:38:56] ✅ 28214 → AUTH OK
[21:38:56] ✅ 509 → AUTH OK
[21:38:56] ✅ 1003802 → AUTH OK
[21:38:56] ✅ 22305 → AUTH OK
[21:38:56] ✅ 1003773 → AUTH OK
[21:38:56] ✅ 9420 → AUTH OK
[21:38:56] ✅ 1008409 → AUTH OK
[21:38:56] ✅ 1083399 → AUTH OK
[21:38:56] ✅ 5041 → AUTH OK
[21:38:56] ✅ 1030422 → AUTH OK
[21:38:56] ✅ 1065451 → AUTH OK
[21:38:56] ✅ 30524 → AUTH OK
[21:38:56] ✅ 1005991 → AUTH OK
[21:38:56] ✅ 1041753 → AUTH OK
[21:38:56] ✅ 1008335 → AUTH OK
[21:38:56] ✅ 4902 → AUTH OK
[21:38:56] ✅ 32294 → AUTH OK
[21:38:56] ✅ 25938 → AUTH OK
[21:38:56] ✅ 522 → AUTH OK
[21:38:56] ✅ 1039877 → AUTH OK
[21:38:56] ✅ 4739 → AUTH OK
[21:38:56] ✅ 26230 → AUTH OK
[21:38:56] ✅ 9411 → AUTH OK
[21:38:56] ✅ 1040228 → AUTH OK
[21:38:56] ✅ 9413 → AUTH OK
[21:38:56] ✅ 62637 → AUTH OK
[21:38:56] ✅ 4107 → AUTH OK
[21:38:56] ✅ 1039842 → AUTH OK
[21:38:56] ✅ 25808 → AUTH OK
[21:38:56] ✅ 1021922 → AUTH OK
[21:38:56] ✅ 25011 → AUTH OK
[21:38:56] ✅ 26676 → AUTH OK
[21:38:56] ✅ 1005804 → AUTH OK
[21:38:56] ✅ 1037345 → AUTH OK
[21:38:56] ✅ 1012189 → AUTH OK
[21:38:56] ✅ 14166 → AUTH OK
[21:38:56] ✅ 1037532 → AUTH OK
[21:38:56] ✅ 1040731 → AUTH OK
[21:38:56] ✅ 9350 → AUTH OK
[21:38:56] ✅ 9424 → AUTH OK
[21:38:56] ✅ 36879 → AUTH OK
[21:38:56] ✅ 9551 → AUTH OK
[21:38:56] ✅ 1041505 → AUTH OK
[21:38:56] ✅ 1039272 → AUTH OK
[21:38:56] ✅ 1005797 → AUTH OK
[21:38:56] ✅ 4733 → AUTH OK
[21:38:56] ✅ 4036 → AUTH OK
[21:38:56] ✅ 1034324 → AUTH OK
[21:38:56] ✅ 1008404 → AUTH OK
[21:38:56] ✅ 9474 → AUTH OK
[21:38:56] ✅ 4272 → AUTH OK
[21:38:56] ✅ 7350 → AUTH OK
[21:38:56] ✅ 1037506 → AUTH OK
[21:38:56] ✅ 1042439 → AUTH OK
[21:38:56] ✅ 9491 → AUTH OK
[21:38:57] ✅ 4045 → AUTH OK
[21:38:57] ✅ 1031296 → AUTH OK
[21:38:57] ✅ 14669 → AUTH OK
[21:38:57] ✅ 1071622 → AUTH OK
[21:38:57] ✅ 18823 → AUTH OK
[21:38:57] ✅ 1012081 → AUTH OK
[21:38:57] ✅ 1025740 → AUTH OK
[21:38:57] ✅ 5058 → AUTH OK
[21:38:57] ✅ 1037523 → AUTH OK
[21:38:57] ✅ 4725 → AUTH OK
[21:38:57] ✅ 26640 → AUTH OK
[21:38:57] ✅ 1014990 → AUTH OK
[21:38:57] ✅ 9132 → AUTH OK
[21:38:57] ✅ 1052503 → AUTH OK
[21:38:57] ✅ 1065987 → AUTH OK
[21:38:57] ✅ 42945 → AUTH OK
[21:38:57] ✅ 1015840 → AUTH OK
[21:38:57] ✅ 1027903 → AUTH OK
[21:38:57] ✅ 4715 → AUTH OK
[21:38:57] ✅ 1036772 → AUTH OK
[21:38:57] ✅ 46485 → AUTH OK
[21:38:57] ✅ 1041496 → AUTH OK
[21:38:57] ✅ 1015442 → AUTH OK
[21:38:57] ✅ 1064038 → AUTH OK
[21:38:57] ✅ 1037514 → AUTH OK
[21:38:57] ✅ 4050 → AUTH OK
[21:38:57] ✅ 7137 → AUTH OK
[21:38:57] ✅ 1016381 → AUTH OK
[21:38:57] ✅ 27219 → AUTH OK
[21:38:57] ✅ 18460 → AUTH OK
[21:38:57] ✅ 51499 → AUTH OK
[21:38:57] ✅ 1020453 → AUTH OK
[21:38:57] ✅ 7679 → AUTH OK
[21:38:57] ✅ 1041473 → AUTH OK
[21:38:57] ✅ 7618 → AUTH OK
[21:38:57] ✅ 16522 → AUTH OK
[21:38:57] ✅ 9136 → AUTH OK
[21:38:57] ✅ 4051 → AUTH OK
[21:38:57] ✅ 5145 → AUTH OK
[21:38:57] ✅ 1020547 → AUTH OK
[21:38:57] ✅ 1041242 → AUTH OK
[21:38:57] ✅ 1041458 → AUTH OK
[21:38:57] ✅ 1037510 → AUTH OK
[21:38:57] ✅ 1084553 → AUTH OK
[21:38:57] ✅ 1041393 → AUTH OK
[21:38:57] ✅ 1075745 → AUTH OK
[21:38:57] ✅ 1015286 → AUTH OK
[21:38:57] ✅ 3965 → AUTH OK
[21:38:57] ✅ 1037531 → AUTH OK
[21:38:57] ✅ 1032461 → AUTH OK
[21:38:57] ✅ 9384 → AUTH OK
[21:38:57] ✅ 1039840 → AUTH OK
[21:38:58] ✅ 7232 → AUTH OK
[21:38:58] ✅ 1032460 → AUTH OK
[21:38:58] ✅ 25045 → AUTH OK
[21:38:58] ✅ 9174 → AUTH OK
[21:38:58] ✅ 25571 → AUTH OK
[21:38:58] ✅ 26281 → AUTH OK
[21:38:58] ✅ 1016383 → AUTH OK
[21:38:58] ✅ 30784 → AUTH OK
[21:38:58] ✅ 9194 → AUTH OK
[21:38:58] ✅ 1037491 → AUTH OK
[21:38:58] ✅ 1037503 → AUTH OK
[21:38:58] ✅ 1037527 → AUTH OK
[21:38:58] ✅ 9246 → AUTH OK
[21:38:58] ✅ 55853 → AUTH OK
[21:38:58] ✅ 1041239 → AUTH OK
[21:38:58] ✅ 25181 → AUTH OK
[21:38:58] ✅ 1007282 → AUTH OK
[21:38:58] ✅ 55466 → AUTH OK
[21:38:58] ✅ 1015975 → AUTH OK
[21:38:58] ✅ 5182 → AUTH OK
[21:38:58] ✅ 3896 → AUTH OK
[21:38:58] ✅ 18164 → AUTH OK
[21:38:58] ✅ 9285 → AUTH OK
[21:38:58] ✅ 1037517 → AUTH OK
[21:38:58] ✅ 1035744 → AUTH OK
[21:38:58] ✅ 19513 → AUTH OK
[21:38:58] ✅ 1088811 → AUTH OK
[21:38:58] ✅ 1042605 → AUTH OK
[21:38:58] ✅ 62250 → AUTH OK
[21:38:58] ✅ 1037516 → AUTH OK
[21:38:58] ✅ 1012280 → AUTH OK
[21:38:58] ✅ 1041804 → AUTH OK
[21:38:58] ✅ 1032901 → AUTH OK
[21:38:58] ✅ 1040181 → AUTH OK
[21:38:58] ✅ 1003767 → AUTH OK
[21:38:58] ✅ 5150 → AUTH OK
[21:38:58] ✅ 7293 → AUTH OK
[21:38:58] ✅ 16523 → AUTH OK
[21:38:58] ✅ 1029684 → AUTH OK
[21:38:58] ✅ 4889 → AUTH OK
[21:38:58] ✅ 5220 → AUTH OK
[21:38:58] ✅ 14354 → AUTH OK
[21:38:58] ✅ 1037521 → AUTH OK
[21:38:58] ✅ 1020338 → AUTH OK
[21:38:58] ✅ 1047917 → AUTH OK
[21:38:58] ✅ 1041199 → AUTH OK
[21:38:58] ✅ 6119 → AUTH OK
[21:38:58] ✅ 1056892 → AUTH OK
[21:38:58] ✅ 4919 → AUTH OK
[21:38:58] ✅ 1061843 → AUTH OK
[21:38:58] ✅ 1052727 → AUTH OK
[21:38:58] ✅ 1084822 → AUTH OK
[21:38:59] ✅ 1036383 → AUTH OK
[21:38:59] ✅ 4780 → AUTH OK
[21:38:59] ✅ 1041683 → AUTH OK
[21:38:59] ✅ 9784 → AUTH OK
[21:38:59] ✅ 1050804 → AUTH OK
[21:38:59] ✅ 29954 → AUTH OK
[21:38:59] ✅ 9661 → AUTH OK
[21:38:59] ✅ 17483 → AUTH OK
[21:38:59] ✅ 28235 → AUTH OK
[21:38:59] ✅ 4910 → AUTH OK
[21:38:59] ✅ 7537 → AUTH OK
[21:38:59] ✅ 1018468 → AUTH OK
[21:38:59] ✅ 1033177 → AUTH OK
[21:38:59] ✅ 1041732 → AUTH OK
[21:38:59] ✅ 7826 → AUTH OK
[21:38:59] ✅ 25281 → AUTH OK
[21:38:59] ✅ 1041726 → AUTH OK
[21:38:59] ✅ 27725 → AUTH OK
[21:38:59] ✅ 4852 → AUTH OK
[21:38:59] ✅ 1030383 → AUTH OK
[21:38:59] ✅ 1006037 → AUTH OK
[21:38:59] ✅ 3145 → AUTH OK
[21:38:59] ✅ 9150 → AUTH OK
[21:38:59] ✅ 1013210 → AUTH OK
[21:38:59] ✅ 7814 → AUTH OK
[21:38:59] ✅ 1041465 → AUTH OK
[21:38:59] ✅ 7753 → AUTH OK
[21:38:59] ✅ 1055922 → AUTH OK
[21:38:59] ✅ 19110 → AUTH OK
[21:38:59] ✅ 1074202 → AUTH OK
[21:38:59] ✅ 58822 → AUTH OK
[21:38:59] ✅ 28863 → AUTH OK
[21:38:59] ✅ 1028118 → AUTH OK
[21:38:59] ✅ 9044 → AUTH OK
[21:38:59] ✅ 4163 → AUTH OK
[21:38:59] ✅ 7856 → AUTH OK
[21:38:59] ✅ 4340 → AUTH OK
[21:38:59] ✅ 6096 → AUTH OK
[21:38:59] ✅ 7312 → AUTH OK
[21:38:59] ✅ 1050768 → AUTH OK
[21:38:59] ✅ 4255 → AUTH OK
[21:38:59] ✅ 27432 → AUTH OK
[21:38:59] ✅ 4904 → AUTH OK
[21:38:59] ✅ 4379 → AUTH OK
[21:38:59] ✅ 5080 → AUTH OK
[21:38:59] ✅ 7260 → AUTH OK
[21:38:59] ✅ 1019687 → AUTH OK
[21:38:59] ✅ 1088778 → AUTH OK
[21:38:59] ✅ 9131 → AUTH OK
[21:38:59] ✅ 4425 → AUTH OK
[21:38:59] ✅ 1041566 → AUTH OK
[21:38:59] ✅ 1020350 → AUTH OK
[21:38:59] ✅ 7627 → AUTH OK
[21:38:59] ✅ 1042822 → AUTH OK
[21:38:59] ✅ 1398 → AUTH OK
[21:38:59] ✅ 5105 → AUTH OK
[21:38:59] ✅ 1026095 → AUTH OK
[21:38:59] ✅ 30441 → AUTH OK
[21:39:00] ✅ 1041211 → AUTH OK
[21:39:00] ✅ 1041495 → AUTH OK
[21:39:00] ✅ 1014297 → AUTH OK
[21:39:00] ✅ 1039748 → AUTH OK
[21:39:00] ✅ 19289 → AUTH OK
[21:39:00] ✅ 6079 → AUTH OK
[21:39:00] ✅ 19294 → AUTH OK
[21:39:00] ✅ 1033524 → AUTH OK
[21:39:00] ✅ 1054202 → AUTH OK
[21:39:00] ✅ 1031639 → AUTH OK
[21:39:00] ✅ 1041691 → AUTH OK
[21:39:00] ✅ 1009967 → AUTH OK
[21:39:00] ✅ 26729 → AUTH OK
[21:39:00] ✅ 29510 → AUTH OK
[21:39:00] ✅ 1031640 → AUTH OK
[21:39:00] ✅ 9176 → AUTH OK
[21:39:00] ✅ 10268 → AUTH OK
[21:39:00] ✅ 24522 → AUTH OK
[21:39:00] ✅ 1013662 → AUTH OK
[21:39:00] ✅ 43960 → AUTH OK
[21:39:00] ✅ 7308 → AUTH OK
[21:39:00] ✅ 1055117 → AUTH OK
[21:39:00] ✅ 9780 → AUTH OK
[21:39:00] ✅ 32811 → AUTH OK
[21:39:00] ✅ 12947 → AUTH OK
[21:39:00] ✅ 1066216 → AUTH OK
[21:39:00] ✅ 54684 → AUTH OK
[21:39:00] ✅ 33645 → AUTH OK
[21:39:00] ✅ 984 → AUTH OK
[21:39:00] ✅ 1039923 → AUTH OK
[21:39:00] ✅ 1041684 → AUTH OK
[21:39:00] ✅ 1041782 → AUTH OK
[21:39:00] ✅ 1041729 → AUTH OK
[21:39:00] ✅ 1018796 → AUTH OK
[21:39:00] ✅ 1030384 → AUTH OK
[21:39:00] ✅ 4714 → AUTH OK
[21:39:00] ✅ 22884 → AUTH OK
[21:39:00] ✅ 482 → AUTH OK
[21:39:00] ✅ 9527 → AUTH OK
[21:39:00] ✅ 9291 → AUTH OK
[21:39:00] ✅ 9653 → AUTH OK
[21:39:00] ✅ 4881 → AUTH OK
[21:39:00] ✅ 1008441 → AUTH OK
[21:39:00] ✅ 1056146 → AUTH OK
[21:39:00] ✅ 1065452 → AUTH OK
[21:39:00] ✅ 476 → AUTH OK
[21:39:00] ✅ 24767 → AUTH OK
[21:39:00] ✅ 1039863 → AUTH OK
[21:39:00] ✅ 1078620 → AUTH OK
[21:39:00] ✅ 5103 → AUTH OK
[21:39:00] ✅ 15614 → AUTH OK
[21:39:01] ✅ 1089364 → AUTH OK
[21:39:01] ✅ 6035 → AUTH OK
[21:39:01] ✅ 1075662 → AUTH OK
[21:39:01] ✅ 1049289 → AUTH OK
[21:39:01] ✅ 1035939 → AUTH OK
[21:39:01] ✅ 3976 → AUTH OK
[21:39:01] ✅ 1019544 → AUTH OK
[21:39:01] ✅ 1049288 → AUTH OK
[21:39:01] ✅ 14703 → AUTH OK
[21:39:01] ✅ 1004633 → AUTH OK
[21:39:01] ✅ 1054735 → AUTH OK
[21:39:01] ✅ 1054736 → AUTH OK
[21:39:01] ✅ 52682 → AUTH OK
[21:39:01] ✅ 1041567 → AUTH OK
[21:39:01] ✅ 1092992 → AUTH OK
[21:39:01] ✅ 1027244 → AUTH OK
[21:39:01] ✅ 5061 → AUTH OK
[21:39:01] ✅ 26294 → AUTH OK
[21:39:01] ✅ 25008 → AUTH OK
[21:39:01] ✅ 31792 → AUTH OK
[21:39:01] ✅ 62907 → AUTH OK
[21:39:01] ✅ 1054730 → AUTH OK
[21:39:01] ✅ 1042215 → AUTH OK
[21:39:01] ✅ 3906 → AUTH OK
[21:39:01] ✅ 1056839 → AUTH OK
[21:39:01] ✅ 38446 → AUTH OK
[21:39:01] ✅ 1024041 → AUTH OK
[21:39:01] ✅ 1009010 → AUTH OK
[21:39:01] ✅ 1032344 → AUTH OK
[21:39:01] ✅ 1009117 → AUTH OK
[21:39:01] ✅ 1059680 → AUTH OK
[21:39:01] ✅ 6121 → AUTH OK
[21:39:01] ✅ 4976 → AUTH OK
[21:39:01] ✅ 49852 → AUTH OK
[21:39:01] ✅ 4124 → AUTH OK
[21:39:01] ✅ 1056846 → AUTH OK
[21:39:01] ✅ 1036955 → AUTH OK
[21:39:01] ✅ 24880 → AUTH OK
[21:39:01] ✅ 1068242 → AUTH OK
[21:39:01] ✅ 1025576 → AUTH OK
[21:39:01] ✅ 9041 → AUTH OK
[21:39:01] ✅ 39874 → AUTH OK
[21:39:01] ✅ 1021629 → AUTH OK
[21:39:01] ✅ 15526 → AUTH OK
[21:39:01] ✅ 1088219 → AUTH OK
[21:39:01] ✅ 1020755 → AUTH OK
[21:39:01] ✅ 9100 → AUTH OK
[21:39:01] ✅ 9169 → AUTH OK
[21:39:01] ✅ 9504 → AUTH OK
[21:39:01] ✅ 4038 → AUTH OK
[21:39:01] ✅ 9368 → AUTH OK
[21:39:01] ✅ 24246 → AUTH OK
[21:39:01] ✅ 4890 → AUTH OK
[21:39:02] ✅ 1054742 → AUTH OK
[21:39:02] ✅ 1004635 → AUTH OK
[21:39:02] ✅ 1053536 → AUTH OK
[21:39:02] ✅ 10255 → AUTH OK
[21:39:02] ✅ 1036114 → AUTH OK
[21:39:02] ✅ 31788 → AUTH OK
[21:39:02] ✅ 56144 → AUTH OK
[21:39:02] ✅ 1013355 → AUTH OK
[21:39:02] ✅ 1082851 → AUTH OK
[21:39:02] ✅ 1012136 → AUTH OK
[21:39:02] ✅ 7504 → AUTH OK
[21:39:02] ✅ 10270 → AUTH OK
[21:39:02] ✅ 4174 → AUTH OK
[21:39:02] ✅ 24981 → AUTH OK
[21:39:02] ✅ 1003803 → AUTH OK
[21:39:02] ✅ 1053155 → AUTH OK
[21:39:02] ✅ 7511 → AUTH OK
[21:39:02] ✅ 1004634 → AUTH OK
[21:39:02] ✅ 1011192 → AUTH OK
[21:39:02] ✅ 1028879 → AUTH OK
[21:39:03] ✅ 9497 → AUTH OK
[21:39:03] ✅ Fetched 275 venues with shows
[21:39:04] ✅ DONE | Shows=1521 | Movies=29
[03:42:12] 📍 Loaded 754 district venues
[03:42:12] 🚀 DISTRICT SCRAPER STARTED
[03:42:12] ✅ 20856 → AUTH OK
[03:42:12] ✅ 1020401 → AUTH OK
[03:42:13] ✅ 61879 → AUTH OK
[03:42:13] ✅ 1101584 → AUTH OK
[03:42:13] ✅ 1102100 → AUTH OK
[03:42:13] ✅ 1067161 → AUTH OK
[03:42:13] ✅ 1102103 → AUTH OK
[03:42:13] ✅ 1101483 → AUTH OK
[03:42:13] ✅ 1102096 → AUTH OK
[03:42:13] ✅ 1102311 → AUTH OK
[03:42:13] ✅ 1102233 → AUTH OK
[03:42:13] ✅ 1583 → AUTH OK
[03:42:13] ✅ 1068240 → AUTH OK
[03:42:13] ✅ 1086677 → AUTH OK
[03:42:13] ✅ 1102183 → AUTH OK
[03:42:13] ✅ 1102289 → AUTH OK
[03:42:13] ✅ 1102244 → AUTH OK
[03:42:13] ✅ 51512 → AUTH OK
[03:42:13] ✅ 1102127 → AUTH OK
[03:42:13] ✅ 1044502 → AUTH OK
[03:42:13] ✅ 1102098 → AUTH OK
[03:42:13] ✅ 4430 → AUTH OK
[03:42:13] ✅ 539 → AUTH OK
[03:42:13] ✅ 1102097 → AUTH OK
[03:42:13] ✅ 1102076 → AUTH OK
[03:42:13] ✅ 1100725 → AUTH OK
[03:42:13] ✅ 1082714 → AUTH OK
[03:42:13] ✅ 1101397 → AUTH OK
[03:42:13] ✅ 1102304 → AUTH OK
[03:42:13] ✅ 1101355 → AUTH OK
[03:42:13] ✅ 9508 → AUTH OK
[03:42:13] ✅ 1102119 → AUTH OK
[03:42:13] ✅ 1096456 → AUTH OK
[03:42:13] ✅ 1096482 → AUTH OK
[03:42:13] ✅ 7854 → AUTH OK
[03:42:13] ✅ 1096734 → AUTH OK
[03:42:13] ✅ 1096475 → AUTH OK
[03:42:13] ✅ 1102094 → AUTH OK
[03:42:13] ✅ 1096524 → AUTH OK
[03:42:13] ✅ 1102280 → AUTH OK
[03:42:13] ✅ 1095290 → AUTH OK
[03:42:13] ✅ 1094756 → AUTH OK
[03:42:13] ✅ 1102215 → AUTH OK
[03:42:13] ✅ 1011906 → AUTH OK
[03:42:13] ✅ 1102173 → AUTH OK
[03:42:13] ✅ 1102186 → AUTH OK
[03:42:13] ✅ 1101450 → AUTH OK
[03:42:13] ✅ 1102176 → AUTH OK
[03:42:13] ✅ 9736 → AUTH OK
[03:42:13] ✅ 1102272 → AUTH OK
[03:42:13] ✅ 1068270 → AUTH OK
[03:42:13] ✅ 1102095 → AUTH OK
[03:42:13] ✅ 1102175 → AUTH OK
[03:42:14] ✅ 1101471 → AUTH OK
[03:42:14] ✅ 1102164 → AUTH OK
[03:42:14] ✅ 1102090 → AUTH OK
[03:42:14] ✅ 1102270 → AUTH OK
[03:42:14] ✅ 4222 → AUTH OK
[03:42:14] ✅ 1102248 → AUTH OK
[03:42:14] ✅ 1102071 → AUTH OK
[03:42:14] ✅ 7257 → AUTH OK
[03:42:14] ✅ 1102182 → AUTH OK
[03:42:14] ✅ 1102256 → AUTH OK
[03:42:14] ✅ 1102165 → AUTH OK
[03:42:14] ✅ 1102242 → AUTH OK
[03:42:14] ✅ 1102082 → AUTH OK
[03:42:14] ✅ 1102181 → AUTH OK
[03:42:14] ✅ 1101521 → AUTH OK
[03:42:14] ✅ 1101451 → AUTH OK
[03:42:14] ✅ 1102073 → AUTH OK
[03:42:14] ✅ 1102084 → AUTH OK
[03:42:14] ✅ 1102277 → AUTH OK
[03:42:14] ✅ 1101568 → AUTH OK
[03:42:14] ✅ 1102269 → AUTH OK
[03:42:14] ✅ 1038431 → AUTH OK
[03:42:14] ✅ 1102299 → AUTH OK
[03:42:14] ✅ 1102273 → AUTH OK
[03:42:14] ✅ 1102047 → AUTH OK
[03:42:14] ✅ 1102253 → AUTH OK
[03:42:14] ✅ 1102265 → AUTH OK
[03:42:14] ✅ 1102174 → AUTH OK
[03:42:14] ✅ 1102166 → AUTH OK
[03:42:14] ✅ 1101590 → AUTH OK
[03:42:14] ✅ 1102213 → AUTH OK
[03:42:14] ✅ 1102080 → AUTH OK
[03:42:14] ✅ 1056145 → AUTH OK
[03:42:14] ✅ 1102241 → AUTH OK
[03:42:14] ✅ 1102184 → AUTH OK
[03:42:14] ✅ 1041690 → AUTH OK
[03:42:14] ✅ 1102291 → AUTH OK
[03:42:14] ✅ 1102261 → AUTH OK
[03:42:14] ✅ 1102247 → AUTH OK
[03:42:14] ✅ 28486 → AUTH OK
[03:42:14] ✅ 1102129 → AUTH OK
[03:42:14] ✅ 1102055 → AUTH OK
[03:42:14] ✅ 1102132 → AUTH OK
[03:42:14] ✅ 1101387 → AUTH OK
[03:42:14] ✅ 1060495 → AUTH OK
[03:42:14] ✅ 1031364 → AUTH OK
[03:42:14] ✅ 1101423 → AUTH OK
[03:42:14] ✅ 1102106 → AUTH OK
[03:42:14] ✅ 1101388 → AUTH OK
[03:42:14] ✅ 1101368 → AUTH OK
[03:42:14] ✅ 1691 → AUTH OK
[03:42:14] ✅ 1031589 → AUTH OK
[03:42:14] ✅ 1102285 → AUTH OK
[03:42:14] ✅ 1102137 → AUTH OK
[03:42:14] ✅ 1042102 → AUTH OK
[03:42:14] ✅ 1102123 → AUTH OK
[03:42:14] ✅ 1053154 → AUTH OK
[03:42:14] ✅ 1102068 → AUTH OK
[03:42:14] ✅ 1102125 → AUTH OK
[03:42:14] ✅ 1078022 → AUTH OK
[03:42:15] ✅ 4132 → AUTH OK
[03:42:15] ✅ 1080585 → AUTH OK
[03:42:15] ✅ 1039880 → AUTH OK
[03:42:15] ✅ 1101217 → AUTH OK
[03:42:15] ✅ 1102284 → AUTH OK
[03:42:15] ✅ 1102120 → AUTH OK
[03:42:15] ✅ 1102258 → AUTH OK
[03:42:15] ✅ 1100831 → AUTH OK
[03:42:15] ✅ 1102147 → AUTH OK
[03:42:15] ✅ 1102168 → AUTH OK
[03:42:15] ✅ 1078001 → AUTH OK
[03:42:15] ✅ 1102067 → AUTH OK
[03:42:15] ✅ 1037501 → AUTH OK
[03:42:15] ✅ 1102134 → AUTH OK
[03:42:15] ✅ 20834 → AUTH OK
[03:42:15] ✅ 1101219 → AUTH OK
[03:42:15] ✅ 1041689 → AUTH OK
[03:42:15] ✅ 1102069 → AUTH OK
[03:42:15] ✅ 5172 → AUTH OK
[03:42:15] ✅ 1102276 → AUTH OK
[03:42:15] ✅ 1101452 → AUTH OK
[03:42:15] ✅ 1102124 → AUTH OK
[03:42:15] ✅ 4911 → AUTH OK
[03:42:15] ✅ 1102281 → AUTH OK
[03:42:15] ✅ 1102236 → AUTH OK
[03:42:15] ✅ 43628 → AUTH OK
[03:42:15] ✅ 1102078 → AUTH OK
[03:42:15] ✅ 1102294 → AUTH OK
[03:42:15] ✅ 1094757 → AUTH OK
[03:42:15] ✅ 14699 → AUTH OK
[03:42:15] ✅ 1102275 → AUTH OK
[03:42:15] ✅ 1095009 → AUTH OK
[03:42:15] ✅ 1020826 → AUTH OK
[03:42:15] ✅ 1102135 → AUTH OK
[03:42:15] ✅ 1102104 → AUTH OK
[03:42:15] ✅ 1014604 → AUTH OK
[03:42:15] ✅ 27047 → AUTH OK
[03:42:15] ✅ 5100 → AUTH OK
[03:42:15] ✅ 14697 → AUTH OK
[03:42:15] ✅ 1011900 → AUTH OK
[03:42:15] ✅ 1027478 → AUTH OK
[03:42:15] ✅ 1052124 → AUTH OK
[03:42:15] ✅ 4175 → AUTH OK
[03:42:15] ✅ 1092638 → AUTH OK
[03:42:15] ✅ 1102228 → AUTH OK
[03:42:15] ✅ 1054725 → AUTH OK
[03:42:15] ✅ 1088548 → AUTH OK
[03:42:15] ✅ 1088547 → AUTH OK
[03:42:15] ✅ 1092639 → AUTH OK
[03:42:15] ✅ 1101523 → AUTH OK
[03:42:15] ✅ 1102239 → AUTH OK
[03:42:15] ✅ 27908 → AUTH OK
[03:42:15] ✅ 1094680 → AUTH OK
[03:42:15] ✅ 1102075 → AUTH OK
[03:42:15] ✅ 13772 → AUTH OK
[03:42:16] ✅ 1102099 → AUTH OK
[03:42:16] ✅ 1039949 → AUTH OK
[03:42:16] ✅ 16605 → AUTH OK
[03:42:16] ✅ 1054741 → AUTH OK
[03:42:16] ✅ 11272 → AUTH OK
[03:42:16] ✅ 1101449 → AUTH OK
[03:42:16] ✅ 1102108 → AUTH OK
[03:42:16] ✅ 1102107 → AUTH OK
[03:42:16] ✅ 1102227 → AUTH OK
[03:42:16] ✅ 1102121 → AUTH OK
[03:42:16] ✅ 4918 → AUTH OK
[03:42:16] ✅ 1031592 → AUTH OK
[03:42:16] ✅ 29761 → AUTH OK
[03:42:16] ✅ 1102126 → AUTH OK
[03:42:16] ✅ 1102133 → AUTH OK
[03:42:16] ✅ 1037507 → AUTH OK
[03:42:16] ✅ 7686 → AUTH OK
[03:42:16] ✅ 1060262 → AUTH OK
[03:42:16] ✅ 1042632 → AUTH OK
[03:42:16] ✅ 1101222 → AUTH OK
[03:42:16] ✅ 3943 → AUTH OK
[03:42:16] ✅ 6081 → AUTH OK
[03:42:16] ✅ 1102122 → AUTH OK
[03:42:16] ✅ 1101384 → AUTH OK
[03:42:16] ✅ 4184 → AUTH OK
[03:42:16] ✅ 1102116 → AUTH OK
[03:42:16] ✅ 1037033 → AUTH OK
[03:42:16] ✅ 11264 → AUTH OK
[03:42:16] ✅ 1041688 → AUTH OK
[03:42:16] ✅ 1051040 → AUTH OK
[03:42:16] ✅ 1049243 → AUTH OK
[03:42:16] ✅ 1044503 → AUTH OK
[03:42:16] ✅ 1078025 → AUTH OK
[03:42:16] ✅ 1037496 → AUTH OK
[03:42:16] ✅ 1042465 → AUTH OK
[03:42:16] ✅ 50915 → AUTH OK
[03:42:16] ✅ 1040891 → AUTH OK
[03:42:16] ✅ 29998 → AUTH OK
[03:42:16] ✅ 1065383 → AUTH OK
[03:42:16] ✅ 1030389 → AUTH OK
[03:42:16] ✅ 1093265 → AUTH OK
[03:42:16] ✅ 1074151 → AUTH OK
[03:42:16] ✅ 7714 → AUTH OK
[03:42:16] ✅ 1024804 → AUTH OK
[03:42:16] ✅ 1008705 → AUTH OK
[03:42:16] ✅ 1039878 → AUTH OK
[03:42:16] ✅ 1031638 → AUTH OK
[03:42:16] ✅ 1076602 → AUTH OK
[03:42:16] ✅ 1039846 → AUTH OK
[03:42:16] ✅ 1039847 → AUTH OK
[03:42:16] ✅ 1037228 → AUTH OK
[03:42:16] ✅ 1039860 → AUTH OK
[03:42:16] ✅ 1047659 → AUTH OK
[03:42:16] ✅ 1009194 → AUTH OK
[03:42:16] ✅ 1094334 → AUTH OK
[03:42:16] ✅ 1031636 → AUTH OK
[03:42:16] ✅ 1039875 → AUTH OK
[03:42:16] ✅ 1041672 → AUTH OK
[03:42:17] ✅ 4106 → AUTH OK
[03:42:17] ✅ 1041687 → AUTH OK
[03:42:17] ✅ 1096733 → AUTH OK
[03:42:17] ✅ 2855 → AUTH OK
[03:42:17] ✅ 1024343 → AUTH OK
[03:42:17] ✅ 1039862 → AUTH OK
[03:42:17] ✅ 25805 → AUTH OK
[03:42:17] ✅ 1097120 → AUTH OK
[03:42:17] ✅ 1001773 → AUTH OK
[03:42:17] ✅ 1036959 → AUTH OK
[03:42:17] ✅ 1088822 → AUTH OK
[03:42:17] ✅ 1039850 → AUTH OK
[03:42:17] ✅ 1089130 → AUTH OK
[03:42:17] ✅ 7258 → AUTH OK
[03:42:17] ✅ 4097 → AUTH OK
[03:42:17] ✅ 1018795 → AUTH OK
[03:42:17] ✅ 9292 → AUTH OK
[03:42:17] ✅ 1039864 → AUTH OK
[03:42:17] ✅ 1040466 → AUTH OK
[03:42:17] ✅ 1041685 → AUTH OK
[03:42:17] ✅ 27151 → AUTH OK
[03:42:17] ✅ 9242 → AUTH OK
[03:42:17] ✅ 9365 → AUTH OK
[03:42:17] ✅ 1039865 → AUTH OK
[03:42:17] ✅ 28206 → AUTH OK
[03:42:17] ✅ 36376 → AUTH OK
[03:42:17] ✅ 25803 → AUTH OK
[03:42:17] ✅ 1039849 → AUTH OK
[03:42:17] ✅ 1041244 → AUTH OK
[03:42:17] ✅ 1098929 → AUTH OK
[03:42:17] ✅ 1046654 → AUTH OK
[03:42:17] ✅ 56048 → AUTH OK
[03:42:17] ✅ 1041449 → AUTH OK
[03:42:17] ✅ 44361 → AUTH OK
[03:42:17] ✅ 4693 → AUTH OK
[03:42:17] ✅ 13958 → AUTH OK
[03:42:17] ✅ 1039851 → AUTH OK
[03:42:17] ✅ 7813 → AUTH OK
[03:42:17] ✅ 7543 → AUTH OK
[03:42:17] ✅ 7301 → AUTH OK
[03:42:17] ✅ 9920 → AUTH OK
[03:42:17] ✅ 7841 → AUTH OK
[03:42:17] ✅ 14120 → AUTH OK
[03:42:17] ✅ 1039848 → AUTH OK
[03:42:17] ✅ 4380 → AUTH OK
[03:42:17] ✅ 1056572 → AUTH OK
[03:42:17] ✅ 1080239 → AUTH OK
[03:42:17] ✅ 1016089 → AUTH OK
[03:42:17] ✅ 1041394 → AUTH OK
[03:42:17] ✅ 27373 → AUTH OK
[03:42:17] ✅ 1022965 → AUTH OK
[03:42:17] ✅ 28968 → AUTH OK
[03:42:17] ✅ 4189 → AUTH OK
[03:42:17] ✅ 1018799 → AUTH OK
[03:42:18] ✅ 4171 → AUTH OK
[03:42:18] ✅ 1030438 → AUTH OK
[03:42:18] ✅ 4178 → AUTH OK
[03:42:18] ✅ 60083 → AUTH OK
[03:42:18] ✅ 1037518 → AUTH OK
[03:42:18] ✅ 55733 → AUTH OK
[03:42:18] ✅ 1075746 → AUTH OK
[03:42:18] ✅ 1037525 → AUTH OK
[03:42:18] ✅ 60085 → AUTH OK
[03:42:18] ✅ 1008456 → AUTH OK
[03:42:18] ✅ 1053400 → AUTH OK
[03:42:18] ✅ 24521 → AUTH OK
[03:42:18] ✅ 1008418 → AUTH OK
[03:42:18] ✅ 1016053 → AUTH OK
[03:42:18] ✅ 1041743 → AUTH OK
[03:42:18] ✅ 17069 → AUTH OK
[03:42:18] ✅ 1018652 → AUTH OK
[03:42:18] ✅ 10940 → AUTH OK
[03:42:18] ✅ 9487 → AUTH OK
[03:42:18] ✅ 1041728 → AUTH OK
[03:42:18] ✅ 1037961 → AUTH OK
[03:42:18] ✅ 25804 → AUTH OK
[03:42:18] ✅ 1016133 → AUTH OK
[03:42:18] ✅ 1030504 → AUTH OK
[03:42:18] ✅ 1016088 → AUTH OK
[03:42:18] ✅ 1050791 → AUTH OK
[03:42:18] ✅ 1049666 → AUTH OK
[03:42:18] ✅ 1053618 → AUTH OK
[03:42:18] ✅ 1042615 → AUTH OK
[03:42:18] ✅ 55272 → AUTH OK
[03:42:18] ✅ 5059 → AUTH OK
[03:42:18] ✅ 1042640 → AUTH OK
[03:42:18] ✅ 1036962 → AUTH OK
[03:42:18] ✅ 1011174 → AUTH OK
[03:42:18] ✅ 1042635 → AUTH OK
[03:42:18] ✅ 1007054 → AUTH OK
[03:42:18] ✅ 4248 → AUTH OK
[03:42:18] ✅ 1037502 → AUTH OK
[03:42:18] ✅ 4891 → AUTH OK
[03:42:18] ✅ 1037511 → AUTH OK
[03:42:18] ✅ 28925 → AUTH OK
[03:42:18] ✅ 3960 → AUTH OK
[03:42:18] ✅ 3981 → AUTH OK
[03:42:18] ✅ 4232 → AUTH OK
[03:42:18] ✅ 3910 → AUTH OK
[03:42:18] ✅ 1042453 → AUTH OK
[03:42:18] ✅ 1041504 → AUTH OK
[03:42:18] ✅ 22684 → AUTH OK
[03:42:18] ✅ 1037526 → AUTH OK
[03:42:18] ✅ 14702 → AUTH OK
[03:42:18] ✅ 19528 → AUTH OK
[03:42:18] ✅ 6044 → AUTH OK
[03:42:18] ✅ 7881 → AUTH OK
[03:42:18] ✅ 1012595 → AUTH OK
[03:42:18] ✅ 14694 → AUTH OK
[03:42:18] ✅ 32194 → AUTH OK
[03:42:18] ✅ 7534 → AUTH OK
[03:42:18] ✅ 4008 → AUTH OK
[03:42:18] ✅ 4028 → AUTH OK
[03:42:19] ✅ 1067946 → AUTH OK
[03:42:19] ✅ 6057 → AUTH OK
[03:42:19] ✅ 43348 → AUTH OK
[03:42:19] ✅ 25860 → AUTH OK
[03:42:19] ✅ 58633 → AUTH OK
[03:42:19] ✅ 9135 → AUTH OK
[03:42:19] ✅ 10250 → AUTH OK
[03:42:19] ✅ 1091219 → AUTH OK
[03:42:19] ✅ 1019166 → AUTH OK
[03:42:19] ✅ 4067 → AUTH OK
[03:42:19] ✅ 1092958 → AUTH OK
[03:42:19] ✅ 1005799 → AUTH OK
[03:42:19] ✅ 1018798 → AUTH OK
[03:42:19] ✅ 1005798 → AUTH OK
[03:42:19] ✅ 1050645 → AUTH OK
[03:42:19] ✅ 1037530 → AUTH OK
[03:42:19] ✅ 1020333 → AUTH OK
[03:42:19] ✅ 1034375 → AUTH OK
[03:42:19] ✅ 1089067 → AUTH OK
[03:42:19] ✅ 1015289 → AUTH OK
[03:42:19] ✅ 1025291 → AUTH OK
[03:42:19] ✅ 1034383 → AUTH OK
[03:42:19] ✅ 1058533 → AUTH OK
[03:42:19] ✅ 4608 → AUTH OK
[03:42:19] ✅ 27150 → AUTH OK
[03:42:19] ✅ 1041725 → AUTH OK
[03:42:19] ✅ 1023626 → AUTH OK
[03:42:19] ✅ 1058794 → AUTH OK
[03:42:19] ✅ 1015291 → AUTH OK
[03:42:19] ✅ 1033632 → AUTH OK
[03:42:19] ✅ 1034254 → AUTH OK
[03:42:19] ✅ 1019593 → AUTH OK
[03:42:19] ✅ 1039768 → AUTH OK
[03:42:19] ✅ 1044095 → AUTH OK
[03:42:19] ✅ 1034186 → AUTH OK
[03:42:19] ✅ 1039751 → AUTH OK
[03:42:19] ✅ 1013208 → AUTH OK
[03:42:19] ✅ 4042 → AUTH OK
[03:42:19] ✅ 27716 → AUTH OK
[03:42:19] ✅ 27715 → AUTH OK
[03:42:19] ✅ 44966 → AUTH OK
[03:42:19] ✅ 7747 → AUTH OK
[03:42:19] ✅ 24929 → AUTH OK
[03:42:19] ✅ 1016986 → AUTH OK
[03:42:19] ✅ 1063761 → AUTH OK
[03:42:19] ✅ 4306 → AUTH OK
[03:42:19] ✅ 24351 → AUTH OK
[03:42:19] ✅ 1088790 → AUTH OK
[03:42:19] ✅ 496 → AUTH OK
[03:42:19] ✅ 1083399 → AUTH OK
[03:42:19] ✅ 1020288 → AUTH OK
[03:42:19] ✅ 1037520 → AUTH OK
[03:42:19] ✅ 28214 → AUTH OK
[03:42:19] ✅ 4217 → AUTH OK
[03:42:19] ✅ 9373 → AUTH OK
[03:42:19] ✅ 1088803 → AUTH OK
[03:42:19] ✅ 1037142 → AUTH OK
[03:42:20] ✅ 52996 → AUTH OK
[03:42:20] ✅ 1039424 → AUTH OK
[03:42:20] ✅ 7752 → AUTH OK
[03:42:20] ✅ 1036961 → AUTH OK
[03:42:20] ✅ 1053939 → AUTH OK
[03:42:20] ✅ 15527 → AUTH OK
[03:42:20] ✅ 31987 → AUTH OK
[03:42:20] ✅ 1015795 → AUTH OK
[03:42:20] ✅ 7222 → AUTH OK
[03:42:20] ✅ 16791 → AUTH OK
[03:42:20] ✅ 509 → AUTH OK
[03:42:20] ✅ 1041692 → AUTH OK
[03:42:20] ✅ 1020190 → AUTH OK
[03:42:20] ✅ 1063452 → AUTH OK
[03:42:20] ✅ 4332 → AUTH OK
[03:42:20] ✅ 26401 → AUTH OK
[03:42:20] ✅ 44366 → AUTH OK
[03:42:20] ✅ 9420 → AUTH OK
[03:42:20] ✅ 22305 → AUTH OK
[03:42:20] ✅ 6093 → AUTH OK
[03:42:20] ✅ 1003802 → AUTH OK
[03:42:20] ✅ 1003773 → AUTH OK
[03:42:20] ✅ 1008409 → AUTH OK
[03:42:20] ✅ 5041 → AUTH OK
[03:42:20] ✅ 1030422 → AUTH OK
[03:42:20] ✅ 25938 → AUTH OK
[03:42:20] ✅ 1005991 → AUTH OK
[03:42:20] ✅ 1008335 → AUTH OK
[03:42:20] ✅ 32294 → AUTH OK
[03:42:20] ✅ 1041753 → AUTH OK
[03:42:20] ✅ 26230 → AUTH OK
[03:42:20] ✅ 522 → AUTH OK
[03:42:20] ✅ 4902 → AUTH OK
[03:42:20] ✅ 30524 → AUTH OK
[03:42:20] ✅ 4739 → AUTH OK
[03:42:20] ✅ 1065451 → AUTH OK
[03:42:20] ✅ 1067686 → AUTH OK
[03:42:20] ✅ 1039842 → AUTH OK
[03:42:20] ✅ 1039877 → AUTH OK
[03:42:20] ✅ 9411 → AUTH OK
[03:42:20] ✅ 9413 → AUTH OK
[03:42:20] ✅ 1040228 → AUTH OK
[03:42:20] ✅ 1021922 → AUTH OK
[03:42:20] ✅ 26676 → AUTH OK
[03:42:20] ✅ 4107 → AUTH OK
[03:42:20] ✅ 62637 → AUTH OK
[03:42:20] ✅ 1005804 → AUTH OK
[03:42:20] ✅ 25808 → AUTH OK
[03:42:20] ✅ 1037532 → AUTH OK
[03:42:20] ✅ 1012189 → AUTH OK
[03:42:20] ✅ 1040731 → AUTH OK
[03:42:20] ✅ 9424 → AUTH OK
[03:42:20] ✅ 25011 → AUTH OK
[03:42:20] ✅ 36879 → AUTH OK
[03:42:20] ✅ 9350 → AUTH OK
[03:42:20] ✅ 1037345 → AUTH OK
[03:42:20] ✅ 14166 → AUTH OK
[03:42:20] ✅ 1039272 → AUTH OK
[03:42:20] ✅ 1041505 → AUTH OK
[03:42:21] ✅ 4036 → AUTH OK
[03:42:21] ✅ 9551 → AUTH OK
[03:42:21] ✅ 9474 → AUTH OK
[03:42:21] ✅ 9491 → AUTH OK
[03:42:21] ✅ 1034324 → AUTH OK
[03:42:21] ✅ 1037506 → AUTH OK
[03:42:21] ✅ 4733 → AUTH OK
[03:42:21] ✅ 1005797 → AUTH OK
[03:42:21] ✅ 7350 → AUTH OK
[03:42:21] ✅ 1031296 → AUTH OK
[03:42:21] ✅ 1071622 → AUTH OK
[03:42:21] ✅ 1042439 → AUTH OK
[03:42:21] ✅ 18823 → AUTH OK
[03:42:21] ✅ 4272 → AUTH OK
[03:42:21] ✅ 4045 → AUTH OK
[03:42:21] ✅ 14669 → AUTH OK
[03:42:21] ✅ 1025740 → AUTH OK
[03:42:21] ✅ 5058 → AUTH OK
[03:42:21] ✅ 1008404 → AUTH OK
[03:42:21] ✅ 4725 → AUTH OK
[03:42:21] ✅ 1012081 → AUTH OK
[03:42:21] ✅ 1027903 → AUTH OK
[03:42:21] ✅ 4715 → AUTH OK
[03:42:21] ✅ 1014990 → AUTH OK
[03:42:21] ✅ 9132 → AUTH OK
[03:42:21] ✅ 42945 → AUTH OK
[03:42:21] ✅ 1052503 → AUTH OK
[03:42:21] ✅ 1015840 → AUTH OK
[03:42:21] ✅ 1065987 → AUTH OK
[03:42:21] ✅ 1064038 → AUTH OK
[03:42:21] ✅ 46485 → AUTH OK
[03:42:21] ✅ 4050 → AUTH OK
[03:42:21] ✅ 26640 → AUTH OK
[03:42:21] ✅ 1015442 → AUTH OK
[03:42:21] ✅ 1037523 → AUTH OK
[03:42:21] ✅ 1016381 → AUTH OK
[03:42:21] ✅ 1036772 → AUTH OK
[03:42:21] ✅ 7137 → AUTH OK
[03:42:21] ✅ 1041496 → AUTH OK
[03:42:21] ✅ 1037514 → AUTH OK
[03:42:21] ✅ 51499 → AUTH OK
[03:42:21] ✅ 27219 → AUTH OK
[03:42:21] ✅ 18460 → AUTH OK
[03:42:21] ✅ 1041473 → AUTH OK
[03:42:21] ✅ 7618 → AUTH OK
[03:42:21] ✅ 16522 → AUTH OK
[03:42:21] ✅ 1020453 → AUTH OK
[03:42:21] ✅ 7679 → AUTH OK
[03:42:21] ✅ 4051 → AUTH OK
[03:42:21] ✅ 1020547 → AUTH OK
[03:42:21] ✅ 9136 → AUTH OK
[03:42:21] ✅ 1041242 → AUTH OK
[03:42:21] ✅ 1041393 → AUTH OK
[03:42:21] ✅ 1041458 → AUTH OK
[03:42:21] ✅ 1037531 → AUTH OK
[03:42:22] ✅ 1075745 → AUTH OK
[03:42:22] ✅ 1037510 → AUTH OK
[03:42:22] ✅ 1015286 → AUTH OK
[03:42:22] ✅ 1084553 → AUTH OK
[03:42:22] ✅ 5145 → AUTH OK
[03:42:22] ✅ 3965 → AUTH OK
[03:42:22] ✅ 9384 → AUTH OK
[03:42:22] ✅ 1032461 → AUTH OK
[03:42:22] ✅ 25571 → AUTH OK
[03:42:22] ✅ 1032460 → AUTH OK
[03:42:22] ✅ 55466 → AUTH OK
[03:42:22] ✅ 1039840 → AUTH OK
[03:42:22] ✅ 7232 → AUTH OK
[03:42:22] ✅ 30784 → AUTH OK
[03:42:22] ✅ 9174 → AUTH OK
[03:42:22] ✅ 1016383 → AUTH OK
[03:42:22] ✅ 25045 → AUTH OK
[03:42:22] ✅ 9194 → AUTH OK
[03:42:22] ✅ 1037491 → AUTH OK
[03:42:22] ✅ 26281 → AUTH OK
[03:42:22] ✅ 55853 → AUTH OK
[03:42:22] ✅ 1037527 → AUTH OK
[03:42:22] ✅ 9246 → AUTH OK
[03:42:22] ✅ 1029684 → AUTH OK
[03:42:22] ✅ 1037503 → AUTH OK
[03:42:22] ✅ 1003767 → AUTH OK
[03:42:22] ✅ 1007282 → AUTH OK
[03:42:22] ✅ 1041239 → AUTH OK
[03:42:22] ✅ 25181 → AUTH OK
[03:42:22] ✅ 19513 → AUTH OK
[03:42:22] ✅ 1015975 → AUTH OK
[03:42:22] ✅ 18164 → AUTH OK
[03:42:22] ✅ 9285 → AUTH OK
[03:42:22] ✅ 5182 → AUTH OK
[03:42:22] ✅ 1035744 → AUTH OK
[03:42:22] ✅ 1088811 → AUTH OK
[03:42:22] ✅ 62250 → AUTH OK
[03:42:22] ✅ 3896 → AUTH OK
[03:42:22] ✅ 1037516 → AUTH OK
[03:42:22] ✅ 1037521 → AUTH OK
[03:42:22] ✅ 1042605 → AUTH OK
[03:42:22] ✅ 1012280 → AUTH OK
[03:42:22] ✅ 1041804 → AUTH OK
[03:42:22] ✅ 1037517 → AUTH OK
[03:42:22] ✅ 5220 → AUTH OK
[03:42:22] ✅ 7293 → AUTH OK
[03:42:22] ✅ 1040181 → AUTH OK
[03:42:22] ✅ 5150 → AUTH OK
[03:42:22] ✅ 1032901 → AUTH OK
[03:42:22] ✅ 1020338 → AUTH OK
[03:42:22] ✅ 4889 → AUTH OK
[03:42:22] ✅ 1041199 → AUTH OK
[03:42:22] ✅ 1061843 → AUTH OK
[03:42:22] ✅ 4919 → AUTH OK
[03:42:22] ✅ 6119 → AUTH OK
[03:42:22] ✅ 16523 → AUTH OK
[03:42:22] ✅ 14354 → AUTH OK
[03:42:23] ✅ 4780 → AUTH OK
[03:42:23] ✅ 1056892 → AUTH OK
[03:42:23] ✅ 1047917 → AUTH OK
[03:42:23] ✅ 1052727 → AUTH OK
[03:42:23] ✅ 1036383 → AUTH OK
[03:42:23] ✅ 1041683 → AUTH OK
[03:42:23] ✅ 1033177 → AUTH OK
[03:42:23] ✅ 4910 → AUTH OK
[03:42:23] ✅ 1050804 → AUTH OK
[03:42:23] ✅ 1084822 → AUTH OK
[03:42:23] ✅ 17483 → AUTH OK
[03:42:23] ✅ 9784 → AUTH OK
[03:42:23] ✅ 9661 → AUTH OK
[03:42:23] ✅ 29954 → AUTH OK
[03:42:23] ✅ 7537 → AUTH OK
[03:42:23] ✅ 28235 → AUTH OK
[03:42:23] ✅ 1041732 → AUTH OK
[03:42:23] ✅ 1018468 → AUTH OK
[03:42:23] ✅ 25281 → AUTH OK
[03:42:23] ✅ 7826 → AUTH OK
[03:42:23] ✅ 1006037 → AUTH OK
[03:42:23] ✅ 4852 → AUTH OK
[03:42:23] ✅ 1041726 → AUTH OK
[03:42:23] ✅ 27725 → AUTH OK
[03:42:23] ✅ 1041465 → AUTH OK
[03:42:23] ✅ 3145 → AUTH OK
[03:42:23] ✅ 9150 → AUTH OK
[03:42:23] ✅ 1055922 → AUTH OK
[03:42:23] ✅ 1013210 → AUTH OK
[03:42:23] ✅ 1074202 → AUTH OK
[03:42:23] ✅ 7814 → AUTH OK
[03:42:23] ✅ 19110 → AUTH OK
[03:42:23] ✅ 4163 → AUTH OK
[03:42:23] ✅ 7753 → AUTH OK
[03:42:23] ✅ 1030383 → AUTH OK
[03:42:23] ✅ 7312 → AUTH OK
[03:42:23] ✅ 9044 → AUTH OK
[03:42:23] ✅ 1028118 → AUTH OK
[03:42:23] ✅ 58822 → AUTH OK
[03:42:23] ✅ 4904 → AUTH OK
[03:42:23] ✅ 28863 → AUTH OK
[03:42:23] ✅ 7856 → AUTH OK
[03:42:23] ✅ 4340 → AUTH OK
[03:42:23] ✅ 1019687 → AUTH OK
[03:42:23] ✅ 1050768 → AUTH OK
[03:42:23] ✅ 4379 → AUTH OK
[03:42:23] ✅ 6096 → AUTH OK
[03:42:23] ✅ 4255 → AUTH OK
[03:42:23] ✅ 5080 → AUTH OK
[03:42:23] ✅ 27432 → AUTH OK
[03:42:23] ✅ 1088778 → AUTH OK
[03:42:23] ✅ 1398 → AUTH OK
[03:42:23] ✅ 1026095 → AUTH OK
[03:42:23] ✅ 4425 → AUTH OK
[03:42:23] ✅ 1041566 → AUTH OK
[03:42:23] ✅ 7260 → AUTH OK
[03:42:23] ✅ 1020350 → AUTH OK
[03:42:23] ✅ 1042822 → AUTH OK
[03:42:24] ✅ 5105 → AUTH OK
[03:42:24] ✅ 7627 → AUTH OK
[03:42:24] ✅ 9131 → AUTH OK
[03:42:24] ✅ 1041495 → AUTH OK
[03:42:24] ✅ 1041211 → AUTH OK
[03:42:24] ✅ 19289 → AUTH OK
[03:42:24] ✅ 30441 → AUTH OK
[03:42:24] ✅ 1039748 → AUTH OK
[03:42:24] ✅ 6079 → AUTH OK
[03:42:24] ✅ 1014297 → AUTH OK
[03:42:24] ✅ 1031639 → AUTH OK
[03:42:24] ✅ 1054202 → AUTH OK
[03:42:24] ✅ 1041691 → AUTH OK
[03:42:24] ✅ 19294 → AUTH OK
[03:42:24] ✅ 26729 → AUTH OK
[03:42:24] ✅ 9176 → AUTH OK
[03:42:24] ✅ 1033524 → AUTH OK
[03:42:24] ✅ 10268 → AUTH OK
[03:42:24] ✅ 1009967 → AUTH OK
[03:42:24] ✅ 29510 → AUTH OK
[03:42:24] ✅ 1031640 → AUTH OK
[03:42:24] ✅ 24522 → AUTH OK
[03:42:24] ✅ 7308 → AUTH OK
[03:42:24] ✅ 1013662 → AUTH OK
[03:42:24] ✅ 43960 → AUTH OK
[03:42:24] ✅ 54684 → AUTH OK
[03:42:24] ✅ 1055117 → AUTH OK
[03:42:24] ✅ 9780 → AUTH OK
[03:42:24] ✅ 9497 → AUTH OK
[03:42:24] ✅ 33645 → AUTH OK
[03:42:24] ✅ 984 → AUTH OK
[03:42:24] ✅ 1041729 → AUTH OK
[03:42:24] ✅ 482 → AUTH OK
[03:42:24] ✅ 1041684 → AUTH OK
[03:42:24] ✅ 1039923 → AUTH OK
[03:42:24] ✅ 1066216 → AUTH OK
[03:42:24] ✅ 32811 → AUTH OK
[03:42:24] ✅ 1018796 → AUTH OK
[03:42:24] ✅ 1030384 → AUTH OK
[03:42:24] ✅ 1041782 → AUTH OK
[03:42:24] ✅ 4714 → AUTH OK
[03:42:24] ✅ 22884 → AUTH OK
[03:42:24] ✅ 12947 → AUTH OK
[03:42:24] ✅ 9291 → AUTH OK
[03:42:24] ✅ 1008441 → AUTH OK
[03:42:24] ✅ 9527 → AUTH OK
[03:42:24] ✅ 476 → AUTH OK
[03:42:24] ✅ 9653 → AUTH OK
[03:42:24] ✅ 4881 → AUTH OK
[03:42:24] ✅ 1056146 → AUTH OK
[03:42:24] ✅ 1039863 → AUTH OK
[03:42:24] ✅ 1089364 → AUTH OK
[03:42:24] ✅ 5103 → AUTH OK
[03:42:24] ✅ 1065452 → AUTH OK
[03:42:24] ✅ 15614 → AUTH OK
[03:42:24] ✅ 24767 → AUTH OK
[03:42:24] ✅ 1075662 → AUTH OK
[03:42:25] ✅ 6035 → AUTH OK
[03:42:25] ✅ 1049288 → AUTH OK
[03:42:25] ✅ 1078620 → AUTH OK
[03:42:25] ✅ 3976 → AUTH OK
[03:42:25] ✅ 1035939 → AUTH OK
[03:42:25] ✅ 1049289 → AUTH OK
[03:42:25] ✅ 14703 → AUTH OK
[03:42:25] ✅ 1019544 → AUTH OK
[03:42:25] ✅ 1054735 → AUTH OK
[03:42:25] ✅ 1027244 → AUTH OK
[03:42:25] ✅ 1041567 → AUTH OK
[03:42:25] ✅ 1092992 → AUTH OK
[03:42:25] ✅ 1054736 → AUTH OK
[03:42:25] ✅ 1004633 → AUTH OK
[03:42:25] ✅ 52682 → AUTH OK
[03:42:25] ✅ 5061 → AUTH OK
[03:42:25] ✅ 25008 → AUTH OK
[03:42:25] ✅ 26294 → AUTH OK
[03:42:25] ✅ 3906 → AUTH OK
[03:42:25] ✅ 31792 → AUTH OK
[03:42:25] ✅ 1042215 → AUTH OK
[03:42:25] ✅ 1054730 → AUTH OK
[03:42:25] ✅ 6121 → AUTH OK
[03:42:25] ✅ 38446 → AUTH OK
[03:42:25] ✅ 62907 → AUTH OK
[03:42:25] ✅ 1056839 → AUTH OK
[03:42:25] ✅ 1024041 → AUTH OK
[03:42:25] ✅ 1009117 → AUTH OK
[03:42:25] ✅ 1009010 → AUTH OK
[03:42:25] ✅ 1032344 → AUTH OK
[03:42:25] ✅ 1059680 → AUTH OK
[03:42:25] ✅ 4124 → AUTH OK
[03:42:25] ✅ 1056846 → AUTH OK
[03:42:25] ✅ 49852 → AUTH OK
[03:42:25] ✅ 4976 → AUTH OK
[03:42:25] ✅ 1020755 → AUTH OK
[03:42:25] ✅ 24880 → AUTH OK
[03:42:25] ✅ 1088219 → AUTH OK
[03:42:25] ✅ 1036955 → AUTH OK
[03:42:25] ✅ 1068242 → AUTH OK
[03:42:25] ✅ 39874 → AUTH OK
[03:42:25] ✅ 1025576 → AUTH OK
[03:42:25] ✅ 1021629 → AUTH OK
[03:42:25] ✅ 9041 → AUTH OK
[03:42:25] ✅ 4038 → AUTH OK
[03:42:25] ✅ 9100 → AUTH OK
[03:42:25] ✅ 4890 → AUTH OK
[03:42:25] ✅ 9504 → AUTH OK
[03:42:25] ✅ 9169 → AUTH OK
[03:42:25] ✅ 15526 → AUTH OK
[03:42:25] ✅ 24246 → AUTH OK
[03:42:25] ✅ 31788 → AUTH OK
[03:42:25] ✅ 1053536 → AUTH OK
[03:42:25] ✅ 10255 → AUTH OK
[03:42:25] ✅ 1054742 → AUTH OK
[03:42:25] ✅ 1004635 → AUTH OK
[03:42:26] ✅ 1036114 → AUTH OK
[03:42:26] ✅ 7504 → AUTH OK
[03:42:26] ✅ 1082851 → AUTH OK
[03:42:26] ✅ 56144 → AUTH OK
[03:42:26] ✅ 1012136 → AUTH OK
[03:42:26] ✅ 1013355 → AUTH OK
[03:42:26] ✅ 9368 → AUTH OK
[03:42:26] ✅ 24981 → AUTH OK
[03:42:26] ✅ 1028879 → AUTH OK
[03:42:26] ✅ 1003803 → AUTH OK
[03:42:26] ✅ 10270 → AUTH OK
[03:42:26] ✅ 1004634 → AUTH OK
[03:42:26] ✅ 4174 → AUTH OK
[03:42:26] ✅ 1011192 → AUTH OK
[03:42:26] ✅ 1053155 → AUTH OK
[03:42:26] ✅ 7511 → AUTH OK
[03:42:26] ✅ Fetched 282 venues with shows
[03:42:26] ✅ DONE | Shows=1625 | Movies=30
[10:59:29] 📍 Loaded 754 district venues
[10:59:29] 🚀 DISTRICT SCRAPER STARTED
[10:59:30] ✅ 1068270 → AUTH OK
[10:59:30] ✅ 61879 → AUTH OK
[10:59:30] ✅ 1067161 → AUTH OK
[10:59:30] ✅ 1102233 → AUTH OK
[10:59:30] ✅ 1096456 → AUTH OK
[10:59:30] ✅ 1102103 → AUTH OK
[10:59:30] ✅ 20856 → AUTH OK
[10:59:30] ✅ 1101483 → AUTH OK
[10:59:30] ✅ 1102183 → AUTH OK
[10:59:30] ✅ 1583 → AUTH OK
[10:59:30] ✅ 1102215 → AUTH OK
[10:59:30] ✅ 1102175 → AUTH OK
[10:59:30] ✅ 1068240 → AUTH OK
[10:59:30] ✅ 1102289 → AUTH OK
[10:59:30] ✅ 1102100 → AUTH OK
[10:59:30] ✅ 1102311 → AUTH OK
[10:59:30] ✅ 1020401 → AUTH OK
[10:59:30] ✅ 1086677 → AUTH OK
[10:59:30] ✅ 1102096 → AUTH OK
[10:59:30] ✅ 1102098 → AUTH OK
[10:59:30] ✅ 1101397 → AUTH OK
[10:59:30] ✅ 1102119 → AUTH OK
[10:59:30] ✅ 539 → AUTH OK
[10:59:30] ✅ 1102076 → AUTH OK
[10:59:30] ✅ 1100725 → AUTH OK
[10:59:30] ✅ 1102097 → AUTH OK
[10:59:30] ✅ 9508 → AUTH OK
[10:59:30] ✅ 1102127 → AUTH OK
[10:59:30] ✅ 1102244 → AUTH OK
[10:59:30] ✅ 1044502 → AUTH OK
[10:59:30] ✅ 4430 → AUTH OK
[10:59:30] ✅ 1096482 → AUTH OK
[10:59:30] ✅ 1102304 → AUTH OK
[10:59:30] ✅ 1101355 → AUTH OK
[10:59:30] ✅ 1096475 → AUTH OK
[10:59:30] ✅ 1101584 → AUTH OK
[10:59:30] ✅ 1096734 → AUTH OK
[10:59:30] ✅ 1096524 → AUTH OK
[10:59:30] ✅ 1102280 → AUTH OK
[10:59:30] ✅ 7854 → AUTH OK
[10:59:30] ✅ 1095290 → AUTH OK
[10:59:30] ✅ 1102186 → AUTH OK
[10:59:30] ✅ 1102176 → AUTH OK
[10:59:30] ✅ 1101450 → AUTH OK
[10:59:30] ✅ 1011906 → AUTH OK
[10:59:30] ✅ 1094756 → AUTH OK
[10:59:30] ✅ 1102272 → AUTH OK
[10:59:30] ✅ 1102095 → AUTH OK
[10:59:30] ✅ 1102173 → AUTH OK
[10:59:30] ✅ 1102094 → AUTH OK
[10:59:30] ✅ 9736 → AUTH OK
[10:59:30] ✅ 1101451 → AUTH OK
[10:59:30] ✅ 1102090 → AUTH OK
[10:59:30] ✅ 1082714 → AUTH OK
[10:59:30] ✅ 1102182 → AUTH OK
[10:59:30] ✅ 1101471 → AUTH OK
[10:59:30] ✅ 51512 → AUTH OK
[10:59:30] ✅ 1102164 → AUTH OK
[10:59:31] ✅ 4222 → AUTH OK
[10:59:31] ✅ 1102242 → AUTH OK
[10:59:31] ✅ 1102248 → AUTH OK
[10:59:31] ✅ 1101521 → AUTH OK
[10:59:31] ✅ 1102270 → AUTH OK
[10:59:31] ✅ 1102165 → AUTH OK
[10:59:31] ✅ 1102071 → AUTH OK
[10:59:31] ✅ 1102082 → AUTH OK
[10:59:31] ✅ 1102256 → AUTH OK
[10:59:31] ✅ 1101568 → AUTH OK
[10:59:31] ✅ 1102181 → AUTH OK
[10:59:31] ✅ 7257 → AUTH OK
[10:59:31] ✅ 1102073 → AUTH OK
[10:59:31] ✅ 1102277 → AUTH OK
[10:59:31] ✅ 1102084 → AUTH OK
[10:59:31] ✅ 1038431 → AUTH OK
[10:59:31] ✅ 1102269 → AUTH OK
[10:59:31] ✅ 1102265 → AUTH OK
[10:59:31] ✅ 1102299 → AUTH OK
[10:59:31] ✅ 1102174 → AUTH OK
[10:59:31] ✅ 1101590 → AUTH OK
[10:59:31] ✅ 1102273 → AUTH OK
[10:59:31] ✅ 1102047 → AUTH OK
[10:59:31] ✅ 1102213 → AUTH OK
[10:59:31] ✅ 1102253 → AUTH OK
[10:59:31] ✅ 1056145 → AUTH OK
[10:59:31] ✅ 1102241 → AUTH OK
[10:59:31] ✅ 1102291 → AUTH OK
[10:59:31] ✅ 1102247 → AUTH OK
[10:59:31] ✅ 1102184 → AUTH OK
[10:59:31] ✅ 1041690 → AUTH OK
[10:59:31] ✅ 28486 → AUTH OK
[10:59:31] ✅ 1102166 → AUTH OK
[10:59:31] ✅ 1102129 → AUTH OK
[10:59:31] ✅ 1102080 → AUTH OK
[10:59:31] ✅ 1102261 → AUTH OK
[10:59:31] ✅ 1102055 → AUTH OK
[10:59:31] ✅ 1102132 → AUTH OK
[10:59:31] ✅ 1031364 → AUTH OK
[10:59:31] ✅ 1102285 → AUTH OK
[10:59:31] ✅ 1101387 → AUTH OK
[10:59:31] ✅ 1031589 → AUTH OK
[10:59:31] ✅ 1060495 → AUTH OK
[10:59:31] ✅ 1101423 → AUTH OK
[10:59:31] ✅ 1042102 → AUTH OK
[10:59:31] ✅ 1102123 → AUTH OK
[10:59:31] ✅ 1102137 → AUTH OK
[10:59:31] ✅ 1078022 → AUTH OK
[10:59:31] ✅ 1053154 → AUTH OK
[10:59:31] ✅ 1101388 → AUTH OK
[10:59:31] ✅ 1101368 → AUTH OK
[10:59:31] ✅ 1102068 → AUTH OK
[10:59:31] ✅ 4132 → AUTH OK
[10:59:31] ✅ 1039880 → AUTH OK
[10:59:31] ✅ 1102120 → AUTH OK
[10:59:31] ✅ 1102147 → AUTH OK
[10:59:32] ✅ 1101217 → AUTH OK
[10:59:32] ✅ 1102284 → AUTH OK
[10:59:32] ✅ 1080585 → AUTH OK
[10:59:32] ✅ 1100831 → AUTH OK
[10:59:32] ✅ 1102168 → AUTH OK
[10:59:32] ✅ 1078001 → AUTH OK
[10:59:32] ✅ 1102069 → AUTH OK
[10:59:32] ✅ 1102067 → AUTH OK
[10:59:32] ✅ 1101219 → AUTH OK
[10:59:32] ✅ 1102134 → AUTH OK
[10:59:32] ✅ 20834 → AUTH OK
[10:59:32] ✅ 1102106 → AUTH OK
[10:59:32] ✅ 1037501 → AUTH OK
[10:59:32] ✅ 5172 → AUTH OK
[10:59:32] ✅ 1102258 → AUTH OK
[10:59:32] ✅ 1101452 → AUTH OK
[10:59:32] ✅ 1691 → AUTH OK
[10:59:32] ✅ 1102276 → AUTH OK
[10:59:32] ✅ 1041689 → AUTH OK
[10:59:32] ✅ 4911 → AUTH OK
[10:59:32] ✅ 1102236 → AUTH OK
[10:59:32] ✅ 1102125 → AUTH OK
[10:59:32] ✅ 1102281 → AUTH OK
[10:59:32] ✅ 43628 → AUTH OK
[10:59:32] ✅ 1102124 → AUTH OK
[10:59:32] ✅ 1102078 → AUTH OK
[10:59:32] ✅ 1094757 → AUTH OK
[10:59:32] ✅ 1102275 → AUTH OK
[10:59:32] ✅ 14699 → AUTH OK
[10:59:32] ✅ 1102294 → AUTH OK
[10:59:32] ✅ 1011900 → AUTH OK
[10:59:32] ✅ 1102104 → AUTH OK
[10:59:32] ✅ 1095009 → AUTH OK
[10:59:32] ✅ 5100 → AUTH OK
[10:59:32] ✅ 1052124 → AUTH OK
[10:59:32] ✅ 1102135 → AUTH OK
[10:59:32] ✅ 14697 → AUTH OK
[10:59:32] ✅ 27047 → AUTH OK
[10:59:32] ✅ 1014604 → AUTH OK
[10:59:32] ✅ 1092638 → AUTH OK
[10:59:32] ✅ 1101222 → AUTH OK
[10:59:32] ✅ 4175 → AUTH OK
[10:59:32] ✅ 1027478 → AUTH OK
[10:59:32] ✅ 1092639 → AUTH OK
[10:59:32] ✅ 1020826 → AUTH OK
[10:59:32] ✅ 1102228 → AUTH OK
[10:59:32] ✅ 1094680 → AUTH OK
[10:59:32] ✅ 1101523 → AUTH OK
[10:59:32] ✅ 1054725 → AUTH OK
[10:59:32] ✅ 1088548 → AUTH OK
[10:59:32] ✅ 1088547 → AUTH OK
[10:59:32] ✅ 1102239 → AUTH OK
[10:59:32] ✅ 27908 → AUTH OK
[10:59:32] ✅ 1102075 → AUTH OK
[10:59:32] ✅ 13772 → AUTH OK
[10:59:32] ✅ 16605 → AUTH OK
[10:59:32] ✅ 1102227 → AUTH OK
[10:59:32] ✅ 11272 → AUTH OK
[10:59:32] ✅ 1102099 → AUTH OK
[10:59:32] ✅ 1054741 → AUTH OK
[10:59:33] ✅ 1039949 → AUTH OK
[10:59:33] ✅ 1102107 → AUTH OK
[10:59:33] ✅ 1102121 → AUTH OK
[10:59:33] ✅ 1101449 → AUTH OK
[10:59:33] ✅ 1102108 → AUTH OK
[10:59:33] ✅ 4918 → AUTH OK
[10:59:33] ✅ 1060262 → AUTH OK
[10:59:33] ✅ 1102126 → AUTH OK
[10:59:33] ✅ 29761 → AUTH OK
[10:59:33] ✅ 7686 → AUTH OK
[10:59:33] ✅ 1102133 → AUTH OK
[10:59:33] ✅ 1037507 → AUTH OK
[10:59:33] ✅ 3943 → AUTH OK
[10:59:33] ✅ 6081 → AUTH OK
[10:59:33] ✅ 4184 → AUTH OK
[10:59:33] ✅ 1102116 → AUTH OK
[10:59:33] ✅ 1102122 → AUTH OK
[10:59:33] ✅ 1042465 → AUTH OK
[10:59:33] ✅ 1101384 → AUTH OK
[10:59:33] ✅ 1037033 → AUTH OK
[10:59:33] ✅ 1041688 → AUTH OK
[10:59:33] ✅ 1078025 → AUTH OK
[10:59:33] ✅ 1031592 → AUTH OK
[10:59:33] ✅ 1042632 → AUTH OK
[10:59:33] ✅ 1037496 → AUTH OK
[10:59:33] ✅ 11264 → AUTH OK
[10:59:33] ✅ 1049243 → AUTH OK
[10:59:33] ✅ 1044503 → AUTH OK
[10:59:33] ✅ 1051040 → AUTH OK
[10:59:33] ✅ 50915 → AUTH OK
[10:59:33] ✅ 1074151 → AUTH OK
[10:59:33] ✅ 29998 → AUTH OK
[10:59:33] ✅ 1065383 → AUTH OK
[10:59:33] ✅ 1030389 → AUTH OK
[10:59:33] ✅ 1093265 → AUTH OK
[10:59:33] ✅ 1040891 → AUTH OK
[10:59:33] ✅ 1008705 → AUTH OK
[10:59:33] ✅ 7714 → AUTH OK
[10:59:33] ✅ 1039878 → AUTH OK
[10:59:33] ✅ 1031638 → AUTH OK
[10:59:33] ✅ 1024804 → AUTH OK
[10:59:33] ✅ 1094334 → AUTH OK
[10:59:33] ✅ 1037228 → AUTH OK
[10:59:33] ✅ 1076602 → AUTH OK
[10:59:33] ✅ 1039860 → AUTH OK
[10:59:33] ✅ 1039846 → AUTH OK
[10:59:33] ✅ 1009194 → AUTH OK
[10:59:33] ✅ 1039847 → AUTH OK
[10:59:33] ✅ 1041672 → AUTH OK
[10:59:33] ✅ 1041687 → AUTH OK
[10:59:33] ✅ 28206 → AUTH OK
[10:59:33] ✅ 1031636 → AUTH OK
[10:59:33] ✅ 4106 → AUTH OK
[10:59:33] ✅ 1039862 → AUTH OK
[10:59:33] ✅ 1096733 → AUTH OK
[10:59:33] ✅ 1039875 → AUTH OK
[10:59:34] ✅ 1047659 → AUTH OK
[10:59:34] ✅ 2855 → AUTH OK
[10:59:34] ✅ 1024343 → AUTH OK
[10:59:34] ✅ 9292 → AUTH OK
[10:59:34] ✅ 1039864 → AUTH OK
[10:59:34] ✅ 1036959 → AUTH OK
[10:59:34] ✅ 1001773 → AUTH OK
[10:59:34] ✅ 25805 → AUTH OK
[10:59:34] ✅ 1089130 → AUTH OK
[10:59:34] ✅ 1097120 → AUTH OK
[10:59:34] ✅ 1039850 → AUTH OK
[10:59:34] ✅ 1018795 → AUTH OK
[10:59:34] ✅ 1040466 → AUTH OK
[10:59:34] ✅ 1041685 → AUTH OK
[10:59:34] ✅ 9365 → AUTH OK
[10:59:34] ✅ 9242 → AUTH OK
[10:59:34] ✅ 1039865 → AUTH OK
[10:59:34] ✅ 36376 → AUTH OK
[10:59:34] ✅ 25803 → AUTH OK
[10:59:34] ✅ 27151 → AUTH OK
[10:59:34] ✅ 1098929 → AUTH OK
[10:59:34] ✅ 7258 → AUTH OK
[10:59:34] ✅ 1039849 → AUTH OK
[10:59:34] ✅ 44361 → AUTH OK
[10:59:34] ✅ 1041244 → AUTH OK
[10:59:34] ✅ 56048 → AUTH OK
[10:59:34] ✅ 7543 → AUTH OK
[10:59:34] ✅ 4693 → AUTH OK
[10:59:34] ✅ 1039848 → AUTH OK
[10:59:34] ✅ 1041449 → AUTH OK
[10:59:34] ✅ 13958 → AUTH OK
[10:59:34] ✅ 1046654 → AUTH OK
[10:59:34] ✅ 9920 → AUTH OK
[10:59:34] ✅ 1039851 → AUTH OK
[10:59:34] ✅ 7813 → AUTH OK
[10:59:34] ✅ 14120 → AUTH OK
[10:59:34] ✅ 4097 → AUTH OK
[10:59:34] ✅ 1080239 → AUTH OK
[10:59:34] ✅ 7841 → AUTH OK
[10:59:34] ✅ 1016089 → AUTH OK
[10:59:34] ✅ 1056572 → AUTH OK
[10:59:34] ✅ 4380 → AUTH OK
[10:59:34] ✅ 1088822 → AUTH OK
[10:59:34] ✅ 28968 → AUTH OK
[10:59:34] ✅ 4189 → AUTH OK
[10:59:34] ✅ 4178 → AUTH OK
[10:59:34] ✅ 1018799 → AUTH OK
[10:59:34] ✅ 1022965 → AUTH OK
[10:59:34] ✅ 1075746 → AUTH OK
[10:59:34] ✅ 4171 → AUTH OK
[10:59:34] ✅ 1041394 → AUTH OK
[10:59:34] ✅ 1030438 → AUTH OK
[10:59:34] ✅ 55733 → AUTH OK
[10:59:35] ✅ 27373 → AUTH OK
[10:59:35] ✅ 60083 → AUTH OK
[10:59:35] ✅ 1037518 → AUTH OK
[10:59:35] ✅ 60085 → AUTH OK
[10:59:35] ✅ 24521 → AUTH OK
[10:59:35] ✅ 1037525 → AUTH OK
[10:59:35] ✅ 1053400 → AUTH OK
[10:59:35] ✅ 1016053 → AUTH OK
[10:59:35] ✅ 1008418 → AUTH OK
[10:59:35] ✅ 1008456 → AUTH OK
[10:59:35] ✅ 7301 → AUTH OK
[10:59:35] ✅ 1041743 → AUTH OK
[10:59:35] ✅ 1037961 → AUTH OK
[10:59:35] ✅ 1041728 → AUTH OK
[10:59:35] ✅ 9487 → AUTH OK
[10:59:35] ✅ 1016133 → AUTH OK
[10:59:35] ✅ 1050791 → AUTH OK
[10:59:35] ✅ 1018652 → AUTH OK
[10:59:35] ✅ 25804 → AUTH OK
[10:59:35] ✅ 10940 → AUTH OK
[10:59:35] ✅ 17069 → AUTH OK
[10:59:35] ✅ 55272 → AUTH OK
[10:59:35] ✅ 1053618 → AUTH OK
[10:59:35] ✅ 1030504 → AUTH OK
[10:59:35] ✅ 1049666 → AUTH OK
[10:59:35] ✅ 1016088 → AUTH OK
[10:59:35] ✅ 1042615 → AUTH OK
[10:59:35] ✅ 1036962 → AUTH OK
[10:59:35] ✅ 5059 → AUTH OK
[10:59:35] ✅ 1007054 → AUTH OK
[10:59:35] ✅ 1011174 → AUTH OK
[10:59:35] ✅ 1042640 → AUTH OK
[10:59:35] ✅ 3960 → AUTH OK
[10:59:35] ✅ 1042635 → AUTH OK
[10:59:35] ✅ 1042453 → AUTH OK
[10:59:35] ✅ 4891 → AUTH OK
[10:59:35] ✅ 4248 → AUTH OK
[10:59:35] ✅ 1037502 → AUTH OK
[10:59:35] ✅ 3981 → AUTH OK
[10:59:35] ✅ 1037511 → AUTH OK
[10:59:35] ✅ 28925 → AUTH OK
[10:59:35] ✅ 4232 → AUTH OK
[10:59:35] ✅ 3910 → AUTH OK
[10:59:35] ✅ 1041504 → AUTH OK
[10:59:35] ✅ 22684 → AUTH OK
[10:59:35] ✅ 1037526 → AUTH OK
[10:59:35] ✅ 14702 → AUTH OK
[10:59:35] ✅ 19528 → AUTH OK
[10:59:35] ✅ 6044 → AUTH OK
[10:59:35] ✅ 32194 → AUTH OK
[10:59:35] ✅ 7534 → AUTH OK
[10:59:35] ✅ 1012595 → AUTH OK
[10:59:35] ✅ 7881 → AUTH OK
[10:59:35] ✅ 4067 → AUTH OK
[10:59:35] ✅ 4008 → AUTH OK
[10:59:35] ✅ 4028 → AUTH OK
[10:59:36] ✅ 1067946 → AUTH OK
[10:59:36] ✅ 9135 → AUTH OK
[10:59:36] ✅ 58633 → AUTH OK
[10:59:36] ✅ 14694 → AUTH OK
[10:59:36] ✅ 25860 → AUTH OK
[10:59:36] ✅ 43348 → AUTH OK
[10:59:36] ✅ 6057 → AUTH OK
[10:59:36] ✅ 1091219 → AUTH OK
[10:59:36] ✅ 10250 → AUTH OK
[10:59:36] ✅ 1019166 → AUTH OK
[10:59:36] ✅ 1050645 → AUTH OK
[10:59:36] ✅ 1092958 → AUTH OK
[10:59:36] ✅ 1018798 → AUTH OK
[10:59:36] ✅ 1037530 → AUTH OK
[10:59:36] ✅ 1005798 → AUTH OK
[10:59:36] ✅ 1015289 → AUTH OK
[10:59:36] ✅ 1034375 → AUTH OK
[10:59:36] ✅ 1034383 → AUTH OK
[10:59:36] ✅ 1089067 → AUTH OK
[10:59:36] ✅ 1025291 → AUTH OK
[10:59:36] ✅ 1005799 → AUTH OK
[10:59:36] ✅ 1058533 → AUTH OK
[10:59:36] ✅ 4608 → AUTH OK
[10:59:36] ✅ 1041725 → AUTH OK
[10:59:36] ✅ 1020333 → AUTH OK
[10:59:36] ✅ 1058794 → AUTH OK
[10:59:36] ✅ 1044095 → AUTH OK
[10:59:36] ✅ 1023626 → AUTH OK
[10:59:36] ✅ 27150 → AUTH OK
[10:59:36] ✅ 1033632 → AUTH OK
[10:59:36] ✅ 1034254 → AUTH OK
[10:59:36] ✅ 1039768 → AUTH OK
[10:59:36] ✅ 1015291 → AUTH OK
[10:59:36] ✅ 1019593 → AUTH OK
[10:59:36] ✅ 1034186 → AUTH OK
[10:59:36] ✅ 44966 → AUTH OK
[10:59:36] ✅ 1013208 → AUTH OK
[10:59:36] ✅ 1039751 → AUTH OK
[10:59:36] ✅ 27716 → AUTH OK
[10:59:36] ✅ 4042 → AUTH OK
[10:59:36] ✅ 27715 → AUTH OK
[10:59:36] ✅ 1063761 → AUTH OK
[10:59:36] ✅ 1016986 → AUTH OK
[10:59:36] ✅ 4306 → AUTH OK
[10:59:36] ✅ 7747 → AUTH OK
[10:59:36] ✅ 24929 → AUTH OK
[10:59:36] ✅ 1088790 → AUTH OK
[10:59:36] ✅ 496 → AUTH OK
[10:59:36] ✅ 28214 → AUTH OK
[10:59:36] ✅ 24351 → AUTH OK
[10:59:36] ✅ 1020288 → AUTH OK
[10:59:36] ✅ 1083399 → AUTH OK
[10:59:36] ✅ 4217 → AUTH OK
[10:59:36] ✅ 1037520 → AUTH OK
[10:59:36] ✅ 9373 → AUTH OK
[10:59:36] ✅ 1088803 → AUTH OK
[10:59:36] ✅ 1037142 → AUTH OK
[10:59:36] ✅ 1067686 → AUTH OK
[10:59:36] ✅ 1053939 → AUTH OK
[10:59:36] ✅ 52996 → AUTH OK
[10:59:37] ✅ 31987 → AUTH OK
[10:59:37] ✅ 1039424 → AUTH OK
[10:59:37] ✅ 1036961 → AUTH OK
[10:59:37] ✅ 1015795 → AUTH OK
[10:59:37] ✅ 7752 → AUTH OK
[10:59:37] ✅ 7222 → AUTH OK
[10:59:37] ✅ 1041692 → AUTH OK
[10:59:37] ✅ 26401 → AUTH OK
[10:59:37] ✅ 15527 → AUTH OK
[10:59:37] ✅ 509 → AUTH OK
[10:59:37] ✅ 16791 → AUTH OK
[10:59:37] ✅ 1063452 → AUTH OK
[10:59:37] ✅ 4332 → AUTH OK
[10:59:37] ✅ 1020190 → AUTH OK
[10:59:37] ✅ 44366 → AUTH OK
[10:59:37] ✅ 1003802 → AUTH OK
[10:59:37] ✅ 9420 → AUTH OK
[10:59:37] ✅ 22305 → AUTH OK
[10:59:37] ✅ 6093 → AUTH OK
[10:59:37] ✅ 1030422 → AUTH OK
[10:59:37] ✅ 5041 → AUTH OK
[10:59:37] ✅ 1003773 → AUTH OK
[10:59:37] ✅ 30524 → AUTH OK
[10:59:37] ✅ 1065451 → AUTH OK
[10:59:37] ✅ 25938 → AUTH OK
[10:59:37] ✅ 1005991 → AUTH OK
[10:59:37] ✅ 4902 → AUTH OK
[10:59:37] ✅ 522 → AUTH OK
[10:59:37] ✅ 26230 → AUTH OK
[10:59:37] ✅ 32294 → AUTH OK
[10:59:37] ✅ 4739 → AUTH OK
[10:59:37] ✅ 1039877 → AUTH OK
[10:59:37] ✅ 9411 → AUTH OK
[10:59:37] ✅ 1039842 → AUTH OK
[10:59:37] ✅ 1008335 → AUTH OK
[10:59:37] ✅ 9413 → AUTH OK
[10:59:37] ✅ 1040228 → AUTH OK
[10:59:37] ✅ 26676 → AUTH OK
[10:59:37] ✅ 4107 → AUTH OK
[10:59:37] ✅ 62637 → AUTH OK
[10:59:37] ✅ 25011 → AUTH OK
[10:59:37] ✅ 25808 → AUTH OK
[10:59:37] ✅ 1021922 → AUTH OK
[10:59:37] ✅ 1005804 → AUTH OK
[10:59:37] ✅ 1012189 → AUTH OK
[10:59:37] ✅ 1040731 → AUTH OK
[10:59:37] ✅ 1008409 → AUTH OK
[10:59:37] ✅ 9424 → AUTH OK
[10:59:37] ✅ 14166 → AUTH OK
[10:59:37] ✅ 9350 → AUTH OK
[10:59:37] ✅ 1037532 → AUTH OK
[10:59:37] ✅ 4036 → AUTH OK
[10:59:37] ✅ 1034324 → AUTH OK
[10:59:37] ✅ 1041753 → AUTH OK
[10:59:37] ✅ 1041505 → AUTH OK
[10:59:37] ✅ 9551 → AUTH OK
[10:59:37] ✅ 1037345 → AUTH OK
[10:59:37] ✅ 1039272 → AUTH OK
[10:59:37] ✅ 36879 → AUTH OK
[10:59:38] ✅ 1005797 → AUTH OK
[10:59:38] ✅ 1008404 → AUTH OK
[10:59:38] ✅ 9474 → AUTH OK
[10:59:38] ✅ 9491 → AUTH OK
[10:59:38] ✅ 7350 → AUTH OK
[10:59:38] ✅ 1042439 → AUTH OK
[10:59:38] ✅ 1037506 → AUTH OK
[10:59:38] ✅ 4272 → AUTH OK
[10:59:38] ✅ 1031296 → AUTH OK
[10:59:38] ✅ 4733 → AUTH OK
[10:59:38] ✅ 1071622 → AUTH OK
[10:59:38] ✅ 1025740 → AUTH OK
[10:59:38] ✅ 14669 → AUTH OK
[10:59:38] ✅ 5058 → AUTH OK
[10:59:38] ✅ 4045 → AUTH OK
[10:59:38] ✅ 1027903 → AUTH OK
[10:59:38] ✅ 1012081 → AUTH OK
[10:59:38] ✅ 18823 → AUTH OK
[10:59:38] ✅ 4715 → AUTH OK
[10:59:38] ✅ 4725 → AUTH OK
[10:59:38] ✅ 9132 → AUTH OK
[10:59:38] ✅ 1037523 → AUTH OK
[10:59:38] ✅ 26640 → AUTH OK
[10:59:38] ✅ 42945 → AUTH OK
[10:59:38] ✅ 1052503 → AUTH OK
[10:59:38] ✅ 1065987 → AUTH OK
[10:59:38] ✅ 1015840 → AUTH OK
[10:59:38] ✅ 46485 → AUTH OK
[10:59:38] ✅ 1064038 → AUTH OK
[10:59:38] ✅ 1041473 → AUTH OK
[10:59:38] ✅ 1015442 → AUTH OK
[10:59:38] ✅ 1041496 → AUTH OK
[10:59:38] ✅ 4050 → AUTH OK
[10:59:38] ✅ 1036772 → AUTH OK
[10:59:38] ✅ 51499 → AUTH OK
[10:59:38] ✅ 1037514 → AUTH OK
[10:59:38] ✅ 7137 → AUTH OK
[10:59:38] ✅ 1016381 → AUTH OK
[10:59:38] ✅ 18460 → AUTH OK
[10:59:38] ✅ 7679 → AUTH OK
[10:59:38] ✅ 27219 → AUTH OK
[10:59:38] ✅ 16522 → AUTH OK
[10:59:38] ✅ 7618 → AUTH OK
[10:59:38] ✅ 1020453 → AUTH OK
[10:59:38] ✅ 9136 → AUTH OK
[10:59:38] ✅ 4051 → AUTH OK
[10:59:38] ✅ 1014990 → AUTH OK
[10:59:38] ✅ 1020547 → AUTH OK
[10:59:38] ✅ 1037510 → AUTH OK
[10:59:38] ✅ 5145 → AUTH OK
[10:59:38] ✅ 1041458 → AUTH OK
[10:59:38] ✅ 1075745 → AUTH OK
[10:59:38] ✅ 1041393 → AUTH OK
[10:59:38] ✅ 1015286 → AUTH OK
[10:59:38] ✅ 1037531 → AUTH OK
[10:59:38] ✅ 1041242 → AUTH OK
[10:59:38] ✅ 1084553 → AUTH OK
[10:59:39] ✅ 9384 → AUTH OK
[10:59:39] ✅ 1032461 → AUTH OK
[10:59:39] ✅ 3965 → AUTH OK
[10:59:39] ✅ 25571 → AUTH OK
[10:59:39] ✅ 9174 → AUTH OK
[10:59:39] ✅ 1032460 → AUTH OK
[10:59:39] ✅ 1039840 → AUTH OK
[10:59:39] ✅ 55466 → AUTH OK
[10:59:39] ✅ 9194 → AUTH OK
[10:59:39] ✅ 7232 → AUTH OK
[10:59:39] ✅ 30784 → AUTH OK
[10:59:39] ✅ 25045 → AUTH OK
[10:59:39] ✅ 1037491 → AUTH OK
[10:59:39] ✅ 1016383 → AUTH OK
[10:59:39] ✅ 26281 → AUTH OK
[10:59:39] ✅ 1037527 → AUTH OK
[10:59:39] ✅ 1003767 → AUTH OK
[10:59:39] ✅ 9246 → AUTH OK
[10:59:39] ✅ 1029684 → AUTH OK
[10:59:39] ✅ 1037503 → AUTH OK
[10:59:39] ✅ 1007282 → AUTH OK
[10:59:39] ✅ 55853 → AUTH OK
[10:59:39] ✅ 1041239 → AUTH OK
[10:59:39] ✅ 18164 → AUTH OK
[10:59:39] ✅ 25181 → AUTH OK
[10:59:39] ✅ 19513 → AUTH OK
[10:59:39] ✅ 5182 → AUTH OK
[10:59:39] ✅ 1015975 → AUTH OK
[10:59:39] ✅ 1035744 → AUTH OK
[10:59:39] ✅ 3896 → AUTH OK
[10:59:39] ✅ 9285 → AUTH OK
[10:59:39] ✅ 1088811 → AUTH OK
[10:59:39] ✅ 62250 → AUTH OK
[10:59:39] ✅ 1037517 → AUTH OK
[10:59:39] ✅ 1037521 → AUTH OK
[10:59:39] ✅ 1037516 → AUTH OK
[10:59:39] ✅ 1042605 → AUTH OK
[10:59:39] ✅ 1041804 → AUTH OK
[10:59:39] ✅ 1040181 → AUTH OK
[10:59:39] ✅ 7293 → AUTH OK
[10:59:39] ✅ 1032901 → AUTH OK
[10:59:39] ✅ 1012280 → AUTH OK
[10:59:39] ✅ 5220 → AUTH OK
[10:59:39] ✅ 4889 → AUTH OK
[10:59:39] ✅ 5150 → AUTH OK
[10:59:39] ✅ 1020338 → AUTH OK
[10:59:39] ✅ 1047917 → AUTH OK
[10:59:39] ✅ 1041199 → AUTH OK
[10:59:39] ✅ 14354 → AUTH OK
[10:59:39] ✅ 16523 → AUTH OK
[10:59:39] ✅ 1056892 → AUTH OK
[10:59:39] ✅ 4919 → AUTH OK
[10:59:39] ✅ 1061843 → AUTH OK
[10:59:39] ✅ 6119 → AUTH OK
[10:59:39] ✅ 1052727 → AUTH OK
[10:59:39] ✅ 4780 → AUTH OK
[10:59:40] ✅ 1084822 → AUTH OK
[10:59:40] ✅ 1041683 → AUTH OK
[10:59:40] ✅ 1036383 → AUTH OK
[10:59:40] ✅ 1050804 → AUTH OK
[10:59:40] ✅ 4910 → AUTH OK
[10:59:40] ✅ 1033177 → AUTH OK
[10:59:40] ✅ 9661 → AUTH OK
[10:59:40] ✅ 17483 → AUTH OK
[10:59:40] ✅ 9784 → AUTH OK
[10:59:40] ✅ 29954 → AUTH OK
[10:59:40] ✅ 7537 → AUTH OK
[10:59:40] ✅ 1018468 → AUTH OK
[10:59:40] ✅ 28235 → AUTH OK
[10:59:40] ✅ 25281 → AUTH OK
[10:59:40] ✅ 1041732 → AUTH OK
[10:59:40] ✅ 7826 → AUTH OK
[10:59:40] ✅ 4852 → AUTH OK
[10:59:40] ✅ 1006037 → AUTH OK
[10:59:40] ✅ 27725 → AUTH OK
[10:59:40] ✅ 1041726 → AUTH OK
[10:59:40] ✅ 1041465 → AUTH OK
[10:59:40] ✅ 1013210 → AUTH OK
[10:59:40] ✅ 1055922 → AUTH OK
[10:59:40] ✅ 3145 → AUTH OK
[10:59:40] ✅ 1030383 → AUTH OK
[10:59:40] ✅ 9150 → AUTH OK
[10:59:40] ✅ 7814 → AUTH OK
[10:59:40] ✅ 19110 → AUTH OK
[10:59:40] ✅ 7753 → AUTH OK
[10:59:40] ✅ 1074202 → AUTH OK
[10:59:40] ✅ 4163 → AUTH OK
[10:59:40] ✅ 58822 → AUTH OK
[10:59:40] ✅ 1028118 → AUTH OK
[10:59:40] ✅ 7312 → AUTH OK
[10:59:40] ✅ 7856 → AUTH OK
[10:59:40] ✅ 9044 → AUTH OK
[10:59:40] ✅ 6096 → AUTH OK
[10:59:40] ✅ 1050768 → AUTH OK
[10:59:40] ✅ 4904 → AUTH OK
[10:59:40] ✅ 1019687 → AUTH OK
[10:59:40] ✅ 28863 → AUTH OK
[10:59:40] ✅ 4255 → AUTH OK
[10:59:40] ✅ 4379 → AUTH OK
[10:59:40] ✅ 27432 → AUTH OK
[10:59:40] ✅ 4340 → AUTH OK
[10:59:40] ✅ 5080 → AUTH OK
[10:59:40] ✅ 1088778 → AUTH OK
[10:59:40] ✅ 9131 → AUTH OK
[10:59:40] ✅ 1398 → AUTH OK
[10:59:40] ✅ 7260 → AUTH OK
[10:59:40] ✅ 4425 → AUTH OK
[10:59:40] ✅ 1026095 → AUTH OK
[10:59:40] ✅ 1041566 → AUTH OK
[10:59:40] ✅ 1020350 → AUTH OK
[10:59:40] ✅ 1042822 → AUTH OK
[10:59:40] ✅ 5105 → AUTH OK
[10:59:40] ✅ 7627 → AUTH OK
[10:59:40] ✅ 30441 → AUTH OK
[10:59:40] ✅ 19289 → AUTH OK
[10:59:41] ✅ 1041211 → AUTH OK
[10:59:41] ✅ 1041495 → AUTH OK
[10:59:41] ✅ 1031639 → AUTH OK
[10:59:41] ✅ 1033524 → AUTH OK
[10:59:41] ✅ 1039748 → AUTH OK
[10:59:41] ✅ 1054202 → AUTH OK
[10:59:41] ✅ 6079 → AUTH OK
[10:59:41] ✅ 1041691 → AUTH OK
[10:59:41] ✅ 26729 → AUTH OK
[10:59:41] ✅ 19294 → AUTH OK
[10:59:41] ✅ 29510 → AUTH OK
[10:59:41] ✅ 10268 → AUTH OK
[10:59:41] ✅ 9176 → AUTH OK
[10:59:41] ✅ 1014297 → AUTH OK
[10:59:41] ✅ 1009967 → AUTH OK
[10:59:41] ✅ 1031640 → AUTH OK
[10:59:41] ✅ 24522 → AUTH OK
[10:59:41] ✅ 43960 → AUTH OK
[10:59:41] ✅ 54684 → AUTH OK
[10:59:41] ✅ 1013662 → AUTH OK
[10:59:41] ✅ 7308 → AUTH OK
[10:59:41] ✅ 1055117 → AUTH OK
[10:59:41] ✅ 9780 → AUTH OK
[10:59:41] ✅ 32811 → AUTH OK
[10:59:41] ✅ 9497 → AUTH OK
[10:59:41] ✅ 1066216 → AUTH OK
[10:59:41] ✅ 984 → AUTH OK
[10:59:41] ✅ 33645 → AUTH OK
[10:59:41] ✅ 12947 → AUTH OK
[10:59:41] ✅ 1039923 → AUTH OK
[10:59:41] ✅ 1041684 → AUTH OK
[10:59:41] ✅ 1041782 → AUTH OK
[10:59:41] ✅ 9291 → AUTH OK
[10:59:41] ✅ 1018796 → AUTH OK
[10:59:41] ✅ 1030384 → AUTH OK
[10:59:41] ✅ 1041729 → AUTH OK
[10:59:41] ✅ 22884 → AUTH OK
[10:59:41] ✅ 9527 → AUTH OK
[10:59:41] ✅ 482 → AUTH OK
[10:59:41] ✅ 4881 → AUTH OK
[10:59:41] ✅ 1008441 → AUTH OK
[10:59:41] ✅ 476 → AUTH OK
[10:59:41] ✅ 1056146 → AUTH OK
[10:59:41] ✅ 9653 → AUTH OK
[10:59:41] ✅ 1089364 → AUTH OK
[10:59:41] ✅ 1039863 → AUTH OK
[10:59:41] ✅ 1065452 → AUTH OK
[10:59:41] ✅ 4714 → AUTH OK
[10:59:41] ✅ 24767 → AUTH OK
[10:59:41] ✅ 15614 → AUTH OK
[10:59:41] ✅ 5103 → AUTH OK
[10:59:41] ✅ 6035 → AUTH OK
[10:59:41] ✅ 1075662 → AUTH OK
[10:59:41] ✅ 1049289 → AUTH OK
[10:59:41] ✅ 1078620 → AUTH OK
[10:59:41] ✅ 1049288 → AUTH OK
[10:59:41] ✅ 1035939 → AUTH OK
[10:59:42] ✅ 1019544 → AUTH OK
[10:59:42] ✅ 3976 → AUTH OK
[10:59:42] ✅ 14703 → AUTH OK
[10:59:42] ✅ 1054735 → AUTH OK
[10:59:42] ✅ 1004633 → AUTH OK
[10:59:42] ✅ 52682 → AUTH OK
[10:59:42] ✅ 1041567 → AUTH OK
[10:59:42] ✅ 1054736 → AUTH OK
[10:59:42] ✅ 1027244 → AUTH OK
[10:59:42] ✅ 1092992 → AUTH OK
[10:59:42] ✅ 62907 → AUTH OK
[10:59:42] ✅ 5061 → AUTH OK
[10:59:42] ✅ 3906 → AUTH OK
[10:59:42] ✅ 25008 → AUTH OK
[10:59:42] ✅ 31792 → AUTH OK
[10:59:42] ✅ 1054730 → AUTH OK
[10:59:42] ✅ 1024041 → AUTH OK
[10:59:42] ✅ 26294 → AUTH OK
[10:59:42] ✅ 6121 → AUTH OK
[10:59:42] ✅ 1042215 → AUTH OK
[10:59:42] ✅ 38446 → AUTH OK
[10:59:42] ✅ 1009117 → AUTH OK
[10:59:42] ✅ 1032344 → AUTH OK
[10:59:42] ✅ 1009010 → AUTH OK
[10:59:42] ✅ 49852 → AUTH OK
[10:59:42] ✅ 1056846 → AUTH OK
[10:59:42] ✅ 1056839 → AUTH OK
[10:59:42] ✅ 4976 → AUTH OK
[10:59:42] ✅ 1059680 → AUTH OK
[10:59:42] ✅ 4124 → AUTH OK
[10:59:42] ✅ 24880 → AUTH OK
[10:59:42] ✅ 1088219 → AUTH OK
[10:59:42] ✅ 1020755 → AUTH OK
[10:59:42] ✅ 1068242 → AUTH OK
[10:59:42] ✅ 1025576 → AUTH OK
[10:59:42] ✅ 1021629 → AUTH OK
[10:59:42] ✅ 39874 → AUTH OK
[10:59:42] ✅ 15526 → AUTH OK
[10:59:42] ✅ 9169 → AUTH OK
[10:59:42] ✅ 9041 → AUTH OK
[10:59:42] ✅ 1036955 → AUTH OK
[10:59:42] ✅ 9504 → AUTH OK
[10:59:42] ✅ 4038 → AUTH OK
[10:59:42] ✅ 24246 → AUTH OK
[10:59:42] ✅ 4890 → AUTH OK
[10:59:42] ✅ 1004635 → AUTH OK
[10:59:42] ✅ 1054742 → AUTH OK
[10:59:42] ✅ 9100 → AUTH OK
[10:59:42] ✅ 9368 → AUTH OK
[10:59:42] ✅ 1053536 → AUTH OK
[10:59:42] ✅ 7504 → AUTH OK
[10:59:42] ✅ 31788 → AUTH OK
[10:59:42] ✅ 1036114 → AUTH OK
[10:59:42] ✅ 56144 → AUTH OK
[10:59:42] ✅ 10255 → AUTH OK
[10:59:42] ✅ 1082851 → AUTH OK
[10:59:42] ✅ 1013355 → AUTH OK
[10:59:42] ✅ 1012136 → AUTH OK
[10:59:42] ✅ 1028879 → AUTH OK
[10:59:43] ✅ 10270 → AUTH OK
[10:59:43] ✅ 4174 → AUTH OK
[10:59:43] ✅ 1004634 → AUTH OK
[10:59:43] ✅ 7511 → AUTH OK
[10:59:43] ✅ 1053155 → AUTH OK
[10:59:43] ✅ 1003803 → AUTH OK
[10:59:43] ✅ 1011192 → AUTH OK
[10:59:43] ✅ 24981 → AUTH OK
[10:59:43] ✅ Fetched 293 venues with shows
[10:59:43] ✅ DONE | Shows=1706 | Movies=30
[17:37:47] 📍 Loaded 754 district venues
[17:37:47] 🚀 DISTRICT SCRAPER STARTED
[17:37:48] ✅ 20856 → AUTH OK
[17:37:48] ✅ 1102103 → AUTH OK
[17:37:48] ✅ 61879 → AUTH OK
[17:37:48] ✅ 1068240 → AUTH OK
[17:37:48] ✅ 1102096 → AUTH OK
[17:37:48] ✅ 1067161 → AUTH OK
[17:37:48] ✅ 1020401 → AUTH OK
[17:37:48] ✅ 1068270 → AUTH OK
[17:37:48] ✅ 1102311 → AUTH OK
[17:37:48] ✅ 1101584 → AUTH OK
[17:37:48] ✅ 1102100 → AUTH OK
[17:37:48] ✅ 1102289 → AUTH OK
[17:37:48] ✅ 1102215 → AUTH OK
[17:37:48] ✅ 1101483 → AUTH OK
[17:37:48] ✅ 1583 → AUTH OK
[17:37:48] ✅ 1102183 → AUTH OK
[17:37:48] ✅ 1086677 → AUTH OK
[17:37:48] ✅ 1102233 → AUTH OK
[17:37:48] ✅ 1096456 → AUTH OK
[17:37:48] ✅ 1102175 → AUTH OK
[17:37:48] ✅ 1101397 → AUTH OK
[17:37:48] ✅ 1100725 → AUTH OK
[17:37:48] ✅ 51512 → AUTH OK
[17:37:48] ✅ 4430 → AUTH OK
[17:37:48] ✅ 9508 → AUTH OK
[17:37:48] ✅ 1102076 → AUTH OK
[17:37:48] ✅ 1102097 → AUTH OK
[17:37:48] ✅ 1102244 → AUTH OK
[17:37:48] ✅ 1096482 → AUTH OK
[17:37:48] ✅ 1082714 → AUTH OK
[17:37:48] ✅ 1102119 → AUTH OK
[17:37:49] ✅ 1101355 → AUTH OK
[17:37:49] ✅ 1096734 → AUTH OK
[17:37:49] ✅ 1096475 → AUTH OK
[17:37:49] ✅ 1102127 → AUTH OK
[17:37:49] ✅ 1102304 → AUTH OK
[17:37:49] ✅ 1044502 → AUTH OK
[17:37:49] ✅ 1095290 → AUTH OK
[17:37:49] ✅ 539 → AUTH OK
[17:37:49] ✅ 1096524 → AUTH OK
[17:37:49] ✅ 1101450 → AUTH OK
[17:37:49] ✅ 1102280 → AUTH OK
[17:37:49] ✅ 1102094 → AUTH OK
[17:37:49] ✅ 1102186 → AUTH OK
[17:37:49] ✅ 1102173 → AUTH OK
[17:37:49] ✅ 1102176 → AUTH OK
[17:37:49] ✅ 1094756 → AUTH OK
[17:37:49] ✅ 1102098 → AUTH OK
[17:37:49] ✅ 1102272 → AUTH OK
[17:37:49] ✅ 9736 → AUTH OK
[17:37:49] ✅ 7854 → AUTH OK
[17:37:49] ✅ 1011906 → AUTH OK
[17:37:49] ✅ 1101471 → AUTH OK
[17:37:49] ✅ 1102182 → AUTH OK
[17:37:49] ✅ 1102164 → AUTH OK
[17:37:49] ✅ 1102090 → AUTH OK
[17:37:49] ✅ 1102270 → AUTH OK
[17:37:49] ✅ 1102095 → AUTH OK
[17:37:49] ✅ 1101451 → AUTH OK
[17:37:49] ✅ 1102248 → AUTH OK
[17:37:49] ✅ 1102165 → AUTH OK
[17:37:49] ✅ 4222 → AUTH OK
[17:37:49] ✅ 1102082 → AUTH OK
[17:37:49] ✅ 1102071 → AUTH OK
[17:37:49] ✅ 1102242 → AUTH OK
[17:37:49] ✅ 7257 → AUTH OK
[17:37:49] ✅ 1102256 → AUTH OK
[17:37:49] ✅ 1102277 → AUTH OK
[17:37:49] ✅ 1102181 → AUTH OK
[17:37:49] ✅ 1101521 → AUTH OK
[17:37:49] ✅ 1102084 → AUTH OK
[17:37:49] ✅ 1102073 → AUTH OK
[17:37:49] ✅ 1038431 → AUTH OK
[17:37:49] ✅ 1102299 → AUTH OK
[17:37:49] ✅ 1101568 → AUTH OK
[17:37:49] ✅ 1102269 → AUTH OK
[17:37:49] ✅ 1102047 → AUTH OK
[17:37:49] ✅ 1102265 → AUTH OK
[17:37:49] ✅ 1102253 → AUTH OK
[17:37:49] ✅ 1102174 → AUTH OK
[17:37:49] ✅ 1102247 → AUTH OK
[17:37:49] ✅ 1102291 → AUTH OK
[17:37:49] ✅ 1102241 → AUTH OK
[17:37:50] ✅ 1102184 → AUTH OK
[17:37:50] ✅ 1102166 → AUTH OK
[17:37:50] ✅ 1101590 → AUTH OK
[17:37:50] ✅ 1102080 → AUTH OK
[17:37:50] ✅ 1102213 → AUTH OK
[17:37:50] ✅ 1041690 → AUTH OK
[17:37:50] ✅ 1102261 → AUTH OK
[17:37:50] ✅ 1056145 → AUTH OK
[17:37:50] ✅ 1102129 → AUTH OK
[17:37:50] ✅ 28486 → AUTH OK
[17:37:50] ✅ 1102055 → AUTH OK
[17:37:50] ✅ 1102132 → AUTH OK
[17:37:50] ✅ 1031589 → AUTH OK
[17:37:50] ✅ 1031364 → AUTH OK
[17:37:50] ✅ 1102123 → AUTH OK
[17:37:50] ✅ 1101387 → AUTH OK
[17:37:50] ✅ 1102106 → AUTH OK
[17:37:50] ✅ 1691 → AUTH OK
[17:37:50] ✅ 1102285 → AUTH OK
[17:37:50] ✅ 1101423 → AUTH OK
[17:37:50] ✅ 1060495 → AUTH OK
[17:37:50] ✅ 1101368 → AUTH OK
[17:37:50] ✅ 1102137 → AUTH OK
[17:37:50] ✅ 1102273 → AUTH OK
[17:37:50] ✅ 1053154 → AUTH OK
[17:37:50] ✅ 1042102 → AUTH OK
[17:37:50] ✅ 1102068 → AUTH OK
[17:37:50] ✅ 1101388 → AUTH OK
[17:37:50] ✅ 1078022 → AUTH OK
[17:37:50] ✅ 1039880 → AUTH OK
[17:37:50] ✅ 4132 → AUTH OK
[17:37:50] ✅ 1102120 → AUTH OK
[17:37:50] ✅ 1102125 → AUTH OK
[17:37:50] ✅ 1102147 → AUTH OK
[17:37:50] ✅ 1080585 → AUTH OK
[17:37:50] ✅ 1102258 → AUTH OK
[17:37:50] ✅ 1101217 → AUTH OK
[17:37:50] ✅ 1102168 → AUTH OK
[17:37:50] ✅ 1041689 → AUTH OK
[17:37:50] ✅ 1078001 → AUTH OK
[17:37:50] ✅ 1102284 → AUTH OK
[17:37:50] ✅ 1100831 → AUTH OK
[17:37:50] ✅ 1101219 → AUTH OK
[17:37:50] ✅ 1102069 → AUTH OK
[17:37:50] ✅ 1102067 → AUTH OK
[17:37:50] ✅ 1037501 → AUTH OK
[17:37:50] ✅ 1102134 → AUTH OK
[17:37:50] ✅ 4911 → AUTH OK
[17:37:50] ✅ 20834 → AUTH OK
[17:37:50] ✅ 1102236 → AUTH OK
[17:37:50] ✅ 1102276 → AUTH OK
[17:37:50] ✅ 5172 → AUTH OK
[17:37:50] ✅ 43628 → AUTH OK
[17:37:50] ✅ 1101452 → AUTH OK
[17:37:50] ✅ 1102124 → AUTH OK
[17:37:51] ✅ 1094757 → AUTH OK
[17:37:51] ✅ 1102078 → AUTH OK
[17:37:51] ✅ 1102281 → AUTH OK
[17:37:51] ✅ 1102294 → AUTH OK
[17:37:51] ✅ 1102104 → AUTH OK
[17:37:51] ✅ 14699 → AUTH OK
[17:37:51] ✅ 5100 → AUTH OK
[17:37:51] ✅ 1095009 → AUTH OK
[17:37:51] ✅ 1102275 → AUTH OK
[17:37:51] ✅ 27047 → AUTH OK
[17:37:51] ✅ 1011900 → AUTH OK
[17:37:51] ✅ 1020826 → AUTH OK
[17:37:51] ✅ 14697 → AUTH OK
[17:37:51] ✅ 1102135 → AUTH OK
[17:37:51] ✅ 1052124 → AUTH OK
[17:37:51] ✅ 1092638 → AUTH OK
[17:37:51] ✅ 1027478 → AUTH OK
[17:37:51] ✅ 1101222 → AUTH OK
[17:37:51] ✅ 1054725 → AUTH OK
[17:37:51] ✅ 1014604 → AUTH OK
[17:37:51] ✅ 4175 → AUTH OK
[17:37:51] ✅ 1092639 → AUTH OK
[17:37:51] ✅ 1088548 → AUTH OK
[17:37:51] ✅ 1094680 → AUTH OK
[17:37:51] ✅ 27908 → AUTH OK
[17:37:51] ✅ 1102228 → AUTH OK
[17:37:51] ✅ 1102075 → AUTH OK
[17:37:51] ✅ 1101523 → AUTH OK
[17:37:51] ✅ 1102239 → AUTH OK
[17:37:51] ✅ 1054741 → AUTH OK
[17:37:51] ✅ 1039949 → AUTH OK
[17:37:51] ✅ 13772 → AUTH OK
[17:37:51] ✅ 1102099 → AUTH OK
[17:37:51] ✅ 1102227 → AUTH OK
[17:37:51] ✅ 4918 → AUTH OK
[17:37:51] ✅ 1031592 → AUTH OK
[17:37:51] ✅ 7686 → AUTH OK
[17:37:51] ✅ 1060262 → AUTH OK
[17:37:51] ✅ 1102108 → AUTH OK
[17:37:51] ✅ 11272 → AUTH OK
[17:37:51] ✅ 16605 → AUTH OK
[17:37:51] ✅ 1102107 → AUTH OK
[17:37:51] ✅ 1101449 → AUTH OK
[17:37:51] ✅ 1102126 → AUTH OK
[17:37:51] ✅ 1102121 → AUTH OK
[17:37:51] ✅ 1088547 → AUTH OK
[17:37:51] ✅ 1037507 → AUTH OK
[17:37:51] ✅ 1042632 → AUTH OK
[17:37:51] ✅ 1102122 → AUTH OK
[17:37:51] ✅ 3943 → AUTH OK
[17:37:52] ✅ 6081 → AUTH OK
[17:37:52] ✅ 1042465 → AUTH OK
[17:37:52] ✅ 1078025 → AUTH OK
[17:37:52] ✅ 1037033 → AUTH OK
[17:37:52] ✅ 1102116 → AUTH OK
[17:37:52] ✅ 1037496 → AUTH OK
[17:37:52] ✅ 1101384 → AUTH OK
[17:37:52] ✅ 4184 → AUTH OK
[17:37:52] ✅ 1044503 → AUTH OK
[17:37:52] ✅ 11264 → AUTH OK
[17:37:52] ✅ 1049243 → AUTH OK
[17:37:52] ✅ 29761 → AUTH OK
[17:37:52] ✅ 1051040 → AUTH OK
[17:37:52] ✅ 29998 → AUTH OK
[17:37:52] ✅ 1074151 → AUTH OK
[17:37:52] ✅ 1041688 → AUTH OK
[17:37:52] ✅ 1040891 → AUTH OK
[17:37:52] ✅ 50915 → AUTH OK
[17:37:52] ✅ 7714 → AUTH OK
[17:37:52] ✅ 1102133 → AUTH OK
[17:37:52] ✅ 1093265 → AUTH OK
[17:37:52] ✅ 1024804 → AUTH OK
[17:37:52] ✅ 1031638 → AUTH OK
[17:37:52] ✅ 1039878 → AUTH OK
[17:37:52] ✅ 1030389 → AUTH OK
[17:37:52] ✅ 1065383 → AUTH OK
[17:37:52] ✅ 1076602 → AUTH OK
[17:37:52] ✅ 1094334 → AUTH OK
[17:37:52] ✅ 1008705 → AUTH OK
[17:37:52] ✅ 1037228 → AUTH OK
[17:37:52] ✅ 1039860 → AUTH OK
[17:37:52] ✅ 1039847 → AUTH OK
[17:37:52] ✅ 1039846 → AUTH OK
[17:37:52] ✅ 1009194 → AUTH OK
[17:37:52] ✅ 1041672 → AUTH OK
[17:37:52] ✅ 1047659 → AUTH OK
[17:37:52] ✅ 28206 → AUTH OK
[17:37:52] ✅ 1041687 → AUTH OK
[17:37:52] ✅ 1039875 → AUTH OK
[17:37:52] ✅ 1096733 → AUTH OK
[17:37:52] ✅ 1024343 → AUTH OK
[17:37:52] ✅ 2855 → AUTH OK
[17:37:52] ✅ 1001773 → AUTH OK
[17:37:52] ✅ 1036959 → AUTH OK
[17:37:52] ✅ 9292 → AUTH OK
[17:37:52] ✅ 25805 → AUTH OK
[17:37:52] ✅ 1097120 → AUTH OK
[17:37:52] ✅ 1039864 → AUTH OK
[17:37:52] ✅ 1039862 → AUTH OK
[17:37:52] ✅ 7258 → AUTH OK
[17:37:52] ✅ 1039850 → AUTH OK
[17:37:52] ✅ 1040466 → AUTH OK
[17:37:53] ✅ 1088822 → AUTH OK
[17:37:53] ✅ 1018795 → AUTH OK
[17:37:53] ✅ 1089130 → AUTH OK
[17:37:53] ✅ 4097 → AUTH OK
[17:37:53] ✅ 1039865 → AUTH OK
[17:37:53] ✅ 9365 → AUTH OK
[17:37:53] ✅ 9242 → AUTH OK
[17:37:53] ✅ 1041685 → AUTH OK
[17:37:53] ✅ 4106 → AUTH OK
[17:37:53] ✅ 1031636 → AUTH OK
[17:37:53] ✅ 27151 → AUTH OK
[17:37:53] ✅ 25803 → AUTH OK
[17:37:53] ✅ 36376 → AUTH OK
[17:37:53] ✅ 1098929 → AUTH OK
[17:37:53] ✅ 44361 → AUTH OK
[17:37:53] ✅ 1046654 → AUTH OK
[17:37:53] ✅ 1039851 → AUTH OK
[17:37:53] ✅ 7543 → AUTH OK
[17:37:53] ✅ 56048 → AUTH OK
[17:37:53] ✅ 1041244 → AUTH OK
[17:37:53] ✅ 7813 → AUTH OK
[17:37:53] ✅ 1041449 → AUTH OK
[17:37:53] ✅ 13958 → AUTH OK
[17:37:53] ✅ 4693 → AUTH OK
[17:37:53] ✅ 1039848 → AUTH OK
[17:37:53] ✅ 1039849 → AUTH OK
[17:37:53] ✅ 14120 → AUTH OK
[17:37:53] ✅ 7301 → AUTH OK
[17:37:53] ✅ 4380 → AUTH OK
[17:37:53] ✅ 1056572 → AUTH OK
[17:37:53] ✅ 7841 → AUTH OK
[17:37:53] ✅ 9920 → AUTH OK
[17:37:53] ✅ 1080239 → AUTH OK
[17:37:53] ✅ 1016089 → AUTH OK
[17:37:53] ✅ 1041394 → AUTH OK
[17:37:53] ✅ 4189 → AUTH OK
[17:37:53] ✅ 28968 → AUTH OK
[17:37:53] ✅ 1030438 → AUTH OK
[17:37:53] ✅ 27373 → AUTH OK
[17:37:53] ✅ 4178 → AUTH OK
[17:37:53] ✅ 1022965 → AUTH OK
[17:37:53] ✅ 4171 → AUTH OK
[17:37:53] ✅ 1075746 → AUTH OK
[17:37:53] ✅ 60085 → AUTH OK
[17:37:53] ✅ 1037518 → AUTH OK
[17:37:53] ✅ 55733 → AUTH OK
[17:37:53] ✅ 1008456 → AUTH OK
[17:37:53] ✅ 60083 → AUTH OK
[17:37:53] ✅ 1018799 → AUTH OK
[17:37:53] ✅ 1016053 → AUTH OK
[17:37:53] ✅ 24521 → AUTH OK
[17:37:53] ✅ 1053400 → AUTH OK
[17:37:53] ✅ 1037525 → AUTH OK
[17:37:53] ✅ 1008418 → AUTH OK
[17:37:54] ✅ 17069 → AUTH OK
[17:37:54] ✅ 1018652 → AUTH OK
[17:37:54] ✅ 1037961 → AUTH OK
[17:37:54] ✅ 10940 → AUTH OK
[17:37:54] ✅ 1041728 → AUTH OK
[17:37:54] ✅ 55272 → AUTH OK
[17:37:54] ✅ 25804 → AUTH OK
[17:37:54] ✅ 1041743 → AUTH OK
[17:37:54] ✅ 9487 → AUTH OK
[17:37:54] ✅ 1016133 → AUTH OK
[17:37:54] ✅ 1030504 → AUTH OK
[17:37:54] ✅ 1053618 → AUTH OK
[17:37:54] ✅ 1016088 → AUTH OK
[17:37:54] ✅ 5059 → AUTH OK
[17:37:54] ✅ 1049666 → AUTH OK
[17:37:54] ✅ 1042615 → AUTH OK
[17:37:54] ✅ 1036962 → AUTH OK
[17:37:54] ✅ 1042635 → AUTH OK
[17:37:54] ✅ 1050791 → AUTH OK
[17:37:54] ✅ 1042640 → AUTH OK
[17:37:54] ✅ 1011174 → AUTH OK
[17:37:54] ✅ 1007054 → AUTH OK
[17:37:54] ✅ 4248 → AUTH OK
[17:37:54] ✅ 4891 → AUTH OK
[17:37:54] ✅ 1042453 → AUTH OK
[17:37:54] ✅ 3960 → AUTH OK
[17:37:54] ✅ 28925 → AUTH OK
[17:37:54] ✅ 3981 → AUTH OK
[17:37:54] ✅ 1037511 → AUTH OK
[17:37:54] ✅ 1037502 → AUTH OK
[17:37:54] ✅ 1041504 → AUTH OK
[17:37:54] ✅ 4232 → AUTH OK
[17:37:54] ✅ 3910 → AUTH OK
[17:37:54] ✅ 1037526 → AUTH OK
[17:37:54] ✅ 14702 → AUTH OK
[17:37:54] ✅ 6044 → AUTH OK
[17:37:54] ✅ 19528 → AUTH OK
[17:37:54] ✅ 4028 → AUTH OK
[17:37:54] ✅ 14694 → AUTH OK
[17:37:54] ✅ 7881 → AUTH OK
[17:37:54] ✅ 22684 → AUTH OK
[17:37:54] ✅ 7534 → AUTH OK
[17:37:54] ✅ 9135 → AUTH OK
[17:37:54] ✅ 32194 → AUTH OK
[17:37:54] ✅ 43348 → AUTH OK
[17:37:54] ✅ 1012595 → AUTH OK
[17:37:54] ✅ 4067 → AUTH OK
[17:37:54] ✅ 25860 → AUTH OK
[17:37:54] ✅ 58633 → AUTH OK
[17:37:54] ✅ 1067946 → AUTH OK
[17:37:54] ✅ 10250 → AUTH OK
[17:37:54] ✅ 6057 → AUTH OK
[17:37:54] ✅ 4008 → AUTH OK
[17:37:54] ✅ 1091219 → AUTH OK
[17:37:54] ✅ 1019166 → AUTH OK
[17:37:55] ✅ 1092958 → AUTH OK
[17:37:55] ✅ 1050645 → AUTH OK
[17:37:55] ✅ 1018798 → AUTH OK
[17:37:55] ✅ 1005799 → AUTH OK
[17:37:55] ✅ 1005798 → AUTH OK
[17:37:55] ✅ 1020333 → AUTH OK
[17:37:55] ✅ 1089067 → AUTH OK
[17:37:55] ✅ 1034383 → AUTH OK
[17:37:55] ✅ 1034375 → AUTH OK
[17:37:55] ✅ 1058533 → AUTH OK
[17:37:55] ✅ 1025291 → AUTH OK
[17:37:55] ✅ 1037530 → AUTH OK
[17:37:55] ✅ 1015289 → AUTH OK
[17:37:55] ✅ 1041725 → AUTH OK
[17:37:55] ✅ 4608 → AUTH OK
[17:37:55] ✅ 1044095 → AUTH OK
[17:37:55] ✅ 27150 → AUTH OK
[17:37:55] ✅ 1058794 → AUTH OK
[17:37:55] ✅ 1023626 → AUTH OK
[17:37:55] ✅ 1015291 → AUTH OK
[17:37:55] ✅ 1034254 → AUTH OK
[17:37:55] ✅ 1033632 → AUTH OK
[17:37:55] ✅ 1039768 → AUTH OK
[17:37:55] ✅ 1019593 → AUTH OK
[17:37:55] ✅ 7747 → AUTH OK
[17:37:55] ✅ 1063761 → AUTH OK
[17:37:55] ✅ 1034186 → AUTH OK
[17:37:55] ✅ 27715 → AUTH OK
[17:37:55] ✅ 27716 → AUTH OK
[17:37:55] ✅ 1013208 → AUTH OK
[17:37:55] ✅ 24929 → AUTH OK
[17:37:55] ✅ 1039751 → AUTH OK
[17:37:55] ✅ 44966 → AUTH OK
[17:37:55] ✅ 496 → AUTH OK
[17:37:55] ✅ 4042 → AUTH OK
[17:37:55] ✅ 4306 → AUTH OK
[17:37:55] ✅ 28214 → AUTH OK
[17:37:55] ✅ 1016986 → AUTH OK
[17:37:55] ✅ 24351 → AUTH OK
[17:37:55] ✅ 1083399 → AUTH OK
[17:37:55] ✅ 1020288 → AUTH OK
[17:37:55] ✅ 1039424 → AUTH OK
[17:37:55] ✅ 1088790 → AUTH OK
[17:37:55] ✅ 1037520 → AUTH OK
[17:37:55] ✅ 9373 → AUTH OK
[17:37:55] ✅ 1067686 → AUTH OK
[17:37:55] ✅ 4217 → AUTH OK
[17:37:55] ✅ 7752 → AUTH OK
[17:37:55] ✅ 52996 → AUTH OK
[17:37:55] ✅ 1015795 → AUTH OK
[17:37:55] ✅ 1053939 → AUTH OK
[17:37:55] ✅ 1036961 → AUTH OK
[17:37:56] ✅ 1037142 → AUTH OK
[17:37:56] ✅ 31987 → AUTH OK
[17:37:56] ✅ 7222 → AUTH OK
[17:37:56] ✅ 26401 → AUTH OK
[17:37:56] ✅ 15527 → AUTH OK
[17:37:56] ✅ 16791 → AUTH OK
[17:37:56] ✅ 509 → AUTH OK
[17:37:56] ✅ 1088803 → AUTH OK
[17:37:56] ✅ 1063452 → AUTH OK
[17:37:56] ✅ 1020190 → AUTH OK
[17:37:56] ✅ 4332 → AUTH OK
[17:37:56] ✅ 1041692 → AUTH OK
[17:37:56] ✅ 22305 → AUTH OK
[17:37:56] ✅ 1003773 → AUTH OK
[17:37:56] ✅ 5041 → AUTH OK
[17:37:56] ✅ 1003802 → AUTH OK
[17:37:56] ✅ 1008409 → AUTH OK
[17:37:56] ✅ 6093 → AUTH OK
[17:37:56] ✅ 1030422 → AUTH OK
[17:37:56] ✅ 30524 → AUTH OK
[17:37:56] ✅ 9420 → AUTH OK
[17:37:56] ✅ 1065451 → AUTH OK
[17:37:56] ✅ 1041753 → AUTH OK
[17:37:56] ✅ 4902 → AUTH OK
[17:37:56] ✅ 32294 → AUTH OK
[17:37:56] ✅ 1008335 → AUTH OK
[17:37:56] ✅ 26230 → AUTH OK
[17:37:56] ✅ 25938 → AUTH OK
[17:37:56] ✅ 1039842 → AUTH OK
[17:37:56] ✅ 44366 → AUTH OK
[17:37:56] ✅ 9411 → AUTH OK
[17:37:56] ✅ 4739 → AUTH OK
[17:37:56] ✅ 522 → AUTH OK
[17:37:56] ✅ 1039877 → AUTH OK
[17:37:56] ✅ 9413 → AUTH OK
[17:37:56] ✅ 62637 → AUTH OK
[17:37:56] ✅ 1040228 → AUTH OK
[17:37:56] ✅ 1021922 → AUTH OK
[17:37:56] ✅ 25808 → AUTH OK
[17:37:56] ✅ 4107 → AUTH OK
[17:37:56] ✅ 26676 → AUTH OK
[17:37:56] ✅ 1005804 → AUTH OK
[17:37:56] ✅ 25011 → AUTH OK
[17:37:56] ✅ 1005991 → AUTH OK
[17:37:56] ✅ 1012189 → AUTH OK
[17:37:56] ✅ 9350 → AUTH OK
[17:37:56] ✅ 9424 → AUTH OK
[17:37:56] ✅ 1040731 → AUTH OK
[17:37:56] ✅ 1037532 → AUTH OK
[17:37:56] ✅ 36879 → AUTH OK
[17:37:56] ✅ 4036 → AUTH OK
[17:37:56] ✅ 1037345 → AUTH OK
[17:37:56] ✅ 1039272 → AUTH OK
[17:37:56] ✅ 14166 → AUTH OK
[17:37:56] ✅ 9551 → AUTH OK
[17:37:57] ✅ 1041505 → AUTH OK
[17:37:57] ✅ 1034324 → AUTH OK
[17:37:57] ✅ 9474 → AUTH OK
[17:37:57] ✅ 1005797 → AUTH OK
[17:37:57] ✅ 9491 → AUTH OK
[17:37:57] ✅ 4733 → AUTH OK
[17:37:57] ✅ 1037506 → AUTH OK
[17:37:57] ✅ 4272 → AUTH OK
[17:37:57] ✅ 7350 → AUTH OK
[17:37:57] ✅ 1012081 → AUTH OK
[17:37:57] ✅ 1071622 → AUTH OK
[17:37:57] ✅ 1031296 → AUTH OK
[17:37:57] ✅ 1042439 → AUTH OK
[17:37:57] ✅ 18823 → AUTH OK
[17:37:57] ✅ 1027903 → AUTH OK
[17:37:57] ✅ 4715 → AUTH OK
[17:37:57] ✅ 5058 → AUTH OK
[17:37:57] ✅ 1014990 → AUTH OK
[17:37:57] ✅ 14669 → AUTH OK
[17:37:57] ✅ 1025740 → AUTH OK
[17:37:57] ✅ 4045 → AUTH OK
[17:37:57] ✅ 1037523 → AUTH OK
[17:37:57] ✅ 9132 → AUTH OK
[17:37:57] ✅ 1008404 → AUTH OK
[17:37:57] ✅ 26640 → AUTH OK
[17:37:57] ✅ 4725 → AUTH OK
[17:37:57] ✅ 1065987 → AUTH OK
[17:37:57] ✅ 46485 → AUTH OK
[17:37:57] ✅ 42945 → AUTH OK
[17:37:57] ✅ 1052503 → AUTH OK
[17:37:57] ✅ 1015840 → AUTH OK
[17:37:57] ✅ 1064038 → AUTH OK
[17:37:57] ✅ 1015442 → AUTH OK
[17:37:57] ✅ 1036772 → AUTH OK
[17:37:57] ✅ 4050 → AUTH OK
[17:37:57] ✅ 1016381 → AUTH OK
[17:37:57] ✅ 1037514 → AUTH OK
[17:37:57] ✅ 1041473 → AUTH OK
[17:37:57] ✅ 7137 → AUTH OK
[17:37:57] ✅ 1041496 → AUTH OK
[17:37:57] ✅ 51499 → AUTH OK
[17:37:57] ✅ 18460 → AUTH OK
[17:37:57] ✅ 16522 → AUTH OK
[17:37:57] ✅ 9136 → AUTH OK
[17:37:57] ✅ 7618 → AUTH OK
[17:37:57] ✅ 7679 → AUTH OK
[17:37:57] ✅ 4051 → AUTH OK
[17:37:57] ✅ 1020453 → AUTH OK
[17:37:57] ✅ 1037510 → AUTH OK
[17:37:57] ✅ 1020547 → AUTH OK
[17:37:57] ✅ 1041242 → AUTH OK
[17:37:57] ✅ 1041458 → AUTH OK
[17:37:57] ✅ 1041393 → AUTH OK
[17:37:57] ✅ 1075745 → AUTH OK
[17:37:58] ✅ 5145 → AUTH OK
[17:37:58] ✅ 1037531 → AUTH OK
[17:37:58] ✅ 1015286 → AUTH OK
[17:37:58] ✅ 1084553 → AUTH OK
[17:37:58] ✅ 9384 → AUTH OK
[17:37:58] ✅ 27219 → AUTH OK
[17:37:58] ✅ 1039840 → AUTH OK
[17:37:58] ✅ 1032461 → AUTH OK
[17:37:58] ✅ 25571 → AUTH OK
[17:37:58] ✅ 3965 → AUTH OK
[17:37:58] ✅ 9174 → AUTH OK
[17:37:58] ✅ 1032460 → AUTH OK
[17:37:58] ✅ 55466 → AUTH OK
[17:37:58] ✅ 7232 → AUTH OK
[17:37:58] ✅ 30784 → AUTH OK
[17:37:58] ✅ 9194 → AUTH OK
[17:37:58] ✅ 25045 → AUTH OK
[17:37:58] ✅ 26281 → AUTH OK
[17:37:58] ✅ 1016383 → AUTH OK
[17:37:58] ✅ 1003767 → AUTH OK
[17:37:58] ✅ 1037527 → AUTH OK
[17:37:58] ✅ 1037491 → AUTH OK
[17:37:58] ✅ 1037503 → AUTH OK
[17:37:58] ✅ 55853 → AUTH OK
[17:37:58] ✅ 1029684 → AUTH OK
[17:37:58] ✅ 18164 → AUTH OK
[17:37:58] ✅ 1007282 → AUTH OK
[17:37:58] ✅ 9246 → AUTH OK
[17:37:58] ✅ 1041239 → AUTH OK
[17:37:58] ✅ 1015975 → AUTH OK
[17:37:58] ✅ 25181 → AUTH OK
[17:37:58] ✅ 1035744 → AUTH OK
[17:37:58] ✅ 19513 → AUTH OK
[17:37:58] ✅ 3896 → AUTH OK
[17:37:58] ✅ 9285 → AUTH OK
[17:37:58] ✅ 5182 → AUTH OK
[17:37:58] ✅ 62250 → AUTH OK
[17:37:58] ✅ 1088811 → AUTH OK
[17:37:58] ✅ 1037517 → AUTH OK
[17:37:58] ✅ 1037516 → AUTH OK
[17:37:58] ✅ 1012280 → AUTH OK
[17:37:58] ✅ 1037521 → AUTH OK
[17:37:58] ✅ 1042605 → AUTH OK
[17:37:58] ✅ 5150 → AUTH OK
[17:37:58] ✅ 1040181 → AUTH OK
[17:37:58] ✅ 1032901 → AUTH OK
[17:37:58] ✅ 16523 → AUTH OK
[17:37:58] ✅ 1041804 → AUTH OK
[17:37:58] ✅ 5220 → AUTH OK
[17:37:58] ✅ 1056892 → AUTH OK
[17:37:58] ✅ 14354 → AUTH OK
[17:37:58] ✅ 4889 → AUTH OK
[17:37:58] ✅ 7293 → AUTH OK
[17:37:58] ✅ 4919 → AUTH OK
[17:37:59] ✅ 1047917 → AUTH OK
[17:37:59] ✅ 6119 → AUTH OK
[17:37:59] ✅ 1041199 → AUTH OK
[17:37:59] ✅ 1020338 → AUTH OK
[17:37:59] ✅ 1061843 → AUTH OK
[17:37:59] ✅ 4780 → AUTH OK
[17:37:59] ✅ 1052727 → AUTH OK
[17:37:59] ✅ 1041683 → AUTH OK
[17:37:59] ✅ 1036383 → AUTH OK
[17:37:59] ✅ 1084822 → AUTH OK
[17:37:59] ✅ 1033177 → AUTH OK
[17:37:59] ✅ 1050804 → AUTH OK
[17:37:59] ✅ 29954 → AUTH OK
[17:37:59] ✅ 9784 → AUTH OK
[17:37:59] ✅ 4910 → AUTH OK
[17:37:59] ✅ 17483 → AUTH OK
[17:37:59] ✅ 1041732 → AUTH OK
[17:37:59] ✅ 28235 → AUTH OK
[17:37:59] ✅ 9661 → AUTH OK
[17:37:59] ✅ 7537 → AUTH OK
[17:37:59] ✅ 27725 → AUTH OK
[17:37:59] ✅ 7826 → AUTH OK
[17:37:59] ✅ 1041726 → AUTH OK
[17:37:59] ✅ 1006037 → AUTH OK
[17:37:59] ✅ 1030383 → AUTH OK
[17:37:59] ✅ 9150 → AUTH OK
[17:37:59] ✅ 4852 → AUTH OK
[17:37:59] ✅ 1018468 → AUTH OK
[17:37:59] ✅ 25281 → AUTH OK
[17:37:59] ✅ 7753 → AUTH OK
[17:37:59] ✅ 3145 → AUTH OK
[17:37:59] ✅ 1055922 → AUTH OK
[17:37:59] ✅ 1013210 → AUTH OK
[17:37:59] ✅ 1041465 → AUTH OK
[17:37:59] ✅ 1074202 → AUTH OK
[17:37:59] ✅ 7814 → AUTH OK
[17:37:59] ✅ 19110 → AUTH OK
[17:37:59] ✅ 58822 → AUTH OK
[17:37:59] ✅ 9044 → AUTH OK
[17:37:59] ✅ 4163 → AUTH OK
[17:37:59] ✅ 28863 → AUTH OK
[17:37:59] ✅ 7856 → AUTH OK
[17:37:59] ✅ 1028118 → AUTH OK
[17:37:59] ✅ 4904 → AUTH OK
[17:37:59] ✅ 7312 → AUTH OK
[17:37:59] ✅ 6096 → AUTH OK
[17:37:59] ✅ 1019687 → AUTH OK
[17:37:59] ✅ 4340 → AUTH OK
[17:37:59] ✅ 4379 → AUTH OK
[17:37:59] ✅ 4255 → AUTH OK
[17:37:59] ✅ 27432 → AUTH OK
[17:37:59] ✅ 1398 → AUTH OK
[17:37:59] ✅ 1088778 → AUTH OK
[17:37:59] ✅ 9131 → AUTH OK
[17:37:59] ✅ 5080 → AUTH OK
[17:37:59] ✅ 7260 → AUTH OK
[17:38:00] ✅ 1050768 → AUTH OK
[17:38:00] ✅ 1042822 → AUTH OK
[17:38:00] ✅ 30441 → AUTH OK
[17:38:00] ✅ 7627 → AUTH OK
[17:38:00] ✅ 5105 → AUTH OK
[17:38:00] ✅ 4425 → AUTH OK
[17:38:00] ✅ 1041566 → AUTH OK
[17:38:00] ✅ 1026095 → AUTH OK
[17:38:00] ✅ 19289 → AUTH OK
[17:38:00] ✅ 1041495 → AUTH OK
[17:38:00] ✅ 6079 → AUTH OK
[17:38:00] ✅ 1039748 → AUTH OK
[17:38:00] ✅ 1041211 → AUTH OK
[17:38:00] ✅ 1014297 → AUTH OK
[17:38:00] ✅ 1033524 → AUTH OK
[17:38:00] ✅ 1054202 → AUTH OK
[17:38:00] ✅ 1031639 → AUTH OK
[17:38:00] ✅ 1041691 → AUTH OK
[17:38:00] ✅ 19294 → AUTH OK
[17:38:00] ✅ 1009967 → AUTH OK
[17:38:00] ✅ 9176 → AUTH OK
[17:38:00] ✅ 26729 → AUTH OK
[17:38:00] ✅ 1031640 → AUTH OK
[17:38:00] ✅ 1013662 → AUTH OK
[17:38:00] ✅ 29510 → AUTH OK
[17:38:00] ✅ 43960 → AUTH OK
[17:38:00] ✅ 1055117 → AUTH OK
[17:38:00] ✅ 24522 → AUTH OK
[17:38:00] ✅ 10268 → AUTH OK
[17:38:00] ✅ 54684 → AUTH OK
[17:38:00] ✅ 7308 → AUTH OK
[17:38:00] ✅ 9780 → AUTH OK
[17:38:00] ✅ 9497 → AUTH OK
[17:38:00] ✅ 984 → AUTH OK
[17:38:00] ✅ 32811 → AUTH OK
[17:38:00] ✅ 1020350 → AUTH OK
[17:38:00] ✅ 33645 → AUTH OK
[17:38:00] ✅ 482 → AUTH OK
[17:38:00] ✅ 1041729 → AUTH OK
[17:38:00] ✅ 12947 → AUTH OK
[17:38:00] ✅ 1039923 → AUTH OK
[17:38:00] ✅ 1066216 → AUTH OK
[17:38:00] ✅ 1041684 → AUTH OK
[17:38:00] ✅ 1030384 → AUTH OK
[17:38:00] ✅ 22884 → AUTH OK
[17:38:00] ✅ 4714 → AUTH OK
[17:38:00] ✅ 1018796 → AUTH OK
[17:38:00] ✅ 9291 → AUTH OK
[17:38:00] ✅ 9653 → AUTH OK
[17:38:00] ✅ 4881 → AUTH OK
[17:38:00] ✅ 9527 → AUTH OK
[17:38:00] ✅ 1056146 → AUTH OK
[17:38:00] ✅ 476 → AUTH OK
[17:38:01] ✅ 15614 → AUTH OK
[17:38:01] ✅ 1008441 → AUTH OK
[17:38:01] ✅ 1065452 → AUTH OK
[17:38:01] ✅ 1039863 → AUTH OK
[17:38:01] ✅ 24767 → AUTH OK
[17:38:01] ✅ 1075662 → AUTH OK
[17:38:01] ✅ 6035 → AUTH OK
[17:38:01] ✅ 1049289 → AUTH OK
[17:38:01] ✅ 5103 → AUTH OK
[17:38:01] ✅ 1089364 → AUTH OK
[17:38:01] ✅ 1035939 → AUTH OK
[17:38:01] ✅ 1078620 → AUTH OK
[17:38:01] ✅ 1049288 → AUTH OK
[17:38:01] ✅ 1041782 → AUTH OK
[17:38:01] ✅ 1054735 → AUTH OK
[17:38:01] ✅ 52682 → AUTH OK
[17:38:01] ✅ 1019544 → AUTH OK
[17:38:01] ✅ 1092992 → AUTH OK
[17:38:01] ✅ 1027244 → AUTH OK
[17:38:01] ✅ 1041567 → AUTH OK
[17:38:01] ✅ 3976 → AUTH OK
[17:38:01] ✅ 14703 → AUTH OK
[17:38:01] ✅ 1054736 → AUTH OK
[17:38:01] ✅ 26294 → AUTH OK
[17:38:01] ✅ 25008 → AUTH OK
[17:38:01] ✅ 31792 → AUTH OK
[17:38:01] ✅ 5061 → AUTH OK
[17:38:01] ✅ 6121 → AUTH OK
[17:38:01] ✅ 3906 → AUTH OK
[17:38:01] ✅ 38446 → AUTH OK
[17:38:01] ✅ 62907 → AUTH OK
[17:38:01] ✅ 1009117 → AUTH OK
[17:38:01] ✅ 1042215 → AUTH OK
[17:38:01] ✅ 1032344 → AUTH OK
[17:38:01] ✅ 1054730 → AUTH OK
[17:38:01] ✅ 1024041 → AUTH OK
[17:38:01] ✅ 1059680 → AUTH OK
[17:38:01] ✅ 4976 → AUTH OK
[17:38:01] ✅ 1056839 → AUTH OK
[17:38:01] ✅ 49852 → AUTH OK
[17:38:01] ✅ 4124 → AUTH OK
[17:38:01] ✅ 1088219 → AUTH OK
[17:38:01] ✅ 24880 → AUTH OK
[17:38:01] ✅ 1036955 → AUTH OK
[17:38:01] ✅ 1056846 → AUTH OK
[17:38:01] ✅ 1009010 → AUTH OK
[17:38:01] ✅ 1004633 → AUTH OK
[17:38:01] ✅ 1068242 → AUTH OK
[17:38:01] ✅ 1020755 → AUTH OK
[17:38:01] ✅ 1025576 → AUTH OK
[17:38:01] ✅ 1021629 → AUTH OK
[17:38:01] ✅ 39874 → AUTH OK
[17:38:02] ✅ 15526 → AUTH OK
[17:38:02] ✅ 9041 → AUTH OK
[17:38:02] ✅ 9169 → AUTH OK
[17:38:02] ✅ 9504 → AUTH OK
[17:38:02] ✅ 4038 → AUTH OK
[17:38:02] ✅ 9100 → AUTH OK
[17:38:02] ✅ 4890 → AUTH OK
[17:38:02] ✅ 1004635 → AUTH OK
[17:38:02] ✅ 1054742 → AUTH OK
[17:38:02] ✅ 9368 → AUTH OK
[17:38:02] ✅ 24246 → AUTH OK
[17:38:02] ✅ 7504 → AUTH OK
[17:38:02] ✅ 31788 → AUTH OK
[17:38:02] ✅ 56144 → AUTH OK
[17:38:02] ✅ 1082851 → AUTH OK
[17:38:02] ✅ 1036114 → AUTH OK
[17:38:02] ✅ 10270 → AUTH OK
[17:38:02] ✅ 1013355 → AUTH OK
[17:38:02] ✅ 1012136 → AUTH OK
[17:38:02] ✅ 1004634 → AUTH OK
[17:38:02] ✅ 24981 → AUTH OK
[17:38:02] ✅ 1003803 → AUTH OK
[17:38:02] ✅ 7511 → AUTH OK
[17:38:02] ✅ 1053155 → AUTH OK
[17:38:02] ✅ 10255 → AUTH OK
[17:38:02] ✅ 1011192 → AUTH OK
[17:38:02] ✅ 1028879 → AUTH OK
[17:38:02] ✅ 1053536 → AUTH OK
[17:38:02] ✅ 4174 → AUTH OK
[17:38:02] ✅ Fetched 342 venues with shows
[17:38:02] ✅ DONE | Shows=2212 | Movies=41
[21:24:24] 📍 Loaded 754 district venues
[21:24:24] 🚀 DISTRICT SCRAPER STARTED
[21:24:25] ✅ 1102233 → AUTH OK
[21:24:25] ✅ 1096456 → AUTH OK
[21:24:25] ✅ 1102096 → AUTH OK
[21:24:25] ✅ 1102100 → AUTH OK
[21:24:25] ✅ 1102311 → AUTH OK
[21:24:25] ✅ 1102103 → AUTH OK
[21:24:25] ✅ 1068270 → AUTH OK
[21:24:25] ✅ 61879 → AUTH OK
[21:24:25] ✅ 1102215 → AUTH OK
[21:24:25] ✅ 1101483 → AUTH OK
[21:24:25] ✅ 1067161 → AUTH OK
[21:24:25] ✅ 1101584 → AUTH OK
[21:24:25] ✅ 1102098 → AUTH OK
[21:24:25] ✅ 1102244 → AUTH OK
[21:24:25] ✅ 51512 → AUTH OK
[21:24:25] ✅ 1101397 → AUTH OK
[21:24:25] ✅ 1102127 → AUTH OK
[21:24:25] ✅ 1100725 → AUTH OK
[21:24:25] ✅ 1102076 → AUTH OK
[21:24:25] ✅ 1068240 → AUTH OK
[21:24:25] ✅ 4430 → AUTH OK
[21:24:25] ✅ 1044502 → AUTH OK
[21:24:25] ✅ 1086677 → AUTH OK
[21:24:26] ✅ 1102097 → AUTH OK
[21:24:26] ✅ 1102183 → AUTH OK
[21:24:26] ✅ 1082714 → AUTH OK
[21:24:26] ✅ 1102304 → AUTH OK
[21:24:26] ✅ 9508 → AUTH OK
[21:24:26] ✅ 1096475 → AUTH OK
[21:24:26] ✅ 1096734 → AUTH OK
[21:24:26] ✅ 1102289 → AUTH OK
[21:24:26] ✅ 1101355 → AUTH OK
[21:24:26] ✅ 1096482 → AUTH OK
[21:24:26] ✅ 1096524 → AUTH OK
[21:24:26] ✅ 1095290 → AUTH OK
[21:24:26] ✅ 1020401 → AUTH OK
[21:24:26] ✅ 1101450 → AUTH OK
[21:24:26] ✅ 7854 → AUTH OK
[21:24:26] ✅ 1102094 → AUTH OK
[21:24:26] ✅ 1583 → AUTH OK
[21:24:26] ✅ 1102186 → AUTH OK
[21:24:26] ✅ 1102280 → AUTH OK
[21:24:26] ✅ 20856 → AUTH OK
[21:24:26] ✅ 539 → AUTH OK
[21:24:26] ✅ 9736 → AUTH OK
[21:24:26] ✅ 1102175 → AUTH OK
[21:24:26] ✅ 1094756 → AUTH OK
[21:24:26] ✅ 1102176 → AUTH OK
[21:24:26] ✅ 1102119 → AUTH OK
[21:24:26] ✅ 1102272 → AUTH OK
[21:24:26] ✅ 1011906 → AUTH OK
[21:24:26] ✅ 1102164 → AUTH OK
[21:24:26] ✅ 1102090 → AUTH OK
[21:24:26] ✅ 1102173 → AUTH OK
[21:24:26] ✅ 1102095 → AUTH OK
[21:24:26] ✅ 1102182 → AUTH OK
[21:24:26] ✅ 1101451 → AUTH OK
[21:24:26] ✅ 1101471 → AUTH OK
[21:24:26] ✅ 1102256 → AUTH OK
[21:24:26] ✅ 1102248 → AUTH OK
[21:24:26] ✅ 1102270 → AUTH OK
[21:24:26] ✅ 1102242 → AUTH OK
[21:24:26] ✅ 1102071 → AUTH OK
[21:24:26] ✅ 1101521 → AUTH OK
[21:24:26] ✅ 1102084 → AUTH OK
[21:24:26] ✅ 7257 → AUTH OK
[21:24:26] ✅ 1102165 → AUTH OK
[21:24:26] ✅ 4222 → AUTH OK
[21:24:26] ✅ 1102082 → AUTH OK
[21:24:26] ✅ 1102174 → AUTH OK
[21:24:26] ✅ 1102073 → AUTH OK
[21:24:27] ✅ 1102277 → AUTH OK
[21:24:27] ✅ 1038431 → AUTH OK
[21:24:27] ✅ 1102269 → AUTH OK
[21:24:27] ✅ 1102253 → AUTH OK
[21:24:27] ✅ 1102047 → AUTH OK
[21:24:27] ✅ 1102299 → AUTH OK
[21:24:27] ✅ 1102080 → AUTH OK
[21:24:27] ✅ 1101590 → AUTH OK
[21:24:27] ✅ 1102273 → AUTH OK
[21:24:27] ✅ 1101568 → AUTH OK
[21:24:27] ✅ 1102213 → AUTH OK
[21:24:27] ✅ 1102265 → AUTH OK
[21:24:27] ✅ 1102291 → AUTH OK
[21:24:27] ✅ 1102241 → AUTH OK
[21:24:27] ✅ 1102247 → AUTH OK
[21:24:27] ✅ 1102166 → AUTH OK
[21:24:27] ✅ 28486 → AUTH OK
[21:24:27] ✅ 1102184 → AUTH OK
[21:24:27] ✅ 1102129 → AUTH OK
[21:24:27] ✅ 1056145 → AUTH OK
[21:24:27] ✅ 1102132 → AUTH OK
[21:24:27] ✅ 1102055 → AUTH OK
[21:24:27] ✅ 1102261 → AUTH OK
[21:24:27] ✅ 1102181 → AUTH OK
[21:24:27] ✅ 1031589 → AUTH OK
[21:24:27] ✅ 1102285 → AUTH OK
[21:24:27] ✅ 1101387 → AUTH OK
[21:24:27] ✅ 1031364 → AUTH OK
[21:24:27] ✅ 1101368 → AUTH OK
[21:24:27] ✅ 1101423 → AUTH OK
[21:24:27] ✅ 1101388 → AUTH OK
[21:24:27] ✅ 1060495 → AUTH OK
[21:24:27] ✅ 1102106 → AUTH OK
[21:24:27] ✅ 1102068 → AUTH OK
[21:24:27] ✅ 1102137 → AUTH OK
[21:24:27] ✅ 1691 → AUTH OK
[21:24:27] ✅ 1042102 → AUTH OK
[21:24:27] ✅ 1053154 → AUTH OK
[21:24:27] ✅ 1102125 → AUTH OK
[21:24:27] ✅ 1102123 → AUTH OK
[21:24:27] ✅ 1039880 → AUTH OK
[21:24:27] ✅ 1102120 → AUTH OK
[21:24:27] ✅ 1078022 → AUTH OK
[21:24:27] ✅ 4132 → AUTH OK
[21:24:27] ✅ 1102147 → AUTH OK
[21:24:27] ✅ 1102168 → AUTH OK
[21:24:27] ✅ 1101217 → AUTH OK
[21:24:27] ✅ 1102258 → AUTH OK
[21:24:27] ✅ 1078001 → AUTH OK
[21:24:27] ✅ 1101219 → AUTH OK
[21:24:27] ✅ 1100831 → AUTH OK
[21:24:27] ✅ 1080585 → AUTH OK
[21:24:27] ✅ 1102069 → AUTH OK
[21:24:27] ✅ 1041690 → AUTH OK
[21:24:27] ✅ 1102067 → AUTH OK
[21:24:27] ✅ 1102134 → AUTH OK
[21:24:27] ✅ 20834 → AUTH OK
[21:24:27] ✅ 1037501 → AUTH OK
[21:24:28] ✅ 1102284 → AUTH OK
[21:24:28] ✅ 1101452 → AUTH OK
[21:24:28] ✅ 1102276 → AUTH OK
[21:24:28] ✅ 5172 → AUTH OK
[21:24:28] ✅ 4911 → AUTH OK
[21:24:28] ✅ 1041689 → AUTH OK
[21:24:28] ✅ 43628 → AUTH OK
[21:24:28] ✅ 1102236 → AUTH OK
[21:24:28] ✅ 1102124 → AUTH OK
[21:24:28] ✅ 14699 → AUTH OK
[21:24:28] ✅ 1102275 → AUTH OK
[21:24:28] ✅ 1102104 → AUTH OK
[21:24:28] ✅ 1102078 → AUTH OK
[21:24:28] ✅ 1102294 → AUTH OK
[21:24:28] ✅ 1094757 → AUTH OK
[21:24:28] ✅ 14697 → AUTH OK
[21:24:28] ✅ 1014604 → AUTH OK
[21:24:28] ✅ 5100 → AUTH OK
[21:24:28] ✅ 1011900 → AUTH OK
[21:24:28] ✅ 1052124 → AUTH OK
[21:24:28] ✅ 1020826 → AUTH OK
[21:24:28] ✅ 1102281 → AUTH OK
[21:24:28] ✅ 27047 → AUTH OK
[21:24:28] ✅ 4175 → AUTH OK
[21:24:28] ✅ 1027478 → AUTH OK
[21:24:28] ✅ 1101222 → AUTH OK
[21:24:28] ✅ 1092639 → AUTH OK
[21:24:28] ✅ 1102135 → AUTH OK
[21:24:28] ✅ 1092638 → AUTH OK
[21:24:28] ✅ 1102228 → AUTH OK
[21:24:28] ✅ 1094680 → AUTH OK
[21:24:28] ✅ 1054725 → AUTH OK
[21:24:28] ✅ 1088548 → AUTH OK
[21:24:28] ✅ 1102075 → AUTH OK
[21:24:28] ✅ 1102239 → AUTH OK
[21:24:28] ✅ 27908 → AUTH OK
[21:24:28] ✅ 1101523 → AUTH OK
[21:24:28] ✅ 1088547 → AUTH OK
[21:24:28] ✅ 1102227 → AUTH OK
[21:24:28] ✅ 13772 → AUTH OK
[21:24:28] ✅ 1102099 → AUTH OK
[21:24:28] ✅ 1095009 → AUTH OK
[21:24:28] ✅ 11272 → AUTH OK
[21:24:28] ✅ 1054741 → AUTH OK
[21:24:28] ✅ 16605 → AUTH OK
[21:24:28] ✅ 1102107 → AUTH OK
[21:24:28] ✅ 7686 → AUTH OK
[21:24:29] ✅ 1060262 → AUTH OK
[21:24:29] ✅ 1101449 → AUTH OK
[21:24:29] ✅ 1102121 → AUTH OK
[21:24:29] ✅ 4918 → AUTH OK
[21:24:29] ✅ 1031592 → AUTH OK
[21:24:29] ✅ 1102133 → AUTH OK
[21:24:29] ✅ 6081 → AUTH OK
[21:24:29] ✅ 1102126 → AUTH OK
[21:24:29] ✅ 1037507 → AUTH OK
[21:24:29] ✅ 4184 → AUTH OK
[21:24:29] ✅ 3943 → AUTH OK
[21:24:29] ✅ 1042465 → AUTH OK
[21:24:29] ✅ 1042632 → AUTH OK
[21:24:29] ✅ 1101384 → AUTH OK
[21:24:29] ✅ 1102122 → AUTH OK
[21:24:29] ✅ 29761 → AUTH OK
[21:24:29] ✅ 1102116 → AUTH OK
[21:24:29] ✅ 1037033 → AUTH OK
[21:24:29] ✅ 1041688 → AUTH OK
[21:24:29] ✅ 1102108 → AUTH OK
[21:24:29] ✅ 1049243 → AUTH OK
[21:24:29] ✅ 1044503 → AUTH OK
[21:24:29] ✅ 1078025 → AUTH OK
[21:24:29] ✅ 11264 → AUTH OK
[21:24:29] ✅ 1037496 → AUTH OK
[21:24:29] ✅ 1051040 → AUTH OK
[21:24:29] ✅ 1039949 → AUTH OK
[21:24:29] ✅ 29998 → AUTH OK
[21:24:29] ✅ 1040891 → AUTH OK
[21:24:29] ✅ 50915 → AUTH OK
[21:24:29] ✅ 1074151 → AUTH OK
[21:24:29] ✅ 1065383 → AUTH OK
[21:24:29] ✅ 7714 → AUTH OK
[21:24:29] ✅ 1030389 → AUTH OK
[21:24:29] ✅ 1039878 → AUTH OK
[21:24:29] ✅ 1039847 → AUTH OK
[21:24:29] ✅ 1039860 → AUTH OK
[21:24:29] ✅ 1076602 → AUTH OK
[21:24:29] ✅ 1093265 → AUTH OK
[21:24:29] ✅ 1008705 → AUTH OK
[21:24:29] ✅ 1041672 → AUTH OK
[21:24:29] ✅ 1031638 → AUTH OK
[21:24:29] ✅ 1037228 → AUTH OK
[21:24:29] ✅ 1024804 → AUTH OK
[21:24:29] ✅ 1009194 → AUTH OK
[21:24:29] ✅ 28206 → AUTH OK
[21:24:29] ✅ 1047659 → AUTH OK
[21:24:29] ✅ 1039846 → AUTH OK
[21:24:29] ✅ 1039875 → AUTH OK
[21:24:29] ✅ 1094334 → AUTH OK
[21:24:29] ✅ 4106 → AUTH OK
[21:24:29] ✅ 1031636 → AUTH OK
[21:24:30] ✅ 1024343 → AUTH OK
[21:24:30] ✅ 1096733 → AUTH OK
[21:24:30] ✅ 9292 → AUTH OK
[21:24:30] ✅ 1097120 → AUTH OK
[21:24:30] ✅ 1041687 → AUTH OK
[21:24:30] ✅ 1001773 → AUTH OK
[21:24:30] ✅ 25805 → AUTH OK
[21:24:30] ✅ 1039864 → AUTH OK
[21:24:30] ✅ 1039850 → AUTH OK
[21:24:30] ✅ 1039862 → AUTH OK
[21:24:30] ✅ 2855 → AUTH OK
[21:24:30] ✅ 1088822 → AUTH OK
[21:24:30] ✅ 1089130 → AUTH OK
[21:24:30] ✅ 1040466 → AUTH OK
[21:24:30] ✅ 7258 → AUTH OK
[21:24:30] ✅ 1041685 → AUTH OK
[21:24:30] ✅ 1036959 → AUTH OK
[21:24:30] ✅ 4097 → AUTH OK
[21:24:30] ✅ 9242 → AUTH OK
[21:24:30] ✅ 1039865 → AUTH OK
[21:24:30] ✅ 9365 → AUTH OK
[21:24:30] ✅ 25803 → AUTH OK
[21:24:30] ✅ 27151 → AUTH OK
[21:24:30] ✅ 36376 → AUTH OK
[21:24:30] ✅ 1039849 → AUTH OK
[21:24:30] ✅ 44361 → AUTH OK
[21:24:30] ✅ 1046654 → AUTH OK
[21:24:30] ✅ 1018795 → AUTH OK
[21:24:30] ✅ 1098929 → AUTH OK
[21:24:30] ✅ 1039848 → AUTH OK
[21:24:30] ✅ 1041244 → AUTH OK
[21:24:30] ✅ 1039851 → AUTH OK
[21:24:30] ✅ 13958 → AUTH OK
[21:24:30] ✅ 1041449 → AUTH OK
[21:24:30] ✅ 7813 → AUTH OK
[21:24:30] ✅ 4693 → AUTH OK
[21:24:30] ✅ 56048 → AUTH OK
[21:24:30] ✅ 7543 → AUTH OK
[21:24:30] ✅ 9920 → AUTH OK
[21:24:30] ✅ 7301 → AUTH OK
[21:24:30] ✅ 28968 → AUTH OK
[21:24:30] ✅ 14120 → AUTH OK
[21:24:30] ✅ 7841 → AUTH OK
[21:24:30] ✅ 1016089 → AUTH OK
[21:24:30] ✅ 1041394 → AUTH OK
[21:24:30] ✅ 4380 → AUTH OK
[21:24:30] ✅ 1022965 → AUTH OK
[21:24:30] ✅ 1018799 → AUTH OK
[21:24:30] ✅ 4189 → AUTH OK
[21:24:30] ✅ 1056572 → AUTH OK
[21:24:30] ✅ 1080239 → AUTH OK
[21:24:30] ✅ 1075746 → AUTH OK
[21:24:30] ✅ 1030438 → AUTH OK
[21:24:31] ✅ 4178 → AUTH OK
[21:24:31] ✅ 4171 → AUTH OK
[21:24:31] ✅ 60083 → AUTH OK
[21:24:31] ✅ 1037525 → AUTH OK
[21:24:31] ✅ 60085 → AUTH OK
[21:24:31] ✅ 1037518 → AUTH OK
[21:24:31] ✅ 27373 → AUTH OK
[21:24:31] ✅ 55733 → AUTH OK
[21:24:31] ✅ 24521 → AUTH OK
[21:24:31] ✅ 1053400 → AUTH OK
[21:24:31] ✅ 1041743 → AUTH OK
[21:24:31] ✅ 1008418 → AUTH OK
[21:24:31] ✅ 1016053 → AUTH OK
[21:24:31] ✅ 17069 → AUTH OK
[21:24:31] ✅ 1041728 → AUTH OK
[21:24:31] ✅ 1008456 → AUTH OK
[21:24:31] ✅ 25804 → AUTH OK
[21:24:31] ✅ 10940 → AUTH OK
[21:24:31] ✅ 1018652 → AUTH OK
[21:24:31] ✅ 9487 → AUTH OK
[21:24:31] ✅ 1050791 → AUTH OK
[21:24:31] ✅ 1037961 → AUTH OK
[21:24:31] ✅ 1053618 → AUTH OK
[21:24:31] ✅ 1016133 → AUTH OK
[21:24:31] ✅ 1049666 → AUTH OK
[21:24:31] ✅ 1030504 → AUTH OK
[21:24:31] ✅ 55272 → AUTH OK
[21:24:31] ✅ 5059 → AUTH OK
[21:24:31] ✅ 1016088 → AUTH OK
[21:24:31] ✅ 1011174 → AUTH OK
[21:24:31] ✅ 1042640 → AUTH OK
[21:24:31] ✅ 1036962 → AUTH OK
[21:24:31] ✅ 1037511 → AUTH OK
[21:24:31] ✅ 1042615 → AUTH OK
[21:24:31] ✅ 3960 → AUTH OK
[21:24:31] ✅ 1037502 → AUTH OK
[21:24:31] ✅ 1007054 → AUTH OK
[21:24:31] ✅ 1042453 → AUTH OK
[21:24:31] ✅ 3981 → AUTH OK
[21:24:31] ✅ 4891 → AUTH OK
[21:24:31] ✅ 1042635 → AUTH OK
[21:24:31] ✅ 28925 → AUTH OK
[21:24:31] ✅ 4232 → AUTH OK
[21:24:31] ✅ 4248 → AUTH OK
[21:24:31] ✅ 1041504 → AUTH OK
[21:24:31] ✅ 22684 → AUTH OK
[21:24:31] ✅ 3910 → AUTH OK
[21:24:31] ✅ 14702 → AUTH OK
[21:24:31] ✅ 6044 → AUTH OK
[21:24:31] ✅ 1037526 → AUTH OK
[21:24:31] ✅ 7881 → AUTH OK
[21:24:31] ✅ 1012595 → AUTH OK
[21:24:31] ✅ 7534 → AUTH OK
[21:24:31] ✅ 4028 → AUTH OK
[21:24:31] ✅ 19528 → AUTH OK
[21:24:31] ✅ 14694 → AUTH OK
[21:24:31] ✅ 4008 → AUTH OK
[21:24:31] ✅ 58633 → AUTH OK
[21:24:32] ✅ 1067946 → AUTH OK
[21:24:32] ✅ 25860 → AUTH OK
[21:24:32] ✅ 4067 → AUTH OK
[21:24:32] ✅ 32194 → AUTH OK
[21:24:32] ✅ 9135 → AUTH OK
[21:24:32] ✅ 43348 → AUTH OK
[21:24:32] ✅ 1091219 → AUTH OK
[21:24:32] ✅ 6057 → AUTH OK
[21:24:32] ✅ 10250 → AUTH OK
[21:24:32] ✅ 1019166 → AUTH OK
[21:24:32] ✅ 1018798 → AUTH OK
[21:24:32] ✅ 1092958 → AUTH OK
[21:24:32] ✅ 1015289 → AUTH OK
[21:24:32] ✅ 1050645 → AUTH OK
[21:24:32] ✅ 1005799 → AUTH OK
[21:24:32] ✅ 1005798 → AUTH OK
[21:24:32] ✅ 1034375 → AUTH OK
[21:24:32] ✅ 1037530 → AUTH OK
[21:24:32] ✅ 1025291 → AUTH OK
[21:24:32] ✅ 1034383 → AUTH OK
[21:24:32] ✅ 1020333 → AUTH OK
[21:24:32] ✅ 1041725 → AUTH OK
[21:24:32] ✅ 1058794 → AUTH OK
[21:24:32] ✅ 27150 → AUTH OK
[21:24:32] ✅ 1044095 → AUTH OK
[21:24:32] ✅ 4608 → AUTH OK
[21:24:32] ✅ 1023626 → AUTH OK
[21:24:32] ✅ 1089067 → AUTH OK
[21:24:32] ✅ 1058533 → AUTH OK
[21:24:32] ✅ 1015291 → AUTH OK
[21:24:32] ✅ 1033632 → AUTH OK
[21:24:32] ✅ 1034254 → AUTH OK
[21:24:32] ✅ 1034186 → AUTH OK
[21:24:32] ✅ 1039768 → AUTH OK
[21:24:32] ✅ 1019593 → AUTH OK
[21:24:32] ✅ 1013208 → AUTH OK
[21:24:32] ✅ 4042 → AUTH OK
[21:24:32] ✅ 44966 → AUTH OK
[21:24:32] ✅ 1039751 → AUTH OK
[21:24:32] ✅ 7747 → AUTH OK
[21:24:32] ✅ 27715 → AUTH OK
[21:24:32] ✅ 24929 → AUTH OK
[21:24:32] ✅ 27716 → AUTH OK
[21:24:32] ✅ 1016986 → AUTH OK
[21:24:32] ✅ 496 → AUTH OK
[21:24:32] ✅ 4306 → AUTH OK
[21:24:32] ✅ 28214 → AUTH OK
[21:24:32] ✅ 1083399 → AUTH OK
[21:24:32] ✅ 1088790 → AUTH OK
[21:24:32] ✅ 1063761 → AUTH OK
[21:24:32] ✅ 1020288 → AUTH OK
[21:24:32] ✅ 24351 → AUTH OK
[21:24:32] ✅ 1037520 → AUTH OK
[21:24:32] ✅ 9373 → AUTH OK
[21:24:32] ✅ 4217 → AUTH OK
[21:24:32] ✅ 1037142 → AUTH OK
[21:24:32] ✅ 1088803 → AUTH OK
[21:24:33] ✅ 52996 → AUTH OK
[21:24:33] ✅ 1067686 → AUTH OK
[21:24:33] ✅ 1039424 → AUTH OK
[21:24:33] ✅ 1015795 → AUTH OK
[21:24:33] ✅ 1053939 → AUTH OK
[21:24:33] ✅ 31987 → AUTH OK
[21:24:33] ✅ 1036961 → AUTH OK
[21:24:33] ✅ 15527 → AUTH OK
[21:24:33] ✅ 1041692 → AUTH OK
[21:24:33] ✅ 26401 → AUTH OK
[21:24:33] ✅ 7752 → AUTH OK
[21:24:33] ✅ 7222 → AUTH OK
[21:24:33] ✅ 4332 → AUTH OK
[21:24:33] ✅ 509 → AUTH OK
[21:24:33] ✅ 1063452 → AUTH OK
[21:24:33] ✅ 44366 → AUTH OK
[21:24:33] ✅ 1003802 → AUTH OK
[21:24:33] ✅ 6093 → AUTH OK
[21:24:33] ✅ 1003773 → AUTH OK
[21:24:33] ✅ 9420 → AUTH OK
[21:24:33] ✅ 16791 → AUTH OK
[21:24:33] ✅ 1020190 → AUTH OK
[21:24:33] ✅ 22305 → AUTH OK
[21:24:33] ✅ 1008409 → AUTH OK
[21:24:33] ✅ 1030422 → AUTH OK
[21:24:33] ✅ 30524 → AUTH OK
[21:24:33] ✅ 5041 → AUTH OK
[21:24:33] ✅ 1065451 → AUTH OK
[21:24:33] ✅ 1041753 → AUTH OK
[21:24:33] ✅ 25938 → AUTH OK
[21:24:33] ✅ 1005991 → AUTH OK
[21:24:33] ✅ 1008335 → AUTH OK
[21:24:33] ✅ 32294 → AUTH OK
[21:24:33] ✅ 4739 → AUTH OK
[21:24:33] ✅ 4902 → AUTH OK
[21:24:33] ✅ 26230 → AUTH OK
[21:24:33] ✅ 9411 → AUTH OK
[21:24:33] ✅ 62637 → AUTH OK
[21:24:33] ✅ 1039877 → AUTH OK
[21:24:33] ✅ 522 → AUTH OK
[21:24:33] ✅ 9413 → AUTH OK
[21:24:33] ✅ 1039842 → AUTH OK
[21:24:33] ✅ 4107 → AUTH OK
[21:24:33] ✅ 1021922 → AUTH OK
[21:24:33] ✅ 1040228 → AUTH OK
[21:24:33] ✅ 1005804 → AUTH OK
[21:24:33] ✅ 9424 → AUTH OK
[21:24:33] ✅ 26676 → AUTH OK
[21:24:33] ✅ 1012189 → AUTH OK
[21:24:33] ✅ 25011 → AUTH OK
[21:24:33] ✅ 25808 → AUTH OK
[21:24:33] ✅ 1037345 → AUTH OK
[21:24:33] ✅ 1040731 → AUTH OK
[21:24:33] ✅ 1037532 → AUTH OK
[21:24:33] ✅ 14166 → AUTH OK
[21:24:34] ✅ 36879 → AUTH OK
[21:24:34] ✅ 4036 → AUTH OK
[21:24:34] ✅ 9551 → AUTH OK
[21:24:34] ✅ 9350 → AUTH OK
[21:24:34] ✅ 1005797 → AUTH OK
[21:24:34] ✅ 1039272 → AUTH OK
[21:24:34] ✅ 9474 → AUTH OK
[21:24:34] ✅ 7350 → AUTH OK
[21:24:34] ✅ 1041505 → AUTH OK
[21:24:34] ✅ 4733 → AUTH OK
[21:24:34] ✅ 1034324 → AUTH OK
[21:24:34] ✅ 1042439 → AUTH OK
[21:24:34] ✅ 1037506 → AUTH OK
[21:24:34] ✅ 1008404 → AUTH OK
[21:24:34] ✅ 9491 → AUTH OK
[21:24:34] ✅ 1031296 → AUTH OK
[21:24:34] ✅ 4045 → AUTH OK
[21:24:34] ✅ 14669 → AUTH OK
[21:24:34] ✅ 1025740 → AUTH OK
[21:24:34] ✅ 18823 → AUTH OK
[21:24:34] ✅ 4272 → AUTH OK
[21:24:34] ✅ 1012081 → AUTH OK
[21:24:34] ✅ 1027903 → AUTH OK
[21:24:34] ✅ 1037523 → AUTH OK
[21:24:34] ✅ 4715 → AUTH OK
[21:24:34] ✅ 9132 → AUTH OK
[21:24:34] ✅ 4725 → AUTH OK
[21:24:34] ✅ 26640 → AUTH OK
[21:24:34] ✅ 5058 → AUTH OK
[21:24:34] ✅ 1065987 → AUTH OK
[21:24:34] ✅ 1014990 → AUTH OK
[21:24:34] ✅ 42945 → AUTH OK
[21:24:34] ✅ 46485 → AUTH OK
[21:24:34] ✅ 1064038 → AUTH OK
[21:24:34] ✅ 4050 → AUTH OK
[21:24:34] ✅ 1052503 → AUTH OK
[21:24:34] ✅ 1015840 → AUTH OK
[21:24:34] ✅ 1015442 → AUTH OK
[21:24:34] ✅ 1071622 → AUTH OK
[21:24:34] ✅ 1036772 → AUTH OK
[21:24:34] ✅ 1041496 → AUTH OK
[21:24:34] ✅ 1041473 → AUTH OK
[21:24:34] ✅ 7137 → AUTH OK
[21:24:34] ✅ 51499 → AUTH OK
[21:24:34] ✅ 27219 → AUTH OK
[21:24:34] ✅ 18460 → AUTH OK
[21:24:34] ✅ 7679 → AUTH OK
[21:24:34] ✅ 7618 → AUTH OK
[21:24:34] ✅ 1016381 → AUTH OK
[21:24:34] ✅ 1020453 → AUTH OK
[21:24:34] ✅ 1037514 → AUTH OK
[21:24:34] ✅ 16522 → AUTH OK
[21:24:34] ✅ 1037510 → AUTH OK
[21:24:34] ✅ 5145 → AUTH OK
[21:24:35] ✅ 1020547 → AUTH OK
[21:24:35] ✅ 9136 → AUTH OK
[21:24:35] ✅ 4051 → AUTH OK
[21:24:35] ✅ 1041242 → AUTH OK
[21:24:35] ✅ 1041458 → AUTH OK
[21:24:35] ✅ 1041393 → AUTH OK
[21:24:35] ✅ 1075745 → AUTH OK
[21:24:35] ✅ 1084553 → AUTH OK
[21:24:35] ✅ 1015286 → AUTH OK
[21:24:35] ✅ 1032461 → AUTH OK
[21:24:35] ✅ 1037531 → AUTH OK
[21:24:35] ✅ 25571 → AUTH OK
[21:24:35] ✅ 9174 → AUTH OK
[21:24:35] ✅ 9384 → AUTH OK
[21:24:35] ✅ 3965 → AUTH OK
[21:24:35] ✅ 1032460 → AUTH OK
[21:24:35] ✅ 55466 → AUTH OK
[21:24:35] ✅ 9194 → AUTH OK
[21:24:35] ✅ 26281 → AUTH OK
[21:24:35] ✅ 7232 → AUTH OK
[21:24:35] ✅ 25045 → AUTH OK
[21:24:35] ✅ 30784 → AUTH OK
[21:24:35] ✅ 1037527 → AUTH OK
[21:24:35] ✅ 1039840 → AUTH OK
[21:24:35] ✅ 1037491 → AUTH OK
[21:24:35] ✅ 1016383 → AUTH OK
[21:24:35] ✅ 55853 → AUTH OK
[21:24:35] ✅ 1003767 → AUTH OK
[21:24:35] ✅ 1037503 → AUTH OK
[21:24:35] ✅ 9246 → AUTH OK
[21:24:35] ✅ 1029684 → AUTH OK
[21:24:35] ✅ 1007282 → AUTH OK
[21:24:35] ✅ 1015975 → AUTH OK
[21:24:35] ✅ 25181 → AUTH OK
[21:24:35] ✅ 1035744 → AUTH OK
[21:24:35] ✅ 3896 → AUTH OK
[21:24:35] ✅ 19513 → AUTH OK
[21:24:35] ✅ 18164 → AUTH OK
[21:24:35] ✅ 5182 → AUTH OK
[21:24:35] ✅ 9285 → AUTH OK
[21:24:35] ✅ 62250 → AUTH OK
[21:24:35] ✅ 1088811 → AUTH OK
[21:24:35] ✅ 1037517 → AUTH OK
[21:24:35] ✅ 1037516 → AUTH OK
[21:24:35] ✅ 1041239 → AUTH OK
[21:24:35] ✅ 1037521 → AUTH OK
[21:24:35] ✅ 1041804 → AUTH OK
[21:24:35] ✅ 1040181 → AUTH OK
[21:24:35] ✅ 1042605 → AUTH OK
[21:24:35] ✅ 1032901 → AUTH OK
[21:24:35] ✅ 5220 → AUTH OK
[21:24:35] ✅ 7293 → AUTH OK
[21:24:35] ✅ 4889 → AUTH OK
[21:24:35] ✅ 1020338 → AUTH OK
[21:24:35] ✅ 16523 → AUTH OK
[21:24:35] ✅ 1061843 → AUTH OK
[21:24:35] ✅ 1041199 → AUTH OK
[21:24:35] ✅ 4919 → AUTH OK
[21:24:35] ✅ 1056892 → AUTH OK
[21:24:36] ✅ 5150 → AUTH OK
[21:24:36] ✅ 14354 → AUTH OK
[21:24:36] ✅ 6119 → AUTH OK
[21:24:36] ✅ 1047917 → AUTH OK
[21:24:36] ✅ 1036383 → AUTH OK
[21:24:36] ✅ 4780 → AUTH OK
[21:24:36] ✅ 4910 → AUTH OK
[21:24:36] ✅ 1084822 → AUTH OK
[21:24:36] ✅ 1033177 → AUTH OK
[21:24:36] ✅ 29954 → AUTH OK
[21:24:36] ✅ 1050804 → AUTH OK
[21:24:36] ✅ 9784 → AUTH OK
[21:24:36] ✅ 17483 → AUTH OK
[21:24:36] ✅ 1052727 → AUTH OK
[21:24:36] ✅ 9661 → AUTH OK
[21:24:36] ✅ 1018468 → AUTH OK
[21:24:36] ✅ 1012280 → AUTH OK
[21:24:36] ✅ 7826 → AUTH OK
[21:24:36] ✅ 1041732 → AUTH OK
[21:24:36] ✅ 1041683 → AUTH OK
[21:24:36] ✅ 25281 → AUTH OK
[21:24:36] ✅ 28235 → AUTH OK
[21:24:36] ✅ 7537 → AUTH OK
[21:24:36] ✅ 4852 → AUTH OK
[21:24:36] ✅ 1041726 → AUTH OK
[21:24:36] ✅ 1006037 → AUTH OK
[21:24:36] ✅ 1041465 → AUTH OK
[21:24:36] ✅ 1030383 → AUTH OK
[21:24:36] ✅ 3145 → AUTH OK
[21:24:36] ✅ 1074202 → AUTH OK
[21:24:36] ✅ 1055922 → AUTH OK
[21:24:36] ✅ 9150 → AUTH OK
[21:24:36] ✅ 7753 → AUTH OK
[21:24:36] ✅ 7814 → AUTH OK
[21:24:36] ✅ 1013210 → AUTH OK
[21:24:36] ✅ 19110 → AUTH OK
[21:24:36] ✅ 1028118 → AUTH OK
[21:24:36] ✅ 58822 → AUTH OK
[21:24:36] ✅ 4163 → AUTH OK
[21:24:36] ✅ 27725 → AUTH OK
[21:24:36] ✅ 7312 → AUTH OK
[21:24:36] ✅ 9044 → AUTH OK
[21:24:36] ✅ 7856 → AUTH OK
[21:24:36] ✅ 4904 → AUTH OK
[21:24:36] ✅ 4340 → AUTH OK
[21:24:36] ✅ 6096 → AUTH OK
[21:24:36] ✅ 28863 → AUTH OK
[21:24:36] ✅ 1019687 → AUTH OK
[21:24:36] ✅ 1050768 → AUTH OK
[21:24:36] ✅ 27432 → AUTH OK
[21:24:36] ✅ 4379 → AUTH OK
[21:24:36] ✅ 5080 → AUTH OK
[21:24:36] ✅ 7260 → AUTH OK
[21:24:36] ✅ 9131 → AUTH OK
[21:24:36] ✅ 1398 → AUTH OK
[21:24:36] ✅ 4425 → AUTH OK
[21:24:37] ✅ 4255 → AUTH OK
[21:24:37] ✅ 1020350 → AUTH OK
[21:24:37] ✅ 1041566 → AUTH OK
[21:24:37] ✅ 1088778 → AUTH OK
[21:24:37] ✅ 5105 → AUTH OK
[21:24:37] ✅ 1026095 → AUTH OK
[21:24:37] ✅ 7627 → AUTH OK
[21:24:37] ✅ 19289 → AUTH OK
[21:24:37] ✅ 1041211 → AUTH OK
[21:24:37] ✅ 1041495 → AUTH OK
[21:24:37] ✅ 30441 → AUTH OK
[21:24:37] ✅ 1014297 → AUTH OK
[21:24:37] ✅ 1039748 → AUTH OK
[21:24:37] ✅ 1042822 → AUTH OK
[21:24:37] ✅ 6079 → AUTH OK
[21:24:37] ✅ 1041691 → AUTH OK
[21:24:37] ✅ 1054202 → AUTH OK
[21:24:37] ✅ 1033524 → AUTH OK
[21:24:37] ✅ 26729 → AUTH OK
[21:24:37] ✅ 1031639 → AUTH OK
[21:24:37] ✅ 19294 → AUTH OK
[21:24:37] ✅ 9176 → AUTH OK
[21:24:37] ✅ 10268 → AUTH OK
[21:24:37] ✅ 24522 → AUTH OK
[21:24:37] ✅ 1031640 → AUTH OK
[21:24:37] ✅ 43960 → AUTH OK
[21:24:37] ✅ 1013662 → AUTH OK
[21:24:37] ✅ 29510 → AUTH OK
[21:24:37] ✅ 7308 → AUTH OK
[21:24:37] ✅ 9780 → AUTH OK
[21:24:37] ✅ 54684 → AUTH OK
[21:24:37] ✅ 1055117 → AUTH OK
[21:24:37] ✅ 1009967 → AUTH OK
[21:24:37] ✅ 984 → AUTH OK
[21:24:37] ✅ 33645 → AUTH OK
[21:24:37] ✅ 1041684 → AUTH OK
[21:24:37] ✅ 32811 → AUTH OK
[21:24:37] ✅ 1039923 → AUTH OK
[21:24:37] ✅ 9497 → AUTH OK
[21:24:37] ✅ 12947 → AUTH OK
[21:24:37] ✅ 482 → AUTH OK
[21:24:37] ✅ 1041782 → AUTH OK
[21:24:37] ✅ 1066216 → AUTH OK
[21:24:37] ✅ 1030384 → AUTH OK
[21:24:37] ✅ 9291 → AUTH OK
[21:24:37] ✅ 4714 → AUTH OK
[21:24:37] ✅ 1041729 → AUTH OK
[21:24:37] ✅ 1018796 → AUTH OK
[21:24:37] ✅ 4881 → AUTH OK
[21:24:37] ✅ 22884 → AUTH OK
[21:24:37] ✅ 9653 → AUTH OK
[21:24:37] ✅ 1056146 → AUTH OK
[21:24:37] ✅ 1008441 → AUTH OK
[21:24:37] ✅ 476 → AUTH OK
[21:24:38] ✅ 24767 → AUTH OK
[21:24:38] ✅ 1039863 → AUTH OK
[21:24:38] ✅ 1089364 → AUTH OK
[21:24:38] ✅ 9527 → AUTH OK
[21:24:38] ✅ 5103 → AUTH OK
[21:24:38] ✅ 1065452 → AUTH OK
[21:24:38] ✅ 1075662 → AUTH OK
[21:24:38] ✅ 1078620 → AUTH OK
[21:24:38] ✅ 1049289 → AUTH OK
[21:24:38] ✅ 1019544 → AUTH OK
[21:24:38] ✅ 15614 → AUTH OK
[21:24:38] ✅ 1049288 → AUTH OK
[21:24:38] ✅ 1035939 → AUTH OK
[21:24:38] ✅ 6035 → AUTH OK
[21:24:38] ✅ 3976 → AUTH OK
[21:24:38] ✅ 14703 → AUTH OK
[21:24:38] ✅ 1054735 → AUTH OK
[21:24:38] ✅ 1027244 → AUTH OK
[21:24:38] ✅ 52682 → AUTH OK
[21:24:38] ✅ 1041567 → AUTH OK
[21:24:38] ✅ 1004633 → AUTH OK
[21:24:38] ✅ 1054736 → AUTH OK
[21:24:38] ✅ 25008 → AUTH OK
[21:24:38] ✅ 1092992 → AUTH OK
[21:24:38] ✅ 5061 → AUTH OK
[21:24:38] ✅ 62907 → AUTH OK
[21:24:38] ✅ 31792 → AUTH OK
[21:24:38] ✅ 3906 → AUTH OK
[21:24:38] ✅ 1054730 → AUTH OK
[21:24:38] ✅ 6121 → AUTH OK
[21:24:38] ✅ 1056839 → AUTH OK
[21:24:38] ✅ 1009010 → AUTH OK
[21:24:38] ✅ 1042215 → AUTH OK
[21:24:38] ✅ 1032344 → AUTH OK
[21:24:38] ✅ 38446 → AUTH OK
[21:24:38] ✅ 4976 → AUTH OK
[21:24:38] ✅ 1009117 → AUTH OK
[21:24:38] ✅ 26294 → AUTH OK
[21:24:38] ✅ 49852 → AUTH OK
[21:24:38] ✅ 1020755 → AUTH OK
[21:24:38] ✅ 1024041 → AUTH OK
[21:24:38] ✅ 1056846 → AUTH OK
[21:24:38] ✅ 4124 → AUTH OK
[21:24:38] ✅ 1059680 → AUTH OK
[21:24:38] ✅ 1088219 → AUTH OK
[21:24:38] ✅ 24880 → AUTH OK
[21:24:38] ✅ 1068242 → AUTH OK
[21:24:38] ✅ 1021629 → AUTH OK
[21:24:38] ✅ 1025576 → AUTH OK
[21:24:38] ✅ 9041 → AUTH OK
[21:24:38] ✅ 4038 → AUTH OK
[21:24:38] ✅ 9169 → AUTH OK
[21:24:38] ✅ 15526 → AUTH OK
[21:24:38] ✅ 39874 → AUTH OK
[21:24:38] ✅ 9504 → AUTH OK
[21:24:38] ✅ 1036955 → AUTH OK
[21:24:38] ✅ 9100 → AUTH OK
[21:24:38] ✅ 9368 → AUTH OK
[21:24:38] ✅ 1054742 → AUTH OK
[21:24:38] ✅ 10255 → AUTH OK
[21:24:39] ✅ 4890 → AUTH OK
[21:24:39] ✅ 24246 → AUTH OK
[21:24:39] ✅ 31788 → AUTH OK
[21:24:39] ✅ 1053536 → AUTH OK
[21:24:39] ✅ 1004635 → AUTH OK
[21:24:39] ✅ 7504 → AUTH OK
[21:24:39] ✅ 1013355 → AUTH OK
[21:24:39] ✅ 24981 → AUTH OK
[21:24:39] ✅ 56144 → AUTH OK
[21:24:39] ✅ 1012136 → AUTH OK
[21:24:39] ✅ 10270 → AUTH OK
[21:24:39] ✅ 1036114 → AUTH OK
[21:24:39] ✅ 1028879 → AUTH OK
[21:24:39] ✅ 1053155 → AUTH OK
[21:24:39] ✅ 1011192 → AUTH OK
[21:24:39] ✅ 1082851 → AUTH OK
[21:24:39] ✅ 4174 → AUTH OK
[21:24:39] ✅ 1004634 → AUTH OK
[21:24:39] ✅ 1003803 → AUTH OK
[21:24:39] ✅ 7511 → AUTH OK
[21:24:39] ✅ Fetched 362 venues with shows
[21:24:39] ✅ DONE | Shows=2418 | Movies=42
[05:35:16] 📍 Loaded 754 district venues
[05:35:16] 🚀 DISTRICT SCRAPER STARTED
[05:35:17] ✅ 1102215 → AUTH OK
[05:35:17] ✅ 20856 → AUTH OK
[05:35:17] ✅ 1101584 → AUTH OK
[05:35:17] ✅ 1102096 → AUTH OK
[05:35:17] ✅ 1068240 → AUTH OK
[05:35:17] ✅ 1102289 → AUTH OK
[05:35:17] ✅ 1102233 → AUTH OK
[05:35:17] ✅ 1102311 → AUTH OK
[05:35:17] ✅ 1583 → AUTH OK
[05:35:17] ✅ 1102100 → AUTH OK
[05:35:17] ✅ 1068270 → AUTH OK
[05:35:17] ✅ 1086677 → AUTH OK
[05:35:17] ✅ 1102103 → AUTH OK
[05:35:17] ✅ 1067161 → AUTH OK
[05:35:17] ✅ 1020401 → AUTH OK
[05:35:17] ✅ 1102175 → AUTH OK
[05:35:17] ✅ 1101483 → AUTH OK
[05:35:17] ✅ 1102183 → AUTH OK
[05:35:17] ✅ 1102119 → AUTH OK
[05:35:17] ✅ 1096456 → AUTH OK
[05:35:17] ✅ 1102076 → AUTH OK
[05:35:17] ✅ 1100725 → AUTH OK
[05:35:17] ✅ 61879 → AUTH OK
[05:35:17] ✅ 51512 → AUTH OK
[05:35:17] ✅ 1102244 → AUTH OK
[05:35:17] ✅ 1102097 → AUTH OK
[05:35:17] ✅ 1082714 → AUTH OK
[05:35:17] ✅ 1044502 → AUTH OK
[05:35:17] ✅ 1102127 → AUTH OK
[05:35:17] ✅ 9508 → AUTH OK
[05:35:17] ✅ 539 → AUTH OK
[05:35:17] ✅ 1102304 → AUTH OK
[05:35:17] ✅ 1102098 → AUTH OK
[05:35:17] ✅ 4430 → AUTH OK
[05:35:17] ✅ 1096475 → AUTH OK
[05:35:17] ✅ 1101397 → AUTH OK
[05:35:17] ✅ 1096734 → AUTH OK
[05:35:17] ✅ 1102280 → AUTH OK
[05:35:17] ✅ 1096482 → AUTH OK
[05:35:17] ✅ 7854 → AUTH OK
[05:35:17] ✅ 1102094 → AUTH OK
[05:35:17] ✅ 1096524 → AUTH OK
[05:35:17] ✅ 1102176 → AUTH OK
[05:35:17] ✅ 1095290 → AUTH OK
[05:35:18] ✅ 1101355 → AUTH OK
[05:35:18] ✅ 1011906 → AUTH OK
[05:35:18] ✅ 1102186 → AUTH OK
[05:35:18] ✅ 1102272 → AUTH OK
[05:35:18] ✅ 9736 → AUTH OK
[05:35:18] ✅ 1101451 → AUTH OK
[05:35:18] ✅ 1101450 → AUTH OK
[05:35:18] ✅ 1102095 → AUTH OK
[05:35:18] ✅ 1102164 → AUTH OK
[05:35:18] ✅ 1094756 → AUTH OK
[05:35:18] ✅ 1102090 → AUTH OK
[05:35:18] ✅ 1101471 → AUTH OK
[05:35:18] ✅ 1102248 → AUTH OK
[05:35:18] ✅ 1102256 → AUTH OK
[05:35:18] ✅ 1102071 → AUTH OK
[05:35:18] ✅ 1102182 → AUTH OK
[05:35:18] ✅ 1102173 → AUTH OK
[05:35:18] ✅ 1102242 → AUTH OK
[05:35:18] ✅ 1101521 → AUTH OK
[05:35:18] ✅ 4222 → AUTH OK
[05:35:18] ✅ 1102181 → AUTH OK
[05:35:18] ✅ 1102270 → AUTH OK
[05:35:18] ✅ 7257 → AUTH OK
[05:35:18] ✅ 1102165 → AUTH OK
[05:35:18] ✅ 1102082 → AUTH OK
[05:35:18] ✅ 1102073 → AUTH OK
[05:35:18] ✅ 1101568 → AUTH OK
[05:35:18] ✅ 1102299 → AUTH OK
[05:35:18] ✅ 1102084 → AUTH OK
[05:35:18] ✅ 1102174 → AUTH OK
[05:35:18] ✅ 1102277 → AUTH OK
[05:35:18] ✅ 1102080 → AUTH OK
[05:35:18] ✅ 1102213 → AUTH OK
[05:35:18] ✅ 1102265 → AUTH OK
[05:35:18] ✅ 1102047 → AUTH OK
[05:35:18] ✅ 1102273 → AUTH OK
[05:35:18] ✅ 1101590 → AUTH OK
[05:35:18] ✅ 1102291 → AUTH OK
[05:35:18] ✅ 1102247 → AUTH OK
[05:35:18] ✅ 1102241 → AUTH OK
[05:35:18] ✅ 1102269 → AUTH OK
[05:35:18] ✅ 1102184 → AUTH OK
[05:35:18] ✅ 1102253 → AUTH OK
[05:35:18] ✅ 1041690 → AUTH OK
[05:35:18] ✅ 1102166 → AUTH OK
[05:35:18] ✅ 1102261 → AUTH OK
[05:35:18] ✅ 1102055 → AUTH OK
[05:35:18] ✅ 1056145 → AUTH OK
[05:35:18] ✅ 28486 → AUTH OK
[05:35:18] ✅ 1102129 → AUTH OK
[05:35:18] ✅ 1102132 → AUTH OK
[05:35:18] ✅ 1031364 → AUTH OK
[05:35:18] ✅ 1031589 → AUTH OK
[05:35:18] ✅ 1102285 → AUTH OK
[05:35:18] ✅ 1038431 → AUTH OK
[05:35:19] ✅ 1691 → AUTH OK
[05:35:19] ✅ 1102123 → AUTH OK
[05:35:19] ✅ 1101388 → AUTH OK
[05:35:19] ✅ 1101368 → AUTH OK
[05:35:19] ✅ 1060495 → AUTH OK
[05:35:19] ✅ 1042102 → AUTH OK
[05:35:19] ✅ 1102068 → AUTH OK
[05:35:19] ✅ 1102106 → AUTH OK
[05:35:19] ✅ 1102125 → AUTH OK
[05:35:19] ✅ 1101423 → AUTH OK
[05:35:19] ✅ 1102137 → AUTH OK
[05:35:19] ✅ 1053154 → AUTH OK
[05:35:19] ✅ 1039880 → AUTH OK
[05:35:19] ✅ 1078022 → AUTH OK
[05:35:19] ✅ 1101387 → AUTH OK
[05:35:19] ✅ 1102120 → AUTH OK
[05:35:19] ✅ 1101217 → AUTH OK
[05:35:19] ✅ 4132 → AUTH OK
[05:35:19] ✅ 1102168 → AUTH OK
[05:35:19] ✅ 1080585 → AUTH OK
[05:35:19] ✅ 1078001 → AUTH OK
[05:35:19] ✅ 1102258 → AUTH OK
[05:35:19] ✅ 1102284 → AUTH OK
[05:35:19] ✅ 1102147 → AUTH OK
[05:35:19] ✅ 1101219 → AUTH OK
[05:35:19] ✅ 1100831 → AUTH OK
[05:35:19] ✅ 5172 → AUTH OK
[05:35:19] ✅ 1102134 → AUTH OK
[05:35:19] ✅ 1102069 → AUTH OK
[05:35:19] ✅ 1102276 → AUTH OK
[05:35:19] ✅ 1101452 → AUTH OK
[05:35:19] ✅ 1037501 → AUTH OK
[05:35:19] ✅ 1041689 → AUTH OK
[05:35:19] ✅ 20834 → AUTH OK
[05:35:19] ✅ 1102236 → AUTH OK
[05:35:19] ✅ 4911 → AUTH OK
[05:35:19] ✅ 1102124 → AUTH OK
[05:35:19] ✅ 1102275 → AUTH OK
[05:35:19] ✅ 1094757 → AUTH OK
[05:35:19] ✅ 14699 → AUTH OK
[05:35:19] ✅ 1102294 → AUTH OK
[05:35:19] ✅ 1102281 → AUTH OK
[05:35:19] ✅ 1011900 → AUTH OK
[05:35:19] ✅ 1102104 → AUTH OK
[05:35:19] ✅ 5100 → AUTH OK
[05:35:19] ✅ 1020826 → AUTH OK
[05:35:19] ✅ 43628 → AUTH OK
[05:35:19] ✅ 14697 → AUTH OK
[05:35:19] ✅ 1014604 → AUTH OK
[05:35:19] ✅ 1102135 → AUTH OK
[05:35:19] ✅ 1095009 → AUTH OK
[05:35:19] ✅ 27047 → AUTH OK
[05:35:19] ✅ 1102078 → AUTH OK
[05:35:19] ✅ 1052124 → AUTH OK
[05:35:19] ✅ 4175 → AUTH OK
[05:35:19] ✅ 1102228 → AUTH OK
[05:35:19] ✅ 1092638 → AUTH OK
[05:35:19] ✅ 1092639 → AUTH OK
[05:35:19] ✅ 1027478 → AUTH OK
[05:35:20] ✅ 1094680 → AUTH OK
[05:35:20] ✅ 1054725 → AUTH OK
[05:35:20] ✅ 1101523 → AUTH OK
[05:35:20] ✅ 1102239 → AUTH OK
[05:35:20] ✅ 13772 → AUTH OK
[05:35:20] ✅ 1102075 → AUTH OK
[05:35:20] ✅ 1088548 → AUTH OK
[05:35:20] ✅ 1101222 → AUTH OK
[05:35:20] ✅ 1102067 → AUTH OK
[05:35:20] ✅ 1039949 → AUTH OK
[05:35:20] ✅ 1054741 → AUTH OK
[05:35:20] ✅ 1102227 → AUTH OK
[05:35:20] ✅ 1102099 → AUTH OK
[05:35:20] ✅ 16605 → AUTH OK
[05:35:20] ✅ 1088547 → AUTH OK
[05:35:20] ✅ 27908 → AUTH OK
[05:35:20] ✅ 1102108 → AUTH OK
[05:35:20] ✅ 11272 → AUTH OK
[05:35:20] ✅ 4918 → AUTH OK
[05:35:20] ✅ 1102107 → AUTH OK
[05:35:20] ✅ 1102121 → AUTH OK
[05:35:20] ✅ 1101449 → AUTH OK
[05:35:20] ✅ 1031592 → AUTH OK
[05:35:20] ✅ 1060262 → AUTH OK
[05:35:20] ✅ 1102126 → AUTH OK
[05:35:20] ✅ 3943 → AUTH OK
[05:35:20] ✅ 1102133 → AUTH OK
[05:35:20] ✅ 7686 → AUTH OK
[05:35:20] ✅ 1037507 → AUTH OK
[05:35:20] ✅ 29761 → AUTH OK
[05:35:20] ✅ 6081 → AUTH OK
[05:35:20] ✅ 1042632 → AUTH OK
[05:35:20] ✅ 4184 → AUTH OK
[05:35:20] ✅ 1037496 → AUTH OK
[05:35:20] ✅ 1037033 → AUTH OK
[05:35:20] ✅ 1041688 → AUTH OK
[05:35:20] ✅ 1101384 → AUTH OK
[05:35:20] ✅ 1044503 → AUTH OK
[05:35:20] ✅ 1049243 → AUTH OK
[05:35:20] ✅ 11264 → AUTH OK
[05:35:20] ✅ 1051040 → AUTH OK
[05:35:20] ✅ 1042465 → AUTH OK
[05:35:20] ✅ 1074151 → AUTH OK
[05:35:20] ✅ 1102122 → AUTH OK
[05:35:20] ✅ 1102116 → AUTH OK
[05:35:20] ✅ 1078025 → AUTH OK
[05:35:20] ✅ 1040891 → AUTH OK
[05:35:20] ✅ 29998 → AUTH OK
[05:35:20] ✅ 1065383 → AUTH OK
[05:35:20] ✅ 1030389 → AUTH OK
[05:35:20] ✅ 1093265 → AUTH OK
[05:35:20] ✅ 50915 → AUTH OK
[05:35:20] ✅ 1039878 → AUTH OK
[05:35:20] ✅ 1024804 → AUTH OK
[05:35:20] ✅ 1037228 → AUTH OK
[05:35:20] ✅ 1039847 → AUTH OK
[05:35:20] ✅ 7714 → AUTH OK
[05:35:20] ✅ 1031638 → AUTH OK
[05:35:20] ✅ 1039860 → AUTH OK
[05:35:21] ✅ 1094334 → AUTH OK
[05:35:21] ✅ 1041672 → AUTH OK
[05:35:21] ✅ 1009194 → AUTH OK
[05:35:21] ✅ 1041687 → AUTH OK
[05:35:21] ✅ 4106 → AUTH OK
[05:35:21] ✅ 1076602 → AUTH OK
[05:35:21] ✅ 1031636 → AUTH OK
[05:35:21] ✅ 1039846 → AUTH OK
[05:35:21] ✅ 1039875 → AUTH OK
[05:35:21] ✅ 1047659 → AUTH OK
[05:35:21] ✅ 28206 → AUTH OK
[05:35:21] ✅ 2855 → AUTH OK
[05:35:21] ✅ 1096733 → AUTH OK
[05:35:21] ✅ 1039862 → AUTH OK
[05:35:21] ✅ 1001773 → AUTH OK
[05:35:21] ✅ 1024343 → AUTH OK
[05:35:21] ✅ 1097120 → AUTH OK
[05:35:21] ✅ 1036959 → AUTH OK
[05:35:21] ✅ 1039864 → AUTH OK
[05:35:21] ✅ 25805 → AUTH OK
[05:35:21] ✅ 7258 → AUTH OK
[05:35:21] ✅ 1039850 → AUTH OK
[05:35:21] ✅ 1088822 → AUTH OK
[05:35:21] ✅ 1089130 → AUTH OK
[05:35:21] ✅ 9292 → AUTH OK
[05:35:21] ✅ 1018795 → AUTH OK
[05:35:21] ✅ 1040466 → AUTH OK
[05:35:21] ✅ 1008705 → AUTH OK
[05:35:21] ✅ 1041685 → AUTH OK
[05:35:21] ✅ 9365 → AUTH OK
[05:35:21] ✅ 27151 → AUTH OK
[05:35:21] ✅ 9242 → AUTH OK
[05:35:21] ✅ 36376 → AUTH OK
[05:35:21] ✅ 1039865 → AUTH OK
[05:35:21] ✅ 1041244 → AUTH OK
[05:35:21] ✅ 1039849 → AUTH OK
[05:35:21] ✅ 1098929 → AUTH OK
[05:35:21] ✅ 44361 → AUTH OK
[05:35:21] ✅ 4693 → AUTH OK
[05:35:21] ✅ 4097 → AUTH OK
[05:35:21] ✅ 25803 → AUTH OK
[05:35:21] ✅ 1039851 → AUTH OK
[05:35:21] ✅ 1041449 → AUTH OK
[05:35:21] ✅ 7813 → AUTH OK
[05:35:21] ✅ 7543 → AUTH OK
[05:35:21] ✅ 1039848 → AUTH OK
[05:35:21] ✅ 1046654 → AUTH OK
[05:35:21] ✅ 13958 → AUTH OK
[05:35:21] ✅ 9920 → AUTH OK
[05:35:21] ✅ 56048 → AUTH OK
[05:35:21] ✅ 4380 → AUTH OK
[05:35:21] ✅ 7301 → AUTH OK
[05:35:21] ✅ 14120 → AUTH OK
[05:35:21] ✅ 7841 → AUTH OK
[05:35:21] ✅ 1056572 → AUTH OK
[05:35:21] ✅ 1080239 → AUTH OK
[05:35:21] ✅ 28968 → AUTH OK
[05:35:21] ✅ 4189 → AUTH OK
[05:35:21] ✅ 1018799 → AUTH OK
[05:35:21] ✅ 27373 → AUTH OK
[05:35:21] ✅ 1016089 → AUTH OK
[05:35:21] ✅ 1041394 → AUTH OK
[05:35:21] ✅ 1030438 → AUTH OK
[05:35:21] ✅ 1022965 → AUTH OK
[05:35:22] ✅ 1075746 → AUTH OK
[05:35:22] ✅ 55733 → AUTH OK
[05:35:22] ✅ 60083 → AUTH OK
[05:35:22] ✅ 1037518 → AUTH OK
[05:35:22] ✅ 4171 → AUTH OK
[05:35:22] ✅ 24521 → AUTH OK
[05:35:22] ✅ 4178 → AUTH OK
[05:35:22] ✅ 1053400 → AUTH OK
[05:35:22] ✅ 1037525 → AUTH OK
[05:35:22] ✅ 17069 → AUTH OK
[05:35:22] ✅ 1008418 → AUTH OK
[05:35:22] ✅ 1016053 → AUTH OK
[05:35:22] ✅ 1041728 → AUTH OK
[05:35:22] ✅ 60085 → AUTH OK
[05:35:22] ✅ 10940 → AUTH OK
[05:35:22] ✅ 1037961 → AUTH OK
[05:35:22] ✅ 1041743 → AUTH OK
[05:35:22] ✅ 1008456 → AUTH OK
[05:35:22] ✅ 9487 → AUTH OK
[05:35:22] ✅ 1050791 → AUTH OK
[05:35:22] ✅ 1016133 → AUTH OK
[05:35:22] ✅ 1030504 → AUTH OK
[05:35:22] ✅ 1018652 → AUTH OK
[05:35:22] ✅ 55272 → AUTH OK
[05:35:22] ✅ 1049666 → AUTH OK
[05:35:22] ✅ 25804 → AUTH OK
[05:35:22] ✅ 1016088 → AUTH OK
[05:35:22] ✅ 5059 → AUTH OK
[05:35:22] ✅ 1042640 → AUTH OK
[05:35:22] ✅ 1053618 → AUTH OK
[05:35:22] ✅ 1042635 → AUTH OK
[05:35:22] ✅ 1011174 → AUTH OK
[05:35:22] ✅ 4248 → AUTH OK
[05:35:22] ✅ 1037511 → AUTH OK
[05:35:22] ✅ 1036962 → AUTH OK
[05:35:22] ✅ 4891 → AUTH OK
[05:35:22] ✅ 1042615 → AUTH OK
[05:35:22] ✅ 28925 → AUTH OK
[05:35:22] ✅ 3960 → AUTH OK
[05:35:22] ✅ 1037502 → AUTH OK
[05:35:22] ✅ 1007054 → AUTH OK
[05:35:22] ✅ 1042453 → AUTH OK
[05:35:22] ✅ 3981 → AUTH OK
[05:35:22] ✅ 4232 → AUTH OK
[05:35:22] ✅ 1041504 → AUTH OK
[05:35:22] ✅ 3910 → AUTH OK
[05:35:22] ✅ 22684 → AUTH OK
[05:35:22] ✅ 1037526 → AUTH OK
[05:35:22] ✅ 14702 → AUTH OK
[05:35:22] ✅ 19528 → AUTH OK
[05:35:22] ✅ 6044 → AUTH OK
[05:35:22] ✅ 4028 → AUTH OK
[05:35:22] ✅ 1012595 → AUTH OK
[05:35:22] ✅ 32194 → AUTH OK
[05:35:22] ✅ 4008 → AUTH OK
[05:35:22] ✅ 4067 → AUTH OK
[05:35:22] ✅ 7881 → AUTH OK
[05:35:22] ✅ 1067946 → AUTH OK
[05:35:22] ✅ 9135 → AUTH OK
[05:35:22] ✅ 14694 → AUTH OK
[05:35:22] ✅ 58633 → AUTH OK
[05:35:22] ✅ 25860 → AUTH OK
[05:35:22] ✅ 7534 → AUTH OK
[05:35:23] ✅ 6057 → AUTH OK
[05:35:23] ✅ 43348 → AUTH OK
[05:35:23] ✅ 1050645 → AUTH OK
[05:35:23] ✅ 1019166 → AUTH OK
[05:35:23] ✅ 1018798 → AUTH OK
[05:35:23] ✅ 1005798 → AUTH OK
[05:35:23] ✅ 1091219 → AUTH OK
[05:35:23] ✅ 1092958 → AUTH OK
[05:35:23] ✅ 1089067 → AUTH OK
[05:35:23] ✅ 1034375 → AUTH OK
[05:35:23] ✅ 1005799 → AUTH OK
[05:35:23] ✅ 4608 → AUTH OK
[05:35:23] ✅ 1025291 → AUTH OK
[05:35:23] ✅ 1037530 → AUTH OK
[05:35:23] ✅ 1015289 → AUTH OK
[05:35:23] ✅ 10250 → AUTH OK
[05:35:23] ✅ 1058533 → AUTH OK
[05:35:23] ✅ 1044095 → AUTH OK
[05:35:23] ✅ 1041725 → AUTH OK
[05:35:23] ✅ 1020333 → AUTH OK
[05:35:23] ✅ 27150 → AUTH OK
[05:35:23] ✅ 1034383 → AUTH OK
[05:35:23] ✅ 1058794 → AUTH OK
[05:35:23] ✅ 1015291 → AUTH OK
[05:35:23] ✅ 1023626 → AUTH OK
[05:35:23] ✅ 1033632 → AUTH OK
[05:35:23] ✅ 1019593 → AUTH OK
[05:35:23] ✅ 1034186 → AUTH OK
[05:35:23] ✅ 1039768 → AUTH OK
[05:35:23] ✅ 1039751 → AUTH OK
[05:35:23] ✅ 1034254 → AUTH OK
[05:35:23] ✅ 27715 → AUTH OK
[05:35:23] ✅ 7747 → AUTH OK
[05:35:23] ✅ 44966 → AUTH OK
[05:35:23] ✅ 27716 → AUTH OK
[05:35:23] ✅ 24929 → AUTH OK
[05:35:23] ✅ 4042 → AUTH OK
[05:35:23] ✅ 1013208 → AUTH OK
[05:35:23] ✅ 1016986 → AUTH OK
[05:35:23] ✅ 24351 → AUTH OK
[05:35:23] ✅ 1088790 → AUTH OK
[05:35:23] ✅ 1063761 → AUTH OK
[05:35:23] ✅ 1020288 → AUTH OK
[05:35:23] ✅ 4306 → AUTH OK
[05:35:23] ✅ 496 → AUTH OK
[05:35:23] ✅ 28214 → AUTH OK
[05:35:23] ✅ 1083399 → AUTH OK
[05:35:23] ✅ 1037520 → AUTH OK
[05:35:23] ✅ 1037142 → AUTH OK
[05:35:23] ✅ 7752 → AUTH OK
[05:35:23] ✅ 4217 → AUTH OK
[05:35:23] ✅ 9373 → AUTH OK
[05:35:23] ✅ 1039424 → AUTH OK
[05:35:23] ✅ 52996 → AUTH OK
[05:35:23] ✅ 1053939 → AUTH OK
[05:35:23] ✅ 31987 → AUTH OK
[05:35:23] ✅ 1067686 → AUTH OK
[05:35:23] ✅ 1041692 → AUTH OK
[05:35:24] ✅ 26401 → AUTH OK
[05:35:24] ✅ 4332 → AUTH OK
[05:35:24] ✅ 1036961 → AUTH OK
[05:35:24] ✅ 1020190 → AUTH OK
[05:35:24] ✅ 16791 → AUTH OK
[05:35:24] ✅ 509 → AUTH OK
[05:35:24] ✅ 1063452 → AUTH OK
[05:35:24] ✅ 44366 → AUTH OK
[05:35:24] ✅ 15527 → AUTH OK
[05:35:24] ✅ 22305 → AUTH OK
[05:35:24] ✅ 6093 → AUTH OK
[05:35:24] ✅ 7222 → AUTH OK
[05:35:24] ✅ 1003802 → AUTH OK
[05:35:24] ✅ 1003773 → AUTH OK
[05:35:24] ✅ 9420 → AUTH OK
[05:35:24] ✅ 1008409 → AUTH OK
[05:35:24] ✅ 1065451 → AUTH OK
[05:35:24] ✅ 1015795 → AUTH OK
[05:35:24] ✅ 1030422 → AUTH OK
[05:35:24] ✅ 30524 → AUTH OK
[05:35:24] ✅ 5041 → AUTH OK
[05:35:24] ✅ 1041753 → AUTH OK
[05:35:24] ✅ 1088803 → AUTH OK
[05:35:24] ✅ 32294 → AUTH OK
[05:35:24] ✅ 1005991 → AUTH OK
[05:35:24] ✅ 1008335 → AUTH OK
[05:35:24] ✅ 4739 → AUTH OK
[05:35:24] ✅ 4902 → AUTH OK
[05:35:24] ✅ 26230 → AUTH OK
[05:35:24] ✅ 25938 → AUTH OK
[05:35:24] ✅ 522 → AUTH OK
[05:35:24] ✅ 9411 → AUTH OK
[05:35:24] ✅ 1039877 → AUTH OK
[05:35:24] ✅ 1039842 → AUTH OK
[05:35:24] ✅ 9413 → AUTH OK
[05:35:24] ✅ 62637 → AUTH OK
[05:35:24] ✅ 26676 → AUTH OK
[05:35:24] ✅ 25808 → AUTH OK
[05:35:24] ✅ 25011 → AUTH OK
[05:35:24] ✅ 1005804 → AUTH OK
[05:35:24] ✅ 1040228 → AUTH OK
[05:35:24] ✅ 1037345 → AUTH OK
[05:35:24] ✅ 4107 → AUTH OK
[05:35:24] ✅ 1037532 → AUTH OK
[05:35:24] ✅ 1012189 → AUTH OK
[05:35:24] ✅ 9424 → AUTH OK
[05:35:24] ✅ 9350 → AUTH OK
[05:35:24] ✅ 36879 → AUTH OK
[05:35:24] ✅ 14166 → AUTH OK
[05:35:24] ✅ 1040731 → AUTH OK
[05:35:24] ✅ 1039272 → AUTH OK
[05:35:24] ✅ 9551 → AUTH OK
[05:35:24] ✅ 4036 → AUTH OK
[05:35:24] ✅ 1005797 → AUTH OK
[05:35:24] ✅ 1034324 → AUTH OK
[05:35:24] ✅ 4733 → AUTH OK
[05:35:24] ✅ 1008404 → AUTH OK
[05:35:24] ✅ 1037506 → AUTH OK
[05:35:24] ✅ 1012081 → AUTH OK
[05:35:24] ✅ 9474 → AUTH OK
[05:35:24] ✅ 1042439 → AUTH OK
[05:35:24] ✅ 9491 → AUTH OK
[05:35:24] ✅ 4272 → AUTH OK
[05:35:24] ✅ 1031296 → AUTH OK
[05:35:24] ✅ 14669 → AUTH OK
[05:35:25] ✅ 4045 → AUTH OK
[05:35:25] ✅ 7350 → AUTH OK
[05:35:25] ✅ 1071622 → AUTH OK
[05:35:25] ✅ 18823 → AUTH OK
[05:35:25] ✅ 1025740 → AUTH OK
[05:35:25] ✅ 5058 → AUTH OK
[05:35:25] ✅ 4715 → AUTH OK
[05:35:25] ✅ 1021922 → AUTH OK
[05:35:25] ✅ 1027903 → AUTH OK
[05:35:25] ✅ 1014990 → AUTH OK
[05:35:25] ✅ 1052503 → AUTH OK
[05:35:25] ✅ 26640 → AUTH OK
[05:35:25] ✅ 1065987 → AUTH OK
[05:35:25] ✅ 42945 → AUTH OK
[05:35:25] ✅ 46485 → AUTH OK
[05:35:25] ✅ 1037523 → AUTH OK
[05:35:25] ✅ 1015840 → AUTH OK
[05:35:25] ✅ 1064038 → AUTH OK
[05:35:25] ✅ 1041505 → AUTH OK
[05:35:25] ✅ 4050 → AUTH OK
[05:35:25] ✅ 1036772 → AUTH OK
[05:35:25] ✅ 9132 → AUTH OK
[05:35:25] ✅ 1015442 → AUTH OK
[05:35:25] ✅ 1037514 → AUTH OK
[05:35:25] ✅ 1041496 → AUTH OK
[05:35:25] ✅ 1016381 → AUTH OK
[05:35:25] ✅ 4725 → AUTH OK
[05:35:25] ✅ 1041473 → AUTH OK
[05:35:25] ✅ 51499 → AUTH OK
[05:35:25] ✅ 7137 → AUTH OK
[05:35:25] ✅ 27219 → AUTH OK
[05:35:25] ✅ 9136 → AUTH OK
[05:35:25] ✅ 7679 → AUTH OK
[05:35:25] ✅ 16522 → AUTH OK
[05:35:25] ✅ 4051 → AUTH OK
[05:35:25] ✅ 1037510 → AUTH OK
[05:35:25] ✅ 1020547 → AUTH OK
[05:35:25] ✅ 7618 → AUTH OK
[05:35:25] ✅ 5145 → AUTH OK
[05:35:25] ✅ 1020453 → AUTH OK
[05:35:25] ✅ 1041242 → AUTH OK
[05:35:25] ✅ 18460 → AUTH OK
[05:35:25] ✅ 1041458 → AUTH OK
[05:35:25] ✅ 1084553 → AUTH OK
[05:35:25] ✅ 1041393 → AUTH OK
[05:35:25] ✅ 1037531 → AUTH OK
[05:35:25] ✅ 1075745 → AUTH OK
[05:35:25] ✅ 3965 → AUTH OK
[05:35:25] ✅ 9384 → AUTH OK
[05:35:25] ✅ 1032461 → AUTH OK
[05:35:25] ✅ 1015286 → AUTH OK
[05:35:25] ✅ 1039840 → AUTH OK
[05:35:25] ✅ 1032460 → AUTH OK
[05:35:25] ✅ 55466 → AUTH OK
[05:35:25] ✅ 9194 → AUTH OK
[05:35:25] ✅ 9174 → AUTH OK
[05:35:25] ✅ 26281 → AUTH OK
[05:35:25] ✅ 30784 → AUTH OK
[05:35:25] ✅ 25571 → AUTH OK
[05:35:25] ✅ 1037527 → AUTH OK
[05:35:25] ✅ 7232 → AUTH OK
[05:35:25] ✅ 1016383 → AUTH OK
[05:35:25] ✅ 25045 → AUTH OK
[05:35:26] ✅ 1003767 → AUTH OK
[05:35:26] ✅ 1037503 → AUTH OK
[05:35:26] ✅ 55853 → AUTH OK
[05:35:26] ✅ 1037491 → AUTH OK
[05:35:26] ✅ 1029684 → AUTH OK
[05:35:26] ✅ 1041239 → AUTH OK
[05:35:26] ✅ 9246 → AUTH OK
[05:35:26] ✅ 1007282 → AUTH OK
[05:35:26] ✅ 18164 → AUTH OK
[05:35:26] ✅ 19513 → AUTH OK
[05:35:26] ✅ 25181 → AUTH OK
[05:35:26] ✅ 1035744 → AUTH OK
[05:35:26] ✅ 1015975 → AUTH OK
[05:35:26] ✅ 5182 → AUTH OK
[05:35:26] ✅ 1088811 → AUTH OK
[05:35:26] ✅ 1037517 → AUTH OK
[05:35:26] ✅ 3896 → AUTH OK
[05:35:26] ✅ 62250 → AUTH OK
[05:35:26] ✅ 9285 → AUTH OK
[05:35:26] ✅ 1037516 → AUTH OK
[05:35:26] ✅ 1042605 → AUTH OK
[05:35:26] ✅ 1012280 → AUTH OK
[05:35:26] ✅ 1037521 → AUTH OK
[05:35:26] ✅ 1032901 → AUTH OK
[05:35:26] ✅ 1040181 → AUTH OK
[05:35:26] ✅ 1041804 → AUTH OK
[05:35:26] ✅ 5150 → AUTH OK
[05:35:26] ✅ 4889 → AUTH OK
[05:35:26] ✅ 16523 → AUTH OK
[05:35:26] ✅ 1047917 → AUTH OK
[05:35:26] ✅ 7293 → AUTH OK
[05:35:26] ✅ 1056892 → AUTH OK
[05:35:26] ✅ 14354 → AUTH OK
[05:35:26] ✅ 1061843 → AUTH OK
[05:35:26] ✅ 1041199 → AUTH OK
[05:35:26] ✅ 1020338 → AUTH OK
[05:35:26] ✅ 1052727 → AUTH OK
[05:35:26] ✅ 6119 → AUTH OK
[05:35:26] ✅ 4780 → AUTH OK
[05:35:26] ✅ 4919 → AUTH OK
[05:35:26] ✅ 1041683 → AUTH OK
[05:35:26] ✅ 1036383 → AUTH OK
[05:35:26] ✅ 5220 → AUTH OK
[05:35:26] ✅ 4910 → AUTH OK
[05:35:26] ✅ 1050804 → AUTH OK
[05:35:26] ✅ 1084822 → AUTH OK
[05:35:26] ✅ 1033177 → AUTH OK
[05:35:26] ✅ 9661 → AUTH OK
[05:35:26] ✅ 7537 → AUTH OK
[05:35:26] ✅ 29954 → AUTH OK
[05:35:26] ✅ 1018468 → AUTH OK
[05:35:26] ✅ 9784 → AUTH OK
[05:35:26] ✅ 17483 → AUTH OK
[05:35:26] ✅ 25281 → AUTH OK
[05:35:26] ✅ 28235 → AUTH OK
[05:35:26] ✅ 1041732 → AUTH OK
[05:35:26] ✅ 4852 → AUTH OK
[05:35:26] ✅ 1041726 → AUTH OK
[05:35:26] ✅ 3145 → AUTH OK
[05:35:26] ✅ 7826 → AUTH OK
[05:35:26] ✅ 1006037 → AUTH OK
[05:35:26] ✅ 1030383 → AUTH OK
[05:35:26] ✅ 9150 → AUTH OK
[05:35:26] ✅ 27725 → AUTH OK
[05:35:27] ✅ 1074202 → AUTH OK
[05:35:27] ✅ 1013210 → AUTH OK
[05:35:27] ✅ 7753 → AUTH OK
[05:35:27] ✅ 1055922 → AUTH OK
[05:35:27] ✅ 19110 → AUTH OK
[05:35:27] ✅ 1028118 → AUTH OK
[05:35:27] ✅ 7814 → AUTH OK
[05:35:27] ✅ 1041465 → AUTH OK
[05:35:27] ✅ 4163 → AUTH OK
[05:35:27] ✅ 9044 → AUTH OK
[05:35:27] ✅ 28863 → AUTH OK
[05:35:27] ✅ 58822 → AUTH OK
[05:35:27] ✅ 7856 → AUTH OK
[05:35:27] ✅ 4340 → AUTH OK
[05:35:27] ✅ 7312 → AUTH OK
[05:35:27] ✅ 4904 → AUTH OK
[05:35:27] ✅ 6096 → AUTH OK
[05:35:27] ✅ 4255 → AUTH OK
[05:35:27] ✅ 1019687 → AUTH OK
[05:35:27] ✅ 1050768 → AUTH OK
[05:35:27] ✅ 4379 → AUTH OK
[05:35:27] ✅ 1088778 → AUTH OK
[05:35:27] ✅ 7260 → AUTH OK
[05:35:27] ✅ 9131 → AUTH OK
[05:35:27] ✅ 5080 → AUTH OK
[05:35:27] ✅ 4425 → AUTH OK
[05:35:27] ✅ 1026095 → AUTH OK
[05:35:27] ✅ 1398 → AUTH OK
[05:35:27] ✅ 27432 → AUTH OK
[05:35:27] ✅ 1042822 → AUTH OK
[05:35:27] ✅ 1041566 → AUTH OK
[05:35:27] ✅ 1020350 → AUTH OK
[05:35:27] ✅ 1041495 → AUTH OK
[05:35:27] ✅ 19289 → AUTH OK
[05:35:27] ✅ 5105 → AUTH OK
[05:35:27] ✅ 30441 → AUTH OK
[05:35:27] ✅ 1039748 → AUTH OK
[05:35:27] ✅ 7627 → AUTH OK
[05:35:27] ✅ 6079 → AUTH OK
[05:35:27] ✅ 1041211 → AUTH OK
[05:35:27] ✅ 1014297 → AUTH OK
[05:35:27] ✅ 1033524 → AUTH OK
[05:35:27] ✅ 1054202 → AUTH OK
[05:35:27] ✅ 9176 → AUTH OK
[05:35:27] ✅ 19294 → AUTH OK
[05:35:27] ✅ 1031639 → AUTH OK
[05:35:27] ✅ 1009967 → AUTH OK
[05:35:27] ✅ 10268 → AUTH OK
[05:35:27] ✅ 26729 → AUTH OK
[05:35:27] ✅ 1031640 → AUTH OK
[05:35:27] ✅ 1041691 → AUTH OK
[05:35:27] ✅ 24522 → AUTH OK
[05:35:27] ✅ 29510 → AUTH OK
[05:35:27] ✅ 7308 → AUTH OK
[05:35:27] ✅ 43960 → AUTH OK
[05:35:27] ✅ 1013662 → AUTH OK
[05:35:27] ✅ 54684 → AUTH OK
[05:35:27] ✅ 9780 → AUTH OK
[05:35:27] ✅ 1055117 → AUTH OK
[05:35:27] ✅ 9497 → AUTH OK
[05:35:27] ✅ 32811 → AUTH OK
[05:35:27] ✅ 1066216 → AUTH OK
[05:35:27] ✅ 33645 → AUTH OK
[05:35:28] ✅ 984 → AUTH OK
[05:35:28] ✅ 1039923 → AUTH OK
[05:35:28] ✅ 1041729 → AUTH OK
[05:35:28] ✅ 9291 → AUTH OK
[05:35:28] ✅ 1041684 → AUTH OK
[05:35:28] ✅ 1030384 → AUTH OK
[05:35:28] ✅ 1041782 → AUTH OK
[05:35:28] ✅ 482 → AUTH OK
[05:35:28] ✅ 12947 → AUTH OK
[05:35:28] ✅ 4881 → AUTH OK
[05:35:28] ✅ 1008441 → AUTH OK
[05:35:28] ✅ 22884 → AUTH OK
[05:35:28] ✅ 4714 → AUTH OK
[05:35:28] ✅ 9527 → AUTH OK
[05:35:28] ✅ 1018796 → AUTH OK
[05:35:28] ✅ 9653 → AUTH OK
[05:35:28] ✅ 1089364 → AUTH OK
[05:35:28] ✅ 476 → AUTH OK
[05:35:28] ✅ 1065452 → AUTH OK
[05:35:28] ✅ 1056146 → AUTH OK
[05:35:28] ✅ 24767 → AUTH OK
[05:35:28] ✅ 1078620 → AUTH OK
[05:35:28] ✅ 5103 → AUTH OK
[05:35:28] ✅ 15614 → AUTH OK
[05:35:28] ✅ 1039863 → AUTH OK
[05:35:28] ✅ 1075662 → AUTH OK
[05:35:28] ✅ 6035 → AUTH OK
[05:35:28] ✅ 1019544 → AUTH OK
[05:35:28] ✅ 1049288 → AUTH OK
[05:35:28] ✅ 1049289 → AUTH OK
[05:35:28] ✅ 14703 → AUTH OK
[05:35:28] ✅ 1027244 → AUTH OK
[05:35:28] ✅ 3976 → AUTH OK
[05:35:28] ✅ 1035939 → AUTH OK
[05:35:28] ✅ 1054735 → AUTH OK
[05:35:28] ✅ 1004633 → AUTH OK
[05:35:28] ✅ 52682 → AUTH OK
[05:35:28] ✅ 1041567 → AUTH OK
[05:35:28] ✅ 1054736 → AUTH OK
[05:35:28] ✅ 1092992 → AUTH OK
[05:35:28] ✅ 26294 → AUTH OK
[05:35:28] ✅ 1042215 → AUTH OK
[05:35:28] ✅ 25008 → AUTH OK
[05:35:28] ✅ 1054730 → AUTH OK
[05:35:28] ✅ 5061 → AUTH OK
[05:35:28] ✅ 3906 → AUTH OK
[05:35:28] ✅ 62907 → AUTH OK
[05:35:28] ✅ 1024041 → AUTH OK
[05:35:28] ✅ 1009117 → AUTH OK
[05:35:28] ✅ 1009010 → AUTH OK
[05:35:28] ✅ 38446 → AUTH OK
[05:35:28] ✅ 1056839 → AUTH OK
[05:35:28] ✅ 31792 → AUTH OK
[05:35:28] ✅ 6121 → AUTH OK
[05:35:28] ✅ 4124 → AUTH OK
[05:35:29] ✅ 24880 → AUTH OK
[05:35:29] ✅ 1036955 → AUTH OK
[05:35:29] ✅ 1056846 → AUTH OK
[05:35:29] ✅ 1088219 → AUTH OK
[05:35:29] ✅ 1021629 → AUTH OK
[05:35:29] ✅ 1059680 → AUTH OK
[05:35:29] ✅ 39874 → AUTH OK
[05:35:29] ✅ 1020755 → AUTH OK
[05:35:29] ✅ 1068242 → AUTH OK
[05:35:29] ✅ 1025576 → AUTH OK
[05:35:29] ✅ 9169 → AUTH OK
[05:35:29] ✅ 15526 → AUTH OK
[05:35:29] ✅ 4976 → AUTH OK
[05:35:29] ✅ 1032344 → AUTH OK
[05:35:29] ✅ 9100 → AUTH OK
[05:35:29] ✅ 9041 → AUTH OK
[05:35:29] ✅ 4038 → AUTH OK
[05:35:29] ✅ 9504 → AUTH OK
[05:35:29] ✅ 4890 → AUTH OK
[05:35:29] ✅ 9368 → AUTH OK
[05:35:29] ✅ 24246 → AUTH OK
[05:35:29] ✅ 1054742 → AUTH OK
[05:35:29] ✅ 1004635 → AUTH OK
[05:35:29] ✅ 1053536 → AUTH OK
[05:35:29] ✅ 1036114 → AUTH OK
[05:35:29] ✅ 7504 → AUTH OK
[05:35:29] ✅ 49852 → AUTH OK
[05:35:29] ✅ 1012136 → AUTH OK
[05:35:29] ✅ 56144 → AUTH OK
[05:35:29] ✅ 1082851 → AUTH OK
[05:35:29] ✅ 24981 → AUTH OK
[05:35:29] ✅ 31788 → AUTH OK
[05:35:29] ✅ 1028879 → AUTH OK
[05:35:29] ✅ 1013355 → AUTH OK
[05:35:29] ✅ 10255 → AUTH OK
[05:35:29] ✅ 10270 → AUTH OK
[05:35:29] ✅ 4174 → AUTH OK
[05:35:29] ✅ 1004634 → AUTH OK
[05:35:29] ✅ 1053155 → AUTH OK
[05:35:29] ✅ 1011192 → AUTH OK
[05:35:29] ✅ 1003803 → AUTH OK
[05:35:29] ✅ 7511 → AUTH OK
[05:35:29] ✅ Fetched 371 venues with shows
[05:35:29] ✅ DONE | Shows=2513 | Movies=43
[14:11:03] 📍 Loaded 754 district venues
[14:11:03] 🚀 DISTRICT SCRAPER STARTED
[14:11:03] ✅ 1067161 → AUTH OK
[14:11:03] ✅ 1102100 → AUTH OK
[14:11:03] ✅ 1096456 → AUTH OK
[14:11:03] ✅ 1068270 → AUTH OK
[14:11:03] ✅ 1102183 → AUTH OK
[14:11:03] ✅ 1068240 → AUTH OK
[14:11:04] ✅ 61879 → AUTH OK
[14:11:04] ✅ 1102311 → AUTH OK
[14:11:04] ✅ 1102233 → AUTH OK
[14:11:04] ✅ 1102289 → AUTH OK
[14:11:04] ✅ 1101584 → AUTH OK
[14:11:04] ✅ 1102076 → AUTH OK
[14:11:04] ✅ 1102119 → AUTH OK
[14:11:04] ✅ 1102127 → AUTH OK
[14:11:04] ✅ 1102244 → AUTH OK
[14:11:04] ✅ 1102175 → AUTH OK
[14:11:04] ✅ 1044502 → AUTH OK
[14:11:04] ✅ 1102096 → AUTH OK
[14:11:04] ✅ 539 → AUTH OK
[14:11:04] ✅ 1102215 → AUTH OK
[14:11:04] ✅ 1020401 → AUTH OK
[14:11:04] ✅ 20856 → AUTH OK
[14:11:04] ✅ 1102097 → AUTH OK
[14:11:04] ✅ 1102103 → AUTH OK
[14:11:04] ✅ 1086677 → AUTH OK
[14:11:04] ✅ 1101483 → AUTH OK
[14:11:04] ✅ 1082714 → AUTH OK
[14:11:04] ✅ 1583 → AUTH OK
[14:11:04] ✅ 1102098 → AUTH OK
[14:11:04] ✅ 1102304 → AUTH OK
[14:11:04] ✅ 1101397 → AUTH OK
[14:11:04] ✅ 1096482 → AUTH OK
[14:11:04] ✅ 1100725 → AUTH OK
[14:11:04] ✅ 1096475 → AUTH OK
[14:11:04] ✅ 51512 → AUTH OK
[14:11:04] ✅ 1096734 → AUTH OK
[14:11:04] ✅ 9508 → AUTH OK
[14:11:04] ✅ 7854 → AUTH OK
[14:11:04] ✅ 1096524 → AUTH OK
[14:11:04] ✅ 1102094 → AUTH OK
[14:11:04] ✅ 1102280 → AUTH OK
[14:11:04] ✅ 1102186 → AUTH OK
[14:11:04] ✅ 1102173 → AUTH OK
[14:11:05] ✅ 4430 → AUTH OK
[14:11:05] ✅ 1094756 → AUTH OK
[14:11:05] ✅ 1102176 → AUTH OK
[14:11:05] ✅ 1011906 → AUTH OK
[14:11:05] ✅ 9736 → AUTH OK
[14:11:05] ✅ 1101451 → AUTH OK
[14:11:05] ✅ 1102090 → AUTH OK
[14:11:05] ✅ 1102095 → AUTH OK
[14:11:05] ✅ 1102182 → AUTH OK
[14:11:05] ✅ 1102270 → AUTH OK
[14:11:05] ✅ 1101471 → AUTH OK
[14:11:05] ✅ 1102248 → AUTH OK
[14:11:05] ✅ 1102164 → AUTH OK
[14:11:05] ✅ 1102256 → AUTH OK
[14:11:05] ✅ 1095290 → AUTH OK
[14:11:05] ✅ 7257 → AUTH OK
[14:11:05] ✅ 1101521 → AUTH OK
[14:11:05] ✅ 1102071 → AUTH OK
[14:11:05] ✅ 1102181 → AUTH OK
[14:11:05] ✅ 1101355 → AUTH OK
[14:11:05] ✅ 1101450 → AUTH OK
[14:11:05] ✅ 1102082 → AUTH OK
[14:11:05] ✅ 1102084 → AUTH OK
[14:11:05] ✅ 1101568 → AUTH OK
[14:11:05] ✅ 1038431 → AUTH OK
[14:11:05] ✅ 1102272 → AUTH OK
[14:11:05] ✅ 1102277 → AUTH OK
[14:11:05] ✅ 1102299 → AUTH OK
[14:11:05] ✅ 1102073 → AUTH OK
[14:11:05] ✅ 1102269 → AUTH OK
[14:11:05] ✅ 1102047 → AUTH OK
[14:11:05] ✅ 1102273 → AUTH OK
[14:11:05] ✅ 1102253 → AUTH OK
[14:11:05] ✅ 1102166 → AUTH OK
[14:11:05] ✅ 1102265 → AUTH OK
[14:11:05] ✅ 1101590 → AUTH OK
[14:11:05] ✅ 1102242 → AUTH OK
[14:11:05] ✅ 1102247 → AUTH OK
[14:11:05] ✅ 4222 → AUTH OK
[14:11:05] ✅ 1102165 → AUTH OK
[14:11:05] ✅ 1056145 → AUTH OK
[14:11:06] ✅ 1102184 → AUTH OK
[14:11:06] ✅ 1102241 → AUTH OK
[14:11:06] ✅ 1102261 → AUTH OK
[14:11:06] ✅ 1102055 → AUTH OK
[14:11:06] ✅ 1102132 → AUTH OK
[14:11:06] ✅ 1102129 → AUTH OK
[14:11:06] ✅ 1031364 → AUTH OK
[14:11:06] ✅ 1102285 → AUTH OK
[14:11:06] ✅ 1031589 → AUTH OK
[14:11:06] ✅ 1060495 → AUTH OK
[14:11:06] ✅ 1102080 → AUTH OK
[14:11:06] ✅ 1102174 → AUTH OK
[14:11:06] ✅ 1101423 → AUTH OK
[14:11:06] ✅ 1101388 → AUTH OK
[14:11:06] ✅ 1102106 → AUTH OK
[14:11:06] ✅ 1101387 → AUTH OK
[14:11:06] ✅ 1102123 → AUTH OK
[14:11:06] ✅ 1691 → AUTH OK
[14:11:06] ✅ 1102213 → AUTH OK
[14:11:06] ✅ 1102137 → AUTH OK
[14:11:06] ✅ 1042102 → AUTH OK
[14:11:06] ✅ 1102291 → AUTH OK
[14:11:06] ✅ 28486 → AUTH OK
[14:11:06] ✅ 1041690 → AUTH OK
[14:11:06] ✅ 1101368 → AUTH OK
[14:11:06] ✅ 1053154 → AUTH OK
[14:11:06] ✅ 1102068 → AUTH OK
[14:11:06] ✅ 1102125 → AUTH OK
[14:11:06] ✅ 1039880 → AUTH OK
[14:11:06] ✅ 1078022 → AUTH OK
[14:11:06] ✅ 4132 → AUTH OK
[14:11:06] ✅ 1102120 → AUTH OK
[14:11:06] ✅ 1102147 → AUTH OK
[14:11:06] ✅ 1080585 → AUTH OK
[14:11:06] ✅ 1101217 → AUTH OK
[14:11:06] ✅ 1102284 → AUTH OK
[14:11:06] ✅ 1102168 → AUTH OK
[14:11:06] ✅ 1100831 → AUTH OK
[14:11:06] ✅ 1101219 → AUTH OK
[14:11:06] ✅ 1102258 → AUTH OK
[14:11:06] ✅ 1102069 → AUTH OK
[14:11:06] ✅ 20834 → AUTH OK
[14:11:06] ✅ 1102134 → AUTH OK
[14:11:06] ✅ 1078001 → AUTH OK
[14:11:06] ✅ 1041689 → AUTH OK
[14:11:06] ✅ 1037501 → AUTH OK
[14:11:06] ✅ 1102276 → AUTH OK
[14:11:06] ✅ 1102067 → AUTH OK
[14:11:06] ✅ 1101452 → AUTH OK
[14:11:06] ✅ 4911 → AUTH OK
[14:11:06] ✅ 43628 → AUTH OK
[14:11:07] ✅ 1102124 → AUTH OK
[14:11:07] ✅ 5172 → AUTH OK
[14:11:07] ✅ 1094757 → AUTH OK
[14:11:07] ✅ 1102078 → AUTH OK
[14:11:07] ✅ 1102275 → AUTH OK
[14:11:07] ✅ 1102236 → AUTH OK
[14:11:07] ✅ 1102294 → AUTH OK
[14:11:07] ✅ 27047 → AUTH OK
[14:11:07] ✅ 1102104 → AUTH OK
[14:11:07] ✅ 14699 → AUTH OK
[14:11:07] ✅ 5100 → AUTH OK
[14:11:07] ✅ 1095009 → AUTH OK
[14:11:07] ✅ 1102135 → AUTH OK
[14:11:07] ✅ 1014604 → AUTH OK
[14:11:07] ✅ 1102281 → AUTH OK
[14:11:07] ✅ 1020826 → AUTH OK
[14:11:07] ✅ 1052124 → AUTH OK
[14:11:07] ✅ 14697 → AUTH OK
[14:11:07] ✅ 4175 → AUTH OK
[14:11:07] ✅ 1011900 → AUTH OK
[14:11:07] ✅ 1027478 → AUTH OK
[14:11:07] ✅ 1092638 → AUTH OK
[14:11:07] ✅ 1054725 → AUTH OK
[14:11:07] ✅ 1092639 → AUTH OK
[14:11:07] ✅ 1102228 → AUTH OK
[14:11:07] ✅ 1101222 → AUTH OK
[14:11:07] ✅ 1088548 → AUTH OK
[14:11:07] ✅ 1101523 → AUTH OK
[14:11:07] ✅ 27908 → AUTH OK
[14:11:07] ✅ 1088547 → AUTH OK
[14:11:07] ✅ 13772 → AUTH OK
[14:11:07] ✅ 1054741 → AUTH OK
[14:11:07] ✅ 1039949 → AUTH OK
[14:11:07] ✅ 1102099 → AUTH OK
[14:11:07] ✅ 1102239 → AUTH OK
[14:11:07] ✅ 1102075 → AUTH OK
[14:11:07] ✅ 16605 → AUTH OK
[14:11:07] ✅ 11272 → AUTH OK
[14:11:07] ✅ 1102227 → AUTH OK
[14:11:07] ✅ 1101449 → AUTH OK
[14:11:07] ✅ 1102108 → AUTH OK
[14:11:07] ✅ 4918 → AUTH OK
[14:11:07] ✅ 1102107 → AUTH OK
[14:11:07] ✅ 1102121 → AUTH OK
[14:11:07] ✅ 1031592 → AUTH OK
[14:11:07] ✅ 1060262 → AUTH OK
[14:11:07] ✅ 1102126 → AUTH OK
[14:11:07] ✅ 29761 → AUTH OK
[14:11:07] ✅ 7686 → AUTH OK
[14:11:07] ✅ 1102133 → AUTH OK
[14:11:07] ✅ 3943 → AUTH OK
[14:11:07] ✅ 1042632 → AUTH OK
[14:11:07] ✅ 1037507 → AUTH OK
[14:11:07] ✅ 6081 → AUTH OK
[14:11:08] ✅ 1094680 → AUTH OK
[14:11:08] ✅ 4184 → AUTH OK
[14:11:08] ✅ 1102122 → AUTH OK
[14:11:08] ✅ 1042465 → AUTH OK
[14:11:08] ✅ 1101384 → AUTH OK
[14:11:08] ✅ 1102116 → AUTH OK
[14:11:08] ✅ 1037033 → AUTH OK
[14:11:08] ✅ 1078025 → AUTH OK
[14:11:08] ✅ 1041688 → AUTH OK
[14:11:08] ✅ 1037496 → AUTH OK
[14:11:08] ✅ 1049243 → AUTH OK
[14:11:08] ✅ 1044503 → AUTH OK
[14:11:08] ✅ 1074151 → AUTH OK
[14:11:08] ✅ 1051040 → AUTH OK
[14:11:08] ✅ 11264 → AUTH OK
[14:11:08] ✅ 1065383 → AUTH OK
[14:11:08] ✅ 1008705 → AUTH OK
[14:11:08] ✅ 50915 → AUTH OK
[14:11:08] ✅ 1030389 → AUTH OK
[14:11:08] ✅ 29998 → AUTH OK
[14:11:08] ✅ 7714 → AUTH OK
[14:11:08] ✅ 1040891 → AUTH OK
[14:11:08] ✅ 1094334 → AUTH OK
[14:11:08] ✅ 1024804 → AUTH OK
[14:11:08] ✅ 1039878 → AUTH OK
[14:11:08] ✅ 1093265 → AUTH OK
[14:11:08] ✅ 1076602 → AUTH OK
[14:11:08] ✅ 1037228 → AUTH OK
[14:11:08] ✅ 1039860 → AUTH OK
[14:11:08] ✅ 1039846 → AUTH OK
[14:11:08] ✅ 1031638 → AUTH OK
[14:11:08] ✅ 1009194 → AUTH OK
[14:11:08] ✅ 1047659 → AUTH OK
[14:11:08] ✅ 1039847 → AUTH OK
[14:11:08] ✅ 1041672 → AUTH OK
[14:11:08] ✅ 1039875 → AUTH OK
[14:11:08] ✅ 4106 → AUTH OK
[14:11:08] ✅ 2855 → AUTH OK
[14:11:08] ✅ 1041687 → AUTH OK
[14:11:08] ✅ 28206 → AUTH OK
[14:11:08] ✅ 1096733 → AUTH OK
[14:11:08] ✅ 1024343 → AUTH OK
[14:11:08] ✅ 25805 → AUTH OK
[14:11:08] ✅ 1039862 → AUTH OK
[14:11:08] ✅ 1039864 → AUTH OK
[14:11:08] ✅ 1097120 → AUTH OK
[14:11:08] ✅ 1001773 → AUTH OK
[14:11:08] ✅ 7258 → AUTH OK
[14:11:08] ✅ 1089130 → AUTH OK
[14:11:08] ✅ 1036959 → AUTH OK
[14:11:08] ✅ 1018795 → AUTH OK
[14:11:08] ✅ 1031636 → AUTH OK
[14:11:08] ✅ 1039850 → AUTH OK
[14:11:08] ✅ 4097 → AUTH OK
[14:11:09] ✅ 1088822 → AUTH OK
[14:11:09] ✅ 1041685 → AUTH OK
[14:11:09] ✅ 9242 → AUTH OK
[14:11:09] ✅ 9365 → AUTH OK
[14:11:09] ✅ 27151 → AUTH OK
[14:11:09] ✅ 1039865 → AUTH OK
[14:11:09] ✅ 36376 → AUTH OK
[14:11:09] ✅ 25803 → AUTH OK
[14:11:09] ✅ 1040466 → AUTH OK
[14:11:09] ✅ 1098929 → AUTH OK
[14:11:09] ✅ 44361 → AUTH OK
[14:11:09] ✅ 1039849 → AUTH OK
[14:11:09] ✅ 9292 → AUTH OK
[14:11:09] ✅ 1046654 → AUTH OK
[14:11:09] ✅ 56048 → AUTH OK
[14:11:09] ✅ 7543 → AUTH OK
[14:11:09] ✅ 1041449 → AUTH OK
[14:11:09] ✅ 13958 → AUTH OK
[14:11:09] ✅ 1041244 → AUTH OK
[14:11:09] ✅ 1039848 → AUTH OK
[14:11:09] ✅ 4693 → AUTH OK
[14:11:09] ✅ 14120 → AUTH OK
[14:11:09] ✅ 7813 → AUTH OK
[14:11:09] ✅ 1039851 → AUTH OK
[14:11:09] ✅ 7301 → AUTH OK
[14:11:09] ✅ 4380 → AUTH OK
[14:11:09] ✅ 7841 → AUTH OK
[14:11:09] ✅ 9920 → AUTH OK
[14:11:09] ✅ 1056572 → AUTH OK
[14:11:09] ✅ 1080239 → AUTH OK
[14:11:09] ✅ 1041394 → AUTH OK
[14:11:09] ✅ 1016089 → AUTH OK
[14:11:09] ✅ 28968 → AUTH OK
[14:11:09] ✅ 4189 → AUTH OK
[14:11:09] ✅ 1018799 → AUTH OK
[14:11:09] ✅ 1075746 → AUTH OK
[14:11:09] ✅ 55733 → AUTH OK
[14:11:09] ✅ 1022965 → AUTH OK
[14:11:09] ✅ 4178 → AUTH OK
[14:11:09] ✅ 1030438 → AUTH OK
[14:11:09] ✅ 27373 → AUTH OK
[14:11:09] ✅ 1037518 → AUTH OK
[14:11:09] ✅ 60083 → AUTH OK
[14:11:09] ✅ 24521 → AUTH OK
[14:11:09] ✅ 4171 → AUTH OK
[14:11:09] ✅ 60085 → AUTH OK
[14:11:09] ✅ 1008456 → AUTH OK
[14:11:09] ✅ 1053400 → AUTH OK
[14:11:09] ✅ 1037525 → AUTH OK
[14:11:09] ✅ 1016053 → AUTH OK
[14:11:09] ✅ 1008418 → AUTH OK
[14:11:09] ✅ 1018652 → AUTH OK
[14:11:09] ✅ 1041743 → AUTH OK
[14:11:10] ✅ 1041728 → AUTH OK
[14:11:10] ✅ 17069 → AUTH OK
[14:11:10] ✅ 9487 → AUTH OK
[14:11:10] ✅ 25804 → AUTH OK
[14:11:10] ✅ 1050791 → AUTH OK
[14:11:10] ✅ 1030504 → AUTH OK
[14:11:10] ✅ 1049666 → AUTH OK
[14:11:10] ✅ 1016133 → AUTH OK
[14:11:10] ✅ 10940 → AUTH OK
[14:11:10] ✅ 1037961 → AUTH OK
[14:11:10] ✅ 1016088 → AUTH OK
[14:11:10] ✅ 1053618 → AUTH OK
[14:11:10] ✅ 55272 → AUTH OK
[14:11:10] ✅ 1036962 → AUTH OK
[14:11:10] ✅ 1037511 → AUTH OK
[14:11:10] ✅ 1042640 → AUTH OK
[14:11:10] ✅ 1007054 → AUTH OK
[14:11:10] ✅ 1042635 → AUTH OK
[14:11:10] ✅ 4891 → AUTH OK
[14:11:10] ✅ 1011174 → AUTH OK
[14:11:10] ✅ 1042453 → AUTH OK
[14:11:10] ✅ 4248 → AUTH OK
[14:11:10] ✅ 3981 → AUTH OK
[14:11:10] ✅ 3960 → AUTH OK
[14:11:10] ✅ 1041504 → AUTH OK
[14:11:10] ✅ 1037502 → AUTH OK
[14:11:10] ✅ 22684 → AUTH OK
[14:11:10] ✅ 3910 → AUTH OK
[14:11:10] ✅ 28925 → AUTH OK
[14:11:10] ✅ 4232 → AUTH OK
[14:11:10] ✅ 1037526 → AUTH OK
[14:11:10] ✅ 1012595 → AUTH OK
[14:11:10] ✅ 6044 → AUTH OK
[14:11:10] ✅ 7881 → AUTH OK
[14:11:10] ✅ 14694 → AUTH OK
[14:11:10] ✅ 32194 → AUTH OK
[14:11:10] ✅ 19528 → AUTH OK
[14:11:10] ✅ 4028 → AUTH OK
[14:11:10] ✅ 1042615 → AUTH OK
[14:11:10] ✅ 5059 → AUTH OK
[14:11:10] ✅ 1067946 → AUTH OK
[14:11:10] ✅ 7534 → AUTH OK
[14:11:10] ✅ 14702 → AUTH OK
[14:11:10] ✅ 58633 → AUTH OK
[14:11:10] ✅ 1091219 → AUTH OK
[14:11:10] ✅ 25860 → AUTH OK
[14:11:10] ✅ 4067 → AUTH OK
[14:11:10] ✅ 43348 → AUTH OK
[14:11:10] ✅ 6057 → AUTH OK
[14:11:10] ✅ 4008 → AUTH OK
[14:11:11] ✅ 9135 → AUTH OK
[14:11:11] ✅ 10250 → AUTH OK
[14:11:11] ✅ 1018798 → AUTH OK
[14:11:11] ✅ 1050645 → AUTH OK
[14:11:11] ✅ 1037530 → AUTH OK
[14:11:11] ✅ 1089067 → AUTH OK
[14:11:11] ✅ 1020333 → AUTH OK
[14:11:11] ✅ 1025291 → AUTH OK
[14:11:11] ✅ 4608 → AUTH OK
[14:11:11] ✅ 1005799 → AUTH OK
[14:11:11] ✅ 1015289 → AUTH OK
[14:11:11] ✅ 1092958 → AUTH OK
[14:11:11] ✅ 1041725 → AUTH OK
[14:11:11] ✅ 1019166 → AUTH OK
[14:11:11] ✅ 1005798 → AUTH OK
[14:11:11] ✅ 1034383 → AUTH OK
[14:11:11] ✅ 1058533 → AUTH OK
[14:11:11] ✅ 27150 → AUTH OK
[14:11:11] ✅ 1058794 → AUTH OK
[14:11:11] ✅ 1023626 → AUTH OK
[14:11:11] ✅ 1033632 → AUTH OK
[14:11:11] ✅ 1034186 → AUTH OK
[14:11:11] ✅ 1034254 → AUTH OK
[14:11:11] ✅ 1013208 → AUTH OK
[14:11:11] ✅ 27715 → AUTH OK
[14:11:11] ✅ 44966 → AUTH OK
[14:11:11] ✅ 1015291 → AUTH OK
[14:11:11] ✅ 27716 → AUTH OK
[14:11:11] ✅ 7747 → AUTH OK
[14:11:11] ✅ 1019593 → AUTH OK
[14:11:11] ✅ 24929 → AUTH OK
[14:11:11] ✅ 1039751 → AUTH OK
[14:11:11] ✅ 1039768 → AUTH OK
[14:11:11] ✅ 4042 → AUTH OK
[14:11:11] ✅ 1016986 → AUTH OK
[14:11:11] ✅ 1034375 → AUTH OK
[14:11:11] ✅ 1063761 → AUTH OK
[14:11:11] ✅ 4306 → AUTH OK
[14:11:11] ✅ 1088790 → AUTH OK
[14:11:11] ✅ 1044095 → AUTH OK
[14:11:11] ✅ 28214 → AUTH OK
[14:11:11] ✅ 4217 → AUTH OK
[14:11:11] ✅ 24351 → AUTH OK
[14:11:11] ✅ 9373 → AUTH OK
[14:11:11] ✅ 1020288 → AUTH OK
[14:11:11] ✅ 1037520 → AUTH OK
[14:11:11] ✅ 1083399 → AUTH OK
[14:11:11] ✅ 1039424 → AUTH OK
[14:11:11] ✅ 1088803 → AUTH OK
[14:11:11] ✅ 496 → AUTH OK
[14:11:11] ✅ 52996 → AUTH OK
[14:11:11] ✅ 1067686 → AUTH OK
[14:11:11] ✅ 1037142 → AUTH OK
[14:11:12] ✅ 7752 → AUTH OK
[14:11:12] ✅ 1036961 → AUTH OK
[14:11:12] ✅ 31987 → AUTH OK
[14:11:12] ✅ 1015795 → AUTH OK
[14:11:12] ✅ 7222 → AUTH OK
[14:11:12] ✅ 26401 → AUTH OK
[14:11:12] ✅ 1053939 → AUTH OK
[14:11:12] ✅ 15527 → AUTH OK
[14:11:12] ✅ 509 → AUTH OK
[14:11:12] ✅ 16791 → AUTH OK
[14:11:12] ✅ 1063452 → AUTH OK
[14:11:12] ✅ 1020190 → AUTH OK
[14:11:12] ✅ 1041692 → AUTH OK
[14:11:12] ✅ 4332 → AUTH OK
[14:11:12] ✅ 44366 → AUTH OK
[14:11:12] ✅ 1003802 → AUTH OK
[14:11:12] ✅ 22305 → AUTH OK
[14:11:12] ✅ 1008409 → AUTH OK
[14:11:12] ✅ 6093 → AUTH OK
[14:11:12] ✅ 1003773 → AUTH OK
[14:11:12] ✅ 9420 → AUTH OK
[14:11:12] ✅ 1030422 → AUTH OK
[14:11:12] ✅ 30524 → AUTH OK
[14:11:12] ✅ 5041 → AUTH OK
[14:11:12] ✅ 1065451 → AUTH OK
[14:11:12] ✅ 25938 → AUTH OK
[14:11:12] ✅ 4902 → AUTH OK
[14:11:12] ✅ 1005991 → AUTH OK
[14:11:12] ✅ 26230 → AUTH OK
[14:11:12] ✅ 1041753 → AUTH OK
[14:11:12] ✅ 522 → AUTH OK
[14:11:12] ✅ 4739 → AUTH OK
[14:11:12] ✅ 1008335 → AUTH OK
[14:11:12] ✅ 32294 → AUTH OK
[14:11:12] ✅ 1039877 → AUTH OK
[14:11:12] ✅ 9411 → AUTH OK
[14:11:12] ✅ 1039842 → AUTH OK
[14:11:12] ✅ 26676 → AUTH OK
[14:11:12] ✅ 9413 → AUTH OK
[14:11:12] ✅ 62637 → AUTH OK
[14:11:12] ✅ 1040228 → AUTH OK
[14:11:12] ✅ 1021922 → AUTH OK
[14:11:12] ✅ 4107 → AUTH OK
[14:11:12] ✅ 9424 → AUTH OK
[14:11:12] ✅ 25011 → AUTH OK
[14:11:12] ✅ 9350 → AUTH OK
[14:11:12] ✅ 1012189 → AUTH OK
[14:11:12] ✅ 14166 → AUTH OK
[14:11:12] ✅ 25808 → AUTH OK
[14:11:12] ✅ 1005804 → AUTH OK
[14:11:12] ✅ 1040731 → AUTH OK
[14:11:12] ✅ 36879 → AUTH OK
[14:11:12] ✅ 1037345 → AUTH OK
[14:11:12] ✅ 1039272 → AUTH OK
[14:11:12] ✅ 1037532 → AUTH OK
[14:11:13] ✅ 9551 → AUTH OK
[14:11:13] ✅ 4036 → AUTH OK
[14:11:13] ✅ 1005797 → AUTH OK
[14:11:13] ✅ 1034324 → AUTH OK
[14:11:13] ✅ 9491 → AUTH OK
[14:11:13] ✅ 1041505 → AUTH OK
[14:11:13] ✅ 1008404 → AUTH OK
[14:11:13] ✅ 1042439 → AUTH OK
[14:11:13] ✅ 1071622 → AUTH OK
[14:11:13] ✅ 1031296 → AUTH OK
[14:11:13] ✅ 7350 → AUTH OK
[14:11:13] ✅ 4733 → AUTH OK
[14:11:13] ✅ 4272 → AUTH OK
[14:11:13] ✅ 9474 → AUTH OK
[14:11:13] ✅ 14669 → AUTH OK
[14:11:13] ✅ 1012081 → AUTH OK
[14:11:13] ✅ 1025740 → AUTH OK
[14:11:13] ✅ 1037506 → AUTH OK
[14:11:13] ✅ 18823 → AUTH OK
[14:11:13] ✅ 1027903 → AUTH OK
[14:11:13] ✅ 4045 → AUTH OK
[14:11:13] ✅ 4715 → AUTH OK
[14:11:13] ✅ 4725 → AUTH OK
[14:11:13] ✅ 5058 → AUTH OK
[14:11:13] ✅ 1037523 → AUTH OK
[14:11:13] ✅ 1014990 → AUTH OK
[14:11:13] ✅ 1064038 → AUTH OK
[14:11:13] ✅ 1015840 → AUTH OK
[14:11:13] ✅ 42945 → AUTH OK
[14:11:13] ✅ 9132 → AUTH OK
[14:11:13] ✅ 26640 → AUTH OK
[14:11:13] ✅ 1015442 → AUTH OK
[14:11:13] ✅ 1041496 → AUTH OK
[14:11:13] ✅ 1065987 → AUTH OK
[14:11:13] ✅ 1036772 → AUTH OK
[14:11:13] ✅ 1052503 → AUTH OK
[14:11:13] ✅ 4050 → AUTH OK
[14:11:13] ✅ 1041473 → AUTH OK
[14:11:13] ✅ 1037514 → AUTH OK
[14:11:13] ✅ 46485 → AUTH OK
[14:11:13] ✅ 7137 → AUTH OK
[14:11:13] ✅ 1016381 → AUTH OK
[14:11:13] ✅ 18460 → AUTH OK
[14:11:13] ✅ 51499 → AUTH OK
[14:11:13] ✅ 9136 → AUTH OK
[14:11:13] ✅ 1020453 → AUTH OK
[14:11:13] ✅ 27219 → AUTH OK
[14:11:13] ✅ 7679 → AUTH OK
[14:11:13] ✅ 7618 → AUTH OK
[14:11:14] ✅ 1020547 → AUTH OK
[14:11:14] ✅ 16522 → AUTH OK
[14:11:14] ✅ 5145 → AUTH OK
[14:11:14] ✅ 4051 → AUTH OK
[14:11:14] ✅ 1041242 → AUTH OK
[14:11:14] ✅ 1041458 → AUTH OK
[14:11:14] ✅ 1075745 → AUTH OK
[14:11:14] ✅ 1041393 → AUTH OK
[14:11:14] ✅ 1084553 → AUTH OK
[14:11:14] ✅ 1037531 → AUTH OK
[14:11:14] ✅ 1015286 → AUTH OK
[14:11:14] ✅ 3965 → AUTH OK
[14:11:14] ✅ 9384 → AUTH OK
[14:11:14] ✅ 1037510 → AUTH OK
[14:11:14] ✅ 1032461 → AUTH OK
[14:11:14] ✅ 9174 → AUTH OK
[14:11:14] ✅ 25571 → AUTH OK
[14:11:14] ✅ 1039840 → AUTH OK
[14:11:14] ✅ 55466 → AUTH OK
[14:11:14] ✅ 1032460 → AUTH OK
[14:11:14] ✅ 9194 → AUTH OK
[14:11:14] ✅ 25045 → AUTH OK
[14:11:14] ✅ 7232 → AUTH OK
[14:11:14] ✅ 30784 → AUTH OK
[14:11:14] ✅ 26281 → AUTH OK
[14:11:14] ✅ 1037491 → AUTH OK
[14:11:14] ✅ 1003767 → AUTH OK
[14:11:14] ✅ 1037503 → AUTH OK
[14:11:14] ✅ 9246 → AUTH OK
[14:11:14] ✅ 1037527 → AUTH OK
[14:11:14] ✅ 25181 → AUTH OK
[14:11:14] ✅ 55853 → AUTH OK
[14:11:14] ✅ 1029684 → AUTH OK
[14:11:14] ✅ 1007282 → AUTH OK
[14:11:14] ✅ 1041239 → AUTH OK
[14:11:14] ✅ 18164 → AUTH OK
[14:11:14] ✅ 1016383 → AUTH OK
[14:11:14] ✅ 19513 → AUTH OK
[14:11:14] ✅ 1015975 → AUTH OK
[14:11:14] ✅ 5182 → AUTH OK
[14:11:14] ✅ 62250 → AUTH OK
[14:11:14] ✅ 9285 → AUTH OK
[14:11:14] ✅ 3896 → AUTH OK
[14:11:14] ✅ 1035744 → AUTH OK
[14:11:14] ✅ 1088811 → AUTH OK
[14:11:14] ✅ 1037517 → AUTH OK
[14:11:14] ✅ 1037516 → AUTH OK
[14:11:14] ✅ 1032901 → AUTH OK
[14:11:14] ✅ 1042605 → AUTH OK
[14:11:14] ✅ 1040181 → AUTH OK
[14:11:14] ✅ 1037521 → AUTH OK
[14:11:14] ✅ 5220 → AUTH OK
[14:11:14] ✅ 1041804 → AUTH OK
[14:11:14] ✅ 1012280 → AUTH OK
[14:11:14] ✅ 7293 → AUTH OK
[14:11:15] ✅ 5150 → AUTH OK
[14:11:15] ✅ 1020338 → AUTH OK
[14:11:15] ✅ 4889 → AUTH OK
[14:11:15] ✅ 16523 → AUTH OK
[14:11:15] ✅ 1041199 → AUTH OK
[14:11:15] ✅ 1047917 → AUTH OK
[14:11:15] ✅ 14354 → AUTH OK
[14:11:15] ✅ 1056892 → AUTH OK
[14:11:15] ✅ 1061843 → AUTH OK
[14:11:15] ✅ 4919 → AUTH OK
[14:11:15] ✅ 4780 → AUTH OK
[14:11:15] ✅ 1084822 → AUTH OK
[14:11:15] ✅ 1036383 → AUTH OK
[14:11:15] ✅ 1050804 → AUTH OK
[14:11:15] ✅ 1052727 → AUTH OK
[14:11:15] ✅ 6119 → AUTH OK
[14:11:15] ✅ 9784 → AUTH OK
[14:11:15] ✅ 9661 → AUTH OK
[14:11:15] ✅ 1041683 → AUTH OK
[14:11:15] ✅ 4910 → AUTH OK
[14:11:15] ✅ 17483 → AUTH OK
[14:11:15] ✅ 7537 → AUTH OK
[14:11:15] ✅ 1033177 → AUTH OK
[14:11:15] ✅ 29954 → AUTH OK
[14:11:15] ✅ 28235 → AUTH OK
[14:11:15] ✅ 1018468 → AUTH OK
[14:11:15] ✅ 1041732 → AUTH OK
[14:11:15] ✅ 25281 → AUTH OK
[14:11:15] ✅ 1006037 → AUTH OK
[14:11:15] ✅ 7826 → AUTH OK
[14:11:15] ✅ 27725 → AUTH OK
[14:11:15] ✅ 4852 → AUTH OK
[14:11:15] ✅ 1030383 → AUTH OK
[14:11:15] ✅ 3145 → AUTH OK
[14:11:15] ✅ 1041726 → AUTH OK
[14:11:15] ✅ 1013210 → AUTH OK
[14:11:15] ✅ 1041465 → AUTH OK
[14:11:15] ✅ 9150 → AUTH OK
[14:11:15] ✅ 1074202 → AUTH OK
[14:11:15] ✅ 1055922 → AUTH OK
[14:11:15] ✅ 4163 → AUTH OK
[14:11:15] ✅ 7814 → AUTH OK
[14:11:15] ✅ 19110 → AUTH OK
[14:11:15] ✅ 7753 → AUTH OK
[14:11:15] ✅ 58822 → AUTH OK
[14:11:15] ✅ 7312 → AUTH OK
[14:11:15] ✅ 28863 → AUTH OK
[14:11:15] ✅ 9044 → AUTH OK
[14:11:15] ✅ 1028118 → AUTH OK
[14:11:15] ✅ 7856 → AUTH OK
[14:11:15] ✅ 4340 → AUTH OK
[14:11:15] ✅ 1019687 → AUTH OK
[14:11:15] ✅ 4904 → AUTH OK
[14:11:15] ✅ 1050768 → AUTH OK
[14:11:16] ✅ 4255 → AUTH OK
[14:11:16] ✅ 4379 → AUTH OK
[14:11:16] ✅ 27432 → AUTH OK
[14:11:16] ✅ 1088778 → AUTH OK
[14:11:16] ✅ 7260 → AUTH OK
[14:11:16] ✅ 6096 → AUTH OK
[14:11:16] ✅ 5080 → AUTH OK
[14:11:16] ✅ 9131 → AUTH OK
[14:11:16] ✅ 4425 → AUTH OK
[14:11:16] ✅ 1398 → AUTH OK
[14:11:16] ✅ 1042822 → AUTH OK
[14:11:16] ✅ 1026095 → AUTH OK
[14:11:16] ✅ 1041566 → AUTH OK
[14:11:16] ✅ 5105 → AUTH OK
[14:11:16] ✅ 7627 → AUTH OK
[14:11:16] ✅ 1041211 → AUTH OK
[14:11:16] ✅ 30441 → AUTH OK
[14:11:16] ✅ 19289 → AUTH OK
[14:11:16] ✅ 1041495 → AUTH OK
[14:11:16] ✅ 6079 → AUTH OK
[14:11:16] ✅ 1031639 → AUTH OK
[14:11:16] ✅ 1020350 → AUTH OK
[14:11:16] ✅ 1039748 → AUTH OK
[14:11:16] ✅ 1033524 → AUTH OK
[14:11:16] ✅ 1014297 → AUTH OK
[14:11:16] ✅ 19294 → AUTH OK
[14:11:16] ✅ 9176 → AUTH OK
[14:11:16] ✅ 1009967 → AUTH OK
[14:11:16] ✅ 1054202 → AUTH OK
[14:11:16] ✅ 1031640 → AUTH OK
[14:11:16] ✅ 26729 → AUTH OK
[14:11:16] ✅ 10268 → AUTH OK
[14:11:16] ✅ 24522 → AUTH OK
[14:11:16] ✅ 29510 → AUTH OK
[14:11:16] ✅ 7308 → AUTH OK
[14:11:16] ✅ 43960 → AUTH OK
[14:11:16] ✅ 1013662 → AUTH OK
[14:11:16] ✅ 9780 → AUTH OK
[14:11:16] ✅ 1055117 → AUTH OK
[14:11:16] ✅ 54684 → AUTH OK
[14:11:16] ✅ 32811 → AUTH OK
[14:11:16] ✅ 33645 → AUTH OK
[14:11:16] ✅ 984 → AUTH OK
[14:11:16] ✅ 9497 → AUTH OK
[14:11:16] ✅ 1066216 → AUTH OK
[14:11:16] ✅ 12947 → AUTH OK
[14:11:16] ✅ 1039923 → AUTH OK
[14:11:16] ✅ 1041684 → AUTH OK
[14:11:16] ✅ 1041729 → AUTH OK
[14:11:16] ✅ 482 → AUTH OK
[14:11:16] ✅ 1041782 → AUTH OK
[14:11:16] ✅ 1041691 → AUTH OK
[14:11:16] ✅ 1018796 → AUTH OK
[14:11:17] ✅ 4714 → AUTH OK
[14:11:17] ✅ 1030384 → AUTH OK
[14:11:17] ✅ 22884 → AUTH OK
[14:11:17] ✅ 9527 → AUTH OK
[14:11:17] ✅ 9291 → AUTH OK
[14:11:17] ✅ 1008441 → AUTH OK
[14:11:17] ✅ 9653 → AUTH OK
[14:11:17] ✅ 1056146 → AUTH OK
[14:11:17] ✅ 1089364 → AUTH OK
[14:11:17] ✅ 4881 → AUTH OK
[14:11:17] ✅ 15614 → AUTH OK
[14:11:17] ✅ 476 → AUTH OK
[14:11:17] ✅ 1065452 → AUTH OK
[14:11:17] ✅ 5103 → AUTH OK
[14:11:17] ✅ 24767 → AUTH OK
[14:11:17] ✅ 1078620 → AUTH OK
[14:11:17] ✅ 1039863 → AUTH OK
[14:11:17] ✅ 1049289 → AUTH OK
[14:11:17] ✅ 1075662 → AUTH OK
[14:11:17] ✅ 6035 → AUTH OK
[14:11:17] ✅ 14703 → AUTH OK
[14:11:17] ✅ 1019544 → AUTH OK
[14:11:17] ✅ 3976 → AUTH OK
[14:11:17] ✅ 52682 → AUTH OK
[14:11:17] ✅ 1054735 → AUTH OK
[14:11:17] ✅ 1049288 → AUTH OK
[14:11:17] ✅ 1054736 → AUTH OK
[14:11:17] ✅ 1004633 → AUTH OK
[14:11:17] ✅ 1035939 → AUTH OK
[14:11:17] ✅ 1092992 → AUTH OK
[14:11:17] ✅ 1041567 → AUTH OK
[14:11:17] ✅ 25008 → AUTH OK
[14:11:17] ✅ 62907 → AUTH OK
[14:11:17] ✅ 26294 → AUTH OK
[14:11:17] ✅ 5061 → AUTH OK
[14:11:17] ✅ 3906 → AUTH OK
[14:11:17] ✅ 1027244 → AUTH OK
[14:11:17] ✅ 1054730 → AUTH OK
[14:11:17] ✅ 1042215 → AUTH OK
[14:11:17] ✅ 1024041 → AUTH OK
[14:11:17] ✅ 31792 → AUTH OK
[14:11:17] ✅ 6121 → AUTH OK
[14:11:17] ✅ 38446 → AUTH OK
[14:11:17] ✅ 1056839 → AUTH OK
[14:11:17] ✅ 1009010 → AUTH OK
[14:11:17] ✅ 1009117 → AUTH OK
[14:11:17] ✅ 1032344 → AUTH OK
[14:11:17] ✅ 1059680 → AUTH OK
[14:11:17] ✅ 4976 → AUTH OK
[14:11:17] ✅ 49852 → AUTH OK
[14:11:17] ✅ 4124 → AUTH OK
[14:11:17] ✅ 1056846 → AUTH OK
[14:11:17] ✅ 24880 → AUTH OK
[14:11:17] ✅ 1021629 → AUTH OK
[14:11:17] ✅ 1020755 → AUTH OK
[14:11:17] ✅ 1036955 → AUTH OK
[14:11:17] ✅ 1025576 → AUTH OK
[14:11:18] ✅ 1088219 → AUTH OK
[14:11:18] ✅ 39874 → AUTH OK
[14:11:18] ✅ 1068242 → AUTH OK
[14:11:18] ✅ 9169 → AUTH OK
[14:11:18] ✅ 9041 → AUTH OK
[14:11:18] ✅ 15526 → AUTH OK
[14:11:18] ✅ 9100 → AUTH OK
[14:11:18] ✅ 9504 → AUTH OK
[14:11:18] ✅ 9368 → AUTH OK
[14:11:18] ✅ 10255 → AUTH OK
[14:11:18] ✅ 4890 → AUTH OK
[14:11:18] ✅ 1054742 → AUTH OK
[14:11:18] ✅ 4038 → AUTH OK
[14:11:18] ✅ 24246 → AUTH OK
[14:11:18] ✅ 1004635 → AUTH OK
[14:11:18] ✅ 31788 → AUTH OK
[14:11:18] ✅ 1053536 → AUTH OK
[14:11:18] ✅ 7504 → AUTH OK
[14:11:18] ✅ 1036114 → AUTH OK
[14:11:18] ✅ 1082851 → AUTH OK
[14:11:18] ✅ 56144 → AUTH OK
[14:11:18] ✅ 1012136 → AUTH OK
[14:11:18] ✅ 10270 → AUTH OK
[14:11:18] ✅ 1013355 → AUTH OK
[14:11:18] ✅ 24981 → AUTH OK
[14:11:18] ✅ 1028879 → AUTH OK
[14:11:18] ✅ 1053155 → AUTH OK
[14:11:18] ✅ 7511 → AUTH OK
[14:11:18] ✅ 1003803 → AUTH OK
[14:11:18] ✅ 4174 → AUTH OK
[14:11:18] ✅ 1011192 → AUTH OK
[14:11:18] ✅ 1004634 → AUTH OK
[14:11:18] ✅ Fetched 424 venues with shows
[14:11:18] ✅ DONE | Shows=2888 | Movies=44
[19:55:32] 📍 Loaded 754 district venues
[19:55:32] 🚀 DISTRICT SCRAPER STARTED
[19:55:33] ✅ 1102103 → AUTH OK
[19:55:33] ✅ 1086677 → AUTH OK
[19:55:33] ✅ 1102175 → AUTH OK
[19:55:33] ✅ 1583 → AUTH OK
[19:55:33] ✅ 1067161 → AUTH OK
[19:55:33] ✅ 1096456 → AUTH OK
[19:55:33] ✅ 20856 → AUTH OK
[19:55:33] ✅ 61879 → AUTH OK
[19:55:33] ✅ 1068240 → AUTH OK
[19:55:33] ✅ 1101584 → AUTH OK
[19:55:33] ✅ 1020401 → AUTH OK
[19:55:33] ✅ 1102096 → AUTH OK
[19:55:33] ✅ 1068270 → AUTH OK
[19:55:33] ✅ 1101483 → AUTH OK
[19:55:33] ✅ 1102289 → AUTH OK
[19:55:33] ✅ 1102233 → AUTH OK
[19:55:33] ✅ 1102100 → AUTH OK
[19:55:33] ✅ 1102183 → AUTH OK
[19:55:33] ✅ 1102119 → AUTH OK
[19:55:33] ✅ 1100725 → AUTH OK
[19:55:33] ✅ 1102097 → AUTH OK
[19:55:33] ✅ 1102127 → AUTH OK
[19:55:33] ✅ 4430 → AUTH OK
[19:55:33] ✅ 1082714 → AUTH OK
[19:55:33] ✅ 1044502 → AUTH OK
[19:55:33] ✅ 51512 → AUTH OK
[19:55:33] ✅ 1102304 → AUTH OK
[19:55:33] ✅ 9508 → AUTH OK
[19:55:33] ✅ 539 → AUTH OK
[19:55:33] ✅ 1096475 → AUTH OK
[19:55:33] ✅ 1102076 → AUTH OK
[19:55:33] ✅ 1102098 → AUTH OK
[19:55:33] ✅ 1096734 → AUTH OK
[19:55:33] ✅ 1101355 → AUTH OK
[19:55:33] ✅ 1101397 → AUTH OK
[19:55:33] ✅ 1095290 → AUTH OK
[19:55:33] ✅ 1096524 → AUTH OK
[19:55:33] ✅ 1102280 → AUTH OK
[19:55:33] ✅ 7854 → AUTH OK
[19:55:33] ✅ 1096482 → AUTH OK
[19:55:33] ✅ 1102311 → AUTH OK
[19:55:33] ✅ 1101450 → AUTH OK
[19:55:33] ✅ 1102094 → AUTH OK
[19:55:33] ✅ 1102215 → AUTH OK
[19:55:33] ✅ 1102272 → AUTH OK
[19:55:33] ✅ 1094756 → AUTH OK
[19:55:33] ✅ 1102244 → AUTH OK
[19:55:33] ✅ 1102173 → AUTH OK
[19:55:33] ✅ 1101471 → AUTH OK
[19:55:34] ✅ 1011906 → AUTH OK
[19:55:34] ✅ 9736 → AUTH OK
[19:55:34] ✅ 1102176 → AUTH OK
[19:55:34] ✅ 1102095 → AUTH OK
[19:55:34] ✅ 1101451 → AUTH OK
[19:55:34] ✅ 1102270 → AUTH OK
[19:55:34] ✅ 1102090 → AUTH OK
[19:55:34] ✅ 1102164 → AUTH OK
[19:55:34] ✅ 1102248 → AUTH OK
[19:55:34] ✅ 1102181 → AUTH OK
[19:55:34] ✅ 1102242 → AUTH OK
[19:55:34] ✅ 1102182 → AUTH OK
[19:55:34] ✅ 7257 → AUTH OK
[19:55:34] ✅ 4222 → AUTH OK
[19:55:34] ✅ 1102256 → AUTH OK
[19:55:34] ✅ 1102082 → AUTH OK
[19:55:34] ✅ 1101521 → AUTH OK
[19:55:34] ✅ 1102165 → AUTH OK
[19:55:34] ✅ 1102073 → AUTH OK
[19:55:34] ✅ 1102084 → AUTH OK
[19:55:34] ✅ 1102277 → AUTH OK
[19:55:34] ✅ 1102186 → AUTH OK
[19:55:34] ✅ 1101568 → AUTH OK
[19:55:34] ✅ 1038431 → AUTH OK
[19:55:34] ✅ 1102253 → AUTH OK
[19:55:34] ✅ 1102265 → AUTH OK
[19:55:34] ✅ 1102047 → AUTH OK
[19:55:34] ✅ 1102080 → AUTH OK
[19:55:34] ✅ 1101590 → AUTH OK
[19:55:34] ✅ 1102213 → AUTH OK
[19:55:34] ✅ 1102174 → AUTH OK
[19:55:34] ✅ 1102247 → AUTH OK
[19:55:34] ✅ 1102269 → AUTH OK
[19:55:34] ✅ 1102291 → AUTH OK
[19:55:34] ✅ 1102273 → AUTH OK
[19:55:34] ✅ 1102166 → AUTH OK
[19:55:34] ✅ 1102241 → AUTH OK
[19:55:34] ✅ 1102184 → AUTH OK
[19:55:34] ✅ 1041690 → AUTH OK
[19:55:34] ✅ 28486 → AUTH OK
[19:55:34] ✅ 1102129 → AUTH OK
[19:55:34] ✅ 1056145 → AUTH OK
[19:55:34] ✅ 1102261 → AUTH OK
[19:55:34] ✅ 1060495 → AUTH OK
[19:55:34] ✅ 1102132 → AUTH OK
[19:55:34] ✅ 1101387 → AUTH OK
[19:55:34] ✅ 1102285 → AUTH OK
[19:55:34] ✅ 1102071 → AUTH OK
[19:55:34] ✅ 1102055 → AUTH OK
[19:55:34] ✅ 1031364 → AUTH OK
[19:55:34] ✅ 1101388 → AUTH OK
[19:55:34] ✅ 1102123 → AUTH OK
[19:55:34] ✅ 1031589 → AUTH OK
[19:55:34] ✅ 1691 → AUTH OK
[19:55:34] ✅ 1102137 → AUTH OK
[19:55:34] ✅ 1101423 → AUTH OK
[19:55:35] ✅ 1102106 → AUTH OK
[19:55:35] ✅ 1102299 → AUTH OK
[19:55:35] ✅ 1053154 → AUTH OK
[19:55:35] ✅ 1101368 → AUTH OK
[19:55:35] ✅ 1102125 → AUTH OK
[19:55:35] ✅ 1102068 → AUTH OK
[19:55:35] ✅ 1078022 → AUTH OK
[19:55:35] ✅ 1042102 → AUTH OK
[19:55:35] ✅ 1102120 → AUTH OK
[19:55:35] ✅ 1039880 → AUTH OK
[19:55:35] ✅ 1101217 → AUTH OK
[19:55:35] ✅ 1102147 → AUTH OK
[19:55:35] ✅ 1078001 → AUTH OK
[19:55:35] ✅ 1102258 → AUTH OK
[19:55:35] ✅ 1102284 → AUTH OK
[19:55:35] ✅ 1101219 → AUTH OK
[19:55:35] ✅ 1102168 → AUTH OK
[19:55:35] ✅ 1080585 → AUTH OK
[19:55:35] ✅ 1100831 → AUTH OK
[19:55:35] ✅ 4132 → AUTH OK
[19:55:35] ✅ 1102067 → AUTH OK
[19:55:35] ✅ 1102134 → AUTH OK
[19:55:35] ✅ 1102069 → AUTH OK
[19:55:35] ✅ 5172 → AUTH OK
[19:55:35] ✅ 1041689 → AUTH OK
[19:55:35] ✅ 1037501 → AUTH OK
[19:55:35] ✅ 20834 → AUTH OK
[19:55:35] ✅ 1101452 → AUTH OK
[19:55:35] ✅ 43628 → AUTH OK
[19:55:35] ✅ 1102236 → AUTH OK
[19:55:35] ✅ 4911 → AUTH OK
[19:55:35] ✅ 1102124 → AUTH OK
[19:55:35] ✅ 1102281 → AUTH OK
[19:55:35] ✅ 1102078 → AUTH OK
[19:55:35] ✅ 14699 → AUTH OK
[19:55:35] ✅ 1102276 → AUTH OK
[19:55:35] ✅ 1102294 → AUTH OK
[19:55:35] ✅ 1094757 → AUTH OK
[19:55:35] ✅ 1102104 → AUTH OK
[19:55:35] ✅ 1102275 → AUTH OK
[19:55:35] ✅ 1011900 → AUTH OK
[19:55:35] ✅ 5100 → AUTH OK
[19:55:35] ✅ 1020826 → AUTH OK
[19:55:35] ✅ 1095009 → AUTH OK
[19:55:35] ✅ 14697 → AUTH OK
[19:55:35] ✅ 1102135 → AUTH OK
[19:55:35] ✅ 1027478 → AUTH OK
[19:55:35] ✅ 1101222 → AUTH OK
[19:55:35] ✅ 27047 → AUTH OK
[19:55:35] ✅ 1052124 → AUTH OK
[19:55:35] ✅ 1054725 → AUTH OK
[19:55:35] ✅ 1014604 → AUTH OK
[19:55:35] ✅ 1102228 → AUTH OK
[19:55:35] ✅ 1092639 → AUTH OK
[19:55:35] ✅ 1101523 → AUTH OK
[19:55:35] ✅ 1092638 → AUTH OK
[19:55:35] ✅ 1088548 → AUTH OK
[19:55:35] ✅ 27908 → AUTH OK
[19:55:35] ✅ 1102239 → AUTH OK
[19:55:36] ✅ 1054741 → AUTH OK
[19:55:36] ✅ 4175 → AUTH OK
[19:55:36] ✅ 1102227 → AUTH OK
[19:55:36] ✅ 1102075 → AUTH OK
[19:55:36] ✅ 13772 → AUTH OK
[19:55:36] ✅ 16605 → AUTH OK
[19:55:36] ✅ 1102099 → AUTH OK
[19:55:36] ✅ 1101449 → AUTH OK
[19:55:36] ✅ 1031592 → AUTH OK
[19:55:36] ✅ 1102107 → AUTH OK
[19:55:36] ✅ 1102108 → AUTH OK
[19:55:36] ✅ 7686 → AUTH OK
[19:55:36] ✅ 1060262 → AUTH OK
[19:55:36] ✅ 4918 → AUTH OK
[19:55:36] ✅ 1102126 → AUTH OK
[19:55:36] ✅ 1102133 → AUTH OK
[19:55:36] ✅ 1037507 → AUTH OK
[19:55:36] ✅ 1102122 → AUTH OK
[19:55:36] ✅ 1094680 → AUTH OK
[19:55:36] ✅ 6081 → AUTH OK
[19:55:36] ✅ 1042632 → AUTH OK
[19:55:36] ✅ 29761 → AUTH OK
[19:55:36] ✅ 1042465 → AUTH OK
[19:55:36] ✅ 4184 → AUTH OK
[19:55:36] ✅ 1101384 → AUTH OK
[19:55:36] ✅ 3943 → AUTH OK
[19:55:36] ✅ 1088547 → AUTH OK
[19:55:36] ✅ 1037033 → AUTH OK
[19:55:36] ✅ 1102116 → AUTH OK
[19:55:36] ✅ 1078025 → AUTH OK
[19:55:36] ✅ 1041688 → AUTH OK
[19:55:36] ✅ 1039949 → AUTH OK
[19:55:36] ✅ 1037496 → AUTH OK
[19:55:36] ✅ 1044503 → AUTH OK
[19:55:36] ✅ 11272 → AUTH OK
[19:55:36] ✅ 1102121 → AUTH OK
[19:55:36] ✅ 50915 → AUTH OK
[19:55:36] ✅ 11264 → AUTH OK
[19:55:36] ✅ 1030389 → AUTH OK
[19:55:36] ✅ 29998 → AUTH OK
[19:55:36] ✅ 1051040 → AUTH OK
[19:55:36] ✅ 1040891 → AUTH OK
[19:55:36] ✅ 1049243 → AUTH OK
[19:55:36] ✅ 1008705 → AUTH OK
[19:55:36] ✅ 1074151 → AUTH OK
[19:55:36] ✅ 7714 → AUTH OK
[19:55:36] ✅ 1065383 → AUTH OK
[19:55:36] ✅ 1093265 → AUTH OK
[19:55:36] ✅ 1039878 → AUTH OK
[19:55:36] ✅ 1094334 → AUTH OK
[19:55:36] ✅ 1024804 → AUTH OK
[19:55:37] ✅ 1037228 → AUTH OK
[19:55:37] ✅ 1031638 → AUTH OK
[19:55:37] ✅ 1039847 → AUTH OK
[19:55:37] ✅ 1041672 → AUTH OK
[19:55:37] ✅ 1039846 → AUTH OK
[19:55:37] ✅ 1031636 → AUTH OK
[19:55:37] ✅ 1039860 → AUTH OK
[19:55:37] ✅ 1047659 → AUTH OK
[19:55:37] ✅ 1076602 → AUTH OK
[19:55:37] ✅ 1041687 → AUTH OK
[19:55:37] ✅ 28206 → AUTH OK
[19:55:37] ✅ 1009194 → AUTH OK
[19:55:37] ✅ 1096733 → AUTH OK
[19:55:37] ✅ 1024343 → AUTH OK
[19:55:37] ✅ 1039875 → AUTH OK
[19:55:37] ✅ 2855 → AUTH OK
[19:55:37] ✅ 25805 → AUTH OK
[19:55:37] ✅ 4106 → AUTH OK
[19:55:37] ✅ 1039864 → AUTH OK
[19:55:37] ✅ 9292 → AUTH OK
[19:55:37] ✅ 1001773 → AUTH OK
[19:55:37] ✅ 1039850 → AUTH OK
[19:55:37] ✅ 1036959 → AUTH OK
[19:55:37] ✅ 1089130 → AUTH OK
[19:55:37] ✅ 7258 → AUTH OK
[19:55:37] ✅ 1041685 → AUTH OK
[19:55:37] ✅ 1039865 → AUTH OK
[19:55:37] ✅ 1039862 → AUTH OK
[19:55:37] ✅ 1088822 → AUTH OK
[19:55:37] ✅ 1040466 → AUTH OK
[19:55:37] ✅ 1097120 → AUTH OK
[19:55:37] ✅ 1018795 → AUTH OK
[19:55:37] ✅ 27151 → AUTH OK
[19:55:37] ✅ 9242 → AUTH OK
[19:55:37] ✅ 9365 → AUTH OK
[19:55:37] ✅ 4097 → AUTH OK
[19:55:37] ✅ 36376 → AUTH OK
[19:55:37] ✅ 1039849 → AUTH OK
[19:55:37] ✅ 25803 → AUTH OK
[19:55:37] ✅ 1098929 → AUTH OK
[19:55:37] ✅ 44361 → AUTH OK
[19:55:37] ✅ 7543 → AUTH OK
[19:55:37] ✅ 1046654 → AUTH OK
[19:55:37] ✅ 1041244 → AUTH OK
[19:55:37] ✅ 1039851 → AUTH OK
[19:55:37] ✅ 4693 → AUTH OK
[19:55:37] ✅ 1041449 → AUTH OK
[19:55:37] ✅ 13958 → AUTH OK
[19:55:37] ✅ 7813 → AUTH OK
[19:55:37] ✅ 7301 → AUTH OK
[19:55:37] ✅ 1056572 → AUTH OK
[19:55:37] ✅ 14120 → AUTH OK
[19:55:37] ✅ 1039848 → AUTH OK
[19:55:37] ✅ 7841 → AUTH OK
[19:55:37] ✅ 56048 → AUTH OK
[19:55:37] ✅ 1016089 → AUTH OK
[19:55:37] ✅ 4189 → AUTH OK
[19:55:37] ✅ 1080239 → AUTH OK
[19:55:37] ✅ 1041394 → AUTH OK
[19:55:38] ✅ 28968 → AUTH OK
[19:55:38] ✅ 27373 → AUTH OK
[19:55:38] ✅ 55733 → AUTH OK
[19:55:38] ✅ 4171 → AUTH OK
[19:55:38] ✅ 1018799 → AUTH OK
[19:55:38] ✅ 1022965 → AUTH OK
[19:55:38] ✅ 1075746 → AUTH OK
[19:55:38] ✅ 1037518 → AUTH OK
[19:55:38] ✅ 60083 → AUTH OK
[19:55:38] ✅ 60085 → AUTH OK
[19:55:38] ✅ 4178 → AUTH OK
[19:55:38] ✅ 1053400 → AUTH OK
[19:55:38] ✅ 1030438 → AUTH OK
[19:55:38] ✅ 24521 → AUTH OK
[19:55:38] ✅ 1037525 → AUTH OK
[19:55:38] ✅ 1008456 → AUTH OK
[19:55:38] ✅ 17069 → AUTH OK
[19:55:38] ✅ 1041743 → AUTH OK
[19:55:38] ✅ 1008418 → AUTH OK
[19:55:38] ✅ 9920 → AUTH OK
[19:55:38] ✅ 9487 → AUTH OK
[19:55:38] ✅ 1018652 → AUTH OK
[19:55:38] ✅ 1016053 → AUTH OK
[19:55:38] ✅ 1041728 → AUTH OK
[19:55:38] ✅ 25804 → AUTH OK
[19:55:38] ✅ 4380 → AUTH OK
[19:55:38] ✅ 1037961 → AUTH OK
[19:55:38] ✅ 10940 → AUTH OK
[19:55:38] ✅ 1016133 → AUTH OK
[19:55:38] ✅ 1050791 → AUTH OK
[19:55:38] ✅ 1053618 → AUTH OK
[19:55:38] ✅ 1049666 → AUTH OK
[19:55:38] ✅ 55272 → AUTH OK
[19:55:38] ✅ 1030504 → AUTH OK
[19:55:38] ✅ 1042615 → AUTH OK
[19:55:38] ✅ 1016088 → AUTH OK
[19:55:38] ✅ 1042635 → AUTH OK
[19:55:38] ✅ 1036962 → AUTH OK
[19:55:38] ✅ 1011174 → AUTH OK
[19:55:38] ✅ 5059 → AUTH OK
[19:55:38] ✅ 1042640 → AUTH OK
[19:55:38] ✅ 4891 → AUTH OK
[19:55:38] ✅ 1007054 → AUTH OK
[19:55:38] ✅ 1037511 → AUTH OK
[19:55:38] ✅ 1042453 → AUTH OK
[19:55:38] ✅ 4248 → AUTH OK
[19:55:38] ✅ 3960 → AUTH OK
[19:55:38] ✅ 4232 → AUTH OK
[19:55:38] ✅ 28925 → AUTH OK
[19:55:38] ✅ 3910 → AUTH OK
[19:55:38] ✅ 1041504 → AUTH OK
[19:55:38] ✅ 1037502 → AUTH OK
[19:55:38] ✅ 14702 → AUTH OK
[19:55:38] ✅ 19528 → AUTH OK
[19:55:38] ✅ 1012595 → AUTH OK
[19:55:38] ✅ 1037526 → AUTH OK
[19:55:38] ✅ 22684 → AUTH OK
[19:55:38] ✅ 3981 → AUTH OK
[19:55:38] ✅ 14694 → AUTH OK
[19:55:38] ✅ 7881 → AUTH OK
[19:55:38] ✅ 6044 → AUTH OK
[19:55:39] ✅ 4028 → AUTH OK
[19:55:39] ✅ 32194 → AUTH OK
[19:55:39] ✅ 4008 → AUTH OK
[19:55:39] ✅ 4067 → AUTH OK
[19:55:39] ✅ 7534 → AUTH OK
[19:55:39] ✅ 58633 → AUTH OK
[19:55:39] ✅ 25860 → AUTH OK
[19:55:39] ✅ 43348 → AUTH OK
[19:55:39] ✅ 6057 → AUTH OK
[19:55:39] ✅ 10250 → AUTH OK
[19:55:39] ✅ 9135 → AUTH OK
[19:55:39] ✅ 1019166 → AUTH OK
[19:55:39] ✅ 1092958 → AUTH OK
[19:55:39] ✅ 1050645 → AUTH OK
[19:55:39] ✅ 1067946 → AUTH OK
[19:55:39] ✅ 1018798 → AUTH OK
[19:55:39] ✅ 1037530 → AUTH OK
[19:55:39] ✅ 1005799 → AUTH OK
[19:55:39] ✅ 1020333 → AUTH OK
[19:55:39] ✅ 1089067 → AUTH OK
[19:55:39] ✅ 1034375 → AUTH OK
[19:55:39] ✅ 1025291 → AUTH OK
[19:55:39] ✅ 1041725 → AUTH OK
[19:55:39] ✅ 1015289 → AUTH OK
[19:55:39] ✅ 1034383 → AUTH OK
[19:55:39] ✅ 1058533 → AUTH OK
[19:55:39] ✅ 4608 → AUTH OK
[19:55:39] ✅ 1023626 → AUTH OK
[19:55:39] ✅ 27150 → AUTH OK
[19:55:39] ✅ 1058794 → AUTH OK
[19:55:39] ✅ 1033632 → AUTH OK
[19:55:39] ✅ 1015291 → AUTH OK
[19:55:39] ✅ 1044095 → AUTH OK
[19:55:39] ✅ 1091219 → AUTH OK
[19:55:39] ✅ 1039768 → AUTH OK
[19:55:39] ✅ 27715 → AUTH OK
[19:55:39] ✅ 27716 → AUTH OK
[19:55:39] ✅ 1019593 → AUTH OK
[19:55:39] ✅ 1034254 → AUTH OK
[19:55:39] ✅ 1005798 → AUTH OK
[19:55:39] ✅ 1013208 → AUTH OK
[19:55:39] ✅ 1034186 → AUTH OK
[19:55:39] ✅ 1039751 → AUTH OK
[19:55:39] ✅ 24929 → AUTH OK
[19:55:39] ✅ 44966 → AUTH OK
[19:55:39] ✅ 4042 → AUTH OK
[19:55:39] ✅ 1016986 → AUTH OK
[19:55:39] ✅ 496 → AUTH OK
[19:55:39] ✅ 7747 → AUTH OK
[19:55:39] ✅ 1063761 → AUTH OK
[19:55:39] ✅ 4306 → AUTH OK
[19:55:39] ✅ 1088790 → AUTH OK
[19:55:39] ✅ 1020288 → AUTH OK
[19:55:39] ✅ 24351 → AUTH OK
[19:55:39] ✅ 1083399 → AUTH OK
[19:55:39] ✅ 1037520 → AUTH OK
[19:55:39] ✅ 9373 → AUTH OK
[19:55:39] ✅ 1088803 → AUTH OK
[19:55:39] ✅ 28214 → AUTH OK
[19:55:39] ✅ 1037142 → AUTH OK
[19:55:40] ✅ 4217 → AUTH OK
[19:55:40] ✅ 7752 → AUTH OK
[19:55:40] ✅ 1039424 → AUTH OK
[19:55:40] ✅ 1015795 → AUTH OK
[19:55:40] ✅ 1067686 → AUTH OK
[19:55:40] ✅ 15527 → AUTH OK
[19:55:40] ✅ 1053939 → AUTH OK
[19:55:40] ✅ 31987 → AUTH OK
[19:55:40] ✅ 52996 → AUTH OK
[19:55:40] ✅ 7222 → AUTH OK
[19:55:40] ✅ 26401 → AUTH OK
[19:55:40] ✅ 509 → AUTH OK
[19:55:40] ✅ 1036961 → AUTH OK
[19:55:40] ✅ 16791 → AUTH OK
[19:55:40] ✅ 1020190 → AUTH OK
[19:55:40] ✅ 4332 → AUTH OK
[19:55:40] ✅ 1041692 → AUTH OK
[19:55:40] ✅ 44366 → AUTH OK
[19:55:40] ✅ 1003802 → AUTH OK
[19:55:40] ✅ 22305 → AUTH OK
[19:55:40] ✅ 6093 → AUTH OK
[19:55:40] ✅ 5041 → AUTH OK
[19:55:40] ✅ 1030422 → AUTH OK
[19:55:40] ✅ 30524 → AUTH OK
[19:55:40] ✅ 9420 → AUTH OK
[19:55:40] ✅ 1003773 → AUTH OK
[19:55:40] ✅ 1008409 → AUTH OK
[19:55:40] ✅ 1065451 → AUTH OK
[19:55:40] ✅ 1005991 → AUTH OK
[19:55:40] ✅ 1063452 → AUTH OK
[19:55:40] ✅ 1041753 → AUTH OK
[19:55:40] ✅ 25938 → AUTH OK
[19:55:40] ✅ 1008335 → AUTH OK
[19:55:40] ✅ 522 → AUTH OK
[19:55:40] ✅ 26230 → AUTH OK
[19:55:40] ✅ 4902 → AUTH OK
[19:55:40] ✅ 4739 → AUTH OK
[19:55:40] ✅ 32294 → AUTH OK
[19:55:40] ✅ 1039842 → AUTH OK
[19:55:40] ✅ 26676 → AUTH OK
[19:55:40] ✅ 25011 → AUTH OK
[19:55:40] ✅ 4107 → AUTH OK
[19:55:40] ✅ 62637 → AUTH OK
[19:55:40] ✅ 1005804 → AUTH OK
[19:55:40] ✅ 1040228 → AUTH OK
[19:55:40] ✅ 9413 → AUTH OK
[19:55:40] ✅ 1021922 → AUTH OK
[19:55:40] ✅ 25808 → AUTH OK
[19:55:40] ✅ 1039877 → AUTH OK
[19:55:40] ✅ 9411 → AUTH OK
[19:55:40] ✅ 1037532 → AUTH OK
[19:55:40] ✅ 9350 → AUTH OK
[19:55:40] ✅ 1040731 → AUTH OK
[19:55:40] ✅ 1037345 → AUTH OK
[19:55:40] ✅ 9424 → AUTH OK
[19:55:40] ✅ 14166 → AUTH OK
[19:55:40] ✅ 1012189 → AUTH OK
[19:55:40] ✅ 1039272 → AUTH OK
[19:55:40] ✅ 1041505 → AUTH OK
[19:55:40] ✅ 4036 → AUTH OK
[19:55:40] ✅ 9491 → AUTH OK
[19:55:40] ✅ 36879 → AUTH OK
[19:55:40] ✅ 9474 → AUTH OK
[19:55:40] ✅ 1034324 → AUTH OK
[19:55:41] ✅ 1005797 → AUTH OK
[19:55:41] ✅ 9551 → AUTH OK
[19:55:41] ✅ 4733 → AUTH OK
[19:55:41] ✅ 1042439 → AUTH OK
[19:55:41] ✅ 1031296 → AUTH OK
[19:55:41] ✅ 7350 → AUTH OK
[19:55:41] ✅ 1037506 → AUTH OK
[19:55:41] ✅ 4272 → AUTH OK
[19:55:41] ✅ 1008404 → AUTH OK
[19:55:41] ✅ 1012081 → AUTH OK
[19:55:41] ✅ 4045 → AUTH OK
[19:55:41] ✅ 1071622 → AUTH OK
[19:55:41] ✅ 14669 → AUTH OK
[19:55:41] ✅ 18823 → AUTH OK
[19:55:41] ✅ 1027903 → AUTH OK
[19:55:41] ✅ 1037523 → AUTH OK
[19:55:41] ✅ 1025740 → AUTH OK
[19:55:41] ✅ 4725 → AUTH OK
[19:55:41] ✅ 4715 → AUTH OK
[19:55:41] ✅ 5058 → AUTH OK
[19:55:41] ✅ 1014990 → AUTH OK
[19:55:41] ✅ 9132 → AUTH OK
[19:55:41] ✅ 1065987 → AUTH OK
[19:55:41] ✅ 26640 → AUTH OK
[19:55:41] ✅ 1052503 → AUTH OK
[19:55:41] ✅ 1015840 → AUTH OK
[19:55:41] ✅ 1064038 → AUTH OK
[19:55:41] ✅ 42945 → AUTH OK
[19:55:41] ✅ 46485 → AUTH OK
[19:55:41] ✅ 1015442 → AUTH OK
[19:55:41] ✅ 4050 → AUTH OK
[19:55:41] ✅ 1041496 → AUTH OK
[19:55:41] ✅ 1041473 → AUTH OK
[19:55:41] ✅ 1037514 → AUTH OK
[19:55:41] ✅ 1036772 → AUTH OK
[19:55:41] ✅ 7137 → AUTH OK
[19:55:41] ✅ 51499 → AUTH OK
[19:55:41] ✅ 1016381 → AUTH OK
[19:55:41] ✅ 27219 → AUTH OK
[19:55:41] ✅ 7618 → AUTH OK
[19:55:41] ✅ 9136 → AUTH OK
[19:55:41] ✅ 1020453 → AUTH OK
[19:55:41] ✅ 7679 → AUTH OK
[19:55:41] ✅ 16522 → AUTH OK
[19:55:41] ✅ 18460 → AUTH OK
[19:55:41] ✅ 1037510 → AUTH OK
[19:55:41] ✅ 5145 → AUTH OK
[19:55:41] ✅ 4051 → AUTH OK
[19:55:41] ✅ 1041242 → AUTH OK
[19:55:41] ✅ 1041458 → AUTH OK
[19:55:41] ✅ 1020547 → AUTH OK
[19:55:41] ✅ 1015286 → AUTH OK
[19:55:41] ✅ 1084553 → AUTH OK
[19:55:41] ✅ 1075745 → AUTH OK
[19:55:41] ✅ 1041393 → AUTH OK
[19:55:41] ✅ 1037531 → AUTH OK
[19:55:41] ✅ 9384 → AUTH OK
[19:55:41] ✅ 1039840 → AUTH OK
[19:55:41] ✅ 1032461 → AUTH OK
[19:55:41] ✅ 1032460 → AUTH OK
[19:55:41] ✅ 3965 → AUTH OK
[19:55:41] ✅ 25571 → AUTH OK
[19:55:41] ✅ 9194 → AUTH OK
[19:55:41] ✅ 55466 → AUTH OK
[19:55:42] ✅ 7232 → AUTH OK
[19:55:42] ✅ 1037527 → AUTH OK
[19:55:42] ✅ 25045 → AUTH OK
[19:55:42] ✅ 26281 → AUTH OK
[19:55:42] ✅ 30784 → AUTH OK
[19:55:42] ✅ 9174 → AUTH OK
[19:55:42] ✅ 1016383 → AUTH OK
[19:55:42] ✅ 1037503 → AUTH OK
[19:55:42] ✅ 1037491 → AUTH OK
[19:55:42] ✅ 55853 → AUTH OK
[19:55:42] ✅ 1007282 → AUTH OK
[19:55:42] ✅ 1003767 → AUTH OK
[19:55:42] ✅ 1041239 → AUTH OK
[19:55:42] ✅ 9246 → AUTH OK
[19:55:42] ✅ 25181 → AUTH OK
[19:55:42] ✅ 1015975 → AUTH OK
[19:55:42] ✅ 19513 → AUTH OK
[19:55:42] ✅ 5182 → AUTH OK
[19:55:42] ✅ 1035744 → AUTH OK
[19:55:42] ✅ 18164 → AUTH OK
[19:55:42] ✅ 1088811 → AUTH OK
[19:55:42] ✅ 62250 → AUTH OK
[19:55:42] ✅ 1037521 → AUTH OK
[19:55:42] ✅ 3896 → AUTH OK
[19:55:42] ✅ 1037516 → AUTH OK
[19:55:42] ✅ 1037517 → AUTH OK
[19:55:42] ✅ 1029684 → AUTH OK
[19:55:42] ✅ 9285 → AUTH OK
[19:55:42] ✅ 1032901 → AUTH OK
[19:55:42] ✅ 5150 → AUTH OK
[19:55:42] ✅ 7293 → AUTH OK
[19:55:42] ✅ 1012280 → AUTH OK
[19:55:42] ✅ 1041804 → AUTH OK
[19:55:42] ✅ 1040181 → AUTH OK
[19:55:42] ✅ 5220 → AUTH OK
[19:55:42] ✅ 4889 → AUTH OK
[19:55:42] ✅ 1042605 → AUTH OK
[19:55:42] ✅ 16523 → AUTH OK
[19:55:42] ✅ 1047917 → AUTH OK
[19:55:42] ✅ 1061843 → AUTH OK
[19:55:42] ✅ 1041199 → AUTH OK
[19:55:42] ✅ 4780 → AUTH OK
[19:55:42] ✅ 1052727 → AUTH OK
[19:55:42] ✅ 4919 → AUTH OK
[19:55:42] ✅ 1036383 → AUTH OK
[19:55:42] ✅ 1041683 → AUTH OK
[19:55:42] ✅ 1056892 → AUTH OK
[19:55:42] ✅ 6119 → AUTH OK
[19:55:42] ✅ 1084822 → AUTH OK
[19:55:42] ✅ 4910 → AUTH OK
[19:55:42] ✅ 1033177 → AUTH OK
[19:55:42] ✅ 9661 → AUTH OK
[19:55:42] ✅ 14354 → AUTH OK
[19:55:42] ✅ 9784 → AUTH OK
[19:55:42] ✅ 1050804 → AUTH OK
[19:55:42] ✅ 17483 → AUTH OK
[19:55:42] ✅ 29954 → AUTH OK
[19:55:42] ✅ 7537 → AUTH OK
[19:55:42] ✅ 28235 → AUTH OK
[19:55:43] ✅ 1018468 → AUTH OK
[19:55:43] ✅ 25281 → AUTH OK
[19:55:43] ✅ 1006037 → AUTH OK
[19:55:43] ✅ 4852 → AUTH OK
[19:55:43] ✅ 1041726 → AUTH OK
[19:55:43] ✅ 7826 → AUTH OK
[19:55:43] ✅ 1030383 → AUTH OK
[19:55:43] ✅ 1041465 → AUTH OK
[19:55:43] ✅ 1041732 → AUTH OK
[19:55:43] ✅ 9150 → AUTH OK
[19:55:43] ✅ 27725 → AUTH OK
[19:55:43] ✅ 7814 → AUTH OK
[19:55:43] ✅ 3145 → AUTH OK
[19:55:43] ✅ 1055922 → AUTH OK
[19:55:43] ✅ 1013210 → AUTH OK
[19:55:43] ✅ 1074202 → AUTH OK
[19:55:43] ✅ 7753 → AUTH OK
[19:55:43] ✅ 1020338 → AUTH OK
[19:55:43] ✅ 58822 → AUTH OK
[19:55:43] ✅ 4163 → AUTH OK
[19:55:43] ✅ 1028118 → AUTH OK
[19:55:43] ✅ 28863 → AUTH OK
[19:55:43] ✅ 7312 → AUTH OK
[19:55:43] ✅ 4904 → AUTH OK
[19:55:43] ✅ 19110 → AUTH OK
[19:55:43] ✅ 9044 → AUTH OK
[19:55:43] ✅ 6096 → AUTH OK
[19:55:43] ✅ 7856 → AUTH OK
[19:55:43] ✅ 1050768 → AUTH OK
[19:55:43] ✅ 4255 → AUTH OK
[19:55:43] ✅ 4379 → AUTH OK
[19:55:43] ✅ 27432 → AUTH OK
[19:55:43] ✅ 1088778 → AUTH OK
[19:55:43] ✅ 5080 → AUTH OK
[19:55:43] ✅ 4340 → AUTH OK
[19:55:43] ✅ 7260 → AUTH OK
[19:55:43] ✅ 4425 → AUTH OK
[19:55:43] ✅ 1398 → AUTH OK
[19:55:43] ✅ 1020350 → AUTH OK
[19:55:43] ✅ 1026095 → AUTH OK
[19:55:43] ✅ 9131 → AUTH OK
[19:55:43] ✅ 1041566 → AUTH OK
[19:55:43] ✅ 1019687 → AUTH OK
[19:55:43] ✅ 30441 → AUTH OK
[19:55:43] ✅ 19289 → AUTH OK
[19:55:43] ✅ 1041211 → AUTH OK
[19:55:43] ✅ 1039748 → AUTH OK
[19:55:43] ✅ 7627 → AUTH OK
[19:55:43] ✅ 1041495 → AUTH OK
[19:55:43] ✅ 1014297 → AUTH OK
[19:55:43] ✅ 1042822 → AUTH OK
[19:55:43] ✅ 5105 → AUTH OK
[19:55:43] ✅ 1033524 → AUTH OK
[19:55:43] ✅ 6079 → AUTH OK
[19:55:43] ✅ 1054202 → AUTH OK
[19:55:43] ✅ 1031639 → AUTH OK
[19:55:43] ✅ 1009967 → AUTH OK
[19:55:43] ✅ 1041691 → AUTH OK
[19:55:43] ✅ 9176 → AUTH OK
[19:55:43] ✅ 19294 → AUTH OK
[19:55:43] ✅ 26729 → AUTH OK
[19:55:44] ✅ 1031640 → AUTH OK
[19:55:44] ✅ 10268 → AUTH OK
[19:55:44] ✅ 43960 → AUTH OK
[19:55:44] ✅ 24522 → AUTH OK
[19:55:44] ✅ 29510 → AUTH OK
[19:55:44] ✅ 54684 → AUTH OK
[19:55:44] ✅ 7308 → AUTH OK
[19:55:44] ✅ 1055117 → AUTH OK
[19:55:44] ✅ 32811 → AUTH OK
[19:55:44] ✅ 9780 → AUTH OK
[19:55:44] ✅ 12947 → AUTH OK
[19:55:44] ✅ 1039923 → AUTH OK
[19:55:44] ✅ 1013662 → AUTH OK
[19:55:44] ✅ 984 → AUTH OK
[19:55:44] ✅ 33645 → AUTH OK
[19:55:44] ✅ 1066216 → AUTH OK
[19:55:44] ✅ 1041684 → AUTH OK
[19:55:44] ✅ 9497 → AUTH OK
[19:55:44] ✅ 9291 → AUTH OK
[19:55:44] ✅ 482 → AUTH OK
[19:55:44] ✅ 1018796 → AUTH OK
[19:55:44] ✅ 1030384 → AUTH OK
[19:55:44] ✅ 4881 → AUTH OK
[19:55:44] ✅ 22884 → AUTH OK
[19:55:44] ✅ 1041782 → AUTH OK
[19:55:44] ✅ 1008441 → AUTH OK
[19:55:44] ✅ 1039863 → AUTH OK
[19:55:44] ✅ 1065452 → AUTH OK
[19:55:44] ✅ 9527 → AUTH OK
[19:55:44] ✅ 476 → AUTH OK
[19:55:44] ✅ 9653 → AUTH OK
[19:55:44] ✅ 4714 → AUTH OK
[19:55:44] ✅ 15614 → AUTH OK
[19:55:44] ✅ 1056146 → AUTH OK
[19:55:44] ✅ 1078620 → AUTH OK
[19:55:44] ✅ 1089364 → AUTH OK
[19:55:44] ✅ 5103 → AUTH OK
[19:55:44] ✅ 1041729 → AUTH OK
[19:55:44] ✅ 24767 → AUTH OK
[19:55:44] ✅ 6035 → AUTH OK
[19:55:44] ✅ 1035939 → AUTH OK
[19:55:44] ✅ 3976 → AUTH OK
[19:55:44] ✅ 1049289 → AUTH OK
[19:55:44] ✅ 1075662 → AUTH OK
[19:55:44] ✅ 14703 → AUTH OK
[19:55:44] ✅ 1019544 → AUTH OK
[19:55:44] ✅ 1054736 → AUTH OK
[19:55:44] ✅ 1027244 → AUTH OK
[19:55:44] ✅ 52682 → AUTH OK
[19:55:44] ✅ 1041567 → AUTH OK
[19:55:44] ✅ 1049288 → AUTH OK
[19:55:44] ✅ 1054735 → AUTH OK
[19:55:44] ✅ 5061 → AUTH OK
[19:55:44] ✅ 1004633 → AUTH OK
[19:55:44] ✅ 25008 → AUTH OK
[19:55:44] ✅ 1092992 → AUTH OK
[19:55:44] ✅ 26294 → AUTH OK
[19:55:45] ✅ 1024041 → AUTH OK
[19:55:45] ✅ 62907 → AUTH OK
[19:55:45] ✅ 6121 → AUTH OK
[19:55:45] ✅ 38446 → AUTH OK
[19:55:45] ✅ 1054730 → AUTH OK
[19:55:45] ✅ 1042215 → AUTH OK
[19:55:45] ✅ 1032344 → AUTH OK
[19:55:45] ✅ 1056839 → AUTH OK
[19:55:45] ✅ 3906 → AUTH OK
[19:55:45] ✅ 1009010 → AUTH OK
[19:55:45] ✅ 31792 → AUTH OK
[19:55:45] ✅ 1059680 → AUTH OK
[19:55:45] ✅ 4124 → AUTH OK
[19:55:45] ✅ 1056846 → AUTH OK
[19:55:45] ✅ 4976 → AUTH OK
[19:55:45] ✅ 1020755 → AUTH OK
[19:55:45] ✅ 1088219 → AUTH OK
[19:55:45] ✅ 24880 → AUTH OK
[19:55:45] ✅ 1009117 → AUTH OK
[19:55:45] ✅ 1036955 → AUTH OK
[19:55:45] ✅ 9041 → AUTH OK
[19:55:45] ✅ 49852 → AUTH OK
[19:55:45] ✅ 39874 → AUTH OK
[19:55:45] ✅ 1068242 → AUTH OK
[19:55:45] ✅ 1025576 → AUTH OK
[19:55:45] ✅ 1021629 → AUTH OK
[19:55:45] ✅ 9100 → AUTH OK
[19:55:45] ✅ 15526 → AUTH OK
[19:55:45] ✅ 9169 → AUTH OK
[19:55:45] ✅ 4038 → AUTH OK
[19:55:45] ✅ 24246 → AUTH OK
[19:55:45] ✅ 4890 → AUTH OK
[19:55:45] ✅ 9368 → AUTH OK
[19:55:45] ✅ 9504 → AUTH OK
[19:55:45] ✅ 1004635 → AUTH OK
[19:55:45] ✅ 7504 → AUTH OK
[19:55:45] ✅ 10255 → AUTH OK
[19:55:45] ✅ 1082851 → AUTH OK
[19:55:45] ✅ 1013355 → AUTH OK
[19:55:45] ✅ 31788 → AUTH OK
[19:55:45] ✅ 1012136 → AUTH OK
[19:55:45] ✅ 56144 → AUTH OK
[19:55:45] ✅ 1053536 → AUTH OK
[19:55:45] ✅ 1028879 → AUTH OK
[19:55:45] ✅ 1036114 → AUTH OK
[19:55:45] ✅ 1004634 → AUTH OK
[19:55:45] ✅ 1011192 → AUTH OK
[19:55:45] ✅ 1054742 → AUTH OK
[19:55:45] ✅ 4174 → AUTH OK
[19:55:45] ✅ 1053155 → AUTH OK
[19:55:45] ✅ 24981 → AUTH OK
[19:55:45] ✅ 10270 → AUTH OK
[19:55:45] ✅ 7511 → AUTH OK
[19:55:45] ✅ 1003803 → AUTH OK
[19:55:45] ✅ Fetched 490 venues with shows
[19:55:46] ✅ DONE | Shows=3300 | Movies=49
[23:13:33] 📍 Loaded 754 district venues
[23:13:33] 🚀 DISTRICT SCRAPER STARTED
[23:13:34] ✅ 1096456 → AUTH OK
[23:13:34] ✅ 1102175 → AUTH OK
[23:13:34] ✅ 1102233 → AUTH OK
[23:13:34] ✅ 1102103 → AUTH OK
[23:13:34] ✅ 1102183 → AUTH OK
[23:13:34] ✅ 1102100 → AUTH OK
[23:13:34] ✅ 1102311 → AUTH OK
[23:13:34] ✅ 1068240 → AUTH OK
[23:13:34] ✅ 1102289 → AUTH OK
[23:13:34] ✅ 1086677 → AUTH OK
[23:13:34] ✅ 1102215 → AUTH OK
[23:13:34] ✅ 1102096 → AUTH OK
[23:13:34] ✅ 1101584 → AUTH OK
[23:13:34] ✅ 1067161 → AUTH OK
[23:13:34] ✅ 20856 → AUTH OK
[23:13:34] ✅ 1020401 → AUTH OK
[23:13:34] ✅ 1101483 → AUTH OK
[23:13:34] ✅ 1583 → AUTH OK
[23:13:34] ✅ 1102098 → AUTH OK
[23:13:34] ✅ 61879 → AUTH OK
[23:13:34] ✅ 1101397 → AUTH OK
[23:13:34] ✅ 1100725 → AUTH OK
[23:13:34] ✅ 1102076 → AUTH OK
[23:13:34] ✅ 51512 → AUTH OK
[23:13:34] ✅ 1102119 → AUTH OK
[23:13:34] ✅ 1102127 → AUTH OK
[23:13:34] ✅ 1082714 → AUTH OK
[23:13:34] ✅ 1102244 → AUTH OK
[23:13:34] ✅ 9508 → AUTH OK
[23:13:34] ✅ 1102097 → AUTH OK
[23:13:34] ✅ 1101355 → AUTH OK
[23:13:34] ✅ 539 → AUTH OK
[23:13:34] ✅ 1102304 → AUTH OK
[23:13:34] ✅ 4430 → AUTH OK
[23:13:34] ✅ 1044502 → AUTH OK
[23:13:34] ✅ 1096482 → AUTH OK
[23:13:34] ✅ 1096475 → AUTH OK
[23:13:34] ✅ 1096734 → AUTH OK
[23:13:34] ✅ 1095290 → AUTH OK
[23:13:34] ✅ 1096524 → AUTH OK
[23:13:34] ✅ 7854 → AUTH OK
[23:13:34] ✅ 1102280 → AUTH OK
[23:13:34] ✅ 1068270 → AUTH OK
[23:13:34] ✅ 1102094 → AUTH OK
[23:13:34] ✅ 1102186 → AUTH OK
[23:13:34] ✅ 1101450 → AUTH OK
[23:13:34] ✅ 1102272 → AUTH OK
[23:13:34] ✅ 1102176 → AUTH OK
[23:13:35] ✅ 1094756 → AUTH OK
[23:13:35] ✅ 1102173 → AUTH OK
[23:13:35] ✅ 9736 → AUTH OK
[23:13:35] ✅ 1102095 → AUTH OK
[23:13:35] ✅ 1011906 → AUTH OK
[23:13:35] ✅ 1101471 → AUTH OK
[23:13:35] ✅ 1102164 → AUTH OK
[23:13:35] ✅ 1102182 → AUTH OK
[23:13:35] ✅ 1102256 → AUTH OK
[23:13:35] ✅ 1102248 → AUTH OK
[23:13:35] ✅ 1101451 → AUTH OK
[23:13:35] ✅ 1102071 → AUTH OK
[23:13:35] ✅ 1102181 → AUTH OK
[23:13:35] ✅ 1102270 → AUTH OK
[23:13:35] ✅ 4222 → AUTH OK
[23:13:35] ✅ 1102242 → AUTH OK
[23:13:35] ✅ 1102090 → AUTH OK
[23:13:35] ✅ 1038431 → AUTH OK
[23:13:35] ✅ 1102082 → AUTH OK
[23:13:35] ✅ 1102165 → AUTH OK
[23:13:35] ✅ 1102073 → AUTH OK
[23:13:35] ✅ 1101568 → AUTH OK
[23:13:35] ✅ 1102084 → AUTH OK
[23:13:35] ✅ 1102299 → AUTH OK
[23:13:35] ✅ 1101521 → AUTH OK
[23:13:35] ✅ 1102269 → AUTH OK
[23:13:35] ✅ 1102277 → AUTH OK
[23:13:35] ✅ 1102253 → AUTH OK
[23:13:35] ✅ 1101590 → AUTH OK
[23:13:35] ✅ 1102047 → AUTH OK
[23:13:35] ✅ 1102174 → AUTH OK
[23:13:35] ✅ 1102265 → AUTH OK
[23:13:35] ✅ 1102166 → AUTH OK
[23:13:35] ✅ 1102273 → AUTH OK
[23:13:35] ✅ 7257 → AUTH OK
[23:13:35] ✅ 1041690 → AUTH OK
[23:13:35] ✅ 1102291 → AUTH OK
[23:13:35] ✅ 1102247 → AUTH OK
[23:13:35] ✅ 1102129 → AUTH OK
[23:13:35] ✅ 1102055 → AUTH OK
[23:13:35] ✅ 28486 → AUTH OK
[23:13:35] ✅ 1102184 → AUTH OK
[23:13:35] ✅ 1102261 → AUTH OK
[23:13:35] ✅ 1102241 → AUTH OK
[23:13:35] ✅ 1031364 → AUTH OK
[23:13:35] ✅ 1056145 → AUTH OK
[23:13:36] ✅ 1060495 → AUTH OK
[23:13:36] ✅ 1031589 → AUTH OK
[23:13:36] ✅ 1102285 → AUTH OK
[23:13:36] ✅ 1101387 → AUTH OK
[23:13:36] ✅ 1102106 → AUTH OK
[23:13:36] ✅ 1101423 → AUTH OK
[23:13:36] ✅ 1101388 → AUTH OK
[23:13:36] ✅ 1101368 → AUTH OK
[23:13:36] ✅ 1102123 → AUTH OK
[23:13:36] ✅ 1102080 → AUTH OK
[23:13:36] ✅ 1053154 → AUTH OK
[23:13:36] ✅ 1691 → AUTH OK
[23:13:36] ✅ 1102068 → AUTH OK
[23:13:36] ✅ 1042102 → AUTH OK
[23:13:36] ✅ 1078022 → AUTH OK
[23:13:36] ✅ 1102137 → AUTH OK
[23:13:36] ✅ 1102125 → AUTH OK
[23:13:36] ✅ 4132 → AUTH OK
[23:13:36] ✅ 1101217 → AUTH OK
[23:13:36] ✅ 1102120 → AUTH OK
[23:13:36] ✅ 1102132 → AUTH OK
[23:13:36] ✅ 1039880 → AUTH OK
[23:13:36] ✅ 1102147 → AUTH OK
[23:13:36] ✅ 1100831 → AUTH OK
[23:13:36] ✅ 1102168 → AUTH OK
[23:13:36] ✅ 1102284 → AUTH OK
[23:13:36] ✅ 1080585 → AUTH OK
[23:13:36] ✅ 1078001 → AUTH OK
[23:13:36] ✅ 1102067 → AUTH OK
[23:13:36] ✅ 1101219 → AUTH OK
[23:13:36] ✅ 1102258 → AUTH OK
[23:13:36] ✅ 20834 → AUTH OK
[23:13:36] ✅ 1102069 → AUTH OK
[23:13:36] ✅ 1102213 → AUTH OK
[23:13:36] ✅ 1037501 → AUTH OK
[23:13:36] ✅ 5172 → AUTH OK
[23:13:36] ✅ 1041689 → AUTH OK
[23:13:36] ✅ 43628 → AUTH OK
[23:13:36] ✅ 1101452 → AUTH OK
[23:13:36] ✅ 1102124 → AUTH OK
[23:13:36] ✅ 1102276 → AUTH OK
[23:13:36] ✅ 1102236 → AUTH OK
[23:13:36] ✅ 4911 → AUTH OK
[23:13:36] ✅ 1102275 → AUTH OK
[23:13:36] ✅ 1094757 → AUTH OK
[23:13:36] ✅ 1102281 → AUTH OK
[23:13:36] ✅ 1102294 → AUTH OK
[23:13:36] ✅ 1102078 → AUTH OK
[23:13:36] ✅ 14699 → AUTH OK
[23:13:36] ✅ 1011900 → AUTH OK
[23:13:37] ✅ 27047 → AUTH OK
[23:13:37] ✅ 1102104 → AUTH OK
[23:13:37] ✅ 1020826 → AUTH OK
[23:13:37] ✅ 1102135 → AUTH OK
[23:13:37] ✅ 1052124 → AUTH OK
[23:13:37] ✅ 1014604 → AUTH OK
[23:13:37] ✅ 4175 → AUTH OK
[23:13:37] ✅ 14697 → AUTH OK
[23:13:37] ✅ 1095009 → AUTH OK
[23:13:37] ✅ 1027478 → AUTH OK
[23:13:37] ✅ 1102134 → AUTH OK
[23:13:37] ✅ 1101222 → AUTH OK
[23:13:37] ✅ 1054725 → AUTH OK
[23:13:37] ✅ 1092638 → AUTH OK
[23:13:37] ✅ 1092639 → AUTH OK
[23:13:37] ✅ 1102228 → AUTH OK
[23:13:37] ✅ 1094680 → AUTH OK
[23:13:37] ✅ 1088548 → AUTH OK
[23:13:37] ✅ 1101523 → AUTH OK
[23:13:37] ✅ 1088547 → AUTH OK
[23:13:37] ✅ 1102239 → AUTH OK
[23:13:37] ✅ 27908 → AUTH OK
[23:13:37] ✅ 1039949 → AUTH OK
[23:13:37] ✅ 13772 → AUTH OK
[23:13:37] ✅ 1102099 → AUTH OK
[23:13:37] ✅ 16605 → AUTH OK
[23:13:37] ✅ 1102227 → AUTH OK
[23:13:37] ✅ 1102075 → AUTH OK
[23:13:37] ✅ 1054741 → AUTH OK
[23:13:37] ✅ 1031592 → AUTH OK
[23:13:37] ✅ 11272 → AUTH OK
[23:13:37] ✅ 1102108 → AUTH OK
[23:13:37] ✅ 1102107 → AUTH OK
[23:13:37] ✅ 5100 → AUTH OK
[23:13:37] ✅ 1102121 → AUTH OK
[23:13:37] ✅ 4918 → AUTH OK
[23:13:37] ✅ 1102126 → AUTH OK
[23:13:37] ✅ 1060262 → AUTH OK
[23:13:37] ✅ 1101449 → AUTH OK
[23:13:37] ✅ 1037507 → AUTH OK
[23:13:37] ✅ 6081 → AUTH OK
[23:13:37] ✅ 1042632 → AUTH OK
[23:13:37] ✅ 1102133 → AUTH OK
[23:13:37] ✅ 4184 → AUTH OK
[23:13:37] ✅ 1102122 → AUTH OK
[23:13:37] ✅ 1102116 → AUTH OK
[23:13:37] ✅ 1042465 → AUTH OK
[23:13:37] ✅ 1101384 → AUTH OK
[23:13:37] ✅ 7686 → AUTH OK
[23:13:37] ✅ 1037496 → AUTH OK
[23:13:38] ✅ 1041688 → AUTH OK
[23:13:38] ✅ 1037033 → AUTH OK
[23:13:38] ✅ 3943 → AUTH OK
[23:13:38] ✅ 1049243 → AUTH OK
[23:13:38] ✅ 1078025 → AUTH OK
[23:13:38] ✅ 1051040 → AUTH OK
[23:13:38] ✅ 1044503 → AUTH OK
[23:13:38] ✅ 1074151 → AUTH OK
[23:13:38] ✅ 50915 → AUTH OK
[23:13:38] ✅ 29998 → AUTH OK
[23:13:38] ✅ 29761 → AUTH OK
[23:13:38] ✅ 1008705 → AUTH OK
[23:13:38] ✅ 1030389 → AUTH OK
[23:13:38] ✅ 1065383 → AUTH OK
[23:13:38] ✅ 1093265 → AUTH OK
[23:13:38] ✅ 7714 → AUTH OK
[23:13:38] ✅ 1039878 → AUTH OK
[23:13:38] ✅ 1094334 → AUTH OK
[23:13:38] ✅ 1039847 → AUTH OK
[23:13:38] ✅ 1076602 → AUTH OK
[23:13:38] ✅ 1039860 → AUTH OK
[23:13:38] ✅ 1031638 → AUTH OK
[23:13:38] ✅ 1040891 → AUTH OK
[23:13:38] ✅ 1037228 → AUTH OK
[23:13:38] ✅ 1039846 → AUTH OK
[23:13:38] ✅ 1041672 → AUTH OK
[23:13:38] ✅ 1009194 → AUTH OK
[23:13:38] ✅ 1031636 → AUTH OK
[23:13:38] ✅ 11264 → AUTH OK
[23:13:38] ✅ 1047659 → AUTH OK
[23:13:38] ✅ 1041687 → AUTH OK
[23:13:38] ✅ 4106 → AUTH OK
[23:13:38] ✅ 1039875 → AUTH OK
[23:13:38] ✅ 28206 → AUTH OK
[23:13:38] ✅ 2855 → AUTH OK
[23:13:38] ✅ 1096733 → AUTH OK
[23:13:38] ✅ 1024804 → AUTH OK
[23:13:38] ✅ 1039862 → AUTH OK
[23:13:38] ✅ 1097120 → AUTH OK
[23:13:38] ✅ 1024343 → AUTH OK
[23:13:38] ✅ 25805 → AUTH OK
[23:13:38] ✅ 9292 → AUTH OK
[23:13:38] ✅ 7258 → AUTH OK
[23:13:38] ✅ 1039864 → AUTH OK
[23:13:38] ✅ 1039850 → AUTH OK
[23:13:38] ✅ 1036959 → AUTH OK
[23:13:38] ✅ 1089130 → AUTH OK
[23:13:38] ✅ 1088822 → AUTH OK
[23:13:38] ✅ 4097 → AUTH OK
[23:13:38] ✅ 1001773 → AUTH OK
[23:13:38] ✅ 1040466 → AUTH OK
[23:13:39] ✅ 1018795 → AUTH OK
[23:13:39] ✅ 9242 → AUTH OK
[23:13:39] ✅ 1041685 → AUTH OK
[23:13:39] ✅ 1039865 → AUTH OK
[23:13:39] ✅ 27151 → AUTH OK
[23:13:39] ✅ 25803 → AUTH OK
[23:13:39] ✅ 9365 → AUTH OK
[23:13:39] ✅ 1041244 → AUTH OK
[23:13:39] ✅ 36376 → AUTH OK
[23:13:39] ✅ 44361 → AUTH OK
[23:13:39] ✅ 1046654 → AUTH OK
[23:13:39] ✅ 1098929 → AUTH OK
[23:13:39] ✅ 1039849 → AUTH OK
[23:13:39] ✅ 7543 → AUTH OK
[23:13:39] ✅ 4693 → AUTH OK
[23:13:39] ✅ 1041449 → AUTH OK
[23:13:39] ✅ 1039851 → AUTH OK
[23:13:39] ✅ 56048 → AUTH OK
[23:13:39] ✅ 1039848 → AUTH OK
[23:13:39] ✅ 7813 → AUTH OK
[23:13:39] ✅ 9920 → AUTH OK
[23:13:39] ✅ 13958 → AUTH OK
[23:13:39] ✅ 7841 → AUTH OK
[23:13:39] ✅ 14120 → AUTH OK
[23:13:39] ✅ 7301 → AUTH OK
[23:13:39] ✅ 4380 → AUTH OK
[23:13:39] ✅ 1080239 → AUTH OK
[23:13:39] ✅ 1016089 → AUTH OK
[23:13:39] ✅ 4189 → AUTH OK
[23:13:39] ✅ 28968 → AUTH OK
[23:13:39] ✅ 1056572 → AUTH OK
[23:13:39] ✅ 1075746 → AUTH OK
[23:13:39] ✅ 1022965 → AUTH OK
[23:13:39] ✅ 1030438 → AUTH OK
[23:13:39] ✅ 1018799 → AUTH OK
[23:13:39] ✅ 55733 → AUTH OK
[23:13:39] ✅ 4178 → AUTH OK
[23:13:39] ✅ 4171 → AUTH OK
[23:13:39] ✅ 27373 → AUTH OK
[23:13:39] ✅ 1037518 → AUTH OK
[23:13:39] ✅ 60083 → AUTH OK
[23:13:39] ✅ 1037525 → AUTH OK
[23:13:39] ✅ 1041394 → AUTH OK
[23:13:39] ✅ 1008456 → AUTH OK
[23:13:39] ✅ 24521 → AUTH OK
[23:13:39] ✅ 60085 → AUTH OK
[23:13:39] ✅ 1016053 → AUTH OK
[23:13:39] ✅ 1008418 → AUTH OK
[23:13:39] ✅ 1053400 → AUTH OK
[23:13:39] ✅ 1041743 → AUTH OK
[23:13:39] ✅ 17069 → AUTH OK
[23:13:39] ✅ 10940 → AUTH OK
[23:13:39] ✅ 9487 → AUTH OK
[23:13:40] ✅ 1041728 → AUTH OK
[23:13:40] ✅ 25804 → AUTH OK
[23:13:40] ✅ 1050791 → AUTH OK
[23:13:40] ✅ 1053618 → AUTH OK
[23:13:40] ✅ 55272 → AUTH OK
[23:13:40] ✅ 1030504 → AUTH OK
[23:13:40] ✅ 1016133 → AUTH OK
[23:13:40] ✅ 1018652 → AUTH OK
[23:13:40] ✅ 1037961 → AUTH OK
[23:13:40] ✅ 5059 → AUTH OK
[23:13:40] ✅ 1049666 → AUTH OK
[23:13:40] ✅ 1042615 → AUTH OK
[23:13:40] ✅ 1042635 → AUTH OK
[23:13:40] ✅ 1007054 → AUTH OK
[23:13:40] ✅ 1036962 → AUTH OK
[23:13:40] ✅ 1011174 → AUTH OK
[23:13:40] ✅ 1037511 → AUTH OK
[23:13:40] ✅ 1037502 → AUTH OK
[23:13:40] ✅ 4891 → AUTH OK
[23:13:40] ✅ 4248 → AUTH OK
[23:13:40] ✅ 1042453 → AUTH OK
[23:13:40] ✅ 3910 → AUTH OK
[23:13:40] ✅ 3960 → AUTH OK
[23:13:40] ✅ 3981 → AUTH OK
[23:13:40] ✅ 1041504 → AUTH OK
[23:13:40] ✅ 1037526 → AUTH OK
[23:13:40] ✅ 22684 → AUTH OK
[23:13:40] ✅ 1016088 → AUTH OK
[23:13:40] ✅ 14702 → AUTH OK
[23:13:40] ✅ 4232 → AUTH OK
[23:13:40] ✅ 1012595 → AUTH OK
[23:13:40] ✅ 14694 → AUTH OK
[23:13:40] ✅ 7534 → AUTH OK
[23:13:40] ✅ 1042640 → AUTH OK
[23:13:40] ✅ 28925 → AUTH OK
[23:13:40] ✅ 4028 → AUTH OK
[23:13:40] ✅ 32194 → AUTH OK
[23:13:40] ✅ 6044 → AUTH OK
[23:13:40] ✅ 1067946 → AUTH OK
[23:13:40] ✅ 4067 → AUTH OK
[23:13:40] ✅ 25860 → AUTH OK
[23:13:40] ✅ 4008 → AUTH OK
[23:13:40] ✅ 43348 → AUTH OK
[23:13:40] ✅ 1050645 → AUTH OK
[23:13:40] ✅ 58633 → AUTH OK
[23:13:40] ✅ 10250 → AUTH OK
[23:13:40] ✅ 1019166 → AUTH OK
[23:13:41] ✅ 1092958 → AUTH OK
[23:13:41] ✅ 1091219 → AUTH OK
[23:13:41] ✅ 1018798 → AUTH OK
[23:13:41] ✅ 1005799 → AUTH OK
[23:13:41] ✅ 19528 → AUTH OK
[23:13:41] ✅ 7881 → AUTH OK
[23:13:41] ✅ 1089067 → AUTH OK
[23:13:41] ✅ 1037530 → AUTH OK
[23:13:41] ✅ 1020333 → AUTH OK
[23:13:41] ✅ 1005798 → AUTH OK
[23:13:41] ✅ 4608 → AUTH OK
[23:13:41] ✅ 1025291 → AUTH OK
[23:13:41] ✅ 1034383 → AUTH OK
[23:13:41] ✅ 1034375 → AUTH OK
[23:13:41] ✅ 1023626 → AUTH OK
[23:13:41] ✅ 1015289 → AUTH OK
[23:13:41] ✅ 1044095 → AUTH OK
[23:13:41] ✅ 9135 → AUTH OK
[23:13:41] ✅ 6057 → AUTH OK
[23:13:41] ✅ 1058794 → AUTH OK
[23:13:41] ✅ 1033632 → AUTH OK
[23:13:41] ✅ 1015291 → AUTH OK
[23:13:41] ✅ 1058533 → AUTH OK
[23:13:41] ✅ 27150 → AUTH OK
[23:13:41] ✅ 1041725 → AUTH OK
[23:13:41] ✅ 1039768 → AUTH OK
[23:13:41] ✅ 1034186 → AUTH OK
[23:13:41] ✅ 1034254 → AUTH OK
[23:13:41] ✅ 27715 → AUTH OK
[23:13:41] ✅ 1019593 → AUTH OK
[23:13:41] ✅ 27716 → AUTH OK
[23:13:41] ✅ 1039751 → AUTH OK
[23:13:41] ✅ 1013208 → AUTH OK
[23:13:41] ✅ 24929 → AUTH OK
[23:13:41] ✅ 44966 → AUTH OK
[23:13:41] ✅ 1088790 → AUTH OK
[23:13:41] ✅ 4042 → AUTH OK
[23:13:41] ✅ 496 → AUTH OK
[23:13:41] ✅ 1016986 → AUTH OK
[23:13:41] ✅ 28214 → AUTH OK
[23:13:41] ✅ 4306 → AUTH OK
[23:13:41] ✅ 24351 → AUTH OK
[23:13:41] ✅ 7747 → AUTH OK
[23:13:41] ✅ 1083399 → AUTH OK
[23:13:41] ✅ 1020288 → AUTH OK
[23:13:41] ✅ 4217 → AUTH OK
[23:13:41] ✅ 1063761 → AUTH OK
[23:13:41] ✅ 1037520 → AUTH OK
[23:13:41] ✅ 1037142 → AUTH OK
[23:13:41] ✅ 1088803 → AUTH OK
[23:13:41] ✅ 1039424 → AUTH OK
[23:13:41] ✅ 9373 → AUTH OK
[23:13:41] ✅ 52996 → AUTH OK
[23:13:42] ✅ 7752 → AUTH OK
[23:13:42] ✅ 1053939 → AUTH OK
[23:13:42] ✅ 1067686 → AUTH OK
[23:13:42] ✅ 1015795 → AUTH OK
[23:13:42] ✅ 1036961 → AUTH OK
[23:13:42] ✅ 15527 → AUTH OK
[23:13:42] ✅ 16791 → AUTH OK
[23:13:42] ✅ 1041692 → AUTH OK
[23:13:42] ✅ 26401 → AUTH OK
[23:13:42] ✅ 31987 → AUTH OK
[23:13:42] ✅ 7222 → AUTH OK
[23:13:42] ✅ 509 → AUTH OK
[23:13:42] ✅ 4332 → AUTH OK
[23:13:42] ✅ 1020190 → AUTH OK
[23:13:42] ✅ 9420 → AUTH OK
[23:13:42] ✅ 1063452 → AUTH OK
[23:13:42] ✅ 22305 → AUTH OK
[23:13:42] ✅ 6093 → AUTH OK
[23:13:42] ✅ 44366 → AUTH OK
[23:13:42] ✅ 1003802 → AUTH OK
[23:13:42] ✅ 1008409 → AUTH OK
[23:13:42] ✅ 30524 → AUTH OK
[23:13:42] ✅ 1003773 → AUTH OK
[23:13:42] ✅ 1041753 → AUTH OK
[23:13:42] ✅ 5041 → AUTH OK
[23:13:42] ✅ 1008335 → AUTH OK
[23:13:42] ✅ 1065451 → AUTH OK
[23:13:42] ✅ 1005991 → AUTH OK
[23:13:42] ✅ 25938 → AUTH OK
[23:13:42] ✅ 32294 → AUTH OK
[23:13:42] ✅ 522 → AUTH OK
[23:13:42] ✅ 9413 → AUTH OK
[23:13:42] ✅ 4902 → AUTH OK
[23:13:42] ✅ 1039842 → AUTH OK
[23:13:42] ✅ 1030422 → AUTH OK
[23:13:42] ✅ 4739 → AUTH OK
[23:13:42] ✅ 26230 → AUTH OK
[23:13:42] ✅ 26676 → AUTH OK
[23:13:42] ✅ 9411 → AUTH OK
[23:13:42] ✅ 62637 → AUTH OK
[23:13:42] ✅ 4107 → AUTH OK
[23:13:42] ✅ 25808 → AUTH OK
[23:13:42] ✅ 25011 → AUTH OK
[23:13:42] ✅ 1040228 → AUTH OK
[23:13:42] ✅ 1039877 → AUTH OK
[23:13:42] ✅ 1005804 → AUTH OK
[23:13:42] ✅ 1021922 → AUTH OK
[23:13:42] ✅ 1037345 → AUTH OK
[23:13:42] ✅ 9551 → AUTH OK
[23:13:42] ✅ 1012189 → AUTH OK
[23:13:42] ✅ 1040731 → AUTH OK
[23:13:42] ✅ 9424 → AUTH OK
[23:13:42] ✅ 36879 → AUTH OK
[23:13:43] ✅ 9350 → AUTH OK
[23:13:43] ✅ 14166 → AUTH OK
[23:13:43] ✅ 1039272 → AUTH OK
[23:13:43] ✅ 1037532 → AUTH OK
[23:13:43] ✅ 1034324 → AUTH OK
[23:13:43] ✅ 1041505 → AUTH OK
[23:13:43] ✅ 4733 → AUTH OK
[23:13:43] ✅ 7350 → AUTH OK
[23:13:43] ✅ 1005797 → AUTH OK
[23:13:43] ✅ 4036 → AUTH OK
[23:13:43] ✅ 9474 → AUTH OK
[23:13:43] ✅ 9491 → AUTH OK
[23:13:43] ✅ 4272 → AUTH OK
[23:13:43] ✅ 1008404 → AUTH OK
[23:13:43] ✅ 1037506 → AUTH OK
[23:13:43] ✅ 1042439 → AUTH OK
[23:13:43] ✅ 1071622 → AUTH OK
[23:13:43] ✅ 18823 → AUTH OK
[23:13:43] ✅ 1031296 → AUTH OK
[23:13:43] ✅ 4045 → AUTH OK
[23:13:43] ✅ 1012081 → AUTH OK
[23:13:43] ✅ 14669 → AUTH OK
[23:13:43] ✅ 1037523 → AUTH OK
[23:13:43] ✅ 4715 → AUTH OK
[23:13:43] ✅ 9132 → AUTH OK
[23:13:43] ✅ 5058 → AUTH OK
[23:13:43] ✅ 4725 → AUTH OK
[23:13:43] ✅ 1027903 → AUTH OK
[23:13:43] ✅ 1014990 → AUTH OK
[23:13:43] ✅ 1025740 → AUTH OK
[23:13:43] ✅ 26640 → AUTH OK
[23:13:43] ✅ 42945 → AUTH OK
[23:13:43] ✅ 1065987 → AUTH OK
[23:13:43] ✅ 1052503 → AUTH OK
[23:13:43] ✅ 1015840 → AUTH OK
[23:13:43] ✅ 1064038 → AUTH OK
[23:13:43] ✅ 46485 → AUTH OK
[23:13:43] ✅ 4050 → AUTH OK
[23:13:43] ✅ 1015442 → AUTH OK
[23:13:43] ✅ 1036772 → AUTH OK
[23:13:43] ✅ 1041496 → AUTH OK
[23:13:43] ✅ 1041473 → AUTH OK
[23:13:43] ✅ 51499 → AUTH OK
[23:13:43] ✅ 1037514 → AUTH OK
[23:13:43] ✅ 1016381 → AUTH OK
[23:13:43] ✅ 18460 → AUTH OK
[23:13:43] ✅ 7679 → AUTH OK
[23:13:43] ✅ 1020453 → AUTH OK
[23:13:43] ✅ 27219 → AUTH OK
[23:13:43] ✅ 7618 → AUTH OK
[23:13:43] ✅ 1020547 → AUTH OK
[23:13:43] ✅ 9136 → AUTH OK
[23:13:44] ✅ 16522 → AUTH OK
[23:13:44] ✅ 7137 → AUTH OK
[23:13:44] ✅ 4051 → AUTH OK
[23:13:44] ✅ 1075745 → AUTH OK
[23:13:44] ✅ 1041242 → AUTH OK
[23:13:44] ✅ 1037510 → AUTH OK
[23:13:44] ✅ 1041393 → AUTH OK
[23:13:44] ✅ 1041458 → AUTH OK
[23:13:44] ✅ 1032461 → AUTH OK
[23:13:44] ✅ 1084553 → AUTH OK
[23:13:44] ✅ 5145 → AUTH OK
[23:13:44] ✅ 25571 → AUTH OK
[23:13:44] ✅ 9174 → AUTH OK
[23:13:44] ✅ 1037531 → AUTH OK
[23:13:44] ✅ 1039840 → AUTH OK
[23:13:44] ✅ 1015286 → AUTH OK
[23:13:44] ✅ 1032460 → AUTH OK
[23:13:44] ✅ 9384 → AUTH OK
[23:13:44] ✅ 3965 → AUTH OK
[23:13:44] ✅ 55466 → AUTH OK
[23:13:44] ✅ 25045 → AUTH OK
[23:13:44] ✅ 9194 → AUTH OK
[23:13:44] ✅ 26281 → AUTH OK
[23:13:44] ✅ 7232 → AUTH OK
[23:13:44] ✅ 1003767 → AUTH OK
[23:13:44] ✅ 1037503 → AUTH OK
[23:13:44] ✅ 30784 → AUTH OK
[23:13:44] ✅ 1016383 → AUTH OK
[23:13:44] ✅ 55853 → AUTH OK
[23:13:44] ✅ 1037527 → AUTH OK
[23:13:44] ✅ 9246 → AUTH OK
[23:13:44] ✅ 1041239 → AUTH OK
[23:13:44] ✅ 1007282 → AUTH OK
[23:13:44] ✅ 18164 → AUTH OK
[23:13:44] ✅ 1029684 → AUTH OK
[23:13:44] ✅ 25181 → AUTH OK
[23:13:44] ✅ 5182 → AUTH OK
[23:13:44] ✅ 1015975 → AUTH OK
[23:13:44] ✅ 19513 → AUTH OK
[23:13:44] ✅ 3896 → AUTH OK
[23:13:44] ✅ 9285 → AUTH OK
[23:13:44] ✅ 1088811 → AUTH OK
[23:13:44] ✅ 1037517 → AUTH OK
[23:13:44] ✅ 1037516 → AUTH OK
[23:13:44] ✅ 62250 → AUTH OK
[23:13:44] ✅ 1037521 → AUTH OK
[23:13:44] ✅ 1041804 → AUTH OK
[23:13:44] ✅ 1032901 → AUTH OK
[23:13:44] ✅ 5220 → AUTH OK
[23:13:44] ✅ 1042605 → AUTH OK
[23:13:44] ✅ 1012280 → AUTH OK
[23:13:45] ✅ 5150 → AUTH OK
[23:13:45] ✅ 4889 → AUTH OK
[23:13:45] ✅ 16523 → AUTH OK
[23:13:45] ✅ 7293 → AUTH OK
[23:13:45] ✅ 14354 → AUTH OK
[23:13:45] ✅ 1040181 → AUTH OK
[23:13:45] ✅ 1020338 → AUTH OK
[23:13:45] ✅ 1056892 → AUTH OK
[23:13:45] ✅ 1037491 → AUTH OK
[23:13:45] ✅ 1041199 → AUTH OK
[23:13:45] ✅ 6119 → AUTH OK
[23:13:45] ✅ 1035744 → AUTH OK
[23:13:45] ✅ 1061843 → AUTH OK
[23:13:45] ✅ 4780 → AUTH OK
[23:13:45] ✅ 4919 → AUTH OK
[23:13:45] ✅ 1052727 → AUTH OK
[23:13:45] ✅ 1047917 → AUTH OK
[23:13:45] ✅ 1041683 → AUTH OK
[23:13:45] ✅ 1036383 → AUTH OK
[23:13:45] ✅ 1084822 → AUTH OK
[23:13:45] ✅ 7537 → AUTH OK
[23:13:45] ✅ 9661 → AUTH OK
[23:13:45] ✅ 17483 → AUTH OK
[23:13:45] ✅ 29954 → AUTH OK
[23:13:45] ✅ 1050804 → AUTH OK
[23:13:45] ✅ 1033177 → AUTH OK
[23:13:45] ✅ 4910 → AUTH OK
[23:13:45] ✅ 9784 → AUTH OK
[23:13:45] ✅ 28235 → AUTH OK
[23:13:45] ✅ 25281 → AUTH OK
[23:13:45] ✅ 1041732 → AUTH OK
[23:13:45] ✅ 1006037 → AUTH OK
[23:13:45] ✅ 1018468 → AUTH OK
[23:13:45] ✅ 27725 → AUTH OK
[23:13:45] ✅ 1030383 → AUTH OK
[23:13:45] ✅ 1041726 → AUTH OK
[23:13:45] ✅ 4852 → AUTH OK
[23:13:45] ✅ 7826 → AUTH OK
[23:13:45] ✅ 7814 → AUTH OK
[23:13:45] ✅ 9150 → AUTH OK
[23:13:45] ✅ 1013210 → AUTH OK
[23:13:45] ✅ 3145 → AUTH OK
[23:13:45] ✅ 1074202 → AUTH OK
[23:13:45] ✅ 7753 → AUTH OK
[23:13:45] ✅ 1041465 → AUTH OK
[23:13:45] ✅ 4163 → AUTH OK
[23:13:45] ✅ 1055922 → AUTH OK
[23:13:45] ✅ 58822 → AUTH OK
[23:13:45] ✅ 19110 → AUTH OK
[23:13:45] ✅ 9044 → AUTH OK
[23:13:45] ✅ 1028118 → AUTH OK
[23:13:45] ✅ 4340 → AUTH OK
[23:13:45] ✅ 4904 → AUTH OK
[23:13:45] ✅ 7856 → AUTH OK
[23:13:46] ✅ 28863 → AUTH OK
[23:13:46] ✅ 6096 → AUTH OK
[23:13:46] ✅ 7312 → AUTH OK
[23:13:46] ✅ 1019687 → AUTH OK
[23:13:46] ✅ 7260 → AUTH OK
[23:13:46] ✅ 27432 → AUTH OK
[23:13:46] ✅ 4379 → AUTH OK
[23:13:46] ✅ 5080 → AUTH OK
[23:13:46] ✅ 1088778 → AUTH OK
[23:13:46] ✅ 4255 → AUTH OK
[23:13:46] ✅ 1050768 → AUTH OK
[23:13:46] ✅ 9131 → AUTH OK
[23:13:46] ✅ 1041566 → AUTH OK
[23:13:46] ✅ 1398 → AUTH OK
[23:13:46] ✅ 4425 → AUTH OK
[23:13:46] ✅ 1026095 → AUTH OK
[23:13:46] ✅ 1020350 → AUTH OK
[23:13:46] ✅ 30441 → AUTH OK
[23:13:46] ✅ 7627 → AUTH OK
[23:13:46] ✅ 5105 → AUTH OK
[23:13:46] ✅ 1042822 → AUTH OK
[23:13:46] ✅ 19289 → AUTH OK
[23:13:46] ✅ 1041495 → AUTH OK
[23:13:46] ✅ 1041211 → AUTH OK
[23:13:46] ✅ 6079 → AUTH OK
[23:13:46] ✅ 1039748 → AUTH OK
[23:13:46] ✅ 1033524 → AUTH OK
[23:13:46] ✅ 1014297 → AUTH OK
[23:13:46] ✅ 1054202 → AUTH OK
[23:13:46] ✅ 1031639 → AUTH OK
[23:13:46] ✅ 1041691 → AUTH OK
[23:13:46] ✅ 9176 → AUTH OK
[23:13:46] ✅ 1009967 → AUTH OK
[23:13:46] ✅ 26729 → AUTH OK
[23:13:46] ✅ 10268 → AUTH OK
[23:13:46] ✅ 19294 → AUTH OK
[23:13:46] ✅ 24522 → AUTH OK
[23:13:46] ✅ 1031640 → AUTH OK
[23:13:46] ✅ 29510 → AUTH OK
[23:13:46] ✅ 43960 → AUTH OK
[23:13:46] ✅ 54684 → AUTH OK
[23:13:46] ✅ 1013662 → AUTH OK
[23:13:46] ✅ 32811 → AUTH OK
[23:13:46] ✅ 7308 → AUTH OK
[23:13:46] ✅ 9780 → AUTH OK
[23:13:46] ✅ 9497 → AUTH OK
[23:13:46] ✅ 1055117 → AUTH OK
[23:13:46] ✅ 1066216 → AUTH OK
[23:13:46] ✅ 12947 → AUTH OK
[23:13:46] ✅ 984 → AUTH OK
[23:13:46] ✅ 1041684 → AUTH OK
[23:13:46] ✅ 1039923 → AUTH OK
[23:13:46] ✅ 482 → AUTH OK
[23:13:46] ✅ 9291 → AUTH OK
[23:13:46] ✅ 1041729 → AUTH OK
[23:13:46] ✅ 1030384 → AUTH OK
[23:13:46] ✅ 1041782 → AUTH OK
[23:13:47] ✅ 1018796 → AUTH OK
[23:13:47] ✅ 1008441 → AUTH OK
[23:13:47] ✅ 22884 → AUTH OK
[23:13:47] ✅ 4881 → AUTH OK
[23:13:47] ✅ 9653 → AUTH OK
[23:13:47] ✅ 1056146 → AUTH OK
[23:13:47] ✅ 33645 → AUTH OK
[23:13:47] ✅ 9527 → AUTH OK
[23:13:47] ✅ 4714 → AUTH OK
[23:13:47] ✅ 1089364 → AUTH OK
[23:13:47] ✅ 15614 → AUTH OK
[23:13:47] ✅ 476 → AUTH OK
[23:13:47] ✅ 1065452 → AUTH OK
[23:13:47] ✅ 1039863 → AUTH OK
[23:13:47] ✅ 1078620 → AUTH OK
[23:13:47] ✅ 1075662 → AUTH OK
[23:13:47] ✅ 1049289 → AUTH OK
[23:13:47] ✅ 6035 → AUTH OK
[23:13:47] ✅ 3976 → AUTH OK
[23:13:47] ✅ 24767 → AUTH OK
[23:13:47] ✅ 14703 → AUTH OK
[23:13:47] ✅ 1049288 → AUTH OK
[23:13:47] ✅ 5103 → AUTH OK
[23:13:47] ✅ 1019544 → AUTH OK
[23:13:47] ✅ 1054735 → AUTH OK
[23:13:47] ✅ 52682 → AUTH OK
[23:13:47] ✅ 1054736 → AUTH OK
[23:13:47] ✅ 1035939 → AUTH OK
[23:13:47] ✅ 1004633 → AUTH OK
[23:13:47] ✅ 1092992 → AUTH OK
[23:13:47] ✅ 25008 → AUTH OK
[23:13:47] ✅ 5061 → AUTH OK
[23:13:47] ✅ 62907 → AUTH OK
[23:13:47] ✅ 3906 → AUTH OK
[23:13:47] ✅ 26294 → AUTH OK
[23:13:47] ✅ 1041567 → AUTH OK
[23:13:47] ✅ 1027244 → AUTH OK
[23:13:47] ✅ 1042215 → AUTH OK
[23:13:47] ✅ 38446 → AUTH OK
[23:13:47] ✅ 1054730 → AUTH OK
[23:13:47] ✅ 1024041 → AUTH OK
[23:13:47] ✅ 31792 → AUTH OK
[23:13:47] ✅ 6121 → AUTH OK
[23:13:47] ✅ 1032344 → AUTH OK
[23:13:47] ✅ 1056839 → AUTH OK
[23:13:47] ✅ 1009117 → AUTH OK
[23:13:47] ✅ 1009010 → AUTH OK
[23:13:47] ✅ 49852 → AUTH OK
[23:13:47] ✅ 4976 → AUTH OK
[23:13:47] ✅ 4124 → AUTH OK
[23:13:48] ✅ 1059680 → AUTH OK
[23:13:48] ✅ 1088219 → AUTH OK
[23:13:48] ✅ 24880 → AUTH OK
[23:13:48] ✅ 1036955 → AUTH OK
[23:13:48] ✅ 1020755 → AUTH OK
[23:13:48] ✅ 1068242 → AUTH OK
[23:13:48] ✅ 1056846 → AUTH OK
[23:13:48] ✅ 39874 → AUTH OK
[23:13:48] ✅ 1025576 → AUTH OK
[23:13:48] ✅ 9100 → AUTH OK
[23:13:48] ✅ 15526 → AUTH OK
[23:13:48] ✅ 9169 → AUTH OK
[23:13:48] ✅ 9041 → AUTH OK
[23:13:48] ✅ 4890 → AUTH OK
[23:13:48] ✅ 24246 → AUTH OK
[23:13:48] ✅ 9368 → AUTH OK
[23:13:48] ✅ 4038 → AUTH OK
[23:13:48] ✅ 1021629 → AUTH OK
[23:13:48] ✅ 9504 → AUTH OK
[23:13:48] ✅ 10255 → AUTH OK
[23:13:48] ✅ 1053536 → AUTH OK
[23:13:48] ✅ 1004635 → AUTH OK
[23:13:48] ✅ 1082851 → AUTH OK
[23:13:48] ✅ 56144 → AUTH OK
[23:13:48] ✅ 31788 → AUTH OK
[23:13:48] ✅ 1054742 → AUTH OK
[23:13:48] ✅ 1013355 → AUTH OK
[23:13:48] ✅ 1036114 → AUTH OK
[23:13:48] ✅ 1012136 → AUTH OK
[23:13:48] ✅ 24981 → AUTH OK
[23:13:48] ✅ 10270 → AUTH OK
[23:13:48] ✅ 1028879 → AUTH OK
[23:13:48] ✅ 7504 → AUTH OK
[23:13:48] ✅ 1003803 → AUTH OK
[23:13:48] ✅ 4174 → AUTH OK
[23:13:48] ✅ 1011192 → AUTH OK
[23:13:48] ✅ 7511 → AUTH OK
[23:13:48] ✅ 1004634 → AUTH OK
[23:13:49] ✅ 1053155 → AUTH OK
[23:13:49] ✅ Fetched 530 venues with shows
[23:13:49] ✅ DONE | Shows=3538 | Movies=53
[09:31:53] 📍 Loaded 754 district venues
[09:31:53] 🚀 DISTRICT SCRAPER STARTED
[09:31:54] ✅ 20856 → AUTH OK
[09:31:54] ✅ 1086677 → AUTH OK
[09:31:54] ✅ 1067161 → AUTH OK
[09:31:54] ✅ 1102289 → AUTH OK
[09:31:54] ✅ 1101483 → AUTH OK
[09:31:54] ✅ 1068270 → AUTH OK
[09:31:54] ✅ 1096456 → AUTH OK
[09:31:54] ✅ 1020401 → AUTH OK
[09:31:54] ✅ 1102311 → AUTH OK
[09:31:54] ✅ 1583 → AUTH OK
[09:31:54] ✅ 1102233 → AUTH OK
[09:31:54] ✅ 61879 → AUTH OK
[09:31:54] ✅ 1102096 → AUTH OK
[09:31:54] ✅ 1102183 → AUTH OK
[09:31:54] ✅ 1102175 → AUTH OK
[09:31:54] ✅ 1102215 → AUTH OK
[09:31:54] ✅ 1068240 → AUTH OK
[09:31:54] ✅ 1102103 → AUTH OK
[09:31:54] ✅ 1102100 → AUTH OK
[09:31:54] ✅ 1102119 → AUTH OK
[09:31:54] ✅ 1102098 → AUTH OK
[09:31:54] ✅ 1100725 → AUTH OK
[09:31:54] ✅ 51512 → AUTH OK
[09:31:54] ✅ 1102244 → AUTH OK
[09:31:54] ✅ 1101397 → AUTH OK
[09:31:54] ✅ 1082714 → AUTH OK
[09:31:54] ✅ 4430 → AUTH OK
[09:31:54] ✅ 9508 → AUTH OK
[09:31:54] ✅ 1102097 → AUTH OK
[09:31:54] ✅ 1044502 → AUTH OK
[09:31:54] ✅ 1102076 → AUTH OK
[09:31:54] ✅ 1102304 → AUTH OK
[09:31:54] ✅ 1096475 → AUTH OK
[09:31:54] ✅ 1101355 → AUTH OK
[09:31:54] ✅ 1102127 → AUTH OK
[09:31:54] ✅ 539 → AUTH OK
[09:31:54] ✅ 1096482 → AUTH OK
[09:31:54] ✅ 1096734 → AUTH OK
[09:31:54] ✅ 1095290 → AUTH OK
[09:31:54] ✅ 1096524 → AUTH OK
[09:31:54] ✅ 7854 → AUTH OK
[09:31:54] ✅ 1094756 → AUTH OK
[09:31:54] ✅ 1101450 → AUTH OK
[09:31:54] ✅ 1102094 → AUTH OK
[09:31:54] ✅ 1102176 → AUTH OK
[09:31:54] ✅ 1101584 → AUTH OK
[09:31:54] ✅ 1102280 → AUTH OK
[09:31:54] ✅ 1102272 → AUTH OK
[09:31:54] ✅ 9736 → AUTH OK
[09:31:55] ✅ 1102095 → AUTH OK
[09:31:55] ✅ 1102186 → AUTH OK
[09:31:55] ✅ 1011906 → AUTH OK
[09:31:55] ✅ 1102182 → AUTH OK
[09:31:55] ✅ 1102270 → AUTH OK
[09:31:55] ✅ 1101471 → AUTH OK
[09:31:55] ✅ 1101451 → AUTH OK
[09:31:55] ✅ 1102248 → AUTH OK
[09:31:55] ✅ 1102090 → AUTH OK
[09:31:55] ✅ 1102071 → AUTH OK
[09:31:55] ✅ 1102164 → AUTH OK
[09:31:55] ✅ 1102181 → AUTH OK
[09:31:55] ✅ 7257 → AUTH OK
[09:31:55] ✅ 1102256 → AUTH OK
[09:31:55] ✅ 1102165 → AUTH OK
[09:31:55] ✅ 4222 → AUTH OK
[09:31:55] ✅ 1102242 → AUTH OK
[09:31:55] ✅ 1102084 → AUTH OK
[09:31:55] ✅ 1102073 → AUTH OK
[09:31:55] ✅ 1101568 → AUTH OK
[09:31:55] ✅ 1102082 → AUTH OK
[09:31:55] ✅ 1102299 → AUTH OK
[09:31:55] ✅ 1038431 → AUTH OK
[09:31:55] ✅ 1102277 → AUTH OK
[09:31:55] ✅ 1102265 → AUTH OK
[09:31:55] ✅ 1102174 → AUTH OK
[09:31:55] ✅ 1102047 → AUTH OK
[09:31:55] ✅ 1101590 → AUTH OK
[09:31:55] ✅ 1102080 → AUTH OK
[09:31:55] ✅ 1102269 → AUTH OK
[09:31:55] ✅ 1102253 → AUTH OK
[09:31:55] ✅ 1102166 → AUTH OK
[09:31:55] ✅ 1102213 → AUTH OK
[09:31:55] ✅ 1102291 → AUTH OK
[09:31:55] ✅ 1102173 → AUTH OK
[09:31:55] ✅ 1102241 → AUTH OK
[09:31:55] ✅ 1101521 → AUTH OK
[09:31:55] ✅ 1102247 → AUTH OK
[09:31:55] ✅ 1056145 → AUTH OK
[09:31:55] ✅ 1041690 → AUTH OK
[09:31:55] ✅ 28486 → AUTH OK
[09:31:55] ✅ 1102261 → AUTH OK
[09:31:55] ✅ 1102132 → AUTH OK
[09:31:55] ✅ 1102055 → AUTH OK
[09:31:55] ✅ 1031364 → AUTH OK
[09:31:55] ✅ 1102285 → AUTH OK
[09:31:55] ✅ 1031589 → AUTH OK
[09:31:55] ✅ 1102129 → AUTH OK
[09:31:55] ✅ 1101388 → AUTH OK
[09:31:55] ✅ 1101423 → AUTH OK
[09:31:55] ✅ 1102123 → AUTH OK
[09:31:55] ✅ 1101387 → AUTH OK
[09:31:55] ✅ 1691 → AUTH OK
[09:31:55] ✅ 1060495 → AUTH OK
[09:31:55] ✅ 1102106 → AUTH OK
[09:31:56] ✅ 1102137 → AUTH OK
[09:31:56] ✅ 1101368 → AUTH OK
[09:31:56] ✅ 1102125 → AUTH OK
[09:31:56] ✅ 1053154 → AUTH OK
[09:31:56] ✅ 1042102 → AUTH OK
[09:31:56] ✅ 1102068 → AUTH OK
[09:31:56] ✅ 1078022 → AUTH OK
[09:31:56] ✅ 1102184 → AUTH OK
[09:31:56] ✅ 1039880 → AUTH OK
[09:31:56] ✅ 1102147 → AUTH OK
[09:31:56] ✅ 4132 → AUTH OK
[09:31:56] ✅ 1102120 → AUTH OK
[09:31:56] ✅ 1101217 → AUTH OK
[09:31:56] ✅ 1102258 → AUTH OK
[09:31:56] ✅ 1100831 → AUTH OK
[09:31:56] ✅ 1080585 → AUTH OK
[09:31:56] ✅ 1102284 → AUTH OK
[09:31:56] ✅ 1102067 → AUTH OK
[09:31:56] ✅ 1078001 → AUTH OK
[09:31:56] ✅ 1102134 → AUTH OK
[09:31:56] ✅ 1102069 → AUTH OK
[09:31:56] ✅ 1037501 → AUTH OK
[09:31:56] ✅ 5172 → AUTH OK
[09:31:56] ✅ 20834 → AUTH OK
[09:31:56] ✅ 1041689 → AUTH OK
[09:31:56] ✅ 1101219 → AUTH OK
[09:31:56] ✅ 43628 → AUTH OK
[09:31:56] ✅ 1102276 → AUTH OK
[09:31:56] ✅ 1102236 → AUTH OK
[09:31:56] ✅ 4911 → AUTH OK
[09:31:56] ✅ 1102124 → AUTH OK
[09:31:56] ✅ 1102078 → AUTH OK
[09:31:56] ✅ 14699 → AUTH OK
[09:31:56] ✅ 1102275 → AUTH OK
[09:31:56] ✅ 1095009 → AUTH OK
[09:31:56] ✅ 1020826 → AUTH OK
[09:31:56] ✅ 1102104 → AUTH OK
[09:31:56] ✅ 1011900 → AUTH OK
[09:31:56] ✅ 1102281 → AUTH OK
[09:31:56] ✅ 27047 → AUTH OK
[09:31:56] ✅ 1102294 → AUTH OK
[09:31:56] ✅ 5100 → AUTH OK
[09:31:56] ✅ 1094757 → AUTH OK
[09:31:56] ✅ 14697 → AUTH OK
[09:31:56] ✅ 1014604 → AUTH OK
[09:31:56] ✅ 1102135 → AUTH OK
[09:31:56] ✅ 1101452 → AUTH OK
[09:31:56] ✅ 1102168 → AUTH OK
[09:31:56] ✅ 1052124 → AUTH OK
[09:31:56] ✅ 1088548 → AUTH OK
[09:31:56] ✅ 4175 → AUTH OK
[09:31:56] ✅ 1102228 → AUTH OK
[09:31:56] ✅ 1092639 → AUTH OK
[09:31:56] ✅ 1094680 → AUTH OK
[09:31:56] ✅ 1092638 → AUTH OK
[09:31:56] ✅ 1054725 → AUTH OK
[09:31:56] ✅ 1088547 → AUTH OK
[09:31:57] ✅ 1101222 → AUTH OK
[09:31:57] ✅ 1101523 → AUTH OK
[09:31:57] ✅ 27908 → AUTH OK
[09:31:57] ✅ 1102239 → AUTH OK
[09:31:57] ✅ 1054741 → AUTH OK
[09:31:57] ✅ 1102075 → AUTH OK
[09:31:57] ✅ 13772 → AUTH OK
[09:31:57] ✅ 1039949 → AUTH OK
[09:31:57] ✅ 1027478 → AUTH OK
[09:31:57] ✅ 16605 → AUTH OK
[09:31:57] ✅ 1102108 → AUTH OK
[09:31:57] ✅ 1102121 → AUTH OK
[09:31:57] ✅ 11272 → AUTH OK
[09:31:57] ✅ 1102227 → AUTH OK
[09:31:57] ✅ 4918 → AUTH OK
[09:31:57] ✅ 1102107 → AUTH OK
[09:31:57] ✅ 1101449 → AUTH OK
[09:31:57] ✅ 1102126 → AUTH OK
[09:31:57] ✅ 1060262 → AUTH OK
[09:31:57] ✅ 1102099 → AUTH OK
[09:31:57] ✅ 1031592 → AUTH OK
[09:31:57] ✅ 7686 → AUTH OK
[09:31:57] ✅ 1037507 → AUTH OK
[09:31:57] ✅ 29761 → AUTH OK
[09:31:57] ✅ 6081 → AUTH OK
[09:31:57] ✅ 1102133 → AUTH OK
[09:31:57] ✅ 3943 → AUTH OK
[09:31:57] ✅ 1102122 → AUTH OK
[09:31:57] ✅ 4184 → AUTH OK
[09:31:57] ✅ 1042632 → AUTH OK
[09:31:57] ✅ 1042465 → AUTH OK
[09:31:57] ✅ 1101384 → AUTH OK
[09:31:57] ✅ 1049243 → AUTH OK
[09:31:57] ✅ 1078025 → AUTH OK
[09:31:57] ✅ 1037496 → AUTH OK
[09:31:57] ✅ 1102116 → AUTH OK
[09:31:57] ✅ 1051040 → AUTH OK
[09:31:57] ✅ 29998 → AUTH OK
[09:31:57] ✅ 1044503 → AUTH OK
[09:31:57] ✅ 1041688 → AUTH OK
[09:31:57] ✅ 1040891 → AUTH OK
[09:31:57] ✅ 1074151 → AUTH OK
[09:31:57] ✅ 11264 → AUTH OK
[09:31:57] ✅ 1030389 → AUTH OK
[09:31:57] ✅ 1065383 → AUTH OK
[09:31:57] ✅ 7714 → AUTH OK
[09:31:57] ✅ 1039878 → AUTH OK
[09:31:57] ✅ 1024804 → AUTH OK
[09:31:57] ✅ 1008705 → AUTH OK
[09:31:57] ✅ 1093265 → AUTH OK
[09:31:57] ✅ 1094334 → AUTH OK
[09:31:57] ✅ 1037228 → AUTH OK
[09:31:57] ✅ 1076602 → AUTH OK
[09:31:57] ✅ 1031638 → AUTH OK
[09:31:58] ✅ 1039847 → AUTH OK
[09:31:58] ✅ 1039860 → AUTH OK
[09:31:58] ✅ 1041672 → AUTH OK
[09:31:58] ✅ 1009194 → AUTH OK
[09:31:58] ✅ 1102273 → AUTH OK
[09:31:58] ✅ 4106 → AUTH OK
[09:31:58] ✅ 28206 → AUTH OK
[09:31:58] ✅ 1039846 → AUTH OK
[09:31:58] ✅ 1047659 → AUTH OK
[09:31:58] ✅ 50915 → AUTH OK
[09:31:58] ✅ 1041687 → AUTH OK
[09:31:58] ✅ 1039875 → AUTH OK
[09:31:58] ✅ 1096733 → AUTH OK
[09:31:58] ✅ 2855 → AUTH OK
[09:31:58] ✅ 1024343 → AUTH OK
[09:31:58] ✅ 25805 → AUTH OK
[09:31:58] ✅ 9292 → AUTH OK
[09:31:58] ✅ 1039864 → AUTH OK
[09:31:58] ✅ 1089130 → AUTH OK
[09:31:58] ✅ 1097120 → AUTH OK
[09:31:58] ✅ 1039850 → AUTH OK
[09:31:58] ✅ 1001773 → AUTH OK
[09:31:58] ✅ 7258 → AUTH OK
[09:31:58] ✅ 1041685 → AUTH OK
[09:31:58] ✅ 1018795 → AUTH OK
[09:31:58] ✅ 1039862 → AUTH OK
[09:31:58] ✅ 1031636 → AUTH OK
[09:31:58] ✅ 1036959 → AUTH OK
[09:31:58] ✅ 4097 → AUTH OK
[09:31:58] ✅ 1039865 → AUTH OK
[09:31:58] ✅ 9242 → AUTH OK
[09:31:58] ✅ 1088822 → AUTH OK
[09:31:58] ✅ 9365 → AUTH OK
[09:31:58] ✅ 1037033 → AUTH OK
[09:31:58] ✅ 25803 → AUTH OK
[09:31:58] ✅ 27151 → AUTH OK
[09:31:58] ✅ 36376 → AUTH OK
[09:31:58] ✅ 1098929 → AUTH OK
[09:31:58] ✅ 1039849 → AUTH OK
[09:31:58] ✅ 7543 → AUTH OK
[09:31:58] ✅ 13958 → AUTH OK
[09:31:58] ✅ 7813 → AUTH OK
[09:31:58] ✅ 44361 → AUTH OK
[09:31:58] ✅ 1039851 → AUTH OK
[09:31:58] ✅ 1041244 → AUTH OK
[09:31:58] ✅ 1039848 → AUTH OK
[09:31:58] ✅ 1040466 → AUTH OK
[09:31:58] ✅ 4693 → AUTH OK
[09:31:58] ✅ 56048 → AUTH OK
[09:31:58] ✅ 1041449 → AUTH OK
[09:31:58] ✅ 14120 → AUTH OK
[09:31:58] ✅ 4380 → AUTH OK
[09:31:58] ✅ 7301 → AUTH OK
[09:31:58] ✅ 7841 → AUTH OK
[09:31:58] ✅ 9920 → AUTH OK
[09:31:58] ✅ 1056572 → AUTH OK
[09:31:58] ✅ 28968 → AUTH OK
[09:31:59] ✅ 1041394 → AUTH OK
[09:31:59] ✅ 1016089 → AUTH OK
[09:31:59] ✅ 1080239 → AUTH OK
[09:31:59] ✅ 4189 → AUTH OK
[09:31:59] ✅ 1022965 → AUTH OK
[09:31:59] ✅ 55733 → AUTH OK
[09:31:59] ✅ 27373 → AUTH OK
[09:31:59] ✅ 4178 → AUTH OK
[09:31:59] ✅ 1030438 → AUTH OK
[09:31:59] ✅ 1075746 → AUTH OK
[09:31:59] ✅ 24521 → AUTH OK
[09:31:59] ✅ 1037525 → AUTH OK
[09:31:59] ✅ 4171 → AUTH OK
[09:31:59] ✅ 60083 → AUTH OK
[09:31:59] ✅ 1037518 → AUTH OK
[09:31:59] ✅ 1053400 → AUTH OK
[09:31:59] ✅ 1008456 → AUTH OK
[09:31:59] ✅ 1016053 → AUTH OK
[09:31:59] ✅ 60085 → AUTH OK
[09:31:59] ✅ 17069 → AUTH OK
[09:31:59] ✅ 1041743 → AUTH OK
[09:31:59] ✅ 9487 → AUTH OK
[09:31:59] ✅ 1041728 → AUTH OK
[09:31:59] ✅ 1008418 → AUTH OK
[09:31:59] ✅ 25804 → AUTH OK
[09:31:59] ✅ 10940 → AUTH OK
[09:31:59] ✅ 1018652 → AUTH OK
[09:31:59] ✅ 1037961 → AUTH OK
[09:31:59] ✅ 55272 → AUTH OK
[09:31:59] ✅ 1050791 → AUTH OK
[09:31:59] ✅ 1049666 → AUTH OK
[09:31:59] ✅ 1016088 → AUTH OK
[09:31:59] ✅ 1030504 → AUTH OK
[09:31:59] ✅ 1042615 → AUTH OK
[09:31:59] ✅ 5059 → AUTH OK
[09:31:59] ✅ 1053618 → AUTH OK
[09:31:59] ✅ 1036962 → AUTH OK
[09:31:59] ✅ 1042635 → AUTH OK
[09:31:59] ✅ 1037511 → AUTH OK
[09:31:59] ✅ 1011174 → AUTH OK
[09:31:59] ✅ 1007054 → AUTH OK
[09:31:59] ✅ 1018799 → AUTH OK
[09:31:59] ✅ 1016133 → AUTH OK
[09:31:59] ✅ 4248 → AUTH OK
[09:31:59] ✅ 4891 → AUTH OK
[09:31:59] ✅ 1042453 → AUTH OK
[09:31:59] ✅ 3960 → AUTH OK
[09:31:59] ✅ 28925 → AUTH OK
[09:31:59] ✅ 1046654 → AUTH OK
[09:31:59] ✅ 1041504 → AUTH OK
[09:31:59] ✅ 3981 → AUTH OK
[09:31:59] ✅ 3910 → AUTH OK
[09:31:59] ✅ 1037526 → AUTH OK
[09:31:59] ✅ 14702 → AUTH OK
[09:31:59] ✅ 19528 → AUTH OK
[09:31:59] ✅ 6044 → AUTH OK
[09:32:00] ✅ 1012595 → AUTH OK
[09:32:00] ✅ 32194 → AUTH OK
[09:32:00] ✅ 4028 → AUTH OK
[09:32:00] ✅ 22684 → AUTH OK
[09:32:00] ✅ 4008 → AUTH OK
[09:32:00] ✅ 14694 → AUTH OK
[09:32:00] ✅ 7534 → AUTH OK
[09:32:00] ✅ 1067946 → AUTH OK
[09:32:00] ✅ 58633 → AUTH OK
[09:32:00] ✅ 4067 → AUTH OK
[09:32:00] ✅ 4232 → AUTH OK
[09:32:00] ✅ 25860 → AUTH OK
[09:32:00] ✅ 6057 → AUTH OK
[09:32:00] ✅ 7881 → AUTH OK
[09:32:00] ✅ 10250 → AUTH OK
[09:32:00] ✅ 1091219 → AUTH OK
[09:32:00] ✅ 1019166 → AUTH OK
[09:32:00] ✅ 43348 → AUTH OK
[09:32:00] ✅ 1005799 → AUTH OK
[09:32:00] ✅ 1092958 → AUTH OK
[09:32:00] ✅ 1050645 → AUTH OK
[09:32:00] ✅ 1018798 → AUTH OK
[09:32:00] ✅ 1042640 → AUTH OK
[09:32:00] ✅ 1037530 → AUTH OK
[09:32:00] ✅ 1020333 → AUTH OK
[09:32:00] ✅ 1005798 → AUTH OK
[09:32:00] ✅ 9135 → AUTH OK
[09:32:00] ✅ 1089067 → AUTH OK
[09:32:00] ✅ 1041725 → AUTH OK
[09:32:00] ✅ 1015289 → AUTH OK
[09:32:00] ✅ 1025291 → AUTH OK
[09:32:00] ✅ 4608 → AUTH OK
[09:32:00] ✅ 1058794 → AUTH OK
[09:32:00] ✅ 1044095 → AUTH OK
[09:32:00] ✅ 1034375 → AUTH OK
[09:32:00] ✅ 27150 → AUTH OK
[09:32:00] ✅ 1058533 → AUTH OK
[09:32:00] ✅ 1023626 → AUTH OK
[09:32:00] ✅ 1034383 → AUTH OK
[09:32:00] ✅ 1034254 → AUTH OK
[09:32:00] ✅ 1015291 → AUTH OK
[09:32:00] ✅ 1034186 → AUTH OK
[09:32:00] ✅ 1039751 → AUTH OK
[09:32:00] ✅ 27716 → AUTH OK
[09:32:00] ✅ 1013208 → AUTH OK
[09:32:00] ✅ 1039768 → AUTH OK
[09:32:00] ✅ 4042 → AUTH OK
[09:32:00] ✅ 1037502 → AUTH OK
[09:32:00] ✅ 1063761 → AUTH OK
[09:32:00] ✅ 496 → AUTH OK
[09:32:00] ✅ 7747 → AUTH OK
[09:32:00] ✅ 44966 → AUTH OK
[09:32:00] ✅ 1088790 → AUTH OK
[09:32:01] ✅ 1016986 → AUTH OK
[09:32:01] ✅ 27715 → AUTH OK
[09:32:01] ✅ 1020288 → AUTH OK
[09:32:01] ✅ 1037520 → AUTH OK
[09:32:01] ✅ 28214 → AUTH OK
[09:32:01] ✅ 24351 → AUTH OK
[09:32:01] ✅ 4306 → AUTH OK
[09:32:01] ✅ 1088803 → AUTH OK
[09:32:01] ✅ 1083399 → AUTH OK
[09:32:01] ✅ 1033632 → AUTH OK
[09:32:01] ✅ 1039424 → AUTH OK
[09:32:01] ✅ 9373 → AUTH OK
[09:32:01] ✅ 4217 → AUTH OK
[09:32:01] ✅ 1067686 → AUTH OK
[09:32:01] ✅ 52996 → AUTH OK
[09:32:01] ✅ 1037142 → AUTH OK
[09:32:01] ✅ 7752 → AUTH OK
[09:32:01] ✅ 1053939 → AUTH OK
[09:32:01] ✅ 1036961 → AUTH OK
[09:32:01] ✅ 26401 → AUTH OK
[09:32:01] ✅ 1015795 → AUTH OK
[09:32:01] ✅ 7222 → AUTH OK
[09:32:01] ✅ 16791 → AUTH OK
[09:32:01] ✅ 1041692 → AUTH OK
[09:32:01] ✅ 1020190 → AUTH OK
[09:32:01] ✅ 15527 → AUTH OK
[09:32:01] ✅ 1063452 → AUTH OK
[09:32:01] ✅ 4332 → AUTH OK
[09:32:01] ✅ 44366 → AUTH OK
[09:32:01] ✅ 509 → AUTH OK
[09:32:01] ✅ 6093 → AUTH OK
[09:32:01] ✅ 9420 → AUTH OK
[09:32:01] ✅ 1003802 → AUTH OK
[09:32:01] ✅ 1008409 → AUTH OK
[09:32:01] ✅ 1003773 → AUTH OK
[09:32:01] ✅ 30524 → AUTH OK
[09:32:01] ✅ 1030422 → AUTH OK
[09:32:01] ✅ 1065451 → AUTH OK
[09:32:01] ✅ 22305 → AUTH OK
[09:32:01] ✅ 1005991 → AUTH OK
[09:32:01] ✅ 5041 → AUTH OK
[09:32:01] ✅ 25938 → AUTH OK
[09:32:01] ✅ 4739 → AUTH OK
[09:32:01] ✅ 1008335 → AUTH OK
[09:32:01] ✅ 4902 → AUTH OK
[09:32:01] ✅ 522 → AUTH OK
[09:32:01] ✅ 1039842 → AUTH OK
[09:32:01] ✅ 9413 → AUTH OK
[09:32:01] ✅ 32294 → AUTH OK
[09:32:01] ✅ 26230 → AUTH OK
[09:32:01] ✅ 1040228 → AUTH OK
[09:32:01] ✅ 26676 → AUTH OK
[09:32:01] ✅ 62637 → AUTH OK
[09:32:01] ✅ 1039877 → AUTH OK
[09:32:01] ✅ 9411 → AUTH OK
[09:32:01] ✅ 24929 → AUTH OK
[09:32:01] ✅ 1005804 → AUTH OK
[09:32:02] ✅ 1021922 → AUTH OK
[09:32:02] ✅ 31987 → AUTH OK
[09:32:02] ✅ 25011 → AUTH OK
[09:32:02] ✅ 25808 → AUTH OK
[09:32:02] ✅ 1037532 → AUTH OK
[09:32:02] ✅ 1012189 → AUTH OK
[09:32:02] ✅ 9424 → AUTH OK
[09:32:02] ✅ 9350 → AUTH OK
[09:32:02] ✅ 1037345 → AUTH OK
[09:32:02] ✅ 1039272 → AUTH OK
[09:32:02] ✅ 1041505 → AUTH OK
[09:32:02] ✅ 1040731 → AUTH OK
[09:32:02] ✅ 36879 → AUTH OK
[09:32:02] ✅ 9551 → AUTH OK
[09:32:02] ✅ 4036 → AUTH OK
[09:32:02] ✅ 14166 → AUTH OK
[09:32:02] ✅ 1034324 → AUTH OK
[09:32:02] ✅ 4733 → AUTH OK
[09:32:02] ✅ 9491 → AUTH OK
[09:32:02] ✅ 9474 → AUTH OK
[09:32:02] ✅ 1008404 → AUTH OK
[09:32:02] ✅ 1031296 → AUTH OK
[09:32:02] ✅ 1042439 → AUTH OK
[09:32:02] ✅ 1071622 → AUTH OK
[09:32:02] ✅ 7350 → AUTH OK
[09:32:02] ✅ 1037506 → AUTH OK
[09:32:02] ✅ 4045 → AUTH OK
[09:32:02] ✅ 1025740 → AUTH OK
[09:32:02] ✅ 1012081 → AUTH OK
[09:32:02] ✅ 14669 → AUTH OK
[09:32:02] ✅ 18823 → AUTH OK
[09:32:02] ✅ 4107 → AUTH OK
[09:32:02] ✅ 5058 → AUTH OK
[09:32:02] ✅ 1041753 → AUTH OK
[09:32:02] ✅ 1027903 → AUTH OK
[09:32:02] ✅ 4725 → AUTH OK
[09:32:02] ✅ 1037523 → AUTH OK
[09:32:02] ✅ 4715 → AUTH OK
[09:32:02] ✅ 1005797 → AUTH OK
[09:32:02] ✅ 9132 → AUTH OK
[09:32:02] ✅ 1065987 → AUTH OK
[09:32:02] ✅ 1014990 → AUTH OK
[09:32:02] ✅ 26640 → AUTH OK
[09:32:02] ✅ 1052503 → AUTH OK
[09:32:02] ✅ 1015840 → AUTH OK
[09:32:02] ✅ 1064038 → AUTH OK
[09:32:02] ✅ 4050 → AUTH OK
[09:32:02] ✅ 1015442 → AUTH OK
[09:32:02] ✅ 4272 → AUTH OK
[09:32:02] ✅ 1041473 → AUTH OK
[09:32:03] ✅ 18460 → AUTH OK
[09:32:03] ✅ 1037514 → AUTH OK
[09:32:03] ✅ 51499 → AUTH OK
[09:32:03] ✅ 7618 → AUTH OK
[09:32:03] ✅ 1036772 → AUTH OK
[09:32:03] ✅ 1016381 → AUTH OK
[09:32:03] ✅ 7137 → AUTH OK
[09:32:03] ✅ 27219 → AUTH OK
[09:32:03] ✅ 9136 → AUTH OK
[09:32:03] ✅ 1037510 → AUTH OK
[09:32:03] ✅ 4051 → AUTH OK
[09:32:03] ✅ 7679 → AUTH OK
[09:32:03] ✅ 16522 → AUTH OK
[09:32:03] ✅ 1020453 → AUTH OK
[09:32:03] ✅ 1020547 → AUTH OK
[09:32:03] ✅ 1041496 → AUTH OK
[09:32:03] ✅ 1084553 → AUTH OK
[09:32:03] ✅ 1041458 → AUTH OK
[09:32:03] ✅ 5145 → AUTH OK
[09:32:03] ✅ 1015286 → AUTH OK
[09:32:03] ✅ 3965 → AUTH OK
[09:32:03] ✅ 1041393 → AUTH OK
[09:32:03] ✅ 1037531 → AUTH OK
[09:32:03] ✅ 1075745 → AUTH OK
[09:32:03] ✅ 1041242 → AUTH OK
[09:32:03] ✅ 9384 → AUTH OK
[09:32:03] ✅ 9174 → AUTH OK
[09:32:03] ✅ 1039840 → AUTH OK
[09:32:03] ✅ 25571 → AUTH OK
[09:32:03] ✅ 46485 → AUTH OK
[09:32:03] ✅ 55466 → AUTH OK
[09:32:03] ✅ 7232 → AUTH OK
[09:32:03] ✅ 26281 → AUTH OK
[09:32:03] ✅ 1032460 → AUTH OK
[09:32:03] ✅ 25045 → AUTH OK
[09:32:03] ✅ 1037527 → AUTH OK
[09:32:03] ✅ 1016383 → AUTH OK
[09:32:03] ✅ 30784 → AUTH OK
[09:32:03] ✅ 9194 → AUTH OK
[09:32:03] ✅ 1003767 → AUTH OK
[09:32:03] ✅ 55853 → AUTH OK
[09:32:03] ✅ 42945 → AUTH OK
[09:32:03] ✅ 1037491 → AUTH OK
[09:32:03] ✅ 1037503 → AUTH OK
[09:32:03] ✅ 1029684 → AUTH OK
[09:32:03] ✅ 1015975 → AUTH OK
[09:32:03] ✅ 19513 → AUTH OK
[09:32:03] ✅ 1007282 → AUTH OK
[09:32:03] ✅ 18164 → AUTH OK
[09:32:03] ✅ 25181 → AUTH OK
[09:32:03] ✅ 5182 → AUTH OK
[09:32:03] ✅ 3896 → AUTH OK
[09:32:03] ✅ 62250 → AUTH OK
[09:32:04] ✅ 1035744 → AUTH OK
[09:32:04] ✅ 1088811 → AUTH OK
[09:32:04] ✅ 1037517 → AUTH OK
[09:32:04] ✅ 1037516 → AUTH OK
[09:32:04] ✅ 1037521 → AUTH OK
[09:32:04] ✅ 1042605 → AUTH OK
[09:32:04] ✅ 1032461 → AUTH OK
[09:32:04] ✅ 1012280 → AUTH OK
[09:32:04] ✅ 1032901 → AUTH OK
[09:32:04] ✅ 7293 → AUTH OK
[09:32:04] ✅ 9246 → AUTH OK
[09:32:04] ✅ 1041804 → AUTH OK
[09:32:04] ✅ 1041239 → AUTH OK
[09:32:04] ✅ 5150 → AUTH OK
[09:32:04] ✅ 4889 → AUTH OK
[09:32:04] ✅ 14354 → AUTH OK
[09:32:04] ✅ 1040181 → AUTH OK
[09:32:04] ✅ 1047917 → AUTH OK
[09:32:04] ✅ 5220 → AUTH OK
[09:32:04] ✅ 1056892 → AUTH OK
[09:32:04] ✅ 1020338 → AUTH OK
[09:32:04] ✅ 6119 → AUTH OK
[09:32:04] ✅ 1061843 → AUTH OK
[09:32:04] ✅ 1036383 → AUTH OK
[09:32:04] ✅ 1084822 → AUTH OK
[09:32:04] ✅ 16523 → AUTH OK
[09:32:04] ✅ 4919 → AUTH OK
[09:32:04] ✅ 1041683 → AUTH OK
[09:32:04] ✅ 1050804 → AUTH OK
[09:32:04] ✅ 9285 → AUTH OK
[09:32:04] ✅ 4910 → AUTH OK
[09:32:04] ✅ 4780 → AUTH OK
[09:32:04] ✅ 1052727 → AUTH OK
[09:32:04] ✅ 17483 → AUTH OK
[09:32:04] ✅ 9784 → AUTH OK
[09:32:04] ✅ 29954 → AUTH OK
[09:32:04] ✅ 1033177 → AUTH OK
[09:32:04] ✅ 9661 → AUTH OK
[09:32:04] ✅ 1041199 → AUTH OK
[09:32:04] ✅ 7537 → AUTH OK
[09:32:04] ✅ 1018468 → AUTH OK
[09:32:04] ✅ 28235 → AUTH OK
[09:32:04] ✅ 1041732 → AUTH OK
[09:32:04] ✅ 27725 → AUTH OK
[09:32:04] ✅ 1006037 → AUTH OK
[09:32:04] ✅ 4852 → AUTH OK
[09:32:04] ✅ 9150 → AUTH OK
[09:32:04] ✅ 3145 → AUTH OK
[09:32:04] ✅ 1041465 → AUTH OK
[09:32:04] ✅ 1041726 → AUTH OK
[09:32:04] ✅ 1030383 → AUTH OK
[09:32:04] ✅ 7814 → AUTH OK
[09:32:04] ✅ 7753 → AUTH OK
[09:32:05] ✅ 19110 → AUTH OK
[09:32:05] ✅ 1074202 → AUTH OK
[09:32:05] ✅ 1013210 → AUTH OK
[09:32:05] ✅ 4163 → AUTH OK
[09:32:05] ✅ 1055922 → AUTH OK
[09:32:05] ✅ 1028118 → AUTH OK
[09:32:05] ✅ 25281 → AUTH OK
[09:32:05] ✅ 28863 → AUTH OK
[09:32:05] ✅ 9044 → AUTH OK
[09:32:05] ✅ 7312 → AUTH OK
[09:32:05] ✅ 1050768 → AUTH OK
[09:32:05] ✅ 7856 → AUTH OK
[09:32:05] ✅ 4904 → AUTH OK
[09:32:05] ✅ 6096 → AUTH OK
[09:32:05] ✅ 7260 → AUTH OK
[09:32:05] ✅ 5080 → AUTH OK
[09:32:05] ✅ 1019687 → AUTH OK
[09:32:05] ✅ 27432 → AUTH OK
[09:32:05] ✅ 1088778 → AUTH OK
[09:32:05] ✅ 4379 → AUTH OK
[09:32:05] ✅ 9131 → AUTH OK
[09:32:05] ✅ 4425 → AUTH OK
[09:32:05] ✅ 1398 → AUTH OK
[09:32:05] ✅ 4255 → AUTH OK
[09:32:05] ✅ 1020350 → AUTH OK
[09:32:05] ✅ 1041566 → AUTH OK
[09:32:05] ✅ 58822 → AUTH OK
[09:32:05] ✅ 1026095 → AUTH OK
[09:32:05] ✅ 1042822 → AUTH OK
[09:32:05] ✅ 5105 → AUTH OK
[09:32:05] ✅ 19289 → AUTH OK
[09:32:05] ✅ 1041211 → AUTH OK
[09:32:05] ✅ 1031639 → AUTH OK
[09:32:05] ✅ 6079 → AUTH OK
[09:32:05] ✅ 1041495 → AUTH OK
[09:32:05] ✅ 30441 → AUTH OK
[09:32:05] ✅ 1014297 → AUTH OK
[09:32:05] ✅ 7627 → AUTH OK
[09:32:05] ✅ 1039748 → AUTH OK
[09:32:05] ✅ 1054202 → AUTH OK
[09:32:05] ✅ 1009967 → AUTH OK
[09:32:05] ✅ 19294 → AUTH OK
[09:32:05] ✅ 1041691 → AUTH OK
[09:32:05] ✅ 9176 → AUTH OK
[09:32:05] ✅ 1031640 → AUTH OK
[09:32:05] ✅ 4340 → AUTH OK
[09:32:05] ✅ 10268 → AUTH OK
[09:32:05] ✅ 7308 → AUTH OK
[09:32:05] ✅ 26729 → AUTH OK
[09:32:05] ✅ 1013662 → AUTH OK
[09:32:05] ✅ 43960 → AUTH OK
[09:32:05] ✅ 9780 → AUTH OK
[09:32:05] ✅ 54684 → AUTH OK
[09:32:05] ✅ 1055117 → AUTH OK
[09:32:05] ✅ 29510 → AUTH OK
[09:32:05] ✅ 24522 → AUTH OK
[09:32:05] ✅ 32811 → AUTH OK
[09:32:06] ✅ 33645 → AUTH OK
[09:32:06] ✅ 1066216 → AUTH OK
[09:32:06] ✅ 984 → AUTH OK
[09:32:06] ✅ 1039923 → AUTH OK
[09:32:06] ✅ 1041684 → AUTH OK
[09:32:06] ✅ 12947 → AUTH OK
[09:32:06] ✅ 482 → AUTH OK
[09:32:06] ✅ 9291 → AUTH OK
[09:32:06] ✅ 1041782 → AUTH OK
[09:32:06] ✅ 22884 → AUTH OK
[09:32:06] ✅ 1018796 → AUTH OK
[09:32:06] ✅ 9527 → AUTH OK
[09:32:06] ✅ 1030384 → AUTH OK
[09:32:06] ✅ 4714 → AUTH OK
[09:32:06] ✅ 4881 → AUTH OK
[09:32:06] ✅ 9653 → AUTH OK
[09:32:06] ✅ 1008441 → AUTH OK
[09:32:06] ✅ 1089364 → AUTH OK
[09:32:06] ✅ 476 → AUTH OK
[09:32:06] ✅ 1065452 → AUTH OK
[09:32:06] ✅ 1039863 → AUTH OK
[09:32:06] ✅ 1033524 → AUTH OK
[09:32:06] ✅ 1056146 → AUTH OK
[09:32:06] ✅ 5103 → AUTH OK
[09:32:06] ✅ 1078620 → AUTH OK
[09:32:06] ✅ 1075662 → AUTH OK
[09:32:06] ✅ 6035 → AUTH OK
[09:32:06] ✅ 15614 → AUTH OK
[09:32:06] ✅ 24767 → AUTH OK
[09:32:06] ✅ 3976 → AUTH OK
[09:32:06] ✅ 1019544 → AUTH OK
[09:32:06] ✅ 1035939 → AUTH OK
[09:32:06] ✅ 1027244 → AUTH OK
[09:32:06] ✅ 1049288 → AUTH OK
[09:32:06] ✅ 14703 → AUTH OK
[09:32:06] ✅ 1004633 → AUTH OK
[09:32:06] ✅ 1054735 → AUTH OK
[09:32:06] ✅ 1054736 → AUTH OK
[09:32:06] ✅ 52682 → AUTH OK
[09:32:06] ✅ 25008 → AUTH OK
[09:32:06] ✅ 5061 → AUTH OK
[09:32:06] ✅ 1092992 → AUTH OK
[09:32:06] ✅ 62907 → AUTH OK
[09:32:06] ✅ 26294 → AUTH OK
[09:32:06] ✅ 1041729 → AUTH OK
[09:32:06] ✅ 31792 → AUTH OK
[09:32:06] ✅ 1049289 → AUTH OK
[09:32:07] ✅ 3906 → AUTH OK
[09:32:07] ✅ 1042215 → AUTH OK
[09:32:07] ✅ 1024041 → AUTH OK
[09:32:07] ✅ 1054730 → AUTH OK
[09:32:07] ✅ 6121 → AUTH OK
[09:32:07] ✅ 1056839 → AUTH OK
[09:32:07] ✅ 1009010 → AUTH OK
[09:32:07] ✅ 1032344 → AUTH OK
[09:32:07] ✅ 1041567 → AUTH OK
[09:32:07] ✅ 4976 → AUTH OK
[09:32:07] ✅ 1059680 → AUTH OK
[09:32:07] ✅ 49852 → AUTH OK
[09:32:07] ✅ 4124 → AUTH OK
[09:32:07] ✅ 9497 → AUTH OK
[09:32:07] ✅ 1009117 → AUTH OK
[09:32:07] ✅ 24880 → AUTH OK
[09:32:07] ✅ 1056846 → AUTH OK
[09:32:07] ✅ 1036955 → AUTH OK
[09:32:07] ✅ 1068242 → AUTH OK
[09:32:07] ✅ 1020755 → AUTH OK
[09:32:07] ✅ 38446 → AUTH OK
[09:32:07] ✅ 39874 → AUTH OK
[09:32:07] ✅ 1021629 → AUTH OK
[09:32:07] ✅ 1088219 → AUTH OK
[09:32:07] ✅ 1025576 → AUTH OK
[09:32:07] ✅ 9100 → AUTH OK
[09:32:07] ✅ 9169 → AUTH OK
[09:32:07] ✅ 1054742 → AUTH OK
[09:32:07] ✅ 4890 → AUTH OK
[09:32:07] ✅ 9368 → AUTH OK
[09:32:07] ✅ 4038 → AUTH OK
[09:32:07] ✅ 24246 → AUTH OK
[09:32:07] ✅ 1053536 → AUTH OK
[09:32:07] ✅ 10255 → AUTH OK
[09:32:07] ✅ 1004635 → AUTH OK
[09:32:07] ✅ 1082851 → AUTH OK
[09:32:07] ✅ 1036114 → AUTH OK
[09:32:07] ✅ 7504 → AUTH OK
[09:32:07] ✅ 31788 → AUTH OK
[09:32:07] ✅ 1012136 → AUTH OK
[09:32:07] ✅ 1013355 → AUTH OK
[09:32:07] ✅ 15526 → AUTH OK
[09:32:07] ✅ 1004634 → AUTH OK
[09:32:07] ✅ 10270 → AUTH OK
[09:32:07] ✅ 24981 → AUTH OK
[09:32:07] ✅ 1028879 → AUTH OK
[09:32:07] ✅ 1011192 → AUTH OK
[09:32:07] ✅ 1003803 → AUTH OK
[09:32:07] ✅ 7511 → AUTH OK
[09:32:07] ✅ 1053155 → AUTH OK
[09:32:08] ✅ 9504 → AUTH OK
[09:32:08] ✅ 7826 → AUTH OK
[09:32:08] ✅ 1019593 → AUTH OK
[09:32:08] ✅ 4174 → AUTH OK
[09:32:08] ✅ 56144 → AUTH OK
[09:32:09] ✅ 9041 → AUTH OK
[09:32:09] ✅ Fetched 536 venues with shows
[09:32:09] ✅ DONE | Shows=3585 | Movies=54
[12:53:14] 📍 Loaded 754 district venues
[12:53:14] 🚀 DISTRICT SCRAPER STARTED
[12:53:15] ✅ 1102311 → AUTH OK
[12:53:15] ✅ 1101483 → AUTH OK
[12:53:15] ✅ 20856 → AUTH OK
[12:53:15] ✅ 1102175 → AUTH OK
[12:53:15] ✅ 1020401 → AUTH OK
[12:53:15] ✅ 1096456 → AUTH OK
[12:53:15] ✅ 1583 → AUTH OK
[12:53:15] ✅ 1102096 → AUTH OK
[12:53:15] ✅ 1068240 → AUTH OK
[12:53:15] ✅ 1102289 → AUTH OK
[12:53:15] ✅ 1101584 → AUTH OK
[12:53:15] ✅ 1100725 → AUTH OK
[12:53:15] ✅ 51512 → AUTH OK
[12:53:15] ✅ 1102076 → AUTH OK
[12:53:15] ✅ 1102127 → AUTH OK
[12:53:15] ✅ 1101397 → AUTH OK
[12:53:15] ✅ 1044502 → AUTH OK
[12:53:15] ✅ 539 → AUTH OK
[12:53:15] ✅ 1102097 → AUTH OK
[12:53:15] ✅ 61879 → AUTH OK
[12:53:15] ✅ 1102215 → AUTH OK
[12:53:15] ✅ 1102233 → AUTH OK
[12:53:15] ✅ 1086677 → AUTH OK
[12:53:15] ✅ 1082714 → AUTH OK
[12:53:15] ✅ 1102183 → AUTH OK
[12:53:15] ✅ 1102103 → AUTH OK
[12:53:15] ✅ 1067161 → AUTH OK
[12:53:15] ✅ 1102100 → AUTH OK
[12:53:15] ✅ 1102304 → AUTH OK
[12:53:15] ✅ 1096475 → AUTH OK
[12:53:15] ✅ 1068270 → AUTH OK
[12:53:15] ✅ 9508 → AUTH OK
[12:53:16] ✅ 1102098 → AUTH OK
[12:53:16] ✅ 1102119 → AUTH OK
[12:53:16] ✅ 1095290 → AUTH OK
[12:53:16] ✅ 1096524 → AUTH OK
[12:53:16] ✅ 1102280 → AUTH OK
[12:53:16] ✅ 1101450 → AUTH OK
[12:53:16] ✅ 1096734 → AUTH OK
[12:53:16] ✅ 1102094 → AUTH OK
[12:53:16] ✅ 7854 → AUTH OK
[12:53:16] ✅ 1094756 → AUTH OK
[12:53:16] ✅ 4430 → AUTH OK
[12:53:16] ✅ 1102186 → AUTH OK
[12:53:16] ✅ 1102173 → AUTH OK
[12:53:16] ✅ 1102176 → AUTH OK
[12:53:16] ✅ 1102272 → AUTH OK
[12:53:16] ✅ 9736 → AUTH OK
[12:53:16] ✅ 1011906 → AUTH OK
[12:53:16] ✅ 1101451 → AUTH OK
[12:53:16] ✅ 1102095 → AUTH OK
[12:53:16] ✅ 1102182 → AUTH OK
[12:53:16] ✅ 1102164 → AUTH OK
[12:53:16] ✅ 1101355 → AUTH OK
[12:53:16] ✅ 1102256 → AUTH OK
[12:53:16] ✅ 1102248 → AUTH OK
[12:53:16] ✅ 1102090 → AUTH OK
[12:53:16] ✅ 1102071 → AUTH OK
[12:53:16] ✅ 1102270 → AUTH OK
[12:53:16] ✅ 1096482 → AUTH OK
[12:53:16] ✅ 7257 → AUTH OK
[12:53:16] ✅ 1102082 → AUTH OK
[12:53:16] ✅ 4222 → AUTH OK
[12:53:16] ✅ 1101521 → AUTH OK
[12:53:16] ✅ 1102165 → AUTH OK
[12:53:16] ✅ 1102244 → AUTH OK
[12:53:16] ✅ 1102242 → AUTH OK
[12:53:16] ✅ 1102073 → AUTH OK
[12:53:16] ✅ 1038431 → AUTH OK
[12:53:16] ✅ 1102277 → AUTH OK
[12:53:16] ✅ 1101471 → AUTH OK
[12:53:16] ✅ 1102253 → AUTH OK
[12:53:16] ✅ 1102299 → AUTH OK
[12:53:16] ✅ 1102265 → AUTH OK
[12:53:16] ✅ 1102174 → AUTH OK
[12:53:16] ✅ 1102047 → AUTH OK
[12:53:16] ✅ 1102273 → AUTH OK
[12:53:16] ✅ 1102080 → AUTH OK
[12:53:17] ✅ 1102166 → AUTH OK
[12:53:17] ✅ 1102213 → AUTH OK
[12:53:17] ✅ 1102181 → AUTH OK
[12:53:17] ✅ 1102291 → AUTH OK
[12:53:17] ✅ 1102247 → AUTH OK
[12:53:17] ✅ 1102184 → AUTH OK
[12:53:17] ✅ 1102241 → AUTH OK
[12:53:17] ✅ 1056145 → AUTH OK
[12:53:17] ✅ 1101568 → AUTH OK
[12:53:17] ✅ 1102129 → AUTH OK
[12:53:17] ✅ 28486 → AUTH OK
[12:53:17] ✅ 1102132 → AUTH OK
[12:53:17] ✅ 1102084 → AUTH OK
[12:53:17] ✅ 1031364 → AUTH OK
[12:53:17] ✅ 1041690 → AUTH OK
[12:53:17] ✅ 1102055 → AUTH OK
[12:53:17] ✅ 1102261 → AUTH OK
[12:53:17] ✅ 1031589 → AUTH OK
[12:53:17] ✅ 1102269 → AUTH OK
[12:53:17] ✅ 1101387 → AUTH OK
[12:53:17] ✅ 1101423 → AUTH OK
[12:53:17] ✅ 1101590 → AUTH OK
[12:53:17] ✅ 1102123 → AUTH OK
[12:53:17] ✅ 1101368 → AUTH OK
[12:53:17] ✅ 1102125 → AUTH OK
[12:53:17] ✅ 1042102 → AUTH OK
[12:53:17] ✅ 4132 → AUTH OK
[12:53:17] ✅ 1053154 → AUTH OK
[12:53:17] ✅ 1101388 → AUTH OK
[12:53:17] ✅ 1078022 → AUTH OK
[12:53:17] ✅ 1102120 → AUTH OK
[12:53:17] ✅ 1039880 → AUTH OK
[12:53:17] ✅ 1101217 → AUTH OK
[12:53:17] ✅ 1102147 → AUTH OK
[12:53:17] ✅ 1080585 → AUTH OK
[12:53:17] ✅ 1102285 → AUTH OK
[12:53:17] ✅ 1102168 → AUTH OK
[12:53:17] ✅ 1101219 → AUTH OK
[12:53:17] ✅ 1102258 → AUTH OK
[12:53:17] ✅ 1102069 → AUTH OK
[12:53:17] ✅ 1100831 → AUTH OK
[12:53:17] ✅ 1102134 → AUTH OK
[12:53:17] ✅ 1102067 → AUTH OK
[12:53:18] ✅ 1078001 → AUTH OK
[12:53:18] ✅ 1060495 → AUTH OK
[12:53:18] ✅ 20834 → AUTH OK
[12:53:18] ✅ 1102106 → AUTH OK
[12:53:18] ✅ 1102068 → AUTH OK
[12:53:18] ✅ 5172 → AUTH OK
[12:53:18] ✅ 1041689 → AUTH OK
[12:53:18] ✅ 1102276 → AUTH OK
[12:53:18] ✅ 1102137 → AUTH OK
[12:53:18] ✅ 1101452 → AUTH OK
[12:53:18] ✅ 1691 → AUTH OK
[12:53:18] ✅ 1102236 → AUTH OK
[12:53:18] ✅ 1102284 → AUTH OK
[12:53:18] ✅ 1102124 → AUTH OK
[12:53:18] ✅ 43628 → AUTH OK
[12:53:18] ✅ 1102281 → AUTH OK
[12:53:18] ✅ 1094757 → AUTH OK
[12:53:18] ✅ 1102275 → AUTH OK
[12:53:18] ✅ 1102294 → AUTH OK
[12:53:18] ✅ 14699 → AUTH OK
[12:53:18] ✅ 1011900 → AUTH OK
[12:53:18] ✅ 1095009 → AUTH OK
[12:53:18] ✅ 27047 → AUTH OK
[12:53:18] ✅ 1102104 → AUTH OK
[12:53:18] ✅ 1020826 → AUTH OK
[12:53:18] ✅ 14697 → AUTH OK
[12:53:18] ✅ 1014604 → AUTH OK
[12:53:18] ✅ 1102135 → AUTH OK
[12:53:18] ✅ 1037501 → AUTH OK
[12:53:18] ✅ 5100 → AUTH OK
[12:53:18] ✅ 1052124 → AUTH OK
[12:53:18] ✅ 4175 → AUTH OK
[12:53:18] ✅ 1101222 → AUTH OK
[12:53:18] ✅ 1027478 → AUTH OK
[12:53:18] ✅ 1092639 → AUTH OK
[12:53:18] ✅ 1102228 → AUTH OK
[12:53:18] ✅ 1088548 → AUTH OK
[12:53:18] ✅ 1054725 → AUTH OK
[12:53:18] ✅ 1094680 → AUTH OK
[12:53:18] ✅ 1102239 → AUTH OK
[12:53:18] ✅ 1054741 → AUTH OK
[12:53:18] ✅ 1102075 → AUTH OK
[12:53:18] ✅ 4911 → AUTH OK
[12:53:18] ✅ 1102078 → AUTH OK
[12:53:18] ✅ 1088547 → AUTH OK
[12:53:18] ✅ 27908 → AUTH OK
[12:53:18] ✅ 1039949 → AUTH OK
[12:53:18] ✅ 13772 → AUTH OK
[12:53:18] ✅ 1102099 → AUTH OK
[12:53:18] ✅ 1102227 → AUTH OK
[12:53:18] ✅ 16605 → AUTH OK
[12:53:18] ✅ 11272 → AUTH OK
[12:53:19] ✅ 1101449 → AUTH OK
[12:53:19] ✅ 1102107 → AUTH OK
[12:53:19] ✅ 1102108 → AUTH OK
[12:53:19] ✅ 1102121 → AUTH OK
[12:53:19] ✅ 1102133 → AUTH OK
[12:53:19] ✅ 1060262 → AUTH OK
[12:53:19] ✅ 7686 → AUTH OK
[12:53:19] ✅ 1102126 → AUTH OK
[12:53:19] ✅ 1037507 → AUTH OK
[12:53:19] ✅ 1092638 → AUTH OK
[12:53:19] ✅ 1031592 → AUTH OK
[12:53:19] ✅ 6081 → AUTH OK
[12:53:19] ✅ 1042632 → AUTH OK
[12:53:19] ✅ 3943 → AUTH OK
[12:53:19] ✅ 4918 → AUTH OK
[12:53:19] ✅ 1101523 → AUTH OK
[12:53:19] ✅ 29761 → AUTH OK
[12:53:19] ✅ 1101384 → AUTH OK
[12:53:19] ✅ 4184 → AUTH OK
[12:53:19] ✅ 1042465 → AUTH OK
[12:53:19] ✅ 1102122 → AUTH OK
[12:53:19] ✅ 1037033 → AUTH OK
[12:53:19] ✅ 1049243 → AUTH OK
[12:53:19] ✅ 1041688 → AUTH OK
[12:53:19] ✅ 1044503 → AUTH OK
[12:53:19] ✅ 1037496 → AUTH OK
[12:53:19] ✅ 1051040 → AUTH OK
[12:53:19] ✅ 11264 → AUTH OK
[12:53:19] ✅ 50915 → AUTH OK
[12:53:19] ✅ 1040891 → AUTH OK
[12:53:19] ✅ 1102116 → AUTH OK
[12:53:19] ✅ 1039878 → AUTH OK
[12:53:19] ✅ 1008705 → AUTH OK
[12:53:19] ✅ 1093265 → AUTH OK
[12:53:19] ✅ 1030389 → AUTH OK
[12:53:19] ✅ 1065383 → AUTH OK
[12:53:19] ✅ 1031638 → AUTH OK
[12:53:19] ✅ 1024804 → AUTH OK
[12:53:19] ✅ 1094334 → AUTH OK
[12:53:19] ✅ 1076602 → AUTH OK
[12:53:19] ✅ 1039847 → AUTH OK
[12:53:19] ✅ 1037228 → AUTH OK
[12:53:19] ✅ 1039860 → AUTH OK
[12:53:19] ✅ 1009194 → AUTH OK
[12:53:19] ✅ 1041672 → AUTH OK
[12:53:19] ✅ 1078025 → AUTH OK
[12:53:19] ✅ 1031636 → AUTH OK
[12:53:20] ✅ 1039846 → AUTH OK
[12:53:20] ✅ 1047659 → AUTH OK
[12:53:20] ✅ 29998 → AUTH OK
[12:53:20] ✅ 1039875 → AUTH OK
[12:53:20] ✅ 1041687 → AUTH OK
[12:53:20] ✅ 28206 → AUTH OK
[12:53:20] ✅ 1074151 → AUTH OK
[12:53:20] ✅ 4106 → AUTH OK
[12:53:20] ✅ 1096733 → AUTH OK
[12:53:20] ✅ 1024343 → AUTH OK
[12:53:20] ✅ 2855 → AUTH OK
[12:53:20] ✅ 1039862 → AUTH OK
[12:53:20] ✅ 9292 → AUTH OK
[12:53:20] ✅ 25805 → AUTH OK
[12:53:20] ✅ 7714 → AUTH OK
[12:53:20] ✅ 1001773 → AUTH OK
[12:53:20] ✅ 1039864 → AUTH OK
[12:53:20] ✅ 1097120 → AUTH OK
[12:53:20] ✅ 7258 → AUTH OK
[12:53:20] ✅ 1036959 → AUTH OK
[12:53:20] ✅ 1089130 → AUTH OK
[12:53:20] ✅ 1088822 → AUTH OK
[12:53:20] ✅ 1040466 → AUTH OK
[12:53:20] ✅ 1041685 → AUTH OK
[12:53:20] ✅ 4097 → AUTH OK
[12:53:20] ✅ 1039865 → AUTH OK
[12:53:20] ✅ 9365 → AUTH OK
[12:53:20] ✅ 25803 → AUTH OK
[12:53:20] ✅ 9242 → AUTH OK
[12:53:20] ✅ 1018795 → AUTH OK
[12:53:20] ✅ 44361 → AUTH OK
[12:53:20] ✅ 1046654 → AUTH OK
[12:53:20] ✅ 1039849 → AUTH OK
[12:53:20] ✅ 1098929 → AUTH OK
[12:53:20] ✅ 1041244 → AUTH OK
[12:53:20] ✅ 7543 → AUTH OK
[12:53:20] ✅ 1039851 → AUTH OK
[12:53:20] ✅ 7813 → AUTH OK
[12:53:20] ✅ 1039848 → AUTH OK
[12:53:20] ✅ 1041449 → AUTH OK
[12:53:20] ✅ 56048 → AUTH OK
[12:53:20] ✅ 13958 → AUTH OK
[12:53:20] ✅ 7841 → AUTH OK
[12:53:20] ✅ 7301 → AUTH OK
[12:53:20] ✅ 9920 → AUTH OK
[12:53:20] ✅ 1039850 → AUTH OK
[12:53:20] ✅ 4380 → AUTH OK
[12:53:20] ✅ 28968 → AUTH OK
[12:53:20] ✅ 1080239 → AUTH OK
[12:53:20] ✅ 1016089 → AUTH OK
[12:53:20] ✅ 1056572 → AUTH OK
[12:53:20] ✅ 4189 → AUTH OK
[12:53:20] ✅ 27151 → AUTH OK
[12:53:20] ✅ 36376 → AUTH OK
[12:53:21] ✅ 1041394 → AUTH OK
[12:53:21] ✅ 27373 → AUTH OK
[12:53:21] ✅ 1030438 → AUTH OK
[12:53:21] ✅ 1022965 → AUTH OK
[12:53:21] ✅ 4171 → AUTH OK
[12:53:21] ✅ 1018799 → AUTH OK
[12:53:21] ✅ 1075746 → AUTH OK
[12:53:21] ✅ 55733 → AUTH OK
[12:53:21] ✅ 4693 → AUTH OK
[12:53:21] ✅ 4178 → AUTH OK
[12:53:21] ✅ 60083 → AUTH OK
[12:53:21] ✅ 14120 → AUTH OK
[12:53:21] ✅ 1008456 → AUTH OK
[12:53:21] ✅ 1037518 → AUTH OK
[12:53:21] ✅ 1037525 → AUTH OK
[12:53:21] ✅ 24521 → AUTH OK
[12:53:21] ✅ 1016053 → AUTH OK
[12:53:21] ✅ 60085 → AUTH OK
[12:53:21] ✅ 1053400 → AUTH OK
[12:53:21] ✅ 1041743 → AUTH OK
[12:53:21] ✅ 1018652 → AUTH OK
[12:53:21] ✅ 1041728 → AUTH OK
[12:53:21] ✅ 1037961 → AUTH OK
[12:53:21] ✅ 9487 → AUTH OK
[12:53:21] ✅ 1050791 → AUTH OK
[12:53:21] ✅ 17069 → AUTH OK
[12:53:21] ✅ 10940 → AUTH OK
[12:53:21] ✅ 25804 → AUTH OK
[12:53:21] ✅ 1016133 → AUTH OK
[12:53:21] ✅ 55272 → AUTH OK
[12:53:21] ✅ 1030504 → AUTH OK
[12:53:21] ✅ 1036962 → AUTH OK
[12:53:21] ✅ 1016088 → AUTH OK
[12:53:21] ✅ 5059 → AUTH OK
[12:53:21] ✅ 1049666 → AUTH OK
[12:53:21] ✅ 1042635 → AUTH OK
[12:53:21] ✅ 1042640 → AUTH OK
[12:53:21] ✅ 1011174 → AUTH OK
[12:53:21] ✅ 1037511 → AUTH OK
[12:53:21] ✅ 1007054 → AUTH OK
[12:53:21] ✅ 4891 → AUTH OK
[12:53:21] ✅ 4248 → AUTH OK
[12:53:21] ✅ 1042453 → AUTH OK
[12:53:21] ✅ 3960 → AUTH OK
[12:53:21] ✅ 1037502 → AUTH OK
[12:53:21] ✅ 28925 → AUTH OK
[12:53:21] ✅ 3981 → AUTH OK
[12:53:21] ✅ 4232 → AUTH OK
[12:53:21] ✅ 1041504 → AUTH OK
[12:53:21] ✅ 3910 → AUTH OK
[12:53:21] ✅ 1008418 → AUTH OK
[12:53:21] ✅ 22684 → AUTH OK
[12:53:21] ✅ 1037526 → AUTH OK
[12:53:21] ✅ 14702 → AUTH OK
[12:53:22] ✅ 19528 → AUTH OK
[12:53:22] ✅ 1012595 → AUTH OK
[12:53:22] ✅ 1053618 → AUTH OK
[12:53:22] ✅ 1042615 → AUTH OK
[12:53:22] ✅ 7881 → AUTH OK
[12:53:22] ✅ 4028 → AUTH OK
[12:53:22] ✅ 14694 → AUTH OK
[12:53:22] ✅ 6044 → AUTH OK
[12:53:22] ✅ 4008 → AUTH OK
[12:53:22] ✅ 32194 → AUTH OK
[12:53:22] ✅ 7534 → AUTH OK
[12:53:22] ✅ 4067 → AUTH OK
[12:53:22] ✅ 43348 → AUTH OK
[12:53:22] ✅ 9135 → AUTH OK
[12:53:22] ✅ 6057 → AUTH OK
[12:53:22] ✅ 1019166 → AUTH OK
[12:53:22] ✅ 25860 → AUTH OK
[12:53:22] ✅ 1091219 → AUTH OK
[12:53:22] ✅ 58633 → AUTH OK
[12:53:22] ✅ 10250 → AUTH OK
[12:53:22] ✅ 1050645 → AUTH OK
[12:53:22] ✅ 1092958 → AUTH OK
[12:53:22] ✅ 1005799 → AUTH OK
[12:53:22] ✅ 1018798 → AUTH OK
[12:53:22] ✅ 1005798 → AUTH OK
[12:53:22] ✅ 1089067 → AUTH OK
[12:53:22] ✅ 1034375 → AUTH OK
[12:53:22] ✅ 1015289 → AUTH OK
[12:53:22] ✅ 1025291 → AUTH OK
[12:53:22] ✅ 1020333 → AUTH OK
[12:53:22] ✅ 1037530 → AUTH OK
[12:53:22] ✅ 1034383 → AUTH OK
[12:53:22] ✅ 1041725 → AUTH OK
[12:53:22] ✅ 4608 → AUTH OK
[12:53:22] ✅ 27150 → AUTH OK
[12:53:22] ✅ 1023626 → AUTH OK
[12:53:22] ✅ 1044095 → AUTH OK
[12:53:22] ✅ 1067946 → AUTH OK
[12:53:22] ✅ 1034254 → AUTH OK
[12:53:22] ✅ 1033632 → AUTH OK
[12:53:22] ✅ 1019593 → AUTH OK
[12:53:22] ✅ 1034186 → AUTH OK
[12:53:22] ✅ 1039768 → AUTH OK
[12:53:22] ✅ 1015291 → AUTH OK
[12:53:22] ✅ 27715 → AUTH OK
[12:53:22] ✅ 1013208 → AUTH OK
[12:53:22] ✅ 27716 → AUTH OK
[12:53:22] ✅ 4042 → AUTH OK
[12:53:22] ✅ 1039751 → AUTH OK
[12:53:22] ✅ 7747 → AUTH OK
[12:53:22] ✅ 44966 → AUTH OK
[12:53:22] ✅ 1063761 → AUTH OK
[12:53:22] ✅ 4306 → AUTH OK
[12:53:22] ✅ 496 → AUTH OK
[12:53:22] ✅ 1016986 → AUTH OK
[12:53:22] ✅ 24929 → AUTH OK
[12:53:23] ✅ 24351 → AUTH OK
[12:53:23] ✅ 1088790 → AUTH OK
[12:53:23] ✅ 1058794 → AUTH OK
[12:53:23] ✅ 28214 → AUTH OK
[12:53:23] ✅ 1058533 → AUTH OK
[12:53:23] ✅ 1083399 → AUTH OK
[12:53:23] ✅ 1037520 → AUTH OK
[12:53:23] ✅ 1020288 → AUTH OK
[12:53:23] ✅ 1037142 → AUTH OK
[12:53:23] ✅ 9373 → AUTH OK
[12:53:23] ✅ 1039424 → AUTH OK
[12:53:23] ✅ 4217 → AUTH OK
[12:53:23] ✅ 1088803 → AUTH OK
[12:53:23] ✅ 1067686 → AUTH OK
[12:53:23] ✅ 1015795 → AUTH OK
[12:53:23] ✅ 31987 → AUTH OK
[12:53:23] ✅ 1036961 → AUTH OK
[12:53:23] ✅ 1053939 → AUTH OK
[12:53:23] ✅ 15527 → AUTH OK
[12:53:23] ✅ 7222 → AUTH OK
[12:53:23] ✅ 26401 → AUTH OK
[12:53:23] ✅ 16791 → AUTH OK
[12:53:23] ✅ 1041692 → AUTH OK
[12:53:23] ✅ 7752 → AUTH OK
[12:53:23] ✅ 1063452 → AUTH OK
[12:53:23] ✅ 52996 → AUTH OK
[12:53:23] ✅ 1020190 → AUTH OK
[12:53:23] ✅ 4332 → AUTH OK
[12:53:23] ✅ 509 → AUTH OK
[12:53:23] ✅ 1003802 → AUTH OK
[12:53:23] ✅ 6093 → AUTH OK
[12:53:23] ✅ 44366 → AUTH OK
[12:53:23] ✅ 1003773 → AUTH OK
[12:53:23] ✅ 1008409 → AUTH OK
[12:53:23] ✅ 22305 → AUTH OK
[12:53:23] ✅ 30524 → AUTH OK
[12:53:23] ✅ 5041 → AUTH OK
[12:53:23] ✅ 9420 → AUTH OK
[12:53:23] ✅ 1030422 → AUTH OK
[12:53:23] ✅ 1065451 → AUTH OK
[12:53:23] ✅ 1041753 → AUTH OK
[12:53:23] ✅ 1005991 → AUTH OK
[12:53:23] ✅ 25938 → AUTH OK
[12:53:23] ✅ 26230 → AUTH OK
[12:53:23] ✅ 1008335 → AUTH OK
[12:53:23] ✅ 4902 → AUTH OK
[12:53:23] ✅ 32294 → AUTH OK
[12:53:23] ✅ 522 → AUTH OK
[12:53:23] ✅ 1039877 → AUTH OK
[12:53:23] ✅ 9411 → AUTH OK
[12:53:23] ✅ 1039842 → AUTH OK
[12:53:23] ✅ 9413 → AUTH OK
[12:53:23] ✅ 26676 → AUTH OK
[12:53:23] ✅ 4739 → AUTH OK
[12:53:23] ✅ 1040228 → AUTH OK
[12:53:24] ✅ 62637 → AUTH OK
[12:53:24] ✅ 1021922 → AUTH OK
[12:53:24] ✅ 4107 → AUTH OK
[12:53:24] ✅ 25808 → AUTH OK
[12:53:24] ✅ 1012189 → AUTH OK
[12:53:24] ✅ 25011 → AUTH OK
[12:53:24] ✅ 1005804 → AUTH OK
[12:53:24] ✅ 1037345 → AUTH OK
[12:53:24] ✅ 9424 → AUTH OK
[12:53:24] ✅ 9350 → AUTH OK
[12:53:24] ✅ 1037532 → AUTH OK
[12:53:24] ✅ 1039272 → AUTH OK
[12:53:24] ✅ 1041505 → AUTH OK
[12:53:24] ✅ 36879 → AUTH OK
[12:53:24] ✅ 14166 → AUTH OK
[12:53:24] ✅ 9551 → AUTH OK
[12:53:24] ✅ 1040731 → AUTH OK
[12:53:24] ✅ 4036 → AUTH OK
[12:53:24] ✅ 1034324 → AUTH OK
[12:53:24] ✅ 1005797 → AUTH OK
[12:53:24] ✅ 9491 → AUTH OK
[12:53:24] ✅ 4733 → AUTH OK
[12:53:24] ✅ 9474 → AUTH OK
[12:53:24] ✅ 7350 → AUTH OK
[12:53:24] ✅ 4272 → AUTH OK
[12:53:24] ✅ 1031296 → AUTH OK
[12:53:24] ✅ 1008404 → AUTH OK
[12:53:24] ✅ 1071622 → AUTH OK
[12:53:24] ✅ 1042439 → AUTH OK
[12:53:24] ✅ 14669 → AUTH OK
[12:53:24] ✅ 1037506 → AUTH OK
[12:53:24] ✅ 18823 → AUTH OK
[12:53:24] ✅ 1012081 → AUTH OK
[12:53:24] ✅ 5058 → AUTH OK
[12:53:24] ✅ 1025740 → AUTH OK
[12:53:24] ✅ 4045 → AUTH OK
[12:53:24] ✅ 4725 → AUTH OK
[12:53:24] ✅ 1014990 → AUTH OK
[12:53:24] ✅ 4715 → AUTH OK
[12:53:24] ✅ 1037523 → AUTH OK
[12:53:24] ✅ 9132 → AUTH OK
[12:53:24] ✅ 26640 → AUTH OK
[12:53:24] ✅ 1065987 → AUTH OK
[12:53:24] ✅ 1052503 → AUTH OK
[12:53:24] ✅ 1064038 → AUTH OK
[12:53:24] ✅ 4050 → AUTH OK
[12:53:24] ✅ 46485 → AUTH OK
[12:53:24] ✅ 1015840 → AUTH OK
[12:53:24] ✅ 1015442 → AUTH OK
[12:53:24] ✅ 1036772 → AUTH OK
[12:53:24] ✅ 1041496 → AUTH OK
[12:53:24] ✅ 1037514 → AUTH OK
[12:53:24] ✅ 7137 → AUTH OK
[12:53:24] ✅ 1041473 → AUTH OK
[12:53:24] ✅ 18460 → AUTH OK
[12:53:24] ✅ 27219 → AUTH OK
[12:53:24] ✅ 7679 → AUTH OK
[12:53:25] ✅ 7618 → AUTH OK
[12:53:25] ✅ 51499 → AUTH OK
[12:53:25] ✅ 1020453 → AUTH OK
[12:53:25] ✅ 9136 → AUTH OK
[12:53:25] ✅ 1027903 → AUTH OK
[12:53:25] ✅ 4051 → AUTH OK
[12:53:25] ✅ 16522 → AUTH OK
[12:53:25] ✅ 1041242 → AUTH OK
[12:53:25] ✅ 5145 → AUTH OK
[12:53:25] ✅ 1041458 → AUTH OK
[12:53:25] ✅ 1037510 → AUTH OK
[12:53:25] ✅ 1075745 → AUTH OK
[12:53:25] ✅ 1084553 → AUTH OK
[12:53:25] ✅ 1020547 → AUTH OK
[12:53:25] ✅ 42945 → AUTH OK
[12:53:25] ✅ 1041393 → AUTH OK
[12:53:25] ✅ 1037531 → AUTH OK
[12:53:25] ✅ 1015286 → AUTH OK
[12:53:25] ✅ 9384 → AUTH OK
[12:53:25] ✅ 1016381 → AUTH OK
[12:53:25] ✅ 9174 → AUTH OK
[12:53:25] ✅ 1032461 → AUTH OK
[12:53:25] ✅ 1039840 → AUTH OK
[12:53:25] ✅ 55466 → AUTH OK
[12:53:25] ✅ 25571 → AUTH OK
[12:53:25] ✅ 3965 → AUTH OK
[12:53:25] ✅ 9194 → AUTH OK
[12:53:25] ✅ 7232 → AUTH OK
[12:53:25] ✅ 25045 → AUTH OK
[12:53:25] ✅ 30784 → AUTH OK
[12:53:25] ✅ 26281 → AUTH OK
[12:53:25] ✅ 1037491 → AUTH OK
[12:53:25] ✅ 1016383 → AUTH OK
[12:53:25] ✅ 1037527 → AUTH OK
[12:53:25] ✅ 1003767 → AUTH OK
[12:53:25] ✅ 1037503 → AUTH OK
[12:53:25] ✅ 55853 → AUTH OK
[12:53:25] ✅ 25181 → AUTH OK
[12:53:25] ✅ 1041239 → AUTH OK
[12:53:25] ✅ 9246 → AUTH OK
[12:53:25] ✅ 1007282 → AUTH OK
[12:53:25] ✅ 1015975 → AUTH OK
[12:53:25] ✅ 1029684 → AUTH OK
[12:53:25] ✅ 18164 → AUTH OK
[12:53:25] ✅ 19513 → AUTH OK
[12:53:25] ✅ 3896 → AUTH OK
[12:53:25] ✅ 1035744 → AUTH OK
[12:53:25] ✅ 62250 → AUTH OK
[12:53:25] ✅ 1088811 → AUTH OK
[12:53:25] ✅ 1037517 → AUTH OK
[12:53:25] ✅ 1037516 → AUTH OK
[12:53:25] ✅ 5182 → AUTH OK
[12:53:25] ✅ 9285 → AUTH OK
[12:53:25] ✅ 1037521 → AUTH OK
[12:53:25] ✅ 1032460 → AUTH OK
[12:53:26] ✅ 1012280 → AUTH OK
[12:53:26] ✅ 1041804 → AUTH OK
[12:53:26] ✅ 1032901 → AUTH OK
[12:53:26] ✅ 1040181 → AUTH OK
[12:53:26] ✅ 1042605 → AUTH OK
[12:53:26] ✅ 7293 → AUTH OK
[12:53:26] ✅ 5150 → AUTH OK
[12:53:26] ✅ 1041199 → AUTH OK
[12:53:26] ✅ 4889 → AUTH OK
[12:53:26] ✅ 1020338 → AUTH OK
[12:53:26] ✅ 5220 → AUTH OK
[12:53:26] ✅ 16523 → AUTH OK
[12:53:26] ✅ 1047917 → AUTH OK
[12:53:26] ✅ 14354 → AUTH OK
[12:53:26] ✅ 1061843 → AUTH OK
[12:53:26] ✅ 4780 → AUTH OK
[12:53:26] ✅ 6119 → AUTH OK
[12:53:26] ✅ 1056892 → AUTH OK
[12:53:26] ✅ 1052727 → AUTH OK
[12:53:26] ✅ 1084822 → AUTH OK
[12:53:26] ✅ 4919 → AUTH OK
[12:53:26] ✅ 1041683 → AUTH OK
[12:53:26] ✅ 1036383 → AUTH OK
[12:53:26] ✅ 1050804 → AUTH OK
[12:53:26] ✅ 4910 → AUTH OK
[12:53:26] ✅ 1033177 → AUTH OK
[12:53:26] ✅ 29954 → AUTH OK
[12:53:26] ✅ 17483 → AUTH OK
[12:53:26] ✅ 9784 → AUTH OK
[12:53:26] ✅ 28235 → AUTH OK
[12:53:26] ✅ 7537 → AUTH OK
[12:53:26] ✅ 9661 → AUTH OK
[12:53:26] ✅ 1018468 → AUTH OK
[12:53:26] ✅ 25281 → AUTH OK
[12:53:26] ✅ 4852 → AUTH OK
[12:53:26] ✅ 1041732 → AUTH OK
[12:53:26] ✅ 7826 → AUTH OK
[12:53:26] ✅ 1041726 → AUTH OK
[12:53:26] ✅ 1006037 → AUTH OK
[12:53:26] ✅ 27725 → AUTH OK
[12:53:26] ✅ 9150 → AUTH OK
[12:53:26] ✅ 3145 → AUTH OK
[12:53:26] ✅ 1030383 → AUTH OK
[12:53:26] ✅ 1041465 → AUTH OK
[12:53:26] ✅ 1055922 → AUTH OK
[12:53:26] ✅ 1074202 → AUTH OK
[12:53:26] ✅ 1013210 → AUTH OK
[12:53:26] ✅ 7814 → AUTH OK
[12:53:26] ✅ 58822 → AUTH OK
[12:53:26] ✅ 7753 → AUTH OK
[12:53:26] ✅ 19110 → AUTH OK
[12:53:26] ✅ 4163 → AUTH OK
[12:53:26] ✅ 1028118 → AUTH OK
[12:53:26] ✅ 7312 → AUTH OK
[12:53:26] ✅ 28863 → AUTH OK
[12:53:26] ✅ 4904 → AUTH OK
[12:53:26] ✅ 7856 → AUTH OK
[12:53:26] ✅ 9044 → AUTH OK
[12:53:26] ✅ 4340 → AUTH OK
[12:53:27] ✅ 1050768 → AUTH OK
[12:53:27] ✅ 1019687 → AUTH OK
[12:53:27] ✅ 6096 → AUTH OK
[12:53:27] ✅ 4255 → AUTH OK
[12:53:27] ✅ 27432 → AUTH OK
[12:53:27] ✅ 5080 → AUTH OK
[12:53:27] ✅ 1088778 → AUTH OK
[12:53:27] ✅ 4379 → AUTH OK
[12:53:27] ✅ 1398 → AUTH OK
[12:53:27] ✅ 7260 → AUTH OK
[12:53:27] ✅ 9131 → AUTH OK
[12:53:27] ✅ 1041566 → AUTH OK
[12:53:27] ✅ 4425 → AUTH OK
[12:53:27] ✅ 1020350 → AUTH OK
[12:53:27] ✅ 5105 → AUTH OK
[12:53:27] ✅ 7627 → AUTH OK
[12:53:27] ✅ 30441 → AUTH OK
[12:53:27] ✅ 1042822 → AUTH OK
[12:53:27] ✅ 1026095 → AUTH OK
[12:53:27] ✅ 19289 → AUTH OK
[12:53:27] ✅ 1041495 → AUTH OK
[12:53:27] ✅ 1041211 → AUTH OK
[12:53:27] ✅ 1039748 → AUTH OK
[12:53:27] ✅ 6079 → AUTH OK
[12:53:27] ✅ 1031639 → AUTH OK
[12:53:27] ✅ 1033524 → AUTH OK
[12:53:27] ✅ 1054202 → AUTH OK
[12:53:27] ✅ 1041691 → AUTH OK
[12:53:27] ✅ 1009967 → AUTH OK
[12:53:27] ✅ 19294 → AUTH OK
[12:53:27] ✅ 9176 → AUTH OK
[12:53:27] ✅ 1031640 → AUTH OK
[12:53:27] ✅ 29510 → AUTH OK
[12:53:27] ✅ 26729 → AUTH OK
[12:53:27] ✅ 43960 → AUTH OK
[12:53:27] ✅ 24522 → AUTH OK
[12:53:27] ✅ 10268 → AUTH OK
[12:53:27] ✅ 7308 → AUTH OK
[12:53:27] ✅ 1014297 → AUTH OK
[12:53:27] ✅ 1055117 → AUTH OK
[12:53:27] ✅ 1013662 → AUTH OK
[12:53:27] ✅ 54684 → AUTH OK
[12:53:27] ✅ 9497 → AUTH OK
[12:53:27] ✅ 9780 → AUTH OK
[12:53:27] ✅ 32811 → AUTH OK
[12:53:27] ✅ 33645 → AUTH OK
[12:53:27] ✅ 1066216 → AUTH OK
[12:53:27] ✅ 984 → AUTH OK
[12:53:27] ✅ 12947 → AUTH OK
[12:53:27] ✅ 1041684 → AUTH OK
[12:53:27] ✅ 1039923 → AUTH OK
[12:53:27] ✅ 1041729 → AUTH OK
[12:53:27] ✅ 482 → AUTH OK
[12:53:27] ✅ 1030384 → AUTH OK
[12:53:27] ✅ 1041782 → AUTH OK
[12:53:27] ✅ 9291 → AUTH OK
[12:53:27] ✅ 4881 → AUTH OK
[12:53:27] ✅ 1018796 → AUTH OK
[12:53:27] ✅ 22884 → AUTH OK
[12:53:27] ✅ 9527 → AUTH OK
[12:53:28] ✅ 4714 → AUTH OK
[12:53:28] ✅ 1008441 → AUTH OK
[12:53:28] ✅ 476 → AUTH OK
[12:53:28] ✅ 9653 → AUTH OK
[12:53:28] ✅ 1056146 → AUTH OK
[12:53:28] ✅ 1065452 → AUTH OK
[12:53:28] ✅ 1089364 → AUTH OK
[12:53:28] ✅ 1039863 → AUTH OK
[12:53:28] ✅ 15614 → AUTH OK
[12:53:28] ✅ 1078620 → AUTH OK
[12:53:28] ✅ 24767 → AUTH OK
[12:53:28] ✅ 5103 → AUTH OK
[12:53:28] ✅ 1019544 → AUTH OK
[12:53:28] ✅ 1049289 → AUTH OK
[12:53:28] ✅ 1075662 → AUTH OK
[12:53:28] ✅ 3976 → AUTH OK
[12:53:28] ✅ 1049288 → AUTH OK
[12:53:28] ✅ 6035 → AUTH OK
[12:53:28] ✅ 14703 → AUTH OK
[12:53:28] ✅ 1054735 → AUTH OK
[12:53:28] ✅ 1035939 → AUTH OK
[12:53:28] ✅ 1027244 → AUTH OK
[12:53:28] ✅ 1004633 → AUTH OK
[12:53:28] ✅ 25008 → AUTH OK
[12:53:28] ✅ 52682 → AUTH OK
[12:53:28] ✅ 26294 → AUTH OK
[12:53:28] ✅ 62907 → AUTH OK
[12:53:28] ✅ 1041567 → AUTH OK
[12:53:28] ✅ 1054736 → AUTH OK
[12:53:28] ✅ 3906 → AUTH OK
[12:53:28] ✅ 31792 → AUTH OK
[12:53:28] ✅ 1054730 → AUTH OK
[12:53:28] ✅ 1024041 → AUTH OK
[12:53:28] ✅ 1092992 → AUTH OK
[12:53:28] ✅ 6121 → AUTH OK
[12:53:28] ✅ 1042215 → AUTH OK
[12:53:28] ✅ 38446 → AUTH OK
[12:53:28] ✅ 1056839 → AUTH OK
[12:53:28] ✅ 1009010 → AUTH OK
[12:53:28] ✅ 1009117 → AUTH OK
[12:53:28] ✅ 1032344 → AUTH OK
[12:53:28] ✅ 4976 → AUTH OK
[12:53:28] ✅ 1059680 → AUTH OK
[12:53:28] ✅ 1020755 → AUTH OK
[12:53:28] ✅ 4124 → AUTH OK
[12:53:28] ✅ 1056846 → AUTH OK
[12:53:28] ✅ 49852 → AUTH OK
[12:53:28] ✅ 24880 → AUTH OK
[12:53:28] ✅ 1088219 → AUTH OK
[12:53:28] ✅ 1021629 → AUTH OK
[12:53:28] ✅ 39874 → AUTH OK
[12:53:28] ✅ 1036955 → AUTH OK
[12:53:28] ✅ 1068242 → AUTH OK
[12:53:28] ✅ 9041 → AUTH OK
[12:53:28] ✅ 1025576 → AUTH OK
[12:53:29] ✅ 15526 → AUTH OK
[12:53:29] ✅ 9169 → AUTH OK
[12:53:29] ✅ 5061 → AUTH OK
[12:53:29] ✅ 9504 → AUTH OK
[12:53:29] ✅ 4038 → AUTH OK
[12:53:29] ✅ 9368 → AUTH OK
[12:53:29] ✅ 10255 → AUTH OK
[12:53:29] ✅ 1054742 → AUTH OK
[12:53:29] ✅ 1053536 → AUTH OK
[12:53:29] ✅ 1082851 → AUTH OK
[12:53:29] ✅ 1004635 → AUTH OK
[12:53:29] ✅ 1036114 → AUTH OK
[12:53:29] ✅ 7504 → AUTH OK
[12:53:29] ✅ 31788 → AUTH OK
[12:53:29] ✅ 10270 → AUTH OK
[12:53:29] ✅ 56144 → AUTH OK
[12:53:29] ✅ 1013355 → AUTH OK
[12:53:29] ✅ 1028879 → AUTH OK
[12:53:29] ✅ 1012136 → AUTH OK
[12:53:29] ✅ 24981 → AUTH OK
[12:53:29] ✅ 4174 → AUTH OK
[12:53:29] ✅ 1004634 → AUTH OK
[12:53:29] ✅ 24246 → AUTH OK
[12:53:29] ✅ 1011192 → AUTH OK
[12:53:29] ✅ 1053155 → AUTH OK
[12:53:29] ✅ 9100 → AUTH OK
[12:53:29] ✅ 7511 → AUTH OK
[12:53:29] ✅ 4890 → AUTH OK
[12:53:29] ✅ 1003803 → AUTH OK
[12:53:29] ✅ Fetched 556 venues with shows
[12:53:29] ✅ DONE | Shows=3720 | Movies=58
[16:40:10] 📍 Loaded 754 district venues
[16:40:10] 🚀 DISTRICT SCRAPER STARTED
[16:40:11] ✅ 20856 → AUTH OK
[16:40:11] ✅ 1102311 → AUTH OK
[16:40:11] ✅ 1102183 → AUTH OK
[16:40:11] ✅ 1102175 → AUTH OK
[16:40:11] ✅ 1068240 → AUTH OK
[16:40:11] ✅ 1102215 → AUTH OK
[16:40:11] ✅ 1068270 → AUTH OK
[16:40:11] ✅ 1067161 → AUTH OK
[16:40:11] ✅ 1086677 → AUTH OK
[16:40:11] ✅ 61879 → AUTH OK
[16:40:11] ✅ 1583 → AUTH OK
[16:40:11] ✅ 1102233 → AUTH OK
[16:40:11] ✅ 1020401 → AUTH OK
[16:40:11] ✅ 1101483 → AUTH OK
[16:40:11] ✅ 1102289 → AUTH OK
[16:40:11] ✅ 1102096 → AUTH OK
[16:40:11] ✅ 1096456 → AUTH OK
[16:40:11] ✅ 1102103 → AUTH OK
[16:40:11] ✅ 1101584 → AUTH OK
[16:40:11] ✅ 1102098 → AUTH OK
[16:40:11] ✅ 1101397 → AUTH OK
[16:40:11] ✅ 1102119 → AUTH OK
[16:40:11] ✅ 51512 → AUTH OK
[16:40:11] ✅ 539 → AUTH OK
[16:40:11] ✅ 1044502 → AUTH OK
[16:40:11] ✅ 1100725 → AUTH OK
[16:40:11] ✅ 1082714 → AUTH OK
[16:40:11] ✅ 1096482 → AUTH OK
[16:40:11] ✅ 4430 → AUTH OK
[16:40:11] ✅ 1102097 → AUTH OK
[16:40:11] ✅ 1102127 → AUTH OK
[16:40:11] ✅ 1101355 → AUTH OK
[16:40:11] ✅ 1102076 → AUTH OK
[16:40:11] ✅ 1096475 → AUTH OK
[16:40:11] ✅ 9508 → AUTH OK
[16:40:11] ✅ 1096734 → AUTH OK
[16:40:11] ✅ 1102304 → AUTH OK
[16:40:11] ✅ 1102100 → AUTH OK
[16:40:11] ✅ 1102244 → AUTH OK
[16:40:11] ✅ 1095290 → AUTH OK
[16:40:11] ✅ 1102280 → AUTH OK
[16:40:11] ✅ 7854 → AUTH OK
[16:40:11] ✅ 1096524 → AUTH OK
[16:40:11] ✅ 1102186 → AUTH OK
[16:40:11] ✅ 1102094 → AUTH OK
[16:40:11] ✅ 1011906 → AUTH OK
[16:40:11] ✅ 1101471 → AUTH OK
[16:40:11] ✅ 1094756 → AUTH OK
[16:40:11] ✅ 9736 → AUTH OK
[16:40:11] ✅ 1102173 → AUTH OK
[16:40:11] ✅ 1101451 → AUTH OK
[16:40:11] ✅ 1101450 → AUTH OK
[16:40:11] ✅ 1102182 → AUTH OK
[16:40:11] ✅ 1102176 → AUTH OK
[16:40:12] ✅ 1102164 → AUTH OK
[16:40:12] ✅ 1102270 → AUTH OK
[16:40:12] ✅ 1102248 → AUTH OK
[16:40:12] ✅ 1102256 → AUTH OK
[16:40:12] ✅ 7257 → AUTH OK
[16:40:12] ✅ 1102181 → AUTH OK
[16:40:12] ✅ 4222 → AUTH OK
[16:40:12] ✅ 1101521 → AUTH OK
[16:40:12] ✅ 1102242 → AUTH OK
[16:40:12] ✅ 1102084 → AUTH OK
[16:40:12] ✅ 1101568 → AUTH OK
[16:40:12] ✅ 1038431 → AUTH OK
[16:40:12] ✅ 1102073 → AUTH OK
[16:40:12] ✅ 1102095 → AUTH OK
[16:40:12] ✅ 1102299 → AUTH OK
[16:40:12] ✅ 1102272 → AUTH OK
[16:40:12] ✅ 1102269 → AUTH OK
[16:40:12] ✅ 1102174 → AUTH OK
[16:40:12] ✅ 1102047 → AUTH OK
[16:40:12] ✅ 1102273 → AUTH OK
[16:40:12] ✅ 1102090 → AUTH OK
[16:40:12] ✅ 1102253 → AUTH OK
[16:40:12] ✅ 1102080 → AUTH OK
[16:40:12] ✅ 1102166 → AUTH OK
[16:40:12] ✅ 1102071 → AUTH OK
[16:40:12] ✅ 1101590 → AUTH OK
[16:40:12] ✅ 1102265 → AUTH OK
[16:40:12] ✅ 1102291 → AUTH OK
[16:40:12] ✅ 1102165 → AUTH OK
[16:40:12] ✅ 1102082 → AUTH OK
[16:40:12] ✅ 1102241 → AUTH OK
[16:40:12] ✅ 1102247 → AUTH OK
[16:40:12] ✅ 1102213 → AUTH OK
[16:40:12] ✅ 1102277 → AUTH OK
[16:40:12] ✅ 1056145 → AUTH OK
[16:40:12] ✅ 1102261 → AUTH OK
[16:40:12] ✅ 28486 → AUTH OK
[16:40:12] ✅ 1102184 → AUTH OK
[16:40:12] ✅ 1102132 → AUTH OK
[16:40:12] ✅ 1102055 → AUTH OK
[16:40:12] ✅ 1102129 → AUTH OK
[16:40:12] ✅ 1031364 → AUTH OK
[16:40:12] ✅ 1041690 → AUTH OK
[16:40:13] ✅ 1102285 → AUTH OK
[16:40:13] ✅ 1101387 → AUTH OK
[16:40:13] ✅ 1031589 → AUTH OK
[16:40:13] ✅ 1102137 → AUTH OK
[16:40:13] ✅ 1101388 → AUTH OK
[16:40:13] ✅ 1060495 → AUTH OK
[16:40:13] ✅ 1101423 → AUTH OK
[16:40:13] ✅ 1102068 → AUTH OK
[16:40:13] ✅ 1042102 → AUTH OK
[16:40:13] ✅ 1101368 → AUTH OK
[16:40:13] ✅ 1102123 → AUTH OK
[16:40:13] ✅ 1102106 → AUTH OK
[16:40:13] ✅ 1691 → AUTH OK
[16:40:13] ✅ 1053154 → AUTH OK
[16:40:13] ✅ 1078022 → AUTH OK
[16:40:13] ✅ 1039880 → AUTH OK
[16:40:13] ✅ 1102120 → AUTH OK
[16:40:13] ✅ 4132 → AUTH OK
[16:40:13] ✅ 1102147 → AUTH OK
[16:40:13] ✅ 1102284 → AUTH OK
[16:40:13] ✅ 1100831 → AUTH OK
[16:40:13] ✅ 1080585 → AUTH OK
[16:40:13] ✅ 1101217 → AUTH OK
[16:40:13] ✅ 1102258 → AUTH OK
[16:40:13] ✅ 1078001 → AUTH OK
[16:40:13] ✅ 1102168 → AUTH OK
[16:40:13] ✅ 1102134 → AUTH OK
[16:40:13] ✅ 1102067 → AUTH OK
[16:40:13] ✅ 1101219 → AUTH OK
[16:40:13] ✅ 20834 → AUTH OK
[16:40:13] ✅ 1037501 → AUTH OK
[16:40:13] ✅ 1102069 → AUTH OK
[16:40:13] ✅ 5172 → AUTH OK
[16:40:13] ✅ 1041689 → AUTH OK
[16:40:13] ✅ 1102276 → AUTH OK
[16:40:13] ✅ 1101452 → AUTH OK
[16:40:13] ✅ 4911 → AUTH OK
[16:40:13] ✅ 1102236 → AUTH OK
[16:40:13] ✅ 1102125 → AUTH OK
[16:40:13] ✅ 1102124 → AUTH OK
[16:40:13] ✅ 43628 → AUTH OK
[16:40:13] ✅ 14699 → AUTH OK
[16:40:13] ✅ 1102281 → AUTH OK
[16:40:13] ✅ 1102275 → AUTH OK
[16:40:13] ✅ 1102104 → AUTH OK
[16:40:13] ✅ 1011900 → AUTH OK
[16:40:13] ✅ 1094757 → AUTH OK
[16:40:13] ✅ 1095009 → AUTH OK
[16:40:13] ✅ 1020826 → AUTH OK
[16:40:13] ✅ 5100 → AUTH OK
[16:40:13] ✅ 27047 → AUTH OK
[16:40:13] ✅ 1102135 → AUTH OK
[16:40:13] ✅ 1014604 → AUTH OK
[16:40:13] ✅ 14697 → AUTH OK
[16:40:13] ✅ 1052124 → AUTH OK
[16:40:14] ✅ 4175 → AUTH OK
[16:40:14] ✅ 1027478 → AUTH OK
[16:40:14] ✅ 1092639 → AUTH OK
[16:40:14] ✅ 1054725 → AUTH OK
[16:40:14] ✅ 1102228 → AUTH OK
[16:40:14] ✅ 1101222 → AUTH OK
[16:40:14] ✅ 1102239 → AUTH OK
[16:40:14] ✅ 27908 → AUTH OK
[16:40:14] ✅ 1088548 → AUTH OK
[16:40:14] ✅ 1102075 → AUTH OK
[16:40:14] ✅ 1092638 → AUTH OK
[16:40:14] ✅ 1094680 → AUTH OK
[16:40:14] ✅ 1039949 → AUTH OK
[16:40:14] ✅ 13772 → AUTH OK
[16:40:14] ✅ 1054741 → AUTH OK
[16:40:14] ✅ 1102078 → AUTH OK
[16:40:14] ✅ 1102099 → AUTH OK
[16:40:14] ✅ 1102227 → AUTH OK
[16:40:14] ✅ 16605 → AUTH OK
[16:40:14] ✅ 11272 → AUTH OK
[16:40:14] ✅ 1102108 → AUTH OK
[16:40:14] ✅ 1102107 → AUTH OK
[16:40:14] ✅ 1101449 → AUTH OK
[16:40:14] ✅ 4918 → AUTH OK
[16:40:14] ✅ 1031592 → AUTH OK
[16:40:14] ✅ 1060262 → AUTH OK
[16:40:14] ✅ 1102126 → AUTH OK
[16:40:14] ✅ 1102121 → AUTH OK
[16:40:14] ✅ 7686 → AUTH OK
[16:40:14] ✅ 29761 → AUTH OK
[16:40:14] ✅ 1102133 → AUTH OK
[16:40:14] ✅ 1042632 → AUTH OK
[16:40:14] ✅ 1037507 → AUTH OK
[16:40:14] ✅ 3943 → AUTH OK
[16:40:14] ✅ 1101523 → AUTH OK
[16:40:14] ✅ 6081 → AUTH OK
[16:40:14] ✅ 1101384 → AUTH OK
[16:40:14] ✅ 1088547 → AUTH OK
[16:40:14] ✅ 1102122 → AUTH OK
[16:40:14] ✅ 1102116 → AUTH OK
[16:40:14] ✅ 1037033 → AUTH OK
[16:40:14] ✅ 1078025 → AUTH OK
[16:40:14] ✅ 1049243 → AUTH OK
[16:40:14] ✅ 11264 → AUTH OK
[16:40:14] ✅ 1041688 → AUTH OK
[16:40:14] ✅ 1044503 → AUTH OK
[16:40:14] ✅ 4184 → AUTH OK
[16:40:14] ✅ 1051040 → AUTH OK
[16:40:15] ✅ 1040891 → AUTH OK
[16:40:15] ✅ 1074151 → AUTH OK
[16:40:15] ✅ 50915 → AUTH OK
[16:40:15] ✅ 1037496 → AUTH OK
[16:40:15] ✅ 29998 → AUTH OK
[16:40:15] ✅ 1030389 → AUTH OK
[16:40:15] ✅ 1093265 → AUTH OK
[16:40:15] ✅ 1065383 → AUTH OK
[16:40:15] ✅ 7714 → AUTH OK
[16:40:15] ✅ 1042465 → AUTH OK
[16:40:15] ✅ 1024804 → AUTH OK
[16:40:15] ✅ 1039878 → AUTH OK
[16:40:15] ✅ 1008705 → AUTH OK
[16:40:15] ✅ 1094334 → AUTH OK
[16:40:15] ✅ 1076602 → AUTH OK
[16:40:15] ✅ 1039847 → AUTH OK
[16:40:15] ✅ 1031638 → AUTH OK
[16:40:15] ✅ 1039846 → AUTH OK
[16:40:15] ✅ 1009194 → AUTH OK
[16:40:15] ✅ 1047659 → AUTH OK
[16:40:15] ✅ 1037228 → AUTH OK
[16:40:15] ✅ 1039875 → AUTH OK
[16:40:15] ✅ 1039860 → AUTH OK
[16:40:15] ✅ 28206 → AUTH OK
[16:40:15] ✅ 4106 → AUTH OK
[16:40:15] ✅ 2855 → AUTH OK
[16:40:15] ✅ 1041687 → AUTH OK
[16:40:15] ✅ 1031636 → AUTH OK
[16:40:15] ✅ 1096733 → AUTH OK
[16:40:15] ✅ 25805 → AUTH OK
[16:40:15] ✅ 7258 → AUTH OK
[16:40:15] ✅ 1039862 → AUTH OK
[16:40:15] ✅ 1024343 → AUTH OK
[16:40:15] ✅ 1041672 → AUTH OK
[16:40:15] ✅ 9292 → AUTH OK
[16:40:15] ✅ 1039864 → AUTH OK
[16:40:15] ✅ 1001773 → AUTH OK
[16:40:15] ✅ 1097120 → AUTH OK
[16:40:15] ✅ 1036959 → AUTH OK
[16:40:15] ✅ 1040466 → AUTH OK
[16:40:15] ✅ 1088822 → AUTH OK
[16:40:15] ✅ 1039850 → AUTH OK
[16:40:15] ✅ 1089130 → AUTH OK
[16:40:15] ✅ 1018795 → AUTH OK
[16:40:15] ✅ 1041685 → AUTH OK
[16:40:15] ✅ 9242 → AUTH OK
[16:40:15] ✅ 1039865 → AUTH OK
[16:40:15] ✅ 4097 → AUTH OK
[16:40:15] ✅ 9365 → AUTH OK
[16:40:15] ✅ 1039849 → AUTH OK
[16:40:15] ✅ 27151 → AUTH OK
[16:40:16] ✅ 1098929 → AUTH OK
[16:40:16] ✅ 25803 → AUTH OK
[16:40:16] ✅ 7543 → AUTH OK
[16:40:16] ✅ 1041244 → AUTH OK
[16:40:16] ✅ 36376 → AUTH OK
[16:40:16] ✅ 56048 → AUTH OK
[16:40:16] ✅ 4693 → AUTH OK
[16:40:16] ✅ 1039851 → AUTH OK
[16:40:16] ✅ 7301 → AUTH OK
[16:40:16] ✅ 7813 → AUTH OK
[16:40:16] ✅ 1039848 → AUTH OK
[16:40:16] ✅ 1041449 → AUTH OK
[16:40:16] ✅ 9920 → AUTH OK
[16:40:16] ✅ 1046654 → AUTH OK
[16:40:16] ✅ 1102294 → AUTH OK
[16:40:16] ✅ 13958 → AUTH OK
[16:40:16] ✅ 7841 → AUTH OK
[16:40:16] ✅ 14120 → AUTH OK
[16:40:16] ✅ 1080239 → AUTH OK
[16:40:16] ✅ 4380 → AUTH OK
[16:40:16] ✅ 1056572 → AUTH OK
[16:40:16] ✅ 28968 → AUTH OK
[16:40:16] ✅ 1016089 → AUTH OK
[16:40:16] ✅ 1041394 → AUTH OK
[16:40:16] ✅ 44361 → AUTH OK
[16:40:16] ✅ 27373 → AUTH OK
[16:40:16] ✅ 1075746 → AUTH OK
[16:40:16] ✅ 55733 → AUTH OK
[16:40:16] ✅ 1022965 → AUTH OK
[16:40:16] ✅ 1018799 → AUTH OK
[16:40:16] ✅ 1037518 → AUTH OK
[16:40:16] ✅ 4171 → AUTH OK
[16:40:16] ✅ 1030438 → AUTH OK
[16:40:16] ✅ 4178 → AUTH OK
[16:40:16] ✅ 60085 → AUTH OK
[16:40:16] ✅ 1037525 → AUTH OK
[16:40:16] ✅ 24521 → AUTH OK
[16:40:16] ✅ 60083 → AUTH OK
[16:40:16] ✅ 1008456 → AUTH OK
[16:40:16] ✅ 1008418 → AUTH OK
[16:40:16] ✅ 1016053 → AUTH OK
[16:40:16] ✅ 1053400 → AUTH OK
[16:40:16] ✅ 1041743 → AUTH OK
[16:40:16] ✅ 9487 → AUTH OK
[16:40:16] ✅ 4189 → AUTH OK
[16:40:16] ✅ 17069 → AUTH OK
[16:40:16] ✅ 1018652 → AUTH OK
[16:40:16] ✅ 25804 → AUTH OK
[16:40:16] ✅ 1037961 → AUTH OK
[16:40:16] ✅ 1050791 → AUTH OK
[16:40:16] ✅ 1016133 → AUTH OK
[16:40:16] ✅ 10940 → AUTH OK
[16:40:16] ✅ 55272 → AUTH OK
[16:40:16] ✅ 1053618 → AUTH OK
[16:40:16] ✅ 1049666 → AUTH OK
[16:40:17] ✅ 5059 → AUTH OK
[16:40:17] ✅ 1016088 → AUTH OK
[16:40:17] ✅ 1030504 → AUTH OK
[16:40:17] ✅ 1042615 → AUTH OK
[16:40:17] ✅ 1041728 → AUTH OK
[16:40:17] ✅ 1042635 → AUTH OK
[16:40:17] ✅ 1011174 → AUTH OK
[16:40:17] ✅ 1042640 → AUTH OK
[16:40:17] ✅ 1037511 → AUTH OK
[16:40:17] ✅ 1007054 → AUTH OK
[16:40:17] ✅ 1037502 → AUTH OK
[16:40:17] ✅ 4248 → AUTH OK
[16:40:17] ✅ 1042453 → AUTH OK
[16:40:17] ✅ 3960 → AUTH OK
[16:40:17] ✅ 28925 → AUTH OK
[16:40:17] ✅ 4891 → AUTH OK
[16:40:17] ✅ 3981 → AUTH OK
[16:40:17] ✅ 4232 → AUTH OK
[16:40:17] ✅ 3910 → AUTH OK
[16:40:17] ✅ 1041504 → AUTH OK
[16:40:17] ✅ 22684 → AUTH OK
[16:40:17] ✅ 1037526 → AUTH OK
[16:40:17] ✅ 19528 → AUTH OK
[16:40:17] ✅ 14702 → AUTH OK
[16:40:17] ✅ 6044 → AUTH OK
[16:40:17] ✅ 1012595 → AUTH OK
[16:40:17] ✅ 14694 → AUTH OK
[16:40:17] ✅ 32194 → AUTH OK
[16:40:17] ✅ 4008 → AUTH OK
[16:40:17] ✅ 1067946 → AUTH OK
[16:40:17] ✅ 4028 → AUTH OK
[16:40:17] ✅ 7534 → AUTH OK
[16:40:17] ✅ 7881 → AUTH OK
[16:40:17] ✅ 9135 → AUTH OK
[16:40:17] ✅ 58633 → AUTH OK
[16:40:17] ✅ 6057 → AUTH OK
[16:40:17] ✅ 4067 → AUTH OK
[16:40:17] ✅ 43348 → AUTH OK
[16:40:17] ✅ 25860 → AUTH OK
[16:40:17] ✅ 10250 → AUTH OK
[16:40:17] ✅ 1019166 → AUTH OK
[16:40:17] ✅ 1092958 → AUTH OK
[16:40:17] ✅ 1018798 → AUTH OK
[16:40:17] ✅ 1050645 → AUTH OK
[16:40:17] ✅ 1005799 → AUTH OK
[16:40:17] ✅ 1089067 → AUTH OK
[16:40:17] ✅ 1037530 → AUTH OK
[16:40:17] ✅ 1036962 → AUTH OK
[16:40:17] ✅ 1015289 → AUTH OK
[16:40:17] ✅ 1020333 → AUTH OK
[16:40:17] ✅ 1091219 → AUTH OK
[16:40:17] ✅ 1034383 → AUTH OK
[16:40:17] ✅ 1025291 → AUTH OK
[16:40:18] ✅ 1058533 → AUTH OK
[16:40:18] ✅ 1005798 → AUTH OK
[16:40:18] ✅ 1044095 → AUTH OK
[16:40:18] ✅ 4608 → AUTH OK
[16:40:18] ✅ 1041725 → AUTH OK
[16:40:18] ✅ 1023626 → AUTH OK
[16:40:18] ✅ 27150 → AUTH OK
[16:40:18] ✅ 1034254 → AUTH OK
[16:40:18] ✅ 1033632 → AUTH OK
[16:40:18] ✅ 1015291 → AUTH OK
[16:40:18] ✅ 1039768 → AUTH OK
[16:40:18] ✅ 1058794 → AUTH OK
[16:40:18] ✅ 1019593 → AUTH OK
[16:40:18] ✅ 27716 → AUTH OK
[16:40:18] ✅ 1013208 → AUTH OK
[16:40:18] ✅ 4042 → AUTH OK
[16:40:18] ✅ 7747 → AUTH OK
[16:40:18] ✅ 1034186 → AUTH OK
[16:40:18] ✅ 44966 → AUTH OK
[16:40:18] ✅ 24929 → AUTH OK
[16:40:18] ✅ 1016986 → AUTH OK
[16:40:18] ✅ 496 → AUTH OK
[16:40:18] ✅ 4306 → AUTH OK
[16:40:18] ✅ 24351 → AUTH OK
[16:40:18] ✅ 1063761 → AUTH OK
[16:40:18] ✅ 1020288 → AUTH OK
[16:40:18] ✅ 1088790 → AUTH OK
[16:40:18] ✅ 28214 → AUTH OK
[16:40:18] ✅ 1034375 → AUTH OK
[16:40:18] ✅ 4217 → AUTH OK
[16:40:18] ✅ 1037520 → AUTH OK
[16:40:18] ✅ 9373 → AUTH OK
[16:40:18] ✅ 1083399 → AUTH OK
[16:40:18] ✅ 1088803 → AUTH OK
[16:40:18] ✅ 52996 → AUTH OK
[16:40:18] ✅ 1039424 → AUTH OK
[16:40:18] ✅ 1036961 → AUTH OK
[16:40:18] ✅ 7752 → AUTH OK
[16:40:18] ✅ 1015795 → AUTH OK
[16:40:18] ✅ 7222 → AUTH OK
[16:40:18] ✅ 1067686 → AUTH OK
[16:40:18] ✅ 1039751 → AUTH OK
[16:40:18] ✅ 27715 → AUTH OK
[16:40:18] ✅ 1053939 → AUTH OK
[16:40:18] ✅ 31987 → AUTH OK
[16:40:18] ✅ 15527 → AUTH OK
[16:40:18] ✅ 16791 → AUTH OK
[16:40:18] ✅ 26401 → AUTH OK
[16:40:18] ✅ 1041692 → AUTH OK
[16:40:19] ✅ 509 → AUTH OK
[16:40:19] ✅ 4332 → AUTH OK
[16:40:19] ✅ 44366 → AUTH OK
[16:40:19] ✅ 1020190 → AUTH OK
[16:40:19] ✅ 1063452 → AUTH OK
[16:40:19] ✅ 22305 → AUTH OK
[16:40:19] ✅ 1008409 → AUTH OK
[16:40:19] ✅ 6093 → AUTH OK
[16:40:19] ✅ 9420 → AUTH OK
[16:40:19] ✅ 1003802 → AUTH OK
[16:40:19] ✅ 5041 → AUTH OK
[16:40:19] ✅ 1037142 → AUTH OK
[16:40:19] ✅ 1030422 → AUTH OK
[16:40:19] ✅ 30524 → AUTH OK
[16:40:19] ✅ 1041753 → AUTH OK
[16:40:19] ✅ 1065451 → AUTH OK
[16:40:19] ✅ 25938 → AUTH OK
[16:40:19] ✅ 1005991 → AUTH OK
[16:40:19] ✅ 4902 → AUTH OK
[16:40:19] ✅ 4739 → AUTH OK
[16:40:19] ✅ 522 → AUTH OK
[16:40:19] ✅ 9411 → AUTH OK
[16:40:19] ✅ 9413 → AUTH OK
[16:40:19] ✅ 1039877 → AUTH OK
[16:40:19] ✅ 1039842 → AUTH OK
[16:40:19] ✅ 62637 → AUTH OK
[16:40:19] ✅ 1040228 → AUTH OK
[16:40:19] ✅ 25808 → AUTH OK
[16:40:19] ✅ 26676 → AUTH OK
[16:40:19] ✅ 4107 → AUTH OK
[16:40:19] ✅ 1005804 → AUTH OK
[16:40:19] ✅ 1021922 → AUTH OK
[16:40:19] ✅ 1012189 → AUTH OK
[16:40:19] ✅ 1003773 → AUTH OK
[16:40:19] ✅ 9424 → AUTH OK
[16:40:19] ✅ 1037345 → AUTH OK
[16:40:19] ✅ 1037532 → AUTH OK
[16:40:19] ✅ 32294 → AUTH OK
[16:40:19] ✅ 9350 → AUTH OK
[16:40:19] ✅ 1040731 → AUTH OK
[16:40:19] ✅ 1039272 → AUTH OK
[16:40:19] ✅ 36879 → AUTH OK
[16:40:19] ✅ 1041505 → AUTH OK
[16:40:19] ✅ 1008335 → AUTH OK
[16:40:19] ✅ 14166 → AUTH OK
[16:40:19] ✅ 4036 → AUTH OK
[16:40:19] ✅ 26230 → AUTH OK
[16:40:19] ✅ 9474 → AUTH OK
[16:40:19] ✅ 4733 → AUTH OK
[16:40:19] ✅ 1034324 → AUTH OK
[16:40:20] ✅ 1037506 → AUTH OK
[16:40:20] ✅ 9491 → AUTH OK
[16:40:20] ✅ 1008404 → AUTH OK
[16:40:20] ✅ 7350 → AUTH OK
[16:40:20] ✅ 1012081 → AUTH OK
[16:40:20] ✅ 1042439 → AUTH OK
[16:40:20] ✅ 4272 → AUTH OK
[16:40:20] ✅ 18823 → AUTH OK
[16:40:20] ✅ 1071622 → AUTH OK
[16:40:20] ✅ 1031296 → AUTH OK
[16:40:20] ✅ 4045 → AUTH OK
[16:40:20] ✅ 14669 → AUTH OK
[16:40:20] ✅ 5058 → AUTH OK
[16:40:20] ✅ 1027903 → AUTH OK
[16:40:20] ✅ 4725 → AUTH OK
[16:40:20] ✅ 1037523 → AUTH OK
[16:40:20] ✅ 4715 → AUTH OK
[16:40:20] ✅ 1014990 → AUTH OK
[16:40:20] ✅ 9132 → AUTH OK
[16:40:20] ✅ 1005797 → AUTH OK
[16:40:20] ✅ 26640 → AUTH OK
[16:40:20] ✅ 9551 → AUTH OK
[16:40:20] ✅ 25011 → AUTH OK
[16:40:20] ✅ 1052503 → AUTH OK
[16:40:20] ✅ 42945 → AUTH OK
[16:40:20] ✅ 1065987 → AUTH OK
[16:40:20] ✅ 46485 → AUTH OK
[16:40:20] ✅ 1015840 → AUTH OK
[16:40:20] ✅ 1015442 → AUTH OK
[16:40:20] ✅ 1064038 → AUTH OK
[16:40:20] ✅ 4050 → AUTH OK
[16:40:20] ✅ 1036772 → AUTH OK
[16:40:20] ✅ 1041473 → AUTH OK
[16:40:20] ✅ 1037514 → AUTH OK
[16:40:20] ✅ 1041496 → AUTH OK
[16:40:20] ✅ 1016381 → AUTH OK
[16:40:20] ✅ 1025740 → AUTH OK
[16:40:20] ✅ 7137 → AUTH OK
[16:40:20] ✅ 7618 → AUTH OK
[16:40:20] ✅ 51499 → AUTH OK
[16:40:20] ✅ 18460 → AUTH OK
[16:40:20] ✅ 7679 → AUTH OK
[16:40:20] ✅ 1020453 → AUTH OK
[16:40:20] ✅ 27219 → AUTH OK
[16:40:20] ✅ 1037510 → AUTH OK
[16:40:20] ✅ 16522 → AUTH OK
[16:40:20] ✅ 9136 → AUTH OK
[16:40:20] ✅ 4051 → AUTH OK
[16:40:20] ✅ 1020547 → AUTH OK
[16:40:20] ✅ 5145 → AUTH OK
[16:40:20] ✅ 1041242 → AUTH OK
[16:40:21] ✅ 1075745 → AUTH OK
[16:40:21] ✅ 1084553 → AUTH OK
[16:40:21] ✅ 1041393 → AUTH OK
[16:40:21] ✅ 3965 → AUTH OK
[16:40:21] ✅ 1037531 → AUTH OK
[16:40:21] ✅ 1015286 → AUTH OK
[16:40:21] ✅ 9174 → AUTH OK
[16:40:21] ✅ 1039840 → AUTH OK
[16:40:21] ✅ 1032461 → AUTH OK
[16:40:21] ✅ 1032460 → AUTH OK
[16:40:21] ✅ 55466 → AUTH OK
[16:40:21] ✅ 26281 → AUTH OK
[16:40:21] ✅ 25045 → AUTH OK
[16:40:21] ✅ 7232 → AUTH OK
[16:40:21] ✅ 25571 → AUTH OK
[16:40:21] ✅ 30784 → AUTH OK
[16:40:21] ✅ 9194 → AUTH OK
[16:40:21] ✅ 1037527 → AUTH OK
[16:40:21] ✅ 1016383 → AUTH OK
[16:40:21] ✅ 1003767 → AUTH OK
[16:40:21] ✅ 1037491 → AUTH OK
[16:40:21] ✅ 55853 → AUTH OK
[16:40:21] ✅ 9246 → AUTH OK
[16:40:21] ✅ 1007282 → AUTH OK
[16:40:21] ✅ 18164 → AUTH OK
[16:40:21] ✅ 1041458 → AUTH OK
[16:40:21] ✅ 1041239 → AUTH OK
[16:40:21] ✅ 19513 → AUTH OK
[16:40:21] ✅ 9285 → AUTH OK
[16:40:21] ✅ 1037503 → AUTH OK
[16:40:21] ✅ 5182 → AUTH OK
[16:40:21] ✅ 62250 → AUTH OK
[16:40:21] ✅ 9384 → AUTH OK
[16:40:21] ✅ 1037517 → AUTH OK
[16:40:21] ✅ 1088811 → AUTH OK
[16:40:21] ✅ 1037521 → AUTH OK
[16:40:21] ✅ 1012280 → AUTH OK
[16:40:21] ✅ 1041804 → AUTH OK
[16:40:21] ✅ 1037516 → AUTH OK
[16:40:21] ✅ 1032901 → AUTH OK
[16:40:21] ✅ 1040181 → AUTH OK
[16:40:21] ✅ 1042605 → AUTH OK
[16:40:21] ✅ 4889 → AUTH OK
[16:40:21] ✅ 5150 → AUTH OK
[16:40:21] ✅ 1041199 → AUTH OK
[16:40:22] ✅ 16523 → AUTH OK
[16:40:22] ✅ 1029684 → AUTH OK
[16:40:22] ✅ 1047917 → AUTH OK
[16:40:22] ✅ 25181 → AUTH OK
[16:40:22] ✅ 1015975 → AUTH OK
[16:40:22] ✅ 3896 → AUTH OK
[16:40:22] ✅ 14354 → AUTH OK
[16:40:22] ✅ 1035744 → AUTH OK
[16:40:22] ✅ 1056892 → AUTH OK
[16:40:22] ✅ 1061843 → AUTH OK
[16:40:22] ✅ 6119 → AUTH OK
[16:40:22] ✅ 4919 → AUTH OK
[16:40:22] ✅ 4780 → AUTH OK
[16:40:22] ✅ 1052727 → AUTH OK
[16:40:22] ✅ 1041683 → AUTH OK
[16:40:22] ✅ 1036383 → AUTH OK
[16:40:22] ✅ 4910 → AUTH OK
[16:40:22] ✅ 1033177 → AUTH OK
[16:40:22] ✅ 9784 → AUTH OK
[16:40:22] ✅ 9661 → AUTH OK
[16:40:22] ✅ 17483 → AUTH OK
[16:40:22] ✅ 5220 → AUTH OK
[16:40:22] ✅ 7293 → AUTH OK
[16:40:22] ✅ 7537 → AUTH OK
[16:40:22] ✅ 1050804 → AUTH OK
[16:40:22] ✅ 1018468 → AUTH OK
[16:40:22] ✅ 28235 → AUTH OK
[16:40:22] ✅ 29954 → AUTH OK
[16:40:22] ✅ 1041732 → AUTH OK
[16:40:22] ✅ 1006037 → AUTH OK
[16:40:22] ✅ 7826 → AUTH OK
[16:40:22] ✅ 1020338 → AUTH OK
[16:40:22] ✅ 25281 → AUTH OK
[16:40:22] ✅ 4852 → AUTH OK
[16:40:22] ✅ 9150 → AUTH OK
[16:40:22] ✅ 3145 → AUTH OK
[16:40:22] ✅ 1013210 → AUTH OK
[16:40:22] ✅ 1030383 → AUTH OK
[16:40:22] ✅ 1055922 → AUTH OK
[16:40:22] ✅ 27725 → AUTH OK
[16:40:22] ✅ 1074202 → AUTH OK
[16:40:22] ✅ 1041726 → AUTH OK
[16:40:22] ✅ 58822 → AUTH OK
[16:40:22] ✅ 1084822 → AUTH OK
[16:40:22] ✅ 19110 → AUTH OK
[16:40:22] ✅ 4163 → AUTH OK
[16:40:22] ✅ 1028118 → AUTH OK
[16:40:22] ✅ 7312 → AUTH OK
[16:40:22] ✅ 9044 → AUTH OK
[16:40:22] ✅ 28863 → AUTH OK
[16:40:22] ✅ 7814 → AUTH OK
[16:40:23] ✅ 4340 → AUTH OK
[16:40:23] ✅ 6096 → AUTH OK
[16:40:23] ✅ 4904 → AUTH OK
[16:40:23] ✅ 7753 → AUTH OK
[16:40:23] ✅ 27432 → AUTH OK
[16:40:23] ✅ 5080 → AUTH OK
[16:40:23] ✅ 1026095 → AUTH OK
[16:40:23] ✅ 1041465 → AUTH OK
[16:40:23] ✅ 1398 → AUTH OK
[16:40:23] ✅ 9131 → AUTH OK
[16:40:23] ✅ 1042822 → AUTH OK
[16:40:23] ✅ 4425 → AUTH OK
[16:40:23] ✅ 7260 → AUTH OK
[16:40:23] ✅ 5105 → AUTH OK
[16:40:23] ✅ 1041211 → AUTH OK
[16:40:23] ✅ 7856 → AUTH OK
[16:40:23] ✅ 1041495 → AUTH OK
[16:40:23] ✅ 1039748 → AUTH OK
[16:40:23] ✅ 19289 → AUTH OK
[16:40:23] ✅ 1014297 → AUTH OK
[16:40:23] ✅ 1019687 → AUTH OK
[16:40:23] ✅ 1031639 → AUTH OK
[16:40:23] ✅ 1050768 → AUTH OK
[16:40:23] ✅ 1033524 → AUTH OK
[16:40:23] ✅ 6079 → AUTH OK
[16:40:23] ✅ 1054202 → AUTH OK
[16:40:23] ✅ 4379 → AUTH OK
[16:40:23] ✅ 1088778 → AUTH OK
[16:40:23] ✅ 4255 → AUTH OK
[16:40:23] ✅ 1020350 → AUTH OK
[16:40:23] ✅ 1041566 → AUTH OK
[16:40:23] ✅ 19294 → AUTH OK
[16:40:23] ✅ 1009967 → AUTH OK
[16:40:23] ✅ 9176 → AUTH OK
[16:40:23] ✅ 1031640 → AUTH OK
[16:40:23] ✅ 1041691 → AUTH OK
[16:40:23] ✅ 30441 → AUTH OK
[16:40:23] ✅ 29510 → AUTH OK
[16:40:23] ✅ 10268 → AUTH OK
[16:40:24] ✅ 7627 → AUTH OK
[16:40:24] ✅ 7308 → AUTH OK
[16:40:24] ✅ 43960 → AUTH OK
[16:40:24] ✅ 1013662 → AUTH OK
[16:40:24] ✅ 24522 → AUTH OK
[16:40:24] ✅ 54684 → AUTH OK
[16:40:24] ✅ 9780 → AUTH OK
[16:40:24] ✅ 9497 → AUTH OK
[16:40:24] ✅ 1055117 → AUTH OK
[16:40:24] ✅ 1066216 → AUTH OK
[16:40:24] ✅ 33645 → AUTH OK
[16:40:24] ✅ 1041684 → AUTH OK
[16:40:24] ✅ 32811 → AUTH OK
[16:40:24] ✅ 12947 → AUTH OK
[16:40:24] ✅ 984 → AUTH OK
[16:40:24] ✅ 1041782 → AUTH OK
[16:40:24] ✅ 1039923 → AUTH OK
[16:40:24] ✅ 9291 → AUTH OK
[16:40:24] ✅ 1030384 → AUTH OK
[16:40:24] ✅ 1041729 → AUTH OK
[16:40:24] ✅ 1018796 → AUTH OK
[16:40:24] ✅ 22884 → AUTH OK
[16:40:24] ✅ 9527 → AUTH OK
[16:40:24] ✅ 4714 → AUTH OK
[16:40:24] ✅ 4881 → AUTH OK
[16:40:24] ✅ 1008441 → AUTH OK
[16:40:24] ✅ 26729 → AUTH OK
[16:40:24] ✅ 1056146 → AUTH OK
[16:40:24] ✅ 1065452 → AUTH OK
[16:40:24] ✅ 1089364 → AUTH OK
[16:40:24] ✅ 5103 → AUTH OK
[16:40:24] ✅ 1078620 → AUTH OK
[16:40:24] ✅ 476 → AUTH OK
[16:40:24] ✅ 1049289 → AUTH OK
[16:40:24] ✅ 1039863 → AUTH OK
[16:40:24] ✅ 24767 → AUTH OK
[16:40:24] ✅ 15614 → AUTH OK
[16:40:24] ✅ 1075662 → AUTH OK
[16:40:24] ✅ 1049288 → AUTH OK
[16:40:24] ✅ 6035 → AUTH OK
[16:40:24] ✅ 1035939 → AUTH OK
[16:40:24] ✅ 1019544 → AUTH OK
[16:40:24] ✅ 3976 → AUTH OK
[16:40:24] ✅ 14703 → AUTH OK
[16:40:24] ✅ 1027244 → AUTH OK
[16:40:24] ✅ 482 → AUTH OK
[16:40:24] ✅ 52682 → AUTH OK
[16:40:24] ✅ 1004633 → AUTH OK
[16:40:24] ✅ 1092992 → AUTH OK
[16:40:24] ✅ 9653 → AUTH OK
[16:40:25] ✅ 31792 → AUTH OK
[16:40:25] ✅ 5061 → AUTH OK
[16:40:25] ✅ 62907 → AUTH OK
[16:40:25] ✅ 1054736 → AUTH OK
[16:40:25] ✅ 3906 → AUTH OK
[16:40:25] ✅ 1054730 → AUTH OK
[16:40:25] ✅ 1042215 → AUTH OK
[16:40:25] ✅ 1056839 → AUTH OK
[16:40:25] ✅ 6121 → AUTH OK
[16:40:25] ✅ 1024041 → AUTH OK
[16:40:25] ✅ 38446 → AUTH OK
[16:40:25] ✅ 1009010 → AUTH OK
[16:40:25] ✅ 1032344 → AUTH OK
[16:40:25] ✅ 49852 → AUTH OK
[16:40:25] ✅ 4976 → AUTH OK
[16:40:25] ✅ 1059680 → AUTH OK
[16:40:25] ✅ 4124 → AUTH OK
[16:40:25] ✅ 1088219 → AUTH OK
[16:40:25] ✅ 1036955 → AUTH OK
[16:40:25] ✅ 1020755 → AUTH OK
[16:40:25] ✅ 39874 → AUTH OK
[16:40:25] ✅ 24880 → AUTH OK
[16:40:25] ✅ 1068242 → AUTH OK
[16:40:25] ✅ 1009117 → AUTH OK
[16:40:25] ✅ 1025576 → AUTH OK
[16:40:25] ✅ 1021629 → AUTH OK
[16:40:25] ✅ 1041567 → AUTH OK
[16:40:25] ✅ 15526 → AUTH OK
[16:40:25] ✅ 9169 → AUTH OK
[16:40:25] ✅ 9041 → AUTH OK
[16:40:25] ✅ 26294 → AUTH OK
[16:40:25] ✅ 9504 → AUTH OK
[16:40:25] ✅ 9100 → AUTH OK
[16:40:25] ✅ 25008 → AUTH OK
[16:40:25] ✅ 24246 → AUTH OK
[16:40:25] ✅ 4890 → AUTH OK
[16:40:25] ✅ 4038 → AUTH OK
[16:40:25] ✅ 1054742 → AUTH OK
[16:40:25] ✅ 10255 → AUTH OK
[16:40:25] ✅ 1004635 → AUTH OK
[16:40:25] ✅ 1056846 → AUTH OK
[16:40:25] ✅ 31788 → AUTH OK
[16:40:25] ✅ 1053536 → AUTH OK
[16:40:25] ✅ 1036114 → AUTH OK
[16:40:25] ✅ 56144 → AUTH OK
[16:40:25] ✅ 1082851 → AUTH OK
[16:40:25] ✅ 24981 → AUTH OK
[16:40:25] ✅ 1013355 → AUTH OK
[16:40:26] ✅ 1028879 → AUTH OK
[16:40:26] ✅ 1012136 → AUTH OK
[16:40:26] ✅ 10270 → AUTH OK
[16:40:26] ✅ 4174 → AUTH OK
[16:40:26] ✅ 1003803 → AUTH OK
[16:40:26] ✅ 1004634 → AUTH OK
[16:40:26] ✅ 7511 → AUTH OK
[16:40:26] ✅ 1053155 → AUTH OK
[16:40:26] ✅ 9368 → AUTH OK
[16:40:26] ✅ 1054735 → AUTH OK
[16:40:26] ✅ 1011192 → AUTH OK
[16:40:26] ✅ 7504 → AUTH OK
[16:40:26] ✅ Fetched 565 venues with shows
[16:40:26] ✅ DONE | Shows=3900 | Movies=61
