[16:54:28] 🚀 SCRIPT STARTED (enhanced anti‑detection)
[16:54:28] [1/445] TGMR
[16:54:28] 🧠 New identity created
[16:54:28] 🔄 Retry 1/5 for TGMR in 3.0s
[16:54:28] 🔄 Identity reset
[16:54:31] 🧠 New identity created
[16:54:32] [2/445] CXKR
[16:54:32] [3/445] SROP
[16:54:33] [4/445] GTSV
[16:54:34] [5/445] SNTY
[16:54:35] [6/445] SMYY
[16:54:36] [7/445] CNCS
[16:54:37] [8/445] CSTM
[16:54:39] [9/445] NUCD
[16:54:39] 🔄 Identity reset
[16:54:39] 🔄 Identity rotated (every 10 requests)
[16:54:39] 🔄 Retry 1/5 for NUCD in 2.1s
[16:54:39] 🔄 Identity reset
[16:54:41] 🧠 New identity created
[16:54:41] [10/445] SHCZ
[16:54:43] [11/445] NJCT
[16:54:43] [12/445] COPC
[16:54:44] [13/445] STVV
[16:54:45] [14/445] SKRN
[16:54:46] [15/445] APPZ
[16:54:47] [16/445] YMGN
[16:54:47] [17/445] SVTU
[16:54:48] [18/445] GTAD
[16:54:49] 🔄 Identity reset
[16:54:49] 🔄 Identity rotated (every 10 requests)
[16:54:49] [19/445] PSUS
[16:54:50] [20/445] SMCD
[16:54:51] [21/445] CMCM
[16:54:52] [22/445] SYCT
[16:54:53] [23/445] STLY
[16:54:54] [24/445] CMHU
[16:54:54] [25/445] CMSA
[16:54:55] [26/445] CLCU
[16:54:56] [27/445] PPNT
[16:54:58] [28/445] JTAB
[16:54:58] 🔄 Identity reset
[16:54:58] 🔄 Identity rotated (every 10 requests)
[16:54:59] [29/445] BUUC
[16:54:59] [30/445] BSVK
[16:55:00] [31/445] VVVQ
[16:55:01] [32/445] TKMU
[16:55:03] [33/445] ESYL
[16:55:03] [34/445] ACHP
[16:55:04] [35/445] BTKD
[16:55:05] [36/445] DESA
[16:55:06] [37/445] GBCT
[16:55:07] [38/445] BLLD
[16:55:07] 🔄 Identity reset
[16:55:07] 🔄 Identity rotated (every 10 requests)
[16:55:08] [39/445] SKNT
[16:55:08] [40/445] SSTE
[16:55:09] [41/445] VJMR
[16:55:10] [42/445] NTPU
[16:55:11] [43/445] RDKN
[16:55:12] [44/445] ADGC
[16:55:13] [45/445] VRBP
[16:55:13] [46/445] NMNA
[16:55:14] [47/445] CMMX
[16:55:15] [48/445] PTKO
[16:55:16] 🔄 Identity reset
[16:55:16] 🔄 Identity rotated (every 10 requests)
[16:55:16] [49/445] RBML
[16:55:17] [50/445] SAIC
[16:55:19] [51/445] SVTJ
[16:55:19] [52/445] MRTE
[16:55:20] [53/445] RBTP
[16:55:21] [54/445] NLPS
[16:55:22] [55/445] GTNA
[16:55:23] [56/445] DGGC
[16:55:23] [57/445] SMCR
[16:55:24] [58/445] SCGD
[16:55:25] 🔄 Identity reset
[16:55:25] 🔄 Identity rotated (every 10 requests)
[16:55:25] [59/445] SRRJ
[16:55:26] [60/445] CNRY
[16:55:27] [61/445] KTDI
[16:55:28] [62/445] SNJL
[16:55:29] [63/445] RKMD
[16:55:30] [64/445] SMDC
[16:55:31] [65/445] TADG
[16:55:32] [66/445] MCGS
[16:55:33] [67/445] PETK
[16:55:33] [68/445] CHAG
[16:55:34] 🔄 Identity reset
[16:55:34] 🔄 Identity rotated (every 10 requests)
[16:55:34] [69/445] KSTL
[16:55:35] [70/445] AADS
[16:55:36] [71/445] NTHZ
[16:55:37] [72/445] HCKI
[16:55:38] [73/445] SSEF
[16:55:39] [74/445] MCGX
[16:55:41] [75/445] ERRA
[16:55:41] [76/445] SDTW
[16:55:42] [77/445] RMPK
[16:55:44] [78/445] PTHK
[16:55:44] 🔄 Identity reset
[16:55:44] 🔄 Identity rotated (every 10 requests)
[16:55:44] 🔄 Retry 1/5 for PTHK in 2.4s
[16:55:44] 🔄 Identity reset
[16:55:47] 🧠 New identity created
[16:55:47] 🔄 Retry 2/5 for PTHK in 4.3s
[16:55:47] 🔄 Identity reset
[16:55:51] 🧠 New identity created
[16:55:51] [79/445] PXCS
[16:55:52] [80/445] SVLU
[16:55:53] [81/445] STAH
[16:55:54] [82/445] JRGF
[16:55:55] [83/445] CDOK
[16:55:56] [84/445] CMSG
[16:55:56] [85/445] APTD
[16:55:57] [86/445] KMPG
[16:55:58] 🔄 Identity reset
[16:55:58] 🔄 Identity rotated (every 10 requests)
[16:56:00] [87/445] MUTJ
[16:56:01] [88/445] VCCI
[16:56:03] [89/445] URBE
[16:56:04] [90/445] TCTS
[16:56:05] [91/445] STSN
[16:56:06] [92/445] AKCH
[16:56:07] [93/445] APSC
[16:56:08] [94/445] VLTB
[16:56:10] [95/445] SANU
[16:56:11] [96/445] AXAM
[16:56:11] 🔄 Identity reset
[16:56:11] 🔄 Identity rotated (every 10 requests)
[16:56:12] [97/445] MGMG
[16:56:13] [98/445] HTBY
[16:56:15] [99/445] MMZS
[16:56:19] [100/445] SUDR
[16:56:20] [101/445] CCAD
[16:56:21] [102/445] SKKC
[16:56:22] [103/445] RMCD
[16:56:23] [104/445] SBCQ
[16:56:24] [105/445] DCCT
[16:56:25] [106/445] VTKP
[16:56:26] 🔄 Identity reset
[16:56:26] 🔄 Identity rotated (every 10 requests)
[16:56:26] [107/445] MLAM
[16:56:27] [108/445] SAVT
[16:56:28] [109/445] GEPL
[16:56:29] [110/445] AMCD
[16:56:30] [111/445] CCXR
[16:56:31] [112/445] GRNG
[16:56:32] [113/445] EBCA
[16:56:33] [114/445] CNVG
[16:56:33] [115/445] MWSS
[16:56:34] [116/445] VBOR
[16:56:35] 🔄 Identity reset
[16:56:35] 🔄 Identity rotated (every 10 requests)
[16:56:36] [117/445] NEEB
[16:56:37] [118/445] SUTH
[16:56:39] [119/445] ANDB
[16:56:39] [120/445] MMXS
[16:56:40] [121/445] CNPD
[16:56:41] [122/445] SDCE
[16:56:42] [123/445] DHCB
[16:56:43] [124/445] ODEN
[16:56:44] [125/445] TNTC
[16:56:45] [126/445] VBKM
[16:56:46] 🔄 Identity reset
[16:56:46] 🔄 Identity rotated (every 10 requests)
[16:56:46] [127/445] RZYM
[16:56:48] [128/445] JEMC
[16:56:49] [129/445] CMAU
[16:56:49] [130/445] SIVP
[16:56:50] [131/445] ATAG
[16:56:51] [132/445] CHTM
[16:56:52] [133/445] AAEE
[16:56:53] [134/445] IWPM
[16:56:54] [135/445] KCMW
[16:56:55] [136/445] MCTD
[16:56:55] 🔄 Identity reset
[16:56:55] 🔄 Identity rotated (every 10 requests)
[16:56:56] [137/445] SPWR
[16:56:57] [138/445] SDPO
[16:56:57] [139/445] PCSK
[16:56:58] [140/445] ACHV
[16:56:59] [141/445] SVLA
[16:57:00] [142/445] PICT
[16:57:01] [143/445] BXDR
[16:57:02] [144/445] SPWA
[16:57:03] [145/445] MCKO
[16:57:03] [146/445] RTHK
[16:57:04] 🔄 Identity reset
[16:57:04] 🔄 Identity rotated (every 10 requests)
[16:57:04] 🔄 Retry 1/5 for RTHK in 2.0s
[16:57:04] 🔄 Identity reset
[16:57:06] 🧠 New identity created
[16:57:06] [147/445] CCMF
[16:57:07] [148/445] MRGB
[16:57:08] [149/445] CPLC
[16:57:09] [150/445] RACD
[16:57:10] [151/445] ATKT
[16:57:11] [152/445] SARN
[16:57:12] [153/445] KKUI
[16:57:13] [154/445] RGCM
[16:57:15] [155/445] BRVP
[16:57:15] 🔄 Identity reset
[16:57:15] 🔄 Identity rotated (every 10 requests)
[16:57:16] [156/445] HRSR
[16:57:16] [157/445] GKGM
[16:57:17] [158/445] TTCD
[16:57:18] [159/445] PTTI
[16:57:19] [160/445] MPTT
[16:57:20] [161/445] CVTT
[16:57:21] [162/445] PCXD
[16:57:22] [163/445] GCDC
[16:57:23] [164/445] CCCF
[16:57:24] [165/445] MRAD
[16:57:24] 🔄 Identity reset
[16:57:24] 🔄 Identity rotated (every 10 requests)
[16:57:24] 🔄 Retry 1/5 for MRAD in 2.7s
[16:57:24] 🔄 Identity reset
[16:57:27] 🧠 New identity created
[16:57:27] [166/445] CPLK
[16:57:28] [167/445] SATB
[16:57:29] [168/445] SNVG
[16:57:30] [169/445] JMBA
[16:57:31] [170/445] TEJA
[16:57:33] [171/445] STYO
[16:57:35] [172/445] JTBP
[16:57:36] [173/445] KRGD
[16:57:36] [174/445] SLJJ
[16:57:37] 🔄 Identity reset
[16:57:37] 🔄 Identity rotated (every 10 requests)
[16:57:37] [175/445] SPTJ
[16:57:39] [176/445] SWJG
[16:57:40] [177/445] LKRT
[16:57:41] [178/445] KCKA
[16:57:41] [179/445] SNCR
[16:57:42] [180/445] SMKL
[16:57:43] [181/445] GCFA
[16:57:44] [182/445] DDCK
[16:57:45] [183/445] NCHJ
[16:57:46] [184/445] RDMA
[16:57:47] 🔄 Identity reset
[16:57:47] 🔄 Identity rotated (every 10 requests)
[16:57:47] [185/445] SVSV
[16:57:48] [186/445] SCJG
[16:57:49] [187/445] VKLP
[16:57:50] [188/445] NWCC
[16:57:50] [189/445] VKNS
[16:57:51] [190/445] SDDP
[16:57:52] [191/445] ACSI
[16:57:53] [192/445] SATG
[16:57:54] [193/445] SCMW
[16:57:55] [194/445] LKTK
[16:57:55] 🔄 Identity reset
[16:57:55] 🔄 Identity rotated (every 10 requests)
[16:57:56] [195/445] VCKV
[16:57:57] [196/445] KKPE
[16:57:58] [197/445] KIGH
[16:57:58] [198/445] SRPM
[16:57:59] [199/445] SCAH
[16:58:00] [200/445] MUTA
[16:58:01] [201/445] SEPU
[16:58:02] [202/445] INOA
[16:58:03] [203/445] BASK
[16:58:03] [204/445] NECB
[16:58:04] 🔄 Identity reset
[16:58:04] 🔄 Identity rotated (every 10 requests)
[16:58:04] [205/445] GTTG
[16:58:05] [206/445] ASSA
[16:58:06] [207/445] ANCL
[16:58:06] [208/445] GCTI
[16:58:07] [209/445] RCTS
[16:58:08] [210/445] ACNL
[16:58:09] [211/445] MYCT
[16:58:10] [212/445] NMHT
[16:58:11] [213/445] MDIT
[16:58:12] [214/445] LATG
[16:58:12] 🔄 Identity reset
[16:58:12] 🔄 Identity rotated (every 10 requests)
[16:58:13] [215/445] SMTY
[16:58:14] [216/445] CVCT
[16:58:14] [217/445] RAMB
[16:58:15] [218/445] TGMS
[16:58:16] [219/445] BHEL
[16:58:17] [220/445] SHCT
[16:58:18] [221/445] SVCT
[16:58:19] [222/445] MRIY
[16:58:19] [223/445] SARO
[16:58:20] [224/445] STCT
[16:58:21] 🔄 Identity reset
[16:58:21] 🔄 Identity rotated (every 10 requests)
[16:58:21] 🔄 Retry 1/5 for STCT in 2.7s
[16:58:21] 🔄 Identity reset
[16:58:24] 🧠 New identity created
[16:58:24] 🔄 Retry 2/5 for STCT in 4.1s
[16:58:24] 🔄 Identity reset
[16:58:28] 🧠 New identity created
[16:58:28] [225/445] JKKC
[16:58:29] [226/445] PLTT
[16:58:30] [227/445] SRNT
[16:58:30] [228/445] YAST
[16:58:31] [229/445] PERL
[16:58:32] [230/445] CICM
[16:58:34] [231/445] MMTR
[16:58:35] [232/445] ABTK
[16:58:35] 🔄 Identity reset
[16:58:35] 🔄 Identity rotated (every 10 requests)
[16:58:35] [233/445] ATYY
[16:58:36] [234/445] ASTK
[16:58:37] [235/445] VVCK
[16:58:38] [236/445] ATKY
[16:58:39] [237/445] GWEK
[16:58:40] [238/445] SVFH
[16:58:40] [239/445] SLTA
[16:58:41] [240/445] AASH
[16:58:42] [241/445] ACXB
[16:58:43] [242/445] SMTX
[16:58:43] 🔄 Identity reset
[16:58:44] 🔄 Identity rotated (every 10 requests)
[16:58:44] [243/445] AZDH
[16:58:45] [244/445] CMMH
[16:58:46] [245/445] SCSZ
[16:58:47] [246/445] SCKP
[16:58:47] [247/445] NXTM
[16:58:48] [248/445] NWCS
[16:58:49] [249/445] CXMH
[16:58:50] [250/445] PCMA
[16:58:51] [251/445] SGCM
[16:58:52] [252/445] SDTU
[16:58:52] 🔄 Identity reset
[16:58:52] 🔄 Identity rotated (every 10 requests)
[16:58:52] 🔄 Retry 1/5 for SDTU in 2.5s
[16:58:52] 🔄 Identity reset
[16:58:55] 🧠 New identity created
[16:58:55] [253/445] MMVI
[16:58:56] [254/445] JKCM
[16:58:57] [255/445] VCMM
[16:58:58] [256/445] SYEE
[16:58:58] [257/445] VASD
[16:58:59] [258/445] BDRB
[16:59:00] [259/445] LASM
[16:59:01] [260/445] DCRL
[16:59:02] [261/445] DVPM
[16:59:02] 🔄 Identity reset
[16:59:02] 🔄 Identity rotated (every 10 requests)
[16:59:03] [262/445] SBMJ
[16:59:04] [263/445] CBMU
[16:59:05] [264/445] IUBS
[16:59:05] [265/445] INAP
[16:59:06] [266/445] SRRC
[16:59:07] [267/445] SAGR
[16:59:08] [268/445] CPMJ
[16:59:09] [269/445] ATJL
[16:59:10] [270/445] NNTD
[16:59:11] [271/445] JHCJ
[16:59:12] 🔄 Identity reset
[16:59:12] 🔄 Identity rotated (every 10 requests)
[16:59:12] [272/445] CMMP
[16:59:13] [273/445] RSDR
[16:59:15] [274/445] AMTI
[16:59:16] [275/445] NYSG
[16:59:16] [276/445] AVSG
[16:59:17] [277/445] SYTP
[16:59:18] [278/445] LARC
[16:59:19] [279/445] RJTP
[16:59:20] [280/445] LAKC
[16:59:21] [281/445] MCXE
[16:59:21] 🔄 Identity reset
[16:59:21] 🔄 Identity rotated (every 10 requests)
[16:59:22] [282/445] CCZC
[16:59:23] [283/445] AVCH
[16:59:23] [284/445] CMBE
[16:59:24] [285/445] MRRC
[16:59:25] [286/445] PCPY
[16:59:27] [287/445] SRMH
[16:59:28] [288/445] SVGS
[16:59:29] [289/445] PCSE
[16:59:30] [290/445] SVFT
[16:59:31] [291/445] TNZP
[16:59:31] 🔄 Identity reset
[16:59:31] 🔄 Identity rotated (every 10 requests)
[16:59:32] [292/445] ICTP
[16:59:33] [293/445] ACTZ
[16:59:33] [294/445] GTUR
[16:59:34] [295/445] MAFC
[16:59:35] [296/445] MINL
[16:59:36] [297/445] MRCL
[16:59:37] [298/445] RCRP
[16:59:37] [299/445] RFFG
[16:59:38] [300/445] RMAS
[16:59:39] [301/445] INVR
[16:59:40] 🔄 Identity reset
[16:59:40] 🔄 Identity rotated (every 10 requests)
[16:59:40] 🔄 Retry 1/5 for INVR in 2.9s
[16:59:40] 🔄 Identity reset
[16:59:43] 🧠 New identity created
[16:59:43] [302/445] RMAR
[16:59:44] [303/445] CNIS
[16:59:45] [304/445] RHRJ
[16:59:46] [305/445] INXR
[16:59:47] [306/445] VALT
[16:59:48] [307/445] LCSH
[16:59:49] [308/445] CMVS
[16:59:49] [309/445] CNMS
[16:59:50] [310/445] ROOG
[16:59:51] 🔄 Identity reset
[16:59:51] 🔄 Identity rotated (every 10 requests)
[16:59:51] [311/445] ISRM
[16:59:52] [312/445] RCRM
[16:59:53] [313/445] ACJA
[16:59:54] [314/445] RCVS
[16:59:55] [315/445] CPUS
[16:59:56] [316/445] TGCS
[16:59:57] [317/445] RKCJ
[16:59:58] [318/445] MKSB
[16:59:58] [319/445] TCSJ
[16:59:59] [320/445] RMGP
[17:00:00] 🔄 Identity reset
[17:00:00] 🔄 Identity rotated (every 10 requests)
[17:00:00] [321/445] CLLP
[17:00:01] [322/445] RCMV
[17:00:02] [323/445] CCKS
[17:00:03] [324/445] RSRP
[17:00:04] [325/445] APLP
[17:00:04] [326/445] CNVS
[17:00:05] [327/445] RMVY
[17:00:06] [328/445] PGBD
[17:00:07] [329/445] KLMS
[17:00:08] [330/445] RUST
[17:00:08] 🔄 Identity reset
[17:00:08] 🔄 Identity rotated (every 10 requests)
[17:00:09] [331/445] MASM
[17:00:09] [332/445] BACS
[17:00:10] [333/445] BWST
[17:00:11] [334/445] RRFH
[17:00:12] [335/445] SJTM
[17:00:13] [336/445] BEMR
[17:00:14] [337/445] MCGR
[17:00:15] [338/445] SDSK
[17:00:16] [339/445] VBOL
[17:00:17] [340/445] RMGM
[17:00:18] 🔄 Identity reset
[17:00:18] 🔄 Identity rotated (every 10 requests)
[17:00:18] [341/445] NOPL
[17:00:19] [342/445] MKJK
[17:00:20] [343/445] CVRN
[17:00:21] [344/445] MMEN
[17:00:23] [345/445] AMNG
[17:00:24] [346/445] INTM
[17:00:25] [347/445] SLCZ
[17:00:26] [348/445] AMJN
[17:00:27] [349/445] ACJN
[17:00:28] [350/445] AMKN
[17:00:28] 🔄 Identity reset
[17:00:28] 🔄 Identity rotated (every 10 requests)
[17:00:29] [351/445] BTCN
[17:00:30] [352/445] AMBT
[17:00:31] [353/445] PACN
[17:00:31] [354/445] LCNS
[17:00:32] [355/445] PPKC
[17:00:33] [356/445] JYYN
[17:00:34] [357/445] JTNR
[17:00:35] [358/445] GTEE
[17:00:36] [359/445] SRNM
[17:00:37] [360/445] SDTC
[17:00:37] 🔄 Identity reset
[17:00:37] 🔄 Identity rotated (every 10 requests)
[17:00:38] [361/445] VPCA
[17:00:38] [362/445] VLRA
[17:00:39] [363/445] SHKR
[17:00:40] [364/445] SBKD
[17:00:41] [365/445] SAAD
[17:00:42] [366/445] JTGN
[17:00:43] [367/445] SLAM
[17:00:44] [368/445] VTPM
[17:00:44] [369/445] ANPT
[17:00:46] [370/445] PUNB
[17:00:46] 🔄 Identity reset
[17:00:46] 🔄 Identity rotated (every 10 requests)
[17:00:47] [371/445] CPKT
[17:00:48] [372/445] CNWE
[17:00:49] [373/445] ECPP
[17:00:49] [374/445] CPAR
[17:00:50] [375/445] ESBW
[17:00:51] [376/445] PKPU
[17:00:52] [377/445] CPRP
[17:00:53] [378/445] RAHU
[17:00:54] [379/445] RHMN
[17:00:55] [380/445] FMJP
[17:00:55] 🔄 Identity reset
[17:00:55] 🔄 Identity rotated (every 10 requests)
[17:00:55] [381/445] CTMP
[17:00:56] [382/445] INPN
[17:00:57] [383/445] STTG
[17:00:58] [384/445] CTRD
[17:00:59] [385/445] PUVB
[17:01:00] [386/445] ESVP
[17:01:01] [387/445] CPFT
[17:01:02] [388/445] LCPC
[17:01:04] [389/445] VBCT
[17:01:04] [390/445] FSCW
[17:01:05] 🔄 Identity reset
[17:01:05] 🔄 Identity rotated (every 10 requests)
[17:01:05] [391/445] VCMP
[17:01:07] [392/445] ASHC
[17:01:08] [393/445] VLCX
[17:01:08] [394/445] SHEV
[17:01:09] [395/445] APCO
[17:01:10] [396/445] SILC
[17:01:11] [397/445] SNMR
[17:01:12] [398/445] KYBO
[17:01:13] [399/445] SATK
[17:01:14] [400/445] SSCS
[17:01:14] 🔄 Identity reset
[17:01:14] 🔄 Identity rotated (every 10 requests)
[17:01:14] [401/445] CLSB
[17:01:15] [402/445] KMJR
[17:01:16] [403/445] FSCK
[17:01:17] [404/445] NNKA
[17:01:18] [405/445] CLMK
[17:01:20] [406/445] DMPZ
[17:01:21] [407/445] INQM
[17:01:21] [408/445] CAML
[17:01:22] [409/445] INRK
[17:01:23] [410/445] IMKN
[17:01:24] 🔄 Identity reset
[17:01:24] 🔄 Identity rotated (every 10 requests)
[17:01:24] [411/445] SVNR
[17:01:25] [412/445] INSL
[17:01:26] [413/445] MSMA
[17:01:26] [414/445] MCKK
[17:01:27] [415/445] FCHP
[17:01:29] [416/445] SFCR
[17:01:30] [417/445] NACK
[17:01:31] [418/445] PVAK
[17:01:32] [419/445] INER
[17:01:32] [420/445] RDBK
[17:01:33] 🔄 Identity reset
[17:01:33] 🔄 Identity rotated (every 10 requests)
[17:01:33] [421/445] SVFN
[17:01:34] [422/445] IFRM
[17:01:35] [423/445] ATCK
[17:01:36] [424/445] ASKO
[17:01:37] [425/445] STKT
[17:01:38] [426/445] SVFB
[17:01:39] [427/445] INKS
[17:01:39] [428/445] PCRA
[17:01:40] [429/445] ATJA
[17:01:41] [430/445] IMJN
[17:01:42] 🔄 Identity reset
[17:01:42] 🔄 Identity rotated (every 10 requests)
[17:01:42] [431/445] INHD
[17:01:43] [432/445] BARA
[17:01:43] [433/445] MCSL
[17:01:44] [434/445] RTOY
[17:01:46] [435/445] MENO
[17:01:47] [436/445] PUDM
[17:01:48] [437/445] PRCN
[17:01:49] [438/445] JMJR
[17:01:50] [439/445] SSGK
[17:01:51] [440/445] SSRL
[17:01:51] 🔄 Identity reset
[17:01:51] 🔄 Identity rotated (every 10 requests)
[17:01:52] [441/445] JYKL
[17:01:53] [442/445] ACNB
[17:01:54] [443/445] SONP
[17:01:55] [444/445] EMCI
[17:01:56] [445/445] MRJH
[17:01:57] 🧹 Deduping shows
[17:01:57] ✅ DONE | Shows=1091 | Movies=16
[03:43:24] 🚀 SCRIPT STARTED (enhanced anti‑detection)
[03:43:24] [1/445] TGMR
[03:43:25] 🧠 New identity created
[03:43:25] [2/445] CXKR
[03:43:27] [3/445] SROP
[03:43:27] [4/445] GTSV
[03:43:28] [5/445] SNTY
[03:43:29] [6/445] SMYY
[03:43:30] [7/445] CNCS
[03:43:31] [8/445] CSTM
[03:43:32] [9/445] NUCD
[03:43:33] [10/445] SHCZ
[03:43:33] 🔄 Identity reset
[03:43:34] 🔄 Identity rotated (every 10 requests)
[03:43:34] [11/445] NJCT
[03:43:35] [12/445] COPC
[03:43:37] [13/445] STVV
[03:43:38] [14/445] SKRN
[03:43:38] [15/445] APPZ
[03:43:39] [16/445] YMGN
[03:43:40] [17/445] SVTU
[03:43:41] [18/445] GTAD
[03:43:42] [19/445] PSUS
[03:43:43] [20/445] SMCD
[03:43:44] 🔄 Identity reset
[03:43:44] 🔄 Identity rotated (every 10 requests)
[03:43:44] 🔄 Retry 1/5 for SMCD in 2.1s
[03:43:44] 🔄 Identity reset
[03:43:46] 🧠 New identity created
[03:43:46] [21/445] CMCM
[03:43:47] [22/445] SYCT
[03:43:48] [23/445] STLY
[03:43:49] [24/445] CMHU
[03:43:51] [25/445] CMSA
[03:43:52] [26/445] CLCU
[03:43:53] [27/445] PPNT
[03:43:55] [28/445] JTAB
[03:43:56] [29/445] BUUC
[03:43:56] 🔄 Identity reset
[03:43:56] 🔄 Identity rotated (every 10 requests)
[03:43:57] [30/445] BSVK
[03:43:58] [31/445] VVVQ
[03:43:58] [32/445] TKMU
[03:43:59] [33/445] ESYL
[03:44:00] [34/445] ACHP
[03:44:01] [35/445] BTKD
[03:44:03] [36/445] DESA
[03:44:04] [37/445] GBCT
[03:44:05] [38/445] BLLD
[03:44:06] [39/445] SKNT
[03:44:06] 🔄 Identity reset
[03:44:06] 🔄 Identity rotated (every 10 requests)
[03:44:07] [40/445] SSTE
[03:44:08] [41/445] VJMR
[03:44:08] [42/445] NTPU
[03:44:09] [43/445] RDKN
[03:44:11] [44/445] ADGC
[03:44:12] [45/445] VRBP
[03:44:13] [46/445] NMNA
[03:44:14] [47/445] CMMX
[03:44:15] [48/445] PTKO
[03:44:16] [49/445] RBML
[03:44:17] 🔄 Identity reset
[03:44:17] 🔄 Identity rotated (every 10 requests)
[03:44:17] [50/445] SAIC
[03:44:18] [51/445] SVTJ
[03:44:19] [52/445] MRTE
[03:44:20] [53/445] RBTP
[03:44:21] [54/445] NLPS
[03:44:22] [55/445] GTNA
[03:44:24] [56/445] DGGC
[03:44:24] [57/445] SMCR
[03:44:25] [58/445] SCGD
[03:44:26] [59/445] SRRJ
[03:44:27] 🔄 Identity reset
[03:44:27] 🔄 Identity rotated (every 10 requests)
[03:44:27] [60/445] CNRY
[03:44:28] [61/445] KTDI
[03:44:30] [62/445] SNJL
[03:44:31] [63/445] RKMD
[03:44:31] [64/445] SMDC
[03:44:32] [65/445] TADG
[03:44:34] [66/445] MCGS
[03:44:35] [67/445] PETK
[03:44:36] [68/445] CHAG
[03:44:37] [69/445] KSTL
[03:44:37] 🔄 Identity reset
[03:44:37] 🔄 Identity rotated (every 10 requests)
[03:44:38] [70/445] AADS
[03:44:39] [71/445] NTHZ
[03:44:40] [72/445] HCKI
[03:44:41] [73/445] SSEF
[03:44:42] [74/445] MCGX
[03:44:43] [75/445] ERRA
[03:44:44] [76/445] SDTW
[03:44:45] [77/445] RMPK
[03:44:46] [78/445] PTHK
[03:44:47] [79/445] PXCS
[03:44:47] 🔄 Identity reset
[03:44:47] 🔄 Identity rotated (every 10 requests)
[03:44:48] [80/445] SVLU
[03:44:49] [81/445] STAH
[03:44:50] [82/445] JRGF
[03:44:52] [83/445] CDOK
[03:44:53] [84/445] CMSG
[03:44:54] [85/445] APTD
[03:44:55] [86/445] KMPG
[03:44:56] [87/445] MUTJ
[03:44:57] [88/445] VCCI
[03:44:58] [89/445] URBE
[03:44:58] 🔄 Identity reset
[03:44:58] 🔄 Identity rotated (every 10 requests)
[03:44:59] [90/445] TCTS
[03:44:59] [91/445] STSN
[03:45:01] [92/445] AKCH
[03:45:02] [93/445] APSC
[03:45:03] [94/445] VLTB
[03:45:04] [95/445] SANU
[03:45:05] [96/445] AXAM
[03:45:06] [97/445] MGMG
[03:45:07] [98/445] HTBY
[03:45:08] [99/445] MMZS
[03:45:08] 🔄 Identity reset
[03:45:09] 🔄 Identity rotated (every 10 requests)
[03:45:09] [100/445] SUDR
[03:45:10] [101/445] CCAD
[03:45:11] [102/445] SKKC
[03:45:12] [103/445] RMCD
[03:45:13] [104/445] SBCQ
[03:45:13] [105/445] DCCT
[03:45:14] [106/445] VTKP
[03:45:15] [107/445] MLAM
[03:45:16] [108/445] SAVT
[03:45:17] [109/445] GEPL
[03:45:18] 🔄 Identity reset
[03:45:18] 🔄 Identity rotated (every 10 requests)
[03:45:18] [110/445] AMCD
[03:45:19] [111/445] CCXR
[03:45:21] [112/445] GRNG
[03:45:22] [113/445] EBCA
[03:45:23] [114/445] CNVG
[03:45:23] [115/445] MWSS
[03:45:24] [116/445] VBOR
[03:45:25] [117/445] NEEB
[03:45:26] [118/445] SUTH
[03:45:27] [119/445] ANDB
[03:45:28] 🔄 Identity reset
[03:45:28] 🔄 Identity rotated (every 10 requests)
[03:45:28] [120/445] MMXS
[03:45:29] [121/445] CNPD
[03:45:30] [122/445] SDCE
[03:45:31] [123/445] DHCB
[03:45:32] [124/445] ODEN
[03:45:34] [125/445] TNTC
[03:45:34] [126/445] VBKM
[03:45:35] [127/445] RZYM
[03:45:37] [128/445] JEMC
[03:45:38] [129/445] CMAU
[03:45:38] 🔄 Identity reset
[03:45:38] 🔄 Identity rotated (every 10 requests)
[03:45:39] [130/445] SIVP
[03:45:40] [131/445] ATAG
[03:45:41] [132/445] CHTM
[03:45:42] [133/445] AAEE
[03:45:43] [134/445] IWPM
[03:45:44] [135/445] KCMW
[03:45:45] [136/445] MCTD
[03:45:46] [137/445] SPWR
[03:45:47] [138/445] SDPO
[03:45:48] [139/445] PCSK
[03:45:49] 🔄 Identity reset
[03:45:49] 🔄 Identity rotated (every 10 requests)
[03:45:49] [140/445] ACHV
[03:45:50] [141/445] SVLA
[03:45:51] [142/445] PICT
[03:45:52] [143/445] BXDR
[03:45:53] [144/445] SPWA
[03:45:55] [145/445] MCKO
[03:45:56] [146/445] RTHK
[03:45:57] [147/445] CCMF
[03:45:58] [148/445] MRGB
[03:45:59] [149/445] CPLC
[03:45:59] 🔄 Identity reset
[03:45:59] 🔄 Identity rotated (every 10 requests)
[03:46:00] [150/445] RACD
[03:46:02] [151/445] ATKT
[03:46:03] [152/445] SARN
[03:46:04] [153/445] KKUI
[03:46:04] [154/445] RGCM
[03:46:05] [155/445] BRVP
[03:46:06] [156/445] HRSR
[03:46:07] [157/445] GKGM
[03:46:08] [158/445] TTCD
[03:46:09] [159/445] PTTI
[03:46:10] 🔄 Identity reset
[03:46:10] 🔄 Identity rotated (every 10 requests)
[03:46:10] 🔄 Retry 1/5 for PTTI in 2.1s
[03:46:10] 🔄 Identity reset
[03:46:12] 🧠 New identity created
[03:46:12] [160/445] MPTT
[03:46:13] [161/445] CVTT
[03:46:14] [162/445] PCXD
[03:46:16] [163/445] GCDC
[03:46:17] [164/445] CCCF
[03:46:18] [165/445] MRAD
[03:46:19] [166/445] CPLK
[03:46:20] [167/445] SATB
[03:46:21] [168/445] SNVG
[03:46:21] 🔄 Identity reset
[03:46:21] 🔄 Identity rotated (every 10 requests)
[03:46:22] [169/445] JMBA
[03:46:22] [170/445] TEJA
[03:46:23] [171/445] STYO
[03:46:24] [172/445] JTBP
[03:46:25] [173/445] KRGD
[03:46:26] [174/445] SLJJ
[03:46:27] [175/445] SPTJ
[03:46:28] [176/445] SWJG
[03:46:29] [177/445] LKRT
[03:46:31] [178/445] KCKA
[03:46:31] 🔄 Identity reset
[03:46:31] 🔄 Identity rotated (every 10 requests)
[03:46:31] [179/445] SNCR
[03:46:32] [180/445] SMKL
[03:46:33] [181/445] GCFA
[03:46:34] [182/445] DDCK
[03:46:35] [183/445] NCHJ
[03:46:36] [184/445] RDMA
[03:46:37] [185/445] SVSV
[03:46:38] [186/445] SCJG
[03:46:39] [187/445] VKLP
[03:46:40] [188/445] NWCC
[03:46:41] 🔄 Identity reset
[03:46:41] 🔄 Identity rotated (every 10 requests)
[03:46:41] [189/445] VKNS
[03:46:43] [190/445] SDDP
[03:46:44] [191/445] ACSI
[03:46:45] [192/445] SATG
[03:46:45] [193/445] SCMW
[03:46:47] [194/445] LKTK
[03:46:48] [195/445] VCKV
[03:46:50] [196/445] KKPE
[03:46:51] [197/445] KIGH
[03:46:52] [198/445] SRPM
[03:46:53] 🔄 Identity reset
[03:46:53] 🔄 Identity rotated (every 10 requests)
[03:46:53] [199/445] SCAH
[03:46:54] [200/445] MUTA
[03:46:55] [201/445] SEPU
[03:46:56] [202/445] INOA
[03:46:57] [203/445] BASK
[03:46:58] [204/445] NECB
[03:46:59] [205/445] GTTG
[03:47:00] [206/445] ASSA
[03:47:01] [207/445] ANCL
[03:47:02] [208/445] GCTI
[03:47:02] 🔄 Identity reset
[03:47:02] 🔄 Identity rotated (every 10 requests)
[03:47:03] [209/445] RCTS
[03:47:05] [210/445] ACNL
[03:47:05] [211/445] MYCT
[03:47:06] [212/445] NMHT
[03:47:07] [213/445] MDIT
[03:47:08] [214/445] LATG
[03:47:09] [215/445] SMTY
[03:47:10] [216/445] CVCT
[03:47:11] [217/445] RAMB
[03:47:12] [218/445] TGMS
[03:47:12] 🔄 Identity reset
[03:47:12] 🔄 Identity rotated (every 10 requests)
[03:47:13] [219/445] BHEL
[03:47:14] [220/445] SHCT
[03:47:15] [221/445] SVCT
[03:47:16] [222/445] MRIY
[03:47:17] [223/445] SARO
[03:47:18] [224/445] STCT
[03:47:19] [225/445] JKKC
[03:47:19] [226/445] PLTT
[03:47:20] [227/445] SRNT
[03:47:21] [228/445] YAST
[03:47:22] 🔄 Identity reset
[03:47:22] 🔄 Identity rotated (every 10 requests)
[03:47:22] [229/445] PERL
[03:47:23] [230/445] CICM
[03:47:24] [231/445] MMTR
[03:47:25] [232/445] ABTK
[03:47:26] [233/445] ATYY
[03:47:27] [234/445] ASTK
[03:47:28] [235/445] VVCK
[03:47:29] [236/445] ATKY
[03:47:30] [237/445] GWEK
[03:47:30] [238/445] SVFH
[03:47:31] 🔄 Identity reset
[03:47:31] 🔄 Identity rotated (every 10 requests)
[03:47:31] [239/445] SLTA
[03:47:32] [240/445] AASH
[03:47:33] [241/445] ACXB
[03:47:35] [242/445] SMTX
[03:47:36] [243/445] AZDH
[03:47:37] [244/445] CMMH
[03:47:39] [245/445] SCSZ
[03:47:39] [246/445] SCKP
[03:47:40] [247/445] NXTM
[03:47:41] [248/445] NWCS
[03:47:42] 🔄 Identity reset
[03:47:42] 🔄 Identity rotated (every 10 requests)
[03:47:43] [249/445] CXMH
[03:47:44] [250/445] PCMA
[03:47:45] [251/445] SGCM
[03:47:46] [252/445] SDTU
[03:47:46] [253/445] MMVI
[03:47:48] [254/445] JKCM
[03:47:50] [255/445] VCMM
[03:47:51] [256/445] SYEE
[03:47:52] [257/445] VASD
[03:47:53] [258/445] BDRB
[03:47:54] 🔄 Identity reset
[03:47:54] 🔄 Identity rotated (every 10 requests)
[03:47:54] [259/445] LASM
[03:47:55] [260/445] DCRL
[03:47:56] [261/445] DVPM
[03:47:57] [262/445] SBMJ
[03:47:58] [263/445] CBMU
[03:47:59] [264/445] IUBS
[03:48:00] [265/445] INAP
[03:48:01] [266/445] SRRC
[03:48:02] [267/445] SAGR
[03:48:03] [268/445] CPMJ
[03:48:04] 🔄 Identity reset
[03:48:04] 🔄 Identity rotated (every 10 requests)
[03:48:05] [269/445] ATJL
[03:48:05] [270/445] NNTD
[03:48:06] [271/445] JHCJ
[03:48:07] [272/445] CMMP
[03:48:08] [273/445] RSDR
[03:48:09] [274/445] AMTI
[03:48:10] [275/445] NYSG
[03:48:11] [276/445] AVSG
[03:48:13] [277/445] SYTP
[03:48:14] [278/445] LARC
[03:48:14] 🔄 Identity reset
[03:48:14] 🔄 Identity rotated (every 10 requests)
[03:48:15] [279/445] RJTP
[03:48:16] [280/445] LAKC
[03:48:18] [281/445] MCXE
[03:48:18] [282/445] CCZC
[03:48:19] [283/445] AVCH
[03:48:20] [284/445] CMBE
[03:48:22] [285/445] MRRC
[03:48:22] [286/445] PCPY
[03:48:23] [287/445] SRMH
[03:48:24] [288/445] SVGS
[03:48:25] 🔄 Identity reset
[03:48:25] 🔄 Identity rotated (every 10 requests)
[03:48:25] [289/445] PCSE
[03:48:26] [290/445] SVFT
[03:48:27] [291/445] TNZP
[03:48:28] [292/445] ICTP
[03:48:29] [293/445] ACTZ
[03:48:30] [294/445] GTUR
[03:48:31] [295/445] MAFC
[03:48:32] [296/445] MINL
[03:48:33] [297/445] MRCL
[03:48:34] [298/445] RCRP
[03:48:35] 🔄 Identity reset
[03:48:35] 🔄 Identity rotated (every 10 requests)
[03:48:35] [299/445] RFFG
[03:48:37] [300/445] RMAS
[03:48:38] [301/445] INVR
[03:48:39] [302/445] RMAR
[03:48:40] [303/445] CNIS
[03:48:41] [304/445] RHRJ
[03:48:41] [305/445] INXR
[03:48:42] [306/445] VALT
[03:48:43] [307/445] LCSH
[03:48:44] [308/445] CMVS
[03:48:45] 🔄 Identity reset
[03:48:45] 🔄 Identity rotated (every 10 requests)
[03:48:45] [309/445] CNMS
[03:48:46] [310/445] ROOG
[03:48:47] [311/445] ISRM
[03:48:48] [312/445] RCRM
[03:48:49] [313/445] ACJA
[03:48:50] [314/445] RCVS
[03:48:51] [315/445] CPUS
[03:48:52] [316/445] TGCS
[03:48:53] [317/445] RKCJ
[03:48:54] [318/445] MKSB
[03:48:54] 🔄 Identity reset
[03:48:54] 🔄 Identity rotated (every 10 requests)
[03:48:55] [319/445] TCSJ
[03:48:56] [320/445] RMGP
[03:48:56] [321/445] CLLP
[03:48:57] [322/445] RCMV
[03:48:58] [323/445] CCKS
[03:48:59] [324/445] RSRP
[03:49:00] [325/445] APLP
[03:49:01] [326/445] CNVS
[03:49:02] [327/445] RMVY
[03:49:04] [328/445] PGBD
[03:49:04] 🔄 Identity reset
[03:49:04] 🔄 Identity rotated (every 10 requests)
[03:49:04] [329/445] KLMS
[03:49:05] [330/445] RUST
[03:49:06] [331/445] MASM
[03:49:07] [332/445] BACS
[03:49:09] [333/445] BWST
[03:49:10] [334/445] RRFH
[03:49:11] [335/445] SJTM
[03:49:13] [336/445] BEMR
[03:49:14] [337/445] MCGR
[03:49:15] [338/445] SDSK
[03:49:15] 🔄 Identity reset
[03:49:15] 🔄 Identity rotated (every 10 requests)
[03:49:16] [339/445] VBOL
[03:49:16] [340/445] RMGM
[03:49:17] [341/445] NOPL
[03:49:18] [342/445] MKJK
[03:49:19] [343/445] CVRN
[03:49:20] [344/445] MMEN
[03:49:21] [345/445] AMNG
[03:49:22] [346/445] INTM
[03:49:23] [347/445] SLCZ
[03:49:25] [348/445] AMJN
[03:49:25] 🔄 Identity reset
[03:49:25] 🔄 Identity rotated (every 10 requests)
[03:49:26] [349/445] ACJN
[03:49:27] [350/445] AMKN
[03:49:28] [351/445] BTCN
[03:49:29] [352/445] AMBT
[03:49:30] [353/445] PACN
[03:49:31] [354/445] LCNS
[03:49:32] [355/445] PPKC
[03:49:33] [356/445] JYYN
[03:49:34] [357/445] JTNR
[03:49:35] [358/445] GTEE
[03:49:35] 🔄 Identity reset
[03:49:35] 🔄 Identity rotated (every 10 requests)
[03:49:36] [359/445] SRNM
[03:49:37] [360/445] SDTC
[03:49:37] [361/445] VPCA
[03:49:38] [362/445] VLRA
[03:49:39] [363/445] SHKR
[03:49:40] [364/445] SBKD
[03:49:41] [365/445] SAAD
[03:49:42] [366/445] JTGN
[03:49:43] [367/445] SLAM
[03:49:44] [368/445] VTPM
[03:49:44] 🔄 Identity reset
[03:49:44] 🔄 Identity rotated (every 10 requests)
[03:49:46] [369/445] ANPT
[03:49:46] [370/445] PUNB
[03:49:48] [371/445] CPKT
[03:49:49] [372/445] CNWE
[03:49:50] [373/445] ECPP
[03:49:51] [374/445] CPAR
[03:49:52] [375/445] ESBW
[03:49:53] [376/445] PKPU
[03:49:54] [377/445] CPRP
[03:49:55] [378/445] RAHU
[03:49:56] 🔄 Identity reset
[03:49:56] 🔄 Identity rotated (every 10 requests)
[03:49:56] [379/445] RHMN
[03:49:57] [380/445] FMJP
[03:49:58] [381/445] CTMP
[03:49:59] [382/445] INPN
[03:50:00] [383/445] STTG
[03:50:01] [384/445] CTRD
[03:50:03] [385/445] PUVB
[03:50:04] [386/445] ESVP
[03:50:05] [387/445] CPFT
[03:50:06] [388/445] LCPC
[03:50:07] 🔄 Identity reset
[03:50:07] 🔄 Identity rotated (every 10 requests)
[03:50:07] [389/445] VBCT
[03:50:08] [390/445] FSCW
[03:50:09] [391/445] VCMP
[03:50:10] [392/445] ASHC
[03:50:11] [393/445] VLCX
[03:50:12] [394/445] SHEV
[03:50:13] [395/445] APCO
[03:50:14] [396/445] SILC
[03:50:16] [397/445] SNMR
[03:50:17] [398/445] KYBO
[03:50:17] 🔄 Identity reset
[03:50:17] 🔄 Identity rotated (every 10 requests)
[03:50:18] [399/445] SATK
[03:50:19] [400/445] SSCS
[03:50:19] [401/445] CLSB
[03:50:20] [402/445] KMJR
[03:50:21] [403/445] FSCK
[03:50:22] [404/445] NNKA
[03:50:23] [405/445] CLMK
[03:50:24] [406/445] DMPZ
[03:50:25] [407/445] INQM
[03:50:26] [408/445] CAML
[03:50:26] 🔄 Identity reset
[03:50:26] 🔄 Identity rotated (every 10 requests)
[03:50:27] [409/445] INRK
[03:50:28] [410/445] IMKN
[03:50:29] [411/445] SVNR
[03:50:30] [412/445] INSL
[03:50:31] [413/445] MSMA
[03:50:32] [414/445] MCKK
[03:50:33] [415/445] FCHP
[03:50:34] [416/445] SFCR
[03:50:35] [417/445] NACK
[03:50:36] [418/445] PVAK
[03:50:37] 🔄 Identity reset
[03:50:37] 🔄 Identity rotated (every 10 requests)
[03:50:37] [419/445] INER
[03:50:38] [420/445] RDBK
[03:50:39] [421/445] SVFN
[03:50:40] [422/445] IFRM
[03:50:41] [423/445] ATCK
[03:50:42] [424/445] ASKO
[03:50:43] [425/445] STKT
[03:50:44] [426/445] SVFB
[03:50:45] [427/445] INKS
[03:50:46] [428/445] PCRA
[03:50:46] 🔄 Identity reset
[03:50:46] 🔄 Identity rotated (every 10 requests)
[03:50:47] [429/445] ATJA
[03:50:48] [430/445] IMJN
[03:50:49] [431/445] INHD
[03:50:50] [432/445] BARA
[03:50:51] [433/445] MCSL
[03:50:52] [434/445] RTOY
[03:50:53] [435/445] MENO
[03:50:54] [436/445] PUDM
[03:50:55] [437/445] PRCN
[03:50:56] [438/445] JMJR
[03:50:56] 🔄 Identity reset
[03:50:56] 🔄 Identity rotated (every 10 requests)
[03:50:57] [439/445] SSGK
[03:50:58] [440/445] SSRL
[03:50:59] [441/445] JYKL
[03:50:59] [442/445] ACNB
[03:51:00] [443/445] SONP
[03:51:01] [444/445] EMCI
[03:51:02] [445/445] MRJH
[03:51:03] 🧹 Deduping shows
[03:51:03] ✅ DONE | Shows=1220 | Movies=22
[10:52:18] 🚀 SCRIPT STARTED (enhanced anti‑detection)
[10:52:18] [1/445] TGMR
[10:52:19] 🧠 New identity created
[10:52:19] 🔄 Retry 1/5 for TGMR in 2.6s
[10:52:19] 🔄 Identity reset
[10:52:22] 🧠 New identity created
[10:52:22] [2/445] CXKR
[10:52:23] [3/445] SROP
[10:52:24] [4/445] GTSV
[10:52:24] [5/445] SNTY
[10:52:26] [6/445] SMYY
[10:52:27] [7/445] CNCS
[10:52:27] [8/445] CSTM
[10:52:28] [9/445] NUCD
[10:52:29] 🔄 Identity reset
[10:52:29] 🔄 Identity rotated (every 10 requests)
[10:52:29] [10/445] SHCZ
[10:52:30] [11/445] NJCT
[10:52:31] [12/445] COPC
[10:52:31] [13/445] STVV
[10:52:32] [14/445] SKRN
[10:52:33] [15/445] APPZ
[10:52:34] [16/445] YMGN
[10:52:35] [17/445] SVTU
[10:52:36] [18/445] GTAD
[10:52:37] [19/445] PSUS
[10:52:38] 🔄 Identity reset
[10:52:38] 🔄 Identity rotated (every 10 requests)
[10:52:38] 🔄 Retry 1/5 for PSUS in 2.9s
[10:52:38] 🔄 Identity reset
[10:52:41] 🧠 New identity created
[10:52:41] 🔄 Retry 2/5 for PSUS in 4.8s
[10:52:41] 🔄 Identity reset
[10:52:46] 🧠 New identity created
[10:52:46] [20/445] SMCD
[10:52:47] [21/445] CMCM
[10:52:48] [22/445] SYCT
[10:52:49] [23/445] STLY
[10:52:49] [24/445] CMHU
[10:52:50] [25/445] CMSA
[10:52:51] [26/445] CLCU
[10:52:52] [27/445] PPNT
[10:52:53] 🔄 Identity reset
[10:52:53] 🔄 Identity rotated (every 10 requests)
[10:52:53] [28/445] JTAB
[10:52:54] [29/445] BUUC
[10:52:55] [30/445] BSVK
[10:52:56] [31/445] VVVQ
[10:52:56] [32/445] TKMU
[10:52:57] [33/445] ESYL
[10:52:58] [34/445] ACHP
[10:52:59] [35/445] BTKD
[10:53:01] [36/445] DESA
[10:53:01] [37/445] GBCT
[10:53:02] 🔄 Identity reset
[10:53:02] 🔄 Identity rotated (every 10 requests)
[10:53:02] [38/445] BLLD
[10:53:03] [39/445] SKNT
[10:53:04] [40/445] SSTE
[10:53:05] [41/445] VJMR
[10:53:06] [42/445] NTPU
[10:53:07] [43/445] RDKN
[10:53:07] [44/445] ADGC
[10:53:09] [45/445] VRBP
[10:53:10] [46/445] NMNA
[10:53:11] [47/445] CMMX
[10:53:11] 🔄 Identity reset
[10:53:11] 🔄 Identity rotated (every 10 requests)
[10:53:12] [48/445] PTKO
[10:53:13] [49/445] RBML
[10:53:14] [50/445] SAIC
[10:53:15] [51/445] SVTJ
[10:53:15] [52/445] MRTE
[10:53:16] [53/445] RBTP
[10:53:17] [54/445] NLPS
[10:53:18] [55/445] GTNA
[10:53:19] [56/445] DGGC
[10:53:19] [57/445] SMCR
[10:53:20] 🔄 Identity reset
[10:53:20] 🔄 Identity rotated (every 10 requests)
[10:53:20] [58/445] SCGD
[10:53:22] [59/445] SRRJ
[10:53:23] [60/445] CNRY
[10:53:24] [61/445] KTDI
[10:53:24] [62/445] SNJL
[10:53:26] [63/445] RKMD
[10:53:27] [64/445] SMDC
[10:53:28] [65/445] TADG
[10:53:29] [66/445] MCGS
[10:53:30] [67/445] PETK
[10:53:30] 🔄 Identity reset
[10:53:30] 🔄 Identity rotated (every 10 requests)
[10:53:31] [68/445] CHAG
[10:53:32] [69/445] KSTL
[10:53:33] [70/445] AADS
[10:53:34] [71/445] NTHZ
[10:53:34] [72/445] HCKI
[10:53:35] [73/445] SSEF
[10:53:36] [74/445] MCGX
[10:53:37] [75/445] ERRA
[10:53:38] [76/445] SDTW
[10:53:39] [77/445] RMPK
[10:53:39] 🔄 Identity reset
[10:53:39] 🔄 Identity rotated (every 10 requests)
[10:53:40] 🔄 Retry 1/5 for RMPK in 2.1s
[10:53:40] 🔄 Identity reset
[10:53:42] 🧠 New identity created
[10:53:42] [78/445] PTHK
[10:53:43] [79/445] PXCS
[10:53:44] [80/445] SVLU
[10:53:44] [81/445] STAH
[10:53:45] [82/445] JRGF
[10:53:46] [83/445] CDOK
[10:53:47] [84/445] CMSG
[10:53:48] [85/445] APTD
[10:53:49] [86/445] KMPG
[10:53:50] 🔄 Identity reset
[10:53:50] 🔄 Identity rotated (every 10 requests)
[10:53:50] [87/445] MUTJ
[10:53:51] [88/445] VCCI
[10:53:52] [89/445] URBE
[10:53:53] [90/445] TCTS
[10:53:55] [91/445] STSN
[10:53:56] [92/445] AKCH
[10:53:56] [93/445] APSC
[10:53:57] [94/445] VLTB
[10:53:58] [95/445] SANU
[10:53:59] [96/445] AXAM
[10:53:59] 🔄 Identity reset
[10:53:59] 🔄 Identity rotated (every 10 requests)
[10:53:59] 🔄 Retry 1/5 for AXAM in 2.4s
[10:53:59] 🔄 Identity reset
[10:54:02] 🧠 New identity created
[10:54:02] 🔄 Retry 2/5 for AXAM in 4.1s
[10:54:02] 🔄 Identity reset
[10:54:06] 🧠 New identity created
[10:54:06] [97/445] MGMG
[10:54:07] [98/445] HTBY
[10:54:08] [99/445] MMZS
[10:54:09] [100/445] SUDR
[10:54:09] [101/445] CCAD
[10:54:11] [102/445] SKKC
[10:54:12] [103/445] RMCD
[10:54:13] [104/445] SBCQ
[10:54:13] 🔄 Identity reset
[10:54:13] 🔄 Identity rotated (every 10 requests)
[10:54:13] 🔄 Retry 1/5 for SBCQ in 2.6s
[10:54:13] 🔄 Identity reset
[10:54:16] 🧠 New identity created
[10:54:16] [105/445] DCCT
[10:54:17] [106/445] VTKP
[10:54:18] [107/445] MLAM
[10:54:19] [108/445] SAVT
[10:54:19] [109/445] GEPL
[10:54:21] [110/445] AMCD
[10:54:21] [111/445] CCXR
[10:54:22] [112/445] GRNG
[10:54:23] [113/445] EBCA
[10:54:23] 🔄 Identity reset
[10:54:23] 🔄 Identity rotated (every 10 requests)
[10:54:23] 🔄 Retry 1/5 for EBCA in 2.3s
[10:54:23] 🔄 Identity reset
[10:54:26] 🧠 New identity created
[10:54:26] 🔄 Retry 2/5 for EBCA in 4.9s
[10:54:26] 🔄 Identity reset
[10:54:31] 🧠 New identity created
[10:54:31] [114/445] CNVG
[10:54:32] [115/445] MWSS
[10:54:33] [116/445] VBOR
[10:54:34] [117/445] NEEB
[10:54:35] [118/445] SUTH
[10:54:36] [119/445] ANDB
[10:54:37] [120/445] MMXS
[10:54:37] [121/445] CNPD
[10:54:38] 🔄 Identity reset
[10:54:38] 🔄 Identity rotated (every 10 requests)
[10:54:38] [122/445] SDCE
[10:54:39] [123/445] DHCB
[10:54:40] [124/445] ODEN
[10:54:41] [125/445] TNTC
[10:54:42] [126/445] VBKM
[10:54:43] [127/445] RZYM
[10:54:44] [128/445] JEMC
[10:54:44] [129/445] CMAU
[10:54:45] [130/445] SIVP
[10:54:46] [131/445] ATAG
[10:54:47] 🔄 Identity reset
[10:54:47] 🔄 Identity rotated (every 10 requests)
[10:54:47] [132/445] CHTM
[10:54:48] [133/445] AAEE
[10:54:50] [134/445] IWPM
[10:54:50] [135/445] KCMW
[10:54:51] [136/445] MCTD
[10:54:52] [137/445] SPWR
[10:54:53] [138/445] SDPO
[10:54:54] [139/445] PCSK
[10:54:54] [140/445] ACHV
[10:54:55] [141/445] SVLA
[10:54:56] 🔄 Identity reset
[10:54:56] 🔄 Identity rotated (every 10 requests)
[10:54:57] [142/445] PICT
[10:54:58] [143/445] BXDR
[10:54:59] [144/445] SPWA
[10:55:01] [145/445] MCKO
[10:55:02] [146/445] RTHK
[10:55:02] [147/445] CCMF
[10:55:03] [148/445] MRGB
[10:55:04] [149/445] CPLC
[10:55:05] [150/445] RACD
[10:55:06] [151/445] ATKT
[10:55:06] 🔄 Identity reset
[10:55:06] 🔄 Identity rotated (every 10 requests)
[10:55:07] [152/445] SARN
[10:55:08] [153/445] KKUI
[10:55:09] [154/445] RGCM
[10:55:10] [155/445] BRVP
[10:55:11] [156/445] HRSR
[10:55:11] [157/445] GKGM
[10:55:12] [158/445] TTCD
[10:55:13] [159/445] PTTI
[10:55:14] [160/445] MPTT
[10:55:15] [161/445] CVTT
[10:55:16] 🔄 Identity reset
[10:55:16] 🔄 Identity rotated (every 10 requests)
[10:55:16] 🔄 Retry 1/5 for CVTT in 2.8s
[10:55:16] 🔄 Identity reset
[10:55:19] 🧠 New identity created
[10:55:19] [162/445] PCXD
[10:55:20] [163/445] GCDC
[10:55:21] [164/445] CCCF
[10:55:22] [165/445] MRAD
[10:55:23] [166/445] CPLK
[10:55:24] [167/445] SATB
[10:55:25] [168/445] SNVG
[10:55:27] [169/445] JMBA
[10:55:28] [170/445] TEJA
[10:55:29] 🔄 Identity reset
[10:55:29] 🔄 Identity rotated (every 10 requests)
[10:55:29] [171/445] STYO
[10:55:30] [172/445] JTBP
[10:55:31] [173/445] KRGD
[10:55:31] [174/445] SLJJ
[10:55:32] [175/445] SPTJ
[10:55:33] [176/445] SWJG
[10:55:34] [177/445] LKRT
[10:55:35] [178/445] KCKA
[10:55:36] [179/445] SNCR
[10:55:37] [180/445] SMKL
[10:55:37] 🔄 Identity reset
[10:55:37] 🔄 Identity rotated (every 10 requests)
[10:55:37] 🔄 Retry 1/5 for SMKL in 2.9s
[10:55:37] 🔄 Identity reset
[10:55:40] 🧠 New identity created
[10:55:40] 🔄 Retry 2/5 for SMKL in 4.6s
[10:55:40] 🔄 Identity reset
[10:55:45] 🧠 New identity created
[10:55:45] 🔄 Retry 3/5 for SMKL in 8.2s
[10:55:45] 🔄 Identity reset
[10:55:53] 🧠 New identity created
[10:55:53] [181/445] GCFA
[10:55:54] [182/445] DDCK
[10:55:55] [183/445] NCHJ
[10:55:56] [184/445] RDMA
[10:55:57] [185/445] SVSV
[10:55:58] [186/445] SCJG
[10:55:59] [187/445] VKLP
[10:55:59] 🔄 Identity reset
[10:55:59] 🔄 Identity rotated (every 10 requests)
[10:55:59] [188/445] NWCC
[10:56:00] [189/445] VKNS
[10:56:01] [190/445] SDDP
[10:56:02] [191/445] ACSI
[10:56:03] [192/445] SATG
[10:56:03] [193/445] SCMW
[10:56:04] [194/445] LKTK
[10:56:05] [195/445] VCKV
[10:56:06] [196/445] KKPE
[10:56:08] [197/445] KIGH
[10:56:08] 🔄 Identity reset
[10:56:08] 🔄 Identity rotated (every 10 requests)
[10:56:09] [198/445] SRPM
[10:56:09] [199/445] SCAH
[10:56:10] [200/445] MUTA
[10:56:11] [201/445] SEPU
[10:56:12] [202/445] INOA
[10:56:13] [203/445] BASK
[10:56:14] [204/445] NECB
[10:56:15] [205/445] GTTG
[10:56:16] [206/445] ASSA
[10:56:17] [207/445] ANCL
[10:56:17] 🔄 Identity reset
[10:56:17] 🔄 Identity rotated (every 10 requests)
[10:56:17] [208/445] GCTI
[10:56:18] [209/445] RCTS
[10:56:19] [210/445] ACNL
[10:56:20] [211/445] MYCT
[10:56:21] [212/445] NMHT
[10:56:22] [213/445] MDIT
[10:56:22] [214/445] LATG
[10:56:23] [215/445] SMTY
[10:56:24] [216/445] CVCT
[10:56:25] [217/445] RAMB
[10:56:26] 🔄 Identity reset
[10:56:26] 🔄 Identity rotated (every 10 requests)
[10:56:26] [218/445] TGMS
[10:56:27] [219/445] BHEL
[10:56:28] [220/445] SHCT
[10:56:29] [221/445] SVCT
[10:56:29] [222/445] MRIY
[10:56:30] [223/445] SARO
[10:56:31] [224/445] STCT
[10:56:32] [225/445] JKKC
[10:56:33] [226/445] PLTT
[10:56:34] [227/445] SRNT
[10:56:35] 🔄 Identity reset
[10:56:35] 🔄 Identity rotated (every 10 requests)
[10:56:35] 🔄 Retry 1/5 for SRNT in 2.7s
[10:56:35] 🔄 Identity reset
[10:56:37] 🧠 New identity created
[10:56:37] 🔄 Retry 2/5 for SRNT in 4.5s
[10:56:37] 🔄 Identity reset
[10:56:42] 🧠 New identity created
[10:56:42] [228/445] YAST
[10:56:43] [229/445] PERL
[10:56:44] [230/445] CICM
[10:56:45] [231/445] MMTR
[10:56:46] [232/445] ABTK
[10:56:47] [233/445] ATYY
[10:56:48] [234/445] ASTK
[10:56:49] [235/445] VVCK
[10:56:50] 🔄 Identity reset
[10:56:50] 🔄 Identity rotated (every 10 requests)
[10:56:50] [236/445] ATKY
[10:56:51] [237/445] GWEK
[10:56:52] [238/445] SVFH
[10:56:53] [239/445] SLTA
[10:56:53] [240/445] AASH
[10:56:54] [241/445] ACXB
[10:56:55] [242/445] SMTX
[10:56:56] [243/445] AZDH
[10:56:57] [244/445] CMMH
[10:56:58] [245/445] SCSZ
[10:56:58] 🔄 Identity reset
[10:56:59] 🔄 Identity rotated (every 10 requests)
[10:56:59] [246/445] SCKP
[10:56:59] [247/445] NXTM
[10:57:00] [248/445] NWCS
[10:57:01] [249/445] CXMH
[10:57:02] [250/445] PCMA
[10:57:03] [251/445] SGCM
[10:57:04] [252/445] SDTU
[10:57:05] [253/445] MMVI
[10:57:06] [254/445] JKCM
[10:57:07] [255/445] VCMM
[10:57:07] 🔄 Identity reset
[10:57:07] 🔄 Identity rotated (every 10 requests)
[10:57:07] [256/445] SYEE
[10:57:08] [257/445] VASD
[10:57:09] [258/445] BDRB
[10:57:10] [259/445] LASM
[10:57:11] [260/445] DCRL
[10:57:12] [261/445] DVPM
[10:57:13] [262/445] SBMJ
[10:57:14] [263/445] CBMU
[10:57:16] [264/445] IUBS
[10:57:16] [265/445] INAP
[10:57:17] 🔄 Identity reset
[10:57:17] 🔄 Identity rotated (every 10 requests)
[10:57:17] 🔄 Retry 1/5 for INAP in 2.3s
[10:57:17] 🔄 Identity reset
[10:57:19] 🧠 New identity created
[10:57:20] [266/445] SRRC
[10:57:21] [267/445] SAGR
[10:57:21] [268/445] CPMJ
[10:57:22] [269/445] ATJL
[10:57:23] [270/445] NNTD
[10:57:24] [271/445] JHCJ
[10:57:25] [272/445] CMMP
[10:57:25] [273/445] RSDR
[10:57:27] [274/445] AMTI
[10:57:28] 🔄 Identity reset
[10:57:28] 🔄 Identity rotated (every 10 requests)
[10:57:28] [275/445] NYSG
[10:57:29] [276/445] AVSG
[10:57:30] [277/445] SYTP
[10:57:31] [278/445] LARC
[10:57:32] [279/445] RJTP
[10:57:33] [280/445] LAKC
[10:57:34] [281/445] MCXE
[10:57:35] [282/445] CCZC
[10:57:36] [283/445] AVCH
[10:57:36] [284/445] CMBE
[10:57:37] 🔄 Identity reset
[10:57:37] 🔄 Identity rotated (every 10 requests)
[10:57:37] [285/445] MRRC
[10:57:38] [286/445] PCPY
[10:57:39] [287/445] SRMH
[10:57:40] [288/445] SVGS
[10:57:41] [289/445] PCSE
[10:57:42] [290/445] SVFT
[10:57:42] [291/445] TNZP
[10:57:43] [292/445] ICTP
[10:57:44] [293/445] ACTZ
[10:57:45] [294/445] GTUR
[10:57:46] 🔄 Identity reset
[10:57:46] 🔄 Identity rotated (every 10 requests)
[10:57:46] [295/445] MAFC
[10:57:47] [296/445] MINL
[10:57:48] [297/445] MRCL
[10:57:48] [298/445] RCRP
[10:57:49] [299/445] RFFG
[10:57:50] [300/445] RMAS
[10:57:51] [301/445] INVR
[10:57:52] [302/445] RMAR
[10:57:53] [303/445] CNIS
[10:57:54] [304/445] RHRJ
[10:57:54] 🔄 Identity reset
[10:57:54] 🔄 Identity rotated (every 10 requests)
[10:57:55] [305/445] INXR
[10:57:56] [306/445] VALT
[10:57:57] [307/445] LCSH
[10:57:58] [308/445] CMVS
[10:57:59] [309/445] CNMS
[10:57:59] [310/445] ROOG
[10:58:00] [311/445] ISRM
[10:58:01] [312/445] RCRM
[10:58:02] [313/445] ACJA
[10:58:03] [314/445] RCVS
[10:58:03] 🔄 Identity reset
[10:58:03] 🔄 Identity rotated (every 10 requests)
[10:58:04] [315/445] CPUS
[10:58:05] [316/445] TGCS
[10:58:06] [317/445] RKCJ
[10:58:07] [318/445] MKSB
[10:58:08] [319/445] TCSJ
[10:58:09] [320/445] RMGP
[10:58:10] [321/445] CLLP
[10:58:11] [322/445] RCMV
[10:58:12] [323/445] CCKS
[10:58:12] [324/445] RSRP
[10:58:13] 🔄 Identity reset
[10:58:13] 🔄 Identity rotated (every 10 requests)
[10:58:13] [325/445] APLP
[10:58:15] [326/445] CNVS
[10:58:16] [327/445] RMVY
[10:58:16] [328/445] PGBD
[10:58:17] [329/445] KLMS
[10:58:18] [330/445] RUST
[10:58:19] [331/445] MASM
[10:58:20] [332/445] BACS
[10:58:21] [333/445] BWST
[10:58:22] [334/445] RRFH
[10:58:23] 🔄 Identity reset
[10:58:23] 🔄 Identity rotated (every 10 requests)
[10:58:23] 🔄 Retry 1/5 for RRFH in 2.5s
[10:58:23] 🔄 Identity reset
[10:58:25] 🧠 New identity created
[10:58:26] [335/445] SJTM
[10:58:28] [336/445] BEMR
[10:58:29] [337/445] MCGR
[10:58:29] [338/445] SDSK
[10:58:30] [339/445] VBOL
[10:58:31] [340/445] RMGM
[10:58:32] [341/445] NOPL
[10:58:33] [342/445] MKJK
[10:58:33] [343/445] CVRN
[10:58:34] 🔄 Identity reset
[10:58:34] 🔄 Identity rotated (every 10 requests)
[10:58:34] [344/445] MMEN
[10:58:35] [345/445] AMNG
[10:58:36] [346/445] INTM
[10:58:37] [347/445] SLCZ
[10:58:38] [348/445] AMJN
[10:58:39] [349/445] ACJN
[10:58:40] [350/445] AMKN
[10:58:41] [351/445] BTCN
[10:58:41] [352/445] AMBT
[10:58:42] [353/445] PACN
[10:58:43] 🔄 Identity reset
[10:58:43] 🔄 Identity rotated (every 10 requests)
[10:58:43] [354/445] LCNS
[10:58:44] [355/445] PPKC
[10:58:45] [356/445] JYYN
[10:58:46] [357/445] JTNR
[10:58:46] [358/445] GTEE
[10:58:47] [359/445] SRNM
[10:58:48] [360/445] SDTC
[10:58:49] [361/445] VPCA
[10:58:50] [362/445] VLRA
[10:58:51] [363/445] SHKR
[10:58:51] 🔄 Identity reset
[10:58:51] 🔄 Identity rotated (every 10 requests)
[10:58:52] [364/445] SBKD
[10:58:53] [365/445] SAAD
[10:58:53] [366/445] JTGN
[10:58:54] [367/445] SLAM
[10:58:55] [368/445] VTPM
[10:58:56] [369/445] ANPT
[10:58:57] [370/445] PUNB
[10:58:58] [371/445] CPKT
[10:58:59] [372/445] CNWE
[10:59:00] [373/445] ECPP
[10:59:00] 🔄 Identity reset
[10:59:00] 🔄 Identity rotated (every 10 requests)
[10:59:01] [374/445] CPAR
[10:59:02] [375/445] ESBW
[10:59:03] [376/445] PKPU
[10:59:04] [377/445] CPRP
[10:59:04] [378/445] RAHU
[10:59:05] [379/445] RHMN
[10:59:06] [380/445] FMJP
[10:59:07] [381/445] CTMP
[10:59:08] [382/445] INPN
[10:59:09] [383/445] STTG
[10:59:10] 🔄 Identity reset
[10:59:10] 🔄 Identity rotated (every 10 requests)
[10:59:10] 🔄 Retry 1/5 for STTG in 2.5s
[10:59:10] 🔄 Identity reset
[10:59:12] 🧠 New identity created
[10:59:13] [384/445] CTRD
[10:59:14] [385/445] PUVB
[10:59:14] [386/445] ESVP
[10:59:15] [387/445] CPFT
[10:59:16] [388/445] LCPC
[10:59:17] [389/445] VBCT
[10:59:18] [390/445] FSCW
[10:59:19] [391/445] VCMP
[10:59:20] [392/445] ASHC
[10:59:20] 🔄 Identity reset
[10:59:20] 🔄 Identity rotated (every 10 requests)
[10:59:20] 🔄 Retry 1/5 for ASHC in 2.5s
[10:59:20] 🔄 Identity reset
[10:59:23] 🧠 New identity created
[10:59:23] [393/445] VLCX
[10:59:24] [394/445] SHEV
[10:59:25] [395/445] APCO
[10:59:26] [396/445] SILC
[10:59:26] [397/445] SNMR
[10:59:28] [398/445] KYBO
[10:59:29] [399/445] SATK
[10:59:29] [400/445] SSCS
[10:59:30] [401/445] CLSB
[10:59:31] 🔄 Identity reset
[10:59:31] 🔄 Identity rotated (every 10 requests)
[10:59:31] [402/445] KMJR
[10:59:32] [403/445] FSCK
[10:59:34] [404/445] NNKA
[10:59:35] [405/445] CLMK
[10:59:36] [406/445] DMPZ
[10:59:36] [407/445] INQM
[10:59:37] [408/445] CAML
[10:59:38] [409/445] INRK
[10:59:39] [410/445] IMKN
[10:59:40] [411/445] SVNR
[10:59:41] 🔄 Identity reset
[10:59:41] 🔄 Identity rotated (every 10 requests)
[10:59:41] 🔄 Retry 1/5 for SVNR in 2.4s
[10:59:41] 🔄 Identity reset
[10:59:43] 🧠 New identity created
[10:59:44] [412/445] INSL
[10:59:44] [413/445] MSMA
[10:59:45] [414/445] MCKK
[10:59:47] [415/445] FCHP
[10:59:47] [416/445] SFCR
[10:59:48] [417/445] NACK
[10:59:49] [418/445] PVAK
[10:59:50] [419/445] INER
[10:59:52] [420/445] RDBK
[10:59:53] 🔄 Identity reset
[10:59:53] 🔄 Identity rotated (every 10 requests)
[10:59:53] [421/445] SVFN
[10:59:54] [422/445] IFRM
[10:59:55] [423/445] ATCK
[10:59:55] [424/445] ASKO
[10:59:57] [425/445] STKT
[10:59:58] [426/445] SVFB
[10:59:59] [427/445] INKS
[11:00:00] [428/445] PCRA
[11:00:01] [429/445] ATJA
[11:00:01] [430/445] IMJN
[11:00:02] 🔄 Identity reset
[11:00:02] 🔄 Identity rotated (every 10 requests)
[11:00:02] [431/445] INHD
[11:00:03] [432/445] BARA
[11:00:04] [433/445] MCSL
[11:00:05] [434/445] RTOY
[11:00:06] [435/445] MENO
[11:00:07] [436/445] PUDM
[11:00:08] [437/445] PRCN
[11:00:09] [438/445] JMJR
[11:00:10] [439/445] SSGK
[11:00:11] [440/445] SSRL
[11:00:11] 🔄 Identity reset
[11:00:11] 🔄 Identity rotated (every 10 requests)
[11:00:12] [441/445] JYKL
[11:00:12] [442/445] ACNB
[11:00:13] [443/445] SONP
[11:00:14] [444/445] EMCI
[11:00:15] [445/445] MRJH
[11:00:16] 🧹 Deduping shows
[11:00:16] ✅ DONE | Shows=1227 | Movies=22
[17:33:00] 🚀 SCRIPT STARTED (enhanced anti‑detection)
[17:33:00] [1/445] TGMR
[17:33:00] 🧠 New identity created
[17:33:01] [2/445] CXKR
[17:33:02] [3/445] SROP
[17:33:03] [4/445] GTSV
[17:33:04] [5/445] SNTY
[17:33:04] [6/445] SMYY
[17:33:05] [7/445] CNCS
[17:33:06] [8/445] CSTM
[17:33:08] [9/445] NUCD
[17:33:09] [10/445] SHCZ
[17:33:10] 🔄 Identity reset
[17:33:10] 🔄 Identity rotated (every 10 requests)
[17:33:10] [11/445] NJCT
[17:33:11] [12/445] COPC
[17:33:12] [13/445] STVV
[17:33:13] [14/445] SKRN
[17:33:14] [15/445] APPZ
[17:33:15] [16/445] YMGN
[17:33:17] [17/445] SVTU
[17:33:18] [18/445] GTAD
[17:33:19] [19/445] PSUS
[17:33:20] [20/445] SMCD
[17:33:21] 🔄 Identity reset
[17:33:21] 🔄 Identity rotated (every 10 requests)
[17:33:21] [21/445] CMCM
[17:33:22] [22/445] SYCT
[17:33:23] [23/445] STLY
[17:33:24] [24/445] CMHU
[17:33:25] [25/445] CMSA
[17:33:26] [26/445] CLCU
[17:33:27] [27/445] PPNT
[17:33:28] [28/445] JTAB
[17:33:29] [29/445] BUUC
[17:33:30] [30/445] BSVK
[17:33:30] 🔄 Identity reset
[17:33:30] 🔄 Identity rotated (every 10 requests)
[17:33:31] [31/445] VVVQ
[17:33:32] [32/445] TKMU
[17:33:33] [33/445] ESYL
[17:33:33] [34/445] ACHP
[17:33:34] [35/445] BTKD
[17:33:35] [36/445] DESA
[17:33:36] [37/445] GBCT
[17:33:37] [38/445] BLLD
[17:33:39] [39/445] SKNT
[17:33:40] [40/445] SSTE
[17:33:40] 🔄 Identity reset
[17:33:40] 🔄 Identity rotated (every 10 requests)
[17:33:41] [41/445] VJMR
[17:33:42] [42/445] NTPU
[17:33:43] [43/445] RDKN
[17:33:44] [44/445] ADGC
[17:33:44] [45/445] VRBP
[17:33:46] [46/445] NMNA
[17:33:47] [47/445] CMMX
[17:33:48] [48/445] PTKO
[17:33:49] [49/445] RBML
[17:33:50] [50/445] SAIC
[17:33:50] 🔄 Identity reset
[17:33:50] 🔄 Identity rotated (every 10 requests)
[17:33:51] [51/445] SVTJ
[17:33:52] [52/445] MRTE
[17:33:53] [53/445] RBTP
[17:33:53] [54/445] NLPS
[17:33:54] [55/445] GTNA
[17:33:55] [56/445] DGGC
[17:33:56] [57/445] SMCR
[17:33:57] [58/445] SCGD
[17:33:58] [59/445] SRRJ
[17:33:59] [60/445] CNRY
[17:33:59] 🔄 Identity reset
[17:33:59] 🔄 Identity rotated (every 10 requests)
[17:34:00] [61/445] KTDI
[17:34:01] [62/445] SNJL
[17:34:02] [63/445] RKMD
[17:34:02] [64/445] SMDC
[17:34:04] [65/445] TADG
[17:34:04] [66/445] MCGS
[17:34:05] [67/445] PETK
[17:34:06] [68/445] CHAG
[17:34:07] [69/445] KSTL
[17:34:08] [70/445] AADS
[17:34:09] 🔄 Identity reset
[17:34:09] 🔄 Identity rotated (every 10 requests)
[17:34:09] 🔄 Retry 1/5 for AADS in 2.2s
[17:34:09] 🔄 Identity reset
[17:34:11] 🧠 New identity created
[17:34:12] [71/445] NTHZ
[17:34:12] [72/445] HCKI
[17:34:13] [73/445] SSEF
[17:34:14] [74/445] MCGX
[17:34:15] [75/445] ERRA
[17:34:16] [76/445] SDTW
[17:34:17] [77/445] RMPK
[17:34:18] [78/445] PTHK
[17:34:19] [79/445] PXCS
[17:34:19] 🔄 Identity reset
[17:34:19] 🔄 Identity rotated (every 10 requests)
[17:34:20] 🔄 Retry 1/5 for PXCS in 2.6s
[17:34:20] 🔄 Identity reset
[17:34:22] 🧠 New identity created
[17:34:23] [80/445] SVLU
[17:34:24] [81/445] STAH
[17:34:25] [82/445] JRGF
[17:34:26] [83/445] CDOK
[17:34:27] [84/445] CMSG
[17:34:28] [85/445] APTD
[17:34:29] [86/445] KMPG
[17:34:30] [87/445] MUTJ
[17:34:31] [88/445] VCCI
[17:34:32] 🔄 Identity reset
[17:34:32] 🔄 Identity rotated (every 10 requests)
[17:34:32] [89/445] URBE
[17:34:33] [90/445] TCTS
[17:34:34] [91/445] STSN
[17:34:35] [92/445] AKCH
[17:34:36] [93/445] APSC
[17:34:37] [94/445] VLTB
[17:34:38] [95/445] SANU
[17:34:39] [96/445] AXAM
[17:34:41] [97/445] MGMG
[17:34:42] [98/445] HTBY
[17:34:42] 🔄 Identity reset
[17:34:42] 🔄 Identity rotated (every 10 requests)
[17:34:43] [99/445] MMZS
[17:34:44] [100/445] SUDR
[17:34:45] [101/445] CCAD
[17:34:45] [102/445] SKKC
[17:34:46] [103/445] RMCD
[17:34:47] [104/445] SBCQ
[17:34:48] [105/445] DCCT
[17:34:49] [106/445] VTKP
[17:34:50] [107/445] MLAM
[17:34:51] [108/445] SAVT
[17:34:52] 🔄 Identity reset
[17:34:52] 🔄 Identity rotated (every 10 requests)
[17:34:53] [109/445] GEPL
[17:34:54] [110/445] AMCD
[17:34:55] [111/445] CCXR
[17:34:56] [112/445] GRNG
[17:34:56] [113/445] EBCA
[17:34:57] [114/445] CNVG
[17:34:58] [115/445] MWSS
[17:34:59] [116/445] VBOR
[17:35:00] [117/445] NEEB
[17:35:01] [118/445] SUTH
[17:35:02] 🔄 Identity reset
[17:35:02] 🔄 Identity rotated (every 10 requests)
[17:35:02] [119/445] ANDB
[17:35:04] [120/445] MMXS
[17:35:05] [121/445] CNPD
[17:35:06] [122/445] SDCE
[17:35:07] [123/445] DHCB
[17:35:07] [124/445] ODEN
[17:35:08] [125/445] TNTC
[17:35:09] [126/445] VBKM
[17:35:10] [127/445] RZYM
[17:35:11] [128/445] JEMC
[17:35:11] 🔄 Identity reset
[17:35:11] 🔄 Identity rotated (every 10 requests)
[17:35:11] 🔄 Retry 1/5 for JEMC in 2.6s
[17:35:11] 🔄 Identity reset
[17:35:14] 🧠 New identity created
[17:35:14] [129/445] CMAU
[17:35:16] [130/445] SIVP
[17:35:17] [131/445] ATAG
[17:35:18] [132/445] CHTM
[17:35:19] [133/445] AAEE
[17:35:20] [134/445] IWPM
[17:35:21] [135/445] KCMW
[17:35:22] [136/445] MCTD
[17:35:23] [137/445] SPWR
[17:35:23] 🔄 Identity reset
[17:35:23] 🔄 Identity rotated (every 10 requests)
[17:35:24] [138/445] SDPO
[17:35:25] [139/445] PCSK
[17:35:26] [140/445] ACHV
[17:35:26] [141/445] SVLA
[17:35:28] [142/445] PICT
[17:35:28] [143/445] BXDR
[17:35:29] [144/445] SPWA
[17:35:30] [145/445] MCKO
[17:35:31] [146/445] RTHK
[17:35:32] [147/445] CCMF
[17:35:33] 🔄 Identity reset
[17:35:33] 🔄 Identity rotated (every 10 requests)
[17:35:33] [148/445] MRGB
[17:35:36] [149/445] CPLC
[17:35:37] [150/445] RACD
[17:35:37] [151/445] ATKT
[17:35:38] [152/445] SARN
[17:35:39] [153/445] KKUI
[17:35:40] [154/445] RGCM
[17:35:42] [155/445] BRVP
[17:35:42] [156/445] HRSR
[17:35:43] [157/445] GKGM
[17:35:44] 🔄 Identity reset
[17:35:44] 🔄 Identity rotated (every 10 requests)
[17:35:44] [158/445] TTCD
[17:35:45] [159/445] PTTI
[17:35:46] [160/445] MPTT
[17:35:48] [161/445] CVTT
[17:35:49] [162/445] PCXD
[17:35:50] [163/445] GCDC
[17:35:51] [164/445] CCCF
[17:35:51] [165/445] MRAD
[17:35:52] [166/445] CPLK
[17:35:53] [167/445] SATB
[17:35:53] 🔄 Identity reset
[17:35:53] 🔄 Identity rotated (every 10 requests)
[17:35:54] [168/445] SNVG
[17:35:55] [169/445] JMBA
[17:35:56] [170/445] TEJA
[17:35:57] [171/445] STYO
[17:35:58] [172/445] JTBP
[17:35:59] [173/445] KRGD
[17:36:00] [174/445] SLJJ
[17:36:01] [175/445] SPTJ
[17:36:02] [176/445] SWJG
[17:36:03] [177/445] LKRT
[17:36:03] 🔄 Identity reset
[17:36:03] 🔄 Identity rotated (every 10 requests)
[17:36:04] [178/445] KCKA
[17:36:05] [179/445] SNCR
[17:36:06] [180/445] SMKL
[17:36:07] [181/445] GCFA
[17:36:08] [182/445] DDCK
[17:36:09] [183/445] NCHJ
[17:36:10] [184/445] RDMA
[17:36:11] [185/445] SVSV
[17:36:12] [186/445] SCJG
[17:36:13] [187/445] VKLP
[17:36:14] 🔄 Identity reset
[17:36:14] 🔄 Identity rotated (every 10 requests)
[17:36:14] [188/445] NWCC
[17:36:15] [189/445] VKNS
[17:36:16] [190/445] SDDP
[17:36:17] [191/445] ACSI
[17:36:19] [192/445] SATG
[17:36:20] [193/445] SCMW
[17:36:21] [194/445] LKTK
[17:36:22] [195/445] VCKV
[17:36:23] [196/445] KKPE
[17:36:24] [197/445] KIGH
[17:36:25] 🔄 Identity reset
[17:36:25] 🔄 Identity rotated (every 10 requests)
[17:36:25] 🔄 Retry 1/5 for KIGH in 2.4s
[17:36:25] 🔄 Identity reset
[17:36:27] 🧠 New identity created
[17:36:28] [198/445] SRPM
[17:36:29] [199/445] SCAH
[17:36:30] [200/445] MUTA
[17:36:31] [201/445] SEPU
[17:36:32] [202/445] INOA
[17:36:33] [203/445] BASK
[17:36:34] [204/445] NECB
[17:36:35] [205/445] GTTG
[17:36:37] [206/445] ASSA
[17:36:37] 🔄 Identity reset
[17:36:37] 🔄 Identity rotated (every 10 requests)
[17:36:38] [207/445] ANCL
[17:36:39] [208/445] GCTI
[17:36:40] [209/445] RCTS
[17:36:41] [210/445] ACNL
[17:36:42] [211/445] MYCT
[17:36:43] [212/445] NMHT
[17:36:44] [213/445] MDIT
[17:36:45] [214/445] LATG
[17:36:46] [215/445] SMTY
[17:36:47] [216/445] CVCT
[17:36:48] 🔄 Identity reset
[17:36:48] 🔄 Identity rotated (every 10 requests)
[17:36:48] [217/445] RAMB
[17:36:49] [218/445] TGMS
[17:36:50] [219/445] BHEL
[17:36:50] [220/445] SHCT
[17:36:51] [221/445] SVCT
[17:36:52] [222/445] MRIY
[17:36:53] [223/445] SARO
[17:36:54] [224/445] STCT
[17:36:55] [225/445] JKKC
[17:36:56] [226/445] PLTT
[17:36:57] 🔄 Identity reset
[17:36:57] 🔄 Identity rotated (every 10 requests)
[17:36:57] 🔄 Retry 1/5 for PLTT in 2.1s
[17:36:57] 🔄 Identity reset
[17:36:59] 🧠 New identity created
[17:37:00] [227/445] SRNT
[17:37:01] [228/445] YAST
[17:37:02] [229/445] PERL
[17:37:03] [230/445] CICM
[17:37:05] [231/445] MMTR
[17:37:06] [232/445] ABTK
[17:37:06] [233/445] ATYY
[17:37:07] [234/445] ASTK
[17:37:08] [235/445] VVCK
[17:37:09] 🔄 Identity reset
[17:37:09] 🔄 Identity rotated (every 10 requests)
[17:37:09] [236/445] ATKY
[17:37:10] [237/445] GWEK
[17:37:11] [238/445] SVFH
[17:37:12] [239/445] SLTA
[17:37:13] [240/445] AASH
[17:37:14] [241/445] ACXB
[17:37:15] [242/445] SMTX
[17:37:16] [243/445] AZDH
[17:37:17] [244/445] CMMH
[17:37:17] [245/445] SCSZ
[17:37:18] 🔄 Identity reset
[17:37:18] 🔄 Identity rotated (every 10 requests)
[17:37:18] [246/445] SCKP
[17:37:19] [247/445] NXTM
[17:37:20] [248/445] NWCS
[17:37:21] [249/445] CXMH
[17:37:22] [250/445] PCMA
[17:37:23] [251/445] SGCM
[17:37:24] [252/445] SDTU
[17:37:25] [253/445] MMVI
[17:37:27] [254/445] JKCM
[17:37:28] [255/445] VCMM
[17:37:28] 🔄 Identity reset
[17:37:28] 🔄 Identity rotated (every 10 requests)
[17:37:29] [256/445] SYEE
[17:37:30] [257/445] VASD
[17:37:31] [258/445] BDRB
[17:37:32] [259/445] LASM
[17:37:33] [260/445] DCRL
[17:37:34] [261/445] DVPM
[17:37:35] [262/445] SBMJ
[17:37:36] [263/445] CBMU
[17:37:37] [264/445] IUBS
[17:37:38] [265/445] INAP
[17:37:38] 🔄 Identity reset
[17:37:38] 🔄 Identity rotated (every 10 requests)
[17:37:39] [266/445] SRRC
[17:37:39] [267/445] SAGR
[17:37:40] [268/445] CPMJ
[17:37:41] [269/445] ATJL
[17:37:42] [270/445] NNTD
[17:37:44] [271/445] JHCJ
[17:37:45] [272/445] CMMP
[17:37:46] [273/445] RSDR
[17:37:46] [274/445] AMTI
[17:37:47] [275/445] NYSG
[17:37:48] 🔄 Identity reset
[17:37:48] 🔄 Identity rotated (every 10 requests)
[17:37:48] [276/445] AVSG
[17:37:49] [277/445] SYTP
[17:37:50] [278/445] LARC
[17:37:51] [279/445] RJTP
[17:37:52] [280/445] LAKC
[17:37:52] [281/445] MCXE
[17:37:53] [282/445] CCZC
[17:37:54] [283/445] AVCH
[17:37:55] [284/445] CMBE
[17:37:56] [285/445] MRRC
[17:37:57] 🔄 Identity reset
[17:37:57] 🔄 Identity rotated (every 10 requests)
[17:37:58] [286/445] PCPY
[17:37:59] [287/445] SRMH
[17:38:00] [288/445] SVGS
[17:38:01] [289/445] PCSE
[17:38:01] [290/445] SVFT
[17:38:02] [291/445] TNZP
[17:38:03] [292/445] ICTP
[17:38:04] [293/445] ACTZ
[17:38:05] [294/445] GTUR
[17:38:06] [295/445] MAFC
[17:38:07] 🔄 Identity reset
[17:38:07] 🔄 Identity rotated (every 10 requests)
[17:38:07] [296/445] MINL
[17:38:08] [297/445] MRCL
[17:38:09] [298/445] RCRP
[17:38:10] [299/445] RFFG
[17:38:11] [300/445] RMAS
[17:38:12] [301/445] INVR
[17:38:13] [302/445] RMAR
[17:38:14] [303/445] CNIS
[17:38:15] [304/445] RHRJ
[17:38:15] [305/445] INXR
[17:38:16] 🔄 Identity reset
[17:38:16] 🔄 Identity rotated (every 10 requests)
[17:38:17] [306/445] VALT
[17:38:17] [307/445] LCSH
[17:38:18] [308/445] CMVS
[17:38:19] [309/445] CNMS
[17:38:21] [310/445] ROOG
[17:38:22] [311/445] ISRM
[17:38:23] [312/445] RCRM
[17:38:23] [313/445] ACJA
[17:38:24] [314/445] RCVS
[17:38:25] [315/445] CPUS
[17:38:26] 🔄 Identity reset
[17:38:26] 🔄 Identity rotated (every 10 requests)
[17:38:26] [316/445] TGCS
[17:38:27] [317/445] RKCJ
[17:38:28] [318/445] MKSB
[17:38:29] [319/445] TCSJ
[17:38:30] [320/445] RMGP
[17:38:32] [321/445] CLLP
[17:38:33] [322/445] RCMV
[17:38:34] [323/445] CCKS
[17:38:35] [324/445] RSRP
[17:38:36] [325/445] APLP
[17:38:36] 🔄 Identity reset
[17:38:36] 🔄 Identity rotated (every 10 requests)
[17:38:37] [326/445] CNVS
[17:38:37] [327/445] RMVY
[17:38:38] [328/445] PGBD
[17:38:39] [329/445] KLMS
[17:38:40] [330/445] RUST
[17:38:41] [331/445] MASM
[17:38:42] [332/445] BACS
[17:38:43] [333/445] BWST
[17:38:44] [334/445] RRFH
[17:38:44] [335/445] SJTM
[17:38:45] 🔄 Identity reset
[17:38:45] 🔄 Identity rotated (every 10 requests)
[17:38:45] [336/445] BEMR
[17:38:46] [337/445] MCGR
[17:38:47] [338/445] SDSK
[17:38:48] [339/445] VBOL
[17:38:49] [340/445] RMGM
[17:38:50] [341/445] NOPL
[17:38:51] [342/445] MKJK
[17:38:52] [343/445] CVRN
[17:38:53] [344/445] MMEN
[17:38:54] [345/445] AMNG
[17:38:55] 🔄 Identity reset
[17:38:55] 🔄 Identity rotated (every 10 requests)
[17:38:55] [346/445] INTM
[17:38:56] [347/445] SLCZ
[17:38:57] [348/445] AMJN
[17:38:58] [349/445] ACJN
[17:38:59] [350/445] AMKN
[17:39:00] [351/445] BTCN
[17:39:01] [352/445] AMBT
[17:39:02] [353/445] PACN
[17:39:03] [354/445] LCNS
[17:39:03] [355/445] PPKC
[17:39:04] 🔄 Identity reset
[17:39:04] 🔄 Identity rotated (every 10 requests)
[17:39:05] [356/445] JYYN
[17:39:06] [357/445] JTNR
[17:39:07] [358/445] GTEE
[17:39:08] [359/445] SRNM
[17:39:09] [360/445] SDTC
[17:39:10] [361/445] VPCA
[17:39:11] [362/445] VLRA
[17:39:12] [363/445] SHKR
[17:39:13] [364/445] SBKD
[17:39:14] [365/445] SAAD
[17:39:14] 🔄 Identity reset
[17:39:14] 🔄 Identity rotated (every 10 requests)
[17:39:16] [366/445] JTGN
[17:39:17] [367/445] SLAM
[17:39:17] [368/445] VTPM
[17:39:18] [369/445] ANPT
[17:39:19] [370/445] PUNB
[17:39:20] [371/445] CPKT
[17:39:21] [372/445] CNWE
[17:39:22] [373/445] ECPP
[17:39:23] [374/445] CPAR
[17:39:24] [375/445] ESBW
[17:39:25] 🔄 Identity reset
[17:39:25] 🔄 Identity rotated (every 10 requests)
[17:39:26] [376/445] PKPU
[17:39:26] [377/445] CPRP
[17:39:27] [378/445] RAHU
[17:39:28] [379/445] RHMN
[17:39:29] [380/445] FMJP
[17:39:30] [381/445] CTMP
[17:39:31] [382/445] INPN
[17:39:32] [383/445] STTG
[17:39:33] [384/445] CTRD
[17:39:34] [385/445] PUVB
[17:39:34] 🔄 Identity reset
[17:39:34] 🔄 Identity rotated (every 10 requests)
[17:39:34] [386/445] ESVP
[17:39:35] [387/445] CPFT
[17:39:36] [388/445] LCPC
[17:39:37] [389/445] VBCT
[17:39:38] [390/445] FSCW
[17:39:39] [391/445] VCMP
[17:39:40] [392/445] ASHC
[17:39:40] [393/445] VLCX
[17:39:41] [394/445] SHEV
[17:39:42] [395/445] APCO
[17:39:43] 🔄 Identity reset
[17:39:43] 🔄 Identity rotated (every 10 requests)
[17:39:43] [396/445] SILC
[17:39:44] [397/445] SNMR
[17:39:45] [398/445] KYBO
[17:39:46] [399/445] SATK
[17:39:47] [400/445] SSCS
[17:39:48] [401/445] CLSB
[17:39:49] [402/445] KMJR
[17:39:50] [403/445] FSCK
[17:39:51] [404/445] NNKA
[17:39:52] [405/445] CLMK
[17:39:52] 🔄 Identity reset
[17:39:52] 🔄 Identity rotated (every 10 requests)
[17:39:54] [406/445] DMPZ
[17:39:54] [407/445] INQM
[17:39:56] [408/445] CAML
[17:39:57] [409/445] INRK
[17:39:58] [410/445] IMKN
[17:39:59] [411/445] SVNR
[17:40:00] [412/445] INSL
[17:40:01] [413/445] MSMA
[17:40:02] [414/445] MCKK
[17:40:03] [415/445] FCHP
[17:40:03] 🔄 Identity reset
[17:40:03] 🔄 Identity rotated (every 10 requests)
[17:40:03] 🔄 Retry 1/5 for FCHP in 2.2s
[17:40:03] 🔄 Identity reset
[17:40:06] 🧠 New identity created
[17:40:06] 🔄 Retry 2/5 for FCHP in 4.5s
[17:40:06] 🔄 Identity reset
[17:40:10] 🧠 New identity created
[17:40:11] [416/445] SFCR
[17:40:12] [417/445] NACK
[17:40:12] [418/445] PVAK
[17:40:13] [419/445] INER
[17:40:14] [420/445] RDBK
[17:40:15] [421/445] SVFN
[17:40:16] [422/445] IFRM
[17:40:17] [423/445] ATCK
[17:40:18] 🔄 Identity reset
[17:40:18] 🔄 Identity rotated (every 10 requests)
[17:40:18] [424/445] ASKO
[17:40:19] [425/445] STKT
[17:40:20] [426/445] SVFB
[17:40:21] [427/445] INKS
[17:40:22] [428/445] PCRA
[17:40:23] [429/445] ATJA
[17:40:24] [430/445] IMJN
[17:40:25] [431/445] INHD
[17:40:26] [432/445] BARA
[17:40:27] [433/445] MCSL
[17:40:27] 🔄 Identity reset
[17:40:27] 🔄 Identity rotated (every 10 requests)
[17:40:28] [434/445] RTOY
[17:40:29] [435/445] MENO
[17:40:30] [436/445] PUDM
[17:40:32] [437/445] PRCN
[17:40:33] [438/445] JMJR
[17:40:34] [439/445] SSGK
[17:40:36] [440/445] SSRL
[17:40:37] [441/445] JYKL
[17:40:38] [442/445] ACNB
[17:40:39] [443/445] SONP
[17:40:39] 🔄 Identity reset
[17:40:39] 🔄 Identity rotated (every 10 requests)
[17:40:41] [444/445] EMCI
[17:40:42] [445/445] MRJH
[17:40:43] 🧹 Deduping shows
[17:40:43] ✅ DONE | Shows=1431 | Movies=28
[05:34:15] 🚀 SCRIPT STARTED (enhanced anti‑detection)
[05:34:15] [1/445] TGMR
[05:34:16] 🧠 New identity created
[05:34:16] [2/445] CXKR
[05:34:17] [3/445] SROP
[05:34:17] [4/445] GTSV
[05:34:18] [5/445] SNTY
[05:34:19] [6/445] SMYY
[05:34:20] [7/445] CNCS
[05:34:21] [8/445] CSTM
[05:34:22] [9/445] NUCD
[05:34:22] [10/445] SHCZ
[05:34:23] 🔄 Identity reset
[05:34:23] 🔄 Identity rotated (every 10 requests)
[05:34:23] [11/445] NJCT
[05:34:24] [12/445] COPC
[05:34:24] [13/445] STVV
[05:34:25] [14/445] SKRN
[05:34:26] [15/445] APPZ
[05:34:27] [16/445] YMGN
[05:34:28] [17/445] SVTU
[05:34:29] [18/445] GTAD
[05:34:30] [19/445] PSUS
[05:34:31] [20/445] SMCD
[05:34:31] 🔄 Identity reset
[05:34:31] 🔄 Identity rotated (every 10 requests)
[05:34:31] 🔄 Retry 1/5 for SMCD in 2.9s
[05:34:31] 🔄 Identity reset
[05:34:34] 🧠 New identity created
[05:34:34] [21/445] CMCM
[05:34:35] [22/445] SYCT
[05:34:36] [23/445] STLY
[05:34:37] [24/445] CMHU
[05:34:38] [25/445] CMSA
[05:34:39] [26/445] CLCU
[05:34:39] [27/445] PPNT
[05:34:40] [28/445] JTAB
[05:34:41] [29/445] BUUC
[05:34:41] 🔄 Identity reset
[05:34:41] 🔄 Identity rotated (every 10 requests)
[05:34:41] [30/445] BSVK
[05:34:42] [31/445] VVVQ
[05:34:43] [32/445] TKMU
[05:34:43] [33/445] ESYL
[05:34:44] [34/445] ACHP
[05:34:45] [35/445] BTKD
[05:34:46] [36/445] DESA
[05:34:46] [37/445] GBCT
[05:34:47] [38/445] BLLD
[05:34:48] [39/445] SKNT
[05:34:49] 🔄 Identity reset
[05:34:49] 🔄 Identity rotated (every 10 requests)
[05:34:49] [40/445] SSTE
[05:34:50] [41/445] VJMR
[05:34:50] [42/445] NTPU
[05:34:51] [43/445] RDKN
[05:34:52] [44/445] ADGC
[05:34:52] [45/445] VRBP
[05:34:53] [46/445] NMNA
[05:34:54] [47/445] CMMX
[05:34:55] [48/445] PTKO
[05:34:56] [49/445] RBML
[05:34:56] 🔄 Identity reset
[05:34:56] 🔄 Identity rotated (every 10 requests)
[05:34:56] 🔄 Retry 1/5 for RBML in 2.2s
[05:34:56] 🔄 Identity reset
[05:34:59] 🧠 New identity created
[05:34:59] [50/445] SAIC
[05:35:00] [51/445] SVTJ
[05:35:00] [52/445] MRTE
[05:35:01] [53/445] RBTP
[05:35:02] [54/445] NLPS
[05:35:02] [55/445] GTNA
[05:35:03] [56/445] DGGC
[05:35:04] [57/445] SMCR
[05:35:05] [58/445] SCGD
[05:35:05] 🔄 Identity reset
[05:35:05] 🔄 Identity rotated (every 10 requests)
[05:35:05] [59/445] SRRJ
[05:35:06] [60/445] CNRY
[05:35:06] [61/445] KTDI
[05:35:07] [62/445] SNJL
[05:35:08] [63/445] RKMD
[05:35:08] [64/445] SMDC
[05:35:09] [65/445] TADG
[05:35:10] [66/445] MCGS
[05:35:10] [67/445] PETK
[05:35:11] [68/445] CHAG
[05:35:12] 🔄 Identity reset
[05:35:12] 🔄 Identity rotated (every 10 requests)
[05:35:12] [69/445] KSTL
[05:35:13] [70/445] AADS
[05:35:13] [71/445] NTHZ
[05:35:15] [72/445] HCKI
[05:35:16] [73/445] SSEF
[05:35:16] [74/445] MCGX
[05:35:17] [75/445] ERRA
[05:35:18] [76/445] SDTW
[05:35:19] [77/445] RMPK
[05:35:20] [78/445] PTHK
[05:35:20] 🔄 Identity reset
[05:35:20] 🔄 Identity rotated (every 10 requests)
[05:35:20] [79/445] PXCS
[05:35:21] [80/445] SVLU
[05:35:21] [81/445] STAH
[05:35:22] [82/445] JRGF
[05:35:23] [83/445] CDOK
[05:35:23] [84/445] CMSG
[05:35:24] [85/445] APTD
[05:35:25] [86/445] KMPG
[05:35:26] [87/445] MUTJ
[05:35:27] [88/445] VCCI
[05:35:27] 🔄 Identity reset
[05:35:27] 🔄 Identity rotated (every 10 requests)
[05:35:28] [89/445] URBE
[05:35:28] [90/445] TCTS
[05:35:29] [91/445] STSN
[05:35:30] [92/445] AKCH
[05:35:31] [93/445] APSC
[05:35:31] [94/445] VLTB
[05:35:32] [95/445] SANU
[05:35:33] [96/445] AXAM
[05:35:33] [97/445] MGMG
[05:35:34] [98/445] HTBY
[05:35:35] 🔄 Identity reset
[05:35:35] 🔄 Identity rotated (every 10 requests)
[05:35:35] [99/445] MMZS
[05:35:36] [100/445] SUDR
[05:35:36] [101/445] CCAD
[05:35:37] [102/445] SKKC
[05:35:38] [103/445] RMCD
[05:35:38] [104/445] SBCQ
[05:35:39] [105/445] DCCT
[05:35:40] [106/445] VTKP
[05:35:40] [107/445] MLAM
[05:35:41] [108/445] SAVT
[05:35:42] 🔄 Identity reset
[05:35:42] 🔄 Identity rotated (every 10 requests)
[05:35:42] [109/445] GEPL
[05:35:42] [110/445] AMCD
[05:35:43] [111/445] CCXR
[05:35:44] [112/445] GRNG
[05:35:45] [113/445] EBCA
[05:35:46] [114/445] CNVG
[05:35:46] [115/445] MWSS
[05:35:47] [116/445] VBOR
[05:35:48] [117/445] NEEB
[05:35:49] [118/445] SUTH
[05:35:49] 🔄 Identity reset
[05:35:49] 🔄 Identity rotated (every 10 requests)
[05:35:49] [119/445] ANDB
[05:35:50] [120/445] MMXS
[05:35:51] [121/445] CNPD
[05:35:52] [122/445] SDCE
[05:35:53] [123/445] DHCB
[05:35:53] [124/445] ODEN
[05:35:54] [125/445] TNTC
[05:35:55] [126/445] VBKM
[05:35:55] [127/445] RZYM
[05:35:56] [128/445] JEMC
[05:35:57] 🔄 Identity reset
[05:35:57] 🔄 Identity rotated (every 10 requests)
[05:35:57] [129/445] CMAU
[05:35:58] [130/445] SIVP
[05:35:59] [131/445] ATAG
[05:36:00] [132/445] CHTM
[05:36:00] [133/445] AAEE
[05:36:01] [134/445] IWPM
[05:36:02] [135/445] KCMW
[05:36:03] [136/445] MCTD
[05:36:03] [137/445] SPWR
[05:36:04] [138/445] SDPO
[05:36:05] 🔄 Identity reset
[05:36:05] 🔄 Identity rotated (every 10 requests)
[05:36:05] [139/445] PCSK
[05:36:06] [140/445] ACHV
[05:36:07] [141/445] SVLA
[05:36:08] [142/445] PICT
[05:36:08] [143/445] BXDR
[05:36:09] [144/445] SPWA
[05:36:10] [145/445] MCKO
[05:36:11] [146/445] RTHK
[05:36:12] [147/445] CCMF
[05:36:13] [148/445] MRGB
[05:36:14] 🔄 Identity reset
[05:36:14] 🔄 Identity rotated (every 10 requests)
[05:36:14] [149/445] CPLC
[05:36:15] [150/445] RACD
[05:36:15] [151/445] ATKT
[05:36:16] [152/445] SARN
[05:36:17] [153/445] KKUI
[05:36:17] [154/445] RGCM
[05:36:18] [155/445] BRVP
[05:36:19] [156/445] HRSR
[05:36:20] [157/445] GKGM
[05:36:20] [158/445] TTCD
[05:36:21] 🔄 Identity reset
[05:36:21] 🔄 Identity rotated (every 10 requests)
[05:36:21] [159/445] PTTI
[05:36:22] [160/445] MPTT
[05:36:22] [161/445] CVTT
[05:36:23] [162/445] PCXD
[05:36:24] [163/445] GCDC
[05:36:24] [164/445] CCCF
[05:36:25] [165/445] MRAD
[05:36:26] [166/445] CPLK
[05:36:27] [167/445] SATB
[05:36:28] [168/445] SNVG
[05:36:28] 🔄 Identity reset
[05:36:28] 🔄 Identity rotated (every 10 requests)
[05:36:28] [169/445] JMBA
[05:36:29] [170/445] TEJA
[05:36:30] [171/445] STYO
[05:36:31] [172/445] JTBP
[05:36:31] [173/445] KRGD
[05:36:32] [174/445] SLJJ
[05:36:33] [175/445] SPTJ
[05:36:33] [176/445] SWJG
[05:36:34] [177/445] LKRT
[05:36:35] [178/445] KCKA
[05:36:35] 🔄 Identity reset
[05:36:35] 🔄 Identity rotated (every 10 requests)
[05:36:35] [179/445] SNCR
[05:36:36] [180/445] SMKL
[05:36:37] [181/445] GCFA
[05:36:37] [182/445] DDCK
[05:36:39] [183/445] NCHJ
[05:36:40] [184/445] RDMA
[05:36:40] [185/445] SVSV
[05:36:41] [186/445] SCJG
[05:36:42] [187/445] VKLP
[05:36:43] [188/445] NWCC
[05:36:43] 🔄 Identity reset
[05:36:43] 🔄 Identity rotated (every 10 requests)
[05:36:43] [189/445] VKNS
[05:36:44] [190/445] SDDP
[05:36:45] [191/445] ACSI
[05:36:45] [192/445] SATG
[05:36:46] [193/445] SCMW
[05:36:47] [194/445] LKTK
[05:36:48] [195/445] VCKV
[05:36:49] [196/445] KKPE
[05:36:50] [197/445] KIGH
[05:36:51] [198/445] SRPM
[05:36:52] 🔄 Identity reset
[05:36:52] 🔄 Identity rotated (every 10 requests)
[05:36:52] [199/445] SCAH
[05:36:53] [200/445] MUTA
[05:36:53] [201/445] SEPU
[05:36:54] [202/445] INOA
[05:36:55] [203/445] BASK
[05:36:56] [204/445] NECB
[05:36:56] [205/445] GTTG
[05:36:58] [206/445] ASSA
[05:36:59] [207/445] ANCL
[05:37:00] [208/445] GCTI
[05:37:00] 🔄 Identity reset
[05:37:00] 🔄 Identity rotated (every 10 requests)
[05:37:01] [209/445] RCTS
[05:37:01] [210/445] ACNL
[05:37:02] [211/445] MYCT
[05:37:03] [212/445] NMHT
[05:37:03] [213/445] MDIT
[05:37:04] [214/445] LATG
[05:37:05] [215/445] SMTY
[05:37:05] [216/445] CVCT
[05:37:06] [217/445] RAMB
[05:37:07] [218/445] TGMS
[05:37:07] 🔄 Identity reset
[05:37:07] 🔄 Identity rotated (every 10 requests)
[05:37:08] [219/445] BHEL
[05:37:09] [220/445] SHCT
[05:37:09] [221/445] SVCT
[05:37:10] [222/445] MRIY
[05:37:11] [223/445] SARO
[05:37:12] [224/445] STCT
[05:37:12] [225/445] JKKC
[05:37:13] [226/445] PLTT
[05:37:14] [227/445] SRNT
[05:37:14] [228/445] YAST
[05:37:15] 🔄 Identity reset
[05:37:15] 🔄 Identity rotated (every 10 requests)
[05:37:15] [229/445] PERL
[05:37:16] [230/445] CICM
[05:37:17] [231/445] MMTR
[05:37:18] [232/445] ABTK
[05:37:19] [233/445] ATYY
[05:37:20] [234/445] ASTK
[05:37:21] [235/445] VVCK
[05:37:22] [236/445] ATKY
[05:37:23] [237/445] GWEK
[05:37:24] [238/445] SVFH
[05:37:25] 🔄 Identity reset
[05:37:25] 🔄 Identity rotated (every 10 requests)
[05:37:25] [239/445] SLTA
[05:37:25] [240/445] AASH
[05:37:26] [241/445] ACXB
[05:37:27] [242/445] SMTX
[05:37:28] [243/445] AZDH
[05:37:29] [244/445] CMMH
[05:37:30] [245/445] SCSZ
[05:37:30] [246/445] SCKP
[05:37:31] [247/445] NXTM
[05:37:32] [248/445] NWCS
[05:37:33] 🔄 Identity reset
[05:37:33] 🔄 Identity rotated (every 10 requests)
[05:37:33] 🔄 Retry 1/5 for NWCS in 2.1s
[05:37:33] 🔄 Identity reset
[05:37:35] 🧠 New identity created
[05:37:35] [249/445] CXMH
[05:37:36] [250/445] PCMA
[05:37:37] [251/445] SGCM
[05:37:37] [252/445] SDTU
[05:37:38] [253/445] MMVI
[05:37:39] [254/445] JKCM
[05:37:40] [255/445] VCMM
[05:37:41] [256/445] SYEE
[05:37:41] [257/445] VASD
[05:37:42] 🔄 Identity reset
[05:37:42] 🔄 Identity rotated (every 10 requests)
[05:37:42] 🔄 Retry 1/5 for VASD in 2.7s
[05:37:42] 🔄 Identity reset
[05:37:44] 🧠 New identity created
[05:37:45] 🔄 Retry 2/5 for VASD in 4.5s
[05:37:45] 🔄 Identity reset
[05:37:49] 🧠 New identity created
[05:37:49] [258/445] BDRB
[05:37:50] [259/445] LASM
[05:37:51] [260/445] DCRL
[05:37:52] [261/445] DVPM
[05:37:53] [262/445] SBMJ
[05:37:53] [263/445] CBMU
[05:37:54] [264/445] IUBS
[05:37:55] [265/445] INAP
[05:37:55] 🔄 Identity reset
[05:37:55] 🔄 Identity rotated (every 10 requests)
[05:37:56] [266/445] SRRC
[05:37:56] [267/445] SAGR
[05:37:57] [268/445] CPMJ
[05:37:58] [269/445] ATJL
[05:37:59] [270/445] NNTD
[05:37:59] [271/445] JHCJ
[05:38:00] [272/445] CMMP
[05:38:01] [273/445] RSDR
[05:38:02] [274/445] AMTI
[05:38:03] [275/445] NYSG
[05:38:03] 🔄 Identity reset
[05:38:03] 🔄 Identity rotated (every 10 requests)
[05:38:03] [276/445] AVSG
[05:38:04] [277/445] SYTP
[05:38:05] [278/445] LARC
[05:38:06] [279/445] RJTP
[05:38:07] [280/445] LAKC
[05:38:08] [281/445] MCXE
[05:38:09] [282/445] CCZC
[05:38:09] [283/445] AVCH
[05:38:10] [284/445] CMBE
[05:38:11] [285/445] MRRC
[05:38:11] 🔄 Identity reset
[05:38:11] 🔄 Identity rotated (every 10 requests)
[05:38:12] [286/445] PCPY
[05:38:13] [287/445] SRMH
[05:38:14] [288/445] SVGS
[05:38:14] [289/445] PCSE
[05:38:15] [290/445] SVFT
[05:38:15] [291/445] TNZP
[05:38:16] [292/445] ICTP
[05:38:17] [293/445] ACTZ
[05:38:18] [294/445] GTUR
[05:38:19] [295/445] MAFC
[05:38:19] 🔄 Identity reset
[05:38:19] 🔄 Identity rotated (every 10 requests)
[05:38:20] [296/445] MINL
[05:38:21] [297/445] MRCL
[05:38:21] [298/445] RCRP
[05:38:23] [299/445] RFFG
[05:38:23] [300/445] RMAS
[05:38:24] [301/445] INVR
[05:38:25] [302/445] RMAR
[05:38:26] [303/445] CNIS
[05:38:27] [304/445] RHRJ
[05:38:27] [305/445] INXR
[05:38:28] 🔄 Identity reset
[05:38:28] 🔄 Identity rotated (every 10 requests)
[05:38:28] 🔄 Retry 1/5 for INXR in 2.2s
[05:38:28] 🔄 Identity reset
[05:38:30] 🧠 New identity created
[05:38:31] [306/445] VALT
[05:38:32] [307/445] LCSH
[05:38:33] [308/445] CMVS
[05:38:34] [309/445] CNMS
[05:38:35] [310/445] ROOG
[05:38:35] [311/445] ISRM
[05:38:36] [312/445] RCRM
[05:38:37] [313/445] ACJA
[05:38:38] [314/445] RCVS
[05:38:38] 🔄 Identity reset
[05:38:38] 🔄 Identity rotated (every 10 requests)
[05:38:38] [315/445] CPUS
[05:38:39] [316/445] TGCS
[05:38:40] [317/445] RKCJ
[05:38:41] [318/445] MKSB
[05:38:42] [319/445] TCSJ
[05:38:43] [320/445] RMGP
[05:38:43] [321/445] CLLP
[05:38:44] [322/445] RCMV
[05:38:45] [323/445] CCKS
[05:38:46] [324/445] RSRP
[05:38:46] 🔄 Identity reset
[05:38:46] 🔄 Identity rotated (every 10 requests)
[05:38:46] 🔄 Retry 1/5 for RSRP in 2.2s
[05:38:46] 🔄 Identity reset
[05:38:48] 🧠 New identity created
[05:38:49] [325/445] APLP
[05:38:49] [326/445] CNVS
[05:38:50] [327/445] RMVY
[05:38:51] [328/445] PGBD
[05:38:52] [329/445] KLMS
[05:38:52] [330/445] RUST
[05:38:53] [331/445] MASM
[05:38:54] [332/445] BACS
[05:38:55] [333/445] BWST
[05:38:56] 🔄 Identity reset
[05:38:56] 🔄 Identity rotated (every 10 requests)
[05:38:56] [334/445] RRFH
[05:38:57] [335/445] SJTM
[05:38:57] [336/445] BEMR
[05:38:58] [337/445] MCGR
[05:38:59] [338/445] SDSK
[05:39:00] [339/445] VBOL
[05:39:01] [340/445] RMGM
[05:39:01] [341/445] NOPL
[05:39:02] [342/445] MKJK
[05:39:03] [343/445] CVRN
[05:39:03] 🔄 Identity reset
[05:39:03] 🔄 Identity rotated (every 10 requests)
[05:39:04] [344/445] MMEN
[05:39:05] [345/445] AMNG
[05:39:06] [346/445] INTM
[05:39:07] [347/445] SLCZ
[05:39:07] [348/445] AMJN
[05:39:08] [349/445] ACJN
[05:39:09] [350/445] AMKN
[05:39:10] [351/445] BTCN
[05:39:11] [352/445] AMBT
[05:39:12] [353/445] PACN
[05:39:12] 🔄 Identity reset
[05:39:12] 🔄 Identity rotated (every 10 requests)
[05:39:13] [354/445] LCNS
[05:39:13] [355/445] PPKC
[05:39:14] [356/445] JYYN
[05:39:15] [357/445] JTNR
[05:39:16] [358/445] GTEE
[05:39:17] [359/445] SRNM
[05:39:17] [360/445] SDTC
[05:39:18] [361/445] VPCA
[05:39:19] [362/445] VLRA
[05:39:19] [363/445] SHKR
[05:39:20] 🔄 Identity reset
[05:39:20] 🔄 Identity rotated (every 10 requests)
[05:39:20] [364/445] SBKD
[05:39:21] [365/445] SAAD
[05:39:22] [366/445] JTGN
[05:39:23] [367/445] SLAM
[05:39:24] [368/445] VTPM
[05:39:24] [369/445] ANPT
[05:39:25] [370/445] PUNB
[05:39:26] [371/445] CPKT
[05:39:27] [372/445] CNWE
[05:39:28] [373/445] ECPP
[05:39:28] 🔄 Identity reset
[05:39:28] 🔄 Identity rotated (every 10 requests)
[05:39:29] [374/445] CPAR
[05:39:30] [375/445] ESBW
[05:39:31] [376/445] PKPU
[05:39:32] [377/445] CPRP
[05:39:32] [378/445] RAHU
[05:39:33] [379/445] RHMN
[05:39:34] [380/445] FMJP
[05:39:35] [381/445] CTMP
[05:39:36] [382/445] INPN
[05:39:37] [383/445] STTG
[05:39:38] 🔄 Identity reset
[05:39:38] 🔄 Identity rotated (every 10 requests)
[05:39:38] [384/445] CTRD
[05:39:39] [385/445] PUVB
[05:39:40] [386/445] ESVP
[05:39:40] [387/445] CPFT
[05:39:41] [388/445] LCPC
[05:39:42] [389/445] VBCT
[05:39:43] [390/445] FSCW
[05:39:44] [391/445] VCMP
[05:39:45] [392/445] ASHC
[05:39:45] [393/445] VLCX
[05:39:46] 🔄 Identity reset
[05:39:46] 🔄 Identity rotated (every 10 requests)
[05:39:47] [394/445] SHEV
[05:39:47] [395/445] APCO
[05:39:48] [396/445] SILC
[05:39:49] [397/445] SNMR
[05:39:50] [398/445] KYBO
[05:39:51] [399/445] SATK
[05:39:52] [400/445] SSCS
[05:39:53] [401/445] CLSB
[05:39:54] [402/445] KMJR
[05:39:54] [403/445] FSCK
[05:39:55] 🔄 Identity reset
[05:39:55] 🔄 Identity rotated (every 10 requests)
[05:39:55] [404/445] NNKA
[05:39:56] [405/445] CLMK
[05:39:57] [406/445] DMPZ
[05:39:58] [407/445] INQM
[05:39:59] [408/445] CAML
[05:40:00] [409/445] INRK
[05:40:01] [410/445] IMKN
[05:40:02] [411/445] SVNR
[05:40:02] [412/445] INSL
[05:40:03] [413/445] MSMA
[05:40:04] 🔄 Identity reset
[05:40:04] 🔄 Identity rotated (every 10 requests)
[05:40:04] [414/445] MCKK
[05:40:05] [415/445] FCHP
[05:40:06] [416/445] SFCR
[05:40:07] [417/445] NACK
[05:40:08] [418/445] PVAK
[05:40:09] [419/445] INER
[05:40:10] [420/445] RDBK
[05:40:11] [421/445] SVFN
[05:40:11] [422/445] IFRM
[05:40:12] [423/445] ATCK
[05:40:13] 🔄 Identity reset
[05:40:13] 🔄 Identity rotated (every 10 requests)
[05:40:13] [424/445] ASKO
[05:40:14] [425/445] STKT
[05:40:14] [426/445] SVFB
[05:40:15] [427/445] INKS
[05:40:16] [428/445] PCRA
[05:40:17] [429/445] ATJA
[05:40:18] [430/445] IMJN
[05:40:19] [431/445] INHD
[05:40:20] [432/445] BARA
[05:40:20] [433/445] MCSL
[05:40:21] 🔄 Identity reset
[05:40:21] 🔄 Identity rotated (every 10 requests)
[05:40:21] [434/445] RTOY
[05:40:22] [435/445] MENO
[05:40:23] [436/445] PUDM
[05:40:24] [437/445] PRCN
[05:40:25] [438/445] JMJR
[05:40:25] [439/445] SSGK
[05:40:26] [440/445] SSRL
[05:40:27] [441/445] JYKL
[05:40:28] [442/445] ACNB
[05:40:28] [443/445] SONP
[05:40:29] 🔄 Identity reset
[05:40:29] 🔄 Identity rotated (every 10 requests)
[05:40:29] [444/445] EMCI
[05:40:30] [445/445] MRJH
[05:40:31] 🧹 Deduping shows
[05:40:31] ✅ DONE | Shows=1953 | Movies=46
[14:21:30] 🚀 SCRIPT STARTED (enhanced anti‑detection)
[14:21:30] [1/445] TGMR
[14:21:30] 🧠 New identity created
[14:21:31] [2/445] CXKR
[14:21:32] [3/445] SROP
[14:21:32] [4/445] GTSV
[14:21:34] [5/445] SNTY
[14:21:35] [6/445] SMYY
[14:21:35] [7/445] CNCS
[14:21:37] [8/445] CSTM
[14:21:38] [9/445] NUCD
[14:21:39] [10/445] SHCZ
[14:21:39] 🔄 Identity reset
[14:21:39] 🔄 Identity rotated (every 10 requests)
[14:21:39] [11/445] NJCT
[14:21:40] [12/445] COPC
[14:21:41] [13/445] STVV
[14:21:43] [14/445] SKRN
[14:21:43] [15/445] APPZ
[14:21:44] [16/445] YMGN
[14:21:45] [17/445] SVTU
[14:21:46] [18/445] GTAD
[14:21:47] [19/445] PSUS
[14:21:47] [20/445] SMCD
[14:21:48] 🔄 Identity reset
[14:21:48] 🔄 Identity rotated (every 10 requests)
[14:21:48] [21/445] CMCM
[14:21:49] [22/445] SYCT
[14:21:50] [23/445] STLY
[14:21:50] [24/445] CMHU
[14:21:51] [25/445] CMSA
[14:21:52] [26/445] CLCU
[14:21:53] [27/445] PPNT
[14:21:54] [28/445] JTAB
[14:21:55] [29/445] BUUC
[14:21:56] [30/445] BSVK
[14:21:57] 🔄 Identity reset
[14:21:57] 🔄 Identity rotated (every 10 requests)
[14:21:57] [31/445] VVVQ
[14:21:58] [32/445] TKMU
[14:21:59] [33/445] ESYL
[14:22:00] [34/445] ACHP
[14:22:01] [35/445] BTKD
[14:22:02] [36/445] DESA
[14:22:02] [37/445] GBCT
[14:22:03] [38/445] BLLD
[14:22:04] [39/445] SKNT
[14:22:05] [40/445] SSTE
[14:22:06] 🔄 Identity reset
[14:22:06] 🔄 Identity rotated (every 10 requests)
[14:22:06] [41/445] VJMR
[14:22:07] [42/445] NTPU
[14:22:08] [43/445] RDKN
[14:22:09] [44/445] ADGC
[14:22:11] [45/445] VRBP
[14:22:11] [46/445] NMNA
[14:22:12] [47/445] CMMX
[14:22:13] [48/445] PTKO
[14:22:13] [49/445] RBML
[14:22:14] [50/445] SAIC
[14:22:15] 🔄 Identity reset
[14:22:15] 🔄 Identity rotated (every 10 requests)
[14:22:16] [51/445] SVTJ
[14:22:17] [52/445] MRTE
[14:22:18] [53/445] RBTP
[14:22:18] [54/445] NLPS
[14:22:19] [55/445] GTNA
[14:22:21] [56/445] DGGC
[14:22:22] [57/445] SMCR
[14:22:23] [58/445] SCGD
[14:22:24] [59/445] SRRJ
[14:22:25] [60/445] CNRY
[14:22:25] 🔄 Identity reset
[14:22:25] 🔄 Identity rotated (every 10 requests)
[14:22:26] [61/445] KTDI
[14:22:26] [62/445] SNJL
[14:22:27] [63/445] RKMD
[14:22:28] [64/445] SMDC
[14:22:29] [65/445] TADG
[14:22:30] [66/445] MCGS
[14:22:30] [67/445] PETK
[14:22:31] [68/445] CHAG
[14:22:32] [69/445] KSTL
[14:22:33] [70/445] AADS
[14:22:34] 🔄 Identity reset
[14:22:34] 🔄 Identity rotated (every 10 requests)
[14:22:34] [71/445] NTHZ
[14:22:35] [72/445] HCKI
[14:22:36] [73/445] SSEF
[14:22:36] [74/445] MCGX
[14:22:37] [75/445] ERRA
[14:22:38] [76/445] SDTW
[14:22:39] [77/445] RMPK
[14:22:40] [78/445] PTHK
[14:22:41] [79/445] PXCS
[14:22:41] [80/445] SVLU
[14:22:42] 🔄 Identity reset
[14:22:42] 🔄 Identity rotated (every 10 requests)
[14:22:42] 🔄 Retry 1/5 for SVLU in 2.8s
[14:22:42] 🔄 Identity reset
[14:22:45] 🧠 New identity created
[14:22:45] [81/445] STAH
[14:22:46] [82/445] JRGF
[14:22:47] [83/445] CDOK
[14:22:48] [84/445] CMSG
[14:22:49] [85/445] APTD
[14:22:50] [86/445] KMPG
[14:22:52] [87/445] MUTJ
[14:22:53] [88/445] VCCI
[14:22:54] [89/445] URBE
[14:22:54] 🔄 Identity reset
[14:22:54] 🔄 Identity rotated (every 10 requests)
[14:22:54] 🔄 Retry 1/5 for URBE in 2.1s
[14:22:54] 🔄 Identity reset
[14:22:56] 🧠 New identity created
[14:22:57] [90/445] TCTS
[14:22:58] [91/445] STSN
[14:22:59] [92/445] AKCH
[14:23:01] [93/445] APSC
[14:23:02] [94/445] VLTB
[14:23:03] [95/445] SANU
[14:23:03] [96/445] AXAM
[14:23:05] [97/445] MGMG
[14:23:06] [98/445] HTBY
[14:23:07] 🔄 Identity reset
[14:23:07] 🔄 Identity rotated (every 10 requests)
[14:23:07] [99/445] MMZS
[14:23:08] [100/445] SUDR
[14:23:09] [101/445] CCAD
[14:23:10] [102/445] SKKC
[14:23:11] [103/445] RMCD
[14:23:12] [104/445] SBCQ
[14:23:13] [105/445] DCCT
[14:23:13] [106/445] VTKP
[14:23:14] [107/445] MLAM
[14:23:15] [108/445] SAVT
[14:23:16] 🔄 Identity reset
[14:23:16] 🔄 Identity rotated (every 10 requests)
[14:23:16] [109/445] GEPL
[14:23:17] [110/445] AMCD
[14:23:18] [111/445] CCXR
[14:23:20] [112/445] GRNG
[14:23:21] [113/445] EBCA
[14:23:22] [114/445] CNVG
[14:23:22] [115/445] MWSS
[14:23:23] [116/445] VBOR
[14:23:24] [117/445] NEEB
[14:23:25] [118/445] SUTH
[14:23:26] 🔄 Identity reset
[14:23:26] 🔄 Identity rotated (every 10 requests)
[14:23:26] [119/445] ANDB
[14:23:27] [120/445] MMXS
[14:23:28] [121/445] CNPD
[14:23:29] [122/445] SDCE
[14:23:30] [123/445] DHCB
[14:23:31] [124/445] ODEN
[14:23:32] [125/445] TNTC
[14:23:33] [126/445] VBKM
[14:23:34] [127/445] RZYM
[14:23:34] [128/445] JEMC
[14:23:35] 🔄 Identity reset
[14:23:35] 🔄 Identity rotated (every 10 requests)
[14:23:36] [129/445] CMAU
[14:23:37] [130/445] SIVP
[14:23:37] [131/445] ATAG
[14:23:39] [132/445] CHTM
[14:23:39] [133/445] AAEE
[14:23:40] [134/445] IWPM
[14:23:41] [135/445] KCMW
[14:23:42] [136/445] MCTD
[14:23:43] [137/445] SPWR
[14:23:43] [138/445] SDPO
[14:23:44] 🔄 Identity reset
[14:23:44] 🔄 Identity rotated (every 10 requests)
[14:23:44] [139/445] PCSK
[14:23:45] [140/445] ACHV
[14:23:46] [141/445] SVLA
[14:23:47] [142/445] PICT
[14:23:48] [143/445] BXDR
[14:23:49] [144/445] SPWA
[14:23:50] [145/445] MCKO
[14:23:51] [146/445] RTHK
[14:23:51] [147/445] CCMF
[14:23:52] [148/445] MRGB
[14:23:53] 🔄 Identity reset
[14:23:53] 🔄 Identity rotated (every 10 requests)
[14:23:53] [149/445] CPLC
[14:23:54] [150/445] RACD
[14:23:55] [151/445] ATKT
[14:23:56] [152/445] SARN
[14:23:57] [153/445] KKUI
[14:23:57] [154/445] RGCM
[14:23:58] [155/445] BRVP
[14:24:00] [156/445] HRSR
[14:24:00] [157/445] GKGM
[14:24:01] [158/445] TTCD
[14:24:02] 🔄 Identity reset
[14:24:02] 🔄 Identity rotated (every 10 requests)
[14:24:02] [159/445] PTTI
[14:24:03] [160/445] MPTT
[14:24:04] [161/445] CVTT
[14:24:05] [162/445] PCXD
[14:24:06] [163/445] GCDC
[14:24:06] [164/445] CCCF
[14:24:07] [165/445] MRAD
[14:24:08] [166/445] CPLK
[14:24:09] [167/445] SATB
[14:24:10] [168/445] SNVG
[14:24:10] 🔄 Identity reset
[14:24:10] 🔄 Identity rotated (every 10 requests)
[14:24:10] [169/445] JMBA
[14:24:11] [170/445] TEJA
[14:24:12] [171/445] STYO
[14:24:13] [172/445] JTBP
[14:24:14] [173/445] KRGD
[14:24:15] [174/445] SLJJ
[14:24:16] [175/445] SPTJ
[14:24:16] [176/445] SWJG
[14:24:17] [177/445] LKRT
[14:24:18] [178/445] KCKA
[14:24:18] 🔄 Identity reset
[14:24:18] 🔄 Identity rotated (every 10 requests)
[14:24:19] [179/445] SNCR
[14:24:19] [180/445] SMKL
[14:24:20] [181/445] GCFA
[14:24:21] [182/445] DDCK
[14:24:22] [183/445] NCHJ
[14:24:23] [184/445] RDMA
[14:24:24] [185/445] SVSV
[14:24:24] [186/445] SCJG
[14:24:25] [187/445] VKLP
[14:24:26] [188/445] NWCC
[14:24:27] 🔄 Identity reset
[14:24:27] 🔄 Identity rotated (every 10 requests)
[14:24:28] [189/445] VKNS
[14:24:29] [190/445] SDDP
[14:24:29] [191/445] ACSI
[14:24:31] [192/445] SATG
[14:24:32] [193/445] SCMW
[14:24:32] [194/445] LKTK
[14:24:33] [195/445] VCKV
[14:24:34] [196/445] KKPE
[14:24:35] [197/445] KIGH
[14:24:36] [198/445] SRPM
[14:24:36] 🔄 Identity reset
[14:24:36] 🔄 Identity rotated (every 10 requests)
[14:24:37] [199/445] SCAH
[14:24:37] [200/445] MUTA
[14:24:38] [201/445] SEPU
[14:24:39] [202/445] INOA
[14:24:40] [203/445] BASK
[14:24:41] [204/445] NECB
[14:24:41] [205/445] GTTG
[14:24:42] [206/445] ASSA
[14:24:43] [207/445] ANCL
[14:24:44] [208/445] GCTI
[14:24:45] 🔄 Identity reset
[14:24:45] 🔄 Identity rotated (every 10 requests)
[14:24:45] [209/445] RCTS
[14:24:46] [210/445] ACNL
[14:24:47] [211/445] MYCT
[14:24:48] [212/445] NMHT
[14:24:49] [213/445] MDIT
[14:24:50] [214/445] LATG
[14:24:51] [215/445] SMTY
[14:24:52] [216/445] CVCT
[14:24:53] [217/445] RAMB
[14:24:54] [218/445] TGMS
[14:24:54] 🔄 Identity reset
[14:24:54] 🔄 Identity rotated (every 10 requests)
[14:24:55] [219/445] BHEL
[14:24:56] [220/445] SHCT
[14:24:57] [221/445] SVCT
[14:24:58] [222/445] MRIY
[14:24:59] [223/445] SARO
[14:25:00] [224/445] STCT
[14:25:00] [225/445] JKKC
[14:25:01] [226/445] PLTT
[14:25:02] [227/445] SRNT
[14:25:03] [228/445] YAST
[14:25:03] 🔄 Identity reset
[14:25:03] 🔄 Identity rotated (every 10 requests)
[14:25:04] [229/445] PERL
[14:25:04] [230/445] CICM
[14:25:05] [231/445] MMTR
[14:25:06] [232/445] ABTK
[14:25:07] [233/445] ATYY
[14:25:08] [234/445] ASTK
[14:25:09] [235/445] VVCK
[14:25:09] [236/445] ATKY
[14:25:11] [237/445] GWEK
[14:25:12] [238/445] SVFH
[14:25:12] 🔄 Identity reset
[14:25:12] 🔄 Identity rotated (every 10 requests)
[14:25:13] [239/445] SLTA
[14:25:14] [240/445] AASH
[14:25:14] [241/445] ACXB
[14:25:15] [242/445] SMTX
[14:25:16] [243/445] AZDH
[14:25:17] [244/445] CMMH
[14:25:18] [245/445] SCSZ
[14:25:19] [246/445] SCKP
[14:25:20] [247/445] NXTM
[14:25:21] [248/445] NWCS
[14:25:21] 🔄 Identity reset
[14:25:21] 🔄 Identity rotated (every 10 requests)
[14:25:21] [249/445] CXMH
[14:25:23] [250/445] PCMA
[14:25:24] [251/445] SGCM
[14:25:25] [252/445] SDTU
[14:25:25] [253/445] MMVI
[14:25:26] [254/445] JKCM
[14:25:27] [255/445] VCMM
[14:25:28] [256/445] SYEE
[14:25:29] [257/445] VASD
[14:25:30] [258/445] BDRB
[14:25:30] 🔄 Identity reset
[14:25:30] 🔄 Identity rotated (every 10 requests)
[14:25:31] [259/445] LASM
[14:25:32] [260/445] DCRL
[14:25:32] [261/445] DVPM
[14:25:33] [262/445] SBMJ
[14:25:34] [263/445] CBMU
[14:25:35] [264/445] IUBS
[14:25:36] [265/445] INAP
[14:25:37] [266/445] SRRC
[14:25:38] [267/445] SAGR
[14:25:38] [268/445] CPMJ
[14:25:39] 🔄 Identity reset
[14:25:39] 🔄 Identity rotated (every 10 requests)
[14:25:39] [269/445] ATJL
[14:25:40] [270/445] NNTD
[14:25:41] [271/445] JHCJ
[14:25:42] [272/445] CMMP
[14:25:43] [273/445] RSDR
[14:25:44] [274/445] AMTI
[14:25:45] [275/445] NYSG
[14:25:45] [276/445] AVSG
[14:25:46] [277/445] SYTP
[14:25:47] [278/445] LARC
[14:25:48] 🔄 Identity reset
[14:25:48] 🔄 Identity rotated (every 10 requests)
[14:25:48] [279/445] RJTP
[14:25:49] [280/445] LAKC
[14:25:50] [281/445] MCXE
[14:25:50] [282/445] CCZC
[14:25:51] [283/445] AVCH
[14:25:53] [284/445] CMBE
[14:25:53] [285/445] MRRC
[14:25:54] [286/445] PCPY
[14:25:55] [287/445] SRMH
[14:25:56] [288/445] SVGS
[14:25:56] 🔄 Identity reset
[14:25:56] 🔄 Identity rotated (every 10 requests)
[14:25:57] [289/445] PCSE
[14:25:58] [290/445] SVFT
[14:25:59] [291/445] TNZP
[14:26:00] [292/445] ICTP
[14:26:00] [293/445] ACTZ
[14:26:01] [294/445] GTUR
[14:26:02] [295/445] MAFC
[14:26:03] [296/445] MINL
[14:26:04] [297/445] MRCL
[14:26:05] [298/445] RCRP
[14:26:05] 🔄 Identity reset
[14:26:05] 🔄 Identity rotated (every 10 requests)
[14:26:06] [299/445] RFFG
[14:26:08] [300/445] RMAS
[14:26:08] [301/445] INVR
[14:26:09] [302/445] RMAR
[14:26:10] [303/445] CNIS
[14:26:11] [304/445] RHRJ
[14:26:12] [305/445] INXR
[14:26:13] [306/445] VALT
[14:26:13] [307/445] LCSH
[14:26:14] [308/445] CMVS
[14:26:15] 🔄 Identity reset
[14:26:15] 🔄 Identity rotated (every 10 requests)
[14:26:15] [309/445] CNMS
[14:26:16] [310/445] ROOG
[14:26:17] [311/445] ISRM
[14:26:17] [312/445] RCRM
[14:26:18] [313/445] ACJA
[14:26:19] [314/445] RCVS
[14:26:20] [315/445] CPUS
[14:26:21] [316/445] TGCS
[14:26:22] [317/445] RKCJ
[14:26:22] [318/445] MKSB
[14:26:23] 🔄 Identity reset
[14:26:23] 🔄 Identity rotated (every 10 requests)
[14:26:23] [319/445] TCSJ
[14:26:24] [320/445] RMGP
[14:26:25] [321/445] CLLP
[14:26:26] [322/445] RCMV
[14:26:27] [323/445] CCKS
[14:26:28] [324/445] RSRP
[14:26:28] [325/445] APLP
[14:26:30] [326/445] CNVS
[14:26:31] [327/445] RMVY
[14:26:32] [328/445] PGBD
[14:26:32] 🔄 Identity reset
[14:26:32] 🔄 Identity rotated (every 10 requests)
[14:26:32] [329/445] KLMS
[14:26:33] [330/445] RUST
[14:26:34] [331/445] MASM
[14:26:35] [332/445] BACS
[14:26:36] [333/445] BWST
[14:26:36] [334/445] RRFH
[14:26:37] [335/445] SJTM
[14:26:38] [336/445] BEMR
[14:26:39] [337/445] MCGR
[14:26:40] [338/445] SDSK
[14:26:41] 🔄 Identity reset
[14:26:41] 🔄 Identity rotated (every 10 requests)
[14:26:41] [339/445] VBOL
[14:26:42] [340/445] RMGM
[14:26:42] [341/445] NOPL
[14:26:43] [342/445] MKJK
[14:26:44] [343/445] CVRN
[14:26:45] [344/445] MMEN
[14:26:46] [345/445] AMNG
[14:26:47] [346/445] INTM
[14:26:48] [347/445] SLCZ
[14:26:49] [348/445] AMJN
[14:26:49] 🔄 Identity reset
[14:26:49] 🔄 Identity rotated (every 10 requests)
[14:26:50] [349/445] ACJN
[14:26:50] [350/445] AMKN
[14:26:51] [351/445] BTCN
[14:26:52] [352/445] AMBT
[14:26:53] [353/445] PACN
[14:26:54] [354/445] LCNS
[14:26:55] [355/445] PPKC
[14:26:56] [356/445] JYYN
[14:26:57] [357/445] JTNR
[14:26:58] [358/445] GTEE
[14:26:58] 🔄 Identity reset
[14:26:58] 🔄 Identity rotated (every 10 requests)
[14:26:59] [359/445] SRNM
[14:27:00] [360/445] SDTC
[14:27:01] [361/445] VPCA
[14:27:02] [362/445] VLRA
[14:27:03] [363/445] SHKR
[14:27:04] [364/445] SBKD
[14:27:04] [365/445] SAAD
[14:27:05] [366/445] JTGN
[14:27:06] [367/445] SLAM
[14:27:07] [368/445] VTPM
[14:27:07] 🔄 Identity reset
[14:27:07] 🔄 Identity rotated (every 10 requests)
[14:27:08] [369/445] ANPT
[14:27:08] [370/445] PUNB
[14:27:09] [371/445] CPKT
[14:27:10] [372/445] CNWE
[14:27:11] [373/445] ECPP
[14:27:12] [374/445] CPAR
[14:27:13] [375/445] ESBW
[14:27:14] [376/445] PKPU
[14:27:15] [377/445] CPRP
[14:27:16] [378/445] RAHU
[14:27:16] 🔄 Identity reset
[14:27:16] 🔄 Identity rotated (every 10 requests)
[14:27:17] [379/445] RHMN
[14:27:17] [380/445] FMJP
[14:27:19] [381/445] CTMP
[14:27:20] [382/445] INPN
[14:27:21] [383/445] STTG
[14:27:22] [384/445] CTRD
[14:27:23] [385/445] PUVB
[14:27:24] [386/445] ESVP
[14:27:25] [387/445] CPFT
[14:27:26] [388/445] LCPC
[14:27:26] 🔄 Identity reset
[14:27:26] 🔄 Identity rotated (every 10 requests)
[14:27:27] [389/445] VBCT
[14:27:28] [390/445] FSCW
[14:27:29] [391/445] VCMP
[14:27:29] [392/445] ASHC
[14:27:30] [393/445] VLCX
[14:27:31] [394/445] SHEV
[14:27:32] [395/445] APCO
[14:27:33] [396/445] SILC
[14:27:33] [397/445] SNMR
[14:27:34] [398/445] KYBO
[14:27:35] 🔄 Identity reset
[14:27:35] 🔄 Identity rotated (every 10 requests)
[14:27:35] [399/445] SATK
[14:27:36] [400/445] SSCS
[14:27:37] [401/445] CLSB
[14:27:37] [402/445] KMJR
[14:27:39] [403/445] FSCK
[14:27:40] [404/445] NNKA
[14:27:40] [405/445] CLMK
[14:27:41] [406/445] DMPZ
[14:27:42] [407/445] INQM
[14:27:43] [408/445] CAML
[14:27:44] 🔄 Identity reset
[14:27:44] 🔄 Identity rotated (every 10 requests)
[14:27:44] [409/445] INRK
[14:27:45] [410/445] IMKN
[14:27:46] [411/445] SVNR
[14:27:47] [412/445] INSL
[14:27:48] [413/445] MSMA
[14:27:48] [414/445] MCKK
[14:27:49] [415/445] FCHP
[14:27:50] [416/445] SFCR
[14:27:52] [417/445] NACK
[14:27:52] [418/445] PVAK
[14:27:53] 🔄 Identity reset
[14:27:53] 🔄 Identity rotated (every 10 requests)
[14:27:53] [419/445] INER
[14:27:54] [420/445] RDBK
[14:27:55] [421/445] SVFN
[14:27:56] [422/445] IFRM
[14:27:57] [423/445] ATCK
[14:27:57] [424/445] ASKO
[14:27:58] [425/445] STKT
[14:27:59] [426/445] SVFB
[14:28:00] [427/445] INKS
[14:28:01] [428/445] PCRA
[14:28:02] 🔄 Identity reset
[14:28:02] 🔄 Identity rotated (every 10 requests)
[14:28:02] [429/445] ATJA
[14:28:03] [430/445] IMJN
[14:28:03] [431/445] INHD
[14:28:04] [432/445] BARA
[14:28:05] [433/445] MCSL
[14:28:06] [434/445] RTOY
[14:28:07] [435/445] MENO
[14:28:08] [436/445] PUDM
[14:28:08] [437/445] PRCN
[14:28:09] [438/445] JMJR
[14:28:10] 🔄 Identity reset
[14:28:10] 🔄 Identity rotated (every 10 requests)
[14:28:10] [439/445] SSGK
[14:28:11] [440/445] SSRL
[14:28:12] [441/445] JYKL
[14:28:13] [442/445] ACNB
[14:28:14] [443/445] SONP
[14:28:15] [444/445] EMCI
[14:28:16] [445/445] MRJH
[14:28:16] 🧹 Deduping shows
[14:28:16] ✅ DONE | Shows=2249 | Movies=52
[22:53:00] 🚀 SCRIPT STARTED (enhanced anti‑detection)
[22:53:00] [1/445] TGMR
[22:53:01] 🧠 New identity created
[22:53:01] [2/445] CXKR
[22:53:02] [3/445] SROP
[22:53:03] [4/445] GTSV
[22:53:04] [5/445] SNTY
[22:53:05] [6/445] SMYY
[22:53:06] [7/445] CNCS
[22:53:07] [8/445] CSTM
[22:53:08] [9/445] NUCD
[22:53:08] [10/445] SHCZ
[22:53:09] 🔄 Identity reset
[22:53:09] 🔄 Identity rotated (every 10 requests)
[22:53:09] [11/445] NJCT
[22:53:10] [12/445] COPC
[22:53:11] [13/445] STVV
[22:53:12] [14/445] SKRN
[22:53:13] [15/445] APPZ
[22:53:14] [16/445] YMGN
[22:53:15] [17/445] SVTU
[22:53:16] [18/445] GTAD
[22:53:17] [19/445] PSUS
[22:53:19] [20/445] SMCD
[22:53:19] 🔄 Identity reset
[22:53:19] 🔄 Identity rotated (every 10 requests)
[22:53:19] [21/445] CMCM
[22:53:20] [22/445] SYCT
[22:53:21] [23/445] STLY
[22:53:22] [24/445] CMHU
[22:53:23] [25/445] CMSA
[22:53:23] [26/445] CLCU
[22:53:24] [27/445] PPNT
[22:53:25] [28/445] JTAB
[22:53:26] [29/445] BUUC
[22:53:26] [30/445] BSVK
[22:53:27] 🔄 Identity reset
[22:53:27] 🔄 Identity rotated (every 10 requests)
[22:53:27] [31/445] VVVQ
[22:53:28] [32/445] TKMU
[22:53:29] [33/445] ESYL
[22:53:30] [34/445] ACHP
[22:53:31] [35/445] BTKD
[22:53:32] [36/445] DESA
[22:53:33] [37/445] GBCT
[22:53:34] [38/445] BLLD
[22:53:34] [39/445] SKNT
[22:53:35] [40/445] SSTE
[22:53:36] 🔄 Identity reset
[22:53:36] 🔄 Identity rotated (every 10 requests)
[22:53:36] [41/445] VJMR
[22:53:37] [42/445] NTPU
[22:53:38] [43/445] RDKN
[22:53:39] [44/445] ADGC
[22:53:40] [45/445] VRBP
[22:53:41] [46/445] NMNA
[22:53:42] [47/445] CMMX
[22:53:43] [48/445] PTKO
[22:53:44] [49/445] RBML
[22:53:45] [50/445] SAIC
[22:53:45] 🔄 Identity reset
[22:53:45] 🔄 Identity rotated (every 10 requests)
[22:53:46] [51/445] SVTJ
[22:53:47] [52/445] MRTE
[22:53:48] [53/445] RBTP
[22:53:49] [54/445] NLPS
[22:53:50] [55/445] GTNA
[22:53:51] [56/445] DGGC
[22:53:52] [57/445] SMCR
[22:53:53] [58/445] SCGD
[22:53:54] [59/445] SRRJ
[22:53:55] [60/445] CNRY
[22:53:55] 🔄 Identity reset
[22:53:55] 🔄 Identity rotated (every 10 requests)
[22:53:55] [61/445] KTDI
[22:53:56] [62/445] SNJL
[22:53:57] [63/445] RKMD
[22:53:58] [64/445] SMDC
[22:53:59] [65/445] TADG
[22:54:00] [66/445] MCGS
[22:54:02] [67/445] PETK
[22:54:03] [68/445] CHAG
[22:54:04] [69/445] KSTL
[22:54:04] [70/445] AADS
[22:54:05] 🔄 Identity reset
[22:54:05] 🔄 Identity rotated (every 10 requests)
[22:54:06] [71/445] NTHZ
[22:54:07] [72/445] HCKI
[22:54:08] [73/445] SSEF
[22:54:09] [74/445] MCGX
[22:54:10] [75/445] ERRA
[22:54:11] [76/445] SDTW
[22:54:12] [77/445] RMPK
[22:54:13] [78/445] PTHK
[22:54:14] [79/445] PXCS
[22:54:14] [80/445] SVLU
[22:54:15] 🔄 Identity reset
[22:54:15] 🔄 Identity rotated (every 10 requests)
[22:54:15] 🔄 Retry 1/5 for SVLU in 2.8s
[22:54:15] 🔄 Identity reset
[22:54:18] 🧠 New identity created
[22:54:18] [81/445] STAH
[22:54:19] [82/445] JRGF
[22:54:20] [83/445] CDOK
[22:54:21] [84/445] CMSG
[22:54:22] [85/445] APTD
[22:54:23] [86/445] KMPG
[22:54:24] [87/445] MUTJ
[22:54:25] [88/445] VCCI
[22:54:26] [89/445] URBE
[22:54:26] 🔄 Identity reset
[22:54:26] 🔄 Identity rotated (every 10 requests)
[22:54:27] [90/445] TCTS
[22:54:27] [91/445] STSN
[22:54:28] [92/445] AKCH
[22:54:29] [93/445] APSC
[22:54:35] [94/445] VLTB
[22:54:36] [95/445] SANU
[22:54:37] [96/445] AXAM
[22:54:38] [97/445] MGMG
[22:54:39] [98/445] HTBY
[22:54:39] [99/445] MMZS
[22:54:40] 🔄 Identity reset
[22:54:40] 🔄 Identity rotated (every 10 requests)
[22:54:40] [100/445] SUDR
[22:54:41] [101/445] CCAD
[22:54:42] [102/445] SKKC
[22:54:43] [103/445] RMCD
[22:54:43] [104/445] SBCQ
[22:54:44] [105/445] DCCT
[22:54:45] [106/445] VTKP
[22:54:46] [107/445] MLAM
[22:54:47] [108/445] SAVT
[22:54:48] [109/445] GEPL
[22:54:48] 🔄 Identity reset
[22:54:48] 🔄 Identity rotated (every 10 requests)
[22:54:49] [110/445] AMCD
[22:54:50] [111/445] CCXR
[22:54:51] [112/445] GRNG
[22:54:51] [113/445] EBCA
[22:54:52] [114/445] CNVG
[22:54:53] [115/445] MWSS
[22:54:54] [116/445] VBOR
[22:54:55] [117/445] NEEB
[22:54:56] [118/445] SUTH
[22:54:57] [119/445] ANDB
[22:54:58] 🔄 Identity reset
[22:54:58] 🔄 Identity rotated (every 10 requests)
[22:54:58] [120/445] MMXS
[22:54:59] [121/445] CNPD
[22:55:00] [122/445] SDCE
[22:55:01] [123/445] DHCB
[22:55:01] [124/445] ODEN
[22:55:02] [125/445] TNTC
[22:55:03] [126/445] VBKM
[22:55:04] [127/445] RZYM
[22:55:06] [128/445] JEMC
[22:55:07] [129/445] CMAU
[22:55:07] 🔄 Identity reset
[22:55:07] 🔄 Identity rotated (every 10 requests)
[22:55:07] [130/445] SIVP
[22:55:08] [131/445] ATAG
[22:55:09] [132/445] CHTM
[22:55:10] [133/445] AAEE
[22:55:11] [134/445] IWPM
[22:55:12] [135/445] KCMW
[22:55:13] [136/445] MCTD
[22:55:14] [137/445] SPWR
[22:55:15] [138/445] SDPO
[22:55:16] [139/445] PCSK
[22:55:17] 🔄 Identity reset
[22:55:17] 🔄 Identity rotated (every 10 requests)
[22:55:17] [140/445] ACHV
[22:55:18] [141/445] SVLA
[22:55:19] [142/445] PICT
[22:55:19] [143/445] BXDR
[22:55:21] [144/445] SPWA
[22:55:22] [145/445] MCKO
[22:55:23] [146/445] RTHK
[22:55:24] [147/445] CCMF
[22:55:25] [148/445] MRGB
[22:55:26] [149/445] CPLC
[22:55:26] 🔄 Identity reset
[22:55:26] 🔄 Identity rotated (every 10 requests)
[22:55:26] [150/445] RACD
[22:55:27] [151/445] ATKT
[22:55:28] [152/445] SARN
[22:55:29] [153/445] KKUI
[22:55:30] [154/445] RGCM
[22:55:31] [155/445] BRVP
[22:55:31] [156/445] HRSR
[22:55:32] [157/445] GKGM
[22:55:33] [158/445] TTCD
[22:55:34] [159/445] PTTI
[22:55:35] 🔄 Identity reset
[22:55:35] 🔄 Identity rotated (every 10 requests)
[22:55:35] [160/445] MPTT
[22:55:36] [161/445] CVTT
[22:55:37] [162/445] PCXD
[22:55:38] [163/445] GCDC
[22:55:39] [164/445] CCCF
[22:55:40] [165/445] MRAD
[22:55:41] [166/445] CPLK
[22:55:42] [167/445] SATB
[22:55:43] [168/445] SNVG
[22:55:44] [169/445] JMBA
[22:55:45] 🔄 Identity reset
[22:55:45] 🔄 Identity rotated (every 10 requests)
[22:55:46] [170/445] TEJA
[22:55:47] [171/445] STYO
[22:55:47] [172/445] JTBP
[22:55:48] [173/445] KRGD
[22:55:49] [174/445] SLJJ
[22:55:50] [175/445] SPTJ
[22:55:51] [176/445] SWJG
[22:55:52] [177/445] LKRT
[22:55:52] [178/445] KCKA
[22:55:53] [179/445] SNCR
[22:55:54] 🔄 Identity reset
[22:55:54] 🔄 Identity rotated (every 10 requests)
[22:55:54] [180/445] SMKL
[22:55:55] [181/445] GCFA
[22:55:57] [182/445] DDCK
[22:55:57] [183/445] NCHJ
[22:55:58] [184/445] RDMA
[22:55:59] [185/445] SVSV
[22:56:00] [186/445] SCJG
[22:56:01] [187/445] VKLP
[22:56:02] [188/445] NWCC
[22:56:03] [189/445] VKNS
[22:56:04] 🔄 Identity reset
[22:56:04] 🔄 Identity rotated (every 10 requests)
[22:56:04] [190/445] SDDP
[22:56:05] [191/445] ACSI
[22:56:06] [192/445] SATG
[22:56:07] [193/445] SCMW
[22:56:08] [194/445] LKTK
[22:56:09] [195/445] VCKV
[22:56:10] [196/445] KKPE
[22:56:11] [197/445] KIGH
[22:56:12] [198/445] SRPM
[22:56:13] [199/445] SCAH
[22:56:13] 🔄 Identity reset
[22:56:13] 🔄 Identity rotated (every 10 requests)
[22:56:14] [200/445] MUTA
[22:56:14] [201/445] SEPU
[22:56:16] [202/445] INOA
[22:56:17] [203/445] BASK
[22:56:18] [204/445] NECB
[22:56:19] [205/445] GTTG
[22:56:20] [206/445] ASSA
[22:56:21] [207/445] ANCL
[22:56:22] [208/445] GCTI
[22:56:23] [209/445] RCTS
[22:56:23] 🔄 Identity reset
[22:56:23] 🔄 Identity rotated (every 10 requests)
[22:56:24] [210/445] ACNL
[22:56:24] [211/445] MYCT
[22:56:25] [212/445] NMHT
[22:56:26] [213/445] MDIT
[22:56:27] [214/445] LATG
[22:56:27] [215/445] SMTY
[22:56:28] [216/445] CVCT
[22:56:30] [217/445] RAMB
[22:56:31] [218/445] TGMS
[22:56:31] [219/445] BHEL
[22:56:32] 🔄 Identity reset
[22:56:32] 🔄 Identity rotated (every 10 requests)
[22:56:32] [220/445] SHCT
[22:56:33] [221/445] SVCT
[22:56:34] [222/445] MRIY
[22:56:36] [223/445] SARO
[22:56:36] [224/445] STCT
[22:56:38] [225/445] JKKC
[22:56:39] [226/445] PLTT
[22:56:40] [227/445] SRNT
[22:56:40] [228/445] YAST
[22:56:41] [229/445] PERL
[22:56:42] 🔄 Identity reset
[22:56:42] 🔄 Identity rotated (every 10 requests)
[22:56:43] [230/445] CICM
[22:56:44] [231/445] MMTR
[22:56:45] [232/445] ABTK
[22:56:46] [233/445] ATYY
[22:56:47] [234/445] ASTK
[22:56:48] [235/445] VVCK
[22:56:49] [236/445] ATKY
[22:56:49] [237/445] GWEK
[22:56:50] [238/445] SVFH
[22:56:51] [239/445] SLTA
[22:56:52] 🔄 Identity reset
[22:56:52] 🔄 Identity rotated (every 10 requests)
[22:56:52] [240/445] AASH
[22:56:53] [241/445] ACXB
[22:56:54] [242/445] SMTX
[22:56:55] [243/445] AZDH
[22:56:56] [244/445] CMMH
[22:56:57] [245/445] SCSZ
[22:56:57] [246/445] SCKP
[22:56:58] [247/445] NXTM
[22:56:59] [248/445] NWCS
[22:57:00] [249/445] CXMH
[22:57:01] 🔄 Identity reset
[22:57:01] 🔄 Identity rotated (every 10 requests)
[22:57:01] [250/445] PCMA
[22:57:02] [251/445] SGCM
[22:57:03] [252/445] SDTU
[22:57:04] [253/445] MMVI
[22:57:05] [254/445] JKCM
[22:57:06] [255/445] VCMM
[22:57:07] [256/445] SYEE
[22:57:07] [257/445] VASD
[22:57:08] [258/445] BDRB
[22:57:09] [259/445] LASM
[22:57:10] 🔄 Identity reset
[22:57:10] 🔄 Identity rotated (every 10 requests)
[22:57:11] [260/445] DCRL
[22:57:11] [261/445] DVPM
[22:57:12] [262/445] SBMJ
[22:57:14] [263/445] CBMU
[22:57:15] [264/445] IUBS
[22:57:16] [265/445] INAP
[22:57:17] [266/445] SRRC
[22:57:18] [267/445] SAGR
[22:57:18] [268/445] CPMJ
[22:57:19] [269/445] ATJL
[22:57:20] 🔄 Identity reset
[22:57:20] 🔄 Identity rotated (every 10 requests)
[22:57:21] [270/445] NNTD
[22:57:22] [271/445] JHCJ
[22:57:22] [272/445] CMMP
[22:57:23] [273/445] RSDR
[22:57:24] [274/445] AMTI
[22:57:25] [275/445] NYSG
[22:57:26] [276/445] AVSG
[22:57:27] [277/445] SYTP
[22:57:28] [278/445] LARC
[22:57:29] [279/445] RJTP
[22:57:29] 🔄 Identity reset
[22:57:29] 🔄 Identity rotated (every 10 requests)
[22:57:30] [280/445] LAKC
[22:57:31] [281/445] MCXE
[22:57:32] [282/445] CCZC
[22:57:32] [283/445] AVCH
[22:57:33] [284/445] CMBE
[22:57:34] [285/445] MRRC
[22:57:35] [286/445] PCPY
[22:57:36] [287/445] SRMH
[22:57:37] [288/445] SVGS
[22:57:37] [289/445] PCSE
[22:57:38] 🔄 Identity reset
[22:57:38] 🔄 Identity rotated (every 10 requests)
[22:57:38] [290/445] SVFT
[22:57:39] [291/445] TNZP
[22:57:40] [292/445] ICTP
[22:57:41] [293/445] ACTZ
[22:57:42] [294/445] GTUR
[22:57:43] [295/445] MAFC
[22:57:44] [296/445] MINL
[22:57:45] [297/445] MRCL
[22:57:46] [298/445] RCRP
[22:57:47] [299/445] RFFG
[22:57:47] 🔄 Identity reset
[22:57:47] 🔄 Identity rotated (every 10 requests)
[22:57:47] [300/445] RMAS
[22:57:48] [301/445] INVR
[22:57:49] [302/445] RMAR
[22:57:50] [303/445] CNIS
[22:57:51] [304/445] RHRJ
[22:57:52] [305/445] INXR
[22:57:54] [306/445] VALT
[22:57:55] [307/445] LCSH
[22:57:56] [308/445] CMVS
[22:57:57] [309/445] CNMS
[22:57:58] 🔄 Identity reset
[22:57:58] 🔄 Identity rotated (every 10 requests)
[22:57:58] [310/445] ROOG
[22:57:59] [311/445] ISRM
[22:58:00] [312/445] RCRM
[22:58:01] [313/445] ACJA
[22:58:02] [314/445] RCVS
[22:58:02] [315/445] CPUS
[22:58:03] [316/445] TGCS
[22:58:04] [317/445] RKCJ
[22:58:05] [318/445] MKSB
[22:58:06] [319/445] TCSJ
[22:58:06] 🔄 Identity reset
[22:58:06] 🔄 Identity rotated (every 10 requests)
[22:58:07] [320/445] RMGP
[22:58:08] [321/445] CLLP
[22:58:09] [322/445] RCMV
[22:58:10] [323/445] CCKS
[22:58:12] [324/445] RSRP
[22:58:13] [325/445] APLP
[22:58:13] [326/445] CNVS
[22:58:14] [327/445] RMVY
[22:58:15] [328/445] PGBD
[22:58:16] [329/445] KLMS
[22:58:16] 🔄 Identity reset
[22:58:16] 🔄 Identity rotated (every 10 requests)
[22:58:17] [330/445] RUST
[22:58:18] [331/445] MASM
[22:58:18] [332/445] BACS
[22:58:19] [333/445] BWST
[22:58:20] [334/445] RRFH
[22:58:21] [335/445] SJTM
[22:58:22] [336/445] BEMR
[22:58:23] [337/445] MCGR
[22:58:24] [338/445] SDSK
[22:58:25] [339/445] VBOL
[22:58:25] 🔄 Identity reset
[22:58:25] 🔄 Identity rotated (every 10 requests)
[22:58:26] [340/445] RMGM
[22:58:26] [341/445] NOPL
[22:58:27] [342/445] MKJK
[22:58:29] [343/445] CVRN
[22:58:30] [344/445] MMEN
[22:58:31] [345/445] AMNG
[22:58:32] [346/445] INTM
[22:58:33] [347/445] SLCZ
[22:58:34] [348/445] AMJN
[22:58:35] [349/445] ACJN
[22:58:36] 🔄 Identity reset
[22:58:36] 🔄 Identity rotated (every 10 requests)
[22:58:36] [350/445] AMKN
[22:58:37] [351/445] BTCN
[22:58:38] [352/445] AMBT
[22:58:39] [353/445] PACN
[22:58:40] [354/445] LCNS
[22:58:41] [355/445] PPKC
[22:58:42] [356/445] JYYN
[22:58:43] [357/445] JTNR
[22:58:44] [358/445] GTEE
[22:58:45] [359/445] SRNM
[22:58:46] 🔄 Identity reset
[22:58:46] 🔄 Identity rotated (every 10 requests)
[22:58:46] [360/445] SDTC
[22:58:47] [361/445] VPCA
[22:58:48] [362/445] VLRA
[22:58:48] [363/445] SHKR
[22:58:49] [364/445] SBKD
[22:58:50] [365/445] SAAD
[22:58:51] [366/445] JTGN
[22:58:52] [367/445] SLAM
[22:58:53] [368/445] VTPM
[22:58:54] [369/445] ANPT
[22:58:54] 🔄 Identity reset
[22:58:54] 🔄 Identity rotated (every 10 requests)
[22:58:55] [370/445] PUNB
[22:58:56] [371/445] CPKT
[22:58:56] [372/445] CNWE
[22:58:57] [373/445] ECPP
[22:58:59] [374/445] CPAR
[22:58:59] [375/445] ESBW
[22:59:00] [376/445] PKPU
[22:59:01] [377/445] CPRP
[22:59:02] [378/445] RAHU
[22:59:03] [379/445] RHMN
[22:59:04] 🔄 Identity reset
[22:59:04] 🔄 Identity rotated (every 10 requests)
[22:59:04] [380/445] FMJP
[22:59:05] [381/445] CTMP
[22:59:06] [382/445] INPN
[22:59:07] [383/445] STTG
[22:59:07] [384/445] CTRD
[22:59:08] [385/445] PUVB
[22:59:09] [386/445] ESVP
[22:59:10] [387/445] CPFT
[22:59:11] [388/445] LCPC
[22:59:12] [389/445] VBCT
[22:59:12] 🔄 Identity reset
[22:59:12] 🔄 Identity rotated (every 10 requests)
[22:59:12] [390/445] FSCW
[22:59:13] [391/445] VCMP
[22:59:14] [392/445] ASHC
[22:59:15] [393/445] VLCX
[22:59:16] [394/445] SHEV
[22:59:17] [395/445] APCO
[22:59:18] [396/445] SILC
[22:59:18] [397/445] SNMR
[22:59:19] [398/445] KYBO
[22:59:20] [399/445] SATK
[22:59:21] 🔄 Identity reset
[22:59:21] 🔄 Identity rotated (every 10 requests)
[22:59:21] [400/445] SSCS
[22:59:22] [401/445] CLSB
[22:59:23] [402/445] KMJR
[22:59:24] [403/445] FSCK
[22:59:25] [404/445] NNKA
[22:59:26] [405/445] CLMK
[22:59:27] [406/445] DMPZ
[22:59:28] [407/445] INQM
[22:59:29] [408/445] CAML
[22:59:30] [409/445] INRK
[22:59:30] 🔄 Identity reset
[22:59:30] 🔄 Identity rotated (every 10 requests)
[22:59:31] [410/445] IMKN
[22:59:31] [411/445] SVNR
[22:59:32] [412/445] INSL
[22:59:33] [413/445] MSMA
[22:59:34] [414/445] MCKK
[22:59:35] [415/445] FCHP
[22:59:36] [416/445] SFCR
[22:59:37] [417/445] NACK
[22:59:38] [418/445] PVAK
[22:59:39] [419/445] INER
[22:59:39] 🔄 Identity reset
[22:59:40] 🔄 Identity rotated (every 10 requests)
[22:59:40] [420/445] RDBK
[22:59:41] [421/445] SVFN
[22:59:42] [422/445] IFRM
[22:59:43] [423/445] ATCK
[22:59:44] [424/445] ASKO
[22:59:44] [425/445] STKT
[22:59:45] [426/445] SVFB
[22:59:47] [427/445] INKS
[22:59:47] [428/445] PCRA
[22:59:49] [429/445] ATJA
[22:59:50] 🔄 Identity reset
[22:59:50] 🔄 Identity rotated (every 10 requests)
[22:59:51] [430/445] IMJN
[22:59:51] [431/445] INHD
[22:59:52] [432/445] BARA
[22:59:53] [433/445] MCSL
[22:59:54] [434/445] RTOY
[22:59:55] [435/445] MENO
[22:59:56] [436/445] PUDM
[22:59:57] [437/445] PRCN
[22:59:57] [438/445] JMJR
[22:59:58] [439/445] SSGK
[22:59:59] 🔄 Identity reset
[22:59:59] 🔄 Identity rotated (every 10 requests)
[22:59:59] [440/445] SSRL
[23:00:00] [441/445] JYKL
[23:00:01] [442/445] ACNB
[23:00:02] [443/445] SONP
[23:00:03] [444/445] EMCI
[23:00:04] [445/445] MRJH
[23:00:05] 🧹 Deduping shows
[23:00:05] ✅ DONE | Shows=2803 | Movies=70
[09:12:22] 🚀 SCRIPT STARTED
[09:12:22] [1/445] TGMR
[09:12:23] 🧠 New identity created
[09:12:24] [2/445] CXKR
[09:12:24] [3/445] SROP
[09:12:25] [4/445] GTSV
[09:12:26] [5/445] SNTY
[09:12:27] [6/445] SMYY
[09:12:28] [7/445] CNCS
[09:12:29] [8/445] CSTM
[09:12:30] [9/445] NUCD
[09:12:31] [10/445] SHCZ
[09:12:31] 🔄 Identity reset
[09:12:31] 🔄 Identity rotated (every 10 requests)
[09:12:32] [11/445] NJCT
[09:12:33] [12/445] COPC
[09:12:34] [13/445] STVV
[09:12:34] [14/445] SKRN
[09:12:35] [15/445] APPZ
[09:12:36] [16/445] YMGN
[09:12:37] [17/445] SVTU
[09:12:38] [18/445] GTAD
[09:12:39] [19/445] PSUS
[09:12:40] [20/445] SMCD
[09:12:40] 🔄 Identity reset
[09:12:40] 🔄 Identity rotated (every 10 requests)
[09:12:41] [21/445] CMCM
[09:12:42] [22/445] SYCT
[09:12:43] [23/445] STLY
[09:12:44] [24/445] CMHU
[09:12:45] [25/445] CMSA
[09:12:46] [26/445] CLCU
[09:12:46] [27/445] PPNT
[09:12:47] [28/445] JTAB
[09:12:48] [29/445] BUUC
[09:12:49] [30/445] BSVK
[09:12:49] 🔄 Identity reset
[09:12:49] 🔄 Identity rotated (every 10 requests)
[09:12:49] 🔄 Retry 1/5 for BSVK in 2.9s
[09:12:49] 🔄 Identity reset
[09:12:52] 🧠 New identity created
[09:12:53] [31/445] VVVQ
[09:12:54] [32/445] TKMU
[09:12:55] [33/445] ESYL
[09:12:56] [34/445] ACHP
[09:12:57] [35/445] BTKD
[09:12:57] [36/445] DESA
[09:12:58] [37/445] GBCT
[09:12:59] [38/445] BLLD
[09:13:00] [39/445] SKNT
[09:13:00] 🔄 Identity reset
[09:13:00] 🔄 Identity rotated (every 10 requests)
[09:13:01] [40/445] SSTE
[09:13:02] [41/445] VJMR
[09:13:03] [42/445] NTPU
[09:13:04] [43/445] RDKN
[09:13:05] [44/445] ADGC
[09:13:05] [45/445] VRBP
[09:13:06] [46/445] NMNA
[09:13:07] [47/445] CMMX
[09:13:08] [48/445] PTKO
[09:13:09] [49/445] RBML
[09:13:09] 🔄 Identity reset
[09:13:09] 🔄 Identity rotated (every 10 requests)
[09:13:10] [50/445] SAIC
[09:13:11] [51/445] SVTJ
[09:13:12] [52/445] MRTE
[09:13:13] [53/445] RBTP
[09:13:14] [54/445] NLPS
[09:13:15] [55/445] GTNA
[09:13:16] [56/445] DGGC
[09:13:17] [57/445] SMCR
[09:13:18] [58/445] SCGD
[09:13:19] [59/445] SRRJ
[09:13:19] 🔄 Identity reset
[09:13:19] 🔄 Identity rotated (every 10 requests)
[09:13:20] [60/445] CNRY
[09:13:21] [61/445] KTDI
[09:13:22] [62/445] SNJL
[09:13:23] [63/445] RKMD
[09:13:25] [64/445] SMDC
[09:13:26] [65/445] TADG
[09:13:26] [66/445] MCGS
[09:13:27] [67/445] PETK
[09:13:28] [68/445] CHAG
[09:13:29] [69/445] KSTL
[09:13:29] 🔄 Identity reset
[09:13:29] 🔄 Identity rotated (every 10 requests)
[09:13:30] [70/445] AADS
[09:13:31] [71/445] NTHZ
[09:13:32] [72/445] HCKI
[09:13:34] [73/445] SSEF
[09:13:35] [74/445] MCGX
[09:13:35] [75/445] ERRA
[09:13:36] [76/445] SDTW
[09:13:37] [77/445] RMPK
[09:13:37] [78/445] PTHK
[09:13:38] [79/445] PXCS
[09:13:38] 🔄 Identity reset
[09:13:38] 🔄 Identity rotated (every 10 requests)
[09:13:39] [80/445] SVLU
[09:13:41] [81/445] STAH
[09:13:42] [82/445] JRGF
[09:13:42] [83/445] CDOK
[09:13:43] [84/445] CMSG
[09:13:44] [85/445] APTD
[09:13:45] [86/445] KMPG
[09:13:46] [87/445] MUTJ
[09:13:48] [88/445] VCCI
[09:13:50] [89/445] URBE
[09:13:50] 🔄 Identity reset
[09:13:50] 🔄 Identity rotated (every 10 requests)
[09:13:51] [90/445] TCTS
[09:13:51] [91/445] STSN
[09:13:52] [92/445] AKCH
[09:13:54] [93/445] APSC
[09:13:55] [94/445] VLTB
[09:13:56] [95/445] SANU
[09:13:57] [96/445] AXAM
[09:13:58] [97/445] MGMG
[09:13:59] [98/445] HTBY
[09:14:01] [99/445] MMZS
[09:14:01] 🔄 Identity reset
[09:14:01] 🔄 Identity rotated (every 10 requests)
[09:14:01] [100/445] SUDR
[09:14:02] [101/445] CCAD
[09:14:03] [102/445] SKKC
[09:14:04] [103/445] RMCD
[09:14:05] [104/445] SBCQ
[09:14:06] [105/445] DCCT
[09:14:07] [106/445] VTKP
[09:14:08] [107/445] MLAM
[09:14:09] [108/445] SAVT
[09:14:10] [109/445] GEPL
[09:14:10] 🔄 Identity reset
[09:14:10] 🔄 Identity rotated (every 10 requests)
[09:14:10] 🔄 Retry 1/5 for GEPL in 2.3s
[09:14:10] 🔄 Identity reset
[09:14:12] 🧠 New identity created
[09:14:14] [110/445] AMCD
[09:14:15] [111/445] CCXR
[09:14:16] [112/445] GRNG
[09:14:18] [113/445] EBCA
[09:14:19] [114/445] CNVG
[09:14:20] [115/445] MWSS
[09:14:20] [116/445] VBOR
[09:14:21] [117/445] NEEB
[09:14:22] [118/445] SUTH
[09:14:22] 🔄 Identity reset
[09:14:22] 🔄 Identity rotated (every 10 requests)
[09:14:23] [119/445] ANDB
[09:14:24] [120/445] MMXS
[09:14:26] [121/445] CNPD
[09:14:27] [122/445] SDCE
[09:14:27] [123/445] DHCB
[09:14:28] [124/445] ODEN
[09:14:29] [125/445] TNTC
[09:14:30] [126/445] VBKM
[09:14:31] [127/445] RZYM
[09:14:32] [128/445] JEMC
[09:14:32] 🔄 Identity reset
[09:14:32] 🔄 Identity rotated (every 10 requests)
[09:14:32] 🔄 Retry 1/5 for JEMC in 2.7s
[09:14:32] 🔄 Identity reset
[09:14:35] 🧠 New identity created
[09:14:36] [129/445] CMAU
[09:14:37] [130/445] SIVP
[09:14:37] [131/445] ATAG
[09:14:38] [132/445] CHTM
[09:14:39] [133/445] AAEE
[09:14:41] [134/445] IWPM
[09:14:42] [135/445] KCMW
[09:14:43] [136/445] MCTD
[09:14:44] [137/445] SPWR
[09:14:44] 🔄 Identity reset
[09:14:44] 🔄 Identity rotated (every 10 requests)
[09:14:45] [138/445] SDPO
[09:14:45] [139/445] PCSK
[09:14:46] [140/445] ACHV
[09:14:47] [141/445] SVLA
[09:14:48] [142/445] PICT
[09:14:49] [143/445] BXDR
[09:14:50] [144/445] SPWA
[09:14:51] [145/445] MCKO
[09:14:51] [146/445] RTHK
[09:14:53] [147/445] CCMF
[09:14:53] 🔄 Identity reset
[09:14:53] 🔄 Identity rotated (every 10 requests)
[09:14:54] [148/445] MRGB
[09:14:55] [149/445] CPLC
[09:14:56] [150/445] RACD
[09:14:56] [151/445] ATKT
[09:14:57] [152/445] SARN
[09:14:58] [153/445] KKUI
[09:14:59] [154/445] RGCM
[09:15:00] [155/445] BRVP
[09:15:01] [156/445] HRSR
[09:15:02] [157/445] GKGM
[09:15:02] 🔄 Identity reset
[09:15:02] 🔄 Identity rotated (every 10 requests)
[09:15:03] [158/445] TTCD
[09:15:04] [159/445] PTTI
[09:15:05] [160/445] MPTT
[09:15:06] [161/445] CVTT
[09:15:08] [162/445] PCXD
[09:15:09] [163/445] GCDC
[09:15:10] [164/445] CCCF
[09:15:10] [165/445] MRAD
[09:15:12] [166/445] CPLK
[09:15:14] [167/445] SATB
[09:15:14] 🔄 Identity reset
[09:15:14] 🔄 Identity rotated (every 10 requests)
[09:15:15] [168/445] SNVG
[09:15:15] [169/445] JMBA
[09:15:17] [170/445] TEJA
[09:15:18] [171/445] STYO
[09:15:19] [172/445] JTBP
[09:15:20] [173/445] KRGD
[09:15:21] [174/445] SLJJ
[09:15:22] [175/445] SPTJ
[09:15:23] [176/445] SWJG
[09:15:24] [177/445] LKRT
[09:15:24] 🔄 Identity reset
[09:15:24] 🔄 Identity rotated (every 10 requests)
[09:15:24] 🔄 Retry 1/5 for LKRT in 2.7s
[09:15:24] 🔄 Identity reset
[09:15:27] 🧠 New identity created
[09:15:28] [178/445] KCKA
[09:15:29] [179/445] SNCR
[09:15:29] [180/445] SMKL
[09:15:31] [181/445] GCFA
[09:15:32] [182/445] DDCK
[09:15:33] [183/445] NCHJ
[09:15:34] [184/445] RDMA
[09:15:35] [185/445] SVSV
[09:15:36] [186/445] SCJG
[09:15:36] 🔄 Identity reset
[09:15:36] 🔄 Identity rotated (every 10 requests)
[09:15:37] [187/445] VKLP
[09:15:38] [188/445] NWCC
[09:15:39] [189/445] VKNS
[09:15:40] [190/445] SDDP
[09:15:41] [191/445] ACSI
[09:15:42] [192/445] SATG
[09:15:43] [193/445] SCMW
[09:15:44] [194/445] LKTK
[09:15:45] [195/445] VCKV
[09:15:46] [196/445] KKPE
[09:15:46] 🔄 Identity reset
[09:15:46] 🔄 Identity rotated (every 10 requests)
[09:15:47] [197/445] KIGH
[09:15:48] [198/445] SRPM
[09:15:49] [199/445] SCAH
[09:15:50] [200/445] MUTA
[09:15:51] [201/445] SEPU
[09:15:52] [202/445] INOA
[09:15:53] [203/445] BASK
[09:15:54] [204/445] NECB
[09:15:55] [205/445] GTTG
[09:15:56] [206/445] ASSA
[09:15:56] 🔄 Identity reset
[09:15:56] 🔄 Identity rotated (every 10 requests)
[09:15:56] 🔄 Retry 1/5 for ASSA in 2.8s
[09:15:56] 🔄 Identity reset
[09:15:59] 🧠 New identity created
[09:16:00] [207/445] ANCL
[09:16:01] [208/445] GCTI
[09:16:01] [209/445] RCTS
[09:16:02] [210/445] ACNL
[09:16:03] [211/445] MYCT
[09:16:04] [212/445] NMHT
[09:16:05] [213/445] MDIT
[09:16:06] [214/445] LATG
[09:16:07] [215/445] SMTY
[09:16:07] 🔄 Identity reset
[09:16:07] 🔄 Identity rotated (every 10 requests)
[09:16:07] 🔄 Retry 1/5 for SMTY in 2.5s
[09:16:07] 🔄 Identity reset
[09:16:10] 🧠 New identity created
[09:16:11] [216/445] CVCT
[09:16:12] [217/445] RAMB
[09:16:13] [218/445] TGMS
[09:16:14] [219/445] BHEL
[09:16:15] [220/445] SHCT
[09:16:16] [221/445] SVCT
[09:16:17] [222/445] MRIY
[09:16:18] [223/445] SARO
[09:16:19] [224/445] STCT
[09:16:19] 🔄 Identity reset
[09:16:19] 🔄 Identity rotated (every 10 requests)
[09:16:20] [225/445] JKKC
[09:16:21] [226/445] PLTT
[09:16:22] [227/445] SRNT
[09:16:23] [228/445] YAST
[09:16:24] [229/445] PERL
[09:16:25] [230/445] CICM
[09:16:26] [231/445] MMTR
[09:16:27] [232/445] ABTK
[09:16:29] [233/445] ATYY
[09:16:29] [234/445] ASTK
[09:16:29] 🔄 Identity reset
[09:16:29] 🔄 Identity rotated (every 10 requests)
[09:16:31] [235/445] VVCK
[09:16:32] [236/445] ATKY
[09:16:33] [237/445] GWEK
[09:16:33] [238/445] SVFH
[09:16:34] [239/445] SLTA
[09:16:35] [240/445] AASH
[09:16:36] [241/445] ACXB
[09:16:37] [242/445] SMTX
[09:16:38] [243/445] AZDH
[09:16:39] [244/445] CMMH
[09:16:39] 🔄 Identity reset
[09:16:39] 🔄 Identity rotated (every 10 requests)
[09:16:40] [245/445] SCSZ
[09:16:41] [246/445] SCKP
[09:16:41] [247/445] NXTM
[09:16:42] [248/445] NWCS
[09:16:43] [249/445] CXMH
[09:16:44] [250/445] PCMA
[09:16:45] [251/445] SGCM
[09:16:46] [252/445] SDTU
[09:16:46] [253/445] MMVI
[09:16:47] [254/445] JKCM
[09:16:47] 🔄 Identity reset
[09:16:47] 🔄 Identity rotated (every 10 requests)
[09:16:48] [255/445] VCMM
[09:16:49] [256/445] SYEE
[09:16:50] [257/445] VASD
[09:16:51] [258/445] BDRB
[09:16:52] [259/445] LASM
[09:16:53] [260/445] DCRL
[09:16:54] [261/445] DVPM
[09:16:55] [262/445] SBMJ
[09:16:56] [263/445] CBMU
[09:16:57] [264/445] IUBS
[09:16:57] 🔄 Identity reset
[09:16:57] 🔄 Identity rotated (every 10 requests)
[09:16:57] 🔄 Retry 1/5 for IUBS in 3.0s
[09:16:57] 🔄 Identity reset
[09:17:00] 🧠 New identity created
[09:17:01] [265/445] INAP
[09:17:02] [266/445] SRRC
[09:17:03] [267/445] SAGR
[09:17:04] [268/445] CPMJ
[09:17:05] [269/445] ATJL
[09:17:06] [270/445] NNTD
[09:17:07] [271/445] JHCJ
[09:17:08] [272/445] CMMP
[09:17:09] [273/445] RSDR
[09:17:09] 🔄 Identity reset
[09:17:09] 🔄 Identity rotated (every 10 requests)
[09:17:10] [274/445] AMTI
[09:17:11] [275/445] NYSG
[09:17:12] [276/445] AVSG
[09:17:13] [277/445] SYTP
[09:17:14] [278/445] LARC
[09:17:15] [279/445] RJTP
[09:17:15] [280/445] LAKC
[09:17:16] [281/445] MCXE
[09:17:17] [282/445] CCZC
[09:17:19] [283/445] AVCH
[09:17:19] 🔄 Identity reset
[09:17:19] 🔄 Identity rotated (every 10 requests)
[09:17:20] [284/445] CMBE
[09:17:21] [285/445] MRRC
[09:17:22] [286/445] PCPY
[09:17:22] [287/445] SRMH
[09:17:23] [288/445] SVGS
[09:17:24] [289/445] PCSE
[09:17:25] [290/445] SVFT
[09:17:26] [291/445] TNZP
[09:17:27] [292/445] ICTP
[09:17:28] [293/445] ACTZ
[09:17:28] 🔄 Identity reset
[09:17:28] 🔄 Identity rotated (every 10 requests)
[09:17:29] [294/445] GTUR
[09:17:30] [295/445] MAFC
[09:17:31] [296/445] MINL
[09:17:32] [297/445] MRCL
[09:17:33] [298/445] RCRP
[09:17:34] [299/445] RFFG
[09:17:35] [300/445] RMAS
[09:17:36] [301/445] INVR
[09:17:37] [302/445] RMAR
[09:17:38] [303/445] CNIS
[09:17:38] 🔄 Identity reset
[09:17:38] 🔄 Identity rotated (every 10 requests)
[09:17:39] [304/445] RHRJ
[09:17:40] [305/445] INXR
[09:17:41] [306/445] VALT
[09:17:42] [307/445] LCSH
[09:17:43] [308/445] CMVS
[09:17:44] [309/445] CNMS
[09:17:45] [310/445] ROOG
[09:17:46] [311/445] ISRM
[09:17:47] [312/445] RCRM
[09:17:48] [313/445] ACJA
[09:17:48] 🔄 Identity reset
[09:17:48] 🔄 Identity rotated (every 10 requests)
[09:17:49] [314/445] RCVS
[09:17:50] [315/445] CPUS
[09:17:50] [316/445] TGCS
[09:17:52] [317/445] RKCJ
[09:17:53] [318/445] MKSB
[09:17:53] [319/445] TCSJ
[09:17:54] [320/445] RMGP
[09:17:55] [321/445] CLLP
[09:17:56] [322/445] RCMV
[09:17:57] [323/445] CCKS
[09:17:57] 🔄 Identity reset
[09:17:57] 🔄 Identity rotated (every 10 requests)
[09:17:58] [324/445] RSRP
[09:17:59] [325/445] APLP
[09:18:00] [326/445] CNVS
[09:18:01] [327/445] RMVY
[09:18:02] [328/445] PGBD
[09:18:03] [329/445] KLMS
[09:18:04] [330/445] RUST
[09:18:05] [331/445] MASM
[09:18:06] [332/445] BACS
[09:18:07] [333/445] BWST
[09:18:07] 🔄 Identity reset
[09:18:07] 🔄 Identity rotated (every 10 requests)
[09:18:08] [334/445] RRFH
[09:18:09] [335/445] SJTM
[09:18:10] [336/445] BEMR
[09:18:11] [337/445] MCGR
[09:18:12] [338/445] SDSK
[09:18:13] [339/445] VBOL
[09:18:14] [340/445] RMGM
[09:18:15] [341/445] NOPL
[09:18:17] [342/445] MKJK
[09:18:18] [343/445] CVRN
[09:18:18] 🔄 Identity reset
[09:18:18] 🔄 Identity rotated (every 10 requests)
[09:18:19] [344/445] MMEN
[09:18:19] [345/445] AMNG
[09:18:20] [346/445] INTM
[09:18:21] [347/445] SLCZ
[09:18:22] [348/445] AMJN
[09:18:23] [349/445] ACJN
[09:18:25] [350/445] AMKN
[09:18:25] [351/445] BTCN
[09:18:27] [352/445] AMBT
[09:18:28] [353/445] PACN
[09:18:28] 🔄 Identity reset
[09:18:28] 🔄 Identity rotated (every 10 requests)
[09:18:28] 🔄 Retry 1/5 for PACN in 2.7s
[09:18:28] 🔄 Identity reset
[09:18:30] 🧠 New identity created
[09:18:32] [354/445] LCNS
[09:18:33] [355/445] PPKC
[09:18:34] [356/445] JYYN
[09:18:35] [357/445] JTNR
[09:18:36] [358/445] GTEE
[09:18:37] [359/445] SRNM
[09:18:38] [360/445] SDTC
[09:18:39] [361/445] VPCA
[09:18:40] [362/445] VLRA
[09:18:40] 🔄 Identity reset
[09:18:40] 🔄 Identity rotated (every 10 requests)
[09:18:41] [363/445] SHKR
[09:18:42] [364/445] SBKD
[09:18:43] [365/445] SAAD
[09:18:44] [366/445] JTGN
[09:18:45] [367/445] SLAM
[09:18:46] [368/445] VTPM
[09:18:48] [369/445] ANPT
[09:18:49] [370/445] PUNB
[09:18:50] [371/445] CPKT
[09:18:51] [372/445] CNWE
[09:18:51] 🔄 Identity reset
[09:18:51] 🔄 Identity rotated (every 10 requests)
[09:18:52] [373/445] ECPP
[09:18:53] [374/445] CPAR
[09:18:54] [375/445] ESBW
[09:18:55] [376/445] PKPU
[09:18:56] [377/445] CPRP
[09:18:57] [378/445] RAHU
[09:18:58] [379/445] RHMN
[09:18:59] [380/445] FMJP
[09:19:00] [381/445] CTMP
[09:19:01] [382/445] INPN
[09:19:01] 🔄 Identity reset
[09:19:01] 🔄 Identity rotated (every 10 requests)
[09:19:02] [383/445] STTG
[09:19:02] [384/445] CTRD
[09:19:03] [385/445] PUVB
[09:19:04] [386/445] ESVP
[09:19:05] [387/445] CPFT
[09:19:07] [388/445] LCPC
[09:19:08] [389/445] VBCT
[09:19:08] [390/445] FSCW
[09:19:09] [391/445] VCMP
[09:19:10] [392/445] ASHC
[09:19:10] 🔄 Identity reset
[09:19:10] 🔄 Identity rotated (every 10 requests)
[09:19:10] 🔄 Retry 1/5 for ASHC in 2.6s
[09:19:10] 🔄 Identity reset
[09:19:13] 🧠 New identity created
[09:19:14] [393/445] VLCX
[09:19:15] [394/445] SHEV
[09:19:16] [395/445] APCO
[09:19:17] [396/445] SILC
[09:19:18] [397/445] SNMR
[09:19:19] [398/445] KYBO
[09:19:20] [399/445] SATK
[09:19:21] [400/445] SSCS
[09:19:22] [401/445] CLSB
[09:19:22] 🔄 Identity reset
[09:19:22] 🔄 Identity rotated (every 10 requests)
[09:19:22] 🔄 Retry 1/5 for CLSB in 2.8s
[09:19:22] 🔄 Identity reset
[09:19:25] 🧠 New identity created
[09:19:26] [402/445] KMJR
[09:19:27] [403/445] FSCK
[09:19:28] [404/445] NNKA
[09:19:29] [405/445] CLMK
[09:19:31] [406/445] DMPZ
[09:19:32] [407/445] INQM
[09:19:33] [408/445] CAML
[09:19:34] [409/445] INRK
[09:19:36] [410/445] IMKN
[09:19:36] 🔄 Identity reset
[09:19:36] 🔄 Identity rotated (every 10 requests)
[09:19:37] [411/445] SVNR
[09:19:38] [412/445] INSL
[09:19:39] [413/445] MSMA
[09:19:40] [414/445] MCKK
[09:19:41] [415/445] FCHP
[09:19:42] [416/445] SFCR
[09:19:44] [417/445] NACK
[09:19:44] [418/445] PVAK
[09:19:46] [419/445] INER
[09:19:46] [420/445] RDBK
[09:19:46] 🔄 Identity reset
[09:19:46] 🔄 Identity rotated (every 10 requests)
[09:19:46] 🔄 Retry 1/5 for RDBK in 2.4s
[09:19:46] 🔄 Identity reset
[09:19:49] 🧠 New identity created
[09:19:50] [421/445] SVFN
[09:19:51] [422/445] IFRM
[09:19:52] [423/445] ATCK
[09:19:53] [424/445] ASKO
[09:19:54] [425/445] STKT
[09:19:54] [426/445] SVFB
[09:19:55] [427/445] INKS
[09:19:57] [428/445] PCRA
[09:19:58] [429/445] ATJA
[09:19:58] 🔄 Identity reset
[09:19:58] 🔄 Identity rotated (every 10 requests)
[09:19:59] [430/445] IMJN
[09:20:00] [431/445] INHD
[09:20:01] [432/445] BARA
[09:20:02] [433/445] MCSL
[09:20:03] [434/445] RTOY
[09:20:04] [435/445] MENO
[09:20:04] [436/445] PUDM
[09:20:05] [437/445] PRCN
[09:20:06] [438/445] JMJR
[09:20:07] [439/445] SSGK
[09:20:07] 🔄 Identity reset
[09:20:07] 🔄 Identity rotated (every 10 requests)
[09:20:09] [440/445] SSRL
[09:20:09] [441/445] JYKL
[09:20:10] [442/445] ACNB
[09:20:12] [443/445] SONP
[09:20:13] [444/445] EMCI
[09:20:14] [445/445] MRJH
[09:20:15] 🧹 Deduping shows
[09:20:15] ✅ DONE | Shows=2883 | Movies=70
[12:44:03] 🚀 SCRIPT STARTED
[12:44:03] [1/445] TGMR
[12:44:03] 🧠 New identity created
[12:44:04] [2/445] CXKR
[12:44:05] [3/445] SROP
[12:44:06] [4/445] GTSV
[12:44:07] [5/445] SNTY
[12:44:08] [6/445] SMYY
[12:44:09] [7/445] CNCS
[12:44:10] [8/445] CSTM
[12:44:11] [9/445] NUCD
[12:44:12] [10/445] SHCZ
[12:44:12] 🔄 Identity reset
[12:44:12] 🔄 Identity rotated (every 10 requests)
[12:44:12] 🔄 Retry 1/5 for SHCZ in 2.5s
[12:44:12] 🔄 Identity reset
[12:44:15] 🧠 New identity created
[12:44:16] [11/445] NJCT
[12:44:17] [12/445] COPC
[12:44:18] [13/445] STVV
[12:44:19] [14/445] SKRN
[12:44:20] [15/445] APPZ
[12:44:22] [16/445] YMGN
[12:44:23] [17/445] SVTU
[12:44:24] [18/445] GTAD
[12:44:25] [19/445] PSUS
[12:44:25] 🔄 Identity reset
[12:44:25] 🔄 Identity rotated (every 10 requests)
[12:44:26] [20/445] SMCD
[12:44:27] [21/445] CMCM
[12:44:28] [22/445] SYCT
[12:44:29] [23/445] STLY
[12:44:30] [24/445] CMHU
[12:44:31] [25/445] CMSA
[12:44:32] [26/445] CLCU
[12:44:33] [27/445] PPNT
[12:44:34] [28/445] JTAB
[12:44:34] [29/445] BUUC
[12:44:34] 🔄 Identity reset
[12:44:34] 🔄 Identity rotated (every 10 requests)
[12:44:35] [30/445] BSVK
[12:44:36] [31/445] VVVQ
[12:44:38] [32/445] TKMU
[12:44:39] [33/445] ESYL
[12:44:41] [34/445] ACHP
[12:44:42] [35/445] BTKD
[12:44:43] [36/445] DESA
[12:44:44] [37/445] GBCT
[12:44:44] [38/445] BLLD
[12:44:45] [39/445] SKNT
[12:44:45] 🔄 Identity reset
[12:44:45] 🔄 Identity rotated (every 10 requests)
[12:44:46] [40/445] SSTE
[12:44:47] [41/445] VJMR
[12:44:48] [42/445] NTPU
[12:44:50] [43/445] RDKN
[12:44:51] [44/445] ADGC
[12:44:52] [45/445] VRBP
[12:44:53] [46/445] NMNA
[12:44:55] [47/445] CMMX
[12:44:56] [48/445] PTKO
[12:44:57] [49/445] RBML
[12:44:57] 🔄 Identity reset
[12:44:57] 🔄 Identity rotated (every 10 requests)
[12:44:57] 🔄 Retry 1/5 for RBML in 2.6s
[12:44:57] 🔄 Identity reset
[12:44:59] 🧠 New identity created
[12:45:00] [50/445] SAIC
[12:45:01] [51/445] SVTJ
[12:45:02] [52/445] MRTE
[12:45:03] [53/445] RBTP
[12:45:04] [54/445] NLPS
[12:45:05] [55/445] GTNA
[12:45:06] [56/445] DGGC
[12:45:07] [57/445] SMCR
[12:45:08] [58/445] SCGD
[12:45:08] 🔄 Identity reset
[12:45:08] 🔄 Identity rotated (every 10 requests)
[12:45:08] 🔄 Retry 1/5 for SCGD in 2.3s
[12:45:08] 🔄 Identity reset
[12:45:11] 🧠 New identity created
[12:45:11] [59/445] SRRJ
[12:45:12] [60/445] CNRY
[12:45:13] [61/445] KTDI
[12:45:14] [62/445] SNJL
[12:45:15] [63/445] RKMD
[12:45:16] [64/445] SMDC
[12:45:17] [65/445] TADG
[12:45:19] [66/445] MCGS
[12:45:20] [67/445] PETK
[12:45:20] 🔄 Identity reset
[12:45:20] 🔄 Identity rotated (every 10 requests)
[12:45:20] 🔄 Retry 1/5 for PETK in 2.8s
[12:45:20] 🔄 Identity reset
[12:45:23] 🧠 New identity created
[12:45:24] [68/445] CHAG
[12:45:24] [69/445] KSTL
[12:45:25] [70/445] AADS
[12:45:26] [71/445] NTHZ
[12:45:27] [72/445] HCKI
[12:45:28] [73/445] SSEF
[12:45:29] [74/445] MCGX
[12:45:30] [75/445] ERRA
[12:45:31] [76/445] SDTW
[12:45:31] 🔄 Identity reset
[12:45:31] 🔄 Identity rotated (every 10 requests)
[12:45:31] 🔄 Retry 1/5 for SDTW in 2.4s
[12:45:31] 🔄 Identity reset
[12:45:34] 🧠 New identity created
[12:45:35] [77/445] RMPK
[12:45:35] [78/445] PTHK
[12:45:36] [79/445] PXCS
[12:45:37] [80/445] SVLU
[12:45:38] [81/445] STAH
[12:45:39] [82/445] JRGF
[12:45:40] [83/445] CDOK
[12:45:41] [84/445] CMSG
[12:45:42] [85/445] APTD
[12:45:42] 🔄 Identity reset
[12:45:42] 🔄 Identity rotated (every 10 requests)
[12:45:43] [86/445] KMPG
[12:45:45] [87/445] MUTJ
[12:45:45] [88/445] VCCI
[12:45:46] [89/445] URBE
[12:45:47] [90/445] TCTS
[12:45:49] [91/445] STSN
[12:45:49] [92/445] AKCH
[12:45:51] [93/445] APSC
[12:45:52] [94/445] VLTB
[12:45:53] [95/445] SANU
[12:45:53] 🔄 Identity reset
[12:45:53] 🔄 Identity rotated (every 10 requests)
[12:45:53] 🔄 Retry 1/5 for SANU in 2.1s
[12:45:53] 🔄 Identity reset
[12:45:55] 🧠 New identity created
[12:45:56] [96/445] AXAM
[12:45:57] [97/445] MGMG
[12:45:58] [98/445] HTBY
[12:45:59] [99/445] MMZS
[12:46:00] [100/445] SUDR
[12:46:01] [101/445] CCAD
[12:46:02] [102/445] SKKC
[12:46:03] [103/445] RMCD
[12:46:04] [104/445] SBCQ
[12:46:04] 🔄 Identity reset
[12:46:04] 🔄 Identity rotated (every 10 requests)
[12:46:05] [105/445] DCCT
[12:46:06] [106/445] VTKP
[12:46:07] [107/445] MLAM
[12:46:08] [108/445] SAVT
[12:46:09] [109/445] GEPL
[12:46:10] [110/445] AMCD
[12:46:11] [111/445] CCXR
[12:46:12] [112/445] GRNG
[12:46:13] [113/445] EBCA
[12:46:14] [114/445] CNVG
[12:46:14] 🔄 Identity reset
[12:46:14] 🔄 Identity rotated (every 10 requests)
[12:46:15] [115/445] MWSS
[12:46:16] [116/445] VBOR
[12:46:17] [117/445] NEEB
[12:46:18] [118/445] SUTH
[12:46:20] [119/445] ANDB
[12:46:21] [120/445] MMXS
[12:46:22] [121/445] CNPD
[12:46:23] [122/445] SDCE
[12:46:24] [123/445] DHCB
[12:46:25] [124/445] ODEN
[12:46:25] 🔄 Identity reset
[12:46:25] 🔄 Identity rotated (every 10 requests)
[12:46:26] [125/445] TNTC
[12:46:27] [126/445] VBKM
[12:46:29] [127/445] RZYM
[12:46:31] [128/445] JEMC
[12:46:32] [129/445] CMAU
[12:46:33] [130/445] SIVP
[12:46:34] [131/445] ATAG
[12:46:35] [132/445] CHTM
[12:46:36] [133/445] AAEE
[12:46:36] [134/445] IWPM
[12:46:36] 🔄 Identity reset
[12:46:37] 🔄 Identity rotated (every 10 requests)
[12:46:38] [135/445] KCMW
[12:46:39] [136/445] MCTD
[12:46:40] [137/445] SPWR
[12:46:41] [138/445] SDPO
[12:46:42] [139/445] PCSK
[12:46:43] [140/445] ACHV
[12:46:44] [141/445] SVLA
[12:46:45] [142/445] PICT
[12:46:46] [143/445] BXDR
[12:46:47] [144/445] SPWA
[12:46:47] 🔄 Identity reset
[12:46:47] 🔄 Identity rotated (every 10 requests)
[12:46:48] [145/445] MCKO
[12:46:49] [146/445] RTHK
[12:46:50] [147/445] CCMF
[12:46:52] [148/445] MRGB
[12:46:52] [149/445] CPLC
[12:46:54] [150/445] RACD
[12:46:54] [151/445] ATKT
[12:46:56] [152/445] SARN
[12:46:57] [153/445] KKUI
[12:46:59] [154/445] RGCM
[12:46:59] 🔄 Identity reset
[12:46:59] 🔄 Identity rotated (every 10 requests)
[12:47:00] [155/445] BRVP
[12:47:01] [156/445] HRSR
[12:47:02] [157/445] GKGM
[12:47:03] [158/445] TTCD
[12:47:04] [159/445] PTTI
[12:47:05] [160/445] MPTT
[12:47:06] [161/445] CVTT
[12:47:07] [162/445] PCXD
[12:47:08] [163/445] GCDC
[12:47:09] [164/445] CCCF
[12:47:09] 🔄 Identity reset
[12:47:09] 🔄 Identity rotated (every 10 requests)
[12:47:10] [165/445] MRAD
[12:47:11] [166/445] CPLK
[12:47:12] [167/445] SATB
[12:47:13] [168/445] SNVG
[12:47:14] [169/445] JMBA
[12:47:15] [170/445] TEJA
[12:47:16] [171/445] STYO
[12:47:17] [172/445] JTBP
[12:47:18] [173/445] KRGD
[12:47:19] [174/445] SLJJ
[12:47:19] 🔄 Identity reset
[12:47:19] 🔄 Identity rotated (every 10 requests)
[12:47:20] [175/445] SPTJ
[12:47:21] [176/445] SWJG
[12:47:22] [177/445] LKRT
[12:47:23] [178/445] KCKA
[12:47:24] [179/445] SNCR
[12:47:25] [180/445] SMKL
[12:47:26] [181/445] GCFA
[12:47:27] [182/445] DDCK
[12:47:28] [183/445] NCHJ
[12:47:29] [184/445] RDMA
[12:47:29] 🔄 Identity reset
[12:47:29] 🔄 Identity rotated (every 10 requests)
[12:47:29] 🔄 Retry 1/5 for RDMA in 2.2s
[12:47:29] 🔄 Identity reset
[12:47:32] 🧠 New identity created
[12:47:32] 🔄 Retry 2/5 for RDMA in 4.8s
[12:47:32] 🔄 Identity reset
[12:47:37] 🧠 New identity created
[12:47:38] [185/445] SVSV
[12:47:38] [186/445] SCJG
[12:47:40] [187/445] VKLP
[12:47:41] [188/445] NWCC
[12:47:42] [189/445] VKNS
[12:47:43] [190/445] SDDP
[12:47:44] [191/445] ACSI
[12:47:46] [192/445] SATG
[12:47:46] 🔄 Identity reset
[12:47:46] 🔄 Identity rotated (every 10 requests)
[12:47:46] 🔄 Retry 1/5 for SATG in 2.6s
[12:47:46] 🔄 Identity reset
[12:47:48] 🧠 New identity created
[12:47:49] [193/445] SCMW
[12:47:50] [194/445] LKTK
[12:47:51] [195/445] VCKV
[12:47:52] [196/445] KKPE
[12:47:53] [197/445] KIGH
[12:47:54] [198/445] SRPM
[12:47:55] [199/445] SCAH
[12:47:56] [200/445] MUTA
[12:47:57] [201/445] SEPU
[12:47:57] 🔄 Identity reset
[12:47:57] 🔄 Identity rotated (every 10 requests)
[12:47:57] 🔄 Retry 1/5 for SEPU in 2.7s
[12:47:57] 🔄 Identity reset
[12:48:00] 🧠 New identity created
[12:48:01] [202/445] INOA
[12:48:02] [203/445] BASK
[12:48:03] [204/445] NECB
[12:48:04] [205/445] GTTG
[12:48:04] [206/445] ASSA
[12:48:05] [207/445] ANCL
[12:48:06] [208/445] GCTI
[12:48:07] [209/445] RCTS
[12:48:09] [210/445] ACNL
[12:48:09] 🔄 Identity reset
[12:48:09] 🔄 Identity rotated (every 10 requests)
[12:48:10] [211/445] MYCT
[12:48:11] [212/445] NMHT
[12:48:12] [213/445] MDIT
[12:48:13] [214/445] LATG
[12:48:14] [215/445] SMTY
[12:48:15] [216/445] CVCT
[12:48:16] [217/445] RAMB
[12:48:17] [218/445] TGMS
[12:48:18] [219/445] BHEL
[12:48:19] [220/445] SHCT
[12:48:19] 🔄 Identity reset
[12:48:19] 🔄 Identity rotated (every 10 requests)
[12:48:20] [221/445] SVCT
[12:48:21] [222/445] MRIY
[12:48:22] [223/445] SARO
[12:48:23] [224/445] STCT
[12:48:24] [225/445] JKKC
[12:48:26] [226/445] PLTT
[12:48:27] [227/445] SRNT
[12:48:28] [228/445] YAST
[12:48:29] [229/445] PERL
[12:48:31] [230/445] CICM
[12:48:31] 🔄 Identity reset
[12:48:31] 🔄 Identity rotated (every 10 requests)
[12:48:31] 🔄 Retry 1/5 for CICM in 2.1s
[12:48:31] 🔄 Identity reset
[12:48:33] 🧠 New identity created
[12:48:34] [231/445] MMTR
[12:48:35] [232/445] ABTK
[12:48:36] [233/445] ATYY
[12:48:37] [234/445] ASTK
[12:48:39] [235/445] VVCK
[12:48:40] [236/445] ATKY
[12:48:41] [237/445] GWEK
[12:48:42] [238/445] SVFH
[12:48:43] [239/445] SLTA
[12:48:43] 🔄 Identity reset
[12:48:43] 🔄 Identity rotated (every 10 requests)
[12:48:45] [240/445] AASH
[12:48:46] [241/445] ACXB
[12:48:47] [242/445] SMTX
[12:48:48] [243/445] AZDH
[12:48:49] [244/445] CMMH
[12:48:50] [245/445] SCSZ
[12:48:51] [246/445] SCKP
[12:48:53] [247/445] NXTM
[12:48:54] [248/445] NWCS
[12:48:54] [249/445] CXMH
[12:48:54] 🔄 Identity reset
[12:48:54] 🔄 Identity rotated (every 10 requests)
[12:48:55] [250/445] PCMA
[12:48:56] [251/445] SGCM
[12:48:57] [252/445] SDTU
[12:48:58] [253/445] MMVI
[12:48:59] [254/445] JKCM
[12:49:00] [255/445] VCMM
[12:49:01] [256/445] SYEE
[12:49:02] [257/445] VASD
[12:49:03] [258/445] BDRB
[12:49:05] [259/445] LASM
[12:49:05] 🔄 Identity reset
[12:49:05] 🔄 Identity rotated (every 10 requests)
[12:49:07] [260/445] DCRL
[12:49:08] [261/445] DVPM
[12:49:09] [262/445] SBMJ
[12:49:11] [263/445] CBMU
[12:49:12] [264/445] IUBS
[12:49:13] [265/445] INAP
[12:49:14] [266/445] SRRC
[12:49:15] [267/445] SAGR
[12:49:16] [268/445] CPMJ
[12:49:17] [269/445] ATJL
[12:49:17] 🔄 Identity reset
[12:49:17] 🔄 Identity rotated (every 10 requests)
[12:49:18] [270/445] NNTD
[12:49:19] [271/445] JHCJ
[12:49:20] [272/445] CMMP
[12:49:21] [273/445] RSDR
[12:49:22] [274/445] AMTI
[12:49:23] [275/445] NYSG
[12:49:24] [276/445] AVSG
[12:49:25] [277/445] SYTP
[12:49:26] [278/445] LARC
[12:49:27] [279/445] RJTP
[12:49:27] 🔄 Identity reset
[12:49:27] 🔄 Identity rotated (every 10 requests)
[12:49:28] [280/445] LAKC
[12:49:29] [281/445] MCXE
[12:49:30] [282/445] CCZC
[12:49:31] [283/445] AVCH
[12:49:32] [284/445] CMBE
[12:49:33] [285/445] MRRC
[12:49:35] [286/445] PCPY
[12:49:35] [287/445] SRMH
[12:49:36] [288/445] SVGS
[12:49:37] [289/445] PCSE
[12:49:37] 🔄 Identity reset
[12:49:37] 🔄 Identity rotated (every 10 requests)
[12:49:38] [290/445] SVFT
[12:49:39] [291/445] TNZP
[12:49:40] [292/445] ICTP
[12:49:41] [293/445] ACTZ
[12:49:42] [294/445] GTUR
[12:49:43] [295/445] MAFC
[12:49:44] [296/445] MINL
[12:49:45] [297/445] MRCL
[12:49:46] [298/445] RCRP
[12:49:47] [299/445] RFFG
[12:49:47] 🔄 Identity reset
[12:49:47] 🔄 Identity rotated (every 10 requests)
[12:49:48] [300/445] RMAS
[12:49:49] [301/445] INVR
[12:49:50] [302/445] RMAR
[12:49:51] [303/445] CNIS
[12:49:52] [304/445] RHRJ
[12:49:53] [305/445] INXR
[12:49:54] [306/445] VALT
[12:49:55] [307/445] LCSH
[12:49:56] [308/445] CMVS
[12:49:58] [309/445] CNMS
[12:49:58] 🔄 Identity reset
[12:49:58] 🔄 Identity rotated (every 10 requests)
[12:49:58] 🔄 Retry 1/5 for CNMS in 2.4s
[12:49:58] 🔄 Identity reset
[12:50:00] 🧠 New identity created
[12:50:00] 🔄 Retry 2/5 for CNMS in 4.7s
[12:50:00] 🔄 Identity reset
[12:50:05] 🧠 New identity created
[12:50:06] [310/445] ROOG
[12:50:07] [311/445] ISRM
[12:50:07] [312/445] RCRM
[12:50:09] [313/445] ACJA
[12:50:10] [314/445] RCVS
[12:50:11] [315/445] CPUS
[12:50:12] [316/445] TGCS
[12:50:13] [317/445] RKCJ
[12:50:13] 🔄 Identity reset
[12:50:13] 🔄 Identity rotated (every 10 requests)
[12:50:14] [318/445] MKSB
[12:50:15] [319/445] TCSJ
[12:50:16] [320/445] RMGP
[12:50:16] [321/445] CLLP
[12:50:18] [322/445] RCMV
[12:50:19] [323/445] CCKS
[12:50:20] [324/445] RSRP
[12:50:21] [325/445] APLP
[12:50:22] [326/445] CNVS
[12:50:23] [327/445] RMVY
[12:50:23] 🔄 Identity reset
[12:50:23] 🔄 Identity rotated (every 10 requests)
[12:50:24] [328/445] PGBD
[12:50:25] [329/445] KLMS
[12:50:26] [330/445] RUST
[12:50:27] [331/445] MASM
[12:50:28] [332/445] BACS
[12:50:29] [333/445] BWST
[12:50:30] [334/445] RRFH
[12:50:31] [335/445] SJTM
[12:50:32] [336/445] BEMR
[12:50:33] [337/445] MCGR
[12:50:33] 🔄 Identity reset
[12:50:33] 🔄 Identity rotated (every 10 requests)
[12:50:34] [338/445] SDSK
[12:50:35] [339/445] VBOL
[12:50:36] [340/445] RMGM
[12:50:37] [341/445] NOPL
[12:50:38] [342/445] MKJK
[12:50:39] [343/445] CVRN
[12:50:40] [344/445] MMEN
[12:50:41] [345/445] AMNG
[12:50:42] [346/445] INTM
[12:50:43] [347/445] SLCZ
[12:50:43] 🔄 Identity reset
[12:50:43] 🔄 Identity rotated (every 10 requests)
[12:50:44] 🔄 Retry 1/5 for SLCZ in 2.2s
[12:50:44] 🔄 Identity reset
[12:50:46] 🧠 New identity created
[12:50:47] [348/445] AMJN
[12:50:48] [349/445] ACJN
[12:50:49] [350/445] AMKN
[12:50:50] [351/445] BTCN
[12:50:51] [352/445] AMBT
[12:50:52] [353/445] PACN
[12:50:53] [354/445] LCNS
[12:50:54] [355/445] PPKC
[12:50:55] [356/445] JYYN
[12:50:55] 🔄 Identity reset
[12:50:55] 🔄 Identity rotated (every 10 requests)
[12:50:55] 🔄 Retry 1/5 for JYYN in 2.2s
[12:50:55] 🔄 Identity reset
[12:50:58] 🧠 New identity created
[12:50:58] 🔄 Retry 2/5 for JYYN in 4.3s
[12:50:58] 🔄 Identity reset
[12:51:02] 🧠 New identity created
[12:51:03] [357/445] JTNR
[12:51:04] [358/445] GTEE
[12:51:05] [359/445] SRNM
[12:51:06] [360/445] SDTC
[12:51:07] [361/445] VPCA
[12:51:08] [362/445] VLRA
[12:51:09] [363/445] SHKR
[12:51:10] [364/445] SBKD
[12:51:10] 🔄 Identity reset
[12:51:10] 🔄 Identity rotated (every 10 requests)
[12:51:11] [365/445] SAAD
[12:51:12] [366/445] JTGN
[12:51:13] [367/445] SLAM
[12:51:14] [368/445] VTPM
[12:51:15] [369/445] ANPT
[12:51:16] [370/445] PUNB
[12:51:17] [371/445] CPKT
[12:51:18] [372/445] CNWE
[12:51:19] [373/445] ECPP
[12:51:20] [374/445] CPAR
[12:51:20] 🔄 Identity reset
[12:51:20] 🔄 Identity rotated (every 10 requests)
[12:51:21] [375/445] ESBW
[12:51:22] [376/445] PKPU
[12:51:23] [377/445] CPRP
[12:51:24] [378/445] RAHU
[12:51:25] [379/445] RHMN
[12:51:26] [380/445] FMJP
[12:51:27] [381/445] CTMP
[12:51:28] [382/445] INPN
[12:51:28] [383/445] STTG
[12:51:30] [384/445] CTRD
[12:51:30] 🔄 Identity reset
[12:51:30] 🔄 Identity rotated (every 10 requests)
[12:51:31] [385/445] PUVB
[12:51:32] [386/445] ESVP
[12:51:33] [387/445] CPFT
[12:51:34] [388/445] LCPC
[12:51:35] [389/445] VBCT
[12:51:35] [390/445] FSCW
[12:51:36] [391/445] VCMP
[12:51:37] [392/445] ASHC
[12:51:38] [393/445] VLCX
[12:51:39] [394/445] SHEV
[12:51:39] 🔄 Identity reset
[12:51:39] 🔄 Identity rotated (every 10 requests)
[12:51:40] [395/445] APCO
[12:51:42] [396/445] SILC
[12:51:43] [397/445] SNMR
[12:51:44] [398/445] KYBO
[12:51:45] [399/445] SATK
[12:51:46] [400/445] SSCS
[12:51:47] [401/445] CLSB
[12:51:48] [402/445] KMJR
[12:51:49] [403/445] FSCK
[12:51:50] [404/445] NNKA
[12:51:50] 🔄 Identity reset
[12:51:50] 🔄 Identity rotated (every 10 requests)
[12:51:50] 🔄 Retry 1/5 for NNKA in 2.4s
[12:51:50] 🔄 Identity reset
[12:51:53] 🧠 New identity created
[12:51:53] [405/445] CLMK
[12:51:54] [406/445] DMPZ
[12:51:55] [407/445] INQM
[12:51:56] [408/445] CAML
[12:51:57] [409/445] INRK
[12:51:58] [410/445] IMKN
[12:52:00] [411/445] SVNR
[12:52:00] [412/445] INSL
[12:52:02] [413/445] MSMA
[12:52:02] 🔄 Identity reset
[12:52:02] 🔄 Identity rotated (every 10 requests)
[12:52:03] [414/445] MCKK
[12:52:04] [415/445] FCHP
[12:52:05] [416/445] SFCR
[12:52:07] [417/445] NACK
[12:52:08] [418/445] PVAK
[12:52:09] [419/445] INER
[12:52:10] [420/445] RDBK
[12:52:11] [421/445] SVFN
[12:52:13] [422/445] IFRM
[12:52:14] [423/445] ATCK
[12:52:14] 🔄 Identity reset
[12:52:14] 🔄 Identity rotated (every 10 requests)
[12:52:16] [424/445] ASKO
[12:52:17] [425/445] STKT
[12:52:18] [426/445] SVFB
[12:52:19] [427/445] INKS
[12:52:20] [428/445] PCRA
[12:52:21] [429/445] ATJA
[12:52:21] [430/445] IMJN
[12:52:22] [431/445] INHD
[12:52:23] [432/445] BARA
[12:52:24] [433/445] MCSL
[12:52:24] 🔄 Identity reset
[12:52:24] 🔄 Identity rotated (every 10 requests)
[12:52:26] [434/445] RTOY
[12:52:27] [435/445] MENO
[12:52:28] [436/445] PUDM
[12:52:28] [437/445] PRCN
[12:52:29] [438/445] JMJR
[12:52:30] [439/445] SSGK
[12:52:31] [440/445] SSRL
[12:52:32] [441/445] JYKL
[12:52:33] [442/445] ACNB
[12:52:34] [443/445] SONP
[12:52:34] 🔄 Identity reset
[12:52:34] 🔄 Identity rotated (every 10 requests)
[12:52:35] [444/445] EMCI
[12:52:36] [445/445] MRJH
[12:52:37] 🧹 Deduping shows
[12:52:37] ✅ DONE | Shows=3005 | Movies=76
[16:09:33] 🚀 SCRIPT STARTED
[16:09:33] [1/445] TGMR
[16:09:33] 🧠 New identity created
[16:09:34] [2/445] CXKR
[16:09:35] [3/445] SROP
[16:09:35] [4/445] GTSV
[16:09:36] [5/445] SNTY
[16:09:37] [6/445] SMYY
[16:09:38] [7/445] CNCS
[16:09:39] [8/445] CSTM
[16:09:39] [9/445] NUCD
[16:09:40] [10/445] SHCZ
[16:09:40] 🔄 Identity reset
[16:09:40] 🔄 Identity rotated (every 10 requests)
[16:09:40] 🔄 Retry 1/5 for SHCZ in 2.7s
[16:09:40] 🔄 Identity reset
[16:09:43] 🧠 New identity created
[16:09:44] [11/445] NJCT
[16:09:44] [12/445] COPC
[16:09:45] [13/445] STVV
[16:09:46] [14/445] SKRN
[16:09:47] [15/445] APPZ
[16:09:48] [16/445] YMGN
[16:09:49] [17/445] SVTU
[16:09:50] [18/445] GTAD
[16:09:52] [19/445] PSUS
[16:09:52] 🔄 Identity reset
[16:09:52] 🔄 Identity rotated (every 10 requests)
[16:09:53] [20/445] SMCD
[16:09:53] [21/445] CMCM
[16:09:54] [22/445] SYCT
[16:09:55] [23/445] STLY
[16:09:56] [24/445] CMHU
[16:09:57] [25/445] CMSA
[16:09:58] [26/445] CLCU
[16:09:58] [27/445] PPNT
[16:09:59] [28/445] JTAB
[16:10:00] [29/445] BUUC
[16:10:00] 🔄 Identity reset
[16:10:00] 🔄 Identity rotated (every 10 requests)
[16:10:00] [30/445] BSVK
[16:10:01] [31/445] VVVQ
[16:10:02] [32/445] TKMU
[16:10:04] [33/445] ESYL
[16:10:05] [34/445] ACHP
[16:10:05] [35/445] BTKD
[16:10:06] [36/445] DESA
[16:10:07] [37/445] GBCT
[16:10:08] [38/445] BLLD
[16:10:08] [39/445] SKNT
[16:10:08] 🔄 Identity reset
[16:10:08] 🔄 Identity rotated (every 10 requests)
[16:10:09] 🔄 Retry 1/5 for SKNT in 2.1s
[16:10:09] 🔄 Identity reset
[16:10:11] 🧠 New identity created
[16:10:12] [40/445] SSTE
[16:10:13] [41/445] VJMR
[16:10:13] [42/445] NTPU
[16:10:14] [43/445] RDKN
[16:10:15] [44/445] ADGC
[16:10:16] [45/445] VRBP
[16:10:16] [46/445] NMNA
[16:10:17] [47/445] CMMX
[16:10:18] [48/445] PTKO
[16:10:18] 🔄 Identity reset
[16:10:18] 🔄 Identity rotated (every 10 requests)
[16:10:19] [49/445] RBML
[16:10:19] [50/445] SAIC
[16:10:20] [51/445] SVTJ
[16:10:21] [52/445] MRTE
[16:10:22] [53/445] RBTP
[16:10:22] [54/445] NLPS
[16:10:23] [55/445] GTNA
[16:10:24] [56/445] DGGC
[16:10:25] [57/445] SMCR
[16:10:25] [58/445] SCGD
[16:10:25] 🔄 Identity reset
[16:10:25] 🔄 Identity rotated (every 10 requests)
[16:10:26] [59/445] SRRJ
[16:10:27] [60/445] CNRY
[16:10:28] [61/445] KTDI
[16:10:28] [62/445] SNJL
[16:10:29] [63/445] RKMD
[16:10:30] [64/445] SMDC
[16:10:30] [65/445] TADG
[16:10:31] [66/445] MCGS
[16:10:32] [67/445] PETK
[16:10:32] [68/445] CHAG
[16:10:32] 🔄 Identity reset
[16:10:32] 🔄 Identity rotated (every 10 requests)
[16:10:33] [69/445] KSTL
[16:10:34] [70/445] AADS
[16:10:35] [71/445] NTHZ
[16:10:36] [72/445] HCKI
[16:10:36] [73/445] SSEF
[16:10:37] [74/445] MCGX
[16:10:38] [75/445] ERRA
[16:10:39] [76/445] SDTW
[16:10:39] [77/445] RMPK
[16:10:40] [78/445] PTHK
[16:10:40] 🔄 Identity reset
[16:10:40] 🔄 Identity rotated (every 10 requests)
[16:10:41] [79/445] PXCS
[16:10:42] [80/445] SVLU
[16:10:43] [81/445] STAH
[16:10:44] [82/445] JRGF
[16:10:45] [83/445] CDOK
[16:10:45] [84/445] CMSG
[16:10:46] [85/445] APTD
[16:10:47] [86/445] KMPG
[16:10:47] [87/445] MUTJ
[16:10:48] [88/445] VCCI
[16:10:48] 🔄 Identity reset
[16:10:48] 🔄 Identity rotated (every 10 requests)
[16:10:49] [89/445] URBE
[16:10:51] [90/445] TCTS
[16:10:52] [91/445] STSN
[16:10:53] [92/445] AKCH
[16:10:54] [93/445] APSC
[16:10:55] [94/445] VLTB
[16:10:56] [95/445] SANU
[16:10:57] [96/445] AXAM
[16:10:58] [97/445] MGMG
[16:10:59] [98/445] HTBY
[16:10:59] 🔄 Identity reset
[16:10:59] 🔄 Identity rotated (every 10 requests)
[16:11:00] [99/445] MMZS
[16:11:01] [100/445] SUDR
[16:11:01] [101/445] CCAD
[16:11:02] [102/445] SKKC
[16:11:03] [103/445] RMCD
[16:11:04] [104/445] SBCQ
[16:11:05] [105/445] DCCT
[16:11:05] [106/445] VTKP
[16:11:06] [107/445] MLAM
[16:11:07] [108/445] SAVT
[16:11:07] 🔄 Identity reset
[16:11:07] 🔄 Identity rotated (every 10 requests)
[16:11:08] [109/445] GEPL
[16:11:08] [110/445] AMCD
[16:11:10] [111/445] CCXR
[16:11:11] [112/445] GRNG
[16:11:12] [113/445] EBCA
[16:11:13] [114/445] CNVG
[16:11:13] [115/445] MWSS
[16:11:14] [116/445] VBOR
[16:11:15] [117/445] NEEB
[16:11:16] [118/445] SUTH
[16:11:16] 🔄 Identity reset
[16:11:16] 🔄 Identity rotated (every 10 requests)
[16:11:16] [119/445] ANDB
[16:11:17] [120/445] MMXS
[16:11:18] [121/445] CNPD
[16:11:19] [122/445] SDCE
[16:11:19] [123/445] DHCB
[16:11:20] [124/445] ODEN
[16:11:21] [125/445] TNTC
[16:11:22] [126/445] VBKM
[16:11:23] [127/445] RZYM
[16:11:24] [128/445] JEMC
[16:11:24] 🔄 Identity reset
[16:11:24] 🔄 Identity rotated (every 10 requests)
[16:11:24] [129/445] CMAU
[16:11:25] [130/445] SIVP
[16:11:26] [131/445] ATAG
[16:11:27] [132/445] CHTM
[16:11:28] [133/445] AAEE
[16:11:28] [134/445] IWPM
[16:11:29] [135/445] KCMW
[16:11:29] [136/445] MCTD
[16:11:30] [137/445] SPWR
[16:11:31] [138/445] SDPO
[16:11:31] 🔄 Identity reset
[16:11:31] 🔄 Identity rotated (every 10 requests)
[16:11:32] [139/445] PCSK
[16:11:33] [140/445] ACHV
[16:11:34] [141/445] SVLA
[16:11:34] [142/445] PICT
[16:11:35] [143/445] BXDR
[16:11:36] [144/445] SPWA
[16:11:37] [145/445] MCKO
[16:11:37] [146/445] RTHK
[16:11:38] [147/445] CCMF
[16:11:39] [148/445] MRGB
[16:11:39] 🔄 Identity reset
[16:11:39] 🔄 Identity rotated (every 10 requests)
[16:11:40] [149/445] CPLC
[16:11:41] [150/445] RACD
[16:11:41] [151/445] ATKT
[16:11:42] [152/445] SARN
[16:11:43] [153/445] KKUI
[16:11:43] [154/445] RGCM
[16:11:44] [155/445] BRVP
[16:11:45] [156/445] HRSR
[16:11:46] [157/445] GKGM
[16:11:47] [158/445] TTCD
[16:11:47] 🔄 Identity reset
[16:11:47] 🔄 Identity rotated (every 10 requests)
[16:11:48] [159/445] PTTI
[16:11:49] [160/445] MPTT
[16:11:50] [161/445] CVTT
[16:11:51] [162/445] PCXD
[16:11:52] [163/445] GCDC
[16:11:52] [164/445] CCCF
[16:11:53] [165/445] MRAD
[16:11:54] [166/445] CPLK
[16:11:55] [167/445] SATB
[16:11:56] [168/445] SNVG
[16:11:56] 🔄 Identity reset
[16:11:56] 🔄 Identity rotated (every 10 requests)
[16:11:56] [169/445] JMBA
[16:11:57] [170/445] TEJA
[16:11:58] [171/445] STYO
[16:11:58] [172/445] JTBP
[16:11:59] [173/445] KRGD
[16:12:00] [174/445] SLJJ
[16:12:01] [175/445] SPTJ
[16:12:02] [176/445] SWJG
[16:12:02] [177/445] LKRT
[16:12:03] [178/445] KCKA
[16:12:03] 🔄 Identity reset
[16:12:03] 🔄 Identity rotated (every 10 requests)
[16:12:04] [179/445] SNCR
[16:12:05] [180/445] SMKL
[16:12:05] [181/445] GCFA
[16:12:06] [182/445] DDCK
[16:12:07] [183/445] NCHJ
[16:12:08] [184/445] RDMA
[16:12:09] [185/445] SVSV
[16:12:09] [186/445] SCJG
[16:12:10] [187/445] VKLP
[16:12:11] [188/445] NWCC
[16:12:11] 🔄 Identity reset
[16:12:11] 🔄 Identity rotated (every 10 requests)
[16:12:12] [189/445] VKNS
[16:12:13] [190/445] SDDP
[16:12:13] [191/445] ACSI
[16:12:14] [192/445] SATG
[16:12:15] [193/445] SCMW
[16:12:16] [194/445] LKTK
[16:12:17] [195/445] VCKV
[16:12:17] [196/445] KKPE
[16:12:18] [197/445] KIGH
[16:12:19] [198/445] SRPM
[16:12:19] 🔄 Identity reset
[16:12:19] 🔄 Identity rotated (every 10 requests)
[16:12:20] [199/445] SCAH
[16:12:20] [200/445] MUTA
[16:12:21] [201/445] SEPU
[16:12:23] [202/445] INOA
[16:12:24] [203/445] BASK
[16:12:25] [204/445] NECB
[16:12:26] [205/445] GTTG
[16:12:27] [206/445] ASSA
[16:12:28] [207/445] ANCL
[16:12:29] [208/445] GCTI
[16:12:29] 🔄 Identity reset
[16:12:29] 🔄 Identity rotated (every 10 requests)
[16:12:30] [209/445] RCTS
[16:12:30] [210/445] ACNL
[16:12:31] [211/445] MYCT
[16:12:32] [212/445] NMHT
[16:12:33] [213/445] MDIT
[16:12:34] [214/445] LATG
[16:12:34] [215/445] SMTY
[16:12:35] [216/445] CVCT
[16:12:36] [217/445] RAMB
[16:12:37] [218/445] TGMS
[16:12:37] 🔄 Identity reset
[16:12:37] 🔄 Identity rotated (every 10 requests)
[16:12:38] [219/445] BHEL
[16:12:39] [220/445] SHCT
[16:12:40] [221/445] SVCT
[16:12:40] [222/445] MRIY
[16:12:42] [223/445] SARO
[16:12:43] [224/445] STCT
[16:12:43] [225/445] JKKC
[16:12:44] [226/445] PLTT
[16:12:45] [227/445] SRNT
[16:12:46] [228/445] YAST
[16:12:46] 🔄 Identity reset
[16:12:46] 🔄 Identity rotated (every 10 requests)
[16:12:47] [229/445] PERL
[16:12:48] [230/445] CICM
[16:12:49] [231/445] MMTR
[16:12:50] [232/445] ABTK
[16:12:51] [233/445] ATYY
[16:12:51] [234/445] ASTK
[16:12:52] [235/445] VVCK
[16:12:53] [236/445] ATKY
[16:12:54] [237/445] GWEK
[16:12:55] [238/445] SVFH
[16:12:55] 🔄 Identity reset
[16:12:55] 🔄 Identity rotated (every 10 requests)
[16:12:55] [239/445] SLTA
[16:12:56] [240/445] AASH
[16:12:57] [241/445] ACXB
[16:12:58] [242/445] SMTX
[16:12:59] [243/445] AZDH
[16:12:59] [244/445] CMMH
[16:13:00] [245/445] SCSZ
[16:13:01] [246/445] SCKP
[16:13:02] [247/445] NXTM
[16:13:02] [248/445] NWCS
[16:13:02] 🔄 Identity reset
[16:13:02] 🔄 Identity rotated (every 10 requests)
[16:13:03] 🔄 Retry 1/5 for NWCS in 2.0s
[16:13:03] 🔄 Identity reset
[16:13:05] 🧠 New identity created
[16:13:06] [249/445] CXMH
[16:13:06] [250/445] PCMA
[16:13:07] [251/445] SGCM
[16:13:08] [252/445] SDTU
[16:13:08] [253/445] MMVI
[16:13:09] [254/445] JKCM
[16:13:10] [255/445] VCMM
[16:13:11] [256/445] SYEE
[16:13:11] [257/445] VASD
[16:13:11] 🔄 Identity reset
[16:13:11] 🔄 Identity rotated (every 10 requests)
[16:13:12] 🔄 Retry 1/5 for VASD in 2.1s
[16:13:12] 🔄 Identity reset
[16:13:14] 🧠 New identity created
[16:13:15] [258/445] BDRB
[16:13:16] [259/445] LASM
[16:13:16] [260/445] DCRL
[16:13:18] [261/445] DVPM
[16:13:19] [262/445] SBMJ
[16:13:19] [263/445] CBMU
[16:13:20] [264/445] IUBS
[16:13:21] [265/445] INAP
[16:13:22] [266/445] SRRC
[16:13:22] 🔄 Identity reset
[16:13:22] 🔄 Identity rotated (every 10 requests)
[16:13:22] [267/445] SAGR
[16:13:23] [268/445] CPMJ
[16:13:24] [269/445] ATJL
[16:13:25] [270/445] NNTD
[16:13:26] [271/445] JHCJ
[16:13:27] [272/445] CMMP
[16:13:28] [273/445] RSDR
[16:13:28] [274/445] AMTI
[16:13:29] [275/445] NYSG
[16:13:30] [276/445] AVSG
[16:13:30] 🔄 Identity reset
[16:13:30] 🔄 Identity rotated (every 10 requests)
[16:13:31] [277/445] SYTP
[16:13:32] [278/445] LARC
[16:13:33] [279/445] RJTP
[16:13:34] [280/445] LAKC
[16:13:35] [281/445] MCXE
[16:13:36] [282/445] CCZC
[16:13:37] [283/445] AVCH
[16:13:38] [284/445] CMBE
[16:13:39] [285/445] MRRC
[16:13:39] [286/445] PCPY
[16:13:39] 🔄 Identity reset
[16:13:39] 🔄 Identity rotated (every 10 requests)
[16:13:40] [287/445] SRMH
[16:13:41] [288/445] SVGS
[16:13:42] [289/445] PCSE
[16:13:43] [290/445] SVFT
[16:13:43] [291/445] TNZP
[16:13:44] [292/445] ICTP
[16:13:45] [293/445] ACTZ
[16:13:46] [294/445] GTUR
[16:13:47] [295/445] MAFC
[16:13:48] [296/445] MINL
[16:13:48] 🔄 Identity reset
[16:13:48] 🔄 Identity rotated (every 10 requests)
[16:13:49] [297/445] MRCL
[16:13:50] [298/445] RCRP
[16:13:51] [299/445] RFFG
[16:13:51] [300/445] RMAS
[16:13:52] [301/445] INVR
[16:13:53] [302/445] RMAR
[16:13:54] [303/445] CNIS
[16:13:55] [304/445] RHRJ
[16:13:56] [305/445] INXR
[16:13:57] [306/445] VALT
[16:13:57] 🔄 Identity reset
[16:13:57] 🔄 Identity rotated (every 10 requests)
[16:13:57] 🔄 Retry 1/5 for VALT in 2.9s
[16:13:57] 🔄 Identity reset
[16:14:00] 🧠 New identity created
[16:14:00] [307/445] LCSH
[16:14:01] [308/445] CMVS
[16:14:02] [309/445] CNMS
[16:14:03] [310/445] ROOG
[16:14:04] [311/445] ISRM
[16:14:05] [312/445] RCRM
[16:14:06] [313/445] ACJA
[16:14:07] [314/445] RCVS
[16:14:07] [315/445] CPUS
[16:14:07] 🔄 Identity reset
[16:14:07] 🔄 Identity rotated (every 10 requests)
[16:14:08] [316/445] TGCS
[16:14:09] [317/445] RKCJ
[16:14:10] [318/445] MKSB
[16:14:12] [319/445] TCSJ
[16:14:12] [320/445] RMGP
[16:14:13] [321/445] CLLP
[16:14:14] [322/445] RCMV
[16:14:15] [323/445] CCKS
[16:14:16] [324/445] RSRP
[16:14:16] [325/445] APLP
[16:14:16] 🔄 Identity reset
[16:14:16] 🔄 Identity rotated (every 10 requests)
[16:14:16] 🔄 Retry 1/5 for APLP in 2.6s
[16:14:16] 🔄 Identity reset
[16:14:19] 🧠 New identity created
[16:14:20] [326/445] CNVS
[16:14:21] [327/445] RMVY
[16:14:21] [328/445] PGBD
[16:14:22] [329/445] KLMS
[16:14:23] [330/445] RUST
[16:14:24] [331/445] MASM
[16:14:25] [332/445] BACS
[16:14:26] [333/445] BWST
[16:14:27] [334/445] RRFH
[16:14:27] 🔄 Identity reset
[16:14:27] 🔄 Identity rotated (every 10 requests)
[16:14:27] 🔄 Retry 1/5 for RRFH in 2.9s
[16:14:27] 🔄 Identity reset
[16:14:30] 🧠 New identity created
[16:14:30] [335/445] SJTM
[16:14:31] [336/445] BEMR
[16:14:32] [337/445] MCGR
[16:14:33] [338/445] SDSK
[16:14:34] [339/445] VBOL
[16:14:35] [340/445] RMGM
[16:14:35] [341/445] NOPL
[16:14:36] [342/445] MKJK
[16:14:37] [343/445] CVRN
[16:14:37] 🔄 Identity reset
[16:14:37] 🔄 Identity rotated (every 10 requests)
[16:14:38] [344/445] MMEN
[16:14:39] [345/445] AMNG
[16:14:40] [346/445] INTM
[16:14:41] [347/445] SLCZ
[16:14:42] [348/445] AMJN
[16:14:43] [349/445] ACJN
[16:14:44] [350/445] AMKN
[16:14:44] [351/445] BTCN
[16:14:46] [352/445] AMBT
[16:14:47] [353/445] PACN
[16:14:47] 🔄 Identity reset
[16:14:47] 🔄 Identity rotated (every 10 requests)
[16:14:48] [354/445] LCNS
[16:14:48] [355/445] PPKC
[16:14:49] [356/445] JYYN
[16:14:50] [357/445] JTNR
[16:14:51] [358/445] GTEE
[16:14:52] [359/445] SRNM
[16:14:53] [360/445] SDTC
[16:14:53] [361/445] VPCA
[16:14:54] [362/445] VLRA
[16:14:55] [363/445] SHKR
[16:14:55] 🔄 Identity reset
[16:14:55] 🔄 Identity rotated (every 10 requests)
[16:14:56] [364/445] SBKD
[16:14:57] [365/445] SAAD
[16:14:58] [366/445] JTGN
[16:14:59] [367/445] SLAM
[16:15:00] [368/445] VTPM
[16:15:01] [369/445] ANPT
[16:15:02] [370/445] PUNB
[16:15:03] [371/445] CPKT
[16:15:04] [372/445] CNWE
[16:15:05] [373/445] ECPP
[16:15:05] 🔄 Identity reset
[16:15:05] 🔄 Identity rotated (every 10 requests)
[16:15:06] [374/445] CPAR
[16:15:07] [375/445] ESBW
[16:15:08] [376/445] PKPU
[16:15:09] [377/445] CPRP
[16:15:10] [378/445] RAHU
[16:15:11] [379/445] RHMN
[16:15:11] [380/445] FMJP
[16:15:13] [381/445] CTMP
[16:15:14] [382/445] INPN
[16:15:15] [383/445] STTG
[16:15:15] 🔄 Identity reset
[16:15:15] 🔄 Identity rotated (every 10 requests)
[16:15:15] [384/445] CTRD
[16:15:17] [385/445] PUVB
[16:15:18] [386/445] ESVP
[16:15:19] [387/445] CPFT
[16:15:21] [388/445] LCPC
[16:15:22] [389/445] VBCT
[16:15:22] [390/445] FSCW
[16:15:23] [391/445] VCMP
[16:15:24] [392/445] ASHC
[16:15:25] [393/445] VLCX
[16:15:25] 🔄 Identity reset
[16:15:25] 🔄 Identity rotated (every 10 requests)
[16:15:26] [394/445] SHEV
[16:15:27] [395/445] APCO
[16:15:28] [396/445] SILC
[16:15:29] [397/445] SNMR
[16:15:30] [398/445] KYBO
[16:15:30] [399/445] SATK
[16:15:31] [400/445] SSCS
[16:15:33] [401/445] CLSB
[16:15:34] [402/445] KMJR
[16:15:34] [403/445] FSCK
[16:15:34] 🔄 Identity reset
[16:15:34] 🔄 Identity rotated (every 10 requests)
[16:15:36] [404/445] NNKA
[16:15:37] [405/445] CLMK
[16:15:39] [406/445] DMPZ
[16:15:40] [407/445] INQM
[16:15:41] [408/445] CAML
[16:15:42] [409/445] INRK
[16:15:43] [410/445] IMKN
[16:15:44] [411/445] SVNR
[16:15:45] [412/445] INSL
[16:15:46] [413/445] MSMA
[16:15:46] 🔄 Identity reset
[16:15:46] 🔄 Identity rotated (every 10 requests)
[16:15:47] [414/445] MCKK
[16:15:48] [415/445] FCHP
[16:15:49] [416/445] SFCR
[16:15:50] [417/445] NACK
[16:15:51] [418/445] PVAK
[16:15:52] [419/445] INER
[16:15:52] [420/445] RDBK
[16:15:53] [421/445] SVFN
[16:15:54] [422/445] IFRM
[16:15:55] [423/445] ATCK
[16:15:55] 🔄 Identity reset
[16:15:55] 🔄 Identity rotated (every 10 requests)
[16:15:56] [424/445] ASKO
[16:15:57] [425/445] STKT
[16:15:58] [426/445] SVFB
[16:15:58] [427/445] INKS
[16:15:59] [428/445] PCRA
[16:16:00] [429/445] ATJA
[16:16:01] [430/445] IMJN
[16:16:02] [431/445] INHD
[16:16:04] [432/445] BARA
[16:16:04] [433/445] MCSL
[16:16:04] 🔄 Identity reset
[16:16:04] 🔄 Identity rotated (every 10 requests)
[16:16:06] [434/445] RTOY
[16:16:06] [435/445] MENO
[16:16:07] [436/445] PUDM
[16:16:08] [437/445] PRCN
[16:16:09] [438/445] JMJR
[16:16:10] [439/445] SSGK
[16:16:11] [440/445] SSRL
[16:16:12] [441/445] JYKL
[16:16:13] [442/445] ACNB
[16:16:14] [443/445] SONP
[16:16:14] 🔄 Identity reset
[16:16:14] 🔄 Identity rotated (every 10 requests)
[16:16:15] [444/445] EMCI
[16:16:16] [445/445] MRJH
[16:16:17] 🧹 Deduping shows
[16:16:17] ✅ DONE | Shows=3256 | Movies=84
[20:13:08] 🚀 SCRIPT STARTED
[20:13:08] [1/445] TGMR
[20:13:08] 🧠 New identity created
[20:13:09] [2/445] CXKR
[20:13:11] [3/445] SROP
[20:13:12] [4/445] GTSV
[20:13:13] [5/445] SNTY
[20:13:13] [6/445] SMYY
[20:13:14] [7/445] CNCS
[20:13:15] [8/445] CSTM
[20:13:16] [9/445] NUCD
[20:13:17] [10/445] SHCZ
[20:13:17] 🔄 Identity reset
[20:13:17] 🔄 Identity rotated (every 10 requests)
[20:13:18] [11/445] NJCT
[20:13:19] [12/445] COPC
[20:13:21] [13/445] STVV
[20:13:22] [14/445] SKRN
[20:13:23] [15/445] APPZ
[20:13:24] [16/445] YMGN
[20:13:25] [17/445] SVTU
[20:13:25] [18/445] GTAD
[20:13:27] [19/445] PSUS
[20:13:28] [20/445] SMCD
[20:13:28] 🔄 Identity reset
[20:13:28] 🔄 Identity rotated (every 10 requests)
[20:13:29] [21/445] CMCM
[20:13:30] [22/445] SYCT
[20:13:31] [23/445] STLY
[20:13:32] [24/445] CMHU
[20:13:33] [25/445] CMSA
[20:13:34] [26/445] CLCU
[20:13:34] [27/445] PPNT
[20:13:35] [28/445] JTAB
[20:13:36] [29/445] BUUC
[20:13:37] [30/445] BSVK
[20:13:37] 🔄 Identity reset
[20:13:37] 🔄 Identity rotated (every 10 requests)
[20:13:38] [31/445] VVVQ
[20:13:39] [32/445] TKMU
[20:13:40] [33/445] ESYL
[20:13:41] [34/445] ACHP
[20:13:42] [35/445] BTKD
[20:13:43] [36/445] DESA
[20:13:44] [37/445] GBCT
[20:13:45] [38/445] BLLD
[20:13:45] [39/445] SKNT
[20:13:46] [40/445] SSTE
[20:13:46] 🔄 Identity reset
[20:13:46] 🔄 Identity rotated (every 10 requests)
[20:13:47] [41/445] VJMR
[20:13:48] [42/445] NTPU
[20:13:49] [43/445] RDKN
[20:13:51] [44/445] ADGC
[20:13:52] [45/445] VRBP
[20:13:52] [46/445] NMNA
[20:13:53] [47/445] CMMX
[20:13:55] [48/445] PTKO
[20:13:56] [49/445] RBML
[20:13:57] [50/445] SAIC
[20:13:57] 🔄 Identity reset
[20:13:57] 🔄 Identity rotated (every 10 requests)
[20:13:57] 🔄 Retry 1/5 for SAIC in 2.4s
[20:13:57] 🔄 Identity reset
[20:14:00] 🧠 New identity created
[20:14:00] 🔄 Retry 2/5 for SAIC in 4.8s
[20:14:00] 🔄 Identity reset
[20:14:05] 🧠 New identity created
[20:14:05] 🔄 Retry 3/5 for SAIC in 8.2s
[20:14:05] 🔄 Identity reset
[20:14:13] 🧠 New identity created
[20:14:14] [51/445] SVTJ
[20:14:14] [52/445] MRTE
[20:14:16] [53/445] RBTP
[20:14:17] [54/445] NLPS
[20:14:18] [55/445] GTNA
[20:14:19] [56/445] DGGC
[20:14:20] [57/445] SMCR
[20:14:20] 🔄 Identity reset
[20:14:20] 🔄 Identity rotated (every 10 requests)
[20:14:21] [58/445] SCGD
[20:14:22] [59/445] SRRJ
[20:14:23] [60/445] CNRY
[20:14:24] [61/445] KTDI
[20:14:25] [62/445] SNJL
[20:14:25] [63/445] RKMD
[20:14:27] [64/445] SMDC
[20:14:28] [65/445] TADG
[20:14:28] [66/445] MCGS
[20:14:29] [67/445] PETK
[20:14:29] 🔄 Identity reset
[20:14:29] 🔄 Identity rotated (every 10 requests)
[20:14:30] [68/445] CHAG
[20:14:31] [69/445] KSTL
[20:14:32] [70/445] AADS
[20:14:33] [71/445] NTHZ
[20:14:35] [72/445] HCKI
[20:14:36] [73/445] SSEF
[20:14:37] [74/445] MCGX
[20:14:39] [75/445] ERRA
[20:14:40] [76/445] SDTW
[20:14:41] [77/445] RMPK
[20:14:41] 🔄 Identity reset
[20:14:41] 🔄 Identity rotated (every 10 requests)
[20:14:42] [78/445] PTHK
[20:14:43] [79/445] PXCS
[20:14:44] [80/445] SVLU
[20:14:44] [81/445] STAH
[20:14:45] [82/445] JRGF
[20:14:46] [83/445] CDOK
[20:14:47] [84/445] CMSG
[20:14:49] [85/445] APTD
[20:14:50] [86/445] KMPG
[20:14:51] [87/445] MUTJ
[20:14:51] 🔄 Identity reset
[20:14:51] 🔄 Identity rotated (every 10 requests)
[20:14:51] [88/445] VCCI
[20:14:53] [89/445] URBE
[20:14:53] [90/445] TCTS
[20:14:54] [91/445] STSN
[20:14:56] [92/445] AKCH
[20:14:57] [93/445] APSC
[20:14:59] [94/445] VLTB
[20:15:00] [95/445] SANU
[20:15:00] [96/445] AXAM
[20:15:02] [97/445] MGMG
[20:15:02] 🔄 Identity reset
[20:15:02] 🔄 Identity rotated (every 10 requests)
[20:15:03] [98/445] HTBY
[20:15:03] [99/445] MMZS
[20:15:05] [100/445] SUDR
[20:15:06] [101/445] CCAD
[20:15:07] [102/445] SKKC
[20:15:08] [103/445] RMCD
[20:15:09] [104/445] SBCQ
[20:15:10] [105/445] DCCT
[20:15:11] [106/445] VTKP
[20:15:12] [107/445] MLAM
[20:15:12] 🔄 Identity reset
[20:15:12] 🔄 Identity rotated (every 10 requests)
[20:15:13] [108/445] SAVT
[20:15:14] [109/445] GEPL
[20:15:15] [110/445] AMCD
[20:15:16] [111/445] CCXR
[20:15:16] [112/445] GRNG
[20:15:17] [113/445] EBCA
[20:15:18] [114/445] CNVG
[20:15:19] [115/445] MWSS
[20:15:20] [116/445] VBOR
[20:15:21] [117/445] NEEB
[20:15:21] 🔄 Identity reset
[20:15:21] 🔄 Identity rotated (every 10 requests)
[20:15:22] [118/445] SUTH
[20:15:24] [119/445] ANDB
[20:15:24] [120/445] MMXS
[20:15:25] [121/445] CNPD
[20:15:27] [122/445] SDCE
[20:15:28] [123/445] DHCB
[20:15:29] [124/445] ODEN
[20:15:30] [125/445] TNTC
[20:15:31] [126/445] VBKM
[20:15:32] [127/445] RZYM
[20:15:32] 🔄 Identity reset
[20:15:32] 🔄 Identity rotated (every 10 requests)
[20:15:33] [128/445] JEMC
[20:15:35] [129/445] CMAU
[20:15:36] [130/445] SIVP
[20:15:37] [131/445] ATAG
[20:15:38] [132/445] CHTM
[20:15:39] [133/445] AAEE
[20:15:40] [134/445] IWPM
[20:15:41] [135/445] KCMW
[20:15:42] [136/445] MCTD
[20:15:43] [137/445] SPWR
[20:15:43] 🔄 Identity reset
[20:15:43] 🔄 Identity rotated (every 10 requests)
[20:15:44] [138/445] SDPO
[20:15:45] [139/445] PCSK
[20:15:46] [140/445] ACHV
[20:15:47] [141/445] SVLA
[20:15:48] [142/445] PICT
[20:15:49] [143/445] BXDR
[20:15:50] [144/445] SPWA
[20:15:51] [145/445] MCKO
[20:15:52] [146/445] RTHK
[20:15:53] [147/445] CCMF
[20:15:53] 🔄 Identity reset
[20:15:53] 🔄 Identity rotated (every 10 requests)
[20:15:54] [148/445] MRGB
[20:15:54] [149/445] CPLC
[20:15:56] [150/445] RACD
[20:15:56] [151/445] ATKT
[20:15:57] [152/445] SARN
[20:15:58] [153/445] KKUI
[20:15:59] [154/445] RGCM
[20:16:00] [155/445] BRVP
[20:16:01] [156/445] HRSR
[20:16:02] [157/445] GKGM
[20:16:02] 🔄 Identity reset
[20:16:02] 🔄 Identity rotated (every 10 requests)
[20:16:03] [158/445] TTCD
[20:16:04] [159/445] PTTI
[20:16:05] [160/445] MPTT
[20:16:06] [161/445] CVTT
[20:16:07] [162/445] PCXD
[20:16:07] [163/445] GCDC
[20:16:08] [164/445] CCCF
[20:16:09] [165/445] MRAD
[20:16:10] [166/445] CPLK
[20:16:11] [167/445] SATB
[20:16:11] 🔄 Identity reset
[20:16:11] 🔄 Identity rotated (every 10 requests)
[20:16:12] [168/445] SNVG
[20:16:13] [169/445] JMBA
[20:16:14] [170/445] TEJA
[20:16:15] [171/445] STYO
[20:16:16] [172/445] JTBP
[20:16:17] [173/445] KRGD
[20:16:18] [174/445] SLJJ
[20:16:19] [175/445] SPTJ
[20:16:20] [176/445] SWJG
[20:16:21] [177/445] LKRT
[20:16:21] 🔄 Identity reset
[20:16:21] 🔄 Identity rotated (every 10 requests)
[20:16:22] [178/445] KCKA
[20:16:22] [179/445] SNCR
[20:16:23] [180/445] SMKL
[20:16:24] [181/445] GCFA
[20:16:25] [182/445] DDCK
[20:16:26] [183/445] NCHJ
[20:16:27] [184/445] RDMA
[20:16:28] [185/445] SVSV
[20:16:29] [186/445] SCJG
[20:16:30] [187/445] VKLP
[20:16:30] 🔄 Identity reset
[20:16:30] 🔄 Identity rotated (every 10 requests)
[20:16:31] [188/445] NWCC
[20:16:33] [189/445] VKNS
[20:16:34] [190/445] SDDP
[20:16:36] [191/445] ACSI
[20:16:37] [192/445] SATG
[20:16:37] [193/445] SCMW
[20:16:38] [194/445] LKTK
[20:16:39] [195/445] VCKV
[20:16:40] [196/445] KKPE
[20:16:41] [197/445] KIGH
[20:16:41] 🔄 Identity reset
[20:16:41] 🔄 Identity rotated (every 10 requests)
[20:16:42] [198/445] SRPM
[20:16:44] [199/445] SCAH
[20:16:45] [200/445] MUTA
[20:16:46] [201/445] SEPU
[20:16:48] [202/445] INOA
[20:16:48] [203/445] BASK
[20:16:49] [204/445] NECB
[20:16:50] [205/445] GTTG
[20:16:51] [206/445] ASSA
[20:16:52] [207/445] ANCL
[20:16:52] 🔄 Identity reset
[20:16:52] 🔄 Identity rotated (every 10 requests)
[20:16:52] 🔄 Retry 1/5 for ANCL in 2.5s
[20:16:52] 🔄 Identity reset
[20:16:55] 🧠 New identity created
[20:16:56] [208/445] GCTI
[20:16:57] [209/445] RCTS
[20:16:58] [210/445] ACNL
[20:16:59] [211/445] MYCT
[20:17:00] [212/445] NMHT
[20:17:01] [213/445] MDIT
[20:17:02] [214/445] LATG
[20:17:03] [215/445] SMTY
[20:17:04] [216/445] CVCT
[20:17:04] 🔄 Identity reset
[20:17:04] 🔄 Identity rotated (every 10 requests)
[20:17:05] [217/445] RAMB
[20:17:06] [218/445] TGMS
[20:17:07] [219/445] BHEL
[20:17:08] [220/445] SHCT
[20:17:09] [221/445] SVCT
[20:17:10] [222/445] MRIY
[20:17:11] [223/445] SARO
[20:17:11] [224/445] STCT
[20:17:12] [225/445] JKKC
[20:17:13] [226/445] PLTT
[20:17:13] 🔄 Identity reset
[20:17:13] 🔄 Identity rotated (every 10 requests)
[20:17:15] [227/445] SRNT
[20:17:16] [228/445] YAST
[20:17:17] [229/445] PERL
[20:17:18] [230/445] CICM
[20:17:19] [231/445] MMTR
[20:17:19] [232/445] ABTK
[20:17:20] [233/445] ATYY
[20:17:21] [234/445] ASTK
[20:17:22] [235/445] VVCK
[20:17:23] [236/445] ATKY
[20:17:23] 🔄 Identity reset
[20:17:23] 🔄 Identity rotated (every 10 requests)
[20:17:24] [237/445] GWEK
[20:17:25] [238/445] SVFH
[20:17:26] [239/445] SLTA
[20:17:27] [240/445] AASH
[20:17:28] [241/445] ACXB
[20:17:29] [242/445] SMTX
[20:17:29] [243/445] AZDH
[20:17:30] [244/445] CMMH
[20:17:31] [245/445] SCSZ
[20:17:33] [246/445] SCKP
[20:17:33] 🔄 Identity reset
[20:17:33] 🔄 Identity rotated (every 10 requests)
[20:17:34] [247/445] NXTM
[20:17:35] [248/445] NWCS
[20:17:36] [249/445] CXMH
[20:17:38] [250/445] PCMA
[20:17:39] [251/445] SGCM
[20:17:40] [252/445] SDTU
[20:17:41] [253/445] MMVI
[20:17:42] [254/445] JKCM
[20:17:43] [255/445] VCMM
[20:17:45] [256/445] SYEE
[20:17:45] 🔄 Identity reset
[20:17:45] 🔄 Identity rotated (every 10 requests)
[20:17:45] 🔄 Retry 1/5 for SYEE in 2.8s
[20:17:45] 🔄 Identity reset
[20:17:47] 🧠 New identity created
[20:17:47] 🔄 Retry 2/5 for SYEE in 4.3s
[20:17:47] 🔄 Identity reset
[20:17:52] 🧠 New identity created
[20:17:52] 🔄 Retry 3/5 for SYEE in 8.2s
[20:17:52] 🔄 Identity reset
[20:18:00] 🧠 New identity created
[20:18:01] [257/445] VASD
[20:18:02] [258/445] BDRB
[20:18:04] [259/445] LASM
[20:18:04] [260/445] DCRL
[20:18:05] [261/445] DVPM
[20:18:06] [262/445] SBMJ
[20:18:07] [263/445] CBMU
[20:18:07] 🔄 Identity reset
[20:18:07] 🔄 Identity rotated (every 10 requests)
[20:18:08] [264/445] IUBS
[20:18:09] [265/445] INAP
[20:18:10] [266/445] SRRC
[20:18:11] [267/445] SAGR
[20:18:12] [268/445] CPMJ
[20:18:13] [269/445] ATJL
[20:18:14] [270/445] NNTD
[20:18:15] [271/445] JHCJ
[20:18:16] [272/445] CMMP
[20:18:17] [273/445] RSDR
[20:18:17] 🔄 Identity reset
[20:18:17] 🔄 Identity rotated (every 10 requests)
[20:18:19] [274/445] AMTI
[20:18:20] [275/445] NYSG
[20:18:21] [276/445] AVSG
[20:18:22] [277/445] SYTP
[20:18:23] [278/445] LARC
[20:18:23] [279/445] RJTP
[20:18:25] [280/445] LAKC
[20:18:26] [281/445] MCXE
[20:18:27] [282/445] CCZC
[20:18:28] [283/445] AVCH
[20:18:28] 🔄 Identity reset
[20:18:28] 🔄 Identity rotated (every 10 requests)
[20:18:28] [284/445] CMBE
[20:18:29] [285/445] MRRC
[20:18:30] [286/445] PCPY
[20:18:31] [287/445] SRMH
[20:18:32] [288/445] SVGS
[20:18:34] [289/445] PCSE
[20:18:35] [290/445] SVFT
[20:18:35] [291/445] TNZP
[20:18:37] [292/445] ICTP
[20:18:38] [293/445] ACTZ
[20:18:38] 🔄 Identity reset
[20:18:38] 🔄 Identity rotated (every 10 requests)
[20:18:38] 🔄 Retry 1/5 for ACTZ in 3.0s
[20:18:38] 🔄 Identity reset
[20:18:41] 🧠 New identity created
[20:18:42] [294/445] GTUR
[20:18:43] [295/445] MAFC
[20:18:44] [296/445] MINL
[20:18:45] [297/445] MRCL
[20:18:46] [298/445] RCRP
[20:18:47] [299/445] RFFG
[20:18:48] [300/445] RMAS
[20:18:49] [301/445] INVR
[20:18:50] [302/445] RMAR
[20:18:50] 🔄 Identity reset
[20:18:50] 🔄 Identity rotated (every 10 requests)
[20:18:51] [303/445] CNIS
[20:18:52] [304/445] RHRJ
[20:18:53] [305/445] INXR
[20:18:54] [306/445] VALT
[20:18:56] [307/445] LCSH
[20:18:56] [308/445] CMVS
[20:18:57] [309/445] CNMS
[20:18:58] [310/445] ROOG
[20:19:00] [311/445] ISRM
[20:19:01] [312/445] RCRM
[20:19:01] 🔄 Identity reset
[20:19:01] 🔄 Identity rotated (every 10 requests)
[20:19:02] [313/445] ACJA
[20:19:03] [314/445] RCVS
[20:19:04] [315/445] CPUS
[20:19:05] [316/445] TGCS
[20:19:06] [317/445] RKCJ
[20:19:08] [318/445] MKSB
[20:19:09] [319/445] TCSJ
[20:19:10] [320/445] RMGP
[20:19:11] [321/445] CLLP
[20:19:12] [322/445] RCMV
[20:19:12] 🔄 Identity reset
[20:19:12] 🔄 Identity rotated (every 10 requests)
[20:19:13] [323/445] CCKS
[20:19:14] [324/445] RSRP
[20:19:15] [325/445] APLP
[20:19:16] [326/445] CNVS
[20:19:17] [327/445] RMVY
[20:19:18] [328/445] PGBD
[20:19:19] [329/445] KLMS
[20:19:20] [330/445] RUST
[20:19:21] [331/445] MASM
[20:19:22] [332/445] BACS
[20:19:22] 🔄 Identity reset
[20:19:22] 🔄 Identity rotated (every 10 requests)
[20:19:22] [333/445] BWST
[20:19:23] [334/445] RRFH
[20:19:24] [335/445] SJTM
[20:19:25] [336/445] BEMR
[20:19:26] [337/445] MCGR
[20:19:27] [338/445] SDSK
[20:19:28] [339/445] VBOL
[20:19:29] [340/445] RMGM
[20:19:30] [341/445] NOPL
[20:19:31] [342/445] MKJK
[20:19:31] 🔄 Identity reset
[20:19:31] 🔄 Identity rotated (every 10 requests)
[20:19:31] 🔄 Retry 1/5 for MKJK in 2.8s
[20:19:31] 🔄 Identity reset
[20:19:34] 🧠 New identity created
[20:19:35] [343/445] CVRN
[20:19:36] [344/445] MMEN
[20:19:37] [345/445] AMNG
[20:19:37] [346/445] INTM
[20:19:38] [347/445] SLCZ
[20:19:40] [348/445] AMJN
[20:19:41] [349/445] ACJN
[20:19:42] [350/445] AMKN
[20:19:43] [351/445] BTCN
[20:19:43] 🔄 Identity reset
[20:19:43] 🔄 Identity rotated (every 10 requests)
[20:19:44] [352/445] AMBT
[20:19:45] [353/445] PACN
[20:19:46] [354/445] LCNS
[20:19:48] [355/445] PPKC
[20:19:49] [356/445] JYYN
[20:19:49] [357/445] JTNR
[20:19:50] [358/445] GTEE
[20:19:51] [359/445] SRNM
[20:19:52] [360/445] SDTC
[20:19:53] [361/445] VPCA
[20:19:53] 🔄 Identity reset
[20:19:53] 🔄 Identity rotated (every 10 requests)
[20:19:54] [362/445] VLRA
[20:19:56] [363/445] SHKR
[20:19:57] [364/445] SBKD
[20:19:58] [365/445] SAAD
[20:19:59] [366/445] JTGN
[20:20:00] [367/445] SLAM
[20:20:01] [368/445] VTPM
[20:20:02] [369/445] ANPT
[20:20:03] [370/445] PUNB
[20:20:04] [371/445] CPKT
[20:20:04] 🔄 Identity reset
[20:20:04] 🔄 Identity rotated (every 10 requests)
[20:20:05] [372/445] CNWE
[20:20:06] [373/445] ECPP
[20:20:07] [374/445] CPAR
[20:20:08] [375/445] ESBW
[20:20:09] [376/445] PKPU
[20:20:10] [377/445] CPRP
[20:20:11] [378/445] RAHU
[20:20:11] [379/445] RHMN
[20:20:12] [380/445] FMJP
[20:20:13] [381/445] CTMP
[20:20:13] 🔄 Identity reset
[20:20:13] 🔄 Identity rotated (every 10 requests)
[20:20:14] [382/445] INPN
[20:20:15] [383/445] STTG
[20:20:16] [384/445] CTRD
[20:20:17] [385/445] PUVB
[20:20:18] [386/445] ESVP
[20:20:19] [387/445] CPFT
[20:20:20] [388/445] LCPC
[20:20:21] [389/445] VBCT
[20:20:22] [390/445] FSCW
[20:20:23] [391/445] VCMP
[20:20:23] 🔄 Identity reset
[20:20:23] 🔄 Identity rotated (every 10 requests)
[20:20:24] [392/445] ASHC
[20:20:25] [393/445] VLCX
[20:20:27] [394/445] SHEV
[20:20:28] [395/445] APCO
[20:20:30] [396/445] SILC
[20:20:30] [397/445] SNMR
[20:20:32] [398/445] KYBO
[20:20:33] [399/445] SATK
[20:20:34] [400/445] SSCS
[20:20:34] [401/445] CLSB
[20:20:34] 🔄 Identity reset
[20:20:34] 🔄 Identity rotated (every 10 requests)
[20:20:35] [402/445] KMJR
[20:20:37] [403/445] FSCK
[20:20:38] [404/445] NNKA
[20:20:38] [405/445] CLMK
[20:20:39] [406/445] DMPZ
[20:20:40] [407/445] INQM
[20:20:41] [408/445] CAML
[20:20:42] [409/445] INRK
[20:20:43] [410/445] IMKN
[20:20:44] [411/445] SVNR
[20:20:44] 🔄 Identity reset
[20:20:44] 🔄 Identity rotated (every 10 requests)
[20:20:46] [412/445] INSL
[20:20:47] [413/445] MSMA
[20:20:48] [414/445] MCKK
[20:20:49] [415/445] FCHP
[20:20:50] [416/445] SFCR
[20:20:51] [417/445] NACK
[20:20:52] [418/445] PVAK
[20:20:53] [419/445] INER
[20:20:54] [420/445] RDBK
[20:20:54] [421/445] SVFN
[20:20:54] 🔄 Identity reset
[20:20:54] 🔄 Identity rotated (every 10 requests)
[20:20:56] [422/445] IFRM
[20:20:57] [423/445] ATCK
[20:20:57] [424/445] ASKO
[20:20:59] [425/445] STKT
[20:21:00] [426/445] SVFB
[20:21:01] [427/445] INKS
[20:21:02] [428/445] PCRA
[20:21:03] [429/445] ATJA
[20:21:04] [430/445] IMJN
[20:21:05] [431/445] INHD
[20:21:05] 🔄 Identity reset
[20:21:05] 🔄 Identity rotated (every 10 requests)
[20:21:06] [432/445] BARA
[20:21:07] [433/445] MCSL
[20:21:08] [434/445] RTOY
[20:21:09] [435/445] MENO
[20:21:09] [436/445] PUDM
[20:21:11] [437/445] PRCN
[20:21:11] [438/445] JMJR
[20:21:12] [439/445] SSGK
[20:21:13] [440/445] SSRL
[20:21:15] [441/445] JYKL
[20:21:15] 🔄 Identity reset
[20:21:15] 🔄 Identity rotated (every 10 requests)
[20:21:15] 🔄 Retry 1/5 for JYKL in 2.2s
[20:21:15] 🔄 Identity reset
[20:21:17] 🧠 New identity created
[20:21:18] [442/445] ACNB
[20:21:19] [443/445] SONP
[20:21:20] [444/445] EMCI
[20:21:20] [445/445] MRJH
[20:21:21] 🧹 Deduping shows
[20:21:21] ✅ DONE | Shows=3587 | Movies=89
[23:28:22] 🚀 SCRIPT STARTED
[23:28:22] [1/445] TGMR
[23:28:22] 🧠 New identity created
[23:28:23] [2/445] CXKR
[23:28:24] [3/445] SROP
[23:28:25] [4/445] GTSV
[23:28:26] [5/445] SNTY
[23:28:27] [6/445] SMYY
[23:28:27] [7/445] CNCS
[23:28:28] [8/445] CSTM
[23:28:30] [9/445] NUCD
[23:28:31] [10/445] SHCZ
[23:28:31] 🔄 Identity reset
[23:28:31] 🔄 Identity rotated (every 10 requests)
[23:28:31] 🔄 Retry 1/5 for SHCZ in 3.0s
[23:28:31] 🔄 Identity reset
[23:28:34] 🧠 New identity created
[23:28:35] [11/445] NJCT
[23:28:36] [12/445] COPC
[23:28:38] [13/445] STVV
[23:28:38] [14/445] SKRN
[23:28:39] [15/445] APPZ
[23:28:40] [16/445] YMGN
[23:28:42] [17/445] SVTU
[23:28:43] [18/445] GTAD
[23:28:44] [19/445] PSUS
[23:28:44] 🔄 Identity reset
[23:28:44] 🔄 Identity rotated (every 10 requests)
[23:28:44] 🔄 Retry 1/5 for PSUS in 3.0s
[23:28:44] 🔄 Identity reset
[23:28:47] 🧠 New identity created
[23:28:47] 🔄 Retry 2/5 for PSUS in 4.1s
[23:28:47] 🔄 Identity reset
[23:28:51] 🧠 New identity created
[23:28:52] [20/445] SMCD
[23:28:54] [21/445] CMCM
[23:28:55] [22/445] SYCT
[23:28:56] [23/445] STLY
[23:28:57] [24/445] CMHU
[23:28:59] [25/445] CMSA
[23:28:59] [26/445] CLCU
[23:29:00] [27/445] PPNT
[23:29:00] 🔄 Identity reset
[23:29:00] 🔄 Identity rotated (every 10 requests)
[23:29:01] [28/445] JTAB
[23:29:03] [29/445] BUUC
[23:29:03] [30/445] BSVK
[23:29:04] [31/445] VVVQ
[23:29:05] [32/445] TKMU
[23:29:06] [33/445] ESYL
[23:29:07] [34/445] ACHP
[23:29:08] [35/445] BTKD
[23:29:09] [36/445] DESA
[23:29:10] [37/445] GBCT
[23:29:10] 🔄 Identity reset
[23:29:10] 🔄 Identity rotated (every 10 requests)
[23:29:10] 🔄 Retry 1/5 for GBCT in 2.1s
[23:29:10] 🔄 Identity reset
[23:29:12] 🧠 New identity created
[23:29:13] 🔄 Retry 2/5 for GBCT in 4.1s
[23:29:13] 🔄 Identity reset
[23:29:17] 🧠 New identity created
[23:29:17] 🔄 Retry 3/5 for GBCT in 8.5s
[23:29:17] 🔄 Identity reset
[23:29:25] 🧠 New identity created
[23:29:25] 🔄 Retry 4/5 for GBCT in 16.7s
[23:29:25] 🔄 Identity reset
[23:29:42] 🧠 New identity created
[23:29:43] [38/445] BLLD
[23:29:44] [39/445] SKNT
[23:29:45] [40/445] SSTE
[23:29:46] [41/445] VJMR
[23:29:47] [42/445] NTPU
[23:29:48] [43/445] RDKN
[23:29:48] 🔄 Identity reset
[23:29:48] 🔄 Identity rotated (every 10 requests)
[23:29:48] 🔄 Retry 1/5 for RDKN in 2.6s
[23:29:48] 🔄 Identity reset
[23:29:51] 🧠 New identity created
[23:29:51] 🔄 Retry 2/5 for RDKN in 4.1s
[23:29:51] 🔄 Identity reset
[23:29:55] 🧠 New identity created
[23:29:56] [44/445] ADGC
[23:29:56] [45/445] VRBP
[23:29:58] [46/445] NMNA
[23:29:59] [47/445] CMMX
[23:30:00] [48/445] PTKO
[23:30:00] [49/445] RBML
[23:30:01] [50/445] SAIC
[23:30:02] [51/445] SVTJ
[23:30:02] 🔄 Identity reset
[23:30:02] 🔄 Identity rotated (every 10 requests)
[23:30:03] [52/445] MRTE
[23:30:04] [53/445] RBTP
[23:30:05] [54/445] NLPS
[23:30:06] [55/445] GTNA
[23:30:07] [56/445] DGGC
[23:30:08] [57/445] SMCR
[23:30:09] [58/445] SCGD
[23:30:10] [59/445] SRRJ
[23:30:12] [60/445] CNRY
[23:30:12] [61/445] KTDI
[23:30:12] 🔄 Identity reset
[23:30:12] 🔄 Identity rotated (every 10 requests)
[23:30:12] 🔄 Retry 1/5 for KTDI in 2.1s
[23:30:12] 🔄 Identity reset
[23:30:15] 🧠 New identity created
[23:30:15] 🔄 Retry 2/5 for KTDI in 4.4s
[23:30:15] 🔄 Identity reset
[23:30:19] 🧠 New identity created
[23:30:20] [62/445] SNJL
[23:30:21] [63/445] RKMD
[23:30:22] [64/445] SMDC
[23:30:23] [65/445] TADG
[23:30:23] [66/445] MCGS
[23:30:25] [67/445] PETK
[23:30:26] [68/445] CHAG
[23:30:27] [69/445] KSTL
[23:30:27] 🔄 Identity reset
[23:30:27] 🔄 Identity rotated (every 10 requests)
[23:30:28] [70/445] AADS
[23:30:29] [71/445] NTHZ
[23:30:30] [72/445] HCKI
[23:30:31] [73/445] SSEF
[23:30:32] [74/445] MCGX
[23:30:33] [75/445] ERRA
[23:30:34] [76/445] SDTW
[23:30:35] [77/445] RMPK
[23:30:35] [78/445] PTHK
[23:30:36] [79/445] PXCS
[23:30:36] 🔄 Identity reset
[23:30:36] 🔄 Identity rotated (every 10 requests)
[23:30:36] 🔄 Retry 1/5 for PXCS in 2.6s
[23:30:36] 🔄 Identity reset
[23:30:39] 🧠 New identity created
[23:30:40] [80/445] SVLU
[23:30:41] [81/445] STAH
[23:30:42] [82/445] JRGF
[23:30:43] [83/445] CDOK
[23:30:44] [84/445] CMSG
[23:30:45] [85/445] APTD
[23:30:46] [86/445] KMPG
[23:30:47] [87/445] MUTJ
[23:30:48] [88/445] VCCI
[23:30:48] 🔄 Identity reset
[23:30:48] 🔄 Identity rotated (every 10 requests)
[23:30:49] [89/445] URBE
[23:30:50] [90/445] TCTS
[23:30:50] [91/445] STSN
[23:30:51] [92/445] AKCH
[23:30:52] [93/445] APSC
[23:30:54] [94/445] VLTB
[23:30:55] [95/445] SANU
[23:30:56] [96/445] AXAM
[23:30:57] [97/445] MGMG
[23:30:58] [98/445] HTBY
[23:30:58] 🔄 Identity reset
[23:30:58] 🔄 Identity rotated (every 10 requests)
[23:30:58] 🔄 Retry 1/5 for HTBY in 2.4s
[23:30:58] 🔄 Identity reset
[23:31:01] 🧠 New identity created
[23:31:02] [99/445] MMZS
[23:31:03] [100/445] SUDR
[23:31:04] [101/445] CCAD
[23:31:05] [102/445] SKKC
[23:31:06] [103/445] RMCD
[23:31:07] [104/445] SBCQ
[23:31:08] [105/445] DCCT
[23:31:09] [106/445] VTKP
[23:31:11] [107/445] MLAM
[23:31:11] 🔄 Identity reset
[23:31:11] 🔄 Identity rotated (every 10 requests)
[23:31:11] [108/445] SAVT
[23:31:12] [109/445] GEPL
[23:31:13] [110/445] AMCD
[23:31:15] [111/445] CCXR
[23:31:16] [112/445] GRNG
[23:31:17] [113/445] EBCA
[23:31:18] [114/445] CNVG
[23:31:19] [115/445] MWSS
[23:31:20] [116/445] VBOR
[23:31:20] [117/445] NEEB
[23:31:20] 🔄 Identity reset
[23:31:21] 🔄 Identity rotated (every 10 requests)
[23:31:21] 🔄 Retry 1/5 for NEEB in 2.6s
[23:31:21] 🔄 Identity reset
[23:31:23] 🧠 New identity created
[23:31:24] [118/445] SUTH
[23:31:25] [119/445] ANDB
[23:31:26] [120/445] MMXS
[23:31:27] [121/445] CNPD
[23:31:28] [122/445] SDCE
[23:31:29] [123/445] DHCB
[23:31:30] [124/445] ODEN
[23:31:31] [125/445] TNTC
[23:31:32] [126/445] VBKM
[23:31:32] 🔄 Identity reset
[23:31:32] 🔄 Identity rotated (every 10 requests)
[23:31:32] [127/445] RZYM
[23:31:33] [128/445] JEMC
[23:31:34] [129/445] CMAU
[23:31:35] [130/445] SIVP
[23:31:36] [131/445] ATAG
[23:31:37] [132/445] CHTM
[23:31:38] [133/445] AAEE
[23:31:40] [134/445] IWPM
[23:31:41] [135/445] KCMW
[23:31:42] [136/445] MCTD
[23:31:42] 🔄 Identity reset
[23:31:42] 🔄 Identity rotated (every 10 requests)
[23:31:42] 🔄 Retry 1/5 for MCTD in 2.4s
[23:31:42] 🔄 Identity reset
[23:31:44] 🧠 New identity created
[23:31:45] [137/445] SPWR
[23:31:47] [138/445] SDPO
[23:31:48] [139/445] PCSK
[23:31:48] [140/445] ACHV
[23:31:49] [141/445] SVLA
[23:31:50] [142/445] PICT
[23:31:51] [143/445] BXDR
[23:31:52] [144/445] SPWA
[23:31:53] [145/445] MCKO
[23:31:53] 🔄 Identity reset
[23:31:53] 🔄 Identity rotated (every 10 requests)
[23:31:54] [146/445] RTHK
[23:31:55] [147/445] CCMF
[23:32:04] [148/445] MRGB
[23:32:05] [149/445] CPLC
[23:32:06] [150/445] RACD
[23:32:07] [151/445] ATKT
[23:32:08] [152/445] SARN
[23:32:09] [153/445] KKUI
[23:32:10] [154/445] RGCM
[23:32:11] [155/445] BRVP
[23:32:11] 🔄 Identity reset
[23:32:11] 🔄 Identity rotated (every 10 requests)
[23:32:12] [156/445] HRSR
[23:32:13] [157/445] GKGM
[23:32:14] [158/445] TTCD
[23:32:14] [159/445] PTTI
[23:32:15] [160/445] MPTT
[23:32:16] [161/445] CVTT
[23:32:17] [162/445] PCXD
[23:32:18] [163/445] GCDC
[23:32:19] [164/445] CCCF
[23:32:20] [165/445] MRAD
[23:32:20] 🔄 Identity reset
[23:32:20] 🔄 Identity rotated (every 10 requests)
[23:32:21] [166/445] CPLK
[23:32:22] [167/445] SATB
[23:32:23] [168/445] SNVG
[23:32:24] [169/445] JMBA
[23:32:24] [170/445] TEJA
[23:32:25] [171/445] STYO
[23:32:26] [172/445] JTBP
[23:32:27] [173/445] KRGD
[23:32:28] [174/445] SLJJ
[23:32:29] [175/445] SPTJ
[23:32:29] 🔄 Identity reset
[23:32:29] 🔄 Identity rotated (every 10 requests)
[23:32:29] 🔄 Retry 1/5 for SPTJ in 2.6s
[23:32:29] 🔄 Identity reset
[23:32:32] 🧠 New identity created
[23:32:32] 🔄 Retry 2/5 for SPTJ in 4.8s
[23:32:32] 🔄 Identity reset
[23:32:36] 🧠 New identity created
[23:32:37] [176/445] SWJG
[23:32:38] [177/445] LKRT
[23:32:39] [178/445] KCKA
[23:32:41] [179/445] SNCR
[23:32:42] [180/445] SMKL
[23:32:43] [181/445] GCFA
[23:32:44] [182/445] DDCK
[23:32:45] [183/445] NCHJ
[23:32:45] 🔄 Identity reset
[23:32:45] 🔄 Identity rotated (every 10 requests)
[23:32:45] 🔄 Retry 1/5 for NCHJ in 2.9s
[23:32:45] 🔄 Identity reset
[23:32:48] 🧠 New identity created
[23:32:48] 🔄 Retry 2/5 for NCHJ in 4.5s
[23:32:48] 🔄 Identity reset
[23:32:52] 🧠 New identity created
[23:32:52] 🔄 Retry 3/5 for NCHJ in 9.0s
[23:32:52] 🔄 Identity reset
[23:33:01] 🧠 New identity created
[23:33:03] [184/445] RDMA
[23:33:03] [185/445] SVSV
[23:33:04] [186/445] SCJG
[23:33:06] [187/445] VKLP
[23:33:07] [188/445] NWCC
[23:33:08] [189/445] VKNS
[23:33:09] [190/445] SDDP
[23:33:09] 🔄 Identity reset
[23:33:09] 🔄 Identity rotated (every 10 requests)
[23:33:10] [191/445] ACSI
[23:33:10] [192/445] SATG
[23:33:11] [193/445] SCMW
[23:33:12] [194/445] LKTK
[23:33:13] [195/445] VCKV
[23:33:14] [196/445] KKPE
[23:33:15] [197/445] KIGH
[23:33:16] [198/445] SRPM
[23:33:17] [199/445] SCAH
[23:33:19] [200/445] MUTA
[23:33:19] 🔄 Identity reset
[23:33:19] 🔄 Identity rotated (every 10 requests)
[23:33:20] [201/445] SEPU
[23:33:21] [202/445] INOA
[23:33:22] [203/445] BASK
[23:33:23] [204/445] NECB
[23:33:24] [205/445] GTTG
[23:33:26] [206/445] ASSA
[23:33:27] [207/445] ANCL
[23:33:28] [208/445] GCTI
[23:33:29] [209/445] RCTS
[23:33:30] [210/445] ACNL
[23:33:30] 🔄 Identity reset
[23:33:30] 🔄 Identity rotated (every 10 requests)
[23:33:31] [211/445] MYCT
[23:33:32] [212/445] NMHT
[23:33:33] [213/445] MDIT
[23:33:34] [214/445] LATG
[23:33:35] [215/445] SMTY
[23:33:36] [216/445] CVCT
[23:33:37] [217/445] RAMB
[23:33:37] [218/445] TGMS
[23:33:38] [219/445] BHEL
[23:33:39] [220/445] SHCT
[23:33:39] 🔄 Identity reset
[23:33:40] 🔄 Identity rotated (every 10 requests)
[23:33:40] 🔄 Retry 1/5 for SHCT in 2.3s
[23:33:40] 🔄 Identity reset
[23:33:42] 🧠 New identity created
[23:33:43] [221/445] SVCT
[23:33:44] [222/445] MRIY
[23:33:45] [223/445] SARO
[23:33:46] [224/445] STCT
[23:33:47] [225/445] JKKC
[23:33:48] [226/445] PLTT
[23:33:49] [227/445] SRNT
[23:33:50] [228/445] YAST
[23:33:52] [229/445] PERL
[23:33:52] 🔄 Identity reset
[23:33:52] 🔄 Identity rotated (every 10 requests)
[23:33:54] [230/445] CICM
[23:33:55] [231/445] MMTR
[23:33:55] [232/445] ABTK
[23:33:57] [233/445] ATYY
[23:33:57] [234/445] ASTK
[23:33:58] [235/445] VVCK
[23:33:59] [236/445] ATKY
[23:34:00] [237/445] GWEK
[23:34:01] [238/445] SVFH
[23:34:02] [239/445] SLTA
[23:34:02] 🔄 Identity reset
[23:34:02] 🔄 Identity rotated (every 10 requests)
[23:34:03] [240/445] AASH
[23:34:04] [241/445] ACXB
[23:34:05] [242/445] SMTX
[23:34:06] [243/445] AZDH
[23:34:07] [244/445] CMMH
[23:34:08] [245/445] SCSZ
[23:34:09] [246/445] SCKP
[23:34:10] [247/445] NXTM
[23:34:11] [248/445] NWCS
[23:34:12] [249/445] CXMH
[23:34:12] 🔄 Identity reset
[23:34:12] 🔄 Identity rotated (every 10 requests)
[23:34:13] 🔄 Retry 1/5 for CXMH in 2.4s
[23:34:13] 🔄 Identity reset
[23:34:15] 🧠 New identity created
[23:34:15] 🔄 Retry 2/5 for CXMH in 4.4s
[23:34:15] 🔄 Identity reset
[23:34:19] 🧠 New identity created
[23:34:20] [250/445] PCMA
[23:34:21] [251/445] SGCM
[23:34:22] [252/445] SDTU
[23:34:23] [253/445] MMVI
[23:34:24] [254/445] JKCM
[23:34:25] [255/445] VCMM
[23:34:26] [256/445] SYEE
[23:34:27] [257/445] VASD
[23:34:27] 🔄 Identity reset
[23:34:27] 🔄 Identity rotated (every 10 requests)
[23:34:27] [258/445] BDRB
[23:34:29] [259/445] LASM
[23:34:29] [260/445] DCRL
[23:34:30] [261/445] DVPM
[23:34:31] [262/445] SBMJ
[23:34:32] [263/445] CBMU
[23:34:33] [264/445] IUBS
[23:34:34] [265/445] INAP
[23:34:35] [266/445] SRRC
[23:34:36] [267/445] SAGR
[23:34:36] 🔄 Identity reset
[23:34:36] 🔄 Identity rotated (every 10 requests)
[23:34:36] 🔄 Retry 1/5 for SAGR in 2.2s
[23:34:36] 🔄 Identity reset
[23:34:38] 🧠 New identity created
[23:34:39] [268/445] CPMJ
[23:34:40] [269/445] ATJL
[23:34:41] [270/445] NNTD
[23:34:42] [271/445] JHCJ
[23:34:43] [272/445] CMMP
[23:34:44] [273/445] RSDR
[23:34:45] [274/445] AMTI
[23:34:45] [275/445] NYSG
[23:34:46] [276/445] AVSG
[23:34:46] 🔄 Identity reset
[23:34:46] 🔄 Identity rotated (every 10 requests)
[23:34:46] 🔄 Retry 1/5 for AVSG in 2.7s
[23:34:46] 🔄 Identity reset
[23:34:49] 🧠 New identity created
[23:34:49] 🔄 Retry 2/5 for AVSG in 4.5s
[23:34:49] 🔄 Identity reset
[23:34:54] 🧠 New identity created
[23:34:55] [277/445] SYTP
[23:34:56] [278/445] LARC
[23:34:57] [279/445] RJTP
[23:34:57] [280/445] LAKC
[23:34:58] [281/445] MCXE
[23:34:59] [282/445] CCZC
[23:35:01] [283/445] AVCH
[23:35:02] [284/445] CMBE
[23:35:02] 🔄 Identity reset
[23:35:02] 🔄 Identity rotated (every 10 requests)
[23:35:03] [285/445] MRRC
[23:35:04] [286/445] PCPY
[23:35:05] [287/445] SRMH
[23:35:06] [288/445] SVGS
[23:35:07] [289/445] PCSE
[23:35:08] [290/445] SVFT
[23:35:10] [291/445] TNZP
[23:35:11] [292/445] ICTP
[23:35:11] [293/445] ACTZ
[23:35:12] [294/445] GTUR
[23:35:12] 🔄 Identity reset
[23:35:12] 🔄 Identity rotated (every 10 requests)
[23:35:13] [295/445] MAFC
[23:35:14] [296/445] MINL
[23:35:15] [297/445] MRCL
[23:35:16] [298/445] RCRP
[23:35:17] [299/445] RFFG
[23:35:18] [300/445] RMAS
[23:35:19] [301/445] INVR
[23:35:20] [302/445] RMAR
[23:35:21] [303/445] CNIS
[23:35:21] [304/445] RHRJ
[23:35:21] 🔄 Identity reset
[23:35:21] 🔄 Identity rotated (every 10 requests)
[23:35:23] [305/445] INXR
[23:35:24] [306/445] VALT
[23:35:24] [307/445] LCSH
[23:35:26] [308/445] CMVS
[23:35:27] [309/445] CNMS
[23:35:28] [310/445] ROOG
[23:35:29] [311/445] ISRM
[23:35:30] [312/445] RCRM
[23:35:31] [313/445] ACJA
[23:35:32] [314/445] RCVS
[23:35:32] 🔄 Identity reset
[23:35:32] 🔄 Identity rotated (every 10 requests)
[23:35:33] [315/445] CPUS
[23:35:34] [316/445] TGCS
[23:35:35] [317/445] RKCJ
[23:35:36] [318/445] MKSB
[23:35:37] [319/445] TCSJ
[23:35:38] [320/445] RMGP
[23:35:39] [321/445] CLLP
[23:35:40] [322/445] RCMV
[23:35:41] [323/445] CCKS
[23:35:42] [324/445] RSRP
[23:35:42] 🔄 Identity reset
[23:35:42] 🔄 Identity rotated (every 10 requests)
[23:35:43] [325/445] APLP
[23:35:44] [326/445] CNVS
[23:35:46] [327/445] RMVY
[23:35:46] [328/445] PGBD
[23:35:47] [329/445] KLMS
[23:35:48] [330/445] RUST
[23:35:49] [331/445] MASM
[23:35:50] [332/445] BACS
[23:35:51] [333/445] BWST
[23:35:52] [334/445] RRFH
[23:35:52] 🔄 Identity reset
[23:35:52] 🔄 Identity rotated (every 10 requests)
[23:35:54] [335/445] SJTM
[23:35:54] [336/445] BEMR
[23:35:55] [337/445] MCGR
[23:35:57] [338/445] SDSK
[23:35:58] [339/445] VBOL
[23:35:59] [340/445] RMGM
[23:36:00] [341/445] NOPL
[23:36:00] [342/445] MKJK
[23:36:01] [343/445] CVRN
[23:36:02] [344/445] MMEN
[23:36:02] 🔄 Identity reset
[23:36:02] 🔄 Identity rotated (every 10 requests)
[23:36:03] [345/445] AMNG
[23:36:04] [346/445] INTM
[23:36:05] [347/445] SLCZ
[23:36:06] [348/445] AMJN
[23:36:07] [349/445] ACJN
[23:36:08] [350/445] AMKN
[23:36:08] [351/445] BTCN
[23:36:10] [352/445] AMBT
[23:36:11] [353/445] PACN
[23:36:11] [354/445] LCNS
[23:36:11] 🔄 Identity reset
[23:36:11] 🔄 Identity rotated (every 10 requests)
[23:36:12] [355/445] PPKC
[23:36:13] [356/445] JYYN
[23:36:14] [357/445] JTNR
[23:36:15] [358/445] GTEE
[23:36:16] [359/445] SRNM
[23:36:17] [360/445] SDTC
[23:36:18] [361/445] VPCA
[23:36:18] [362/445] VLRA
[23:36:19] [363/445] SHKR
[23:36:20] [364/445] SBKD
[23:36:20] 🔄 Identity reset
[23:36:20] 🔄 Identity rotated (every 10 requests)
[23:36:21] [365/445] SAAD
[23:36:23] [366/445] JTGN
[23:36:24] [367/445] SLAM
[23:36:25] [368/445] VTPM
[23:36:26] [369/445] ANPT
[23:36:27] [370/445] PUNB
[23:36:27] [371/445] CPKT
[23:36:29] [372/445] CNWE
[23:36:29] [373/445] ECPP
[23:36:30] [374/445] CPAR
[23:36:30] 🔄 Identity reset
[23:36:30] 🔄 Identity rotated (every 10 requests)
[23:36:30] 🔄 Retry 1/5 for CPAR in 2.6s
[23:36:30] 🔄 Identity reset
[23:36:33] 🧠 New identity created
[23:36:34] [375/445] ESBW
[23:36:35] [376/445] PKPU
[23:36:36] [377/445] CPRP
[23:36:37] [378/445] RAHU
[23:36:38] [379/445] RHMN
[23:36:39] [380/445] FMJP
[23:36:40] [381/445] CTMP
[23:36:40] [382/445] INPN
[23:36:42] [383/445] STTG
[23:36:42] 🔄 Identity reset
[23:36:42] 🔄 Identity rotated (every 10 requests)
[23:36:43] [384/445] CTRD
[23:36:44] [385/445] PUVB
[23:36:46] [386/445] ESVP
[23:36:47] [387/445] CPFT
[23:36:48] [388/445] LCPC
[23:36:49] [389/445] VBCT
[23:36:50] [390/445] FSCW
[23:36:51] [391/445] VCMP
[23:36:52] [392/445] ASHC
[23:36:53] [393/445] VLCX
[23:36:53] 🔄 Identity reset
[23:36:53] 🔄 Identity rotated (every 10 requests)
[23:36:54] [394/445] SHEV
[23:36:55] [395/445] APCO
[23:36:56] [396/445] SILC
[23:36:57] [397/445] SNMR
[23:36:58] [398/445] KYBO
[23:36:59] [399/445] SATK
[23:37:00] [400/445] SSCS
[23:37:01] [401/445] CLSB
[23:37:02] [402/445] KMJR
[23:37:03] [403/445] FSCK
[23:37:03] 🔄 Identity reset
[23:37:03] 🔄 Identity rotated (every 10 requests)
[23:37:04] [404/445] NNKA
[23:37:05] [405/445] CLMK
[23:37:06] [406/445] DMPZ
[23:37:07] [407/445] INQM
[23:37:08] [408/445] CAML
[23:37:09] [409/445] INRK
[23:37:10] [410/445] IMKN
[23:37:11] [411/445] SVNR
[23:37:12] [412/445] INSL
[23:37:13] [413/445] MSMA
[23:37:13] 🔄 Identity reset
[23:37:13] 🔄 Identity rotated (every 10 requests)
[23:37:13] 🔄 Retry 1/5 for MSMA in 2.0s
[23:37:13] 🔄 Identity reset
[23:37:15] 🧠 New identity created
[23:37:16] [414/445] MCKK
[23:37:17] [415/445] FCHP
[23:37:18] [416/445] SFCR
[23:37:19] [417/445] NACK
[23:37:21] [418/445] PVAK
[23:37:21] [419/445] INER
[23:37:22] [420/445] RDBK
[23:37:23] [421/445] SVFN
[23:37:24] [422/445] IFRM
[23:37:24] 🔄 Identity reset
[23:37:24] 🔄 Identity rotated (every 10 requests)
[23:37:24] 🔄 Retry 1/5 for IFRM in 2.7s
[23:37:24] 🔄 Identity reset
[23:37:27] 🧠 New identity created
[23:37:27] 🔄 Retry 2/5 for IFRM in 4.1s
[23:37:27] 🔄 Identity reset
[23:37:31] 🧠 New identity created
[23:37:32] [423/445] ATCK
[23:37:33] [424/445] ASKO
[23:37:34] [425/445] STKT
[23:37:35] [426/445] SVFB
[23:37:36] [427/445] INKS
[23:37:37] [428/445] PCRA
[23:37:38] [429/445] ATJA
[23:37:38] [430/445] IMJN
[23:37:38] 🔄 Identity reset
[23:37:38] 🔄 Identity rotated (every 10 requests)
[23:37:39] [431/445] INHD
[23:37:40] [432/445] BARA
[23:37:41] [433/445] MCSL
[23:37:42] [434/445] RTOY
[23:37:43] [435/445] MENO
[23:37:44] [436/445] PUDM
[23:37:45] [437/445] PRCN
[23:37:46] [438/445] JMJR
[23:37:47] [439/445] SSGK
[23:37:48] [440/445] SSRL
[23:37:48] 🔄 Identity reset
[23:37:48] 🔄 Identity rotated (every 10 requests)
[23:37:49] [441/445] JYKL
[23:37:50] [442/445] ACNB
[23:37:51] [443/445] SONP
[23:37:52] [444/445] EMCI
[23:37:53] [445/445] MRJH
[23:37:54] 🧹 Deduping shows
[23:37:54] ✅ DONE | Shows=3691 | Movies=92
