[16:54:35] 🚀 SCRIPT STARTED (enhanced anti‑detection)
[16:54:35] [1/455] MXGN
[16:54:36] 🧠 New identity created
[16:54:36] [2/455] PGGM
[16:54:37] [3/455] IPMJ
[16:54:39] [4/455] M2PP
[16:54:40] [5/455] PMMS
[16:54:41] [6/455] SCJN
[16:54:42] [7/455] CPUM
[16:54:43] [8/455] SCND
[16:54:44] [9/455] INWM
[16:54:44] [10/455] DVDC
[16:54:45] 🔄 Identity reset
[16:54:45] 🔄 Identity rotated (every 10 requests)
[16:54:45] 🔄 Retry 1/5 for DVDC in 3.0s
[16:54:45] 🔄 Identity reset
[16:54:48] 🧠 New identity created
[16:54:48] [11/455] WVND
[16:54:49] [12/455] LBDL
[16:54:50] [13/455] CRGM
[16:54:51] [14/455] PVKS
[16:54:52] [15/455] PBLL
[16:54:53] [16/455] FNLN
[16:54:54] [17/455] PPDA
[16:54:56] [18/455] SCPT
[16:54:56] [19/455] IAJS
[16:54:57] 🔄 Identity reset
[16:54:57] 🔄 Identity rotated (every 10 requests)
[16:54:57] 🔄 Retry 1/5 for IAJS in 2.8s
[16:54:57] 🔄 Identity reset
[16:55:00] 🧠 New identity created
[16:55:00] [20/455] MMZG
[16:55:01] [21/455] MCTI
[16:55:02] [22/455] PPMF
[16:55:03] [23/455] FNSD
[16:55:04] [24/455] M2RH
[16:55:05] [25/455] CPGV
[16:55:06] [26/455] PECD
[16:55:06] [27/455] CTEE
[16:55:07] [28/455] IOMG
[16:55:08] 🔄 Identity reset
[16:55:08] 🔄 Identity rotated (every 10 requests)
[16:55:08] 🔄 Retry 1/5 for IOMG in 2.6s
[16:55:08] 🔄 Identity reset
[16:55:11] 🧠 New identity created
[16:55:12] [29/455] CIJA
[16:55:13] [30/455] NYCG
[16:55:13] [31/455] CEST
[16:55:15] [32/455] WVRG
[16:55:16] [33/455] DPDC
[16:55:17] [34/455] PDIV
[16:55:18] [35/455] MTPP
[16:55:19] [36/455] MHNU
[16:55:20] [37/455] WUPG
[16:55:21] 🔄 Identity reset
[16:55:21] 🔄 Identity rotated (every 10 requests)
[16:55:21] [38/455] USCO
[16:55:23] [39/455] INFR
[16:55:23] [40/455] PVPD
[16:55:24] [41/455] RONC
[16:55:25] [42/455] IOCP
[16:55:26] [43/455] EMPS
[16:55:27] [44/455] PNAD
[16:55:28] [45/455] VVGZ
[16:55:29] [46/455] MDDC
[16:55:29] [47/455] MMAP
[16:55:30] 🔄 Identity reset
[16:55:30] 🔄 Identity rotated (every 10 requests)
[16:55:30] [48/455] GPDC
[16:55:31] [49/455] PVPU
[16:55:33] [50/455] DCMV
[16:55:34] [51/455] PCCF
[16:55:35] [52/455] MCEF
[16:55:36] [53/455] INRD
[16:55:36] [54/455] CCPZ
[16:55:37] [55/455] BCWG
[16:55:38] [56/455] PMGU
[16:55:39] [57/455] MCVM
[16:55:39] 🔄 Identity reset
[16:55:39] 🔄 Identity rotated (every 10 requests)
[16:55:39] 🔄 Retry 1/5 for MCVM in 2.5s
[16:55:39] 🔄 Identity reset
[16:55:42] 🧠 New identity created
[16:55:42] [58/455] MCDE
[16:55:43] [59/455] IEFM
[16:55:44] [60/455] MXCS
[16:55:44] [61/455] RNMT
[16:55:45] [62/455] PSDD
[16:55:46] [63/455] PETA
[16:55:47] [64/455] IZOP
[16:55:51] [65/455] PDEI
[16:55:54] [66/455] MTND
[16:55:54] 🔄 Identity reset
[16:55:54] 🔄 Identity rotated (every 10 requests)
[16:55:55] [67/455] PCPL
[16:55:55] [68/455] LSCM
[16:55:56] [69/455] BTFD
[16:55:58] [70/455] MERM
[16:55:58] [71/455] PVMS
[16:56:00] [72/455] CIGK
[16:56:01] [73/455] INSG
[16:56:02] [74/455] IDEN
[16:56:02] [75/455] MCGN
[16:56:03] [76/455] IGAM
[16:56:04] 🔄 Identity reset
[16:56:04] 🔄 Identity rotated (every 10 requests)
[16:56:04] 🔄 Retry 1/5 for IGAM in 2.4s
[16:56:04] 🔄 Identity reset
[16:56:06] 🧠 New identity created
[16:56:06] 🔄 Retry 2/5 for IGAM in 4.3s
[16:56:06] 🔄 Identity reset
[16:56:11] 🧠 New identity created
[16:56:11] [77/455] SLCU
[16:56:12] [78/455] MIMU
[16:56:13] [79/455] QLAC
[16:56:14] [80/455] MENL
[16:56:15] [81/455] SCUR
[16:56:16] [82/455] MDGD
[16:56:17] [83/455] LSRS
[16:56:18] [84/455] KMLG
[16:56:18] 🔄 Identity reset
[16:56:18] 🔄 Identity rotated (every 10 requests)
[16:56:18] [85/455] MKLJ
[16:56:19] [86/455] IBYG
[16:56:21] [87/455] ISML
[16:56:25] [88/455] MJMM
[16:56:26] [89/455] RCGD
[16:56:27] [90/455] MMOC
[16:56:28] [91/455] RRCO
[16:56:29] [92/455] MEDM
[16:56:30] [93/455] MCAZ
[16:56:30] [94/455] STWA
[16:56:31] 🔄 Identity reset
[16:56:31] 🔄 Identity rotated (every 10 requests)
[16:56:31] [95/455] PFFG
[16:56:33] [96/455] GAGC
[16:56:33] [97/455] PMPM
[16:56:34] [98/455] HVCD
[16:56:35] [99/455] AKRF
[16:56:36] [100/455] AKRC
[16:56:37] [101/455] MIDA
[16:56:38] [102/455] MAGX
[16:56:39] [103/455] ESOS
[16:56:39] [104/455] BBCL
[16:56:40] 🔄 Identity reset
[16:56:40] 🔄 Identity rotated (every 10 requests)
[16:56:41] [105/455] LYAS
[16:56:42] [106/455] NRMS
[16:56:43] [107/455] BHUC
[16:56:44] [108/455] SRIC
[16:56:45] [109/455] PDME
[16:56:46] [110/455] MJCS
[16:56:48] [111/455] NRAA
[16:56:48] [112/455] VATA
[16:56:49] [113/455] MNKC
[16:56:50] [114/455] DHCL
[16:56:51] 🔄 Identity reset
[16:56:51] 🔄 Identity rotated (every 10 requests)
[16:56:51] 🔄 Retry 1/5 for DHCL in 2.5s
[16:56:51] 🔄 Identity reset
[16:56:53] 🧠 New identity created
[16:56:54] [115/455] JCPC
[16:56:55] [116/455] CTML
[16:56:56] [117/455] RMMR
[16:56:56] [118/455] STTL
[16:56:57] [119/455] CNPS
[16:56:58] [120/455] ACKL
[16:56:59] [121/455] SCAU
[16:57:01] [122/455] RMIA
[16:57:02] [123/455] MANU
[16:57:03] 🔄 Identity reset
[16:57:03] 🔄 Identity rotated (every 10 requests)
[16:57:03] [124/455] ARDC
[16:57:04] [125/455] GLDA
[16:57:06] [126/455] KVSW
[16:57:07] [127/455] CGCA
[16:57:08] [128/455] CMLO
[16:57:08] [129/455] CECB
[16:57:09] [130/455] RCPN
[16:57:10] [131/455] ASMW
[16:57:11] [132/455] PWLM
[16:57:12] [133/455] ASGM
[16:57:13] 🔄 Identity reset
[16:57:13] 🔄 Identity rotated (every 10 requests)
[16:57:13] [134/455] ACWH
[16:57:14] [135/455] AAPW
[16:57:15] [136/455] RTWA
[16:57:16] [137/455] RAMW
[16:57:17] [138/455] VKTR
[16:57:18] [139/455] SMBH
[16:57:19] [140/455] BVDR
[16:57:20] [141/455] MRTP
[16:57:21] [142/455] BLBR
[16:57:22] [143/455] LPIN
[16:57:22] 🔄 Identity reset
[16:57:22] 🔄 Identity rotated (every 10 requests)
[16:57:23] [144/455] SNPC
[16:57:24] [145/455] PDCB
[16:57:24] [146/455] DYPK
[16:57:25] [147/455] INMK
[16:57:26] [148/455] PDCK
[16:57:27] [149/455] PCKR
[16:57:28] [150/455] SHUA
[16:57:29] [151/455] SCVK
[16:57:30] [152/455] STPA
[16:57:31] [153/455] WVHD
[16:57:31] 🔄 Identity reset
[16:57:31] 🔄 Identity rotated (every 10 requests)
[16:57:31] [154/455] MRCH
[16:57:32] [155/455] MCNP
[16:57:33] [156/455] RCAG
[16:57:35] [157/455] JTSN
[16:57:35] [158/455] AANS
[16:57:36] [159/455] GDDR
[16:57:37] [160/455] SRER
[16:57:38] [161/455] JKMA
[16:57:39] [162/455] ARAN
[16:57:40] [163/455] ALCT
[16:57:40] 🔄 Identity reset
[16:57:40] 🔄 Identity rotated (every 10 requests)
[16:57:41] [164/455] CCTA
[16:57:42] [165/455] CNCT
[16:57:43] [166/455] NZBL
[16:57:44] [167/455] SRRA
[16:57:45] [168/455] SVPW
[16:57:45] [169/455] SRTW
[16:57:46] [170/455] XMTD
[16:57:47] [171/455] SCCZ
[16:57:48] [172/455] PBCR
[16:57:49] [173/455] RTSC
[16:57:50] 🔄 Identity reset
[16:57:50] 🔄 Identity rotated (every 10 requests)
[16:57:50] [174/455] TLSV
[16:57:51] [175/455] RMTK
[16:57:52] [176/455] SRAT
[16:57:53] [177/455] GCYC
[16:57:54] [178/455] HCAJ
[16:57:56] [179/455] LCXA
[16:57:57] [180/455] BINT
[16:57:58] [181/455] IXIM
[16:57:59] [182/455] MBCR
[16:58:00] [183/455] BMCJ
[16:58:00] 🔄 Identity reset
[16:58:00] 🔄 Identity rotated (every 10 requests)
[16:58:00] 🔄 Retry 1/5 for BMCJ in 2.8s
[16:58:00] 🔄 Identity reset
[16:58:03] 🧠 New identity created
[16:58:04] [184/455] NICJ
[16:58:05] [185/455] SCAJ
[16:58:05] [186/455] CMXS
[16:58:07] [187/455] MMSR
[16:58:08] [188/455] PRKT
[16:58:09] [189/455] LPTH
[16:58:10] [190/455] SARP
[16:58:11] [191/455] MNPP
[16:58:12] [192/455] PRLR
[16:58:12] 🔄 Identity reset
[16:58:12] 🔄 Identity rotated (every 10 requests)
[16:58:12] [193/455] RCMW
[16:58:13] [194/455] FCMG
[16:58:14] [195/455] RTNK
[16:58:15] [196/455] LRCP
[16:58:16] [197/455] DBJR
[16:58:17] [198/455] CACN
[16:58:18] [199/455] AMRL
[16:58:19] [200/455] SBBC
[16:58:20] [201/455] VENN
[16:58:21] [202/455] STSS
[16:58:21] 🔄 Identity reset
[16:58:21] 🔄 Identity rotated (every 10 requests)
[16:58:22] [203/455] SMRB
[16:58:23] [204/455] CCMX
[16:58:24] [205/455] KCMR
[16:58:25] [206/455] SALH
[16:58:26] [207/455] CGTT
[16:58:27] [208/455] PMDR
[16:58:28] [209/455] VCPM
[16:58:29] [210/455] RZMX
[16:58:31] [211/455] TMSY
[16:58:31] [212/455] NTMS
[16:58:32] 🔄 Identity reset
[16:58:32] 🔄 Identity rotated (every 10 requests)
[16:58:32] [213/455] VTAG
[16:58:33] [214/455] REMA
[16:58:34] [215/455] NXCC
[16:58:36] [216/455] SKYM
[16:58:36] [217/455] CCMO
[16:58:37] [218/455] DMXM
[16:58:39] [219/455] SPPM
[16:58:40] [220/455] PTKL
[16:58:41] [221/455] SLVO
[16:58:42] [222/455] VASL
[16:58:43] 🔄 Identity reset
[16:58:43] 🔄 Identity rotated (every 10 requests)
[16:58:43] [223/455] CBCM
[16:58:44] [224/455] STMA
[16:58:45] [225/455] LASK
[16:58:46] [226/455] VITE
[16:58:48] [227/455] AAST
[16:58:49] [228/455] JTPT
[16:58:50] [229/455] RRSH
[16:58:51] [230/455] CINL
[16:58:52] [231/455] MCSR
[16:58:53] [232/455] SBCF
[16:58:53] 🔄 Identity reset
[16:58:53] 🔄 Identity rotated (every 10 requests)
[16:58:54] [233/455] GCDU
[16:58:54] [234/455] PSPR
[16:58:55] [235/455] IMMO
[16:58:57] [236/455] CLGM
[16:58:58] [237/455] PBMM
[16:58:59] [238/455] CEHR
[16:58:59] [239/455] CPOE
[16:59:00] [240/455] PGFD
[16:59:01] [241/455] PSLC
[16:59:02] [242/455] MSMD
[16:59:03] 🔄 Identity reset
[16:59:03] 🔄 Identity rotated (every 10 requests)
[16:59:03] 🔄 Retry 1/5 for MSMD in 2.6s
[16:59:03] 🔄 Identity reset
[16:59:05] 🧠 New identity created
[16:59:06] [243/455] FMFB
[16:59:07] [244/455] RKCL
[16:59:08] [245/455] PMMC
[16:59:08] [246/455] SKMM
[16:59:09] [247/455] VOIB
[16:59:11] [248/455] KINO
[16:59:12] [249/455] VCTP
[16:59:13] [250/455] PDWR
[16:59:14] [251/455] SAED
[16:59:14] 🔄 Identity reset
[16:59:14] 🔄 Identity rotated (every 10 requests)
[16:59:15] [252/455] SRRT
[16:59:15] [253/455] CVLG
[16:59:17] [254/455] SNGN
[16:59:18] [255/455] SIDA
[16:59:19] [256/455] IMCB
[16:59:20] [257/455] SMHP
[16:59:21] [258/455] GDTY
[16:59:22] [259/455] VYCH
[16:59:22] [260/455] PDYA
[16:59:23] [261/455] RKDO
[16:59:24] 🔄 Identity reset
[16:59:24] 🔄 Identity rotated (every 10 requests)
[16:59:24] [262/455] VECG
[16:59:25] [263/455] NFGD
[16:59:26] [264/455] SNDC
[16:59:28] [265/455] SDJH
[16:59:29] [266/455] HASV
[16:59:29] [267/455] PTYK
[16:59:30] [268/455] MUTB
[16:59:31] [269/455] AMRT
[16:59:32] [270/455] VACD
[16:59:34] [271/455] SKDD
[16:59:34] 🔄 Identity reset
[16:59:34] 🔄 Identity rotated (every 10 requests)
[16:59:35] [272/455] STGR
[16:59:36] [273/455] GDAK
[16:59:37] [274/455] SKHK
[16:59:38] [275/455] SLND
[16:59:38] [276/455] APAP
[16:59:39] [277/455] AYYA
[16:59:40] [278/455] VCCZ
[16:59:41] [279/455] MEML
[16:59:42] [280/455] MAOU
[16:59:43] [281/455] ESND
[16:59:44] 🔄 Identity reset
[16:59:44] 🔄 Identity rotated (every 10 requests)
[16:59:44] [282/455] PTBZ
[16:59:45] [283/455] LBCN
[16:59:46] [284/455] PAWA
[16:59:47] [285/455] ZEIC
[16:59:48] [286/455] CGMM
[16:59:49] [287/455] PJPM
[16:59:50] [288/455] ECMR
[16:59:50] [289/455] SHMZ
[16:59:51] [290/455] STCA
[16:59:52] [291/455] VDRC
[16:59:53] 🔄 Identity reset
[16:59:53] 🔄 Identity rotated (every 10 requests)
[16:59:53] [292/455] SEEM
[16:59:54] [293/455] MKNS
[16:59:55] [294/455] KPPP
[16:59:55] [295/455] CCML
[16:59:56] [296/455] CIBA
[16:59:57] [297/455] NACS
[16:59:58] [298/455] CTMK
[16:59:59] [299/455] CTCT
[17:00:00] [300/455] MCSN
[17:00:01] [301/455] MAXX
[17:00:01] 🔄 Identity reset
[17:00:01] 🔄 Identity rotated (every 10 requests)
[17:00:01] [302/455] MECB
[17:00:02] [303/455] NTBY
[17:00:03] [304/455] UTBI
[17:00:04] [305/455] RADK
[17:00:06] [306/455] STBY
[17:00:07] [307/455] GTBY
[17:00:08] [308/455] RRMB
[17:00:09] [309/455] ABRN
[17:00:10] [310/455] GTSG
[17:00:11] [311/455] GBTG
[17:00:12] 🔄 Identity reset
[17:00:12] 🔄 Identity rotated (every 10 requests)
[17:00:12] 🔄 Retry 1/5 for GBTG in 2.9s
[17:00:12] 🔄 Identity reset
[17:00:15] 🧠 New identity created
[17:00:15] 🔄 Retry 2/5 for GBTG in 4.3s
[17:00:15] 🔄 Identity reset
[17:00:19] 🧠 New identity created
[17:00:20] [312/455] SBGS
[17:00:20] [313/455] KBPM
[17:00:21] [314/455] SMHT
[17:00:22] [315/455] VTDM
[17:00:23] [316/455] ASCT
[17:00:24] [317/455] AWCT
[17:00:25] [318/455] DCCU
[17:00:26] [319/455] PSCE
[17:00:26] 🔄 Identity reset
[17:00:26] 🔄 Identity rotated (every 10 requests)
[17:00:27] [320/455] KSNY
[17:00:28] [321/455] ACID
[17:00:29] [322/455] LVCD
[17:00:30] [323/455] KSSB
[17:00:31] [324/455] SWTD
[17:00:32] [325/455] RBMR
[17:00:33] [326/455] SCBC
[17:00:33] [327/455] RKME
[17:00:34] [328/455] GALX
[17:00:35] [329/455] GCCH
[17:00:36] 🔄 Identity reset
[17:00:36] 🔄 Identity rotated (every 10 requests)
[17:00:36] [330/455] RATR
[17:00:37] [331/455] GTGA
[17:00:38] [332/455] LTTR
[17:00:39] [333/455] TTAA
[17:00:39] [334/455] TVHP
[17:00:40] [335/455] KVCS
[17:00:41] [336/455] CBMC
[17:00:42] [337/455] MAYJ
[17:00:43] [338/455] INPR
[17:00:44] [339/455] RSSC
[17:00:44] 🔄 Identity reset
[17:00:44] 🔄 Identity rotated (every 10 requests)
[17:00:44] 🔄 Retry 1/5 for RSSC in 3.0s
[17:00:44] 🔄 Identity reset
[17:00:47] 🧠 New identity created
[17:00:48] [340/455] PCAN
[17:00:48] [341/455] PVHR
[17:00:49] [342/455] AGSM
[17:00:50] [343/455] PVES
[17:00:51] [344/455] INTO
[17:00:52] [345/455] ACON
[17:00:53] [346/455] PVPZ
[17:00:54] [347/455] PVHC
[17:00:55] [348/455] KSTK
[17:00:55] 🔄 Identity reset
[17:00:55] 🔄 Identity rotated (every 10 requests)
[17:00:56] [349/455] PVSR
[17:00:57] [350/455] ACTN
[17:00:58] [351/455] FMCN
[17:00:58] [352/455] PABC
[17:00:59] [353/455] SUTC
[17:01:00] [354/455] PGMV
[17:01:01] [355/455] GKCP
[17:01:02] [356/455] INCH
[17:01:03] [357/455] MLMT
[17:01:04] [358/455] SSCC
[17:01:04] 🔄 Identity reset
[17:01:04] 🔄 Identity rotated (every 10 requests)
[17:01:05] [359/455] SLMP
[17:01:06] [360/455] VVTN
[17:01:06] [361/455] SBTR
[17:01:07] [362/455] PGRA
[17:01:08] [363/455] PBRM
[17:01:09] [364/455] GCRP
[17:01:10] [365/455] MCSK
[17:01:11] [366/455] NLTC
[17:01:12] [367/455] MTLM
[17:01:13] [368/455] VECT
[17:01:13] 🔄 Identity reset
[17:01:13] 🔄 Identity rotated (every 10 requests)
[17:01:13] 🔄 Retry 1/5 for VECT in 2.8s
[17:01:13] 🔄 Identity reset
[17:01:16] 🧠 New identity created
[17:01:16] [369/455] KMRM
[17:01:18] [370/455] RACM
[17:01:19] [371/455] WSTC
[17:01:20] [372/455] PVTJ
[17:01:21] [373/455] MMKC
[17:01:22] [374/455] SVWT
[17:01:23] [375/455] JOTG
[17:01:24] [376/455] VCDK
[17:01:25] [377/455] ANAC
[17:01:25] 🔄 Identity reset
[17:01:25] 🔄 Identity rotated (every 10 requests)
[17:01:25] 🔄 Retry 1/5 for ANAC in 2.7s
[17:01:25] 🔄 Identity reset
[17:01:28] 🧠 New identity created
[17:01:28] [378/455] GRTC
[17:01:30] [379/455] JTPL
[17:01:30] [380/455] VRCP
[17:01:31] [381/455] REMC
[17:01:32] [382/455] ATMG
[17:01:33] [383/455] GAHC
[17:01:34] [384/455] JTMV
[17:01:35] [385/455] OMTT
[17:01:36] [386/455] GKKC
[17:01:36] 🔄 Identity reset
[17:01:36] 🔄 Identity rotated (every 10 requests)
[17:01:36] [387/455] BBPO
[17:01:37] [388/455] ZCBB
[17:01:38] [389/455] DCGO
[17:01:40] [390/455] STOP
[17:01:41] [391/455] BSPC
[17:01:41] [392/455] SOND
[17:01:42] [393/455] GCKG
[17:01:43] [394/455] PCDB
[17:01:44] [395/455] PGRC
[17:01:45] [396/455] CSCT
[17:01:45] 🔄 Identity reset
[17:01:45] 🔄 Identity rotated (every 10 requests)
[17:01:46] [397/455] STDA
[17:01:47] [398/455] JAYD
[17:01:47] [399/455] PPPD
[17:01:48] [400/455] KRTT
[17:01:49] [401/455] PTDT
[17:01:50] [402/455] TRSV
[17:01:51] [403/455] VELR
[17:01:52] [404/455] STDT
[17:01:52] [405/455] SATT
[17:01:53] [406/455] KCPM
[17:01:54] 🔄 Identity reset
[17:01:54] 🔄 Identity rotated (every 10 requests)
[17:01:54] [407/455] MFCP
[17:01:55] [408/455] AXMP
[17:01:56] [409/455] LTVB
[17:01:57] [410/455] APST
[17:01:58] [411/455] DTVP
[17:01:59] [412/455] AAVB
[17:02:00] [413/455] PMBL
[17:02:00] [414/455] STKC
[17:02:01] [415/455] KKMA
[17:02:02] [416/455] NMXS
[17:02:03] 🔄 Identity reset
[17:02:03] 🔄 Identity rotated (every 10 requests)
[17:02:03] 🔄 Retry 1/5 for NMXS in 2.5s
[17:02:03] 🔄 Identity reset
[17:02:05] 🧠 New identity created
[17:02:06] [417/455] DECX
[17:02:06] [418/455] MAPJ
[17:02:07] [419/455] SMLK
[17:02:08] [420/455] PMPU
[17:02:09] [421/455] AFST
[17:02:10] [422/455] SRSY
[17:02:11] [423/455] RMKT
[17:02:11] [424/455] RAJX
[17:02:12] [425/455] UVCD
[17:02:13] 🔄 Identity reset
[17:02:13] 🔄 Identity rotated (every 10 requests)
[17:02:13] [426/455] LISA
[17:02:14] [427/455] LMSR
[17:02:15] [428/455] PMCA
[17:02:16] [429/455] INPO
[17:02:17] [430/455] INGO
[17:02:17] [431/455] HFSQ
[17:02:18] [432/455] INMG
[17:02:19] [433/455] NYCP
[17:02:20] [434/455] HFSV
[17:02:21] [435/455] MMZP
[17:02:21] 🔄 Identity reset
[17:02:21] 🔄 Identity rotated (every 10 requests)
[17:02:22] 🔄 Retry 1/5 for MMZP in 3.0s
[17:02:22] 🔄 Identity reset
[17:02:25] 🧠 New identity created
[17:02:25] [436/455] KSES
[17:02:27] [437/455] HFSA
[17:02:27] [438/455] ACMM
[17:02:28] [439/455] RCKD
[17:02:29] [440/455] BCKR
[17:02:30] [441/455] SFCO
[17:02:32] [442/455] JCCB
[17:02:32] [443/455] BCCR
[17:02:33] [444/455] NWCB
[17:02:34] 🔄 Identity reset
[17:02:34] 🔄 Identity rotated (every 10 requests)
[17:02:34] [445/455] SAMT
[17:02:35] [446/455] TMST
[17:02:36] [447/455] SJCN
[17:02:38] [448/455] MCBS
[17:02:39] [449/455] CMKR
[17:02:40] [450/455] INPM
[17:02:41] [451/455] WVMT
[17:02:42] [452/455] NYSM
[17:02:42] [453/455] RCMA
[17:02:43] [454/455] RECM
[17:02:44] 🔄 Identity reset
[17:02:44] 🔄 Identity rotated (every 10 requests)
[17:02:44] [455/455] CYCM
[17:02:45] 🧹 Deduping shows
[17:02:45] ✅ DONE | Shows=1160 | Movies=15
[03:43:24] 🚀 SCRIPT STARTED (enhanced anti‑detection)
[03:43:24] [1/455] MXGN
[03:43:25] 🧠 New identity created
[03:43:25] [2/455] PGGM
[03:43:26] [3/455] IPMJ
[03:43:27] [4/455] M2PP
[03:43:27] [5/455] PMMS
[03:43:28] [6/455] SCJN
[03:43:29] [7/455] CPUM
[03:43:30] [8/455] SCND
[03:43:31] [9/455] INWM
[03:43:32] [10/455] DVDC
[03:43:32] 🔄 Identity reset
[03:43:32] 🔄 Identity rotated (every 10 requests)
[03:43:33] [11/455] WVND
[03:43:33] [12/455] LBDL
[03:43:34] [13/455] CRGM
[03:43:35] [14/455] PVKS
[03:43:36] [15/455] PBLL
[03:43:37] [16/455] FNLN
[03:43:38] [17/455] PPDA
[03:43:39] [18/455] SCPT
[03:43:40] [19/455] IAJS
[03:43:41] [20/455] MMZG
[03:43:41] 🔄 Identity reset
[03:43:41] 🔄 Identity rotated (every 10 requests)
[03:43:42] [21/455] MCTI
[03:43:43] [22/455] PPMF
[03:43:44] [23/455] FNSD
[03:43:45] [24/455] M2RH
[03:43:46] [25/455] CPGV
[03:43:46] [26/455] PECD
[03:43:47] [27/455] CTEE
[03:43:48] [28/455] IOMG
[03:43:49] [29/455] CIJA
[03:43:50] [30/455] NYCG
[03:43:50] 🔄 Identity reset
[03:43:50] 🔄 Identity rotated (every 10 requests)
[03:43:51] [31/455] CEST
[03:43:52] [32/455] WVRG
[03:43:52] [33/455] DPDC
[03:43:53] [34/455] PDIV
[03:43:54] [35/455] MTPP
[03:43:55] [36/455] MHNU
[03:43:56] [37/455] WUPG
[03:43:57] [38/455] USCO
[03:43:58] [39/455] INFR
[03:43:58] [40/455] PVPD
[03:43:59] 🔄 Identity reset
[03:43:59] 🔄 Identity rotated (every 10 requests)
[03:43:59] [41/455] RONC
[03:44:00] [42/455] IOCP
[03:44:00] [43/455] EMPS
[03:44:01] [44/455] PNAD
[03:44:02] [45/455] VVGZ
[03:44:03] [46/455] MDDC
[03:44:04] [47/455] MMAP
[03:44:05] [48/455] GPDC
[03:44:06] [49/455] PVPU
[03:44:07] [50/455] DCMV
[03:44:07] 🔄 Identity reset
[03:44:07] 🔄 Identity rotated (every 10 requests)
[03:44:08] [51/455] PCCF
[03:44:08] [52/455] MCEF
[03:44:09] [53/455] INRD
[03:44:10] [54/455] CCPZ
[03:44:11] [55/455] BCWG
[03:44:12] [56/455] PMGU
[03:44:13] [57/455] MCVM
[03:44:13] [58/455] MCDE
[03:44:14] [59/455] IEFM
[03:44:15] [60/455] MXCS
[03:44:15] 🔄 Identity reset
[03:44:15] 🔄 Identity rotated (every 10 requests)
[03:44:16] [61/455] RNMT
[03:44:17] [62/455] PSDD
[03:44:17] [63/455] PETA
[03:44:18] [64/455] IZOP
[03:44:19] [65/455] PDEI
[03:44:20] [66/455] MTND
[03:44:21] [67/455] PCPL
[03:44:21] [68/455] LSCM
[03:44:23] [69/455] BTFD
[03:44:24] [70/455] MERM
[03:44:24] 🔄 Identity reset
[03:44:24] 🔄 Identity rotated (every 10 requests)
[03:44:25] [71/455] PVMS
[03:44:25] [72/455] CIGK
[03:44:26] [73/455] INSG
[03:44:28] [74/455] IDEN
[03:44:29] [75/455] MCGN
[03:44:30] [76/455] IGAM
[03:44:30] [77/455] SLCU
[03:44:31] [78/455] MIMU
[03:44:32] [79/455] QLAC
[03:44:32] [80/455] MENL
[03:44:33] 🔄 Identity reset
[03:44:33] 🔄 Identity rotated (every 10 requests)
[03:44:33] [81/455] SCUR
[03:44:34] [82/455] MDGD
[03:44:35] [83/455] LSRS
[03:44:36] [84/455] KMLG
[03:44:37] [85/455] MKLJ
[03:44:38] [86/455] IBYG
[03:44:39] [87/455] ISML
[03:44:40] [88/455] MJMM
[03:44:40] [89/455] RCGD
[03:44:41] [90/455] MMOC
[03:44:42] 🔄 Identity reset
[03:44:42] 🔄 Identity rotated (every 10 requests)
[03:44:43] [91/455] RRCO
[03:44:43] [92/455] MEDM
[03:44:44] [93/455] MCAZ
[03:44:45] [94/455] STWA
[03:44:46] [95/455] PFFG
[03:44:47] [96/455] GAGC
[03:44:48] [97/455] PMPM
[03:44:49] [98/455] HVCD
[03:44:49] [99/455] AKRF
[03:44:50] [100/455] AKRC
[03:44:51] 🔄 Identity reset
[03:44:51] 🔄 Identity rotated (every 10 requests)
[03:44:51] [101/455] MIDA
[03:44:52] [102/455] MAGX
[03:44:53] [103/455] ESOS
[03:44:54] [104/455] BBCL
[03:44:55] [105/455] LYAS
[03:44:55] [106/455] NRMS
[03:44:56] [107/455] BHUC
[03:44:57] [108/455] SRIC
[03:44:58] [109/455] PDME
[03:44:59] [110/455] MJCS
[03:44:59] 🔄 Identity reset
[03:44:59] 🔄 Identity rotated (every 10 requests)
[03:45:00] [111/455] NRAA
[03:45:01] [112/455] VATA
[03:45:03] [113/455] MNKC
[03:45:04] [114/455] DHCL
[03:45:05] [115/455] JCPC
[03:45:06] [116/455] CTML
[03:45:07] [117/455] RMMR
[03:45:07] [118/455] STTL
[03:45:08] [119/455] CNPS
[03:45:09] [120/455] ACKL
[03:45:10] 🔄 Identity reset
[03:45:10] 🔄 Identity rotated (every 10 requests)
[03:45:10] [121/455] SCAU
[03:45:11] [122/455] RMIA
[03:45:12] [123/455] MANU
[03:45:13] [124/455] ARDC
[03:45:14] [125/455] GLDA
[03:45:14] [126/455] KVSW
[03:45:15] [127/455] CGCA
[03:45:16] [128/455] CMLO
[03:45:17] [129/455] CECB
[03:45:18] [130/455] RCPN
[03:45:18] 🔄 Identity reset
[03:45:18] 🔄 Identity rotated (every 10 requests)
[03:45:19] [131/455] ASMW
[03:45:20] [132/455] PWLM
[03:45:21] [133/455] ASGM
[03:45:21] [134/455] ACWH
[03:45:22] [135/455] AAPW
[03:45:23] [136/455] RTWA
[03:45:24] [137/455] RAMW
[03:45:25] [138/455] VKTR
[03:45:26] [139/455] SMBH
[03:45:26] [140/455] BVDR
[03:45:27] 🔄 Identity reset
[03:45:27] 🔄 Identity rotated (every 10 requests)
[03:45:28] [141/455] MRTP
[03:45:29] [142/455] BLBR
[03:45:30] [143/455] LPIN
[03:45:30] [144/455] SNPC
[03:45:31] [145/455] PDCB
[03:45:32] [146/455] DYPK
[03:45:34] [147/455] INMK
[03:45:34] [148/455] PDCK
[03:45:35] [149/455] PCKR
[03:45:36] [150/455] SHUA
[03:45:37] 🔄 Identity reset
[03:45:37] 🔄 Identity rotated (every 10 requests)
[03:45:37] [151/455] SCVK
[03:45:38] [152/455] STPA
[03:45:39] [153/455] WVHD
[03:45:40] [154/455] MRCH
[03:45:41] [155/455] MCNP
[03:45:42] [156/455] RCAG
[03:45:42] [157/455] JTSN
[03:45:43] [158/455] AANS
[03:45:44] [159/455] GDDR
[03:45:45] [160/455] SRER
[03:45:45] 🔄 Identity reset
[03:45:45] 🔄 Identity rotated (every 10 requests)
[03:45:46] [161/455] JKMA
[03:45:46] [162/455] ARAN
[03:45:47] [163/455] ALCT
[03:45:48] [164/455] CCTA
[03:45:49] [165/455] CNCT
[03:45:50] [166/455] NZBL
[03:45:51] [167/455] SRRA
[03:45:51] [168/455] SVPW
[03:45:52] [169/455] SRTW
[03:45:53] [170/455] XMTD
[03:45:54] 🔄 Identity reset
[03:45:54] 🔄 Identity rotated (every 10 requests)
[03:45:54] [171/455] SCCZ
[03:45:55] [172/455] PBCR
[03:45:56] [173/455] RTSC
[03:45:57] [174/455] TLSV
[03:45:58] [175/455] RMTK
[03:45:59] [176/455] SRAT
[03:46:00] [177/455] GCYC
[03:46:01] [178/455] HCAJ
[03:46:01] [179/455] LCXA
[03:46:02] [180/455] BINT
[03:46:03] 🔄 Identity reset
[03:46:03] 🔄 Identity rotated (every 10 requests)
[03:46:03] [181/455] IXIM
[03:46:04] [182/455] MBCR
[03:46:05] [183/455] BMCJ
[03:46:06] [184/455] NICJ
[03:46:06] [185/455] SCAJ
[03:46:07] [186/455] CMXS
[03:46:08] [187/455] MMSR
[03:46:09] [188/455] PRKT
[03:46:09] [189/455] LPTH
[03:46:10] [190/455] SARP
[03:46:11] 🔄 Identity reset
[03:46:11] 🔄 Identity rotated (every 10 requests)
[03:46:11] [191/455] MNPP
[03:46:12] [192/455] PRLR
[03:46:13] [193/455] RCMW
[03:46:14] [194/455] FCMG
[03:46:15] [195/455] RTNK
[03:46:16] [196/455] LRCP
[03:46:17] [197/455] DBJR
[03:46:18] [198/455] CACN
[03:46:19] [199/455] AMRL
[03:46:20] [200/455] SBBC
[03:46:21] 🔄 Identity reset
[03:46:21] 🔄 Identity rotated (every 10 requests)
[03:46:21] [201/455] VENN
[03:46:22] [202/455] STSS
[03:46:22] [203/455] SMRB
[03:46:23] [204/455] CCMX
[03:46:24] [205/455] KCMR
[03:46:25] [206/455] SALH
[03:46:26] [207/455] CGTT
[03:46:27] [208/455] PMDR
[03:46:27] [209/455] VCPM
[03:46:28] [210/455] RZMX
[03:46:29] 🔄 Identity reset
[03:46:29] 🔄 Identity rotated (every 10 requests)
[03:46:29] [211/455] TMSY
[03:46:30] [212/455] NTMS
[03:46:31] [213/455] VTAG
[03:46:32] [214/455] REMA
[03:46:33] [215/455] NXCC
[03:46:33] [216/455] SKYM
[03:46:34] [217/455] CCMO
[03:46:35] [218/455] DMXM
[03:46:36] [219/455] SPPM
[03:46:37] [220/455] PTKL
[03:46:37] 🔄 Identity reset
[03:46:37] 🔄 Identity rotated (every 10 requests)
[03:46:38] [221/455] SLVO
[03:46:38] [222/455] VASL
[03:46:39] [223/455] CBCM
[03:46:40] [224/455] STMA
[03:46:41] [225/455] LASK
[03:46:42] [226/455] VITE
[03:46:43] [227/455] AAST
[03:46:44] [228/455] JTPT
[03:46:45] [229/455] RRSH
[03:46:46] [230/455] CINL
[03:46:47] 🔄 Identity reset
[03:46:47] 🔄 Identity rotated (every 10 requests)
[03:46:47] [231/455] MCSR
[03:46:48] [232/455] SBCF
[03:46:49] [233/455] GCDU
[03:46:50] [234/455] PSPR
[03:46:51] [235/455] IMMO
[03:46:51] [236/455] CLGM
[03:46:52] [237/455] PBMM
[03:46:53] [238/455] CEHR
[03:46:54] [239/455] CPOE
[03:46:55] [240/455] PGFD
[03:46:55] 🔄 Identity reset
[03:46:55] 🔄 Identity rotated (every 10 requests)
[03:46:56] [241/455] PSLC
[03:46:57] [242/455] MSMD
[03:46:58] [243/455] FMFB
[03:46:59] [244/455] RKCL
[03:47:00] [245/455] PMMC
[03:47:01] [246/455] SKMM
[03:47:02] [247/455] VOIB
[03:47:02] [248/455] KINO
[03:47:03] [249/455] VCTP
[03:47:04] [250/455] PDWR
[03:47:05] 🔄 Identity reset
[03:47:05] 🔄 Identity rotated (every 10 requests)
[03:47:05] [251/455] SAED
[03:47:06] [252/455] SRRT
[03:47:07] [253/455] CVLG
[03:47:08] [254/455] SNGN
[03:47:09] [255/455] SIDA
[03:47:09] [256/455] IMCB
[03:47:10] [257/455] SMHP
[03:47:11] [258/455] GDTY
[03:47:12] [259/455] VYCH
[03:47:12] [260/455] PDYA
[03:47:13] 🔄 Identity reset
[03:47:13] 🔄 Identity rotated (every 10 requests)
[03:47:13] [261/455] RKDO
[03:47:14] [262/455] VECG
[03:47:15] [263/455] NFGD
[03:47:16] [264/455] SNDC
[03:47:17] [265/455] SDJH
[03:47:18] [266/455] HASV
[03:47:19] [267/455] PTYK
[03:47:19] [268/455] MUTB
[03:47:20] [269/455] AMRT
[03:47:21] [270/455] VACD
[03:47:21] 🔄 Identity reset
[03:47:21] 🔄 Identity rotated (every 10 requests)
[03:47:22] [271/455] SKDD
[03:47:22] [272/455] STGR
[03:47:24] [273/455] GDAK
[03:47:25] [274/455] SKHK
[03:47:26] [275/455] SLND
[03:47:27] [276/455] APAP
[03:47:27] [277/455] AYYA
[03:47:28] [278/455] VCCZ
[03:47:29] [279/455] MEML
[03:47:30] [280/455] MAOU
[03:47:31] 🔄 Identity reset
[03:47:31] 🔄 Identity rotated (every 10 requests)
[03:47:31] [281/455] ESND
[03:47:32] [282/455] PTBZ
[03:47:33] [283/455] LBCN
[03:47:34] [284/455] PAWA
[03:47:34] [285/455] ZEIC
[03:47:35] [286/455] CGMM
[03:47:36] [287/455] PJPM
[03:47:37] [288/455] ECMR
[03:47:38] [289/455] SHMZ
[03:47:39] [290/455] STCA
[03:47:40] 🔄 Identity reset
[03:47:40] 🔄 Identity rotated (every 10 requests)
[03:47:40] [291/455] VDRC
[03:47:42] [292/455] SEEM
[03:47:43] [293/455] MKNS
[03:47:44] [294/455] KPPP
[03:47:44] [295/455] CCML
[03:47:45] [296/455] CIBA
[03:47:46] [297/455] NACS
[03:47:47] [298/455] CTMK
[03:47:48] [299/455] CTCT
[03:47:49] [300/455] MCSN
[03:47:49] 🔄 Identity reset
[03:47:50] 🔄 Identity rotated (every 10 requests)
[03:47:50] [301/455] MAXX
[03:47:51] [302/455] MECB
[03:47:52] [303/455] NTBY
[03:47:53] [304/455] UTBI
[03:47:54] [305/455] RADK
[03:47:55] [306/455] STBY
[03:47:56] [307/455] GTBY
[03:47:57] [308/455] RRMB
[03:47:57] [309/455] ABRN
[03:47:58] [310/455] GTSG
[03:47:59] 🔄 Identity reset
[03:47:59] 🔄 Identity rotated (every 10 requests)
[03:47:59] [311/455] GBTG
[03:48:01] [312/455] SBGS
[03:48:01] [313/455] KBPM
[03:48:02] [314/455] SMHT
[03:48:03] [315/455] VTDM
[03:48:04] [316/455] ASCT
[03:48:06] [317/455] AWCT
[03:48:07] [318/455] DCCU
[03:48:07] [319/455] PSCE
[03:48:08] [320/455] KSNY
[03:48:09] 🔄 Identity reset
[03:48:09] 🔄 Identity rotated (every 10 requests)
[03:48:09] [321/455] ACID
[03:48:10] [322/455] LVCD
[03:48:11] [323/455] KSSB
[03:48:12] [324/455] SWTD
[03:48:12] [325/455] RBMR
[03:48:13] [326/455] SCBC
[03:48:14] [327/455] RKME
[03:48:15] [328/455] GALX
[03:48:16] [329/455] GCCH
[03:48:17] [330/455] RATR
[03:48:17] 🔄 Identity reset
[03:48:17] 🔄 Identity rotated (every 10 requests)
[03:48:17] [331/455] GTGA
[03:48:18] [332/455] LTTR
[03:48:19] [333/455] TTAA
[03:48:20] [334/455] TVHP
[03:48:21] [335/455] KVCS
[03:48:22] [336/455] CBMC
[03:48:23] [337/455] MAYJ
[03:48:24] [338/455] INPR
[03:48:25] [339/455] RSSC
[03:48:26] [340/455] PCAN
[03:48:26] 🔄 Identity reset
[03:48:26] 🔄 Identity rotated (every 10 requests)
[03:48:27] [341/455] PVHR
[03:48:28] [342/455] AGSM
[03:48:29] [343/455] PVES
[03:48:30] [344/455] INTO
[03:48:31] [345/455] ACON
[03:48:32] [346/455] PVPZ
[03:48:33] [347/455] PVHC
[03:48:34] [348/455] KSTK
[03:48:34] [349/455] PVSR
[03:48:35] [350/455] ACTN
[03:48:36] 🔄 Identity reset
[03:48:36] 🔄 Identity rotated (every 10 requests)
[03:48:37] [351/455] FMCN
[03:48:39] [352/455] PABC
[03:48:40] [353/455] SUTC
[03:48:41] [354/455] PGMV
[03:48:42] [355/455] GKCP
[03:48:42] [356/455] INCH
[03:48:43] [357/455] MLMT
[03:48:44] [358/455] SSCC
[03:48:45] [359/455] SLMP
[03:48:46] [360/455] VVTN
[03:48:46] 🔄 Identity reset
[03:48:46] 🔄 Identity rotated (every 10 requests)
[03:48:47] [361/455] SBTR
[03:48:47] [362/455] PGRA
[03:48:48] [363/455] PBRM
[03:48:50] [364/455] GCRP
[03:48:51] [365/455] MCSK
[03:48:51] [366/455] NLTC
[03:48:52] [367/455] MTLM
[03:48:53] [368/455] VECT
[03:48:54] [369/455] KMRM
[03:48:55] [370/455] RACM
[03:48:56] 🔄 Identity reset
[03:48:56] 🔄 Identity rotated (every 10 requests)
[03:48:56] [371/455] WSTC
[03:48:57] [372/455] PVTJ
[03:48:58] [373/455] MMKC
[03:48:59] [374/455] SVWT
[03:49:00] [375/455] JOTG
[03:49:01] [376/455] VCDK
[03:49:03] [377/455] ANAC
[03:49:04] [378/455] GRTC
[03:49:04] [379/455] JTPL
[03:49:05] [380/455] VRCP
[03:49:06] 🔄 Identity reset
[03:49:06] 🔄 Identity rotated (every 10 requests)
[03:49:06] [381/455] REMC
[03:49:07] [382/455] ATMG
[03:49:09] [383/455] GAHC
[03:49:09] [384/455] JTMV
[03:49:10] [385/455] OMTT
[03:49:11] [386/455] GKKC
[03:49:13] [387/455] BBPO
[03:49:14] [388/455] ZCBB
[03:49:15] [389/455] DCGO
[03:49:15] [390/455] STOP
[03:49:16] 🔄 Identity reset
[03:49:16] 🔄 Identity rotated (every 10 requests)
[03:49:16] [391/455] BSPC
[03:49:17] [392/455] SOND
[03:49:18] [393/455] GCKG
[03:49:19] [394/455] PCDB
[03:49:20] [395/455] PGRC
[03:49:21] [396/455] CSCT
[03:49:21] [397/455] STDA
[03:49:22] [398/455] JAYD
[03:49:23] [399/455] PPPD
[03:49:24] [400/455] KRTT
[03:49:25] 🔄 Identity reset
[03:49:25] 🔄 Identity rotated (every 10 requests)
[03:49:25] [401/455] PTDT
[03:49:26] [402/455] TRSV
[03:49:27] [403/455] VELR
[03:49:28] [404/455] STDT
[03:49:29] [405/455] SATT
[03:49:29] [406/455] KCPM
[03:49:30] [407/455] MFCP
[03:49:31] [408/455] AXMP
[03:49:32] [409/455] LTVB
[03:49:33] [410/455] APST
[03:49:34] 🔄 Identity reset
[03:49:34] 🔄 Identity rotated (every 10 requests)
[03:49:34] [411/455] DTVP
[03:49:35] [412/455] AAVB
[03:49:36] [413/455] PMBL
[03:49:37] [414/455] STKC
[03:49:38] [415/455] KKMA
[03:49:38] [416/455] NMXS
[03:49:39] [417/455] DECX
[03:49:40] [418/455] MAPJ
[03:49:41] [419/455] SMLK
[03:49:43] [420/455] PMPU
[03:49:43] 🔄 Identity reset
[03:49:43] 🔄 Identity rotated (every 10 requests)
[03:49:44] [421/455] AFST
[03:49:44] [422/455] SRSY
[03:49:45] [423/455] RMKT
[03:49:46] [424/455] RAJX
[03:49:47] [425/455] UVCD
[03:49:48] [426/455] LISA
[03:49:49] [427/455] LMSR
[03:49:49] [428/455] PMCA
[03:49:50] [429/455] INPO
[03:49:51] [430/455] INGO
[03:49:52] 🔄 Identity reset
[03:49:52] 🔄 Identity rotated (every 10 requests)
[03:49:52] [431/455] HFSQ
[03:49:53] [432/455] INMG
[03:49:54] [433/455] NYCP
[03:49:55] [434/455] HFSV
[03:49:55] [435/455] MMZP
[03:49:56] [436/455] KSES
[03:49:57] [437/455] HFSA
[03:49:59] [438/455] ACMM
[03:50:00] [439/455] RCKD
[03:50:01] [440/455] BCKR
[03:50:02] 🔄 Identity reset
[03:50:02] 🔄 Identity rotated (every 10 requests)
[03:50:02] [441/455] SFCO
[03:50:03] [442/455] JCCB
[03:50:04] [443/455] BCCR
[03:50:05] [444/455] NWCB
[03:50:05] [445/455] SAMT
[03:50:06] [446/455] TMST
[03:50:07] [447/455] SJCN
[03:50:08] [448/455] MCBS
[03:50:09] [449/455] CMKR
[03:50:10] [450/455] INPM
[03:50:11] 🔄 Identity reset
[03:50:11] 🔄 Identity rotated (every 10 requests)
[03:50:11] [451/455] WVMT
[03:50:12] [452/455] NYSM
[03:50:13] [453/455] RCMA
[03:50:14] [454/455] RECM
[03:50:15] [455/455] CYCM
[03:50:16] 🧹 Deduping shows
[03:50:16] ✅ DONE | Shows=1376 | Movies=18
[10:52:07] 🚀 SCRIPT STARTED (enhanced anti‑detection)
[10:52:07] [1/455] MXGN
[10:52:08] 🧠 New identity created
[10:52:08] [2/455] PGGM
[10:52:09] [3/455] IPMJ
[10:52:10] [4/455] M2PP
[10:52:12] [5/455] PMMS
[10:52:13] [6/455] SCJN
[10:52:13] [7/455] CPUM
[10:52:14] [8/455] SCND
[10:52:15] [9/455] INWM
[10:52:16] [10/455] DVDC
[10:52:17] 🔄 Identity reset
[10:52:17] 🔄 Identity rotated (every 10 requests)
[10:52:17] 🔄 Retry 1/5 for DVDC in 2.1s
[10:52:17] 🔄 Identity reset
[10:52:19] 🧠 New identity created
[10:52:19] 🔄 Retry 2/5 for DVDC in 4.2s
[10:52:19] 🔄 Identity reset
[10:52:23] 🧠 New identity created
[10:52:23] 🔄 Retry 3/5 for DVDC in 8.8s
[10:52:23] 🔄 Identity reset
[10:52:32] 🧠 New identity created
[10:52:32] 🔄 Retry 4/5 for DVDC in 16.7s
[10:52:32] 🔄 Identity reset
[10:52:49] 🧠 New identity created
[10:52:49] ❌ DVDC failed after 5 attempts
[10:52:49] 🔄 Identity reset
[10:52:49] ❌ DVDC final failure | RuntimeError | HTTP 403
[10:52:49] [11/455] WVND
[10:52:50] 🧠 New identity created
[10:52:50] [12/455] LBDL
[10:52:51] [13/455] CRGM
[10:52:52] [14/455] PVKS
[10:52:53] [15/455] PBLL
[10:52:55] [16/455] FNLN
[10:52:56] 🔄 Identity reset
[10:52:56] 🔄 Identity rotated (every 10 requests)
[10:52:56] [17/455] PPDA
[10:52:57] [18/455] SCPT
[10:52:58] [19/455] IAJS
[10:52:59] [20/455] MMZG
[10:53:00] [21/455] MCTI
[10:53:00] [22/455] PPMF
[10:53:01] [23/455] FNSD
[10:53:02] [24/455] M2RH
[10:53:03] [25/455] CPGV
[10:53:04] [26/455] PECD
[10:53:05] 🔄 Identity reset
[10:53:05] 🔄 Identity rotated (every 10 requests)
[10:53:05] [27/455] CTEE
[10:53:06] [28/455] IOMG
[10:53:07] [29/455] CIJA
[10:53:08] [30/455] NYCG
[10:53:09] [31/455] CEST
[10:53:09] [32/455] WVRG
[10:53:10] [33/455] DPDC
[10:53:11] [34/455] PDIV
[10:53:12] [35/455] MTPP
[10:53:13] [36/455] MHNU
[10:53:14] 🔄 Identity reset
[10:53:14] 🔄 Identity rotated (every 10 requests)
[10:53:14] 🔄 Retry 1/5 for MHNU in 2.1s
[10:53:14] 🔄 Identity reset
[10:53:16] 🧠 New identity created
[10:53:16] [37/455] WUPG
[10:53:17] [38/455] USCO
[10:53:18] [39/455] INFR
[10:53:19] [40/455] PVPD
[10:53:21] [41/455] RONC
[10:53:22] [42/455] IOCP
[10:53:23] [43/455] EMPS
[10:53:25] [44/455] PNAD
[10:53:25] [45/455] VVGZ
[10:53:26] 🔄 Identity reset
[10:53:26] 🔄 Identity rotated (every 10 requests)
[10:53:26] 🔄 Retry 1/5 for VVGZ in 2.1s
[10:53:26] 🔄 Identity reset
[10:53:28] 🧠 New identity created
[10:53:28] 🔄 Retry 2/5 for VVGZ in 4.8s
[10:53:28] 🔄 Identity reset
[10:53:33] 🧠 New identity created
[10:53:33] [46/455] MDDC
[10:53:34] [47/455] MMAP
[10:53:35] [48/455] GPDC
[10:53:36] [49/455] PVPU
[10:53:37] [50/455] DCMV
[10:53:38] [51/455] PCCF
[10:53:39] [52/455] MCEF
[10:53:40] [53/455] INRD
[10:53:40] 🔄 Identity reset
[10:53:40] 🔄 Identity rotated (every 10 requests)
[10:53:40] 🔄 Retry 1/5 for INRD in 2.1s
[10:53:40] 🔄 Identity reset
[10:53:42] 🧠 New identity created
[10:53:42] 🔄 Retry 2/5 for INRD in 4.1s
[10:53:42] 🔄 Identity reset
[10:53:47] 🧠 New identity created
[10:53:47] [54/455] CCPZ
[10:53:48] [55/455] BCWG
[10:53:49] [56/455] PMGU
[10:53:50] [57/455] MCVM
[10:53:51] [58/455] MCDE
[10:53:52] [59/455] IEFM
[10:53:53] [60/455] MXCS
[10:53:54] [61/455] RNMT
[10:53:55] 🔄 Identity reset
[10:53:55] 🔄 Identity rotated (every 10 requests)
[10:53:56] [62/455] PSDD
[10:53:57] [63/455] PETA
[10:53:58] [64/455] IZOP
[10:53:59] [65/455] PDEI
[10:54:00] [66/455] MTND
[10:54:00] [67/455] PCPL
[10:54:01] [68/455] LSCM
[10:54:02] [69/455] BTFD
[10:54:03] [70/455] MERM
[10:54:04] [71/455] PVMS
[10:54:05] 🔄 Identity reset
[10:54:05] 🔄 Identity rotated (every 10 requests)
[10:54:05] [72/455] CIGK
[10:54:06] [73/455] INSG
[10:54:07] [74/455] IDEN
[10:54:08] [75/455] MCGN
[10:54:09] [76/455] IGAM
[10:54:10] [77/455] SLCU
[10:54:11] [78/455] MIMU
[10:54:12] [79/455] QLAC
[10:54:13] [80/455] MENL
[10:54:14] [81/455] SCUR
[10:54:14] 🔄 Identity reset
[10:54:14] 🔄 Identity rotated (every 10 requests)
[10:54:15] [82/455] MDGD
[10:54:15] [83/455] LSRS
[10:54:17] [84/455] KMLG
[10:54:18] [85/455] MKLJ
[10:54:19] [86/455] IBYG
[10:54:20] [87/455] ISML
[10:54:21] [88/455] MJMM
[10:54:22] [89/455] RCGD
[10:54:22] [90/455] MMOC
[10:54:23] [91/455] RRCO
[10:54:24] 🔄 Identity reset
[10:54:24] 🔄 Identity rotated (every 10 requests)
[10:54:24] [92/455] MEDM
[10:54:25] [93/455] MCAZ
[10:54:26] [94/455] STWA
[10:54:27] [95/455] PFFG
[10:54:28] [96/455] GAGC
[10:54:29] [97/455] PMPM
[10:54:30] [98/455] HVCD
[10:54:32] [99/455] AKRF
[10:54:32] [100/455] AKRC
[10:54:33] [101/455] MIDA
[10:54:34] 🔄 Identity reset
[10:54:34] 🔄 Identity rotated (every 10 requests)
[10:54:35] [102/455] MAGX
[10:54:35] [103/455] ESOS
[10:54:36] [104/455] BBCL
[10:54:37] [105/455] LYAS
[10:54:38] [106/455] NRMS
[10:54:39] [107/455] BHUC
[10:54:40] [108/455] SRIC
[10:54:40] [109/455] PDME
[10:54:41] [110/455] MJCS
[10:54:42] [111/455] NRAA
[10:54:43] 🔄 Identity reset
[10:54:43] 🔄 Identity rotated (every 10 requests)
[10:54:43] [112/455] VATA
[10:54:44] [113/455] MNKC
[10:54:45] [114/455] DHCL
[10:54:46] [115/455] JCPC
[10:54:47] [116/455] CTML
[10:54:48] [117/455] RMMR
[10:54:49] [118/455] STTL
[10:54:49] [119/455] CNPS
[10:54:50] [120/455] ACKL
[10:54:51] [121/455] SCAU
[10:54:51] 🔄 Identity reset
[10:54:52] 🔄 Identity rotated (every 10 requests)
[10:54:52] 🔄 Retry 1/5 for SCAU in 2.3s
[10:54:52] 🔄 Identity reset
[10:54:54] 🧠 New identity created
[10:54:54] [122/455] RMIA
[10:54:55] [123/455] MANU
[10:54:56] [124/455] ARDC
[10:54:57] [125/455] GLDA
[10:54:58] [126/455] KVSW
[10:54:59] [127/455] CGCA
[10:54:59] [128/455] CMLO
[10:55:00] [129/455] CECB
[10:55:01] [130/455] RCPN
[10:55:02] 🔄 Identity reset
[10:55:02] 🔄 Identity rotated (every 10 requests)
[10:55:02] [131/455] ASMW
[10:55:03] [132/455] PWLM
[10:55:04] [133/455] ASGM
[10:55:05] [134/455] ACWH
[10:55:06] [135/455] AAPW
[10:55:07] [136/455] RTWA
[10:55:08] [137/455] RAMW
[10:55:08] [138/455] VKTR
[10:55:09] [139/455] SMBH
[10:55:10] [140/455] BVDR
[10:55:11] 🔄 Identity reset
[10:55:11] 🔄 Identity rotated (every 10 requests)
[10:55:11] 🔄 Retry 1/5 for BVDR in 2.9s
[10:55:11] 🔄 Identity reset
[10:55:14] 🧠 New identity created
[10:55:14] [141/455] MRTP
[10:55:15] [142/455] BLBR
[10:55:17] [143/455] LPIN
[10:55:18] [144/455] SNPC
[10:55:19] [145/455] PDCB
[10:55:20] [146/455] DYPK
[10:55:21] [147/455] INMK
[10:55:21] [148/455] PDCK
[10:55:22] [149/455] PCKR
[10:55:23] 🔄 Identity reset
[10:55:23] 🔄 Identity rotated (every 10 requests)
[10:55:23] [150/455] SHUA
[10:55:24] [151/455] SCVK
[10:55:25] [152/455] STPA
[10:55:26] [153/455] WVHD
[10:55:27] [154/455] MRCH
[10:55:28] [155/455] MCNP
[10:55:29] [156/455] RCAG
[10:55:30] [157/455] JTSN
[10:55:31] [158/455] AANS
[10:55:32] [159/455] GDDR
[10:55:33] 🔄 Identity reset
[10:55:33] 🔄 Identity rotated (every 10 requests)
[10:55:33] [160/455] SRER
[10:55:34] [161/455] JKMA
[10:55:35] [162/455] ARAN
[10:55:36] [163/455] ALCT
[10:55:37] [164/455] CCTA
[10:55:37] [165/455] CNCT
[10:55:38] [166/455] NZBL
[10:55:39] [167/455] SRRA
[10:55:40] [168/455] SVPW
[10:55:41] [169/455] SRTW
[10:55:41] 🔄 Identity reset
[10:55:41] 🔄 Identity rotated (every 10 requests)
[10:55:42] [170/455] XMTD
[10:55:42] [171/455] SCCZ
[10:55:43] [172/455] PBCR
[10:55:44] [173/455] RTSC
[10:55:45] [174/455] TLSV
[10:55:46] [175/455] RMTK
[10:55:46] [176/455] SRAT
[10:55:47] [177/455] GCYC
[10:55:48] [178/455] HCAJ
[10:55:49] [179/455] LCXA
[10:55:50] 🔄 Identity reset
[10:55:50] 🔄 Identity rotated (every 10 requests)
[10:55:50] 🔄 Retry 1/5 for LCXA in 2.0s
[10:55:50] 🔄 Identity reset
[10:55:52] 🧠 New identity created
[10:55:52] [180/455] BINT
[10:55:53] [181/455] IXIM
[10:55:55] [182/455] MBCR
[10:55:55] [183/455] BMCJ
[10:55:56] [184/455] NICJ
[10:55:57] [185/455] SCAJ
[10:55:58] [186/455] CMXS
[10:55:59] [187/455] MMSR
[10:56:00] [188/455] PRKT
[10:56:01] 🔄 Identity reset
[10:56:01] 🔄 Identity rotated (every 10 requests)
[10:56:01] [189/455] LPTH
[10:56:02] [190/455] SARP
[10:56:03] [191/455] MNPP
[10:56:03] [192/455] PRLR
[10:56:04] [193/455] RCMW
[10:56:05] [194/455] FCMG
[10:56:06] [195/455] RTNK
[10:56:07] [196/455] LRCP
[10:56:08] [197/455] DBJR
[10:56:09] [198/455] CACN
[10:56:09] 🔄 Identity reset
[10:56:09] 🔄 Identity rotated (every 10 requests)
[10:56:10] [199/455] AMRL
[10:56:11] [200/455] SBBC
[10:56:12] [201/455] VENN
[10:56:12] [202/455] STSS
[10:56:14] [203/455] SMRB
[10:56:16] [204/455] CCMX
[10:56:16] [205/455] KCMR
[10:56:17] [206/455] SALH
[10:56:18] [207/455] CGTT
[10:56:19] [208/455] PMDR
[10:56:20] 🔄 Identity reset
[10:56:20] 🔄 Identity rotated (every 10 requests)
[10:56:20] 🔄 Retry 1/5 for PMDR in 2.4s
[10:56:20] 🔄 Identity reset
[10:56:22] 🧠 New identity created
[10:56:22] 🔄 Retry 2/5 for PMDR in 4.4s
[10:56:22] 🔄 Identity reset
[10:56:27] 🧠 New identity created
[10:56:27] [209/455] VCPM
[10:56:28] [210/455] RZMX
[10:56:29] [211/455] TMSY
[10:56:30] [212/455] NTMS
[10:56:31] [213/455] VTAG
[10:56:32] [214/455] REMA
[10:56:33] [215/455] NXCC
[10:56:34] [216/455] SKYM
[10:56:34] 🔄 Identity reset
[10:56:34] 🔄 Identity rotated (every 10 requests)
[10:56:35] [217/455] CCMO
[10:56:36] [218/455] DMXM
[10:56:37] [219/455] SPPM
[10:56:38] [220/455] PTKL
[10:56:39] [221/455] SLVO
[10:56:40] [222/455] VASL
[10:56:41] [223/455] CBCM
[10:56:42] [224/455] STMA
[10:56:42] [225/455] LASK
[10:56:43] [226/455] VITE
[10:56:44] 🔄 Identity reset
[10:56:44] 🔄 Identity rotated (every 10 requests)
[10:56:45] [227/455] AAST
[10:56:46] [228/455] JTPT
[10:56:47] [229/455] RRSH
[10:56:48] [230/455] CINL
[10:56:49] [231/455] MCSR
[10:56:50] [232/455] SBCF
[10:56:51] [233/455] GCDU
[10:56:52] [234/455] PSPR
[10:56:53] [235/455] IMMO
[10:56:54] [236/455] CLGM
[10:56:54] 🔄 Identity reset
[10:56:54] 🔄 Identity rotated (every 10 requests)
[10:56:55] [237/455] PBMM
[10:56:55] [238/455] CEHR
[10:56:56] [239/455] CPOE
[10:56:57] [240/455] PGFD
[10:56:58] [241/455] PSLC
[10:56:59] [242/455] MSMD
[10:57:00] [243/455] FMFB
[10:57:01] [244/455] RKCL
[10:57:02] [245/455] PMMC
[10:57:02] [246/455] SKMM
[10:57:03] 🔄 Identity reset
[10:57:03] 🔄 Identity rotated (every 10 requests)
[10:57:03] [247/455] VOIB
[10:57:04] [248/455] KINO
[10:57:05] [249/455] VCTP
[10:57:06] [250/455] PDWR
[10:57:07] [251/455] SAED
[10:57:08] [252/455] SRRT
[10:57:09] [253/455] CVLG
[10:57:10] [254/455] SNGN
[10:57:11] [255/455] SIDA
[10:57:11] [256/455] IMCB
[10:57:12] 🔄 Identity reset
[10:57:12] 🔄 Identity rotated (every 10 requests)
[10:57:12] [257/455] SMHP
[10:57:13] [258/455] GDTY
[10:57:14] [259/455] VYCH
[10:57:15] [260/455] PDYA
[10:57:16] [261/455] RKDO
[10:57:17] [262/455] VECG
[10:57:17] [263/455] NFGD
[10:57:18] [264/455] SNDC
[10:57:20] [265/455] SDJH
[10:57:21] [266/455] HASV
[10:57:21] 🔄 Identity reset
[10:57:21] 🔄 Identity rotated (every 10 requests)
[10:57:22] [267/455] PTYK
[10:57:23] [268/455] MUTB
[10:57:24] [269/455] AMRT
[10:57:25] [270/455] VACD
[10:57:26] [271/455] SKDD
[10:57:27] [272/455] STGR
[10:57:29] [273/455] GDAK
[10:57:30] [274/455] SKHK
[10:57:31] [275/455] SLND
[10:57:32] [276/455] APAP
[10:57:33] 🔄 Identity reset
[10:57:33] 🔄 Identity rotated (every 10 requests)
[10:57:34] [277/455] AYYA
[10:57:35] [278/455] VCCZ
[10:57:36] [279/455] MEML
[10:57:37] [280/455] MAOU
[10:57:37] [281/455] ESND
[10:57:38] [282/455] PTBZ
[10:57:39] [283/455] LBCN
[10:57:40] [284/455] PAWA
[10:57:41] [285/455] ZEIC
[10:57:42] [286/455] CGMM
[10:57:43] 🔄 Identity reset
[10:57:43] 🔄 Identity rotated (every 10 requests)
[10:57:43] [287/455] PJPM
[10:57:44] [288/455] ECMR
[10:57:45] [289/455] SHMZ
[10:57:46] [290/455] STCA
[10:57:47] [291/455] VDRC
[10:57:48] [292/455] SEEM
[10:57:49] [293/455] MKNS
[10:57:50] [294/455] KPPP
[10:57:51] [295/455] CCML
[10:57:52] [296/455] CIBA
[10:57:53] 🔄 Identity reset
[10:57:53] 🔄 Identity rotated (every 10 requests)
[10:57:53] [297/455] NACS
[10:57:54] [298/455] CTMK
[10:57:55] [299/455] CTCT
[10:57:56] [300/455] MCSN
[10:57:57] [301/455] MAXX
[10:57:58] [302/455] MECB
[10:57:58] [303/455] NTBY
[10:57:59] [304/455] UTBI
[10:58:01] [305/455] RADK
[10:58:02] [306/455] STBY
[10:58:02] 🔄 Identity reset
[10:58:02] 🔄 Identity rotated (every 10 requests)
[10:58:02] 🔄 Retry 1/5 for STBY in 2.5s
[10:58:02] 🔄 Identity reset
[10:58:05] 🧠 New identity created
[10:58:05] [307/455] GTBY
[10:58:06] [308/455] RRMB
[10:58:07] [309/455] ABRN
[10:58:09] [310/455] GTSG
[10:58:10] [311/455] GBTG
[10:58:11] [312/455] SBGS
[10:58:12] [313/455] KBPM
[10:58:13] [314/455] SMHT
[10:58:14] [315/455] VTDM
[10:58:15] 🔄 Identity reset
[10:58:15] 🔄 Identity rotated (every 10 requests)
[10:58:15] 🔄 Retry 1/5 for VTDM in 2.9s
[10:58:15] 🔄 Identity reset
[10:58:18] 🧠 New identity created
[10:58:18] [316/455] ASCT
[10:58:19] [317/455] AWCT
[10:58:20] [318/455] DCCU
[10:58:21] [319/455] PSCE
[10:58:22] [320/455] KSNY
[10:58:23] [321/455] ACID
[10:58:23] [322/455] LVCD
[10:58:24] [323/455] KSSB
[10:58:25] [324/455] SWTD
[10:58:26] 🔄 Identity reset
[10:58:26] 🔄 Identity rotated (every 10 requests)
[10:58:26] [325/455] RBMR
[10:58:27] [326/455] SCBC
[10:58:28] [327/455] RKME
[10:58:30] [328/455] GALX
[10:58:30] [329/455] GCCH
[10:58:31] [330/455] RATR
[10:58:32] [331/455] GTGA
[10:58:33] [332/455] LTTR
[10:58:34] [333/455] TTAA
[10:58:35] [334/455] TVHP
[10:58:35] 🔄 Identity reset
[10:58:35] 🔄 Identity rotated (every 10 requests)
[10:58:35] 🔄 Retry 1/5 for TVHP in 2.8s
[10:58:35] 🔄 Identity reset
[10:58:38] 🧠 New identity created
[10:58:38] 🔄 Retry 2/5 for TVHP in 4.6s
[10:58:38] 🔄 Identity reset
[10:58:43] 🧠 New identity created
[10:58:43] 🔄 Retry 3/5 for TVHP in 8.6s
[10:58:43] 🔄 Identity reset
[10:58:52] 🧠 New identity created
[10:58:52] [335/455] KVCS
[10:58:53] [336/455] CBMC
[10:58:54] [337/455] MAYJ
[10:58:55] [338/455] INPR
[10:58:55] [339/455] RSSC
[10:58:56] [340/455] PCAN
[10:58:57] [341/455] PVHR
[10:58:58] 🔄 Identity reset
[10:58:58] 🔄 Identity rotated (every 10 requests)
[10:58:58] [342/455] AGSM
[10:58:59] [343/455] PVES
[10:59:00] [344/455] INTO
[10:59:01] [345/455] ACON
[10:59:02] [346/455] PVPZ
[10:59:03] [347/455] PVHC
[10:59:04] [348/455] KSTK
[10:59:05] [349/455] PVSR
[10:59:06] [350/455] ACTN
[10:59:07] [351/455] FMCN
[10:59:07] 🔄 Identity reset
[10:59:07] 🔄 Identity rotated (every 10 requests)
[10:59:08] [352/455] PABC
[10:59:08] [353/455] SUTC
[10:59:09] [354/455] PGMV
[10:59:10] [355/455] GKCP
[10:59:11] [356/455] INCH
[10:59:12] [357/455] MLMT
[10:59:13] [358/455] SSCC
[10:59:14] [359/455] SLMP
[10:59:15] [360/455] VVTN
[10:59:16] [361/455] SBTR
[10:59:16] 🔄 Identity reset
[10:59:16] 🔄 Identity rotated (every 10 requests)
[10:59:17] [362/455] PGRA
[10:59:18] [363/455] PBRM
[10:59:18] [364/455] GCRP
[10:59:19] [365/455] MCSK
[10:59:20] [366/455] NLTC
[10:59:21] [367/455] MTLM
[10:59:22] [368/455] VECT
[10:59:23] [369/455] KMRM
[10:59:24] [370/455] RACM
[10:59:25] [371/455] WSTC
[10:59:25] 🔄 Identity reset
[10:59:25] 🔄 Identity rotated (every 10 requests)
[10:59:26] [372/455] PVTJ
[10:59:27] [373/455] MMKC
[10:59:28] [374/455] SVWT
[10:59:29] [375/455] JOTG
[10:59:30] [376/455] VCDK
[10:59:30] [377/455] ANAC
[10:59:31] [378/455] GRTC
[10:59:32] [379/455] JTPL
[10:59:34] [380/455] VRCP
[10:59:34] [381/455] REMC
[10:59:35] 🔄 Identity reset
[10:59:35] 🔄 Identity rotated (every 10 requests)
[10:59:36] [382/455] ATMG
[10:59:37] [383/455] GAHC
[10:59:38] [384/455] JTMV
[10:59:40] [385/455] OMTT
[10:59:40] [386/455] GKKC
[10:59:41] [387/455] BBPO
[10:59:42] [388/455] ZCBB
[10:59:43] [389/455] DCGO
[10:59:45] [390/455] STOP
[10:59:46] [391/455] BSPC
[10:59:46] 🔄 Identity reset
[10:59:47] 🔄 Identity rotated (every 10 requests)
[10:59:47] [392/455] SOND
[10:59:49] [393/455] GCKG
[10:59:49] [394/455] PCDB
[10:59:50] [395/455] PGRC
[10:59:51] [396/455] CSCT
[10:59:52] [397/455] STDA
[10:59:53] [398/455] JAYD
[10:59:54] [399/455] PPPD
[10:59:54] [400/455] KRTT
[10:59:56] [401/455] PTDT
[10:59:57] 🔄 Identity reset
[10:59:57] 🔄 Identity rotated (every 10 requests)
[10:59:57] 🔄 Retry 1/5 for PTDT in 2.6s
[10:59:57] 🔄 Identity reset
[10:59:59] 🧠 New identity created
[11:00:00] [402/455] TRSV
[11:00:01] [403/455] VELR
[11:00:02] [404/455] STDT
[11:00:03] [405/455] SATT
[11:00:04] [406/455] KCPM
[11:00:04] [407/455] MFCP
[11:00:05] [408/455] AXMP
[11:00:06] [409/455] LTVB
[11:00:07] [410/455] APST
[11:00:08] 🔄 Identity reset
[11:00:08] 🔄 Identity rotated (every 10 requests)
[11:00:08] [411/455] DTVP
[11:00:09] [412/455] AAVB
[11:00:10] [413/455] PMBL
[11:00:11] [414/455] STKC
[11:00:12] [415/455] KKMA
[11:00:13] [416/455] NMXS
[11:00:14] [417/455] DECX
[11:00:15] [418/455] MAPJ
[11:00:16] [419/455] SMLK
[11:00:17] [420/455] PMPU
[11:00:17] 🔄 Identity reset
[11:00:17] 🔄 Identity rotated (every 10 requests)
[11:00:18] [421/455] AFST
[11:00:19] [422/455] SRSY
[11:00:19] [423/455] RMKT
[11:00:20] [424/455] RAJX
[11:00:21] [425/455] UVCD
[11:00:22] [426/455] LISA
[11:00:23] [427/455] LMSR
[11:00:24] [428/455] PMCA
[11:00:25] [429/455] INPO
[11:00:26] [430/455] INGO
[11:00:27] 🔄 Identity reset
[11:00:27] 🔄 Identity rotated (every 10 requests)
[11:00:27] 🔄 Retry 1/5 for INGO in 2.3s
[11:00:27] 🔄 Identity reset
[11:00:29] 🧠 New identity created
[11:00:29] 🔄 Retry 2/5 for INGO in 4.5s
[11:00:29] 🔄 Identity reset
[11:00:34] 🧠 New identity created
[11:00:34] [431/455] HFSQ
[11:00:35] [432/455] INMG
[11:00:37] [433/455] NYCP
[11:00:37] [434/455] HFSV
[11:00:38] [435/455] MMZP
[11:00:39] [436/455] KSES
[11:00:40] [437/455] HFSA
[11:00:40] [438/455] ACMM
[11:00:41] 🔄 Identity reset
[11:00:41] 🔄 Identity rotated (every 10 requests)
[11:00:41] [439/455] RCKD
[11:00:42] [440/455] BCKR
[11:00:44] [441/455] SFCO
[11:00:44] [442/455] JCCB
[11:00:45] [443/455] BCCR
[11:00:46] [444/455] NWCB
[11:00:47] [445/455] SAMT
[11:00:49] [446/455] TMST
[11:00:50] [447/455] SJCN
[11:00:51] [448/455] MCBS
[11:00:51] 🔄 Identity reset
[11:00:51] 🔄 Identity rotated (every 10 requests)
[11:00:52] [449/455] CMKR
[11:00:52] [450/455] INPM
[11:00:53] [451/455] WVMT
[11:00:54] [452/455] NYSM
[11:00:56] [453/455] RCMA
[11:00:57] [454/455] RECM
[11:00:57] [455/455] CYCM
[11:00:58] 🔁 RETRY ROUND 1 | Remaining: 1
[11:00:58] [RETRY-1] DVDC
[11:01:01] 🧹 Deduping shows
[11:01:01] ✅ DONE | Shows=1382 | Movies=19
[17:32:55] 🚀 SCRIPT STARTED (enhanced anti‑detection)
[17:32:55] [1/455] MXGN
[17:32:56] 🧠 New identity created
[17:32:56] [2/455] PGGM
[17:32:57] [3/455] IPMJ
[17:32:59] [4/455] M2PP
[17:32:59] [5/455] PMMS
[17:33:00] [6/455] SCJN
[17:33:01] [7/455] CPUM
[17:33:02] [8/455] SCND
[17:33:03] [9/455] INWM
[17:33:03] [10/455] DVDC
[17:33:04] 🔄 Identity reset
[17:33:04] 🔄 Identity rotated (every 10 requests)
[17:33:05] [11/455] WVND
[17:33:06] [12/455] LBDL
[17:33:07] [13/455] CRGM
[17:33:08] [14/455] PVKS
[17:33:09] [15/455] PBLL
[17:33:09] [16/455] FNLN
[17:33:10] [17/455] PPDA
[17:33:11] [18/455] SCPT
[17:33:12] [19/455] IAJS
[17:33:13] [20/455] MMZG
[17:33:14] 🔄 Identity reset
[17:33:14] 🔄 Identity rotated (every 10 requests)
[17:33:14] [21/455] MCTI
[17:33:15] [22/455] PPMF
[17:33:16] [23/455] FNSD
[17:33:16] [24/455] M2RH
[17:33:17] [25/455] CPGV
[17:33:18] [26/455] PECD
[17:33:19] [27/455] CTEE
[17:33:19] [28/455] IOMG
[17:33:20] [29/455] CIJA
[17:33:21] [30/455] NYCG
[17:33:21] 🔄 Identity reset
[17:33:21] 🔄 Identity rotated (every 10 requests)
[17:33:22] [31/455] CEST
[17:33:23] [32/455] WVRG
[17:33:23] [33/455] DPDC
[17:33:24] [34/455] PDIV
[17:33:25] [35/455] MTPP
[17:33:26] [36/455] MHNU
[17:33:27] [37/455] WUPG
[17:33:27] [38/455] USCO
[17:33:28] [39/455] INFR
[17:33:29] [40/455] PVPD
[17:33:30] 🔄 Identity reset
[17:33:30] 🔄 Identity rotated (every 10 requests)
[17:33:30] [41/455] RONC
[17:33:31] [42/455] IOCP
[17:33:32] [43/455] EMPS
[17:33:33] [44/455] PNAD
[17:33:34] [45/455] VVGZ
[17:33:35] [46/455] MDDC
[17:33:36] [47/455] MMAP
[17:33:37] [48/455] GPDC
[17:33:38] [49/455] PVPU
[17:33:38] [50/455] DCMV
[17:33:39] 🔄 Identity reset
[17:33:39] 🔄 Identity rotated (every 10 requests)
[17:33:39] [51/455] PCCF
[17:33:40] [52/455] MCEF
[17:33:41] [53/455] INRD
[17:33:42] [54/455] CCPZ
[17:33:43] [55/455] BCWG
[17:33:44] [56/455] PMGU
[17:33:44] [57/455] MCVM
[17:33:45] [58/455] MCDE
[17:33:46] [59/455] IEFM
[17:33:47] [60/455] MXCS
[17:33:48] 🔄 Identity reset
[17:33:48] 🔄 Identity rotated (every 10 requests)
[17:33:48] [61/455] RNMT
[17:33:49] [62/455] PSDD
[17:33:49] [63/455] PETA
[17:33:50] [64/455] IZOP
[17:33:51] [65/455] PDEI
[17:33:52] [66/455] MTND
[17:33:53] [67/455] PCPL
[17:33:54] [68/455] LSCM
[17:33:54] [69/455] BTFD
[17:33:55] [70/455] MERM
[17:33:56] 🔄 Identity reset
[17:33:56] 🔄 Identity rotated (every 10 requests)
[17:33:56] [71/455] PVMS
[17:33:57] [72/455] CIGK
[17:33:58] [73/455] INSG
[17:33:59] [74/455] IDEN
[17:34:00] [75/455] MCGN
[17:34:01] [76/455] IGAM
[17:34:01] [77/455] SLCU
[17:34:02] [78/455] MIMU
[17:34:03] [79/455] QLAC
[17:34:04] [80/455] MENL
[17:34:04] 🔄 Identity reset
[17:34:04] 🔄 Identity rotated (every 10 requests)
[17:34:05] [81/455] SCUR
[17:34:06] [82/455] MDGD
[17:34:07] [83/455] LSRS
[17:34:08] [84/455] KMLG
[17:34:09] [85/455] MKLJ
[17:34:10] [86/455] IBYG
[17:34:12] [87/455] ISML
[17:34:12] [88/455] MJMM
[17:34:13] [89/455] RCGD
[17:34:15] [90/455] MMOC
[17:34:16] 🔄 Identity reset
[17:34:16] 🔄 Identity rotated (every 10 requests)
[17:34:16] [91/455] RRCO
[17:34:17] [92/455] MEDM
[17:34:18] [93/455] MCAZ
[17:34:18] [94/455] STWA
[17:34:19] [95/455] PFFG
[17:34:20] [96/455] GAGC
[17:34:21] [97/455] PMPM
[17:34:21] [98/455] HVCD
[17:34:22] [99/455] AKRF
[17:34:23] [100/455] AKRC
[17:34:24] 🔄 Identity reset
[17:34:24] 🔄 Identity rotated (every 10 requests)
[17:34:24] [101/455] MIDA
[17:34:25] [102/455] MAGX
[17:34:25] [103/455] ESOS
[17:34:26] [104/455] BBCL
[17:34:27] [105/455] LYAS
[17:34:28] [106/455] NRMS
[17:34:29] [107/455] BHUC
[17:34:30] [108/455] SRIC
[17:34:31] [109/455] PDME
[17:34:32] [110/455] MJCS
[17:34:32] 🔄 Identity reset
[17:34:32] 🔄 Identity rotated (every 10 requests)
[17:34:33] [111/455] NRAA
[17:34:33] [112/455] VATA
[17:34:34] [113/455] MNKC
[17:34:35] [114/455] DHCL
[17:34:36] [115/455] JCPC
[17:34:37] [116/455] CTML
[17:34:38] [117/455] RMMR
[17:34:38] [118/455] STTL
[17:34:39] [119/455] CNPS
[17:34:40] [120/455] ACKL
[17:34:41] 🔄 Identity reset
[17:34:41] 🔄 Identity rotated (every 10 requests)
[17:34:41] [121/455] SCAU
[17:34:42] [122/455] RMIA
[17:34:42] [123/455] MANU
[17:34:43] [124/455] ARDC
[17:34:44] [125/455] GLDA
[17:34:45] [126/455] KVSW
[17:34:46] [127/455] CGCA
[17:34:47] [128/455] CMLO
[17:34:47] [129/455] CECB
[17:34:48] [130/455] RCPN
[17:34:49] 🔄 Identity reset
[17:34:49] 🔄 Identity rotated (every 10 requests)
[17:34:49] [131/455] ASMW
[17:34:50] [132/455] PWLM
[17:34:51] [133/455] ASGM
[17:34:52] [134/455] ACWH
[17:34:53] [135/455] AAPW
[17:34:54] [136/455] RTWA
[17:34:54] [137/455] RAMW
[17:34:55] [138/455] VKTR
[17:34:56] [139/455] SMBH
[17:34:57] [140/455] BVDR
[17:34:58] 🔄 Identity reset
[17:34:58] 🔄 Identity rotated (every 10 requests)
[17:34:58] [141/455] MRTP
[17:34:59] [142/455] BLBR
[17:35:00] [143/455] LPIN
[17:35:02] [144/455] SNPC
[17:35:03] [145/455] PDCB
[17:35:03] [146/455] DYPK
[17:35:04] [147/455] INMK
[17:35:05] [148/455] PDCK
[17:35:06] [149/455] PCKR
[17:35:07] [150/455] SHUA
[17:35:08] 🔄 Identity reset
[17:35:08] 🔄 Identity rotated (every 10 requests)
[17:35:08] [151/455] SCVK
[17:35:08] [152/455] STPA
[17:35:09] [153/455] WVHD
[17:35:11] [154/455] MRCH
[17:35:12] [155/455] MCNP
[17:35:13] [156/455] RCAG
[17:35:13] [157/455] JTSN
[17:35:14] [158/455] AANS
[17:35:15] [159/455] GDDR
[17:35:16] [160/455] SRER
[17:35:17] 🔄 Identity reset
[17:35:17] 🔄 Identity rotated (every 10 requests)
[17:35:17] [161/455] JKMA
[17:35:18] [162/455] ARAN
[17:35:19] [163/455] ALCT
[17:35:20] [164/455] CCTA
[17:35:20] [165/455] CNCT
[17:35:21] [166/455] NZBL
[17:35:22] [167/455] SRRA
[17:35:23] [168/455] SVPW
[17:35:24] [169/455] SRTW
[17:35:25] [170/455] XMTD
[17:35:25] 🔄 Identity reset
[17:35:25] 🔄 Identity rotated (every 10 requests)
[17:35:26] [171/455] SCCZ
[17:35:27] [172/455] PBCR
[17:35:28] [173/455] RTSC
[17:35:29] [174/455] TLSV
[17:35:30] [175/455] RMTK
[17:35:31] [176/455] SRAT
[17:35:32] [177/455] GCYC
[17:35:32] [178/455] HCAJ
[17:35:33] [179/455] LCXA
[17:35:35] [180/455] BINT
[17:35:35] 🔄 Identity reset
[17:35:35] 🔄 Identity rotated (every 10 requests)
[17:35:36] [181/455] IXIM
[17:35:36] [182/455] MBCR
[17:35:37] [183/455] BMCJ
[17:35:38] [184/455] NICJ
[17:35:39] [185/455] SCAJ
[17:35:40] [186/455] CMXS
[17:35:41] [187/455] MMSR
[17:35:42] [188/455] PRKT
[17:35:43] [189/455] LPTH
[17:35:43] [190/455] SARP
[17:35:44] 🔄 Identity reset
[17:35:44] 🔄 Identity rotated (every 10 requests)
[17:35:44] [191/455] MNPP
[17:35:45] [192/455] PRLR
[17:35:46] [193/455] RCMW
[17:35:47] [194/455] FCMG
[17:35:48] [195/455] RTNK
[17:35:48] [196/455] LRCP
[17:35:49] [197/455] DBJR
[17:35:50] [198/455] CACN
[17:35:51] [199/455] AMRL
[17:35:52] [200/455] SBBC
[17:35:52] 🔄 Identity reset
[17:35:52] 🔄 Identity rotated (every 10 requests)
[17:35:53] [201/455] VENN
[17:35:54] [202/455] STSS
[17:35:55] [203/455] SMRB
[17:35:56] [204/455] CCMX
[17:35:57] [205/455] KCMR
[17:35:57] [206/455] SALH
[17:35:58] [207/455] CGTT
[17:35:59] [208/455] PMDR
[17:36:00] [209/455] VCPM
[17:36:01] [210/455] RZMX
[17:36:01] 🔄 Identity reset
[17:36:01] 🔄 Identity rotated (every 10 requests)
[17:36:02] [211/455] TMSY
[17:36:02] [212/455] NTMS
[17:36:03] [213/455] VTAG
[17:36:04] [214/455] REMA
[17:36:05] [215/455] NXCC
[17:36:06] [216/455] SKYM
[17:36:07] [217/455] CCMO
[17:36:07] [218/455] DMXM
[17:36:08] [219/455] SPPM
[17:36:09] [220/455] PTKL
[17:36:10] 🔄 Identity reset
[17:36:10] 🔄 Identity rotated (every 10 requests)
[17:36:10] [221/455] SLVO
[17:36:11] [222/455] VASL
[17:36:12] [223/455] CBCM
[17:36:13] [224/455] STMA
[17:36:14] [225/455] LASK
[17:36:15] [226/455] VITE
[17:36:17] [227/455] AAST
[17:36:17] [228/455] JTPT
[17:36:18] [229/455] RRSH
[17:36:19] [230/455] CINL
[17:36:20] 🔄 Identity reset
[17:36:20] 🔄 Identity rotated (every 10 requests)
[17:36:20] [231/455] MCSR
[17:36:21] [232/455] SBCF
[17:36:22] [233/455] GCDU
[17:36:23] [234/455] PSPR
[17:36:23] [235/455] IMMO
[17:36:24] [236/455] CLGM
[17:36:25] [237/455] PBMM
[17:36:26] [238/455] CEHR
[17:36:27] [239/455] CPOE
[17:36:28] [240/455] PGFD
[17:36:28] 🔄 Identity reset
[17:36:28] 🔄 Identity rotated (every 10 requests)
[17:36:29] [241/455] PSLC
[17:36:29] [242/455] MSMD
[17:36:30] [243/455] FMFB
[17:36:31] [244/455] RKCL
[17:36:32] [245/455] PMMC
[17:36:33] [246/455] SKMM
[17:36:35] [247/455] VOIB
[17:36:35] [248/455] KINO
[17:36:36] [249/455] VCTP
[17:36:37] [250/455] PDWR
[17:36:37] 🔄 Identity reset
[17:36:37] 🔄 Identity rotated (every 10 requests)
[17:36:38] [251/455] SAED
[17:36:39] [252/455] SRRT
[17:36:39] [253/455] CVLG
[17:36:40] [254/455] SNGN
[17:36:41] [255/455] SIDA
[17:36:42] [256/455] IMCB
[17:36:43] [257/455] SMHP
[17:36:44] [258/455] GDTY
[17:36:44] [259/455] VYCH
[17:36:45] [260/455] PDYA
[17:36:46] 🔄 Identity reset
[17:36:46] 🔄 Identity rotated (every 10 requests)
[17:36:46] [261/455] RKDO
[17:36:47] [262/455] VECG
[17:36:48] [263/455] NFGD
[17:36:49] [264/455] SNDC
[17:36:50] [265/455] SDJH
[17:36:52] [266/455] HASV
[17:36:53] [267/455] PTYK
[17:36:54] [268/455] MUTB
[17:36:54] [269/455] AMRT
[17:36:55] [270/455] VACD
[17:36:56] 🔄 Identity reset
[17:36:56] 🔄 Identity rotated (every 10 requests)
[17:36:56] [271/455] SKDD
[17:36:57] [272/455] STGR
[17:36:58] [273/455] GDAK
[17:36:59] [274/455] SKHK
[17:37:00] [275/455] SLND
[17:37:01] [276/455] APAP
[17:37:02] [277/455] AYYA
[17:37:03] [278/455] VCCZ
[17:37:04] [279/455] MEML
[17:37:04] [280/455] MAOU
[17:37:05] 🔄 Identity reset
[17:37:05] 🔄 Identity rotated (every 10 requests)
[17:37:05] [281/455] ESND
[17:37:06] [282/455] PTBZ
[17:37:07] [283/455] LBCN
[17:37:08] [284/455] PAWA
[17:37:09] [285/455] ZEIC
[17:37:10] [286/455] CGMM
[17:37:10] [287/455] PJPM
[17:37:11] [288/455] ECMR
[17:37:12] [289/455] SHMZ
[17:37:13] [290/455] STCA
[17:37:14] 🔄 Identity reset
[17:37:14] 🔄 Identity rotated (every 10 requests)
[17:37:14] [291/455] VDRC
[17:37:15] [292/455] SEEM
[17:37:16] [293/455] MKNS
[17:37:17] [294/455] KPPP
[17:37:19] [295/455] CCML
[17:37:20] [296/455] CIBA
[17:37:21] [297/455] NACS
[17:37:22] [298/455] CTMK
[17:37:23] [299/455] CTCT
[17:37:24] [300/455] MCSN
[17:37:25] 🔄 Identity reset
[17:37:25] 🔄 Identity rotated (every 10 requests)
[17:37:25] [301/455] MAXX
[17:37:26] [302/455] MECB
[17:37:26] [303/455] NTBY
[17:37:27] [304/455] UTBI
[17:37:28] [305/455] RADK
[17:37:29] [306/455] STBY
[17:37:30] [307/455] GTBY
[17:37:31] [308/455] RRMB
[17:37:31] [309/455] ABRN
[17:37:32] [310/455] GTSG
[17:37:33] 🔄 Identity reset
[17:37:33] 🔄 Identity rotated (every 10 requests)
[17:37:33] [311/455] GBTG
[17:37:34] [312/455] SBGS
[17:37:35] [313/455] KBPM
[17:37:36] [314/455] SMHT
[17:37:37] [315/455] VTDM
[17:37:38] [316/455] ASCT
[17:37:38] [317/455] AWCT
[17:37:39] [318/455] DCCU
[17:37:40] [319/455] PSCE
[17:37:41] [320/455] KSNY
[17:37:41] 🔄 Identity reset
[17:37:41] 🔄 Identity rotated (every 10 requests)
[17:37:42] [321/455] ACID
[17:37:43] [322/455] LVCD
[17:37:44] [323/455] KSSB
[17:37:45] [324/455] SWTD
[17:37:46] [325/455] RBMR
[17:37:47] [326/455] SCBC
[17:37:48] [327/455] RKME
[17:37:49] [328/455] GALX
[17:37:49] [329/455] GCCH
[17:37:50] [330/455] RATR
[17:37:51] 🔄 Identity reset
[17:37:51] 🔄 Identity rotated (every 10 requests)
[17:37:51] [331/455] GTGA
[17:37:52] [332/455] LTTR
[17:37:53] [333/455] TTAA
[17:37:54] [334/455] TVHP
[17:37:55] [335/455] KVCS
[17:37:56] [336/455] CBMC
[17:37:57] [337/455] MAYJ
[17:37:57] [338/455] INPR
[17:37:58] [339/455] RSSC
[17:37:59] [340/455] PCAN
[17:38:00] 🔄 Identity reset
[17:38:00] 🔄 Identity rotated (every 10 requests)
[17:38:00] [341/455] PVHR
[17:38:02] [342/455] AGSM
[17:38:03] [343/455] PVES
[17:38:04] [344/455] INTO
[17:38:04] [345/455] ACON
[17:38:06] [346/455] PVPZ
[17:38:07] [347/455] PVHC
[17:38:08] [348/455] KSTK
[17:38:09] [349/455] PVSR
[17:38:10] [350/455] ACTN
[17:38:10] 🔄 Identity reset
[17:38:10] 🔄 Identity rotated (every 10 requests)
[17:38:11] [351/455] FMCN
[17:38:11] [352/455] PABC
[17:38:12] [353/455] SUTC
[17:38:13] [354/455] PGMV
[17:38:14] [355/455] GKCP
[17:38:15] [356/455] INCH
[17:38:16] [357/455] MLMT
[17:38:17] [358/455] SSCC
[17:38:18] [359/455] SLMP
[17:38:18] [360/455] VVTN
[17:38:19] 🔄 Identity reset
[17:38:19] 🔄 Identity rotated (every 10 requests)
[17:38:19] [361/455] SBTR
[17:38:20] [362/455] PGRA
[17:38:21] [363/455] PBRM
[17:38:22] [364/455] GCRP
[17:38:23] [365/455] MCSK
[17:38:24] [366/455] NLTC
[17:38:25] [367/455] MTLM
[17:38:25] [368/455] VECT
[17:38:26] [369/455] KMRM
[17:38:28] [370/455] RACM
[17:38:28] 🔄 Identity reset
[17:38:28] 🔄 Identity rotated (every 10 requests)
[17:38:28] [371/455] WSTC
[17:38:29] [372/455] PVTJ
[17:38:30] [373/455] MMKC
[17:38:31] [374/455] SVWT
[17:38:32] [375/455] JOTG
[17:38:33] [376/455] VCDK
[17:38:34] [377/455] ANAC
[17:38:35] [378/455] GRTC
[17:38:36] [379/455] JTPL
[17:38:36] [380/455] VRCP
[17:38:37] 🔄 Identity reset
[17:38:37] 🔄 Identity rotated (every 10 requests)
[17:38:37] [381/455] REMC
[17:38:38] [382/455] ATMG
[17:38:39] [383/455] GAHC
[17:38:40] [384/455] JTMV
[17:38:41] [385/455] OMTT
[17:38:42] [386/455] GKKC
[17:38:43] [387/455] BBPO
[17:38:44] [388/455] ZCBB
[17:38:44] [389/455] DCGO
[17:38:45] [390/455] STOP
[17:38:46] 🔄 Identity reset
[17:38:46] 🔄 Identity rotated (every 10 requests)
[17:38:46] [391/455] BSPC
[17:38:47] [392/455] SOND
[17:38:48] [393/455] GCKG
[17:38:48] [394/455] PCDB
[17:38:49] [395/455] PGRC
[17:38:50] [396/455] CSCT
[17:38:51] [397/455] STDA
[17:38:53] [398/455] JAYD
[17:38:53] [399/455] PPPD
[17:38:54] [400/455] KRTT
[17:38:55] 🔄 Identity reset
[17:38:55] 🔄 Identity rotated (every 10 requests)
[17:38:55] [401/455] PTDT
[17:38:56] [402/455] TRSV
[17:38:58] [403/455] VELR
[17:38:58] [404/455] STDT
[17:38:59] [405/455] SATT
[17:39:00] [406/455] KCPM
[17:39:01] [407/455] MFCP
[17:39:02] [408/455] AXMP
[17:39:03] [409/455] LTVB
[17:39:04] [410/455] APST
[17:39:05] 🔄 Identity reset
[17:39:05] 🔄 Identity rotated (every 10 requests)
[17:39:05] [411/455] DTVP
[17:39:06] [412/455] AAVB
[17:39:07] [413/455] PMBL
[17:39:08] [414/455] STKC
[17:39:09] [415/455] KKMA
[17:39:09] [416/455] NMXS
[17:39:10] [417/455] DECX
[17:39:11] [418/455] MAPJ
[17:39:12] [419/455] SMLK
[17:39:13] [420/455] PMPU
[17:39:13] 🔄 Identity reset
[17:39:13] 🔄 Identity rotated (every 10 requests)
[17:39:14] [421/455] AFST
[17:39:15] [422/455] SRSY
[17:39:16] [423/455] RMKT
[17:39:17] [424/455] RAJX
[17:39:18] [425/455] UVCD
[17:39:19] [426/455] LISA
[17:39:20] [427/455] LMSR
[17:39:21] [428/455] PMCA
[17:39:22] [429/455] INPO
[17:39:22] [430/455] INGO
[17:39:23] 🔄 Identity reset
[17:39:23] 🔄 Identity rotated (every 10 requests)
[17:39:23] [431/455] HFSQ
[17:39:24] [432/455] INMG
[17:39:25] [433/455] NYCP
[17:39:26] [434/455] HFSV
[17:39:27] [435/455] MMZP
[17:39:28] [436/455] KSES
[17:39:29] [437/455] HFSA
[17:39:30] [438/455] ACMM
[17:39:31] [439/455] RCKD
[17:39:31] [440/455] BCKR
[17:39:32] 🔄 Identity reset
[17:39:32] 🔄 Identity rotated (every 10 requests)
[17:39:33] [441/455] SFCO
[17:39:34] [442/455] JCCB
[17:39:35] [443/455] BCCR
[17:39:36] [444/455] NWCB
[17:39:36] [445/455] SAMT
[17:39:37] [446/455] TMST
[17:39:38] [447/455] SJCN
[17:39:39] [448/455] MCBS
[17:39:40] [449/455] CMKR
[17:39:41] [450/455] INPM
[17:39:41] 🔄 Identity reset
[17:39:41] 🔄 Identity rotated (every 10 requests)
[17:39:42] [451/455] WVMT
[17:39:42] [452/455] NYSM
[17:39:43] [453/455] RCMA
[17:39:44] [454/455] RECM
[17:39:45] [455/455] CYCM
[17:39:46] 🧹 Deduping shows
[17:39:46] ✅ DONE | Shows=1601 | Movies=33
[05:34:22] 🚀 SCRIPT STARTED (enhanced anti‑detection)
[05:34:22] [1/455] MXGN
[05:34:22] 🧠 New identity created
[05:34:23] [2/455] PGGM
[05:34:24] [3/455] IPMJ
[05:34:25] [4/455] M2PP
[05:34:25] [5/455] PMMS
[05:34:27] [6/455] SCJN
[05:34:28] [7/455] CPUM
[05:34:29] [8/455] SCND
[05:34:30] [9/455] INWM
[05:34:31] [10/455] DVDC
[05:34:31] 🔄 Identity reset
[05:34:32] 🔄 Identity rotated (every 10 requests)
[05:34:32] [11/455] WVND
[05:34:33] [12/455] LBDL
[05:34:34] [13/455] CRGM
[05:34:34] [14/455] PVKS
[05:34:35] [15/455] PBLL
[05:34:36] [16/455] FNLN
[05:34:38] [17/455] PPDA
[05:34:39] [18/455] SCPT
[05:34:40] [19/455] IAJS
[05:34:40] [20/455] MMZG
[05:34:41] 🔄 Identity reset
[05:34:41] 🔄 Identity rotated (every 10 requests)
[05:34:42] [21/455] MCTI
[05:34:43] [22/455] PPMF
[05:34:45] [23/455] FNSD
[05:34:45] [24/455] M2RH
[05:34:46] [25/455] CPGV
[05:34:48] [26/455] PECD
[05:34:49] [27/455] CTEE
[05:34:50] [28/455] IOMG
[05:34:51] [29/455] CIJA
[05:34:51] [30/455] NYCG
[05:34:52] 🔄 Identity reset
[05:34:52] 🔄 Identity rotated (every 10 requests)
[05:34:52] [31/455] CEST
[05:34:53] [32/455] WVRG
[05:34:54] [33/455] DPDC
[05:34:55] [34/455] PDIV
[05:34:56] [35/455] MTPP
[05:34:57] [36/455] MHNU
[05:34:58] [37/455] WUPG
[05:34:59] [38/455] USCO
[05:35:00] [39/455] INFR
[05:35:02] [40/455] PVPD
[05:35:02] 🔄 Identity reset
[05:35:02] 🔄 Identity rotated (every 10 requests)
[05:35:03] 🔄 Retry 1/5 for PVPD in 2.9s
[05:35:03] 🔄 Identity reset
[05:35:05] 🧠 New identity created
[05:35:07] [41/455] RONC
[05:35:08] [42/455] IOCP
[05:35:08] [43/455] EMPS
[05:35:09] [44/455] PNAD
[05:35:10] [45/455] VVGZ
[05:35:12] [46/455] MDDC
[05:35:13] [47/455] MMAP
[05:35:14] [48/455] GPDC
[05:35:15] [49/455] PVPU
[05:35:16] 🔄 Identity reset
[05:35:16] 🔄 Identity rotated (every 10 requests)
[05:35:17] [50/455] DCMV
[05:35:18] [51/455] PCCF
[05:35:18] [52/455] MCEF
[05:35:19] [53/455] INRD
[05:35:20] [54/455] CCPZ
[05:35:21] [55/455] BCWG
[05:35:22] [56/455] PMGU
[05:35:23] [57/455] MCVM
[05:35:24] [58/455] MCDE
[05:35:26] [59/455] IEFM
[05:35:27] 🔄 Identity reset
[05:35:27] 🔄 Identity rotated (every 10 requests)
[05:35:28] [60/455] MXCS
[05:35:28] [61/455] RNMT
[05:35:29] [62/455] PSDD
[05:35:30] [63/455] PETA
[05:35:31] [64/455] IZOP
[05:35:31] [65/455] PDEI
[05:35:32] [66/455] MTND
[05:35:33] [67/455] PCPL
[05:35:34] [68/455] LSCM
[05:35:35] [69/455] BTFD
[05:35:36] 🔄 Identity reset
[05:35:36] 🔄 Identity rotated (every 10 requests)
[05:35:37] [70/455] MERM
[05:35:38] [71/455] PVMS
[05:35:39] [72/455] CIGK
[05:35:39] [73/455] INSG
[05:35:41] [74/455] IDEN
[05:35:42] [75/455] MCGN
[05:35:43] [76/455] IGAM
[05:35:44] [77/455] SLCU
[05:35:45] [78/455] MIMU
[05:35:45] [79/455] QLAC
[05:35:46] 🔄 Identity reset
[05:35:46] 🔄 Identity rotated (every 10 requests)
[05:35:46] [80/455] MENL
[05:35:48] [81/455] SCUR
[05:35:49] [82/455] MDGD
[05:35:50] [83/455] LSRS
[05:35:51] [84/455] KMLG
[05:35:51] [85/455] MKLJ
[05:35:52] [86/455] IBYG
[05:35:54] [87/455] ISML
[05:35:56] [88/455] MJMM
[05:35:56] [89/455] RCGD
[05:35:57] 🔄 Identity reset
[05:35:57] 🔄 Identity rotated (every 10 requests)
[05:35:57] [90/455] MMOC
[05:35:58] [91/455] RRCO
[05:35:59] [92/455] MEDM
[05:36:00] [93/455] MCAZ
[05:36:00] [94/455] STWA
[05:36:01] [95/455] PFFG
[05:36:02] [96/455] GAGC
[05:36:03] [97/455] PMPM
[05:36:04] [98/455] HVCD
[05:36:06] [99/455] AKRF
[05:36:06] 🔄 Identity reset
[05:36:06] 🔄 Identity rotated (every 10 requests)
[05:36:08] [100/455] AKRC
[05:36:09] [101/455] MIDA
[05:36:10] [102/455] MAGX
[05:36:11] [103/455] ESOS
[05:36:12] [104/455] BBCL
[05:36:13] [105/455] LYAS
[05:36:13] [106/455] NRMS
[05:36:14] [107/455] BHUC
[05:36:15] [108/455] SRIC
[05:36:16] [109/455] PDME
[05:36:17] 🔄 Identity reset
[05:36:17] 🔄 Identity rotated (every 10 requests)
[05:36:17] [110/455] MJCS
[05:36:18] [111/455] NRAA
[05:36:19] [112/455] VATA
[05:36:19] [113/455] MNKC
[05:36:21] [114/455] DHCL
[05:36:22] [115/455] JCPC
[05:36:23] [116/455] CTML
[05:36:24] [117/455] RMMR
[05:36:24] [118/455] STTL
[05:36:25] [119/455] CNPS
[05:36:25] 🔄 Identity reset
[05:36:25] 🔄 Identity rotated (every 10 requests)
[05:36:26] [120/455] ACKL
[05:36:28] [121/455] SCAU
[05:36:29] [122/455] RMIA
[05:36:30] [123/455] MANU
[05:36:31] [124/455] ARDC
[05:36:31] [125/455] GLDA
[05:36:32] [126/455] KVSW
[05:36:33] [127/455] CGCA
[05:36:34] [128/455] CMLO
[05:36:35] [129/455] CECB
[05:36:36] 🔄 Identity reset
[05:36:36] 🔄 Identity rotated (every 10 requests)
[05:36:36] [130/455] RCPN
[05:36:37] [131/455] ASMW
[05:36:38] [132/455] PWLM
[05:36:39] [133/455] ASGM
[05:36:40] [134/455] ACWH
[05:36:41] [135/455] AAPW
[05:36:42] [136/455] RTWA
[05:36:43] [137/455] RAMW
[05:36:44] [138/455] VKTR
[05:36:45] [139/455] SMBH
[05:36:46] 🔄 Identity reset
[05:36:46] 🔄 Identity rotated (every 10 requests)
[05:36:48] [140/455] BVDR
[05:36:48] [141/455] MRTP
[05:36:49] [142/455] BLBR
[05:36:50] [143/455] LPIN
[05:36:51] [144/455] SNPC
[05:36:53] [145/455] PDCB
[05:36:53] [146/455] DYPK
[05:36:55] [147/455] INMK
[05:36:56] [148/455] PDCK
[05:36:58] [149/455] PCKR
[05:36:58] 🔄 Identity reset
[05:36:58] 🔄 Identity rotated (every 10 requests)
[05:36:59] [150/455] SHUA
[05:36:59] [151/455] SCVK
[05:37:02] [152/455] STPA
[05:37:03] [153/455] WVHD
[05:37:04] [154/455] MRCH
[05:37:05] [155/455] MCNP
[05:37:06] [156/455] RCAG
[05:37:07] [157/455] JTSN
[05:37:08] [158/455] AANS
[05:37:09] [159/455] GDDR
[05:37:09] 🔄 Identity reset
[05:37:09] 🔄 Identity rotated (every 10 requests)
[05:37:10] [160/455] SRER
[05:37:11] [161/455] JKMA
[05:37:12] [162/455] ARAN
[05:37:12] [163/455] ALCT
[05:37:13] [164/455] CCTA
[05:37:14] [165/455] CNCT
[05:37:15] [166/455] NZBL
[05:37:16] [167/455] SRRA
[05:37:17] [168/455] SVPW
[05:37:18] [169/455] SRTW
[05:37:19] 🔄 Identity reset
[05:37:19] 🔄 Identity rotated (every 10 requests)
[05:37:19] [170/455] XMTD
[05:37:20] [171/455] SCCZ
[05:37:20] [172/455] PBCR
[05:37:21] [173/455] RTSC
[05:37:22] [174/455] TLSV
[05:37:23] [175/455] RMTK
[05:37:24] [176/455] SRAT
[05:37:25] [177/455] GCYC
[05:37:26] [178/455] HCAJ
[05:37:27] [179/455] LCXA
[05:37:28] 🔄 Identity reset
[05:37:28] 🔄 Identity rotated (every 10 requests)
[05:37:28] [180/455] BINT
[05:37:29] [181/455] IXIM
[05:37:30] [182/455] MBCR
[05:37:31] [183/455] BMCJ
[05:37:32] [184/455] NICJ
[05:37:33] [185/455] SCAJ
[05:37:34] [186/455] CMXS
[05:37:35] [187/455] MMSR
[05:37:36] [188/455] PRKT
[05:37:37] [189/455] LPTH
[05:37:38] 🔄 Identity reset
[05:37:38] 🔄 Identity rotated (every 10 requests)
[05:37:39] [190/455] SARP
[05:37:40] [191/455] MNPP
[05:37:41] [192/455] PRLR
[05:37:43] [193/455] RCMW
[05:37:44] [194/455] FCMG
[05:37:45] [195/455] RTNK
[05:37:47] [196/455] LRCP
[05:37:48] [197/455] DBJR
[05:37:49] [198/455] CACN
[05:37:50] [199/455] AMRL
[05:37:51] 🔄 Identity reset
[05:37:51] 🔄 Identity rotated (every 10 requests)
[05:37:53] [200/455] SBBC
[05:37:54] [201/455] VENN
[05:37:55] [202/455] STSS
[05:37:56] [203/455] SMRB
[05:37:57] [204/455] CCMX
[05:37:58] [205/455] KCMR
[05:37:59] [206/455] SALH
[05:38:00] [207/455] CGTT
[05:38:01] [208/455] PMDR
[05:38:02] [209/455] VCPM
[05:38:02] 🔄 Identity reset
[05:38:02] 🔄 Identity rotated (every 10 requests)
[05:38:03] [210/455] RZMX
[05:38:04] [211/455] TMSY
[05:38:05] [212/455] NTMS
[05:38:06] [213/455] VTAG
[05:38:07] [214/455] REMA
[05:38:08] [215/455] NXCC
[05:38:09] [216/455] SKYM
[05:38:10] [217/455] CCMO
[05:38:11] [218/455] DMXM
[05:38:12] [219/455] SPPM
[05:38:13] 🔄 Identity reset
[05:38:13] 🔄 Identity rotated (every 10 requests)
[05:38:13] [220/455] PTKL
[05:38:14] [221/455] SLVO
[05:38:15] [222/455] VASL
[05:38:15] [223/455] CBCM
[05:38:16] [224/455] STMA
[05:38:17] [225/455] LASK
[05:38:18] [226/455] VITE
[05:38:19] [227/455] AAST
[05:38:20] [228/455] JTPT
[05:38:22] [229/455] RRSH
[05:38:22] 🔄 Identity reset
[05:38:22] 🔄 Identity rotated (every 10 requests)
[05:38:23] [230/455] CINL
[05:38:24] [231/455] MCSR
[05:38:24] [232/455] SBCF
[05:38:25] [233/455] GCDU
[05:38:26] [234/455] PSPR
[05:38:27] [235/455] IMMO
[05:38:29] [236/455] CLGM
[05:38:29] [237/455] PBMM
[05:38:30] [238/455] CEHR
[05:38:31] [239/455] CPOE
[05:38:32] 🔄 Identity reset
[05:38:32] 🔄 Identity rotated (every 10 requests)
[05:38:32] [240/455] PGFD
[05:38:34] [241/455] PSLC
[05:38:35] [242/455] MSMD
[05:38:36] [243/455] FMFB
[05:38:37] [244/455] RKCL
[05:38:38] [245/455] PMMC
[05:38:38] [246/455] SKMM
[05:38:39] [247/455] VOIB
[05:38:40] [248/455] KINO
[05:38:41] [249/455] VCTP
[05:38:42] 🔄 Identity reset
[05:38:42] 🔄 Identity rotated (every 10 requests)
[05:38:42] [250/455] PDWR
[05:38:43] [251/455] SAED
[05:38:44] [252/455] SRRT
[05:38:44] [253/455] CVLG
[05:38:45] [254/455] SNGN
[05:38:46] [255/455] SIDA
[05:38:47] [256/455] IMCB
[05:38:48] [257/455] SMHP
[05:38:49] [258/455] GDTY
[05:38:50] [259/455] VYCH
[05:38:51] 🔄 Identity reset
[05:38:51] 🔄 Identity rotated (every 10 requests)
[05:38:51] [260/455] PDYA
[05:38:52] [261/455] RKDO
[05:38:53] [262/455] VECG
[05:38:54] [263/455] NFGD
[05:38:54] [264/455] SNDC
[05:38:55] [265/455] SDJH
[05:38:56] [266/455] HASV
[05:38:57] [267/455] PTYK
[05:38:58] [268/455] MUTB
[05:39:00] [269/455] AMRT
[05:39:00] 🔄 Identity reset
[05:39:00] 🔄 Identity rotated (every 10 requests)
[05:39:01] [270/455] VACD
[05:39:02] [271/455] SKDD
[05:39:02] [272/455] STGR
[05:39:03] [273/455] GDAK
[05:39:04] [274/455] SKHK
[05:39:05] [275/455] SLND
[05:39:06] [276/455] APAP
[05:39:07] [277/455] AYYA
[05:39:08] [278/455] VCCZ
[05:39:09] [279/455] MEML
[05:39:10] 🔄 Identity reset
[05:39:10] 🔄 Identity rotated (every 10 requests)
[05:39:10] [280/455] MAOU
[05:39:12] [281/455] ESND
[05:39:14] [282/455] PTBZ
[05:39:14] [283/455] LBCN
[05:39:15] [284/455] PAWA
[05:39:16] [285/455] ZEIC
[05:39:17] [286/455] CGMM
[05:39:18] [287/455] PJPM
[05:39:19] [288/455] ECMR
[05:39:20] [289/455] SHMZ
[05:39:21] 🔄 Identity reset
[05:39:21] 🔄 Identity rotated (every 10 requests)
[05:39:22] [290/455] STCA
[05:39:23] [291/455] VDRC
[05:39:24] [292/455] SEEM
[05:39:24] [293/455] MKNS
[05:39:25] [294/455] KPPP
[05:39:26] [295/455] CCML
[05:39:27] [296/455] CIBA
[05:39:28] [297/455] NACS
[05:39:30] [298/455] CTMK
[05:39:32] [299/455] CTCT
[05:39:32] 🔄 Identity reset
[05:39:32] 🔄 Identity rotated (every 10 requests)
[05:39:33] [300/455] MCSN
[05:39:34] [301/455] MAXX
[05:39:36] [302/455] MECB
[05:39:37] [303/455] NTBY
[05:39:38] [304/455] UTBI
[05:39:39] [305/455] RADK
[05:39:41] [306/455] STBY
[05:39:43] [307/455] GTBY
[05:39:44] [308/455] RRMB
[05:39:45] [309/455] ABRN
[05:39:45] 🔄 Identity reset
[05:39:45] 🔄 Identity rotated (every 10 requests)
[05:39:48] [310/455] GTSG
[05:39:49] [311/455] GBTG
[05:39:50] [312/455] SBGS
[05:39:50] [313/455] KBPM
[05:39:52] [314/455] SMHT
[05:39:53] [315/455] VTDM
[05:39:54] [316/455] ASCT
[05:39:55] [317/455] AWCT
[05:39:56] [318/455] DCCU
[05:39:57] [319/455] PSCE
[05:39:57] 🔄 Identity reset
[05:39:57] 🔄 Identity rotated (every 10 requests)
[05:39:58] [320/455] KSNY
[05:39:59] [321/455] ACID
[05:40:01] [322/455] LVCD
[05:40:01] [323/455] KSSB
[05:40:02] [324/455] SWTD
[05:40:04] [325/455] RBMR
[05:40:05] [326/455] SCBC
[05:40:05] [327/455] RKME
[05:40:06] [328/455] GALX
[05:40:07] [329/455] GCCH
[05:40:08] 🔄 Identity reset
[05:40:08] 🔄 Identity rotated (every 10 requests)
[05:40:09] [330/455] RATR
[05:40:10] [331/455] GTGA
[05:40:11] [332/455] LTTR
[05:40:12] [333/455] TTAA
[05:40:13] [334/455] TVHP
[05:40:14] [335/455] KVCS
[05:40:15] [336/455] CBMC
[05:40:16] [337/455] MAYJ
[05:40:17] [338/455] INPR
[05:40:18] [339/455] RSSC
[05:40:19] 🔄 Identity reset
[05:40:19] 🔄 Identity rotated (every 10 requests)
[05:40:19] [340/455] PCAN
[05:40:20] [341/455] PVHR
[05:40:21] [342/455] AGSM
[05:40:23] [343/455] PVES
[05:40:24] [344/455] INTO
[05:40:25] [345/455] ACON
[05:40:26] [346/455] PVPZ
[05:40:27] [347/455] PVHC
[05:40:28] [348/455] KSTK
[05:40:29] [349/455] PVSR
[05:40:29] 🔄 Identity reset
[05:40:29] 🔄 Identity rotated (every 10 requests)
[05:40:30] [350/455] ACTN
[05:40:31] [351/455] FMCN
[05:40:32] [352/455] PABC
[05:40:33] [353/455] SUTC
[05:40:35] [354/455] PGMV
[05:40:36] [355/455] GKCP
[05:40:36] [356/455] INCH
[05:40:37] [357/455] MLMT
[05:40:39] [358/455] SSCC
[05:40:39] [359/455] SLMP
[05:40:40] 🔄 Identity reset
[05:40:40] 🔄 Identity rotated (every 10 requests)
[05:40:42] [360/455] VVTN
[05:40:43] [361/455] SBTR
[05:40:44] [362/455] PGRA
[05:40:45] [363/455] PBRM
[05:40:47] [364/455] GCRP
[05:40:47] [365/455] MCSK
[05:40:49] [366/455] NLTC
[05:40:50] [367/455] MTLM
[05:40:50] [368/455] VECT
[05:40:52] [369/455] KMRM
[05:40:52] 🔄 Identity reset
[05:40:52] 🔄 Identity rotated (every 10 requests)
[05:40:54] [370/455] RACM
[05:40:55] [371/455] WSTC
[05:40:56] [372/455] PVTJ
[05:40:57] [373/455] MMKC
[05:40:58] [374/455] SVWT
[05:40:59] [375/455] JOTG
[05:41:00] [376/455] VCDK
[05:41:01] [377/455] ANAC
[05:41:02] [378/455] GRTC
[05:41:03] [379/455] JTPL
[05:41:03] 🔄 Identity reset
[05:41:03] 🔄 Identity rotated (every 10 requests)
[05:41:04] [380/455] VRCP
[05:41:05] [381/455] REMC
[05:41:06] [382/455] ATMG
[05:41:08] [383/455] GAHC
[05:41:09] [384/455] JTMV
[05:41:10] [385/455] OMTT
[05:41:12] [386/455] GKKC
[05:41:13] [387/455] BBPO
[05:41:14] [388/455] ZCBB
[05:41:14] [389/455] DCGO
[05:41:15] 🔄 Identity reset
[05:41:15] 🔄 Identity rotated (every 10 requests)
[05:41:17] [390/455] STOP
[05:41:17] [391/455] BSPC
[05:41:18] [392/455] SOND
[05:41:19] [393/455] GCKG
[05:41:21] [394/455] PCDB
[05:41:22] [395/455] PGRC
[05:41:23] [396/455] CSCT
[05:41:24] [397/455] STDA
[05:41:25] [398/455] JAYD
[05:41:26] [399/455] PPPD
[05:41:26] 🔄 Identity reset
[05:41:26] 🔄 Identity rotated (every 10 requests)
[05:41:27] [400/455] KRTT
[05:41:28] [401/455] PTDT
[05:41:29] [402/455] TRSV
[05:41:30] [403/455] VELR
[05:41:33] [404/455] STDT
[05:41:34] [405/455] SATT
[05:41:35] [406/455] KCPM
[05:41:36] [407/455] MFCP
[05:41:37] [408/455] AXMP
[05:41:38] [409/455] LTVB
[05:41:39] 🔄 Identity reset
[05:41:39] 🔄 Identity rotated (every 10 requests)
[05:41:39] [410/455] APST
[05:41:40] [411/455] DTVP
[05:41:41] [412/455] AAVB
[05:41:42] [413/455] PMBL
[05:41:43] [414/455] STKC
[05:41:44] [415/455] KKMA
[05:41:46] [416/455] NMXS
[05:41:46] [417/455] DECX
[05:41:47] [418/455] MAPJ
[05:41:48] [419/455] SMLK
[05:41:49] 🔄 Identity reset
[05:41:49] 🔄 Identity rotated (every 10 requests)
[05:41:50] [420/455] PMPU
[05:41:51] [421/455] AFST
[05:41:52] [422/455] SRSY
[05:41:53] [423/455] RMKT
[05:41:54] [424/455] RAJX
[05:41:55] [425/455] UVCD
[05:41:56] [426/455] LISA
[05:41:57] [427/455] LMSR
[05:41:59] [428/455] PMCA
[05:41:59] [429/455] INPO
[05:42:00] 🔄 Identity reset
[05:42:00] 🔄 Identity rotated (every 10 requests)
[05:42:01] [430/455] INGO
[05:42:02] [431/455] HFSQ
[05:42:03] [432/455] INMG
[05:42:04] [433/455] NYCP
[05:42:04] [434/455] HFSV
[05:42:05] [435/455] MMZP
[05:42:06] [436/455] KSES
[05:42:07] [437/455] HFSA
[05:42:08] [438/455] ACMM
[05:42:09] [439/455] RCKD
[05:42:10] 🔄 Identity reset
[05:42:10] 🔄 Identity rotated (every 10 requests)
[05:42:10] [440/455] BCKR
[05:42:11] [441/455] SFCO
[05:42:12] [442/455] JCCB
[05:42:13] [443/455] BCCR
[05:42:15] [444/455] NWCB
[05:42:16] [445/455] SAMT
[05:42:17] [446/455] TMST
[05:42:18] [447/455] SJCN
[05:42:19] [448/455] MCBS
[05:42:20] [449/455] CMKR
[05:42:20] 🔄 Identity reset
[05:42:20] 🔄 Identity rotated (every 10 requests)
[05:42:23] [450/455] INPM
[05:42:24] [451/455] WVMT
[05:42:26] [452/455] NYSM
[05:42:26] [453/455] RCMA
[05:42:28] [454/455] RECM
[05:42:28] [455/455] CYCM
[05:42:29] 🧹 Deduping shows
[05:42:29] ✅ DONE | Shows=2058 | Movies=49
[14:21:33] 🚀 SCRIPT STARTED (enhanced anti‑detection)
[14:21:33] [1/455] MXGN
[14:21:34] 🧠 New identity created
[14:21:35] [2/455] PGGM
[14:21:36] [3/455] IPMJ
[14:21:37] [4/455] M2PP
[14:21:38] [5/455] PMMS
[14:21:39] [6/455] SCJN
[14:21:40] [7/455] CPUM
[14:21:42] [8/455] SCND
[14:21:43] [9/455] INWM
[14:21:44] [10/455] DVDC
[14:21:44] 🔄 Identity reset
[14:21:44] 🔄 Identity rotated (every 10 requests)
[14:21:45] [11/455] WVND
[14:21:45] [12/455] LBDL
[14:21:46] [13/455] CRGM
[14:21:47] [14/455] PVKS
[14:21:48] [15/455] PBLL
[14:21:49] [16/455] FNLN
[14:21:50] [17/455] PPDA
[14:21:51] [18/455] SCPT
[14:21:52] [19/455] IAJS
[14:21:53] [20/455] MMZG
[14:21:53] 🔄 Identity reset
[14:21:53] 🔄 Identity rotated (every 10 requests)
[14:21:54] [21/455] MCTI
[14:21:54] [22/455] PPMF
[14:21:56] [23/455] FNSD
[14:21:57] [24/455] M2RH
[14:21:58] [25/455] CPGV
[14:21:58] [26/455] PECD
[14:21:59] [27/455] CTEE
[14:22:00] [28/455] IOMG
[14:22:01] [29/455] CIJA
[14:22:02] [30/455] NYCG
[14:22:03] 🔄 Identity reset
[14:22:03] 🔄 Identity rotated (every 10 requests)
[14:22:03] [31/455] CEST
[14:22:04] [32/455] WVRG
[14:22:05] [33/455] DPDC
[14:22:06] [34/455] PDIV
[14:22:07] [35/455] MTPP
[14:22:08] [36/455] MHNU
[14:22:08] [37/455] WUPG
[14:22:09] [38/455] USCO
[14:22:10] [39/455] INFR
[14:22:11] [40/455] PVPD
[14:22:12] 🔄 Identity reset
[14:22:12] 🔄 Identity rotated (every 10 requests)
[14:22:12] [41/455] RONC
[14:22:13] [42/455] IOCP
[14:22:14] [43/455] EMPS
[14:22:15] [44/455] PNAD
[14:22:16] [45/455] VVGZ
[14:22:17] [46/455] MDDC
[14:22:18] [47/455] MMAP
[14:22:19] [48/455] GPDC
[14:22:20] [49/455] PVPU
[14:22:21] [50/455] DCMV
[14:22:22] 🔄 Identity reset
[14:22:22] 🔄 Identity rotated (every 10 requests)
[14:22:23] [51/455] PCCF
[14:22:24] [52/455] MCEF
[14:22:25] [53/455] INRD
[14:22:26] [54/455] CCPZ
[14:22:27] [55/455] BCWG
[14:22:28] [56/455] PMGU
[14:22:29] [57/455] MCVM
[14:22:30] [58/455] MCDE
[14:22:31] [59/455] IEFM
[14:22:32] [60/455] MXCS
[14:22:32] 🔄 Identity reset
[14:22:32] 🔄 Identity rotated (every 10 requests)
[14:22:33] [61/455] RNMT
[14:22:34] [62/455] PSDD
[14:22:35] [63/455] PETA
[14:22:36] [64/455] IZOP
[14:22:36] [65/455] PDEI
[14:22:38] [66/455] MTND
[14:22:39] [67/455] PCPL
[14:22:39] [68/455] LSCM
[14:22:40] [69/455] BTFD
[14:22:41] [70/455] MERM
[14:22:42] 🔄 Identity reset
[14:22:42] 🔄 Identity rotated (every 10 requests)
[14:22:42] [71/455] PVMS
[14:22:44] [72/455] CIGK
[14:22:45] [73/455] INSG
[14:22:46] [74/455] IDEN
[14:22:46] [75/455] MCGN
[14:22:48] [76/455] IGAM
[14:22:49] [77/455] SLCU
[14:22:50] [78/455] MIMU
[14:22:50] [79/455] QLAC
[14:22:52] [80/455] MENL
[14:22:53] 🔄 Identity reset
[14:22:53] 🔄 Identity rotated (every 10 requests)
[14:22:53] [81/455] SCUR
[14:22:54] [82/455] MDGD
[14:22:56] [83/455] LSRS
[14:22:57] [84/455] KMLG
[14:22:59] [85/455] MKLJ
[14:23:00] [86/455] IBYG
[14:23:01] [87/455] ISML
[14:23:01] [88/455] MJMM
[14:23:02] [89/455] RCGD
[14:23:03] [90/455] MMOC
[14:23:04] 🔄 Identity reset
[14:23:04] 🔄 Identity rotated (every 10 requests)
[14:23:04] [91/455] RRCO
[14:23:06] [92/455] MEDM
[14:23:07] [93/455] MCAZ
[14:23:09] [94/455] STWA
[14:23:10] [95/455] PFFG
[14:23:11] [96/455] GAGC
[14:23:12] [97/455] PMPM
[14:23:13] [98/455] HVCD
[14:23:14] [99/455] AKRF
[14:23:15] [100/455] AKRC
[14:23:15] 🔄 Identity reset
[14:23:15] 🔄 Identity rotated (every 10 requests)
[14:23:16] [101/455] MIDA
[14:23:17] [102/455] MAGX
[14:23:18] [103/455] ESOS
[14:23:18] [104/455] BBCL
[14:23:19] [105/455] LYAS
[14:23:20] [106/455] NRMS
[14:23:21] [107/455] BHUC
[14:23:22] [108/455] SRIC
[14:23:23] [109/455] PDME
[14:23:24] [110/455] MJCS
[14:23:24] 🔄 Identity reset
[14:23:24] 🔄 Identity rotated (every 10 requests)
[14:23:25] [111/455] NRAA
[14:23:26] [112/455] VATA
[14:23:27] [113/455] MNKC
[14:23:28] [114/455] DHCL
[14:23:29] [115/455] JCPC
[14:23:30] [116/455] CTML
[14:23:31] [117/455] RMMR
[14:23:32] [118/455] STTL
[14:23:33] [119/455] CNPS
[14:23:33] [120/455] ACKL
[14:23:34] 🔄 Identity reset
[14:23:34] 🔄 Identity rotated (every 10 requests)
[14:23:34] 🔄 Retry 1/5 for ACKL in 2.8s
[14:23:34] 🔄 Identity reset
[14:23:37] 🧠 New identity created
[14:23:37] [121/455] SCAU
[14:23:38] [122/455] RMIA
[14:23:39] [123/455] MANU
[14:23:40] [124/455] ARDC
[14:23:42] [125/455] GLDA
[14:23:42] [126/455] KVSW
[14:23:43] [127/455] CGCA
[14:23:44] [128/455] CMLO
[14:23:46] [129/455] CECB
[14:23:46] 🔄 Identity reset
[14:23:46] 🔄 Identity rotated (every 10 requests)
[14:23:46] 🔄 Retry 1/5 for CECB in 2.7s
[14:23:46] 🔄 Identity reset
[14:23:49] 🧠 New identity created
[14:23:49] [130/455] RCPN
[14:23:51] [131/455] ASMW
[14:23:52] [132/455] PWLM
[14:23:53] [133/455] ASGM
[14:23:54] [134/455] ACWH
[14:23:55] [135/455] AAPW
[14:23:56] [136/455] RTWA
[14:23:57] [137/455] RAMW
[14:23:58] [138/455] VKTR
[14:23:59] 🔄 Identity reset
[14:23:59] 🔄 Identity rotated (every 10 requests)
[14:23:59] [139/455] SMBH
[14:24:01] [140/455] BVDR
[14:24:02] [141/455] MRTP
[14:24:03] [142/455] BLBR
[14:24:04] [143/455] LPIN
[14:24:04] [144/455] SNPC
[14:24:05] [145/455] PDCB
[14:24:06] [146/455] DYPK
[14:24:07] [147/455] INMK
[14:24:08] [148/455] PDCK
[14:24:09] 🔄 Identity reset
[14:24:09] 🔄 Identity rotated (every 10 requests)
[14:24:09] [149/455] PCKR
[14:24:10] [150/455] SHUA
[14:24:11] [151/455] SCVK
[14:24:12] [152/455] STPA
[14:24:13] [153/455] WVHD
[14:24:14] [154/455] MRCH
[14:24:15] [155/455] MCNP
[14:24:16] [156/455] RCAG
[14:24:16] [157/455] JTSN
[14:24:17] [158/455] AANS
[14:24:18] 🔄 Identity reset
[14:24:18] 🔄 Identity rotated (every 10 requests)
[14:24:18] [159/455] GDDR
[14:24:20] [160/455] SRER
[14:24:21] [161/455] JKMA
[14:24:22] [162/455] ARAN
[14:24:24] [163/455] ALCT
[14:24:24] [164/455] CCTA
[14:24:25] [165/455] CNCT
[14:24:26] [166/455] NZBL
[14:24:27] [167/455] SRRA
[14:24:28] [168/455] SVPW
[14:24:29] 🔄 Identity reset
[14:24:29] 🔄 Identity rotated (every 10 requests)
[14:24:29] [169/455] SRTW
[14:24:30] [170/455] XMTD
[14:24:31] [171/455] SCCZ
[14:24:32] [172/455] PBCR
[14:24:33] [173/455] RTSC
[14:24:34] [174/455] TLSV
[14:24:35] [175/455] RMTK
[14:24:36] [176/455] SRAT
[14:24:36] [177/455] GCYC
[14:24:38] [178/455] HCAJ
[14:24:39] 🔄 Identity reset
[14:24:39] 🔄 Identity rotated (every 10 requests)
[14:24:39] [179/455] LCXA
[14:24:40] [180/455] BINT
[14:24:41] [181/455] IXIM
[14:24:42] [182/455] MBCR
[14:24:43] [183/455] BMCJ
[14:24:43] [184/455] NICJ
[14:24:44] [185/455] SCAJ
[14:24:45] [186/455] CMXS
[14:24:46] [187/455] MMSR
[14:24:47] [188/455] PRKT
[14:24:48] 🔄 Identity reset
[14:24:48] 🔄 Identity rotated (every 10 requests)
[14:24:48] [189/455] LPTH
[14:24:49] [190/455] SARP
[14:24:50] [191/455] MNPP
[14:24:51] [192/455] PRLR
[14:24:52] [193/455] RCMW
[14:24:53] [194/455] FCMG
[14:24:54] [195/455] RTNK
[14:24:55] [196/455] LRCP
[14:24:56] [197/455] DBJR
[14:24:56] [198/455] CACN
[14:24:57] 🔄 Identity reset
[14:24:57] 🔄 Identity rotated (every 10 requests)
[14:24:57] [199/455] AMRL
[14:24:58] [200/455] SBBC
[14:24:59] [201/455] VENN
[14:25:00] [202/455] STSS
[14:25:01] [203/455] SMRB
[14:25:02] [204/455] CCMX
[14:25:03] [205/455] KCMR
[14:25:03] [206/455] SALH
[14:25:04] [207/455] CGTT
[14:25:05] [208/455] PMDR
[14:25:06] 🔄 Identity reset
[14:25:06] 🔄 Identity rotated (every 10 requests)
[14:25:06] [209/455] VCPM
[14:25:07] [210/455] RZMX
[14:25:08] [211/455] TMSY
[14:25:09] [212/455] NTMS
[14:25:10] [213/455] VTAG
[14:25:11] [214/455] REMA
[14:25:12] [215/455] NXCC
[14:25:13] [216/455] SKYM
[14:25:14] [217/455] CCMO
[14:25:15] [218/455] DMXM
[14:25:16] 🔄 Identity reset
[14:25:16] 🔄 Identity rotated (every 10 requests)
[14:25:16] [219/455] SPPM
[14:25:17] [220/455] PTKL
[14:25:18] [221/455] SLVO
[14:25:19] [222/455] VASL
[14:25:20] [223/455] CBCM
[14:25:21] [224/455] STMA
[14:25:22] [225/455] LASK
[14:25:23] [226/455] VITE
[14:25:24] [227/455] AAST
[14:25:25] [228/455] JTPT
[14:25:25] 🔄 Identity reset
[14:25:25] 🔄 Identity rotated (every 10 requests)
[14:25:26] [229/455] RRSH
[14:25:27] [230/455] CINL
[14:25:27] [231/455] MCSR
[14:25:28] [232/455] SBCF
[14:25:30] [233/455] GCDU
[14:25:31] [234/455] PSPR
[14:25:32] [235/455] IMMO
[14:25:32] [236/455] CLGM
[14:25:33] [237/455] PBMM
[14:25:34] [238/455] CEHR
[14:25:35] 🔄 Identity reset
[14:25:35] 🔄 Identity rotated (every 10 requests)
[14:25:35] [239/455] CPOE
[14:25:37] [240/455] PGFD
[14:25:38] [241/455] PSLC
[14:25:38] [242/455] MSMD
[14:25:39] [243/455] FMFB
[14:25:40] [244/455] RKCL
[14:25:41] [245/455] PMMC
[14:25:42] [246/455] SKMM
[14:25:43] [247/455] VOIB
[14:25:44] [248/455] KINO
[14:25:45] 🔄 Identity reset
[14:25:45] 🔄 Identity rotated (every 10 requests)
[14:25:45] [249/455] VCTP
[14:25:46] [250/455] PDWR
[14:25:47] [251/455] SAED
[14:25:48] [252/455] SRRT
[14:25:49] [253/455] CVLG
[14:25:50] [254/455] SNGN
[14:25:51] [255/455] SIDA
[14:25:53] [256/455] IMCB
[14:25:54] [257/455] SMHP
[14:25:54] [258/455] GDTY
[14:25:55] 🔄 Identity reset
[14:25:55] 🔄 Identity rotated (every 10 requests)
[14:25:55] [259/455] VYCH
[14:25:57] [260/455] PDYA
[14:25:58] [261/455] RKDO
[14:25:58] [262/455] VECG
[14:25:59] [263/455] NFGD
[14:26:00] [264/455] SNDC
[14:26:01] [265/455] SDJH
[14:26:02] [266/455] HASV
[14:26:03] [267/455] PTYK
[14:26:04] [268/455] MUTB
[14:26:05] 🔄 Identity reset
[14:26:05] 🔄 Identity rotated (every 10 requests)
[14:26:05] [269/455] AMRT
[14:26:06] [270/455] VACD
[14:26:07] [271/455] SKDD
[14:26:08] [272/455] STGR
[14:26:09] [273/455] GDAK
[14:26:10] [274/455] SKHK
[14:26:11] [275/455] SLND
[14:26:12] [276/455] APAP
[14:26:13] [277/455] AYYA
[14:26:13] [278/455] VCCZ
[14:26:14] 🔄 Identity reset
[14:26:14] 🔄 Identity rotated (every 10 requests)
[14:26:14] [279/455] MEML
[14:26:15] [280/455] MAOU
[14:26:16] [281/455] ESND
[14:26:17] [282/455] PTBZ
[14:26:18] [283/455] LBCN
[14:26:19] [284/455] PAWA
[14:26:20] [285/455] ZEIC
[14:26:21] [286/455] CGMM
[14:26:22] [287/455] PJPM
[14:26:22] [288/455] ECMR
[14:26:23] 🔄 Identity reset
[14:26:23] 🔄 Identity rotated (every 10 requests)
[14:26:23] [289/455] SHMZ
[14:26:24] [290/455] STCA
[14:26:25] [291/455] VDRC
[14:26:27] [292/455] SEEM
[14:26:28] [293/455] MKNS
[14:26:29] [294/455] KPPP
[14:26:30] [295/455] CCML
[14:26:31] [296/455] CIBA
[14:26:31] [297/455] NACS
[14:26:33] [298/455] CTMK
[14:26:34] 🔄 Identity reset
[14:26:34] 🔄 Identity rotated (every 10 requests)
[14:26:34] [299/455] CTCT
[14:26:35] [300/455] MCSN
[14:26:36] [301/455] MAXX
[14:26:37] [302/455] MECB
[14:26:38] [303/455] NTBY
[14:26:40] [304/455] UTBI
[14:26:41] [305/455] RADK
[14:26:41] [306/455] STBY
[14:26:42] [307/455] GTBY
[14:26:43] [308/455] RRMB
[14:26:44] 🔄 Identity reset
[14:26:44] 🔄 Identity rotated (every 10 requests)
[14:26:44] [309/455] ABRN
[14:26:45] [310/455] GTSG
[14:26:46] [311/455] GBTG
[14:26:47] [312/455] SBGS
[14:26:48] [313/455] KBPM
[14:26:49] [314/455] SMHT
[14:26:50] [315/455] VTDM
[14:26:51] [316/455] ASCT
[14:26:53] [317/455] AWCT
[14:26:54] [318/455] DCCU
[14:26:54] 🔄 Identity reset
[14:26:54] 🔄 Identity rotated (every 10 requests)
[14:26:55] [319/455] PSCE
[14:26:56] [320/455] KSNY
[14:26:57] [321/455] ACID
[14:26:58] [322/455] LVCD
[14:26:59] [323/455] KSSB
[14:27:00] [324/455] SWTD
[14:27:01] [325/455] RBMR
[14:27:02] [326/455] SCBC
[14:27:03] [327/455] RKME
[14:27:04] [328/455] GALX
[14:27:04] 🔄 Identity reset
[14:27:04] 🔄 Identity rotated (every 10 requests)
[14:27:05] [329/455] GCCH
[14:27:06] [330/455] RATR
[14:27:07] [331/455] GTGA
[14:27:09] [332/455] LTTR
[14:27:10] [333/455] TTAA
[14:27:11] [334/455] TVHP
[14:27:12] [335/455] KVCS
[14:27:13] [336/455] CBMC
[14:27:14] [337/455] MAYJ
[14:27:15] [338/455] INPR
[14:27:15] 🔄 Identity reset
[14:27:15] 🔄 Identity rotated (every 10 requests)
[14:27:16] [339/455] RSSC
[14:27:17] [340/455] PCAN
[14:27:18] [341/455] PVHR
[14:27:18] [342/455] AGSM
[14:27:19] [343/455] PVES
[14:27:20] [344/455] INTO
[14:27:22] [345/455] ACON
[14:27:23] [346/455] PVPZ
[14:27:23] [347/455] PVHC
[14:27:25] [348/455] KSTK
[14:27:26] 🔄 Identity reset
[14:27:26] 🔄 Identity rotated (every 10 requests)
[14:27:26] [349/455] PVSR
[14:27:27] [350/455] ACTN
[14:27:28] [351/455] FMCN
[14:27:29] [352/455] PABC
[14:27:30] [353/455] SUTC
[14:27:31] [354/455] PGMV
[14:27:32] [355/455] GKCP
[14:27:33] [356/455] INCH
[14:27:34] [357/455] MLMT
[14:27:35] [358/455] SSCC
[14:27:36] 🔄 Identity reset
[14:27:36] 🔄 Identity rotated (every 10 requests)
[14:27:36] [359/455] SLMP
[14:27:37] [360/455] VVTN
[14:27:38] [361/455] SBTR
[14:27:39] [362/455] PGRA
[14:27:40] [363/455] PBRM
[14:27:41] [364/455] GCRP
[14:27:42] [365/455] MCSK
[14:27:43] [366/455] NLTC
[14:27:44] [367/455] MTLM
[14:27:46] [368/455] VECT
[14:27:46] 🔄 Identity reset
[14:27:46] 🔄 Identity rotated (every 10 requests)
[14:27:46] [369/455] KMRM
[14:27:47] [370/455] RACM
[14:27:48] [371/455] WSTC
[14:27:49] [372/455] PVTJ
[14:27:50] [373/455] MMKC
[14:27:51] [374/455] SVWT
[14:27:52] [375/455] JOTG
[14:27:52] [376/455] VCDK
[14:27:53] [377/455] ANAC
[14:27:54] [378/455] GRTC
[14:27:55] 🔄 Identity reset
[14:27:55] 🔄 Identity rotated (every 10 requests)
[14:27:56] [379/455] JTPL
[14:27:56] [380/455] VRCP
[14:27:57] [381/455] REMC
[14:27:58] [382/455] ATMG
[14:27:59] [383/455] GAHC
[14:28:00] [384/455] JTMV
[14:28:01] [385/455] OMTT
[14:28:02] [386/455] GKKC
[14:28:03] [387/455] BBPO
[14:28:03] [388/455] ZCBB
[14:28:04] 🔄 Identity reset
[14:28:04] 🔄 Identity rotated (every 10 requests)
[14:28:05] [389/455] DCGO
[14:28:06] [390/455] STOP
[14:28:07] [391/455] BSPC
[14:28:07] [392/455] SOND
[14:28:08] [393/455] GCKG
[14:28:09] [394/455] PCDB
[14:28:10] [395/455] PGRC
[14:28:11] [396/455] CSCT
[14:28:13] [397/455] STDA
[14:28:14] [398/455] JAYD
[14:28:14] 🔄 Identity reset
[14:28:14] 🔄 Identity rotated (every 10 requests)
[14:28:15] [399/455] PPPD
[14:28:16] [400/455] KRTT
[14:28:17] [401/455] PTDT
[14:28:18] [402/455] TRSV
[14:28:19] [403/455] VELR
[14:28:20] [404/455] STDT
[14:28:21] [405/455] SATT
[14:28:22] [406/455] KCPM
[14:28:23] [407/455] MFCP
[14:28:24] [408/455] AXMP
[14:28:24] 🔄 Identity reset
[14:28:24] 🔄 Identity rotated (every 10 requests)
[14:28:25] [409/455] LTVB
[14:28:26] [410/455] APST
[14:28:26] [411/455] DTVP
[14:28:27] [412/455] AAVB
[14:28:28] [413/455] PMBL
[14:28:29] [414/455] STKC
[14:28:30] [415/455] KKMA
[14:28:32] [416/455] NMXS
[14:28:33] [417/455] DECX
[14:28:34] [418/455] MAPJ
[14:28:35] 🔄 Identity reset
[14:28:35] 🔄 Identity rotated (every 10 requests)
[14:28:36] [419/455] SMLK
[14:28:37] [420/455] PMPU
[14:28:38] [421/455] AFST
[14:28:39] [422/455] SRSY
[14:28:40] [423/455] RMKT
[14:28:41] [424/455] RAJX
[14:28:42] [425/455] UVCD
[14:28:44] [426/455] LISA
[14:28:45] [427/455] LMSR
[14:28:47] [428/455] PMCA
[14:28:47] 🔄 Identity reset
[14:28:47] 🔄 Identity rotated (every 10 requests)
[14:28:48] [429/455] INPO
[14:28:48] [430/455] INGO
[14:28:50] [431/455] HFSQ
[14:28:51] [432/455] INMG
[14:28:52] [433/455] NYCP
[14:28:54] [434/455] HFSV
[14:28:55] [435/455] MMZP
[14:28:56] [436/455] KSES
[14:28:57] [437/455] HFSA
[14:28:57] [438/455] ACMM
[14:28:58] 🔄 Identity reset
[14:28:58] 🔄 Identity rotated (every 10 requests)
[14:28:59] [439/455] RCKD
[14:29:00] [440/455] BCKR
[14:29:01] [441/455] SFCO
[14:29:02] [442/455] JCCB
[14:29:03] [443/455] BCCR
[14:29:04] [444/455] NWCB
[14:29:05] [445/455] SAMT
[14:29:06] [446/455] TMST
[14:29:07] [447/455] SJCN
[14:29:08] [448/455] MCBS
[14:29:09] 🔄 Identity reset
[14:29:09] 🔄 Identity rotated (every 10 requests)
[14:29:09] [449/455] CMKR
[14:29:10] [450/455] INPM
[14:29:11] [451/455] WVMT
[14:29:12] [452/455] NYSM
[14:29:13] [453/455] RCMA
[14:29:14] [454/455] RECM
[14:29:15] [455/455] CYCM
[14:29:16] 🧹 Deduping shows
[14:29:16] ✅ DONE | Shows=2551 | Movies=61
[22:52:52] 🚀 SCRIPT STARTED (enhanced anti‑detection)
[22:52:52] [1/455] MXGN
[22:52:53] 🧠 New identity created
[22:52:53] 🔄 Retry 1/5 for MXGN in 2.7s
[22:52:53] 🔄 Identity reset
[22:52:55] 🧠 New identity created
[22:52:56] [2/455] PGGM
[22:52:56] [3/455] IPMJ
[22:52:57] [4/455] M2PP
[22:52:58] [5/455] PMMS
[22:52:59] [6/455] SCJN
[22:53:00] [7/455] CPUM
[22:53:01] [8/455] SCND
[22:53:02] [9/455] INWM
[22:53:02] 🔄 Identity reset
[22:53:02] 🔄 Identity rotated (every 10 requests)
[22:53:03] [10/455] DVDC
[22:53:04] [11/455] WVND
[22:53:04] [12/455] LBDL
[22:53:05] [13/455] CRGM
[22:53:06] [14/455] PVKS
[22:53:07] [15/455] PBLL
[22:53:08] [16/455] FNLN
[22:53:09] [17/455] PPDA
[22:53:10] [18/455] SCPT
[22:53:11] [19/455] IAJS
[22:53:12] 🔄 Identity reset
[22:53:12] 🔄 Identity rotated (every 10 requests)
[22:53:12] [20/455] MMZG
[22:53:13] [21/455] MCTI
[22:53:14] [22/455] PPMF
[22:53:15] [23/455] FNSD
[22:53:15] [24/455] M2RH
[22:53:16] [25/455] CPGV
[22:53:18] [26/455] PECD
[22:53:18] [27/455] CTEE
[22:53:19] [28/455] IOMG
[22:53:20] [29/455] CIJA
[22:53:21] 🔄 Identity reset
[22:53:21] 🔄 Identity rotated (every 10 requests)
[22:53:21] [30/455] NYCG
[22:53:22] [31/455] CEST
[22:53:23] [32/455] WVRG
[22:53:25] [33/455] DPDC
[22:53:25] [34/455] PDIV
[22:53:26] [35/455] MTPP
[22:53:27] [36/455] MHNU
[22:53:28] [37/455] WUPG
[22:53:29] [38/455] USCO
[22:53:30] [39/455] INFR
[22:53:30] 🔄 Identity reset
[22:53:30] 🔄 Identity rotated (every 10 requests)
[22:53:30] 🔄 Retry 1/5 for INFR in 2.3s
[22:53:30] 🔄 Identity reset
[22:53:33] 🧠 New identity created
[22:53:33] [40/455] PVPD
[22:53:34] [41/455] RONC
[22:53:35] [42/455] IOCP
[22:53:36] [43/455] EMPS
[22:53:37] [44/455] PNAD
[22:53:38] [45/455] VVGZ
[22:53:38] [46/455] MDDC
[22:53:39] [47/455] MMAP
[22:53:40] [48/455] GPDC
[22:53:41] 🔄 Identity reset
[22:53:41] 🔄 Identity rotated (every 10 requests)
[22:53:41] [49/455] PVPU
[22:53:42] [50/455] DCMV
[22:53:43] [51/455] PCCF
[22:53:44] [52/455] MCEF
[22:53:45] [53/455] INRD
[22:53:46] [54/455] CCPZ
[22:53:47] [55/455] BCWG
[22:53:47] [56/455] PMGU
[22:53:48] [57/455] MCVM
[22:53:49] [58/455] MCDE
[22:53:50] 🔄 Identity reset
[22:53:50] 🔄 Identity rotated (every 10 requests)
[22:53:50] [59/455] IEFM
[22:53:51] [60/455] MXCS
[22:53:53] [61/455] RNMT
[22:53:54] [62/455] PSDD
[22:53:55] [63/455] PETA
[22:53:56] [64/455] IZOP
[22:53:56] [65/455] PDEI
[22:53:58] [66/455] MTND
[22:53:59] [67/455] PCPL
[22:54:00] [68/455] LSCM
[22:54:00] 🔄 Identity reset
[22:54:00] 🔄 Identity rotated (every 10 requests)
[22:54:01] [69/455] BTFD
[22:54:02] [70/455] MERM
[22:54:02] [71/455] PVMS
[22:54:03] [72/455] CIGK
[22:54:04] [73/455] INSG
[22:54:05] [74/455] IDEN
[22:54:06] [75/455] MCGN
[22:54:07] [76/455] IGAM
[22:54:08] [77/455] SLCU
[22:54:09] [78/455] MIMU
[22:54:10] 🔄 Identity reset
[22:54:10] 🔄 Identity rotated (every 10 requests)
[22:54:10] [79/455] QLAC
[22:54:11] [80/455] MENL
[22:54:11] [81/455] SCUR
[22:54:12] [82/455] MDGD
[22:54:13] [83/455] LSRS
[22:54:14] [84/455] KMLG
[22:54:15] [85/455] MKLJ
[22:54:16] [86/455] IBYG
[22:54:16] [87/455] ISML
[22:54:17] [88/455] MJMM
[22:54:18] 🔄 Identity reset
[22:54:18] 🔄 Identity rotated (every 10 requests)
[22:54:18] [89/455] RCGD
[22:54:19] [90/455] MMOC
[22:54:20] [91/455] RRCO
[22:54:21] [92/455] MEDM
[22:54:22] [93/455] MCAZ
[22:54:24] [94/455] STWA
[22:54:24] [95/455] PFFG
[22:54:25] [96/455] GAGC
[22:54:27] [97/455] PMPM
[22:54:28] [98/455] HVCD
[22:54:29] 🔄 Identity reset
[22:54:29] 🔄 Identity rotated (every 10 requests)
[22:54:29] [99/455] AKRF
[22:54:30] [100/455] AKRC
[22:54:31] [101/455] MIDA
[22:54:32] [102/455] MAGX
[22:54:32] [103/455] ESOS
[22:54:33] [104/455] BBCL
[22:54:34] [105/455] LYAS
[22:54:35] [106/455] NRMS
[22:54:36] [107/455] BHUC
[22:54:37] [108/455] SRIC
[22:54:38] 🔄 Identity reset
[22:54:38] 🔄 Identity rotated (every 10 requests)
[22:54:38] [109/455] PDME
[22:54:39] [110/455] MJCS
[22:54:40] [111/455] NRAA
[22:54:41] [112/455] VATA
[22:54:41] [113/455] MNKC
[22:54:42] [114/455] DHCL
[22:54:44] [115/455] JCPC
[22:54:45] [116/455] CTML
[22:54:45] [117/455] RMMR
[22:54:46] [118/455] STTL
[22:54:47] 🔄 Identity reset
[22:54:47] 🔄 Identity rotated (every 10 requests)
[22:54:47] [119/455] CNPS
[22:54:48] [120/455] ACKL
[22:54:49] [121/455] SCAU
[22:54:50] [122/455] RMIA
[22:54:51] [123/455] MANU
[22:54:52] [124/455] ARDC
[22:54:52] [125/455] GLDA
[22:54:53] [126/455] KVSW
[22:54:54] [127/455] CGCA
[22:54:55] [128/455] CMLO
[22:54:55] 🔄 Identity reset
[22:54:55] 🔄 Identity rotated (every 10 requests)
[22:54:56] [129/455] CECB
[22:54:56] [130/455] RCPN
[22:54:57] [131/455] ASMW
[22:54:58] [132/455] PWLM
[22:54:59] [133/455] ASGM
[22:55:00] [134/455] ACWH
[22:55:01] [135/455] AAPW
[22:55:02] [136/455] RTWA
[22:55:03] [137/455] RAMW
[22:55:03] [138/455] VKTR
[22:55:04] 🔄 Identity reset
[22:55:04] 🔄 Identity rotated (every 10 requests)
[22:55:05] [139/455] SMBH
[22:55:06] [140/455] BVDR
[22:55:06] [141/455] MRTP
[22:55:07] [142/455] BLBR
[22:55:08] [143/455] LPIN
[22:55:09] [144/455] SNPC
[22:55:10] [145/455] PDCB
[22:55:11] [146/455] DYPK
[22:55:12] [147/455] INMK
[22:55:13] [148/455] PDCK
[22:55:13] 🔄 Identity reset
[22:55:13] 🔄 Identity rotated (every 10 requests)
[22:55:13] 🔄 Retry 1/5 for PDCK in 2.6s
[22:55:13] 🔄 Identity reset
[22:55:16] 🧠 New identity created
[22:55:16] 🔄 Retry 2/5 for PDCK in 4.8s
[22:55:16] 🔄 Identity reset
[22:55:21] 🧠 New identity created
[22:55:21] [149/455] PCKR
[22:55:22] [150/455] SHUA
[22:55:23] [151/455] SCVK
[22:55:24] [152/455] STPA
[22:55:25] [153/455] WVHD
[22:55:26] [154/455] MRCH
[22:55:27] [155/455] MCNP
[22:55:28] [156/455] RCAG
[22:55:28] 🔄 Identity reset
[22:55:28] 🔄 Identity rotated (every 10 requests)
[22:55:29] [157/455] JTSN
[22:55:30] [158/455] AANS
[22:55:31] [159/455] GDDR
[22:55:31] [160/455] SRER
[22:55:33] [161/455] JKMA
[22:55:34] [162/455] ARAN
[22:55:35] [163/455] ALCT
[22:55:35] [164/455] CCTA
[22:55:36] [165/455] CNCT
[22:55:37] [166/455] NZBL
[22:55:38] 🔄 Identity reset
[22:55:38] 🔄 Identity rotated (every 10 requests)
[22:55:38] [167/455] SRRA
[22:55:40] [168/455] SVPW
[22:55:41] [169/455] SRTW
[22:55:42] [170/455] XMTD
[22:55:43] [171/455] SCCZ
[22:55:43] [172/455] PBCR
[22:55:44] [173/455] RTSC
[22:55:45] [174/455] TLSV
[22:55:46] [175/455] RMTK
[22:55:47] [176/455] SRAT
[22:55:47] 🔄 Identity reset
[22:55:47] 🔄 Identity rotated (every 10 requests)
[22:55:48] [177/455] GCYC
[22:55:48] [178/455] HCAJ
[22:55:49] [179/455] LCXA
[22:55:50] [180/455] BINT
[22:55:51] [181/455] IXIM
[22:55:52] [182/455] MBCR
[22:55:53] [183/455] BMCJ
[22:55:54] [184/455] NICJ
[22:55:55] [185/455] SCAJ
[22:55:55] [186/455] CMXS
[22:55:56] 🔄 Identity reset
[22:55:56] 🔄 Identity rotated (every 10 requests)
[22:55:56] [187/455] MMSR
[22:55:57] [188/455] PRKT
[22:55:58] [189/455] LPTH
[22:55:59] [190/455] SARP
[22:56:00] [191/455] MNPP
[22:56:01] [192/455] PRLR
[22:56:03] [193/455] RCMW
[22:56:04] [194/455] FCMG
[22:56:05] [195/455] RTNK
[22:56:06] [196/455] LRCP
[22:56:06] 🔄 Identity reset
[22:56:06] 🔄 Identity rotated (every 10 requests)
[22:56:07] [197/455] DBJR
[22:56:07] [198/455] CACN
[22:56:08] [199/455] AMRL
[22:56:09] [200/455] SBBC
[22:56:10] [201/455] VENN
[22:56:11] [202/455] STSS
[22:56:12] [203/455] SMRB
[22:56:13] [204/455] CCMX
[22:56:13] [205/455] KCMR
[22:56:14] [206/455] SALH
[22:56:15] 🔄 Identity reset
[22:56:15] 🔄 Identity rotated (every 10 requests)
[22:56:15] [207/455] CGTT
[22:56:17] [208/455] PMDR
[22:56:18] [209/455] VCPM
[22:56:19] [210/455] RZMX
[22:56:20] [211/455] TMSY
[22:56:21] [212/455] NTMS
[22:56:22] [213/455] VTAG
[22:56:23] [214/455] REMA
[22:56:24] [215/455] NXCC
[22:56:25] [216/455] SKYM
[22:56:26] 🔄 Identity reset
[22:56:26] 🔄 Identity rotated (every 10 requests)
[22:56:26] [217/455] CCMO
[22:56:27] [218/455] DMXM
[22:56:28] [219/455] SPPM
[22:56:29] [220/455] PTKL
[22:56:29] [221/455] SLVO
[22:56:30] [222/455] VASL
[22:56:31] [223/455] CBCM
[22:56:32] [224/455] STMA
[22:56:32] [225/455] LASK
[22:56:33] [226/455] VITE
[22:56:34] 🔄 Identity reset
[22:56:34] 🔄 Identity rotated (every 10 requests)
[22:56:34] [227/455] AAST
[22:56:35] [228/455] JTPT
[22:56:35] [229/455] RRSH
[22:56:37] [230/455] CINL
[22:56:38] [231/455] MCSR
[22:56:39] [232/455] SBCF
[22:56:40] [233/455] GCDU
[22:56:41] [234/455] PSPR
[22:56:42] [235/455] IMMO
[22:56:43] [236/455] CLGM
[22:56:44] 🔄 Identity reset
[22:56:44] 🔄 Identity rotated (every 10 requests)
[22:56:44] [237/455] PBMM
[22:56:45] [238/455] CEHR
[22:56:46] [239/455] CPOE
[22:56:47] [240/455] PGFD
[22:56:48] [241/455] PSLC
[22:56:48] [242/455] MSMD
[22:56:49] [243/455] FMFB
[22:56:50] [244/455] RKCL
[22:56:51] [245/455] PMMC
[22:56:52] [246/455] SKMM
[22:56:53] 🔄 Identity reset
[22:56:53] 🔄 Identity rotated (every 10 requests)
[22:56:53] [247/455] VOIB
[22:56:54] [248/455] KINO
[22:56:55] [249/455] VCTP
[22:56:56] [250/455] PDWR
[22:56:57] [251/455] SAED
[22:56:57] [252/455] SRRT
[22:56:59] [253/455] CVLG
[22:57:00] [254/455] SNGN
[22:57:01] [255/455] SIDA
[22:57:02] [256/455] IMCB
[22:57:02] 🔄 Identity reset
[22:57:02] 🔄 Identity rotated (every 10 requests)
[22:57:03] [257/455] SMHP
[22:57:03] [258/455] GDTY
[22:57:04] [259/455] VYCH
[22:57:05] [260/455] PDYA
[22:57:06] [261/455] RKDO
[22:57:07] [262/455] VECG
[22:57:07] [263/455] NFGD
[22:57:08] [264/455] SNDC
[22:57:09] [265/455] SDJH
[22:57:10] [266/455] HASV
[22:57:11] 🔄 Identity reset
[22:57:11] 🔄 Identity rotated (every 10 requests)
[22:57:11] [267/455] PTYK
[22:57:12] [268/455] MUTB
[22:57:13] [269/455] AMRT
[22:57:14] [270/455] VACD
[22:57:15] [271/455] SKDD
[22:57:16] [272/455] STGR
[22:57:17] [273/455] GDAK
[22:57:17] [274/455] SKHK
[22:57:18] [275/455] SLND
[22:57:19] [276/455] APAP
[22:57:19] 🔄 Identity reset
[22:57:19] 🔄 Identity rotated (every 10 requests)
[22:57:20] [277/455] AYYA
[22:57:21] [278/455] VCCZ
[22:57:22] [279/455] MEML
[22:57:23] [280/455] MAOU
[22:57:24] [281/455] ESND
[22:57:24] [282/455] PTBZ
[22:57:25] [283/455] LBCN
[22:57:26] [284/455] PAWA
[22:57:27] [285/455] ZEIC
[22:57:28] [286/455] CGMM
[22:57:28] 🔄 Identity reset
[22:57:28] 🔄 Identity rotated (every 10 requests)
[22:57:29] [287/455] PJPM
[22:57:30] [288/455] ECMR
[22:57:30] [289/455] SHMZ
[22:57:31] [290/455] STCA
[22:57:32] [291/455] VDRC
[22:57:33] [292/455] SEEM
[22:57:34] [293/455] MKNS
[22:57:36] [294/455] KPPP
[22:57:37] [295/455] CCML
[22:57:38] [296/455] CIBA
[22:57:38] 🔄 Identity reset
[22:57:38] 🔄 Identity rotated (every 10 requests)
[22:57:38] [297/455] NACS
[22:57:39] [298/455] CTMK
[22:57:40] [299/455] CTCT
[22:57:41] [300/455] MCSN
[22:57:42] [301/455] MAXX
[22:57:43] [302/455] MECB
[22:57:44] [303/455] NTBY
[22:57:45] [304/455] UTBI
[22:57:46] [305/455] RADK
[22:57:47] [306/455] STBY
[22:57:47] 🔄 Identity reset
[22:57:47] 🔄 Identity rotated (every 10 requests)
[22:57:47] [307/455] GTBY
[22:57:48] [308/455] RRMB
[22:57:49] [309/455] ABRN
[22:57:50] [310/455] GTSG
[22:57:51] [311/455] GBTG
[22:57:52] [312/455] SBGS
[22:57:53] [313/455] KBPM
[22:57:54] [314/455] SMHT
[22:57:54] [315/455] VTDM
[22:57:55] [316/455] ASCT
[22:57:56] 🔄 Identity reset
[22:57:56] 🔄 Identity rotated (every 10 requests)
[22:57:56] [317/455] AWCT
[22:57:57] [318/455] DCCU
[22:57:58] [319/455] PSCE
[22:57:59] [320/455] KSNY
[22:58:00] [321/455] ACID
[22:58:01] [322/455] LVCD
[22:58:01] [323/455] KSSB
[22:58:03] [324/455] SWTD
[22:58:04] [325/455] RBMR
[22:58:05] [326/455] SCBC
[22:58:05] 🔄 Identity reset
[22:58:05] 🔄 Identity rotated (every 10 requests)
[22:58:06] [327/455] RKME
[22:58:07] [328/455] GALX
[22:58:08] [329/455] GCCH
[22:58:09] [330/455] RATR
[22:58:10] [331/455] GTGA
[22:58:10] [332/455] LTTR
[22:58:11] [333/455] TTAA
[22:58:12] [334/455] TVHP
[22:58:13] [335/455] KVCS
[22:58:15] [336/455] CBMC
[22:58:15] 🔄 Identity reset
[22:58:15] 🔄 Identity rotated (every 10 requests)
[22:58:16] [337/455] MAYJ
[22:58:17] [338/455] INPR
[22:58:17] [339/455] RSSC
[22:58:18] [340/455] PCAN
[22:58:19] [341/455] PVHR
[22:58:20] [342/455] AGSM
[22:58:21] [343/455] PVES
[22:58:22] [344/455] INTO
[22:58:23] [345/455] ACON
[22:58:24] [346/455] PVPZ
[22:58:24] 🔄 Identity reset
[22:58:24] 🔄 Identity rotated (every 10 requests)
[22:58:25] [347/455] PVHC
[22:58:25] [348/455] KSTK
[22:58:26] [349/455] PVSR
[22:58:27] [350/455] ACTN
[22:58:28] [351/455] FMCN
[22:58:29] [352/455] PABC
[22:58:30] [353/455] SUTC
[22:58:31] [354/455] PGMV
[22:58:32] [355/455] GKCP
[22:58:34] [356/455] INCH
[22:58:35] 🔄 Identity reset
[22:58:35] 🔄 Identity rotated (every 10 requests)
[22:58:35] [357/455] MLMT
[22:58:36] [358/455] SSCC
[22:58:37] [359/455] SLMP
[22:58:37] [360/455] VVTN
[22:58:38] [361/455] SBTR
[22:58:39] [362/455] PGRA
[22:58:40] [363/455] PBRM
[22:58:41] [364/455] GCRP
[22:58:42] [365/455] MCSK
[22:58:43] [366/455] NLTC
[22:58:44] 🔄 Identity reset
[22:58:44] 🔄 Identity rotated (every 10 requests)
[22:58:44] [367/455] MTLM
[22:58:45] [368/455] VECT
[22:58:46] [369/455] KMRM
[22:58:46] [370/455] RACM
[22:58:47] [371/455] WSTC
[22:58:48] [372/455] PVTJ
[22:58:49] [373/455] MMKC
[22:58:51] [374/455] SVWT
[22:58:52] [375/455] JOTG
[22:58:52] [376/455] VCDK
[22:58:53] 🔄 Identity reset
[22:58:53] 🔄 Identity rotated (every 10 requests)
[22:58:53] [377/455] ANAC
[22:58:54] [378/455] GRTC
[22:58:55] [379/455] JTPL
[22:58:56] [380/455] VRCP
[22:58:57] [381/455] REMC
[22:58:58] [382/455] ATMG
[22:58:58] [383/455] GAHC
[22:58:59] [384/455] JTMV
[22:59:00] [385/455] OMTT
[22:59:01] [386/455] GKKC
[22:59:02] 🔄 Identity reset
[22:59:02] 🔄 Identity rotated (every 10 requests)
[22:59:02] [387/455] BBPO
[22:59:03] [388/455] ZCBB
[22:59:04] [389/455] DCGO
[22:59:05] [390/455] STOP
[22:59:06] [391/455] BSPC
[22:59:07] [392/455] SOND
[22:59:07] [393/455] GCKG
[22:59:08] [394/455] PCDB
[22:59:09] [395/455] PGRC
[22:59:10] [396/455] CSCT
[22:59:10] 🔄 Identity reset
[22:59:10] 🔄 Identity rotated (every 10 requests)
[22:59:11] [397/455] STDA
[22:59:12] [398/455] JAYD
[22:59:14] [399/455] PPPD
[22:59:14] [400/455] KRTT
[22:59:15] [401/455] PTDT
[22:59:16] [402/455] TRSV
[22:59:17] [403/455] VELR
[22:59:18] [404/455] STDT
[22:59:18] [405/455] SATT
[22:59:19] [406/455] KCPM
[22:59:20] 🔄 Identity reset
[22:59:20] 🔄 Identity rotated (every 10 requests)
[22:59:20] [407/455] MFCP
[22:59:21] [408/455] AXMP
[22:59:22] [409/455] LTVB
[22:59:22] [410/455] APST
[22:59:23] [411/455] DTVP
[22:59:24] [412/455] AAVB
[22:59:25] [413/455] PMBL
[22:59:26] [414/455] STKC
[22:59:27] [415/455] KKMA
[22:59:28] [416/455] NMXS
[22:59:28] 🔄 Identity reset
[22:59:28] 🔄 Identity rotated (every 10 requests)
[22:59:28] [417/455] DECX
[22:59:29] [418/455] MAPJ
[22:59:30] [419/455] SMLK
[22:59:31] [420/455] PMPU
[22:59:32] [421/455] AFST
[22:59:33] [422/455] SRSY
[22:59:34] [423/455] RMKT
[22:59:34] [424/455] RAJX
[22:59:35] [425/455] UVCD
[22:59:36] [426/455] LISA
[22:59:36] 🔄 Identity reset
[22:59:36] 🔄 Identity rotated (every 10 requests)
[22:59:36] 🔄 Retry 1/5 for LISA in 2.8s
[22:59:36] 🔄 Identity reset
[22:59:39] 🧠 New identity created
[22:59:40] [427/455] LMSR
[22:59:40] [428/455] PMCA
[22:59:41] [429/455] INPO
[22:59:42] [430/455] INGO
[22:59:44] [431/455] HFSQ
[22:59:45] [432/455] INMG
[22:59:45] [433/455] NYCP
[22:59:46] [434/455] HFSV
[22:59:47] [435/455] MMZP
[22:59:48] 🔄 Identity reset
[22:59:48] 🔄 Identity rotated (every 10 requests)
[22:59:48] [436/455] KSES
[22:59:49] [437/455] HFSA
[22:59:50] [438/455] ACMM
[22:59:51] [439/455] RCKD
[22:59:52] [440/455] BCKR
[22:59:53] [441/455] SFCO
[22:59:53] [442/455] JCCB
[22:59:54] [443/455] BCCR
[22:59:55] [444/455] NWCB
[22:59:56] [445/455] SAMT
[22:59:56] 🔄 Identity reset
[22:59:56] 🔄 Identity rotated (every 10 requests)
[22:59:57] [446/455] TMST
[22:59:58] [447/455] SJCN
[22:59:58] [448/455] MCBS
[22:59:59] [449/455] CMKR
[23:00:00] [450/455] INPM
[23:00:01] [451/455] WVMT
[23:00:02] [452/455] NYSM
[23:00:03] [453/455] RCMA
[23:00:03] [454/455] RECM
[23:00:04] [455/455] CYCM
[23:00:05] 🔄 Identity reset
[23:00:05] 🔄 Identity rotated (every 10 requests)
[23:00:06] 🧹 Deduping shows
[23:00:06] ✅ DONE | Shows=4026 | Movies=77
[09:12:20] 🚀 SCRIPT STARTED
[09:12:20] [1/455] MXGN
[09:12:20] 🧠 New identity created
[09:12:21] [2/455] PGGM
[09:12:21] [3/455] IPMJ
[09:12:23] [4/455] M2PP
[09:12:24] [5/455] PMMS
[09:12:25] [6/455] SCJN
[09:12:25] [7/455] CPUM
[09:12:26] [8/455] SCND
[09:12:27] [9/455] INWM
[09:12:28] [10/455] DVDC
[09:12:28] 🔄 Identity reset
[09:12:28] 🔄 Identity rotated (every 10 requests)
[09:12:28] 🔄 Retry 1/5 for DVDC in 2.0s
[09:12:28] 🔄 Identity reset
[09:12:30] 🧠 New identity created
[09:12:31] [11/455] WVND
[09:12:32] [12/455] LBDL
[09:12:33] [13/455] CRGM
[09:12:34] [14/455] PVKS
[09:12:34] [15/455] PBLL
[09:12:35] [16/455] FNLN
[09:12:36] [17/455] PPDA
[09:12:37] [18/455] SCPT
[09:12:38] [19/455] IAJS
[09:12:38] 🔄 Identity reset
[09:12:38] 🔄 Identity rotated (every 10 requests)
[09:12:39] [20/455] MMZG
[09:12:41] [21/455] MCTI
[09:12:42] [22/455] PPMF
[09:12:43] [23/455] FNSD
[09:12:44] [24/455] M2RH
[09:12:45] [25/455] CPGV
[09:12:46] [26/455] PECD
[09:12:47] [27/455] CTEE
[09:12:48] [28/455] IOMG
[09:12:49] [29/455] CIJA
[09:12:49] 🔄 Identity reset
[09:12:49] 🔄 Identity rotated (every 10 requests)
[09:12:50] [30/455] NYCG
[09:12:51] [31/455] CEST
[09:12:52] [32/455] WVRG
[09:12:53] [33/455] DPDC
[09:12:54] [34/455] PDIV
[09:12:55] [35/455] MTPP
[09:12:55] [36/455] MHNU
[09:12:56] [37/455] WUPG
[09:12:57] [38/455] USCO
[09:12:58] [39/455] INFR
[09:12:58] 🔄 Identity reset
[09:12:58] 🔄 Identity rotated (every 10 requests)
[09:12:59] [40/455] PVPD
[09:13:00] [41/455] RONC
[09:13:00] [42/455] IOCP
[09:13:01] [43/455] EMPS
[09:13:03] [44/455] PNAD
[09:13:04] [45/455] VVGZ
[09:13:05] [46/455] MDDC
[09:13:06] [47/455] MMAP
[09:13:07] [48/455] GPDC
[09:13:08] [49/455] PVPU
[09:13:08] 🔄 Identity reset
[09:13:08] 🔄 Identity rotated (every 10 requests)
[09:13:08] 🔄 Retry 1/5 for PVPU in 2.3s
[09:13:08] 🔄 Identity reset
[09:13:10] 🧠 New identity created
[09:13:11] [50/455] DCMV
[09:13:12] [51/455] PCCF
[09:13:13] [52/455] MCEF
[09:13:14] [53/455] INRD
[09:13:15] [54/455] CCPZ
[09:13:16] [55/455] BCWG
[09:13:17] [56/455] PMGU
[09:13:18] [57/455] MCVM
[09:13:19] [58/455] MCDE
[09:13:19] 🔄 Identity reset
[09:13:19] 🔄 Identity rotated (every 10 requests)
[09:13:19] 🔄 Retry 1/5 for MCDE in 2.1s
[09:13:19] 🔄 Identity reset
[09:13:21] 🧠 New identity created
[09:13:22] [59/455] IEFM
[09:13:23] [60/455] MXCS
[09:13:24] [61/455] RNMT
[09:13:24] [62/455] PSDD
[09:13:26] [63/455] PETA
[09:13:27] [64/455] IZOP
[09:13:28] [65/455] PDEI
[09:13:28] [66/455] MTND
[09:13:29] [67/455] PCPL
[09:13:29] 🔄 Identity reset
[09:13:29] 🔄 Identity rotated (every 10 requests)
[09:13:29] 🔄 Retry 1/5 for PCPL in 2.7s
[09:13:29] 🔄 Identity reset
[09:13:32] 🧠 New identity created
[09:13:33] [68/455] LSCM
[09:13:34] [69/455] BTFD
[09:13:35] [70/455] MERM
[09:13:36] [71/455] PVMS
[09:13:37] [72/455] CIGK
[09:13:38] [73/455] INSG
[09:13:39] [74/455] IDEN
[09:13:40] [75/455] MCGN
[09:13:41] [76/455] IGAM
[09:13:41] 🔄 Identity reset
[09:13:41] 🔄 Identity rotated (every 10 requests)
[09:13:42] [77/455] SLCU
[09:13:43] [78/455] MIMU
[09:13:44] [79/455] QLAC
[09:13:45] [80/455] MENL
[09:13:46] [81/455] SCUR
[09:13:47] [82/455] MDGD
[09:13:48] [83/455] LSRS
[09:13:50] [84/455] KMLG
[09:13:50] [85/455] MKLJ
[09:13:51] [86/455] IBYG
[09:13:51] 🔄 Identity reset
[09:13:51] 🔄 Identity rotated (every 10 requests)
[09:13:52] [87/455] ISML
[09:13:53] [88/455] MJMM
[09:13:55] [89/455] RCGD
[09:13:56] [90/455] MMOC
[09:13:57] [91/455] RRCO
[09:13:57] [92/455] MEDM
[09:13:58] [93/455] MCAZ
[09:13:59] [94/455] STWA
[09:14:00] [95/455] PFFG
[09:14:01] [96/455] GAGC
[09:14:01] 🔄 Identity reset
[09:14:01] 🔄 Identity rotated (every 10 requests)
[09:14:02] [97/455] PMPM
[09:14:02] [98/455] HVCD
[09:14:04] [99/455] AKRF
[09:14:05] [100/455] AKRC
[09:14:06] [101/455] MIDA
[09:14:07] [102/455] MAGX
[09:14:07] [103/455] ESOS
[09:14:08] [104/455] BBCL
[09:14:09] [105/455] LYAS
[09:14:10] [106/455] NRMS
[09:14:10] 🔄 Identity reset
[09:14:10] 🔄 Identity rotated (every 10 requests)
[09:14:11] [107/455] BHUC
[09:14:12] [108/455] SRIC
[09:14:13] [109/455] PDME
[09:14:14] [110/455] MJCS
[09:14:15] [111/455] NRAA
[09:14:16] [112/455] VATA
[09:14:17] [113/455] MNKC
[09:14:18] [114/455] DHCL
[09:14:19] [115/455] JCPC
[09:14:20] [116/455] CTML
[09:14:20] 🔄 Identity reset
[09:14:20] 🔄 Identity rotated (every 10 requests)
[09:14:21] [117/455] RMMR
[09:14:22] [118/455] STTL
[09:14:23] [119/455] CNPS
[09:14:24] [120/455] ACKL
[09:14:25] [121/455] SCAU
[09:14:25] [122/455] RMIA
[09:14:26] [123/455] MANU
[09:14:27] [124/455] ARDC
[09:14:28] [125/455] GLDA
[09:14:29] [126/455] KVSW
[09:14:29] 🔄 Identity reset
[09:14:29] 🔄 Identity rotated (every 10 requests)
[09:14:31] [127/455] CGCA
[09:14:32] [128/455] CMLO
[09:14:32] [129/455] CECB
[09:14:33] [130/455] RCPN
[09:14:35] [131/455] ASMW
[09:14:36] [132/455] PWLM
[09:14:37] [133/455] ASGM
[09:14:38] [134/455] ACWH
[09:14:38] [135/455] AAPW
[09:14:39] [136/455] RTWA
[09:14:39] 🔄 Identity reset
[09:14:39] 🔄 Identity rotated (every 10 requests)
[09:14:40] [137/455] RAMW
[09:14:41] [138/455] VKTR
[09:14:42] [139/455] SMBH
[09:14:43] [140/455] BVDR
[09:14:44] [141/455] MRTP
[09:14:45] [142/455] BLBR
[09:14:46] [143/455] LPIN
[09:14:47] [144/455] SNPC
[09:14:48] [145/455] PDCB
[09:14:48] [146/455] DYPK
[09:14:48] 🔄 Identity reset
[09:14:48] 🔄 Identity rotated (every 10 requests)
[09:14:49] [147/455] INMK
[09:14:50] [148/455] PDCK
[09:14:51] [149/455] PCKR
[09:14:52] [150/455] SHUA
[09:14:53] [151/455] SCVK
[09:14:54] [152/455] STPA
[09:14:55] [153/455] WVHD
[09:14:56] [154/455] MRCH
[09:14:57] [155/455] MCNP
[09:14:58] [156/455] RCAG
[09:14:58] 🔄 Identity reset
[09:14:58] 🔄 Identity rotated (every 10 requests)
[09:14:59] [157/455] JTSN
[09:14:59] [158/455] AANS
[09:15:00] [159/455] GDDR
[09:15:01] [160/455] SRER
[09:15:02] [161/455] JKMA
[09:15:03] [162/455] ARAN
[09:15:04] [163/455] ALCT
[09:15:05] [164/455] CCTA
[09:15:06] [165/455] CNCT
[09:15:07] [166/455] NZBL
[09:15:07] 🔄 Identity reset
[09:15:07] 🔄 Identity rotated (every 10 requests)
[09:15:07] 🔄 Retry 1/5 for NZBL in 2.8s
[09:15:07] 🔄 Identity reset
[09:15:10] 🧠 New identity created
[09:15:11] [167/455] SRRA
[09:15:12] [168/455] SVPW
[09:15:12] [169/455] SRTW
[09:15:13] [170/455] XMTD
[09:15:14] [171/455] SCCZ
[09:15:15] [172/455] PBCR
[09:15:16] [173/455] RTSC
[09:15:17] [174/455] TLSV
[09:15:18] [175/455] RMTK
[09:15:18] 🔄 Identity reset
[09:15:18] 🔄 Identity rotated (every 10 requests)
[09:15:19] [176/455] SRAT
[09:15:20] [177/455] GCYC
[09:15:21] [178/455] HCAJ
[09:15:22] [179/455] LCXA
[09:15:23] [180/455] BINT
[09:15:24] [181/455] IXIM
[09:15:25] [182/455] MBCR
[09:15:25] [183/455] BMCJ
[09:15:26] [184/455] NICJ
[09:15:27] [185/455] SCAJ
[09:15:27] 🔄 Identity reset
[09:15:27] 🔄 Identity rotated (every 10 requests)
[09:15:28] [186/455] CMXS
[09:15:29] [187/455] MMSR
[09:15:30] [188/455] PRKT
[09:15:31] [189/455] LPTH
[09:15:33] [190/455] SARP
[09:15:34] [191/455] MNPP
[09:15:35] [192/455] PRLR
[09:15:36] [193/455] RCMW
[09:15:37] [194/455] FCMG
[09:15:38] [195/455] RTNK
[09:15:38] 🔄 Identity reset
[09:15:38] 🔄 Identity rotated (every 10 requests)
[09:15:38] 🔄 Retry 1/5 for RTNK in 2.3s
[09:15:38] 🔄 Identity reset
[09:15:40] 🧠 New identity created
[09:15:42] [196/455] LRCP
[09:15:43] [197/455] DBJR
[09:15:44] [198/455] CACN
[09:15:45] [199/455] AMRL
[09:15:46] [200/455] SBBC
[09:15:47] [201/455] VENN
[09:15:47] [202/455] STSS
[09:15:48] [203/455] SMRB
[09:15:49] [204/455] CCMX
[09:15:49] 🔄 Identity reset
[09:15:49] 🔄 Identity rotated (every 10 requests)
[09:15:50] [205/455] KCMR
[09:15:51] [206/455] SALH
[09:15:52] [207/455] CGTT
[09:15:52] [208/455] PMDR
[09:15:53] [209/455] VCPM
[09:15:54] [210/455] RZMX
[09:15:55] [211/455] TMSY
[09:15:56] [212/455] NTMS
[09:15:57] [213/455] VTAG
[09:15:58] [214/455] REMA
[09:15:58] 🔄 Identity reset
[09:15:58] 🔄 Identity rotated (every 10 requests)
[09:15:59] [215/455] NXCC
[09:16:00] [216/455] SKYM
[09:16:01] [217/455] CCMO
[09:16:01] [218/455] DMXM
[09:16:03] [219/455] SPPM
[09:16:04] [220/455] PTKL
[09:16:04] [221/455] SLVO
[09:16:05] [222/455] VASL
[09:16:06] [223/455] CBCM
[09:16:07] [224/455] STMA
[09:16:07] 🔄 Identity reset
[09:16:07] 🔄 Identity rotated (every 10 requests)
[09:16:09] [225/455] LASK
[09:16:10] [226/455] VITE
[09:16:11] [227/455] AAST
[09:16:12] [228/455] JTPT
[09:16:13] [229/455] RRSH
[09:16:14] [230/455] CINL
[09:16:15] [231/455] MCSR
[09:16:16] [232/455] SBCF
[09:16:18] [233/455] GCDU
[09:16:19] [234/455] PSPR
[09:16:19] 🔄 Identity reset
[09:16:19] 🔄 Identity rotated (every 10 requests)
[09:16:20] [235/455] IMMO
[09:16:21] [236/455] CLGM
[09:16:22] [237/455] PBMM
[09:16:23] [238/455] CEHR
[09:16:24] [239/455] CPOE
[09:16:25] [240/455] PGFD
[09:16:26] [241/455] PSLC
[09:16:27] [242/455] MSMD
[09:16:27] [243/455] FMFB
[09:16:28] [244/455] RKCL
[09:16:28] 🔄 Identity reset
[09:16:28] 🔄 Identity rotated (every 10 requests)
[09:16:29] [245/455] PMMC
[09:16:30] [246/455] SKMM
[09:16:31] [247/455] VOIB
[09:16:32] [248/455] KINO
[09:16:33] [249/455] VCTP
[09:16:34] [250/455] PDWR
[09:16:36] [251/455] SAED
[09:16:36] [252/455] SRRT
[09:16:37] [253/455] CVLG
[09:16:38] [254/455] SNGN
[09:16:38] 🔄 Identity reset
[09:16:38] 🔄 Identity rotated (every 10 requests)
[09:16:39] [255/455] SIDA
[09:16:40] [256/455] IMCB
[09:16:41] [257/455] SMHP
[09:16:42] [258/455] GDTY
[09:16:43] [259/455] VYCH
[09:16:44] [260/455] PDYA
[09:16:46] [261/455] RKDO
[09:16:46] [262/455] VECG
[09:16:47] [263/455] NFGD
[09:16:48] [264/455] SNDC
[09:16:48] 🔄 Identity reset
[09:16:48] 🔄 Identity rotated (every 10 requests)
[09:16:49] 🔄 Retry 1/5 for SNDC in 2.4s
[09:16:49] 🔄 Identity reset
[09:16:51] 🧠 New identity created
[09:16:52] [265/455] SDJH
[09:16:53] [266/455] HASV
[09:16:53] [267/455] PTYK
[09:16:54] [268/455] MUTB
[09:16:55] [269/455] AMRT
[09:16:56] [270/455] VACD
[09:16:57] [271/455] SKDD
[09:16:58] [272/455] STGR
[09:16:59] [273/455] GDAK
[09:16:59] 🔄 Identity reset
[09:16:59] 🔄 Identity rotated (every 10 requests)
[09:17:00] [274/455] SKHK
[09:17:01] [275/455] SLND
[09:17:02] [276/455] APAP
[09:17:04] [277/455] AYYA
[09:17:05] [278/455] VCCZ
[09:17:06] [279/455] MEML
[09:17:08] [280/455] MAOU
[09:17:08] [281/455] ESND
[09:17:09] [282/455] PTBZ
[09:17:10] [283/455] LBCN
[09:17:10] 🔄 Identity reset
[09:17:10] 🔄 Identity rotated (every 10 requests)
[09:17:11] [284/455] PAWA
[09:17:12] [285/455] ZEIC
[09:17:13] [286/455] CGMM
[09:17:14] [287/455] PJPM
[09:17:14] [288/455] ECMR
[09:17:15] [289/455] SHMZ
[09:17:16] [290/455] STCA
[09:17:17] [291/455] VDRC
[09:17:18] [292/455] SEEM
[09:17:19] [293/455] MKNS
[09:17:19] 🔄 Identity reset
[09:17:19] 🔄 Identity rotated (every 10 requests)
[09:17:20] [294/455] KPPP
[09:17:22] [295/455] CCML
[09:17:23] [296/455] CIBA
[09:17:24] [297/455] NACS
[09:17:25] [298/455] CTMK
[09:17:26] [299/455] CTCT
[09:17:27] [300/455] MCSN
[09:17:28] [301/455] MAXX
[09:17:29] [302/455] MECB
[09:17:30] [303/455] NTBY
[09:17:30] 🔄 Identity reset
[09:17:30] 🔄 Identity rotated (every 10 requests)
[09:17:31] [304/455] UTBI
[09:17:31] [305/455] RADK
[09:17:32] [306/455] STBY
[09:17:34] [307/455] GTBY
[09:17:35] [308/455] RRMB
[09:17:36] [309/455] ABRN
[09:17:36] [310/455] GTSG
[09:17:37] [311/455] GBTG
[09:17:39] [312/455] SBGS
[09:17:40] [313/455] KBPM
[09:17:40] 🔄 Identity reset
[09:17:40] 🔄 Identity rotated (every 10 requests)
[09:17:42] [314/455] SMHT
[09:17:42] [315/455] VTDM
[09:17:43] [316/455] ASCT
[09:17:45] [317/455] AWCT
[09:17:47] [318/455] DCCU
[09:17:48] [319/455] PSCE
[09:17:49] [320/455] KSNY
[09:17:49] [321/455] ACID
[09:17:51] [322/455] LVCD
[09:17:53] [323/455] KSSB
[09:17:53] 🔄 Identity reset
[09:17:53] 🔄 Identity rotated (every 10 requests)
[09:17:54] [324/455] SWTD
[09:17:54] [325/455] RBMR
[09:17:56] [326/455] SCBC
[09:17:57] [327/455] RKME
[09:17:58] [328/455] GALX
[09:17:59] [329/455] GCCH
[09:18:00] [330/455] RATR
[09:18:01] [331/455] GTGA
[09:18:03] [332/455] LTTR
[09:18:03] [333/455] TTAA
[09:18:03] 🔄 Identity reset
[09:18:03] 🔄 Identity rotated (every 10 requests)
[09:18:04] 🔄 Retry 1/5 for TTAA in 2.2s
[09:18:04] 🔄 Identity reset
[09:18:06] 🧠 New identity created
[09:18:06] [334/455] TVHP
[09:18:07] [335/455] KVCS
[09:18:08] [336/455] CBMC
[09:18:09] [337/455] MAYJ
[09:18:10] [338/455] INPR
[09:18:11] [339/455] RSSC
[09:18:12] [340/455] PCAN
[09:18:13] [341/455] PVHR
[09:18:15] [342/455] AGSM
[09:18:15] 🔄 Identity reset
[09:18:15] 🔄 Identity rotated (every 10 requests)
[09:18:16] [343/455] PVES
[09:18:17] [344/455] INTO
[09:18:18] [345/455] ACON
[09:18:19] [346/455] PVPZ
[09:18:20] [347/455] PVHC
[09:18:21] [348/455] KSTK
[09:18:23] [349/455] PVSR
[09:18:24] [350/455] ACTN
[09:18:24] [351/455] FMCN
[09:18:25] [352/455] PABC
[09:18:25] 🔄 Identity reset
[09:18:25] 🔄 Identity rotated (every 10 requests)
[09:18:26] [353/455] SUTC
[09:18:27] [354/455] PGMV
[09:18:28] [355/455] GKCP
[09:18:29] [356/455] INCH
[09:18:30] [357/455] MLMT
[09:18:31] [358/455] SSCC
[09:18:32] [359/455] SLMP
[09:18:33] [360/455] VVTN
[09:18:34] [361/455] SBTR
[09:18:35] [362/455] PGRA
[09:18:35] 🔄 Identity reset
[09:18:35] 🔄 Identity rotated (every 10 requests)
[09:18:36] [363/455] PBRM
[09:18:37] [364/455] GCRP
[09:18:38] [365/455] MCSK
[09:18:39] [366/455] NLTC
[09:18:40] [367/455] MTLM
[09:18:41] [368/455] VECT
[09:18:42] [369/455] KMRM
[09:18:43] [370/455] RACM
[09:18:44] [371/455] WSTC
[09:18:45] [372/455] PVTJ
[09:18:45] 🔄 Identity reset
[09:18:45] 🔄 Identity rotated (every 10 requests)
[09:18:46] [373/455] MMKC
[09:18:47] [374/455] SVWT
[09:18:48] [375/455] JOTG
[09:18:48] [376/455] VCDK
[09:18:49] [377/455] ANAC
[09:18:50] [378/455] GRTC
[09:18:51] [379/455] JTPL
[09:18:52] [380/455] VRCP
[09:18:53] [381/455] REMC
[09:18:54] [382/455] ATMG
[09:18:54] 🔄 Identity reset
[09:18:54] 🔄 Identity rotated (every 10 requests)
[09:18:55] [383/455] GAHC
[09:18:56] [384/455] JTMV
[09:18:57] [385/455] OMTT
[09:18:58] [386/455] GKKC
[09:18:59] [387/455] BBPO
[09:18:59] [388/455] ZCBB
[09:19:00] [389/455] DCGO
[09:19:01] [390/455] STOP
[09:19:02] [391/455] BSPC
[09:19:03] [392/455] SOND
[09:19:03] 🔄 Identity reset
[09:19:03] 🔄 Identity rotated (every 10 requests)
[09:19:04] [393/455] GCKG
[09:19:05] [394/455] PCDB
[09:19:06] [395/455] PGRC
[09:19:07] [396/455] CSCT
[09:19:08] [397/455] STDA
[09:19:09] [398/455] JAYD
[09:19:11] [399/455] PPPD
[09:19:12] [400/455] KRTT
[09:19:13] [401/455] PTDT
[09:19:15] [402/455] TRSV
[09:19:15] 🔄 Identity reset
[09:19:15] 🔄 Identity rotated (every 10 requests)
[09:19:16] [403/455] VELR
[09:19:17] [404/455] STDT
[09:19:18] [405/455] SATT
[09:19:19] [406/455] KCPM
[09:19:20] [407/455] MFCP
[09:19:21] [408/455] AXMP
[09:19:22] [409/455] LTVB
[09:19:23] [410/455] APST
[09:19:24] [411/455] DTVP
[09:19:25] [412/455] AAVB
[09:19:25] 🔄 Identity reset
[09:19:25] 🔄 Identity rotated (every 10 requests)
[09:19:26] [413/455] PMBL
[09:19:27] [414/455] STKC
[09:19:29] [415/455] KKMA
[09:19:29] [416/455] NMXS
[09:19:30] [417/455] DECX
[09:19:31] [418/455] MAPJ
[09:19:32] [419/455] SMLK
[09:19:33] [420/455] PMPU
[09:19:35] [421/455] AFST
[09:19:36] [422/455] SRSY
[09:19:36] 🔄 Identity reset
[09:19:36] 🔄 Identity rotated (every 10 requests)
[09:19:37] [423/455] RMKT
[09:19:39] [424/455] RAJX
[09:19:39] [425/455] UVCD
[09:19:40] [426/455] LISA
[09:19:41] [427/455] LMSR
[09:19:42] [428/455] PMCA
[09:19:43] [429/455] INPO
[09:19:44] [430/455] INGO
[09:19:45] [431/455] HFSQ
[09:19:46] [432/455] INMG
[09:19:46] 🔄 Identity reset
[09:19:46] 🔄 Identity rotated (every 10 requests)
[09:19:47] [433/455] NYCP
[09:19:48] [434/455] HFSV
[09:19:49] [435/455] MMZP
[09:19:50] [436/455] KSES
[09:19:51] [437/455] HFSA
[09:19:52] [438/455] ACMM
[09:19:53] [439/455] RCKD
[09:19:54] [440/455] BCKR
[09:19:55] [441/455] SFCO
[09:19:56] [442/455] JCCB
[09:19:56] 🔄 Identity reset
[09:19:56] 🔄 Identity rotated (every 10 requests)
[09:19:57] [443/455] BCCR
[09:19:58] [444/455] NWCB
[09:19:59] [445/455] SAMT
[09:20:00] [446/455] TMST
[09:20:00] [447/455] SJCN
[09:20:01] [448/455] MCBS
[09:20:02] [449/455] CMKR
[09:20:04] [450/455] INPM
[09:20:05] [451/455] WVMT
[09:20:06] [452/455] NYSM
[09:20:06] 🔄 Identity reset
[09:20:06] 🔄 Identity rotated (every 10 requests)
[09:20:07] [453/455] RCMA
[09:20:08] [454/455] RECM
[09:20:08] [455/455] CYCM
[09:20:10] 🧹 Deduping shows
[09:20:10] ✅ DONE | Shows=4279 | Movies=79
[12:43:56] 🚀 SCRIPT STARTED
[12:43:56] [1/455] MXGN
[12:43:56] 🧠 New identity created
[12:43:58] [2/455] PGGM
[12:43:59] [3/455] IPMJ
[12:44:00] [4/455] M2PP
[12:44:01] [5/455] PMMS
[12:44:02] [6/455] SCJN
[12:44:03] [7/455] CPUM
[12:44:04] [8/455] SCND
[12:44:05] [9/455] INWM
[12:44:06] [10/455] DVDC
[12:44:06] 🔄 Identity reset
[12:44:06] 🔄 Identity rotated (every 10 requests)
[12:44:07] [11/455] WVND
[12:44:08] [12/455] LBDL
[12:44:09] [13/455] CRGM
[12:44:10] [14/455] PVKS
[12:44:11] [15/455] PBLL
[12:44:12] [16/455] FNLN
[12:44:12] [17/455] PPDA
[12:44:13] [18/455] SCPT
[12:44:14] [19/455] IAJS
[12:44:15] [20/455] MMZG
[12:44:15] 🔄 Identity reset
[12:44:15] 🔄 Identity rotated (every 10 requests)
[12:44:16] [21/455] MCTI
[12:44:18] [22/455] PPMF
[12:44:19] [23/455] FNSD
[12:44:20] [24/455] M2RH
[12:44:21] [25/455] CPGV
[12:44:22] [26/455] PECD
[12:44:23] [27/455] CTEE
[12:44:24] [28/455] IOMG
[12:44:25] [29/455] CIJA
[12:44:26] [30/455] NYCG
[12:44:26] 🔄 Identity reset
[12:44:26] 🔄 Identity rotated (every 10 requests)
[12:44:26] 🔄 Retry 1/5 for NYCG in 2.3s
[12:44:26] 🔄 Identity reset
[12:44:28] 🧠 New identity created
[12:44:29] [31/455] CEST
[12:44:31] [32/455] WVRG
[12:44:33] [33/455] DPDC
[12:44:34] [34/455] PDIV
[12:44:35] [35/455] MTPP
[12:44:35] [36/455] MHNU
[12:44:36] [37/455] WUPG
[12:44:37] [38/455] USCO
[12:44:38] [39/455] INFR
[12:44:38] 🔄 Identity reset
[12:44:38] 🔄 Identity rotated (every 10 requests)
[12:44:38] 🔄 Retry 1/5 for INFR in 2.2s
[12:44:38] 🔄 Identity reset
[12:44:41] 🧠 New identity created
[12:44:41] 🔄 Retry 2/5 for INFR in 4.9s
[12:44:41] 🔄 Identity reset
[12:44:46] 🧠 New identity created
[12:44:46] 🔄 Retry 3/5 for INFR in 8.3s
[12:44:46] 🔄 Identity reset
[12:44:54] 🧠 New identity created
[12:44:54] 🔄 Retry 4/5 for INFR in 16.2s
[12:44:54] 🔄 Identity reset
[12:45:10] 🧠 New identity created
[12:45:11] [40/455] PVPD
[12:45:12] [41/455] RONC
[12:45:13] [42/455] IOCP
[12:45:14] [43/455] EMPS
[12:45:15] [44/455] PNAD
[12:45:16] [45/455] VVGZ
[12:45:16] 🔄 Identity reset
[12:45:16] 🔄 Identity rotated (every 10 requests)
[12:45:16] 🔄 Retry 1/5 for VVGZ in 2.5s
[12:45:16] 🔄 Identity reset
[12:45:18] 🧠 New identity created
[12:45:18] 🔄 Retry 2/5 for VVGZ in 4.1s
[12:45:18] 🔄 Identity reset
[12:45:22] 🧠 New identity created
[12:45:22] 🔄 Retry 3/5 for VVGZ in 9.0s
[12:45:22] 🔄 Identity reset
[12:45:31] 🧠 New identity created
[12:45:31] 🔄 Retry 4/5 for VVGZ in 16.1s
[12:45:31] 🔄 Identity reset
[12:45:47] 🧠 New identity created
[12:45:48] [46/455] MDDC
[12:45:49] [47/455] MMAP
[12:45:50] [48/455] GPDC
[12:45:51] [49/455] PVPU
[12:45:52] [50/455] DCMV
[12:45:53] [51/455] PCCF
[12:45:53] 🔄 Identity reset
[12:45:53] 🔄 Identity rotated (every 10 requests)
[12:45:54] [52/455] MCEF
[12:45:55] [53/455] INRD
[12:45:56] [54/455] CCPZ
[12:45:57] [55/455] BCWG
[12:45:58] [56/455] PMGU
[12:45:58] [57/455] MCVM
[12:45:59] [58/455] MCDE
[12:46:00] [59/455] IEFM
[12:46:01] [60/455] MXCS
[12:46:02] [61/455] RNMT
[12:46:02] 🔄 Identity reset
[12:46:02] 🔄 Identity rotated (every 10 requests)
[12:46:03] [62/455] PSDD
[12:46:04] [63/455] PETA
[12:46:05] [64/455] IZOP
[12:46:07] [65/455] PDEI
[12:46:08] [66/455] MTND
[12:46:09] [67/455] PCPL
[12:46:09] [68/455] LSCM
[12:46:11] [69/455] BTFD
[12:46:12] [70/455] MERM
[12:46:13] [71/455] PVMS
[12:46:13] 🔄 Identity reset
[12:46:13] 🔄 Identity rotated (every 10 requests)
[12:46:14] [72/455] CIGK
[12:46:15] [73/455] INSG
[12:46:16] [74/455] IDEN
[12:46:17] [75/455] MCGN
[12:46:18] [76/455] IGAM
[12:46:19] [77/455] SLCU
[12:46:20] [78/455] MIMU
[12:46:20] [79/455] QLAC
[12:46:21] [80/455] MENL
[12:46:22] [81/455] SCUR
[12:46:22] 🔄 Identity reset
[12:46:22] 🔄 Identity rotated (every 10 requests)
[12:46:22] 🔄 Retry 1/5 for SCUR in 2.9s
[12:46:22] 🔄 Identity reset
[12:46:25] 🧠 New identity created
[12:46:25] 🔄 Retry 2/5 for SCUR in 4.5s
[12:46:25] 🔄 Identity reset
[12:46:30] 🧠 New identity created
[12:46:31] [82/455] MDGD
[12:46:32] [83/455] LSRS
[12:46:33] [84/455] KMLG
[12:46:33] [85/455] MKLJ
[12:46:34] [86/455] IBYG
[12:46:35] [87/455] ISML
[12:46:36] [88/455] MJMM
[12:46:38] [89/455] RCGD
[12:46:38] 🔄 Identity reset
[12:46:38] 🔄 Identity rotated (every 10 requests)
[12:46:38] 🔄 Retry 1/5 for RCGD in 2.4s
[12:46:38] 🔄 Identity reset
[12:46:40] 🧠 New identity created
[12:46:40] 🔄 Retry 2/5 for RCGD in 4.0s
[12:46:40] 🔄 Identity reset
[12:46:44] 🧠 New identity created
[12:46:46] [90/455] MMOC
[12:46:47] [91/455] RRCO
[12:46:48] [92/455] MEDM
[12:46:49] [93/455] MCAZ
[12:46:50] [94/455] STWA
[12:46:51] [95/455] PFFG
[12:46:52] [96/455] GAGC
[12:46:53] [97/455] PMPM
[12:46:53] 🔄 Identity reset
[12:46:53] 🔄 Identity rotated (every 10 requests)
[12:46:54] [98/455] HVCD
[12:46:55] [99/455] AKRF
[12:46:56] [100/455] AKRC
[12:46:57] [101/455] MIDA
[12:46:58] [102/455] MAGX
[12:46:59] [103/455] ESOS
[12:47:00] [104/455] BBCL
[12:47:01] [105/455] LYAS
[12:47:02] [106/455] NRMS
[12:47:03] [107/455] BHUC
[12:47:03] 🔄 Identity reset
[12:47:03] 🔄 Identity rotated (every 10 requests)
[12:47:03] 🔄 Retry 1/5 for BHUC in 2.6s
[12:47:03] 🔄 Identity reset
[12:47:06] 🧠 New identity created
[12:47:06] 🔄 Retry 2/5 for BHUC in 5.0s
[12:47:06] 🔄 Identity reset
[12:47:11] 🧠 New identity created
[12:47:11] 🔄 Retry 3/5 for BHUC in 8.7s
[12:47:11] 🔄 Identity reset
[12:47:20] 🧠 New identity created
[12:47:21] [108/455] SRIC
[12:47:22] [109/455] PDME
[12:47:23] [110/455] MJCS
[12:47:24] [111/455] NRAA
[12:47:25] [112/455] VATA
[12:47:26] [113/455] MNKC
[12:47:27] [114/455] DHCL
[12:47:27] 🔄 Identity reset
[12:47:27] 🔄 Identity rotated (every 10 requests)
[12:47:27] 🔄 Retry 1/5 for DHCL in 2.7s
[12:47:27] 🔄 Identity reset
[12:47:30] 🧠 New identity created
[12:47:31] [115/455] JCPC
[12:47:32] [116/455] CTML
[12:47:32] [117/455] RMMR
[12:47:33] [118/455] STTL
[12:47:34] [119/455] CNPS
[12:47:36] [120/455] ACKL
[12:47:38] [121/455] SCAU
[12:47:39] [122/455] RMIA
[12:47:40] [123/455] MANU
[12:47:40] 🔄 Identity reset
[12:47:40] 🔄 Identity rotated (every 10 requests)
[12:47:40] 🔄 Retry 1/5 for MANU in 2.5s
[12:47:40] 🔄 Identity reset
[12:47:43] 🧠 New identity created
[12:47:43] 🔄 Retry 2/5 for MANU in 4.6s
[12:47:43] 🔄 Identity reset
[12:47:47] 🧠 New identity created
[12:47:48] 🔄 Retry 3/5 for MANU in 8.1s
[12:47:48] 🔄 Identity reset
[12:47:56] 🧠 New identity created
[12:47:56] 🔄 Retry 4/5 for MANU in 16.5s
[12:47:56] 🔄 Identity reset
[12:48:12] 🧠 New identity created
[12:48:13] [124/455] ARDC
[12:48:14] [125/455] GLDA
[12:48:15] [126/455] KVSW
[12:48:16] [127/455] CGCA
[12:48:17] [128/455] CMLO
[12:48:18] [129/455] CECB
[12:48:18] 🔄 Identity reset
[12:48:18] 🔄 Identity rotated (every 10 requests)
[12:48:19] [130/455] RCPN
[12:48:20] [131/455] ASMW
[12:48:21] [132/455] PWLM
[12:48:22] [133/455] ASGM
[12:48:24] [134/455] ACWH
[12:48:25] [135/455] AAPW
[12:48:26] [136/455] RTWA
[12:48:26] [137/455] RAMW
[12:48:27] [138/455] VKTR
[12:48:28] [139/455] SMBH
[12:48:28] 🔄 Identity reset
[12:48:28] 🔄 Identity rotated (every 10 requests)
[12:48:30] [140/455] BVDR
[12:48:30] [141/455] MRTP
[12:48:31] [142/455] BLBR
[12:48:32] [143/455] LPIN
[12:48:33] [144/455] SNPC
[12:48:34] [145/455] PDCB
[12:48:35] [146/455] DYPK
[12:48:36] [147/455] INMK
[12:48:37] [148/455] PDCK
[12:48:38] [149/455] PCKR
[12:48:38] 🔄 Identity reset
[12:48:38] 🔄 Identity rotated (every 10 requests)
[12:48:39] [150/455] SHUA
[12:48:40] [151/455] SCVK
[12:48:41] [152/455] STPA
[12:48:42] [153/455] WVHD
[12:48:43] [154/455] MRCH
[12:48:43] [155/455] MCNP
[12:48:44] [156/455] RCAG
[12:48:45] [157/455] JTSN
[12:48:46] [158/455] AANS
[12:48:47] [159/455] GDDR
[12:48:47] 🔄 Identity reset
[12:48:47] 🔄 Identity rotated (every 10 requests)
[12:48:48] [160/455] SRER
[12:48:49] [161/455] JKMA
[12:48:50] [162/455] ARAN
[12:48:51] [163/455] ALCT
[12:48:52] [164/455] CCTA
[12:48:53] [165/455] CNCT
[12:48:54] [166/455] NZBL
[12:48:55] [167/455] SRRA
[12:48:56] [168/455] SVPW
[12:48:57] [169/455] SRTW
[12:48:57] 🔄 Identity reset
[12:48:57] 🔄 Identity rotated (every 10 requests)
[12:48:57] 🔄 Retry 1/5 for SRTW in 2.8s
[12:48:57] 🔄 Identity reset
[12:49:00] 🧠 New identity created
[12:49:00] 🔄 Retry 2/5 for SRTW in 4.0s
[12:49:00] 🔄 Identity reset
[12:49:04] 🧠 New identity created
[12:49:04] 🔄 Retry 3/5 for SRTW in 8.1s
[12:49:04] 🔄 Identity reset
[12:49:12] 🧠 New identity created
[12:49:13] [170/455] XMTD
[12:49:15] [171/455] SCCZ
[12:49:16] [172/455] PBCR
[12:49:17] [173/455] RTSC
[12:49:18] [174/455] TLSV
[12:49:19] [175/455] RMTK
[12:49:20] [176/455] SRAT
[12:49:20] 🔄 Identity reset
[12:49:20] 🔄 Identity rotated (every 10 requests)
[12:49:20] 🔄 Retry 1/5 for SRAT in 2.2s
[12:49:20] 🔄 Identity reset
[12:49:23] 🧠 New identity created
[12:49:23] 🔄 Retry 2/5 for SRAT in 4.5s
[12:49:23] 🔄 Identity reset
[12:49:27] 🧠 New identity created
[12:49:27] 🔄 Retry 3/5 for SRAT in 8.4s
[12:49:27] 🔄 Identity reset
[12:49:36] 🧠 New identity created
[12:49:37] [177/455] GCYC
[12:49:38] [178/455] HCAJ
[12:49:38] [179/455] LCXA
[12:49:39] [180/455] BINT
[12:49:40] [181/455] IXIM
[12:49:41] [182/455] MBCR
[12:49:42] [183/455] BMCJ
[12:49:42] 🔄 Identity reset
[12:49:42] 🔄 Identity rotated (every 10 requests)
[12:49:42] 🔄 Retry 1/5 for BMCJ in 2.8s
[12:49:42] 🔄 Identity reset
[12:49:45] 🧠 New identity created
[12:49:46] [184/455] NICJ
[12:49:48] [185/455] SCAJ
[12:49:49] [186/455] CMXS
[12:49:50] [187/455] MMSR
[12:49:51] [188/455] PRKT
[12:49:52] [189/455] LPTH
[12:49:53] [190/455] SARP
[12:49:54] [191/455] MNPP
[12:49:54] [192/455] PRLR
[12:49:54] 🔄 Identity reset
[12:49:54] 🔄 Identity rotated (every 10 requests)
[12:49:56] [193/455] RCMW
[12:49:56] [194/455] FCMG
[12:49:58] [195/455] RTNK
[12:49:59] [196/455] LRCP
[12:50:00] [197/455] DBJR
[12:50:01] [198/455] CACN
[12:50:02] [199/455] AMRL
[12:50:03] [200/455] SBBC
[12:50:04] [201/455] VENN
[12:50:05] [202/455] STSS
[12:50:05] 🔄 Identity reset
[12:50:05] 🔄 Identity rotated (every 10 requests)
[12:50:05] 🔄 Retry 1/5 for STSS in 2.7s
[12:50:05] 🔄 Identity reset
[12:50:08] 🧠 New identity created
[12:50:09] [203/455] SMRB
[12:50:10] [204/455] CCMX
[12:50:11] [205/455] KCMR
[12:50:12] [206/455] SALH
[12:50:13] [207/455] CGTT
[12:50:14] [208/455] PMDR
[12:50:15] [209/455] VCPM
[12:50:16] [210/455] RZMX
[12:50:17] [211/455] TMSY
[12:50:17] 🔄 Identity reset
[12:50:17] 🔄 Identity rotated (every 10 requests)
[12:50:18] [212/455] NTMS
[12:50:22] [213/455] VTAG
[12:50:23] [214/455] REMA
[12:50:24] [215/455] NXCC
[12:50:25] [216/455] SKYM
[12:50:26] [217/455] CCMO
[12:50:27] [218/455] DMXM
[12:50:28] [219/455] SPPM
[12:50:29] [220/455] PTKL
[12:50:30] [221/455] SLVO
[12:50:30] 🔄 Identity reset
[12:50:30] 🔄 Identity rotated (every 10 requests)
[12:50:30] 🔄 Retry 1/5 for SLVO in 2.1s
[12:50:30] 🔄 Identity reset
[12:50:32] 🧠 New identity created
[12:50:32] 🔄 Retry 2/5 for SLVO in 4.1s
[12:50:32] 🔄 Identity reset
[12:50:36] 🧠 New identity created
[12:50:36] 🔄 Retry 3/5 for SLVO in 8.7s
[12:50:36] 🔄 Identity reset
[12:50:45] 🧠 New identity created
[12:50:46] [222/455] VASL
[12:50:47] [223/455] CBCM
[12:50:48] [224/455] STMA
[12:50:49] [225/455] LASK
[12:50:50] [226/455] VITE
[12:50:51] [227/455] AAST
[12:50:52] [228/455] JTPT
[12:50:52] 🔄 Identity reset
[12:50:52] 🔄 Identity rotated (every 10 requests)
[12:50:52] 🔄 Retry 1/5 for JTPT in 2.4s
[12:50:52] 🔄 Identity reset
[12:50:54] 🧠 New identity created
[12:50:55] [229/455] RRSH
[12:50:56] [230/455] CINL
[12:50:57] [231/455] MCSR
[12:50:58] [232/455] SBCF
[12:50:59] [233/455] GCDU
[12:51:00] [234/455] PSPR
[12:51:01] [235/455] IMMO
[12:51:02] [236/455] CLGM
[12:51:03] [237/455] PBMM
[12:51:03] 🔄 Identity reset
[12:51:03] 🔄 Identity rotated (every 10 requests)
[12:51:04] [238/455] CEHR
[12:51:05] [239/455] CPOE
[12:51:05] [240/455] PGFD
[12:51:06] [241/455] PSLC
[12:51:07] [242/455] MSMD
[12:51:08] [243/455] FMFB
[12:51:09] [244/455] RKCL
[12:51:10] [245/455] PMMC
[12:51:11] [246/455] SKMM
[12:51:12] [247/455] VOIB
[12:51:12] 🔄 Identity reset
[12:51:12] 🔄 Identity rotated (every 10 requests)
[12:51:12] [248/455] KINO
[12:51:13] [249/455] VCTP
[12:51:14] [250/455] PDWR
[12:51:15] [251/455] SAED
[12:51:16] [252/455] SRRT
[12:51:17] [253/455] CVLG
[12:51:19] [254/455] SNGN
[12:51:19] [255/455] SIDA
[12:51:21] [256/455] IMCB
[12:51:22] [257/455] SMHP
[12:51:22] 🔄 Identity reset
[12:51:22] 🔄 Identity rotated (every 10 requests)
[12:51:22] 🔄 Retry 1/5 for SMHP in 2.9s
[12:51:22] 🔄 Identity reset
[12:51:25] 🧠 New identity created
[12:51:25] [258/455] GDTY
[12:51:26] [259/455] VYCH
[12:51:27] [260/455] PDYA
[12:51:28] [261/455] RKDO
[12:51:29] [262/455] VECG
[12:51:30] [263/455] NFGD
[12:51:31] [264/455] SNDC
[12:51:32] [265/455] SDJH
[12:51:32] [266/455] HASV
[12:51:32] 🔄 Identity reset
[12:51:32] 🔄 Identity rotated (every 10 requests)
[12:51:33] [267/455] PTYK
[12:51:34] [268/455] MUTB
[12:51:35] [269/455] AMRT
[12:51:36] [270/455] VACD
[12:51:37] [271/455] SKDD
[12:51:38] [272/455] STGR
[12:51:39] [273/455] GDAK
[12:51:41] [274/455] SKHK
[12:51:41] [275/455] SLND
[12:51:42] [276/455] APAP
[12:51:42] 🔄 Identity reset
[12:51:42] 🔄 Identity rotated (every 10 requests)
[12:51:42] 🔄 Retry 1/5 for APAP in 2.1s
[12:51:42] 🔄 Identity reset
[12:51:44] 🧠 New identity created
[12:51:44] 🔄 Retry 2/5 for APAP in 4.8s
[12:51:44] 🔄 Identity reset
[12:51:49] 🧠 New identity created
[12:51:49] 🔄 Retry 3/5 for APAP in 8.8s
[12:51:49] 🔄 Identity reset
[12:51:58] 🧠 New identity created
[12:51:58] 🔄 Retry 4/5 for APAP in 16.4s
[12:51:58] 🔄 Identity reset
[12:52:15] 🧠 New identity created
[12:52:15] [277/455] AYYA
[12:52:17] [278/455] VCCZ
[12:52:18] [279/455] MEML
[12:52:19] [280/455] MAOU
[12:52:20] [281/455] ESND
[12:52:21] [282/455] PTBZ
[12:52:21] 🔄 Identity reset
[12:52:21] 🔄 Identity rotated (every 10 requests)
[12:52:22] [283/455] LBCN
[12:52:23] [284/455] PAWA
[12:52:24] [285/455] ZEIC
[12:52:25] [286/455] CGMM
[12:52:26] [287/455] PJPM
[12:52:27] [288/455] ECMR
[12:52:28] [289/455] SHMZ
[12:52:29] [290/455] STCA
[12:52:30] [291/455] VDRC
[12:52:32] [292/455] SEEM
[12:52:32] 🔄 Identity reset
[12:52:32] 🔄 Identity rotated (every 10 requests)
[12:52:34] [293/455] MKNS
[12:52:34] [294/455] KPPP
[12:52:35] [295/455] CCML
[12:52:36] [296/455] CIBA
[12:52:37] [297/455] NACS
[12:52:38] [298/455] CTMK
[12:52:39] [299/455] CTCT
[12:52:40] [300/455] MCSN
[12:52:41] [301/455] MAXX
[12:52:42] [302/455] MECB
[12:52:42] 🔄 Identity reset
[12:52:42] 🔄 Identity rotated (every 10 requests)
[12:52:42] 🔄 Retry 1/5 for MECB in 2.3s
[12:52:42] 🔄 Identity reset
[12:52:44] 🧠 New identity created
[12:52:45] [303/455] NTBY
[12:52:47] [304/455] UTBI
[12:52:48] [305/455] RADK
[12:52:48] [306/455] STBY
[12:52:49] [307/455] GTBY
[12:52:51] [308/455] RRMB
[12:52:52] [309/455] ABRN
[12:52:53] [310/455] GTSG
[12:52:54] [311/455] GBTG
[12:52:54] 🔄 Identity reset
[12:52:54] 🔄 Identity rotated (every 10 requests)
[12:52:54] 🔄 Retry 1/5 for GBTG in 2.3s
[12:52:54] 🔄 Identity reset
[12:52:57] 🧠 New identity created
[12:52:58] [312/455] SBGS
[12:52:59] [313/455] KBPM
[12:52:59] [314/455] SMHT
[12:53:00] [315/455] VTDM
[12:53:02] [316/455] ASCT
[12:53:03] [317/455] AWCT
[12:53:04] [318/455] DCCU
[12:53:05] [319/455] PSCE
[12:53:06] [320/455] KSNY
[12:53:06] 🔄 Identity reset
[12:53:06] 🔄 Identity rotated (every 10 requests)
[12:53:06] 🔄 Retry 1/5 for KSNY in 2.3s
[12:53:06] 🔄 Identity reset
[12:53:08] 🧠 New identity created
[12:53:08] 🔄 Retry 2/5 for KSNY in 4.9s
[12:53:08] 🔄 Identity reset
[12:53:13] 🧠 New identity created
[12:53:13] 🔄 Retry 3/5 for KSNY in 8.8s
[12:53:13] 🔄 Identity reset
[12:53:22] 🧠 New identity created
[12:53:22] 🔄 Retry 4/5 for KSNY in 16.3s
[12:53:22] 🔄 Identity reset
[12:53:39] 🧠 New identity created
[12:53:39] ❌ KSNY failed after 5 attempts
[12:53:39] 🔄 Identity reset
[12:53:39] ❌ KSNY final failure | RuntimeError | HTTP 403
[12:53:39] [321/455] ACID
[12:53:39] 🧠 New identity created
[12:53:40] [322/455] LVCD
[12:53:42] [323/455] KSSB
[12:53:42] [324/455] SWTD
[12:53:43] [325/455] RBMR
[12:53:45] [326/455] SCBC
[12:53:45] 🔄 Identity reset
[12:53:45] 🔄 Identity rotated (every 10 requests)
[12:53:46] [327/455] RKME
[12:53:47] [328/455] GALX
[12:53:48] [329/455] GCCH
[12:53:49] [330/455] RATR
[12:53:50] [331/455] GTGA
[12:53:51] [332/455] LTTR
[12:53:52] [333/455] TTAA
[12:53:53] [334/455] TVHP
[12:53:54] [335/455] KVCS
[12:53:55] [336/455] CBMC
[12:53:55] 🔄 Identity reset
[12:53:55] 🔄 Identity rotated (every 10 requests)
[12:53:55] 🔄 Retry 1/5 for CBMC in 2.5s
[12:53:55] 🔄 Identity reset
[12:53:58] 🧠 New identity created
[12:53:58] 🔄 Retry 2/5 for CBMC in 4.6s
[12:53:58] 🔄 Identity reset
[12:54:02] 🧠 New identity created
[12:54:02] 🔄 Retry 3/5 for CBMC in 8.7s
[12:54:02] 🔄 Identity reset
[12:54:11] 🧠 New identity created
[12:54:13] [337/455] MAYJ
[12:54:14] [338/455] INPR
[12:54:15] [339/455] RSSC
[12:54:16] [340/455] PCAN
[12:54:17] [341/455] PVHR
[12:54:18] [342/455] AGSM
[12:54:20] [343/455] PVES
[12:54:20] 🔄 Identity reset
[12:54:20] 🔄 Identity rotated (every 10 requests)
[12:54:20] [344/455] INTO
[12:54:21] [345/455] ACON
[12:54:22] [346/455] PVPZ
[12:54:23] [347/455] PVHC
[12:54:24] [348/455] KSTK
[12:54:25] [349/455] PVSR
[12:54:26] [350/455] ACTN
[12:54:27] [351/455] FMCN
[12:54:28] [352/455] PABC
[12:54:29] [353/455] SUTC
[12:54:29] 🔄 Identity reset
[12:54:29] 🔄 Identity rotated (every 10 requests)
[12:54:30] [354/455] PGMV
[12:54:31] [355/455] GKCP
[12:54:32] [356/455] INCH
[12:54:33] [357/455] MLMT
[12:54:34] [358/455] SSCC
[12:54:35] [359/455] SLMP
[12:54:36] [360/455] VVTN
[12:54:37] [361/455] SBTR
[12:54:38] [362/455] PGRA
[12:54:38] [363/455] PBRM
[12:54:38] 🔄 Identity reset
[12:54:38] 🔄 Identity rotated (every 10 requests)
[12:54:39] [364/455] GCRP
[12:54:40] [365/455] MCSK
[12:54:41] [366/455] NLTC
[12:54:42] [367/455] MTLM
[12:54:43] [368/455] VECT
[12:54:44] [369/455] KMRM
[12:54:45] [370/455] RACM
[12:54:46] [371/455] WSTC
[12:54:47] [372/455] PVTJ
[12:54:48] [373/455] MMKC
[12:54:48] 🔄 Identity reset
[12:54:48] 🔄 Identity rotated (every 10 requests)
[12:54:49] [374/455] SVWT
[12:54:50] [375/455] JOTG
[12:54:51] [376/455] VCDK
[12:54:52] [377/455] ANAC
[12:54:53] [378/455] GRTC
[12:54:54] [379/455] JTPL
[12:54:56] [380/455] VRCP
[12:54:57] [381/455] REMC
[12:54:57] [382/455] ATMG
[12:54:58] [383/455] GAHC
[12:54:58] 🔄 Identity reset
[12:54:58] 🔄 Identity rotated (every 10 requests)
[12:54:58] 🔄 Retry 1/5 for GAHC in 2.5s
[12:54:58] 🔄 Identity reset
[12:55:01] 🧠 New identity created
[12:55:01] 🔄 Retry 2/5 for GAHC in 4.4s
[12:55:01] 🔄 Identity reset
[12:55:05] 🧠 New identity created
[12:55:05] 🔄 Retry 3/5 for GAHC in 8.2s
[12:55:05] 🔄 Identity reset
[12:55:13] 🧠 New identity created
[12:55:14] 🔄 Retry 4/5 for GAHC in 16.3s
[12:55:14] 🔄 Identity reset
[12:55:30] 🧠 New identity created
[12:55:30] ❌ GAHC failed after 5 attempts
[12:55:30] 🔄 Identity reset
[12:55:30] ❌ GAHC final failure | RuntimeError | HTTP 403
[12:55:30] [384/455] JTMV
[12:55:30] 🧠 New identity created
[12:55:31] [385/455] OMTT
[12:55:32] [386/455] GKKC
[12:55:33] [387/455] BBPO
[12:55:34] [388/455] ZCBB
[12:55:35] [389/455] DCGO
[12:55:35] 🔄 Identity reset
[12:55:35] 🔄 Identity rotated (every 10 requests)
[12:55:35] 🔄 Retry 1/5 for DCGO in 2.7s
[12:55:35] 🔄 Identity reset
[12:55:38] 🧠 New identity created
[12:55:39] [390/455] STOP
[12:55:40] [391/455] BSPC
[12:55:40] [392/455] SOND
[12:55:41] [393/455] GCKG
[12:55:42] [394/455] PCDB
[12:55:44] [395/455] PGRC
[12:55:45] [396/455] CSCT
[12:55:46] [397/455] STDA
[12:55:47] [398/455] JAYD
[12:55:47] 🔄 Identity reset
[12:55:47] 🔄 Identity rotated (every 10 requests)
[12:55:48] [399/455] PPPD
[12:55:49] [400/455] KRTT
[12:55:50] [401/455] PTDT
[12:55:51] [402/455] TRSV
[12:55:52] [403/455] VELR
[12:55:53] [404/455] STDT
[12:55:54] [405/455] SATT
[12:55:55] [406/455] KCPM
[12:55:56] [407/455] MFCP
[12:55:57] [408/455] AXMP
[12:55:57] 🔄 Identity reset
[12:55:57] 🔄 Identity rotated (every 10 requests)
[12:55:57] 🔄 Retry 1/5 for AXMP in 2.6s
[12:55:57] 🔄 Identity reset
[12:56:00] 🧠 New identity created
[12:56:00] 🔄 Retry 2/5 for AXMP in 4.7s
[12:56:00] 🔄 Identity reset
[12:56:04] 🧠 New identity created
[12:56:05] 🔄 Retry 3/5 for AXMP in 8.4s
[12:56:05] 🔄 Identity reset
[12:56:13] 🧠 New identity created
[12:56:14] [409/455] LTVB
[12:56:15] [410/455] APST
[12:56:16] [411/455] DTVP
[12:56:17] [412/455] AAVB
[12:56:18] [413/455] PMBL
[12:56:19] [414/455] STKC
[12:56:20] [415/455] KKMA
[12:56:20] 🔄 Identity reset
[12:56:20] 🔄 Identity rotated (every 10 requests)
[12:56:21] [416/455] NMXS
[12:56:22] [417/455] DECX
[12:56:23] [418/455] MAPJ
[12:56:24] [419/455] SMLK
[12:56:25] [420/455] PMPU
[12:56:26] [421/455] AFST
[12:56:27] [422/455] SRSY
[12:56:28] [423/455] RMKT
[12:56:29] [424/455] RAJX
[12:56:30] [425/455] UVCD
[12:56:30] 🔄 Identity reset
[12:56:30] 🔄 Identity rotated (every 10 requests)
[12:56:31] [426/455] LISA
[12:56:32] [427/455] LMSR
[12:56:33] [428/455] PMCA
[12:56:34] [429/455] INPO
[12:56:34] [430/455] INGO
[12:56:35] [431/455] HFSQ
[12:56:36] [432/455] INMG
[12:56:37] [433/455] NYCP
[12:56:38] [434/455] HFSV
[12:56:39] [435/455] MMZP
[12:56:39] 🔄 Identity reset
[12:56:39] 🔄 Identity rotated (every 10 requests)
[12:56:40] [436/455] KSES
[12:56:41] [437/455] HFSA
[12:56:42] [438/455] ACMM
[12:56:43] [439/455] RCKD
[12:56:43] [440/455] BCKR
[12:56:44] [441/455] SFCO
[12:56:45] [442/455] JCCB
[12:56:46] [443/455] BCCR
[12:56:47] [444/455] NWCB
[12:56:47] [445/455] SAMT
[12:56:47] 🔄 Identity reset
[12:56:47] 🔄 Identity rotated (every 10 requests)
[12:56:48] [446/455] TMST
[12:56:49] [447/455] SJCN
[12:56:50] [448/455] MCBS
[12:56:51] [449/455] CMKR
[12:56:52] [450/455] INPM
[12:56:53] [451/455] WVMT
[12:56:54] [452/455] NYSM
[12:56:55] [453/455] RCMA
[12:56:56] [454/455] RECM
[12:56:58] [455/455] CYCM
[12:56:58] 🔄 Identity reset
[12:56:58] 🔄 Identity rotated (every 10 requests)
[12:56:59] 🧹 Deduping shows
[12:56:59] ✅ DONE | Shows=4420 | Movies=80
[16:09:32] 🚀 SCRIPT STARTED
[16:09:32] [1/455] MXGN
[16:09:32] 🧠 New identity created
[16:09:32] 🔄 Retry 1/5 for MXGN in 2.3s
[16:09:32] 🔄 Identity reset
[16:09:35] 🧠 New identity created
[16:09:35] 🔄 Retry 2/5 for MXGN in 4.4s
[16:09:35] 🔄 Identity reset
[16:09:39] 🧠 New identity created
[16:09:40] [2/455] PGGM
[16:09:40] [3/455] IPMJ
[16:09:42] [4/455] M2PP
[16:09:43] [5/455] PMMS
[16:09:44] [6/455] SCJN
[16:09:45] [7/455] CPUM
[16:09:45] [8/455] SCND
[16:09:45] 🔄 Identity reset
[16:09:45] 🔄 Identity rotated (every 10 requests)
[16:09:46] [9/455] INWM
[16:09:47] [10/455] DVDC
[16:09:48] [11/455] WVND
[16:09:50] [12/455] LBDL
[16:09:51] [13/455] CRGM
[16:09:52] [14/455] PVKS
[16:09:52] [15/455] PBLL
[16:09:54] [16/455] FNLN
[16:09:55] [17/455] PPDA
[16:09:56] [18/455] SCPT
[16:09:56] 🔄 Identity reset
[16:09:56] 🔄 Identity rotated (every 10 requests)
[16:09:57] [19/455] IAJS
[16:09:58] [20/455] MMZG
[16:09:59] [21/455] MCTI
[16:10:00] [22/455] PPMF
[16:10:01] [23/455] FNSD
[16:10:02] [24/455] M2RH
[16:10:03] [25/455] CPGV
[16:10:03] [26/455] PECD
[16:10:04] [27/455] CTEE
[16:10:05] [28/455] IOMG
[16:10:05] 🔄 Identity reset
[16:10:05] 🔄 Identity rotated (every 10 requests)
[16:10:06] [29/455] CIJA
[16:10:06] [30/455] NYCG
[16:10:07] [31/455] CEST
[16:10:08] [32/455] WVRG
[16:10:09] [33/455] DPDC
[16:10:10] [34/455] PDIV
[16:10:10] [35/455] MTPP
[16:10:11] [36/455] MHNU
[16:10:12] [37/455] WUPG
[16:10:13] [38/455] USCO
[16:10:13] 🔄 Identity reset
[16:10:13] 🔄 Identity rotated (every 10 requests)
[16:10:14] [39/455] INFR
[16:10:15] [40/455] PVPD
[16:10:15] [41/455] RONC
[16:10:17] [42/455] IOCP
[16:10:17] [43/455] EMPS
[16:10:18] [44/455] PNAD
[16:10:19] [45/455] VVGZ
[16:10:20] [46/455] MDDC
[16:10:21] [47/455] MMAP
[16:10:21] [48/455] GPDC
[16:10:21] 🔄 Identity reset
[16:10:21] 🔄 Identity rotated (every 10 requests)
[16:10:22] [49/455] PVPU
[16:10:23] [50/455] DCMV
[16:10:24] [51/455] PCCF
[16:10:25] [52/455] MCEF
[16:10:26] [53/455] INRD
[16:10:27] [54/455] CCPZ
[16:10:27] [55/455] BCWG
[16:10:28] [56/455] PMGU
[16:10:29] [57/455] MCVM
[16:10:30] [58/455] MCDE
[16:10:30] 🔄 Identity reset
[16:10:30] 🔄 Identity rotated (every 10 requests)
[16:10:30] 🔄 Retry 1/5 for MCDE in 2.3s
[16:10:30] 🔄 Identity reset
[16:10:32] 🧠 New identity created
[16:10:33] [59/455] IEFM
[16:10:35] [60/455] MXCS
[16:10:36] [61/455] RNMT
[16:10:36] [62/455] PSDD
[16:10:37] [63/455] PETA
[16:10:38] [64/455] IZOP
[16:10:39] [65/455] PDEI
[16:10:40] [66/455] MTND
[16:10:41] [67/455] PCPL
[16:10:41] 🔄 Identity reset
[16:10:41] 🔄 Identity rotated (every 10 requests)
[16:10:42] [68/455] LSCM
[16:10:42] [69/455] BTFD
[16:10:43] [70/455] MERM
[16:10:44] [71/455] PVMS
[16:10:46] [72/455] CIGK
[16:10:46] [73/455] INSG
[16:10:47] [74/455] IDEN
[16:10:48] [75/455] MCGN
[16:10:49] [76/455] IGAM
[16:10:50] [77/455] SLCU
[16:10:50] 🔄 Identity reset
[16:10:50] 🔄 Identity rotated (every 10 requests)
[16:10:51] [78/455] MIMU
[16:10:52] [79/455] QLAC
[16:10:53] [80/455] MENL
[16:10:54] [81/455] SCUR
[16:10:55] [82/455] MDGD
[16:10:55] [83/455] LSRS
[16:10:56] [84/455] KMLG
[16:10:57] [85/455] MKLJ
[16:10:58] [86/455] IBYG
[16:10:58] [87/455] ISML
[16:10:58] 🔄 Identity reset
[16:10:58] 🔄 Identity rotated (every 10 requests)
[16:10:59] [88/455] MJMM
[16:11:00] [89/455] RCGD
[16:11:01] [90/455] MMOC
[16:11:02] [91/455] RRCO
[16:11:02] [92/455] MEDM
[16:11:03] [93/455] MCAZ
[16:11:04] [94/455] STWA
[16:11:05] [95/455] PFFG
[16:11:06] [96/455] GAGC
[16:11:07] [97/455] PMPM
[16:11:07] 🔄 Identity reset
[16:11:07] 🔄 Identity rotated (every 10 requests)
[16:11:07] [98/455] HVCD
[16:11:08] [99/455] AKRF
[16:11:09] [100/455] AKRC
[16:11:10] [101/455] MIDA
[16:11:11] [102/455] MAGX
[16:11:12] [103/455] ESOS
[16:11:13] [104/455] BBCL
[16:11:13] [105/455] LYAS
[16:11:14] [106/455] NRMS
[16:11:15] [107/455] BHUC
[16:11:15] 🔄 Identity reset
[16:11:15] 🔄 Identity rotated (every 10 requests)
[16:11:16] [108/455] SRIC
[16:11:17] [109/455] PDME
[16:11:17] [110/455] MJCS
[16:11:18] [111/455] NRAA
[16:11:19] [112/455] VATA
[16:11:20] [113/455] MNKC
[16:11:22] [114/455] DHCL
[16:11:23] [115/455] JCPC
[16:11:24] [116/455] CTML
[16:11:25] [117/455] RMMR
[16:11:25] 🔄 Identity reset
[16:11:25] 🔄 Identity rotated (every 10 requests)
[16:11:25] [118/455] STTL
[16:11:26] [119/455] CNPS
[16:11:27] [120/455] ACKL
[16:11:28] [121/455] SCAU
[16:11:29] [122/455] RMIA
[16:11:30] [123/455] MANU
[16:11:31] [124/455] ARDC
[16:11:32] [125/455] GLDA
[16:11:32] [126/455] KVSW
[16:11:33] [127/455] CGCA
[16:11:33] 🔄 Identity reset
[16:11:33] 🔄 Identity rotated (every 10 requests)
[16:11:34] [128/455] CMLO
[16:11:35] [129/455] CECB
[16:11:36] [130/455] RCPN
[16:11:36] [131/455] ASMW
[16:11:37] [132/455] PWLM
[16:11:38] [133/455] ASGM
[16:11:39] [134/455] ACWH
[16:11:40] [135/455] AAPW
[16:11:41] [136/455] RTWA
[16:11:42] [137/455] RAMW
[16:11:42] 🔄 Identity reset
[16:11:42] 🔄 Identity rotated (every 10 requests)
[16:11:42] [138/455] VKTR
[16:11:44] [139/455] SMBH
[16:11:44] [140/455] BVDR
[16:11:45] [141/455] MRTP
[16:11:46] [142/455] BLBR
[16:11:47] [143/455] LPIN
[16:11:47] [144/455] SNPC
[16:11:48] [145/455] PDCB
[16:11:49] [146/455] DYPK
[16:11:50] [147/455] INMK
[16:11:50] 🔄 Identity reset
[16:11:50] 🔄 Identity rotated (every 10 requests)
[16:11:51] [148/455] PDCK
[16:11:52] [149/455] PCKR
[16:11:52] [150/455] SHUA
[16:11:53] [151/455] SCVK
[16:11:54] [152/455] STPA
[16:11:56] [153/455] WVHD
[16:11:57] [154/455] MRCH
[16:11:58] [155/455] MCNP
[16:11:59] [156/455] RCAG
[16:12:01] [157/455] JTSN
[16:12:01] 🔄 Identity reset
[16:12:01] 🔄 Identity rotated (every 10 requests)
[16:12:02] [158/455] AANS
[16:12:03] [159/455] GDDR
[16:12:03] [160/455] SRER
[16:12:04] [161/455] JKMA
[16:12:05] [162/455] ARAN
[16:12:05] [163/455] ALCT
[16:12:07] [164/455] CCTA
[16:12:07] [165/455] CNCT
[16:12:08] [166/455] NZBL
[16:12:09] [167/455] SRRA
[16:12:09] 🔄 Identity reset
[16:12:09] 🔄 Identity rotated (every 10 requests)
[16:12:10] [168/455] SVPW
[16:12:11] [169/455] SRTW
[16:12:12] [170/455] XMTD
[16:12:13] [171/455] SCCZ
[16:12:14] [172/455] PBCR
[16:12:15] [173/455] RTSC
[16:12:16] [174/455] TLSV
[16:12:17] [175/455] RMTK
[16:12:18] [176/455] SRAT
[16:12:19] [177/455] GCYC
[16:12:19] 🔄 Identity reset
[16:12:19] 🔄 Identity rotated (every 10 requests)
[16:12:19] [178/455] HCAJ
[16:12:20] [179/455] LCXA
[16:12:21] [180/455] BINT
[16:12:23] [181/455] IXIM
[16:12:24] [182/455] MBCR
[16:12:25] [183/455] BMCJ
[16:12:26] [184/455] NICJ
[16:12:27] [185/455] SCAJ
[16:12:27] [186/455] CMXS
[16:12:28] [187/455] MMSR
[16:12:28] 🔄 Identity reset
[16:12:28] 🔄 Identity rotated (every 10 requests)
[16:12:29] [188/455] PRKT
[16:12:30] [189/455] LPTH
[16:12:30] [190/455] SARP
[16:12:31] [191/455] MNPP
[16:12:32] [192/455] PRLR
[16:12:33] [193/455] RCMW
[16:12:34] [194/455] FCMG
[16:12:35] [195/455] RTNK
[16:12:36] [196/455] LRCP
[16:12:37] [197/455] DBJR
[16:12:37] 🔄 Identity reset
[16:12:37] 🔄 Identity rotated (every 10 requests)
[16:12:38] [198/455] CACN
[16:12:38] [199/455] AMRL
[16:12:39] [200/455] SBBC
[16:12:40] [201/455] VENN
[16:12:41] [202/455] STSS
[16:12:42] [203/455] SMRB
[16:12:43] [204/455] CCMX
[16:12:44] [205/455] KCMR
[16:12:44] [206/455] SALH
[16:12:45] [207/455] CGTT
[16:12:45] 🔄 Identity reset
[16:12:45] 🔄 Identity rotated (every 10 requests)
[16:12:46] [208/455] PMDR
[16:12:47] [209/455] VCPM
[16:12:49] [210/455] RZMX
[16:12:49] [211/455] TMSY
[16:12:50] [212/455] NTMS
[16:12:51] [213/455] VTAG
[16:12:52] [214/455] REMA
[16:12:53] [215/455] NXCC
[16:12:54] [216/455] SKYM
[16:12:55] [217/455] CCMO
[16:12:55] 🔄 Identity reset
[16:12:55] 🔄 Identity rotated (every 10 requests)
[16:12:56] [218/455] DMXM
[16:12:57] [219/455] SPPM
[16:12:58] [220/455] PTKL
[16:12:58] [221/455] SLVO
[16:12:59] [222/455] VASL
[16:13:00] [223/455] CBCM
[16:13:01] [224/455] STMA
[16:13:02] [225/455] LASK
[16:13:03] [226/455] VITE
[16:13:04] [227/455] AAST
[16:13:04] 🔄 Identity reset
[16:13:04] 🔄 Identity rotated (every 10 requests)
[16:13:05] [228/455] JTPT
[16:13:06] [229/455] RRSH
[16:13:07] [230/455] CINL
[16:13:08] [231/455] MCSR
[16:13:09] [232/455] SBCF
[16:13:09] [233/455] GCDU
[16:13:10] [234/455] PSPR
[16:13:11] [235/455] IMMO
[16:13:12] [236/455] CLGM
[16:13:13] [237/455] PBMM
[16:13:13] 🔄 Identity reset
[16:13:13] 🔄 Identity rotated (every 10 requests)
[16:13:15] [238/455] CEHR
[16:13:16] [239/455] CPOE
[16:13:17] [240/455] PGFD
[16:13:18] [241/455] PSLC
[16:13:18] [242/455] MSMD
[16:13:20] [243/455] FMFB
[16:13:21] [244/455] RKCL
[16:13:22] [245/455] PMMC
[16:13:23] [246/455] SKMM
[16:13:24] [247/455] VOIB
[16:13:24] 🔄 Identity reset
[16:13:24] 🔄 Identity rotated (every 10 requests)
[16:13:24] 🔄 Retry 1/5 for VOIB in 2.4s
[16:13:24] 🔄 Identity reset
[16:13:27] 🧠 New identity created
[16:13:28] [248/455] KINO
[16:13:29] [249/455] VCTP
[16:13:30] [250/455] PDWR
[16:13:30] [251/455] SAED
[16:13:31] [252/455] SRRT
[16:13:32] [253/455] CVLG
[16:13:33] [254/455] SNGN
[16:13:34] [255/455] SIDA
[16:13:35] [256/455] IMCB
[16:13:35] 🔄 Identity reset
[16:13:35] 🔄 Identity rotated (every 10 requests)
[16:13:36] [257/455] SMHP
[16:13:37] [258/455] GDTY
[16:13:39] [259/455] VYCH
[16:13:39] [260/455] PDYA
[16:13:41] [261/455] RKDO
[16:13:42] [262/455] VECG
[16:13:42] [263/455] NFGD
[16:13:43] [264/455] SNDC
[16:13:44] [265/455] SDJH
[16:13:44] [266/455] HASV
[16:13:44] 🔄 Identity reset
[16:13:44] 🔄 Identity rotated (every 10 requests)
[16:13:45] [267/455] PTYK
[16:13:46] [268/455] MUTB
[16:13:47] [269/455] AMRT
[16:13:48] [270/455] VACD
[16:13:48] [271/455] SKDD
[16:13:49] [272/455] STGR
[16:13:50] [273/455] GDAK
[16:13:52] [274/455] SKHK
[16:13:52] [275/455] SLND
[16:13:53] [276/455] APAP
[16:13:53] 🔄 Identity reset
[16:13:53] 🔄 Identity rotated (every 10 requests)
[16:13:53] 🔄 Retry 1/5 for APAP in 2.5s
[16:13:53] 🔄 Identity reset
[16:13:56] 🧠 New identity created
[16:13:57] [277/455] AYYA
[16:13:58] [278/455] VCCZ
[16:13:58] [279/455] MEML
[16:14:00] [280/455] MAOU
[16:14:01] [281/455] ESND
[16:14:02] [282/455] PTBZ
[16:14:02] [283/455] LBCN
[16:14:03] [284/455] PAWA
[16:14:05] [285/455] ZEIC
[16:14:05] 🔄 Identity reset
[16:14:05] 🔄 Identity rotated (every 10 requests)
[16:14:05] [286/455] CGMM
[16:14:06] [287/455] PJPM
[16:14:07] [288/455] ECMR
[16:14:07] [289/455] SHMZ
[16:14:08] [290/455] STCA
[16:14:09] [291/455] VDRC
[16:14:10] [292/455] SEEM
[16:14:10] [293/455] MKNS
[16:14:12] [294/455] KPPP
[16:14:13] [295/455] CCML
[16:14:13] 🔄 Identity reset
[16:14:13] 🔄 Identity rotated (every 10 requests)
[16:14:14] [296/455] CIBA
[16:14:15] [297/455] NACS
[16:14:16] [298/455] CTMK
[16:14:17] [299/455] CTCT
[16:14:18] [300/455] MCSN
[16:14:20] [301/455] MAXX
[16:14:21] [302/455] MECB
[16:14:21] [303/455] NTBY
[16:14:22] [304/455] UTBI
[16:14:23] [305/455] RADK
[16:14:23] 🔄 Identity reset
[16:14:23] 🔄 Identity rotated (every 10 requests)
[16:14:24] [306/455] STBY
[16:14:25] [307/455] GTBY
[16:14:26] [308/455] RRMB
[16:14:27] [309/455] ABRN
[16:14:28] [310/455] GTSG
[16:14:29] [311/455] GBTG
[16:14:30] [312/455] SBGS
[16:14:30] [313/455] KBPM
[16:14:31] [314/455] SMHT
[16:14:32] [315/455] VTDM
[16:14:32] 🔄 Identity reset
[16:14:32] 🔄 Identity rotated (every 10 requests)
[16:14:32] 🔄 Retry 1/5 for VTDM in 2.8s
[16:14:32] 🔄 Identity reset
[16:14:35] 🧠 New identity created
[16:14:36] [316/455] ASCT
[16:14:37] [317/455] AWCT
[16:14:38] [318/455] DCCU
[16:14:39] [319/455] PSCE
[16:14:40] [320/455] KSNY
[16:14:41] [321/455] ACID
[16:14:43] [322/455] LVCD
[16:14:44] [323/455] KSSB
[16:14:44] [324/455] SWTD
[16:14:44] 🔄 Identity reset
[16:14:44] 🔄 Identity rotated (every 10 requests)
[16:14:45] [325/455] RBMR
[16:14:46] [326/455] SCBC
[16:14:47] [327/455] RKME
[16:14:48] [328/455] GALX
[16:14:50] [329/455] GCCH
[16:14:51] [330/455] RATR
[16:14:52] [331/455] GTGA
[16:14:53] [332/455] LTTR
[16:14:54] [333/455] TTAA
[16:14:55] [334/455] TVHP
[16:14:55] 🔄 Identity reset
[16:14:55] 🔄 Identity rotated (every 10 requests)
[16:14:55] [335/455] KVCS
[16:14:56] [336/455] CBMC
[16:14:57] [337/455] MAYJ
[16:14:58] [338/455] INPR
[16:14:59] [339/455] RSSC
[16:15:00] [340/455] PCAN
[16:15:01] [341/455] PVHR
[16:15:02] [342/455] AGSM
[16:15:03] [343/455] PVES
[16:15:04] [344/455] INTO
[16:15:04] 🔄 Identity reset
[16:15:04] 🔄 Identity rotated (every 10 requests)
[16:15:05] [345/455] ACON
[16:15:06] [346/455] PVPZ
[16:15:07] [347/455] PVHC
[16:15:08] [348/455] KSTK
[16:15:09] [349/455] PVSR
[16:15:09] [350/455] ACTN
[16:15:10] [351/455] FMCN
[16:15:12] [352/455] PABC
[16:15:13] [353/455] SUTC
[16:15:14] [354/455] PGMV
[16:15:14] 🔄 Identity reset
[16:15:14] 🔄 Identity rotated (every 10 requests)
[16:15:15] [355/455] GKCP
[16:15:16] [356/455] INCH
[16:15:17] [357/455] MLMT
[16:15:19] [358/455] SSCC
[16:15:19] [359/455] SLMP
[16:15:21] [360/455] VVTN
[16:15:22] [361/455] SBTR
[16:15:23] [362/455] PGRA
[16:15:24] [363/455] PBRM
[16:15:25] [364/455] GCRP
[16:15:25] 🔄 Identity reset
[16:15:25] 🔄 Identity rotated (every 10 requests)
[16:15:26] [365/455] MCSK
[16:15:27] [366/455] NLTC
[16:15:28] [367/455] MTLM
[16:15:29] [368/455] VECT
[16:15:30] [369/455] KMRM
[16:15:31] [370/455] RACM
[16:15:32] [371/455] WSTC
[16:15:33] [372/455] PVTJ
[16:15:34] [373/455] MMKC
[16:15:35] [374/455] SVWT
[16:15:35] 🔄 Identity reset
[16:15:35] 🔄 Identity rotated (every 10 requests)
[16:15:35] [375/455] JOTG
[16:15:36] [376/455] VCDK
[16:15:38] [377/455] ANAC
[16:15:39] [378/455] GRTC
[16:15:40] [379/455] JTPL
[16:15:41] [380/455] VRCP
[16:15:42] [381/455] REMC
[16:15:43] [382/455] ATMG
[16:15:44] [383/455] GAHC
[16:15:45] [384/455] JTMV
[16:15:45] 🔄 Identity reset
[16:15:45] 🔄 Identity rotated (every 10 requests)
[16:15:46] [385/455] OMTT
[16:15:47] [386/455] GKKC
[16:15:48] [387/455] BBPO
[16:15:49] [388/455] ZCBB
[16:15:50] [389/455] DCGO
[16:15:51] [390/455] STOP
[16:15:52] [391/455] BSPC
[16:15:53] [392/455] SOND
[16:15:54] [393/455] GCKG
[16:15:55] [394/455] PCDB
[16:15:55] 🔄 Identity reset
[16:15:55] 🔄 Identity rotated (every 10 requests)
[16:15:56] [395/455] PGRC
[16:15:57] [396/455] CSCT
[16:15:58] [397/455] STDA
[16:15:58] [398/455] JAYD
[16:15:59] [399/455] PPPD
[16:16:00] [400/455] KRTT
[16:16:01] [401/455] PTDT
[16:16:02] [402/455] TRSV
[16:16:03] [403/455] VELR
[16:16:03] [404/455] STDT
[16:16:03] 🔄 Identity reset
[16:16:03] 🔄 Identity rotated (every 10 requests)
[16:16:04] [405/455] SATT
[16:16:05] [406/455] KCPM
[16:16:06] [407/455] MFCP
[16:16:07] [408/455] AXMP
[16:16:08] [409/455] LTVB
[16:16:09] [410/455] APST
[16:16:10] [411/455] DTVP
[16:16:11] [412/455] AAVB
[16:16:12] [413/455] PMBL
[16:16:13] [414/455] STKC
[16:16:13] 🔄 Identity reset
[16:16:13] 🔄 Identity rotated (every 10 requests)
[16:16:14] [415/455] KKMA
[16:16:15] [416/455] NMXS
[16:16:16] [417/455] DECX
[16:16:17] [418/455] MAPJ
[16:16:18] [419/455] SMLK
[16:16:19] [420/455] PMPU
[16:16:20] [421/455] AFST
[16:16:21] [422/455] SRSY
[16:16:22] [423/455] RMKT
[16:16:23] [424/455] RAJX
[16:16:23] 🔄 Identity reset
[16:16:23] 🔄 Identity rotated (every 10 requests)
[16:16:24] [425/455] UVCD
[16:16:25] [426/455] LISA
[16:16:25] [427/455] LMSR
[16:16:27] [428/455] PMCA
[16:16:27] [429/455] INPO
[16:16:29] [430/455] INGO
[16:16:30] [431/455] HFSQ
[16:16:31] [432/455] INMG
[16:16:32] [433/455] NYCP
[16:16:32] [434/455] HFSV
[16:16:32] 🔄 Identity reset
[16:16:32] 🔄 Identity rotated (every 10 requests)
[16:16:34] [435/455] MMZP
[16:16:35] [436/455] KSES
[16:16:36] [437/455] HFSA
[16:16:37] [438/455] ACMM
[16:16:38] [439/455] RCKD
[16:16:39] [440/455] BCKR
[16:16:40] [441/455] SFCO
[16:16:41] [442/455] JCCB
[16:16:42] [443/455] BCCR
[16:16:43] [444/455] NWCB
[16:16:43] 🔄 Identity reset
[16:16:43] 🔄 Identity rotated (every 10 requests)
[16:16:44] [445/455] SAMT
[16:16:45] [446/455] TMST
[16:16:46] [447/455] SJCN
[16:16:47] [448/455] MCBS
[16:16:48] [449/455] CMKR
[16:16:48] [450/455] INPM
[16:16:50] [451/455] WVMT
[16:16:50] [452/455] NYSM
[16:16:51] [453/455] RCMA
[16:16:52] [454/455] RECM
[16:16:52] 🔄 Identity reset
[16:16:52] 🔄 Identity rotated (every 10 requests)
[16:16:54] [455/455] CYCM
[16:16:55] 🧹 Deduping shows
[16:16:55] ✅ DONE | Shows=4743 | Movies=85
[20:13:02] 🚀 SCRIPT STARTED
[20:13:02] [1/455] MXGN
[20:13:02] 🧠 New identity created
[20:13:03] [2/455] PGGM
[20:13:04] [3/455] IPMJ
[20:13:05] [4/455] M2PP
[20:13:06] [5/455] PMMS
[20:13:07] [6/455] SCJN
[20:13:09] [7/455] CPUM
[20:13:09] [8/455] SCND
[20:13:11] [9/455] INWM
[20:13:12] [10/455] DVDC
[20:13:12] 🔄 Identity reset
[20:13:12] 🔄 Identity rotated (every 10 requests)
[20:13:12] [11/455] WVND
[20:13:13] [12/455] LBDL
[20:13:14] [13/455] CRGM
[20:13:15] [14/455] PVKS
[20:13:16] [15/455] PBLL
[20:13:17] [16/455] FNLN
[20:13:18] [17/455] PPDA
[20:13:19] [18/455] SCPT
[20:13:20] [19/455] IAJS
[20:13:21] [20/455] MMZG
[20:13:21] 🔄 Identity reset
[20:13:21] 🔄 Identity rotated (every 10 requests)
[20:13:21] [21/455] MCTI
[20:13:22] [22/455] PPMF
[20:13:23] [23/455] FNSD
[20:13:24] [24/455] M2RH
[20:13:25] [25/455] CPGV
[20:13:26] [26/455] PECD
[20:13:27] [27/455] CTEE
[20:13:28] [28/455] IOMG
[20:13:29] [29/455] CIJA
[20:13:30] [30/455] NYCG
[20:13:30] 🔄 Identity reset
[20:13:30] 🔄 Identity rotated (every 10 requests)
[20:13:31] [31/455] CEST
[20:13:32] [32/455] WVRG
[20:13:34] [33/455] DPDC
[20:13:35] [34/455] PDIV
[20:13:36] [35/455] MTPP
[20:13:37] [36/455] MHNU
[20:13:38] [37/455] WUPG
[20:13:39] [38/455] USCO
[20:13:40] [39/455] INFR
[20:13:41] [40/455] PVPD
[20:13:41] 🔄 Identity reset
[20:13:41] 🔄 Identity rotated (every 10 requests)
[20:13:42] [41/455] RONC
[20:13:43] [42/455] IOCP
[20:13:45] [43/455] EMPS
[20:13:45] [44/455] PNAD
[20:13:46] [45/455] VVGZ
[20:13:47] [46/455] MDDC
[20:13:49] [47/455] MMAP
[20:13:50] [48/455] GPDC
[20:13:51] [49/455] PVPU
[20:13:52] [50/455] DCMV
[20:13:52] 🔄 Identity reset
[20:13:52] 🔄 Identity rotated (every 10 requests)
[20:13:53] [51/455] PCCF
[20:13:54] [52/455] MCEF
[20:13:54] [53/455] INRD
[20:13:55] [54/455] CCPZ
[20:13:56] [55/455] BCWG
[20:13:57] [56/455] PMGU
[20:13:58] [57/455] MCVM
[20:13:59] [58/455] MCDE
[20:14:00] [59/455] IEFM
[20:14:01] [60/455] MXCS
[20:14:01] 🔄 Identity reset
[20:14:01] 🔄 Identity rotated (every 10 requests)
[20:14:01] [61/455] RNMT
[20:14:02] [62/455] PSDD
[20:14:03] [63/455] PETA
[20:14:04] [64/455] IZOP
[20:14:05] [65/455] PDEI
[20:14:06] [66/455] MTND
[20:14:07] [67/455] PCPL
[20:14:07] [68/455] LSCM
[20:14:08] [69/455] BTFD
[20:14:09] [70/455] MERM
[20:14:09] 🔄 Identity reset
[20:14:09] 🔄 Identity rotated (every 10 requests)
[20:14:10] [71/455] PVMS
[20:14:11] [72/455] CIGK
[20:14:12] [73/455] INSG
[20:14:13] [74/455] IDEN
[20:14:14] [75/455] MCGN
[20:14:16] [76/455] IGAM
[20:14:17] [77/455] SLCU
[20:14:18] [78/455] MIMU
[20:14:19] [79/455] QLAC
[20:14:20] [80/455] MENL
[20:14:20] 🔄 Identity reset
[20:14:20] 🔄 Identity rotated (every 10 requests)
[20:14:20] 🔄 Retry 1/5 for MENL in 2.4s
[20:14:20] 🔄 Identity reset
[20:14:22] 🧠 New identity created
[20:14:23] [81/455] SCUR
[20:14:24] [82/455] MDGD
[20:14:25] [83/455] LSRS
[20:14:26] [84/455] KMLG
[20:14:27] [85/455] MKLJ
[20:14:27] [86/455] IBYG
[20:14:29] [87/455] ISML
[20:14:30] [88/455] MJMM
[20:14:31] [89/455] RCGD
[20:14:31] 🔄 Identity reset
[20:14:31] 🔄 Identity rotated (every 10 requests)
[20:14:32] [90/455] MMOC
[20:14:33] [91/455] RRCO
[20:14:34] [92/455] MEDM
[20:14:35] [93/455] MCAZ
[20:14:36] [94/455] STWA
[20:14:37] [95/455] PFFG
[20:14:38] [96/455] GAGC
[20:14:39] [97/455] PMPM
[20:14:40] [98/455] HVCD
[20:14:41] [99/455] AKRF
[20:14:41] 🔄 Identity reset
[20:14:41] 🔄 Identity rotated (every 10 requests)
[20:14:42] [100/455] AKRC
[20:14:43] [101/455] MIDA
[20:14:44] [102/455] MAGX
[20:14:44] [103/455] ESOS
[20:14:45] [104/455] BBCL
[20:14:47] [105/455] LYAS
[20:14:48] [106/455] NRMS
[20:14:49] [107/455] BHUC
[20:14:51] [108/455] SRIC
[20:14:52] [109/455] PDME
[20:14:52] 🔄 Identity reset
[20:14:52] 🔄 Identity rotated (every 10 requests)
[20:14:53] [110/455] MJCS
[20:14:54] [111/455] NRAA
[20:14:55] [112/455] VATA
[20:14:56] [113/455] MNKC
[20:14:57] [114/455] DHCL
[20:14:58] [115/455] JCPC
[20:14:59] [116/455] CTML
[20:15:01] [117/455] RMMR
[20:15:02] [118/455] STTL
[20:15:03] [119/455] CNPS
[20:15:03] 🔄 Identity reset
[20:15:03] 🔄 Identity rotated (every 10 requests)
[20:15:03] [120/455] ACKL
[20:15:04] [121/455] SCAU
[20:15:05] [122/455] RMIA
[20:15:06] [123/455] MANU
[20:15:07] [124/455] ARDC
[20:15:08] [125/455] GLDA
[20:15:09] [126/455] KVSW
[20:15:10] [127/455] CGCA
[20:15:11] [128/455] CMLO
[20:15:12] [129/455] CECB
[20:15:12] 🔄 Identity reset
[20:15:12] 🔄 Identity rotated (every 10 requests)
[20:15:13] [130/455] RCPN
[20:15:14] [131/455] ASMW
[20:15:15] [132/455] PWLM
[20:15:16] [133/455] ASGM
[20:15:17] [134/455] ACWH
[20:15:18] [135/455] AAPW
[20:15:19] [136/455] RTWA
[20:15:20] [137/455] RAMW
[20:15:21] [138/455] VKTR
[20:15:21] [139/455] SMBH
[20:15:21] 🔄 Identity reset
[20:15:21] 🔄 Identity rotated (every 10 requests)
[20:15:22] 🔄 Retry 1/5 for SMBH in 2.8s
[20:15:22] 🔄 Identity reset
[20:15:24] 🧠 New identity created
[20:15:25] [140/455] BVDR
[20:15:27] [141/455] MRTP
[20:15:28] [142/455] BLBR
[20:15:29] [143/455] LPIN
[20:15:29] [144/455] SNPC
[20:15:30] [145/455] PDCB
[20:15:31] [146/455] DYPK
[20:15:32] [147/455] INMK
[20:15:33] [148/455] PDCK
[20:15:33] 🔄 Identity reset
[20:15:33] 🔄 Identity rotated (every 10 requests)
[20:15:34] [149/455] PCKR
[20:15:35] [150/455] SHUA
[20:15:37] [151/455] SCVK
[20:15:37] [152/455] STPA
[20:15:38] [153/455] WVHD
[20:15:39] [154/455] MRCH
[20:15:40] [155/455] MCNP
[20:15:41] [156/455] RCAG
[20:15:42] [157/455] JTSN
[20:15:43] [158/455] AANS
[20:15:43] 🔄 Identity reset
[20:15:43] 🔄 Identity rotated (every 10 requests)
[20:15:43] [159/455] GDDR
[20:15:44] [160/455] SRER
[20:15:45] [161/455] JKMA
[20:15:46] [162/455] ARAN
[20:15:47] [163/455] ALCT
[20:15:48] [164/455] CCTA
[20:15:49] [165/455] CNCT
[20:15:49] [166/455] NZBL
[20:15:50] [167/455] SRRA
[20:15:51] [168/455] SVPW
[20:15:51] 🔄 Identity reset
[20:15:51] 🔄 Identity rotated (every 10 requests)
[20:15:53] [169/455] SRTW
[20:15:54] [170/455] XMTD
[20:15:55] [171/455] SCCZ
[20:15:55] [172/455] PBCR
[20:15:56] [173/455] RTSC
[20:15:57] [174/455] TLSV
[20:15:58] [175/455] RMTK
[20:15:59] [176/455] SRAT
[20:16:00] [177/455] GCYC
[20:16:01] [178/455] HCAJ
[20:16:01] 🔄 Identity reset
[20:16:01] 🔄 Identity rotated (every 10 requests)
[20:16:02] [179/455] LCXA
[20:16:03] [180/455] BINT
[20:16:04] [181/455] IXIM
[20:16:04] [182/455] MBCR
[20:16:05] [183/455] BMCJ
[20:16:06] [184/455] NICJ
[20:16:07] [185/455] SCAJ
[20:16:08] [186/455] CMXS
[20:16:09] [187/455] MMSR
[20:16:10] [188/455] PRKT
[20:16:10] 🔄 Identity reset
[20:16:10] 🔄 Identity rotated (every 10 requests)
[20:16:11] [189/455] LPTH
[20:16:12] [190/455] SARP
[20:16:13] [191/455] MNPP
[20:16:14] [192/455] PRLR
[20:16:15] [193/455] RCMW
[20:16:16] [194/455] FCMG
[20:16:17] [195/455] RTNK
[20:16:18] [196/455] LRCP
[20:16:19] [197/455] DBJR
[20:16:20] [198/455] CACN
[20:16:20] 🔄 Identity reset
[20:16:20] 🔄 Identity rotated (every 10 requests)
[20:16:21] [199/455] AMRL
[20:16:22] [200/455] SBBC
[20:16:23] [201/455] VENN
[20:16:25] [202/455] STSS
[20:16:26] [203/455] SMRB
[20:16:27] [204/455] CCMX
[20:16:28] [205/455] KCMR
[20:16:29] [206/455] SALH
[20:16:30] [207/455] CGTT
[20:16:31] [208/455] PMDR
[20:16:31] 🔄 Identity reset
[20:16:31] 🔄 Identity rotated (every 10 requests)
[20:16:32] [209/455] VCPM
[20:16:33] [210/455] RZMX
[20:16:34] [211/455] TMSY
[20:16:35] [212/455] NTMS
[20:16:35] [213/455] VTAG
[20:16:36] [214/455] REMA
[20:16:37] [215/455] NXCC
[20:16:38] [216/455] SKYM
[20:16:40] [217/455] CCMO
[20:16:41] [218/455] DMXM
[20:16:41] 🔄 Identity reset
[20:16:41] 🔄 Identity rotated (every 10 requests)
[20:16:42] [219/455] SPPM
[20:16:42] [220/455] PTKL
[20:16:44] [221/455] SLVO
[20:16:45] [222/455] VASL
[20:16:47] [223/455] CBCM
[20:16:48] [224/455] STMA
[20:16:49] [225/455] LASK
[20:16:49] [226/455] VITE
[20:16:50] [227/455] AAST
[20:16:52] [228/455] JTPT
[20:16:52] 🔄 Identity reset
[20:16:52] 🔄 Identity rotated (every 10 requests)
[20:16:53] [229/455] RRSH
[20:16:54] [230/455] CINL
[20:16:55] [231/455] MCSR
[20:16:56] [232/455] SBCF
[20:16:57] [233/455] GCDU
[20:16:58] [234/455] PSPR
[20:16:59] [235/455] IMMO
[20:17:00] [236/455] CLGM
[20:17:01] [237/455] PBMM
[20:17:02] [238/455] CEHR
[20:17:02] 🔄 Identity reset
[20:17:02] 🔄 Identity rotated (every 10 requests)
[20:17:04] [239/455] CPOE
[20:17:05] [240/455] PGFD
[20:17:06] [241/455] PSLC
[20:17:07] [242/455] MSMD
[20:17:08] [243/455] FMFB
[20:17:08] [244/455] RKCL
[20:17:09] [245/455] PMMC
[20:17:10] [246/455] SKMM
[20:17:11] [247/455] VOIB
[20:17:12] [248/455] KINO
[20:17:12] 🔄 Identity reset
[20:17:12] 🔄 Identity rotated (every 10 requests)
[20:17:13] [249/455] VCTP
[20:17:14] [250/455] PDWR
[20:17:15] [251/455] SAED
[20:17:16] [252/455] SRRT
[20:17:17] [253/455] CVLG
[20:17:18] [254/455] SNGN
[20:17:19] [255/455] SIDA
[20:17:20] [256/455] IMCB
[20:17:21] [257/455] SMHP
[20:17:22] [258/455] GDTY
[20:17:22] 🔄 Identity reset
[20:17:22] 🔄 Identity rotated (every 10 requests)
[20:17:23] [259/455] VYCH
[20:17:24] [260/455] PDYA
[20:17:25] [261/455] RKDO
[20:17:26] [262/455] VECG
[20:17:27] [263/455] NFGD
[20:17:28] [264/455] SNDC
[20:17:29] [265/455] SDJH
[20:17:30] [266/455] HASV
[20:17:31] [267/455] PTYK
[20:17:32] [268/455] MUTB
[20:17:32] 🔄 Identity reset
[20:17:32] 🔄 Identity rotated (every 10 requests)
[20:17:33] [269/455] AMRT
[20:17:34] [270/455] VACD
[20:17:34] [271/455] SKDD
[20:17:36] [272/455] STGR
[20:17:37] [273/455] GDAK
[20:17:38] [274/455] SKHK
[20:17:38] [275/455] SLND
[20:17:40] [276/455] APAP
[20:17:40] [277/455] AYYA
[20:17:41] [278/455] VCCZ
[20:17:41] 🔄 Identity reset
[20:17:41] 🔄 Identity rotated (every 10 requests)
[20:17:42] [279/455] MEML
[20:17:43] [280/455] MAOU
[20:17:45] [281/455] ESND
[20:17:46] [282/455] PTBZ
[20:17:46] [283/455] LBCN
[20:17:47] [284/455] PAWA
[20:17:48] [285/455] ZEIC
[20:17:49] [286/455] CGMM
[20:17:50] [287/455] PJPM
[20:17:51] [288/455] ECMR
[20:17:51] 🔄 Identity reset
[20:17:51] 🔄 Identity rotated (every 10 requests)
[20:17:52] [289/455] SHMZ
[20:17:53] [290/455] STCA
[20:17:54] [291/455] VDRC
[20:17:55] [292/455] SEEM
[20:17:56] [293/455] MKNS
[20:17:57] [294/455] KPPP
[20:17:58] [295/455] CCML
[20:17:59] [296/455] CIBA
[20:18:00] [297/455] NACS
[20:18:01] [298/455] CTMK
[20:18:01] 🔄 Identity reset
[20:18:01] 🔄 Identity rotated (every 10 requests)
[20:18:02] [299/455] CTCT
[20:18:03] [300/455] MCSN
[20:18:04] [301/455] MAXX
[20:18:05] [302/455] MECB
[20:18:06] [303/455] NTBY
[20:18:07] [304/455] UTBI
[20:18:07] [305/455] RADK
[20:18:08] [306/455] STBY
[20:18:09] [307/455] GTBY
[20:18:10] [308/455] RRMB
[20:18:10] 🔄 Identity reset
[20:18:10] 🔄 Identity rotated (every 10 requests)
[20:18:11] [309/455] ABRN
[20:18:12] [310/455] GTSG
[20:18:13] [311/455] GBTG
[20:18:14] [312/455] SBGS
[20:18:15] [313/455] KBPM
[20:18:16] [314/455] SMHT
[20:18:17] [315/455] VTDM
[20:18:18] [316/455] ASCT
[20:18:19] [317/455] AWCT
[20:18:20] [318/455] DCCU
[20:18:20] 🔄 Identity reset
[20:18:20] 🔄 Identity rotated (every 10 requests)
[20:18:21] [319/455] PSCE
[20:18:22] [320/455] KSNY
[20:18:23] [321/455] ACID
[20:18:24] [322/455] LVCD
[20:18:25] [323/455] KSSB
[20:18:26] [324/455] SWTD
[20:18:27] [325/455] RBMR
[20:18:28] [326/455] SCBC
[20:18:29] [327/455] RKME
[20:18:30] [328/455] GALX
[20:18:30] 🔄 Identity reset
[20:18:30] 🔄 Identity rotated (every 10 requests)
[20:18:30] [329/455] GCCH
[20:18:31] [330/455] RATR
[20:18:32] [331/455] GTGA
[20:18:33] [332/455] LTTR
[20:18:34] [333/455] TTAA
[20:18:35] [334/455] TVHP
[20:18:36] [335/455] KVCS
[20:18:37] [336/455] CBMC
[20:18:39] [337/455] MAYJ
[20:18:40] [338/455] INPR
[20:18:40] 🔄 Identity reset
[20:18:40] 🔄 Identity rotated (every 10 requests)
[20:18:41] [339/455] RSSC
[20:18:42] [340/455] PCAN
[20:18:43] [341/455] PVHR
[20:18:44] [342/455] AGSM
[20:18:44] [343/455] PVES
[20:18:46] [344/455] INTO
[20:18:46] [345/455] ACON
[20:18:47] [346/455] PVPZ
[20:18:48] [347/455] PVHC
[20:18:49] [348/455] KSTK
[20:18:49] 🔄 Identity reset
[20:18:49] 🔄 Identity rotated (every 10 requests)
[20:18:50] [349/455] PVSR
[20:18:52] [350/455] ACTN
[20:18:53] [351/455] FMCN
[20:18:54] [352/455] PABC
[20:18:55] [353/455] SUTC
[20:18:56] [354/455] PGMV
[20:18:57] [355/455] GKCP
[20:18:58] [356/455] INCH
[20:18:59] [357/455] MLMT
[20:19:00] [358/455] SSCC
[20:19:00] 🔄 Identity reset
[20:19:00] 🔄 Identity rotated (every 10 requests)
[20:19:01] [359/455] SLMP
[20:19:02] [360/455] VVTN
[20:19:03] [361/455] SBTR
[20:19:04] [362/455] PGRA
[20:19:05] [363/455] PBRM
[20:19:06] [364/455] GCRP
[20:19:07] [365/455] MCSK
[20:19:07] [366/455] NLTC
[20:19:09] [367/455] MTLM
[20:19:10] [368/455] VECT
[20:19:10] 🔄 Identity reset
[20:19:10] 🔄 Identity rotated (every 10 requests)
[20:19:10] [369/455] KMRM
[20:19:11] [370/455] RACM
[20:19:12] [371/455] WSTC
[20:19:13] [372/455] PVTJ
[20:19:14] [373/455] MMKC
[20:19:15] [374/455] SVWT
[20:19:16] [375/455] JOTG
[20:19:17] [376/455] VCDK
[20:19:18] [377/455] ANAC
[20:19:19] [378/455] GRTC
[20:19:19] 🔄 Identity reset
[20:19:19] 🔄 Identity rotated (every 10 requests)
[20:19:19] [379/455] JTPL
[20:19:20] [380/455] VRCP
[20:19:21] [381/455] REMC
[20:19:22] [382/455] ATMG
[20:19:23] [383/455] GAHC
[20:19:25] [384/455] JTMV
[20:19:26] [385/455] OMTT
[20:19:27] [386/455] GKKC
[20:19:28] [387/455] BBPO
[20:19:29] [388/455] ZCBB
[20:19:29] 🔄 Identity reset
[20:19:29] 🔄 Identity rotated (every 10 requests)
[20:19:31] [389/455] DCGO
[20:19:32] [390/455] STOP
[20:19:33] [391/455] BSPC
[20:19:34] [392/455] SOND
[20:19:35] [393/455] GCKG
[20:19:36] [394/455] PCDB
[20:19:37] [395/455] PGRC
[20:19:39] [396/455] CSCT
[20:19:40] [397/455] STDA
[20:19:40] [398/455] JAYD
[20:19:40] 🔄 Identity reset
[20:19:40] 🔄 Identity rotated (every 10 requests)
[20:19:42] [399/455] PPPD
[20:19:43] [400/455] KRTT
[20:19:45] [401/455] PTDT
[20:19:46] [402/455] TRSV
[20:19:46] [403/455] VELR
[20:19:47] [404/455] STDT
[20:19:48] [405/455] SATT
[20:19:49] [406/455] KCPM
[20:19:50] [407/455] MFCP
[20:19:52] [408/455] AXMP
[20:19:52] 🔄 Identity reset
[20:19:52] 🔄 Identity rotated (every 10 requests)
[20:19:52] [409/455] LTVB
[20:19:53] [410/455] APST
[20:19:54] [411/455] DTVP
[20:19:55] [412/455] AAVB
[20:19:56] [413/455] PMBL
[20:19:57] [414/455] STKC
[20:19:58] [415/455] KKMA
[20:20:00] [416/455] NMXS
[20:20:01] [417/455] DECX
[20:20:02] [418/455] MAPJ
[20:20:02] 🔄 Identity reset
[20:20:02] 🔄 Identity rotated (every 10 requests)
[20:20:04] [419/455] SMLK
[20:20:05] [420/455] PMPU
[20:20:06] [421/455] AFST
[20:20:07] [422/455] SRSY
[20:20:07] [423/455] RMKT
[20:20:08] [424/455] RAJX
[20:20:09] [425/455] UVCD
[20:20:10] [426/455] LISA
[20:20:11] [427/455] LMSR
[20:20:12] [428/455] PMCA
[20:20:12] 🔄 Identity reset
[20:20:12] 🔄 Identity rotated (every 10 requests)
[20:20:13] [429/455] INPO
[20:20:14] [430/455] INGO
[20:20:15] [431/455] HFSQ
[20:20:16] [432/455] INMG
[20:20:17] [433/455] NYCP
[20:20:17] [434/455] HFSV
[20:20:19] [435/455] MMZP
[20:20:19] [436/455] KSES
[20:20:21] [437/455] HFSA
[20:20:22] [438/455] ACMM
[20:20:22] 🔄 Identity reset
[20:20:22] 🔄 Identity rotated (every 10 requests)
[20:20:24] [439/455] RCKD
[20:20:25] [440/455] BCKR
[20:20:26] [441/455] SFCO
[20:20:27] [442/455] JCCB
[20:20:28] [443/455] BCCR
[20:20:29] [444/455] NWCB
[20:20:30] [445/455] SAMT
[20:20:31] [446/455] TMST
[20:20:32] [447/455] SJCN
[20:20:33] [448/455] MCBS
[20:20:33] 🔄 Identity reset
[20:20:33] 🔄 Identity rotated (every 10 requests)
[20:20:33] [449/455] CMKR
[20:20:34] [450/455] INPM
[20:20:36] [451/455] WVMT
[20:20:37] [452/455] NYSM
[20:20:37] [453/455] RCMA
[20:20:38] [454/455] RECM
[20:20:39] [455/455] CYCM
[20:20:40] 🧹 Deduping shows
[20:20:40] ✅ DONE | Shows=4997 | Movies=94
[23:28:33] 🚀 SCRIPT STARTED
[23:28:33] [1/455] MXGN
[23:28:33] 🧠 New identity created
[23:28:34] [2/455] PGGM
[23:28:35] [3/455] IPMJ
[23:28:36] [4/455] M2PP
[23:28:37] [5/455] PMMS
[23:28:38] [6/455] SCJN
[23:28:39] [7/455] CPUM
[23:28:40] [8/455] SCND
[23:28:41] [9/455] INWM
[23:28:42] [10/455] DVDC
[23:28:42] 🔄 Identity reset
[23:28:42] 🔄 Identity rotated (every 10 requests)
[23:28:42] 🔄 Retry 1/5 for DVDC in 2.6s
[23:28:42] 🔄 Identity reset
[23:28:44] 🧠 New identity created
[23:28:44] 🔄 Retry 2/5 for DVDC in 4.0s
[23:28:44] 🔄 Identity reset
[23:28:48] 🧠 New identity created
[23:28:48] 🔄 Retry 3/5 for DVDC in 8.1s
[23:28:48] 🔄 Identity reset
[23:28:56] 🧠 New identity created
[23:28:57] [11/455] WVND
[23:28:58] [12/455] LBDL
[23:28:59] [13/455] CRGM
[23:29:00] [14/455] PVKS
[23:29:01] [15/455] PBLL
[23:29:02] [16/455] FNLN
[23:29:03] [17/455] PPDA
[23:29:03] 🔄 Identity reset
[23:29:03] 🔄 Identity rotated (every 10 requests)
[23:29:04] [18/455] SCPT
[23:29:05] [19/455] IAJS
[23:29:06] [20/455] MMZG
[23:29:07] [21/455] MCTI
[23:29:08] [22/455] PPMF
[23:29:09] [23/455] FNSD
[23:29:09] [24/455] M2RH
[23:29:10] [25/455] CPGV
[23:29:11] [26/455] PECD
[23:29:12] [27/455] CTEE
[23:29:12] 🔄 Identity reset
[23:29:12] 🔄 Identity rotated (every 10 requests)
[23:29:13] [28/455] IOMG
[23:29:14] [29/455] CIJA
[23:29:15] [30/455] NYCG
[23:29:15] [31/455] CEST
[23:29:17] [32/455] WVRG
[23:29:18] [33/455] DPDC
[23:29:19] [34/455] PDIV
[23:29:20] [35/455] MTPP
[23:29:21] [36/455] MHNU
[23:29:22] [37/455] WUPG
[23:29:22] 🔄 Identity reset
[23:29:22] 🔄 Identity rotated (every 10 requests)
[23:29:22] 🔄 Retry 1/5 for WUPG in 2.5s
[23:29:22] 🔄 Identity reset
[23:29:24] 🧠 New identity created
[23:29:26] [38/455] USCO
[23:29:27] [39/455] INFR
[23:29:28] [40/455] PVPD
[23:29:29] [41/455] RONC
[23:29:30] [42/455] IOCP
[23:29:31] [43/455] EMPS
[23:29:31] [44/455] PNAD
[23:29:33] [45/455] VVGZ
[23:29:34] [46/455] MDDC
[23:29:34] 🔄 Identity reset
[23:29:34] 🔄 Identity rotated (every 10 requests)
[23:29:35] [47/455] MMAP
[23:29:36] [48/455] GPDC
[23:29:37] [49/455] PVPU
[23:29:38] [50/455] DCMV
[23:29:40] [51/455] PCCF
[23:29:41] [52/455] MCEF
[23:29:41] [53/455] INRD
[23:29:43] [54/455] CCPZ
[23:29:44] [55/455] BCWG
[23:29:45] [56/455] PMGU
[23:29:45] 🔄 Identity reset
[23:29:45] 🔄 Identity rotated (every 10 requests)
[23:29:45] 🔄 Retry 1/5 for PMGU in 2.7s
[23:29:45] 🔄 Identity reset
[23:29:48] 🧠 New identity created
[23:29:49] [57/455] MCVM
[23:29:50] [58/455] MCDE
[23:29:51] [59/455] IEFM
[23:29:51] [60/455] MXCS
[23:29:53] [61/455] RNMT
[23:29:53] [62/455] PSDD
[23:29:54] [63/455] PETA
[23:29:55] [64/455] IZOP
[23:29:57] [65/455] PDEI
[23:29:57] 🔄 Identity reset
[23:29:57] 🔄 Identity rotated (every 10 requests)
[23:29:58] [66/455] MTND
[23:29:59] [67/455] PCPL
[23:30:00] [68/455] LSCM
[23:30:01] [69/455] BTFD
[23:30:02] [70/455] MERM
[23:30:03] [71/455] PVMS
[23:30:03] [72/455] CIGK
[23:30:05] [73/455] INSG
[23:30:06] [74/455] IDEN
[23:30:07] [75/455] MCGN
[23:30:07] 🔄 Identity reset
[23:30:07] 🔄 Identity rotated (every 10 requests)
[23:30:07] 🔄 Retry 1/5 for MCGN in 2.5s
[23:30:07] 🔄 Identity reset
[23:30:10] 🧠 New identity created
[23:30:10] 🔄 Retry 2/5 for MCGN in 4.1s
[23:30:10] 🔄 Identity reset
[23:30:14] 🧠 New identity created
[23:30:14] 🔄 Retry 3/5 for MCGN in 8.6s
[23:30:14] 🔄 Identity reset
[23:30:23] 🧠 New identity created
[23:30:23] 🔄 Retry 4/5 for MCGN in 16.0s
[23:30:23] 🔄 Identity reset
[23:30:39] 🧠 New identity created
[23:30:39] ❌ MCGN failed after 5 attempts
[23:30:39] 🔄 Identity reset
[23:30:39] ❌ MCGN final failure | RuntimeError | HTTP 403
[23:30:40] [76/455] IGAM
[23:30:40] 🧠 New identity created
[23:30:40] 🔄 Retry 1/5 for IGAM in 2.8s
[23:30:40] 🔄 Identity reset
[23:30:42] 🧠 New identity created
[23:30:43] [77/455] SLCU
[23:30:44] [78/455] MIMU
[23:30:46] [79/455] QLAC
[23:30:47] [80/455] MENL
[23:30:47] 🔄 Identity reset
[23:30:47] 🔄 Identity rotated (every 10 requests)
[23:30:47] 🔄 Retry 1/5 for MENL in 3.0s
[23:30:47] 🔄 Identity reset
[23:30:50] 🧠 New identity created
[23:30:51] [81/455] SCUR
[23:30:52] [82/455] MDGD
[23:30:53] [83/455] LSRS
[23:30:54] [84/455] KMLG
[23:30:55] [85/455] MKLJ
[23:30:56] [86/455] IBYG
[23:30:57] [87/455] ISML
[23:30:58] [88/455] MJMM
[23:30:59] [89/455] RCGD
[23:30:59] 🔄 Identity reset
[23:30:59] 🔄 Identity rotated (every 10 requests)
[23:30:59] 🔄 Retry 1/5 for RCGD in 2.7s
[23:30:59] 🔄 Identity reset
[23:31:02] 🧠 New identity created
[23:31:03] [90/455] MMOC
[23:31:05] [91/455] RRCO
[23:31:05] [92/455] MEDM
[23:31:06] [93/455] MCAZ
[23:31:07] [94/455] STWA
[23:31:08] [95/455] PFFG
[23:31:09] [96/455] GAGC
[23:31:10] [97/455] PMPM
[23:31:11] [98/455] HVCD
[23:31:11] 🔄 Identity reset
[23:31:11] 🔄 Identity rotated (every 10 requests)
[23:31:11] 🔄 Retry 1/5 for HVCD in 2.5s
[23:31:11] 🔄 Identity reset
[23:31:13] 🧠 New identity created
[23:31:13] 🔄 Retry 2/5 for HVCD in 4.3s
[23:31:13] 🔄 Identity reset
[23:31:18] 🧠 New identity created
[23:31:19] [99/455] AKRF
[23:31:20] [100/455] AKRC
[23:31:20] [101/455] MIDA
[23:31:21] [102/455] MAGX
[23:31:23] [103/455] ESOS
[23:31:24] [104/455] BBCL
[23:31:24] [105/455] LYAS
[23:31:25] [106/455] NRMS
[23:31:25] 🔄 Identity reset
[23:31:25] 🔄 Identity rotated (every 10 requests)
[23:31:26] [107/455] BHUC
[23:31:27] [108/455] SRIC
[23:31:28] [109/455] PDME
[23:31:29] [110/455] MJCS
[23:31:30] [111/455] NRAA
[23:31:31] [112/455] VATA
[23:31:32] [113/455] MNKC
[23:31:33] [114/455] DHCL
[23:31:34] [115/455] JCPC
[23:31:34] [116/455] CTML
[23:31:34] 🔄 Identity reset
[23:31:35] 🔄 Identity rotated (every 10 requests)
[23:31:35] [117/455] RMMR
[23:31:36] [118/455] STTL
[23:31:37] [119/455] CNPS
[23:31:38] [120/455] ACKL
[23:31:38] [121/455] SCAU
[23:31:40] [122/455] RMIA
[23:31:41] [123/455] MANU
[23:31:42] [124/455] ARDC
[23:31:43] [125/455] GLDA
[23:31:44] [126/455] KVSW
[23:31:44] 🔄 Identity reset
[23:31:44] 🔄 Identity rotated (every 10 requests)
[23:31:45] [127/455] CGCA
[23:31:46] [128/455] CMLO
[23:31:46] [129/455] CECB
[23:31:47] [130/455] RCPN
[23:31:48] [131/455] ASMW
[23:31:48] [132/455] PWLM
[23:31:49] [133/455] ASGM
[23:31:50] [134/455] ACWH
[23:31:51] [135/455] AAPW
[23:31:51] [136/455] RTWA
[23:31:51] 🔄 Identity reset
[23:31:51] 🔄 Identity rotated (every 10 requests)
[23:31:52] [137/455] RAMW
[23:31:53] [138/455] VKTR
[23:31:54] [139/455] SMBH
[23:31:55] [140/455] BVDR
[23:31:56] [141/455] MRTP
[23:31:57] [142/455] BLBR
[23:31:57] [143/455] LPIN
[23:31:58] [144/455] SNPC
[23:31:59] [145/455] PDCB
[23:32:01] [146/455] DYPK
[23:32:01] 🔄 Identity reset
[23:32:01] 🔄 Identity rotated (every 10 requests)
[23:32:01] [147/455] INMK
[23:32:02] [148/455] PDCK
[23:32:03] [149/455] PCKR
[23:32:04] [150/455] SHUA
[23:32:04] [151/455] SCVK
[23:32:05] [152/455] STPA
[23:32:06] [153/455] WVHD
[23:32:07] [154/455] MRCH
[23:32:08] [155/455] MCNP
[23:32:08] [156/455] RCAG
[23:32:08] 🔄 Identity reset
[23:32:08] 🔄 Identity rotated (every 10 requests)
[23:32:09] [157/455] JTSN
[23:32:10] [158/455] AANS
[23:32:11] [159/455] GDDR
[23:32:11] [160/455] SRER
[23:32:12] [161/455] JKMA
[23:32:13] [162/455] ARAN
[23:32:14] [163/455] ALCT
[23:32:14] [164/455] CCTA
[23:32:15] [165/455] CNCT
[23:32:16] [166/455] NZBL
[23:32:16] 🔄 Identity reset
[23:32:16] 🔄 Identity rotated (every 10 requests)
[23:32:17] [167/455] SRRA
[23:32:18] [168/455] SVPW
[23:32:19] [169/455] SRTW
[23:32:19] [170/455] XMTD
[23:32:20] [171/455] SCCZ
[23:32:21] [172/455] PBCR
[23:32:22] [173/455] RTSC
[23:32:24] [174/455] TLSV
[23:32:25] [175/455] RMTK
[23:32:26] [176/455] SRAT
[23:32:26] 🔄 Identity reset
[23:32:26] 🔄 Identity rotated (every 10 requests)
[23:32:28] [177/455] GCYC
[23:32:28] [178/455] HCAJ
[23:32:29] [179/455] LCXA
[23:32:30] [180/455] BINT
[23:32:31] [181/455] IXIM
[23:32:32] [182/455] MBCR
[23:32:33] [183/455] BMCJ
[23:32:33] [184/455] NICJ
[23:32:34] [185/455] SCAJ
[23:32:35] [186/455] CMXS
[23:32:35] 🔄 Identity reset
[23:32:35] 🔄 Identity rotated (every 10 requests)
[23:32:35] 🔄 Retry 1/5 for CMXS in 2.4s
[23:32:35] 🔄 Identity reset
[23:32:38] 🧠 New identity created
[23:32:38] [187/455] MMSR
[23:32:39] [188/455] PRKT
[23:32:40] [189/455] LPTH
[23:32:41] [190/455] SARP
[23:32:42] [191/455] MNPP
[23:32:43] [192/455] PRLR
[23:32:44] [193/455] RCMW
[23:32:45] [194/455] FCMG
[23:32:46] [195/455] RTNK
[23:32:46] 🔄 Identity reset
[23:32:46] 🔄 Identity rotated (every 10 requests)
[23:32:47] [196/455] LRCP
[23:32:47] [197/455] DBJR
[23:32:48] [198/455] CACN
[23:32:48] [199/455] AMRL
[23:32:49] [200/455] SBBC
[23:32:50] [201/455] VENN
[23:32:51] [202/455] STSS
[23:32:52] [203/455] SMRB
[23:32:52] [204/455] CCMX
[23:32:53] [205/455] KCMR
[23:32:53] 🔄 Identity reset
[23:32:53] 🔄 Identity rotated (every 10 requests)
[23:32:53] 🔄 Retry 1/5 for KCMR in 2.6s
[23:32:53] 🔄 Identity reset
[23:32:56] 🧠 New identity created
[23:32:56] 🔄 Retry 2/5 for KCMR in 4.6s
[23:32:56] 🔄 Identity reset
[23:33:00] 🧠 New identity created
[23:33:01] [206/455] SALH
[23:33:02] [207/455] CGTT
[23:33:03] [208/455] PMDR
[23:33:04] [209/455] VCPM
[23:33:05] [210/455] RZMX
[23:33:06] [211/455] TMSY
[23:33:07] [212/455] NTMS
[23:33:08] [213/455] VTAG
[23:33:08] 🔄 Identity reset
[23:33:08] 🔄 Identity rotated (every 10 requests)
[23:33:08] 🔄 Retry 1/5 for VTAG in 2.8s
[23:33:08] 🔄 Identity reset
[23:33:11] 🧠 New identity created
[23:33:12] [214/455] REMA
[23:33:13] [215/455] NXCC
[23:33:14] [216/455] SKYM
[23:33:15] [217/455] CCMO
[23:33:15] [218/455] DMXM
[23:33:16] [219/455] SPPM
[23:33:17] [220/455] PTKL
[23:33:18] [221/455] SLVO
[23:33:19] [222/455] VASL
[23:33:19] 🔄 Identity reset
[23:33:19] 🔄 Identity rotated (every 10 requests)
[23:33:19] 🔄 Retry 1/5 for VASL in 3.0s
[23:33:19] 🔄 Identity reset
[23:33:22] 🧠 New identity created
[23:33:23] [223/455] CBCM
[23:33:24] [224/455] STMA
[23:33:25] [225/455] LASK
[23:33:26] [226/455] VITE
[23:33:27] [227/455] AAST
[23:33:28] [228/455] JTPT
[23:33:29] [229/455] RRSH
[23:33:30] [230/455] CINL
[23:33:30] [231/455] MCSR
[23:33:30] 🔄 Identity reset
[23:33:30] 🔄 Identity rotated (every 10 requests)
[23:33:31] [232/455] SBCF
[23:33:32] [233/455] GCDU
[23:33:33] [234/455] PSPR
[23:33:34] [235/455] IMMO
[23:33:35] [236/455] CLGM
[23:33:35] [237/455] PBMM
[23:33:36] [238/455] CEHR
[23:33:37] [239/455] CPOE
[23:33:37] [240/455] PGFD
[23:33:38] [241/455] PSLC
[23:33:38] 🔄 Identity reset
[23:33:38] 🔄 Identity rotated (every 10 requests)
[23:33:40] [242/455] MSMD
[23:33:41] [243/455] FMFB
[23:33:41] [244/455] RKCL
[23:33:42] [245/455] PMMC
[23:33:43] [246/455] SKMM
[23:33:44] [247/455] VOIB
[23:33:45] [248/455] KINO
[23:33:46] [249/455] VCTP
[23:33:47] [250/455] PDWR
[23:33:48] [251/455] SAED
[23:33:48] 🔄 Identity reset
[23:33:48] 🔄 Identity rotated (every 10 requests)
[23:33:48] [252/455] SRRT
[23:33:49] [253/455] CVLG
[23:33:50] [254/455] SNGN
[23:33:51] [255/455] SIDA
[23:33:52] [256/455] IMCB
[23:33:53] [257/455] SMHP
[23:33:54] [258/455] GDTY
[23:33:55] [259/455] VYCH
[23:33:56] [260/455] PDYA
[23:33:56] [261/455] RKDO
[23:33:56] 🔄 Identity reset
[23:33:56] 🔄 Identity rotated (every 10 requests)
[23:33:57] [262/455] VECG
[23:33:58] [263/455] NFGD
[23:33:59] [264/455] SNDC
[23:34:00] [265/455] SDJH
[23:34:01] [266/455] HASV
[23:34:02] [267/455] PTYK
[23:34:03] [268/455] MUTB
[23:34:04] [269/455] AMRT
[23:34:04] [270/455] VACD
[23:34:05] [271/455] SKDD
[23:34:05] 🔄 Identity reset
[23:34:05] 🔄 Identity rotated (every 10 requests)
[23:34:06] [272/455] STGR
[23:34:07] [273/455] GDAK
[23:34:08] [274/455] SKHK
[23:34:10] [275/455] SLND
[23:34:10] [276/455] APAP
[23:34:11] [277/455] AYYA
[23:34:12] [278/455] VCCZ
[23:34:13] [279/455] MEML
[23:34:14] [280/455] MAOU
[23:34:14] [281/455] ESND
[23:34:14] 🔄 Identity reset
[23:34:14] 🔄 Identity rotated (every 10 requests)
[23:34:14] 🔄 Retry 1/5 for ESND in 2.5s
[23:34:14] 🔄 Identity reset
[23:34:17] 🧠 New identity created
[23:34:17] 🔄 Retry 2/5 for ESND in 4.3s
[23:34:17] 🔄 Identity reset
[23:34:21] 🧠 New identity created
[23:34:22] [282/455] PTBZ
[23:34:23] [283/455] LBCN
[23:34:24] [284/455] PAWA
[23:34:24] [285/455] ZEIC
[23:34:25] [286/455] CGMM
[23:34:26] [287/455] PJPM
[23:34:27] [288/455] ECMR
[23:34:28] [289/455] SHMZ
[23:34:28] 🔄 Identity reset
[23:34:28] 🔄 Identity rotated (every 10 requests)
[23:34:29] [290/455] STCA
[23:34:30] [291/455] VDRC
[23:34:30] [292/455] SEEM
[23:34:31] [293/455] MKNS
[23:34:32] [294/455] KPPP
[23:34:33] [295/455] CCML
[23:34:34] [296/455] CIBA
[23:34:34] [297/455] NACS
[23:34:35] [298/455] CTMK
[23:34:36] [299/455] CTCT
[23:34:36] 🔄 Identity reset
[23:34:36] 🔄 Identity rotated (every 10 requests)
[23:34:37] [300/455] MCSN
[23:34:38] [301/455] MAXX
[23:34:38] [302/455] MECB
[23:34:39] [303/455] NTBY
[23:34:40] [304/455] UTBI
[23:34:41] [305/455] RADK
[23:34:41] [306/455] STBY
[23:34:42] [307/455] GTBY
[23:34:43] [308/455] RRMB
[23:34:44] [309/455] ABRN
[23:34:44] 🔄 Identity reset
[23:34:44] 🔄 Identity rotated (every 10 requests)
[23:34:45] [310/455] GTSG
[23:34:45] [311/455] GBTG
[23:34:46] [312/455] SBGS
[23:34:47] [313/455] KBPM
[23:34:47] [314/455] SMHT
[23:34:48] [315/455] VTDM
[23:34:49] [316/455] ASCT
[23:34:50] [317/455] AWCT
[23:34:50] [318/455] DCCU
[23:34:51] [319/455] PSCE
[23:34:51] 🔄 Identity reset
[23:34:52] 🔄 Identity rotated (every 10 requests)
[23:34:52] [320/455] KSNY
[23:34:53] [321/455] ACID
[23:34:54] [322/455] LVCD
[23:34:54] [323/455] KSSB
[23:34:55] [324/455] SWTD
[23:34:56] [325/455] RBMR
[23:34:57] [326/455] SCBC
[23:34:58] [327/455] RKME
[23:34:59] [328/455] GALX
[23:34:59] [329/455] GCCH
[23:34:59] 🔄 Identity reset
[23:34:59] 🔄 Identity rotated (every 10 requests)
[23:34:59] 🔄 Retry 1/5 for GCCH in 2.6s
[23:34:59] 🔄 Identity reset
[23:35:02] 🧠 New identity created
[23:35:03] [330/455] RATR
[23:35:03] [331/455] GTGA
[23:35:04] [332/455] LTTR
[23:35:05] [333/455] TTAA
[23:35:06] [334/455] TVHP
[23:35:07] [335/455] KVCS
[23:35:08] [336/455] CBMC
[23:35:09] [337/455] MAYJ
[23:35:10] [338/455] INPR
[23:35:10] 🔄 Identity reset
[23:35:10] 🔄 Identity rotated (every 10 requests)
[23:35:10] 🔄 Retry 1/5 for INPR in 2.8s
[23:35:10] 🔄 Identity reset
[23:35:13] 🧠 New identity created
[23:35:13] [339/455] RSSC
[23:35:14] [340/455] PCAN
[23:35:14] [341/455] PVHR
[23:35:15] [342/455] AGSM
[23:35:16] [343/455] PVES
[23:35:17] [344/455] INTO
[23:35:17] [345/455] ACON
[23:35:18] [346/455] PVPZ
[23:35:19] [347/455] PVHC
[23:35:19] 🔄 Identity reset
[23:35:19] 🔄 Identity rotated (every 10 requests)
[23:35:20] [348/455] KSTK
[23:35:21] [349/455] PVSR
[23:35:21] [350/455] ACTN
[23:35:22] [351/455] FMCN
[23:35:23] [352/455] PABC
[23:35:23] [353/455] SUTC
[23:35:24] [354/455] PGMV
[23:35:25] [355/455] GKCP
[23:35:25] [356/455] INCH
[23:35:26] [357/455] MLMT
[23:35:26] 🔄 Identity reset
[23:35:26] 🔄 Identity rotated (every 10 requests)
[23:35:26] 🔄 Retry 1/5 for MLMT in 2.7s
[23:35:26] 🔄 Identity reset
[23:35:29] 🧠 New identity created
[23:35:29] 🔄 Retry 2/5 for MLMT in 4.7s
[23:35:29] 🔄 Identity reset
[23:35:34] 🧠 New identity created
[23:35:35] [358/455] SSCC
[23:35:35] [359/455] SLMP
[23:35:36] [360/455] VVTN
[23:35:37] [361/455] SBTR
[23:35:37] [362/455] PGRA
[23:35:38] [363/455] PBRM
[23:35:39] [364/455] GCRP
[23:35:39] [365/455] MCSK
[23:35:39] 🔄 Identity reset
[23:35:39] 🔄 Identity rotated (every 10 requests)
[23:35:40] [366/455] NLTC
[23:35:41] [367/455] MTLM
[23:35:41] [368/455] VECT
[23:35:42] [369/455] KMRM
[23:35:43] [370/455] RACM
[23:35:44] [371/455] WSTC
[23:35:45] [372/455] PVTJ
[23:35:46] [373/455] MMKC
[23:35:46] [374/455] SVWT
[23:35:47] [375/455] JOTG
[23:35:47] 🔄 Identity reset
[23:35:47] 🔄 Identity rotated (every 10 requests)
[23:35:48] [376/455] VCDK
[23:35:48] [377/455] ANAC
[23:35:49] [378/455] GRTC
[23:35:50] [379/455] JTPL
[23:35:50] [380/455] VRCP
[23:35:51] [381/455] REMC
[23:35:52] [382/455] ATMG
[23:35:53] [383/455] GAHC
[23:35:53] [384/455] JTMV
[23:35:54] [385/455] OMTT
[23:35:54] 🔄 Identity reset
[23:35:54] 🔄 Identity rotated (every 10 requests)
[23:35:55] [386/455] GKKC
[23:35:56] [387/455] BBPO
[23:35:57] [388/455] ZCBB
[23:35:57] [389/455] DCGO
[23:35:58] [390/455] STOP
[23:35:59] [391/455] BSPC
[23:36:00] [392/455] SOND
[23:36:01] [393/455] GCKG
[23:36:02] [394/455] PCDB
[23:36:03] [395/455] PGRC
[23:36:03] 🔄 Identity reset
[23:36:03] 🔄 Identity rotated (every 10 requests)
[23:36:04] [396/455] CSCT
[23:36:05] [397/455] STDA
[23:36:05] [398/455] JAYD
[23:36:06] [399/455] PPPD
[23:36:07] [400/455] KRTT
[23:36:08] [401/455] PTDT
[23:36:08] [402/455] TRSV
[23:36:09] [403/455] VELR
[23:36:09] [404/455] STDT
[23:36:10] [405/455] SATT
[23:36:10] 🔄 Identity reset
[23:36:10] 🔄 Identity rotated (every 10 requests)
[23:36:11] [406/455] KCPM
[23:36:11] [407/455] MFCP
[23:36:12] [408/455] AXMP
[23:36:13] [409/455] LTVB
[23:36:14] [410/455] APST
[23:36:15] [411/455] DTVP
[23:36:16] [412/455] AAVB
[23:36:17] [413/455] PMBL
[23:36:17] [414/455] STKC
[23:36:18] [415/455] KKMA
[23:36:18] 🔄 Identity reset
[23:36:18] 🔄 Identity rotated (every 10 requests)
[23:36:19] [416/455] NMXS
[23:36:20] [417/455] DECX
[23:36:21] [418/455] MAPJ
[23:36:21] [419/455] SMLK
[23:36:22] [420/455] PMPU
[23:36:23] [421/455] AFST
[23:36:24] [422/455] SRSY
[23:36:25] [423/455] RMKT
[23:36:26] [424/455] RAJX
[23:36:26] [425/455] UVCD
[23:36:26] 🔄 Identity reset
[23:36:26] 🔄 Identity rotated (every 10 requests)
[23:36:27] [426/455] LISA
[23:36:28] [427/455] LMSR
[23:36:29] [428/455] PMCA
[23:36:29] [429/455] INPO
[23:36:30] [430/455] INGO
[23:36:31] [431/455] HFSQ
[23:36:31] [432/455] INMG
[23:36:32] [433/455] NYCP
[23:36:33] [434/455] HFSV
[23:36:34] [435/455] MMZP
[23:36:34] 🔄 Identity reset
[23:36:34] 🔄 Identity rotated (every 10 requests)
[23:36:34] [436/455] KSES
[23:36:35] [437/455] HFSA
[23:36:36] [438/455] ACMM
[23:36:36] [439/455] RCKD
[23:36:37] [440/455] BCKR
[23:36:38] [441/455] SFCO
[23:36:39] [442/455] JCCB
[23:36:39] [443/455] BCCR
[23:36:40] [444/455] NWCB
[23:36:41] [445/455] SAMT
[23:36:41] 🔄 Identity reset
[23:36:41] 🔄 Identity rotated (every 10 requests)
[23:36:42] [446/455] TMST
[23:36:43] [447/455] SJCN
[23:36:44] [448/455] MCBS
[23:36:45] [449/455] CMKR
[23:36:45] [450/455] INPM
[23:36:46] [451/455] WVMT
[23:36:47] [452/455] NYSM
[23:36:48] [453/455] RCMA
[23:36:48] [454/455] RECM
[23:36:49] [455/455] CYCM
[23:36:49] 🔄 Identity reset
[23:36:49] 🔄 Identity rotated (every 10 requests)
[23:36:51] 🧹 Deduping shows
[23:36:51] ✅ DONE | Shows=5081 | Movies=94
