[16:54:32] 🚀 SCRIPT STARTED (enhanced anti‑detection)
[16:54:32] [1/459] MCCZ
[16:54:33] 🧠 New identity created
[16:54:33] 🔄 Retry 1/5 for MCCZ in 2.8s
[16:54:33] 🔄 Identity reset
[16:54:36] 🧠 New identity created
[16:54:36] [2/459] FRPU
[16:54:37] [3/459] SKSI
[16:54:38] [4/459] SSCK
[16:54:39] [5/459] SRDC
[16:54:40] [6/459] RSCZ
[16:54:41] [7/459] PRVT
[16:54:42] [8/459] GAGJ
[16:54:42] [9/459] SMHG
[16:54:43] 🔄 Identity reset
[16:54:43] 🔄 Identity rotated (every 10 requests)
[16:54:43] 🔄 Retry 1/5 for SMHG in 2.4s
[16:54:43] 🔄 Identity reset
[16:54:46] 🧠 New identity created
[16:54:46] [10/459] JTST
[16:54:47] [11/459] MYTH
[16:54:48] [12/459] JPCC
[16:54:49] [13/459] ACDC
[16:54:50] [14/459] SVFP
[16:54:51] [15/459] SFCM
[16:54:52] [16/459] RUPK
[16:54:52] [17/459] NTCR
[16:54:53] [18/459] RTCH
[16:54:54] 🔄 Identity reset
[16:54:54] 🔄 Identity rotated (every 10 requests)
[16:54:54] 🔄 Retry 1/5 for RTCH in 2.3s
[16:54:54] 🔄 Identity reset
[16:54:56] 🧠 New identity created
[16:54:56] [19/459] SCMH
[16:54:58] [20/459] SVYM
[16:54:59] [21/459] SPYM
[16:55:00] [22/459] SMMF
[16:55:01] [23/459] CLLB
[16:55:01] [24/459] FMCB
[16:55:03] [25/459] BBTC
[16:55:04] [26/459] NTHS
[16:55:05] [27/459] PKKJ
[16:55:05] 🔄 Identity reset
[16:55:05] 🔄 Identity rotated (every 10 requests)
[16:55:05] [28/459] MTJA
[16:55:06] [29/459] PMSJ
[16:55:07] [30/459] JMJU
[16:55:08] [31/459] SRAD
[16:55:09] [32/459] MJMC
[16:55:10] [33/459] DFRM
[16:55:11] [34/459] PMRS
[16:55:11] [35/459] RKPP
[16:55:12] [36/459] BMBK
[16:55:13] [37/459] NEWS
[16:55:14] 🔄 Identity reset
[16:55:14] 🔄 Identity rotated (every 10 requests)
[16:55:14] [38/459] SALB
[16:55:15] [39/459] SCPW
[16:55:16] [40/459] RAYL
[16:55:17] [41/459] CMGJ
[16:55:18] [42/459] JRCR
[16:55:19] [43/459] SRTB
[16:55:19] [44/459] ETPB
[16:55:20] [45/459] MXBN
[16:55:21] [46/459] TOPE
[16:55:22] [47/459] SNLJ
[16:55:22] 🔄 Identity reset
[16:55:22] 🔄 Identity rotated (every 10 requests)
[16:55:23] [48/459] CDDP
[16:55:23] [49/459] APCX
[16:55:24] [50/459] TALP
[16:55:25] [51/459] RRMP
[16:55:26] [52/459] MAHB
[16:55:27] [53/459] MTKR
[16:55:28] [54/459] KSKL
[16:55:29] [55/459] RJLT
[16:55:30] [56/459] ATAS
[16:55:31] [57/459] AMHR
[16:55:31] 🔄 Identity reset
[16:55:31] 🔄 Identity rotated (every 10 requests)
[16:55:31] 🔄 Retry 1/5 for AMHR in 2.3s
[16:55:31] 🔄 Identity reset
[16:55:34] 🧠 New identity created
[16:55:34] [58/459] RSRM
[16:55:35] [59/459] GCAT
[16:55:35] [60/459] SMML
[16:55:36] [61/459] ACCD
[16:55:37] [62/459] VYDA
[16:55:38] [63/459] MSKT
[16:55:39] [64/459] AVDM
[16:55:40] [65/459] ASMH
[16:55:41] [66/459] VTMB
[16:55:41] 🔄 Identity reset
[16:55:41] 🔄 Identity rotated (every 10 requests)
[16:55:42] [67/459] WVMB
[16:55:43] [68/459] PPMN
[16:55:43] [69/459] MTMD
[16:55:44] [70/459] SMMO
[16:55:45] [71/459] DLPB
[16:55:46] [72/459] AKMD
[16:55:47] [73/459] SHRR
[16:55:48] [74/459] ASCO
[16:55:50] [75/459] CZVX
[16:55:51] [76/459] GCBB
[16:55:51] 🔄 Identity reset
[16:55:51] 🔄 Identity rotated (every 10 requests)
[16:55:52] [77/459] ATBM
[16:55:53] [78/459] TCGM
[16:55:54] [79/459] UMSE
[16:55:55] [80/459] NKCL
[16:55:55] [81/459] BTLR
[16:55:59] [82/459] GOCL
[16:56:00] [83/459] MIRN
[16:56:00] [84/459] THEC
[16:56:01] [85/459] SPPB
[16:56:02] [86/459] PMMM
[16:56:03] 🔄 Identity reset
[16:56:03] 🔄 Identity rotated (every 10 requests)
[16:56:03] 🔄 Retry 1/5 for PMMM in 2.1s
[16:56:03] 🔄 Identity reset
[16:56:05] 🧠 New identity created
[16:56:06] [87/459] GGMC
[16:56:08] [88/459] AVSR
[16:56:10] [89/459] RDMH
[16:56:12] [90/459] JSRS
[16:56:13] [91/459] VKGP
[16:56:14] [92/459] ACRT
[16:56:15] [93/459] GCBA
[16:56:16] [94/459] GTCP
[16:56:17] [95/459] AKFC
[16:56:18] 🔄 Identity reset
[16:56:18] 🔄 Identity rotated (every 10 requests)
[16:56:20] [96/459] INCS
[16:56:21] [97/459] SMCK
[16:56:22] [98/459] BRUN
[16:56:24] [99/459] RPPC
[16:56:24] [100/459] PAYD
[16:56:25] [101/459] SVVT
[16:56:26] [102/459] RNCC
[16:56:27] [103/459] PCRC
[16:56:28] [104/459] PMRM
[16:56:29] [105/459] CCRP
[16:56:29] 🔄 Identity reset
[16:56:29] 🔄 Identity rotated (every 10 requests)
[16:56:30] [106/459] INCR
[16:56:31] [107/459] ZTMP
[16:56:32] [108/459] MCNR
[16:56:33] [109/459] INRP
[16:56:34] [110/459] STRC
[16:56:35] [111/459] RATI
[16:56:36] [112/459] PBTR
[16:56:37] [113/459] CMHP
[16:56:38] [114/459] ZECJ
[16:56:39] [115/459] CCCB
[16:56:39] 🔄 Identity reset
[16:56:39] 🔄 Identity rotated (every 10 requests)
[16:56:39] 🔄 Retry 1/5 for CCCB in 2.4s
[16:56:39] 🔄 Identity reset
[16:56:41] 🧠 New identity created
[16:56:42] [116/459] BWCB
[16:56:44] [117/459] CCAT
[16:56:44] [118/459] KGCM
[16:56:45] [119/459] INPT
[16:56:47] [120/459] FNCO
[16:56:47] [121/459] SRMJ
[16:56:49] [122/459] PFSC
[16:56:50] [123/459] PBMC
[16:56:51] [124/459] KARP
[16:56:51] 🔄 Identity reset
[16:56:51] 🔄 Identity rotated (every 10 requests)
[16:56:52] [125/459] KOVI
[16:56:53] [126/459] ACXL
[16:56:53] [127/459] GKCC
[16:56:54] [128/459] ASCC
[16:56:55] [129/459] SETC
[16:56:56] [130/459] KACC
[16:56:57] [131/459] KAVE
[16:56:58] [132/459] CNTC
[16:56:59] [133/459] MEEN
[16:56:59] [134/459] BMRV
[16:57:00] 🔄 Identity reset
[16:57:00] 🔄 Identity rotated (every 10 requests)
[16:57:00] 🔄 Retry 1/5 for BMRV in 2.4s
[16:57:00] 🔄 Identity reset
[16:57:02] 🧠 New identity created
[16:57:03] [135/459] SVAM
[16:57:04] [136/459] VTBP
[16:57:04] [137/459] VCKN
[16:57:05] [138/459] SGTK
[16:57:06] [139/459] RCGS
[16:57:07] [140/459] RCCB
[16:57:09] [141/459] RKSR
[16:57:09] [142/459] RKCU
[16:57:11] [143/459] GIBH
[16:57:11] 🔄 Identity reset
[16:57:11] 🔄 Identity rotated (every 10 requests)
[16:57:12] [144/459] CXBS
[16:57:13] [145/459] GGCB
[16:57:14] [146/459] SCPB
[16:57:15] [147/459] AKTB
[16:57:16] [148/459] SRBU
[16:57:17] [149/459] CSSA
[16:57:18] [150/459] MYAN
[16:57:19] [151/459] EXCA
[16:57:20] [152/459] CKSA
[16:57:21] [153/459] JTNM
[16:57:22] 🔄 Identity reset
[16:57:22] 🔄 Identity rotated (every 10 requests)
[16:57:22] 🔄 Retry 1/5 for JTNM in 2.3s
[16:57:22] 🔄 Identity reset
[16:57:24] 🧠 New identity created
[16:57:25] [154/459] CXKT
[16:57:26] [155/459] NCLM
[16:57:27] [156/459] JAAD
[16:57:27] [157/459] RDCR
[16:57:28] [158/459] MEER
[16:57:29] [159/459] SIBT
[16:57:30] [160/459] PVVB
[16:57:31] [161/459] FNPN
[16:57:32] [162/459] CRPX
[16:57:33] 🔄 Identity reset
[16:57:33] 🔄 Identity rotated (every 10 requests)
[16:57:33] [163/459] STET
[16:57:34] [164/459] METE
[16:57:35] [165/459] BJML
[16:57:35] [166/459] MAVT
[16:57:37] [167/459] MSRM
[16:57:38] [168/459] TJMP
[16:57:39] [169/459] MHCK
[16:57:39] [170/459] SVGP
[16:57:41] [171/459] KRRC
[16:57:42] [172/459] IMCH
[16:57:42] 🔄 Identity reset
[16:57:42] 🔄 Identity rotated (every 10 requests)
[16:57:43] [173/459] CMCS
[16:57:43] [174/459] SGND
[16:57:44] [175/459] RNAT
[16:57:45] [176/459] PRTN
[16:57:46] [177/459] MPTN
[16:57:47] [178/459] ARCC
[16:57:47] [179/459] NTTE
[16:57:48] [180/459] ABND
[16:57:49] [181/459] KCSN
[16:57:50] [182/459] KCSA
[16:57:50] 🔄 Identity reset
[16:57:50] 🔄 Identity rotated (every 10 requests)
[16:57:50] [183/459] DCKT
[16:57:51] [184/459] MBBR
[16:57:52] [185/459] RAMU
[16:57:53] [186/459] RACW
[16:57:54] [187/459] MCHP
[16:57:55] [188/459] TMHM
[16:57:56] [189/459] STXH
[16:57:56] [190/459] AGSG
[16:57:57] [191/459] SIRA
[16:57:58] [192/459] RCAN
[16:57:59] 🔄 Identity reset
[16:57:59] 🔄 Identity rotated (every 10 requests)
[16:57:59] [193/459] CWTB
[16:58:00] [194/459] VTYM
[16:58:01] [195/459] RRPP
[16:58:02] [196/459] ASMR
[16:58:03] [197/459] RONO
[16:58:04] [198/459] MEMR
[16:58:05] [199/459] CTMR
[16:58:05] [200/459] PMTT
[16:58:06] [201/459] PSLX
[16:58:07] [202/459] IPPL
[16:58:08] 🔄 Identity reset
[16:58:08] 🔄 Identity rotated (every 10 requests)
[16:58:09] [203/459] MMSG
[16:58:10] [204/459] INEL
[16:58:11] [205/459] COAC
[16:58:12] [206/459] WVLK
[16:58:12] [207/459] PPXL
[16:58:13] [208/459] PSML
[16:58:14] [209/459] FNLK
[16:58:15] [210/459] ILUM
[16:58:16] [211/459] ILCM
[16:58:17] [212/459] MSNL
[16:58:17] 🔄 Identity reset
[16:58:17] 🔄 Identity rotated (every 10 requests)
[16:58:18] [213/459] VINB
[16:58:19] [214/459] SALW
[16:58:20] [215/459] PRTB
[16:58:20] [216/459] NCIL
[16:58:21] [217/459] PSUL
[16:58:22] [218/459] SCLK
[16:58:23] [219/459] ADDC
[16:58:24] [220/459] OACL
[16:58:24] [221/459] OOCF
[16:58:25] [222/459] GPMF
[16:58:26] 🔄 Identity reset
[16:58:26] 🔄 Identity rotated (every 10 requests)
[16:58:26] [223/459] SSDG
[16:58:27] [224/459] SKRS
[16:58:28] [225/459] NTTP
[16:58:29] [226/459] SLTP
[16:58:30] [227/459] JTLC
[16:58:30] [228/459] POON
[16:58:31] [229/459] CCPC
[16:58:32] [230/459] DCKC
[16:58:33] [231/459] CPRT
[16:58:34] [232/459] EYHZ
[16:58:34] 🔄 Identity reset
[16:58:34] 🔄 Identity rotated (every 10 requests)
[16:58:35] [233/459] ARBL
[16:58:35] [234/459] SBTB
[16:58:36] [235/459] MMCK
[16:58:37] [236/459] PLMR
[16:58:38] [237/459] BIJH
[16:58:39] [238/459] SDRT
[16:58:40] [239/459] PRDC
[16:58:41] [240/459] OMJA
[16:58:42] [241/459] VKCR
[16:58:43] [242/459] ATRT
[16:58:43] 🔄 Identity reset
[16:58:43] 🔄 Identity rotated (every 10 requests)
[16:58:45] [243/459] WVRP
[16:58:46] [244/459] MVRP
[16:58:46] [245/459] FCAX
[16:58:47] [246/459] CTLC
[16:58:48] [247/459] JCHB
[16:58:49] [248/459] SELP
[16:58:50] [249/459] VCPG
[16:58:51] [250/459] ASCX
[16:58:51] [251/459] EOCS
[16:58:52] [252/459] RCPH
[16:58:53] 🔄 Identity reset
[16:58:53] 🔄 Identity rotated (every 10 requests)
[16:58:53] [253/459] RJTM
[16:58:54] [254/459] SGMD
[16:58:54] [255/459] SVJT
[16:58:55] [256/459] SPPO
[16:58:56] [257/459] MNRL
[16:58:57] [258/459] KNOX
[16:58:58] [259/459] GIER
[16:58:59] [260/459] PJMS
[16:59:00] [261/459] UNSP
[16:59:00] [262/459] JETP
[16:59:01] 🔄 Identity reset
[16:59:01] 🔄 Identity rotated (every 10 requests)
[16:59:01] [263/459] VTWA
[16:59:03] [264/459] SCJI
[16:59:03] [265/459] CBZZ
[16:59:04] [266/459] SDCJ
[16:59:05] [267/459] RRCC
[16:59:06] [268/459] VNKG
[16:59:07] [269/459] LKTO
[16:59:07] [270/459] PJRM
[16:59:08] [271/459] NVRM
[16:59:10] [272/459] SJCS
[16:59:10] 🔄 Identity reset
[16:59:10] 🔄 Identity rotated (every 10 requests)
[16:59:11] [273/459] VIGK
[16:59:12] [274/459] ANST
[16:59:12] [275/459] JTTS
[16:59:13] [276/459] NTST
[16:59:14] [277/459] PREB
[16:59:15] [278/459] TSCZ
[16:59:16] [279/459] CDCM
[16:59:17] [280/459] ELYE
[16:59:18] [281/459] INBS
[16:59:19] [282/459] SMGC
[16:59:19] 🔄 Identity reset
[16:59:19] 🔄 Identity rotated (every 10 requests)
[16:59:20] [283/459] UTMP
[16:59:20] [284/459] INTA
[16:59:21] [285/459] OMPT
[16:59:22] [286/459] SCIR
[16:59:23] [287/459] GCKJ
[16:59:24] [288/459] INOG
[16:59:25] [289/459] SMGB
[16:59:25] [290/459] MCSG
[16:59:27] [291/459] STKG
[16:59:28] [292/459] TTKG
[16:59:28] 🔄 Identity reset
[16:59:28] 🔄 Identity rotated (every 10 requests)
[16:59:28] 🔄 Retry 1/5 for TTKG in 2.3s
[16:59:28] 🔄 Identity reset
[16:59:31] 🧠 New identity created
[16:59:31] 🔄 Retry 2/5 for TTKG in 4.8s
[16:59:31] 🔄 Identity reset
[16:59:36] 🧠 New identity created
[16:59:36] 🔄 Retry 3/5 for TTKG in 8.3s
[16:59:36] 🔄 Identity reset
[16:59:44] 🧠 New identity created
[16:59:44] [293/459] SRTR
[16:59:45] [294/459] ETTR
[16:59:47] [295/459] GGGZ
[16:59:48] [296/459] IPGM
[16:59:49] [297/459] FCDH
[16:59:50] [298/459] DESB
[16:59:51] [299/459] VNTP
[16:59:52] 🔄 Identity reset
[16:59:52] 🔄 Identity rotated (every 10 requests)
[16:59:52] [300/459] ANNT
[16:59:53] [301/459] SLTI
[16:59:54] [302/459] MAJU
[16:59:55] [303/459] JCXP
[16:59:56] [304/459] HARK
[16:59:57] [305/459] JPCJ
[16:59:58] [306/459] RXBD
[16:59:59] [307/459] PTKJ
[17:00:00] [308/459] CMTU
[17:00:00] [309/459] SWOR
[17:00:01] 🔄 Identity reset
[17:00:01] 🔄 Identity rotated (every 10 requests)
[17:00:01] [310/459] JMEX
[17:00:02] [311/459] DTPT
[17:00:03] [312/459] VGMM
[17:00:04] [313/459] VCSG
[17:00:05] [314/459] CVCG
[17:00:06] [315/459] TNTT
[17:00:07] [316/459] SHRM
[17:00:07] [317/459] CGKD
[17:00:08] [318/459] EKCM
[17:00:09] [319/459] SDCX
[17:00:10] 🔄 Identity reset
[17:00:10] 🔄 Identity rotated (every 10 requests)
[17:00:10] [320/459] SBTE
[17:00:11] [321/459] STKJ
[17:00:12] [322/459] TPCE
[17:00:13] [323/459] JTNP
[17:00:14] [324/459] LPCH
[17:00:14] [325/459] CPUO
[17:00:15] [326/459] APSU
[17:00:16] [327/459] RTHC
[17:00:17] [328/459] PTBU
[17:00:18] [329/459] CUCC
[17:00:19] 🔄 Identity reset
[17:00:19] 🔄 Identity rotated (every 10 requests)
[17:00:19] [330/459] CPSA
[17:00:20] [331/459] SUAY
[17:00:21] [332/459] AYAA
[17:00:22] [333/459] MUCH
[17:00:23] [334/459] PCIN
[17:00:24] [335/459] JRRM
[17:00:24] [336/459] KATS
[17:00:25] [337/459] MHFF
[17:00:26] [338/459] ESYM
[17:00:27] [339/459] STYV
[17:00:27] 🔄 Identity reset
[17:00:27] 🔄 Identity rotated (every 10 requests)
[17:00:28] [340/459] SDKG
[17:00:29] [341/459] SMTI
[17:00:29] [342/459] NYCS
[17:00:30] [343/459] MTBG
[17:00:31] [344/459] RHCA
[17:00:32] [345/459] PCKH
[17:00:33] [346/459] ARCR
[17:00:34] [347/459] NCMB
[17:00:34] [348/459] SHYC
[17:00:35] [349/459] LACK
[17:00:36] 🔄 Identity reset
[17:00:36] 🔄 Identity rotated (every 10 requests)
[17:00:36] [350/459] MTCM
[17:00:37] [351/459] RRBN
[17:00:38] [352/459] MYDC
[17:00:39] [353/459] STCS
[17:00:40] [354/459] CONN
[17:00:40] [355/459] SIPS
[17:00:42] [356/459] SMMX
[17:00:43] [357/459] SCBY
[17:00:44] [358/459] SUAP
[17:00:44] [359/459] RSMK
[17:00:45] 🔄 Identity reset
[17:00:45] 🔄 Identity rotated (every 10 requests)
[17:00:45] [360/459] STKP
[17:00:46] [361/459] CIPC
[17:00:47] [362/459] KKCI
[17:00:48] [363/459] CTNK
[17:00:49] [364/459] MMTZ
[17:00:50] [365/459] DCCO
[17:00:51] [366/459] VNMN
[17:00:53] [367/459] RLCN
[17:00:53] [368/459] CMMS
[17:00:54] [369/459] AYOU
[17:00:55] 🔄 Identity reset
[17:00:55] 🔄 Identity rotated (every 10 requests)
[17:00:55] [370/459] SSCN
[17:00:56] [371/459] SMXN
[17:00:57] [372/459] ASSK
[17:00:58] [373/459] VCKM
[17:00:59] [374/459] PCPH
[17:00:59] [375/459] PADM
[17:01:00] [376/459] IESA
[17:01:01] [377/459] VCSP
[17:01:02] [378/459] AEST
[17:01:02] [379/459] VTNR
[17:01:03] 🔄 Identity reset
[17:01:03] 🔄 Identity rotated (every 10 requests)
[17:01:03] [380/459] GTTA
[17:01:04] [381/459] CMMM
[17:01:05] [382/459] AHKT
[17:01:05] [383/459] SIJI
[17:01:06] [384/459] VCEI
[17:01:07] [385/459] SAKR
[17:01:08] [386/459] VSMT
[17:01:09] [387/459] SSCT
[17:01:09] [388/459] USTR
[17:01:10] [389/459] MTKT
[17:01:11] 🔄 Identity reset
[17:01:11] 🔄 Identity rotated (every 10 requests)
[17:01:11] 🔄 Retry 1/5 for MTKT in 2.9s
[17:01:11] 🔄 Identity reset
[17:01:14] 🧠 New identity created
[17:01:14] 🔄 Retry 2/5 for MTKT in 4.6s
[17:01:14] 🔄 Identity reset
[17:01:18] 🧠 New identity created
[17:01:19] [390/459] TGMP
[17:01:19] [391/459] SIVC
[17:01:20] [392/459] KICT
[17:01:21] [393/459] DAMD
[17:01:22] [394/459] CNPT
[17:01:23] [395/459] RVTT
[17:01:24] [396/459] SNCM
[17:01:25] [397/459] GHTE
[17:01:26] 🔄 Identity reset
[17:01:26] 🔄 Identity rotated (every 10 requests)
[17:01:26] [398/459] PPAM
[17:01:27] [399/459] PVAA
[17:01:28] [400/459] CPAO
[17:01:29] [401/459] HAMD
[17:01:30] [402/459] RCCA
[17:01:31] [403/459] MPCH
[17:01:31] [404/459] ARED
[17:01:32] [405/459] RRCV
[17:01:33] [406/459] MTRB
[17:01:34] [407/459] CKUA
[17:01:35] 🔄 Identity reset
[17:01:35] 🔄 Identity rotated (every 10 requests)
[17:01:35] [408/459] ABMP
[17:01:36] [409/459] RCWA
[17:01:37] [410/459] CGAR
[17:01:38] [411/459] METH
[17:01:38] [412/459] WAGA
[17:01:39] [413/459] MCMA
[17:01:40] [414/459] CSMP
[17:01:41] [415/459] RCNK
[17:01:42] [416/459] PSTM
[17:01:43] [417/459] CSEP
[17:01:43] 🔄 Identity reset
[17:01:43] 🔄 Identity rotated (every 10 requests)
[17:01:43] 🔄 Retry 1/5 for CSEP in 2.6s
[17:01:43] 🔄 Identity reset
[17:01:46] 🧠 New identity created
[17:01:47] [418/459] AMGD
[17:01:48] [419/459] CSTE
[17:01:49] [420/459] CONS
[17:01:49] [421/459] APPX
[17:01:50] [422/459] MABC
[17:01:51] [423/459] CXST
[17:01:52] [424/459] MATN
[17:01:53] [425/459] MACZ
[17:01:54] [426/459] MASA
[17:01:54] 🔄 Identity reset
[17:01:54] 🔄 Identity rotated (every 10 requests)
[17:01:55] 🔄 Retry 1/5 for MASA in 2.5s
[17:01:55] 🔄 Identity reset
[17:01:57] 🧠 New identity created
[17:01:57] [427/459] MBSX
[17:01:58] [428/459] CSST
[17:01:59] [429/459] APCL
[17:02:00] [430/459] CGOS
[17:02:01] [431/459] CPEC
[17:02:01] [432/459] MCCP
[17:02:02] [433/459] BSSO
[17:02:03] [434/459] SJKA
[17:02:04] [435/459] CGBO
[17:02:05] 🔄 Identity reset
[17:02:05] 🔄 Identity rotated (every 10 requests)
[17:02:05] [436/459] MVSK
[17:02:06] [437/459] HVCA
[17:02:07] [438/459] NAMD
[17:02:08] [439/459] DEVI
[17:02:09] [440/459] SCSV
[17:02:10] [441/459] PSMA
[17:02:11] [442/459] CLDJ
[17:02:12] [443/459] NMAD
[17:02:12] [444/459] CGMO
[17:02:13] [445/459] MCNA
[17:02:14] 🔄 Identity reset
[17:02:14] 🔄 Identity rotated (every 10 requests)
[17:02:14] [446/459] OCBN
[17:02:15] [447/459] CPEM
[17:02:16] [448/459] CPSM
[17:02:17] [449/459] RCAD
[17:02:18] [450/459] CPMU
[17:02:19] [451/459] DICD
[17:02:19] [452/459] CHOE
[17:02:20] [453/459] PDJM
[17:02:21] [454/459] SSTU
[17:02:22] [455/459] VNRN
[17:02:22] 🔄 Identity reset
[17:02:22] 🔄 Identity rotated (every 10 requests)
[17:02:23] [456/459] PVLG
[17:02:23] [457/459] SWBL
[17:02:24] [458/459] SCAB
[17:02:25] [459/459] RDDA
[17:02:26] 🧹 Deduping shows
[17:02:26] ✅ DONE | Shows=932 | Movies=14
[03:43:28] 🚀 SCRIPT STARTED (enhanced anti‑detection)
[03:43:28] [1/459] MCCZ
[03:43:28] 🧠 New identity created
[03:43:29] [2/459] FRPU
[03:43:30] [3/459] SKSI
[03:43:30] [4/459] SSCK
[03:43:31] [5/459] SRDC
[03:43:32] [6/459] RSCZ
[03:43:34] [7/459] PRVT
[03:43:35] [8/459] GAGJ
[03:43:35] [9/459] SMHG
[03:43:36] [10/459] JTST
[03:43:37] 🔄 Identity reset
[03:43:37] 🔄 Identity rotated (every 10 requests)
[03:43:37] [11/459] MYTH
[03:43:38] [12/459] JPCC
[03:43:39] [13/459] ACDC
[03:43:40] [14/459] SVFP
[03:43:40] [15/459] SFCM
[03:43:41] [16/459] RUPK
[03:43:42] [17/459] NTCR
[03:43:43] [18/459] RTCH
[03:43:44] [19/459] SCMH
[03:43:45] [20/459] SVYM
[03:43:45] 🔄 Identity reset
[03:43:45] 🔄 Identity rotated (every 10 requests)
[03:43:46] [21/459] SPYM
[03:43:47] [22/459] SMMF
[03:43:47] [23/459] CLLB
[03:43:48] [24/459] FMCB
[03:43:53] [25/459] BBTC
[03:43:54] [26/459] NTHS
[03:43:55] [27/459] PKKJ
[03:43:56] [28/459] MTJA
[03:43:56] [29/459] PMSJ
[03:43:57] [30/459] JMJU
[03:43:58] 🔄 Identity reset
[03:43:58] 🔄 Identity rotated (every 10 requests)
[03:43:58] [31/459] SRAD
[03:44:00] [32/459] MJMC
[03:44:00] [33/459] DFRM
[03:44:01] [34/459] PMRS
[03:44:02] [35/459] RKPP
[03:44:03] [36/459] BMBK
[03:44:04] [37/459] NEWS
[03:44:04] [38/459] SALB
[03:44:05] [39/459] SCPW
[03:44:06] [40/459] RAYL
[03:44:07] 🔄 Identity reset
[03:44:07] 🔄 Identity rotated (every 10 requests)
[03:44:07] [41/459] CMGJ
[03:44:08] [42/459] JRCR
[03:44:09] [43/459] SRTB
[03:44:10] [44/459] ETPB
[03:44:10] [45/459] MXBN
[03:44:11] [46/459] TOPE
[03:44:12] [47/459] SNLJ
[03:44:13] [48/459] CDDP
[03:44:14] [49/459] APCX
[03:44:15] [50/459] TALP
[03:44:15] 🔄 Identity reset
[03:44:15] 🔄 Identity rotated (every 10 requests)
[03:44:15] [51/459] RRMP
[03:44:16] [52/459] MAHB
[03:44:17] [53/459] MTKR
[03:44:18] [54/459] KSKL
[03:44:19] [55/459] RJLT
[03:44:19] [56/459] ATAS
[03:44:20] [57/459] AMHR
[03:44:21] [58/459] RSRM
[03:44:22] [59/459] GCAT
[03:44:23] [60/459] SMML
[03:44:24] 🔄 Identity reset
[03:44:24] 🔄 Identity rotated (every 10 requests)
[03:44:24] [61/459] ACCD
[03:44:25] [62/459] VYDA
[03:44:26] [63/459] MSKT
[03:44:27] [64/459] AVDM
[03:44:28] [65/459] ASMH
[03:44:28] [66/459] VTMB
[03:44:29] [67/459] WVMB
[03:44:30] [68/459] PPMN
[03:44:31] [69/459] MTMD
[03:44:32] [70/459] SMMO
[03:44:32] 🔄 Identity reset
[03:44:32] 🔄 Identity rotated (every 10 requests)
[03:44:33] [71/459] DLPB
[03:44:33] [72/459] AKMD
[03:44:34] [73/459] SHRR
[03:44:35] [74/459] ASCO
[03:44:36] [75/459] CZVX
[03:44:37] [76/459] GCBB
[03:44:38] [77/459] ATBM
[03:44:38] [78/459] TCGM
[03:44:39] [79/459] UMSE
[03:44:40] [80/459] NKCL
[03:44:41] 🔄 Identity reset
[03:44:41] 🔄 Identity rotated (every 10 requests)
[03:44:41] 🔄 Retry 1/5 for NKCL in 2.5s
[03:44:41] 🔄 Identity reset
[03:44:43] 🧠 New identity created
[03:44:44] [81/459] BTLR
[03:44:45] [82/459] GOCL
[03:44:46] [83/459] MIRN
[03:44:47] [84/459] THEC
[03:44:48] [85/459] SPPB
[03:44:49] [86/459] PMMM
[03:44:50] [87/459] GGMC
[03:44:51] [88/459] AVSR
[03:44:52] [89/459] RDMH
[03:44:52] 🔄 Identity reset
[03:44:52] 🔄 Identity rotated (every 10 requests)
[03:44:53] [90/459] JSRS
[03:44:54] [91/459] VKGP
[03:44:55] [92/459] ACRT
[03:44:56] [93/459] GCBA
[03:44:57] [94/459] GTCP
[03:44:58] [95/459] AKFC
[03:44:59] [96/459] INCS
[03:45:00] [97/459] SMCK
[03:45:00] [98/459] BRUN
[03:45:01] [99/459] RPPC
[03:45:02] 🔄 Identity reset
[03:45:02] 🔄 Identity rotated (every 10 requests)
[03:45:02] [100/459] PAYD
[03:45:03] [101/459] SVVT
[03:45:04] [102/459] RNCC
[03:45:05] [103/459] PCRC
[03:45:06] [104/459] PMRM
[03:45:07] [105/459] CCRP
[03:45:07] [106/459] INCR
[03:45:08] [107/459] ZTMP
[03:45:09] [108/459] MCNR
[03:45:10] [109/459] INRP
[03:45:11] 🔄 Identity reset
[03:45:11] 🔄 Identity rotated (every 10 requests)
[03:45:11] [110/459] STRC
[03:45:12] [111/459] RATI
[03:45:13] [112/459] PBTR
[03:45:14] [113/459] CMHP
[03:45:14] [114/459] ZECJ
[03:45:15] [115/459] CCCB
[03:45:17] [116/459] BWCB
[03:45:18] [117/459] CCAT
[03:45:18] [118/459] KGCM
[03:45:20] [119/459] INPT
[03:45:20] 🔄 Identity reset
[03:45:20] 🔄 Identity rotated (every 10 requests)
[03:45:21] [120/459] FNCO
[03:45:22] [121/459] SRMJ
[03:45:22] [122/459] PFSC
[03:45:23] [123/459] PBMC
[03:45:24] [124/459] KARP
[03:45:25] [125/459] KOVI
[03:45:26] [126/459] ACXL
[03:45:27] [127/459] GKCC
[03:45:28] [128/459] ASCC
[03:45:29] [129/459] SETC
[03:45:29] 🔄 Identity reset
[03:45:29] 🔄 Identity rotated (every 10 requests)
[03:45:30] [130/459] KACC
[03:45:31] [131/459] KAVE
[03:45:32] [132/459] CNTC
[03:45:32] [133/459] MEEN
[03:45:33] [134/459] BMRV
[03:45:34] [135/459] SVAM
[03:45:35] [136/459] VTBP
[03:45:36] [137/459] VCKN
[03:45:37] [138/459] SGTK
[03:45:38] [139/459] RCGS
[03:45:39] 🔄 Identity reset
[03:45:39] 🔄 Identity rotated (every 10 requests)
[03:45:39] [140/459] RCCB
[03:45:40] [141/459] RKSR
[03:45:41] [142/459] RKCU
[03:45:42] [143/459] GIBH
[03:45:43] [144/459] CXBS
[03:45:44] [145/459] GGCB
[03:45:45] [146/459] SCPB
[03:45:46] [147/459] AKTB
[03:45:46] [148/459] SRBU
[03:45:47] [149/459] CSSA
[03:45:48] 🔄 Identity reset
[03:45:48] 🔄 Identity rotated (every 10 requests)
[03:45:49] [150/459] MYAN
[03:45:50] [151/459] EXCA
[03:45:51] [152/459] CKSA
[03:45:52] [153/459] JTNM
[03:45:53] [154/459] CXKT
[03:45:54] [155/459] NCLM
[03:45:55] [156/459] JAAD
[03:45:55] [157/459] RDCR
[03:45:56] [158/459] MEER
[03:45:57] [159/459] SIBT
[03:45:58] 🔄 Identity reset
[03:45:58] 🔄 Identity rotated (every 10 requests)
[03:45:58] [160/459] PVVB
[03:45:59] [161/459] FNPN
[03:46:00] [162/459] CRPX
[03:46:01] [163/459] STET
[03:46:02] [164/459] METE
[03:46:02] [165/459] BJML
[03:46:03] [166/459] MAVT
[03:46:04] [167/459] MSRM
[03:46:05] [168/459] TJMP
[03:46:06] [169/459] MHCK
[03:46:06] 🔄 Identity reset
[03:46:06] 🔄 Identity rotated (every 10 requests)
[03:46:07] [170/459] SVGP
[03:46:07] [171/459] KRRC
[03:46:08] [172/459] IMCH
[03:46:09] [173/459] CMCS
[03:46:10] [174/459] SGND
[03:46:11] [175/459] RNAT
[03:46:12] [176/459] PRTN
[03:46:13] [177/459] MPTN
[03:46:14] [178/459] ARCC
[03:46:15] [179/459] NTTE
[03:46:15] 🔄 Identity reset
[03:46:15] 🔄 Identity rotated (every 10 requests)
[03:46:16] [180/459] ABND
[03:46:17] [181/459] KCSN
[03:46:17] [182/459] KCSA
[03:46:18] [183/459] DCKT
[03:46:19] [184/459] MBBR
[03:46:20] [185/459] RAMU
[03:46:20] [186/459] RACW
[03:46:21] [187/459] MCHP
[03:46:22] [188/459] TMHM
[03:46:23] [189/459] STXH
[03:46:24] 🔄 Identity reset
[03:46:24] 🔄 Identity rotated (every 10 requests)
[03:46:24] [190/459] AGSG
[03:46:25] [191/459] SIRA
[03:46:26] [192/459] RCAN
[03:46:27] [193/459] CWTB
[03:46:27] [194/459] VTYM
[03:46:28] [195/459] RRPP
[03:46:29] [196/459] ASMR
[03:46:30] [197/459] RONO
[03:46:31] [198/459] MEMR
[03:46:32] [199/459] CTMR
[03:46:33] 🔄 Identity reset
[03:46:33] 🔄 Identity rotated (every 10 requests)
[03:46:33] [200/459] PMTT
[03:46:34] [201/459] PSLX
[03:46:35] [202/459] IPPL
[03:46:35] [203/459] MMSG
[03:46:36] [204/459] INEL
[03:46:37] [205/459] COAC
[03:46:38] [206/459] WVLK
[03:46:39] [207/459] PPXL
[03:46:40] [208/459] PSML
[03:46:41] [209/459] FNLK
[03:46:41] 🔄 Identity reset
[03:46:41] 🔄 Identity rotated (every 10 requests)
[03:46:42] [210/459] ILUM
[03:46:43] [211/459] ILCM
[03:46:43] [212/459] MSNL
[03:46:44] [213/459] VINB
[03:46:45] [214/459] SALW
[03:46:45] [215/459] PRTB
[03:46:46] [216/459] NCIL
[03:46:47] [217/459] PSUL
[03:46:48] [218/459] SCLK
[03:46:49] [219/459] ADDC
[03:46:50] 🔄 Identity reset
[03:46:50] 🔄 Identity rotated (every 10 requests)
[03:46:50] [220/459] OACL
[03:46:51] [221/459] OOCF
[03:46:52] [222/459] GPMF
[03:46:53] [223/459] SSDG
[03:46:54] [224/459] SKRS
[03:46:54] [225/459] NTTP
[03:46:55] [226/459] SLTP
[03:46:56] [227/459] JTLC
[03:46:57] [228/459] POON
[03:46:58] [229/459] CCPC
[03:46:59] 🔄 Identity reset
[03:46:59] 🔄 Identity rotated (every 10 requests)
[03:46:59] [230/459] DCKC
[03:47:00] [231/459] CPRT
[03:47:01] [232/459] EYHZ
[03:47:02] [233/459] ARBL
[03:47:03] [234/459] SBTB
[03:47:04] [235/459] MMCK
[03:47:05] [236/459] PLMR
[03:47:06] [237/459] BIJH
[03:47:07] [238/459] SDRT
[03:47:08] [239/459] PRDC
[03:47:08] 🔄 Identity reset
[03:47:08] 🔄 Identity rotated (every 10 requests)
[03:47:08] [240/459] OMJA
[03:47:09] [241/459] VKCR
[03:47:10] [242/459] ATRT
[03:47:11] [243/459] WVRP
[03:47:12] [244/459] MVRP
[03:47:13] [245/459] FCAX
[03:47:14] [246/459] CTLC
[03:47:15] [247/459] JCHB
[03:47:16] [248/459] SELP
[03:47:17] [249/459] VCPG
[03:47:17] 🔄 Identity reset
[03:47:17] 🔄 Identity rotated (every 10 requests)
[03:47:17] [250/459] ASCX
[03:47:18] [251/459] EOCS
[03:47:19] [252/459] RCPH
[03:47:20] [253/459] RJTM
[03:47:20] [254/459] SGMD
[03:47:22] [255/459] SVJT
[03:47:23] [256/459] SPPO
[03:47:24] [257/459] MNRL
[03:47:24] [258/459] KNOX
[03:47:25] [259/459] GIER
[03:47:26] 🔄 Identity reset
[03:47:26] 🔄 Identity rotated (every 10 requests)
[03:47:26] [260/459] PJMS
[03:47:27] [261/459] UNSP
[03:47:28] [262/459] JETP
[03:47:29] [263/459] VTWA
[03:47:29] [264/459] SCJI
[03:47:30] [265/459] CBZZ
[03:47:31] [266/459] SDCJ
[03:47:32] [267/459] RRCC
[03:47:33] [268/459] VNKG
[03:47:34] [269/459] LKTO
[03:47:35] 🔄 Identity reset
[03:47:35] 🔄 Identity rotated (every 10 requests)
[03:47:35] [270/459] PJRM
[03:47:36] [271/459] NVRM
[03:47:37] [272/459] SJCS
[03:47:38] [273/459] VIGK
[03:47:38] [274/459] ANST
[03:47:39] [275/459] JTTS
[03:47:40] [276/459] NTST
[03:47:41] [277/459] PREB
[03:47:42] [278/459] TSCZ
[03:47:43] [279/459] CDCM
[03:47:44] 🔄 Identity reset
[03:47:44] 🔄 Identity rotated (every 10 requests)
[03:47:44] [280/459] ELYE
[03:47:44] [281/459] INBS
[03:47:45] [282/459] SMGC
[03:47:46] [283/459] UTMP
[03:47:47] [284/459] INTA
[03:47:48] [285/459] OMPT
[03:47:48] [286/459] SCIR
[03:47:50] [287/459] GCKJ
[03:47:51] [288/459] INOG
[03:47:52] [289/459] SMGB
[03:47:52] 🔄 Identity reset
[03:47:52] 🔄 Identity rotated (every 10 requests)
[03:47:53] [290/459] MCSG
[03:47:54] [291/459] STKG
[03:47:55] [292/459] TTKG
[03:47:56] [293/459] SRTR
[03:47:57] [294/459] ETTR
[03:47:58] [295/459] GGGZ
[03:47:59] [296/459] IPGM
[03:48:01] [297/459] FCDH
[03:48:02] [298/459] DESB
[03:48:02] [299/459] VNTP
[03:48:03] 🔄 Identity reset
[03:48:03] 🔄 Identity rotated (every 10 requests)
[03:48:03] [300/459] ANNT
[03:48:04] [301/459] SLTI
[03:48:05] [302/459] MAJU
[03:48:06] [303/459] JCXP
[03:48:07] [304/459] HARK
[03:48:08] [305/459] JPCJ
[03:48:08] [306/459] RXBD
[03:48:09] [307/459] PTKJ
[03:48:10] [308/459] CMTU
[03:48:11] [309/459] SWOR
[03:48:11] 🔄 Identity reset
[03:48:12] 🔄 Identity rotated (every 10 requests)
[03:48:12] [310/459] JMEX
[03:48:13] [311/459] DTPT
[03:48:14] [312/459] VGMM
[03:48:14] [313/459] VCSG
[03:48:15] [314/459] CVCG
[03:48:16] [315/459] TNTT
[03:48:17] [316/459] SHRM
[03:48:18] [317/459] CGKD
[03:48:19] [318/459] EKCM
[03:48:20] [319/459] SDCX
[03:48:20] 🔄 Identity reset
[03:48:20] 🔄 Identity rotated (every 10 requests)
[03:48:21] [320/459] SBTE
[03:48:22] [321/459] STKJ
[03:48:23] [322/459] TPCE
[03:48:24] [323/459] JTNP
[03:48:24] [324/459] LPCH
[03:48:25] [325/459] CPUO
[03:48:26] [326/459] APSU
[03:48:27] [327/459] RTHC
[03:48:28] [328/459] PTBU
[03:48:29] [329/459] CUCC
[03:48:30] 🔄 Identity reset
[03:48:30] 🔄 Identity rotated (every 10 requests)
[03:48:30] [330/459] CPSA
[03:48:31] [331/459] SUAY
[03:48:32] [332/459] AYAA
[03:48:33] [333/459] MUCH
[03:48:34] [334/459] PCIN
[03:48:35] [335/459] JRRM
[03:48:37] [336/459] KATS
[03:48:38] [337/459] MHFF
[03:48:39] [338/459] ESYM
[03:48:40] [339/459] STYV
[03:48:40] 🔄 Identity reset
[03:48:40] 🔄 Identity rotated (every 10 requests)
[03:48:41] [340/459] SDKG
[03:48:41] [341/459] SMTI
[03:48:42] [342/459] NYCS
[03:48:43] [343/459] MTBG
[03:48:44] [344/459] RHCA
[03:48:44] [345/459] PCKH
[03:48:45] [346/459] ARCR
[03:48:46] [347/459] NCMB
[03:48:47] [348/459] SHYC
[03:48:48] [349/459] LACK
[03:48:49] 🔄 Identity reset
[03:48:49] 🔄 Identity rotated (every 10 requests)
[03:48:49] [350/459] MTCM
[03:48:50] [351/459] RRBN
[03:48:51] [352/459] MYDC
[03:48:51] [353/459] STCS
[03:48:52] [354/459] CONN
[03:48:53] [355/459] SIPS
[03:48:54] [356/459] SMMX
[03:48:55] [357/459] SCBY
[03:48:56] [358/459] SUAP
[03:48:57] [359/459] RSMK
[03:48:57] 🔄 Identity reset
[03:48:57] 🔄 Identity rotated (every 10 requests)
[03:48:58] [360/459] STKP
[03:48:58] [361/459] CIPC
[03:48:59] [362/459] KKCI
[03:49:00] [363/459] CTNK
[03:49:01] [364/459] MMTZ
[03:49:02] [365/459] DCCO
[03:49:02] [366/459] VNMN
[03:49:03] [367/459] RLCN
[03:49:04] [368/459] CMMS
[03:49:05] [369/459] AYOU
[03:49:05] 🔄 Identity reset
[03:49:05] 🔄 Identity rotated (every 10 requests)
[03:49:06] [370/459] SSCN
[03:49:06] [371/459] SMXN
[03:49:07] [372/459] ASSK
[03:49:08] [373/459] VCKM
[03:49:09] [374/459] PCPH
[03:49:10] [375/459] PADM
[03:49:11] [376/459] IESA
[03:49:12] [377/459] VCSP
[03:49:13] [378/459] AEST
[03:49:14] [379/459] VTNR
[03:49:14] 🔄 Identity reset
[03:49:14] 🔄 Identity rotated (every 10 requests)
[03:49:14] [380/459] GTTA
[03:49:15] [381/459] CMMM
[03:49:16] [382/459] AHKT
[03:49:17] [383/459] SIJI
[03:49:18] [384/459] VCEI
[03:49:20] [385/459] SAKR
[03:49:21] [386/459] VSMT
[03:49:21] [387/459] SSCT
[03:49:22] [388/459] USTR
[03:49:23] [389/459] MTKT
[03:49:24] 🔄 Identity reset
[03:49:24] 🔄 Identity rotated (every 10 requests)
[03:49:24] [390/459] TGMP
[03:49:25] [391/459] SIVC
[03:49:26] [392/459] KICT
[03:49:27] [393/459] DAMD
[03:49:27] [394/459] CNPT
[03:49:28] [395/459] RVTT
[03:49:29] [396/459] SNCM
[03:49:30] [397/459] GHTE
[03:49:31] [398/459] PPAM
[03:49:31] [399/459] PVAA
[03:49:32] 🔄 Identity reset
[03:49:32] 🔄 Identity rotated (every 10 requests)
[03:49:32] [400/459] CPAO
[03:49:33] [401/459] HAMD
[03:49:34] [402/459] RCCA
[03:49:35] [403/459] MPCH
[03:49:36] [404/459] ARED
[03:49:37] [405/459] RRCV
[03:49:38] [406/459] MTRB
[03:49:38] [407/459] CKUA
[03:49:39] [408/459] ABMP
[03:49:40] [409/459] RCWA
[03:49:41] 🔄 Identity reset
[03:49:41] 🔄 Identity rotated (every 10 requests)
[03:49:41] [410/459] CGAR
[03:49:42] [411/459] METH
[03:49:43] [412/459] WAGA
[03:49:44] [413/459] MCMA
[03:49:45] [414/459] CSMP
[03:49:45] [415/459] RCNK
[03:49:47] [416/459] PSTM
[03:49:48] [417/459] CSEP
[03:49:49] [418/459] AMGD
[03:49:50] [419/459] CSTE
[03:49:51] 🔄 Identity reset
[03:49:51] 🔄 Identity rotated (every 10 requests)
[03:49:51] [420/459] CONS
[03:49:52] [421/459] APPX
[03:49:53] [422/459] MABC
[03:49:53] [423/459] CXST
[03:49:54] [424/459] MATN
[03:49:55] [425/459] MACZ
[03:49:56] [426/459] MASA
[03:49:57] [427/459] MBSX
[03:49:58] [428/459] CSST
[03:49:59] [429/459] APCL
[03:49:59] 🔄 Identity reset
[03:49:59] 🔄 Identity rotated (every 10 requests)
[03:50:00] [430/459] CGOS
[03:50:01] [431/459] CPEC
[03:50:02] [432/459] MCCP
[03:50:02] [433/459] BSSO
[03:50:03] [434/459] SJKA
[03:50:04] [435/459] CGBO
[03:50:05] [436/459] MVSK
[03:50:06] [437/459] HVCA
[03:50:07] [438/459] NAMD
[03:50:07] [439/459] DEVI
[03:50:08] 🔄 Identity reset
[03:50:08] 🔄 Identity rotated (every 10 requests)
[03:50:08] [440/459] SCSV
[03:50:09] [441/459] PSMA
[03:50:10] [442/459] CLDJ
[03:50:11] [443/459] NMAD
[03:50:11] [444/459] CGMO
[03:50:12] [445/459] MCNA
[03:50:13] [446/459] OCBN
[03:50:14] [447/459] CPEM
[03:50:15] [448/459] CPSM
[03:50:16] [449/459] RCAD
[03:50:16] 🔄 Identity reset
[03:50:16] 🔄 Identity rotated (every 10 requests)
[03:50:17] [450/459] CPMU
[03:50:18] [451/459] DICD
[03:50:18] [452/459] CHOE
[03:50:19] [453/459] PDJM
[03:50:20] [454/459] SSTU
[03:50:21] [455/459] VNRN
[03:50:22] [456/459] PVLG
[03:50:23] [457/459] SWBL
[03:50:23] [458/459] SCAB
[03:50:24] [459/459] RDDA
[03:50:25] 🔄 Identity reset
[03:50:25] 🔄 Identity rotated (every 10 requests)
[03:50:25] 🧹 Deduping shows
[03:50:25] ✅ DONE | Shows=1166 | Movies=20
[10:52:22] 🚀 SCRIPT STARTED (enhanced anti‑detection)
[10:52:22] [1/459] MCCZ
[10:52:22] 🧠 New identity created
[10:52:22] 🔄 Retry 1/5 for MCCZ in 2.6s
[10:52:22] 🔄 Identity reset
[10:52:25] 🧠 New identity created
[10:52:25] [2/459] FRPU
[10:52:26] [3/459] SKSI
[10:52:27] [4/459] SSCK
[10:52:28] [5/459] SRDC
[10:52:29] [6/459] RSCZ
[10:52:30] [7/459] PRVT
[10:52:31] [8/459] GAGJ
[10:52:33] [9/459] SMHG
[10:52:34] 🔄 Identity reset
[10:52:34] 🔄 Identity rotated (every 10 requests)
[10:52:34] 🔄 Retry 1/5 for SMHG in 2.9s
[10:52:34] 🔄 Identity reset
[10:52:37] 🧠 New identity created
[10:52:37] 🔄 Retry 2/5 for SMHG in 4.8s
[10:52:37] 🔄 Identity reset
[10:52:41] 🧠 New identity created
[10:52:42] 🔄 Retry 3/5 for SMHG in 8.8s
[10:52:42] 🔄 Identity reset
[10:52:50] 🧠 New identity created
[10:52:50] 🔄 Retry 4/5 for SMHG in 16.8s
[10:52:50] 🔄 Identity reset
[10:53:07] 🧠 New identity created
[10:53:08] [10/459] JTST
[10:53:09] [11/459] MYTH
[10:53:09] [12/459] JPCC
[10:53:10] [13/459] ACDC
[10:53:11] [14/459] SVFP
[10:53:12] [15/459] SFCM
[10:53:13] 🔄 Identity reset
[10:53:13] 🔄 Identity rotated (every 10 requests)
[10:53:13] 🔄 Retry 1/5 for SFCM in 2.1s
[10:53:13] 🔄 Identity reset
[10:53:15] 🧠 New identity created
[10:53:15] 🔄 Retry 2/5 for SFCM in 4.8s
[10:53:15] 🔄 Identity reset
[10:53:20] 🧠 New identity created
[10:53:20] 🔄 Retry 3/5 for SFCM in 8.7s
[10:53:20] 🔄 Identity reset
[10:53:29] 🧠 New identity created
[10:53:29] [16/459] RUPK
[10:53:30] [17/459] NTCR
[10:53:31] [18/459] RTCH
[10:53:32] [19/459] SCMH
[10:53:33] [20/459] SVYM
[10:53:34] [21/459] SPYM
[10:53:35] [22/459] SMMF
[10:53:35] 🔄 Identity reset
[10:53:35] 🔄 Identity rotated (every 10 requests)
[10:53:35] 🔄 Retry 1/5 for SMMF in 2.4s
[10:53:35] 🔄 Identity reset
[10:53:38] 🧠 New identity created
[10:53:38] [23/459] CLLB
[10:53:39] [24/459] FMCB
[10:53:40] [25/459] BBTC
[10:53:41] [26/459] NTHS
[10:53:42] [27/459] PKKJ
[10:53:43] [28/459] MTJA
[10:53:44] [29/459] PMSJ
[10:53:45] [30/459] JMJU
[10:53:46] [31/459] SRAD
[10:53:46] 🔄 Identity reset
[10:53:46] 🔄 Identity rotated (every 10 requests)
[10:53:47] 🔄 Retry 1/5 for SRAD in 2.1s
[10:53:47] 🔄 Identity reset
[10:53:49] 🧠 New identity created
[10:53:49] [32/459] MJMC
[10:53:50] [33/459] DFRM
[10:53:51] [34/459] PMRS
[10:53:53] [35/459] RKPP
[10:53:53] [36/459] BMBK
[10:53:54] [37/459] NEWS
[10:53:55] [38/459] SALB
[10:53:56] [39/459] SCPW
[10:53:57] [40/459] RAYL
[10:53:58] 🔄 Identity reset
[10:53:58] 🔄 Identity rotated (every 10 requests)
[10:53:58] 🔄 Retry 1/5 for RAYL in 2.6s
[10:53:58] 🔄 Identity reset
[10:54:00] 🧠 New identity created
[10:54:00] 🔄 Retry 2/5 for RAYL in 4.2s
[10:54:00] 🔄 Identity reset
[10:54:05] 🧠 New identity created
[10:54:05] [41/459] CMGJ
[10:54:07] [42/459] JRCR
[10:54:08] [43/459] SRTB
[10:54:08] [44/459] ETPB
[10:54:09] [45/459] MXBN
[10:54:10] [46/459] TOPE
[10:54:11] [47/459] SNLJ
[10:54:12] [48/459] CDDP
[10:54:13] 🔄 Identity reset
[10:54:13] 🔄 Identity rotated (every 10 requests)
[10:54:13] [49/459] APCX
[10:54:14] [50/459] TALP
[10:54:15] [51/459] RRMP
[10:54:16] [52/459] MAHB
[10:54:17] [53/459] MTKR
[10:54:18] [54/459] KSKL
[10:54:19] [55/459] RJLT
[10:54:19] [56/459] ATAS
[10:54:20] [57/459] AMHR
[10:54:22] [58/459] RSRM
[10:54:22] 🔄 Identity reset
[10:54:22] 🔄 Identity rotated (every 10 requests)
[10:54:24] [59/459] GCAT
[10:54:25] [60/459] SMML
[10:54:25] [61/459] ACCD
[10:54:26] [62/459] VYDA
[10:54:27] [63/459] MSKT
[10:54:28] [64/459] AVDM
[10:54:29] [65/459] ASMH
[10:54:30] [66/459] VTMB
[10:54:31] [67/459] WVMB
[10:54:32] [68/459] PPMN
[10:54:32] 🔄 Identity reset
[10:54:32] 🔄 Identity rotated (every 10 requests)
[10:54:33] [69/459] MTMD
[10:54:34] [70/459] SMMO
[10:54:35] [71/459] DLPB
[10:54:36] [72/459] AKMD
[10:54:37] [73/459] SHRR
[10:54:38] [74/459] ASCO
[10:54:39] [75/459] CZVX
[10:54:40] [76/459] GCBB
[10:54:40] [77/459] ATBM
[10:54:41] [78/459] TCGM
[10:54:42] 🔄 Identity reset
[10:54:42] 🔄 Identity rotated (every 10 requests)
[10:54:42] 🔄 Retry 1/5 for TCGM in 2.5s
[10:54:42] 🔄 Identity reset
[10:54:45] 🧠 New identity created
[10:54:45] [79/459] UMSE
[10:54:46] [80/459] NKCL
[10:54:47] [81/459] BTLR
[10:54:48] [82/459] GOCL
[10:54:49] [83/459] MIRN
[10:54:50] [84/459] THEC
[10:54:51] [85/459] SPPB
[10:54:52] [86/459] PMMM
[10:54:53] [87/459] GGMC
[10:54:54] 🔄 Identity reset
[10:54:54] 🔄 Identity rotated (every 10 requests)
[10:54:54] 🔄 Retry 1/5 for GGMC in 2.2s
[10:54:54] 🔄 Identity reset
[10:54:56] 🧠 New identity created
[10:54:56] 🔄 Retry 2/5 for GGMC in 4.7s
[10:54:56] 🔄 Identity reset
[10:55:01] 🧠 New identity created
[10:55:01] 🔄 Retry 3/5 for GGMC in 8.6s
[10:55:01] 🔄 Identity reset
[10:55:10] 🧠 New identity created
[10:55:10] [88/459] AVSR
[10:55:11] [89/459] RDMH
[10:55:12] [90/459] JSRS
[10:55:13] [91/459] VKGP
[10:55:14] [92/459] ACRT
[10:55:14] [93/459] GCBA
[10:55:15] [94/459] GTCP
[10:55:16] 🔄 Identity reset
[10:55:16] 🔄 Identity rotated (every 10 requests)
[10:55:16] 🔄 Retry 1/5 for GTCP in 2.7s
[10:55:16] 🔄 Identity reset
[10:55:19] 🧠 New identity created
[10:55:19] [95/459] AKFC
[10:55:21] [96/459] INCS
[10:55:21] [97/459] SMCK
[10:55:22] [98/459] BRUN
[10:55:23] [99/459] RPPC
[10:55:24] [100/459] PAYD
[10:55:25] [101/459] SVVT
[10:55:26] [102/459] RNCC
[10:55:27] [103/459] PCRC
[10:55:27] 🔄 Identity reset
[10:55:28] 🔄 Identity rotated (every 10 requests)
[10:55:28] [104/459] PMRM
[10:55:29] [105/459] CCRP
[10:55:30] [106/459] INCR
[10:55:30] [107/459] ZTMP
[10:55:31] [108/459] MCNR
[10:55:32] [109/459] INRP
[10:55:33] [110/459] STRC
[10:55:34] [111/459] RATI
[10:55:35] [112/459] PBTR
[10:55:36] [113/459] CMHP
[10:55:37] 🔄 Identity reset
[10:55:37] 🔄 Identity rotated (every 10 requests)
[10:55:37] [114/459] ZECJ
[10:55:38] [115/459] CCCB
[10:55:39] [116/459] BWCB
[10:55:39] [117/459] CCAT
[10:55:41] [118/459] KGCM
[10:55:42] [119/459] INPT
[10:55:42] [120/459] FNCO
[10:55:43] [121/459] SRMJ
[10:55:44] [122/459] PFSC
[10:55:45] [123/459] PBMC
[10:55:46] 🔄 Identity reset
[10:55:46] 🔄 Identity rotated (every 10 requests)
[10:55:46] [124/459] KARP
[10:55:47] [125/459] KOVI
[10:55:48] [126/459] ACXL
[10:55:49] [127/459] GKCC
[10:55:50] [128/459] ASCC
[10:55:51] [129/459] SETC
[10:55:52] [130/459] KACC
[10:55:53] [131/459] KAVE
[10:55:54] [132/459] CNTC
[10:55:55] [133/459] MEEN
[10:55:55] 🔄 Identity reset
[10:55:55] 🔄 Identity rotated (every 10 requests)
[10:55:55] 🔄 Retry 1/5 for MEEN in 2.3s
[10:55:55] 🔄 Identity reset
[10:55:58] 🧠 New identity created
[10:55:58] 🔄 Retry 2/5 for MEEN in 4.6s
[10:55:58] 🔄 Identity reset
[10:56:02] 🧠 New identity created
[10:56:03] [134/459] BMRV
[10:56:04] [135/459] SVAM
[10:56:05] [136/459] VTBP
[10:56:06] [137/459] VCKN
[10:56:07] [138/459] SGTK
[10:56:08] [139/459] RCGS
[10:56:09] [140/459] RCCB
[10:56:10] [141/459] RKSR
[10:56:10] 🔄 Identity reset
[10:56:10] 🔄 Identity rotated (every 10 requests)
[10:56:11] [142/459] RKCU
[10:56:12] [143/459] GIBH
[10:56:13] [144/459] CXBS
[10:56:14] [145/459] GGCB
[10:56:15] [146/459] SCPB
[10:56:17] [147/459] AKTB
[10:56:18] [148/459] SRBU
[10:56:19] [149/459] CSSA
[10:56:20] [150/459] MYAN
[10:56:21] [151/459] EXCA
[10:56:22] 🔄 Identity reset
[10:56:22] 🔄 Identity rotated (every 10 requests)
[10:56:22] [152/459] CKSA
[10:56:23] [153/459] JTNM
[10:56:24] [154/459] CXKT
[10:56:25] [155/459] NCLM
[10:56:26] [156/459] JAAD
[10:56:27] [157/459] RDCR
[10:56:28] [158/459] MEER
[10:56:29] [159/459] SIBT
[10:56:30] [160/459] PVVB
[10:56:30] [161/459] FNPN
[10:56:31] 🔄 Identity reset
[10:56:31] 🔄 Identity rotated (every 10 requests)
[10:56:31] 🔄 Retry 1/5 for FNPN in 2.8s
[10:56:31] 🔄 Identity reset
[10:56:34] 🧠 New identity created
[10:56:35] [162/459] CRPX
[10:56:36] [163/459] STET
[10:56:37] [164/459] METE
[10:56:38] [165/459] BJML
[10:56:39] [166/459] MAVT
[10:56:40] [167/459] MSRM
[10:56:41] [168/459] TJMP
[10:56:42] [169/459] MHCK
[10:56:43] [170/459] SVGP
[10:56:44] 🔄 Identity reset
[10:56:44] 🔄 Identity rotated (every 10 requests)
[10:56:44] [171/459] KRRC
[10:56:46] [172/459] IMCH
[10:56:48] [173/459] CMCS
[10:56:49] [174/459] SGND
[10:56:50] [175/459] RNAT
[10:56:52] [176/459] PRTN
[10:56:53] [177/459] MPTN
[10:56:54] [178/459] ARCC
[10:56:55] [179/459] NTTE
[10:56:56] [180/459] ABND
[10:56:56] 🔄 Identity reset
[10:56:56] 🔄 Identity rotated (every 10 requests)
[10:56:57] [181/459] KCSN
[10:56:58] [182/459] KCSA
[10:56:59] [183/459] DCKT
[10:56:59] [184/459] MBBR
[10:57:00] [185/459] RAMU
[10:57:01] [186/459] RACW
[10:57:02] [187/459] MCHP
[10:57:03] [188/459] TMHM
[10:57:04] [189/459] STXH
[10:57:05] [190/459] AGSG
[10:57:06] 🔄 Identity reset
[10:57:06] 🔄 Identity rotated (every 10 requests)
[10:57:06] [191/459] SIRA
[10:57:07] [192/459] RCAN
[10:57:08] [193/459] CWTB
[10:57:09] [194/459] VTYM
[10:57:10] [195/459] RRPP
[10:57:11] [196/459] ASMR
[10:57:12] [197/459] RONO
[10:57:13] [198/459] MEMR
[10:57:14] [199/459] CTMR
[10:57:15] [200/459] PMTT
[10:57:15] 🔄 Identity reset
[10:57:15] 🔄 Identity rotated (every 10 requests)
[10:57:16] [201/459] PSLX
[10:57:17] [202/459] IPPL
[10:57:18] [203/459] MMSG
[10:57:19] [204/459] INEL
[10:57:20] [205/459] COAC
[10:57:21] [206/459] WVLK
[10:57:22] [207/459] PPXL
[10:57:23] [208/459] PSML
[10:57:24] [209/459] FNLK
[10:57:25] [210/459] ILUM
[10:57:25] 🔄 Identity reset
[10:57:25] 🔄 Identity rotated (every 10 requests)
[10:57:26] [211/459] ILCM
[10:57:27] [212/459] MSNL
[10:57:29] [213/459] VINB
[10:57:30] [214/459] SALW
[10:57:31] [215/459] PRTB
[10:57:32] [216/459] NCIL
[10:57:33] [217/459] PSUL
[10:57:34] [218/459] SCLK
[10:57:35] [219/459] ADDC
[10:57:36] [220/459] OACL
[10:57:36] 🔄 Identity reset
[10:57:36] 🔄 Identity rotated (every 10 requests)
[10:57:37] [221/459] OOCF
[10:57:38] [222/459] GPMF
[10:57:38] [223/459] SSDG
[10:57:39] [224/459] SKRS
[10:57:40] [225/459] NTTP
[10:57:41] [226/459] SLTP
[10:57:42] [227/459] JTLC
[10:57:43] [228/459] POON
[10:57:44] [229/459] CCPC
[10:57:45] [230/459] DCKC
[10:57:46] 🔄 Identity reset
[10:57:46] 🔄 Identity rotated (every 10 requests)
[10:57:46] [231/459] CPRT
[10:57:47] [232/459] EYHZ
[10:57:49] [233/459] ARBL
[10:57:50] [234/459] SBTB
[10:57:51] [235/459] MMCK
[10:57:52] [236/459] PLMR
[10:57:52] [237/459] BIJH
[10:57:53] [238/459] SDRT
[10:57:54] [239/459] PRDC
[10:57:55] [240/459] OMJA
[10:57:55] 🔄 Identity reset
[10:57:55] 🔄 Identity rotated (every 10 requests)
[10:57:55] 🔄 Retry 1/5 for OMJA in 2.3s
[10:57:55] 🔄 Identity reset
[10:57:57] 🧠 New identity created
[10:57:58] 🔄 Retry 2/5 for OMJA in 4.4s
[10:57:58] 🔄 Identity reset
[10:58:02] 🧠 New identity created
[10:58:02] [241/459] VKCR
[10:58:03] [242/459] ATRT
[10:58:04] [243/459] WVRP
[10:58:05] [244/459] MVRP
[10:58:07] [245/459] FCAX
[10:58:08] [246/459] CTLC
[10:58:09] [247/459] JCHB
[10:58:10] [248/459] SELP
[10:58:10] 🔄 Identity reset
[10:58:10] 🔄 Identity rotated (every 10 requests)
[10:58:10] 🔄 Retry 1/5 for SELP in 2.5s
[10:58:10] 🔄 Identity reset
[10:58:13] 🧠 New identity created
[10:58:13] 🔄 Retry 2/5 for SELP in 4.6s
[10:58:13] 🔄 Identity reset
[10:58:17] 🧠 New identity created
[10:58:18] [249/459] VCPG
[10:58:19] [250/459] ASCX
[10:58:20] [251/459] EOCS
[10:58:21] [252/459] RCPH
[10:58:22] [253/459] RJTM
[10:58:23] [254/459] SGMD
[10:58:24] [255/459] SVJT
[10:58:24] [256/459] SPPO
[10:58:25] 🔄 Identity reset
[10:58:25] 🔄 Identity rotated (every 10 requests)
[10:58:25] [257/459] MNRL
[10:58:26] [258/459] KNOX
[10:58:27] [259/459] GIER
[10:58:28] [260/459] PJMS
[10:58:29] [261/459] UNSP
[10:58:30] [262/459] JETP
[10:58:31] [263/459] VTWA
[10:58:32] [264/459] SCJI
[10:58:33] [265/459] CBZZ
[10:58:34] [266/459] SDCJ
[10:58:35] 🔄 Identity reset
[10:58:35] 🔄 Identity rotated (every 10 requests)
[10:58:35] 🔄 Retry 1/5 for SDCJ in 2.6s
[10:58:35] 🔄 Identity reset
[10:58:38] 🧠 New identity created
[10:58:38] 🔄 Retry 2/5 for SDCJ in 4.5s
[10:58:38] 🔄 Identity reset
[10:58:42] 🧠 New identity created
[10:58:42] 🔄 Retry 3/5 for SDCJ in 8.8s
[10:58:42] 🔄 Identity reset
[10:58:51] 🧠 New identity created
[10:58:51] 🔄 Retry 4/5 for SDCJ in 16.2s
[10:58:51] 🔄 Identity reset
[10:59:07] 🧠 New identity created
[10:59:08] ❌ SDCJ failed after 5 attempts
[10:59:08] 🔄 Identity reset
[10:59:08] ❌ SDCJ final failure | RuntimeError | HTTP 403
[10:59:08] [267/459] RRCC
[10:59:08] 🧠 New identity created
[10:59:10] [268/459] VNKG
[10:59:11] [269/459] LKTO
[10:59:11] [270/459] PJRM
[10:59:12] [271/459] NVRM
[10:59:13] [272/459] SJCS
[10:59:14] 🔄 Identity reset
[10:59:14] 🔄 Identity rotated (every 10 requests)
[10:59:15] [273/459] VIGK
[10:59:16] [274/459] ANST
[10:59:17] [275/459] JTTS
[10:59:18] [276/459] NTST
[10:59:19] [277/459] PREB
[10:59:19] [278/459] TSCZ
[10:59:21] [279/459] CDCM
[10:59:22] [280/459] ELYE
[10:59:23] [281/459] INBS
[10:59:23] [282/459] SMGC
[10:59:24] 🔄 Identity reset
[10:59:24] 🔄 Identity rotated (every 10 requests)
[10:59:24] [283/459] UTMP
[10:59:26] [284/459] INTA
[10:59:27] [285/459] OMPT
[10:59:27] [286/459] SCIR
[10:59:29] [287/459] GCKJ
[10:59:30] [288/459] INOG
[10:59:31] [289/459] SMGB
[10:59:31] [290/459] MCSG
[10:59:32] [291/459] STKG
[10:59:33] [292/459] TTKG
[10:59:34] 🔄 Identity reset
[10:59:34] 🔄 Identity rotated (every 10 requests)
[10:59:34] 🔄 Retry 1/5 for TTKG in 2.4s
[10:59:34] 🔄 Identity reset
[10:59:36] 🧠 New identity created
[10:59:36] [293/459] SRTR
[10:59:37] [294/459] ETTR
[10:59:38] [295/459] GGGZ
[10:59:39] [296/459] IPGM
[10:59:40] [297/459] FCDH
[10:59:41] [298/459] DESB
[10:59:42] [299/459] VNTP
[10:59:43] [300/459] ANNT
[10:59:43] [301/459] SLTI
[10:59:44] 🔄 Identity reset
[10:59:44] 🔄 Identity rotated (every 10 requests)
[10:59:44] [302/459] MAJU
[10:59:45] [303/459] JCXP
[10:59:46] [304/459] HARK
[10:59:47] [305/459] JPCJ
[10:59:48] [306/459] RXBD
[10:59:49] [307/459] PTKJ
[10:59:50] [308/459] CMTU
[10:59:50] [309/459] SWOR
[10:59:51] [310/459] JMEX
[10:59:52] [311/459] DTPT
[10:59:53] 🔄 Identity reset
[10:59:53] 🔄 Identity rotated (every 10 requests)
[10:59:53] [312/459] VGMM
[10:59:54] [313/459] VCSG
[10:59:55] [314/459] CVCG
[10:59:56] [315/459] TNTT
[10:59:57] [316/459] SHRM
[10:59:58] [317/459] CGKD
[10:59:59] [318/459] EKCM
[11:00:00] [319/459] SDCX
[11:00:01] [320/459] SBTE
[11:00:02] [321/459] STKJ
[11:00:03] 🔄 Identity reset
[11:00:03] 🔄 Identity rotated (every 10 requests)
[11:00:03] [322/459] TPCE
[11:00:04] [323/459] JTNP
[11:00:05] [324/459] LPCH
[11:00:06] [325/459] CPUO
[11:00:07] [326/459] APSU
[11:00:08] [327/459] RTHC
[11:00:09] [328/459] PTBU
[11:00:10] [329/459] CUCC
[11:00:11] [330/459] CPSA
[11:00:12] [331/459] SUAY
[11:00:12] 🔄 Identity reset
[11:00:12] 🔄 Identity rotated (every 10 requests)
[11:00:13] [332/459] AYAA
[11:00:14] [333/459] MUCH
[11:00:15] [334/459] PCIN
[11:00:16] [335/459] JRRM
[11:00:17] [336/459] KATS
[11:00:18] [337/459] MHFF
[11:00:19] [338/459] ESYM
[11:00:21] [339/459] STYV
[11:00:21] [340/459] SDKG
[11:00:22] [341/459] SMTI
[11:00:23] 🔄 Identity reset
[11:00:23] 🔄 Identity rotated (every 10 requests)
[11:00:23] [342/459] NYCS
[11:00:24] [343/459] MTBG
[11:00:25] [344/459] RHCA
[11:00:26] [345/459] PCKH
[11:00:27] [346/459] ARCR
[11:00:28] [347/459] NCMB
[11:00:29] [348/459] SHYC
[11:00:30] [349/459] LACK
[11:00:31] [350/459] MTCM
[11:00:32] [351/459] RRBN
[11:00:32] 🔄 Identity reset
[11:00:32] 🔄 Identity rotated (every 10 requests)
[11:00:33] [352/459] MYDC
[11:00:34] [353/459] STCS
[11:00:35] [354/459] CONN
[11:00:35] [355/459] SIPS
[11:00:36] [356/459] SMMX
[11:00:37] [357/459] SCBY
[11:00:38] [358/459] SUAP
[11:00:39] [359/459] RSMK
[11:00:40] [360/459] STKP
[11:00:41] [361/459] CIPC
[11:00:42] 🔄 Identity reset
[11:00:42] 🔄 Identity rotated (every 10 requests)
[11:00:42] 🔄 Retry 1/5 for CIPC in 2.3s
[11:00:42] 🔄 Identity reset
[11:00:44] 🧠 New identity created
[11:00:45] 🔄 Retry 2/5 for CIPC in 4.8s
[11:00:45] 🔄 Identity reset
[11:00:49] 🧠 New identity created
[11:00:50] [362/459] KKCI
[11:00:51] [363/459] CTNK
[11:00:52] [364/459] MMTZ
[11:00:53] [365/459] DCCO
[11:00:55] [366/459] VNMN
[11:00:56] [367/459] RLCN
[11:00:56] [368/459] CMMS
[11:00:57] [369/459] AYOU
[11:00:58] 🔄 Identity reset
[11:00:58] 🔄 Identity rotated (every 10 requests)
[11:00:58] [370/459] SSCN
[11:01:00] [371/459] SMXN
[11:01:01] [372/459] ASSK
[11:01:02] [373/459] VCKM
[11:01:03] [374/459] PCPH
[11:01:04] [375/459] PADM
[11:01:05] [376/459] IESA
[11:01:06] [377/459] VCSP
[11:01:07] [378/459] AEST
[11:01:07] [379/459] VTNR
[11:01:08] 🔄 Identity reset
[11:01:08] 🔄 Identity rotated (every 10 requests)
[11:01:09] [380/459] GTTA
[11:01:10] [381/459] CMMM
[11:01:11] [382/459] AHKT
[11:01:12] [383/459] SIJI
[11:01:13] [384/459] VCEI
[11:01:13] [385/459] SAKR
[11:01:14] [386/459] VSMT
[11:01:16] [387/459] SSCT
[11:01:17] [388/459] USTR
[11:01:18] [389/459] MTKT
[11:01:18] 🔄 Identity reset
[11:01:18] 🔄 Identity rotated (every 10 requests)
[11:01:19] 🔄 Retry 1/5 for MTKT in 2.1s
[11:01:19] 🔄 Identity reset
[11:01:21] 🧠 New identity created
[11:01:21] 🔄 Retry 2/5 for MTKT in 4.7s
[11:01:21] 🔄 Identity reset
[11:01:25] 🧠 New identity created
[11:01:26] 🔄 Retry 3/5 for MTKT in 8.6s
[11:01:26] 🔄 Identity reset
[11:01:34] 🧠 New identity created
[11:01:34] [390/459] TGMP
[11:01:35] [391/459] SIVC
[11:01:37] [392/459] KICT
[11:01:38] [393/459] DAMD
[11:01:39] [394/459] CNPT
[11:01:40] [395/459] RVTT
[11:01:41] [396/459] SNCM
[11:01:41] 🔄 Identity reset
[11:01:41] 🔄 Identity rotated (every 10 requests)
[11:01:41] 🔄 Retry 1/5 for SNCM in 2.9s
[11:01:41] 🔄 Identity reset
[11:01:44] 🧠 New identity created
[11:01:45] [397/459] GHTE
[11:01:46] [398/459] PPAM
[11:01:47] [399/459] PVAA
[11:01:48] [400/459] CPAO
[11:01:49] [401/459] HAMD
[11:01:50] [402/459] RCCA
[11:01:51] [403/459] MPCH
[11:01:51] [404/459] ARED
[11:01:52] [405/459] RRCV
[11:01:53] 🔄 Identity reset
[11:01:53] 🔄 Identity rotated (every 10 requests)
[11:01:53] [406/459] MTRB
[11:01:54] [407/459] CKUA
[11:01:55] [408/459] ABMP
[11:01:56] [409/459] RCWA
[11:01:57] [410/459] CGAR
[11:01:58] [411/459] METH
[11:01:59] [412/459] WAGA
[11:02:00] [413/459] MCMA
[11:02:01] [414/459] CSMP
[11:02:02] [415/459] RCNK
[11:02:02] 🔄 Identity reset
[11:02:02] 🔄 Identity rotated (every 10 requests)
[11:02:03] [416/459] PSTM
[11:02:04] [417/459] CSEP
[11:02:04] [418/459] AMGD
[11:02:06] [419/459] CSTE
[11:02:06] [420/459] CONS
[11:02:07] [421/459] APPX
[11:02:08] [422/459] MABC
[11:02:09] [423/459] CXST
[11:02:10] [424/459] MATN
[11:02:11] [425/459] MACZ
[11:02:12] 🔄 Identity reset
[11:02:12] 🔄 Identity rotated (every 10 requests)
[11:02:12] 🔄 Retry 1/5 for MACZ in 2.9s
[11:02:12] 🔄 Identity reset
[11:02:15] 🧠 New identity created
[11:02:15] [426/459] MASA
[11:02:16] [427/459] MBSX
[11:02:17] [428/459] CSST
[11:02:18] [429/459] APCL
[11:02:19] [430/459] CGOS
[11:02:20] [431/459] CPEC
[11:02:21] [432/459] MCCP
[11:02:22] [433/459] BSSO
[11:02:23] [434/459] SJKA
[11:02:23] 🔄 Identity reset
[11:02:23] 🔄 Identity rotated (every 10 requests)
[11:02:23] 🔄 Retry 1/5 for SJKA in 2.9s
[11:02:23] 🔄 Identity reset
[11:02:26] 🧠 New identity created
[11:02:26] 🔄 Retry 2/5 for SJKA in 4.4s
[11:02:26] 🔄 Identity reset
[11:02:31] 🧠 New identity created
[11:02:31] [435/459] CGBO
[11:02:32] [436/459] MVSK
[11:02:33] [437/459] HVCA
[11:02:34] [438/459] NAMD
[11:02:35] [439/459] DEVI
[11:02:36] [440/459] SCSV
[11:02:37] [441/459] PSMA
[11:02:39] [442/459] CLDJ
[11:02:39] 🔄 Identity reset
[11:02:39] 🔄 Identity rotated (every 10 requests)
[11:02:40] [443/459] NMAD
[11:02:41] [444/459] CGMO
[11:02:42] [445/459] MCNA
[11:02:43] [446/459] OCBN
[11:02:44] [447/459] CPEM
[11:02:45] [448/459] CPSM
[11:02:46] [449/459] RCAD
[11:02:46] [450/459] CPMU
[11:02:47] [451/459] DICD
[11:02:48] [452/459] CHOE
[11:02:49] 🔄 Identity reset
[11:02:49] 🔄 Identity rotated (every 10 requests)
[11:02:49] [453/459] PDJM
[11:02:50] [454/459] SSTU
[11:02:51] [455/459] VNRN
[11:02:52] [456/459] PVLG
[11:02:53] [457/459] SWBL
[11:02:54] [458/459] SCAB
[11:02:55] [459/459] RDDA
[11:02:56] 🔁 RETRY ROUND 1 | Remaining: 1
[11:02:56] [RETRY-1] SDCJ
[11:03:00] 🧹 Deduping shows
[11:03:00] ✅ DONE | Shows=1184 | Movies=21
[17:34:45] 🚀 SCRIPT STARTED (enhanced anti‑detection)
[17:34:45] [1/459] MCCZ
[17:34:45] 🧠 New identity created
[17:34:46] [2/459] FRPU
[17:34:47] [3/459] SKSI
[17:34:48] [4/459] SSCK
[17:34:49] [5/459] SRDC
[17:34:49] [6/459] RSCZ
[17:34:51] [7/459] PRVT
[17:34:52] [8/459] GAGJ
[17:34:54] [9/459] SMHG
[17:34:54] [10/459] JTST
[17:34:55] 🔄 Identity reset
[17:34:55] 🔄 Identity rotated (every 10 requests)
[17:34:56] [11/459] MYTH
[17:34:57] [12/459] JPCC
[17:34:57] [13/459] ACDC
[17:34:58] [14/459] SVFP
[17:34:59] [15/459] SFCM
[17:35:00] [16/459] RUPK
[17:35:02] [17/459] NTCR
[17:35:03] [18/459] RTCH
[17:35:04] [19/459] SCMH
[17:35:05] [20/459] SVYM
[17:35:05] 🔄 Identity reset
[17:35:05] 🔄 Identity rotated (every 10 requests)
[17:35:05] [21/459] SPYM
[17:35:06] [22/459] SMMF
[17:35:07] [23/459] CLLB
[17:35:08] [24/459] FMCB
[17:35:09] [25/459] BBTC
[17:35:10] [26/459] NTHS
[17:35:11] [27/459] PKKJ
[17:35:12] [28/459] MTJA
[17:35:13] [29/459] PMSJ
[17:35:14] [30/459] JMJU
[17:35:14] 🔄 Identity reset
[17:35:14] 🔄 Identity rotated (every 10 requests)
[17:35:15] [31/459] SRAD
[17:35:16] [32/459] MJMC
[17:35:17] [33/459] DFRM
[17:35:17] [34/459] PMRS
[17:35:18] [35/459] RKPP
[17:35:19] [36/459] BMBK
[17:35:20] [37/459] NEWS
[17:35:21] [38/459] SALB
[17:35:22] [39/459] SCPW
[17:35:23] [40/459] RAYL
[17:35:23] 🔄 Identity reset
[17:35:23] 🔄 Identity rotated (every 10 requests)
[17:35:23] [41/459] CMGJ
[17:35:24] [42/459] JRCR
[17:35:25] [43/459] SRTB
[17:35:26] [44/459] ETPB
[17:35:27] [45/459] MXBN
[17:35:28] [46/459] TOPE
[17:35:29] [47/459] SNLJ
[17:35:30] [48/459] CDDP
[17:35:31] [49/459] APCX
[17:35:32] [50/459] TALP
[17:35:33] 🔄 Identity reset
[17:35:33] 🔄 Identity rotated (every 10 requests)
[17:35:34] [51/459] RRMP
[17:35:34] [52/459] MAHB
[17:35:35] [53/459] MTKR
[17:35:36] [54/459] KSKL
[17:35:37] [55/459] RJLT
[17:35:38] [56/459] ATAS
[17:35:39] [57/459] AMHR
[17:35:40] [58/459] RSRM
[17:35:42] [59/459] GCAT
[17:35:43] [60/459] SMML
[17:35:43] 🔄 Identity reset
[17:35:43] 🔄 Identity rotated (every 10 requests)
[17:35:43] [61/459] ACCD
[17:35:44] [62/459] VYDA
[17:35:45] [63/459] MSKT
[17:35:46] [64/459] AVDM
[17:35:47] [65/459] ASMH
[17:35:48] [66/459] VTMB
[17:35:49] [67/459] WVMB
[17:35:50] [68/459] PPMN
[17:35:51] [69/459] MTMD
[17:35:52] [70/459] SMMO
[17:35:52] 🔄 Identity reset
[17:35:52] 🔄 Identity rotated (every 10 requests)
[17:35:52] 🔄 Retry 1/5 for SMMO in 2.2s
[17:35:52] 🔄 Identity reset
[17:35:55] 🧠 New identity created
[17:35:55] [71/459] DLPB
[17:35:57] [72/459] AKMD
[17:35:58] [73/459] SHRR
[17:35:59] [74/459] ASCO
[17:36:01] [75/459] CZVX
[17:36:02] [76/459] GCBB
[17:36:03] [77/459] ATBM
[17:36:05] [78/459] TCGM
[17:36:06] [79/459] UMSE
[17:36:07] 🔄 Identity reset
[17:36:07] 🔄 Identity rotated (every 10 requests)
[17:36:07] [80/459] NKCL
[17:36:08] [81/459] BTLR
[17:36:09] [82/459] GOCL
[17:36:10] [83/459] MIRN
[17:36:11] [84/459] THEC
[17:36:12] [85/459] SPPB
[17:36:13] [86/459] PMMM
[17:36:15] [87/459] GGMC
[17:36:16] [88/459] AVSR
[17:36:17] [89/459] RDMH
[17:36:17] 🔄 Identity reset
[17:36:17] 🔄 Identity rotated (every 10 requests)
[17:36:17] [90/459] JSRS
[17:36:18] [91/459] VKGP
[17:36:19] [92/459] ACRT
[17:36:21] [93/459] GCBA
[17:36:22] [94/459] GTCP
[17:36:24] [95/459] AKFC
[17:36:25] [96/459] INCS
[17:36:26] [97/459] SMCK
[17:36:27] [98/459] BRUN
[17:36:27] [99/459] RPPC
[17:36:28] 🔄 Identity reset
[17:36:28] 🔄 Identity rotated (every 10 requests)
[17:36:28] [100/459] PAYD
[17:36:29] [101/459] SVVT
[17:36:30] [102/459] RNCC
[17:36:31] [103/459] PCRC
[17:36:32] [104/459] PMRM
[17:36:33] [105/459] CCRP
[17:36:34] [106/459] INCR
[17:36:35] [107/459] ZTMP
[17:36:36] [108/459] MCNR
[17:36:37] [109/459] INRP
[17:36:37] 🔄 Identity reset
[17:36:37] 🔄 Identity rotated (every 10 requests)
[17:36:38] [110/459] STRC
[17:36:39] [111/459] RATI
[17:36:40] [112/459] PBTR
[17:36:40] [113/459] CMHP
[17:36:41] [114/459] ZECJ
[17:36:42] [115/459] CCCB
[17:36:43] [116/459] BWCB
[17:36:44] [117/459] CCAT
[17:36:44] [118/459] KGCM
[17:36:45] [119/459] INPT
[17:36:46] 🔄 Identity reset
[17:36:46] 🔄 Identity rotated (every 10 requests)
[17:36:47] [120/459] FNCO
[17:36:47] [121/459] SRMJ
[17:36:48] [122/459] PFSC
[17:36:49] [123/459] PBMC
[17:36:50] [124/459] KARP
[17:36:52] [125/459] KOVI
[17:36:53] [126/459] ACXL
[17:36:53] [127/459] GKCC
[17:36:54] [128/459] ASCC
[17:36:55] [129/459] SETC
[17:36:56] 🔄 Identity reset
[17:36:56] 🔄 Identity rotated (every 10 requests)
[17:36:56] [130/459] KACC
[17:36:57] [131/459] KAVE
[17:36:58] [132/459] CNTC
[17:36:59] [133/459] MEEN
[17:37:00] [134/459] BMRV
[17:37:01] [135/459] SVAM
[17:37:02] [136/459] VTBP
[17:37:02] [137/459] VCKN
[17:37:03] [138/459] SGTK
[17:37:04] [139/459] RCGS
[17:37:04] 🔄 Identity reset
[17:37:04] 🔄 Identity rotated (every 10 requests)
[17:37:05] [140/459] RCCB
[17:37:05] [141/459] RKSR
[17:37:06] [142/459] RKCU
[17:37:07] [143/459] GIBH
[17:37:08] [144/459] CXBS
[17:37:09] [145/459] GGCB
[17:37:10] [146/459] SCPB
[17:37:11] [147/459] AKTB
[17:37:12] [148/459] SRBU
[17:37:13] [149/459] CSSA
[17:37:13] 🔄 Identity reset
[17:37:13] 🔄 Identity rotated (every 10 requests)
[17:37:14] [150/459] MYAN
[17:37:14] [151/459] EXCA
[17:37:15] [152/459] CKSA
[17:37:16] [153/459] JTNM
[17:37:18] [154/459] CXKT
[17:37:19] [155/459] NCLM
[17:37:20] [156/459] JAAD
[17:37:22] [157/459] RDCR
[17:37:23] [158/459] MEER
[17:37:24] [159/459] SIBT
[17:37:24] 🔄 Identity reset
[17:37:24] 🔄 Identity rotated (every 10 requests)
[17:37:25] [160/459] PVVB
[17:37:26] [161/459] FNPN
[17:37:27] [162/459] CRPX
[17:37:28] [163/459] STET
[17:37:29] [164/459] METE
[17:37:30] [165/459] BJML
[17:37:30] [166/459] MAVT
[17:37:31] [167/459] MSRM
[17:37:32] [168/459] TJMP
[17:37:33] [169/459] MHCK
[17:37:34] 🔄 Identity reset
[17:37:34] 🔄 Identity rotated (every 10 requests)
[17:37:34] 🔄 Retry 1/5 for MHCK in 2.3s
[17:37:34] 🔄 Identity reset
[17:37:36] 🧠 New identity created
[17:37:37] [170/459] SVGP
[17:37:37] [171/459] KRRC
[17:37:39] [172/459] IMCH
[17:37:39] [173/459] CMCS
[17:37:40] [174/459] SGND
[17:37:42] [175/459] RNAT
[17:37:43] [176/459] PRTN
[17:37:44] [177/459] MPTN
[17:37:45] [178/459] ARCC
[17:37:46] 🔄 Identity reset
[17:37:46] 🔄 Identity rotated (every 10 requests)
[17:37:47] [179/459] NTTE
[17:37:48] [180/459] ABND
[17:37:49] [181/459] KCSN
[17:37:50] [182/459] KCSA
[17:37:50] [183/459] DCKT
[17:37:51] [184/459] MBBR
[17:37:52] [185/459] RAMU
[17:37:53] [186/459] RACW
[17:37:54] [187/459] MCHP
[17:37:55] [188/459] TMHM
[17:37:56] 🔄 Identity reset
[17:37:56] 🔄 Identity rotated (every 10 requests)
[17:37:56] [189/459] STXH
[17:37:57] [190/459] AGSG
[17:37:58] [191/459] SIRA
[17:37:59] [192/459] RCAN
[17:37:59] [193/459] CWTB
[17:38:00] [194/459] VTYM
[17:38:01] [195/459] RRPP
[17:38:03] [196/459] ASMR
[17:38:04] [197/459] RONO
[17:38:05] [198/459] MEMR
[17:38:05] 🔄 Identity reset
[17:38:05] 🔄 Identity rotated (every 10 requests)
[17:38:06] [199/459] CTMR
[17:38:06] [200/459] PMTT
[17:38:07] [201/459] PSLX
[17:38:08] [202/459] IPPL
[17:38:09] [203/459] MMSG
[17:38:10] [204/459] INEL
[17:38:11] [205/459] COAC
[17:38:12] [206/459] WVLK
[17:38:13] [207/459] PPXL
[17:38:14] [208/459] PSML
[17:38:14] 🔄 Identity reset
[17:38:15] 🔄 Identity rotated (every 10 requests)
[17:38:15] 🔄 Retry 1/5 for PSML in 2.9s
[17:38:15] 🔄 Identity reset
[17:38:17] 🧠 New identity created
[17:38:18] [209/459] FNLK
[17:38:19] [210/459] ILUM
[17:38:20] [211/459] ILCM
[17:38:20] [212/459] MSNL
[17:38:21] [213/459] VINB
[17:38:23] [214/459] SALW
[17:38:24] [215/459] PRTB
[17:38:25] [216/459] NCIL
[17:38:26] [217/459] PSUL
[17:38:26] 🔄 Identity reset
[17:38:26] 🔄 Identity rotated (every 10 requests)
[17:38:27] [218/459] SCLK
[17:38:28] [219/459] ADDC
[17:38:29] [220/459] OACL
[17:38:30] [221/459] OOCF
[17:38:31] [222/459] GPMF
[17:38:32] [223/459] SSDG
[17:38:33] [224/459] SKRS
[17:38:34] [225/459] NTTP
[17:38:34] [226/459] SLTP
[17:38:36] [227/459] JTLC
[17:38:37] 🔄 Identity reset
[17:38:37] 🔄 Identity rotated (every 10 requests)
[17:38:37] [228/459] POON
[17:38:38] [229/459] CCPC
[17:38:39] [230/459] DCKC
[17:38:40] [231/459] CPRT
[17:38:41] [232/459] EYHZ
[17:38:42] [233/459] ARBL
[17:38:42] [234/459] SBTB
[17:38:43] [235/459] MMCK
[17:38:45] [236/459] PLMR
[17:38:46] [237/459] BIJH
[17:38:47] 🔄 Identity reset
[17:38:47] 🔄 Identity rotated (every 10 requests)
[17:38:47] [238/459] SDRT
[17:38:48] [239/459] PRDC
[17:38:49] [240/459] OMJA
[17:38:50] [241/459] VKCR
[17:38:51] [242/459] ATRT
[17:38:52] [243/459] WVRP
[17:38:53] [244/459] MVRP
[17:38:54] [245/459] FCAX
[17:38:56] [246/459] CTLC
[17:38:57] [247/459] JCHB
[17:38:57] 🔄 Identity reset
[17:38:57] 🔄 Identity rotated (every 10 requests)
[17:38:57] [248/459] SELP
[17:38:58] [249/459] VCPG
[17:38:59] [250/459] ASCX
[17:39:00] [251/459] EOCS
[17:39:01] [252/459] RCPH
[17:39:02] [253/459] RJTM
[17:39:03] [254/459] SGMD
[17:39:04] [255/459] SVJT
[17:39:05] [256/459] SPPO
[17:39:05] [257/459] MNRL
[17:39:06] 🔄 Identity reset
[17:39:06] 🔄 Identity rotated (every 10 requests)
[17:39:07] [258/459] KNOX
[17:39:07] [259/459] GIER
[17:39:08] [260/459] PJMS
[17:39:10] [261/459] UNSP
[17:39:11] [262/459] JETP
[17:39:12] [263/459] VTWA
[17:39:13] [264/459] SCJI
[17:39:14] [265/459] CBZZ
[17:39:14] [266/459] SDCJ
[17:39:15] [267/459] RRCC
[17:39:16] 🔄 Identity reset
[17:39:16] 🔄 Identity rotated (every 10 requests)
[17:39:16] [268/459] VNKG
[17:39:17] [269/459] LKTO
[17:39:18] [270/459] PJRM
[17:39:19] [271/459] NVRM
[17:39:20] [272/459] SJCS
[17:39:21] [273/459] VIGK
[17:39:22] [274/459] ANST
[17:39:23] [275/459] JTTS
[17:39:24] [276/459] NTST
[17:39:24] [277/459] PREB
[17:39:25] 🔄 Identity reset
[17:39:25] 🔄 Identity rotated (every 10 requests)
[17:39:25] [278/459] TSCZ
[17:39:26] [279/459] CDCM
[17:39:27] [280/459] ELYE
[17:39:28] [281/459] INBS
[17:39:29] [282/459] SMGC
[17:39:30] [283/459] UTMP
[17:39:31] [284/459] INTA
[17:39:32] [285/459] OMPT
[17:39:33] [286/459] SCIR
[17:39:34] [287/459] GCKJ
[17:39:34] 🔄 Identity reset
[17:39:34] 🔄 Identity rotated (every 10 requests)
[17:39:35] [288/459] INOG
[17:39:35] [289/459] SMGB
[17:39:36] [290/459] MCSG
[17:39:37] [291/459] STKG
[17:39:38] [292/459] TTKG
[17:39:39] [293/459] SRTR
[17:39:40] [294/459] ETTR
[17:39:40] [295/459] GGGZ
[17:39:41] [296/459] IPGM
[17:39:42] [297/459] FCDH
[17:39:43] 🔄 Identity reset
[17:39:43] 🔄 Identity rotated (every 10 requests)
[17:39:43] [298/459] DESB
[17:39:44] [299/459] VNTP
[17:39:45] [300/459] ANNT
[17:39:45] [301/459] SLTI
[17:39:46] [302/459] MAJU
[17:39:47] [303/459] JCXP
[17:39:48] [304/459] HARK
[17:39:49] [305/459] JPCJ
[17:39:50] [306/459] RXBD
[17:39:51] [307/459] PTKJ
[17:39:51] 🔄 Identity reset
[17:39:51] 🔄 Identity rotated (every 10 requests)
[17:39:52] [308/459] CMTU
[17:39:53] [309/459] SWOR
[17:39:54] [310/459] JMEX
[17:39:55] [311/459] DTPT
[17:39:56] [312/459] VGMM
[17:39:57] [313/459] VCSG
[17:39:57] [314/459] CVCG
[17:39:58] [315/459] TNTT
[17:39:59] [316/459] SHRM
[17:40:00] [317/459] CGKD
[17:40:01] 🔄 Identity reset
[17:40:01] 🔄 Identity rotated (every 10 requests)
[17:40:02] [318/459] EKCM
[17:40:03] [319/459] SDCX
[17:40:04] [320/459] SBTE
[17:40:05] [321/459] STKJ
[17:40:06] [322/459] TPCE
[17:40:07] [323/459] JTNP
[17:40:07] [324/459] LPCH
[17:40:09] [325/459] CPUO
[17:40:11] [326/459] APSU
[17:40:11] [327/459] RTHC
[17:40:12] 🔄 Identity reset
[17:40:12] 🔄 Identity rotated (every 10 requests)
[17:40:12] [328/459] PTBU
[17:40:13] [329/459] CUCC
[17:40:14] [330/459] CPSA
[17:40:15] [331/459] SUAY
[17:40:16] [332/459] AYAA
[17:40:17] [333/459] MUCH
[17:40:18] [334/459] PCIN
[17:40:19] [335/459] JRRM
[17:40:20] [336/459] KATS
[17:40:20] [337/459] MHFF
[17:40:21] 🔄 Identity reset
[17:40:21] 🔄 Identity rotated (every 10 requests)
[17:40:21] [338/459] ESYM
[17:40:22] [339/459] STYV
[17:40:23] [340/459] SDKG
[17:40:24] [341/459] SMTI
[17:40:25] [342/459] NYCS
[17:40:26] [343/459] MTBG
[17:40:26] [344/459] RHCA
[17:40:28] [345/459] PCKH
[17:40:30] [346/459] ARCR
[17:40:31] [347/459] NCMB
[17:40:31] 🔄 Identity reset
[17:40:31] 🔄 Identity rotated (every 10 requests)
[17:40:31] [348/459] SHYC
[17:40:32] [349/459] LACK
[17:40:33] [350/459] MTCM
[17:40:34] [351/459] RRBN
[17:40:35] [352/459] MYDC
[17:40:36] [353/459] STCS
[17:40:37] [354/459] CONN
[17:40:38] [355/459] SIPS
[17:40:39] [356/459] SMMX
[17:40:40] [357/459] SCBY
[17:40:40] 🔄 Identity reset
[17:40:40] 🔄 Identity rotated (every 10 requests)
[17:40:41] [358/459] SUAP
[17:40:42] [359/459] RSMK
[17:40:42] [360/459] STKP
[17:40:43] [361/459] CIPC
[17:40:44] [362/459] KKCI
[17:40:46] [363/459] CTNK
[17:40:47] [364/459] MMTZ
[17:40:48] [365/459] DCCO
[17:40:49] [366/459] VNMN
[17:40:49] [367/459] RLCN
[17:40:50] 🔄 Identity reset
[17:40:50] 🔄 Identity rotated (every 10 requests)
[17:40:50] [368/459] CMMS
[17:40:51] [369/459] AYOU
[17:40:52] [370/459] SSCN
[17:40:53] [371/459] SMXN
[17:40:54] [372/459] ASSK
[17:40:55] [373/459] VCKM
[17:40:56] [374/459] PCPH
[17:40:57] [375/459] PADM
[17:40:58] [376/459] IESA
[17:40:58] [377/459] VCSP
[17:40:59] 🔄 Identity reset
[17:40:59] 🔄 Identity rotated (every 10 requests)
[17:40:59] [378/459] AEST
[17:41:00] [379/459] VTNR
[17:41:01] [380/459] GTTA
[17:41:02] [381/459] CMMM
[17:41:04] [382/459] AHKT
[17:41:05] [383/459] SIJI
[17:41:06] [384/459] VCEI
[17:41:07] [385/459] SAKR
[17:41:07] [386/459] VSMT
[17:41:08] [387/459] SSCT
[17:41:09] 🔄 Identity reset
[17:41:09] 🔄 Identity rotated (every 10 requests)
[17:41:09] [388/459] USTR
[17:41:10] [389/459] MTKT
[17:41:11] [390/459] TGMP
[17:41:12] [391/459] SIVC
[17:41:13] [392/459] KICT
[17:41:14] [393/459] DAMD
[17:41:14] [394/459] CNPT
[17:41:15] [395/459] RVTT
[17:41:16] [396/459] SNCM
[17:41:17] [397/459] GHTE
[17:41:18] 🔄 Identity reset
[17:41:18] 🔄 Identity rotated (every 10 requests)
[17:41:18] [398/459] PPAM
[17:41:19] [399/459] PVAA
[17:41:20] [400/459] CPAO
[17:41:21] [401/459] HAMD
[17:41:22] [402/459] RCCA
[17:41:23] [403/459] MPCH
[17:41:24] [404/459] ARED
[17:41:25] [405/459] RRCV
[17:41:26] [406/459] MTRB
[17:41:26] [407/459] CKUA
[17:41:27] 🔄 Identity reset
[17:41:27] 🔄 Identity rotated (every 10 requests)
[17:41:27] [408/459] ABMP
[17:41:28] [409/459] RCWA
[17:41:30] [410/459] CGAR
[17:41:31] [411/459] METH
[17:41:32] [412/459] WAGA
[17:41:33] [413/459] MCMA
[17:41:34] [414/459] CSMP
[17:41:35] [415/459] RCNK
[17:41:36] [416/459] PSTM
[17:41:37] [417/459] CSEP
[17:41:37] 🔄 Identity reset
[17:41:37] 🔄 Identity rotated (every 10 requests)
[17:41:38] [418/459] AMGD
[17:41:39] [419/459] CSTE
[17:41:39] [420/459] CONS
[17:41:40] [421/459] APPX
[17:41:41] [422/459] MABC
[17:41:43] [423/459] CXST
[17:41:44] [424/459] MATN
[17:41:45] [425/459] MACZ
[17:41:46] [426/459] MASA
[17:41:46] [427/459] MBSX
[17:41:47] 🔄 Identity reset
[17:41:47] 🔄 Identity rotated (every 10 requests)
[17:41:47] [428/459] CSST
[17:41:48] [429/459] APCL
[17:41:49] [430/459] CGOS
[17:41:50] [431/459] CPEC
[17:41:51] [432/459] MCCP
[17:41:52] [433/459] BSSO
[17:41:53] [434/459] SJKA
[17:41:53] [435/459] CGBO
[17:41:55] [436/459] MVSK
[17:41:56] [437/459] HVCA
[17:41:56] 🔄 Identity reset
[17:41:56] 🔄 Identity rotated (every 10 requests)
[17:41:57] [438/459] NAMD
[17:41:58] [439/459] DEVI
[17:41:59] [440/459] SCSV
[17:42:00] [441/459] PSMA
[17:42:00] [442/459] CLDJ
[17:42:01] [443/459] NMAD
[17:42:03] [444/459] CGMO
[17:42:04] [445/459] MCNA
[17:42:05] [446/459] OCBN
[17:42:06] [447/459] CPEM
[17:42:06] 🔄 Identity reset
[17:42:06] 🔄 Identity rotated (every 10 requests)
[17:42:07] [448/459] CPSM
[17:42:08] [449/459] RCAD
[17:42:09] [450/459] CPMU
[17:42:10] [451/459] DICD
[17:42:12] [452/459] CHOE
[17:42:13] [453/459] PDJM
[17:42:14] [454/459] SSTU
[17:42:15] [455/459] VNRN
[17:42:16] [456/459] PVLG
[17:42:16] [457/459] SWBL
[17:42:17] 🔄 Identity reset
[17:42:17] 🔄 Identity rotated (every 10 requests)
[17:42:17] [458/459] SCAB
[17:42:18] [459/459] RDDA
[17:42:19] 🧹 Deduping shows
[17:42:19] ✅ DONE | Shows=1424 | Movies=36
[05:34:17] 🚀 SCRIPT STARTED (enhanced anti‑detection)
[05:34:17] [1/459] MCCZ
[05:34:17] 🧠 New identity created
[05:34:17] [2/459] FRPU
[05:34:18] [3/459] SKSI
[05:34:19] [4/459] SSCK
[05:34:20] [5/459] SRDC
[05:34:21] [6/459] RSCZ
[05:34:21] [7/459] PRVT
[05:34:22] [8/459] GAGJ
[05:34:22] [9/459] SMHG
[05:34:24] [10/459] JTST
[05:34:25] 🔄 Identity reset
[05:34:25] 🔄 Identity rotated (every 10 requests)
[05:34:25] [11/459] MYTH
[05:34:25] [12/459] JPCC
[05:34:26] [13/459] ACDC
[05:34:27] [14/459] SVFP
[05:34:28] [15/459] SFCM
[05:34:28] [16/459] RUPK
[05:34:29] [17/459] NTCR
[05:34:30] [18/459] RTCH
[05:34:31] [19/459] SCMH
[05:34:31] [20/459] SVYM
[05:34:32] 🔄 Identity reset
[05:34:32] 🔄 Identity rotated (every 10 requests)
[05:34:32] [21/459] SPYM
[05:34:33] [22/459] SMMF
[05:34:33] [23/459] CLLB
[05:34:34] [24/459] FMCB
[05:34:35] [25/459] BBTC
[05:34:35] [26/459] NTHS
[05:34:36] [27/459] PKKJ
[05:34:38] [28/459] MTJA
[05:34:38] [29/459] PMSJ
[05:34:39] [30/459] JMJU
[05:34:40] 🔄 Identity reset
[05:34:40] 🔄 Identity rotated (every 10 requests)
[05:34:40] [31/459] SRAD
[05:34:41] [32/459] MJMC
[05:34:42] [33/459] DFRM
[05:34:42] [34/459] PMRS
[05:34:43] [35/459] RKPP
[05:34:45] [36/459] BMBK
[05:34:45] [37/459] NEWS
[05:34:46] [38/459] SALB
[05:34:47] [39/459] SCPW
[05:34:48] [40/459] RAYL
[05:34:48] 🔄 Identity reset
[05:34:48] 🔄 Identity rotated (every 10 requests)
[05:34:49] [41/459] CMGJ
[05:34:49] [42/459] JRCR
[05:34:50] [43/459] SRTB
[05:34:51] [44/459] ETPB
[05:34:51] [45/459] MXBN
[05:34:52] [46/459] TOPE
[05:34:53] [47/459] SNLJ
[05:34:54] [48/459] CDDP
[05:34:54] [49/459] APCX
[05:34:55] [50/459] TALP
[05:34:56] 🔄 Identity reset
[05:34:56] 🔄 Identity rotated (every 10 requests)
[05:34:56] [51/459] RRMP
[05:34:57] [52/459] MAHB
[05:34:57] [53/459] MTKR
[05:34:58] [54/459] KSKL
[05:34:59] [55/459] RJLT
[05:34:59] [56/459] ATAS
[05:35:00] [57/459] AMHR
[05:35:01] [58/459] RSRM
[05:35:01] [59/459] GCAT
[05:35:02] [60/459] SMML
[05:35:02] 🔄 Identity reset
[05:35:02] 🔄 Identity rotated (every 10 requests)
[05:35:03] [61/459] ACCD
[05:35:03] [62/459] VYDA
[05:35:04] [63/459] MSKT
[05:35:05] [64/459] AVDM
[05:35:05] [65/459] ASMH
[05:35:06] [66/459] VTMB
[05:35:07] [67/459] WVMB
[05:35:07] [68/459] PPMN
[05:35:08] [69/459] MTMD
[05:35:09] [70/459] SMMO
[05:35:10] 🔄 Identity reset
[05:35:10] 🔄 Identity rotated (every 10 requests)
[05:35:10] [71/459] DLPB
[05:35:11] [72/459] AKMD
[05:35:13] [73/459] SHRR
[05:35:13] [74/459] ASCO
[05:35:14] [75/459] CZVX
[05:35:15] [76/459] GCBB
[05:35:15] [77/459] ATBM
[05:35:16] [78/459] TCGM
[05:35:17] [79/459] UMSE
[05:35:17] [80/459] NKCL
[05:35:18] 🔄 Identity reset
[05:35:18] 🔄 Identity rotated (every 10 requests)
[05:35:18] [81/459] BTLR
[05:35:19] [82/459] GOCL
[05:35:20] [83/459] MIRN
[05:35:21] [84/459] THEC
[05:35:21] [85/459] SPPB
[05:35:22] [86/459] PMMM
[05:35:23] [87/459] GGMC
[05:35:24] [88/459] AVSR
[05:35:24] [89/459] RDMH
[05:35:25] [90/459] JSRS
[05:35:26] 🔄 Identity reset
[05:35:26] 🔄 Identity rotated (every 10 requests)
[05:35:26] [91/459] VKGP
[05:35:27] [92/459] ACRT
[05:35:27] [93/459] GCBA
[05:35:28] [94/459] GTCP
[05:35:29] [95/459] AKFC
[05:35:30] [96/459] INCS
[05:35:32] [97/459] SMCK
[05:35:33] [98/459] BRUN
[05:35:33] [99/459] RPPC
[05:35:34] [100/459] PAYD
[05:35:34] 🔄 Identity reset
[05:35:34] 🔄 Identity rotated (every 10 requests)
[05:35:34] [101/459] SVVT
[05:35:35] [102/459] RNCC
[05:35:36] [103/459] PCRC
[05:35:37] [104/459] PMRM
[05:35:38] [105/459] CCRP
[05:35:38] [106/459] INCR
[05:35:39] [107/459] ZTMP
[05:35:39] [108/459] MCNR
[05:35:40] [109/459] INRP
[05:35:41] [110/459] STRC
[05:35:41] 🔄 Identity reset
[05:35:41] 🔄 Identity rotated (every 10 requests)
[05:35:41] 🔄 Retry 1/5 for STRC in 2.5s
[05:35:41] 🔄 Identity reset
[05:35:44] 🧠 New identity created
[05:35:44] [111/459] RATI
[05:35:45] [112/459] PBTR
[05:35:45] [113/459] CMHP
[05:35:47] [114/459] ZECJ
[05:35:48] [115/459] CCCB
[05:35:48] [116/459] BWCB
[05:35:49] [117/459] CCAT
[05:35:50] [118/459] KGCM
[05:35:50] [119/459] INPT
[05:35:51] 🔄 Identity reset
[05:35:51] 🔄 Identity rotated (every 10 requests)
[05:35:51] [120/459] FNCO
[05:35:52] [121/459] SRMJ
[05:35:53] [122/459] PFSC
[05:35:53] [123/459] PBMC
[05:35:54] [124/459] KARP
[05:35:55] [125/459] KOVI
[05:35:55] [126/459] ACXL
[05:35:56] [127/459] GKCC
[05:35:57] [128/459] ASCC
[05:35:58] [129/459] SETC
[05:35:58] 🔄 Identity reset
[05:35:59] 🔄 Identity rotated (every 10 requests)
[05:35:59] [130/459] KACC
[05:35:59] [131/459] KAVE
[05:36:00] [132/459] CNTC
[05:36:01] [133/459] MEEN
[05:36:01] [134/459] BMRV
[05:36:02] [135/459] SVAM
[05:36:03] [136/459] VTBP
[05:36:04] [137/459] VCKN
[05:36:04] [138/459] SGTK
[05:36:05] [139/459] RCGS
[05:36:05] 🔄 Identity reset
[05:36:05] 🔄 Identity rotated (every 10 requests)
[05:36:06] [140/459] RCCB
[05:36:06] [141/459] RKSR
[05:36:07] [142/459] RKCU
[05:36:08] [143/459] GIBH
[05:36:09] [144/459] CXBS
[05:36:09] [145/459] GGCB
[05:36:10] [146/459] SCPB
[05:36:11] [147/459] AKTB
[05:36:11] [148/459] SRBU
[05:36:13] [149/459] CSSA
[05:36:13] 🔄 Identity reset
[05:36:13] 🔄 Identity rotated (every 10 requests)
[05:36:13] 🔄 Retry 1/5 for CSSA in 2.6s
[05:36:13] 🔄 Identity reset
[05:36:16] 🧠 New identity created
[05:36:16] [150/459] MYAN
[05:36:17] [151/459] EXCA
[05:36:18] [152/459] CKSA
[05:36:18] [153/459] JTNM
[05:36:19] [154/459] CXKT
[05:36:20] [155/459] NCLM
[05:36:21] [156/459] JAAD
[05:36:21] [157/459] RDCR
[05:36:22] [158/459] MEER
[05:36:23] 🔄 Identity reset
[05:36:23] 🔄 Identity rotated (every 10 requests)
[05:36:23] [159/459] SIBT
[05:36:24] [160/459] PVVB
[05:36:25] [161/459] FNPN
[05:36:25] [162/459] CRPX
[05:36:26] [163/459] STET
[05:36:27] [164/459] METE
[05:36:28] [165/459] BJML
[05:36:29] [166/459] MAVT
[05:36:30] [167/459] MSRM
[05:36:30] [168/459] TJMP
[05:36:31] 🔄 Identity reset
[05:36:31] 🔄 Identity rotated (every 10 requests)
[05:36:31] [169/459] MHCK
[05:36:32] [170/459] SVGP
[05:36:33] [171/459] KRRC
[05:36:34] [172/459] IMCH
[05:36:34] [173/459] CMCS
[05:36:35] [174/459] SGND
[05:36:36] [175/459] RNAT
[05:36:37] [176/459] PRTN
[05:36:37] [177/459] MPTN
[05:36:38] [178/459] ARCC
[05:36:39] 🔄 Identity reset
[05:36:39] 🔄 Identity rotated (every 10 requests)
[05:36:39] [179/459] NTTE
[05:36:40] [180/459] ABND
[05:36:41] [181/459] KCSN
[05:36:42] [182/459] KCSA
[05:36:42] [183/459] DCKT
[05:36:43] [184/459] MBBR
[05:36:44] [185/459] RAMU
[05:36:45] [186/459] RACW
[05:36:45] [187/459] MCHP
[05:36:47] [188/459] TMHM
[05:36:47] 🔄 Identity reset
[05:36:47] 🔄 Identity rotated (every 10 requests)
[05:36:47] [189/459] STXH
[05:36:48] [190/459] AGSG
[05:36:49] [191/459] SIRA
[05:36:49] [192/459] RCAN
[05:36:50] [193/459] CWTB
[05:36:51] [194/459] VTYM
[05:36:52] [195/459] RRPP
[05:36:53] [196/459] ASMR
[05:36:53] [197/459] RONO
[05:36:54] [198/459] MEMR
[05:36:55] 🔄 Identity reset
[05:36:55] 🔄 Identity rotated (every 10 requests)
[05:36:55] [199/459] CTMR
[05:36:56] [200/459] PMTT
[05:36:56] [201/459] PSLX
[05:36:57] [202/459] IPPL
[05:36:58] [203/459] MMSG
[05:37:00] [204/459] INEL
[05:37:00] [205/459] COAC
[05:37:01] [206/459] WVLK
[05:37:02] [207/459] PPXL
[05:37:03] [208/459] PSML
[05:37:03] 🔄 Identity reset
[05:37:03] 🔄 Identity rotated (every 10 requests)
[05:37:03] [209/459] FNLK
[05:37:04] [210/459] ILUM
[05:37:06] [211/459] ILCM
[05:37:06] [212/459] MSNL
[05:37:07] [213/459] VINB
[05:37:08] [214/459] SALW
[05:37:08] [215/459] PRTB
[05:37:09] [216/459] NCIL
[05:37:10] [217/459] PSUL
[05:37:10] [218/459] SCLK
[05:37:11] 🔄 Identity reset
[05:37:11] 🔄 Identity rotated (every 10 requests)
[05:37:12] [219/459] ADDC
[05:37:13] [220/459] OACL
[05:37:14] [221/459] OOCF
[05:37:15] [222/459] GPMF
[05:37:15] [223/459] SSDG
[05:37:16] [224/459] SKRS
[05:37:17] [225/459] NTTP
[05:37:18] [226/459] SLTP
[05:37:18] [227/459] JTLC
[05:37:19] [228/459] POON
[05:37:19] 🔄 Identity reset
[05:37:20] 🔄 Identity rotated (every 10 requests)
[05:37:20] [229/459] CCPC
[05:37:21] [230/459] DCKC
[05:37:21] [231/459] CPRT
[05:37:22] [232/459] EYHZ
[05:37:23] [233/459] ARBL
[05:37:24] [234/459] SBTB
[05:37:25] [235/459] MMCK
[05:37:25] [236/459] PLMR
[05:37:26] [237/459] BIJH
[05:37:28] [238/459] SDRT
[05:37:28] 🔄 Identity reset
[05:37:28] 🔄 Identity rotated (every 10 requests)
[05:37:28] [239/459] PRDC
[05:37:29] [240/459] OMJA
[05:37:29] [241/459] VKCR
[05:37:30] [242/459] ATRT
[05:37:31] [243/459] WVRP
[05:37:32] [244/459] MVRP
[05:37:32] [245/459] FCAX
[05:37:33] [246/459] CTLC
[05:37:34] [247/459] JCHB
[05:37:35] [248/459] SELP
[05:37:36] 🔄 Identity reset
[05:37:36] 🔄 Identity rotated (every 10 requests)
[05:37:36] [249/459] VCPG
[05:37:36] [250/459] ASCX
[05:37:37] [251/459] EOCS
[05:37:39] [252/459] RCPH
[05:37:40] [253/459] RJTM
[05:37:40] [254/459] SGMD
[05:37:42] [255/459] SVJT
[05:37:43] [256/459] SPPO
[05:37:43] [257/459] MNRL
[05:37:45] [258/459] KNOX
[05:37:45] 🔄 Identity reset
[05:37:45] 🔄 Identity rotated (every 10 requests)
[05:37:45] [259/459] GIER
[05:37:46] [260/459] PJMS
[05:37:47] [261/459] UNSP
[05:37:48] [262/459] JETP
[05:37:49] [263/459] VTWA
[05:37:49] [264/459] SCJI
[05:37:50] [265/459] CBZZ
[05:37:51] [266/459] SDCJ
[05:37:51] [267/459] RRCC
[05:37:52] [268/459] VNKG
[05:37:52] 🔄 Identity reset
[05:37:52] 🔄 Identity rotated (every 10 requests)
[05:37:52] [269/459] LKTO
[05:37:53] [270/459] PJRM
[05:37:54] [271/459] NVRM
[05:37:55] [272/459] SJCS
[05:37:56] [273/459] VIGK
[05:37:56] [274/459] ANST
[05:37:57] [275/459] JTTS
[05:37:58] [276/459] NTST
[05:37:59] [277/459] PREB
[05:37:59] [278/459] TSCZ
[05:38:00] 🔄 Identity reset
[05:38:00] 🔄 Identity rotated (every 10 requests)
[05:38:00] [279/459] CDCM
[05:38:02] [280/459] ELYE
[05:38:03] [281/459] INBS
[05:38:05] [282/459] SMGC
[05:38:05] [283/459] UTMP
[05:38:06] [284/459] INTA
[05:38:07] [285/459] OMPT
[05:38:07] [286/459] SCIR
[05:38:08] [287/459] GCKJ
[05:38:10] [288/459] INOG
[05:38:10] 🔄 Identity reset
[05:38:10] 🔄 Identity rotated (every 10 requests)
[05:38:10] [289/459] SMGB
[05:38:11] [290/459] MCSG
[05:38:12] [291/459] STKG
[05:38:13] [292/459] TTKG
[05:38:14] [293/459] SRTR
[05:38:15] [294/459] ETTR
[05:38:16] [295/459] GGGZ
[05:38:17] [296/459] IPGM
[05:38:18] [297/459] FCDH
[05:38:19] [298/459] DESB
[05:38:20] 🔄 Identity reset
[05:38:20] 🔄 Identity rotated (every 10 requests)
[05:38:20] [299/459] VNTP
[05:38:21] [300/459] ANNT
[05:38:22] [301/459] SLTI
[05:38:22] [302/459] MAJU
[05:38:23] [303/459] JCXP
[05:38:24] [304/459] HARK
[05:38:25] [305/459] JPCJ
[05:38:26] [306/459] RXBD
[05:38:27] [307/459] PTKJ
[05:38:28] [308/459] CMTU
[05:38:29] 🔄 Identity reset
[05:38:29] 🔄 Identity rotated (every 10 requests)
[05:38:29] [309/459] SWOR
[05:38:30] [310/459] JMEX
[05:38:30] [311/459] DTPT
[05:38:31] [312/459] VGMM
[05:38:32] [313/459] VCSG
[05:38:32] [314/459] CVCG
[05:38:33] [315/459] TNTT
[05:38:33] [316/459] SHRM
[05:38:34] [317/459] CGKD
[05:38:35] [318/459] EKCM
[05:38:36] 🔄 Identity reset
[05:38:36] 🔄 Identity rotated (every 10 requests)
[05:38:37] [319/459] SDCX
[05:38:37] [320/459] SBTE
[05:38:38] [321/459] STKJ
[05:38:39] [322/459] TPCE
[05:38:40] [323/459] JTNP
[05:38:41] [324/459] LPCH
[05:38:42] [325/459] CPUO
[05:38:43] [326/459] APSU
[05:38:44] [327/459] RTHC
[05:38:45] [328/459] PTBU
[05:38:46] 🔄 Identity reset
[05:38:46] 🔄 Identity rotated (every 10 requests)
[05:38:46] [329/459] CUCC
[05:38:47] [330/459] CPSA
[05:38:47] [331/459] SUAY
[05:38:48] [332/459] AYAA
[05:38:49] [333/459] MUCH
[05:38:50] [334/459] PCIN
[05:38:51] [335/459] JRRM
[05:38:52] [336/459] KATS
[05:38:53] [337/459] MHFF
[05:38:54] [338/459] ESYM
[05:38:54] 🔄 Identity reset
[05:38:54] 🔄 Identity rotated (every 10 requests)
[05:38:54] 🔄 Retry 1/5 for ESYM in 2.6s
[05:38:54] 🔄 Identity reset
[05:38:57] 🧠 New identity created
[05:38:57] [339/459] STYV
[05:38:58] [340/459] SDKG
[05:38:58] [341/459] SMTI
[05:38:59] [342/459] NYCS
[05:39:00] [343/459] MTBG
[05:39:01] [344/459] RHCA
[05:39:01] [345/459] PCKH
[05:39:02] [346/459] ARCR
[05:39:03] [347/459] NCMB
[05:39:04] 🔄 Identity reset
[05:39:04] 🔄 Identity rotated (every 10 requests)
[05:39:04] [348/459] SHYC
[05:39:04] [349/459] LACK
[05:39:05] [350/459] MTCM
[05:39:06] [351/459] RRBN
[05:39:07] [352/459] MYDC
[05:39:08] [353/459] STCS
[05:39:08] [354/459] CONN
[05:39:09] [355/459] SIPS
[05:39:10] [356/459] SMMX
[05:39:10] [357/459] SCBY
[05:39:11] 🔄 Identity reset
[05:39:11] 🔄 Identity rotated (every 10 requests)
[05:39:11] [358/459] SUAP
[05:39:12] [359/459] RSMK
[05:39:13] [360/459] STKP
[05:39:14] [361/459] CIPC
[05:39:14] [362/459] KKCI
[05:39:15] [363/459] CTNK
[05:39:16] [364/459] MMTZ
[05:39:17] [365/459] DCCO
[05:39:18] [366/459] VNMN
[05:39:19] [367/459] RLCN
[05:39:19] 🔄 Identity reset
[05:39:19] 🔄 Identity rotated (every 10 requests)
[05:39:20] [368/459] CMMS
[05:39:20] [369/459] AYOU
[05:39:21] [370/459] SSCN
[05:39:22] [371/459] SMXN
[05:39:22] [372/459] ASSK
[05:39:23] [373/459] VCKM
[05:39:24] [374/459] PCPH
[05:39:25] [375/459] PADM
[05:39:26] [376/459] IESA
[05:39:26] [377/459] VCSP
[05:39:27] 🔄 Identity reset
[05:39:27] 🔄 Identity rotated (every 10 requests)
[05:39:27] [378/459] AEST
[05:39:29] [379/459] VTNR
[05:39:30] [380/459] GTTA
[05:39:30] [381/459] CMMM
[05:39:31] [382/459] AHKT
[05:39:32] [383/459] SIJI
[05:39:33] [384/459] VCEI
[05:39:34] [385/459] SAKR
[05:39:35] [386/459] VSMT
[05:39:35] [387/459] SSCT
[05:39:36] 🔄 Identity reset
[05:39:36] 🔄 Identity rotated (every 10 requests)
[05:39:36] [388/459] USTR
[05:39:37] [389/459] MTKT
[05:39:38] [390/459] TGMP
[05:39:39] [391/459] SIVC
[05:39:39] [392/459] KICT
[05:39:41] [393/459] DAMD
[05:39:42] [394/459] CNPT
[05:39:43] [395/459] RVTT
[05:39:44] [396/459] SNCM
[05:39:45] [397/459] GHTE
[05:39:45] 🔄 Identity reset
[05:39:45] 🔄 Identity rotated (every 10 requests)
[05:39:45] [398/459] PPAM
[05:39:46] [399/459] PVAA
[05:39:47] [400/459] CPAO
[05:39:48] [401/459] HAMD
[05:39:49] [402/459] RCCA
[05:39:50] [403/459] MPCH
[05:39:51] [404/459] ARED
[05:39:52] [405/459] RRCV
[05:39:52] [406/459] MTRB
[05:39:53] [407/459] CKUA
[05:39:54] 🔄 Identity reset
[05:39:54] 🔄 Identity rotated (every 10 requests)
[05:39:54] [408/459] ABMP
[05:39:55] [409/459] RCWA
[05:39:56] [410/459] CGAR
[05:39:57] [411/459] METH
[05:39:58] [412/459] WAGA
[05:39:59] [413/459] MCMA
[05:40:00] [414/459] CSMP
[05:40:01] [415/459] RCNK
[05:40:02] [416/459] PSTM
[05:40:03] [417/459] CSEP
[05:40:03] 🔄 Identity reset
[05:40:04] 🔄 Identity rotated (every 10 requests)
[05:40:04] [418/459] AMGD
[05:40:05] [419/459] CSTE
[05:40:06] [420/459] CONS
[05:40:06] [421/459] APPX
[05:40:07] [422/459] MABC
[05:40:08] [423/459] CXST
[05:40:09] [424/459] MATN
[05:40:10] [425/459] MACZ
[05:40:11] [426/459] MASA
[05:40:11] [427/459] MBSX
[05:40:12] 🔄 Identity reset
[05:40:12] 🔄 Identity rotated (every 10 requests)
[05:40:12] [428/459] CSST
[05:40:13] [429/459] APCL
[05:40:14] [430/459] CGOS
[05:40:15] [431/459] CPEC
[05:40:16] [432/459] MCCP
[05:40:17] [433/459] BSSO
[05:40:17] [434/459] SJKA
[05:40:18] [435/459] CGBO
[05:40:19] [436/459] MVSK
[05:40:21] [437/459] HVCA
[05:40:21] 🔄 Identity reset
[05:40:21] 🔄 Identity rotated (every 10 requests)
[05:40:22] 🔄 Retry 1/5 for HVCA in 2.1s
[05:40:22] 🔄 Identity reset
[05:40:24] 🧠 New identity created
[05:40:24] [438/459] NAMD
[05:40:25] [439/459] DEVI
[05:40:26] [440/459] SCSV
[05:40:26] [441/459] PSMA
[05:40:27] [442/459] CLDJ
[05:40:29] [443/459] NMAD
[05:40:29] [444/459] CGMO
[05:40:30] [445/459] MCNA
[05:40:31] [446/459] OCBN
[05:40:32] 🔄 Identity reset
[05:40:32] 🔄 Identity rotated (every 10 requests)
[05:40:32] [447/459] CPEM
[05:40:33] [448/459] CPSM
[05:40:34] [449/459] RCAD
[05:40:35] [450/459] CPMU
[05:40:36] [451/459] DICD
[05:40:36] [452/459] CHOE
[05:40:37] [453/459] PDJM
[05:40:38] [454/459] SSTU
[05:40:39] [455/459] VNRN
[05:40:39] [456/459] PVLG
[05:40:40] 🔄 Identity reset
[05:40:40] 🔄 Identity rotated (every 10 requests)
[05:40:40] [457/459] SWBL
[05:40:41] [458/459] SCAB
[05:40:42] [459/459] RDDA
[05:40:43] 🧹 Deduping shows
[05:40:43] ✅ DONE | Shows=1802 | Movies=50
[14:21:36] 🚀 SCRIPT STARTED (enhanced anti‑detection)
[14:21:36] [1/459] MCCZ
[14:21:37] 🧠 New identity created
[14:21:38] [2/459] FRPU
[14:21:38] [3/459] SKSI
[14:21:39] [4/459] SSCK
[14:21:40] [5/459] SRDC
[14:21:41] [6/459] RSCZ
[14:21:41] [7/459] PRVT
[14:21:42] [8/459] GAGJ
[14:21:44] [9/459] SMHG
[14:21:44] [10/459] JTST
[14:21:45] 🔄 Identity reset
[14:21:45] 🔄 Identity rotated (every 10 requests)
[14:21:45] [11/459] MYTH
[14:21:46] [12/459] JPCC
[14:21:48] [13/459] ACDC
[14:21:49] [14/459] SVFP
[14:21:49] [15/459] SFCM
[14:21:50] [16/459] RUPK
[14:21:51] [17/459] NTCR
[14:21:51] [18/459] RTCH
[14:21:52] [19/459] SCMH
[14:21:53] [20/459] SVYM
[14:21:54] 🔄 Identity reset
[14:21:54] 🔄 Identity rotated (every 10 requests)
[14:21:54] [21/459] SPYM
[14:21:55] [22/459] SMMF
[14:21:55] [23/459] CLLB
[14:21:56] [24/459] FMCB
[14:21:58] [25/459] BBTC
[14:21:59] [26/459] NTHS
[14:22:00] [27/459] PKKJ
[14:22:00] [28/459] MTJA
[14:22:01] [29/459] PMSJ
[14:22:02] [30/459] JMJU
[14:22:03] 🔄 Identity reset
[14:22:03] 🔄 Identity rotated (every 10 requests)
[14:22:03] [31/459] SRAD
[14:22:04] [32/459] MJMC
[14:22:05] [33/459] DFRM
[14:22:05] [34/459] PMRS
[14:22:06] [35/459] RKPP
[14:22:07] [36/459] BMBK
[14:22:08] [37/459] NEWS
[14:22:09] [38/459] SALB
[14:22:10] [39/459] SCPW
[14:22:11] [40/459] RAYL
[14:22:11] 🔄 Identity reset
[14:22:11] 🔄 Identity rotated (every 10 requests)
[14:22:11] [41/459] CMGJ
[14:22:12] [42/459] JRCR
[14:22:14] [43/459] SRTB
[14:22:15] [44/459] ETPB
[14:22:15] [45/459] MXBN
[14:22:17] [46/459] TOPE
[14:22:18] [47/459] SNLJ
[14:22:19] [48/459] CDDP
[14:22:20] [49/459] APCX
[14:22:21] [50/459] TALP
[14:22:22] 🔄 Identity reset
[14:22:22] 🔄 Identity rotated (every 10 requests)
[14:22:22] [51/459] RRMP
[14:22:23] [52/459] MAHB
[14:22:24] [53/459] MTKR
[14:22:25] [54/459] KSKL
[14:22:25] [55/459] RJLT
[14:22:26] [56/459] ATAS
[14:22:27] [57/459] AMHR
[14:22:28] [58/459] RSRM
[14:22:29] [59/459] GCAT
[14:22:30] [60/459] SMML
[14:22:31] 🔄 Identity reset
[14:22:31] 🔄 Identity rotated (every 10 requests)
[14:22:31] [61/459] ACCD
[14:22:32] [62/459] VYDA
[14:22:33] [63/459] MSKT
[14:22:33] [64/459] AVDM
[14:22:35] [65/459] ASMH
[14:22:36] [66/459] VTMB
[14:22:37] [67/459] WVMB
[14:22:37] [68/459] PPMN
[14:22:38] [69/459] MTMD
[14:22:39] [70/459] SMMO
[14:22:40] 🔄 Identity reset
[14:22:40] 🔄 Identity rotated (every 10 requests)
[14:22:40] [71/459] DLPB
[14:22:41] [72/459] AKMD
[14:22:42] [73/459] SHRR
[14:22:42] [74/459] ASCO
[14:22:43] [75/459] CZVX
[14:22:44] [76/459] GCBB
[14:22:45] [77/459] ATBM
[14:22:46] [78/459] TCGM
[14:22:47] [79/459] UMSE
[14:22:48] [80/459] NKCL
[14:22:48] 🔄 Identity reset
[14:22:48] 🔄 Identity rotated (every 10 requests)
[14:22:48] [81/459] BTLR
[14:22:49] [82/459] GOCL
[14:22:50] [83/459] MIRN
[14:22:51] [84/459] THEC
[14:22:52] [85/459] SPPB
[14:22:53] [86/459] PMMM
[14:22:54] [87/459] GGMC
[14:22:54] [88/459] AVSR
[14:22:55] [89/459] RDMH
[14:22:56] [90/459] JSRS
[14:22:57] 🔄 Identity reset
[14:22:57] 🔄 Identity rotated (every 10 requests)
[14:22:57] [91/459] VKGP
[14:22:59] [92/459] ACRT
[14:23:00] [93/459] GCBA
[14:23:01] [94/459] GTCP
[14:23:02] [95/459] AKFC
[14:23:03] [96/459] INCS
[14:23:04] [97/459] SMCK
[14:23:05] [98/459] BRUN
[14:23:06] [99/459] RPPC
[14:23:07] [100/459] PAYD
[14:23:07] 🔄 Identity reset
[14:23:07] 🔄 Identity rotated (every 10 requests)
[14:23:08] [101/459] SVVT
[14:23:08] [102/459] RNCC
[14:23:10] [103/459] PCRC
[14:23:11] [104/459] PMRM
[14:23:12] [105/459] CCRP
[14:23:13] [106/459] INCR
[14:23:14] [107/459] ZTMP
[14:23:15] [108/459] MCNR
[14:23:16] [109/459] INRP
[14:23:17] [110/459] STRC
[14:23:18] 🔄 Identity reset
[14:23:18] 🔄 Identity rotated (every 10 requests)
[14:23:18] [111/459] RATI
[14:23:19] [112/459] PBTR
[14:23:20] [113/459] CMHP
[14:23:21] [114/459] ZECJ
[14:23:22] [115/459] CCCB
[14:23:22] [116/459] BWCB
[14:23:23] [117/459] CCAT
[14:23:25] [118/459] KGCM
[14:23:26] [119/459] INPT
[14:23:27] [120/459] FNCO
[14:23:27] 🔄 Identity reset
[14:23:27] 🔄 Identity rotated (every 10 requests)
[14:23:28] [121/459] SRMJ
[14:23:29] [122/459] PFSC
[14:23:30] [123/459] PBMC
[14:23:31] [124/459] KARP
[14:23:32] [125/459] KOVI
[14:23:33] [126/459] ACXL
[14:23:34] [127/459] GKCC
[14:23:35] [128/459] ASCC
[14:23:35] [129/459] SETC
[14:23:37] [130/459] KACC
[14:23:37] 🔄 Identity reset
[14:23:37] 🔄 Identity rotated (every 10 requests)
[14:23:38] [131/459] KAVE
[14:23:39] [132/459] CNTC
[14:23:40] [133/459] MEEN
[14:23:41] [134/459] BMRV
[14:23:42] [135/459] SVAM
[14:23:43] [136/459] VTBP
[14:23:43] [137/459] VCKN
[14:23:44] [138/459] SGTK
[14:23:45] [139/459] RCGS
[14:23:46] [140/459] RCCB
[14:23:47] 🔄 Identity reset
[14:23:47] 🔄 Identity rotated (every 10 requests)
[14:23:47] [141/459] RKSR
[14:23:48] [142/459] RKCU
[14:23:49] [143/459] GIBH
[14:23:50] [144/459] CXBS
[14:23:51] [145/459] GGCB
[14:23:52] [146/459] SCPB
[14:23:53] [147/459] AKTB
[14:23:53] [148/459] SRBU
[14:23:55] [149/459] CSSA
[14:23:56] [150/459] MYAN
[14:23:57] 🔄 Identity reset
[14:23:57] 🔄 Identity rotated (every 10 requests)
[14:23:57] [151/459] EXCA
[14:23:58] [152/459] CKSA
[14:23:59] [153/459] JTNM
[14:24:00] [154/459] CXKT
[14:24:01] [155/459] NCLM
[14:24:02] [156/459] JAAD
[14:24:03] [157/459] RDCR
[14:24:04] [158/459] MEER
[14:24:05] [159/459] SIBT
[14:24:06] [160/459] PVVB
[14:24:06] 🔄 Identity reset
[14:24:06] 🔄 Identity rotated (every 10 requests)
[14:24:06] 🔄 Retry 1/5 for PVVB in 2.3s
[14:24:06] 🔄 Identity reset
[14:24:09] 🧠 New identity created
[14:24:09] [161/459] FNPN
[14:24:10] [162/459] CRPX
[14:24:11] [163/459] STET
[14:24:11] [164/459] METE
[14:24:12] [165/459] BJML
[14:24:13] [166/459] MAVT
[14:24:14] [167/459] MSRM
[14:24:15] [168/459] TJMP
[14:24:16] [169/459] MHCK
[14:24:16] 🔄 Identity reset
[14:24:16] 🔄 Identity rotated (every 10 requests)
[14:24:17] [170/459] SVGP
[14:24:17] [171/459] KRRC
[14:24:18] [172/459] IMCH
[14:24:19] [173/459] CMCS
[14:24:20] [174/459] SGND
[14:24:20] [175/459] RNAT
[14:24:21] [176/459] PRTN
[14:24:22] [177/459] MPTN
[14:24:23] [178/459] ARCC
[14:24:24] [179/459] NTTE
[14:24:25] 🔄 Identity reset
[14:24:25] 🔄 Identity rotated (every 10 requests)
[14:24:25] [180/459] ABND
[14:24:26] [181/459] KCSN
[14:24:27] [182/459] KCSA
[14:24:28] [183/459] DCKT
[14:24:29] [184/459] MBBR
[14:24:29] [185/459] RAMU
[14:24:30] [186/459] RACW
[14:24:31] [187/459] MCHP
[14:24:32] [188/459] TMHM
[14:24:33] [189/459] STXH
[14:24:33] 🔄 Identity reset
[14:24:33] 🔄 Identity rotated (every 10 requests)
[14:24:34] [190/459] AGSG
[14:24:35] [191/459] SIRA
[14:24:36] [192/459] RCAN
[14:24:37] [193/459] CWTB
[14:24:37] [194/459] VTYM
[14:24:38] [195/459] RRPP
[14:24:39] [196/459] ASMR
[14:24:40] [197/459] RONO
[14:24:41] [198/459] MEMR
[14:24:42] [199/459] CTMR
[14:24:42] 🔄 Identity reset
[14:24:42] 🔄 Identity rotated (every 10 requests)
[14:24:43] [200/459] PMTT
[14:24:44] [201/459] PSLX
[14:24:45] [202/459] IPPL
[14:24:46] [203/459] MMSG
[14:24:47] [204/459] INEL
[14:24:48] [205/459] COAC
[14:24:49] [206/459] WVLK
[14:24:50] [207/459] PPXL
[14:24:51] [208/459] PSML
[14:24:51] [209/459] FNLK
[14:24:52] 🔄 Identity reset
[14:24:52] 🔄 Identity rotated (every 10 requests)
[14:24:53] [210/459] ILUM
[14:24:53] [211/459] ILCM
[14:24:55] [212/459] MSNL
[14:24:56] [213/459] VINB
[14:24:57] [214/459] SALW
[14:24:58] [215/459] PRTB
[14:24:59] [216/459] NCIL
[14:25:00] [217/459] PSUL
[14:25:01] [218/459] SCLK
[14:25:02] [219/459] ADDC
[14:25:02] 🔄 Identity reset
[14:25:02] 🔄 Identity rotated (every 10 requests)
[14:25:03] [220/459] OACL
[14:25:04] [221/459] OOCF
[14:25:04] [222/459] GPMF
[14:25:05] [223/459] SSDG
[14:25:06] [224/459] SKRS
[14:25:07] [225/459] NTTP
[14:25:08] [226/459] SLTP
[14:25:09] [227/459] JTLC
[14:25:10] [228/459] POON
[14:25:11] [229/459] CCPC
[14:25:12] 🔄 Identity reset
[14:25:12] 🔄 Identity rotated (every 10 requests)
[14:25:12] [230/459] DCKC
[14:25:13] [231/459] CPRT
[14:25:14] [232/459] EYHZ
[14:25:15] [233/459] ARBL
[14:25:16] [234/459] SBTB
[14:25:17] [235/459] MMCK
[14:25:18] [236/459] PLMR
[14:25:19] [237/459] BIJH
[14:25:19] [238/459] SDRT
[14:25:20] [239/459] PRDC
[14:25:21] 🔄 Identity reset
[14:25:21] 🔄 Identity rotated (every 10 requests)
[14:25:21] 🔄 Retry 1/5 for PRDC in 2.3s
[14:25:21] 🔄 Identity reset
[14:25:23] 🧠 New identity created
[14:25:24] [240/459] OMJA
[14:25:24] [241/459] VKCR
[14:25:25] [242/459] ATRT
[14:25:26] [243/459] WVRP
[14:25:27] [244/459] MVRP
[14:25:29] [245/459] FCAX
[14:25:30] [246/459] CTLC
[14:25:31] [247/459] JCHB
[14:25:31] [248/459] SELP
[14:25:32] 🔄 Identity reset
[14:25:32] 🔄 Identity rotated (every 10 requests)
[14:25:32] [249/459] VCPG
[14:25:34] [250/459] ASCX
[14:25:34] [251/459] EOCS
[14:25:35] [252/459] RCPH
[14:25:36] [253/459] RJTM
[14:25:37] [254/459] SGMD
[14:25:38] [255/459] SVJT
[14:25:40] [256/459] SPPO
[14:25:40] [257/459] MNRL
[14:25:41] [258/459] KNOX
[14:25:42] 🔄 Identity reset
[14:25:42] 🔄 Identity rotated (every 10 requests)
[14:25:42] [259/459] GIER
[14:25:43] [260/459] PJMS
[14:25:44] [261/459] UNSP
[14:25:45] [262/459] JETP
[14:25:45] [263/459] VTWA
[14:25:46] [264/459] SCJI
[14:25:47] [265/459] CBZZ
[14:25:48] [266/459] SDCJ
[14:25:49] [267/459] RRCC
[14:25:50] [268/459] VNKG
[14:25:50] 🔄 Identity reset
[14:25:50] 🔄 Identity rotated (every 10 requests)
[14:25:50] [269/459] LKTO
[14:25:51] [270/459] PJRM
[14:25:53] [271/459] NVRM
[14:25:54] [272/459] SJCS
[14:25:54] [273/459] VIGK
[14:25:55] [274/459] ANST
[14:25:56] [275/459] JTTS
[14:25:57] [276/459] NTST
[14:25:58] [277/459] PREB
[14:25:59] [278/459] TSCZ
[14:26:00] 🔄 Identity reset
[14:26:00] 🔄 Identity rotated (every 10 requests)
[14:26:00] [279/459] CDCM
[14:26:01] [280/459] ELYE
[14:26:02] [281/459] INBS
[14:26:03] [282/459] SMGC
[14:26:04] [283/459] UTMP
[14:26:04] [284/459] INTA
[14:26:06] [285/459] OMPT
[14:26:07] [286/459] SCIR
[14:26:08] [287/459] GCKJ
[14:26:09] [288/459] INOG
[14:26:10] 🔄 Identity reset
[14:26:10] 🔄 Identity rotated (every 10 requests)
[14:26:10] 🔄 Retry 1/5 for INOG in 2.1s
[14:26:10] 🔄 Identity reset
[14:26:12] 🧠 New identity created
[14:26:13] [289/459] SMGB
[14:26:14] [290/459] MCSG
[14:26:14] [291/459] STKG
[14:26:15] [292/459] TTKG
[14:26:16] [293/459] SRTR
[14:26:17] [294/459] ETTR
[14:26:18] [295/459] GGGZ
[14:26:19] [296/459] IPGM
[14:26:19] [297/459] FCDH
[14:26:20] 🔄 Identity reset
[14:26:20] 🔄 Identity rotated (every 10 requests)
[14:26:20] [298/459] DESB
[14:26:21] [299/459] VNTP
[14:26:22] [300/459] ANNT
[14:26:23] [301/459] SLTI
[14:26:24] [302/459] MAJU
[14:26:24] [303/459] JCXP
[14:26:25] [304/459] HARK
[14:26:26] [305/459] JPCJ
[14:26:27] [306/459] RXBD
[14:26:28] [307/459] PTKJ
[14:26:29] 🔄 Identity reset
[14:26:29] 🔄 Identity rotated (every 10 requests)
[14:26:29] [308/459] CMTU
[14:26:30] [309/459] SWOR
[14:26:31] [310/459] JMEX
[14:26:31] [311/459] DTPT
[14:26:32] [312/459] VGMM
[14:26:33] [313/459] VCSG
[14:26:34] [314/459] CVCG
[14:26:35] [315/459] TNTT
[14:26:36] [316/459] SHRM
[14:26:36] [317/459] CGKD
[14:26:37] 🔄 Identity reset
[14:26:37] 🔄 Identity rotated (every 10 requests)
[14:26:37] [318/459] EKCM
[14:26:38] [319/459] SDCX
[14:26:39] [320/459] SBTE
[14:26:40] [321/459] STKJ
[14:26:41] [322/459] TPCE
[14:26:42] [323/459] JTNP
[14:26:43] [324/459] LPCH
[14:26:43] [325/459] CPUO
[14:26:44] [326/459] APSU
[14:26:45] [327/459] RTHC
[14:26:46] 🔄 Identity reset
[14:26:46] 🔄 Identity rotated (every 10 requests)
[14:26:46] [328/459] PTBU
[14:26:47] [329/459] CUCC
[14:26:48] [330/459] CPSA
[14:26:49] [331/459] SUAY
[14:26:50] [332/459] AYAA
[14:26:50] [333/459] MUCH
[14:26:51] [334/459] PCIN
[14:26:52] [335/459] JRRM
[14:26:53] [336/459] KATS
[14:26:54] [337/459] MHFF
[14:26:54] 🔄 Identity reset
[14:26:54] 🔄 Identity rotated (every 10 requests)
[14:26:55] [338/459] ESYM
[14:26:55] [339/459] STYV
[14:26:57] [340/459] SDKG
[14:26:58] [341/459] SMTI
[14:26:59] [342/459] NYCS
[14:27:00] [343/459] MTBG
[14:27:00] [344/459] RHCA
[14:27:01] [345/459] PCKH
[14:27:02] [346/459] ARCR
[14:27:03] [347/459] NCMB
[14:27:04] 🔄 Identity reset
[14:27:04] 🔄 Identity rotated (every 10 requests)
[14:27:04] [348/459] SHYC
[14:27:05] [349/459] LACK
[14:27:06] [350/459] MTCM
[14:27:07] [351/459] RRBN
[14:27:07] [352/459] MYDC
[14:27:08] [353/459] STCS
[14:27:09] [354/459] CONN
[14:27:10] [355/459] SIPS
[14:27:11] [356/459] SMMX
[14:27:12] [357/459] SCBY
[14:27:13] 🔄 Identity reset
[14:27:13] 🔄 Identity rotated (every 10 requests)
[14:27:13] [358/459] SUAP
[14:27:14] [359/459] RSMK
[14:27:15] [360/459] STKP
[14:27:15] [361/459] CIPC
[14:27:16] [362/459] KKCI
[14:27:17] [363/459] CTNK
[14:27:18] [364/459] MMTZ
[14:27:19] [365/459] DCCO
[14:27:20] [366/459] VNMN
[14:27:21] [367/459] RLCN
[14:27:21] 🔄 Identity reset
[14:27:21] 🔄 Identity rotated (every 10 requests)
[14:27:21] 🔄 Retry 1/5 for RLCN in 2.1s
[14:27:21] 🔄 Identity reset
[14:27:23] 🧠 New identity created
[14:27:24] [368/459] CMMS
[14:27:24] [369/459] AYOU
[14:27:25] [370/459] SSCN
[14:27:26] [371/459] SMXN
[14:27:27] [372/459] ASSK
[14:27:28] [373/459] VCKM
[14:27:29] [374/459] PCPH
[14:27:29] [375/459] PADM
[14:27:30] [376/459] IESA
[14:27:31] 🔄 Identity reset
[14:27:31] 🔄 Identity rotated (every 10 requests)
[14:27:31] [377/459] VCSP
[14:27:32] [378/459] AEST
[14:27:33] [379/459] VTNR
[14:27:34] [380/459] GTTA
[14:27:35] [381/459] CMMM
[14:27:35] [382/459] AHKT
[14:27:36] [383/459] SIJI
[14:27:37] [384/459] VCEI
[14:27:38] [385/459] SAKR
[14:27:40] [386/459] VSMT
[14:27:40] 🔄 Identity reset
[14:27:40] 🔄 Identity rotated (every 10 requests)
[14:27:40] [387/459] SSCT
[14:27:41] [388/459] USTR
[14:27:42] [389/459] MTKT
[14:27:43] [390/459] TGMP
[14:27:44] [391/459] SIVC
[14:27:46] [392/459] KICT
[14:27:47] [393/459] DAMD
[14:27:48] [394/459] CNPT
[14:27:49] [395/459] RVTT
[14:27:50] [396/459] SNCM
[14:27:50] 🔄 Identity reset
[14:27:50] 🔄 Identity rotated (every 10 requests)
[14:27:50] [397/459] GHTE
[14:27:51] [398/459] PPAM
[14:27:52] [399/459] PVAA
[14:27:53] [400/459] CPAO
[14:27:54] [401/459] HAMD
[14:27:55] [402/459] RCCA
[14:27:56] [403/459] MPCH
[14:27:57] [404/459] ARED
[14:27:58] [405/459] RRCV
[14:27:59] [406/459] MTRB
[14:28:00] 🔄 Identity reset
[14:28:00] 🔄 Identity rotated (every 10 requests)
[14:28:01] [407/459] CKUA
[14:28:02] [408/459] ABMP
[14:28:03] [409/459] RCWA
[14:28:04] [410/459] CGAR
[14:28:05] [411/459] METH
[14:28:06] [412/459] WAGA
[14:28:06] [413/459] MCMA
[14:28:07] [414/459] CSMP
[14:28:08] [415/459] RCNK
[14:28:09] [416/459] PSTM
[14:28:10] 🔄 Identity reset
[14:28:10] 🔄 Identity rotated (every 10 requests)
[14:28:10] [417/459] CSEP
[14:28:11] [418/459] AMGD
[14:28:12] [419/459] CSTE
[14:28:13] [420/459] CONS
[14:28:14] [421/459] APPX
[14:28:14] [422/459] MABC
[14:28:15] [423/459] CXST
[14:28:16] [424/459] MATN
[14:28:17] [425/459] MACZ
[14:28:18] [426/459] MASA
[14:28:18] 🔄 Identity reset
[14:28:18] 🔄 Identity rotated (every 10 requests)
[14:28:19] [427/459] MBSX
[14:28:20] [428/459] CSST
[14:28:21] [429/459] APCL
[14:28:22] [430/459] CGOS
[14:28:23] [431/459] CPEC
[14:28:24] [432/459] MCCP
[14:28:25] [433/459] BSSO
[14:28:25] [434/459] SJKA
[14:28:26] [435/459] CGBO
[14:28:27] [436/459] MVSK
[14:28:28] 🔄 Identity reset
[14:28:28] 🔄 Identity rotated (every 10 requests)
[14:28:28] [437/459] HVCA
[14:28:29] [438/459] NAMD
[14:28:30] [439/459] DEVI
[14:28:31] [440/459] SCSV
[14:28:31] [441/459] PSMA
[14:28:32] [442/459] CLDJ
[14:28:33] [443/459] NMAD
[14:28:34] [444/459] CGMO
[14:28:35] [445/459] MCNA
[14:28:36] [446/459] OCBN
[14:28:36] 🔄 Identity reset
[14:28:36] 🔄 Identity rotated (every 10 requests)
[14:28:37] [447/459] CPEM
[14:28:38] [448/459] CPSM
[14:28:40] [449/459] RCAD
[14:28:40] [450/459] CPMU
[14:28:41] [451/459] DICD
[14:28:42] [452/459] CHOE
[14:28:43] [453/459] PDJM
[14:28:44] [454/459] SSTU
[14:28:45] [455/459] VNRN
[14:28:46] [456/459] PVLG
[14:28:47] 🔄 Identity reset
[14:28:47] 🔄 Identity rotated (every 10 requests)
[14:28:47] [457/459] SWBL
[14:28:48] [458/459] SCAB
[14:28:49] [459/459] RDDA
[14:28:50] 🧹 Deduping shows
[14:28:50] ✅ DONE | Shows=2049 | Movies=54
[22:53:00] 🚀 SCRIPT STARTED (enhanced anti‑detection)
[22:53:00] [1/459] MCCZ
[22:53:00] 🧠 New identity created
[22:53:01] [2/459] FRPU
[22:53:02] [3/459] SKSI
[22:53:02] [4/459] SSCK
[22:53:03] [5/459] SRDC
[22:53:04] [6/459] RSCZ
[22:53:05] [7/459] PRVT
[22:53:07] [8/459] GAGJ
[22:53:07] [9/459] SMHG
[22:53:08] [10/459] JTST
[22:53:09] 🔄 Identity reset
[22:53:09] 🔄 Identity rotated (every 10 requests)
[22:53:09] [11/459] MYTH
[22:53:10] [12/459] JPCC
[22:53:11] [13/459] ACDC
[22:53:12] [14/459] SVFP
[22:53:13] [15/459] SFCM
[22:53:15] [16/459] RUPK
[22:53:15] [17/459] NTCR
[22:53:16] [18/459] RTCH
[22:53:17] [19/459] SCMH
[22:53:18] [20/459] SVYM
[22:53:19] 🔄 Identity reset
[22:53:19] 🔄 Identity rotated (every 10 requests)
[22:53:19] [21/459] SPYM
[22:53:20] [22/459] SMMF
[22:53:21] [23/459] CLLB
[22:53:22] [24/459] FMCB
[22:53:23] [25/459] BBTC
[22:53:24] [26/459] NTHS
[22:53:25] [27/459] PKKJ
[22:53:25] [28/459] MTJA
[22:53:26] [29/459] PMSJ
[22:53:27] [30/459] JMJU
[22:53:28] 🔄 Identity reset
[22:53:28] 🔄 Identity rotated (every 10 requests)
[22:53:29] [31/459] SRAD
[22:53:30] [32/459] MJMC
[22:53:31] [33/459] DFRM
[22:53:32] [34/459] PMRS
[22:53:33] [35/459] RKPP
[22:53:34] [36/459] BMBK
[22:53:35] [37/459] NEWS
[22:53:36] [38/459] SALB
[22:53:37] [39/459] SCPW
[22:53:37] [40/459] RAYL
[22:53:38] 🔄 Identity reset
[22:53:38] 🔄 Identity rotated (every 10 requests)
[22:53:38] 🔄 Retry 1/5 for RAYL in 2.1s
[22:53:38] 🔄 Identity reset
[22:53:40] 🧠 New identity created
[22:53:41] [41/459] CMGJ
[22:53:42] [42/459] JRCR
[22:53:42] [43/459] SRTB
[22:53:43] [44/459] ETPB
[22:53:44] [45/459] MXBN
[22:53:45] [46/459] TOPE
[22:53:46] [47/459] SNLJ
[22:53:47] [48/459] CDDP
[22:53:47] [49/459] APCX
[22:53:48] 🔄 Identity reset
[22:53:48] 🔄 Identity rotated (every 10 requests)
[22:53:48] [50/459] TALP
[22:53:49] [51/459] RRMP
[22:53:50] [52/459] MAHB
[22:53:51] [53/459] MTKR
[22:53:52] [54/459] KSKL
[22:53:53] [55/459] RJLT
[22:53:54] [56/459] ATAS
[22:53:55] [57/459] AMHR
[22:53:56] [58/459] RSRM
[22:53:57] [59/459] GCAT
[22:53:57] 🔄 Identity reset
[22:53:57] 🔄 Identity rotated (every 10 requests)
[22:53:57] [60/459] SMML
[22:53:58] [61/459] ACCD
[22:54:00] [62/459] VYDA
[22:54:01] [63/459] MSKT
[22:54:01] [64/459] AVDM
[22:54:02] [65/459] ASMH
[22:54:03] [66/459] VTMB
[22:54:04] [67/459] WVMB
[22:54:05] [68/459] PPMN
[22:54:06] [69/459] MTMD
[22:54:07] 🔄 Identity reset
[22:54:07] 🔄 Identity rotated (every 10 requests)
[22:54:07] [70/459] SMMO
[22:54:08] [71/459] DLPB
[22:54:09] [72/459] AKMD
[22:54:10] [73/459] SHRR
[22:54:11] [74/459] ASCO
[22:54:12] [75/459] CZVX
[22:54:13] [76/459] GCBB
[22:54:14] [77/459] ATBM
[22:54:14] [78/459] TCGM
[22:54:15] [79/459] UMSE
[22:54:16] 🔄 Identity reset
[22:54:16] 🔄 Identity rotated (every 10 requests)
[22:54:16] 🔄 Retry 1/5 for UMSE in 2.4s
[22:54:16] 🔄 Identity reset
[22:54:18] 🧠 New identity created
[22:54:19] [80/459] NKCL
[22:54:19] [81/459] BTLR
[22:54:20] [82/459] GOCL
[22:54:21] [83/459] MIRN
[22:54:22] [84/459] THEC
[22:54:23] [85/459] SPPB
[22:54:24] [86/459] PMMM
[22:54:24] [87/459] GGMC
[22:54:25] [88/459] AVSR
[22:54:26] 🔄 Identity reset
[22:54:26] 🔄 Identity rotated (every 10 requests)
[22:54:26] [89/459] RDMH
[22:54:28] [90/459] JSRS
[22:54:28] [91/459] VKGP
[22:54:29] [92/459] ACRT
[22:54:30] [93/459] GCBA
[22:54:31] [94/459] GTCP
[22:54:32] [95/459] AKFC
[22:54:33] [96/459] INCS
[22:54:35] [97/459] SMCK
[22:54:36] [98/459] BRUN
[22:54:36] 🔄 Identity reset
[22:54:36] 🔄 Identity rotated (every 10 requests)
[22:54:37] [99/459] RPPC
[22:54:38] [100/459] PAYD
[22:54:39] [101/459] SVVT
[22:54:40] [102/459] RNCC
[22:54:41] [103/459] PCRC
[22:54:42] [104/459] PMRM
[22:54:43] [105/459] CCRP
[22:54:44] [106/459] INCR
[22:54:45] [107/459] ZTMP
[22:54:46] [108/459] MCNR
[22:54:47] 🔄 Identity reset
[22:54:47] 🔄 Identity rotated (every 10 requests)
[22:54:47] [109/459] INRP
[22:54:48] [110/459] STRC
[22:54:49] [111/459] RATI
[22:54:50] [112/459] PBTR
[22:54:51] [113/459] CMHP
[22:54:52] [114/459] ZECJ
[22:54:53] [115/459] CCCB
[22:54:54] [116/459] BWCB
[22:54:56] [117/459] CCAT
[22:54:56] [118/459] KGCM
[22:54:57] 🔄 Identity reset
[22:54:57] 🔄 Identity rotated (every 10 requests)
[22:54:58] [119/459] INPT
[22:54:59] [120/459] FNCO
[22:55:00] [121/459] SRMJ
[22:55:01] [122/459] PFSC
[22:55:01] [123/459] PBMC
[22:55:02] [124/459] KARP
[22:55:03] [125/459] KOVI
[22:55:04] [126/459] ACXL
[22:55:05] [127/459] GKCC
[22:55:06] [128/459] ASCC
[22:55:07] 🔄 Identity reset
[22:55:07] 🔄 Identity rotated (every 10 requests)
[22:55:07] [129/459] SETC
[22:55:09] [130/459] KACC
[22:55:10] [131/459] KAVE
[22:55:11] [132/459] CNTC
[22:55:12] [133/459] MEEN
[22:55:13] [134/459] BMRV
[22:55:14] [135/459] SVAM
[22:55:15] [136/459] VTBP
[22:55:15] [137/459] VCKN
[22:55:16] [138/459] SGTK
[22:55:17] 🔄 Identity reset
[22:55:17] 🔄 Identity rotated (every 10 requests)
[22:55:17] [139/459] RCGS
[22:55:18] [140/459] RCCB
[22:55:19] [141/459] RKSR
[22:55:20] [142/459] RKCU
[22:55:21] [143/459] GIBH
[22:55:22] [144/459] CXBS
[22:55:23] [145/459] GGCB
[22:55:24] [146/459] SCPB
[22:55:25] [147/459] AKTB
[22:55:27] [148/459] SRBU
[22:55:27] 🔄 Identity reset
[22:55:27] 🔄 Identity rotated (every 10 requests)
[22:55:28] [149/459] CSSA
[22:55:28] [150/459] MYAN
[22:55:30] [151/459] EXCA
[22:55:31] [152/459] CKSA
[22:55:32] [153/459] JTNM
[22:55:33] [154/459] CXKT
[22:55:34] [155/459] NCLM
[22:55:35] [156/459] JAAD
[22:55:36] [157/459] RDCR
[22:55:37] [158/459] MEER
[22:55:37] 🔄 Identity reset
[22:55:37] 🔄 Identity rotated (every 10 requests)
[22:55:38] [159/459] SIBT
[22:55:39] [160/459] PVVB
[22:55:40] [161/459] FNPN
[22:55:40] [162/459] CRPX
[22:55:41] [163/459] STET
[22:55:42] [164/459] METE
[22:55:43] [165/459] BJML
[22:55:44] [166/459] MAVT
[22:55:45] [167/459] MSRM
[22:55:46] [168/459] TJMP
[22:55:46] 🔄 Identity reset
[22:55:46] 🔄 Identity rotated (every 10 requests)
[22:55:47] [169/459] MHCK
[22:55:48] [170/459] SVGP
[22:55:48] [171/459] KRRC
[22:55:50] [172/459] IMCH
[22:55:51] [173/459] CMCS
[22:55:52] [174/459] SGND
[22:55:53] [175/459] RNAT
[22:55:54] [176/459] PRTN
[22:55:55] [177/459] MPTN
[22:55:56] [178/459] ARCC
[22:55:57] 🔄 Identity reset
[22:55:57] 🔄 Identity rotated (every 10 requests)
[22:55:57] [179/459] NTTE
[22:55:58] [180/459] ABND
[22:55:59] [181/459] KCSN
[22:56:00] [182/459] KCSA
[22:56:01] [183/459] DCKT
[22:56:01] [184/459] MBBR
[22:56:02] [185/459] RAMU
[22:56:03] [186/459] RACW
[22:56:04] [187/459] MCHP
[22:56:05] [188/459] TMHM
[22:56:05] 🔄 Identity reset
[22:56:05] 🔄 Identity rotated (every 10 requests)
[22:56:06] [189/459] STXH
[22:56:07] [190/459] AGSG
[22:56:07] [191/459] SIRA
[22:56:08] [192/459] RCAN
[22:56:09] [193/459] CWTB
[22:56:10] [194/459] VTYM
[22:56:11] [195/459] RRPP
[22:56:12] [196/459] ASMR
[22:56:13] [197/459] RONO
[22:56:13] [198/459] MEMR
[22:56:14] 🔄 Identity reset
[22:56:14] 🔄 Identity rotated (every 10 requests)
[22:56:14] 🔄 Retry 1/5 for MEMR in 2.3s
[22:56:14] 🔄 Identity reset
[22:56:16] 🧠 New identity created
[22:56:17] [199/459] CTMR
[22:56:18] [200/459] PMTT
[22:56:19] [201/459] PSLX
[22:56:20] [202/459] IPPL
[22:56:21] [203/459] MMSG
[22:56:22] [204/459] INEL
[22:56:22] [205/459] COAC
[22:56:23] [206/459] WVLK
[22:56:24] [207/459] PPXL
[22:56:25] 🔄 Identity reset
[22:56:25] 🔄 Identity rotated (every 10 requests)
[22:56:25] [208/459] PSML
[22:56:26] [209/459] FNLK
[22:56:27] [210/459] ILUM
[22:56:28] [211/459] ILCM
[22:56:29] [212/459] MSNL
[22:56:30] [213/459] VINB
[22:56:31] [214/459] SALW
[22:56:32] [215/459] PRTB
[22:56:33] [216/459] NCIL
[22:56:34] [217/459] PSUL
[22:56:34] 🔄 Identity reset
[22:56:34] 🔄 Identity rotated (every 10 requests)
[22:56:35] [218/459] SCLK
[22:56:35] [219/459] ADDC
[22:56:36] [220/459] OACL
[22:56:37] [221/459] OOCF
[22:56:38] [222/459] GPMF
[22:56:39] [223/459] SSDG
[22:56:40] [224/459] SKRS
[22:56:41] [225/459] NTTP
[22:56:42] [226/459] SLTP
[22:56:43] [227/459] JTLC
[22:56:43] 🔄 Identity reset
[22:56:43] 🔄 Identity rotated (every 10 requests)
[22:56:44] [228/459] POON
[22:56:44] [229/459] CCPC
[22:56:45] [230/459] DCKC
[22:56:46] [231/459] CPRT
[22:56:47] [232/459] EYHZ
[22:56:48] [233/459] ARBL
[22:56:49] [234/459] SBTB
[22:56:49] [235/459] MMCK
[22:56:50] [236/459] PLMR
[22:56:51] [237/459] BIJH
[22:56:52] 🔄 Identity reset
[22:56:52] 🔄 Identity rotated (every 10 requests)
[22:56:52] [238/459] SDRT
[22:56:53] [239/459] PRDC
[22:56:53] [240/459] OMJA
[22:56:54] [241/459] VKCR
[22:56:55] [242/459] ATRT
[22:56:56] [243/459] WVRP
[22:56:57] [244/459] MVRP
[22:56:58] [245/459] FCAX
[22:56:58] [246/459] CTLC
[22:56:59] [247/459] JCHB
[22:57:00] 🔄 Identity reset
[22:57:00] 🔄 Identity rotated (every 10 requests)
[22:57:00] 🔄 Retry 1/5 for JCHB in 2.6s
[22:57:00] 🔄 Identity reset
[22:57:03] 🧠 New identity created
[22:57:03] [248/459] SELP
[22:57:04] [249/459] VCPG
[22:57:05] [250/459] ASCX
[22:57:05] [251/459] EOCS
[22:57:06] [252/459] RCPH
[22:57:07] [253/459] RJTM
[22:57:08] [254/459] SGMD
[22:57:09] [255/459] SVJT
[22:57:10] [256/459] SPPO
[22:57:10] 🔄 Identity reset
[22:57:10] 🔄 Identity rotated (every 10 requests)
[22:57:11] [257/459] MNRL
[22:57:12] [258/459] KNOX
[22:57:13] [259/459] GIER
[22:57:13] [260/459] PJMS
[22:57:14] [261/459] UNSP
[22:57:15] [262/459] JETP
[22:57:16] [263/459] VTWA
[22:57:17] [264/459] SCJI
[22:57:18] [265/459] CBZZ
[22:57:19] [266/459] SDCJ
[22:57:19] 🔄 Identity reset
[22:57:20] 🔄 Identity rotated (every 10 requests)
[22:57:20] [267/459] RRCC
[22:57:21] [268/459] VNKG
[22:57:22] [269/459] LKTO
[22:57:23] [270/459] PJRM
[22:57:24] [271/459] NVRM
[22:57:25] [272/459] SJCS
[22:57:26] [273/459] VIGK
[22:57:27] [274/459] ANST
[22:57:28] [275/459] JTTS
[22:57:28] [276/459] NTST
[22:57:29] 🔄 Identity reset
[22:57:29] 🔄 Identity rotated (every 10 requests)
[22:57:29] [277/459] PREB
[22:57:30] [278/459] TSCZ
[22:57:31] [279/459] CDCM
[22:57:32] [280/459] ELYE
[22:57:33] [281/459] INBS
[22:57:34] [282/459] SMGC
[22:57:34] [283/459] UTMP
[22:57:35] [284/459] INTA
[22:57:37] [285/459] OMPT
[22:57:38] [286/459] SCIR
[22:57:38] 🔄 Identity reset
[22:57:38] 🔄 Identity rotated (every 10 requests)
[22:57:39] [287/459] GCKJ
[22:57:39] [288/459] INOG
[22:57:41] [289/459] SMGB
[22:57:42] [290/459] MCSG
[22:57:43] [291/459] STKG
[22:57:44] [292/459] TTKG
[22:57:44] [293/459] SRTR
[22:57:45] [294/459] ETTR
[22:57:46] [295/459] GGGZ
[22:57:47] [296/459] IPGM
[22:57:48] 🔄 Identity reset
[22:57:48] 🔄 Identity rotated (every 10 requests)
[22:57:48] [297/459] FCDH
[22:57:49] [298/459] DESB
[22:57:50] [299/459] VNTP
[22:57:51] [300/459] ANNT
[22:57:52] [301/459] SLTI
[22:57:53] [302/459] MAJU
[22:57:54] [303/459] JCXP
[22:57:55] [304/459] HARK
[22:57:57] [305/459] JPCJ
[22:57:58] [306/459] RXBD
[22:57:58] 🔄 Identity reset
[22:57:58] 🔄 Identity rotated (every 10 requests)
[22:57:59] [307/459] PTKJ
[22:57:59] [308/459] CMTU
[22:58:00] [309/459] SWOR
[22:58:01] [310/459] JMEX
[22:58:02] [311/459] DTPT
[22:58:03] [312/459] VGMM
[22:58:04] [313/459] VCSG
[22:58:04] [314/459] CVCG
[22:58:05] [315/459] TNTT
[22:58:06] [316/459] SHRM
[22:58:07] 🔄 Identity reset
[22:58:07] 🔄 Identity rotated (every 10 requests)
[22:58:07] [317/459] CGKD
[22:58:08] [318/459] EKCM
[22:58:09] [319/459] SDCX
[22:58:10] [320/459] SBTE
[22:58:11] [321/459] STKJ
[22:58:12] [322/459] TPCE
[22:58:13] [323/459] JTNP
[22:58:14] [324/459] LPCH
[22:58:15] [325/459] CPUO
[22:58:16] [326/459] APSU
[22:58:16] 🔄 Identity reset
[22:58:16] 🔄 Identity rotated (every 10 requests)
[22:58:17] [327/459] RTHC
[22:58:18] [328/459] PTBU
[22:58:19] [329/459] CUCC
[22:58:20] [330/459] CPSA
[22:58:21] [331/459] SUAY
[22:58:21] [332/459] AYAA
[22:58:22] [333/459] MUCH
[22:58:23] [334/459] PCIN
[22:58:24] [335/459] JRRM
[22:58:25] [336/459] KATS
[22:58:26] 🔄 Identity reset
[22:58:26] 🔄 Identity rotated (every 10 requests)
[22:58:26] [337/459] MHFF
[22:58:27] [338/459] ESYM
[22:58:28] [339/459] STYV
[22:58:29] [340/459] SDKG
[22:58:30] [341/459] SMTI
[22:58:31] [342/459] NYCS
[22:58:31] [343/459] MTBG
[22:58:32] [344/459] RHCA
[22:58:33] [345/459] PCKH
[22:58:34] [346/459] ARCR
[22:58:35] 🔄 Identity reset
[22:58:35] 🔄 Identity rotated (every 10 requests)
[22:58:36] [347/459] NCMB
[22:58:37] [348/459] SHYC
[22:58:38] [349/459] LACK
[22:58:39] [350/459] MTCM
[22:58:40] [351/459] RRBN
[22:58:41] [352/459] MYDC
[22:58:42] [353/459] STCS
[22:58:43] [354/459] CONN
[22:58:43] [355/459] SIPS
[22:58:45] [356/459] SMMX
[22:58:46] 🔄 Identity reset
[22:58:46] 🔄 Identity rotated (every 10 requests)
[22:58:46] [357/459] SCBY
[22:58:47] [358/459] SUAP
[22:58:48] [359/459] RSMK
[22:58:49] [360/459] STKP
[22:58:50] [361/459] CIPC
[22:58:51] [362/459] KKCI
[22:58:52] [363/459] CTNK
[22:58:53] [364/459] MMTZ
[22:58:54] [365/459] DCCO
[22:58:54] [366/459] VNMN
[22:58:55] 🔄 Identity reset
[22:58:55] 🔄 Identity rotated (every 10 requests)
[22:58:55] [367/459] RLCN
[22:58:56] [368/459] CMMS
[22:58:57] [369/459] AYOU
[22:58:58] [370/459] SSCN
[22:58:59] [371/459] SMXN
[22:59:00] [372/459] ASSK
[22:59:00] [373/459] VCKM
[22:59:02] [374/459] PCPH
[22:59:03] [375/459] PADM
[22:59:03] [376/459] IESA
[22:59:04] 🔄 Identity reset
[22:59:04] 🔄 Identity rotated (every 10 requests)
[22:59:04] [377/459] VCSP
[22:59:05] [378/459] AEST
[22:59:06] [379/459] VTNR
[22:59:07] [380/459] GTTA
[22:59:08] [381/459] CMMM
[22:59:08] [382/459] AHKT
[22:59:09] [383/459] SIJI
[22:59:10] [384/459] VCEI
[22:59:11] [385/459] SAKR
[22:59:11] [386/459] VSMT
[22:59:12] 🔄 Identity reset
[22:59:12] 🔄 Identity rotated (every 10 requests)
[22:59:13] [387/459] SSCT
[22:59:14] [388/459] USTR
[22:59:15] [389/459] MTKT
[22:59:15] [390/459] TGMP
[22:59:16] [391/459] SIVC
[22:59:17] [392/459] KICT
[22:59:18] [393/459] DAMD
[22:59:19] [394/459] CNPT
[22:59:20] [395/459] RVTT
[22:59:21] [396/459] SNCM
[22:59:21] 🔄 Identity reset
[22:59:21] 🔄 Identity rotated (every 10 requests)
[22:59:22] [397/459] GHTE
[22:59:22] [398/459] PPAM
[22:59:23] [399/459] PVAA
[22:59:24] [400/459] CPAO
[22:59:25] [401/459] HAMD
[22:59:26] [402/459] RCCA
[22:59:27] [403/459] MPCH
[22:59:28] [404/459] ARED
[22:59:29] [405/459] RRCV
[22:59:30] [406/459] MTRB
[22:59:30] 🔄 Identity reset
[22:59:30] 🔄 Identity rotated (every 10 requests)
[22:59:30] 🔄 Retry 1/5 for MTRB in 2.6s
[22:59:30] 🔄 Identity reset
[22:59:33] 🧠 New identity created
[22:59:33] [407/459] CKUA
[22:59:35] [408/459] ABMP
[22:59:36] [409/459] RCWA
[22:59:37] [410/459] CGAR
[22:59:38] [411/459] METH
[22:59:38] [412/459] WAGA
[22:59:39] [413/459] MCMA
[22:59:40] [414/459] CSMP
[22:59:41] [415/459] RCNK
[22:59:42] 🔄 Identity reset
[22:59:42] 🔄 Identity rotated (every 10 requests)
[22:59:42] [416/459] PSTM
[22:59:43] [417/459] CSEP
[22:59:44] [418/459] AMGD
[22:59:45] [419/459] CSTE
[22:59:46] [420/459] CONS
[22:59:46] [421/459] APPX
[22:59:47] [422/459] MABC
[22:59:48] [423/459] CXST
[22:59:49] [424/459] MATN
[22:59:50] [425/459] MACZ
[22:59:50] 🔄 Identity reset
[22:59:50] 🔄 Identity rotated (every 10 requests)
[22:59:51] [426/459] MASA
[22:59:52] [427/459] MBSX
[22:59:52] [428/459] CSST
[22:59:53] [429/459] APCL
[22:59:54] [430/459] CGOS
[22:59:55] [431/459] CPEC
[22:59:56] [432/459] MCCP
[22:59:57] [433/459] BSSO
[22:59:57] [434/459] SJKA
[22:59:58] [435/459] CGBO
[22:59:59] 🔄 Identity reset
[22:59:59] 🔄 Identity rotated (every 10 requests)
[22:59:59] [436/459] MVSK
[23:00:00] [437/459] HVCA
[23:00:01] [438/459] NAMD
[23:00:02] [439/459] DEVI
[23:00:03] [440/459] SCSV
[23:00:04] [441/459] PSMA
[23:00:04] [442/459] CLDJ
[23:00:05] [443/459] NMAD
[23:00:06] [444/459] CGMO
[23:00:07] [445/459] MCNA
[23:00:08] 🔄 Identity reset
[23:00:08] 🔄 Identity rotated (every 10 requests)
[23:00:08] [446/459] OCBN
[23:00:09] [447/459] CPEM
[23:00:09] [448/459] CPSM
[23:00:11] [449/459] RCAD
[23:00:12] [450/459] CPMU
[23:00:13] [451/459] DICD
[23:00:14] [452/459] CHOE
[23:00:15] [453/459] PDJM
[23:00:16] [454/459] SSTU
[23:00:17] [455/459] VNRN
[23:00:18] 🔄 Identity reset
[23:00:18] 🔄 Identity rotated (every 10 requests)
[23:00:18] [456/459] PVLG
[23:00:19] [457/459] SWBL
[23:00:20] [458/459] SCAB
[23:00:21] [459/459] RDDA
[23:00:22] 🧹 Deduping shows
[23:00:22] ✅ DONE | Shows=3221 | Movies=70
[09:12:19] 🚀 SCRIPT STARTED
[09:12:19] [1/459] MCCZ
[09:12:19] 🧠 New identity created
[09:12:20] [2/459] FRPU
[09:12:21] [3/459] SKSI
[09:12:23] [4/459] SSCK
[09:12:23] [5/459] SRDC
[09:12:24] [6/459] RSCZ
[09:12:25] [7/459] PRVT
[09:12:25] [8/459] GAGJ
[09:12:26] [9/459] SMHG
[09:12:27] [10/459] JTST
[09:12:27] 🔄 Identity reset
[09:12:27] 🔄 Identity rotated (every 10 requests)
[09:12:28] [11/459] MYTH
[09:12:29] [12/459] JPCC
[09:12:29] [13/459] ACDC
[09:12:30] [14/459] SVFP
[09:12:31] [15/459] SFCM
[09:12:32] [16/459] RUPK
[09:12:33] [17/459] NTCR
[09:12:34] [18/459] RTCH
[09:12:35] [19/459] SCMH
[09:12:35] [20/459] SVYM
[09:12:35] 🔄 Identity reset
[09:12:35] 🔄 Identity rotated (every 10 requests)
[09:12:35] 🔄 Retry 1/5 for SVYM in 2.6s
[09:12:35] 🔄 Identity reset
[09:12:38] 🧠 New identity created
[09:12:39] [21/459] SPYM
[09:12:41] [22/459] SMMF
[09:12:41] [23/459] CLLB
[09:12:42] [24/459] FMCB
[09:12:44] [25/459] BBTC
[09:12:44] [26/459] NTHS
[09:12:45] [27/459] PKKJ
[09:12:46] [28/459] MTJA
[09:12:48] [29/459] PMSJ
[09:12:48] 🔄 Identity reset
[09:12:48] 🔄 Identity rotated (every 10 requests)
[09:12:49] [30/459] JMJU
[09:12:50] [31/459] SRAD
[09:12:51] [32/459] MJMC
[09:12:52] [33/459] DFRM
[09:12:53] [34/459] PMRS
[09:12:54] [35/459] RKPP
[09:12:55] [36/459] BMBK
[09:12:56] [37/459] NEWS
[09:12:56] [38/459] SALB
[09:12:57] [39/459] SCPW
[09:12:57] 🔄 Identity reset
[09:12:57] 🔄 Identity rotated (every 10 requests)
[09:12:58] [40/459] RAYL
[09:13:00] [41/459] CMGJ
[09:13:00] [42/459] JRCR
[09:13:01] [43/459] SRTB
[09:13:02] [44/459] ETPB
[09:13:03] [45/459] MXBN
[09:13:04] [46/459] TOPE
[09:13:04] [47/459] SNLJ
[09:13:05] [48/459] CDDP
[09:13:06] [49/459] APCX
[09:13:06] 🔄 Identity reset
[09:13:06] 🔄 Identity rotated (every 10 requests)
[09:13:06] 🔄 Retry 1/5 for APCX in 2.5s
[09:13:06] 🔄 Identity reset
[09:13:09] 🧠 New identity created
[09:13:09] [50/459] TALP
[09:13:10] [51/459] RRMP
[09:13:11] [52/459] MAHB
[09:13:12] [53/459] MTKR
[09:13:13] [54/459] KSKL
[09:13:14] [55/459] RJLT
[09:13:15] [56/459] ATAS
[09:13:16] [57/459] AMHR
[09:13:18] [58/459] RSRM
[09:13:18] 🔄 Identity reset
[09:13:18] 🔄 Identity rotated (every 10 requests)
[09:13:18] 🔄 Retry 1/5 for RSRM in 2.4s
[09:13:18] 🔄 Identity reset
[09:13:20] 🧠 New identity created
[09:13:20] 🔄 Retry 2/5 for RSRM in 4.5s
[09:13:20] 🔄 Identity reset
[09:13:25] 🧠 New identity created
[09:13:25] 🔄 Retry 3/5 for RSRM in 8.7s
[09:13:25] 🔄 Identity reset
[09:13:33] 🧠 New identity created
[09:13:34] [59/459] GCAT
[09:13:35] [60/459] SMML
[09:13:36] [61/459] ACCD
[09:13:37] [62/459] VYDA
[09:13:37] [63/459] MSKT
[09:13:38] [64/459] AVDM
[09:13:39] [65/459] ASMH
[09:13:39] 🔄 Identity reset
[09:13:39] 🔄 Identity rotated (every 10 requests)
[09:13:40] [66/459] VTMB
[09:13:41] [67/459] WVMB
[09:13:42] [68/459] PPMN
[09:13:43] [69/459] MTMD
[09:13:44] [70/459] SMMO
[09:13:45] [71/459] DLPB
[09:13:45] [72/459] AKMD
[09:13:47] [73/459] SHRR
[09:13:47] [74/459] ASCO
[09:13:48] [75/459] CZVX
[09:13:48] 🔄 Identity reset
[09:13:49] 🔄 Identity rotated (every 10 requests)
[09:13:49] 🔄 Retry 1/5 for CZVX in 2.3s
[09:13:49] 🔄 Identity reset
[09:13:51] 🧠 New identity created
[09:13:52] [76/459] GCBB
[09:13:53] [77/459] ATBM
[09:13:54] [78/459] TCGM
[09:13:54] [79/459] UMSE
[09:13:55] [80/459] NKCL
[09:13:56] [81/459] BTLR
[09:13:57] [82/459] GOCL
[09:13:57] [83/459] MIRN
[09:13:58] [84/459] THEC
[09:13:58] 🔄 Identity reset
[09:13:58] 🔄 Identity rotated (every 10 requests)
[09:13:59] [85/459] SPPB
[09:14:00] [86/459] PMMM
[09:14:01] [87/459] GGMC
[09:14:02] [88/459] AVSR
[09:14:03] [89/459] RDMH
[09:14:04] [90/459] JSRS
[09:14:05] [91/459] VKGP
[09:14:06] [92/459] ACRT
[09:14:07] [93/459] GCBA
[09:14:08] [94/459] GTCP
[09:14:08] 🔄 Identity reset
[09:14:08] 🔄 Identity rotated (every 10 requests)
[09:14:09] [95/459] AKFC
[09:14:10] [96/459] INCS
[09:14:11] [97/459] SMCK
[09:14:12] [98/459] BRUN
[09:14:13] [99/459] RPPC
[09:14:14] [100/459] PAYD
[09:14:16] [101/459] SVVT
[09:14:16] [102/459] RNCC
[09:14:17] [103/459] PCRC
[09:14:18] [104/459] PMRM
[09:14:18] 🔄 Identity reset
[09:14:18] 🔄 Identity rotated (every 10 requests)
[09:14:19] [105/459] CCRP
[09:14:20] [106/459] INCR
[09:14:21] [107/459] ZTMP
[09:14:21] [108/459] MCNR
[09:14:22] [109/459] INRP
[09:14:23] [110/459] STRC
[09:14:24] [111/459] RATI
[09:14:25] [112/459] PBTR
[09:14:26] [113/459] CMHP
[09:14:27] [114/459] ZECJ
[09:14:27] 🔄 Identity reset
[09:14:27] 🔄 Identity rotated (every 10 requests)
[09:14:28] [115/459] CCCB
[09:14:29] [116/459] BWCB
[09:14:30] [117/459] CCAT
[09:14:31] [118/459] KGCM
[09:14:32] [119/459] INPT
[09:14:33] [120/459] FNCO
[09:14:34] [121/459] SRMJ
[09:14:35] [122/459] PFSC
[09:14:36] [123/459] PBMC
[09:14:36] [124/459] KARP
[09:14:36] 🔄 Identity reset
[09:14:36] 🔄 Identity rotated (every 10 requests)
[09:14:37] [125/459] KOVI
[09:14:38] [126/459] ACXL
[09:14:40] [127/459] GKCC
[09:14:41] [128/459] ASCC
[09:14:41] [129/459] SETC
[09:14:42] [130/459] KACC
[09:14:43] [131/459] KAVE
[09:14:44] [132/459] CNTC
[09:14:45] [133/459] MEEN
[09:14:46] [134/459] BMRV
[09:14:46] 🔄 Identity reset
[09:14:46] 🔄 Identity rotated (every 10 requests)
[09:14:47] [135/459] SVAM
[09:14:49] [136/459] VTBP
[09:14:50] [137/459] VCKN
[09:14:50] [138/459] SGTK
[09:14:51] [139/459] RCGS
[09:14:52] [140/459] RCCB
[09:14:53] [141/459] RKSR
[09:14:55] [142/459] RKCU
[09:14:55] [143/459] GIBH
[09:14:56] [144/459] CXBS
[09:14:56] 🔄 Identity reset
[09:14:56] 🔄 Identity rotated (every 10 requests)
[09:14:57] [145/459] GGCB
[09:14:58] [146/459] SCPB
[09:14:59] [147/459] AKTB
[09:15:00] [148/459] SRBU
[09:15:01] [149/459] CSSA
[09:15:02] [150/459] MYAN
[09:15:04] [151/459] EXCA
[09:15:05] [152/459] CKSA
[09:15:06] [153/459] JTNM
[09:15:07] [154/459] CXKT
[09:15:07] 🔄 Identity reset
[09:15:07] 🔄 Identity rotated (every 10 requests)
[09:15:08] [155/459] NCLM
[09:15:09] [156/459] JAAD
[09:15:11] [157/459] RDCR
[09:15:13] [158/459] MEER
[09:15:14] [159/459] SIBT
[09:15:15] [160/459] PVVB
[09:15:15] [161/459] FNPN
[09:15:17] [162/459] CRPX
[09:15:18] [163/459] STET
[09:15:18] [164/459] METE
[09:15:18] 🔄 Identity reset
[09:15:18] 🔄 Identity rotated (every 10 requests)
[09:15:19] [165/459] BJML
[09:15:20] [166/459] MAVT
[09:15:21] [167/459] MSRM
[09:15:22] [168/459] TJMP
[09:15:23] [169/459] MHCK
[09:15:24] [170/459] SVGP
[09:15:25] [171/459] KRRC
[09:15:25] [172/459] IMCH
[09:15:26] [173/459] CMCS
[09:15:27] [174/459] SGND
[09:15:27] 🔄 Identity reset
[09:15:27] 🔄 Identity rotated (every 10 requests)
[09:15:28] [175/459] RNAT
[09:15:29] [176/459] PRTN
[09:15:30] [177/459] MPTN
[09:15:31] [178/459] ARCC
[09:15:31] [179/459] NTTE
[09:15:32] [180/459] ABND
[09:15:33] [181/459] KCSN
[09:15:34] [182/459] KCSA
[09:15:35] [183/459] DCKT
[09:15:37] [184/459] MBBR
[09:15:37] 🔄 Identity reset
[09:15:37] 🔄 Identity rotated (every 10 requests)
[09:15:38] [185/459] RAMU
[09:15:38] [186/459] RACW
[09:15:39] [187/459] MCHP
[09:15:41] [188/459] TMHM
[09:15:42] [189/459] STXH
[09:15:44] [190/459] AGSG
[09:15:45] [191/459] SIRA
[09:15:46] [192/459] RCAN
[09:15:47] [193/459] CWTB
[09:15:48] [194/459] VTYM
[09:15:48] 🔄 Identity reset
[09:15:48] 🔄 Identity rotated (every 10 requests)
[09:15:48] 🔄 Retry 1/5 for VTYM in 2.4s
[09:15:48] 🔄 Identity reset
[09:15:50] 🧠 New identity created
[09:15:51] [195/459] RRPP
[09:15:52] [196/459] ASMR
[09:15:53] [197/459] RONO
[09:15:54] [198/459] MEMR
[09:15:55] [199/459] CTMR
[09:15:56] [200/459] PMTT
[09:15:58] [201/459] PSLX
[09:15:59] [202/459] IPPL
[09:16:00] [203/459] MMSG
[09:16:00] 🔄 Identity reset
[09:16:00] 🔄 Identity rotated (every 10 requests)
[09:16:01] [204/459] INEL
[09:16:02] [205/459] COAC
[09:16:03] [206/459] WVLK
[09:16:03] [207/459] PPXL
[09:16:04] [208/459] PSML
[09:16:05] [209/459] FNLK
[09:16:06] [210/459] ILUM
[09:16:07] [211/459] ILCM
[09:16:08] [212/459] MSNL
[09:16:09] [213/459] VINB
[09:16:09] 🔄 Identity reset
[09:16:09] 🔄 Identity rotated (every 10 requests)
[09:16:10] [214/459] SALW
[09:16:11] [215/459] PRTB
[09:16:12] [216/459] NCIL
[09:16:13] [217/459] PSUL
[09:16:14] [218/459] SCLK
[09:16:15] [219/459] ADDC
[09:16:15] [220/459] OACL
[09:16:16] [221/459] OOCF
[09:16:17] [222/459] GPMF
[09:16:18] [223/459] SSDG
[09:16:18] 🔄 Identity reset
[09:16:18] 🔄 Identity rotated (every 10 requests)
[09:16:19] [224/459] SKRS
[09:16:20] [225/459] NTTP
[09:16:22] [226/459] SLTP
[09:16:23] [227/459] JTLC
[09:16:24] [228/459] POON
[09:16:25] [229/459] CCPC
[09:16:26] [230/459] DCKC
[09:16:27] [231/459] CPRT
[09:16:28] [232/459] EYHZ
[09:16:29] [233/459] ARBL
[09:16:29] 🔄 Identity reset
[09:16:29] 🔄 Identity rotated (every 10 requests)
[09:16:30] [234/459] SBTB
[09:16:31] [235/459] MMCK
[09:16:32] [236/459] PLMR
[09:16:33] [237/459] BIJH
[09:16:34] [238/459] SDRT
[09:16:35] [239/459] PRDC
[09:16:36] [240/459] OMJA
[09:16:37] [241/459] VKCR
[09:16:39] [242/459] ATRT
[09:16:40] [243/459] WVRP
[09:16:40] 🔄 Identity reset
[09:16:40] 🔄 Identity rotated (every 10 requests)
[09:16:41] [244/459] MVRP
[09:16:41] [245/459] FCAX
[09:16:42] [246/459] CTLC
[09:16:44] [247/459] JCHB
[09:16:45] [248/459] SELP
[09:16:46] [249/459] VCPG
[09:16:47] [250/459] ASCX
[09:16:48] [251/459] EOCS
[09:16:50] [252/459] RCPH
[09:16:51] [253/459] RJTM
[09:16:51] 🔄 Identity reset
[09:16:51] 🔄 Identity rotated (every 10 requests)
[09:16:53] [254/459] SGMD
[09:16:54] [255/459] SVJT
[09:16:56] [256/459] SPPO
[09:16:57] [257/459] MNRL
[09:16:58] [258/459] KNOX
[09:16:59] [259/459] GIER
[09:17:00] [260/459] PJMS
[09:17:01] [261/459] UNSP
[09:17:02] [262/459] JETP
[09:17:03] [263/459] VTWA
[09:17:03] 🔄 Identity reset
[09:17:03] 🔄 Identity rotated (every 10 requests)
[09:17:04] [264/459] SCJI
[09:17:05] [265/459] CBZZ
[09:17:06] [266/459] SDCJ
[09:17:07] [267/459] RRCC
[09:17:08] [268/459] VNKG
[09:17:10] [269/459] LKTO
[09:17:11] [270/459] PJRM
[09:17:11] [271/459] NVRM
[09:17:12] [272/459] SJCS
[09:17:14] [273/459] VIGK
[09:17:14] 🔄 Identity reset
[09:17:14] 🔄 Identity rotated (every 10 requests)
[09:17:14] 🔄 Retry 1/5 for VIGK in 3.0s
[09:17:14] 🔄 Identity reset
[09:17:17] 🧠 New identity created
[09:17:18] [274/459] ANST
[09:17:19] [275/459] JTTS
[09:17:20] [276/459] NTST
[09:17:21] [277/459] PREB
[09:17:22] [278/459] TSCZ
[09:17:24] [279/459] CDCM
[09:17:25] [280/459] ELYE
[09:17:26] [281/459] INBS
[09:17:26] [282/459] SMGC
[09:17:26] 🔄 Identity reset
[09:17:26] 🔄 Identity rotated (every 10 requests)
[09:17:27] [283/459] UTMP
[09:17:28] [284/459] INTA
[09:17:29] [285/459] OMPT
[09:17:31] [286/459] SCIR
[09:17:32] [287/459] GCKJ
[09:17:33] [288/459] INOG
[09:17:34] [289/459] SMGB
[09:17:36] [290/459] MCSG
[09:17:37] [291/459] STKG
[09:17:38] [292/459] TTKG
[09:17:38] 🔄 Identity reset
[09:17:38] 🔄 Identity rotated (every 10 requests)
[09:17:39] [293/459] SRTR
[09:17:40] [294/459] ETTR
[09:17:40] [295/459] GGGZ
[09:17:41] [296/459] IPGM
[09:17:42] [297/459] FCDH
[09:17:43] [298/459] DESB
[09:17:44] [299/459] VNTP
[09:17:44] [300/459] ANNT
[09:17:45] [301/459] SLTI
[09:17:47] [302/459] MAJU
[09:17:47] 🔄 Identity reset
[09:17:47] 🔄 Identity rotated (every 10 requests)
[09:17:47] 🔄 Retry 1/5 for MAJU in 2.4s
[09:17:47] 🔄 Identity reset
[09:17:50] 🧠 New identity created
[09:17:51] [303/459] JCXP
[09:17:52] [304/459] HARK
[09:17:53] [305/459] JPCJ
[09:17:54] [306/459] RXBD
[09:17:56] [307/459] PTKJ
[09:17:57] [308/459] CMTU
[09:17:58] [309/459] SWOR
[09:17:59] [310/459] JMEX
[09:18:01] [311/459] DTPT
[09:18:01] 🔄 Identity reset
[09:18:01] 🔄 Identity rotated (every 10 requests)
[09:18:01] [312/459] VGMM
[09:18:02] [313/459] VCSG
[09:18:03] [314/459] CVCG
[09:18:05] [315/459] TNTT
[09:18:06] [316/459] SHRM
[09:18:07] [317/459] CGKD
[09:18:08] [318/459] EKCM
[09:18:09] [319/459] SDCX
[09:18:10] [320/459] SBTE
[09:18:11] [321/459] STKJ
[09:18:11] 🔄 Identity reset
[09:18:11] 🔄 Identity rotated (every 10 requests)
[09:18:12] [322/459] TPCE
[09:18:13] [323/459] JTNP
[09:18:14] [324/459] LPCH
[09:18:15] [325/459] CPUO
[09:18:17] [326/459] APSU
[09:18:17] [327/459] RTHC
[09:18:18] [328/459] PTBU
[09:18:19] [329/459] CUCC
[09:18:20] [330/459] CPSA
[09:18:21] [331/459] SUAY
[09:18:21] 🔄 Identity reset
[09:18:21] 🔄 Identity rotated (every 10 requests)
[09:18:22] [332/459] AYAA
[09:18:23] [333/459] MUCH
[09:18:24] [334/459] PCIN
[09:18:25] [335/459] JRRM
[09:18:26] [336/459] KATS
[09:18:27] [337/459] MHFF
[09:18:28] [338/459] ESYM
[09:18:29] [339/459] STYV
[09:18:30] [340/459] SDKG
[09:18:31] [341/459] SMTI
[09:18:31] 🔄 Identity reset
[09:18:31] 🔄 Identity rotated (every 10 requests)
[09:18:32] [342/459] NYCS
[09:18:32] [343/459] MTBG
[09:18:33] [344/459] RHCA
[09:18:35] [345/459] PCKH
[09:18:36] [346/459] ARCR
[09:18:37] [347/459] NCMB
[09:18:38] [348/459] SHYC
[09:18:40] [349/459] LACK
[09:18:41] [350/459] MTCM
[09:18:42] [351/459] RRBN
[09:18:42] 🔄 Identity reset
[09:18:42] 🔄 Identity rotated (every 10 requests)
[09:18:43] [352/459] MYDC
[09:18:44] [353/459] STCS
[09:18:45] [354/459] CONN
[09:18:46] [355/459] SIPS
[09:18:47] [356/459] SMMX
[09:18:48] [357/459] SCBY
[09:18:49] [358/459] SUAP
[09:18:50] [359/459] RSMK
[09:18:51] [360/459] STKP
[09:18:52] [361/459] CIPC
[09:18:52] 🔄 Identity reset
[09:18:52] 🔄 Identity rotated (every 10 requests)
[09:18:53] [362/459] KKCI
[09:18:54] [363/459] CTNK
[09:18:56] [364/459] MMTZ
[09:18:57] [365/459] DCCO
[09:18:57] [366/459] VNMN
[09:18:58] [367/459] RLCN
[09:18:59] [368/459] CMMS
[09:19:00] [369/459] AYOU
[09:19:01] [370/459] SSCN
[09:19:02] [371/459] SMXN
[09:19:02] 🔄 Identity reset
[09:19:02] 🔄 Identity rotated (every 10 requests)
[09:19:03] [372/459] ASSK
[09:19:04] [373/459] VCKM
[09:19:04] [374/459] PCPH
[09:19:06] [375/459] PADM
[09:19:06] [376/459] IESA
[09:19:07] [377/459] VCSP
[09:19:08] [378/459] AEST
[09:19:09] [379/459] VTNR
[09:19:10] [380/459] GTTA
[09:19:11] [381/459] CMMM
[09:19:11] 🔄 Identity reset
[09:19:11] 🔄 Identity rotated (every 10 requests)
[09:19:11] 🔄 Retry 1/5 for CMMM in 2.4s
[09:19:11] 🔄 Identity reset
[09:19:13] 🧠 New identity created
[09:19:14] [382/459] AHKT
[09:19:15] [383/459] SIJI
[09:19:15] [384/459] VCEI
[09:19:16] [385/459] SAKR
[09:19:18] [386/459] VSMT
[09:19:18] [387/459] SSCT
[09:19:19] [388/459] USTR
[09:19:20] [389/459] MTKT
[09:19:21] [390/459] TGMP
[09:19:21] 🔄 Identity reset
[09:19:21] 🔄 Identity rotated (every 10 requests)
[09:19:22] [391/459] SIVC
[09:19:23] [392/459] KICT
[09:19:25] [393/459] DAMD
[09:19:26] [394/459] CNPT
[09:19:27] [395/459] RVTT
[09:19:27] [396/459] SNCM
[09:19:28] [397/459] GHTE
[09:19:29] [398/459] PPAM
[09:19:30] [399/459] PVAA
[09:19:32] [400/459] CPAO
[09:19:32] 🔄 Identity reset
[09:19:32] 🔄 Identity rotated (every 10 requests)
[09:19:33] [401/459] HAMD
[09:19:35] [402/459] RCCA
[09:19:36] [403/459] MPCH
[09:19:37] [404/459] ARED
[09:19:38] [405/459] RRCV
[09:19:39] [406/459] MTRB
[09:19:40] [407/459] CKUA
[09:19:41] [408/459] ABMP
[09:19:42] [409/459] RCWA
[09:19:43] [410/459] CGAR
[09:19:43] 🔄 Identity reset
[09:19:43] 🔄 Identity rotated (every 10 requests)
[09:19:44] [411/459] METH
[09:19:45] [412/459] WAGA
[09:19:46] [413/459] MCMA
[09:19:47] [414/459] CSMP
[09:19:48] [415/459] RCNK
[09:19:49] [416/459] PSTM
[09:19:49] [417/459] CSEP
[09:19:50] [418/459] AMGD
[09:19:51] [419/459] CSTE
[09:19:52] [420/459] CONS
[09:19:52] 🔄 Identity reset
[09:19:52] 🔄 Identity rotated (every 10 requests)
[09:19:53] [421/459] APPX
[09:19:54] [422/459] MABC
[09:19:55] [423/459] CXST
[09:19:56] [424/459] MATN
[09:19:57] [425/459] MACZ
[09:19:58] [426/459] MASA
[09:19:59] [427/459] MBSX
[09:19:59] [428/459] CSST
[09:20:00] [429/459] APCL
[09:20:01] [430/459] CGOS
[09:20:01] 🔄 Identity reset
[09:20:01] 🔄 Identity rotated (every 10 requests)
[09:20:02] [431/459] CPEC
[09:20:03] [432/459] MCCP
[09:20:04] [433/459] BSSO
[09:20:05] [434/459] SJKA
[09:20:06] [435/459] CGBO
[09:20:06] [436/459] MVSK
[09:20:07] [437/459] HVCA
[09:20:08] [438/459] NAMD
[09:20:10] [439/459] DEVI
[09:20:10] [440/459] SCSV
[09:20:10] 🔄 Identity reset
[09:20:11] 🔄 Identity rotated (every 10 requests)
[09:20:12] [441/459] PSMA
[09:20:12] [442/459] CLDJ
[09:20:14] [443/459] NMAD
[09:20:15] [444/459] CGMO
[09:20:15] [445/459] MCNA
[09:20:16] [446/459] OCBN
[09:20:17] [447/459] CPEM
[09:20:18] [448/459] CPSM
[09:20:19] [449/459] RCAD
[09:20:20] [450/459] CPMU
[09:20:20] 🔄 Identity reset
[09:20:20] 🔄 Identity rotated (every 10 requests)
[09:20:22] [451/459] DICD
[09:20:23] [452/459] CHOE
[09:20:24] [453/459] PDJM
[09:20:24] [454/459] SSTU
[09:20:25] [455/459] VNRN
[09:20:27] [456/459] PVLG
[09:20:28] [457/459] SWBL
[09:20:29] [458/459] SCAB
[09:20:31] [459/459] RDDA
[09:20:32] 🧹 Deduping shows
[09:20:32] ✅ DONE | Shows=3269 | Movies=70
[12:44:21] 🚀 SCRIPT STARTED
[12:44:21] [1/459] MCCZ
[12:44:21] 🧠 New identity created
[12:44:23] [2/459] FRPU
[12:44:24] [3/459] SKSI
[12:44:25] [4/459] SSCK
[12:44:26] [5/459] SRDC
[12:44:27] [6/459] RSCZ
[12:44:28] [7/459] PRVT
[12:44:28] [8/459] GAGJ
[12:44:29] [9/459] SMHG
[12:44:30] [10/459] JTST
[12:44:30] 🔄 Identity reset
[12:44:30] 🔄 Identity rotated (every 10 requests)
[12:44:30] 🔄 Retry 1/5 for JTST in 2.1s
[12:44:30] 🔄 Identity reset
[12:44:33] 🧠 New identity created
[12:44:34] [11/459] MYTH
[12:44:35] [12/459] JPCC
[12:44:36] [13/459] ACDC
[12:44:37] [14/459] SVFP
[12:44:39] [15/459] SFCM
[12:44:40] [16/459] RUPK
[12:44:41] [17/459] NTCR
[12:44:42] [18/459] RTCH
[12:44:44] [19/459] SCMH
[12:44:44] 🔄 Identity reset
[12:44:44] 🔄 Identity rotated (every 10 requests)
[12:44:44] 🔄 Retry 1/5 for SCMH in 2.8s
[12:44:44] 🔄 Identity reset
[12:44:47] 🧠 New identity created
[12:44:47] 🔄 Retry 2/5 for SCMH in 4.2s
[12:44:47] 🔄 Identity reset
[12:44:51] 🧠 New identity created
[12:44:52] [20/459] SVYM
[12:44:53] [21/459] SPYM
[12:44:54] [22/459] SMMF
[12:44:55] [23/459] CLLB
[12:44:56] [24/459] FMCB
[12:44:57] [25/459] BBTC
[12:44:58] [26/459] NTHS
[12:44:59] [27/459] PKKJ
[12:44:59] 🔄 Identity reset
[12:44:59] 🔄 Identity rotated (every 10 requests)
[12:45:00] [28/459] MTJA
[12:45:01] [29/459] PMSJ
[12:45:01] [30/459] JMJU
[12:45:02] [31/459] SRAD
[12:45:03] [32/459] MJMC
[12:45:04] [33/459] DFRM
[12:45:05] [34/459] PMRS
[12:45:06] [35/459] RKPP
[12:45:07] [36/459] BMBK
[12:45:07] [37/459] NEWS
[12:45:07] 🔄 Identity reset
[12:45:07] 🔄 Identity rotated (every 10 requests)
[12:45:07] 🔄 Retry 1/5 for NEWS in 2.1s
[12:45:07] 🔄 Identity reset
[12:45:09] 🧠 New identity created
[12:45:11] [38/459] SALB
[12:45:12] [39/459] SCPW
[12:45:13] [40/459] RAYL
[12:45:13] [41/459] CMGJ
[12:45:15] [42/459] JRCR
[12:45:16] [43/459] SRTB
[12:45:17] [44/459] ETPB
[12:45:18] [45/459] MXBN
[12:45:19] [46/459] TOPE
[12:45:19] 🔄 Identity reset
[12:45:19] 🔄 Identity rotated (every 10 requests)
[12:45:19] 🔄 Retry 1/5 for TOPE in 2.0s
[12:45:19] 🔄 Identity reset
[12:45:21] 🧠 New identity created
[12:45:23] [47/459] SNLJ
[12:45:24] [48/459] CDDP
[12:45:25] [49/459] APCX
[12:45:26] [50/459] TALP
[12:45:27] [51/459] RRMP
[12:45:28] [52/459] MAHB
[12:45:29] [53/459] MTKR
[12:45:30] [54/459] KSKL
[12:45:31] [55/459] RJLT
[12:45:31] 🔄 Identity reset
[12:45:31] 🔄 Identity rotated (every 10 requests)
[12:45:32] [56/459] ATAS
[12:45:33] [57/459] AMHR
[12:45:34] [58/459] RSRM
[12:45:35] [59/459] GCAT
[12:45:36] [60/459] SMML
[12:45:37] [61/459] ACCD
[12:45:38] [62/459] VYDA
[12:45:39] [63/459] MSKT
[12:45:40] [64/459] AVDM
[12:45:41] [65/459] ASMH
[12:45:41] 🔄 Identity reset
[12:45:41] 🔄 Identity rotated (every 10 requests)
[12:45:41] 🔄 Retry 1/5 for ASMH in 2.6s
[12:45:41] 🔄 Identity reset
[12:45:44] 🧠 New identity created
[12:45:46] [66/459] VTMB
[12:45:47] [67/459] WVMB
[12:45:48] [68/459] PPMN
[12:45:48] [69/459] MTMD
[12:45:50] [70/459] SMMO
[12:45:51] [71/459] DLPB
[12:45:51] [72/459] AKMD
[12:45:53] [73/459] SHRR
[12:45:53] [74/459] ASCO
[12:45:53] 🔄 Identity reset
[12:45:53] 🔄 Identity rotated (every 10 requests)
[12:45:54] [75/459] CZVX
[12:45:55] [76/459] GCBB
[12:45:56] [77/459] ATBM
[12:45:57] [78/459] TCGM
[12:45:58] [79/459] UMSE
[12:45:59] [80/459] NKCL
[12:46:00] [81/459] BTLR
[12:46:01] [82/459] GOCL
[12:46:02] [83/459] MIRN
[12:46:03] [84/459] THEC
[12:46:03] 🔄 Identity reset
[12:46:03] 🔄 Identity rotated (every 10 requests)
[12:46:03] 🔄 Retry 1/5 for THEC in 2.2s
[12:46:03] 🔄 Identity reset
[12:46:05] 🧠 New identity created
[12:46:06] [85/459] SPPB
[12:46:07] [86/459] PMMM
[12:46:08] [87/459] GGMC
[12:46:09] [88/459] AVSR
[12:46:11] [89/459] RDMH
[12:46:12] [90/459] JSRS
[12:46:12] [91/459] VKGP
[12:46:13] [92/459] ACRT
[12:46:14] [93/459] GCBA
[12:46:14] 🔄 Identity reset
[12:46:14] 🔄 Identity rotated (every 10 requests)
[12:46:15] [94/459] GTCP
[12:46:16] [95/459] AKFC
[12:46:17] [96/459] INCS
[12:46:18] [97/459] SMCK
[12:46:20] [98/459] BRUN
[12:46:21] [99/459] RPPC
[12:46:22] [100/459] PAYD
[12:46:23] [101/459] SVVT
[12:46:24] [102/459] RNCC
[12:46:25] [103/459] PCRC
[12:46:25] 🔄 Identity reset
[12:46:25] 🔄 Identity rotated (every 10 requests)
[12:46:25] 🔄 Retry 1/5 for PCRC in 2.7s
[12:46:25] 🔄 Identity reset
[12:46:28] 🧠 New identity created
[12:46:29] [104/459] PMRM
[12:46:30] [105/459] CCRP
[12:46:31] [106/459] INCR
[12:46:32] [107/459] ZTMP
[12:46:33] [108/459] MCNR
[12:46:34] [109/459] INRP
[12:46:35] [110/459] STRC
[12:46:36] [111/459] RATI
[12:46:36] [112/459] PBTR
[12:46:36] 🔄 Identity reset
[12:46:37] 🔄 Identity rotated (every 10 requests)
[12:46:38] [113/459] CMHP
[12:46:40] [114/459] ZECJ
[12:46:41] [115/459] CCCB
[12:46:42] [116/459] BWCB
[12:46:43] [117/459] CCAT
[12:46:44] [118/459] KGCM
[12:46:45] [119/459] INPT
[12:46:45] [120/459] FNCO
[12:46:47] [121/459] SRMJ
[12:46:47] [122/459] PFSC
[12:46:47] 🔄 Identity reset
[12:46:47] 🔄 Identity rotated (every 10 requests)
[12:46:48] [123/459] PBMC
[12:46:50] [124/459] KARP
[12:46:51] [125/459] KOVI
[12:46:52] [126/459] ACXL
[12:46:52] [127/459] GKCC
[12:46:53] [128/459] ASCC
[12:46:54] [129/459] SETC
[12:46:55] [130/459] KACC
[12:46:56] [131/459] KAVE
[12:46:57] [132/459] CNTC
[12:46:57] 🔄 Identity reset
[12:46:57] 🔄 Identity rotated (every 10 requests)
[12:46:57] 🔄 Retry 1/5 for CNTC in 2.7s
[12:46:57] 🔄 Identity reset
[12:47:00] 🧠 New identity created
[12:47:01] [133/459] MEEN
[12:47:02] [134/459] BMRV
[12:47:03] [135/459] SVAM
[12:47:04] [136/459] VTBP
[12:47:05] [137/459] VCKN
[12:47:06] [138/459] SGTK
[12:47:07] [139/459] RCGS
[12:47:08] [140/459] RCCB
[12:47:09] [141/459] RKSR
[12:47:09] 🔄 Identity reset
[12:47:09] 🔄 Identity rotated (every 10 requests)
[12:47:09] 🔄 Retry 1/5 for RKSR in 2.8s
[12:47:09] 🔄 Identity reset
[12:47:12] 🧠 New identity created
[12:47:12] 🔄 Retry 2/5 for RKSR in 4.3s
[12:47:12] 🔄 Identity reset
[12:47:17] 🧠 New identity created
[12:47:18] [142/459] RKCU
[12:47:19] [143/459] GIBH
[12:47:19] [144/459] CXBS
[12:47:20] [145/459] GGCB
[12:47:21] [146/459] SCPB
[12:47:22] [147/459] AKTB
[12:47:23] [148/459] SRBU
[12:47:24] [149/459] CSSA
[12:47:24] 🔄 Identity reset
[12:47:24] 🔄 Identity rotated (every 10 requests)
[12:47:24] 🔄 Retry 1/5 for CSSA in 2.4s
[12:47:24] 🔄 Identity reset
[12:47:27] 🧠 New identity created
[12:47:28] [150/459] MYAN
[12:47:29] [151/459] EXCA
[12:47:30] [152/459] CKSA
[12:47:32] [153/459] JTNM
[12:47:33] [154/459] CXKT
[12:47:34] [155/459] NCLM
[12:47:35] [156/459] JAAD
[12:47:36] [157/459] RDCR
[12:47:37] [158/459] MEER
[12:47:37] 🔄 Identity reset
[12:47:37] 🔄 Identity rotated (every 10 requests)
[12:47:37] 🔄 Retry 1/5 for MEER in 2.7s
[12:47:37] 🔄 Identity reset
[12:47:40] 🧠 New identity created
[12:47:40] [159/459] SIBT
[12:47:41] [160/459] PVVB
[12:47:42] [161/459] FNPN
[12:47:43] [162/459] CRPX
[12:47:44] [163/459] STET
[12:47:45] [164/459] METE
[12:47:46] [165/459] BJML
[12:47:47] [166/459] MAVT
[12:47:48] [167/459] MSRM
[12:47:48] 🔄 Identity reset
[12:47:48] 🔄 Identity rotated (every 10 requests)
[12:47:48] 🔄 Retry 1/5 for MSRM in 2.6s
[12:47:48] 🔄 Identity reset
[12:47:51] 🧠 New identity created
[12:47:52] [168/459] TJMP
[12:47:53] [169/459] MHCK
[12:47:54] [170/459] SVGP
[12:47:55] [171/459] KRRC
[12:47:56] [172/459] IMCH
[12:47:57] [173/459] CMCS
[12:47:57] [174/459] SGND
[12:47:59] [175/459] RNAT
[12:48:00] [176/459] PRTN
[12:48:00] 🔄 Identity reset
[12:48:00] 🔄 Identity rotated (every 10 requests)
[12:48:01] [177/459] MPTN
[12:48:02] [178/459] ARCC
[12:48:03] [179/459] NTTE
[12:48:04] [180/459] ABND
[12:48:05] [181/459] KCSN
[12:48:06] [182/459] KCSA
[12:48:07] [183/459] DCKT
[12:48:08] [184/459] MBBR
[12:48:09] [185/459] RAMU
[12:48:10] [186/459] RACW
[12:48:10] 🔄 Identity reset
[12:48:10] 🔄 Identity rotated (every 10 requests)
[12:48:10] 🔄 Retry 1/5 for RACW in 2.4s
[12:48:10] 🔄 Identity reset
[12:48:12] 🧠 New identity created
[12:48:13] [187/459] MCHP
[12:48:14] [188/459] TMHM
[12:48:15] [189/459] STXH
[12:48:16] [190/459] AGSG
[12:48:17] [191/459] SIRA
[12:48:18] [192/459] RCAN
[12:48:19] [193/459] CWTB
[12:48:20] [194/459] VTYM
[12:48:21] [195/459] RRPP
[12:48:21] 🔄 Identity reset
[12:48:21] 🔄 Identity rotated (every 10 requests)
[12:48:21] 🔄 Retry 1/5 for RRPP in 2.4s
[12:48:21] 🔄 Identity reset
[12:48:23] 🧠 New identity created
[12:48:24] [196/459] ASMR
[12:48:25] [197/459] RONO
[12:48:26] [198/459] MEMR
[12:48:27] [199/459] CTMR
[12:48:28] [200/459] PMTT
[12:48:29] [201/459] PSLX
[12:48:30] [202/459] IPPL
[12:48:31] [203/459] MMSG
[12:48:32] [204/459] INEL
[12:48:32] 🔄 Identity reset
[12:48:32] 🔄 Identity rotated (every 10 requests)
[12:48:32] 🔄 Retry 1/5 for INEL in 2.9s
[12:48:32] 🔄 Identity reset
[12:48:35] 🧠 New identity created
[12:48:36] [205/459] COAC
[12:48:37] [206/459] WVLK
[12:48:38] [207/459] PPXL
[12:48:39] [208/459] PSML
[12:48:41] [209/459] FNLK
[12:48:42] [210/459] ILUM
[12:48:43] [211/459] ILCM
[12:48:44] [212/459] MSNL
[12:48:45] [213/459] VINB
[12:48:45] 🔄 Identity reset
[12:48:45] 🔄 Identity rotated (every 10 requests)
[12:48:46] [214/459] SALW
[12:48:47] [215/459] PRTB
[12:48:48] [216/459] NCIL
[12:48:49] [217/459] PSUL
[12:48:50] [218/459] SCLK
[12:48:51] [219/459] ADDC
[12:48:52] [220/459] OACL
[12:48:53] [221/459] OOCF
[12:48:54] [222/459] GPMF
[12:48:55] [223/459] SSDG
[12:48:55] 🔄 Identity reset
[12:48:55] 🔄 Identity rotated (every 10 requests)
[12:48:56] [224/459] SKRS
[12:48:57] [225/459] NTTP
[12:48:58] [226/459] SLTP
[12:48:59] [227/459] JTLC
[12:49:01] [228/459] POON
[12:49:03] [229/459] CCPC
[12:49:04] [230/459] DCKC
[12:49:05] [231/459] CPRT
[12:49:06] [232/459] EYHZ
[12:49:07] [233/459] ARBL
[12:49:07] 🔄 Identity reset
[12:49:07] 🔄 Identity rotated (every 10 requests)
[12:49:08] [234/459] SBTB
[12:49:10] [235/459] MMCK
[12:49:11] [236/459] PLMR
[12:49:12] [237/459] BIJH
[12:49:13] [238/459] SDRT
[12:49:14] [239/459] PRDC
[12:49:14] [240/459] OMJA
[12:49:15] [241/459] VKCR
[12:49:16] [242/459] ATRT
[12:49:17] [243/459] WVRP
[12:49:17] 🔄 Identity reset
[12:49:17] 🔄 Identity rotated (every 10 requests)
[12:49:18] [244/459] MVRP
[12:49:19] [245/459] FCAX
[12:49:20] [246/459] CTLC
[12:49:21] [247/459] JCHB
[12:49:22] [248/459] SELP
[12:49:23] [249/459] VCPG
[12:49:23] [250/459] ASCX
[12:49:24] [251/459] EOCS
[12:49:25] [252/459] RCPH
[12:49:27] [253/459] RJTM
[12:49:27] 🔄 Identity reset
[12:49:27] 🔄 Identity rotated (every 10 requests)
[12:49:28] [254/459] SGMD
[12:49:29] [255/459] SVJT
[12:49:30] [256/459] SPPO
[12:49:31] [257/459] MNRL
[12:49:32] [258/459] KNOX
[12:49:33] [259/459] GIER
[12:49:34] [260/459] PJMS
[12:49:35] [261/459] UNSP
[12:49:36] [262/459] JETP
[12:49:37] [263/459] VTWA
[12:49:37] 🔄 Identity reset
[12:49:37] 🔄 Identity rotated (every 10 requests)
[12:49:37] 🔄 Retry 1/5 for VTWA in 3.0s
[12:49:37] 🔄 Identity reset
[12:49:40] 🧠 New identity created
[12:49:41] [264/459] SCJI
[12:49:42] [265/459] CBZZ
[12:49:43] [266/459] SDCJ
[12:49:43] [267/459] RRCC
[12:49:44] [268/459] VNKG
[12:49:45] [269/459] LKTO
[12:49:46] [270/459] PJRM
[12:49:47] [271/459] NVRM
[12:49:48] [272/459] SJCS
[12:49:48] 🔄 Identity reset
[12:49:48] 🔄 Identity rotated (every 10 requests)
[12:49:48] 🔄 Retry 1/5 for SJCS in 2.7s
[12:49:48] 🔄 Identity reset
[12:49:51] 🧠 New identity created
[12:49:51] 🔄 Retry 2/5 for SJCS in 4.1s
[12:49:51] 🔄 Identity reset
[12:49:55] 🧠 New identity created
[12:49:56] [273/459] VIGK
[12:49:57] [274/459] ANST
[12:49:58] [275/459] JTTS
[12:49:59] [276/459] NTST
[12:50:00] [277/459] PREB
[12:50:01] [278/459] TSCZ
[12:50:02] [279/459] CDCM
[12:50:04] [280/459] ELYE
[12:50:04] 🔄 Identity reset
[12:50:04] 🔄 Identity rotated (every 10 requests)
[12:50:05] [281/459] INBS
[12:50:06] [282/459] SMGC
[12:50:07] [283/459] UTMP
[12:50:08] [284/459] INTA
[12:50:09] [285/459] OMPT
[12:50:10] [286/459] SCIR
[12:50:11] [287/459] GCKJ
[12:50:12] [288/459] INOG
[12:50:13] [289/459] SMGB
[12:50:14] [290/459] MCSG
[12:50:14] 🔄 Identity reset
[12:50:14] 🔄 Identity rotated (every 10 requests)
[12:50:14] 🔄 Retry 1/5 for MCSG in 2.7s
[12:50:14] 🔄 Identity reset
[12:50:17] 🧠 New identity created
[12:50:18] [291/459] STKG
[12:50:18] [292/459] TTKG
[12:50:19] [293/459] SRTR
[12:50:20] [294/459] ETTR
[12:50:22] [295/459] GGGZ
[12:50:23] [296/459] IPGM
[12:50:24] [297/459] FCDH
[12:50:25] [298/459] DESB
[12:50:26] [299/459] VNTP
[12:50:26] 🔄 Identity reset
[12:50:26] 🔄 Identity rotated (every 10 requests)
[12:50:27] [300/459] ANNT
[12:50:28] [301/459] SLTI
[12:50:29] [302/459] MAJU
[12:50:30] [303/459] JCXP
[12:50:31] [304/459] HARK
[12:50:33] [305/459] JPCJ
[12:50:34] [306/459] RXBD
[12:50:36] [307/459] PTKJ
[12:50:37] [308/459] CMTU
[12:50:37] [309/459] SWOR
[12:50:37] 🔄 Identity reset
[12:50:37] 🔄 Identity rotated (every 10 requests)
[12:50:38] [310/459] JMEX
[12:50:39] [311/459] DTPT
[12:50:40] [312/459] VGMM
[12:50:41] [313/459] VCSG
[12:50:42] [314/459] CVCG
[12:50:43] [315/459] TNTT
[12:50:44] [316/459] SHRM
[12:50:46] [317/459] CGKD
[12:50:47] [318/459] EKCM
[12:50:48] [319/459] SDCX
[12:50:48] 🔄 Identity reset
[12:50:48] 🔄 Identity rotated (every 10 requests)
[12:50:48] 🔄 Retry 1/5 for SDCX in 2.2s
[12:50:48] 🔄 Identity reset
[12:50:51] 🧠 New identity created
[12:50:51] 🔄 Retry 2/5 for SDCX in 4.7s
[12:50:51] 🔄 Identity reset
[12:50:55] 🧠 New identity created
[12:50:56] [320/459] SBTE
[12:50:57] [321/459] STKJ
[12:50:59] [322/459] TPCE
[12:51:00] [323/459] JTNP
[12:51:01] [324/459] LPCH
[12:51:02] [325/459] CPUO
[12:51:02] [326/459] APSU
[12:51:03] [327/459] RTHC
[12:51:03] 🔄 Identity reset
[12:51:03] 🔄 Identity rotated (every 10 requests)
[12:51:04] [328/459] PTBU
[12:51:05] [329/459] CUCC
[12:51:06] [330/459] CPSA
[12:51:08] [331/459] SUAY
[12:51:09] [332/459] AYAA
[12:51:09] [333/459] MUCH
[12:51:11] [334/459] PCIN
[12:51:12] [335/459] JRRM
[12:51:12] [336/459] KATS
[12:51:13] [337/459] MHFF
[12:51:13] 🔄 Identity reset
[12:51:13] 🔄 Identity rotated (every 10 requests)
[12:51:14] [338/459] ESYM
[12:51:15] [339/459] STYV
[12:51:16] [340/459] SDKG
[12:51:16] [341/459] SMTI
[12:51:17] [342/459] NYCS
[12:51:18] [343/459] MTBG
[12:51:19] [344/459] RHCA
[12:51:21] [345/459] PCKH
[12:51:21] [346/459] ARCR
[12:51:23] [347/459] NCMB
[12:51:23] 🔄 Identity reset
[12:51:23] 🔄 Identity rotated (every 10 requests)
[12:51:23] 🔄 Retry 1/5 for NCMB in 2.9s
[12:51:23] 🔄 Identity reset
[12:51:26] 🧠 New identity created
[12:51:27] [348/459] SHYC
[12:51:28] [349/459] LACK
[12:51:29] [350/459] MTCM
[12:51:30] [351/459] RRBN
[12:51:31] [352/459] MYDC
[12:51:32] [353/459] STCS
[12:51:33] [354/459] CONN
[12:51:34] [355/459] SIPS
[12:51:35] [356/459] SMMX
[12:51:35] 🔄 Identity reset
[12:51:35] 🔄 Identity rotated (every 10 requests)
[12:51:35] 🔄 Retry 1/5 for SMMX in 2.8s
[12:51:35] 🔄 Identity reset
[12:51:38] 🧠 New identity created
[12:51:39] [357/459] SCBY
[12:51:40] [358/459] SUAP
[12:51:41] [359/459] RSMK
[12:51:42] [360/459] STKP
[12:51:43] [361/459] CIPC
[12:51:44] [362/459] KKCI
[12:51:45] [363/459] CTNK
[12:51:46] [364/459] MMTZ
[12:51:47] [365/459] DCCO
[12:51:47] 🔄 Identity reset
[12:51:47] 🔄 Identity rotated (every 10 requests)
[12:51:47] [366/459] VNMN
[12:51:48] [367/459] RLCN
[12:51:49] [368/459] CMMS
[12:51:51] [369/459] AYOU
[12:51:51] [370/459] SSCN
[12:51:52] [371/459] SMXN
[12:51:53] [372/459] ASSK
[12:51:54] [373/459] VCKM
[12:51:55] [374/459] PCPH
[12:51:57] [375/459] PADM
[12:51:57] 🔄 Identity reset
[12:51:57] 🔄 Identity rotated (every 10 requests)
[12:51:57] 🔄 Retry 1/5 for PADM in 2.6s
[12:51:57] 🔄 Identity reset
[12:52:00] 🧠 New identity created
[12:52:01] [376/459] IESA
[12:52:02] [377/459] VCSP
[12:52:03] [378/459] AEST
[12:52:04] [379/459] VTNR
[12:52:05] [380/459] GTTA
[12:52:06] [381/459] CMMM
[12:52:07] [382/459] AHKT
[12:52:08] [383/459] SIJI
[12:52:09] [384/459] VCEI
[12:52:09] 🔄 Identity reset
[12:52:09] 🔄 Identity rotated (every 10 requests)
[12:52:09] 🔄 Retry 1/5 for VCEI in 2.0s
[12:52:09] 🔄 Identity reset
[12:52:11] 🧠 New identity created
[12:52:12] [385/459] SAKR
[12:52:13] [386/459] VSMT
[12:52:14] [387/459] SSCT
[12:52:15] [388/459] USTR
[12:52:17] [389/459] MTKT
[12:52:18] [390/459] TGMP
[12:52:19] [391/459] SIVC
[12:52:20] [392/459] KICT
[12:52:21] [393/459] DAMD
[12:52:21] 🔄 Identity reset
[12:52:21] 🔄 Identity rotated (every 10 requests)
[12:52:21] 🔄 Retry 1/5 for DAMD in 2.7s
[12:52:21] 🔄 Identity reset
[12:52:24] 🧠 New identity created
[12:52:25] [394/459] CNPT
[12:52:26] [395/459] RVTT
[12:52:27] [396/459] SNCM
[12:52:28] [397/459] GHTE
[12:52:29] [398/459] PPAM
[12:52:30] [399/459] PVAA
[12:52:31] [400/459] CPAO
[12:52:31] [401/459] HAMD
[12:52:32] [402/459] RCCA
[12:52:32] 🔄 Identity reset
[12:52:32] 🔄 Identity rotated (every 10 requests)
[12:52:34] [403/459] MPCH
[12:52:35] [404/459] ARED
[12:52:36] [405/459] RRCV
[12:52:37] [406/459] MTRB
[12:52:37] [407/459] CKUA
[12:52:38] [408/459] ABMP
[12:52:39] [409/459] RCWA
[12:52:40] [410/459] CGAR
[12:52:41] [411/459] METH
[12:52:42] [412/459] WAGA
[12:52:42] 🔄 Identity reset
[12:52:42] 🔄 Identity rotated (every 10 requests)
[12:52:43] [413/459] MCMA
[12:52:45] [414/459] CSMP
[12:52:46] [415/459] RCNK
[12:52:46] [416/459] PSTM
[12:52:47] [417/459] CSEP
[12:52:48] [418/459] AMGD
[12:52:49] [419/459] CSTE
[12:52:50] [420/459] CONS
[12:52:51] [421/459] APPX
[12:52:52] [422/459] MABC
[12:52:52] 🔄 Identity reset
[12:52:52] 🔄 Identity rotated (every 10 requests)
[12:52:52] 🔄 Retry 1/5 for MABC in 2.7s
[12:52:52] 🔄 Identity reset
[12:52:54] 🧠 New identity created
[12:52:55] [423/459] CXST
[12:52:56] [424/459] MATN
[12:52:57] [425/459] MACZ
[12:52:58] [426/459] MASA
[12:52:59] [427/459] MBSX
[12:53:00] [428/459] CSST
[12:53:01] [429/459] APCL
[12:53:02] [430/459] CGOS
[12:53:03] [431/459] CPEC
[12:53:03] 🔄 Identity reset
[12:53:03] 🔄 Identity rotated (every 10 requests)
[12:53:03] 🔄 Retry 1/5 for CPEC in 3.0s
[12:53:03] 🔄 Identity reset
[12:53:06] 🧠 New identity created
[12:53:06] 🔄 Retry 2/5 for CPEC in 4.3s
[12:53:06] 🔄 Identity reset
[12:53:10] 🧠 New identity created
[12:53:11] [432/459] MCCP
[12:53:12] [433/459] BSSO
[12:53:13] [434/459] SJKA
[12:53:15] [435/459] CGBO
[12:53:16] [436/459] MVSK
[12:53:17] [437/459] HVCA
[12:53:18] [438/459] NAMD
[12:53:19] [439/459] DEVI
[12:53:19] 🔄 Identity reset
[12:53:19] 🔄 Identity rotated (every 10 requests)
[12:53:20] [440/459] SCSV
[12:53:21] [441/459] PSMA
[12:53:22] [442/459] CLDJ
[12:53:24] [443/459] NMAD
[12:53:25] [444/459] CGMO
[12:53:26] [445/459] MCNA
[12:53:27] [446/459] OCBN
[12:53:28] [447/459] CPEM
[12:53:28] [448/459] CPSM
[12:53:29] [449/459] RCAD
[12:53:29] 🔄 Identity reset
[12:53:29] 🔄 Identity rotated (every 10 requests)
[12:53:30] [450/459] CPMU
[12:53:32] [451/459] DICD
[12:53:33] [452/459] CHOE
[12:53:34] [453/459] PDJM
[12:53:35] [454/459] SSTU
[12:53:37] [455/459] VNRN
[12:53:38] [456/459] PVLG
[12:53:38] [457/459] SWBL
[12:53:39] [458/459] SCAB
[12:53:41] [459/459] RDDA
[12:53:41] 🔄 Identity reset
[12:53:41] 🔄 Identity rotated (every 10 requests)
[12:53:42] 🧹 Deduping shows
[12:53:42] ✅ DONE | Shows=3477 | Movies=71
[16:09:34] 🚀 SCRIPT STARTED
[16:09:34] [1/459] MCCZ
[16:09:34] 🧠 New identity created
[16:09:35] [2/459] FRPU
[16:09:35] [3/459] SKSI
[16:09:36] [4/459] SSCK
[16:09:37] [5/459] SRDC
[16:09:38] [6/459] RSCZ
[16:09:38] [7/459] PRVT
[16:09:39] [8/459] GAGJ
[16:09:39] [9/459] SMHG
[16:09:40] [10/459] JTST
[16:09:40] 🔄 Identity reset
[16:09:40] 🔄 Identity rotated (every 10 requests)
[16:09:41] [11/459] MYTH
[16:09:41] [12/459] JPCC
[16:09:42] [13/459] ACDC
[16:09:43] [14/459] SVFP
[16:09:43] [15/459] SFCM
[16:09:44] [16/459] RUPK
[16:09:45] [17/459] NTCR
[16:09:45] [18/459] RTCH
[16:09:46] [19/459] SCMH
[16:09:47] [20/459] SVYM
[16:09:47] 🔄 Identity reset
[16:09:47] 🔄 Identity rotated (every 10 requests)
[16:09:48] [21/459] SPYM
[16:09:48] [22/459] SMMF
[16:09:49] [23/459] CLLB
[16:09:49] [24/459] FMCB
[16:09:50] [25/459] BBTC
[16:09:51] [26/459] NTHS
[16:09:51] [27/459] PKKJ
[16:09:52] [28/459] MTJA
[16:09:53] [29/459] PMSJ
[16:09:54] [30/459] JMJU
[16:09:54] 🔄 Identity reset
[16:09:54] 🔄 Identity rotated (every 10 requests)
[16:09:55] [31/459] SRAD
[16:09:56] [32/459] MJMC
[16:09:56] [33/459] DFRM
[16:09:57] [34/459] PMRS
[16:09:58] [35/459] RKPP
[16:09:58] [36/459] BMBK
[16:09:59] [37/459] NEWS
[16:10:00] [38/459] SALB
[16:10:00] [39/459] SCPW
[16:10:01] [40/459] RAYL
[16:10:01] 🔄 Identity reset
[16:10:01] 🔄 Identity rotated (every 10 requests)
[16:10:02] [41/459] CMGJ
[16:10:03] [42/459] JRCR
[16:10:04] [43/459] SRTB
[16:10:04] [44/459] ETPB
[16:10:05] [45/459] MXBN
[16:10:06] [46/459] TOPE
[16:10:07] [47/459] SNLJ
[16:10:07] [48/459] CDDP
[16:10:08] [49/459] APCX
[16:10:09] [50/459] TALP
[16:10:09] 🔄 Identity reset
[16:10:09] 🔄 Identity rotated (every 10 requests)
[16:10:10] [51/459] RRMP
[16:10:10] [52/459] MAHB
[16:10:11] [53/459] MTKR
[16:10:11] [54/459] KSKL
[16:10:12] [55/459] RJLT
[16:10:13] [56/459] ATAS
[16:10:13] [57/459] AMHR
[16:10:14] [58/459] RSRM
[16:10:15] [59/459] GCAT
[16:10:15] [60/459] SMML
[16:10:15] 🔄 Identity reset
[16:10:15] 🔄 Identity rotated (every 10 requests)
[16:10:16] [61/459] ACCD
[16:10:17] [62/459] VYDA
[16:10:18] [63/459] MSKT
[16:10:18] [64/459] AVDM
[16:10:19] [65/459] ASMH
[16:10:20] [66/459] VTMB
[16:10:21] [67/459] WVMB
[16:10:21] [68/459] PPMN
[16:10:22] [69/459] MTMD
[16:10:22] [70/459] SMMO
[16:10:22] 🔄 Identity reset
[16:10:22] 🔄 Identity rotated (every 10 requests)
[16:10:23] [71/459] DLPB
[16:10:24] [72/459] AKMD
[16:10:25] [73/459] SHRR
[16:10:25] [74/459] ASCO
[16:10:26] [75/459] CZVX
[16:10:26] [76/459] GCBB
[16:10:27] [77/459] ATBM
[16:10:28] [78/459] TCGM
[16:10:28] [79/459] UMSE
[16:10:29] [80/459] NKCL
[16:10:29] 🔄 Identity reset
[16:10:29] 🔄 Identity rotated (every 10 requests)
[16:10:30] [81/459] BTLR
[16:10:31] [82/459] GOCL
[16:10:31] [83/459] MIRN
[16:10:32] [84/459] THEC
[16:10:32] [85/459] SPPB
[16:10:33] [86/459] PMMM
[16:10:34] [87/459] GGMC
[16:10:35] [88/459] AVSR
[16:10:35] [89/459] RDMH
[16:10:36] [90/459] JSRS
[16:10:36] 🔄 Identity reset
[16:10:36] 🔄 Identity rotated (every 10 requests)
[16:10:37] [91/459] VKGP
[16:10:38] [92/459] ACRT
[16:10:39] [93/459] GCBA
[16:10:39] [94/459] GTCP
[16:10:40] [95/459] AKFC
[16:10:41] [96/459] INCS
[16:10:41] [97/459] SMCK
[16:10:42] [98/459] BRUN
[16:10:43] [99/459] RPPC
[16:10:44] [100/459] PAYD
[16:10:44] 🔄 Identity reset
[16:10:44] 🔄 Identity rotated (every 10 requests)
[16:10:44] [101/459] SVVT
[16:10:45] [102/459] RNCC
[16:10:46] [103/459] PCRC
[16:10:47] [104/459] PMRM
[16:10:47] [105/459] CCRP
[16:10:48] [106/459] INCR
[16:10:49] [107/459] ZTMP
[16:10:49] [108/459] MCNR
[16:10:50] [109/459] INRP
[16:10:51] [110/459] STRC
[16:10:51] 🔄 Identity reset
[16:10:51] 🔄 Identity rotated (every 10 requests)
[16:10:52] [111/459] RATI
[16:10:53] [112/459] PBTR
[16:10:53] [113/459] CMHP
[16:10:54] [114/459] ZECJ
[16:10:55] [115/459] CCCB
[16:10:55] [116/459] BWCB
[16:10:56] [117/459] CCAT
[16:10:57] [118/459] KGCM
[16:10:57] [119/459] INPT
[16:10:58] [120/459] FNCO
[16:10:58] 🔄 Identity reset
[16:10:58] 🔄 Identity rotated (every 10 requests)
[16:10:59] [121/459] SRMJ
[16:11:00] [122/459] PFSC
[16:11:00] [123/459] PBMC
[16:11:01] [124/459] KARP
[16:11:02] [125/459] KOVI
[16:11:02] [126/459] ACXL
[16:11:03] [127/459] GKCC
[16:11:04] [128/459] ASCC
[16:11:05] [129/459] SETC
[16:11:05] [130/459] KACC
[16:11:05] 🔄 Identity reset
[16:11:06] 🔄 Identity rotated (every 10 requests)
[16:11:06] [131/459] KAVE
[16:11:07] [132/459] CNTC
[16:11:08] [133/459] MEEN
[16:11:08] [134/459] BMRV
[16:11:09] [135/459] SVAM
[16:11:10] [136/459] VTBP
[16:11:10] [137/459] VCKN
[16:11:11] [138/459] SGTK
[16:11:12] [139/459] RCGS
[16:11:12] [140/459] RCCB
[16:11:12] 🔄 Identity reset
[16:11:12] 🔄 Identity rotated (every 10 requests)
[16:11:13] [141/459] RKSR
[16:11:14] [142/459] RKCU
[16:11:14] [143/459] GIBH
[16:11:15] [144/459] CXBS
[16:11:15] [145/459] GGCB
[16:11:16] [146/459] SCPB
[16:11:17] [147/459] AKTB
[16:11:18] [148/459] SRBU
[16:11:18] [149/459] CSSA
[16:11:19] [150/459] MYAN
[16:11:19] 🔄 Identity reset
[16:11:19] 🔄 Identity rotated (every 10 requests)
[16:11:20] [151/459] EXCA
[16:11:20] [152/459] CKSA
[16:11:21] [153/459] JTNM
[16:11:21] [154/459] CXKT
[16:11:22] [155/459] NCLM
[16:11:23] [156/459] JAAD
[16:11:23] [157/459] RDCR
[16:11:24] [158/459] MEER
[16:11:25] [159/459] SIBT
[16:11:25] [160/459] PVVB
[16:11:25] 🔄 Identity reset
[16:11:25] 🔄 Identity rotated (every 10 requests)
[16:11:26] [161/459] FNPN
[16:11:26] [162/459] CRPX
[16:11:27] [163/459] STET
[16:11:28] [164/459] METE
[16:11:28] [165/459] BJML
[16:11:29] [166/459] MAVT
[16:11:29] [167/459] MSRM
[16:11:30] [168/459] TJMP
[16:11:31] [169/459] MHCK
[16:11:31] [170/459] SVGP
[16:11:31] 🔄 Identity reset
[16:11:31] 🔄 Identity rotated (every 10 requests)
[16:11:32] [171/459] KRRC
[16:11:33] [172/459] IMCH
[16:11:34] [173/459] CMCS
[16:11:35] [174/459] SGND
[16:11:35] [175/459] RNAT
[16:11:36] [176/459] PRTN
[16:11:37] [177/459] MPTN
[16:11:37] [178/459] ARCC
[16:11:38] [179/459] NTTE
[16:11:39] [180/459] ABND
[16:11:39] 🔄 Identity reset
[16:11:39] 🔄 Identity rotated (every 10 requests)
[16:11:40] [181/459] KCSN
[16:11:41] [182/459] KCSA
[16:11:41] [183/459] DCKT
[16:11:42] [184/459] MBBR
[16:11:42] [185/459] RAMU
[16:11:43] [186/459] RACW
[16:11:44] [187/459] MCHP
[16:11:44] [188/459] TMHM
[16:11:45] [189/459] STXH
[16:11:46] [190/459] AGSG
[16:11:46] 🔄 Identity reset
[16:11:46] 🔄 Identity rotated (every 10 requests)
[16:11:47] [191/459] SIRA
[16:11:47] [192/459] RCAN
[16:11:48] [193/459] CWTB
[16:11:49] [194/459] VTYM
[16:11:49] [195/459] RRPP
[16:11:50] [196/459] ASMR
[16:11:51] [197/459] RONO
[16:11:52] [198/459] MEMR
[16:11:52] [199/459] CTMR
[16:11:53] [200/459] PMTT
[16:11:53] 🔄 Identity reset
[16:11:53] 🔄 Identity rotated (every 10 requests)
[16:11:54] [201/459] PSLX
[16:11:55] [202/459] IPPL
[16:11:55] [203/459] MMSG
[16:11:56] [204/459] INEL
[16:11:57] [205/459] COAC
[16:11:58] [206/459] WVLK
[16:11:59] [207/459] PPXL
[16:11:59] [208/459] PSML
[16:12:00] [209/459] FNLK
[16:12:01] [210/459] ILUM
[16:12:01] 🔄 Identity reset
[16:12:01] 🔄 Identity rotated (every 10 requests)
[16:12:02] [211/459] ILCM
[16:12:02] [212/459] MSNL
[16:12:03] [213/459] VINB
[16:12:04] [214/459] SALW
[16:12:05] [215/459] PRTB
[16:12:05] [216/459] NCIL
[16:12:06] [217/459] PSUL
[16:12:06] [218/459] SCLK
[16:12:07] [219/459] ADDC
[16:12:08] [220/459] OACL
[16:12:08] 🔄 Identity reset
[16:12:08] 🔄 Identity rotated (every 10 requests)
[16:12:09] [221/459] OOCF
[16:12:09] [222/459] GPMF
[16:12:10] [223/459] SSDG
[16:12:10] [224/459] SKRS
[16:12:11] [225/459] NTTP
[16:12:12] [226/459] SLTP
[16:12:12] [227/459] JTLC
[16:12:13] [228/459] POON
[16:12:14] [229/459] CCPC
[16:12:15] [230/459] DCKC
[16:12:15] 🔄 Identity reset
[16:12:15] 🔄 Identity rotated (every 10 requests)
[16:12:15] [231/459] CPRT
[16:12:16] [232/459] EYHZ
[16:12:17] [233/459] ARBL
[16:12:17] [234/459] SBTB
[16:12:18] [235/459] MMCK
[16:12:19] [236/459] PLMR
[16:12:20] [237/459] BIJH
[16:12:20] [238/459] SDRT
[16:12:21] [239/459] PRDC
[16:12:22] [240/459] OMJA
[16:12:22] 🔄 Identity reset
[16:12:22] 🔄 Identity rotated (every 10 requests)
[16:12:22] 🔄 Retry 1/5 for OMJA in 2.4s
[16:12:22] 🔄 Identity reset
[16:12:24] 🧠 New identity created
[16:12:25] [241/459] VKCR
[16:12:26] [242/459] ATRT
[16:12:27] [243/459] WVRP
[16:12:27] [244/459] MVRP
[16:12:28] [245/459] FCAX
[16:12:29] [246/459] CTLC
[16:12:30] [247/459] JCHB
[16:12:31] [248/459] SELP
[16:12:31] [249/459] VCPG
[16:12:31] 🔄 Identity reset
[16:12:31] 🔄 Identity rotated (every 10 requests)
[16:12:32] [250/459] ASCX
[16:12:33] [251/459] EOCS
[16:12:33] [252/459] RCPH
[16:12:34] [253/459] RJTM
[16:12:35] [254/459] SGMD
[16:12:36] [255/459] SVJT
[16:12:37] [256/459] SPPO
[16:12:37] [257/459] MNRL
[16:12:38] [258/459] KNOX
[16:12:39] [259/459] GIER
[16:12:39] 🔄 Identity reset
[16:12:39] 🔄 Identity rotated (every 10 requests)
[16:12:40] [260/459] PJMS
[16:12:40] [261/459] UNSP
[16:12:41] [262/459] JETP
[16:12:42] [263/459] VTWA
[16:12:42] [264/459] SCJI
[16:12:43] [265/459] CBZZ
[16:12:44] [266/459] SDCJ
[16:12:44] [267/459] RRCC
[16:12:45] [268/459] VNKG
[16:12:46] [269/459] LKTO
[16:12:46] 🔄 Identity reset
[16:12:46] 🔄 Identity rotated (every 10 requests)
[16:12:46] [270/459] PJRM
[16:12:47] [271/459] NVRM
[16:12:48] [272/459] SJCS
[16:12:49] [273/459] VIGK
[16:12:49] [274/459] ANST
[16:12:50] [275/459] JTTS
[16:12:51] [276/459] NTST
[16:12:52] [277/459] PREB
[16:12:52] [278/459] TSCZ
[16:12:53] [279/459] CDCM
[16:12:53] 🔄 Identity reset
[16:12:53] 🔄 Identity rotated (every 10 requests)
[16:12:53] [280/459] ELYE
[16:12:54] [281/459] INBS
[16:12:55] [282/459] SMGC
[16:12:56] [283/459] UTMP
[16:12:56] [284/459] INTA
[16:12:57] [285/459] OMPT
[16:12:58] [286/459] SCIR
[16:12:58] [287/459] GCKJ
[16:12:59] [288/459] INOG
[16:13:01] [289/459] SMGB
[16:13:01] 🔄 Identity reset
[16:13:01] 🔄 Identity rotated (every 10 requests)
[16:13:02] [290/459] MCSG
[16:13:03] [291/459] STKG
[16:13:03] [292/459] TTKG
[16:13:04] [293/459] SRTR
[16:13:04] [294/459] ETTR
[16:13:05] [295/459] GGGZ
[16:13:06] [296/459] IPGM
[16:13:07] [297/459] FCDH
[16:13:07] [298/459] DESB
[16:13:08] [299/459] VNTP
[16:13:08] 🔄 Identity reset
[16:13:08] 🔄 Identity rotated (every 10 requests)
[16:13:09] [300/459] ANNT
[16:13:10] [301/459] SLTI
[16:13:10] [302/459] MAJU
[16:13:11] [303/459] JCXP
[16:13:11] [304/459] HARK
[16:13:12] [305/459] JPCJ
[16:13:13] [306/459] RXBD
[16:13:14] [307/459] PTKJ
[16:13:14] [308/459] CMTU
[16:13:15] [309/459] SWOR
[16:13:15] 🔄 Identity reset
[16:13:15] 🔄 Identity rotated (every 10 requests)
[16:13:16] [310/459] JMEX
[16:13:17] [311/459] DTPT
[16:13:17] [312/459] VGMM
[16:13:18] [313/459] VCSG
[16:13:19] [314/459] CVCG
[16:13:19] [315/459] TNTT
[16:13:20] [316/459] SHRM
[16:13:21] [317/459] CGKD
[16:13:22] [318/459] EKCM
[16:13:23] [319/459] SDCX
[16:13:23] 🔄 Identity reset
[16:13:23] 🔄 Identity rotated (every 10 requests)
[16:13:23] [320/459] SBTE
[16:13:24] [321/459] STKJ
[16:13:25] [322/459] TPCE
[16:13:25] [323/459] JTNP
[16:13:26] [324/459] LPCH
[16:13:26] [325/459] CPUO
[16:13:27] [326/459] APSU
[16:13:28] [327/459] RTHC
[16:13:28] [328/459] PTBU
[16:13:29] [329/459] CUCC
[16:13:29] 🔄 Identity reset
[16:13:29] 🔄 Identity rotated (every 10 requests)
[16:13:29] 🔄 Retry 1/5 for CUCC in 3.0s
[16:13:29] 🔄 Identity reset
[16:13:32] 🧠 New identity created
[16:13:33] [330/459] CPSA
[16:13:34] [331/459] SUAY
[16:13:34] [332/459] AYAA
[16:13:35] [333/459] MUCH
[16:13:36] [334/459] PCIN
[16:13:37] [335/459] JRRM
[16:13:37] [336/459] KATS
[16:13:38] [337/459] MHFF
[16:13:39] [338/459] ESYM
[16:13:39] 🔄 Identity reset
[16:13:39] 🔄 Identity rotated (every 10 requests)
[16:13:40] [339/459] STYV
[16:13:41] [340/459] SDKG
[16:13:42] [341/459] SMTI
[16:13:42] [342/459] NYCS
[16:13:43] [343/459] MTBG
[16:13:44] [344/459] RHCA
[16:13:44] [345/459] PCKH
[16:13:45] [346/459] ARCR
[16:13:46] [347/459] NCMB
[16:13:46] [348/459] SHYC
[16:13:46] 🔄 Identity reset
[16:13:46] 🔄 Identity rotated (every 10 requests)
[16:13:47] [349/459] LACK
[16:13:48] [350/459] MTCM
[16:13:49] [351/459] RRBN
[16:13:49] [352/459] MYDC
[16:13:50] [353/459] STCS
[16:13:51] [354/459] CONN
[16:13:51] [355/459] SIPS
[16:13:52] [356/459] SMMX
[16:13:53] [357/459] SCBY
[16:13:53] [358/459] SUAP
[16:13:53] 🔄 Identity reset
[16:13:53] 🔄 Identity rotated (every 10 requests)
[16:13:54] [359/459] RSMK
[16:13:55] [360/459] STKP
[16:13:55] [361/459] CIPC
[16:13:56] [362/459] KKCI
[16:13:57] [363/459] CTNK
[16:13:58] [364/459] MMTZ
[16:13:58] [365/459] DCCO
[16:13:59] [366/459] VNMN
[16:14:00] [367/459] RLCN
[16:14:00] [368/459] CMMS
[16:14:00] 🔄 Identity reset
[16:14:00] 🔄 Identity rotated (every 10 requests)
[16:14:01] [369/459] AYOU
[16:14:02] [370/459] SSCN
[16:14:03] [371/459] SMXN
[16:14:03] [372/459] ASSK
[16:14:04] [373/459] VCKM
[16:14:05] [374/459] PCPH
[16:14:05] [375/459] PADM
[16:14:07] [376/459] IESA
[16:14:08] [377/459] VCSP
[16:14:09] [378/459] AEST
[16:14:09] 🔄 Identity reset
[16:14:09] 🔄 Identity rotated (every 10 requests)
[16:14:10] [379/459] VTNR
[16:14:10] [380/459] GTTA
[16:14:11] [381/459] CMMM
[16:14:12] [382/459] AHKT
[16:14:13] [383/459] SIJI
[16:14:13] [384/459] VCEI
[16:14:14] [385/459] SAKR
[16:14:15] [386/459] VSMT
[16:14:15] [387/459] SSCT
[16:14:16] [388/459] USTR
[16:14:16] 🔄 Identity reset
[16:14:16] 🔄 Identity rotated (every 10 requests)
[16:14:17] [389/459] MTKT
[16:14:17] [390/459] TGMP
[16:14:18] [391/459] SIVC
[16:14:18] [392/459] KICT
[16:14:19] [393/459] DAMD
[16:14:20] [394/459] CNPT
[16:14:20] [395/459] RVTT
[16:14:21] [396/459] SNCM
[16:14:22] [397/459] GHTE
[16:14:22] [398/459] PPAM
[16:14:22] 🔄 Identity reset
[16:14:22] 🔄 Identity rotated (every 10 requests)
[16:14:23] [399/459] PVAA
[16:14:24] [400/459] CPAO
[16:14:25] [401/459] HAMD
[16:14:25] [402/459] RCCA
[16:14:26] [403/459] MPCH
[16:14:27] [404/459] ARED
[16:14:27] [405/459] RRCV
[16:14:28] [406/459] MTRB
[16:14:29] [407/459] CKUA
[16:14:30] [408/459] ABMP
[16:14:30] 🔄 Identity reset
[16:14:30] 🔄 Identity rotated (every 10 requests)
[16:14:30] [409/459] RCWA
[16:14:31] [410/459] CGAR
[16:14:32] [411/459] METH
[16:14:33] [412/459] WAGA
[16:14:34] [413/459] MCMA
[16:14:35] [414/459] CSMP
[16:14:35] [415/459] RCNK
[16:14:36] [416/459] PSTM
[16:14:36] [417/459] CSEP
[16:14:37] [418/459] AMGD
[16:14:37] 🔄 Identity reset
[16:14:37] 🔄 Identity rotated (every 10 requests)
[16:14:38] [419/459] CSTE
[16:14:39] [420/459] CONS
[16:14:40] [421/459] APPX
[16:14:41] [422/459] MABC
[16:14:42] [423/459] CXST
[16:14:43] [424/459] MATN
[16:14:44] [425/459] MACZ
[16:14:44] [426/459] MASA
[16:14:45] [427/459] MBSX
[16:14:46] [428/459] CSST
[16:14:46] 🔄 Identity reset
[16:14:46] 🔄 Identity rotated (every 10 requests)
[16:14:47] [429/459] APCL
[16:14:48] [430/459] CGOS
[16:14:48] [431/459] CPEC
[16:14:49] [432/459] MCCP
[16:14:49] [433/459] BSSO
[16:14:50] [434/459] SJKA
[16:14:51] [435/459] CGBO
[16:14:51] [436/459] MVSK
[16:14:52] [437/459] HVCA
[16:14:53] [438/459] NAMD
[16:14:53] 🔄 Identity reset
[16:14:53] 🔄 Identity rotated (every 10 requests)
[16:14:54] [439/459] DEVI
[16:14:55] [440/459] SCSV
[16:14:56] [441/459] PSMA
[16:14:56] [442/459] CLDJ
[16:14:57] [443/459] NMAD
[16:14:57] [444/459] CGMO
[16:14:58] [445/459] MCNA
[16:14:59] [446/459] OCBN
[16:15:00] [447/459] CPEM
[16:15:01] [448/459] CPSM
[16:15:01] 🔄 Identity reset
[16:15:01] 🔄 Identity rotated (every 10 requests)
[16:15:01] [449/459] RCAD
[16:15:02] [450/459] CPMU
[16:15:03] [451/459] DICD
[16:15:04] [452/459] CHOE
[16:15:05] [453/459] PDJM
[16:15:05] [454/459] SSTU
[16:15:06] [455/459] VNRN
[16:15:07] [456/459] PVLG
[16:15:08] [457/459] SWBL
[16:15:08] [458/459] SCAB
[16:15:08] 🔄 Identity reset
[16:15:08] 🔄 Identity rotated (every 10 requests)
[16:15:09] [459/459] RDDA
[16:15:10] 🧹 Deduping shows
[16:15:10] ✅ DONE | Shows=3767 | Movies=76
[20:12:58] 🚀 SCRIPT STARTED
[20:12:58] [1/459] MCCZ
[20:12:58] 🧠 New identity created
[20:13:00] [2/459] FRPU
[20:13:01] [3/459] SKSI
[20:13:02] [4/459] SSCK
[20:13:03] [5/459] SRDC
[20:13:04] [6/459] RSCZ
[20:13:05] [7/459] PRVT
[20:13:06] [8/459] GAGJ
[20:13:07] [9/459] SMHG
[20:13:08] [10/459] JTST
[20:13:08] 🔄 Identity reset
[20:13:08] 🔄 Identity rotated (every 10 requests)
[20:13:09] [11/459] MYTH
[20:13:09] [12/459] JPCC
[20:13:10] [13/459] ACDC
[20:13:11] [14/459] SVFP
[20:13:12] [15/459] SFCM
[20:13:13] [16/459] RUPK
[20:13:14] [17/459] NTCR
[20:13:15] [18/459] RTCH
[20:13:16] [19/459] SCMH
[20:13:16] [20/459] SVYM
[20:13:16] 🔄 Identity reset
[20:13:16] 🔄 Identity rotated (every 10 requests)
[20:13:17] [21/459] SPYM
[20:13:18] [22/459] SMMF
[20:13:19] [23/459] CLLB
[20:13:20] [24/459] FMCB
[20:13:21] [25/459] BBTC
[20:13:21] [26/459] NTHS
[20:13:22] [27/459] PKKJ
[20:13:23] [28/459] MTJA
[20:13:24] [29/459] PMSJ
[20:13:25] [30/459] JMJU
[20:13:25] 🔄 Identity reset
[20:13:25] 🔄 Identity rotated (every 10 requests)
[20:13:26] [31/459] SRAD
[20:13:27] [32/459] MJMC
[20:13:27] [33/459] DFRM
[20:13:29] [34/459] PMRS
[20:13:30] [35/459] RKPP
[20:13:31] [36/459] BMBK
[20:13:32] [37/459] NEWS
[20:13:32] [38/459] SALB
[20:13:34] [39/459] SCPW
[20:13:35] [40/459] RAYL
[20:13:35] 🔄 Identity reset
[20:13:35] 🔄 Identity rotated (every 10 requests)
[20:13:36] [41/459] CMGJ
[20:13:37] [42/459] JRCR
[20:13:38] [43/459] SRTB
[20:13:38] [44/459] ETPB
[20:13:39] [45/459] MXBN
[20:13:40] [46/459] TOPE
[20:13:41] [47/459] SNLJ
[20:13:41] [48/459] CDDP
[20:13:42] [49/459] APCX
[20:13:43] [50/459] TALP
[20:13:43] 🔄 Identity reset
[20:13:43] 🔄 Identity rotated (every 10 requests)
[20:13:44] [51/459] RRMP
[20:13:45] [52/459] MAHB
[20:13:45] [53/459] MTKR
[20:13:47] [54/459] KSKL
[20:13:47] [55/459] RJLT
[20:13:48] [56/459] ATAS
[20:13:50] [57/459] AMHR
[20:13:51] [58/459] RSRM
[20:13:52] [59/459] GCAT
[20:13:53] [60/459] SMML
[20:13:53] 🔄 Identity reset
[20:13:53] 🔄 Identity rotated (every 10 requests)
[20:13:54] [61/459] ACCD
[20:13:55] [62/459] VYDA
[20:13:55] [63/459] MSKT
[20:13:56] [64/459] AVDM
[20:13:57] [65/459] ASMH
[20:13:58] [66/459] VTMB
[20:13:59] [67/459] WVMB
[20:14:00] [68/459] PPMN
[20:14:02] [69/459] MTMD
[20:14:02] [70/459] SMMO
[20:14:02] 🔄 Identity reset
[20:14:02] 🔄 Identity rotated (every 10 requests)
[20:14:03] [71/459] DLPB
[20:14:04] [72/459] AKMD
[20:14:05] [73/459] SHRR
[20:14:07] [74/459] ASCO
[20:14:07] [75/459] CZVX
[20:14:09] [76/459] GCBB
[20:14:10] [77/459] ATBM
[20:14:11] [78/459] TCGM
[20:14:12] [79/459] UMSE
[20:14:13] [80/459] NKCL
[20:14:13] 🔄 Identity reset
[20:14:13] 🔄 Identity rotated (every 10 requests)
[20:14:13] [81/459] BTLR
[20:14:14] [82/459] GOCL
[20:14:15] [83/459] MIRN
[20:14:16] [84/459] THEC
[20:14:17] [85/459] SPPB
[20:14:18] [86/459] PMMM
[20:14:19] [87/459] GGMC
[20:14:20] [88/459] AVSR
[20:14:21] [89/459] RDMH
[20:14:22] [90/459] JSRS
[20:14:22] 🔄 Identity reset
[20:14:22] 🔄 Identity rotated (every 10 requests)
[20:14:23] [91/459] VKGP
[20:14:24] [92/459] ACRT
[20:14:24] [93/459] GCBA
[20:14:25] [94/459] GTCP
[20:14:26] [95/459] AKFC
[20:14:27] [96/459] INCS
[20:14:28] [97/459] SMCK
[20:14:29] [98/459] BRUN
[20:14:30] [99/459] RPPC
[20:14:30] [100/459] PAYD
[20:14:30] 🔄 Identity reset
[20:14:30] 🔄 Identity rotated (every 10 requests)
[20:14:30] 🔄 Retry 1/5 for PAYD in 2.0s
[20:14:30] 🔄 Identity reset
[20:14:32] 🧠 New identity created
[20:14:33] [101/459] SVVT
[20:14:34] [102/459] RNCC
[20:14:35] [103/459] PCRC
[20:14:36] [104/459] PMRM
[20:14:37] [105/459] CCRP
[20:14:37] [106/459] INCR
[20:14:38] [107/459] ZTMP
[20:14:39] [108/459] MCNR
[20:14:40] [109/459] INRP
[20:14:40] 🔄 Identity reset
[20:14:40] 🔄 Identity rotated (every 10 requests)
[20:14:41] [110/459] STRC
[20:14:42] [111/459] RATI
[20:14:42] [112/459] PBTR
[20:14:43] [113/459] CMHP
[20:14:44] [114/459] ZECJ
[20:14:45] [115/459] CCCB
[20:14:46] [116/459] BWCB
[20:14:47] [117/459] CCAT
[20:14:48] [118/459] KGCM
[20:14:49] [119/459] INPT
[20:14:49] 🔄 Identity reset
[20:14:49] 🔄 Identity rotated (every 10 requests)
[20:14:50] [120/459] FNCO
[20:14:51] [121/459] SRMJ
[20:14:52] [122/459] PFSC
[20:14:53] [123/459] PBMC
[20:14:55] [124/459] KARP
[20:14:56] [125/459] KOVI
[20:14:57] [126/459] ACXL
[20:14:58] [127/459] GKCC
[20:14:58] [128/459] ASCC
[20:14:59] [129/459] SETC
[20:14:59] 🔄 Identity reset
[20:14:59] 🔄 Identity rotated (every 10 requests)
[20:15:01] [130/459] KACC
[20:15:02] [131/459] KAVE
[20:15:03] [132/459] CNTC
[20:15:04] [133/459] MEEN
[20:15:04] [134/459] BMRV
[20:15:05] [135/459] SVAM
[20:15:07] [136/459] VTBP
[20:15:07] [137/459] VCKN
[20:15:08] [138/459] SGTK
[20:15:09] [139/459] RCGS
[20:15:09] 🔄 Identity reset
[20:15:09] 🔄 Identity rotated (every 10 requests)
[20:15:09] 🔄 Retry 1/5 for RCGS in 2.2s
[20:15:09] 🔄 Identity reset
[20:15:11] 🧠 New identity created
[20:15:12] [140/459] RCCB
[20:15:13] [141/459] RKSR
[20:15:14] [142/459] RKCU
[20:15:15] [143/459] GIBH
[20:15:15] [144/459] CXBS
[20:15:17] [145/459] GGCB
[20:15:19] [146/459] SCPB
[20:15:20] [147/459] AKTB
[20:15:21] [148/459] SRBU
[20:15:21] 🔄 Identity reset
[20:15:21] 🔄 Identity rotated (every 10 requests)
[20:15:22] [149/459] CSSA
[20:15:23] [150/459] MYAN
[20:15:23] [151/459] EXCA
[20:15:24] [152/459] CKSA
[20:15:25] [153/459] JTNM
[20:15:26] [154/459] CXKT
[20:15:27] [155/459] NCLM
[20:15:28] [156/459] JAAD
[20:15:29] [157/459] RDCR
[20:15:30] [158/459] MEER
[20:15:30] 🔄 Identity reset
[20:15:30] 🔄 Identity rotated (every 10 requests)
[20:15:31] [159/459] SIBT
[20:15:32] [160/459] PVVB
[20:15:33] [161/459] FNPN
[20:15:33] [162/459] CRPX
[20:15:34] [163/459] STET
[20:15:35] [164/459] METE
[20:15:36] [165/459] BJML
[20:15:37] [166/459] MAVT
[20:15:37] [167/459] MSRM
[20:15:38] [168/459] TJMP
[20:15:38] 🔄 Identity reset
[20:15:38] 🔄 Identity rotated (every 10 requests)
[20:15:39] [169/459] MHCK
[20:15:40] [170/459] SVGP
[20:15:40] [171/459] KRRC
[20:15:42] [172/459] IMCH
[20:15:43] [173/459] CMCS
[20:15:44] [174/459] SGND
[20:15:45] [175/459] RNAT
[20:15:46] [176/459] PRTN
[20:15:47] [177/459] MPTN
[20:15:48] [178/459] ARCC
[20:15:48] 🔄 Identity reset
[20:15:48] 🔄 Identity rotated (every 10 requests)
[20:15:48] [179/459] NTTE
[20:15:50] [180/459] ABND
[20:15:50] [181/459] KCSN
[20:15:52] [182/459] KCSA
[20:15:53] [183/459] DCKT
[20:15:54] [184/459] MBBR
[20:15:55] [185/459] RAMU
[20:15:56] [186/459] RACW
[20:15:57] [187/459] MCHP
[20:15:58] [188/459] TMHM
[20:15:58] 🔄 Identity reset
[20:15:58] 🔄 Identity rotated (every 10 requests)
[20:15:59] [189/459] STXH
[20:16:00] [190/459] AGSG
[20:16:00] [191/459] SIRA
[20:16:01] [192/459] RCAN
[20:16:02] [193/459] CWTB
[20:16:04] [194/459] VTYM
[20:16:04] [195/459] RRPP
[20:16:05] [196/459] ASMR
[20:16:06] [197/459] RONO
[20:16:07] [198/459] MEMR
[20:16:07] 🔄 Identity reset
[20:16:07] 🔄 Identity rotated (every 10 requests)
[20:16:08] [199/459] CTMR
[20:16:09] [200/459] PMTT
[20:16:10] [201/459] PSLX
[20:16:11] [202/459] IPPL
[20:16:12] [203/459] MMSG
[20:16:13] [204/459] INEL
[20:16:14] [205/459] COAC
[20:16:15] [206/459] WVLK
[20:16:16] [207/459] PPXL
[20:16:17] [208/459] PSML
[20:16:17] 🔄 Identity reset
[20:16:17] 🔄 Identity rotated (every 10 requests)
[20:16:18] [209/459] FNLK
[20:16:19] [210/459] ILUM
[20:16:20] [211/459] ILCM
[20:16:21] [212/459] MSNL
[20:16:22] [213/459] VINB
[20:16:22] [214/459] SALW
[20:16:24] [215/459] PRTB
[20:16:24] [216/459] NCIL
[20:16:26] [217/459] PSUL
[20:16:27] [218/459] SCLK
[20:16:27] 🔄 Identity reset
[20:16:27] 🔄 Identity rotated (every 10 requests)
[20:16:28] [219/459] ADDC
[20:16:29] [220/459] OACL
[20:16:30] [221/459] OOCF
[20:16:32] [222/459] GPMF
[20:16:33] [223/459] SSDG
[20:16:33] [224/459] SKRS
[20:16:34] [225/459] NTTP
[20:16:35] [226/459] SLTP
[20:16:36] [227/459] JTLC
[20:16:37] [228/459] POON
[20:16:37] 🔄 Identity reset
[20:16:37] 🔄 Identity rotated (every 10 requests)
[20:16:38] [229/459] CCPC
[20:16:39] [230/459] DCKC
[20:16:40] [231/459] CPRT
[20:16:41] [232/459] EYHZ
[20:16:42] [233/459] ARBL
[20:16:43] [234/459] SBTB
[20:16:44] [235/459] MMCK
[20:16:45] [236/459] PLMR
[20:16:46] [237/459] BIJH
[20:16:47] [238/459] SDRT
[20:16:47] 🔄 Identity reset
[20:16:47] 🔄 Identity rotated (every 10 requests)
[20:16:48] [239/459] PRDC
[20:16:49] [240/459] OMJA
[20:16:50] [241/459] VKCR
[20:16:51] [242/459] ATRT
[20:16:52] [243/459] WVRP
[20:16:52] [244/459] MVRP
[20:16:53] [245/459] FCAX
[20:16:54] [246/459] CTLC
[20:16:55] [247/459] JCHB
[20:16:56] [248/459] SELP
[20:16:56] 🔄 Identity reset
[20:16:56] 🔄 Identity rotated (every 10 requests)
[20:16:56] 🔄 Retry 1/5 for SELP in 2.4s
[20:16:56] 🔄 Identity reset
[20:16:58] 🧠 New identity created
[20:16:59] [249/459] VCPG
[20:17:00] [250/459] ASCX
[20:17:01] [251/459] EOCS
[20:17:02] [252/459] RCPH
[20:17:03] [253/459] RJTM
[20:17:04] [254/459] SGMD
[20:17:05] [255/459] SVJT
[20:17:06] [256/459] SPPO
[20:17:07] [257/459] MNRL
[20:17:07] 🔄 Identity reset
[20:17:07] 🔄 Identity rotated (every 10 requests)
[20:17:08] [258/459] KNOX
[20:17:09] [259/459] GIER
[20:17:09] [260/459] PJMS
[20:17:10] [261/459] UNSP
[20:17:11] [262/459] JETP
[20:17:13] [263/459] VTWA
[20:17:13] [264/459] SCJI
[20:17:14] [265/459] CBZZ
[20:17:15] [266/459] SDCJ
[20:17:16] [267/459] RRCC
[20:17:16] 🔄 Identity reset
[20:17:16] 🔄 Identity rotated (every 10 requests)
[20:17:18] [268/459] VNKG
[20:17:18] [269/459] LKTO
[20:17:19] [270/459] PJRM
[20:17:20] [271/459] NVRM
[20:17:21] [272/459] SJCS
[20:17:22] [273/459] VIGK
[20:17:23] [274/459] ANST
[20:17:25] [275/459] JTTS
[20:17:26] [276/459] NTST
[20:17:26] [277/459] PREB
[20:17:26] 🔄 Identity reset
[20:17:26] 🔄 Identity rotated (every 10 requests)
[20:17:27] [278/459] TSCZ
[20:17:28] [279/459] CDCM
[20:17:29] [280/459] ELYE
[20:17:30] [281/459] INBS
[20:17:31] [282/459] SMGC
[20:17:32] [283/459] UTMP
[20:17:33] [284/459] INTA
[20:17:35] [285/459] OMPT
[20:17:36] [286/459] SCIR
[20:17:36] [287/459] GCKJ
[20:17:36] 🔄 Identity reset
[20:17:36] 🔄 Identity rotated (every 10 requests)
[20:17:37] [288/459] INOG
[20:17:38] [289/459] SMGB
[20:17:39] [290/459] MCSG
[20:17:40] [291/459] STKG
[20:17:41] [292/459] TTKG
[20:17:42] [293/459] SRTR
[20:17:43] [294/459] ETTR
[20:17:43] [295/459] GGGZ
[20:17:45] [296/459] IPGM
[20:17:46] [297/459] FCDH
[20:17:46] 🔄 Identity reset
[20:17:46] 🔄 Identity rotated (every 10 requests)
[20:17:47] [298/459] DESB
[20:17:48] [299/459] VNTP
[20:17:49] [300/459] ANNT
[20:17:50] [301/459] SLTI
[20:17:50] [302/459] MAJU
[20:17:51] [303/459] JCXP
[20:17:52] [304/459] HARK
[20:17:54] [305/459] JPCJ
[20:17:55] [306/459] RXBD
[20:17:56] [307/459] PTKJ
[20:17:56] 🔄 Identity reset
[20:17:56] 🔄 Identity rotated (every 10 requests)
[20:17:56] 🔄 Retry 1/5 for PTKJ in 2.7s
[20:17:56] 🔄 Identity reset
[20:17:58] 🧠 New identity created
[20:17:59] [308/459] CMTU
[20:18:01] [309/459] SWOR
[20:18:02] [310/459] JMEX
[20:18:02] [311/459] DTPT
[20:18:03] [312/459] VGMM
[20:18:04] [313/459] VCSG
[20:18:05] [314/459] CVCG
[20:18:07] [315/459] TNTT
[20:18:07] [316/459] SHRM
[20:18:07] 🔄 Identity reset
[20:18:07] 🔄 Identity rotated (every 10 requests)
[20:18:08] 🔄 Retry 1/5 for SHRM in 2.7s
[20:18:08] 🔄 Identity reset
[20:18:10] 🧠 New identity created
[20:18:11] [317/459] CGKD
[20:18:12] [318/459] EKCM
[20:18:13] [319/459] SDCX
[20:18:14] [320/459] SBTE
[20:18:15] [321/459] STKJ
[20:18:16] [322/459] TPCE
[20:18:18] [323/459] JTNP
[20:18:20] [324/459] LPCH
[20:18:20] [325/459] CPUO
[20:18:20] 🔄 Identity reset
[20:18:20] 🔄 Identity rotated (every 10 requests)
[20:18:21] [326/459] APSU
[20:18:23] [327/459] RTHC
[20:18:24] [328/459] PTBU
[20:18:24] [329/459] CUCC
[20:18:25] [330/459] CPSA
[20:18:26] [331/459] SUAY
[20:18:27] [332/459] AYAA
[20:18:28] [333/459] MUCH
[20:18:29] [334/459] PCIN
[20:18:29] [335/459] JRRM
[20:18:29] 🔄 Identity reset
[20:18:29] 🔄 Identity rotated (every 10 requests)
[20:18:30] [336/459] KATS
[20:18:32] [337/459] MHFF
[20:18:33] [338/459] ESYM
[20:18:34] [339/459] STYV
[20:18:36] [340/459] SDKG
[20:18:36] [341/459] SMTI
[20:18:37] [342/459] NYCS
[20:18:38] [343/459] MTBG
[20:18:39] [344/459] RHCA
[20:18:41] [345/459] PCKH
[20:18:41] 🔄 Identity reset
[20:18:41] 🔄 Identity rotated (every 10 requests)
[20:18:42] [346/459] ARCR
[20:18:43] [347/459] NCMB
[20:18:43] [348/459] SHYC
[20:18:45] [349/459] LACK
[20:18:46] [350/459] MTCM
[20:18:47] [351/459] RRBN
[20:18:48] [352/459] MYDC
[20:18:49] [353/459] STCS
[20:18:50] [354/459] CONN
[20:18:51] [355/459] SIPS
[20:18:51] 🔄 Identity reset
[20:18:51] 🔄 Identity rotated (every 10 requests)
[20:18:52] [356/459] SMMX
[20:18:53] [357/459] SCBY
[20:18:53] [358/459] SUAP
[20:18:55] [359/459] RSMK
[20:18:56] [360/459] STKP
[20:18:56] [361/459] CIPC
[20:18:57] [362/459] KKCI
[20:18:58] [363/459] CTNK
[20:18:59] [364/459] MMTZ
[20:19:01] [365/459] DCCO
[20:19:01] 🔄 Identity reset
[20:19:01] 🔄 Identity rotated (every 10 requests)
[20:19:02] [366/459] VNMN
[20:19:03] [367/459] RLCN
[20:19:04] [368/459] CMMS
[20:19:05] [369/459] AYOU
[20:19:06] [370/459] SSCN
[20:19:07] [371/459] SMXN
[20:19:08] [372/459] ASSK
[20:19:08] [373/459] VCKM
[20:19:09] [374/459] PCPH
[20:19:11] [375/459] PADM
[20:19:11] 🔄 Identity reset
[20:19:11] 🔄 Identity rotated (every 10 requests)
[20:19:12] [376/459] IESA
[20:19:13] [377/459] VCSP
[20:19:14] [378/459] AEST
[20:19:14] [379/459] VTNR
[20:19:15] [380/459] GTTA
[20:19:16] [381/459] CMMM
[20:19:17] [382/459] AHKT
[20:19:18] [383/459] SIJI
[20:19:20] [384/459] VCEI
[20:19:21] [385/459] SAKR
[20:19:21] 🔄 Identity reset
[20:19:21] 🔄 Identity rotated (every 10 requests)
[20:19:22] [386/459] VSMT
[20:19:22] [387/459] SSCT
[20:19:23] [388/459] USTR
[20:19:24] [389/459] MTKT
[20:19:26] [390/459] TGMP
[20:19:27] [391/459] SIVC
[20:19:28] [392/459] KICT
[20:19:29] [393/459] DAMD
[20:19:30] [394/459] CNPT
[20:19:30] [395/459] RVTT
[20:19:30] 🔄 Identity reset
[20:19:31] 🔄 Identity rotated (every 10 requests)
[20:19:32] [396/459] SNCM
[20:19:32] [397/459] GHTE
[20:19:33] [398/459] PPAM
[20:19:34] [399/459] PVAA
[20:19:35] [400/459] CPAO
[20:19:36] [401/459] HAMD
[20:19:37] [402/459] RCCA
[20:19:38] [403/459] MPCH
[20:19:39] [404/459] ARED
[20:19:40] [405/459] RRCV
[20:19:40] 🔄 Identity reset
[20:19:40] 🔄 Identity rotated (every 10 requests)
[20:19:41] [406/459] MTRB
[20:19:42] [407/459] CKUA
[20:19:43] [408/459] ABMP
[20:19:44] [409/459] RCWA
[20:19:45] [410/459] CGAR
[20:19:46] [411/459] METH
[20:19:47] [412/459] WAGA
[20:19:47] [413/459] MCMA
[20:19:49] [414/459] CSMP
[20:19:50] [415/459] RCNK
[20:19:50] 🔄 Identity reset
[20:19:50] 🔄 Identity rotated (every 10 requests)
[20:19:50] 🔄 Retry 1/5 for RCNK in 2.3s
[20:19:50] 🔄 Identity reset
[20:19:52] 🧠 New identity created
[20:19:53] [416/459] PSTM
[20:19:54] [417/459] CSEP
[20:19:55] [418/459] AMGD
[20:19:56] [419/459] CSTE
[20:19:57] [420/459] CONS
[20:19:58] [421/459] APPX
[20:19:59] [422/459] MABC
[20:20:00] [423/459] CXST
[20:20:00] [424/459] MATN
[20:20:00] 🔄 Identity reset
[20:20:01] 🔄 Identity rotated (every 10 requests)
[20:20:01] [425/459] MACZ
[20:20:02] [426/459] MASA
[20:20:03] [427/459] MBSX
[20:20:04] [428/459] CSST
[20:20:05] [429/459] APCL
[20:20:06] [430/459] CGOS
[20:20:07] [431/459] CPEC
[20:20:08] [432/459] MCCP
[20:20:09] [433/459] BSSO
[20:20:10] [434/459] SJKA
[20:20:10] 🔄 Identity reset
[20:20:10] 🔄 Identity rotated (every 10 requests)
[20:20:11] [435/459] CGBO
[20:20:12] [436/459] MVSK
[20:20:13] [437/459] HVCA
[20:20:14] [438/459] NAMD
[20:20:15] [439/459] DEVI
[20:20:16] [440/459] SCSV
[20:20:17] [441/459] PSMA
[20:20:18] [442/459] CLDJ
[20:20:19] [443/459] NMAD
[20:20:20] [444/459] CGMO
[20:20:20] 🔄 Identity reset
[20:20:20] 🔄 Identity rotated (every 10 requests)
[20:20:21] [445/459] MCNA
[20:20:22] [446/459] OCBN
[20:20:22] [447/459] CPEM
[20:20:23] [448/459] CPSM
[20:20:24] [449/459] RCAD
[20:20:25] [450/459] CPMU
[20:20:26] [451/459] DICD
[20:20:27] [452/459] CHOE
[20:20:28] [453/459] PDJM
[20:20:29] [454/459] SSTU
[20:20:29] 🔄 Identity reset
[20:20:29] 🔄 Identity rotated (every 10 requests)
[20:20:30] [455/459] VNRN
[20:20:30] [456/459] PVLG
[20:20:31] [457/459] SWBL
[20:20:32] [458/459] SCAB
[20:20:33] [459/459] RDDA
[20:20:34] 🧹 Deduping shows
[20:20:34] ✅ DONE | Shows=4079 | Movies=80
[23:28:27] 🚀 SCRIPT STARTED
[23:28:27] [1/459] MCCZ
[23:28:27] 🧠 New identity created
[23:28:28] [2/459] FRPU
[23:28:28] [3/459] SKSI
[23:28:30] [4/459] SSCK
[23:28:31] [5/459] SRDC
[23:28:31] [6/459] RSCZ
[23:28:33] [7/459] PRVT
[23:28:33] [8/459] GAGJ
[23:28:34] [9/459] SMHG
[23:28:35] [10/459] JTST
[23:28:35] 🔄 Identity reset
[23:28:35] 🔄 Identity rotated (every 10 requests)
[23:28:36] [11/459] MYTH
[23:28:37] [12/459] JPCC
[23:28:38] [13/459] ACDC
[23:28:39] [14/459] SVFP
[23:28:41] [15/459] SFCM
[23:28:42] [16/459] RUPK
[23:28:43] [17/459] NTCR
[23:28:44] [18/459] RTCH
[23:28:45] [19/459] SCMH
[23:28:46] [20/459] SVYM
[23:28:46] 🔄 Identity reset
[23:28:46] 🔄 Identity rotated (every 10 requests)
[23:28:47] [21/459] SPYM
[23:28:48] [22/459] SMMF
[23:28:49] [23/459] CLLB
[23:28:50] [24/459] FMCB
[23:28:51] [25/459] BBTC
[23:28:52] [26/459] NTHS
[23:28:53] [27/459] PKKJ
[23:28:54] [28/459] MTJA
[23:28:55] [29/459] PMSJ
[23:28:56] [30/459] JMJU
[23:28:56] 🔄 Identity reset
[23:28:56] 🔄 Identity rotated (every 10 requests)
[23:28:57] [31/459] SRAD
[23:28:57] [32/459] MJMC
[23:28:58] [33/459] DFRM
[23:28:59] [34/459] PMRS
[23:29:00] [35/459] RKPP
[23:29:01] [36/459] BMBK
[23:29:02] [37/459] NEWS
[23:29:04] [38/459] SALB
[23:29:05] [39/459] SCPW
[23:29:06] [40/459] RAYL
[23:29:06] 🔄 Identity reset
[23:29:06] 🔄 Identity rotated (every 10 requests)
[23:29:07] [41/459] CMGJ
[23:29:08] [42/459] JRCR
[23:29:09] [43/459] SRTB
[23:29:10] [44/459] ETPB
[23:29:11] [45/459] MXBN
[23:29:12] [46/459] TOPE
[23:29:13] [47/459] SNLJ
[23:29:14] [48/459] CDDP
[23:29:15] [49/459] APCX
[23:29:15] [50/459] TALP
[23:29:15] 🔄 Identity reset
[23:29:15] 🔄 Identity rotated (every 10 requests)
[23:29:16] 🔄 Retry 1/5 for TALP in 2.9s
[23:29:16] 🔄 Identity reset
[23:29:18] 🧠 New identity created
[23:29:19] [51/459] RRMP
[23:29:20] [52/459] MAHB
[23:29:21] [53/459] MTKR
[23:29:22] [54/459] KSKL
[23:29:23] [55/459] RJLT
[23:29:24] [56/459] ATAS
[23:29:25] [57/459] AMHR
[23:29:26] [58/459] RSRM
[23:29:28] [59/459] GCAT
[23:29:28] 🔄 Identity reset
[23:29:28] 🔄 Identity rotated (every 10 requests)
[23:29:30] [60/459] SMML
[23:29:31] [61/459] ACCD
[23:29:32] [62/459] VYDA
[23:29:32] [63/459] MSKT
[23:29:33] [64/459] AVDM
[23:29:35] [65/459] ASMH
[23:29:36] [66/459] VTMB
[23:29:37] [67/459] WVMB
[23:29:38] [68/459] PPMN
[23:29:39] [69/459] MTMD
[23:29:39] 🔄 Identity reset
[23:29:39] 🔄 Identity rotated (every 10 requests)
[23:29:40] [70/459] SMMO
[23:29:41] [71/459] DLPB
[23:29:42] [72/459] AKMD
[23:29:43] [73/459] SHRR
[23:29:44] [74/459] ASCO
[23:29:45] [75/459] CZVX
[23:29:45] [76/459] GCBB
[23:29:47] [77/459] ATBM
[23:29:48] [78/459] TCGM
[23:29:49] [79/459] UMSE
[23:29:49] 🔄 Identity reset
[23:29:49] 🔄 Identity rotated (every 10 requests)
[23:29:49] 🔄 Retry 1/5 for UMSE in 2.2s
[23:29:49] 🔄 Identity reset
[23:29:52] 🧠 New identity created
[23:29:52] 🔄 Retry 2/5 for UMSE in 4.4s
[23:29:52] 🔄 Identity reset
[23:29:56] 🧠 New identity created
[23:29:57] [80/459] NKCL
[23:29:59] [81/459] BTLR
[23:29:59] [82/459] GOCL
[23:30:00] [83/459] MIRN
[23:30:01] [84/459] THEC
[23:30:02] [85/459] SPPB
[23:30:03] [86/459] PMMM
[23:30:05] [87/459] GGMC
[23:30:05] 🔄 Identity reset
[23:30:05] 🔄 Identity rotated (every 10 requests)
[23:30:07] [88/459] AVSR
[23:30:08] [89/459] RDMH
[23:30:09] [90/459] JSRS
[23:30:10] [91/459] VKGP
[23:30:12] [92/459] ACRT
[23:30:12] [93/459] GCBA
[23:30:13] [94/459] GTCP
[23:30:14] [95/459] AKFC
[23:30:15] [96/459] INCS
[23:30:16] [97/459] SMCK
[23:30:16] 🔄 Identity reset
[23:30:17] 🔄 Identity rotated (every 10 requests)
[23:30:17] 🔄 Retry 1/5 for SMCK in 2.5s
[23:30:17] 🔄 Identity reset
[23:30:19] 🧠 New identity created
[23:30:20] [98/459] BRUN
[23:30:21] [99/459] RPPC
[23:30:22] [100/459] PAYD
[23:30:23] [101/459] SVVT
[23:30:24] [102/459] RNCC
[23:30:25] [103/459] PCRC
[23:30:26] [104/459] PMRM
[23:30:27] [105/459] CCRP
[23:30:28] [106/459] INCR
[23:30:28] 🔄 Identity reset
[23:30:28] 🔄 Identity rotated (every 10 requests)
[23:30:29] [107/459] ZTMP
[23:30:30] [108/459] MCNR
[23:30:31] [109/459] INRP
[23:30:32] [110/459] STRC
[23:30:33] [111/459] RATI
[23:30:34] [112/459] PBTR
[23:30:35] [113/459] CMHP
[23:30:36] [114/459] ZECJ
[23:30:37] [115/459] CCCB
[23:30:38] [116/459] BWCB
[23:30:38] 🔄 Identity reset
[23:30:38] 🔄 Identity rotated (every 10 requests)
[23:30:38] 🔄 Retry 1/5 for BWCB in 2.4s
[23:30:38] 🔄 Identity reset
[23:30:40] 🧠 New identity created
[23:30:40] 🔄 Retry 2/5 for BWCB in 4.0s
[23:30:40] 🔄 Identity reset
[23:30:44] 🧠 New identity created
[23:30:45] [117/459] CCAT
[23:30:46] [118/459] KGCM
[23:30:47] [119/459] INPT
[23:30:48] [120/459] FNCO
[23:30:49] [121/459] SRMJ
[23:30:50] [122/459] PFSC
[23:30:51] [123/459] PBMC
[23:30:52] [124/459] KARP
[23:30:52] 🔄 Identity reset
[23:30:52] 🔄 Identity rotated (every 10 requests)
[23:30:52] 🔄 Retry 1/5 for KARP in 2.7s
[23:30:52] 🔄 Identity reset
[23:30:55] 🧠 New identity created
[23:30:55] 🔄 Retry 2/5 for KARP in 4.7s
[23:30:55] 🔄 Identity reset
[23:31:00] 🧠 New identity created
[23:31:00] [125/459] KOVI
[23:31:01] [126/459] ACXL
[23:31:02] [127/459] GKCC
[23:31:03] [128/459] ASCC
[23:31:04] [129/459] SETC
[23:31:05] [130/459] KACC
[23:31:06] [131/459] KAVE
[23:31:07] [132/459] CNTC
[23:31:07] 🔄 Identity reset
[23:31:07] 🔄 Identity rotated (every 10 requests)
[23:31:07] 🔄 Retry 1/5 for CNTC in 2.2s
[23:31:07] 🔄 Identity reset
[23:31:09] 🧠 New identity created
[23:31:09] 🔄 Retry 2/5 for CNTC in 4.7s
[23:31:09] 🔄 Identity reset
[23:31:14] 🧠 New identity created
[23:31:14] 🔄 Retry 3/5 for CNTC in 9.0s
[23:31:14] 🔄 Identity reset
[23:31:23] 🧠 New identity created
[23:31:24] [133/459] MEEN
[23:31:25] [134/459] BMRV
[23:31:26] [135/459] SVAM
[23:31:27] [136/459] VTBP
[23:31:27] [137/459] VCKN
[23:31:28] [138/459] SGTK
[23:31:29] [139/459] RCGS
[23:31:29] 🔄 Identity reset
[23:31:29] 🔄 Identity rotated (every 10 requests)
[23:31:30] [140/459] RCCB
[23:31:31] [141/459] RKSR
[23:31:32] [142/459] RKCU
[23:31:33] [143/459] GIBH
[23:31:34] [144/459] CXBS
[23:31:35] [145/459] GGCB
[23:31:35] [146/459] SCPB
[23:31:36] [147/459] AKTB
[23:31:37] [148/459] SRBU
[23:31:38] [149/459] CSSA
[23:31:38] 🔄 Identity reset
[23:31:38] 🔄 Identity rotated (every 10 requests)
[23:31:39] [150/459] MYAN
[23:31:41] [151/459] EXCA
[23:31:42] [152/459] CKSA
[23:31:43] [153/459] JTNM
[23:31:44] [154/459] CXKT
[23:31:45] [155/459] NCLM
[23:31:46] [156/459] JAAD
[23:31:47] [157/459] RDCR
[23:31:47] [158/459] MEER
[23:31:48] [159/459] SIBT
[23:31:48] 🔄 Identity reset
[23:31:48] 🔄 Identity rotated (every 10 requests)
[23:31:49] [160/459] PVVB
[23:31:50] [161/459] FNPN
[23:31:51] [162/459] CRPX
[23:31:52] [163/459] STET
[23:31:53] [164/459] METE
[23:31:54] [165/459] BJML
[23:31:55] [166/459] MAVT
[23:31:56] [167/459] MSRM
[23:31:57] [168/459] TJMP
[23:31:57] [169/459] MHCK
[23:31:57] 🔄 Identity reset
[23:31:57] 🔄 Identity rotated (every 10 requests)
[23:31:58] [170/459] SVGP
[23:31:59] [171/459] KRRC
[23:32:00] [172/459] IMCH
[23:32:01] [173/459] CMCS
[23:32:02] [174/459] SGND
[23:32:04] [175/459] RNAT
[23:32:05] [176/459] PRTN
[23:32:05] [177/459] MPTN
[23:32:06] [178/459] ARCC
[23:32:07] [179/459] NTTE
[23:32:07] 🔄 Identity reset
[23:32:07] 🔄 Identity rotated (every 10 requests)
[23:32:07] 🔄 Retry 1/5 for NTTE in 2.5s
[23:32:07] 🔄 Identity reset
[23:32:10] 🧠 New identity created
[23:32:10] 🔄 Retry 2/5 for NTTE in 4.6s
[23:32:10] 🔄 Identity reset
[23:32:14] 🧠 New identity created
[23:32:15] [180/459] ABND
[23:32:16] [181/459] KCSN
[23:32:17] [182/459] KCSA
[23:32:18] [183/459] DCKT
[23:32:19] [184/459] MBBR
[23:32:20] [185/459] RAMU
[23:32:22] [186/459] RACW
[23:32:23] [187/459] MCHP
[23:32:23] 🔄 Identity reset
[23:32:23] 🔄 Identity rotated (every 10 requests)
[23:32:23] 🔄 Retry 1/5 for MCHP in 2.0s
[23:32:23] 🔄 Identity reset
[23:32:25] 🧠 New identity created
[23:32:26] [188/459] TMHM
[23:32:27] [189/459] STXH
[23:32:28] [190/459] AGSG
[23:32:29] [191/459] SIRA
[23:32:30] [192/459] RCAN
[23:32:31] [193/459] CWTB
[23:32:32] [194/459] VTYM
[23:32:33] [195/459] RRPP
[23:32:34] [196/459] ASMR
[23:32:34] 🔄 Identity reset
[23:32:34] 🔄 Identity rotated (every 10 requests)
[23:32:35] [197/459] RONO
[23:32:36] [198/459] MEMR
[23:32:37] [199/459] CTMR
[23:32:38] [200/459] PMTT
[23:32:39] [201/459] PSLX
[23:32:41] [202/459] IPPL
[23:32:42] [203/459] MMSG
[23:32:43] [204/459] INEL
[23:32:44] [205/459] COAC
[23:32:45] [206/459] WVLK
[23:32:45] 🔄 Identity reset
[23:32:45] 🔄 Identity rotated (every 10 requests)
[23:32:45] 🔄 Retry 1/5 for WVLK in 2.2s
[23:32:45] 🔄 Identity reset
[23:32:47] 🧠 New identity created
[23:32:48] [207/459] PPXL
[23:32:49] [208/459] PSML
[23:32:50] [209/459] FNLK
[23:32:51] [210/459] ILUM
[23:32:53] [211/459] ILCM
[23:32:54] [212/459] MSNL
[23:32:55] [213/459] VINB
[23:32:56] [214/459] SALW
[23:32:57] [215/459] PRTB
[23:32:57] 🔄 Identity reset
[23:32:57] 🔄 Identity rotated (every 10 requests)
[23:32:57] 🔄 Retry 1/5 for PRTB in 2.1s
[23:32:57] 🔄 Identity reset
[23:32:59] 🧠 New identity created
[23:33:00] [216/459] NCIL
[23:33:01] [217/459] PSUL
[23:33:02] [218/459] SCLK
[23:33:03] [219/459] ADDC
[23:33:04] [220/459] OACL
[23:33:06] [221/459] OOCF
[23:33:07] [222/459] GPMF
[23:33:07] [223/459] SSDG
[23:33:08] [224/459] SKRS
[23:33:08] 🔄 Identity reset
[23:33:08] 🔄 Identity rotated (every 10 requests)
[23:33:09] [225/459] NTTP
[23:33:10] [226/459] SLTP
[23:33:11] [227/459] JTLC
[23:33:12] [228/459] POON
[23:33:13] [229/459] CCPC
[23:33:14] [230/459] DCKC
[23:33:15] [231/459] CPRT
[23:33:16] [232/459] EYHZ
[23:33:17] [233/459] ARBL
[23:33:18] [234/459] SBTB
[23:33:18] 🔄 Identity reset
[23:33:18] 🔄 Identity rotated (every 10 requests)
[23:33:18] 🔄 Retry 1/5 for SBTB in 2.4s
[23:33:18] 🔄 Identity reset
[23:33:20] 🧠 New identity created
[23:33:21] [235/459] MMCK
[23:33:22] [236/459] PLMR
[23:33:24] [237/459] BIJH
[23:33:24] [238/459] SDRT
[23:33:25] [239/459] PRDC
[23:33:26] [240/459] OMJA
[23:33:27] [241/459] VKCR
[23:33:28] [242/459] ATRT
[23:33:29] [243/459] WVRP
[23:33:29] 🔄 Identity reset
[23:33:29] 🔄 Identity rotated (every 10 requests)
[23:33:30] [244/459] MVRP
[23:33:31] [245/459] FCAX
[23:33:32] [246/459] CTLC
[23:33:33] [247/459] JCHB
[23:33:34] [248/459] SELP
[23:33:35] [249/459] VCPG
[23:33:36] [250/459] ASCX
[23:33:37] [251/459] EOCS
[23:33:38] [252/459] RCPH
[23:33:39] [253/459] RJTM
[23:33:39] 🔄 Identity reset
[23:33:39] 🔄 Identity rotated (every 10 requests)
[23:33:39] [254/459] SGMD
[23:33:40] [255/459] SVJT
[23:33:41] [256/459] SPPO
[23:33:42] [257/459] MNRL
[23:33:43] [258/459] KNOX
[23:33:44] [259/459] GIER
[23:33:44] [260/459] PJMS
[23:33:45] [261/459] UNSP
[23:33:46] [262/459] JETP
[23:33:48] [263/459] VTWA
[23:33:48] 🔄 Identity reset
[23:33:48] 🔄 Identity rotated (every 10 requests)
[23:33:49] [264/459] SCJI
[23:33:50] [265/459] CBZZ
[23:33:51] [266/459] SDCJ
[23:33:52] [267/459] RRCC
[23:33:53] [268/459] VNKG
[23:33:54] [269/459] LKTO
[23:33:55] [270/459] PJRM
[23:33:56] [271/459] NVRM
[23:33:57] [272/459] SJCS
[23:33:59] [273/459] VIGK
[23:33:59] 🔄 Identity reset
[23:33:59] 🔄 Identity rotated (every 10 requests)
[23:33:59] 🔄 Retry 1/5 for VIGK in 2.9s
[23:33:59] 🔄 Identity reset
[23:34:02] 🧠 New identity created
[23:34:03] [274/459] ANST
[23:34:03] [275/459] JTTS
[23:34:04] [276/459] NTST
[23:34:06] [277/459] PREB
[23:34:07] [278/459] TSCZ
[23:34:08] [279/459] CDCM
[23:34:09] [280/459] ELYE
[23:34:10] [281/459] INBS
[23:34:10] [282/459] SMGC
[23:34:10] 🔄 Identity reset
[23:34:10] 🔄 Identity rotated (every 10 requests)
[23:34:11] [283/459] UTMP
[23:34:12] [284/459] INTA
[23:34:13] [285/459] OMPT
[23:34:14] [286/459] SCIR
[23:34:14] [287/459] GCKJ
[23:34:16] [288/459] INOG
[23:34:17] [289/459] SMGB
[23:34:17] [290/459] MCSG
[23:34:18] [291/459] STKG
[23:34:19] [292/459] TTKG
[23:34:19] 🔄 Identity reset
[23:34:19] 🔄 Identity rotated (every 10 requests)
[23:34:20] [293/459] SRTR
[23:34:21] [294/459] ETTR
[23:34:22] [295/459] GGGZ
[23:34:23] [296/459] IPGM
[23:34:24] [297/459] FCDH
[23:34:25] [298/459] DESB
[23:34:25] [299/459] VNTP
[23:34:26] [300/459] ANNT
[23:34:27] [301/459] SLTI
[23:34:28] [302/459] MAJU
[23:34:28] 🔄 Identity reset
[23:34:28] 🔄 Identity rotated (every 10 requests)
[23:34:29] [303/459] JCXP
[23:34:30] [304/459] HARK
[23:34:30] [305/459] JPCJ
[23:34:31] [306/459] RXBD
[23:34:32] [307/459] PTKJ
[23:34:33] [308/459] CMTU
[23:34:33] [309/459] SWOR
[23:34:34] [310/459] JMEX
[23:34:35] [311/459] DTPT
[23:34:35] [312/459] VGMM
[23:34:35] 🔄 Identity reset
[23:34:35] 🔄 Identity rotated (every 10 requests)
[23:34:37] [313/459] VCSG
[23:34:38] [314/459] CVCG
[23:34:39] [315/459] TNTT
[23:34:40] [316/459] SHRM
[23:34:42] [317/459] CGKD
[23:34:43] [318/459] EKCM
[23:34:45] [319/459] SDCX
[23:34:46] [320/459] SBTE
[23:34:47] [321/459] STKJ
[23:34:48] [322/459] TPCE
[23:34:48] 🔄 Identity reset
[23:34:48] 🔄 Identity rotated (every 10 requests)
[23:34:49] [323/459] JTNP
[23:34:50] [324/459] LPCH
[23:34:51] [325/459] CPUO
[23:34:52] [326/459] APSU
[23:34:53] [327/459] RTHC
[23:34:54] [328/459] PTBU
[23:34:55] [329/459] CUCC
[23:34:55] [330/459] CPSA
[23:34:57] [331/459] SUAY
[23:34:58] [332/459] AYAA
[23:34:58] 🔄 Identity reset
[23:34:58] 🔄 Identity rotated (every 10 requests)
[23:34:59] [333/459] MUCH
[23:35:00] [334/459] PCIN
[23:35:01] [335/459] JRRM
[23:35:02] [336/459] KATS
[23:35:03] [337/459] MHFF
[23:35:04] [338/459] ESYM
[23:35:05] [339/459] STYV
[23:35:06] [340/459] SDKG
[23:35:07] [341/459] SMTI
[23:35:08] [342/459] NYCS
[23:35:08] 🔄 Identity reset
[23:35:08] 🔄 Identity rotated (every 10 requests)
[23:35:09] [343/459] MTBG
[23:35:10] [344/459] RHCA
[23:35:10] [345/459] PCKH
[23:35:11] [346/459] ARCR
[23:35:12] [347/459] NCMB
[23:35:13] [348/459] SHYC
[23:35:13] [349/459] LACK
[23:35:14] [350/459] MTCM
[23:35:15] [351/459] RRBN
[23:35:15] [352/459] MYDC
[23:35:15] 🔄 Identity reset
[23:35:15] 🔄 Identity rotated (every 10 requests)
[23:35:16] [353/459] STCS
[23:35:17] [354/459] CONN
[23:35:17] [355/459] SIPS
[23:35:18] [356/459] SMMX
[23:35:19] [357/459] SCBY
[23:35:19] [358/459] SUAP
[23:35:20] [359/459] RSMK
[23:35:21] [360/459] STKP
[23:35:21] [361/459] CIPC
[23:35:22] [362/459] KKCI
[23:35:22] 🔄 Identity reset
[23:35:22] 🔄 Identity rotated (every 10 requests)
[23:35:23] [363/459] CTNK
[23:35:23] [364/459] MMTZ
[23:35:24] [365/459] DCCO
[23:35:25] [366/459] VNMN
[23:35:25] [367/459] RLCN
[23:35:26] [368/459] CMMS
[23:35:27] [369/459] AYOU
[23:35:27] [370/459] SSCN
[23:35:28] [371/459] SMXN
[23:35:29] [372/459] ASSK
[23:35:29] 🔄 Identity reset
[23:35:29] 🔄 Identity rotated (every 10 requests)
[23:35:30] [373/459] VCKM
[23:35:31] [374/459] PCPH
[23:35:32] [375/459] PADM
[23:35:33] [376/459] IESA
[23:35:34] [377/459] VCSP
[23:35:35] [378/459] AEST
[23:35:36] [379/459] VTNR
[23:35:37] [380/459] GTTA
[23:35:38] [381/459] CMMM
[23:35:39] [382/459] AHKT
[23:35:39] 🔄 Identity reset
[23:35:39] 🔄 Identity rotated (every 10 requests)
[23:35:40] [383/459] SIJI
[23:35:41] [384/459] VCEI
[23:35:41] [385/459] SAKR
[23:35:42] [386/459] VSMT
[23:35:43] [387/459] SSCT
[23:35:43] [388/459] USTR
[23:35:44] [389/459] MTKT
[23:35:45] [390/459] TGMP
[23:35:45] [391/459] SIVC
[23:35:46] [392/459] KICT
[23:35:46] 🔄 Identity reset
[23:35:46] 🔄 Identity rotated (every 10 requests)
[23:35:47] [393/459] DAMD
[23:35:48] [394/459] CNPT
[23:35:48] [395/459] RVTT
[23:35:49] [396/459] SNCM
[23:35:50] [397/459] GHTE
[23:35:50] [398/459] PPAM
[23:35:51] [399/459] PVAA
[23:35:52] [400/459] CPAO
[23:35:53] [401/459] HAMD
[23:35:53] [402/459] RCCA
[23:35:53] 🔄 Identity reset
[23:35:53] 🔄 Identity rotated (every 10 requests)
[23:35:55] [403/459] MPCH
[23:35:56] [404/459] ARED
[23:35:57] [405/459] RRCV
[23:35:58] [406/459] MTRB
[23:35:59] [407/459] CKUA
[23:36:00] [408/459] ABMP
[23:36:01] [409/459] RCWA
[23:36:02] [410/459] CGAR
[23:36:03] [411/459] METH
[23:36:04] [412/459] WAGA
[23:36:04] 🔄 Identity reset
[23:36:04] 🔄 Identity rotated (every 10 requests)
[23:36:05] [413/459] MCMA
[23:36:06] [414/459] CSMP
[23:36:07] [415/459] RCNK
[23:36:08] [416/459] PSTM
[23:36:09] [417/459] CSEP
[23:36:10] [418/459] AMGD
[23:36:11] [419/459] CSTE
[23:36:12] [420/459] CONS
[23:36:13] [421/459] APPX
[23:36:14] [422/459] MABC
[23:36:14] 🔄 Identity reset
[23:36:14] 🔄 Identity rotated (every 10 requests)
[23:36:14] 🔄 Retry 1/5 for MABC in 2.7s
[23:36:14] 🔄 Identity reset
[23:36:17] 🧠 New identity created
[23:36:17] 🔄 Retry 2/5 for MABC in 4.5s
[23:36:17] 🔄 Identity reset
[23:36:21] 🧠 New identity created
[23:36:21] 🔄 Retry 3/5 for MABC in 8.1s
[23:36:21] 🔄 Identity reset
[23:36:29] 🧠 New identity created
[23:36:30] [423/459] CXST
[23:36:31] [424/459] MATN
[23:36:31] [425/459] MACZ
[23:36:32] [426/459] MASA
[23:36:33] [427/459] MBSX
[23:36:33] [428/459] CSST
[23:36:34] [429/459] APCL
[23:36:34] 🔄 Identity reset
[23:36:34] 🔄 Identity rotated (every 10 requests)
[23:36:34] 🔄 Retry 1/5 for APCL in 2.1s
[23:36:34] 🔄 Identity reset
[23:36:36] 🧠 New identity created
[23:36:36] 🔄 Retry 2/5 for APCL in 4.7s
[23:36:36] 🔄 Identity reset
[23:36:41] 🧠 New identity created
[23:36:42] [430/459] CGOS
[23:36:43] [431/459] CPEC
[23:36:44] [432/459] MCCP
[23:36:45] [433/459] BSSO
[23:36:47] [434/459] SJKA
[23:36:48] [435/459] CGBO
[23:36:49] [436/459] MVSK
[23:36:50] [437/459] HVCA
[23:36:50] 🔄 Identity reset
[23:36:50] 🔄 Identity rotated (every 10 requests)
[23:36:51] [438/459] NAMD
[23:36:52] [439/459] DEVI
[23:36:53] [440/459] SCSV
[23:36:54] [441/459] PSMA
[23:36:55] [442/459] CLDJ
[23:36:56] [443/459] NMAD
[23:36:57] [444/459] CGMO
[23:36:58] [445/459] MCNA
[23:36:59] [446/459] OCBN
[23:37:00] [447/459] CPEM
[23:37:00] 🔄 Identity reset
[23:37:00] 🔄 Identity rotated (every 10 requests)
[23:37:01] [448/459] CPSM
[23:37:01] [449/459] RCAD
[23:37:02] [450/459] CPMU
[23:37:03] [451/459] DICD
[23:37:04] [452/459] CHOE
[23:37:04] [453/459] PDJM
[23:37:05] [454/459] SSTU
[23:37:06] [455/459] VNRN
[23:37:06] [456/459] PVLG
[23:37:07] [457/459] SWBL
[23:37:07] 🔄 Identity reset
[23:37:07] 🔄 Identity rotated (every 10 requests)
[23:37:08] [458/459] SCAB
[23:37:09] [459/459] RDDA
[23:37:09] 🧹 Deduping shows
[23:37:09] ✅ DONE | Shows=4290 | Movies=83
